 FLASH log file:  07-30-2026  00:04:30.069    Run number:  1
 ==============================================================================
 Number of MPI tasks:                  8
 MPI version:                          5
 MPI subversion:                       0
 Dimensionality:                       3
 Max Number of Blocks/Proc:          200
 Number x zones:                       8
 Number y zones:                       8
 Number z zones:                       8
 Setup stamp:     Thu Jul 30 00:03:44 2026
 Build stamp:     Thu Jul 30 00:03:56 2026
 System info:     Linux 01dff24885cf 6.14.0-37-generic #37~24.04.1-Ubuntu SMP PREEMPT_DYNAMIC Thu
 Version:         FLASH 4.8                                                                       
 Build directory: /opt/FLASH4.8/objdir_wd
 Setup syntax:    /opt/FLASH4.8/bin/setup.py WDHydrostatic -auto -3d -site=wd_docker -objdir=objdir_wd
 f compiler flags: /opt/micromamba/envs/flash_gcc12/bin/mpif90 -ggdb -c -O2 -fdefault-real-8 -fdefault-double-8 -Wuninitialized -fallow-argument-mismatch -DMAXBLOCKS=200 -DNXB=8 -DNYB=8 -DNZB=8 -DN_DIM=3
 c compiler flags:    /opt/micromamba/envs/flash_gcc12/bin/mpicc -I/opt/micromamba/envs/flash_gcc12/include -DH5_USE_16_API -ggdb -c -O2 -Wuninitialized -D_FORTIFY_SOURCE=2 -DMAXBLOCKS=200 -DNXB=8 -DNYB=8 -DNZB=8 -DN_DIM=3
 ==============================================================================
 Comment:  hydrostatic white dwarf, Helmholtz EOS, field-free
 ==============================================================================
 FLASH Units used:
   Driver/DriverMain/Unsplit
   Driver/localAPI
   Grid/GridBoundaryConditions
   Grid/GridMain/paramesh/interpolation/Paramesh4/prolong
   Grid/GridMain/paramesh/interpolation/prolong
   Grid/GridMain/paramesh/paramesh4/Paramesh4dev/PM4_package/headers
   Grid/GridMain/paramesh/paramesh4/Paramesh4dev/PM4_package/mpi_source
   Grid/GridMain/paramesh/paramesh4/Paramesh4dev/PM4_package/source
   Grid/GridMain/paramesh/paramesh4/Paramesh4dev/PM4_package/utilities/multigrid
   Grid/GridMain/paramesh/paramesh4/Paramesh4dev/flash_avoid_orrery
   Grid/GridSolvers/Multipole
   Grid/localAPI
   IO/IOMain/hdf5/serial/PM
   IO/localAPI
   Multispecies/MultispeciesMain
   PhysicalConstants/PhysicalConstantsMain
   RuntimeParameters/RuntimeParametersMain
   Simulation/SimulationMain/WDHydrostatic
   flashUtilities/contiguousConversion
   flashUtilities/general
   flashUtilities/interpolation/oneDim
   flashUtilities/nameValueLL
   flashUtilities/sorting/quicksort
   flashUtilities/system/memoryUsage/legacy
   monitors/Logfile/LogfileMain
   monitors/Timers/TimersMain/MPINative
   physics/Diffuse/DiffuseMain
   physics/Diffuse/localAPI
   physics/Eos/EosMain/Helmholtz/SpeciesBased
   physics/Eos/localAPI
   physics/Gravity/GravityMain/Poisson/Multipole
   physics/Hydro/HydroMain/unsplit/Hydro_Unsplit
   physics/Hydro/localAPI
   physics/materialProperties/Conductivity/ConductivityMain/Constant
   physics/materialProperties/Conductivity/localAPI
 ==============================================================================
 RuntimeParameters:
                                                                               
 ==============================================================================
bndpriorityone              =          1
bndprioritythree            =          3
bndprioritytwo              =          2
checkpointfileintervalstep  =          0
checkpointfilenumber        =          0
dr_abortpause               =          2
dr_dtminbelowaction         =          1
dr_numposdefvars            =          4
drift_break_inst            =          0
drift_trunc_mantissa        =          2
drift_verbose_inst          =          0
eos_entrelescalechoice      =          6
eos_loglevel                =        700
eos_maxnewton               =         50
fileformatversion           =          9
forcedplotfilenumber        =          0
gp_radius                   =          2
gr_lrefmaxtimevalue_1       =         -1
gr_lrefmaxtimevalue_10      =         -1
gr_lrefmaxtimevalue_11      =         -1
gr_lrefmaxtimevalue_12      =         -1
gr_lrefmaxtimevalue_13      =         -1
gr_lrefmaxtimevalue_14      =         -1
gr_lrefmaxtimevalue_15      =         -1
gr_lrefmaxtimevalue_16      =         -1
gr_lrefmaxtimevalue_17      =         -1
gr_lrefmaxtimevalue_18      =         -1
gr_lrefmaxtimevalue_19      =         -1
gr_lrefmaxtimevalue_2       =         -1
gr_lrefmaxtimevalue_20      =         -1
gr_lrefmaxtimevalue_3       =         -1
gr_lrefmaxtimevalue_4       =         -1
gr_lrefmaxtimevalue_5       =         -1
gr_lrefmaxtimevalue_6       =         -1
gr_lrefmaxtimevalue_7       =         -1
gr_lrefmaxtimevalue_8       =         -1
gr_lrefmaxtimevalue_9       =         -1
gr_pmrpdivergencefree       =          1
gr_pmrpifaceoff             =          0
gr_pmrpl2p5d                =          0
gr_pmrpmaxblocks            =         -1
gr_pmrpmflags               =          1
gr_pmrpnboundaries          =          6
gr_pmrpndim                 =          3
gr_pmrpnedgevar1            =         -1
gr_pmrpnfacevar             =         -1
gr_pmrpnfielddivf           =         -1
gr_pmrpnfluxvar             =         -1
gr_pmrpnguard               =         -1
gr_pmrpnguardwork           =         -1
gr_pmrpnvar                 =         -1
gr_pmrpnvarwork             =          1
gr_pmrpnvarcorn             =          0
gr_pmrpnvaredge             =          0
gr_pmrpnxb                  =         -1
gr_pmrpnyb                  =         -1
gr_pmrpnzb                  =         -1
gr_restrictallmethod        =          3
gr_sanitizedatamode         =          1
gr_sanitizeverbosity        =          5
hy_3torder                  =         -1
hydrocomputedtoption        =         -1
iprocs                      =          1
interpol_order              =          2
irenorm                     =          0
jprocs                      =          1
kprocs                      =          1
lrefine_del                 =          0
lrefine_max                 =          1
lrefine_min                 =          1
lrefine_min_init            =          1
max_particles_per_blk       =        100
memory_stat_freq            =     100000
meshcopycount               =          1
min_particles_per_blk       =          1
mpole_lmax                  =          0
mpole_scaletype1            =          1
mpole_scaletype2            =          1
mpole_scaletype3            =          1
mpole_subsample             =          1
nbegin                      =          1
nblockx                     =          8 [CHANGED]
nblocky                     =          8 [CHANGED]
nblockz                     =          8 [CHANGED]
nend                        =     200000 [CHANGED]
nrefs                       =          2
nsteptotalsts               =          5
order                       =          2
outputsplitnum              =          1
plotfileintervalstep        =          0
plotfilenumber              =          0
refine_var_count            =          4
rolling_checkpoint          =      10000
sim_nsubzones               =          3
sweeporder                  =        123
transorder                  =          1
wr_integrals_freq           =          1
limitedslopebeta            =                 0.100E+01
poskappa1                   =                 0.400E+00
poskappa2                   =                 0.400E+00
cfl                         =                 0.500E+00 [CHANGED]
checkpointfileintervaltime  =                 0.500E+00 [CHANGED]
checkpointfileintervalz     =                 0.180+309
cond_constantcross          =                 0.000E+00
cond_constantisochoric      =                 0.000E+00
cond_constantparallel       =                 0.000E+00
cond_constantperpendicular  =                 0.000E+00
cvisc                       =                 0.100E+00
derefine_cutoff_1           =                 0.200E+00
derefine_cutoff_2           =                 0.200E+00
derefine_cutoff_3           =                 0.200E+00
derefine_cutoff_4           =                 0.200E+00
diff_eleflcoef              =                 0.100E+01
diff_ionflcoef              =                 0.100E+01
diff_magflcoef              =                 0.100E+01
diff_scalefactthermsatempdiff =                 0.100E+01
diff_scalefactthermsatime   =                 0.100E+01
diffusion_cutoff_density    =                 0.100E-29
dr_dtmincontinue            =                 0.000E+00
dr_posdefdtfactor           =                 0.100E+01
dr_tstepslowstartfactor     =                 0.100E+00
dt_diff_factor              =                 0.800E+00
dtinit                      =                 0.100E-05 [CHANGED]
dtmax                       =                 0.100E-01 [CHANGED]
dtmin                       =                 0.100E-11 [CHANGED]
eintswitch                  =                 0.000E+00
eos_coulombmult             =                 0.100E+01
eos_fluffdens               =                 0.000E+00
eos_mfaspeciesa             =                 0.100E+01
eos_mfaspeciesz             =                 0.100E+01
eos_mfbspeciesa             =                 0.100E+01
eos_mfbspeciesz             =                 0.100E+01
eos_singlespeciesa          =                 0.100E+01
eos_singlespeciesz          =                 0.100E+01
eos_tolerance               =                 0.100E-07
gamma                       =                 0.167E+01
gammaa                      =                 0.167E+01
gammab                      =                 0.167E+01
gp_elldel                   =                 0.120E+02
gp_sigdel                   =                 0.200E+01
gr_lrefinemaxredlogbase     =                 0.100E+02
gr_lrefinemaxredradiusfact  =                 0.000E+00
gr_lrefinemaxredtref        =                 0.000E+00
gr_lrefinemaxredtimescale   =                 0.100E+01
gr_lrefmaxtime_1            =                -0.100E+01
gr_lrefmaxtime_10           =                -0.100E+01
gr_lrefmaxtime_11           =                -0.100E+01
gr_lrefmaxtime_12           =                -0.100E+01
gr_lrefmaxtime_13           =                -0.100E+01
gr_lrefmaxtime_14           =                -0.100E+01
gr_lrefmaxtime_15           =                -0.100E+01
gr_lrefmaxtime_16           =                -0.100E+01
gr_lrefmaxtime_17           =                -0.100E+01
gr_lrefmaxtime_18           =                -0.100E+01
gr_lrefmaxtime_19           =                -0.100E+01
gr_lrefmaxtime_2            =                -0.100E+01
gr_lrefmaxtime_20           =                -0.100E+01
gr_lrefmaxtime_3            =                -0.100E+01
gr_lrefmaxtime_4            =                -0.100E+01
gr_lrefmaxtime_5            =                -0.100E+01
gr_lrefmaxtime_6            =                -0.100E+01
gr_lrefmaxtime_7            =                -0.100E+01
gr_lrefmaxtime_8            =                -0.100E+01
gr_lrefmaxtime_9            =                -0.100E+01
hy_cflfallbackfactor        =                 0.900E+00
hy_fpresinmomflux           =                 0.100E+01
hybridorderkappa            =                 0.000E+00
larget                      =                 0.100E+21
mpole_r12                   =                 0.000E+00
mpole_r23                   =                 0.100E+01
mpole_rscale1               =                 0.100E+01
mpole_rscale2               =                 0.100E+01
mpole_rscale3               =                 0.100E+01
nusts                       =                 0.100E+00
plotfileintervaltime        =                 0.200E-01 [CHANGED]
plotfileintervalz           =                 0.180+309
point_mass                  =                 0.000E+00
point_mass_rsoft            =                 0.000E+00
refine_cutoff_1             =                 0.800E+00
refine_cutoff_2             =                 0.800E+00
refine_cutoff_3             =                 0.800E+00
refine_cutoff_4             =                 0.800E+00
refine_filter_1             =                 0.100E-01
refine_filter_2             =                 0.100E-01
refine_filter_3             =                 0.100E-01
refine_filter_4             =                 0.100E-01
rss_limit                   =                -0.100E+01
sim_abar                    =                 0.400E+01
sim_rhoambient              =                 0.100E-03
sim_tempambient             =                 0.100E+08
sim_xctr                    =                 0.000E+00
sim_yctr                    =                 0.000E+00
sim_zbar                    =                 0.200E+01
sim_zctr                    =                 0.000E+00
small                       =                 0.100E-09
smalle                      =                 0.100E-09
smallp                      =                 0.100E-09
smallt                      =                 0.100E+06 [CHANGED]
smallu                      =                 0.100E-09
smallx                      =                 0.100E-09
smlrho                      =                 0.100E-05 [CHANGED]
tinitial                    =                 0.000E+00
tiny                        =                 0.100E-15
tmax                        =                 0.115E+01 [CHANGED]
tstep_change_factor         =                 0.200E+01
wall_clock_checkpoint       =                 0.432E+05
wall_clock_time_limit       =                 0.605E+06
x_refine_center             =                 0.000E+00
xmax                        =                 0.490E+09 [CHANGED]
xmin                        =                -0.490E+09 [CHANGED]
y_refine_center             =                 0.000E+00
ymax                        =                 0.490E+09 [CHANGED]
ymin                        =                -0.490E+09 [CHANGED]
zfinal                      =                 0.000E+00
zinitial                    =                -0.100E+01
z_refine_center             =                 0.000E+00
zmax                        =                 0.490E+09 [CHANGED]
zmin                        =                -0.490E+09 [CHANGED]
riemannsolver               = HLLC                          
unitsystem                  = none                          
basenm                      = wd_                            [CHANGED]
diff_eleflmode              = fl_none                       
diff_elexlboundarytype      = neumann                       
diff_elexrboundarytype      = neumann                       
diff_eleylboundarytype      = neumann                       
diff_eleyrboundarytype      = neumann                       
diff_elezlboundarytype      = neumann                       
diff_elezrboundarytype      = neumann                       
diff_ionflmode              = fl_none                       
diff_ionxlboundarytype      = neumann                       
diff_ionxrboundarytype      = neumann                       
diff_ionylboundarytype      = neumann                       
diff_ionyrboundarytype      = neumann                       
diff_ionzlboundarytype      = neumann                       
diff_ionzrboundarytype      = neumann                       
diff_magflmode              = fl_none                       
diff_magxxlboundarytype     = neumann                       
diff_magxxrboundarytype     = neumann                       
diff_magxylboundarytype     = neumann                       
diff_magxyrboundarytype     = neumann                       
diff_magxzlboundarytype     = neumann                       
diff_magxzrboundarytype     = neumann                       
diff_magyxlboundarytype     = neumann                       
diff_magyxrboundarytype     = neumann                       
diff_magyylboundarytype     = neumann                       
diff_magyyrboundarytype     = neumann                       
diff_magyzlboundarytype     = neumann                       
diff_magyzrboundarytype     = neumann                       
diff_magzxlboundarytype     = neumann                       
diff_magzxrboundarytype     = neumann                       
diff_magzylboundarytype     = neumann                       
diff_magzyrboundarytype     = neumann                       
diff_magzzlboundarytype     = neumann                       
diff_magzzrboundarytype     = neumann                       
dr_posdefvar_1              = none                          
dr_posdefvar_2              = none                          
dr_posdefvar_3              = none                          
dr_posdefvar_4              = none                          
entropyfixmethod            = HARTENHYMAN                   
eosmode                     = dens_ie                       
eosmodeinit                 = dens_ie                       
geometry                    = cartesian                     
gr_pmrpoutputdir            = ./                            
grav_boundary_type          = isolated                      
hy_eosmodegc                = see eosMode                   
log_file                    = wd.log                         [CHANGED]
output_directory            =                               
pc_unitsbase                = CGS                           
plot_grid_var_1             = none                          
plot_grid_var_10            = none                          
plot_grid_var_11            = none                          
plot_grid_var_12            = none                          
plot_grid_var_2             = none                          
plot_grid_var_3             = none                          
plot_grid_var_4             = none                          
plot_grid_var_5             = none                          
plot_grid_var_6             = none                          
plot_grid_var_7             = none                          
plot_grid_var_8             = none                          
plot_grid_var_9             = none                          
plot_var_1                  = dens                           [CHANGED]
plot_var_10                 = none                          
plot_var_11                 = none                          
plot_var_12                 = none                          
plot_var_13                 = none                          
plot_var_14                 = none                          
plot_var_15                 = none                          
plot_var_16                 = none                          
plot_var_2                  = temp                           [CHANGED]
plot_var_3                  = pres                           [CHANGED]
plot_var_4                  = none                          
plot_var_5                  = none                          
plot_var_6                  = none                          
plot_var_7                  = none                          
plot_var_8                  = none                          
plot_var_9                  = none                          
prof_file                   = profile.dat                   
refine_var_1                = none                          
refine_var_2                = none                          
refine_var_3                = none                          
refine_var_4                = none                          
run_comment                 = hydrostatic white dwarf, Helmh [CHANGED]
run_number                  = 1                             
sim_modelfile               = wd_model.dat                  
slopelimiter                = vanLeer                       
stats_file                  = flash.dat                     
wenomethod                  = WENO5                         
xl_boundary_type            = outflow                        [CHANGED]
xr_boundary_type            = outflow                        [CHANGED]
yl_boundary_type            = outflow                        [CHANGED]
yr_boundary_type            = outflow                        [CHANGED]
zl_boundary_type            = outflow                        [CHANGED]
zr_boundary_type            = outflow                        [CHANGED]
eosforriemann               =  F
addthermalflux              =  T
allowdtstsdominate          =  F
alwayscomputeuservars       =  T
alwaysrestrictcheckpoint    =  T
appendparrestart            =  F
charlimiting                =  T
chkguardcellsinput          =  F
chkguardcellsoutput         =  F
conserveangmom              =  F
converttoconsvdformeshcalls =  F
converttoconsvdinmeshinterp =  T
corners                     =  F
diff_anisocondforele        =  F
diff_doanisomagdiff         =  F
diff_domagdiff              =  F
diff_usecrosscond           =  F
diff_useelecond             =  F
diff_useioncond             =  F
dr_printtsteploc            =  T
dr_shortenlaststepbeforetmax =  F
dr_useposdefcomputedt       =  F
drift_tuples                =  F
eachprocwritesownabortlog   =  F
eachprocwritessummary       =  F
earlyblockdistadjustment    =  T
enablemaskedgcfill          =  T
entropy                     =  F
eos_coulombabort            =  T
eos_forceconstantinput      =  F
flux_correct                =  T
geometryoverride            =  F
gr_bcenableapplymixedgds    =  T
gr_lrefinemaxbytime         =  F
gr_lrefinemaxreddobylogr    =  F
gr_lrefinemaxreddobytime    =  F
gr_pmrpadvancealllevels     =  F
gr_pmrpamrerrorchecking     =  F
gr_pmrpcartesianpm          =  F
gr_pmrpconserve             =  F
gr_pmrpconsvfluxdensities   =  T
gr_pmrpconsvfluxes          =  F
gr_pmrpcurvilinear          =  F
gr_pmrpcurvilinearconserve  =  F
gr_pmrpcylindricalpm        =  F
gr_pmrpdiagonals            =  T
gr_pmrpedgevalue            =  T
gr_pmrpedgevalueinteg       =  F
gr_pmrpemptycells           =  F
gr_pmrpforceconsistency     =  T
gr_pmrplsingularline        =  F
gr_pmrpnopermanentguardcells =  F
gr_pmrppolarpm              =  F
gr_pmrppredcorr             =  F
gr_pmrpsphericalpm          =  F
gr_pmrptimingmpi            =  F
gr_pmrptimingmpix           =  F
gr_pmrpvardt                =  F
grav_temporal_extrp         =  F
grav_unjunkpden             =  T
hy_fallbacklowercfl         =  F
hy_fullspecmsfluxhandling   =  T
hy_usefluxeqn               =  F
ignoreforcedplot            =  F
initializeparticleatrestart =  F
io_writemscalarintegrals    =  F
mpole_3daxisymmetric        =  F
mpole_dumpmoments           =  F
mpole_usematrixmpi          =  F
octant                      =  F
plotfilegridquantitydp      =  F
plotfilemetadatadp          =  F
quadrant                    =  F
reducegcellfills            =  F
refine_on_particle_count    =  F
res_addanomres              =  F
restart                     =  F
shockdetect                 =  F
shocklowercfl               =  F
summaryoutputonly           =  F
threadblocklistbuild        =  F
threaddriverblocklist       =  F
threaddriverwithinblock     =  F
threadeoswithinblock        =  F
threadhydroblocklist        =  F
threadhydrowithinblock      =  F
threadraytracebuild         =  F
threadwithinblockbuild      =  F
typematchedxfer             =  T
unbiased_geometry           =  F
updategravity               =  T
updatehydrofluxes           =  T
useburn                     =  F
usecircuit                  =  F
usecollectivehdf5           =  T
useconductivity             =  T
usecool                     =  F
usecosmology                =  F
usedeleptonize              =  F
usediffuse                  =  T
usediffusecomputedtspecies  =  T
usediffusecomputedttherm    =  T
usediffusecomputedtvisc     =  T
usediffusecomputedtmagnetic =  T
usediffusespecies           =  T
usediffusetherm             =  T
useenergydeposition         =  F
useexplicitviscosity        =  T
useflame                    =  F
usegravity                  =  T
useheat                     =  F
useheatexchange             =  F
usehydro                    =  T
useincompns                 =  F
useionize                   =  F
uselegacylabels             =  T
usemagneticresistivity      =  F
usemassdiffusivity          =  F
useopacity                  =  F
useparticles                =  F
useplasmastate              =  F
usepolytrope                =  F
useprimordialchemistry      =  F
useprotonemission           =  F
useprotonimaging            =  F
useradtrans                 =  F
useraytrace                 =  F
usests                      =  F
usestsfordiffusion          =  F
usestir                     =  F
usethomsonscattering        =  F
usetreeray                  =  F
useturb                     =  T
useviscosity                =  F
usexrayimaging              =  F
use_3dfullctu               =  T
use_pospreserv              =  F
use_auxeinteqn              =  T
use_avisc                   =  F
use_cma_advection           =  F
use_cma_flattening          =  F
use_flash_surr_blks_fill    =  T
use_flattening              =  F
use_gravhalfupdate          =  T
use_hybridorder             =  F
use_reduced_orrery          =  T
use_steepening              =  F
use_upwindtvd               =  F
writestatsummary            =  T
                                                                               
 ==============================================================================
                                                                               
 Known units of measurement:
                                                                               
              Unit                          CGS Value                Base Unit
  1                  cm                     1.0000                           cm
  2                   s                     1.0000                            s
  3                   g                     1.0000                            g
  4                   K                     1.0000                            K
  5                 esu                     1.0000                          esu
  6                 mol                     1.0000                          mol
  7                   m                     100.00                           cm
  8                  km                    1.00000E+05                       cm
  9                  pc                    3.08568E+18                       cm
 10                 kpc                    3.08568E+21                       cm
 11                 Mpc                    3.08568E+24                       cm
 12                 Gpc                    3.08568E+27                       cm
 13                Rsun                    6.96000E+10                       cm
 14                  AU                    1.49598E+13                       cm
 15                  yr                    3.15569E+07                        s
 16                 Myr                    3.15569E+13                        s
 17                 Gyr                    3.15569E+16                        s
 18                  kg                     1000.0                            g
 19                Msun                    1.98892E+33                        g
 20                 amu                    1.66054E-24                        g
 21             keV/c^2                    1.60218E-09                        g
 22                  eV                     11605.                            K
 23                   C                    2.99792E+09                      esu
 24                LFLY                    3.08568E+24                       cm
 25                TFLY                    2.05759E+17                        s
 26                MFLY                    9.88470E+45                        g
 27            clLength                    3.08568E+24                       cm
 28              clTime                    3.15569E+16                        s
 29              clMass                    1.98892E+48                        g
 30              clTemp                    1.16045E+07                        K
-----------End of Units--------------------
                                                                               
 Known physical constants:
                                                                               
    Constant Name       Constant Value   cm       s        g        K        esu      mol
  1              Newton    6.67408E-08   3.0     -2.0     -1.0      0.0      0.0      0.0    
  2      speed of light    2.99792E+10   1.0     -1.0      0.0      0.0      0.0      0.0    
  3              Planck    6.62607E-27   2.0     -1.0      1.0      0.0      0.0      0.0    
  4     electron charge    4.80320E-10   0.0      0.0      0.0      0.0      1.0      0.0    
  5       electron mass    9.10938E-28   0.0      0.0      1.0      0.0      0.0      0.0    
  6         proton mass    1.67262E-24   0.0      0.0      1.0      0.0      0.0      0.0    
  7      fine-structure    7.29735E-03   0.0      0.0      0.0      0.0      0.0      0.0    
  8            Avogadro    6.02214E+23   0.0      0.0      0.0      0.0      0.0     -1.0    
  9           Boltzmann    1.38065E-16   2.0     -2.0      1.0     -1.0      0.0      0.0    
 10  ideal gas constant    8.31446E+07   2.0     -2.0      1.0     -1.0      0.0     -1.0    
 11                Wien    0.28978       1.0      0.0      0.0      1.0      0.0      0.0    
 12    Stefan-Boltzmann    5.67037E-05   0.0     -3.0      1.0     -4.0      0.0      0.0    
 13  Radiation Constant    7.56572E-15  -1.0     -2.0      1.0     -4.0      0.0      0.0    
 14                  pi     3.1416       0.0      0.0      0.0      0.0      0.0      0.0    
 15                   e     2.7183       0.0      0.0      0.0      0.0      0.0      0.0    
 16               Euler    0.57722       0.0      0.0      0.0      0.0      0.0      0.0    
 ==============================================================================
                                                                               
 Multifluid database contents:
                                                                               
Initially defined values of species:
Name     Index          Total   Positive  Neutral   Negative  bind Ener Gamma   eosType
he4         16       4.00E+00  2.00E+00 -9.99E+02  2.00E+00 -9.99E+02  1.67E+00  -999

Name     Index  OpacityLowTemp  Zmin    Subtype ZFreeTableFile                   EnerTableFile                    PresTableFile
he4         16       0.00E+00 -9.99E+02    -999 -none-                           -none-                           -none-                          

Species Constituents
he4      0 constituents
                                                                               
 ==============================================================================
 [ 07-30-2026  00:04:30.141 ] [gr_initGeometry] checking BCs for idir: 1
 [ 07-30-2026  00:04:30.141 ] [gr_initGeometry] checking BCs for idir: 2
 [ 07-30-2026  00:04:30.141 ] [gr_initGeometry] checking BCs for idir: 3
 WARNING : Adaptive Grid did not find any variable to refine
 [ 07-30-2026  00:04:30.141 ] [DRIVER_ABORT]: Driver_abort() called by PE           0
 [ 07-30-2026  00:04:30.141 ] abort_message: [Eos_init] ERROR: opening helm_table.dat
 FLASH log file:  07-30-2026  00:05:03.918    Run number:  1
 ==============================================================================
 Number of MPI tasks:                  8
 MPI version:                          5
 MPI subversion:                       0
 Dimensionality:                       3
 Max Number of Blocks/Proc:          200
 Number x zones:                       8
 Number y zones:                       8
 Number z zones:                       8
 Setup stamp:     Thu Jul 30 00:03:44 2026
 Build stamp:     Thu Jul 30 00:03:56 2026
 System info:     Linux 01dff24885cf 6.14.0-37-generic #37~24.04.1-Ubuntu SMP PREEMPT_DYNAMIC Thu
 Version:         FLASH 4.8                                                                       
 Build directory: /opt/FLASH4.8/objdir_wd
 Setup syntax:    /opt/FLASH4.8/bin/setup.py WDHydrostatic -auto -3d -site=wd_docker -objdir=objdir_wd
 f compiler flags: /opt/micromamba/envs/flash_gcc12/bin/mpif90 -ggdb -c -O2 -fdefault-real-8 -fdefault-double-8 -Wuninitialized -fallow-argument-mismatch -DMAXBLOCKS=200 -DNXB=8 -DNYB=8 -DNZB=8 -DN_DIM=3
 c compiler flags:    /opt/micromamba/envs/flash_gcc12/bin/mpicc -I/opt/micromamba/envs/flash_gcc12/include -DH5_USE_16_API -ggdb -c -O2 -Wuninitialized -D_FORTIFY_SOURCE=2 -DMAXBLOCKS=200 -DNXB=8 -DNYB=8 -DNZB=8 -DN_DIM=3
 ==============================================================================
 Comment:  hydrostatic white dwarf, Helmholtz EOS, field-free
 ==============================================================================
 FLASH Units used:
   Driver/DriverMain/Unsplit
   Driver/localAPI
   Grid/GridBoundaryConditions
   Grid/GridMain/paramesh/interpolation/Paramesh4/prolong
   Grid/GridMain/paramesh/interpolation/prolong
   Grid/GridMain/paramesh/paramesh4/Paramesh4dev/PM4_package/headers
   Grid/GridMain/paramesh/paramesh4/Paramesh4dev/PM4_package/mpi_source
   Grid/GridMain/paramesh/paramesh4/Paramesh4dev/PM4_package/source
   Grid/GridMain/paramesh/paramesh4/Paramesh4dev/PM4_package/utilities/multigrid
   Grid/GridMain/paramesh/paramesh4/Paramesh4dev/flash_avoid_orrery
   Grid/GridSolvers/Multipole
   Grid/localAPI
   IO/IOMain/hdf5/serial/PM
   IO/localAPI
   Multispecies/MultispeciesMain
   PhysicalConstants/PhysicalConstantsMain
   RuntimeParameters/RuntimeParametersMain
   Simulation/SimulationMain/WDHydrostatic
   flashUtilities/contiguousConversion
   flashUtilities/general
   flashUtilities/interpolation/oneDim
   flashUtilities/nameValueLL
   flashUtilities/sorting/quicksort
   flashUtilities/system/memoryUsage/legacy
   monitors/Logfile/LogfileMain
   monitors/Timers/TimersMain/MPINative
   physics/Diffuse/DiffuseMain
   physics/Diffuse/localAPI
   physics/Eos/EosMain/Helmholtz/SpeciesBased
   physics/Eos/localAPI
   physics/Gravity/GravityMain/Poisson/Multipole
   physics/Hydro/HydroMain/unsplit/Hydro_Unsplit
   physics/Hydro/localAPI
   physics/materialProperties/Conductivity/ConductivityMain/Constant
   physics/materialProperties/Conductivity/localAPI
 ==============================================================================
 RuntimeParameters:
                                                                               
 ==============================================================================
bndpriorityone              =          1
bndprioritythree            =          3
bndprioritytwo              =          2
checkpointfileintervalstep  =          0
checkpointfilenumber        =          0
dr_abortpause               =          2
dr_dtminbelowaction         =          1
dr_numposdefvars            =          4
drift_break_inst            =          0
drift_trunc_mantissa        =          2
drift_verbose_inst          =          0
eos_entrelescalechoice      =          6
eos_loglevel                =        700
eos_maxnewton               =         50
fileformatversion           =          9
forcedplotfilenumber        =          0
gp_radius                   =          2
gr_lrefmaxtimevalue_1       =         -1
gr_lrefmaxtimevalue_10      =         -1
gr_lrefmaxtimevalue_11      =         -1
gr_lrefmaxtimevalue_12      =         -1
gr_lrefmaxtimevalue_13      =         -1
gr_lrefmaxtimevalue_14      =         -1
gr_lrefmaxtimevalue_15      =         -1
gr_lrefmaxtimevalue_16      =         -1
gr_lrefmaxtimevalue_17      =         -1
gr_lrefmaxtimevalue_18      =         -1
gr_lrefmaxtimevalue_19      =         -1
gr_lrefmaxtimevalue_2       =         -1
gr_lrefmaxtimevalue_20      =         -1
gr_lrefmaxtimevalue_3       =         -1
gr_lrefmaxtimevalue_4       =         -1
gr_lrefmaxtimevalue_5       =         -1
gr_lrefmaxtimevalue_6       =         -1
gr_lrefmaxtimevalue_7       =         -1
gr_lrefmaxtimevalue_8       =         -1
gr_lrefmaxtimevalue_9       =         -1
gr_pmrpdivergencefree       =          1
gr_pmrpifaceoff             =          0
gr_pmrpl2p5d                =          0
gr_pmrpmaxblocks            =         -1
gr_pmrpmflags               =          1
gr_pmrpnboundaries          =          6
gr_pmrpndim                 =          3
gr_pmrpnedgevar1            =         -1
gr_pmrpnfacevar             =         -1
gr_pmrpnfielddivf           =         -1
gr_pmrpnfluxvar             =         -1
gr_pmrpnguard               =         -1
gr_pmrpnguardwork           =         -1
gr_pmrpnvar                 =         -1
gr_pmrpnvarwork             =          1
gr_pmrpnvarcorn             =          0
gr_pmrpnvaredge             =          0
gr_pmrpnxb                  =         -1
gr_pmrpnyb                  =         -1
gr_pmrpnzb                  =         -1
gr_restrictallmethod        =          3
gr_sanitizedatamode         =          1
gr_sanitizeverbosity        =          5
hy_3torder                  =         -1
hydrocomputedtoption        =         -1
iprocs                      =          1
interpol_order              =          2
irenorm                     =          0
jprocs                      =          1
kprocs                      =          1
lrefine_del                 =          0
lrefine_max                 =          1
lrefine_min                 =          1
lrefine_min_init            =          1
max_particles_per_blk       =        100
memory_stat_freq            =     100000
meshcopycount               =          1
min_particles_per_blk       =          1
mpole_lmax                  =          0
mpole_scaletype1            =          1
mpole_scaletype2            =          1
mpole_scaletype3            =          1
mpole_subsample             =          1
nbegin                      =          1
nblockx                     =          8 [CHANGED]
nblocky                     =          8 [CHANGED]
nblockz                     =          8 [CHANGED]
nend                        =     200000 [CHANGED]
nrefs                       =          2
nsteptotalsts               =          5
order                       =          2
outputsplitnum              =          1
plotfileintervalstep        =          0
plotfilenumber              =          0
refine_var_count            =          4
rolling_checkpoint          =      10000
sim_nsubzones               =          3
sweeporder                  =        123
transorder                  =          1
wr_integrals_freq           =          1
limitedslopebeta            =                 0.100E+01
poskappa1                   =                 0.400E+00
poskappa2                   =                 0.400E+00
cfl                         =                 0.500E+00 [CHANGED]
checkpointfileintervaltime  =                 0.500E+00 [CHANGED]
checkpointfileintervalz     =                 0.180+309
cond_constantcross          =                 0.000E+00
cond_constantisochoric      =                 0.000E+00
cond_constantparallel       =                 0.000E+00
cond_constantperpendicular  =                 0.000E+00
cvisc                       =                 0.100E+00
derefine_cutoff_1           =                 0.200E+00
derefine_cutoff_2           =                 0.200E+00
derefine_cutoff_3           =                 0.200E+00
derefine_cutoff_4           =                 0.200E+00
diff_eleflcoef              =                 0.100E+01
diff_ionflcoef              =                 0.100E+01
diff_magflcoef              =                 0.100E+01
diff_scalefactthermsatempdiff =                 0.100E+01
diff_scalefactthermsatime   =                 0.100E+01
diffusion_cutoff_density    =                 0.100E-29
dr_dtmincontinue            =                 0.000E+00
dr_posdefdtfactor           =                 0.100E+01
dr_tstepslowstartfactor     =                 0.100E+00
dt_diff_factor              =                 0.800E+00
dtinit                      =                 0.100E-05 [CHANGED]
dtmax                       =                 0.100E-01 [CHANGED]
dtmin                       =                 0.100E-11 [CHANGED]
eintswitch                  =                 0.000E+00
eos_coulombmult             =                 0.100E+01
eos_fluffdens               =                 0.000E+00
eos_mfaspeciesa             =                 0.100E+01
eos_mfaspeciesz             =                 0.100E+01
eos_mfbspeciesa             =                 0.100E+01
eos_mfbspeciesz             =                 0.100E+01
eos_singlespeciesa          =                 0.100E+01
eos_singlespeciesz          =                 0.100E+01
eos_tolerance               =                 0.100E-07
gamma                       =                 0.167E+01
gammaa                      =                 0.167E+01
gammab                      =                 0.167E+01
gp_elldel                   =                 0.120E+02
gp_sigdel                   =                 0.200E+01
gr_lrefinemaxredlogbase     =                 0.100E+02
gr_lrefinemaxredradiusfact  =                 0.000E+00
gr_lrefinemaxredtref        =                 0.000E+00
gr_lrefinemaxredtimescale   =                 0.100E+01
gr_lrefmaxtime_1            =                -0.100E+01
gr_lrefmaxtime_10           =                -0.100E+01
gr_lrefmaxtime_11           =                -0.100E+01
gr_lrefmaxtime_12           =                -0.100E+01
gr_lrefmaxtime_13           =                -0.100E+01
gr_lrefmaxtime_14           =                -0.100E+01
gr_lrefmaxtime_15           =                -0.100E+01
gr_lrefmaxtime_16           =                -0.100E+01
gr_lrefmaxtime_17           =                -0.100E+01
gr_lrefmaxtime_18           =                -0.100E+01
gr_lrefmaxtime_19           =                -0.100E+01
gr_lrefmaxtime_2            =                -0.100E+01
gr_lrefmaxtime_20           =                -0.100E+01
gr_lrefmaxtime_3            =                -0.100E+01
gr_lrefmaxtime_4            =                -0.100E+01
gr_lrefmaxtime_5            =                -0.100E+01
gr_lrefmaxtime_6            =                -0.100E+01
gr_lrefmaxtime_7            =                -0.100E+01
gr_lrefmaxtime_8            =                -0.100E+01
gr_lrefmaxtime_9            =                -0.100E+01
hy_cflfallbackfactor        =                 0.900E+00
hy_fpresinmomflux           =                 0.100E+01
hybridorderkappa            =                 0.000E+00
larget                      =                 0.100E+21
mpole_r12                   =                 0.000E+00
mpole_r23                   =                 0.100E+01
mpole_rscale1               =                 0.100E+01
mpole_rscale2               =                 0.100E+01
mpole_rscale3               =                 0.100E+01
nusts                       =                 0.100E+00
plotfileintervaltime        =                 0.200E-01 [CHANGED]
plotfileintervalz           =                 0.180+309
point_mass                  =                 0.000E+00
point_mass_rsoft            =                 0.000E+00
refine_cutoff_1             =                 0.800E+00
refine_cutoff_2             =                 0.800E+00
refine_cutoff_3             =                 0.800E+00
refine_cutoff_4             =                 0.800E+00
refine_filter_1             =                 0.100E-01
refine_filter_2             =                 0.100E-01
refine_filter_3             =                 0.100E-01
refine_filter_4             =                 0.100E-01
rss_limit                   =                -0.100E+01
sim_abar                    =                 0.400E+01
sim_rhoambient              =                 0.100E-03
sim_tempambient             =                 0.100E+08
sim_xctr                    =                 0.000E+00
sim_yctr                    =                 0.000E+00
sim_zbar                    =                 0.200E+01
sim_zctr                    =                 0.000E+00
small                       =                 0.100E-09
smalle                      =                 0.100E-09
smallp                      =                 0.100E-09
smallt                      =                 0.100E+06 [CHANGED]
smallu                      =                 0.100E-09
smallx                      =                 0.100E-09
smlrho                      =                 0.100E-05 [CHANGED]
tinitial                    =                 0.000E+00
tiny                        =                 0.100E-15
tmax                        =                 0.115E+01 [CHANGED]
tstep_change_factor         =                 0.200E+01
wall_clock_checkpoint       =                 0.432E+05
wall_clock_time_limit       =                 0.605E+06
x_refine_center             =                 0.000E+00
xmax                        =                 0.490E+09 [CHANGED]
xmin                        =                -0.490E+09 [CHANGED]
y_refine_center             =                 0.000E+00
ymax                        =                 0.490E+09 [CHANGED]
ymin                        =                -0.490E+09 [CHANGED]
zfinal                      =                 0.000E+00
zinitial                    =                -0.100E+01
z_refine_center             =                 0.000E+00
zmax                        =                 0.490E+09 [CHANGED]
zmin                        =                -0.490E+09 [CHANGED]
riemannsolver               = HLLC                          
unitsystem                  = none                          
basenm                      = wd_                            [CHANGED]
diff_eleflmode              = fl_none                       
diff_elexlboundarytype      = neumann                       
diff_elexrboundarytype      = neumann                       
diff_eleylboundarytype      = neumann                       
diff_eleyrboundarytype      = neumann                       
diff_elezlboundarytype      = neumann                       
diff_elezrboundarytype      = neumann                       
diff_ionflmode              = fl_none                       
diff_ionxlboundarytype      = neumann                       
diff_ionxrboundarytype      = neumann                       
diff_ionylboundarytype      = neumann                       
diff_ionyrboundarytype      = neumann                       
diff_ionzlboundarytype      = neumann                       
diff_ionzrboundarytype      = neumann                       
diff_magflmode              = fl_none                       
diff_magxxlboundarytype     = neumann                       
diff_magxxrboundarytype     = neumann                       
diff_magxylboundarytype     = neumann                       
diff_magxyrboundarytype     = neumann                       
diff_magxzlboundarytype     = neumann                       
diff_magxzrboundarytype     = neumann                       
diff_magyxlboundarytype     = neumann                       
diff_magyxrboundarytype     = neumann                       
diff_magyylboundarytype     = neumann                       
diff_magyyrboundarytype     = neumann                       
diff_magyzlboundarytype     = neumann                       
diff_magyzrboundarytype     = neumann                       
diff_magzxlboundarytype     = neumann                       
diff_magzxrboundarytype     = neumann                       
diff_magzylboundarytype     = neumann                       
diff_magzyrboundarytype     = neumann                       
diff_magzzlboundarytype     = neumann                       
diff_magzzrboundarytype     = neumann                       
dr_posdefvar_1              = none                          
dr_posdefvar_2              = none                          
dr_posdefvar_3              = none                          
dr_posdefvar_4              = none                          
entropyfixmethod            = HARTENHYMAN                   
eosmode                     = dens_ie                       
eosmodeinit                 = dens_ie                       
geometry                    = cartesian                     
gr_pmrpoutputdir            = ./                            
grav_boundary_type          = isolated                      
hy_eosmodegc                = see eosMode                   
log_file                    = wd.log                         [CHANGED]
output_directory            =                               
pc_unitsbase                = CGS                           
plot_grid_var_1             = none                          
plot_grid_var_10            = none                          
plot_grid_var_11            = none                          
plot_grid_var_12            = none                          
plot_grid_var_2             = none                          
plot_grid_var_3             = none                          
plot_grid_var_4             = none                          
plot_grid_var_5             = none                          
plot_grid_var_6             = none                          
plot_grid_var_7             = none                          
plot_grid_var_8             = none                          
plot_grid_var_9             = none                          
plot_var_1                  = dens                           [CHANGED]
plot_var_10                 = none                          
plot_var_11                 = none                          
plot_var_12                 = none                          
plot_var_13                 = none                          
plot_var_14                 = none                          
plot_var_15                 = none                          
plot_var_16                 = none                          
plot_var_2                  = temp                           [CHANGED]
plot_var_3                  = pres                           [CHANGED]
plot_var_4                  = none                          
plot_var_5                  = none                          
plot_var_6                  = none                          
plot_var_7                  = none                          
plot_var_8                  = none                          
plot_var_9                  = none                          
prof_file                   = profile.dat                   
refine_var_1                = none                          
refine_var_2                = none                          
refine_var_3                = none                          
refine_var_4                = none                          
run_comment                 = hydrostatic white dwarf, Helmh [CHANGED]
run_number                  = 1                             
sim_modelfile               = wd_model.dat                  
slopelimiter                = vanLeer                       
stats_file                  = flash.dat                     
wenomethod                  = WENO5                         
xl_boundary_type            = outflow                        [CHANGED]
xr_boundary_type            = outflow                        [CHANGED]
yl_boundary_type            = outflow                        [CHANGED]
yr_boundary_type            = outflow                        [CHANGED]
zl_boundary_type            = outflow                        [CHANGED]
zr_boundary_type            = outflow                        [CHANGED]
eosforriemann               =  F
addthermalflux              =  T
allowdtstsdominate          =  F
alwayscomputeuservars       =  T
alwaysrestrictcheckpoint    =  T
appendparrestart            =  F
charlimiting                =  T
chkguardcellsinput          =  F
chkguardcellsoutput         =  F
conserveangmom              =  F
converttoconsvdformeshcalls =  F
converttoconsvdinmeshinterp =  T
corners                     =  F
diff_anisocondforele        =  F
diff_doanisomagdiff         =  F
diff_domagdiff              =  F
diff_usecrosscond           =  F
diff_useelecond             =  F
diff_useioncond             =  F
dr_printtsteploc            =  T
dr_shortenlaststepbeforetmax =  F
dr_useposdefcomputedt       =  F
drift_tuples                =  F
eachprocwritesownabortlog   =  F
eachprocwritessummary       =  F
earlyblockdistadjustment    =  T
enablemaskedgcfill          =  T
entropy                     =  F
eos_coulombabort            =  T
eos_forceconstantinput      =  F
flux_correct                =  T
geometryoverride            =  F
gr_bcenableapplymixedgds    =  T
gr_lrefinemaxbytime         =  F
gr_lrefinemaxreddobylogr    =  F
gr_lrefinemaxreddobytime    =  F
gr_pmrpadvancealllevels     =  F
gr_pmrpamrerrorchecking     =  F
gr_pmrpcartesianpm          =  F
gr_pmrpconserve             =  F
gr_pmrpconsvfluxdensities   =  T
gr_pmrpconsvfluxes          =  F
gr_pmrpcurvilinear          =  F
gr_pmrpcurvilinearconserve  =  F
gr_pmrpcylindricalpm        =  F
gr_pmrpdiagonals            =  T
gr_pmrpedgevalue            =  T
gr_pmrpedgevalueinteg       =  F
gr_pmrpemptycells           =  F
gr_pmrpforceconsistency     =  T
gr_pmrplsingularline        =  F
gr_pmrpnopermanentguardcells =  F
gr_pmrppolarpm              =  F
gr_pmrppredcorr             =  F
gr_pmrpsphericalpm          =  F
gr_pmrptimingmpi            =  F
gr_pmrptimingmpix           =  F
gr_pmrpvardt                =  F
grav_temporal_extrp         =  F
grav_unjunkpden             =  T
hy_fallbacklowercfl         =  F
hy_fullspecmsfluxhandling   =  T
hy_usefluxeqn               =  F
ignoreforcedplot            =  F
initializeparticleatrestart =  F
io_writemscalarintegrals    =  F
mpole_3daxisymmetric        =  F
mpole_dumpmoments           =  F
mpole_usematrixmpi          =  F
octant                      =  F
plotfilegridquantitydp      =  F
plotfilemetadatadp          =  F
quadrant                    =  F
reducegcellfills            =  F
refine_on_particle_count    =  F
res_addanomres              =  F
restart                     =  F
shockdetect                 =  F
shocklowercfl               =  F
summaryoutputonly           =  F
threadblocklistbuild        =  F
threaddriverblocklist       =  F
threaddriverwithinblock     =  F
threadeoswithinblock        =  F
threadhydroblocklist        =  F
threadhydrowithinblock      =  F
threadraytracebuild         =  F
threadwithinblockbuild      =  F
typematchedxfer             =  T
unbiased_geometry           =  F
updategravity               =  T
updatehydrofluxes           =  T
useburn                     =  F
usecircuit                  =  F
usecollectivehdf5           =  T
useconductivity             =  T
usecool                     =  F
usecosmology                =  F
usedeleptonize              =  F
usediffuse                  =  T
usediffusecomputedtspecies  =  T
usediffusecomputedttherm    =  T
usediffusecomputedtvisc     =  T
usediffusecomputedtmagnetic =  T
usediffusespecies           =  T
usediffusetherm             =  T
useenergydeposition         =  F
useexplicitviscosity        =  T
useflame                    =  F
usegravity                  =  T
useheat                     =  F
useheatexchange             =  F
usehydro                    =  T
useincompns                 =  F
useionize                   =  F
uselegacylabels             =  T
usemagneticresistivity      =  F
usemassdiffusivity          =  F
useopacity                  =  F
useparticles                =  F
useplasmastate              =  F
usepolytrope                =  F
useprimordialchemistry      =  F
useprotonemission           =  F
useprotonimaging            =  F
useradtrans                 =  F
useraytrace                 =  F
usests                      =  F
usestsfordiffusion          =  F
usestir                     =  F
usethomsonscattering        =  F
usetreeray                  =  F
useturb                     =  T
useviscosity                =  F
usexrayimaging              =  F
use_3dfullctu               =  T
use_pospreserv              =  F
use_auxeinteqn              =  T
use_avisc                   =  F
use_cma_advection           =  F
use_cma_flattening          =  F
use_flash_surr_blks_fill    =  T
use_flattening              =  F
use_gravhalfupdate          =  T
use_hybridorder             =  F
use_reduced_orrery          =  T
use_steepening              =  F
use_upwindtvd               =  F
writestatsummary            =  T
                                                                               
 ==============================================================================
                                                                               
 Known units of measurement:
                                                                               
              Unit                          CGS Value                Base Unit
  1                  cm                     1.0000                           cm
  2                   s                     1.0000                            s
  3                   g                     1.0000                            g
  4                   K                     1.0000                            K
  5                 esu                     1.0000                          esu
  6                 mol                     1.0000                          mol
  7                   m                     100.00                           cm
  8                  km                    1.00000E+05                       cm
  9                  pc                    3.08568E+18                       cm
 10                 kpc                    3.08568E+21                       cm
 11                 Mpc                    3.08568E+24                       cm
 12                 Gpc                    3.08568E+27                       cm
 13                Rsun                    6.96000E+10                       cm
 14                  AU                    1.49598E+13                       cm
 15                  yr                    3.15569E+07                        s
 16                 Myr                    3.15569E+13                        s
 17                 Gyr                    3.15569E+16                        s
 18                  kg                     1000.0                            g
 19                Msun                    1.98892E+33                        g
 20                 amu                    1.66054E-24                        g
 21             keV/c^2                    1.60218E-09                        g
 22                  eV                     11605.                            K
 23                   C                    2.99792E+09                      esu
 24                LFLY                    3.08568E+24                       cm
 25                TFLY                    2.05759E+17                        s
 26                MFLY                    9.88470E+45                        g
 27            clLength                    3.08568E+24                       cm
 28              clTime                    3.15569E+16                        s
 29              clMass                    1.98892E+48                        g
 30              clTemp                    1.16045E+07                        K
-----------End of Units--------------------
                                                                               
 Known physical constants:
                                                                               
    Constant Name       Constant Value   cm       s        g        K        esu      mol
  1              Newton    6.67408E-08   3.0     -2.0     -1.0      0.0      0.0      0.0    
  2      speed of light    2.99792E+10   1.0     -1.0      0.0      0.0      0.0      0.0    
  3              Planck    6.62607E-27   2.0     -1.0      1.0      0.0      0.0      0.0    
  4     electron charge    4.80320E-10   0.0      0.0      0.0      0.0      1.0      0.0    
  5       electron mass    9.10938E-28   0.0      0.0      1.0      0.0      0.0      0.0    
  6         proton mass    1.67262E-24   0.0      0.0      1.0      0.0      0.0      0.0    
  7      fine-structure    7.29735E-03   0.0      0.0      0.0      0.0      0.0      0.0    
  8            Avogadro    6.02214E+23   0.0      0.0      0.0      0.0      0.0     -1.0    
  9           Boltzmann    1.38065E-16   2.0     -2.0      1.0     -1.0      0.0      0.0    
 10  ideal gas constant    8.31446E+07   2.0     -2.0      1.0     -1.0      0.0     -1.0    
 11                Wien    0.28978       1.0      0.0      0.0      1.0      0.0      0.0    
 12    Stefan-Boltzmann    5.67037E-05   0.0     -3.0      1.0     -4.0      0.0      0.0    
 13  Radiation Constant    7.56572E-15  -1.0     -2.0      1.0     -4.0      0.0      0.0    
 14                  pi     3.1416       0.0      0.0      0.0      0.0      0.0      0.0    
 15                   e     2.7183       0.0      0.0      0.0      0.0      0.0      0.0    
 16               Euler    0.57722       0.0      0.0      0.0      0.0      0.0      0.0    
 ==============================================================================
                                                                               
 Multifluid database contents:
                                                                               
Initially defined values of species:
Name     Index          Total   Positive  Neutral   Negative  bind Ener Gamma   eosType
he4         16       4.00E+00  2.00E+00 -9.99E+02  2.00E+00 -9.99E+02  1.67E+00  -999

Name     Index  OpacityLowTemp  Zmin    Subtype ZFreeTableFile                   EnerTableFile                    PresTableFile
he4         16       0.00E+00 -9.99E+02    -999 -none-                           -none-                           -none-                          

Species Constituents
he4      0 constituents
                                                                               
 ==============================================================================
 [ 07-30-2026  00:05:03.999 ] [gr_initGeometry] checking BCs for idir: 1
 [ 07-30-2026  00:05:03.999 ] [gr_initGeometry] checking BCs for idir: 2
 [ 07-30-2026  00:05:03.999 ] [gr_initGeometry] checking BCs for idir: 3
 WARNING : Adaptive Grid did not find any variable to refine
 [ 07-30-2026  00:05:04.178 ] [GRID amr_refine_derefine]: initiating refinement
 [ 07-30-2026  00:05:04.178 ] [GRID amr_refine_derefine]: redist. phase.  tot blks requested: 512
 [GRID amr_refine_derefine] min blks 64    max blks 64    tot blks 512
 [GRID amr_refine_derefine] min leaf blks 64    max leaf blks 64    tot leaf blks 512
 [ 07-30-2026  00:05:04.182 ] [GRID amr_refine_derefine]: refinement complete
 [ 07-30-2026  00:05:04.188 ] [GRID gr_expandDomain]: iteration=1, create level=1
 [ 07-30-2026  00:05:04.832 ] [Grid_markRefineDerefine]: gcArgs=----------------+Eos
 [ 07-30-2026  00:05:04.846 ] [Grid_fillGuardCells]: gcSet=----------------
 [ 07-30-2026  00:05:04.846 ] [mpi_amr_comm_setup]: buffer_dim_send=8053, buffer_dim_recv=8053
 [ 07-30-2026  00:05:04.855 ] [GRID gr_expandDomain]: iteration=2, create level=1
 [ 07-30-2026  00:05:05.520 ] [GRID gr_expandDomain]: iteration=3, create level=1
 [ 07-30-2026  00:05:06.164 ] [gr_mpoleInit] Potential and Moment subsampling set to: 1
 [ 07-30-2026  00:05:06.164 ] [gr_mpoleInit]: using 223 moment array, 892 items
 [mpole_moments] Using looped mpi_allreduce
 [ 07-30-2026  00:05:06.165 ] memory: /proc vsize    (MiB):      271.54 (min)        271.60 (max)        271.54 (avg)
 [ 07-30-2026  00:05:06.165 ] memory: /proc rss      (MiB):      139.98 (min)        140.99 (max)        140.48 (avg)
 [ 07-30-2026  00:05:06.165 ] memory: /proc vsize    (MiB):      271.54 (min)        271.60 (max)        271.54 (avg)
 [ 07-30-2026  00:05:06.165 ] memory: /proc rss      (MiB):      139.98 (min)        140.99 (max)        140.48 (avg)
 [ 07-30-2026  00:05:06.165 ] [Hydro_init]: gcNeed=d-eefggggpstvvv-
 [ 07-30-2026  00:05:06.165 ] [mpi_amr_comm_setup]: buffer_dim_send=230261, buffer_dim_recv=230261
 [ 07-30-2026  00:05:06.296 ] memory: /proc vsize    (MiB):      271.79 (min)        271.85 (max)        271.80 (avg)
 [ 07-30-2026  00:05:06.297 ] memory: /proc rss      (MiB):      140.36 (min)        141.45 (max)        140.85 (avg)
 [ 07-30-2026  00:05:06.307 ] [IO_writeCheckpoint] open: type=checkpoint name=wd_hdf5_chk_0000
 [ 07-30-2026  00:05:06.361 ] [IO_writeCheckpoint] close: type=checkpoint name=wd_hdf5_chk_0000
 [ 07-30-2026  00:05:06.362 ] [IO_writePlotfile] open: type=plotfile name=wd_hdf5_plt_cnt_0000
 [ 07-30-2026  00:05:06.392 ] [IO_writePlotfile] close: type=plotfile name=wd_hdf5_plt_cnt_0000
 [ 07-30-2026  00:05:06.393 ] memory: /proc vsize    (MiB):      272.21 (min)        274.18 (max)        272.46 (avg)
 [ 07-30-2026  00:05:06.393 ] memory: /proc rss      (MiB):      140.49 (min)        147.63 (max)        141.74 (avg)
 [ 07-30-2026  00:05:06.393 ] [Driver_evolveFlash]: Entering evolution loop
 [ 07-30-2026  00:05:06.393 ] step: n=1 t=0.000000E+00 dt=1.000000E-06
 [ 07-30-2026  00:05:06.393 ] [hy_uhd_unsplit]: gcNeed=d-eefggggpstvvv-+Eos
 [ 07-30-2026  00:05:06.393 ] [Grid_fillGuardCells]: gcSet=d-eefggggpstvvvh+Eos
 [ 07-30-2026  00:05:06.393 ] [mpi_amr_comm_setup]: buffer_dim_send=216373, buffer_dim_recv=216373
 [ 07-30-2026  00:05:07.104 ] [hy_uhd_unsplit]: gcWant[Pot]=--------g-------
 [ 07-30-2026  00:05:07.104 ] [Grid_fillGuardCells]: gcSet[no doEos]=--------g-------+Eos
 [ 07-30-2026  00:05:07.104 ] [mpi_amr_comm_setup]: buffer_dim_send=21941, buffer_dim_recv=21941
 [ 07-30-2026  00:05:07.235 ] step: n=2 t=1.000000E-06 dt=2.000000E-06
 [ 07-30-2026  00:05:07.235 ] [mpi_amr_comm_setup]: buffer_dim_send=216373, buffer_dim_recv=216373
 [ 07-30-2026  00:05:07.987 ] [mpi_amr_comm_setup]: buffer_dim_send=21941, buffer_dim_recv=21941
 [ 07-30-2026  00:05:08.095 ] [mpi_amr_comm_setup]: buffer_dim_send=8053, buffer_dim_recv=8053
 [ 07-30-2026  00:05:08.137 ] step: n=3 t=3.000000E-06 dt=4.000000E-06
 [ 07-30-2026  00:05:08.137 ] [mpi_amr_comm_setup]: buffer_dim_send=216373, buffer_dim_recv=216373
 [ 07-30-2026  00:05:08.860 ] [mpi_amr_comm_setup]: buffer_dim_send=21941, buffer_dim_recv=21941
 [ 07-30-2026  00:05:08.952 ] step: n=4 t=7.000000E-06 dt=8.000000E-06
 [ 07-30-2026  00:05:08.952 ] [mpi_amr_comm_setup]: buffer_dim_send=216373, buffer_dim_recv=216373
 [ 07-30-2026  00:05:09.664 ] [mpi_amr_comm_setup]: buffer_dim_send=21941, buffer_dim_recv=21941
 [ 07-30-2026  00:05:09.773 ] [mpi_amr_comm_setup]: buffer_dim_send=8053, buffer_dim_recv=8053
 [ 07-30-2026  00:05:09.811 ] step: n=5 t=1.500000E-05 dt=1.600000E-05
 [ 07-30-2026  00:05:09.811 ] [mpi_amr_comm_setup]: buffer_dim_send=216373, buffer_dim_recv=216373
 [ 07-30-2026  00:05:10.518 ] [mpi_amr_comm_setup]: buffer_dim_send=21941, buffer_dim_recv=21941
 [ 07-30-2026  00:05:10.614 ] step: n=6 t=3.100000E-05 dt=3.200000E-05
 [ 07-30-2026  00:05:10.614 ] [mpi_amr_comm_setup]: buffer_dim_send=216373, buffer_dim_recv=216373
 [ 07-30-2026  00:05:11.328 ] [mpi_amr_comm_setup]: buffer_dim_send=21941, buffer_dim_recv=21941
 [ 07-30-2026  00:05:11.394 ] [mpi_amr_comm_setup]: buffer_dim_send=8053, buffer_dim_recv=8053
 [ 07-30-2026  00:05:11.434 ] step: n=7 t=6.300000E-05 dt=6.400000E-05
 [ 07-30-2026  00:05:11.434 ] [mpi_amr_comm_setup]: buffer_dim_send=216373, buffer_dim_recv=216373
 [ 07-30-2026  00:05:12.140 ] [mpi_amr_comm_setup]: buffer_dim_send=21941, buffer_dim_recv=21941
 [ 07-30-2026  00:05:12.230 ] step: n=8 t=1.270000E-04 dt=1.280000E-04
 [ 07-30-2026  00:05:12.230 ] [mpi_amr_comm_setup]: buffer_dim_send=216373, buffer_dim_recv=216373
 [ 07-30-2026  00:05:12.961 ] [mpi_amr_comm_setup]: buffer_dim_send=21941, buffer_dim_recv=21941
 [ 07-30-2026  00:05:13.030 ] [mpi_amr_comm_setup]: buffer_dim_send=8053, buffer_dim_recv=8053
 [ 07-30-2026  00:05:13.063 ] step: n=9 t=2.550000E-04 dt=2.560000E-04
 [ 07-30-2026  00:05:13.064 ] [mpi_amr_comm_setup]: buffer_dim_send=216373, buffer_dim_recv=216373
 [ 07-30-2026  00:05:13.777 ] [mpi_amr_comm_setup]: buffer_dim_send=21941, buffer_dim_recv=21941
 [ 07-30-2026  00:05:13.875 ] step: n=10 t=5.110000E-04 dt=5.120000E-04
 [ 07-30-2026  00:05:13.875 ] [mpi_amr_comm_setup]: buffer_dim_send=216373, buffer_dim_recv=216373
 [ 07-30-2026  00:05:14.574 ] [mpi_amr_comm_setup]: buffer_dim_send=21941, buffer_dim_recv=21941
 [ 07-30-2026  00:05:14.646 ] [mpi_amr_comm_setup]: buffer_dim_send=8053, buffer_dim_recv=8053
 [ 07-30-2026  00:05:14.679 ] step: n=11 t=1.023000E-03 dt=1.024000E-03
 [ 07-30-2026  00:05:14.679 ] [mpi_amr_comm_setup]: buffer_dim_send=216373, buffer_dim_recv=216373
 [ 07-30-2026  00:05:15.421 ] [mpi_amr_comm_setup]: buffer_dim_send=21941, buffer_dim_recv=21941
 [ 07-30-2026  00:05:15.531 ] step: n=12 t=2.047000E-03 dt=2.048000E-03
 [ 07-30-2026  00:05:15.531 ] [mpi_amr_comm_setup]: buffer_dim_send=216373, buffer_dim_recv=216373
 [ 07-30-2026  00:05:16.246 ] [mpi_amr_comm_setup]: buffer_dim_send=21941, buffer_dim_recv=21941
 [ 07-30-2026  00:05:16.318 ] [mpi_amr_comm_setup]: buffer_dim_send=8053, buffer_dim_recv=8053
 [ 07-30-2026  00:05:16.351 ] step: n=13 t=4.095000E-03 dt=4.096000E-03
 [ 07-30-2026  00:05:16.351 ] [mpi_amr_comm_setup]: buffer_dim_send=216373, buffer_dim_recv=216373
 [ 07-30-2026  00:05:17.065 ] [mpi_amr_comm_setup]: buffer_dim_send=21941, buffer_dim_recv=21941
 [ 07-30-2026  00:05:17.163 ] step: n=14 t=8.191000E-03 dt=4.874303E-03
 [ 07-30-2026  00:05:17.163 ] [mpi_amr_comm_setup]: buffer_dim_send=216373, buffer_dim_recv=216373
 [ 07-30-2026  00:05:17.897 ] [mpi_amr_comm_setup]: buffer_dim_send=21941, buffer_dim_recv=21941
 [ 07-30-2026  00:05:17.981 ] [mpi_amr_comm_setup]: buffer_dim_send=8053, buffer_dim_recv=8053
 [ 07-30-2026  00:05:18.014 ] step: n=15 t=1.306530E-02 dt=5.196753E-03
 [ 07-30-2026  00:05:18.015 ] [mpi_amr_comm_setup]: buffer_dim_send=216373, buffer_dim_recv=216373
 [ 07-30-2026  00:05:18.756 ] [mpi_amr_comm_setup]: buffer_dim_send=21941, buffer_dim_recv=21941
 [ 07-30-2026  00:05:18.862 ] step: n=16 t=1.826206E-02 dt=5.440949E-03
 [ 07-30-2026  00:05:18.863 ] [mpi_amr_comm_setup]: buffer_dim_send=216373, buffer_dim_recv=216373
 [ 07-30-2026  00:05:19.640 ] [mpi_amr_comm_setup]: buffer_dim_send=21941, buffer_dim_recv=21941
 [ 07-30-2026  00:05:19.720 ] [IO_writePlotfile] open: type=plotfile name=wd_hdf5_plt_cnt_0001
 [ 07-30-2026  00:05:19.748 ] [IO_writePlotfile] close: type=plotfile name=wd_hdf5_plt_cnt_0001
 [ 07-30-2026  00:05:19.748 ] [mpi_amr_comm_setup]: buffer_dim_send=8053, buffer_dim_recv=8053
 [ 07-30-2026  00:05:19.783 ] step: n=17 t=2.370300E-02 dt=5.487670E-03
 [ 07-30-2026  00:05:19.783 ] [mpi_amr_comm_setup]: buffer_dim_send=216373, buffer_dim_recv=216373
 [ 07-30-2026  00:05:20.515 ] [mpi_amr_comm_setup]: buffer_dim_send=21941, buffer_dim_recv=21941
 [ 07-30-2026  00:05:20.626 ] step: n=18 t=2.919067E-02 dt=5.967193E-03
 [ 07-30-2026  00:05:20.626 ] [mpi_amr_comm_setup]: buffer_dim_send=216373, buffer_dim_recv=216373
 [ 07-30-2026  00:05:21.343 ] [mpi_amr_comm_setup]: buffer_dim_send=21941, buffer_dim_recv=21941
 [ 07-30-2026  00:05:21.427 ] [mpi_amr_comm_setup]: buffer_dim_send=8053, buffer_dim_recv=8053
 [ 07-30-2026  00:05:21.460 ] step: n=19 t=3.515787E-02 dt=6.203374E-03
 [ 07-30-2026  00:05:21.461 ] [mpi_amr_comm_setup]: buffer_dim_send=216373, buffer_dim_recv=216373
 [ 07-30-2026  00:05:22.195 ] [mpi_amr_comm_setup]: buffer_dim_send=21941, buffer_dim_recv=21941
 [ 07-30-2026  00:05:22.276 ] [IO_writePlotfile] open: type=plotfile name=wd_hdf5_plt_cnt_0002
 [ 07-30-2026  00:05:22.298 ] [IO_writePlotfile] close: type=plotfile name=wd_hdf5_plt_cnt_0002
 [ 07-30-2026  00:05:22.323 ] step: n=20 t=4.136124E-02 dt=6.540508E-03
 [ 07-30-2026  00:05:22.323 ] [mpi_amr_comm_setup]: buffer_dim_send=216373, buffer_dim_recv=216373
 [ 07-30-2026  00:05:23.070 ] [mpi_amr_comm_setup]: buffer_dim_send=21941, buffer_dim_recv=21941
 [ 07-30-2026  00:05:23.152 ] [mpi_amr_comm_setup]: buffer_dim_send=8053, buffer_dim_recv=8053
 [ 07-30-2026  00:05:23.190 ] step: n=21 t=4.790175E-02 dt=6.925255E-03
 [ 07-30-2026  00:05:23.190 ] [mpi_amr_comm_setup]: buffer_dim_send=216373, buffer_dim_recv=216373
 [ 07-30-2026  00:05:23.908 ] [mpi_amr_comm_setup]: buffer_dim_send=21941, buffer_dim_recv=21941
 [ 07-30-2026  00:05:24.018 ] step: n=22 t=5.482700E-02 dt=7.242304E-03
 [ 07-30-2026  00:05:24.018 ] [mpi_amr_comm_setup]: buffer_dim_send=216373, buffer_dim_recv=216373
 [ 07-30-2026  00:05:24.740 ] [mpi_amr_comm_setup]: buffer_dim_send=21941, buffer_dim_recv=21941
 [ 07-30-2026  00:05:24.887 ] [IO_writePlotfile] open: type=plotfile name=wd_hdf5_plt_cnt_0003
 [ 07-30-2026  00:05:24.917 ] [IO_writePlotfile] close: type=plotfile name=wd_hdf5_plt_cnt_0003
 [ 07-30-2026  00:05:24.917 ] [mpi_amr_comm_setup]: buffer_dim_send=8053, buffer_dim_recv=8053
 [ 07-30-2026  00:05:24.951 ] step: n=23 t=6.206931E-02 dt=7.652064E-03
 [ 07-30-2026  00:05:24.951 ] [mpi_amr_comm_setup]: buffer_dim_send=216373, buffer_dim_recv=216373
 [ 07-30-2026  00:05:25.652 ] [mpi_amr_comm_setup]: buffer_dim_send=21941, buffer_dim_recv=21941
 [ 07-30-2026  00:05:25.760 ] step: n=24 t=6.972137E-02 dt=8.153643E-03
 [ 07-30-2026  00:05:25.760 ] [mpi_amr_comm_setup]: buffer_dim_send=216373, buffer_dim_recv=216373
 [ 07-30-2026  00:05:26.487 ] [mpi_amr_comm_setup]: buffer_dim_send=21941, buffer_dim_recv=21941
 [ 07-30-2026  00:05:26.575 ] [mpi_amr_comm_setup]: buffer_dim_send=8053, buffer_dim_recv=8053
 [ 07-30-2026  00:05:26.609 ] step: n=25 t=7.787501E-02 dt=8.741005E-03
 [ 07-30-2026  00:05:26.609 ] [mpi_amr_comm_setup]: buffer_dim_send=216373, buffer_dim_recv=216373
 [ 07-30-2026  00:05:27.325 ] [mpi_amr_comm_setup]: buffer_dim_send=21941, buffer_dim_recv=21941
 [ 07-30-2026  00:05:27.411 ] [IO_writePlotfile] open: type=plotfile name=wd_hdf5_plt_cnt_0004
 [ 07-30-2026  00:05:27.438 ] [IO_writePlotfile] close: type=plotfile name=wd_hdf5_plt_cnt_0004
 [ 07-30-2026  00:05:27.462 ] step: n=26 t=8.661602E-02 dt=9.305733E-03
 [ 07-30-2026  00:05:27.462 ] [mpi_amr_comm_setup]: buffer_dim_send=216373, buffer_dim_recv=216373
 [ 07-30-2026  00:05:28.188 ] [mpi_amr_comm_setup]: buffer_dim_send=21941, buffer_dim_recv=21941
 [ 07-30-2026  00:05:28.277 ] [mpi_amr_comm_setup]: buffer_dim_send=8053, buffer_dim_recv=8053
 [ 07-30-2026  00:05:28.314 ] step: n=27 t=9.592175E-02 dt=9.486900E-03
 [ 07-30-2026  00:05:28.314 ] [mpi_amr_comm_setup]: buffer_dim_send=216373, buffer_dim_recv=216373
 [ 07-30-2026  00:05:29.039 ] [mpi_amr_comm_setup]: buffer_dim_send=21941, buffer_dim_recv=21941
 [ 07-30-2026  00:05:29.127 ] [IO_writePlotfile] open: type=plotfile name=wd_hdf5_plt_cnt_0005
 [ 07-30-2026  00:05:29.148 ] [IO_writePlotfile] close: type=plotfile name=wd_hdf5_plt_cnt_0005
 [ 07-30-2026  00:05:29.173 ] step: n=28 t=1.054087E-01 dt=9.487127E-03
 [ 07-30-2026  00:05:29.173 ] [mpi_amr_comm_setup]: buffer_dim_send=216373, buffer_dim_recv=216373
 [ 07-30-2026  00:05:29.893 ] [mpi_amr_comm_setup]: buffer_dim_send=21941, buffer_dim_recv=21941
 [ 07-30-2026  00:05:29.982 ] [mpi_amr_comm_setup]: buffer_dim_send=8053, buffer_dim_recv=8053
 [ 07-30-2026  00:05:30.021 ] step: n=29 t=1.148958E-01 dt=9.486109E-03
 [ 07-30-2026  00:05:30.021 ] [mpi_amr_comm_setup]: buffer_dim_send=216373, buffer_dim_recv=216373
 [ 07-30-2026  00:05:30.731 ] [mpi_amr_comm_setup]: buffer_dim_send=21941, buffer_dim_recv=21941
 [ 07-30-2026  00:05:30.821 ] [IO_writePlotfile] open: type=plotfile name=wd_hdf5_plt_cnt_0006
 [ 07-30-2026  00:05:30.846 ] [IO_writePlotfile] close: type=plotfile name=wd_hdf5_plt_cnt_0006
 [ 07-30-2026  00:05:30.871 ] step: n=30 t=1.243819E-01 dt=9.485322E-03
 [ 07-30-2026  00:05:30.871 ] [mpi_amr_comm_setup]: buffer_dim_send=216373, buffer_dim_recv=216373
 [ 07-30-2026  00:05:31.573 ] [mpi_amr_comm_setup]: buffer_dim_send=21941, buffer_dim_recv=21941
 [ 07-30-2026  00:05:31.729 ] [mpi_amr_comm_setup]: buffer_dim_send=8053, buffer_dim_recv=8053
 [ 07-30-2026  00:05:31.768 ] step: n=31 t=1.338672E-01 dt=9.485220E-03
 [ 07-30-2026  00:05:31.768 ] [mpi_amr_comm_setup]: buffer_dim_send=216373, buffer_dim_recv=216373
 [ 07-30-2026  00:05:32.501 ] [mpi_amr_comm_setup]: buffer_dim_send=21941, buffer_dim_recv=21941
 [ 07-30-2026  00:05:32.589 ] [IO_writePlotfile] open: type=plotfile name=wd_hdf5_plt_cnt_0007
 [ 07-30-2026  00:05:32.613 ] [IO_writePlotfile] close: type=plotfile name=wd_hdf5_plt_cnt_0007
 [ 07-30-2026  00:05:32.637 ] step: n=32 t=1.433524E-01 dt=9.485884E-03
 [ 07-30-2026  00:05:32.637 ] [mpi_amr_comm_setup]: buffer_dim_send=216373, buffer_dim_recv=216373
 [ 07-30-2026  00:05:33.396 ] [mpi_amr_comm_setup]: buffer_dim_send=21941, buffer_dim_recv=21941
 [ 07-30-2026  00:05:33.553 ] [mpi_amr_comm_setup]: buffer_dim_send=8053, buffer_dim_recv=8053
 [ 07-30-2026  00:05:33.588 ] step: n=33 t=1.528383E-01 dt=9.478961E-03
 [ 07-30-2026  00:05:33.588 ] [mpi_amr_comm_setup]: buffer_dim_send=216373, buffer_dim_recv=216373
 [ 07-30-2026  00:05:34.314 ] [mpi_amr_comm_setup]: buffer_dim_send=21941, buffer_dim_recv=21941
 [ 07-30-2026  00:05:34.404 ] [IO_writePlotfile] open: type=plotfile name=wd_hdf5_plt_cnt_0008
 [ 07-30-2026  00:05:34.437 ] [IO_writePlotfile] close: type=plotfile name=wd_hdf5_plt_cnt_0008
 [ 07-30-2026  00:05:34.461 ] step: n=34 t=1.623173E-01 dt=9.331969E-03
 [ 07-30-2026  00:05:34.462 ] [mpi_amr_comm_setup]: buffer_dim_send=216373, buffer_dim_recv=216373
 [ 07-30-2026  00:05:35.197 ] [mpi_amr_comm_setup]: buffer_dim_send=21941, buffer_dim_recv=21941
 [ 07-30-2026  00:05:35.303 ] [mpi_amr_comm_setup]: buffer_dim_send=8053, buffer_dim_recv=8053
 [ 07-30-2026  00:05:35.350 ] step: n=35 t=1.716492E-01 dt=9.217490E-03
 [ 07-30-2026  00:05:35.350 ] [mpi_amr_comm_setup]: buffer_dim_send=216373, buffer_dim_recv=216373
 [ 07-30-2026  00:05:36.224 ] [mpi_amr_comm_setup]: buffer_dim_send=21941, buffer_dim_recv=21941
 [ 07-30-2026  00:05:36.358 ] [IO_writePlotfile] open: type=plotfile name=wd_hdf5_plt_cnt_0009
 [ 07-30-2026  00:05:36.392 ] [IO_writePlotfile] close: type=plotfile name=wd_hdf5_plt_cnt_0009
 [ 07-30-2026  00:05:36.421 ] step: n=36 t=1.808667E-01 dt=6.251707E-03
 [ 07-30-2026  00:05:36.421 ] [mpi_amr_comm_setup]: buffer_dim_send=216373, buffer_dim_recv=216373
 [ 07-30-2026  00:05:37.152 ] [mpi_amr_comm_setup]: buffer_dim_send=21941, buffer_dim_recv=21941
 [ 07-30-2026  00:05:37.242 ] [mpi_amr_comm_setup]: buffer_dim_send=8053, buffer_dim_recv=8053
 [ 07-30-2026  00:05:37.276 ] step: n=37 t=1.871184E-01 dt=2.261767E-12
 [ 07-30-2026  00:05:37.276 ] [mpi_amr_comm_setup]: buffer_dim_send=216373, buffer_dim_recv=216373
 [ 07-30-2026  00:05:38.007 ] [mpi_amr_comm_setup]: buffer_dim_send=21941, buffer_dim_recv=21941
 [ 07-30-2026  00:05:38.095 ] step: n=38 t=1.871184E-01 dt=1.000000E-12
 [ 07-30-2026  00:05:38.095 ] [mpi_amr_comm_setup]: buffer_dim_send=216373, buffer_dim_recv=216373
 [ 07-30-2026  00:05:38.829 ] [mpi_amr_comm_setup]: buffer_dim_send=21941, buffer_dim_recv=21941
 [ 07-30-2026  00:05:38.863 ] [DRIVER_ABORT]: Driver_abort() called by PE           0
 [ 07-30-2026  00:05:38.863 ] abort_message: [eos_helmholtz] Error: too many iterations in Helmholtz Eos
 FLASH log file:  07-30-2026  00:06:25.476    Run number:  1
 ==============================================================================
 Number of MPI tasks:                  8
 MPI version:                          5
 MPI subversion:                       0
 Dimensionality:                       3
 Max Number of Blocks/Proc:          200
 Number x zones:                       8
 Number y zones:                       8
 Number z zones:                       8
 Setup stamp:     Thu Jul 30 00:03:44 2026
 Build stamp:     Thu Jul 30 00:03:56 2026
 System info:     Linux 01dff24885cf 6.14.0-37-generic #37~24.04.1-Ubuntu SMP PREEMPT_DYNAMIC Thu
 Version:         FLASH 4.8                                                                       
 Build directory: /opt/FLASH4.8/objdir_wd
 Setup syntax:    /opt/FLASH4.8/bin/setup.py WDHydrostatic -auto -3d -site=wd_docker -objdir=objdir_wd
 f compiler flags: /opt/micromamba/envs/flash_gcc12/bin/mpif90 -ggdb -c -O2 -fdefault-real-8 -fdefault-double-8 -Wuninitialized -fallow-argument-mismatch -DMAXBLOCKS=200 -DNXB=8 -DNYB=8 -DNZB=8 -DN_DIM=3
 c compiler flags:    /opt/micromamba/envs/flash_gcc12/bin/mpicc -I/opt/micromamba/envs/flash_gcc12/include -DH5_USE_16_API -ggdb -c -O2 -Wuninitialized -D_FORTIFY_SOURCE=2 -DMAXBLOCKS=200 -DNXB=8 -DNYB=8 -DNZB=8 -DN_DIM=3
 ==============================================================================
 Comment:  hydrostatic white dwarf, Helmholtz EOS, field-free
 ==============================================================================
 FLASH Units used:
   Driver/DriverMain/Unsplit
   Driver/localAPI
   Grid/GridBoundaryConditions
   Grid/GridMain/paramesh/interpolation/Paramesh4/prolong
   Grid/GridMain/paramesh/interpolation/prolong
   Grid/GridMain/paramesh/paramesh4/Paramesh4dev/PM4_package/headers
   Grid/GridMain/paramesh/paramesh4/Paramesh4dev/PM4_package/mpi_source
   Grid/GridMain/paramesh/paramesh4/Paramesh4dev/PM4_package/source
   Grid/GridMain/paramesh/paramesh4/Paramesh4dev/PM4_package/utilities/multigrid
   Grid/GridMain/paramesh/paramesh4/Paramesh4dev/flash_avoid_orrery
   Grid/GridSolvers/Multipole
   Grid/localAPI
   IO/IOMain/hdf5/serial/PM
   IO/localAPI
   Multispecies/MultispeciesMain
   PhysicalConstants/PhysicalConstantsMain
   RuntimeParameters/RuntimeParametersMain
   Simulation/SimulationMain/WDHydrostatic
   flashUtilities/contiguousConversion
   flashUtilities/general
   flashUtilities/interpolation/oneDim
   flashUtilities/nameValueLL
   flashUtilities/sorting/quicksort
   flashUtilities/system/memoryUsage/legacy
   monitors/Logfile/LogfileMain
   monitors/Timers/TimersMain/MPINative
   physics/Diffuse/DiffuseMain
   physics/Diffuse/localAPI
   physics/Eos/EosMain/Helmholtz/SpeciesBased
   physics/Eos/localAPI
   physics/Gravity/GravityMain/Poisson/Multipole
   physics/Hydro/HydroMain/unsplit/Hydro_Unsplit
   physics/Hydro/localAPI
   physics/materialProperties/Conductivity/ConductivityMain/Constant
   physics/materialProperties/Conductivity/localAPI
 ==============================================================================
 RuntimeParameters:
                                                                               
 ==============================================================================
bndpriorityone              =          1
bndprioritythree            =          3
bndprioritytwo              =          2
checkpointfileintervalstep  =          0
checkpointfilenumber        =          0
dr_abortpause               =          2
dr_dtminbelowaction         =          1
dr_numposdefvars            =          4
drift_break_inst            =          0
drift_trunc_mantissa        =          2
drift_verbose_inst          =          0
eos_entrelescalechoice      =          6
eos_loglevel                =        700
eos_maxnewton               =        100 [CHANGED]
fileformatversion           =          9
forcedplotfilenumber        =          0
gp_radius                   =          2
gr_lrefmaxtimevalue_1       =         -1
gr_lrefmaxtimevalue_10      =         -1
gr_lrefmaxtimevalue_11      =         -1
gr_lrefmaxtimevalue_12      =         -1
gr_lrefmaxtimevalue_13      =         -1
gr_lrefmaxtimevalue_14      =         -1
gr_lrefmaxtimevalue_15      =         -1
gr_lrefmaxtimevalue_16      =         -1
gr_lrefmaxtimevalue_17      =         -1
gr_lrefmaxtimevalue_18      =         -1
gr_lrefmaxtimevalue_19      =         -1
gr_lrefmaxtimevalue_2       =         -1
gr_lrefmaxtimevalue_20      =         -1
gr_lrefmaxtimevalue_3       =         -1
gr_lrefmaxtimevalue_4       =         -1
gr_lrefmaxtimevalue_5       =         -1
gr_lrefmaxtimevalue_6       =         -1
gr_lrefmaxtimevalue_7       =         -1
gr_lrefmaxtimevalue_8       =         -1
gr_lrefmaxtimevalue_9       =         -1
gr_pmrpdivergencefree       =          1
gr_pmrpifaceoff             =          0
gr_pmrpl2p5d                =          0
gr_pmrpmaxblocks            =         -1
gr_pmrpmflags               =          1
gr_pmrpnboundaries          =          6
gr_pmrpndim                 =          3
gr_pmrpnedgevar1            =         -1
gr_pmrpnfacevar             =         -1
gr_pmrpnfielddivf           =         -1
gr_pmrpnfluxvar             =         -1
gr_pmrpnguard               =         -1
gr_pmrpnguardwork           =         -1
gr_pmrpnvar                 =         -1
gr_pmrpnvarwork             =          1
gr_pmrpnvarcorn             =          0
gr_pmrpnvaredge             =          0
gr_pmrpnxb                  =         -1
gr_pmrpnyb                  =         -1
gr_pmrpnzb                  =         -1
gr_restrictallmethod        =          3
gr_sanitizedatamode         =          1
gr_sanitizeverbosity        =          5
hy_3torder                  =         -1
hydrocomputedtoption        =         -1
iprocs                      =          1
interpol_order              =          2
irenorm                     =          0
jprocs                      =          1
kprocs                      =          1
lrefine_del                 =          0
lrefine_max                 =          1
lrefine_min                 =          1
lrefine_min_init            =          1
max_particles_per_blk       =        100
memory_stat_freq            =     100000
meshcopycount               =          1
min_particles_per_blk       =          1
mpole_lmax                  =          0
mpole_scaletype1            =          1
mpole_scaletype2            =          1
mpole_scaletype3            =          1
mpole_subsample             =          1
nbegin                      =          1
nblockx                     =          8 [CHANGED]
nblocky                     =          8 [CHANGED]
nblockz                     =          8 [CHANGED]
nend                        =     200000 [CHANGED]
nrefs                       =          2
nsteptotalsts               =          5
order                       =          2
outputsplitnum              =          1
plotfileintervalstep        =          0
plotfilenumber              =          0
refine_var_count            =          4
rolling_checkpoint          =      10000
sim_nsubzones               =          3
sweeporder                  =        123
transorder                  =          1
wr_integrals_freq           =          1
limitedslopebeta            =                 0.100E+01
poskappa1                   =                 0.400E+00
poskappa2                   =                 0.400E+00
cfl                         =                 0.500E+00 [CHANGED]
checkpointfileintervaltime  =                 0.500E+00 [CHANGED]
checkpointfileintervalz     =                 0.180+309
cond_constantcross          =                 0.000E+00
cond_constantisochoric      =                 0.000E+00
cond_constantparallel       =                 0.000E+00
cond_constantperpendicular  =                 0.000E+00
cvisc                       =                 0.100E+00
derefine_cutoff_1           =                 0.200E+00
derefine_cutoff_2           =                 0.200E+00
derefine_cutoff_3           =                 0.200E+00
derefine_cutoff_4           =                 0.200E+00
diff_eleflcoef              =                 0.100E+01
diff_ionflcoef              =                 0.100E+01
diff_magflcoef              =                 0.100E+01
diff_scalefactthermsatempdiff =                 0.100E+01
diff_scalefactthermsatime   =                 0.100E+01
diffusion_cutoff_density    =                 0.100E-29
dr_dtmincontinue            =                 0.000E+00
dr_posdefdtfactor           =                 0.100E+01
dr_tstepslowstartfactor     =                 0.100E+00
dt_diff_factor              =                 0.800E+00
dtinit                      =                 0.100E-05 [CHANGED]
dtmax                       =                 0.100E-01 [CHANGED]
dtmin                       =                 0.100E-11 [CHANGED]
eintswitch                  =                 0.000E+00
eos_coulombmult             =                 0.100E+01
eos_fluffdens               =                 0.000E+00
eos_mfaspeciesa             =                 0.100E+01
eos_mfaspeciesz             =                 0.100E+01
eos_mfbspeciesa             =                 0.100E+01
eos_mfbspeciesz             =                 0.100E+01
eos_singlespeciesa          =                 0.100E+01
eos_singlespeciesz          =                 0.100E+01
eos_tolerance               =                 0.100E-07
gamma                       =                 0.167E+01
gammaa                      =                 0.167E+01
gammab                      =                 0.167E+01
gp_elldel                   =                 0.120E+02
gp_sigdel                   =                 0.200E+01
gr_lrefinemaxredlogbase     =                 0.100E+02
gr_lrefinemaxredradiusfact  =                 0.000E+00
gr_lrefinemaxredtref        =                 0.000E+00
gr_lrefinemaxredtimescale   =                 0.100E+01
gr_lrefmaxtime_1            =                -0.100E+01
gr_lrefmaxtime_10           =                -0.100E+01
gr_lrefmaxtime_11           =                -0.100E+01
gr_lrefmaxtime_12           =                -0.100E+01
gr_lrefmaxtime_13           =                -0.100E+01
gr_lrefmaxtime_14           =                -0.100E+01
gr_lrefmaxtime_15           =                -0.100E+01
gr_lrefmaxtime_16           =                -0.100E+01
gr_lrefmaxtime_17           =                -0.100E+01
gr_lrefmaxtime_18           =                -0.100E+01
gr_lrefmaxtime_19           =                -0.100E+01
gr_lrefmaxtime_2            =                -0.100E+01
gr_lrefmaxtime_20           =                -0.100E+01
gr_lrefmaxtime_3            =                -0.100E+01
gr_lrefmaxtime_4            =                -0.100E+01
gr_lrefmaxtime_5            =                -0.100E+01
gr_lrefmaxtime_6            =                -0.100E+01
gr_lrefmaxtime_7            =                -0.100E+01
gr_lrefmaxtime_8            =                -0.100E+01
gr_lrefmaxtime_9            =                -0.100E+01
hy_cflfallbackfactor        =                 0.900E+00
hy_fpresinmomflux           =                 0.100E+01
hybridorderkappa            =                 0.000E+00
larget                      =                 0.100E+21
mpole_r12                   =                 0.000E+00
mpole_r23                   =                 0.100E+01
mpole_rscale1               =                 0.100E+01
mpole_rscale2               =                 0.100E+01
mpole_rscale3               =                 0.100E+01
nusts                       =                 0.100E+00
plotfileintervaltime        =                 0.200E-01 [CHANGED]
plotfileintervalz           =                 0.180+309
point_mass                  =                 0.000E+00
point_mass_rsoft            =                 0.000E+00
refine_cutoff_1             =                 0.800E+00
refine_cutoff_2             =                 0.800E+00
refine_cutoff_3             =                 0.800E+00
refine_cutoff_4             =                 0.800E+00
refine_filter_1             =                 0.100E-01
refine_filter_2             =                 0.100E-01
refine_filter_3             =                 0.100E-01
refine_filter_4             =                 0.100E-01
rss_limit                   =                -0.100E+01
sim_abar                    =                 0.400E+01
sim_rhoambient              =                 0.100E+01 [CHANGED]
sim_tempambient             =                 0.100E+08
sim_xctr                    =                 0.000E+00
sim_yctr                    =                 0.000E+00
sim_zbar                    =                 0.200E+01
sim_zctr                    =                 0.000E+00
small                       =                 0.100E-09
smalle                      =                 0.100E-09
smallp                      =                 0.100E-09
smallt                      =                 0.100E+06 [CHANGED]
smallu                      =                 0.100E-09
smallx                      =                 0.100E-09
smlrho                      =                 0.100E-01 [CHANGED]
tinitial                    =                 0.000E+00
tiny                        =                 0.100E-15
tmax                        =                 0.115E+01 [CHANGED]
tstep_change_factor         =                 0.200E+01
wall_clock_checkpoint       =                 0.432E+05
wall_clock_time_limit       =                 0.605E+06
x_refine_center             =                 0.000E+00
xmax                        =                 0.490E+09 [CHANGED]
xmin                        =                -0.490E+09 [CHANGED]
y_refine_center             =                 0.000E+00
ymax                        =                 0.490E+09 [CHANGED]
ymin                        =                -0.490E+09 [CHANGED]
zfinal                      =                 0.000E+00
zinitial                    =                -0.100E+01
z_refine_center             =                 0.000E+00
zmax                        =                 0.490E+09 [CHANGED]
zmin                        =                -0.490E+09 [CHANGED]
riemannsolver               = HLLC                          
unitsystem                  = none                          
basenm                      = wd_                            [CHANGED]
diff_eleflmode              = fl_none                       
diff_elexlboundarytype      = neumann                       
diff_elexrboundarytype      = neumann                       
diff_eleylboundarytype      = neumann                       
diff_eleyrboundarytype      = neumann                       
diff_elezlboundarytype      = neumann                       
diff_elezrboundarytype      = neumann                       
diff_ionflmode              = fl_none                       
diff_ionxlboundarytype      = neumann                       
diff_ionxrboundarytype      = neumann                       
diff_ionylboundarytype      = neumann                       
diff_ionyrboundarytype      = neumann                       
diff_ionzlboundarytype      = neumann                       
diff_ionzrboundarytype      = neumann                       
diff_magflmode              = fl_none                       
diff_magxxlboundarytype     = neumann                       
diff_magxxrboundarytype     = neumann                       
diff_magxylboundarytype     = neumann                       
diff_magxyrboundarytype     = neumann                       
diff_magxzlboundarytype     = neumann                       
diff_magxzrboundarytype     = neumann                       
diff_magyxlboundarytype     = neumann                       
diff_magyxrboundarytype     = neumann                       
diff_magyylboundarytype     = neumann                       
diff_magyyrboundarytype     = neumann                       
diff_magyzlboundarytype     = neumann                       
diff_magyzrboundarytype     = neumann                       
diff_magzxlboundarytype     = neumann                       
diff_magzxrboundarytype     = neumann                       
diff_magzylboundarytype     = neumann                       
diff_magzyrboundarytype     = neumann                       
diff_magzzlboundarytype     = neumann                       
diff_magzzrboundarytype     = neumann                       
dr_posdefvar_1              = none                          
dr_posdefvar_2              = none                          
dr_posdefvar_3              = none                          
dr_posdefvar_4              = none                          
entropyfixmethod            = HARTENHYMAN                   
eosmode                     = dens_ie                       
eosmodeinit                 = dens_ie                       
geometry                    = cartesian                     
gr_pmrpoutputdir            = ./                            
grav_boundary_type          = isolated                      
hy_eosmodegc                = see eosMode                   
log_file                    = wd.log                         [CHANGED]
output_directory            =                               
pc_unitsbase                = CGS                           
plot_grid_var_1             = none                          
plot_grid_var_10            = none                          
plot_grid_var_11            = none                          
plot_grid_var_12            = none                          
plot_grid_var_2             = none                          
plot_grid_var_3             = none                          
plot_grid_var_4             = none                          
plot_grid_var_5             = none                          
plot_grid_var_6             = none                          
plot_grid_var_7             = none                          
plot_grid_var_8             = none                          
plot_grid_var_9             = none                          
plot_var_1                  = dens                           [CHANGED]
plot_var_10                 = none                          
plot_var_11                 = none                          
plot_var_12                 = none                          
plot_var_13                 = none                          
plot_var_14                 = none                          
plot_var_15                 = none                          
plot_var_16                 = none                          
plot_var_2                  = temp                           [CHANGED]
plot_var_3                  = pres                           [CHANGED]
plot_var_4                  = none                          
plot_var_5                  = none                          
plot_var_6                  = none                          
plot_var_7                  = none                          
plot_var_8                  = none                          
plot_var_9                  = none                          
prof_file                   = profile.dat                   
refine_var_1                = none                          
refine_var_2                = none                          
refine_var_3                = none                          
refine_var_4                = none                          
run_comment                 = hydrostatic white dwarf, Helmh [CHANGED]
run_number                  = 1                             
sim_modelfile               = wd_model.dat                  
slopelimiter                = vanLeer                       
stats_file                  = flash.dat                     
wenomethod                  = WENO5                         
xl_boundary_type            = outflow                        [CHANGED]
xr_boundary_type            = outflow                        [CHANGED]
yl_boundary_type            = outflow                        [CHANGED]
yr_boundary_type            = outflow                        [CHANGED]
zl_boundary_type            = outflow                        [CHANGED]
zr_boundary_type            = outflow                        [CHANGED]
eosforriemann               =  F
addthermalflux              =  T
allowdtstsdominate          =  F
alwayscomputeuservars       =  T
alwaysrestrictcheckpoint    =  T
appendparrestart            =  F
charlimiting                =  T
chkguardcellsinput          =  F
chkguardcellsoutput         =  F
conserveangmom              =  F
converttoconsvdformeshcalls =  F
converttoconsvdinmeshinterp =  T
corners                     =  F
diff_anisocondforele        =  F
diff_doanisomagdiff         =  F
diff_domagdiff              =  F
diff_usecrosscond           =  F
diff_useelecond             =  F
diff_useioncond             =  F
dr_printtsteploc            =  T
dr_shortenlaststepbeforetmax =  F
dr_useposdefcomputedt       =  F
drift_tuples                =  F
eachprocwritesownabortlog   =  F
eachprocwritessummary       =  F
earlyblockdistadjustment    =  T
enablemaskedgcfill          =  T
entropy                     =  F
eos_coulombabort            =  T
eos_forceconstantinput      =  F
flux_correct                =  T
geometryoverride            =  F
gr_bcenableapplymixedgds    =  T
gr_lrefinemaxbytime         =  F
gr_lrefinemaxreddobylogr    =  F
gr_lrefinemaxreddobytime    =  F
gr_pmrpadvancealllevels     =  F
gr_pmrpamrerrorchecking     =  F
gr_pmrpcartesianpm          =  F
gr_pmrpconserve             =  F
gr_pmrpconsvfluxdensities   =  T
gr_pmrpconsvfluxes          =  F
gr_pmrpcurvilinear          =  F
gr_pmrpcurvilinearconserve  =  F
gr_pmrpcylindricalpm        =  F
gr_pmrpdiagonals            =  T
gr_pmrpedgevalue            =  T
gr_pmrpedgevalueinteg       =  F
gr_pmrpemptycells           =  F
gr_pmrpforceconsistency     =  T
gr_pmrplsingularline        =  F
gr_pmrpnopermanentguardcells =  F
gr_pmrppolarpm              =  F
gr_pmrppredcorr             =  F
gr_pmrpsphericalpm          =  F
gr_pmrptimingmpi            =  F
gr_pmrptimingmpix           =  F
gr_pmrpvardt                =  F
grav_temporal_extrp         =  F
grav_unjunkpden             =  T
hy_fallbacklowercfl         =  F
hy_fullspecmsfluxhandling   =  T
hy_usefluxeqn               =  F
ignoreforcedplot            =  F
initializeparticleatrestart =  F
io_writemscalarintegrals    =  F
mpole_3daxisymmetric        =  F
mpole_dumpmoments           =  F
mpole_usematrixmpi          =  F
octant                      =  F
plotfilegridquantitydp      =  F
plotfilemetadatadp          =  F
quadrant                    =  F
reducegcellfills            =  F
refine_on_particle_count    =  F
res_addanomres              =  F
restart                     =  F
shockdetect                 =  F
shocklowercfl               =  F
summaryoutputonly           =  F
threadblocklistbuild        =  F
threaddriverblocklist       =  F
threaddriverwithinblock     =  F
threadeoswithinblock        =  F
threadhydroblocklist        =  F
threadhydrowithinblock      =  F
threadraytracebuild         =  F
threadwithinblockbuild      =  F
typematchedxfer             =  T
unbiased_geometry           =  F
updategravity               =  T
updatehydrofluxes           =  T
useburn                     =  F
usecircuit                  =  F
usecollectivehdf5           =  T
useconductivity             =  T
usecool                     =  F
usecosmology                =  F
usedeleptonize              =  F
usediffuse                  =  T
usediffusecomputedtspecies  =  T
usediffusecomputedttherm    =  T
usediffusecomputedtvisc     =  T
usediffusecomputedtmagnetic =  T
usediffusespecies           =  T
usediffusetherm             =  T
useenergydeposition         =  F
useexplicitviscosity        =  T
useflame                    =  F
usegravity                  =  T
useheat                     =  F
useheatexchange             =  F
usehydro                    =  T
useincompns                 =  F
useionize                   =  F
uselegacylabels             =  T
usemagneticresistivity      =  F
usemassdiffusivity          =  F
useopacity                  =  F
useparticles                =  F
useplasmastate              =  F
usepolytrope                =  F
useprimordialchemistry      =  F
useprotonemission           =  F
useprotonimaging            =  F
useradtrans                 =  F
useraytrace                 =  F
usests                      =  F
usestsfordiffusion          =  F
usestir                     =  F
usethomsonscattering        =  F
usetreeray                  =  F
useturb                     =  T
useviscosity                =  F
usexrayimaging              =  F
use_3dfullctu               =  T
use_pospreserv              =  F
use_auxeinteqn              =  T
use_avisc                   =  F
use_cma_advection           =  F
use_cma_flattening          =  F
use_flash_surr_blks_fill    =  T
use_flattening              =  F
use_gravhalfupdate          =  T
use_hybridorder             =  F
use_reduced_orrery          =  T
use_steepening              =  F
use_upwindtvd               =  F
writestatsummary            =  T
                                                                               
 ==============================================================================
                                                                               
 Known units of measurement:
                                                                               
              Unit                          CGS Value                Base Unit
  1                  cm                     1.0000                           cm
  2                   s                     1.0000                            s
  3                   g                     1.0000                            g
  4                   K                     1.0000                            K
  5                 esu                     1.0000                          esu
  6                 mol                     1.0000                          mol
  7                   m                     100.00                           cm
  8                  km                    1.00000E+05                       cm
  9                  pc                    3.08568E+18                       cm
 10                 kpc                    3.08568E+21                       cm
 11                 Mpc                    3.08568E+24                       cm
 12                 Gpc                    3.08568E+27                       cm
 13                Rsun                    6.96000E+10                       cm
 14                  AU                    1.49598E+13                       cm
 15                  yr                    3.15569E+07                        s
 16                 Myr                    3.15569E+13                        s
 17                 Gyr                    3.15569E+16                        s
 18                  kg                     1000.0                            g
 19                Msun                    1.98892E+33                        g
 20                 amu                    1.66054E-24                        g
 21             keV/c^2                    1.60218E-09                        g
 22                  eV                     11605.                            K
 23                   C                    2.99792E+09                      esu
 24                LFLY                    3.08568E+24                       cm
 25                TFLY                    2.05759E+17                        s
 26                MFLY                    9.88470E+45                        g
 27            clLength                    3.08568E+24                       cm
 28              clTime                    3.15569E+16                        s
 29              clMass                    1.98892E+48                        g
 30              clTemp                    1.16045E+07                        K
-----------End of Units--------------------
                                                                               
 Known physical constants:
                                                                               
    Constant Name       Constant Value   cm       s        g        K        esu      mol
  1              Newton    6.67408E-08   3.0     -2.0     -1.0      0.0      0.0      0.0    
  2      speed of light    2.99792E+10   1.0     -1.0      0.0      0.0      0.0      0.0    
  3              Planck    6.62607E-27   2.0     -1.0      1.0      0.0      0.0      0.0    
  4     electron charge    4.80320E-10   0.0      0.0      0.0      0.0      1.0      0.0    
  5       electron mass    9.10938E-28   0.0      0.0      1.0      0.0      0.0      0.0    
  6         proton mass    1.67262E-24   0.0      0.0      1.0      0.0      0.0      0.0    
  7      fine-structure    7.29735E-03   0.0      0.0      0.0      0.0      0.0      0.0    
  8            Avogadro    6.02214E+23   0.0      0.0      0.0      0.0      0.0     -1.0    
  9           Boltzmann    1.38065E-16   2.0     -2.0      1.0     -1.0      0.0      0.0    
 10  ideal gas constant    8.31446E+07   2.0     -2.0      1.0     -1.0      0.0     -1.0    
 11                Wien    0.28978       1.0      0.0      0.0      1.0      0.0      0.0    
 12    Stefan-Boltzmann    5.67037E-05   0.0     -3.0      1.0     -4.0      0.0      0.0    
 13  Radiation Constant    7.56572E-15  -1.0     -2.0      1.0     -4.0      0.0      0.0    
 14                  pi     3.1416       0.0      0.0      0.0      0.0      0.0      0.0    
 15                   e     2.7183       0.0      0.0      0.0      0.0      0.0      0.0    
 16               Euler    0.57722       0.0      0.0      0.0      0.0      0.0      0.0    
 ==============================================================================
                                                                               
 Multifluid database contents:
                                                                               
Initially defined values of species:
Name     Index          Total   Positive  Neutral   Negative  bind Ener Gamma   eosType
he4         16       4.00E+00  2.00E+00 -9.99E+02  2.00E+00 -9.99E+02  1.67E+00  -999

Name     Index  OpacityLowTemp  Zmin    Subtype ZFreeTableFile                   EnerTableFile                    PresTableFile
he4         16       0.00E+00 -9.99E+02    -999 -none-                           -none-                           -none-                          

Species Constituents
he4      0 constituents
                                                                               
 ==============================================================================
 [ 07-30-2026  00:06:25.546 ] [gr_initGeometry] checking BCs for idir: 1
 [ 07-30-2026  00:06:25.546 ] [gr_initGeometry] checking BCs for idir: 2
 [ 07-30-2026  00:06:25.547 ] [gr_initGeometry] checking BCs for idir: 3
 WARNING : Adaptive Grid did not find any variable to refine
 [ 07-30-2026  00:06:25.717 ] [GRID amr_refine_derefine]: initiating refinement
 [ 07-30-2026  00:06:25.717 ] [GRID amr_refine_derefine]: redist. phase.  tot blks requested: 512
 [GRID amr_refine_derefine] min blks 64    max blks 64    tot blks 512
 [GRID amr_refine_derefine] min leaf blks 64    max leaf blks 64    tot leaf blks 512
 [ 07-30-2026  00:06:25.719 ] [GRID amr_refine_derefine]: refinement complete
 [ 07-30-2026  00:06:25.726 ] [GRID gr_expandDomain]: iteration=1, create level=1
 [ 07-30-2026  00:06:26.370 ] [Grid_markRefineDerefine]: gcArgs=----------------+Eos
 [ 07-30-2026  00:06:26.384 ] [Grid_fillGuardCells]: gcSet=----------------
 [ 07-30-2026  00:06:26.384 ] [mpi_amr_comm_setup]: buffer_dim_send=8053, buffer_dim_recv=8053
 [ 07-30-2026  00:06:26.396 ] [GRID gr_expandDomain]: iteration=2, create level=1
 [ 07-30-2026  00:06:27.076 ] [GRID gr_expandDomain]: iteration=3, create level=1
 [ 07-30-2026  00:06:27.733 ] [gr_mpoleInit] Potential and Moment subsampling set to: 1
 [ 07-30-2026  00:06:27.733 ] [gr_mpoleInit]: using 223 moment array, 892 items
 [mpole_moments] Using looped mpi_allreduce
 [ 07-30-2026  00:06:27.733 ] memory: /proc vsize    (MiB):      271.54 (min)        271.60 (max)        271.54 (avg)
 [ 07-30-2026  00:06:27.733 ] memory: /proc rss      (MiB):      140.47 (min)        141.52 (max)        141.15 (avg)
 [ 07-30-2026  00:06:27.733 ] memory: /proc vsize    (MiB):      271.54 (min)        271.60 (max)        271.54 (avg)
 [ 07-30-2026  00:06:27.733 ] memory: /proc rss      (MiB):      140.60 (min)        141.52 (max)        141.19 (avg)
 [ 07-30-2026  00:06:27.734 ] [Hydro_init]: gcNeed=d-eefggggpstvvv-
 [ 07-30-2026  00:06:27.734 ] [mpi_amr_comm_setup]: buffer_dim_send=230261, buffer_dim_recv=230261
 [ 07-30-2026  00:06:27.876 ] memory: /proc vsize    (MiB):      271.79 (min)        271.85 (max)        271.80 (avg)
 [ 07-30-2026  00:06:27.876 ] memory: /proc rss      (MiB):      140.86 (min)        141.96 (max)        141.45 (avg)
 [ 07-30-2026  00:06:27.886 ] [IO_writeCheckpoint] open: type=checkpoint name=wd_hdf5_chk_0000
 [ 07-30-2026  00:06:28.294 ] [IO_writeCheckpoint] close: type=checkpoint name=wd_hdf5_chk_0000
 [ 07-30-2026  00:06:28.295 ] [IO_writePlotfile] open: type=plotfile name=wd_hdf5_plt_cnt_0000
 [ 07-30-2026  00:06:28.326 ] [IO_writePlotfile] close: type=plotfile name=wd_hdf5_plt_cnt_0000
 [ 07-30-2026  00:06:28.326 ] memory: /proc vsize    (MiB):      272.21 (min)        274.18 (max)        272.46 (avg)
 [ 07-30-2026  00:06:28.326 ] memory: /proc rss      (MiB):      141.11 (min)        148.46 (max)        142.41 (avg)
 [ 07-30-2026  00:06:28.326 ] [Driver_evolveFlash]: Entering evolution loop
 [ 07-30-2026  00:06:28.326 ] step: n=1 t=0.000000E+00 dt=1.000000E-06
 [ 07-30-2026  00:06:28.326 ] [hy_uhd_unsplit]: gcNeed=d-eefggggpstvvv-+Eos
 [ 07-30-2026  00:06:28.327 ] [Grid_fillGuardCells]: gcSet=d-eefggggpstvvvh+Eos
 [ 07-30-2026  00:06:28.327 ] [mpi_amr_comm_setup]: buffer_dim_send=216373, buffer_dim_recv=216373
 [ 07-30-2026  00:06:29.104 ] [hy_uhd_unsplit]: gcWant[Pot]=--------g-------
 [ 07-30-2026  00:06:29.104 ] [Grid_fillGuardCells]: gcSet[no doEos]=--------g-------+Eos
 [ 07-30-2026  00:06:29.104 ] [mpi_amr_comm_setup]: buffer_dim_send=21941, buffer_dim_recv=21941
 [ 07-30-2026  00:06:29.193 ] step: n=2 t=1.000000E-06 dt=2.000000E-06
 [ 07-30-2026  00:06:29.193 ] [mpi_amr_comm_setup]: buffer_dim_send=216373, buffer_dim_recv=216373
 [ 07-30-2026  00:06:29.913 ] [mpi_amr_comm_setup]: buffer_dim_send=21941, buffer_dim_recv=21941
 [ 07-30-2026  00:06:29.978 ] [mpi_amr_comm_setup]: buffer_dim_send=8053, buffer_dim_recv=8053
 [ 07-30-2026  00:06:30.027 ] step: n=3 t=3.000000E-06 dt=4.000000E-06
 [ 07-30-2026  00:06:30.027 ] [mpi_amr_comm_setup]: buffer_dim_send=216373, buffer_dim_recv=216373
 [ 07-30-2026  00:06:30.758 ] [mpi_amr_comm_setup]: buffer_dim_send=21941, buffer_dim_recv=21941
 [ 07-30-2026  00:06:30.889 ] step: n=4 t=7.000000E-06 dt=8.000000E-06
 [ 07-30-2026  00:06:30.890 ] [mpi_amr_comm_setup]: buffer_dim_send=216373, buffer_dim_recv=216373
 [ 07-30-2026  00:06:31.608 ] [mpi_amr_comm_setup]: buffer_dim_send=21941, buffer_dim_recv=21941
 [ 07-30-2026  00:06:31.673 ] [mpi_amr_comm_setup]: buffer_dim_send=8053, buffer_dim_recv=8053
 [ 07-30-2026  00:06:31.707 ] step: n=5 t=1.500000E-05 dt=1.600000E-05
 [ 07-30-2026  00:06:31.707 ] [mpi_amr_comm_setup]: buffer_dim_send=216373, buffer_dim_recv=216373
 [ 07-30-2026  00:06:32.420 ] [mpi_amr_comm_setup]: buffer_dim_send=21941, buffer_dim_recv=21941
 [ 07-30-2026  00:06:32.554 ] step: n=6 t=3.100000E-05 dt=3.200000E-05
 [ 07-30-2026  00:06:32.554 ] [mpi_amr_comm_setup]: buffer_dim_send=216373, buffer_dim_recv=216373
 [ 07-30-2026  00:06:33.298 ] [mpi_amr_comm_setup]: buffer_dim_send=21941, buffer_dim_recv=21941
 [ 07-30-2026  00:06:33.409 ] [mpi_amr_comm_setup]: buffer_dim_send=8053, buffer_dim_recv=8053
 [ 07-30-2026  00:06:33.443 ] step: n=7 t=6.300000E-05 dt=6.400000E-05
 [ 07-30-2026  00:06:33.443 ] [mpi_amr_comm_setup]: buffer_dim_send=216373, buffer_dim_recv=216373
 [ 07-30-2026  00:06:34.203 ] [mpi_amr_comm_setup]: buffer_dim_send=21941, buffer_dim_recv=21941
 [ 07-30-2026  00:06:34.300 ] step: n=8 t=1.270000E-04 dt=1.280000E-04
 [ 07-30-2026  00:06:34.300 ] [mpi_amr_comm_setup]: buffer_dim_send=216373, buffer_dim_recv=216373
 [ 07-30-2026  00:06:35.054 ] [mpi_amr_comm_setup]: buffer_dim_send=21941, buffer_dim_recv=21941
 [ 07-30-2026  00:06:35.125 ] [mpi_amr_comm_setup]: buffer_dim_send=8053, buffer_dim_recv=8053
 [ 07-30-2026  00:06:35.158 ] step: n=9 t=2.550000E-04 dt=2.560000E-04
 [ 07-30-2026  00:06:35.158 ] [mpi_amr_comm_setup]: buffer_dim_send=216373, buffer_dim_recv=216373
 [ 07-30-2026  00:06:35.897 ] [mpi_amr_comm_setup]: buffer_dim_send=21941, buffer_dim_recv=21941
 [ 07-30-2026  00:06:36.024 ] step: n=10 t=5.110000E-04 dt=5.120000E-04
 [ 07-30-2026  00:06:36.024 ] [mpi_amr_comm_setup]: buffer_dim_send=216373, buffer_dim_recv=216373
 [ 07-30-2026  00:06:36.768 ] [mpi_amr_comm_setup]: buffer_dim_send=21941, buffer_dim_recv=21941
 [ 07-30-2026  00:06:36.866 ] [mpi_amr_comm_setup]: buffer_dim_send=8053, buffer_dim_recv=8053
 [ 07-30-2026  00:06:36.904 ] step: n=11 t=1.023000E-03 dt=1.024000E-03
 [ 07-30-2026  00:06:36.904 ] [mpi_amr_comm_setup]: buffer_dim_send=216373, buffer_dim_recv=216373
 [ 07-30-2026  00:06:37.668 ] [mpi_amr_comm_setup]: buffer_dim_send=21941, buffer_dim_recv=21941
 [ 07-30-2026  00:06:37.764 ] step: n=12 t=2.047000E-03 dt=2.048000E-03
 [ 07-30-2026  00:06:37.764 ] [mpi_amr_comm_setup]: buffer_dim_send=216373, buffer_dim_recv=216373
 [ 07-30-2026  00:06:38.484 ] [mpi_amr_comm_setup]: buffer_dim_send=21941, buffer_dim_recv=21941
 [ 07-30-2026  00:06:38.560 ] [mpi_amr_comm_setup]: buffer_dim_send=8053, buffer_dim_recv=8053
 [ 07-30-2026  00:06:38.593 ] step: n=13 t=4.095000E-03 dt=4.096000E-03
 [ 07-30-2026  00:06:38.593 ] [mpi_amr_comm_setup]: buffer_dim_send=216373, buffer_dim_recv=216373
 [ 07-30-2026  00:06:39.355 ] [mpi_amr_comm_setup]: buffer_dim_send=21941, buffer_dim_recv=21941
 [ 07-30-2026  00:06:39.477 ] step: n=14 t=8.191000E-03 dt=8.192000E-03
 [ 07-30-2026  00:06:39.477 ] [mpi_amr_comm_setup]: buffer_dim_send=216373, buffer_dim_recv=216373
 [ 07-30-2026  00:06:40.273 ] [mpi_amr_comm_setup]: buffer_dim_send=21941, buffer_dim_recv=21941
 [ 07-30-2026  00:06:40.354 ] [mpi_amr_comm_setup]: buffer_dim_send=8053, buffer_dim_recv=8053
 [ 07-30-2026  00:06:40.389 ] step: n=15 t=1.638300E-02 dt=9.499332E-03
 [ 07-30-2026  00:06:40.389 ] [mpi_amr_comm_setup]: buffer_dim_send=216373, buffer_dim_recv=216373
 [ 07-30-2026  00:06:41.137 ] [mpi_amr_comm_setup]: buffer_dim_send=21941, buffer_dim_recv=21941
 [ 07-30-2026  00:06:41.220 ] [IO_writePlotfile] open: type=plotfile name=wd_hdf5_plt_cnt_0001
 [ 07-30-2026  00:06:41.249 ] [IO_writePlotfile] close: type=plotfile name=wd_hdf5_plt_cnt_0001
 [ 07-30-2026  00:06:41.275 ] step: n=16 t=2.588233E-02 dt=9.483862E-03
 [ 07-30-2026  00:06:41.276 ] [mpi_amr_comm_setup]: buffer_dim_send=216373, buffer_dim_recv=216373
 [ 07-30-2026  00:06:42.037 ] [mpi_amr_comm_setup]: buffer_dim_send=21941, buffer_dim_recv=21941
 [ 07-30-2026  00:06:42.122 ] [mpi_amr_comm_setup]: buffer_dim_send=8053, buffer_dim_recv=8053
 [ 07-30-2026  00:06:42.156 ] step: n=17 t=3.536619E-02 dt=9.474150E-03
 [ 07-30-2026  00:06:42.156 ] [mpi_amr_comm_setup]: buffer_dim_send=216373, buffer_dim_recv=216373
 [ 07-30-2026  00:06:42.911 ] [mpi_amr_comm_setup]: buffer_dim_send=21941, buffer_dim_recv=21941
 [ 07-30-2026  00:06:42.997 ] [IO_writePlotfile] open: type=plotfile name=wd_hdf5_plt_cnt_0002
 [ 07-30-2026  00:06:43.028 ] [IO_writePlotfile] close: type=plotfile name=wd_hdf5_plt_cnt_0002
 [ 07-30-2026  00:06:43.053 ] step: n=18 t=4.484034E-02 dt=9.468171E-03
 [ 07-30-2026  00:06:43.053 ] [mpi_amr_comm_setup]: buffer_dim_send=216373, buffer_dim_recv=216373
 [ 07-30-2026  00:06:43.821 ] [mpi_amr_comm_setup]: buffer_dim_send=21941, buffer_dim_recv=21941
 [ 07-30-2026  00:06:43.904 ] [mpi_amr_comm_setup]: buffer_dim_send=8053, buffer_dim_recv=8053
 [ 07-30-2026  00:06:43.938 ] step: n=19 t=5.430851E-02 dt=9.464579E-03
 [ 07-30-2026  00:06:43.938 ] [mpi_amr_comm_setup]: buffer_dim_send=216373, buffer_dim_recv=216373
 [ 07-30-2026  00:06:44.711 ] [mpi_amr_comm_setup]: buffer_dim_send=21941, buffer_dim_recv=21941
 [ 07-30-2026  00:06:44.796 ] [IO_writePlotfile] open: type=plotfile name=wd_hdf5_plt_cnt_0003
 [ 07-30-2026  00:06:44.827 ] [IO_writePlotfile] close: type=plotfile name=wd_hdf5_plt_cnt_0003
 [ 07-30-2026  00:06:44.852 ] step: n=20 t=6.377309E-02 dt=9.462378E-03
 [ 07-30-2026  00:06:44.852 ] [mpi_amr_comm_setup]: buffer_dim_send=216373, buffer_dim_recv=216373
 [ 07-30-2026  00:06:45.622 ] [mpi_amr_comm_setup]: buffer_dim_send=21941, buffer_dim_recv=21941
 [ 07-30-2026  00:06:45.711 ] [mpi_amr_comm_setup]: buffer_dim_send=8053, buffer_dim_recv=8053
 [ 07-30-2026  00:06:45.745 ] step: n=21 t=7.323547E-02 dt=9.460921E-03
 [ 07-30-2026  00:06:45.745 ] [mpi_amr_comm_setup]: buffer_dim_send=216373, buffer_dim_recv=216373
 [ 07-30-2026  00:06:46.507 ] [mpi_amr_comm_setup]: buffer_dim_send=21941, buffer_dim_recv=21941
 [ 07-30-2026  00:06:46.593 ] [IO_writePlotfile] open: type=plotfile name=wd_hdf5_plt_cnt_0004
 [ 07-30-2026  00:06:46.631 ] [IO_writePlotfile] close: type=plotfile name=wd_hdf5_plt_cnt_0004
 [ 07-30-2026  00:06:46.658 ] step: n=22 t=8.269639E-02 dt=9.460003E-03
 [ 07-30-2026  00:06:46.658 ] [mpi_amr_comm_setup]: buffer_dim_send=216373, buffer_dim_recv=216373
 [ 07-30-2026  00:06:47.399 ] [mpi_amr_comm_setup]: buffer_dim_send=21941, buffer_dim_recv=21941
 [ 07-30-2026  00:06:47.483 ] [mpi_amr_comm_setup]: buffer_dim_send=8053, buffer_dim_recv=8053
 [ 07-30-2026  00:06:47.521 ] step: n=23 t=9.215639E-02 dt=9.459722E-03
 [ 07-30-2026  00:06:47.521 ] [mpi_amr_comm_setup]: buffer_dim_send=216373, buffer_dim_recv=216373
 [ 07-30-2026  00:06:48.264 ] [mpi_amr_comm_setup]: buffer_dim_send=21941, buffer_dim_recv=21941
 [ 07-30-2026  00:06:48.373 ] [IO_writePlotfile] open: type=plotfile name=wd_hdf5_plt_cnt_0005
 [ 07-30-2026  00:06:48.413 ] [IO_writePlotfile] close: type=plotfile name=wd_hdf5_plt_cnt_0005
 [ 07-30-2026  00:06:48.444 ] step: n=24 t=1.016161E-01 dt=9.460231E-03
 [ 07-30-2026  00:06:48.444 ] [mpi_amr_comm_setup]: buffer_dim_send=216373, buffer_dim_recv=216373
 [ 07-30-2026  00:06:49.182 ] [mpi_amr_comm_setup]: buffer_dim_send=21941, buffer_dim_recv=21941
 [ 07-30-2026  00:06:49.271 ] [mpi_amr_comm_setup]: buffer_dim_send=8053, buffer_dim_recv=8053
 [ 07-30-2026  00:06:49.306 ] step: n=25 t=1.110763E-01 dt=9.461556E-03
 [ 07-30-2026  00:06:49.306 ] [mpi_amr_comm_setup]: buffer_dim_send=216373, buffer_dim_recv=216373
 [ 07-30-2026  00:06:50.066 ] [mpi_amr_comm_setup]: buffer_dim_send=21941, buffer_dim_recv=21941
 [ 07-30-2026  00:06:50.152 ] [IO_writePlotfile] open: type=plotfile name=wd_hdf5_plt_cnt_0006
 [ 07-30-2026  00:06:50.187 ] [IO_writePlotfile] close: type=plotfile name=wd_hdf5_plt_cnt_0006
 [ 07-30-2026  00:06:50.212 ] step: n=26 t=1.205379E-01 dt=9.463556E-03
 [ 07-30-2026  00:06:50.212 ] [mpi_amr_comm_setup]: buffer_dim_send=216373, buffer_dim_recv=216373
 [ 07-30-2026  00:06:51.006 ] [mpi_amr_comm_setup]: buffer_dim_send=21941, buffer_dim_recv=21941
 [ 07-30-2026  00:06:51.090 ] [mpi_amr_comm_setup]: buffer_dim_send=8053, buffer_dim_recv=8053
 [ 07-30-2026  00:06:51.123 ] step: n=27 t=1.300015E-01 dt=9.465975E-03
 [ 07-30-2026  00:06:51.123 ] [mpi_amr_comm_setup]: buffer_dim_send=216373, buffer_dim_recv=216373
 [ 07-30-2026  00:06:51.872 ] [mpi_amr_comm_setup]: buffer_dim_send=21941, buffer_dim_recv=21941
 [ 07-30-2026  00:06:51.982 ] step: n=28 t=1.394674E-01 dt=9.468559E-03
 [ 07-30-2026  00:06:51.982 ] [mpi_amr_comm_setup]: buffer_dim_send=216373, buffer_dim_recv=216373
 [ 07-30-2026  00:06:52.752 ] [mpi_amr_comm_setup]: buffer_dim_send=21941, buffer_dim_recv=21941
 [ 07-30-2026  00:06:52.839 ] [IO_writePlotfile] open: type=plotfile name=wd_hdf5_plt_cnt_0007
 [ 07-30-2026  00:06:52.870 ] [IO_writePlotfile] close: type=plotfile name=wd_hdf5_plt_cnt_0007
 [ 07-30-2026  00:06:52.870 ] [mpi_amr_comm_setup]: buffer_dim_send=8053, buffer_dim_recv=8053
 [ 07-30-2026  00:06:52.910 ] step: n=29 t=1.489360E-01 dt=9.471142E-03
 [ 07-30-2026  00:06:52.910 ] [mpi_amr_comm_setup]: buffer_dim_send=216373, buffer_dim_recv=216373
 [ 07-30-2026  00:06:53.661 ] [mpi_amr_comm_setup]: buffer_dim_send=21941, buffer_dim_recv=21941
 [ 07-30-2026  00:06:53.774 ] step: n=30 t=1.584071E-01 dt=9.473694E-03
 [ 07-30-2026  00:06:53.774 ] [mpi_amr_comm_setup]: buffer_dim_send=216373, buffer_dim_recv=216373
 [ 07-30-2026  00:06:54.503 ] [mpi_amr_comm_setup]: buffer_dim_send=21941, buffer_dim_recv=21941
 [ 07-30-2026  00:06:54.591 ] [IO_writePlotfile] open: type=plotfile name=wd_hdf5_plt_cnt_0008
 [ 07-30-2026  00:06:54.622 ] [IO_writePlotfile] close: type=plotfile name=wd_hdf5_plt_cnt_0008
 [ 07-30-2026  00:06:54.622 ] [mpi_amr_comm_setup]: buffer_dim_send=8053, buffer_dim_recv=8053
 [ 07-30-2026  00:06:54.659 ] step: n=31 t=1.678808E-01 dt=9.476293E-03
 [ 07-30-2026  00:06:54.659 ] [mpi_amr_comm_setup]: buffer_dim_send=216373, buffer_dim_recv=216373
 [ 07-30-2026  00:06:55.448 ] [mpi_amr_comm_setup]: buffer_dim_send=21941, buffer_dim_recv=21941
 [ 07-30-2026  00:06:55.569 ] step: n=32 t=1.773571E-01 dt=9.479076E-03
 [ 07-30-2026  00:06:55.569 ] [mpi_amr_comm_setup]: buffer_dim_send=216373, buffer_dim_recv=216373
 [ 07-30-2026  00:06:56.313 ] [mpi_amr_comm_setup]: buffer_dim_send=21941, buffer_dim_recv=21941
 [ 07-30-2026  00:06:56.410 ] [IO_writePlotfile] open: type=plotfile name=wd_hdf5_plt_cnt_0009
 [ 07-30-2026  00:06:56.444 ] [IO_writePlotfile] close: type=plotfile name=wd_hdf5_plt_cnt_0009
 [ 07-30-2026  00:06:56.445 ] [mpi_amr_comm_setup]: buffer_dim_send=8053, buffer_dim_recv=8053
 [ 07-30-2026  00:06:56.483 ] step: n=33 t=1.868362E-01 dt=9.482172E-03
 [ 07-30-2026  00:06:56.483 ] [mpi_amr_comm_setup]: buffer_dim_send=216373, buffer_dim_recv=216373
 [ 07-30-2026  00:06:57.247 ] [mpi_amr_comm_setup]: buffer_dim_send=21941, buffer_dim_recv=21941
 [ 07-30-2026  00:06:57.359 ] step: n=34 t=1.963184E-01 dt=9.485668E-03
 [ 07-30-2026  00:06:57.359 ] [mpi_amr_comm_setup]: buffer_dim_send=216373, buffer_dim_recv=216373
 [ 07-30-2026  00:06:58.106 ] [mpi_amr_comm_setup]: buffer_dim_send=21941, buffer_dim_recv=21941
 [ 07-30-2026  00:06:58.191 ] [IO_writePlotfile] open: type=plotfile name=wd_hdf5_plt_cnt_0010
 [ 07-30-2026  00:06:58.220 ] [IO_writePlotfile] close: type=plotfile name=wd_hdf5_plt_cnt_0010
 [ 07-30-2026  00:06:58.220 ] [mpi_amr_comm_setup]: buffer_dim_send=8053, buffer_dim_recv=8053
 [ 07-30-2026  00:06:58.254 ] step: n=35 t=2.058040E-01 dt=9.489591E-03
 [ 07-30-2026  00:06:58.254 ] [mpi_amr_comm_setup]: buffer_dim_send=216373, buffer_dim_recv=216373
 [ 07-30-2026  00:06:58.998 ] [mpi_amr_comm_setup]: buffer_dim_send=21941, buffer_dim_recv=21941
 [ 07-30-2026  00:06:59.116 ] step: n=36 t=2.152936E-01 dt=9.493921E-03
 [ 07-30-2026  00:06:59.116 ] [mpi_amr_comm_setup]: buffer_dim_send=216373, buffer_dim_recv=216373
 [ 07-30-2026  00:06:59.848 ] [mpi_amr_comm_setup]: buffer_dim_send=21941, buffer_dim_recv=21941
 [ 07-30-2026  00:06:59.940 ] [IO_writePlotfile] open: type=plotfile name=wd_hdf5_plt_cnt_0011
 [ 07-30-2026  00:06:59.966 ] [IO_writePlotfile] close: type=plotfile name=wd_hdf5_plt_cnt_0011
 [ 07-30-2026  00:06:59.966 ] [mpi_amr_comm_setup]: buffer_dim_send=8053, buffer_dim_recv=8053
 [ 07-30-2026  00:07:00.003 ] step: n=37 t=2.247876E-01 dt=2.505821E-03
 [ 07-30-2026  00:07:00.003 ] [mpi_amr_comm_setup]: buffer_dim_send=216373, buffer_dim_recv=216373
 [ 07-30-2026  00:07:00.717 ] [mpi_amr_comm_setup]: buffer_dim_send=21941, buffer_dim_recv=21941
 [ 07-30-2026  00:07:00.827 ] step: n=38 t=2.272934E-01 dt=3.806636E-08
 [ 07-30-2026  00:07:00.827 ] [mpi_amr_comm_setup]: buffer_dim_send=216373, buffer_dim_recv=216373
 [ 07-30-2026  00:07:01.543 ] [mpi_amr_comm_setup]: buffer_dim_send=21941, buffer_dim_recv=21941
 [ 07-30-2026  00:07:01.611 ] [mpi_amr_comm_setup]: buffer_dim_send=8053, buffer_dim_recv=8053
 [ 07-30-2026  00:07:01.645 ] step: n=39 t=2.272934E-01 dt=7.732601E-11
 [ 07-30-2026  00:07:01.645 ] [mpi_amr_comm_setup]: buffer_dim_send=216373, buffer_dim_recv=216373
 [ 07-30-2026  00:07:02.411 ] [mpi_amr_comm_setup]: buffer_dim_send=21941, buffer_dim_recv=21941
 [ 07-30-2026  00:07:02.502 ] step: n=40 t=2.272934E-01 dt=1.000000E-12
 [ 07-30-2026  00:07:02.502 ] [mpi_amr_comm_setup]: buffer_dim_send=216373, buffer_dim_recv=216373
 [ 07-30-2026  00:07:03.246 ] [mpi_amr_comm_setup]: buffer_dim_send=21941, buffer_dim_recv=21941
 [ 07-30-2026  00:07:03.329 ] [mpi_amr_comm_setup]: buffer_dim_send=8053, buffer_dim_recv=8053
 [ 07-30-2026  00:07:03.364 ] step: n=41 t=2.272934E-01 dt=1.000000E-12
 [ 07-30-2026  00:07:03.364 ] [mpi_amr_comm_setup]: buffer_dim_send=216373, buffer_dim_recv=216373
 [ 07-30-2026  00:07:04.105 ] [mpi_amr_comm_setup]: buffer_dim_send=21941, buffer_dim_recv=21941
 [eos_helm] Negative total pressure.
   values: dens,temp:    190500858974.77124        1098396153648.8823
   values: abar,zbar:    4.0000000000000000        2.0000000000000000
   coulomb coupling parameter Gamma:    3.0026370120149609E-003
  Prad   3.67093E+33 Pion  4.34943E+30 Pele  -6.21469E+34 Pcoul -2.02453E+26
  Ptot   -5.84716E+34 df_d   -6.84992E+12
 [ 07-30-2026  00:07:04.140 ] [DRIVER_ABORT]: Driver_abort() called by PE           0
 [ 07-30-2026  00:07:04.140 ] abort_message: [eos_helm] ERROR: negative total pressure.
 FLASH log file:  07-30-2026  00:07:25.885    Run number:  1
 ==============================================================================
 Number of MPI tasks:                  8
 MPI version:                          5
 MPI subversion:                       0
 Dimensionality:                       3
 Max Number of Blocks/Proc:          200
 Number x zones:                       8
 Number y zones:                       8
 Number z zones:                       8
 Setup stamp:     Thu Jul 30 00:03:44 2026
 Build stamp:     Thu Jul 30 00:03:56 2026
 System info:     Linux 01dff24885cf 6.14.0-37-generic #37~24.04.1-Ubuntu SMP PREEMPT_DYNAMIC Thu
 Version:         FLASH 4.8                                                                       
 Build directory: /opt/FLASH4.8/objdir_wd
 Setup syntax:    /opt/FLASH4.8/bin/setup.py WDHydrostatic -auto -3d -site=wd_docker -objdir=objdir_wd
 f compiler flags: /opt/micromamba/envs/flash_gcc12/bin/mpif90 -ggdb -c -O2 -fdefault-real-8 -fdefault-double-8 -Wuninitialized -fallow-argument-mismatch -DMAXBLOCKS=200 -DNXB=8 -DNYB=8 -DNZB=8 -DN_DIM=3
 c compiler flags:    /opt/micromamba/envs/flash_gcc12/bin/mpicc -I/opt/micromamba/envs/flash_gcc12/include -DH5_USE_16_API -ggdb -c -O2 -Wuninitialized -D_FORTIFY_SOURCE=2 -DMAXBLOCKS=200 -DNXB=8 -DNYB=8 -DNZB=8 -DN_DIM=3
 ==============================================================================
 Comment:  hydrostatic white dwarf, Helmholtz EOS, field-free
 ==============================================================================
 FLASH Units used:
   Driver/DriverMain/Unsplit
   Driver/localAPI
   Grid/GridBoundaryConditions
   Grid/GridMain/paramesh/interpolation/Paramesh4/prolong
   Grid/GridMain/paramesh/interpolation/prolong
   Grid/GridMain/paramesh/paramesh4/Paramesh4dev/PM4_package/headers
   Grid/GridMain/paramesh/paramesh4/Paramesh4dev/PM4_package/mpi_source
   Grid/GridMain/paramesh/paramesh4/Paramesh4dev/PM4_package/source
   Grid/GridMain/paramesh/paramesh4/Paramesh4dev/PM4_package/utilities/multigrid
   Grid/GridMain/paramesh/paramesh4/Paramesh4dev/flash_avoid_orrery
   Grid/GridSolvers/Multipole
   Grid/localAPI
   IO/IOMain/hdf5/serial/PM
   IO/localAPI
   Multispecies/MultispeciesMain
   PhysicalConstants/PhysicalConstantsMain
   RuntimeParameters/RuntimeParametersMain
   Simulation/SimulationMain/WDHydrostatic
   flashUtilities/contiguousConversion
   flashUtilities/general
   flashUtilities/interpolation/oneDim
   flashUtilities/nameValueLL
   flashUtilities/sorting/quicksort
   flashUtilities/system/memoryUsage/legacy
   monitors/Logfile/LogfileMain
   monitors/Timers/TimersMain/MPINative
   physics/Diffuse/DiffuseMain
   physics/Diffuse/localAPI
   physics/Eos/EosMain/Helmholtz/SpeciesBased
   physics/Eos/localAPI
   physics/Gravity/GravityMain/Poisson/Multipole
   physics/Hydro/HydroMain/unsplit/Hydro_Unsplit
   physics/Hydro/localAPI
   physics/materialProperties/Conductivity/ConductivityMain/Constant
   physics/materialProperties/Conductivity/localAPI
 ==============================================================================
 RuntimeParameters:
                                                                               
 ==============================================================================
bndpriorityone              =          1
bndprioritythree            =          3
bndprioritytwo              =          2
checkpointfileintervalstep  =          0
checkpointfilenumber        =          0
dr_abortpause               =          2
dr_dtminbelowaction         =          1
dr_numposdefvars            =          4
drift_break_inst            =          0
drift_trunc_mantissa        =          2
drift_verbose_inst          =          0
eos_entrelescalechoice      =          6
eos_loglevel                =        700
eos_maxnewton               =        100 [CHANGED]
fileformatversion           =          9
forcedplotfilenumber        =          0
gp_radius                   =          2
gr_lrefmaxtimevalue_1       =         -1
gr_lrefmaxtimevalue_10      =         -1
gr_lrefmaxtimevalue_11      =         -1
gr_lrefmaxtimevalue_12      =         -1
gr_lrefmaxtimevalue_13      =         -1
gr_lrefmaxtimevalue_14      =         -1
gr_lrefmaxtimevalue_15      =         -1
gr_lrefmaxtimevalue_16      =         -1
gr_lrefmaxtimevalue_17      =         -1
gr_lrefmaxtimevalue_18      =         -1
gr_lrefmaxtimevalue_19      =         -1
gr_lrefmaxtimevalue_2       =         -1
gr_lrefmaxtimevalue_20      =         -1
gr_lrefmaxtimevalue_3       =         -1
gr_lrefmaxtimevalue_4       =         -1
gr_lrefmaxtimevalue_5       =         -1
gr_lrefmaxtimevalue_6       =         -1
gr_lrefmaxtimevalue_7       =         -1
gr_lrefmaxtimevalue_8       =         -1
gr_lrefmaxtimevalue_9       =         -1
gr_pmrpdivergencefree       =          1
gr_pmrpifaceoff             =          0
gr_pmrpl2p5d                =          0
gr_pmrpmaxblocks            =         -1
gr_pmrpmflags               =          1
gr_pmrpnboundaries          =          6
gr_pmrpndim                 =          3
gr_pmrpnedgevar1            =         -1
gr_pmrpnfacevar             =         -1
gr_pmrpnfielddivf           =         -1
gr_pmrpnfluxvar             =         -1
gr_pmrpnguard               =         -1
gr_pmrpnguardwork           =         -1
gr_pmrpnvar                 =         -1
gr_pmrpnvarwork             =          1
gr_pmrpnvarcorn             =          0
gr_pmrpnvaredge             =          0
gr_pmrpnxb                  =         -1
gr_pmrpnyb                  =         -1
gr_pmrpnzb                  =         -1
gr_restrictallmethod        =          3
gr_sanitizedatamode         =          1
gr_sanitizeverbosity        =          5
hy_3torder                  =         -1
hydrocomputedtoption        =         -1
iprocs                      =          1
interpol_order              =          2
irenorm                     =          0
jprocs                      =          1
kprocs                      =          1
lrefine_del                 =          0
lrefine_max                 =          1
lrefine_min                 =          1
lrefine_min_init            =          1
max_particles_per_blk       =        100
memory_stat_freq            =     100000
meshcopycount               =          1
min_particles_per_blk       =          1
mpole_lmax                  =          0
mpole_scaletype1            =          1
mpole_scaletype2            =          1
mpole_scaletype3            =          1
mpole_subsample             =          1
nbegin                      =          1
nblockx                     =          8 [CHANGED]
nblocky                     =          8 [CHANGED]
nblockz                     =          8 [CHANGED]
nend                        =     200000 [CHANGED]
nrefs                       =          2
nsteptotalsts               =          5
order                       =          2
outputsplitnum              =          1
plotfileintervalstep        =          0
plotfilenumber              =          0
refine_var_count            =          4
rolling_checkpoint          =      10000
sim_nsubzones               =          3
sweeporder                  =        123
transorder                  =          1
wr_integrals_freq           =          1
limitedslopebeta            =                 0.100E+01
poskappa1                   =                 0.400E+00
poskappa2                   =                 0.400E+00
cfl                         =                 0.500E+00 [CHANGED]
checkpointfileintervaltime  =                 0.500E+00 [CHANGED]
checkpointfileintervalz     =                 0.180+309
cond_constantcross          =                 0.000E+00
cond_constantisochoric      =                 0.000E+00
cond_constantparallel       =                 0.000E+00
cond_constantperpendicular  =                 0.000E+00
cvisc                       =                 0.100E+00
derefine_cutoff_1           =                 0.200E+00
derefine_cutoff_2           =                 0.200E+00
derefine_cutoff_3           =                 0.200E+00
derefine_cutoff_4           =                 0.200E+00
diff_eleflcoef              =                 0.100E+01
diff_ionflcoef              =                 0.100E+01
diff_magflcoef              =                 0.100E+01
diff_scalefactthermsatempdiff =                 0.100E+01
diff_scalefactthermsatime   =                 0.100E+01
diffusion_cutoff_density    =                 0.100E-29
dr_dtmincontinue            =                 0.000E+00
dr_posdefdtfactor           =                 0.100E+01
dr_tstepslowstartfactor     =                 0.100E+00
dt_diff_factor              =                 0.800E+00
dtinit                      =                 0.100E-05 [CHANGED]
dtmax                       =                 0.100E-01 [CHANGED]
dtmin                       =                 0.100E-11 [CHANGED]
eintswitch                  =                 0.000E+00
eos_coulombmult             =                 0.000E+00 [CHANGED]
eos_fluffdens               =                 0.000E+00
eos_mfaspeciesa             =                 0.100E+01
eos_mfaspeciesz             =                 0.100E+01
eos_mfbspeciesa             =                 0.100E+01
eos_mfbspeciesz             =                 0.100E+01
eos_singlespeciesa          =                 0.100E+01
eos_singlespeciesz          =                 0.100E+01
eos_tolerance               =                 0.100E-07
gamma                       =                 0.167E+01
gammaa                      =                 0.167E+01
gammab                      =                 0.167E+01
gp_elldel                   =                 0.120E+02
gp_sigdel                   =                 0.200E+01
gr_lrefinemaxredlogbase     =                 0.100E+02
gr_lrefinemaxredradiusfact  =                 0.000E+00
gr_lrefinemaxredtref        =                 0.000E+00
gr_lrefinemaxredtimescale   =                 0.100E+01
gr_lrefmaxtime_1            =                -0.100E+01
gr_lrefmaxtime_10           =                -0.100E+01
gr_lrefmaxtime_11           =                -0.100E+01
gr_lrefmaxtime_12           =                -0.100E+01
gr_lrefmaxtime_13           =                -0.100E+01
gr_lrefmaxtime_14           =                -0.100E+01
gr_lrefmaxtime_15           =                -0.100E+01
gr_lrefmaxtime_16           =                -0.100E+01
gr_lrefmaxtime_17           =                -0.100E+01
gr_lrefmaxtime_18           =                -0.100E+01
gr_lrefmaxtime_19           =                -0.100E+01
gr_lrefmaxtime_2            =                -0.100E+01
gr_lrefmaxtime_20           =                -0.100E+01
gr_lrefmaxtime_3            =                -0.100E+01
gr_lrefmaxtime_4            =                -0.100E+01
gr_lrefmaxtime_5            =                -0.100E+01
gr_lrefmaxtime_6            =                -0.100E+01
gr_lrefmaxtime_7            =                -0.100E+01
gr_lrefmaxtime_8            =                -0.100E+01
gr_lrefmaxtime_9            =                -0.100E+01
hy_cflfallbackfactor        =                 0.900E+00
hy_fpresinmomflux           =                 0.100E+01
hybridorderkappa            =                 0.000E+00
larget                      =                 0.100E+21
mpole_r12                   =                 0.000E+00
mpole_r23                   =                 0.100E+01
mpole_rscale1               =                 0.100E+01
mpole_rscale2               =                 0.100E+01
mpole_rscale3               =                 0.100E+01
nusts                       =                 0.100E+00
plotfileintervaltime        =                 0.200E-01 [CHANGED]
plotfileintervalz           =                 0.180+309
point_mass                  =                 0.000E+00
point_mass_rsoft            =                 0.000E+00
refine_cutoff_1             =                 0.800E+00
refine_cutoff_2             =                 0.800E+00
refine_cutoff_3             =                 0.800E+00
refine_cutoff_4             =                 0.800E+00
refine_filter_1             =                 0.100E-01
refine_filter_2             =                 0.100E-01
refine_filter_3             =                 0.100E-01
refine_filter_4             =                 0.100E-01
rss_limit                   =                -0.100E+01
sim_abar                    =                 0.400E+01
sim_rhoambient              =                 0.100E+01 [CHANGED]
sim_tempambient             =                 0.100E+08
sim_xctr                    =                 0.000E+00
sim_yctr                    =                 0.000E+00
sim_zbar                    =                 0.200E+01
sim_zctr                    =                 0.000E+00
small                       =                 0.100E-09
smalle                      =                 0.100E-09
smallp                      =                 0.100E-09
smallt                      =                 0.100E+06 [CHANGED]
smallu                      =                 0.100E-09
smallx                      =                 0.100E-09
smlrho                      =                 0.100E-01 [CHANGED]
tinitial                    =                 0.000E+00
tiny                        =                 0.100E-15
tmax                        =                 0.115E+01 [CHANGED]
tstep_change_factor         =                 0.200E+01
wall_clock_checkpoint       =                 0.432E+05
wall_clock_time_limit       =                 0.605E+06
x_refine_center             =                 0.000E+00
xmax                        =                 0.490E+09 [CHANGED]
xmin                        =                -0.490E+09 [CHANGED]
y_refine_center             =                 0.000E+00
ymax                        =                 0.490E+09 [CHANGED]
ymin                        =                -0.490E+09 [CHANGED]
zfinal                      =                 0.000E+00
zinitial                    =                -0.100E+01
z_refine_center             =                 0.000E+00
zmax                        =                 0.490E+09 [CHANGED]
zmin                        =                -0.490E+09 [CHANGED]
riemannsolver               = HLLC                          
unitsystem                  = none                          
basenm                      = wd_                            [CHANGED]
diff_eleflmode              = fl_none                       
diff_elexlboundarytype      = neumann                       
diff_elexrboundarytype      = neumann                       
diff_eleylboundarytype      = neumann                       
diff_eleyrboundarytype      = neumann                       
diff_elezlboundarytype      = neumann                       
diff_elezrboundarytype      = neumann                       
diff_ionflmode              = fl_none                       
diff_ionxlboundarytype      = neumann                       
diff_ionxrboundarytype      = neumann                       
diff_ionylboundarytype      = neumann                       
diff_ionyrboundarytype      = neumann                       
diff_ionzlboundarytype      = neumann                       
diff_ionzrboundarytype      = neumann                       
diff_magflmode              = fl_none                       
diff_magxxlboundarytype     = neumann                       
diff_magxxrboundarytype     = neumann                       
diff_magxylboundarytype     = neumann                       
diff_magxyrboundarytype     = neumann                       
diff_magxzlboundarytype     = neumann                       
diff_magxzrboundarytype     = neumann                       
diff_magyxlboundarytype     = neumann                       
diff_magyxrboundarytype     = neumann                       
diff_magyylboundarytype     = neumann                       
diff_magyyrboundarytype     = neumann                       
diff_magyzlboundarytype     = neumann                       
diff_magyzrboundarytype     = neumann                       
diff_magzxlboundarytype     = neumann                       
diff_magzxrboundarytype     = neumann                       
diff_magzylboundarytype     = neumann                       
diff_magzyrboundarytype     = neumann                       
diff_magzzlboundarytype     = neumann                       
diff_magzzrboundarytype     = neumann                       
dr_posdefvar_1              = none                          
dr_posdefvar_2              = none                          
dr_posdefvar_3              = none                          
dr_posdefvar_4              = none                          
entropyfixmethod            = HARTENHYMAN                   
eosmode                     = dens_ie                       
eosmodeinit                 = dens_ie                       
geometry                    = cartesian                     
gr_pmrpoutputdir            = ./                            
grav_boundary_type          = isolated                      
hy_eosmodegc                = see eosMode                   
log_file                    = wd.log                         [CHANGED]
output_directory            =                               
pc_unitsbase                = CGS                           
plot_grid_var_1             = none                          
plot_grid_var_10            = none                          
plot_grid_var_11            = none                          
plot_grid_var_12            = none                          
plot_grid_var_2             = none                          
plot_grid_var_3             = none                          
plot_grid_var_4             = none                          
plot_grid_var_5             = none                          
plot_grid_var_6             = none                          
plot_grid_var_7             = none                          
plot_grid_var_8             = none                          
plot_grid_var_9             = none                          
plot_var_1                  = dens                           [CHANGED]
plot_var_10                 = none                          
plot_var_11                 = none                          
plot_var_12                 = none                          
plot_var_13                 = none                          
plot_var_14                 = none                          
plot_var_15                 = none                          
plot_var_16                 = none                          
plot_var_2                  = temp                           [CHANGED]
plot_var_3                  = pres                           [CHANGED]
plot_var_4                  = none                          
plot_var_5                  = none                          
plot_var_6                  = none                          
plot_var_7                  = none                          
plot_var_8                  = none                          
plot_var_9                  = none                          
prof_file                   = profile.dat                   
refine_var_1                = none                          
refine_var_2                = none                          
refine_var_3                = none                          
refine_var_4                = none                          
run_comment                 = hydrostatic white dwarf, Helmh [CHANGED]
run_number                  = 1                             
sim_modelfile               = wd_model.dat                  
slopelimiter                = vanLeer                       
stats_file                  = flash.dat                     
wenomethod                  = WENO5                         
xl_boundary_type            = outflow                        [CHANGED]
xr_boundary_type            = outflow                        [CHANGED]
yl_boundary_type            = outflow                        [CHANGED]
yr_boundary_type            = outflow                        [CHANGED]
zl_boundary_type            = outflow                        [CHANGED]
zr_boundary_type            = outflow                        [CHANGED]
eosforriemann               =  F
addthermalflux              =  T
allowdtstsdominate          =  F
alwayscomputeuservars       =  T
alwaysrestrictcheckpoint    =  T
appendparrestart            =  F
charlimiting                =  T
chkguardcellsinput          =  F
chkguardcellsoutput         =  F
conserveangmom              =  F
converttoconsvdformeshcalls =  F
converttoconsvdinmeshinterp =  T
corners                     =  F
diff_anisocondforele        =  F
diff_doanisomagdiff         =  F
diff_domagdiff              =  F
diff_usecrosscond           =  F
diff_useelecond             =  F
diff_useioncond             =  F
dr_printtsteploc            =  T
dr_shortenlaststepbeforetmax =  F
dr_useposdefcomputedt       =  F
drift_tuples                =  F
eachprocwritesownabortlog   =  F
eachprocwritessummary       =  F
earlyblockdistadjustment    =  T
enablemaskedgcfill          =  T
entropy                     =  F
eos_coulombabort            =  F [CHANGED]
eos_forceconstantinput      =  F
flux_correct                =  T
geometryoverride            =  F
gr_bcenableapplymixedgds    =  T
gr_lrefinemaxbytime         =  F
gr_lrefinemaxreddobylogr    =  F
gr_lrefinemaxreddobytime    =  F
gr_pmrpadvancealllevels     =  F
gr_pmrpamrerrorchecking     =  F
gr_pmrpcartesianpm          =  F
gr_pmrpconserve             =  F
gr_pmrpconsvfluxdensities   =  T
gr_pmrpconsvfluxes          =  F
gr_pmrpcurvilinear          =  F
gr_pmrpcurvilinearconserve  =  F
gr_pmrpcylindricalpm        =  F
gr_pmrpdiagonals            =  T
gr_pmrpedgevalue            =  T
gr_pmrpedgevalueinteg       =  F
gr_pmrpemptycells           =  F
gr_pmrpforceconsistency     =  T
gr_pmrplsingularline        =  F
gr_pmrpnopermanentguardcells =  F
gr_pmrppolarpm              =  F
gr_pmrppredcorr             =  F
gr_pmrpsphericalpm          =  F
gr_pmrptimingmpi            =  F
gr_pmrptimingmpix           =  F
gr_pmrpvardt                =  F
grav_temporal_extrp         =  F
grav_unjunkpden             =  T
hy_fallbacklowercfl         =  F
hy_fullspecmsfluxhandling   =  T
hy_usefluxeqn               =  F
ignoreforcedplot            =  F
initializeparticleatrestart =  F
io_writemscalarintegrals    =  F
mpole_3daxisymmetric        =  F
mpole_dumpmoments           =  F
mpole_usematrixmpi          =  F
octant                      =  F
plotfilegridquantitydp      =  F
plotfilemetadatadp          =  F
quadrant                    =  F
reducegcellfills            =  F
refine_on_particle_count    =  F
res_addanomres              =  F
restart                     =  F
shockdetect                 =  F
shocklowercfl               =  F
summaryoutputonly           =  F
threadblocklistbuild        =  F
threaddriverblocklist       =  F
threaddriverwithinblock     =  F
threadeoswithinblock        =  F
threadhydroblocklist        =  F
threadhydrowithinblock      =  F
threadraytracebuild         =  F
threadwithinblockbuild      =  F
typematchedxfer             =  T
unbiased_geometry           =  F
updategravity               =  T
updatehydrofluxes           =  T
useburn                     =  F
usecircuit                  =  F
usecollectivehdf5           =  T
useconductivity             =  T
usecool                     =  F
usecosmology                =  F
usedeleptonize              =  F
usediffuse                  =  T
usediffusecomputedtspecies  =  T
usediffusecomputedttherm    =  T
usediffusecomputedtvisc     =  T
usediffusecomputedtmagnetic =  T
usediffusespecies           =  T
usediffusetherm             =  T
useenergydeposition         =  F
useexplicitviscosity        =  T
useflame                    =  F
usegravity                  =  T
useheat                     =  F
useheatexchange             =  F
usehydro                    =  T
useincompns                 =  F
useionize                   =  F
uselegacylabels             =  T
usemagneticresistivity      =  F
usemassdiffusivity          =  F
useopacity                  =  F
useparticles                =  F
useplasmastate              =  F
usepolytrope                =  F
useprimordialchemistry      =  F
useprotonemission           =  F
useprotonimaging            =  F
useradtrans                 =  F
useraytrace                 =  F
usests                      =  F
usestsfordiffusion          =  F
usestir                     =  F
usethomsonscattering        =  F
usetreeray                  =  F
useturb                     =  T
useviscosity                =  F
usexrayimaging              =  F
use_3dfullctu               =  T
use_pospreserv              =  F
use_auxeinteqn              =  T
use_avisc                   =  F
use_cma_advection           =  F
use_cma_flattening          =  F
use_flash_surr_blks_fill    =  T
use_flattening              =  F
use_gravhalfupdate          =  T
use_hybridorder             =  F
use_reduced_orrery          =  T
use_steepening              =  F
use_upwindtvd               =  F
writestatsummary            =  T
                                                                               
 ==============================================================================
                                                                               
 Known units of measurement:
                                                                               
              Unit                          CGS Value                Base Unit
  1                  cm                     1.0000                           cm
  2                   s                     1.0000                            s
  3                   g                     1.0000                            g
  4                   K                     1.0000                            K
  5                 esu                     1.0000                          esu
  6                 mol                     1.0000                          mol
  7                   m                     100.00                           cm
  8                  km                    1.00000E+05                       cm
  9                  pc                    3.08568E+18                       cm
 10                 kpc                    3.08568E+21                       cm
 11                 Mpc                    3.08568E+24                       cm
 12                 Gpc                    3.08568E+27                       cm
 13                Rsun                    6.96000E+10                       cm
 14                  AU                    1.49598E+13                       cm
 15                  yr                    3.15569E+07                        s
 16                 Myr                    3.15569E+13                        s
 17                 Gyr                    3.15569E+16                        s
 18                  kg                     1000.0                            g
 19                Msun                    1.98892E+33                        g
 20                 amu                    1.66054E-24                        g
 21             keV/c^2                    1.60218E-09                        g
 22                  eV                     11605.                            K
 23                   C                    2.99792E+09                      esu
 24                LFLY                    3.08568E+24                       cm
 25                TFLY                    2.05759E+17                        s
 26                MFLY                    9.88470E+45                        g
 27            clLength                    3.08568E+24                       cm
 28              clTime                    3.15569E+16                        s
 29              clMass                    1.98892E+48                        g
 30              clTemp                    1.16045E+07                        K
-----------End of Units--------------------
                                                                               
 Known physical constants:
                                                                               
    Constant Name       Constant Value   cm       s        g        K        esu      mol
  1              Newton    6.67408E-08   3.0     -2.0     -1.0      0.0      0.0      0.0    
  2      speed of light    2.99792E+10   1.0     -1.0      0.0      0.0      0.0      0.0    
  3              Planck    6.62607E-27   2.0     -1.0      1.0      0.0      0.0      0.0    
  4     electron charge    4.80320E-10   0.0      0.0      0.0      0.0      1.0      0.0    
  5       electron mass    9.10938E-28   0.0      0.0      1.0      0.0      0.0      0.0    
  6         proton mass    1.67262E-24   0.0      0.0      1.0      0.0      0.0      0.0    
  7      fine-structure    7.29735E-03   0.0      0.0      0.0      0.0      0.0      0.0    
  8            Avogadro    6.02214E+23   0.0      0.0      0.0      0.0      0.0     -1.0    
  9           Boltzmann    1.38065E-16   2.0     -2.0      1.0     -1.0      0.0      0.0    
 10  ideal gas constant    8.31446E+07   2.0     -2.0      1.0     -1.0      0.0     -1.0    
 11                Wien    0.28978       1.0      0.0      0.0      1.0      0.0      0.0    
 12    Stefan-Boltzmann    5.67037E-05   0.0     -3.0      1.0     -4.0      0.0      0.0    
 13  Radiation Constant    7.56572E-15  -1.0     -2.0      1.0     -4.0      0.0      0.0    
 14                  pi     3.1416       0.0      0.0      0.0      0.0      0.0      0.0    
 15                   e     2.7183       0.0      0.0      0.0      0.0      0.0      0.0    
 16               Euler    0.57722       0.0      0.0      0.0      0.0      0.0      0.0    
 ==============================================================================
                                                                               
 Multifluid database contents:
                                                                               
Initially defined values of species:
Name     Index          Total   Positive  Neutral   Negative  bind Ener Gamma   eosType
he4         16       4.00E+00  2.00E+00 -9.99E+02  2.00E+00 -9.99E+02  1.67E+00  -999

Name     Index  OpacityLowTemp  Zmin    Subtype ZFreeTableFile                   EnerTableFile                    PresTableFile
he4         16       0.00E+00 -9.99E+02    -999 -none-                           -none-                           -none-                          

Species Constituents
he4      0 constituents
                                                                               
 ==============================================================================
 [ 07-30-2026  00:07:25.961 ] [gr_initGeometry] checking BCs for idir: 1
 [ 07-30-2026  00:07:25.961 ] [gr_initGeometry] checking BCs for idir: 2
 [ 07-30-2026  00:07:25.961 ] [gr_initGeometry] checking BCs for idir: 3
 WARNING : Adaptive Grid did not find any variable to refine
 [ 07-30-2026  00:07:26.074 ] [GRID amr_refine_derefine]: initiating refinement
 [ 07-30-2026  00:07:26.074 ] [GRID amr_refine_derefine]: redist. phase.  tot blks requested: 512
 [GRID amr_refine_derefine] min blks 64    max blks 64    tot blks 512
 [GRID amr_refine_derefine] min leaf blks 64    max leaf blks 64    tot leaf blks 512
 [ 07-30-2026  00:07:26.076 ] [GRID amr_refine_derefine]: refinement complete
 [ 07-30-2026  00:07:26.082 ] [GRID gr_expandDomain]: iteration=1, create level=1
 [ 07-30-2026  00:07:26.726 ] [Grid_markRefineDerefine]: gcArgs=----------------+Eos
 [ 07-30-2026  00:07:26.727 ] [Grid_fillGuardCells]: gcSet=----------------
 [ 07-30-2026  00:07:26.727 ] [mpi_amr_comm_setup]: buffer_dim_send=8053, buffer_dim_recv=8053
 [ 07-30-2026  00:07:26.735 ] [GRID gr_expandDomain]: iteration=2, create level=1
 [ 07-30-2026  00:07:27.396 ] [GRID gr_expandDomain]: iteration=3, create level=1
 [ 07-30-2026  00:07:28.045 ] [gr_mpoleInit] Potential and Moment subsampling set to: 1
 [ 07-30-2026  00:07:28.045 ] [gr_mpoleInit]: using 223 moment array, 892 items
 [mpole_moments] Using looped mpi_allreduce
 [ 07-30-2026  00:07:28.045 ] memory: /proc vsize    (MiB):      271.54 (min)        271.60 (max)        271.54 (avg)
 [ 07-30-2026  00:07:28.045 ] memory: /proc rss      (MiB):      140.42 (min)        141.30 (max)        140.79 (avg)
 [ 07-30-2026  00:07:28.046 ] memory: /proc vsize    (MiB):      271.54 (min)        271.60 (max)        271.54 (avg)
 [ 07-30-2026  00:07:28.046 ] memory: /proc rss      (MiB):      140.42 (min)        141.38 (max)        140.81 (avg)
 [ 07-30-2026  00:07:28.046 ] [Hydro_init]: gcNeed=d-eefggggpstvvv-
 [ 07-30-2026  00:07:28.046 ] [mpi_amr_comm_setup]: buffer_dim_send=230261, buffer_dim_recv=230261
 [ 07-30-2026  00:07:28.185 ] memory: /proc vsize    (MiB):      271.79 (min)        271.85 (max)        271.80 (avg)
 [ 07-30-2026  00:07:28.185 ] memory: /proc rss      (MiB):      140.83 (min)        141.57 (max)        141.12 (avg)
 [ 07-30-2026  00:07:28.192 ] [IO_writeCheckpoint] open: type=checkpoint name=wd_hdf5_chk_0000
 [ 07-30-2026  00:07:28.258 ] [IO_writeCheckpoint] close: type=checkpoint name=wd_hdf5_chk_0000
 [ 07-30-2026  00:07:28.259 ] [IO_writePlotfile] open: type=plotfile name=wd_hdf5_plt_cnt_0000
 [ 07-30-2026  00:07:28.294 ] [IO_writePlotfile] close: type=plotfile name=wd_hdf5_plt_cnt_0000
 [ 07-30-2026  00:07:28.294 ] memory: /proc vsize    (MiB):      272.21 (min)        274.18 (max)        272.46 (avg)
 [ 07-30-2026  00:07:28.294 ] memory: /proc rss      (MiB):      140.96 (min)        147.89 (max)        142.10 (avg)
 [ 07-30-2026  00:07:28.294 ] [Driver_evolveFlash]: Entering evolution loop
 [ 07-30-2026  00:07:28.294 ] step: n=1 t=0.000000E+00 dt=1.000000E-06
 [ 07-30-2026  00:07:28.294 ] [hy_uhd_unsplit]: gcNeed=d-eefggggpstvvv-+Eos
 [ 07-30-2026  00:07:28.294 ] [Grid_fillGuardCells]: gcSet=d-eefggggpstvvvh+Eos
 [ 07-30-2026  00:07:28.294 ] [mpi_amr_comm_setup]: buffer_dim_send=216373, buffer_dim_recv=216373
 [ 07-30-2026  00:07:29.039 ] [hy_uhd_unsplit]: gcWant[Pot]=--------g-------
 [ 07-30-2026  00:07:29.039 ] [Grid_fillGuardCells]: gcSet[no doEos]=--------g-------+Eos
 [ 07-30-2026  00:07:29.039 ] [mpi_amr_comm_setup]: buffer_dim_send=21941, buffer_dim_recv=21941
 [ 07-30-2026  00:07:29.128 ] step: n=2 t=1.000000E-06 dt=2.000000E-06
 [ 07-30-2026  00:07:29.128 ] [mpi_amr_comm_setup]: buffer_dim_send=216373, buffer_dim_recv=216373
 [ 07-30-2026  00:07:29.859 ] [mpi_amr_comm_setup]: buffer_dim_send=21941, buffer_dim_recv=21941
 [ 07-30-2026  00:07:29.924 ] [mpi_amr_comm_setup]: buffer_dim_send=8053, buffer_dim_recv=8053
 [ 07-30-2026  00:07:29.958 ] step: n=3 t=3.000000E-06 dt=4.000000E-06
 [ 07-30-2026  00:07:29.958 ] [mpi_amr_comm_setup]: buffer_dim_send=216373, buffer_dim_recv=216373
 [ 07-30-2026  00:07:30.678 ] [mpi_amr_comm_setup]: buffer_dim_send=21941, buffer_dim_recv=21941
 [ 07-30-2026  00:07:30.768 ] step: n=4 t=7.000000E-06 dt=8.000000E-06
 [ 07-30-2026  00:07:30.768 ] [mpi_amr_comm_setup]: buffer_dim_send=216373, buffer_dim_recv=216373
 [ 07-30-2026  00:07:31.497 ] [mpi_amr_comm_setup]: buffer_dim_send=21941, buffer_dim_recv=21941
 [ 07-30-2026  00:07:31.562 ] [mpi_amr_comm_setup]: buffer_dim_send=8053, buffer_dim_recv=8053
 [ 07-30-2026  00:07:31.596 ] step: n=5 t=1.500000E-05 dt=1.600000E-05
 [ 07-30-2026  00:07:31.596 ] [mpi_amr_comm_setup]: buffer_dim_send=216373, buffer_dim_recv=216373
 [ 07-30-2026  00:07:32.326 ] [mpi_amr_comm_setup]: buffer_dim_send=21941, buffer_dim_recv=21941
 [ 07-30-2026  00:07:32.415 ] step: n=6 t=3.100000E-05 dt=3.200000E-05
 [ 07-30-2026  00:07:32.416 ] [mpi_amr_comm_setup]: buffer_dim_send=216373, buffer_dim_recv=216373
 [ 07-30-2026  00:07:33.151 ] [mpi_amr_comm_setup]: buffer_dim_send=21941, buffer_dim_recv=21941
 [ 07-30-2026  00:07:33.216 ] [mpi_amr_comm_setup]: buffer_dim_send=8053, buffer_dim_recv=8053
 [ 07-30-2026  00:07:33.253 ] step: n=7 t=6.300000E-05 dt=6.400000E-05
 [ 07-30-2026  00:07:33.254 ] [mpi_amr_comm_setup]: buffer_dim_send=216373, buffer_dim_recv=216373
 [ 07-30-2026  00:07:34.006 ] [mpi_amr_comm_setup]: buffer_dim_send=21941, buffer_dim_recv=21941
 [ 07-30-2026  00:07:34.101 ] step: n=8 t=1.270000E-04 dt=1.280000E-04
 [ 07-30-2026  00:07:34.102 ] [mpi_amr_comm_setup]: buffer_dim_send=216373, buffer_dim_recv=216373
 [ 07-30-2026  00:07:34.833 ] [mpi_amr_comm_setup]: buffer_dim_send=21941, buffer_dim_recv=21941
 [ 07-30-2026  00:07:34.947 ] [mpi_amr_comm_setup]: buffer_dim_send=8053, buffer_dim_recv=8053
 [ 07-30-2026  00:07:34.980 ] step: n=9 t=2.550000E-04 dt=2.560000E-04
 [ 07-30-2026  00:07:34.980 ] [mpi_amr_comm_setup]: buffer_dim_send=216373, buffer_dim_recv=216373
 [ 07-30-2026  00:07:35.708 ] [mpi_amr_comm_setup]: buffer_dim_send=21941, buffer_dim_recv=21941
 [ 07-30-2026  00:07:35.848 ] step: n=10 t=5.110000E-04 dt=5.120000E-04
 [ 07-30-2026  00:07:35.848 ] [mpi_amr_comm_setup]: buffer_dim_send=216373, buffer_dim_recv=216373
 [ 07-30-2026  00:07:36.580 ] [mpi_amr_comm_setup]: buffer_dim_send=21941, buffer_dim_recv=21941
 [ 07-30-2026  00:07:36.698 ] [mpi_amr_comm_setup]: buffer_dim_send=8053, buffer_dim_recv=8053
 [ 07-30-2026  00:07:36.736 ] step: n=11 t=1.023000E-03 dt=1.024000E-03
 [ 07-30-2026  00:07:36.736 ] [mpi_amr_comm_setup]: buffer_dim_send=216373, buffer_dim_recv=216373
 [ 07-30-2026  00:07:37.467 ] [mpi_amr_comm_setup]: buffer_dim_send=21941, buffer_dim_recv=21941
 [ 07-30-2026  00:07:37.613 ] step: n=12 t=2.047000E-03 dt=2.048000E-03
 [ 07-30-2026  00:07:37.613 ] [mpi_amr_comm_setup]: buffer_dim_send=216373, buffer_dim_recv=216373
 [ 07-30-2026  00:07:38.348 ] [mpi_amr_comm_setup]: buffer_dim_send=21941, buffer_dim_recv=21941
 [ 07-30-2026  00:07:38.423 ] [mpi_amr_comm_setup]: buffer_dim_send=8053, buffer_dim_recv=8053
 [ 07-30-2026  00:07:38.456 ] step: n=13 t=4.095000E-03 dt=4.096000E-03
 [ 07-30-2026  00:07:38.456 ] [mpi_amr_comm_setup]: buffer_dim_send=216373, buffer_dim_recv=216373
 [ 07-30-2026  00:07:39.200 ] [mpi_amr_comm_setup]: buffer_dim_send=21941, buffer_dim_recv=21941
 [ 07-30-2026  00:07:39.357 ] step: n=14 t=8.191000E-03 dt=8.192000E-03
 [ 07-30-2026  00:07:39.357 ] [mpi_amr_comm_setup]: buffer_dim_send=216373, buffer_dim_recv=216373
 [ 07-30-2026  00:07:40.097 ] [mpi_amr_comm_setup]: buffer_dim_send=21941, buffer_dim_recv=21941
 [ 07-30-2026  00:07:40.176 ] [mpi_amr_comm_setup]: buffer_dim_send=8053, buffer_dim_recv=8053
 [ 07-30-2026  00:07:40.213 ] step: n=15 t=1.638300E-02 dt=9.467762E-03
 [ 07-30-2026  00:07:40.214 ] [mpi_amr_comm_setup]: buffer_dim_send=216373, buffer_dim_recv=216373
 [ 07-30-2026  00:07:40.950 ] [mpi_amr_comm_setup]: buffer_dim_send=21941, buffer_dim_recv=21941
 [ 07-30-2026  00:07:41.092 ] [IO_writePlotfile] open: type=plotfile name=wd_hdf5_plt_cnt_0001
 [ 07-30-2026  00:07:41.126 ] [IO_writePlotfile] close: type=plotfile name=wd_hdf5_plt_cnt_0001
 [ 07-30-2026  00:07:41.151 ] step: n=16 t=2.585076E-02 dt=9.454281E-03
 [ 07-30-2026  00:07:41.151 ] [mpi_amr_comm_setup]: buffer_dim_send=216373, buffer_dim_recv=216373
 [ 07-30-2026  00:07:41.887 ] [mpi_amr_comm_setup]: buffer_dim_send=21941, buffer_dim_recv=21941
 [ 07-30-2026  00:07:41.969 ] [mpi_amr_comm_setup]: buffer_dim_send=8053, buffer_dim_recv=8053
 [ 07-30-2026  00:07:42.007 ] step: n=17 t=3.530504E-02 dt=9.446820E-03
 [ 07-30-2026  00:07:42.007 ] [mpi_amr_comm_setup]: buffer_dim_send=216373, buffer_dim_recv=216373
 [ 07-30-2026  00:07:42.737 ] [mpi_amr_comm_setup]: buffer_dim_send=21941, buffer_dim_recv=21941
 [ 07-30-2026  00:07:42.818 ] [IO_writePlotfile] open: type=plotfile name=wd_hdf5_plt_cnt_0002
 [ 07-30-2026  00:07:42.846 ] [IO_writePlotfile] close: type=plotfile name=wd_hdf5_plt_cnt_0002
 [ 07-30-2026  00:07:42.871 ] step: n=18 t=4.475186E-02 dt=9.443408E-03
 [ 07-30-2026  00:07:42.871 ] [mpi_amr_comm_setup]: buffer_dim_send=216373, buffer_dim_recv=216373
 [ 07-30-2026  00:07:43.619 ] [mpi_amr_comm_setup]: buffer_dim_send=21941, buffer_dim_recv=21941
 [ 07-30-2026  00:07:43.702 ] [mpi_amr_comm_setup]: buffer_dim_send=8053, buffer_dim_recv=8053
 [ 07-30-2026  00:07:43.735 ] step: n=19 t=5.419527E-02 dt=9.442700E-03
 [ 07-30-2026  00:07:43.735 ] [mpi_amr_comm_setup]: buffer_dim_send=216373, buffer_dim_recv=216373
 [ 07-30-2026  00:07:44.466 ] [mpi_amr_comm_setup]: buffer_dim_send=21941, buffer_dim_recv=21941
 [ 07-30-2026  00:07:44.548 ] [IO_writePlotfile] open: type=plotfile name=wd_hdf5_plt_cnt_0003
 [ 07-30-2026  00:07:44.581 ] [IO_writePlotfile] close: type=plotfile name=wd_hdf5_plt_cnt_0003
 [ 07-30-2026  00:07:44.606 ] step: n=20 t=6.363797E-02 dt=9.443688E-03
 [ 07-30-2026  00:07:44.606 ] [mpi_amr_comm_setup]: buffer_dim_send=216373, buffer_dim_recv=216373
 [ 07-30-2026  00:07:45.345 ] [mpi_amr_comm_setup]: buffer_dim_send=21941, buffer_dim_recv=21941
 [ 07-30-2026  00:07:45.427 ] [mpi_amr_comm_setup]: buffer_dim_send=8053, buffer_dim_recv=8053
 [ 07-30-2026  00:07:45.460 ] step: n=21 t=7.308166E-02 dt=9.445666E-03
 [ 07-30-2026  00:07:45.460 ] [mpi_amr_comm_setup]: buffer_dim_send=216373, buffer_dim_recv=216373
 [ 07-30-2026  00:07:46.203 ] [mpi_amr_comm_setup]: buffer_dim_send=21941, buffer_dim_recv=21941
 [ 07-30-2026  00:07:46.344 ] [IO_writePlotfile] open: type=plotfile name=wd_hdf5_plt_cnt_0004
 [ 07-30-2026  00:07:46.417 ] [IO_writePlotfile] close: type=plotfile name=wd_hdf5_plt_cnt_0004
 [ 07-30-2026  00:07:46.442 ] step: n=22 t=8.252732E-02 dt=9.448365E-03
 [ 07-30-2026  00:07:46.442 ] [mpi_amr_comm_setup]: buffer_dim_send=216373, buffer_dim_recv=216373
 [ 07-30-2026  00:07:47.182 ] [mpi_amr_comm_setup]: buffer_dim_send=21941, buffer_dim_recv=21941
 [ 07-30-2026  00:07:47.262 ] [mpi_amr_comm_setup]: buffer_dim_send=8053, buffer_dim_recv=8053
 [ 07-30-2026  00:07:47.296 ] step: n=23 t=9.197569E-02 dt=9.451847E-03
 [ 07-30-2026  00:07:47.296 ] [mpi_amr_comm_setup]: buffer_dim_send=216373, buffer_dim_recv=216373
 [ 07-30-2026  00:07:48.069 ] [mpi_amr_comm_setup]: buffer_dim_send=21941, buffer_dim_recv=21941
 [ 07-30-2026  00:07:48.150 ] [IO_writePlotfile] open: type=plotfile name=wd_hdf5_plt_cnt_0005
 [ 07-30-2026  00:07:48.173 ] [IO_writePlotfile] close: type=plotfile name=wd_hdf5_plt_cnt_0005
 [ 07-30-2026  00:07:48.198 ] step: n=24 t=1.014275E-01 dt=9.456248E-03
 [ 07-30-2026  00:07:48.198 ] [mpi_amr_comm_setup]: buffer_dim_send=216373, buffer_dim_recv=216373
 [ 07-30-2026  00:07:48.936 ] [mpi_amr_comm_setup]: buffer_dim_send=21941, buffer_dim_recv=21941
 [ 07-30-2026  00:07:49.019 ] [mpi_amr_comm_setup]: buffer_dim_send=8053, buffer_dim_recv=8053
 [ 07-30-2026  00:07:49.052 ] step: n=25 t=1.108838E-01 dt=9.461591E-03
 [ 07-30-2026  00:07:49.052 ] [mpi_amr_comm_setup]: buffer_dim_send=216373, buffer_dim_recv=216373
 [ 07-30-2026  00:07:49.789 ] [mpi_amr_comm_setup]: buffer_dim_send=21941, buffer_dim_recv=21941
 [ 07-30-2026  00:07:49.873 ] [IO_writePlotfile] open: type=plotfile name=wd_hdf5_plt_cnt_0006
 [ 07-30-2026  00:07:49.899 ] [IO_writePlotfile] close: type=plotfile name=wd_hdf5_plt_cnt_0006
 [ 07-30-2026  00:07:49.924 ] step: n=26 t=1.203454E-01 dt=9.467731E-03
 [ 07-30-2026  00:07:49.924 ] [mpi_amr_comm_setup]: buffer_dim_send=216373, buffer_dim_recv=216373
 [ 07-30-2026  00:07:50.652 ] [mpi_amr_comm_setup]: buffer_dim_send=21941, buffer_dim_recv=21941
 [ 07-30-2026  00:07:50.736 ] [mpi_amr_comm_setup]: buffer_dim_send=8053, buffer_dim_recv=8053
 [ 07-30-2026  00:07:50.774 ] step: n=27 t=1.298131E-01 dt=9.474416E-03
 [ 07-30-2026  00:07:50.774 ] [mpi_amr_comm_setup]: buffer_dim_send=216373, buffer_dim_recv=216373
 [ 07-30-2026  00:07:51.504 ] [mpi_amr_comm_setup]: buffer_dim_send=21941, buffer_dim_recv=21941
 [ 07-30-2026  00:07:51.613 ] step: n=28 t=1.392875E-01 dt=9.481389E-03
 [ 07-30-2026  00:07:51.613 ] [mpi_amr_comm_setup]: buffer_dim_send=216373, buffer_dim_recv=216373
 [ 07-30-2026  00:07:52.361 ] [mpi_amr_comm_setup]: buffer_dim_send=21941, buffer_dim_recv=21941
 [ 07-30-2026  00:07:52.445 ] [IO_writePlotfile] open: type=plotfile name=wd_hdf5_plt_cnt_0007
 [ 07-30-2026  00:07:52.477 ] [IO_writePlotfile] close: type=plotfile name=wd_hdf5_plt_cnt_0007
 [ 07-30-2026  00:07:52.477 ] [mpi_amr_comm_setup]: buffer_dim_send=8053, buffer_dim_recv=8053
 [ 07-30-2026  00:07:52.514 ] step: n=29 t=1.487689E-01 dt=9.488485E-03
 [ 07-30-2026  00:07:52.514 ] [mpi_amr_comm_setup]: buffer_dim_send=216373, buffer_dim_recv=216373
 [ 07-30-2026  00:07:53.269 ] [mpi_amr_comm_setup]: buffer_dim_send=21941, buffer_dim_recv=21941
 [ 07-30-2026  00:07:53.378 ] step: n=30 t=1.582574E-01 dt=9.495671E-03
 [ 07-30-2026  00:07:53.378 ] [mpi_amr_comm_setup]: buffer_dim_send=216373, buffer_dim_recv=216373
 [ 07-30-2026  00:07:54.119 ] [mpi_amr_comm_setup]: buffer_dim_send=21941, buffer_dim_recv=21941
 [ 07-30-2026  00:07:54.204 ] [IO_writePlotfile] open: type=plotfile name=wd_hdf5_plt_cnt_0008
 [ 07-30-2026  00:07:54.235 ] [IO_writePlotfile] close: type=plotfile name=wd_hdf5_plt_cnt_0008
 [ 07-30-2026  00:07:54.235 ] [mpi_amr_comm_setup]: buffer_dim_send=8053, buffer_dim_recv=8053
 [ 07-30-2026  00:07:54.268 ] step: n=31 t=1.677531E-01 dt=9.503025E-03
 [ 07-30-2026  00:07:54.268 ] [mpi_amr_comm_setup]: buffer_dim_send=216373, buffer_dim_recv=216373
 [ 07-30-2026  00:07:55.012 ] [mpi_amr_comm_setup]: buffer_dim_send=21941, buffer_dim_recv=21941
 [ 07-30-2026  00:07:55.123 ] step: n=32 t=1.772561E-01 dt=9.510684E-03
 [ 07-30-2026  00:07:55.123 ] [mpi_amr_comm_setup]: buffer_dim_send=216373, buffer_dim_recv=216373
 [ 07-30-2026  00:07:55.864 ] [mpi_amr_comm_setup]: buffer_dim_send=21941, buffer_dim_recv=21941
 [ 07-30-2026  00:07:55.953 ] [IO_writePlotfile] open: type=plotfile name=wd_hdf5_plt_cnt_0009
 [ 07-30-2026  00:07:55.992 ] [IO_writePlotfile] close: type=plotfile name=wd_hdf5_plt_cnt_0009
 [ 07-30-2026  00:07:55.992 ] [mpi_amr_comm_setup]: buffer_dim_send=8053, buffer_dim_recv=8053
 [ 07-30-2026  00:07:56.024 ] step: n=33 t=1.867668E-01 dt=9.518785E-03
 [ 07-30-2026  00:07:56.024 ] [mpi_amr_comm_setup]: buffer_dim_send=216373, buffer_dim_recv=216373
 [ 07-30-2026  00:07:56.796 ] [mpi_amr_comm_setup]: buffer_dim_send=21941, buffer_dim_recv=21941
 [ 07-30-2026  00:07:56.907 ] step: n=34 t=1.962856E-01 dt=9.527416E-03
 [ 07-30-2026  00:07:56.907 ] [mpi_amr_comm_setup]: buffer_dim_send=216373, buffer_dim_recv=216373
 [ 07-30-2026  00:07:57.635 ] [mpi_amr_comm_setup]: buffer_dim_send=21941, buffer_dim_recv=21941
 [ 07-30-2026  00:07:57.723 ] [IO_writePlotfile] open: type=plotfile name=wd_hdf5_plt_cnt_0010
 [ 07-30-2026  00:07:57.750 ] [IO_writePlotfile] close: type=plotfile name=wd_hdf5_plt_cnt_0010
 [ 07-30-2026  00:07:57.750 ] [mpi_amr_comm_setup]: buffer_dim_send=8053, buffer_dim_recv=8053
 [ 07-30-2026  00:07:57.782 ] step: n=35 t=2.058130E-01 dt=9.536603E-03
 [ 07-30-2026  00:07:57.782 ] [mpi_amr_comm_setup]: buffer_dim_send=216373, buffer_dim_recv=216373
 [ 07-30-2026  00:07:58.513 ] [mpi_amr_comm_setup]: buffer_dim_send=21941, buffer_dim_recv=21941
 [ 07-30-2026  00:07:58.626 ] step: n=36 t=2.153496E-01 dt=7.117068E-03
 [ 07-30-2026  00:07:58.626 ] [mpi_amr_comm_setup]: buffer_dim_send=216373, buffer_dim_recv=216373
 [ 07-30-2026  00:07:59.368 ] [mpi_amr_comm_setup]: buffer_dim_send=21941, buffer_dim_recv=21941
 [ 07-30-2026  00:07:59.456 ] [IO_writePlotfile] open: type=plotfile name=wd_hdf5_plt_cnt_0011
 [ 07-30-2026  00:07:59.482 ] [IO_writePlotfile] close: type=plotfile name=wd_hdf5_plt_cnt_0011
 [ 07-30-2026  00:07:59.483 ] [mpi_amr_comm_setup]: buffer_dim_send=8053, buffer_dim_recv=8053
 [ 07-30-2026  00:07:59.520 ] step: n=37 t=2.224666E-01 dt=2.806309E-08
 [ 07-30-2026  00:07:59.520 ] [mpi_amr_comm_setup]: buffer_dim_send=216373, buffer_dim_recv=216373
 [ 07-30-2026  00:08:00.259 ] [mpi_amr_comm_setup]: buffer_dim_send=21941, buffer_dim_recv=21941
 [ 07-30-2026  00:08:00.350 ] step: n=38 t=2.224667E-01 dt=1.641162E-08
 [ 07-30-2026  00:08:00.350 ] [mpi_amr_comm_setup]: buffer_dim_send=216373, buffer_dim_recv=216373
 [ 07-30-2026  00:08:01.095 ] [mpi_amr_comm_setup]: buffer_dim_send=21941, buffer_dim_recv=21941
 [ 07-30-2026  00:08:01.160 ] [mpi_amr_comm_setup]: buffer_dim_send=8053, buffer_dim_recv=8053
 [ 07-30-2026  00:08:01.193 ] step: n=39 t=2.224667E-01 dt=1.772494E-12
 [ 07-30-2026  00:08:01.193 ] [mpi_amr_comm_setup]: buffer_dim_send=216373, buffer_dim_recv=216373
 [ 07-30-2026  00:08:01.935 ] [mpi_amr_comm_setup]: buffer_dim_send=21941, buffer_dim_recv=21941
 [ 07-30-2026  00:08:02.024 ] step: n=40 t=2.224667E-01 dt=1.000000E-12
 [ 07-30-2026  00:08:02.024 ] [mpi_amr_comm_setup]: buffer_dim_send=216373, buffer_dim_recv=216373
 [ 07-30-2026  00:08:02.756 ] [mpi_amr_comm_setup]: buffer_dim_send=21941, buffer_dim_recv=21941
 [eos_helm] Negative total pressure.
   values: dens,temp:    89686412012.590103        1239379014406.3528
   values: abar,zbar:    4.0000000000000000        2.0000000000000000
   coulomb coupling parameter Gamma:    2.0701458106430082E-003
  Prad   5.95054E+33 Pion  2.31051E+30 Pele  -1.76087E+35 Pcoul -0.00000E+00
  Ptot   -1.70134E+35 df_d   -8.75656E+13
 [ 07-30-2026  00:08:02.790 ] [DRIVER_ABORT]: Driver_abort() called by PE           0
 [ 07-30-2026  00:08:02.790 ] abort_message: [eos_helm] ERROR: negative total pressure.
