# non-barotropic ceiling scan; floor=0.0203, barotropic ceiling=0.018, B_c=4.4140e+13
k0,alpha,rho_c,status,M_msun,M0_msun,mu_mean,mu_lo,mu_hi,over_floor,ledoux,mu_p01,mu_p99,f_bad,E_pol_over_W,E_mag_over_W,VE,tor_w,E_tor_over_W,bt_bp,f_core,rot_w,a_rot,T_over_W,shed,strict,beats_ceiling,B_over_Bc
1e-12,0.4,1000000000.0,gate,1.0913116496794526,1.3463785171468987,2.248399788132066,2.1227161152959937,2.892232094580599,16.859631146494852,1.0001288388490643,2.0700996377274583,2.297538413929892,0.8150212043846956,0.028360221351674597,0.028360221351674597,0.0004372306720447267,0.0,0.0,0.0,0.143253038338519,0.0,0.5,0.0,0.0,False,True,0.5548529983234264
1e-12,0.4,1000000000.0,gate,1.2338537332679556,1.3463785171468987,2.1331377166507557,1.946061786804235,2.2345339916970444,6.66176090370171,0.5552744814253138,1.9621340594873868,2.2332990003287887,0.2674033997238081,0.02339455149272654,0.02339455149272654,0.0003572323917590496,0.0,0.0,0.0,0.1450264359407499,0.02,0.5,0.01999675043721608,0.03306820115351247,False,True,0.5548529983234264
1e-12,0.4,1000000000.0,gate,1.2106407679395534,1.3463785171468987,2.169366056391588,2.081338440813945,2.255655704800865,3.9583256656741557,0.9802296893554169,1.9901135259414016,2.2557341935703774,0.4384421390291216,0.024306238361732513,0.024306238361732513,0.00037233438459680687,0.0,0.0,0.0,0.14264022188353082,0.02,1.0,0.0199970115831342,0.10939366285346361,False,True,0.5548529983234264
1e-12,0.4,1000000000.0,gate,1.2025087194587543,1.3463785171468987,2.1840164706554606,2.092846564501774,2.283680703279735,4.304315749369718,1.0,1.998394250390273,2.2695938826254936,0.49759881331055406,0.02465904669432251,0.02465904669432251,0.00037091871711621307,0.0,0.0,0.0,0.14043882433930527,0.02,2.0,0.0199967516820375,0.6223049639101519,False,True,0.5548529983234264
1e-12,0.4,1000000000.0,gate,1.414683126882235,1.3463785171468987,1.993121056968054,1.6491153965933305,2.16125801690175,12.657886694640588,0.004707853526199332,1.7919997814789586,2.1644863518637445,0.035705215198226205,0.01887388117304441,0.01887388117304441,0.00028752203845672035,0.0,0.0,0.0,0.14310153590314453,0.04,0.5,0.03999080216903098,0.05661967931997257,False,True,0.5548529983234264
1e-12,0.4,1000000000.0,gate,1.351295353148371,1.3463785171468987,2.061045363788617,1.8092930848471966,2.206258313679159,9.487873350317207,0.06997116510613795,1.8868839685851253,2.2055545061957216,0.03856963082432028,0.020694924612414733,0.020694924612414733,0.0003185653512491915,0.0,0.0,0.0,0.1413731811048768,0.04,1.0,0.03999224181697207,0.21221851474532014,False,True,0.5548529983234264
1e-12,0.4,1000000000.0,runaway,,,,,,,,,,,,,,0.0,,,,0.04,2.0,,,,,
1e-12,0.4,1000000000.0,gate,1.651153828103842,1.3463785171468987,1.848526130138407,1.4448288673400926,2.086382402061395,17.096659811726788,0.01026932493659336,1.587361081918853,2.0905233658578606,0.20307725863224588,0.014782468930648721,0.014782468930648721,0.00023411873970397186,0.0,0.0,0.0,0.14004291214856876,0.06,0.5,0.0599807791168046,0.06881227174863655,False,False,0.5548529983234264
1e-12,0.4,1000000000.0,runaway,,,,,,,,,,,,,,0.0,,,,0.06,1.0,,,,,
1e-12,0.4,1000000000.0,runaway,,,,,,,,,,,,,,0.0,,,,0.06,2.0,,,,,
1e-12,0.4,1000000000.0,gate,1.9729894884004093,1.3463785171468987,1.6993046782247117,1.266427619961303,2.0131151728799663,21.645699294630532,0.0,1.3894182044801713,2.0085924937391866,0.5041935155686004,0.0111115075146889,0.0111115075146889,0.00020675053744132344,0.0,0.0,0.0,0.1328332345619025,0.08,0.5,0.07996500962399722,0.068186702431178,False,False,0.5548529983234264
1e-12,0.4,1000000000.0,runaway,,,,,,,,,,,,,,0.0,,,,0.08,1.0,,,,,
1e-12,0.4,1000000000.0,runaway,,,,,,,,,,,,,,0.0,,,,0.08,2.0,,,,,
1e-12,0.4,1000000000.0,gate,1.0762908802959867,1.3463785171468987,2.279092018687832,2.161189402847367,2.953032809575685,17.115177470241463,1.0001159225934286,2.0843285155343985,2.508185497477072,0.8752337495161198,0.02899576178704324,0.033995264127623964,0.0004362237407854432,0.005,0.004999502340580723,0.305013488257229,0.14248547549401175,0.0,0.5,0.0,0.0,False,True,0.5548529983234264
1e-12,0.4,1000000000.0,gate,1.2154723322523422,1.3463785171468987,2.1619036288688287,1.986494109194013,2.24629707869284,5.919864172704602,0.558198174879895,1.9766041552717806,2.327718747910224,0.5604784372489714,0.023981983404035494,0.028981248499986702,0.00035924062433211794,0.005,0.004999265095951209,0.30284608332530166,0.14422711474905567,0.02,0.5,0.019997060383804843,0.03350346535252568,False,True,0.5548529983234264
1e-12,0.4,1000000000.0,gate,1.1929454060186846,1.3463785171468987,2.1992917838996306,2.130368036122283,2.290247627547281,3.5810809642335104,1.0,2.004310781585953,2.349709278203265,0.690147800502397,0.02490309079610098,0.029902416542265626,0.000374926438887045,0.005,0.004999325746164648,0.28681815300616587,0.14182716403611337,0.02,1.0,0.019997302984658596,0.11151017236020518,False,True,0.5548529983234264
1e-12,0.4,1000000000.0,gate,1.1828239616102256,1.3463785171468987,2.4654560887471195,2.160434728326609,6.765380652520022,92.009193691555,1.0,2.013369370535166,2.5743428752951427,0.7600182559716306,0.02529370064652605,0.030292855052849496,7.724060594558501e-05,0.005,0.004999154406323445,0.21812284657512007,0.14335357335232685,0.02,2.0,0.01999661762529378,0.6370345093698268,False,True,0.5548529983234264
1e-12,0.4,1000000000.0,gate,1.3914394786064044,1.3463785171468987,2.019506458314608,1.671698581015173,2.1739673727194693,12.251659264666431,0.0017156940651886418,1.8130148583066314,2.1863375013359607,0.029300066860253708,0.019416742616901572,0.02441569945161869,0.00029178028914854555,0.005,0.004998956834717115,0.304481930521668,0.14213559725174546,0.04,0.5,0.03999165467773692,0.05728150174798302,False,True,0.5548529983234264
1e-12,0.4,1000000000.0,gate,1.3294321480134694,1.3463785171468987,2.120995710698896,1.999112426581862,2.251854436809976,5.870047387946689,1.1595215891080501,1.9122839537500653,2.227634502620782,0.23358246980270223,0.02126782002575807,0.026266939320014643,0.0002964176189441271,0.005,0.004999119294256573,0.2568697546460553,0.14040956927004655,0.04,1.0,0.03999295435405259,0.21595743988284943,False,True,0.5548529983234264
1e-12,0.4,1000000000.0,runaway,,,,,,,,,,,,,,0.005,,,,0.04,2.0,,,,,
1e-12,0.4,1000000000.0,gate,1.6204922960878354,1.3463785171468987,1.8757635766314895,1.489599765947896,2.0995201718054277,16.017658389540674,0.00946929161238915,1.6113480877557262,2.103174371332877,0.1522744813113708,0.0152825703028488,0.020281120523220827,0.00023747790614930074,0.005,0.004998550220372025,0.31120684406088384,0.1386991265251594,0.06,0.5,0.059982602644464283,0.06951415247101195,False,False,0.5548529983234264
1e-12,0.4,1000000000.0,runaway,,,,,,,,,,,,,,0.005,,,,0.06,1.0,,,,,
1e-12,0.4,1000000000.0,runaway,,,,,,,,,,,,,,0.005,,,,0.06,2.0,,,,,
1e-12,0.4,1000000000.0,gate,1.9303094957387152,1.3463785171468987,1.7317741935968172,1.349050076801922,2.0240203704974036,19.199828872193045,0.014087315027856734,1.422860830946611,2.0235228302449264,0.4102998973820931,0.011567827158524287,0.01656584938222327,0.000199391077713746,0.005,0.004998022223698985,0.32625394758115756,0.12928100312735785,0.08,0.5,0.07996835557918375,0.0687838639053431,False,False,0.5548529983234264
1e-12,0.4,1000000000.0,runaway,,,,,,,,,,,,,,0.005,,,,0.08,1.0,,,,,
1e-12,0.4,1000000000.0,runaway,,,,,,,,,,,,,,0.005,,,,0.08,2.0,,,,,
1e-12,0.4,1000000000.0,gate,1.0616500889051583,1.3463785171468987,2.3168266570929643,2.2034591578501472,3.01315337782542,17.215968512359254,1.0825384848447759,2.0979203751402116,3.058497802352699,0.9024393201795342,0.02963364868405585,0.03963274651721515,0.00043386847957530564,0.01,0.009999097833159299,0.42668832854561356,0.14173931441966758,0.0,0.5,0.0,0.0,False,True,0.5548529983234264
1e-12,0.4,1000000000.0,gate,1.1976332621604215,1.3463785171468987,2.192971049281122,2.00462761875672,2.2710154575708086,5.983915583593188,0.5541612429393933,1.991050645088256,2.608107471141513,0.6580298826243048,0.02457135315224796,0.034570021523665236,0.0003606450125947108,0.01,0.009998668371417267,0.4231243045796411,0.14337878399179566,0.02,0.5,0.019997336742834534,0.033947956061564054,False,True,0.5548529983234264
1e-12,0.4,1000000000.0,gate,1.1757795732329854,1.3463785171468987,2.233376063835691,2.176824336252619,2.339965847901935,3.5983763762793006,1.0479484581477145,2.018739770636229,2.61148332156194,0.7520956629869462,0.02550129435569502,0.03550008058283419,0.0003769873637942742,0.01,0.009998786227139164,0.40083909471086393,0.14341749669674084,0.02,1.0,0.01999757245427834,0.11368813737946859,False,True,0.5548529983234264
1e-12,0.4,1000000000.0,gate,1.1673454456153007,1.3463785171468987,5.420866647249869e+17,1.7035310227553053,5.420866647249869e+18,492.6108374384237,1.4087478402214219e-18,2.0074839912071565,5.976090641789533,0.8496590941079812,0.02603138433011687,0.03592438471968329,0.004553281654684517,0.01,0.00989300038956642,0.28086238088649407,0.07865685532648171,0.02,2.0,0.01978600077913284,0.47768514001931545,False,True,0.5548529983234264
1e-12,0.4,1000000000.0,gate,1.368997546066427,1.3463785171468987,2.0477587379849798,1.6962577185931105,2.1855455325081543,11.77035532995847,0.0,1.8312604043693983,2.336878689670388,0.17480101188796782,0.019961563768049195,0.029959672061750847,0.00029531690665425455,0.01,0.009998108293701652,0.4246896294870496,0.14120798646682525,0.04,0.5,0.03999243317480661,0.05795599987071178,False,True,0.5548529983234264
1e-12,0.4,1000000000.0,gate,1.3083186755669993,1.3463785171468987,2.2001540632366035,2.109565646109322,3.0459335578718503,20.965121891748307,1.0567644768514564,1.9288361354223527,2.3660539367953937,0.5140411741852686,0.02184184783926205,0.03184024995564671,0.0002551224599774226,0.01,0.009998402116384659,0.3584662890402115,0.13927195688178126,0.04,1.0,0.03999360846553865,0.21980376623684358,False,True,0.5548529983234264
1e-12,0.4,1000000000.0,gate,1.4809817371312626,1.3463785171468987,6576206.094475137,2.1612766604394684,46033414.75540574,344.82736097935924,2.544561993731234e-07,1.95376880720698,17.448852193215252,0.38359958022184576,0.02163632164900414,0.031734677570695334,0.031566992694717855,0.01,0.010098355921691195,0.28851709119879243,0.046400764596618765,0.04,2.0,0.040393423686764775,0.29067891258686196,False,True,0.5548529983234264
1e-12,0.4,1000000000.0,gate,1.5910833526887003,1.3463785171468987,1.9041072762162508,1.5359121769908513,2.1123019074315574,14.9117558317159,0.007125694678957028,1.6361205904675569,2.1575883882049505,0.12237542260890309,0.01578494402515674,0.025782313435187415,0.00024000818745826356,0.01,0.009997369410030677,0.4330585899934204,0.13743312054424262,0.06,0.5,0.05998421646018407,0.07022798464744012,False,False,0.5548529983234264
1e-12,0.4,1000000000.0,runaway,,,,,,,,,,,,,,0.01,,,,0.06,1.0,,,,,
1e-12,0.4,1000000000.0,runaway,,,,,,,,,,,,,,0.01,,,,0.06,2.0,,,,,
1e-12,0.4,1000000000.0,gate,1.8897168117122323,1.3463785171468987,1.7634692207385374,1.4009326805169042,2.0354297568448154,17.724161694822445,0.09704707037683122,1.4564302167114236,2.0451621968382576,0.33669030310411424,0.012027200137777553,0.022023620558071076,0.00018581955169469854,0.01,0.009996420420293523,0.45250415033366426,0.1261311413495058,0.08,0.5,0.07997136336234818,0.0693904929715572,False,False,0.5548529983234264
1e-12,0.4,1000000000.0,runaway,,,,,,,,,,,,,,0.01,,,,0.08,1.0,,,,,
1e-12,0.4,1000000000.0,runaway,,,,,,,,,,,,,,0.01,,,,0.08,2.0,,,,,
1e-12,0.4,3000000000.0,gate,1.0073034289545995,1.386779267460252,2.3322020619756065,2.214074378104601,2.5928814379993517,8.001213361601598,1.0,2.217963873865634,2.394451259272526,0.993843901738553,0.016934095922961193,0.016934095922961193,0.0006021157381681748,0.0,0.0,0.0,0.06757600404567232,0.0,0.5,0.0,0.0,False,False,0.8117921831436476
1e-12,0.4,3000000000.0,gate,1.1468000922246926,1.386779267460252,2.216281707045853,2.018892808924201,2.3375940034962235,7.083741288467074,0.16157550127081588,2.084748797628638,2.3301769071475484,0.8690342330034913,0.01389738597459947,0.01389738597459947,0.0004940246780144131,0.0,0.0,0.0,0.06798625596988944,0.02,0.5,0.0199971623904111,0.03822093065989117,False,False,0.8117921831436476
1e-12,0.4,3000000000.0,gate,1.1245320253778004,1.386779267460252,2.2469250362325464,2.108943561670002,2.3563941104080888,5.425050683615713,0.23631217310954616,2.11935436525129,2.3482665245583294,0.9417109992584919,0.0144485794795636,0.0144485794795636,0.0005128508109882632,0.0,0.0,0.0,0.0674421903299137,0.02,1.0,0.019997451753642814,0.13583870499207418,False,False,0.8117921831436476
1e-12,0.4,3000000000.0,gate,3.002307882907696,1.386779267460252,976503.1586983525,1.7612578530404364,18552907.669882044,935.9275937976606,8.902716288062357e-06,2.1062897935674623,166.76443671587427,0.9508873787108867,0.011798531414438384,0.011798531414438384,0.17443715680626873,0.0,0.0,0.0,0.003477522091782492,0.02,2.0,0.016327379831909024,0.23775377900455996,False,False,0.8117921831436476
1e-12,0.4,3000000000.0,gate,1.3224890759796277,1.386779267460252,2.0680426695395684,1.7263876422423843,2.2637517485998084,12.80009287724303,0.0,1.8848537369807135,2.2620462727904562,0.41862816785301293,0.011178155728839637,0.011178155728839637,0.00040325733563091403,0.0,0.0,0.0,0.06733335242843297,0.04,0.5,0.03999125030851191,0.06322501355608952,False,False,0.8117921831436476
1e-12,0.4,3000000000.0,gate,1.2583034560684327,1.386779267460252,2.133434541069028,1.8639316021779986,2.3328302801698815,10.82688809958091,0.0,1.9743304581176944,2.3109450570471712,0.6920913647391954,0.012344202335915736,0.012344202335915736,0.00043323827126616883,0.0,0.0,0.0,0.0655711686774829,0.04,1.0,0.039992699248144914,0.09301094149814229,False,False,0.8117921831436476
1e-12,0.4,3000000000.0,gate,1.401595845534679,1.386779267460252,3.1311321264003276,1.7555174220418668,25.89414716914928,379.7652138049164,0.031084677779806016,1.864517969941571,4.244564542014613,0.5506433926475021,0.012722340125208207,0.012722340125208207,0.0014455729625092524,0.0,0.0,0.0,0.06010062050396819,0.04,2.0,0.042838370207102336,0.30405217400263124,False,False,0.8117921831436476
1e-12,0.4,3000000000.0,gate,1.550416059773264,1.386779267460252,1.9186131410753449,1.5271162433761012,2.185713368705947,16.909718509560292,0.006086356792750142,1.6637211356045853,2.1885135209711484,0.10450035618501892,0.008748445368082662,0.008748445368082662,0.0003375567991772831,0.0,0.0,0.0,0.0651824393977913,0.06,0.5,0.05998098437726567,0.07320748450654514,False,False,0.8117921831436476
1e-12,0.4,3000000000.0,runaway,,,,,,,,,,,,,,0.0,,,,0.06,1.0,,,,,
1e-12,0.4,3000000000.0,runaway,,,,,,,,,,,,,,0.0,,,,0.06,2.0,,,,,
1e-12,0.4,3000000000.0,gate,1.8592866581140663,1.386779267460252,1.7631145329527655,1.3435792230939985,2.096589290497563,21.03895764967706,0.020932185010017604,1.4644135659118904,2.101877945126834,0.31852726231627776,0.006578112415403522,0.006578112415403522,0.0003087315407846478,0.0,0.0,0.0,0.06221503028580667,0.08,0.5,0.07996554056699676,0.022054712229836213,False,False,0.8117921831436476
1e-12,0.4,3000000000.0,runaway,,,,,,,,,,,,,,0.0,,,,0.08,1.0,,,,,
1e-12,0.4,3000000000.0,runaway,,,,,,,,,,,,,,0.0,,,,0.08,2.0,,,,,
1e-12,0.4,3000000000.0,gate,0.9929159258223024,1.386779267460252,2.368702453901928,2.248939453147891,2.6321695513240284,7.969903492233758,1.0397558409050838,2.2341711741043273,2.738811110839051,0.9962305919056095,0.017314669693261113,0.02231433113414433,0.0006030372905564854,0.005,0.004999661440883218,0.37735094191525886,0.06724979973432528,0.0,0.5,0.0,0.0,False,False,0.8117921831436476
1e-12,0.4,3000000000.0,gate,1.129297740564014,1.386779267460252,2.248363706514606,2.038698399316384,2.3474062010993135,6.763710351640827,0.14002781835966197,2.100900739377805,2.4638486441032477,0.9194849423885693,0.014245206658365614,0.019244582382369323,0.0004975795524725551,0.005,0.004999375724003712,0.37412547349065284,0.06762477674144418,0.02,0.5,0.019997502896014846,0.03880396803414367,False,False,0.8117921831436476
1e-12,0.4,3000000000.0,gate,1.1076444131377747,1.386779267460252,2.2831766403000313,2.1472317584202245,2.367441861339245,4.7511822474272165,0.2200605092941267,2.1364384202995987,2.48242060233112,0.9588061161330699,0.014802324267995324,0.0198017664303528,0.0005175827750025667,0.005,0.004999442162357479,0.34842886616216334,0.06710550846043255,0.02,1.0,0.019997768649429915,0.1388359012388901,False,False,0.8117921831436476
1e-12,0.4,3000000000.0,gate,1.1789265310542756,1.386779267460252,8903.017086182088,2.2513728778856223,44068.11687097693,243.81985000521144,1.000000071831718,1.9101946294357144,2.967037971184309,0.9254754536865322,0.014763865680998994,0.019804800448727768,0.013159430825058447,0.005,0.005040934767728774,0.24601397287365953,0.03873041506779358,0.02,2.0,0.0201637390709151,0.3127687164889085,False,False,0.8117921831436476
1e-12,0.4,3000000000.0,gate,1.3004442417866513,1.386779267460252,2.0980051072757067,1.754465967919917,2.276340841477993,12.253603082756042,0.0,1.9064623900957753,2.2817408524435563,0.637169239885881,0.011497589745634565,0.01649660947135336,0.0004085753092802737,0.005,0.004999019725718795,0.37339105472412587,0.06693243701149346,0.04,0.5,0.039992157805750356,0.06406763393882411,False,False,0.8117921831436476
1e-12,0.4,3000000000.0,gate,1.2349532471422708,1.386779267460252,2.357773708704975,2.177106412224707,4.235864836377665,43.0137424834734,1.0,2.0448322066755127,2.4128687539396396,0.8810174325580845,0.012687382661432527,0.01768646189876629,8.206008284432092e-05,0.005,0.004999079237333766,0.2544671205196953,0.06554951267460363,0.04,1.0,0.03999263389867014,0.09556736646945792,False,False,0.8117921831436476
1e-12,0.4,3000000000.0,runaway,,,,,,,,,,,,,,0.005,,,,0.04,2.0,,,,,
1e-12,0.4,3000000000.0,gate,1.5214317673149997,1.386779267460252,1.949603675651411,1.5818673799858054,2.198571576413885,15.582406539766133,0.0045712448526004975,1.6936122989101305,2.201110944488487,0.08769042597145969,0.009042071261497147,0.014040640542413356,0.0003402958751449733,0.005,0.004998569280916209,0.38017038252729823,0.0641212655155551,0.06,0.5,0.05998283137099448,0.07405103710655427,False,False,0.8117921831436476
1e-12,0.4,3000000000.0,runaway,,,,,,,,,,,,,,0.005,,,,0.06,1.0,,,,,
1e-12,0.4,3000000000.0,runaway,,,,,,,,,,,,,,0.005,,,,0.06,2.0,,,,,
1e-12,0.4,3000000000.0,gate,1.8136642657027418,1.386779267460252,1.8978273956606166,1.5795109915855112,2.9244837601106313,34.91087563336641,1.0108253456292602,1.5689872889506018,2.117836835892475,0.24894587109243538,0.006862226357525181,0.011860281885115296,0.00013329204698199078,0.005,0.0049980555275901135,0.34496672048402466,0.05892017285246343,0.08,0.5,0.07996888844144183,0.022317282893094866,False,False,0.8117921831436476
1e-12,0.4,3000000000.0,runaway,,,,,,,,,,,,,,0.005,,,,0.08,1.0,,,,,
1e-12,0.4,3000000000.0,runaway,,,,,,,,,,,,,,0.005,,,,0.08,2.0,,,,,
1e-12,0.4,3000000000.0,gate,0.9788753507915467,1.386779267460252,2.421133325574142,2.277833770557049,2.675529199819203,8.091627023794967,1.3979699028230916,2.250301179770976,3.760896828315277,0.9977805786690853,0.01769708765329877,0.027696496743547128,0.0006008157850919428,0.01,0.00999940909024836,0.5278597076359737,0.0669321387672693,0.0,0.5,0.0,0.0,False,False,0.8117921831436476
1e-12,0.4,3000000000.0,gate,1.1123057382415393,1.386779267460252,2.286254537862813,2.061525279129005,2.3591575610728537,6.412973062663689,0.233600772365052,2.1176350899011167,2.8713463725221877,0.9415280113436076,0.014594215978879714,0.024593111423611976,0.0005002416453508193,0.01,0.009998895444732264,0.522732373096556,0.0672747815140221,0.02,0.5,0.019997790889464528,0.03940112706126409,False,False,0.8117921831436476
1e-12,0.4,3000000000.0,gate,1.0912613381389156,1.386779267460252,2.3252953427989325,2.1863448706281754,2.3776663233601463,4.0531204494990245,0.3737287367998561,2.1536545697502687,2.8604974689525915,0.9711414110121813,0.015156865414206959,0.02515588512373523,0.0005215222539824304,0.01,0.009999019709528267,0.48695891987756074,0.06677928092566426,0.02,1.0,0.019998039419056528,0.14193247470453474,False,False,0.8117921831436476
1e-12,0.4,3000000000.0,gate,1.1295995741820424,1.386779267460252,75.24433668950527,2.2806605636845254,304.39917551809526,197.7914368113539,1.649779947803495,2.149127688437626,141.66171787480636,0.9817755368783765,0.015265477261096849,0.025179352119554417,0.0012534098069430647,0.01,0.009913874858457567,0.33837717214510216,0.020111191904020775,0.02,2.0,0.019827749716915134,0.4288321164591696,False,False,0.8117921831436476
1e-12,0.4,3000000000.0,gate,1.2791709769389281,1.386779267460252,2.130515195900858,1.7826619353357698,2.289338457656043,11.715210783326079,0.0,1.9276406597667408,2.466651829922429,0.7284816389091928,0.011817952033763443,0.021816198702808924,0.00041305851224188265,0.01,0.009998246669045481,0.5208536361395052,0.06654724490992249,0.04,0.5,0.03999298667618191,0.064927218736381,False,False,0.8117921831436476
1e-12,0.4,3000000000.0,gate,1.2122889255367004,1.386779267460252,2.6964634141811037,2.251680913672598,9.410334440508844,130.7798314725987,1.0,2.0664122490599253,2.850188111792498,0.9219624320098145,0.013032535996478679,0.02303066433535962,0.0005404419080454731,0.01,0.009998128338880943,0.3551024923675755,0.06530912195438862,0.04,1.0,0.039992513355523764,0.09828726012500531,False,False,0.8117921831436476
1e-12,0.4,3000000000.0,gate,1.9822486693429164,1.386779267460252,5.191414753187118,1.9397723286229858,34.58507911166692,309.7697386431473,0.277449338793421,1.5715716900558532,11.762473408534383,0.8466869135045891,0.011648233565456757,0.023880565930042022,0.1291962171644094,0.01,0.012232332364585267,0.4239900848299464,0.03465975659758368,0.04,2.0,0.04892932945834106,0.10518830241611385,False,False,0.8117921831436476
1e-12,0.4,3000000000.0,gate,1.4936666525193607,1.386779267460252,1.9818096587544847,1.6365558849189388,2.2111812583750954,14.28324285236879,0.001992274529791174,1.723014295554673,2.242761087647879,0.23098502740874335,0.009336690894587487,0.0193341043087871,0.0003401313996441734,0.01,0.009997413414199616,0.5290987308372421,0.06313724158021373,0.06,0.5,0.059984480485197694,0.07490811454296603,False,False,0.8117921831436476
1e-12,0.4,3000000000.0,runaway,,,,,,,,,,,,,,0.01,,,,0.06,1.0,,,,,
1e-12,0.4,3000000000.0,runaway,,,,,,,,,,,,,,0.01,,,,0.06,2.0,,,,,
1e-12,0.4,3000000000.0,gate,1.7703797824806335,1.386779267460252,2.050916783965135,1.6905274202654703,4.800083454064405,74.6885984769159,1.0045521703940263,1.6148957065705265,2.132560932358724,0.18499883714057458,0.007147925397809776,0.017144375535254185,0.00012023029030747311,0.01,0.009996450137444407,0.478015555442573,0.05631854547542983,0.08,0.5,0.07997160109955526,0.022584901832700788,False,False,0.8117921831436476
1e-12,0.4,3000000000.0,runaway,,,,,,,,,,,,,,0.01,,,,0.08,1.0,,,,,
1e-12,0.4,3000000000.0,runaway,,,,,,,,,,,,,,0.01,,,,0.08,2.0,,,,,
1e-12,0.55,1000000000.0,gate,1.209941929267152,1.3463785171468987,2.1410666212776284,2.0430078019233173,2.7314319552682234,15.839077370217813,1.0001134733170605,2.010084406509918,2.172452894609388,0.0050161635471611945,0.022704399452844453,0.022704399452844453,0.0004697989137434803,0.0,0.0,0.0,0.10244825987468771,0.0,0.5,0.0,0.0,False,True,0.5548529983234264
1e-12,0.55,1000000000.0,gate,1.3739351719235502,1.3463785171468987,2.0287940018322836,1.8997270821617516,2.1118135430435463,5.149664727418156,0.6144497266303338,1.8965529459652115,2.110797259539704,0.010838281809074618,0.018636157078942842,0.018636157078942842,0.0003812616673759651,0.0,0.0,0.0,0.10410408637630111,0.02,0.5,0.019996989147513113,0.034038568260568614,False,True,0.5548529983234264
1e-12,0.55,1000000000.0,gate,1.3466946616622253,1.3463785171468987,2.0628175175255703,1.9906770227564796,2.1379769756615405,3.517594384317757,1.0,1.924586891842085,2.1323257301126146,0.0057132610465663895,0.019389642730079978,0.019389642730079978,0.0003978717981558011,0.0,0.0,0.0,0.10248507469964747,0.02,1.0,0.01999726809000571,0.11402751467566528,False,True,0.5548529983234264
1e-12,0.55,1000000000.0,ok,1.3417509707513093,1.3463785171468987,1697090.6097612903,2.0007264380600494,40730127.009450085,1182.2645693821394,4.522036130472012e-09,1.9332413843112377,2.1676287750547627,0.0077539220351012916,0.019570894584139676,0.019570894584139676,0.000893187594631668,0.0,0.0,0.0,0.10137925844770886,0.02,2.0,0.019969068530136885,0.6496899447006161,False,True,0.5548529983234264
1e-12,0.55,1000000000.0,gate,1.5819966834218349,1.3463785171468987,1.8929709824347645,1.6075899258593422,2.042237521221137,11.310903227178738,0.00347598367861729,1.7307358496057754,2.0440983031063413,0.15480955347241657,0.014961875246423494,0.014961875246423494,0.0003055403209905107,0.0,0.0,0.0,0.10324345271659258,0.04,0.5,0.039991124076933685,0.05783197898980157,False,False,0.5548529983234264
1e-12,0.55,1000000000.0,gate,1.5075469516725284,1.3463785171468987,1.9600772599090215,1.7578153514052623,2.0845465091756084,8.211477809499538,0.0604201838525374,1.822566670128904,2.0834248637451207,0.04574865223388843,0.016463231907105753,0.016463231907105753,0.0003387688727360649,0.0,0.0,0.0,0.10062438989504935,0.04,1.0,0.03999264155083303,0.2187609831068891,False,False,0.5548529983234264
1e-12,0.55,1000000000.0,runaway,,,,,,,,,,,,,,0.0,,,,0.04,2.0,,,,,
1e-12,0.55,1000000000.0,gate,1.8542881247890075,1.3463785171468987,1.7561390728603028,1.4136803970098133,1.9705961484820187,15.621925333540798,0.013084871497426948,1.5342610025327488,1.973336955435683,0.5610811255305074,0.011659364222207917,0.011659364222207917,0.00024861132476290123,0.0,0.0,0.0,0.10153785894084548,0.06,0.5,0.05998102524913688,0.0698178155851626,False,False,0.5548529983234264
1e-12,0.55,1000000000.0,runaway,,,,,,,,,,,,,,0.0,,,,0.06,1.0,,,,,
1e-12,0.55,1000000000.0,runaway,,,,,,,,,,,,,,0.0,,,,0.06,2.0,,,,,
1e-12,0.55,1000000000.0,gate,2.2254786732585328,1.3463785171468987,1.612494924177556,1.2387338849735434,1.8874944490528203,19.819379272224374,0.011777042596722773,1.346190567946173,1.8932567693128683,0.9961498073885622,0.008714511552801986,0.008714511552801986,0.00022225247303993216,0.0,0.0,0.0,0.09695541903814399,0.08,0.5,0.07996503833322657,0.06880398319424096,False,False,0.5548529983234264
1e-12,0.55,1000000000.0,runaway,,,,,,,,,,,,,,0.0,,,,0.08,1.0,,,,,
1e-12,0.55,1000000000.0,runaway,,,,,,,,,,,,,,0.0,,,,0.08,2.0,,,,,
1e-12,0.55,1000000000.0,gate,1.1929655285765521,1.3463785171468987,2.163739928297653,2.0824697987943863,2.631178297847367,12.492247783250491,1.0151732592297014,2.0245679163031913,2.4322086072251548,0.11041132587305746,0.023216265950010213,0.028215850982225812,0.00046930812991905586,0.005,0.0049995850322156025,0.34383392064942286,0.101906492730673,0.0,0.5,0.0,0.0,False,True,0.5548529983234264
1e-12,0.55,1000000000.0,gate,1.3531381911708635,1.3463785171468987,2.0559924674559995,1.915680952448565,2.122807865331622,4.962710886660468,0.5727473740509514,1.9111150600244093,2.2236050983691724,0.03429087300365572,0.019106634063339515,0.024105968288196476,0.00038595503500507756,0.005,0.00499933422485696,0.33978104083898963,0.10348973495713343,0.02,0.5,0.019997336899427842,0.03451290492961914,False,True,0.5548529983234264
1e-12,0.55,1000000000.0,gate,1.326713207495626,1.3463785171468987,2.092439456341556,2.0403752063325853,2.1738966165191087,3.1434168137386744,1.0,1.9391827097849956,2.243972007563776,0.05957640584884319,0.019867651295952724,0.024867045028189955,0.00040109825014942457,0.005,0.004999393732237231,0.32111674231494763,0.10191564274952324,0.02,1.0,0.019997574928948936,0.11636961499785652,False,True,0.5548529983234264
1e-12,0.55,1000000000.0,gate,1.3954719607646837,1.3463785171468987,176.6353485828939,2.064855641503914,2441.260169035876,680.2568430651289,0.0008574468148543512,1.9487595581384054,2.5067480530089012,0.061845865818167325,0.0207743488223843,0.02590021753525595,0.01546045249926447,0.005,0.00512586871287165,0.22611029996029428,0.08469710161158579,0.02,2.0,0.020503474851486594,0.23726666558256898,False,True,0.5548529983234264
1e-12,0.55,1000000000.0,gate,1.5556656107120173,1.3463785171468987,1.9185278330331006,1.6313018610388597,2.053360061796316,10.836978236285919,0.0,1.7508963153463817,2.0684156320525724,0.10687426564646471,0.015394595947379101,0.020393597766482273,0.0003101292372130708,0.005,0.004999001819103174,0.34195386602344197,0.10256398122440102,0.04,0.5,0.039992014552825396,0.058543764052004545,False,False,0.5548529983234264
1e-12,0.55,1000000000.0,gate,1.482893311008582,1.3463785171468987,2.0176164217889845,1.9224376783083437,2.1809850223198723,6.312558833064447,1.1182422375944567,1.8457740518671686,2.111589450263012,0.03069616651713016,0.01692041020320208,0.021919582964775856,0.00031838302362803024,0.005,0.004999172761573777,0.28798597491278866,0.09990336865248145,0.04,1.0,0.039993382092590214,0.22280368725017943,False,False,0.5548529983234264
1e-12,0.55,1000000000.0,runaway,,,,,,,,,,,,,,0.005,,,,0.04,2.0,,,,,
1e-12,0.55,1000000000.0,gate,1.8194853262737376,1.3463785171468987,1.7823976112626234,1.4583411052001425,1.9826534062124819,14.490701740673474,0.010519436270122938,1.5575574920753792,1.9857814500761568,0.40611571220235704,0.012056377962730552,0.01705495333794867,0.0002522859787161907,0.005,0.004998575375218116,0.35038056299057696,0.10054296514963396,0.06,0.5,0.05998290450261739,0.0705628563661779,False,False,0.5548529983234264
1e-12,0.55,1000000000.0,runaway,,,,,,,,,,,,,,0.005,,,,0.06,1.0,,,,,
1e-12,0.55,1000000000.0,runaway,,,,,,,,,,,,,,0.005,,,,0.06,2.0,,,,,
1e-12,0.55,1000000000.0,gate,2.176901846148866,1.3463785171468987,1.6426834141997804,1.3187563789821062,1.9025612879872522,17.50724592698126,0.05075456109504885,1.3789134526870706,1.9080379259332574,0.9647669788367921,0.00907521529839904,0.01407324326920653,0.00021225789617796068,0.005,0.0049980279708074895,0.36834387448177836,0.09402375656726744,0.08,0.5,0.07996844753291985,0.06942969986718896,False,False,0.5548529983234264
1e-12,0.55,1000000000.0,runaway,,,,,,,,,,,,,,0.005,,,,0.08,1.0,,,,,
1e-12,0.55,1000000000.0,runaway,,,,,,,,,,,,,,0.005,,,,0.08,2.0,,,,,
1e-12,0.55,1000000000.0,gate,1.176423007972933,1.3463785171468987,2.2029135142849565,2.1184862178292114,2.6773955437845656,12.498211542380028,1.1886675009882972,2.0382546083285384,3.128787592325356,0.15649491717368832,0.02372991754421526,0.03372919410196665,0.0004678805598350022,0.01,0.00999927655775139,0.48096569397543454,0.10138523449359763,0.0,0.5,0.0,0.0,False,True,0.5548529983234264
1e-12,0.55,1000000000.0,gate,1.3329886077400448,1.3463785171468987,2.0865975959721266,1.9306261050146871,2.150832590172846,5.1987072769819065,0.6120811042939117,1.9253706716305707,2.5406266363738097,0.12307365535882038,0.019578274526241876,0.029577086788399716,0.00038603179151879875,0.01,0.00999881226215784,0.47672643861609737,0.10289539352975716,0.02,0.5,0.019997624524315676,0.03508090377848864,False,True,0.5548529983234264
1e-12,0.55,1000000000.0,gate,1.3073319140999577,1.3463785171468987,2.126059571233369,2.0820909029892145,2.2120000828307047,3.0100130183807927,1.1371007225180394,1.9531000937638048,2.5327616238697597,0.1454004874491026,0.02034671373363629,0.03034564308721361,0.00040382947083608125,0.01,0.009998929353577322,0.44875278370684907,0.10136476349630154,0.02,1.0,0.01999785870715464,0.11878401949001799,False,True,0.5548529983234264
1e-12,0.55,1000000000.0,gate,1.2821787156958886,1.3463785171468987,3.0242754382412986e+17,1.2825348881122167,7.258261051779116e+18,1182.266009852217,9.11188475122575e-19,1.9740806835945532,3.393615187306581,0.15220038981373643,0.021313621614992985,0.0312537174589932,0.0057121596372096215,0.01,0.009940095844000206,0.3111007834993865,0.0931144900774588,0.02,2.0,0.01988019168800041,0.48990834013462464,False,True,0.5548529983234264
1e-12,0.55,1000000000.0,gate,1.5302472785130725,1.3463785171468987,1.9460860182316384,1.6578718042603544,2.0650746252571803,10.307484909675706,0.0,1.768833834435788,2.22525963319003,0.1081979725634385,0.01582888699980842,0.025827094682343878,0.00031418230204632966,0.01,0.00999820768253546,0.4769204065818227,0.1019114562565153,0.04,0.5,0.03999283073014184,0.05926963348800967,False,False,0.5548529983234264
1e-12,0.55,1000000000.0,gate,1.4591072618271277,1.3463785171468987,2.0876276534929255,2.021184173109706,2.7942149245371586,18.240960028920302,1.0567979379888603,1.86175786242256,2.2544050346188014,0.09424355829706801,0.01737828673273506,0.027376806604031082,0.0002827622408638998,0.01,0.009998519871296022,0.40187601455926153,0.1007136390364052,0.04,1.0,0.039994079485184096,0.22695728557415898,False,False,0.5548529983234264
1e-12,0.55,1000000000.0,runaway,,,,,,,,,,,,,,0.01,,,,0.04,2.0,,,,,
1e-12,0.55,1000000000.0,gate,1.7861290206399554,1.3463785171468987,1.809650556851274,1.5045661055568984,1.9944879731124507,13.336321785564024,0.008656245605201328,1.582212585549849,2.0349160382921982,0.3094111504037669,0.012455082000969604,0.022452509304815477,0.0002539048477753579,0.01,0.009997427303845875,0.4875241598042675,0.09960478959654695,0.06,0.5,0.05998456382307523,0.07132041463747436,False,False,0.5548529983234264
1e-12,0.55,1000000000.0,runaway,,,,,,,,,,,,,,0.01,,,,0.06,1.0,,,,,
1e-12,0.55,1000000000.0,runaway,,,,,,,,,,,,,,0.01,,,,0.06,2.0,,,,,
1e-12,0.55,1000000000.0,gate,2.1307455058200064,1.3463785171468987,1.6741147678720196,1.3722323927338276,1.9170113827603943,16.030205314834255,0.17642525911084986,1.41007842732755,1.9242871520056672,0.7477701693596738,0.009438223781769815,0.01943466740212612,0.00019956039233746213,0.01,0.009996443620356307,0.5108109571891697,0.0913703588455009,0.08,0.5,0.07997154896285044,0.07006476117011141,False,False,0.5548529983234264
1e-12,0.55,1000000000.0,runaway,,,,,,,,,,,,,,0.01,,,,0.08,1.0,,,,,
1e-12,0.55,1000000000.0,runaway,,,,,,,,,,,,,,0.01,,,,0.08,2.0,,,,,
1e-12,0.55,3000000000.0,gate,1.1419014122992346,1.386779267460252,2.1994530322221455,2.1171696968508718,2.4107415045551566,6.575118991989155,1.0,2.120810960766484,2.239218984094352,0.7192641892866718,0.013031860819326106,0.013031860819326106,0.0006302091126799806,0.0,0.0,0.0,0.04871105902123108,0.0,0.5,0.0,0.0,False,False,0.8117921831436476
1e-12,0.55,3000000000.0,ok,1.3040758683705358,1.386779267460252,2.0860381189222745,1.9291398784912765,2.1875349330491893,6.101911708185009,0.1541687445708598,1.9854997469118756,2.1792467270734455,0.0005751185487746765,0.010658740036287964,0.010658740036287964,0.000513786468459995,0.0,0.0,0.0,0.04914081860342764,0.02,0.5,0.019997433982654796,0.038989439196154635,False,False,0.8117921831436476
1e-12,0.55,3000000000.0,ok,1.2779098612695552,1.386779267460252,2.1171442537345557,2.0173214816460043,2.206028813391558,4.390786152524622,0.2590128034414241,2.0201948167656414,2.1964030310967657,0.005399093881295063,0.011091099823279119,0.011091099823279119,0.0005337467685917446,0.0,0.0,0.0,0.048755430162307885,0.02,1.0,0.019997732587257653,0.1396965077338576,False,False,0.8117921831436476
1e-12,0.55,3000000000.0,gate,2.9674912567689864,1.386779267460252,2096.9283598755705,1.6444125074882041,39428.10704397017,926.2072632406015,0.0018551171582634849,1.9691590396426684,95.20919206637751,0.5790558372850667,0.009496743228765462,0.009496743228765462,0.13932198598452555,0.0,0.0,0.0,0.00562709512994424,0.02,2.0,0.016987191921533792,0.24284231683068713,False,False,0.8117921831436476
1e-12,0.55,3000000000.0,gate,1.5082204198788274,1.386779267460252,1.948952328756673,1.6780461211623017,2.117251243870455,11.10120550986146,0.0,1.7948387674190325,2.1149094502804227,0.05898363454795812,0.008546293683073816,0.008546293683073816,0.00041680699420554746,0.0,0.0,0.0,0.0489220055472833,0.04,0.5,0.03999170029087711,0.06412549878749599,False,False,0.8117921831436476
1e-12,0.55,3000000000.0,gate,1.4334413672966442,1.386779267460252,2.0096592661995794,1.7993136563877146,2.1738232941162092,9.180039092849533,0.0,1.8828887102277179,2.160000054094603,0.014053072694723553,0.009452443589752542,0.009452443589752542,0.000447613308866091,0.0,0.0,0.0,0.04761689554834154,0.04,1.0,0.039993226319255795,0.09477319196602015,False,False,0.8117921831436476
1e-12,0.55,3000000000.0,runaway,,,,,,,,,,,,,,0.0,,,,0.04,2.0,,,,,
1e-12,0.55,3000000000.0,gate,1.773068474040723,1.386779267460252,1.8068427852992217,1.481777078905927,2.0436421771347857,15.318479217886354,0.005435647188988712,1.5902967393294383,2.0458535497564387,0.32505723994888086,0.006667821345326645,0.006667821345326645,0.00034652981618227724,0.0,0.0,0.0,0.04751264852448413,0.06,0.5,0.059981525256963944,0.07389975767180917,False,False,0.8117921831436476
1e-12,0.55,3000000000.0,runaway,,,,,,,,,,,,,,0.0,,,,0.06,1.0,,,,,
1e-12,0.55,3000000000.0,runaway,,,,,,,,,,,,,,0.0,,,,0.06,2.0,,,,,
1e-12,0.55,3000000000.0,gate,2.132218407475734,1.386779267460252,1.6598050898861159,1.301492970074861,1.9600740541868955,19.54592026150456,0.021772220240095168,1.4012802319481539,1.9642571540954892,0.7110055651520617,0.004996486161462012,0.004996486161462012,0.00031340192938727546,0.0,0.0,0.0,0.04550645616486762,0.08,0.5,0.07996632130934614,0.022176681674530643,False,False,0.8117921831436476
1e-12,0.55,3000000000.0,runaway,,,,,,,,,,,,,,0.0,,,,0.08,1.0,,,,,
1e-12,0.55,3000000000.0,runaway,,,,,,,,,,,,,,0.0,,,,0.08,2.0,,,,,
1e-12,0.55,3000000000.0,gate,1.1253569608804128,1.386779267460252,2.230670130223141,2.1467219654095997,2.335099366619198,4.1600390890181265,1.177204620646761,2.1373183000556586,2.641325226482031,0.8796079032532992,0.013326278569822467,0.01832602401393079,0.0006297385680560534,0.005,0.004999745444108323,0.43377918971791757,0.04909118773505701,0.0,0.5,0.0,0.0,False,False,0.8117921831436476
1e-12,0.55,3000000000.0,gate,1.2839636860491213,1.386779267460252,2.1171849121517434,1.9533505661250776,2.1968579072813568,5.665747689817336,0.12315754467997135,2.0024085100004725,2.3306199556551115,0.10458647328009009,0.010926390167222607,0.015925836931194856,0.0005179626451132333,0.005,0.00499944676397225,0.42718538870069256,0.04888324534582091,0.02,0.5,0.019997787055889,0.03960639448000221,False,False,0.8117921831436476
1e-12,0.55,3000000000.0,gate,1.2585359865200976,1.386779267460252,2.152256951004446,2.053626811260401,2.216179247664511,3.720517282442236,0.23222473061540846,2.037297063220997,2.3470568011521693,0.19712912763522256,0.011363237269384815,0.01636275233988059,0.0005391505543457299,0.005,0.004999515070495775,0.39767767748902455,0.04851573871040839,0.02,1.0,0.0199980602819831,0.1428996559031026,False,False,0.8117921831436476
1e-12,0.55,3000000000.0,gate,2.267163186551489,1.386779267460252,506.1733293946032,2.1820637963451532,9056.134833527824,881.1359660849236,0.0008712465678491769,1.9578598114180603,3.5715847582408333,0.41839958789265885,0.0096916540493623,0.01567976349631402,0.18054970451234192,0.005,0.00598810944695172,0.33162486041788747,0.04299920080163485,0.02,2.0,0.023952437787806886,0.051055649800431584,False,False,0.8117921831436476
1e-12,0.55,3000000000.0,gate,1.482887849403328,1.386779267460252,1.977638455842501,1.7053736817025444,2.129920341095021,10.575051511420886,0.0,1.816587339801609,2.1359349170570736,0.03964947976201558,0.008791266869937293,0.013790345670301147,0.0004225012126136427,0.005,0.004999078800363856,0.42701599962191017,0.04863220092128726,0.04,0.5,0.03999263040291084,0.06500683612238209,False,False,0.8117921831436476
1e-12,0.55,3000000000.0,gate,1.4067668240692717,1.386779267460252,2.2322022994528274,2.0539325567151816,4.2425188919613275,48.29855016618212,1.0,1.9446818693678722,2.278693483077278,0.024015539230712864,0.009714683292310148,0.014713829200845376,0.00012427475319752546,0.005,0.004999145908535228,0.2908061394004331,0.04732080570909398,0.04,1.0,0.03999316726828181,0.09743606533456678,False,False,0.8117921831436476
1e-12,0.55,3000000000.0,runaway,,,,,,,,,,,,,,0.005,,,,0.04,2.0,,,,,
1e-12,0.55,3000000000.0,gate,1.739742567934311,1.386779267460252,1.8362517184922542,1.5341496509481323,2.05585764643594,13.995848715479603,0.004514871982522072,1.6192907837496284,2.0572111416597196,0.23002920468911944,0.006892366566560009,0.011890984891776575,0.00034957523545669367,0.005,0.004998618325216565,0.43544187315209104,0.046602893341647134,0.06,0.5,0.05998341990259875,0.07477276921605597,False,False,0.8117921831436476
1e-12,0.55,3000000000.0,runaway,,,,,,,,,,,,,,0.005,,,,0.06,1.0,,,,,
1e-12,0.55,3000000000.0,runaway,,,,,,,,,,,,,,0.005,,,,0.06,2.0,,,,,
1e-12,0.55,3000000000.0,gate,2.0797682659270267,1.386779267460252,1.793887410806576,1.5134188393668486,2.9537561977150273,39.55241494061898,1.0097342657324662,1.4957648907697816,1.9784695002672843,0.5847255018622379,0.005212870461836831,0.010210967865944614,0.00014724878118498586,0.005,0.004998097404107784,0.3957974141904903,0.0420781339479123,0.08,0.5,0.07996955846572454,0.02244482855909638,False,False,0.8117921831436476
1e-12,0.55,3000000000.0,runaway,,,,,,,,,,,,,,0.005,,,,0.08,1.0,,,,,
1e-12,0.55,3000000000.0,runaway,,,,,,,,,,,,,,0.005,,,,0.08,2.0,,,,,
1e-12,0.55,3000000000.0,gate,1.1092369338013608,1.386779267460252,2.287678775314859,2.1752337509853623,2.466048341797513,6.262173722338667,1.4286215495935943,2.154211352032361,3.856864994522917,0.9256051480694529,0.01362169638795373,0.023621299768824277,0.0006313624676441531,0.01,0.009999603380870546,0.6067712564690698,0.04885499282554422,0.0,0.5,0.0,0.0,False,False,0.8117921831436476
1e-12,0.55,3000000000.0,gate,1.264447941010824,1.386779267460252,2.1559083172242723,1.9807942220137726,2.21321704423752,5.3107082606765434,0.3156800371031879,2.0184425407179805,2.767294735990381,0.1857976549809094,0.011194797871876135,0.021193854070390133,0.0005217397544495149,0.01,0.009999056198514,0.5968499259924455,0.04860120434095482,0.02,0.5,0.019998112397027992,0.04023869854163471,False,False,0.8117921831436476
1e-12,0.55,3000000000.0,gate,1.2397524369923734,1.386779267460252,2.1935414434823306,2.089107631942618,2.239046262281039,3.3672212793081355,0.5177281002416272,2.053269457876119,2.7483688602521212,0.4297836692192396,0.011635803944656025,0.02163498696786178,0.0005441807993006986,0.01,0.009999183023205753,0.5557793054233264,0.048283873069383317,0.02,1.0,0.019998366046411503,0.14621213183269136,False,False,0.8117921831436476
1e-12,0.55,3000000000.0,runaway,,,,,,,,,,,,,,0.01,,,,0.02,2.0,,,,,
1e-12,0.55,3000000000.0,gate,1.458438999463271,1.386779267460252,2.0087209995540642,1.7327415796772874,2.1410102933925983,10.012221359156172,0.0,1.837660640371167,2.32547177029763,0.11000116394821101,0.009036981404219359,0.019035353527221605,0.00042766688305694874,0.01,0.009998372123002247,0.5956317534825915,0.048353417825236326,0.04,0.5,0.03999348849200898,0.06590680109590775,False,False,0.8117921831436476
1e-12,0.55,3000000000.0,gate,1.3807372463847312,1.386779267460252,2.5725990380389465,2.1203812844500076,9.355980538748403,138.54994716727427,1.0,1.9646305084284057,2.694589513899985,0.16546133304662156,0.009979106655628575,0.019977391636244846,0.0005321924676040888,0.01,0.00999828498061627,0.40580905694183605,0.04693074136552255,0.04,1.0,0.03999313992246508,0.1002983423625433,False,False,0.8117921831436476
1e-12,0.55,3000000000.0,runaway,,,,,,,,,,,,,,0.01,,,,0.04,2.0,,,,,
1e-12,0.55,3000000000.0,gate,1.7077990739389006,1.386779267460252,1.8650662550514017,1.585269898688019,2.067742837246703,12.743321995186719,0.0267105475415535,1.646460322184075,2.0992820161466885,0.17416057728714443,0.007117800511775687,0.01711532391823514,0.0003514574086839232,0.01,0.009997523406459452,0.605986143045994,0.04582783688295411,0.06,0.5,0.059985140438756704,0.07566107914237173,False,False,0.8117921831436476
1e-12,0.55,3000000000.0,runaway,,,,,,,,,,,,,,0.01,,,,0.06,1.0,,,,,
1e-12,0.55,3000000000.0,runaway,,,,,,,,,,,,,,0.01,,,,0.06,2.0,,,,,
1e-12,0.55,3000000000.0,gate,2.029945269994512,1.386779267460252,1.9612845864787491,1.6073126998353753,5.251454097295185,91.52896820392951,1.0033956944491336,1.5355445526268403,1.9934827224878495,0.45288591253884647,0.005430733529641678,0.015427296222034313,0.00010097141388440477,0.01,0.009996562692392635,0.548409835264682,0.03835911788508405,0.08,0.5,0.07997250153914107,0.022718724284452048,False,False,0.8117921831436476
1e-12,0.55,3000000000.0,runaway,,,,,,,,,,,,,,0.01,,,,0.08,1.0,,,,,
1e-12,0.55,3000000000.0,runaway,,,,,,,,,,,,,,0.01,,,,0.08,2.0,,,,,
1e-12,0.7,1000000000.0,gate,1.3178558560338627,1.3463785171468987,2.050518324368331,1.980862743016576,2.466088760504674,11.656935321236713,1.0,1.9582567818491554,2.0740346124506135,0.0026325594507602503,0.0189340845453753,0.0189340845453753,0.0004921925380749737,0.0,0.0,0.0,0.07965519136072081,0.0,0.5,0.0,0.0,False,True,0.5548529983234264
1e-12,0.7,1000000000.0,gate,1.5009046143364304,1.3463785171468987,1.9474994121578497,1.8465541152601002,2.0180911598838853,4.3389490480106,0.6726098444156806,1.8407435380991248,2.0161568073889966,0.060857717261551966,0.015489620866644616,0.015489620866644616,0.00039746925847492897,0.0,0.0,0.0,0.08110283002927757,0.02,0.5,0.01999718472076747,0.03469383081530807,False,False,0.5548529983234264
1e-12,0.7,1000000000.0,gate,1.4701509015313252,1.3463785171468987,1.9805279499159727,1.9202380708932536,2.052323505672827,3.2853218073970902,1.0,1.8690917503189886,2.0391157463739225,0.026882686974471312,0.016130421038337145,0.016130421038337145,0.0004149675709806079,0.0,0.0,0.0,0.07990900042835274,0.02,1.0,0.019997472932062818,0.11720985528073254,False,False,0.5548529983234264
1e-12,0.7,1000000000.0,gate,1.4585857621504432,1.3463785171468987,5.788949250979167e+16,1.7597824990722688,1.389347820235e+18,1182.266009852217,7.782638285650627e-20,1.8757540955188368,2.035735836834995,0.025083620912612105,0.016459907361147712,0.016459907361147712,0.0021120555034460733,0.0,0.0,0.0,0.08012808928444393,0.02,2.0,0.01998987690067632,0.6107406868773116,False,False,0.5548529983234264
1e-12,0.7,1000000000.0,gate,1.7331050507874335,1.3463785171468987,1.8178748088783439,1.5808947501746573,1.9494472372096188,9.987098583005672,0.0023108371183181743,1.6816327040345005,1.9513612667005433,0.5852079470395551,0.012395761641569343,0.012395761641569343,0.00031703678315699756,0.0,0.0,0.0,0.08067020712502096,0.04,0.5,0.039991408471057505,0.05863641395427201,False,False,0.5548529983234264
1e-12,0.7,1000000000.0,gate,1.6489980543342269,1.3463785171468987,1.8823200932374489,1.7185684684159703,1.9885379965908856,7.065212544608631,0.06906391620996685,1.7691887453130561,1.9898952235961074,0.227787458712402,0.013670631270801046,0.013670631270801046,0.00035206922355252257,0.0,0.0,0.0,0.07875784556534014,0.04,1.0,0.039992982521075464,0.22316153119930285,False,False,0.5548529983234264
1e-12,0.7,1000000000.0,runaway,,,,,,,,,,,,,,0.0,,,,0.04,2.0,,,,,
1e-12,0.7,1000000000.0,gate,2.0370812044157782,1.3463785171468987,1.6847231850661109,1.3921924509014343,1.8806089290773331,14.281233407701556,0.013008825972825527,1.4913024013303668,1.8835765642523623,0.9997352701864634,0.009627913259383754,0.009627913259383754,0.00025674542111158447,0.0,0.0,0.0,0.07840574791662533,0.06,0.5,0.059981302351459646,0.07047427466314868,False,False,0.5548529983234264
1e-12,0.7,1000000000.0,runaway,,,,,,,,,,,,,,0.0,,,,0.06,1.0,,,,,
1e-12,0.7,1000000000.0,runaway,,,,,,,,,,,,,,0.0,,,,0.06,2.0,,,,,
1e-12,0.7,1000000000.0,gate,2.451859638492936,1.3463785171468987,1.5469832545900282,1.2187035902705405,1.8014187707722966,18.555586313125602,0.021396329819234824,1.3100941009759692,1.8057684573766921,0.999950170041549,0.007169865430380462,0.007169865430380462,0.00022905914751371965,0.0,0.0,0.0,0.07504932576877599,0.08,0.5,0.07996536747961458,0.06920011784484008,False,False,0.5548529983234264
1e-12,0.7,1000000000.0,runaway,,,,,,,,,,,,,,0.0,,,,0.08,1.0,,,,,
1e-12,0.7,1000000000.0,runaway,,,,,,,,,,,,,,0.0,,,,0.08,2.0,,,,,
1e-12,0.7,1000000000.0,gate,1.299107141262992,1.3463785171468987,2.0806682940553833,2.0228362202348165,2.5068571494840803,11.459489048611285,1.0425630050366903,1.9710847217759855,2.3717672059085078,0.055397926556232734,0.01936294092393253,0.024362589642004617,0.0004922068807657782,0.005,0.004999648718072086,0.37649742505628014,0.07924310843290402,0.0,0.5,0.0,0.0,False,True,0.5548529983234264
1e-12,0.7,1000000000.0,gate,1.477962039230902,1.3463785171468987,1.9741733915959874,1.8621313993788227,2.0330069437534104,4.263817219421756,0.5942002096033876,1.854898139431316,2.1430963218496863,0.041195681279590626,0.01588188482934431,0.020881266200235605,0.0004005163771168759,0.005,0.0049993813708912975,0.37427373440929135,0.08063051828565032,0.02,0.5,0.019997525483565187,0.03527903113630375,False,False,0.5548529983234264
1e-12,0.7,1000000000.0,gate,1.4481235582702767,1.3463785171468987,2.0098099781607606,1.970297524502746,2.0882485053313298,2.89101616939054,0.0,1.883213752149018,2.1638583633240414,0.01731534325019267,0.016529066495603775,0.021528513962694177,0.000418669352786062,0.005,0.004999447467090401,0.3520581352512312,0.07947156606103718,0.02,1.0,0.019997789868361607,0.11971283731918117,False,False,0.5548529983234264
1e-12,0.7,1000000000.0,gate,1.4382310531086757,1.3463785171468987,743328241992850.0,1.3177792895531812,1.5609893081849806e+16,1034.4827586206868,3.060253284022629e-16,1.8997042217960878,2.2786206102649054,0.02625855620954275,0.01714866825927394,0.022139440704824025,0.0026767895766801482,0.005,0.004990772445550084,0.24553578026062678,0.07403126223801554,0.02,2.0,0.019963089782200336,0.41654950091091725,False,False,0.5548529983234264
1e-12,0.7,1000000000.0,gate,1.7040157931692195,1.3463785171468987,1.8427878867774918,1.6049834567928014,1.960535412261599,9.50455273735484,0.0,1.7006040216031524,1.9789795260680798,0.34838872908766766,0.01275554501226687,0.017754586349282692,0.00032211251466513115,0.005,0.004999041337015821,0.37566771408682165,0.08014866693290117,0.04,0.5,0.039992330696126566,0.05938225431639884,False,False,0.5548529983234264
1e-12,0.7,1000000000.0,gate,1.6218494148424838,1.3463785171468987,1.939885946810478,1.8622003270903407,2.1611444318770845,7.591328039073886,1.0854485101577762,1.790818836756809,2.022412084520693,0.12778251635239454,0.01405096941912221,0.019050187740492178,0.00033131113889064767,0.005,0.004999218321369968,0.31602803898907983,0.07817886995994634,0.04,1.0,0.03999374657095974,0.22741194512248528,False,False,0.5548529983234264
1e-12,0.7,1000000000.0,runaway,,,,,,,,,,,,,,0.005,,,,0.04,2.0,,,,,
1e-12,0.7,1000000000.0,gate,1.9986087461657969,1.3463785171468987,1.7102698226442203,1.4373127995181532,1.8923721489997063,13.107122879927273,0.011530435449206846,1.5157527332940013,1.8948443944386106,0.9965583687890434,0.009956977870033853,0.014955577128515033,0.00026106156883427584,0.005,0.0049985992584811794,0.385554432160168,0.07752845265745378,0.06,0.5,0.05998319110177415,0.07124724179111298,False,False,0.5548529983234264
1e-12,0.7,1000000000.0,runaway,,,,,,,,,,,,,,0.005,,,,0.06,1.0,,,,,
1e-12,0.7,1000000000.0,runaway,,,,,,,,,,,,,,0.005,,,,0.06,2.0,,,,,
1e-12,0.7,1000000000.0,gate,2.398051579916209,1.3463785171468987,1.5765558635200456,1.2928018099137806,1.8155393229280556,16.333462708482504,0.07950612642745396,1.3426612035113614,1.8200792532523322,0.9999494786930743,0.007468052972996815,0.012466103621018132,0.0002205560168403772,0.005,0.004998050648021317,0.4060497156583662,0.07218448147666762,0.08,0.5,0.07996881036834104,0.06984423899288218,False,False,0.5548529983234264
1e-12,0.7,1000000000.0,runaway,,,,,,,,,,,,,,0.005,,,,0.08,1.0,,,,,
1e-12,0.7,1000000000.0,runaway,,,,,,,,,,,,,,0.005,,,,0.08,2.0,,,,,
1e-12,0.7,1000000000.0,gate,1.280843471707998,1.3463785171468987,2.122363959545465,2.059183524333808,2.5507803458521336,11.41019761672136,1.2819941815370377,1.9844240480517128,3.182909760574927,0.10038996163973721,0.01979316087733379,0.029792575730510768,0.0004918342556031668,0.01,0.009999414853176979,0.5266324803075074,0.07884284871434023,0.0,0.5,0.0,0.0,False,True,0.5548529983234264
1e-12,0.7,1000000000.0,gate,1.4556992425569633,1.3463785171468987,2.005140301378789,1.8842340203549326,2.062988482245601,4.391532358472223,0.7195913918639322,1.8691016391586452,2.4828172848148236,0.0984899700325623,0.01627543603976305,0.026274356401731463,0.0004031682595735462,0.01,0.009998920361968408,0.5228684969694705,0.08017376630449435,0.02,0.5,0.019997840723936816,0.03579510417864769,False,False,0.5548529983234264
1e-12,0.7,1000000000.0,gate,1.4267609412812319,1.3463785171468987,2.0434084534107915,2.0124451562523524,2.1248888719275993,2.7107156599560174,0.0,1.8973725560531154,2.476513280581262,0.09675417517324425,0.01692854528713861,0.02692758685914519,0.0004218625198228341,0.01,0.009999041572006583,0.4919793906291174,0.07904833589075029,0.02,1.0,0.01999808314401317,0.12229611219637328,False,False,0.5548529983234264
1e-12,0.7,1000000000.0,gate,1.4408891321054753,1.3463785171468987,2.258029117519946,1.2777876572777291,4.464368657737238,69.51833893647135,1.8095583318263324,1.876599894535591,2.8118755757547187,0.10451950193567648,0.017051048885597622,0.027065991625735045,0.007483221318332019,0.01,0.010014942740137424,0.3491764801777841,0.07428525878065173,0.02,2.0,0.02002988548027485,0.4828746235056637,False,False,0.5548529983234264
1e-12,0.7,1000000000.0,gate,1.675944041232533,1.3463785171468987,1.8696932858975615,1.6314172998967478,1.970798503383254,8.94172643830672,0.0,1.7181750936226023,2.141465647713967,0.26462933576603115,0.013116593716160646,0.023114886038039975,0.00032658721576856256,0.01,0.009998292321879331,0.5239168905068886,0.07964733676250686,0.04,0.5,0.039993169287517324,0.06014277948622589,False,False,0.5548529983234264
1e-12,0.7,1000000000.0,gate,1.5956698749766105,1.3463785171468987,2.0111840431420958,1.951137478690514,2.8510359228787587,22.041728488882278,1.038710242920534,1.806656767511667,2.1692576817799867,0.09402419529345883,0.014431833789737414,0.02443044852359486,0.00030215096635271226,0.01,0.009998614733857443,0.4409982508642121,0.07762172255242868,0.04,1.0,0.03999445893542978,0.2317757424060701,False,False,0.5548529983234264
1e-12,0.7,1000000000.0,runaway,,,,,,,,,,,,,,0.01,,,,0.04,2.0,,,,,
1e-12,0.7,1000000000.0,gate,1.9617124970245254,1.3463785171468987,1.7368411119282914,1.4821827853108,1.9039198929746257,11.961501161985002,0.014053895937325405,1.5401214899774576,1.9443182170183468,0.8532411548049574,0.010287707588114706,0.02028519768671506,0.00026434152818478223,0.01,0.009997490098600353,0.5364280710345072,0.0767061456290412,0.06,0.5,0.05998494059160212,0.07203387692832297,False,False,0.5548529983234264
1e-12,0.7,1000000000.0,runaway,,,,,,,,,,,,,,0.01,,,,0.06,1.0,,,,,
1e-12,0.7,1000000000.0,runaway,,,,,,,,,,,,,,0.01,,,,0.06,2.0,,,,,
1e-12,0.7,1000000000.0,gate,2.3469117841965828,1.3463785171468987,1.607450901114225,1.345589371782407,1.829215156090109,14.820938073411323,0.2281238174441254,1.3717913640764257,1.8342484718118408,0.9999269208732431,0.007768350404070608,0.017764849422881694,0.00020998988364735152,0.01,0.009996499018811087,0.5630437469574933,0.06960145668856406,0.08,0.5,0.07997199215048867,0.07049817348707324,False,False,0.5548529983234264
1e-12,0.7,1000000000.0,runaway,,,,,,,,,,,,,,0.01,,,,0.08,1.0,,,,,
1e-12,0.7,1000000000.0,runaway,,,,,,,,,,,,,,0.01,,,,0.08,2.0,,,,,
1e-12,0.7,3000000000.0,gate,1.2621738725716622,1.386779267460252,2.0964127316845023,2.0443874228435797,2.2022398753676806,3.7091851072248105,1.0,2.0451734789802334,2.125219276944841,0.0006752669783868706,0.010592494699483283,0.010592494699483283,0.000647955259392232,0.0,0.0,0.0,0.03853754283079065,0.0,0.5,0.0,0.0,True,False,0.8117921831436476
1e-12,0.7,3000000000.0,ok,1.44429333747173,1.386779267460252,1.990237928770248,1.8733958669338249,2.0752158354814867,4.995317508569944,0.17759010359629435,1.9081438355426132,2.067545416322488,0.007251177949682137,0.008644934907286683,0.008644934907286683,0.000526391090885135,0.0,0.0,0.0,0.038452256438268925,0.02,0.5,0.01999762602096071,0.039474923970049626,False,False,0.8117921831436476
1e-12,0.7,3000000000.0,ok,1.414737076180421,1.386779267460252,2.019418395634736,1.9460316518774519,2.094157010889621,3.613325366678985,0.27890760234764983,1.9431108655121394,2.084156237770034,0.0013514164107246301,0.009000359939185743,0.009000359939185743,0.0005471585127063703,0.0,0.0,0.0,0.03814822213835916,0.02,1.0,0.019997929380434324,0.14216033016361676,False,False,0.8117921831436476
1e-12,0.7,3000000000.0,runaway,,,,,,,,,,,,,,0.0,,,,0.02,2.0,,,,,
1e-12,0.7,3000000000.0,gate,1.6734288310274823,1.386779267460252,1.857540066029795,1.6404327205108673,2.008109595886041,9.7506167860178,0.0,1.7275598739787612,2.0064292170471822,0.2827461298547902,0.006918035433575123,0.006918035433575123,0.000425422540854827,0.0,0.0,0.0,0.03787798590924105,0.04,0.5,0.03999203980062693,0.06468710035914835,False,False,0.8117921831436476
1e-12,0.7,3000000000.0,gate,1.589524258254532,1.386779267460252,1.9181544441407279,1.7516988178159214,2.055878589266926,7.811792861832466,0.0,1.8140445826701488,2.0488443148298767,0.07836030651713674,0.00765753358790365,0.00765753358790365,0.00045684231472737177,0.0,0.0,0.0,0.037376850780735035,0.04,1.0,0.03999363583223876,0.09587696191624953,False,False,0.8117921831436476
1e-12,0.7,3000000000.0,runaway,,,,,,,,,,,,,,0.0,,,,0.04,2.0,,,,,
1e-12,0.7,3000000000.0,gate,1.9706713944629386,1.386779267460252,1.7227976725708583,1.4511026785282934,1.9385465936871928,13.937803554863653,0.007327341618146394,1.534699395646517,1.9396149436586372,0.7665596375199324,0.005387090737648481,0.005387090737648481,0.0003526010705551531,0.0,0.0,0.0,0.0373852052786896,0.06,0.5,0.05998202605431371,0.07432683643719852,False,False,0.8117921831436476
1e-12,0.7,3000000000.0,runaway,,,,,,,,,,,,,,0.0,,,,0.06,1.0,,,,,
1e-12,0.7,3000000000.0,runaway,,,,,,,,,,,,,,0.0,,,,0.06,2.0,,,,,
1e-12,0.7,3000000000.0,gate,2.373958955016911,1.386779267460252,1.5807760310526726,1.2691359917859872,1.859088498107055,18.38445121123136,0.022545383514863102,1.3542816830083821,1.8623317358132887,0.9999150872337415,0.004028116381901469,0.004028116381901469,0.0003177814181833793,0.0,0.0,0.0,0.035831667935140636,0.08,0.5,0.07996717413256825,0.02225098832689953,False,False,0.8117921831436476
1e-12,0.7,3000000000.0,runaway,,,,,,,,,,,,,,0.0,,,,0.08,1.0,,,,,
1e-12,0.7,3000000000.0,runaway,,,,,,,,,,,,,,0.0,,,,0.08,2.0,,,,,
1e-12,0.7,3000000000.0,gate,1.2437395966768692,1.386779267460252,2.1321419655097014,2.074944958205495,2.2280066537432006,3.536342853255997,1.3047885854594783,2.0618763882191358,2.559621006650764,0.08845372617649895,0.010832292749897304,0.01583209751316136,0.0006502594472135941,0.005,0.004999804763264055,0.481133435991536,0.03834921911742549,0.0,0.5,0.0,0.0,False,False,0.8117921831436476
1e-12,0.7,3000000000.0,gate,1.4218761327759446,1.386779267460252,2.0205510855178734,1.8959839108521372,2.0846472646444645,4.599617073366879,0.1388727741852901,1.9247398003013025,2.231082164064883,0.026499704213843178,0.008862434428330805,0.013861930638466042,0.0005310749156237555,0.005,0.004999496210135237,0.47432975850010545,0.038252158602335155,0.02,0.5,0.019997984840540946,0.040113701703666245,False,False,0.8117921831436476
1e-12,0.7,3000000000.0,gate,1.3931630832067834,1.386779267460252,2.0534840589949197,1.9802555582550037,2.1020936769920464,2.9227778730531266,0.0,1.9587800623533032,2.246865720711332,0.03486811076069245,0.0092214893751883,0.014221055699255476,0.0005531037557711617,0.005,0.004999566324067178,0.4414524610531256,0.03796237771183108,0.02,1.0,0.01999826529626871,0.14549801033036652,False,False,0.8117921831436476
1e-12,0.7,3000000000.0,gate,1.4389964896771326,1.386779267460252,1170.7298890490779,2.0337674239047216,4427.59116915347,186.21524556518992,0.9999999999999998,1.9256767415403295,2.3872306050930385,0.026354444646273532,0.009033038517454963,0.014039874241785981,0.005379049316354074,0.005,0.005006835724331018,0.31187357823369755,0.013630880490443352,0.02,2.0,0.020027342897324076,0.4204859846340081,False,False,0.8117921831436476
1e-12,0.7,3000000000.0,gate,1.6451873874119831,1.386779267460252,1.8851750764440223,1.667885656011322,2.017198863229087,9.127824449091923,0.0,1.7490785341686514,2.0301868455505168,0.16266650879927552,0.007116720012822354,0.012115843388400676,0.0004313394532455323,0.005,0.004999123375578321,0.4746045262903866,0.03764484047850373,0.04,0.5,0.03999298700462657,0.0655931499031963,False,False,0.8117921831436476
1e-12,0.7,3000000000.0,gate,1.5598315884920284,1.386779267460252,2.1588259890849417,1.9619896271131159,4.672145032754234,61.841571794632166,1.0,1.86673692347762,2.1800631653774563,0.03215802968371624,0.007869954585147469,0.012869154283519523,0.00012604498255849145,0.005,0.004999199698372054,0.32309873960875063,0.03691239558465377,0.04,1.0,0.039993597586976425,0.09861698314581879,False,False,0.8117921831436476
1e-12,0.7,3000000000.0,runaway,,,,,,,,,,,,,,0.005,,,,0.04,2.0,,,,,
1e-12,0.7,3000000000.0,gate,1.9335081633825733,1.386779267460252,1.7501909898209351,1.5044545001656924,1.9501261250624897,12.543926556576327,0.016163126642853343,1.5616129121775029,1.9510179846968037,0.5956775337982264,0.005568888381861315,0.010567545952823562,0.0003549647973719863,0.005,0.004998657570962247,0.484430882093617,0.03657216393865577,0.06,0.5,0.05998389085154695,0.07521834086891849,False,False,0.8117921831436476
1e-12,0.7,3000000000.0,runaway,,,,,,,,,,,,,,0.005,,,,0.06,1.0,,,,,
1e-12,0.7,3000000000.0,runaway,,,,,,,,,,,,,,0.005,,,,0.06,2.0,,,,,
1e-12,0.7,3000000000.0,gate,2.315382339648233,1.386779267460252,1.7210228271942958,1.4573560611861118,3.062695712438691,45.94986757182398,1.0083222631441597,1.4388237019626562,1.876630535788179,0.999558645922503,0.004203104431023959,0.009201256891462612,0.0001458627836446552,0.005,0.004998152460438651,0.4407870252940092,0.03232799314070527,0.08,0.5,0.07997043936701842,0.02252312613762102,False,False,0.8117921831436476
1e-12,0.7,3000000000.0,runaway,,,,,,,,,,,,,,0.005,,,,0.08,1.0,,,,,
1e-12,0.7,3000000000.0,runaway,,,,,,,,,,,,,,0.005,,,,0.08,2.0,,,,,
1e-12,0.7,3000000000.0,gate,1.2257920565860512,1.386779267460252,2.193936340149667,2.104079537801501,2.4121704690611563,6.917654303709154,1.3844459411899792,2.07752114042749,3.9552642123139723,0.12531071556944176,0.011072730593524018,0.02107245828378651,0.0006515699154961648,0.01,0.009999727690262496,0.6730013421396299,0.03816637991278738,0.0,0.5,0.0,0.0,False,False,0.8117921831436476
1e-12,0.7,3000000000.0,gate,1.4001213350265458,1.386779267460252,2.057094950865114,1.9157773597200825,2.1163325005622275,4.80267747686034,0.3862663932191863,1.9409437899998854,2.6817590922787486,0.09729915406184508,0.009080580701650885,0.01907974043991582,0.0005354235814603295,0.01,0.009999159738264938,0.6627026541113858,0.03805832204094576,0.02,0.5,0.019998319476529875,0.04076879153663692,False,False,0.8117921831436476
1e-12,0.7,3000000000.0,gate,1.3722488249028977,1.386779267460252,2.094210949430204,2.0147079705559956,2.144040317520455,3.042220544371314,0.684399659018293,1.9745130984089532,2.6626613145732545,0.11587422315715423,0.009442945411348066,0.019442234376700604,0.0005585466430014441,0.01,0.00999928896535254,0.6169488092593964,0.0377820627544176,0.02,1.0,0.01999857793070508,0.14895238830549964,False,False,0.8117921831436476
1e-12,0.7,3000000000.0,gate,3.353449508374231,1.386779267460252,114.43991548657583,1.4096350055639608,2336.525586166238,1005.1592744771078,0.005841382513382796,1.3854610762071038,3633.589074506469,0.4258208320702778,0.006896783825913373,0.0204201021970108,0.27349031095552123,0.01,0.013523318371097427,0.5870891717283817,0.02255025848611458,0.02,2.0,0.027046636742194857,0.036822014098491083,False,False,0.8117921831436476
1e-12,0.7,3000000000.0,gate,1.617933363504502,1.386779267460252,1.9153592527372514,1.6952043323589359,2.0288660241411223,8.581437929988775,0.00010517386769133284,1.768743272943897,2.2202905587629416,0.13898991542206612,0.007315994273731803,0.017314458148394506,0.00043688801965856413,0.01,0.009998463874662702,0.6619952156603863,0.03742151729439174,0.04,0.5,0.03999385549865081,0.06651875198009502,False,False,0.8117921831436476
1e-12,0.7,3000000000.0,gate,1.5309570865235136,1.386779267460252,2.4206188837936877,2.019731999353983,8.36678874352955,129.1665102239204,1.0,1.8857508003838737,2.5807723310869015,0.06684805178816909,0.008083521039635104,0.018081892772829348,0.0004912972606182605,0.01,0.009998371733194244,0.4509186837638211,0.03645660134720921,0.04,1.0,0.03999348693277697,0.10154671769291916,False,False,0.8117921831436476
1e-12,0.7,3000000000.0,runaway,,,,,,,,,,,,,,0.01,,,,0.04,2.0,,,,,
1e-12,0.7,3000000000.0,gate,1.8978969239275578,1.386779267460252,1.7799142853998084,1.5434831179747024,1.9612914305607345,11.563304168071719,0.05757255733679632,1.5881120342298762,1.9918288541470317,0.41881105347716546,0.005751385577445196,0.015748991038220056,0.0003570808047654611,0.01,0.009997605460774859,0.674141618819516,0.035809002992513966,0.06,0.5,0.05998563276464913,0.0761252769629349,False,False,0.8117921831436476
1e-12,0.7,3000000000.0,runaway,,,,,,,,,,,,,,0.01,,,,0.06,1.0,,,,,
1e-12,0.7,3000000000.0,runaway,,,,,,,,,,,,,,0.01,,,,0.06,2.0,,,,,
1e-12,0.7,3000000000.0,gate,2.259880701807067,1.386779267460252,1.8895281470872831,1.5435792038566312,5.376351457615936,99.92257339725725,1.0031796045264145,1.4754986333264304,1.8908624512128172,0.9975762475386422,0.004378911826306131,0.014375555040630948,9.678778091470076e-05,0.01,0.009996643214324818,0.6107354873532304,0.028825846697725154,0.08,0.5,0.07997314571459854,0.022800340903138493,False,False,0.8117921831436476
1e-12,0.7,3000000000.0,runaway,,,,,,,,,,,,,,0.01,,,,0.08,1.0,,,,,
1e-12,0.7,3000000000.0,runaway,,,,,,,,,,,,,,0.01,,,,0.08,2.0,,,,,
1e-12,0.85,1000000000.0,gate,1.417529243268584,1.3463785171468987,1.982758803157927,1.9294832784059983,2.367210862593445,10.875218482099024,1.0,1.911323365395281,1.9945015453195312,0.005370175692654583,0.016239657957323014,0.016239657957323014,0.0005086297207085542,0.0,0.0,0.0,0.06513242322827358,0.0,0.5,0.0,0.0,False,False,0.5548529983234264
1e-12,0.85,1000000000.0,gate,1.6178937639367903,1.3463785171468987,1.8815387875414469,1.798280640010909,1.941781747886246,3.757041916535784,0.7546379774131979,1.7925895149433955,1.9381494471783034,0.5342273608877052,0.013253424751542172,0.013253424751542172,0.00040912166761130297,0.0,0.0,0.0,0.06636853397916043,0.02,0.5,0.019997342339058574,0.03524931185556433,False,False,0.5548529983234264
1e-12,0.85,1000000000.0,gate,1.5839865194641143,1.3463785171468987,1.9140299207669405,1.862834449383649,1.985735662747969,3.1630889873099273,1.0,1.8217522888138151,1.9635827520451348,0.24687336200837523,0.013810352056249996,0.013810352056249996,0.0004273144885355832,0.0,0.0,0.0,0.06546084474990141,0.02,1.0,0.019997636945365254,0.11953244892496673,False,False,0.5548529983234264
1e-12,0.85,1000000000.0,gate,1.5806696848916681,1.3463785171468987,262030512862892.28,1.7868254324946908,6288732308709370.0,1182.266009852208,1.243123905258577e-16,1.7977224028850702,3.6550493391992687,0.35990184870098224,0.013976026706569167,0.013976026706569167,0.0029825210537880644,0.0,0.0,0.0,0.06446805608915478,0.02,2.0,0.01991639418739961,0.4906272389489946,False,False,0.5548529983234264
1e-12,0.85,1000000000.0,gate,1.8719935881846488,1.3463785171468987,1.7557033880457755,1.5577192034656284,1.8748543571532428,8.898098317911645,0.005597964031775959,1.6403926371305997,1.8762364977356636,0.9999340432347289,0.010582010688407736,0.010582010688407736,0.00032516798204977425,0.0,0.0,0.0,0.06624038348606891,0.04,0.5,0.03999165163697877,0.0592097590688246,False,False,0.5548529983234264
1e-12,0.85,1000000000.0,gate,1.7792247137331632,1.3463785171468987,1.8192488502654367,1.683809570193618,1.9133449449355093,6.2152911712351955,0.07806455467938404,1.724414367721127,1.9132950621867137,0.8856934105491722,0.011688786331885876,0.011688786331885876,0.0003613584729435659,0.0,0.0,0.0,0.06467915514840038,0.04,1.0,0.039993257598984124,0.22632366773556573,False,False,0.5548529983234264
1e-12,0.85,1000000000.0,runaway,,,,,,,,,,,,,,0.0,,,,0.04,2.0,,,,,
1e-12,0.85,1000000000.0,gate,2.204689725319991,1.3463785171468987,1.6270878968984028,1.3739100061920437,1.8083268918255788,13.15223757962044,0.012693236996962166,1.456126880846161,1.8103726746075175,1.0,0.008200108599168204,0.008200108599168204,0.00026390555020486636,0.0,0.0,0.0,0.06449695553672528,0.06,0.5,0.05998158315117915,0.07093649039700789,False,False,0.5548529983234264
1e-12,0.85,1000000000.0,runaway,,,,,,,,,,,,,,0.0,,,,0.06,1.0,,,,,
1e-12,0.85,1000000000.0,runaway,,,,,,,,,,,,,,0.0,,,,0.06,2.0,,,,,
1e-12,0.85,1000000000.0,gate,2.6589355459833706,1.3463785171468987,1.4933760311704478,1.2001966849857866,1.7317046418342614,17.532528597174796,0.021605151896255937,1.2801766377100376,1.7355668376578668,0.9999904400125009,0.006090932182948106,0.006090932182948106,0.00023399736902669581,0.0,0.0,0.0,0.06191849507717232,0.08,0.5,0.0799656304736903,0.0694759108994666,False,False,0.5548529983234264
1e-12,0.85,1000000000.0,runaway,,,,,,,,,,,,,,0.0,,,,0.08,1.0,,,,,
1e-12,0.85,1000000000.0,runaway,,,,,,,,,,,,,,0.0,,,,0.08,2.0,,,,,
1e-12,0.85,1000000000.0,gate,1.3971747278876328,1.3463785171468987,2.0132415540323705,1.9740578984585004,2.4063241324906834,10.576924121024948,1.0755084661594718,1.9249310007544576,2.3254812310315405,0.03514637831268878,0.016608479886605992,0.021608179323014606,0.0005093168799303252,0.005,0.0049996994364086165,0.40652282125245437,0.06479851258063225,0.0,0.5,0.0,0.0,False,False,0.5548529983234264
1e-12,0.85,1000000000.0,gate,1.5929773090329693,1.3463785171468987,1.9081898250171054,1.8247006948000295,1.9650820110973295,3.624029269797688,0.6485480244342195,1.8068903104411564,2.077271911285772,0.26003525234506797,0.013589885648900906,0.01858930847219918,0.00041258601623022295,0.005,0.004999422823298277,0.40460781872823287,0.066018872646345,0.02,0.5,0.019997691293193107,0.03577403207915124,False,False,0.5548529983234264
1e-12,0.85,1000000000.0,gate,1.5600892320376538,1.3463785171468987,1.9428686632951946,1.9127278633259595,2.020524118147012,2.7331545545678693,0.0,1.8355952509813853,2.0970718053618085,0.13063823452130868,0.014152247679403492,0.019151738135938616,0.00043139595817656874,0.005,0.004999490456535124,0.38047638326273886,0.06510630196890935,0.02,1.0,0.019997961826140494,0.1221559218840683,False,False,0.5548529983234264
1e-12,0.85,1000000000.0,gate,1.573605325665523,1.3463785171468987,23.242734966370584,1.469842497908704,411.01007709505166,867.9871719981581,0.04240307495537528,1.8408997925259718,2.1798993703547644,0.08221271494796432,0.014577120866096157,0.019575781062476216,0.0037924144923740144,0.005,0.0049986601963800574,0.26655237311545327,0.06089398862747849,0.02,2.0,0.01999464078552023,0.3823436921701915,False,False,0.5548529983234264
1e-12,0.85,1000000000.0,gate,1.8403924107478882,1.3463785171468987,1.7815181494723227,1.5826714889018962,1.8863557223987806,8.397228208090738,0.0,1.6585695508328897,1.907043417913974,0.9783640053419836,0.010889894737105376,0.015888968634986445,0.00033047589886157496,0.005,0.004999073897881069,0.40657713898350234,0.0657560679477714,0.04,0.5,0.03999259118304855,0.059979959515145086,False,False,0.5548529983234264
1e-12,0.85,1000000000.0,gate,1.7497927629092178,1.3463785171468987,1.8786780647660308,1.8165420964108585,2.182160741007199,9.586938287914437,1.066941458393051,1.744930481941185,1.9528930781074791,0.5360488150902646,0.012014451205598983,0.017013707185250283,0.0003444243072685427,0.005,0.0049992559796512995,0.34176566304905914,0.06419047064616326,0.04,1.0,0.0399940478372104,0.2307246299171191,False,False,0.5548529983234264
1e-12,0.85,1000000000.0,runaway,,,,,,,,,,,,,,0.005,,,,0.04,2.0,,,,,
1e-12,0.85,1000000000.0,gate,2.1628438354061963,1.3463785171468987,1.652105670503489,1.422135023044768,1.81971264121731,11.854631754581591,0.011674385876193802,1.4806879584920756,1.8219329292214497,1.0,0.008481279235092308,0.013479905133376472,0.00026677284606449264,0.005,0.004998625898284164,0.4177533556961473,0.06373701885961205,0.06,0.5,0.05998351077940996,0.07173001706253836,False,False,0.5548529983234264
1e-12,0.85,1000000000.0,runaway,,,,,,,,,,,,,,0.005,,,,0.06,1.0,,,,,
1e-12,0.85,1000000000.0,runaway,,,,,,,,,,,,,,0.005,,,,0.06,2.0,,,,,
1e-12,0.85,1000000000.0,gate,2.600357367635562,1.3463785171468987,1.5226838965388854,1.270850364335026,1.745283388811898,15.348612409130295,0.10881982367771789,1.3120213034471067,1.7491974335801816,0.9999901710470873,0.006345148688027347,0.011343218457523877,0.00022557936350195646,0.005,0.00499806976949653,0.44051716401214336,0.05924657211394065,0.08,0.5,0.07996911631194446,0.07013280465315905,False,False,0.5548529983234264
1e-12,0.85,1000000000.0,runaway,,,,,,,,,,,,,,0.005,,,,0.08,1.0,,,,,
1e-12,0.85,1000000000.0,runaway,,,,,,,,,,,,,,0.005,,,,0.08,2.0,,,,,
1e-12,0.85,1000000000.0,gate,1.3773845360490073,1.3463785171468987,2.054263956312623,1.990997010758505,2.3930675025994264,9.641617918008839,1.3856617324694918,1.9393623571514764,3.2675781936481667,0.07797116830098005,0.016978270594775476,0.026977792464130134,0.0005088180756079589,0.01,0.00999952186935466,0.5737083790411509,0.06539297092298375,0.0,0.5,0.0,0.0,False,False,0.5548529983234264
1e-12,0.85,1000000000.0,gate,1.568798341357615,1.3463785171468987,1.9391625259338692,1.8462817538117002,1.9953997182201109,3.788085028559659,0.8499971863229717,1.8209602897345658,2.425795241342731,0.23680122342960994,0.01392747471363472,0.02392648246032799,0.0004156558006364223,0.01,0.00999900774669327,0.5652290846374615,0.06564869728427651,0.02,0.5,0.01999801549338654,0.0363112275971269,False,False,0.5548529983234264
1e-12,0.85,1000000000.0,gate,1.5369146082573388,1.3463785171468987,1.9764157541633367,1.940915266277643,2.0562105632743086,2.873672337745668,0.0,1.8491575582906992,2.4256643733702865,0.14430456700511463,0.014494842426407355,0.024493974624419396,0.00043509651140446575,0.01,0.00999913219801204,0.5316819893887659,0.06476326551728528,0.02,1.0,0.019998264396024083,0.12486596398598221,False,False,0.5548529983234264
1e-12,0.85,1000000000.0,gate,2.2012542980978744,1.3463785171468987,2826195.0292544654,2.0683670594344594,65001470.23510089,1132.9871907951308,9.703069027761297e-06,1.822867269702262,1010.0963276036639,0.41016227408957107,0.013212471217592435,0.022232070120983854,0.0742839427779143,0.01,0.00901959890339142,0.37640691860450914,-0.0068037772707742255,0.02,2.0,0.01803919780678284,0.40214913076921155,False,False,0.5548529983234264
1e-12,0.85,1000000000.0,gate,1.809893380391312,1.3463785171468987,1.8078874033174508,1.608617305000668,1.8967962563961385,7.85226305125831,0.0038384914407833415,1.6758330998315796,2.06961912762774,0.8308448495295278,0.011198890171186006,0.02119725314066933,0.00033526891473165447,0.01,0.009998362969483324,0.5670051124200777,0.06534882709184602,0.04,0.5,0.039993451877933274,0.060765984250001445,False,False,0.5548529983234264
1e-12,0.85,1000000000.0,gate,1.7214185744540906,1.3463785171468987,1.9495022328648162,1.8890024948958464,2.8790005456157535,25.015809708044472,1.0263253307781397,1.7603081072377793,2.099973518838789,0.3460636285623626,0.012340496109005453,0.022339188511383022,0.000314291023640802,0.01,0.009998692402377567,0.47690623814419314,0.06372508923990323,0.04,1.0,0.039994769609510275,0.23524549984176274,False,False,0.5548529983234264
1e-12,0.85,1000000000.0,runaway,,,,,,,,,,,,,,0.01,,,,0.04,2.0,,,,,
1e-12,0.85,1000000000.0,gate,2.1227485453288955,1.3463785171468987,1.6780801506945535,1.4563181791860427,1.8307560903905928,10.991857148827085,0.051589825765967795,1.5037257803945154,1.870431098129682,1.0,0.008763651538772536,0.01876119498019376,0.0002695354700052765,0.01,0.009997543441421225,0.5812050915970994,0.06302589117070082,0.06,0.5,0.059985260648527355,0.07253733542574523,False,False,0.5548529983234264
1e-12,0.85,1000000000.0,runaway,,,,,,,,,,,,,,0.01,,,,0.06,1.0,,,,,
1e-12,0.85,1000000000.0,runaway,,,,,,,,,,,,,,0.01,,,,0.06,2.0,,,,,
1e-12,0.85,1000000000.0,gate,2.544703903675818,1.3463785171468987,1.5535378461421467,1.3196416598969924,1.7587162319762395,13.922602090897815,0.316755933977791,1.3397429164036045,1.7621843739355554,0.9999859803884361,0.0066011029010073765,0.01659763978793234,0.00021474601040583752,0.01,0.009996536886924963,0.6108001209080225,0.05684059411444639,0.08,0.5,0.07997229509539971,0.07079979060169735,False,False,0.5548529983234264
1e-12,0.85,1000000000.0,runaway,,,,,,,,,,,,,,0.01,,,,0.08,1.0,,,,,
1e-12,0.85,1000000000.0,runaway,,,,,,,,,,,,,,0.01,,,,0.08,2.0,,,,,
1e-12,0.85,3000000000.0,gate,1.3719275555488553,1.386779267460252,2.018254575767219,1.9853572325522868,2.123194695010187,3.3643044156588577,1.0005896940903396,1.9835170470755639,2.0356706721233535,0.0002730680807363076,0.008922708949664609,0.008922708949664609,0.0006607326560999384,0.0,0.0,0.0,0.03161400751213562,0.0,0.5,0.0,0.0,False,False,0.8117921831436476
1e-12,0.85,3000000000.0,gate,1.5720398631431731,1.386779267460252,1.914536876021599,1.828217935353223,1.9888669071845178,4.133502234330586,0.21786005270705436,1.8458941276526466,1.9800906062677395,0.13484956690367617,0.00727138315754836,0.00727138315754836,0.0005353105260036483,0.0,0.0,0.0,0.031579459368495016,0.02,0.5,0.01999776805001712,0.03980951060778466,False,False,0.8117921831436476
1e-12,0.85,3000000000.0,gate,1.5394416326444773,1.386779267460252,1.942995983249541,1.8938293672699145,2.0052754747101207,2.8255107467364087,0.0,1.879400609292836,1.9954329171158922,0.029086112347339196,0.007573042702341925,0.007573042702341925,0.0005565459431013578,0.0,0.0,0.0,0.03133966027490569,0.02,1.0,0.01999807482267097,0.14387068380077658,False,False,0.8117921831436476
1e-12,0.85,3000000000.0,gate,2.096839737221247,1.386779267460252,19.889272364634227,1.4821325758257973,67.70695147066533,164.02341371222303,1.4951332445602195,1.7984686318528897,53.50644590243999,0.3271865635394937,0.007361232550389409,0.007361232550389409,0.03825651546628296,0.0,0.0,0.0,0.0033619576041347735,0.02,2.0,0.0191368464507564,0.33971189012012964,False,False,0.8117921831436476
1e-12,0.85,3000000000.0,gate,1.8237162566461917,1.386779267460252,1.787339504103041,1.607158704110455,1.9214773983054836,8.662976161748755,0.0,1.673127201019943,1.921331937700012,0.8194995105539598,0.00581108805115834,0.00581108805115834,0.0004313638059505075,0.0,0.0,0.0,0.031152928138555986,0.04,0.5,0.03999230526324992,0.06507097147259026,False,False,0.8117921831436476
1e-12,0.85,3000000000.0,gate,1.731704006194477,1.386779267460252,1.8467329020568222,1.7127791170946582,1.963946152157799,6.699810424213296,0.0,1.7577552375202934,1.9607385333487644,0.430726350116485,0.0064348674903224904,0.0064348674903224904,0.0004635352576875666,0.0,0.0,0.0,0.030760381794864206,0.04,1.0,0.03999396546756741,0.09663198367680803,False,False,0.8117921831436476
1e-12,0.85,3000000000.0,runaway,,,,,,,,,,,,,,0.0,,,,0.04,2.0,,,,,
1e-12,0.85,3000000000.0,gate,2.1501841809254585,1.386779267460252,1.6568451243280151,1.423640076181293,1.855955235022915,12.85353285634771,0.007474298411111786,1.489055337093582,1.8566920754000682,0.9999976269371089,0.0045191665804886465,0.0045191665804886465,0.0003564575412792605,0.0,0.0,0.0,0.030796370592735784,0.06,0.5,0.05998242575895522,0.07461619829652608,False,False,0.8117921831436476
1e-12,0.85,3000000000.0,runaway,,,,,,,,,,,,,,0.0,,,,0.06,1.0,,,,,
1e-12,0.85,3000000000.0,runaway,,,,,,,,,,,,,,0.0,,,,0.06,2.0,,,,,
1e-12,0.85,3000000000.0,gate,2.5932622425713965,1.386779267460252,1.5197585618282037,1.2454520409197096,1.7797181347944169,17.317570996407124,0.025337607720757976,1.3150623521668363,1.782666737301895,1.0,0.003374202278417329,0.003374202278417329,0.00031869179569641724,0.0,0.0,0.0,0.029555992589221466,0.08,0.5,0.07996783801500008,0.02230096908251148,False,False,0.8117921831436476
1e-12,0.85,3000000000.0,runaway,,,,,,,,,,,,,,0.0,,,,0.08,1.0,,,,,
1e-12,0.85,3000000000.0,runaway,,,,,,,,,,,,,,0.0,,,,0.08,2.0,,,,,
1e-12,0.85,3000000000.0,gate,1.3517991589456653,1.386779267460252,2.053724925999855,2.0182642079145046,2.1463565602784462,3.0724504615309622,1.4612829373109157,1.998935681842763,2.4939881692997616,0.05374108471636293,0.009124832910862801,0.01412467897444191,0.0006639065645581195,0.005,0.004999846063579108,0.5242217870654212,0.03146053452486775,0.0,0.5,0.0,0.0,False,False,0.8117921831436476
1e-12,0.85,3000000000.0,gate,1.5475312591570223,1.386779267460252,1.9441281375434922,1.8495959019490085,1.9983812610145049,3.7699819735359954,0.18018532875168916,1.8617752074566205,2.1476666481058895,0.06184413022099872,0.007454584483112767,0.012454117564746982,0.0005402989277911393,0.005,0.004999533081634216,0.5171860125109217,0.031415782226607014,0.02,0.5,0.019998132326536865,0.04046358328681261,False,False,0.8117921831436476
1e-12,0.85,3000000000.0,gate,1.515874326603836,1.386779267460252,1.9763110056532451,1.9263485413390413,2.0150632494726346,2.211282867007545,0.0,1.8947046455848255,2.164356617893993,0.013254667874396657,0.0077592555505009405,0.012758859226375532,0.0005628081382570094,0.005,0.00499960367587459,0.4812559056680367,0.03118747555757947,0.02,1.0,0.019998414703498363,0.14730298027099842,False,False,0.8117921831436476
1e-12,0.85,3000000000.0,gate,2.1772162757935614,1.386779267460252,7.774933573477697,1.891750175577787,91.30423983603342,566.507237558173,0.042579746657890986,1.7937467046073436,3.129610330786385,0.1337557193264313,0.007185732660976493,0.01248681798212634,0.06462006835882614,0.005,0.005301085321149847,0.36109494495842365,0.02817697991141124,0.02,2.0,0.021204341284599384,0.10378916952408025,False,False,0.8117921831436476
1e-12,0.85,3000000000.0,gate,1.792839360894147,1.386779267460252,1.8142050668869942,1.633791677708605,1.9323921163914006,8.10789336022591,0.0,1.6940097629308917,1.9486125585041574,0.5569382400275931,0.005978196108165652,0.010977353406928294,0.00043750513209599395,0.005,0.004999157298762643,0.5178311962746988,0.030958245964130087,0.04,0.5,0.039993258390101136,0.06599414032538209,False,False,0.8117921831436476
1e-12,0.85,3000000000.0,gate,1.699400385653026,1.386779267460252,2.0686268775093213,1.8876164092200538,4.363723416851555,58.96457983206336,1.0,1.8034205342185834,2.102478342721946,0.14526331260105863,0.006612976742874181,0.011612214349414327,0.00016264846050589128,0.005,0.004999237606540147,0.3524504852759729,0.03019893433068321,0.04,1.0,0.039993900852321164,0.09940858294823011,False,False,0.8117921831436476
1e-12,0.85,3000000000.0,runaway,,,,,,,,,,,,,,0.005,,,,0.04,2.0,,,,,
1e-12,0.85,3000000000.0,gate,2.109528571902832,1.386779267460252,1.6844552388861136,1.4710462789974184,1.8669750982743107,11.57874799682836,0.02089563921500639,1.5158455226887584,1.868013214075821,0.9999902422779305,0.00467193841230095,0.00967063045794724,0.00035938550693762224,0.005,0.00499869204564629,0.5288944637679398,0.030025481561909262,0.06,0.5,0.05998430454775546,0.07552080784488815,False,False,0.8117921831436476
1e-12,0.85,3000000000.0,runaway,,,,,,,,,,,,,,0.005,,,,0.06,1.0,,,,,
1e-12,0.85,3000000000.0,runaway,,,,,,,,,,,,,,0.005,,,,0.06,2.0,,,,,
1e-12,0.85,3000000000.0,gate,2.529186370715161,1.386779267460252,1.6720874358588749,1.4130233165598642,3.3758433915515105,57.826308609628946,1.0064878989025992,1.392177769079665,1.796606417662628,0.9997065298793567,0.003520978576572278,0.008519180058841551,0.00014924820200119706,0.005,0.004998201482269272,0.48159765491891715,0.026054290275938738,0.08,0.5,0.07997122371630838,0.022575638945193117,False,False,0.8117921831436476
1e-12,0.85,3000000000.0,runaway,,,,,,,,,,,,,,0.005,,,,0.08,1.0,,,,,
1e-12,0.85,3000000000.0,runaway,,,,,,,,,,,,,,0.005,,,,0.08,2.0,,,,,
1e-12,0.85,3000000000.0,gate,1.3321555443019495,1.386779267460252,2.120528316704517,2.043661880268594,2.3789339023542744,7.788560533158608,1.3550573076570502,2.0135785083048616,4.060571894135114,0.08972980374803288,0.00932789386277797,0.019327716024021273,0.0006661873325982155,0.01,0.009999822161243307,0.7332524969396733,0.03131141598308321,0.0,0.5,0.0,0.0,False,False,0.8117921831436476
1e-12,0.85,3000000000.0,gate,1.523748901252222,1.386779267460252,1.980098347304,1.8687333895850053,2.039338415249689,4.244328807117625,0.48335381070968475,1.8768263136863281,2.6092838235451463,0.09781497593742042,0.00763831650581481,0.017637552385201104,0.000544939769869171,0.01,0.009999235879386293,0.7225673766836945,0.031257454652978967,0.02,0.5,0.019998471758772587,0.04113456534279804,False,False,0.8117921831436476
1e-12,0.85,3000000000.0,gate,1.4930272157544904,1.386779267460252,2.0162799718576725,1.9606854396666162,2.067686715522434,2.6142196937933413,0.0,1.9097193852561445,2.592947033660802,0.08334305519270332,0.007945750175659978,0.017945116416963707,0.0005685361327050312,0.01,0.009999366241303731,0.6725693855829465,0.031039996985216287,0.02,1.0,0.01999873248260746,0.15085740779675524,False,False,0.8117921831436476
1e-12,0.85,3000000000.0,gate,2.0149525505356958,1.386779267460252,2323820.514711061,1.9567824150871245,25318522.199596807,536.7100161375951,0.44924014722546707,1.633585304070064,111.6045094304694,0.777143463072681,0.006958295833640185,0.01653078718471103,0.009842277424859859,0.01,0.009572491351070843,0.49106768871962436,-0.007975544880285497,0.02,2.0,0.019144982702141683,0.45353029801143685,False,False,0.8117921831436476
1e-12,0.85,3000000000.0,gate,1.763042490176743,1.386779267460252,1.843437273652606,1.659960146047712,1.9432648509487245,7.570584034845386,0.004325593355959644,1.7133309838715503,2.13636807587246,0.3784519902265493,0.006145808320144468,0.016144342293954964,0.00044321784101959493,0.01,0.009998533973810498,0.7222766017664927,0.030772069686848088,0.04,0.5,0.03999413589524199,0.06693742235253307,False,False,0.8117921831436476
1e-12,0.85,3000000000.0,gate,1.6678533391796397,1.386779267460252,2.35691556408073,1.93908907462346,8.29409646026272,132.82382949463585,1.0,1.821973416834273,2.4889514779296222,0.11121562186189138,0.006792531649301563,0.016790991922479268,0.0004847500985717048,0.01,0.009998460273177703,0.49184740116125253,0.02971818959172369,0.04,1.0,0.0399938410927108,0.10240220419911436,False,False,0.8117921831436476
1e-12,0.85,3000000000.0,runaway,,,,,,,,,,,,,,0.01,,,,0.04,2.0,,,,,
1e-12,0.85,3000000000.0,gate,2.0705943863345513,1.386779267460252,1.712980429842674,1.5084873553543565,1.8775785689651774,10.614151140342532,0.061988786927757174,1.5401150568242814,1.9082034560634935,0.9742364993762295,0.004825242194073588,0.014822916312131137,0.0003613261601305411,0.01,0.009997674118057548,0.7360025421615798,0.029314797334708927,0.06,0.5,0.05998604470834526,0.07644049499140482,False,False,0.8117921831436476
1e-12,0.85,3000000000.0,runaway,,,,,,,,,,,,,,0.01,,,,0.06,1.0,,,,,
1e-12,0.85,3000000000.0,runaway,,,,,,,,,,,,,,0.01,,,,0.06,2.0,,,,,
1e-12,0.85,3000000000.0,gate,2.468444694026709,1.386779267460252,1.7814321349719986,1.4923323352930065,4.403981111898018,80.51441949499254,1.0039758449350582,1.4268210571222444,1.8101462538500204,0.9990251261425656,0.003668599639704389,0.013665332972958872,8.83753277306937e-05,0.01,0.009996733333254484,0.66724914697699,0.022643516652316637,0.08,0.5,0.0799738666660359,0.022855400942614856,False,False,0.8117921831436476
1e-12,0.85,3000000000.0,runaway,,,,,,,,,,,,,,0.01,,,,0.08,1.0,,,,,
1e-12,0.85,3000000000.0,runaway,,,,,,,,,,,,,,0.01,,,,0.08,2.0,,,,,
1e-12,1.0,1000000000.0,gate,1.510616857669977,1.3463785171468987,1.9260234535835554,1.8846321641142565,2.28661625702515,10.281376391202379,1.0,1.8707628459369698,1.933172129036767,0.22156237336974935,0.01421742698266537,0.01421742698266537,0.0005213989352260005,0.0,0.0,0.0,0.055076697796657935,0.0,0.5,0.0,0.0,False,False,0.5548529983234264
1e-12,1.0,1000000000.0,gate,1.7269502978517284,1.3463785171468987,1.8268538133935366,1.7687672345628969,1.8847929743745468,3.1286322109626425,0.881237749826067,1.7510190291253225,1.8755391612440535,0.9970348580184709,0.011582027025491487,0.011582027025491487,0.0004180271789627789,0.0,0.0,0.0,0.05617460472951712,0.02,0.5,0.019997471248736326,0.035608045814817225,False,False,0.5548529983234264
1e-12,1.0,1000000000.0,gate,1.6901564683699053,1.3463785171468987,1.8584788869340987,1.8132242593067527,1.9312310780632025,3.127904127388688,1.0,1.7798876843099332,1.9071110329181924,0.9878565919592432,0.01207428234876167,0.01207428234876167,0.00043678370048797643,0.0,0.0,0.0,0.05542791823192124,0.02,1.0,0.019997772085635683,0.12130306938530999,False,False,0.5548529983234264
1e-12,1.0,1000000000.0,gate,1.695993792329342,1.3463785171468987,87943262513.83669,1.5696319770857456,2110638300289.0916,1182.2660098272574,3.526665405450337e-13,1.7709403440688987,5.188194904899436,0.9949214873387214,0.012144600585400593,0.012144600585400593,0.009754624221894546,0.0,0.0,0.0,0.054620284419666716,0.02,2.0,0.019798455413914104,0.5055820892373832,False,False,0.5548529983234264
1e-12,1.0,1000000000.0,gate,2.0012324900850684,1.3463785171468987,1.7051474734196024,1.5381743055287347,1.8133864436096254,7.950777509077364,0.00813378732007906,1.6032430790453667,1.8139418378133754,1.0,0.00923173618076032,0.00923173618076032,0.00033136333332161347,0.0,0.0,0.0,0.05614599289865975,0.04,0.5,0.03999186314785663,0.05963920256815238,False,False,0.5548529983234264
1e-12,1.0,1000000000.0,gate,1.9005382937342692,1.3463785171468987,1.76748722753395,1.658111080410384,1.8500171804624184,5.3485548966638135,0.09284240009207377,1.6858202043461736,1.8500256505592745,0.9999998276700314,0.01020914751248346,0.01020914751248346,0.00036835201394063273,0.0,0.0,0.0,0.054864699114179814,0.04,1.0,0.03999349276630343,0.22870855223225306,False,False,0.5548529983234264
1e-12,1.0,1000000000.0,runaway,,,,,,,,,,,,,,0.0,,,,0.04,2.0,,,,,
1e-12,1.0,1000000000.0,gate,2.360386280483122,1.3463785171468987,1.5803835357911382,1.3575881226084507,1.7481715536148066,12.17461626751861,0.014802716976475314,1.426144592175044,1.7502112339975382,1.0,0.007141456474515917,0.007141456474515917,0.00026764455719314545,0.0,0.0,0.0,0.05477105421244216,0.06,0.5,0.05998184400687006,0.07127946221134908,False,False,0.5548529983234264
1e-12,1.0,1000000000.0,runaway,,,,,,,,,,,,,,0.0,,,,0.06,1.0,,,,,
1e-12,1.0,1000000000.0,runaway,,,,,,,,,,,,,,0.0,,,,0.06,2.0,,,,,
1e-12,1.0,1000000000.0,gate,2.8509455362150318,1.3463785171468987,1.4503719858494175,1.1859649166054798,1.6736963150477158,16.565527669850358,0.02086863472355577,1.2549153698535291,1.6771984444509336,1.0,0.005294515897686108,0.005294515897686108,0.0002376395749148169,0.0,0.0,0.0,0.05268590409764527,0.08,0.5,0.07996603059180661,0.06967924887598534,False,False,0.5548529983234264
1e-12,1.0,1000000000.0,runaway,,,,,,,,,,,,,,0.0,,,,0.08,1.0,,,,,
1e-12,1.0,1000000000.0,runaway,,,,,,,,,,,,,,0.0,,,,0.08,2.0,,,,,
1e-12,1.0,1000000000.0,gate,1.488797963097142,1.3463785171468987,1.9542710599444792,1.9195026756447968,2.277998879564271,9.036572195685343,1.09193305056511,1.8846759900464882,2.2881677320137728,0.08836110449610175,0.014540865568965512,0.019540605715791578,0.0005219634789007994,0.005,0.004999740146826068,0.438355931958484,0.05556189984257545,0.0,0.5,0.0,0.0,False,False,0.5548529983234264
1e-12,1.0,1000000000.0,gate,1.7002050732090532,1.3463785171468987,1.8530855309765013,1.7938543228712378,1.9101493694794007,3.091503297713359,0.7428787692605612,1.7648904054281163,2.022179756350733,0.8834246123842396,0.011876601361186984,0.016876058314111528,0.00042184196546629307,0.005,0.004999456952924546,0.43281027725428994,0.05588063301348263,0.02,0.5,0.019997827811698187,0.03614838526928316,False,False,0.5548529983234264
1e-12,1.0,1000000000.0,gate,1.664528241158795,1.3463785171468987,1.886983165109133,1.8643758614661003,1.965121542335526,2.6300401158333426,0.0,1.7933142983373835,2.0417899082109803,0.8265231638212783,0.012373553567773232,0.017373079115278474,0.00044120496504237354,0.005,0.004999525547505242,0.40690658455045253,0.05512980603240413,0.02,1.0,0.01999810219002097,0.12401994088385752,False,False,0.5548529983234264
1e-12,1.0,1000000000.0,gate,1.6943227654536082,1.3463785171468987,1.9338344162564454,1.0867310131999888,2.7012798215167955,41.12783565460553,1.5419461852795533,1.7885871739624226,2.133947232425662,0.8561904388270016,0.01254965199996985,0.017543197088436727,0.0053909566428860835,0.005,0.0049935450884668765,0.2871680672155377,0.04511705827087713,0.02,2.0,0.019974180353867506,0.4478271440476301,False,False,0.5548529983234264
1e-12,1.0,1000000000.0,gate,1.9673065350895556,1.3463785171468987,1.72903802724167,1.562330829491529,1.8235545029299973,7.442381862274632,0.002017748834036964,1.621381162676824,1.8466782469486815,1.0,0.00950080748965641,0.014499909555410704,0.000336880920827783,0.005,0.004999102065754293,0.43528706395301375,0.055789068322835804,0.04,0.5,0.03999281652603434,0.06042788109932585,False,False,0.5548529983234264
1e-12,1.0,1000000000.0,gate,1.8689906374538787,1.3463785171468987,1.8226144687355592,1.7784377079864264,2.081897768466392,8.20182858670368,1.0774346622849436,1.7044932361878797,1.8934907416005589,0.9983286215807335,0.010493851870247062,0.015493138314317676,0.0003497141868488448,0.005,0.004999286444070612,0.365690985463992,0.05443732759503939,0.04,1.0,0.039994291552564905,0.23322565463108863,False,False,0.5548529983234264
1e-12,1.0,1000000000.0,runaway,,,,,,,,,,,,,,0.005,,,,0.04,2.0,,,,,
1e-12,1.0,1000000000.0,gate,2.3154290404391493,1.3463785171468987,1.6047900860095137,1.4033239336155554,1.7591380365162779,10.922168869959435,0.011749760181123666,1.4499119902262094,1.7612594411646392,1.0,0.007386823472415058,0.012385474634655218,0.00027143716728623735,0.005,0.0049986511622401595,0.447633793323295,0.05409249077359978,0.06,0.5,0.05998381394688191,0.07208863726489838,False,False,0.5548529983234264
1e-12,1.0,1000000000.0,runaway,,,,,,,,,,,,,,0.005,,,,0.06,1.0,,,,,
1e-12,1.0,1000000000.0,runaway,,,,,,,,,,,,,,0.005,,,,0.06,2.0,,,,,
1e-12,1.0,1000000000.0,gate,2.787947698875606,1.3463785171468987,1.4787265980538082,1.2523688953212062,1.6870196812479759,14.479599401975713,0.10960971839160955,1.2861692224280332,1.690692398156291,1.0,0.005516093452033994,0.010514192325098655,0.00022919560764808497,0.005,0.004998098873064662,0.47246451209216545,0.050150612243417776,0.08,0.5,0.07996958196903457,0.070345963138026,False,False,0.5548529983234264
1e-12,1.0,1000000000.0,runaway,,,,,,,,,,,,,,0.005,,,,0.08,1.0,,,,,
1e-12,1.0,1000000000.0,runaway,,,,,,,,,,,,,,0.005,,,,0.08,2.0,,,,,
1e-12,1.0,1000000000.0,gate,1.4675023544826702,1.3463785171468987,1.9997519223892646,1.9292371769839607,2.3063341410040494,9.289254790138077,1.4254520674440032,1.8985732280817909,3.293346057238978,0.07906164871526006,0.014865889600992298,0.02486549744805964,0.0005224676207957541,0.01,0.00999960784706734,0.6131183774256972,0.05527614947976874,0.0,0.5,0.0,0.0,False,False,0.5548529983234264
1e-12,1.0,1000000000.0,gate,1.6742538859015115,1.3463785171468987,1.883832482592754,1.8134260335996037,1.939927819816015,3.3079454474506096,0.9969196861507035,1.7784797428893744,2.389692499063902,0.8525026146511229,0.012172143129387003,0.0221712210938933,0.00042511363621532274,0.01,0.0099990779645063,0.6046146832651254,0.05556923404876487,0.02,0.5,0.0199981559290126,0.03670177651767824,False,False,0.5548529983234264
1e-12,1.0,1000000000.0,gate,1.6396754931112567,1.3463785171468987,1.920287552764323,1.8799592492415307,1.999959208992346,3.078355665032069,1.18151871944753,1.806862159527211,2.3814148492718985,0.7765750517630073,0.012673436972331984,0.022672641609011255,0.0004450599702914806,0.01,0.009999204636679273,0.5686081321699816,0.054841010350429105,0.02,1.0,0.01999840927335855,0.1268284052287969,False,False,0.5548529983234264
1e-12,1.0,1000000000.0,gate,2.6809338199993684,1.3463785171468987,566.8361340767844,1.892399647389846,5914.945535007446,513.8758596559472,0.11096660196436295,1.7990627636140815,1139.9820903734544,0.671835019845181,0.010780362134602137,0.019235106698346206,0.13967946520243557,0.01,0.008454744563744072,0.40350919130697693,-0.00824847102860342,0.02,2.0,0.01690948912748814,0.4066707562991431,False,False,0.5548529983234264
1e-12,1.0,1000000000.0,gate,1.934561620844912,1.3463785171468987,1.754997791959197,1.5888144787822638,1.8343752997440432,6.89265378055025,0.011310532955355057,1.6383627339328042,2.01189714436496,0.9161871476973941,0.009770866129977863,0.0197692877121838,0.00034181145809687963,0.01,0.009998421582205938,0.6070286778192627,0.05544594350537226,0.04,0.5,0.03999368632882375,0.061233274849410185,False,False,0.5548529983234264
1e-12,1.0,1000000000.0,gate,1.838589765000608,1.3463785171468987,1.899513354792246,1.8334932682471727,2.924932623648446,28.304873641505875,1.016343204360269,1.7194305053125098,2.0418946696999543,0.8277089951460375,0.010778861972177235,0.02077761812889504,0.0003260658358298597,0.01,0.009998756156717806,0.5102866918806898,0.054030330657902546,0.04,1.0,0.03999502462687123,0.23786164089555403,False,False,0.5548529983234264
1e-12,1.0,1000000000.0,runaway,,,,,,,,,,,,,,0.01,,,,0.04,2.0,,,,,
1e-12,1.0,1000000000.0,gate,2.2723502225419843,1.3463785171468987,1.6300523736450554,1.4351004321981664,1.7697740010052974,10.114020240338968,0.055041532293236814,1.4721620826120516,1.8098710179160487,1.0,0.007633298223897156,0.01763089184005041,0.0002741122670035011,0.01,0.009997593616153254,0.6227545874215532,0.053458653124339436,0.06,0.5,0.059985561696919536,0.07291201577804042,False,False,0.5548529983234264
1e-12,1.0,1000000000.0,runaway,,,,,,,,,,,,,,0.01,,,,0.06,1.0,,,,,
1e-12,1.0,1000000000.0,runaway,,,,,,,,,,,,,,0.01,,,,0.06,2.0,,,,,
1e-12,1.0,1000000000.0,gate,2.7281095661836345,1.3463785171468987,1.50835446258297,1.2979136773504354,1.7000185356417588,13.132272015275829,0.314936265700691,1.3119430548859974,1.7032742458617485,0.9999857726633844,0.005739194401561424,0.015735784535493583,0.00021703986930937918,0.01,0.009996590133932157,0.655062976869679,0.04786981540688662,0.08,0.5,0.07997272107145724,0.07102281242092941,False,False,0.5548529983234264
1e-12,1.0,1000000000.0,runaway,,,,,,,,,,,,,,0.01,,,,0.08,1.0,,,,,
1e-12,1.0,1000000000.0,runaway,,,,,,,,,,,,,,0.01,,,,0.08,2.0,,,,,
1e-12,1.0,3000000000.0,gate,1.4735350765275588,1.386779267460252,1.9538700598682184,1.933522354914861,2.061519640895587,3.2270748977577086,1.0026978272857427,1.9297911431511185,1.9625830100854582,0.00014153368738440368,0.007707741482773151,0.007707741482773151,0.0006708843533897326,0.0,0.0,0.0,0.026797779203551326,0.0,0.5,0.0,0.0,False,False,0.8117921831436476
1e-12,1.0,3000000000.0,gate,1.6901510141236693,1.386779267460252,1.8522434264067424,1.7908253026709862,1.9170058505111454,3.355817299919539,0.2851847464115898,1.7932218994836537,1.9080034652464255,0.8864192129184585,0.006274561381766194,0.006274561381766194,0.0005418496123714218,0.0,0.0,0.0,0.026789533790496377,0.02,0.5,0.01999787673429325,0.040054110158537444,False,False,0.8117921831436476
1e-12,1.0,3000000000.0,gate,1.6547721978798953,1.386779267460252,1.8801275011687475,1.8433372371446157,1.9325794715778202,2.3382292856037146,0.0,1.825370652377739,1.9228254875722253,0.5719111282945984,0.006536538161957518,0.006536538161957518,0.0005635055950509005,0.0,0.0,0.0,0.026591912779167032,0.02,1.0,0.019998185951660637,0.1451272480429722,False,False,0.8117921831436476
1e-12,1.0,3000000000.0,gate,1.8288228612710693,1.386779267460252,6.306489643299379,1.7785392061580898,89.30996614303929,683.7231481283877,0.1746301175535563,1.400043503494278,4.516389076837348,0.9109243849287432,0.006204383687770076,0.006204383687770076,0.028821747171055827,0.0,0.0,0.0,0.02253807940945096,0.02,2.0,0.021067449506046006,0.28344940304130545,False,False,0.8117921831436476
1e-12,1.0,3000000000.0,gate,1.9625217253905982,1.386779267460252,1.72960976134258,1.5779967799904633,1.8525261773971586,7.818882581525399,0.0,1.627660392760315,1.8514243319097874,0.9999930983071821,0.0050095794923908496,0.0050095794923908496,0.00043585469404559525,0.0,0.0,0.0,0.0264548291739743,0.04,0.5,0.03999252112573141,0.06534996850174304,False,False,0.8117921831436476
1e-12,1.0,3000000000.0,gate,1.863154712964788,1.386779267460252,1.7873819865947629,1.677530949962845,1.894263739334526,5.973257069472478,0.0,1.7100370298232463,1.8890828645526314,0.999613652913466,0.005548445315079246,0.005548445315079246,0.00046819835216551714,0.0,0.0,0.0,0.026103731651656848,0.04,1.0,0.03999425208770507,0.0971800345279459,False,False,0.8117921831436476
1e-12,1.0,3000000000.0,runaway,,,,,,,,,,,,,,0.0,,,,0.04,2.0,,,,,
1e-12,1.0,3000000000.0,gate,2.315816396958421,1.386779267460252,1.6036159327397244,1.3988097586271528,1.7884388977322627,11.968921771503279,0.004705112465973791,1.4504608522353848,1.7891878028629464,1.0,0.0038921436496093626,0.0038921436496093626,0.0003590697790521368,0.0,0.0,0.0,0.026174482004586087,0.06,0.5,0.059982759617189685,0.07482537221439985,False,False,0.8117921831436476
1e-12,1.0,3000000000.0,runaway,,,,,,,,,,,,,,0.0,,,,0.06,1.0,,,,,
1e-12,1.0,3000000000.0,runaway,,,,,,,,,,,,,,0.0,,,,0.06,2.0,,,,,
1e-12,1.0,3000000000.0,gate,2.7954139868911008,1.386779267460252,1.4709055129222819,1.2248126629243328,1.7148370739459171,16.41107014406624,0.027001546956748928,1.281660299560258,1.7179099369147,1.0,0.0029029515252361393,0.0029029515252361393,0.00031932099372169396,0.0,0.0,0.0,0.025148089016364568,0.08,0.5,0.07996852001616896,0.02233695649852836,False,False,0.8117921831436476
1e-12,1.0,3000000000.0,runaway,,,,,,,,,,,,,,0.0,,,,0.08,1.0,,,,,
1e-12,1.0,3000000000.0,runaway,,,,,,,,,,,,,,0.0,,,,0.08,2.0,,,,,
1e-12,1.0,3000000000.0,gate,1.4518215182251604,1.386779267460252,1.9889887323127091,1.9628273418193973,2.080826376234197,2.922470208889102,0.0,1.9431107451938565,2.438988986172435,0.03896882495472656,0.00788259521237536,0.012882471489732752,0.0006738301551262028,0.005,0.004999876277357393,0.5640196393384243,0.026668179129131678,0.0,0.5,0.0,0.0,False,False,0.8117921831436476
1e-12,1.0,3000000000.0,gate,1.663717043141547,1.386779267460252,1.8811543658059804,1.8113170609043125,1.9254817716021733,2.989588455102303,0.0,1.8085055397601308,2.0802879697987646,0.5211438317003745,0.006432802428708249,0.01143236401796085,0.0005471685065222387,0.005,0.0049995615892526,0.5567492271572825,0.02665119085494352,0.02,0.5,0.019998246357010405,0.04071944621977725,False,False,0.8117921831436476
1e-12,1.0,3000000000.0,gate,1.629366310998173,1.386779267460252,1.91236737289275,1.8768072281462678,1.9414647045872202,1.6655258852305783,0.0,1.8401356361169954,2.0990108769559592,0.22675478760996964,0.006697367707387965,0.011696999952972742,0.000569988473127281,0.005,0.004999632245584777,0.518006570774089,0.0265292002515462,0.02,1.0,0.019998528982339104,0.14862998216486914,False,False,0.8117921831436476
1e-12,1.0,3000000000.0,gate,1.697109835618863,1.386779267460252,1177789835.3333914,1.9005563006822694,24733584612.875362,1034.482677855471,1.3824560699086627e-08,1.7966680593010795,138.33464162027073,0.7230090264092447,0.006552400670469367,0.01154082566344191,0.002321933130740574,0.005,0.004988424992972542,0.36511893660704836,0.000393420937749455,0.02,2.0,0.019953699971890167,0.4340266192914671,False,False,0.8117921831436476
1e-12,1.0,3000000000.0,gate,1.929217490091018,1.386779267460252,1.7556960697141815,1.6041289793058557,1.8619018228538182,7.232555709355638,0.0,1.6485396791243785,1.879152989077763,0.9999875722077881,0.005153774516361492,0.010152958840591685,0.0004420510133316458,0.005,0.004999184324230194,0.5577142694794539,0.02628690002954221,0.04,0.5,0.039993474593841546,0.06628564827726746,False,False,0.8117921831436476
1e-12,1.0,3000000000.0,gate,1.8281953800487465,1.386779267460252,1.9859598558672833,1.8263190675509167,3.8940677341397203,51.289828404696856,1.0,1.750262394015056,2.0379518917934796,0.9375719466301031,0.0057023286651883736,0.010701608777097114,0.00013035680468121918,0.005,0.004999280111908739,0.37958081653092807,0.02551127011542745,0.04,1.0,0.03999424089526991,0.10001248307734205,False,False,0.8117921831436476
1e-12,1.0,3000000000.0,runaway,,,,,,,,,,,,,,0.005,,,,0.04,2.0,,,,,
1e-12,1.0,3000000000.0,gate,2.271944113557908,1.386779267460252,1.6293384804819009,1.4430743690898196,1.7989900222478292,10.760680488424656,0.036198723458011145,1.4764864361476808,1.8002971942105805,1.0,0.004023885115424193,0.009022606828217256,0.0003622372385280003,0.005,0.0049987217127930635,0.569896615664769,0.025454118841601453,0.06,0.5,0.05998466055351674,0.07573963057132824,False,False,0.8117921831436476
1e-12,1.0,3000000000.0,runaway,,,,,,,,,,,,,,0.005,,,,0.06,1.0,,,,,
1e-12,1.0,3000000000.0,runaway,,,,,,,,,,,,,,0.005,,,,0.06,2.0,,,,,
1e-12,1.0,3000000000.0,gate,2.7263340519208654,1.386779267460252,1.6192509649776852,1.3761405646576554,3.306216028023832,58.717030953955216,1.0063515422781264,1.3535674229256962,1.7310044241019613,0.9997292255112281,0.0030292779957582492,0.008027511019726145,0.00015591778450043368,0.005,0.004998233023967897,0.5192157151032025,0.021576498422788064,0.08,0.5,0.07997172838348633,0.022613071949528645,False,False,0.8117921831436476
1e-12,1.0,3000000000.0,runaway,,,,,,,,,,,,,,0.005,,,,0.08,1.0,,,,,
1e-12,1.0,3000000000.0,runaway,,,,,,,,,,,,,,0.005,,,,0.08,2.0,,,,,
1e-12,1.0,3000000000.0,gate,1.4306018302570729,1.386779267460252,2.061241977011814,1.9718480734234514,2.3630030525136667,9.348110700577669,1.2613593503185714,1.9553155356045795,4.124903430022544,0.07439945455920474,0.008058471282125123,0.018058357769315005,0.0006767046044167865,0.01,0.009999886487189883,0.7888971988956818,0.02654198600406298,0.0,0.5,0.0,0.0,False,False,0.8117921831436476
1e-12,1.0,3000000000.0,gate,1.6380660631975266,1.386779267460252,1.9166049307754516,1.8301615440206158,1.9754470810929239,3.7341670646711824,0.6019218284187461,1.823246259169876,2.542793368424081,0.3782521546775377,0.006591506382749647,0.016590800547807774,0.000552068858072346,0.01,0.009999294165058126,0.7778325299834988,0.026517594201541258,0.02,0.5,0.01999858833011625,0.04140219637690282,False,False,0.8117921831436476
1e-12,1.0,3000000000.0,gate,1.604739176794654,1.386779267460252,1.951794017704854,1.9098389209055135,2.003770824973641,2.3707355133508234,0.0,1.854879123545017,2.5273093849829786,0.19835397308925015,0.006858427655667752,0.01685785282182363,0.0005760532966431044,0.01,0.009999425166155877,0.723924953120937,0.026404139765380162,0.02,1.0,0.019998850332311753,0.15225856445863517,False,False,0.8117921831436476
1e-12,1.0,3000000000.0,gate,2.105503673478325,1.386779267460252,8.108911414842119,1.539024108145174,113.50216146994595,680.1684225712287,0.14694310793530835,1.455828661893573,4.349667297290035,0.7738083028202624,0.006469341530228138,0.01726588722911361,0.042481297038846254,0.01,0.01079654569888547,0.5415088116752947,0.01994775592642528,0.02,2.0,0.021593091397770936,0.17367121448412623,False,False,0.8117921831436476
1e-12,1.0,3000000000.0,gate,1.897079100616541,1.386779267460252,1.78414443616796,1.6296837203540095,1.8716878662169898,6.681850557636708,0.012206488371716763,1.6667765024456545,2.0643513050926434,0.8823255770265961,0.005298406557391131,0.015296997151498277,0.00044798339485235144,0.01,0.009998590594107145,0.7778961848095145,0.02612630340440249,0.04,0.5,0.039994362376428574,0.06724184922972777,False,False,0.8117921831436476
1e-12,1.0,3000000000.0,gate,1.794325155913823,1.386779267460252,2.2852340863091247,1.8719000462682567,8.3037277308512,138.64610373807682,1.0000000000000002,1.7680197306018843,2.4133653863505007,0.7057277489351598,0.005856751676240708,0.015855286320145653,0.00048304478092778415,0.01,0.009998534643904943,0.5297035808181869,0.025007313572476837,0.04,1.0,0.03999413857561976,0.10303298513384214,False,False,0.8117921831436476
1e-12,1.0,3000000000.0,runaway,,,,,,,,,,,,,,0.01,,,,0.04,2.0,,,,,
1e-12,1.0,3000000000.0,gate,2.2299480952396733,1.386779267460252,1.657339763199862,1.4806736703064645,1.8091802460601083,9.76419579010104,0.09302099202427018,1.4995507826746524,1.8400668737491426,1.0,0.004156054532737918,0.014153784537451298,0.0003645461845755904,0.01,0.00999773000471338,0.7930479885659577,0.024778110530662662,0.06,0.5,0.05998638002828028,0.07666854461841319,False,False,0.8117921831436476
1e-12,1.0,3000000000.0,runaway,,,,,,,,,,,,,,0.01,,,,0.06,1.0,,,,,
1e-12,1.0,3000000000.0,runaway,,,,,,,,,,,,,,0.01,,,,0.06,2.0,,,,,
1e-12,1.0,3000000000.0,gate,2.6606801985599424,1.386779267460252,1.7198126131273943,1.4510574926183586,3.97601543795644,72.3230913912165,1.0042523599908235,1.3853938842278946,1.7442784191075815,0.9991679106627668,0.003156573843750801,0.013153404691627905,9.267993840150318e-05,0.01,0.009996830847877105,0.719336919467436,0.01826243244084432,0.08,0.5,0.07997464678301686,0.022895319558716466,False,False,0.8117921831436476
1e-12,1.0,3000000000.0,runaway,,,,,,,,,,,,,,0.01,,,,0.08,1.0,,,,,
1e-12,1.0,3000000000.0,runaway,,,,,,,,,,,,,,0.01,,,,0.08,2.0,,,,,
2.5e-12,0.4,1000000000.0,gate,1.8990789243395034,1.3463785171468987,1.899143913486366,1.736693015488272,2.9298882971508142,30.949783360458348,1.0009386106293434,1.540503352790296,2.1685113328814194,0.974228988460141,0.0649809780839385,0.0649809780839385,0.00019929204857922542,0.0,0.0,0.0,1.0222864130642548,0.0,0.5,0.0,0.0,False,True,1.3871324958085653
2.5e-12,0.4,1000000000.0,gate,2.0916885256489888,1.3463785171468987,1.8118010557746553,1.7017001853090628,2.7135069896406363,27.51002907405658,0.3561311464927288,1.4883911654016808,2.021944015309587,0.9753165931762017,0.05533775900350617,0.05533775900350617,0.00016131053026322332,0.0,0.0,0.0,0.9832138530737217,0.02,0.5,0.019996050003603227,0.026847406973127607,False,True,1.3871324958085653
2.5e-12,0.4,1000000000.0,gate,2.0671611089493225,1.3463785171468987,1.8375740678308865,1.7153415376825225,2.5126427840603753,21.373790670245736,0.4824459747111074,1.499076143660903,2.07895652436402,0.965289259446609,0.05687605619888628,0.05687605619888628,0.00016769789208966832,0.0,0.0,0.0,0.9823643958785075,0.02,1.0,0.019996192617164198,0.08243311748156457,False,True,1.3871324958085653
2.5e-12,0.4,1000000000.0,runaway,,,,,,,,,,,,,,0.0,,,,0.02,2.0,,,,,
2.5e-12,0.4,1000000000.0,gate,2.330137696787157,1.3463785171468987,1.7594266128783917,1.3720797091325396,4.129055504340646,77.19083850011081,0.03876864846899269,1.4220108369771804,1.8049370991469111,0.999546726770951,0.04627930517238671,0.04627930517238671,0.0014411144729973493,0.0,0.0,0.0,0.9410528343863432,0.04,0.5,0.04000241445419158,0.048467268996588535,False,True,1.3871324958085653
2.5e-12,0.4,1000000000.0,gate,2.2652786980173647,1.3463785171468987,1.7588610056819365,1.6301571373581274,2.553304002220826,25.85492251574223,0.17858665380919858,1.4560288981163017,1.8700433070135463,0.9998523954992196,0.04934603544583188,0.04934603544583188,0.00013928682899546745,0.0,0.0,0.0,0.9049496314145988,0.04,1.0,0.03999136194726506,0.1708011769154384,False,True,1.3871324958085653
2.5e-12,0.4,1000000000.0,runaway,,,,,,,,,,,,,,0.0,,,,0.04,2.0,,,,,
2.5e-12,0.4,1000000000.0,runaway,,,,,,,,,,,,,,0.0,,,,0.06,0.5,,,,,
2.5e-12,0.4,1000000000.0,runaway,,,,,,,,,,,,,,0.0,,,,0.06,1.0,,,,,
2.5e-12,0.4,1000000000.0,runaway,,,,,,,,,,,,,,0.0,,,,0.06,2.0,,,,,
2.5e-12,0.4,1000000000.0,gate,3.061011272223952,1.3463785171468987,2.7613610555156662,1.056527292742464,33.3480404342137,576.0619133452453,0.0061307626941988,1.1286754973015016,1.6973859706993186,0.9998259741084831,0.029850564561667507,0.029850564561667507,0.00841866009987527,0.0,0.0,0.0,0.742365473811463,0.08,0.5,0.07811628433270094,0.06202033593831873,False,True,1.3871324958085653
2.5e-12,0.4,1000000000.0,runaway,,,,,,,,,,,,,,0.0,,,,0.08,1.0,,,,,
2.5e-12,0.4,1000000000.0,runaway,,,,,,,,,,,,,,0.0,,,,0.08,2.0,,,,,
2.5e-12,0.4,1000000000.0,gate,1.8759971680290297,1.3463785171468987,1.9209980495586445,1.7732431729362872,2.988479874687941,31.162903547628762,1.0011026424335288,1.5490856846966041,2.205166179566516,0.8791505814903599,0.06638573108709202,0.07138492784727449,0.00019678263113079395,0.005,0.004999196760182463,0.19395287004225178,1.014789813580076,0.0,0.5,0.0,0.0,False,True,1.3871324958085653
2.5e-12,0.4,1000000000.0,gate,2.0637555240970333,1.3463785171468987,1.8307645579137348,1.7355939256316202,2.6840676628918825,25.520946425386555,0.3750036473325006,1.4973089078845498,2.0571615623921637,0.9628190975734326,0.056677878862520674,0.06167694923070505,0.00016223487301117692,0.005,0.0049990703681843714,0.19453198797288032,0.9748612965181583,0.02,0.5,0.019996281472737493,0.027068561488938242,False,True,1.3871324958085653
2.5e-12,0.4,1000000000.0,gate,2.0399683228004717,1.3463785171468987,1.8564158775978086,1.7488509861113437,2.494282259929359,19.78045590320246,0.5215929817562104,1.508162214502559,2.112835670208063,0.9339023568163443,0.05823261012004827,0.06323171169278395,0.0001679718096917325,0.005,0.004999101572735685,0.18756007391998542,0.9733148686289377,0.02,1.0,0.01999640629094274,0.08344999243902644,False,True,1.3871324958085653
2.5e-12,0.4,1000000000.0,runaway,,,,,,,,,,,,,,0.005,,,,0.02,2.0,,,,,
2.5e-12,0.4,1000000000.0,gate,2.2973433969196932,1.3463785171468987,1.7925521941813363,1.3889683339143566,4.438575642661619,83.80618511955895,0.0348299366542352,1.4304603948206494,1.85232868238897,0.9996356848603064,0.04748969236636467,0.052487813957169345,0.0004252294361234403,0.005,0.004998121590804678,0.1946765980933705,0.9327616538197854,0.04,0.5,0.039984972726437425,0.04881596718797619,False,True,1.3871324958085653
2.5e-12,0.4,1000000000.0,gate,2.2314214025948886,1.3463785171468987,1.8127727952737247,1.7187217198187752,2.528117130144597,21.99486620380433,0.5899108356584913,1.4663824758984374,1.9514106316518929,0.9699231906967661,0.05068063217219202,0.05567961734490858,0.000101316560643694,0.005,0.004998985172716563,0.16639781588124286,0.8948083102057818,0.04,1.0,0.0399918813817325,0.17285739637326084,False,True,1.3871324958085653
2.5e-12,0.4,1000000000.0,runaway,,,,,,,,,,,,,,0.005,,,,0.04,2.0,,,,,
2.5e-12,0.4,1000000000.0,gate,2.624515870254708,1.3463785171468987,2.050400153609087,1.1889103181556062,13.143645719519737,287.2138010258612,0.012796048319082315,1.317674728898764,1.7880326645427873,0.9993700311263195,0.03798259476746563,0.04295714795203118,0.013177493203893081,0.005,0.004974553184565554,0.19692916290523022,0.836794764960467,0.06,0.5,0.05969463821478665,0.06173633145410294,False,True,1.3871324958085653
2.5e-12,0.4,1000000000.0,runaway,,,,,,,,,,,,,,0.005,,,,0.06,1.0,,,,,
2.5e-12,0.4,1000000000.0,runaway,,,,,,,,,,,,,,0.005,,,,0.06,2.0,,,,,
2.5e-12,0.4,1000000000.0,gate,3.1299530510701628,1.3463785171468987,4.283407918404142,1.052765387893871,52.16251616896775,587.7847175226342,0.0030665241123541656,1.0693912864738717,2.0283950124613863,0.9969518958637975,0.028080718954081537,0.033099156872368085,0.013640546354127538,0.005,0.005018437918286548,0.20982766405726946,0.5415761624658311,0.08,0.5,0.08029500669258476,0.06304706129068544,False,True,1.3871324958085653
2.5e-12,0.4,1000000000.0,runaway,,,,,,,,,,,,,,0.005,,,,0.08,1.0,,,,,
2.5e-12,0.4,1000000000.0,runaway,,,,,,,,,,,,,,0.005,,,,0.08,2.0,,,,,
2.5e-12,0.4,1000000000.0,gate,1.853514630313281,1.3463785171468987,1.9444041559738732,1.7944182248027152,3.0467212229814424,31.72684170439311,1.0044026311928669,1.5580173877836205,2.2362450925981117,0.7916930232925075,0.06779399617382478,0.07779246821121394,0.00019402614132085877,0.01,0.009998472037389154,0.2714280130525009,1.007526896010717,0.0,0.5,0.0,0.0,False,True,1.3871324958085653
2.5e-12,0.4,1000000000.0,gate,2.0366718463347486,1.3463785171468987,1.8507748789988963,1.7507565077476073,2.6572424769323613,24.127451559523198,0.4039612848791973,1.5063704337002117,2.093953714041717,0.8328820832481397,0.058020612907045646,0.06801885364898089,0.00016067020017969215,0.01,0.009998240741935244,0.2723863499745106,0.9668574304431069,0.02,0.5,0.01999648148387049,0.02734880218637894,False,True,1.3871324958085653
2.5e-12,0.4,1000000000.0,gate,2.0135791812613575,1.3463785171468987,1.8782309296335589,1.7635075119828112,2.4764894905304176,18.699652102916005,0.5660296487867754,1.5159349565223914,2.147606511371842,0.8049650206567951,0.05959195627319422,0.06959025763731744,0.000168118663060056,0.01,0.009998301364123227,0.26220854054524956,0.9655150025628441,0.02,1.0,0.019996602728246455,0.08448645486926601,False,True,1.3871324958085653
2.5e-12,0.4,1000000000.0,runaway,,,,,,,,,,,,,,0.01,,,,0.02,2.0,,,,,
2.5e-12,0.4,1000000000.0,gate,2.26260152669537,1.3463785171468987,1.8164498718171902,1.4063056990795677,4.5053340717126265,84.04388062528635,0.036349145847005444,1.4396202977764954,1.907340256097381,0.9833914014311622,0.04876551584553467,0.05877593654414545,0.00045855877271467975,0.01,0.01001042069861078,0.2718815715189891,0.9222825194845503,0.04,0.5,0.04004168279444312,0.049248519506756905,False,True,1.3871324958085653
2.5e-12,0.4,1000000000.0,gate,2.1986786345856286,1.3463785171468987,1.8985604877748443,1.7324173620776244,3.3440285928147717,41.81574214309391,1.0163464234378705,1.4764898021331812,2.0592407565395052,0.8906550214214771,0.05201888051669442,0.06201696736424707,4.141920126954026e-05,0.01,0.00999808684755265,0.23227670709086784,0.8868469594478815,0.04,1.0,0.03999234739021058,0.17496092015446307,False,True,1.3871324958085653
2.5e-12,0.4,1000000000.0,runaway,,,,,,,,,,,,,,0.01,,,,0.04,2.0,,,,,
2.5e-12,0.4,1000000000.0,gate,2.565125635468601,1.3463785171468987,2.2348241336145467,1.2492790137159768,15.432289813251737,312.62884279209044,0.0015695731637357156,1.3309826628312413,1.8034752757185533,0.9994395386890058,0.039476747757325396,0.04946943671184041,0.007762623875788777,0.01,0.00999268895451501,0.2737762761076765,0.7972580992176228,0.06,0.5,0.05995613372709005,0.06252295532410232,False,True,1.3871324958085653
2.5e-12,0.4,1000000000.0,runaway,,,,,,,,,,,,,,0.01,,,,0.06,1.0,,,,,
2.5e-12,0.4,1000000000.0,runaway,,,,,,,,,,,,,,0.01,,,,0.06,2.0,,,,,
2.5e-12,0.4,1000000000.0,gate,2.9580247840315694,1.3463785171468987,10.987186879910476,1.2026299816625248,227.45180553342826,1014.3888245142542,0.0024065029535859,1.1640012701665634,1.7588456189057238,0.9998725195666168,0.03188190444356762,0.04160175227147884,0.004386407296053954,0.01,0.00971984782791122,0.27405654781837285,0.6150730850597269,0.08,0.5,0.07775878262328975,0.06268353504744882,False,True,1.3871324958085653
2.5e-12,0.4,1000000000.0,runaway,,,,,,,,,,,,,,0.01,,,,0.08,1.0,,,,,
2.5e-12,0.4,1000000000.0,runaway,,,,,,,,,,,,,,0.01,,,,0.08,2.0,,,,,
2.5e-12,0.4,3000000000.0,gate,1.5106763928956048,1.386779267460252,2.056158050869718,1.9188008963243308,3.0765919025887,27.738159376090874,1.0,1.78458929058933,2.1694737590360855,0.07420410337904265,0.051930708175817984,0.051930708175817984,0.00036411164426945573,0.0,0.0,0.0,0.45582005617823146,0.0,0.5,0.0,0.0,False,True,2.0294804578591186
2.5e-12,0.4,3000000000.0,gate,1.676515136533235,1.386779267460252,1.9514608108505291,1.8731001536043639,2.1631717041909457,7.322329439413115,1.0,1.714482915602943,2.0896076175747043,0.15808645603287835,0.04388748742762849,0.04388748742762849,0.00030741170338581514,0.0,0.0,0.0,0.4478733341124469,0.02,0.5,0.019996487720798557,0.0315452205263381,False,True,2.0294804578591186
2.5e-12,0.4,3000000000.0,gate,1.6542824489829497,1.386779267460252,1.9843825561252417,1.8939546974288421,2.2019901156617925,7.646790930914219,1.0,1.7294124145796972,2.1505590975066124,0.12860428634475346,0.04522207887020742,0.04522207887020742,0.0003167172139689756,0.0,0.0,0.0,0.44759629152284275,0.02,1.0,0.01999664078690264,0.10502475924463502,False,True,2.0294804578591186
2.5e-12,0.4,3000000000.0,gate,1.6608646261933326,1.386779267460252,1.9902158023777703,1.8937482712101867,2.2059680900176875,7.727949211531882,1.0083539613702113,1.7317113126268884,2.175730490517873,0.13400662159236632,0.045076940273373965,0.045076940273373965,0.0003080490453965826,0.0,0.0,0.0,0.43967083622904474,0.02,2.0,0.01999637762104638,0.6457875436279397,False,True,2.0294804578591186
2.5e-12,0.4,3000000000.0,gate,1.8845288956144908,1.386779267460252,1.8289528166352707,1.4979930833782433,2.1064048873277335,16.386986341307487,0.06879956654342302,1.6173915865351935,1.9490263782024222,0.45969633458524534,0.03634941426901746,0.03634941426901746,0.00025413451986415866,0.0,0.0,0.0,0.4334021008895886,0.04,0.5,0.03999129469056225,0.054976322203176116,False,True,2.0294804578591186
2.5e-12,0.4,3000000000.0,runaway,,,,,,,,,,,,,,0.0,,,,0.04,1.0,,,,,
2.5e-12,0.4,3000000000.0,runaway,,,,,,,,,,,,,,0.0,,,,0.04,2.0,,,,,
2.5e-12,0.4,3000000000.0,gate,2.152403708386013,1.386779267460252,1.7070600495721562,1.2890717570843897,2.2065993242715973,26.477335894435086,0.0,1.464915719997784,1.896868095348667,0.9992887802370134,0.029334970570430753,0.029334970570430753,0.00020875277979136124,0.0,0.0,0.0,0.4076359596046716,0.06,0.5,0.05998358456559571,0.0663868922715923,False,True,2.0294804578591186
2.5e-12,0.4,3000000000.0,runaway,,,,,,,,,,,,,,0.0,,,,0.06,1.0,,,,,
2.5e-12,0.4,3000000000.0,runaway,,,,,,,,,,,,,,0.0,,,,0.06,2.0,,,,,
2.5e-12,0.4,3000000000.0,gate,2.5175887835239608,1.386779267460252,1.6040476504130847,1.12368791477652,2.955531080215332,56.2567948371283,0.0,1.283682467514302,1.8346361933184905,0.9999026088445043,0.022730889935747185,0.022730889935747185,0.00015207596970261944,0.0,0.0,0.0,0.3673096632004825,0.08,0.5,0.07997453207923784,0.020743690546035913,False,True,2.0294804578591186
2.5e-12,0.4,3000000000.0,runaway,,,,,,,,,,,,,,0.0,,,,0.08,1.0,,,,,
2.5e-12,0.4,3000000000.0,runaway,,,,,,,,,,,,,,0.0,,,,0.08,2.0,,,,,
2.5e-12,0.4,3000000000.0,gate,1.491509478903529,1.386779267460252,2.0826601007442207,1.9618791770006188,3.1420919972906707,27.915530986112095,1.0,1.7956740653999492,2.2102927321193087,0.06600983729942494,0.05305720238241265,0.05805652854990004,0.0003611738841113749,0.005,0.004999326167487392,0.20889207182335126,0.4532013251608251,0.0,0.5,0.0,0.0,False,True,2.0294804578591186
2.5e-12,0.4,3000000000.0,gate,1.6533336261251836,1.386779267460252,1.9757582194632288,1.908888179012995,2.196260276561988,7.164976373905982,0.9787782353583689,1.7258994475009044,2.138081203523713,0.1358410006077869,0.044951404887763655,0.049950584101964186,0.0003071479158659869,0.005,0.004999179214200528,0.20949853116811123,0.44496745675172134,0.02,0.5,0.019996716856802117,0.03194231656023089,False,True,2.0294804578591186
2.5e-12,0.4,3000000000.0,gate,1.6316402640464274,1.386779267460252,2.01195874972834,1.93842811679898,2.2411416262602275,7.411680553578141,1.0,1.7407625269408147,2.2010542820503103,0.11539462679014242,0.04630306616580584,0.05130228082320482,0.00031763718090505565,0.005,0.004999214657398984,0.19699913874937697,0.44477901032597944,0.02,1.0,0.019996858629595934,0.10660116154796512,False,True,2.0294804578591186
2.5e-12,0.4,3000000000.0,gate,1.634473660079361,1.386779267460252,2.21991053985901,1.938510711099308,5.951153557556477,89.0428383235708,1.0007567578387229,1.7435594829808352,2.464610534499129,0.13373886026353923,0.04622110667865841,0.05122019136720046,0.00020037785523228504,0.005,0.004999084688542059,0.14941853139688857,0.4591702326509389,0.02,2.0,0.019996338754168234,0.6628598148740247,False,True,2.0294804578591186
2.5e-12,0.4,3000000000.0,gate,1.8555132296043884,1.386779267460252,1.8543575251175515,1.5242770857195507,2.107299269102244,15.488008224472264,0.07010182921724184,1.631557716524737,2.0018833435157464,0.3137185671225807,0.0373548398732589,0.04235382886889306,0.0002566399184320989,0.005,0.004998988995634163,0.20715362578418128,0.4301718879204934,0.04,0.5,0.039991911965073304,0.0554970214043488,False,True,2.0294804578591186
2.5e-12,0.4,3000000000.0,runaway,,,,,,,,,,,,,,0.005,,,,0.04,1.0,,,,,
2.5e-12,0.4,3000000000.0,runaway,,,,,,,,,,,,,,0.005,,,,0.04,2.0,,,,,
2.5e-12,0.4,3000000000.0,gate,2.1146086709792975,1.386779267460252,1.7355163288394528,1.3578802488542487,2.1854834500733507,23.49077904048783,0.0,1.4885093516644528,1.9272035462785109,0.7640148072977733,0.030283726215891666,0.035282463459781185,0.00020873058084943557,0.005,0.004998737243889519,0.20773749165953373,0.40306386788832277,0.06,0.5,0.059984846926674225,0.06695628941112843,False,True,2.0294804578591186
2.5e-12,0.4,3000000000.0,runaway,,,,,,,,,,,,,,0.005,,,,0.06,1.0,,,,,
2.5e-12,0.4,3000000000.0,runaway,,,,,,,,,,,,,,0.005,,,,0.06,2.0,,,,,
2.5e-12,0.4,3000000000.0,gate,2.458088385559663,1.386779267460252,1.7693380184579637,1.410492405121844,3.3210181401945484,53.19196628816377,1.0000490253890615,1.3871745979605667,1.8590364372557548,0.9996266367170283,0.02368035287721492,0.028678926268812337,3.8473530685036486e-05,0.005,0.004998573391597413,0.1857112227816571,0.3693570352714071,0.08,0.5,0.07997717426555857,0.02094578952101136,False,True,2.0294804578591186
2.5e-12,0.4,3000000000.0,runaway,,,,,,,,,,,,,,0.005,,,,0.08,1.0,,,,,
2.5e-12,0.4,3000000000.0,runaway,,,,,,,,,,,,,,0.005,,,,0.08,2.0,,,,,
2.5e-12,0.4,3000000000.0,gate,1.4728821537460774,1.386779267460252,2.1114698481495258,2.004929483686718,3.2100728197388944,28.116274950659736,1.0256077724217045,1.8066836152591428,2.4402399998281035,0.15010511952222752,0.054185409635525,0.06418414425768526,0.00035643147490673936,0.01,0.009998734622160268,0.29453487083996815,0.4506574347138669,0.0,0.5,0.0,0.0,False,True,2.0294804578591186
2.5e-12,0.4,3000000000.0,gate,1.6308313299107744,1.386779267460252,2.0020060785706675,1.925526102292148,2.2287428185098643,7.460908440796509,0.933376045030823,1.7370356740182715,2.2667238851533247,0.1685405967493208,0.04601813346353763,0.05601659680112383,0.0003066393099238864,0.01,0.009998463337586208,0.29282314027326206,0.4421613469208756,0.02,0.5,0.019996926675172406,0.03227681688872497,False,True,2.0294804578591186
2.5e-12,0.4,3000000000.0,gate,1.609669442846185,1.386779267460252,2.0417047962785655,1.9750543772923963,2.2823605383147973,7.414507014293059,1.003004418233836,1.7521349819112766,2.2799541853549656,0.16439299708293453,0.047386163891745,0.057384694307489444,0.00031796304348976246,0.01,0.009998530415744443,0.27539789748182947,0.442052913204004,0.02,1.0,0.019997060831488882,0.10821342792141396,False,True,2.0294804578591186
2.5e-12,0.4,3000000000.0,gate,1.6083452754113539,1.386779267460252,2.42508189509892,1.9722439227582178,7.870197844281294,119.8060991806714,1.0005523583742362,1.7557474524187429,2.8141095039759008,0.1542827490193632,0.047382952785001056,0.05738115331394468,0.001084077922983691,0.01,0.00999820052894362,0.20873133461687685,0.43308601655122336,0.02,2.0,0.019996401057887244,0.6816303750772498,False,True,2.0294804578591186
2.5e-12,0.4,3000000000.0,gate,1.8274865439251602,1.386779267460252,1.8812839055283799,1.5517314778549345,2.108443506641967,14.577405244733638,0.06925223622490191,1.6449676917481746,2.1099114711780595,0.26089611115922356,0.03836300947531051,0.048361124944935475,0.00025878622137941236,0.01,0.009998115469624968,0.2890863780049175,0.4270899936293661,0.04,0.5,0.03999246187849987,0.05602593693488947,False,True,2.0294804578591186
2.5e-12,0.4,3000000000.0,runaway,,,,,,,,,,,,,,0.01,,,,0.04,1.0,,,,,
2.5e-12,0.4,3000000000.0,runaway,,,,,,,,,,,,,,0.01,,,,0.04,2.0,,,,,
2.5e-12,0.4,3000000000.0,gate,2.078336389825145,1.386779267460252,1.7659231330727991,1.4293290155609066,2.1689648959444816,20.63241845647414,0.010258866296305057,1.514206049897916,1.9860659740176838,0.5551113453152974,0.03123536775462027,0.04123302649472615,0.0002064187374630337,0.01,0.009997658740105875,0.28927788066300053,0.3987894237389315,0.06,0.5,0.05998595244063526,0.06753399188043438,False,True,2.0294804578591186
2.5e-12,0.4,3000000000.0,runaway,,,,,,,,,,,,,,0.01,,,,0.06,1.0,,,,,
2.5e-12,0.4,3000000000.0,runaway,,,,,,,,,,,,,,0.01,,,,0.06,2.0,,,,,
2.5e-12,0.4,3000000000.0,gate,2.4013429306187573,1.386779267460252,1.9054134456118554,1.5511832088884998,3.8223913353358876,58.71805616480949,1.0,1.4247735725932087,1.888853747676714,0.9987886218542762,0.024637809689937,0.03463516311245496,0.0003446944467136087,0.01,0.009997353422517959,0.2574842352658878,0.37116107974578727,0.08,0.5,0.07997882738014366,0.021152478613767678,False,True,2.0294804578591186
2.5e-12,0.4,3000000000.0,runaway,,,,,,,,,,,,,,0.01,,,,0.08,1.0,,,,,
2.5e-12,0.4,3000000000.0,runaway,,,,,,,,,,,,,,0.01,,,,0.08,2.0,,,,,
2.5e-12,0.55,1000000000.0,gate,1.97032072005828,1.3463785171468987,1.8503404164980288,1.6987666959077317,2.9475146804163987,33.24506047176933,1.0,1.5420020236509557,2.0915933156148907,0.9834324633010089,0.05939149236514431,0.05939149236514431,0.00024191573912669682,0.0,0.0,0.0,0.7244193234522208,0.0,0.5,0.0,0.0,False,True,1.3871324958085653
2.5e-12,0.55,1000000000.0,gate,2.1785390565587015,1.3463785171468987,1.7464006756589985,1.6604469176731314,2.0672032773639972,11.473460459187706,0.8519956784674976,1.484332733944604,1.9664598781632736,0.9833113908934459,0.05032829224976596,0.05032829224976596,0.00019758008137764363,0.0,0.0,0.0,0.7049006182949337,0.02,0.5,0.01999628400085998,0.027813255066870563,False,True,1.3871324958085653
2.5e-12,0.55,1000000000.0,gate,2.15047988214749,1.3463785171468987,1.7774105490568821,1.6743843137090588,2.0567127823973395,10.596265856361624,1.0,1.4963317402714025,2.026071212918868,0.9756033298607844,0.05182467563465517,0.05182467563465517,0.00020523961673671274,0.0,0.0,0.0,0.703792358526567,0.02,1.0,0.019996431913877115,0.08631377375719958,False,True,1.3871324958085653
2.5e-12,0.55,1000000000.0,runaway,,,,,,,,,,,,,,0.0,,,,0.02,2.0,,,,,
2.5e-12,0.55,1000000000.0,gate,2.4404055858209985,1.3463785171468987,1.6420752790520001,1.3631948137872671,2.2433884028229825,26.40517804111493,0.10592153335014472,1.4144805425817106,1.7507096145417316,0.9999839599432955,0.04176247312567629,0.04176247312567629,0.000156874412128941,0.0,0.0,0.0,0.6830827909959107,0.04,0.5,0.03999097469179491,0.04974886837814783,False,True,1.3871324958085653
2.5e-12,0.55,1000000000.0,gate,2.363058093652473,1.3463785171468987,1.6984085301983594,1.6068508666612131,1.9985427496500483,11.360733478795474,0.4082580231470837,1.4505668891912897,1.8217462298897504,0.9999783226907465,0.044831340641564264,0.044831340641564264,0.0001727163959859124,0.0,0.0,0.0,0.6615760411210893,0.04,1.0,0.0399918095095812,0.17713266762298224,False,True,1.3871324958085653
2.5e-12,0.55,1000000000.0,runaway,,,,,,,,,,,,,,0.0,,,,0.04,2.0,,,,,
2.5e-12,0.55,1000000000.0,gate,2.772313832701361,1.3463785171468987,1.6235222243875886,1.15367336540381,4.51159547689105,101.88642930445214,0.0014634808148050959,1.2967819308159936,1.664301830919451,0.999635863689253,0.03385119657077236,0.03385119657077236,0.0023993674184159836,0.0,0.0,0.0,0.6337443595766317,0.06,0.5,0.060083050841052206,0.06283176508568226,False,True,1.3871324958085653
2.5e-12,0.55,1000000000.0,runaway,,,,,,,,,,,,,,0.0,,,,0.06,1.0,,,,,
2.5e-12,0.55,1000000000.0,runaway,,,,,,,,,,,,,,0.0,,,,0.06,2.0,,,,,
2.5e-12,0.55,1000000000.0,gate,3.2878260579819116,1.3463785171468987,8.370936413668629,1.026841797490088,169.08642643756622,988.9929708929551,0.001616021358369793,1.1373574786600502,1.6697387459770836,0.99997577830582,0.025792816739459604,0.025792816739459604,0.01293431424888043,0.0,0.0,0.0,0.5723095045232223,0.08,0.5,0.07779511081003589,0.06277270992052024,False,True,1.3871324958085653
2.5e-12,0.55,1000000000.0,runaway,,,,,,,,,,,,,,0.0,,,,0.08,1.0,,,,,
2.5e-12,0.55,1000000000.0,runaway,,,,,,,,,,,,,,0.0,,,,0.08,2.0,,,,,
2.5e-12,0.55,1000000000.0,gate,1.9459214342102786,1.3463785171468987,1.8630697860515018,1.7365680909393464,2.9729726743012765,32.691544985732975,1.0,1.5504261425430035,2.127940663963398,0.9539529228361834,0.06068161014440268,0.06568087227794955,0.0002394915196526556,0.005,0.004999262133546875,0.20434609105428095,0.7417686956768729,0.0,0.5,0.0,0.0,False,True,1.3871324958085653
2.5e-12,0.55,1000000000.0,gate,2.1489326452690682,1.3463785171468987,1.7664408573274446,1.694950559452581,2.062352647296742,10.245814311799974,0.9247645959680683,1.493550582721608,2.002462262852939,0.9774703006426505,0.051553696924206784,0.056552824686623815,0.0001977481724667094,0.005,0.004999127762417036,0.2043298952697644,0.6994813970730949,0.02,0.5,0.019996511049668146,0.028063608530319473,False,True,1.3871324958085653
2.5e-12,0.55,1000000000.0,gate,2.1217059901506787,1.3463785171468987,1.7989500853151321,1.7083729205088851,2.0879863823969136,10.395046915979478,1.0,1.5054918051063684,2.0593845462168554,0.9658025321455197,0.05306638788480852,0.05806554936914571,0.00020584555088921076,0.005,0.0049991614843371895,0.19647910100937244,0.6985313997974222,0.02,1.0,0.01999664593734876,0.08746600852363,False,True,1.3871324958085653
2.5e-12,0.55,1000000000.0,runaway,,,,,,,,,,,,,,0.005,,,,0.02,2.0,,,,,
2.5e-12,0.55,1000000000.0,gate,2.403384133223647,1.3463785171468987,1.6614647099004312,1.3823774230510264,2.2155449094421082,24.702741547978682,0.11050746787821124,1.4251824916297338,1.7984285845406403,0.9999798736430219,0.0429233199536821,0.04792226928843494,0.00015909070155085877,0.005,0.004998949334752837,0.20478716452731702,0.6769143627776429,0.04,0.5,0.03999159467802271,0.050158406307142606,False,True,1.3871324958085653
2.5e-12,0.55,1000000000.0,gate,2.3272423631117483,1.3463785171468987,1.761162554212475,1.674756354594568,2.282569540087486,17.001006613252088,1.095585392224548,1.461368568881258,1.9039303480668324,0.9886034209360888,0.04604913776051157,0.051048178858206276,0.00013404146485411877,0.005,0.004999041097694707,0.1745662614784747,0.6549067506045938,0.04,1.0,0.03999232878155766,0.179421230849438,False,True,1.3871324958085653
2.5e-12,0.55,1000000000.0,runaway,,,,,,,,,,,,,,0.005,,,,0.04,2.0,,,,,
2.5e-12,0.55,1000000000.0,gate,2.7251247701631587,1.3463785171468987,2.012407761362839,1.1976291797837537,13.310565813138936,296.50868841584673,0.000492437939856677,1.309524100470709,1.70149871388732,0.9996697522463762,0.03483915382341885,0.039865044932631426,0.00048092143847651815,0.005,0.005025891109212573,0.20667980780038625,0.6204320583890418,0.06,0.5,0.060310693310550854,0.06348954436877019,False,True,1.3871324958085653
2.5e-12,0.55,1000000000.0,runaway,,,,,,,,,,,,,,0.005,,,,0.06,1.0,,,,,
2.5e-12,0.55,1000000000.0,runaway,,,,,,,,,,,,,,0.005,,,,0.06,2.0,,,,,
2.5e-12,0.55,1000000000.0,gate,3.1360805818641393,1.3463785171468987,4.549680091359481,1.069165617111498,77.27638847578548,825.1240332823173,0.0014416130634546836,1.141033918258367,1.6454451515189639,0.9999091214449124,0.02753481938855459,0.032633792680971975,0.01167172557737499,0.005,0.005098973292417389,0.21359094100802695,0.5406531252640955,0.08,0.5,0.08158357267867823,0.06543902507808516,False,True,1.3871324958085653
2.5e-12,0.55,1000000000.0,runaway,,,,,,,,,,,,,,0.005,,,,0.08,1.0,,,,,
2.5e-12,0.55,1000000000.0,runaway,,,,,,,,,,,,,,0.005,,,,0.08,2.0,,,,,
2.5e-12,0.55,1000000000.0,gate,1.9221482370093648,1.3463785171468987,1.8871743324820531,1.7532945292879238,3.0367810675482914,33.50296618446594,1.0029888706807413,1.558833670020701,2.1583880631092667,0.8617411357691748,0.06197536090333503,0.0719739661421042,0.00023661529781488535,0.01,0.009998605238769167,0.2859579049577355,0.7367870334223403,0.0,0.5,0.0,0.0,False,True,1.3871324958085653
2.5e-12,0.55,1000000000.0,gate,2.1201967812891804,1.3463785171468987,1.7880404231728972,1.7144229879968085,2.08160670622223,10.11602850721953,1.0,1.5031236684915144,2.0421416468695544,0.9001299979713908,0.052782518804053956,0.06278087601314608,0.00019760867747948155,0.01,0.009998357209092128,0.2855840644039321,0.7180204426516701,0.02,0.5,0.019996714418184257,0.028317886444152462,False,True,1.3871324958085653
2.5e-12,0.55,1000000000.0,gate,2.0937796887601423,1.3463785171468987,1.8216528599044988,1.724427774148672,2.119443280788847,10.68199786085375,1.0,1.5148229857012792,2.095685095938504,0.8784212430725715,0.054310960459413395,0.06430938234703434,0.00020610375680404127,0.01,0.009998421887620942,0.27466260233935996,0.6934699961757261,0.02,1.0,0.01999684377524189,0.08864179393099245,False,True,1.3871324958085653
2.5e-12,0.55,1000000000.0,runaway,,,,,,,,,,,,,,0.01,,,,0.02,2.0,,,,,
2.5e-12,0.55,1000000000.0,gate,2.3676226062361225,1.3463785171468987,1.6820050500176416,1.4024019363295215,2.191412941092674,23.107859979399713,0.12362754595681584,1.4353956315454237,1.8615877886666803,0.9982710422993532,0.04408763217865931,0.05408566659369201,0.00016112189709753137,0.01,0.0099980344150327,0.28576493965262745,0.6710808482002228,0.04,0.5,0.039992137660130794,0.05057411260353453,False,True,1.3871324958085653
2.5e-12,0.55,1000000000.0,gate,2.2926196242763597,1.3463785171468987,1.8166180861722054,1.6964624704027529,2.7795895099836705,29.37106715393441,1.0200619592724187,1.471086975392607,2.0147542465879154,0.9540823374985044,0.04726978903068512,0.05726799235589993,7.178281877791194e-05,0.01,0.009998203325214805,0.24366708010325694,0.6491598374641735,0.04,1.0,0.03999281330085922,0.1817640160325363,False,True,1.3871324958085653
2.5e-12,0.55,1000000000.0,runaway,,,,,,,,,,,,,,0.01,,,,0.04,2.0,,,,,
2.5e-12,0.55,1000000000.0,gate,2.6872684489371816,1.3463785171468987,1.6514475103281017,1.2609496975589758,4.029047666170106,82.5696881009688,0.007598831314024896,1.3299093029476714,1.7506854127148646,0.9999886606459516,0.03583591284807449,0.04583887599649472,0.0006319284466329795,0.01,0.010002963148420236,0.28749507494583143,0.6199478188944751,0.06,0.5,0.06001777889052141,0.06368134944527276,False,True,1.3871324958085653
2.5e-12,0.55,1000000000.0,runaway,,,,,,,,,,,,,,0.01,,,,0.06,1.0,,,,,
2.5e-12,0.55,1000000000.0,runaway,,,,,,,,,,,,,,0.01,,,,0.06,2.0,,,,,
2.5e-12,0.55,1000000000.0,gate,3.133956438864622,1.3463785171468987,3.2954938728890064,1.1663375221311387,45.837787184307906,667.7493898170098,0.01112667774967369,1.1901875358799194,1.7016561071423582,0.9999020296194884,0.027978385822671824,0.03785468410905454,0.007996436744667887,0.01,0.00987629828638272,0.29489563953200437,0.5347544902227807,0.08,0.5,0.07901038629106175,0.06429807223234188,False,True,1.3871324958085653
2.5e-12,0.55,1000000000.0,runaway,,,,,,,,,,,,,,0.01,,,,0.08,1.0,,,,,
2.5e-12,0.55,1000000000.0,runaway,,,,,,,,,,,,,,0.01,,,,0.08,2.0,,,,,
2.5e-12,0.55,3000000000.0,gate,1.604331983837962,1.386779267460252,1.9853180756745648,1.859837143273065,3.016395270867738,28.697319324362937,1.0,1.7604060409038942,2.067333737468592,0.19286194539863005,0.04517725972553798,0.04517725972553798,0.0004141214626207096,0.0,0.0,0.0,0.33316974246068054,0.0,0.5,0.0,0.0,False,True,2.0294804578591186
2.5e-12,0.55,3000000000.0,gate,1.7887837668497477,1.386779267460252,1.8793039193800445,1.8086737876591352,2.078260866037321,7.066526870558833,1.0,1.6840043261575035,2.0045326348326165,0.661928139180817,0.03796683848262954,0.03796683848262954,0.00034923962394552534,0.0,0.0,0.0,0.3218406676026345,0.02,0.5,0.019996672965734125,0.03283291924201649,False,True,2.0294804578591186
2.5e-12,0.55,3000000000.0,gate,1.7628481924944102,1.386779267460252,1.9130560901871565,1.830024694522311,2.1188875380484937,7.438201523947795,1.0,1.7006157085770555,2.0649686891503265,0.42683542165491983,0.039195860751037905,0.039195860751037905,0.00035981243320675426,0.0,0.0,0.0,0.3217001880839984,0.02,1.0,0.019996841910981163,0.11052901402757315,False,True,2.0294804578591186
2.5e-12,0.55,3000000000.0,gate,1.7737505051624922,1.386779267460252,1.9155396760522405,1.8278597140964248,2.1220670993174466,7.566000758229348,1.1679985663023653,1.7020417680074063,2.0866903331094573,0.5048978289845633,0.038914631798457985,0.038914631798457985,0.00034920290325079535,0.0,0.0,0.0,0.31791684546103405,0.02,2.0,0.019996564502708845,0.6800757867084622,False,True,2.0294804578591186
2.5e-12,0.55,3000000000.0,gate,2.0206533725214055,1.386779267460252,1.758264657316832,1.48114533941424,1.9049915887593187,11.874848019389544,0.08719820806320801,1.5836941563488112,1.8675467657143463,0.9998996152208909,0.03126089864421696,0.03126089864421696,0.00028960668523103156,0.0,0.0,0.0,0.3150403112470354,0.04,0.5,0.039991537852960744,0.05660294748436042,False,True,2.0294804578591186
2.5e-12,0.55,3000000000.0,runaway,,,,,,,,,,,,,,0.0,,,,0.04,1.0,,,,,
2.5e-12,0.55,3000000000.0,runaway,,,,,,,,,,,,,,0.0,,,,0.04,2.0,,,,,
2.5e-12,0.55,3000000000.0,gate,2.320043174235386,1.386779267460252,1.634747437974952,1.2808657834597956,1.895142680553202,18.510471383341343,0.0,1.4283285473090084,1.81373912471854,0.9999594147462346,0.025067028387911687,0.025067028387911687,0.00023910250748085293,0.0,0.0,0.0,0.29086923923517133,0.06,0.5,0.05998377951668391,0.06780274792412423,False,True,2.0294804578591186
2.5e-12,0.55,3000000000.0,runaway,,,,,,,,,,,,,,0.0,,,,0.06,1.0,,,,,
2.5e-12,0.55,3000000000.0,runaway,,,,,,,,,,,,,,0.0,,,,0.06,2.0,,,,,
2.5e-12,0.55,3000000000.0,gate,2.7289459497866697,1.386779267460252,1.5129127037021632,1.1189802689437236,2.0796302649302154,31.279174128825673,0.0,1.25403294470057,1.7506271731474878,0.9999706653492114,0.01928478501452969,0.01928478501452969,0.00021130551779246153,0.0,0.0,0.0,0.27396773036925537,0.08,0.5,0.0799737657936767,0.021027884551329777,False,True,2.0294804578591186
2.5e-12,0.55,3000000000.0,runaway,,,,,,,,,,,,,,0.0,,,,0.08,1.0,,,,,
2.5e-12,0.55,3000000000.0,runaway,,,,,,,,,,,,,,0.0,,,,0.08,2.0,,,,,
2.5e-12,0.55,3000000000.0,gate,1.5835127919824692,1.386779267460252,2.0121521606983044,1.9040128870037252,3.0888021004828246,29.005759009666647,1.0,1.771594275226525,2.1295314749553165,0.15955578939010445,0.04616363789339978,0.05116302555162852,0.000411284239018808,0.005,0.004999387658228746,0.2256387956869997,0.3313170025717059,0.0,0.5,0.0,0.0,False,True,2.0294804578591186
2.5e-12,0.55,3000000000.0,gate,1.7635433214198253,1.386779267460252,1.9037413372073957,1.850231903615835,2.110404352089352,6.732204907046254,0.9955141801244868,1.6958756808499478,2.0547476010413037,0.40163079320946143,0.03889344181270519,0.04389267005983272,0.0003495203523922866,0.005,0.00499922824712753,0.22522498073113367,0.31989181589914295,0.02,0.5,0.019996912988510116,0.033204052410641026,False,True,2.0294804578591186
2.5e-12,0.55,3000000000.0,gate,1.7382572116882493,1.386779267460252,1.9408052024146223,1.8749670388203838,2.1588466273925175,7.205368250466947,1.0,1.7124022699154688,2.1175976045535236,0.3051245496063064,0.040137658425454484,0.04513692582835506,0.00036116872567086767,0.005,0.004999267402900575,0.2115901651490211,0.3198061641008751,0.02,1.0,0.0199970696116023,0.1123290312764245,False,True,2.0294804578591186
2.5e-12,0.55,3000000000.0,gate,1.7451337664944946,1.386779267460252,2.156970177020415,1.8622517861868886,6.09136094640259,96.58478486291318,1.0097554587584414,1.714136597868468,2.3739533708618956,0.3422211183535766,0.03990112432273622,0.044900263453450225,0.00019271905679427227,0.005,0.004999139130714003,0.16082102641565357,0.32893422431067354,0.02,2.0,0.019996556522856014,0.6995882738891579,False,True,2.0294804578591186
2.5e-12,0.55,3000000000.0,gate,1.9890079569507466,1.386779267460252,1.7833557062210057,1.507306653629057,1.911335928955187,11.160375856244315,0.08694413708420215,1.5975054685914596,1.9197110945332738,0.900953527659348,0.032131865760338975,0.0371308865156087,0.00029266042051709183,0.005,0.004999020755269731,0.22335690664164182,0.31284269200481996,0.04,0.5,0.03999216604215785,0.05718185178271621,False,True,2.0294804578591186
2.5e-12,0.55,3000000000.0,runaway,,,,,,,,,,,,,,0.005,,,,0.04,1.0,,,,,
2.5e-12,0.55,3000000000.0,runaway,,,,,,,,,,,,,,0.005,,,,0.04,2.0,,,,,
2.5e-12,0.55,3000000000.0,gate,2.278721619254732,1.386779267460252,1.6630038592410277,1.345780178516521,1.8976421125191667,16.347115970223992,0.0,1.4519641254692766,1.8406150414670506,0.9999461704514234,0.025884500645989846,0.03088325724607188,0.00023902756677286218,0.005,0.004998756600082034,0.22469866092288246,0.287504141023077,0.06,0.5,0.0599850792009844,0.06842593419843308,False,True,2.0294804578591186
2.5e-12,0.55,3000000000.0,runaway,,,,,,,,,,,,,,0.005,,,,0.06,1.0,,,,,
2.5e-12,0.55,3000000000.0,runaway,,,,,,,,,,,,,,0.005,,,,0.06,2.0,,,,,
2.5e-12,0.55,3000000000.0,gate,2.6638319304628006,1.386779267460252,1.6691471242040359,1.3729353800855817,3.182309042854994,53.39955132360842,1.0,1.3482771930323163,1.7725003533813204,0.9997359710704885,0.02009707445779132,0.025095564769842385,1.1877603866879306e-05,0.005,0.004998490312051061,0.20158685333654874,0.27417590029555156,0.08,0.5,0.07997584499281696,0.021242700848331412,False,True,2.0294804578591186
2.5e-12,0.55,3000000000.0,runaway,,,,,,,,,,,,,,0.005,,,,0.08,1.0,,,,,
2.5e-12,0.55,3000000000.0,runaway,,,,,,,,,,,,,,0.005,,,,0.08,2.0,,,,,
2.5e-12,0.55,3000000000.0,gate,1.5632238300825678,1.386779267460252,2.0424155925480627,1.9412839557691828,3.1616199869463055,29.433321820877076,1.0294548856449612,1.782698546683271,2.415968924600409,0.19123635972259662,0.04715283997939779,0.05715169987918905,0.00040808056873708874,0.01,0.009998859899791266,0.3157378833246398,0.3295228170517621,0.0,0.5,0.0,0.0,False,True,2.0294804578591186
2.5e-12,0.55,3000000000.0,gate,1.7390451345563676,1.386779267460252,1.9303843442799884,1.8658281704661537,2.142623281284261,7.063477889416218,0.956593286857749,1.7074038627696477,2.21032435856502,0.34407286585310504,0.03982251279767067,0.04982107882717265,0.0003493985490608274,0.01,0.009998566029501972,0.3147804800965015,0.31800845997746463,0.02,0.5,0.019997132059003952,0.03358194622299653,False,True,2.0294804578591186
2.5e-12,0.55,3000000000.0,gate,1.714398903750754,1.386779267460252,1.9709785860742157,1.9047212010739984,2.198865766505158,7.351617198115449,1.0,1.7238711359596957,2.2229259199094615,0.2767069166998162,0.04108124785059217,0.051079888115384386,0.0003620578592429733,0.01,0.009998640264792216,0.2957787495990941,0.31797745432410307,0.02,1.0,0.019997280529584424,0.11417319099402774,False,True,2.0294804578591186
2.5e-12,0.55,3000000000.0,runaway,,,,,,,,,,,,,,0.01,,,,0.02,2.0,,,,,
2.5e-12,0.55,3000000000.0,gate,1.9584437552496101,1.386779267460252,1.8100526061734425,1.5344888965283312,1.9178947610152954,10.43449694995375,0.08298790886816615,1.610906074417645,2.0377074907566195,0.7367475609201279,0.03300532912482294,0.04300351733480097,0.0002946420432734424,0.01,0.00999818820997803,0.3116689287612957,0.3107447312195844,0.04,0.5,0.03999275283991211,0.057770431021218566,False,True,2.0294804578591186
2.5e-12,0.55,3000000000.0,runaway,,,,,,,,,,,,,,0.01,,,,0.04,1.0,,,,,
2.5e-12,0.55,3000000000.0,runaway,,,,,,,,,,,,,,0.01,,,,0.04,2.0,,,,,
2.5e-12,0.55,3000000000.0,gate,2.239093094067908,1.386779267460252,1.692892663517202,1.407847953360195,1.901315036362247,14.359282088262583,0.022935015373033205,1.4772055688457477,1.9016770942197716,0.9869134482656858,0.026704344979085304,0.036702051095286514,0.0002381179896192403,0.01,0.00999770611620121,0.3128589640453634,0.2843597510018626,0.06,0.5,0.059986236697207276,0.06905784079330456,False,True,2.0294804578591186
2.5e-12,0.55,3000000000.0,runaway,,,,,,,,,,,,,,0.01,,,,0.06,1.0,,,,,
2.5e-12,0.55,3000000000.0,runaway,,,,,,,,,,,,,,0.01,,,,0.06,2.0,,,,,
2.5e-12,0.55,3000000000.0,gate,2.6017976303893677,1.386779267460252,1.8055958852033134,1.4962650969707174,4.102870012957937,71.11457447694565,1.0,1.383083747843592,1.8011612335028924,0.9990692965809056,0.02091553591192775,0.030912748425773438,0.00029127946049945105,0.01,0.009997212513845688,0.27945644418403137,0.27398452389270134,0.08,0.5,0.07997770011076549,0.021462462179572064,False,True,2.0294804578591186
2.5e-12,0.55,3000000000.0,runaway,,,,,,,,,,,,,,0.01,,,,0.08,1.0,,,,,
2.5e-12,0.55,3000000000.0,runaway,,,,,,,,,,,,,,0.01,,,,0.08,2.0,,,,,
2.5e-12,0.7,1000000000.0,gate,2.0390229410991396,1.3463785171468987,1.8040616655331843,1.6666674826704624,2.9183763976322497,34.17873061707295,1.0,1.537776539343479,2.0242147549070566,0.9880119462155292,0.05471588451773691,0.05471588451773691,0.00027584303280226883,0.0,0.0,0.0,0.5725440089426981,0.0,0.5,0.0,0.0,False,True,1.3871324958085653
2.5e-12,0.7,1000000000.0,gate,2.261835975033229,1.3463785171468987,1.702891613590402,1.6253844247415075,1.961744040655858,9.730178406756153,1.0,1.476268243095997,1.9204354604139604,0.9883639146037057,0.0461767378101396,0.0461767378101396,0.00022639759587317362,0.0,0.0,0.0,0.5466688839872208,0.02,0.5,0.01999644960118992,0.02857271320762469,False,True,1.3871324958085653
2.5e-12,0.7,1000000000.0,gate,2.2305715943972224,1.3463785171468987,1.7354038567717882,1.639524863300807,2.013789596823825,10.623859286990585,1.0,1.4896355951171754,1.979190043874619,0.9816508548334856,0.0476211339845481,0.0476211339845481,0.00023514387382138487,0.0,0.0,0.0,0.5459045898188961,0.02,1.0,0.019996608103118197,0.08959709901365324,False,True,1.3871324958085653
2.5e-12,0.7,1000000000.0,runaway,,,,,,,,,,,,,,0.0,,,,0.02,2.0,,,,,
2.5e-12,0.7,1000000000.0,gate,2.5426992911996797,1.3463785171468987,1.5942286837543789,1.3577532790736795,1.8779419198198162,16.073638904830418,0.171807364843149,1.4036593153183343,1.7039409976854731,0.9999810562050334,0.03814657279612756,0.03814657279612756,0.00018026711632422089,0.0,0.0,0.0,0.5338265840451709,0.04,0.5,0.039991260308716144,0.050819764592880734,False,True,1.3871324958085653
2.5e-12,0.7,1000000000.0,gate,2.456708592981868,1.3463785171468987,1.6563551286312492,1.5818631375131418,1.8036714877280209,6.596725259062016,0.710089046547262,1.4400894082653546,1.780076426659694,0.9999903906744262,0.041095445632512,0.041095445632512,0.00019885114441052517,0.0,0.0,0.0,0.519781670660887,0.04,1.0,0.039992132143344974,0.18238863515329778,False,True,1.3871324958085653
2.5e-12,0.7,1000000000.0,runaway,,,,,,,,,,,,,,0.0,,,,0.04,2.0,,,,,
2.5e-12,0.7,1000000000.0,gate,2.906777083075078,1.3463785171468987,1.4962848078947932,1.1580303218413994,2.2000409314417553,34.305348574457035,0.0038501220220602725,1.2873615837234256,1.6212631293906026,0.9999844767794238,0.030653670545878316,0.030653670545878316,0.00014633042702372076,0.0,0.0,0.0,0.5016611832571459,0.06,0.5,0.05998376713218064,0.06370908375972557,False,True,1.3871324958085653
2.5e-12,0.7,1000000000.0,runaway,,,,,,,,,,,,,,0.0,,,,0.06,1.0,,,,,
2.5e-12,0.7,1000000000.0,runaway,,,,,,,,,,,,,,0.0,,,,0.06,2.0,,,,,
2.5e-12,0.7,1000000000.0,gate,3.3739007199214694,1.3463785171468987,482.61062282424217,1.0024912862878217,11551.227154657736,1178.9557823507444,3.4239954003841735e-06,1.129417196338219,1.559025997262555,0.9999491553785227,0.024022375234336674,0.024022375234336674,0.009032698750220915,0.0,0.0,0.0,0.4464864174262483,0.08,0.5,0.08076364379571771,0.06512250478238071,False,True,1.3871324958085653
2.5e-12,0.7,1000000000.0,runaway,,,,,,,,,,,,,,0.0,,,,0.08,1.0,,,,,
2.5e-12,0.7,1000000000.0,runaway,,,,,,,,,,,,,,0.0,,,,0.08,2.0,,,,,
2.5e-12,0.7,1000000000.0,gate,2.0133749627216955,1.3463785171468987,1.8267601827222275,1.7051883967241868,2.984976867439297,34.511244347549514,1.00087876087773,1.5469440697473178,2.0592867505079915,0.9832675122566075,0.055909664157486806,0.06090897528458985,0.00027320639788922386,0.005,0.004999311127103049,0.2144855913663812,0.5688279972193266,0.0,0.5,0.0,0.0,False,True,1.3871324958085653
2.5e-12,0.7,1000000000.0,gate,2.230632567854952,1.3463785171468987,1.7232902145406805,1.6602126381368938,2.0069286039098384,9.911043468566636,1.0,1.4855726969615162,1.9563567354548057,0.9841115415431368,0.047306967981165744,0.052306136070641294,0.0002269332331488884,0.005,0.004999168089475553,0.21330498941261924,0.5591053452291606,0.02,0.5,0.019996672357902208,0.02884719663260697,False,True,1.3871324958085653
2.5e-12,0.7,1000000000.0,gate,2.200302486148001,1.3463785171468987,1.7570276452268392,1.673142080378051,2.0454537126542487,10.438352831947952,1.0000828051185109,1.4989402457580399,2.0145194466782415,0.9759498682434139,0.048766769440987054,0.05376597552515043,0.00023602974114145692,0.005,0.004999206084163372,0.20495856410990254,0.542043291632064,0.02,1.0,0.01999682433665349,0.09086983631835971,False,True,1.3871324958085653
2.5e-12,0.7,1000000000.0,runaway,,,,,,,,,,,,,,0.005,,,,0.02,2.0,,,,,
2.5e-12,0.7,1000000000.0,gate,2.5036094922968086,1.3463785171468987,1.6143853290182755,1.377272974890484,1.871505345517585,15.08092384188394,0.17836623860983117,1.413886316896969,1.7523819681245334,0.999988771619372,0.039213130412340355,0.044212114470060675,0.00018305668340229758,0.005,0.004998984057720319,0.21425705791419897,0.5293372894261603,0.04,0.5,0.03999187246176255,0.05126525021914702,False,True,1.3871324958085653
2.5e-12,0.7,1000000000.0,gate,2.4190737433770177,1.3463785171468987,1.714954262060628,1.6375079715594285,2.1515306324144885,14.765007967144621,1.0988684350812874,1.4509879774148493,1.8620118623614923,0.9994486518510787,0.042214988298224225,0.04721406931714177,0.00016037065322375404,0.005,0.00499908101891754,0.18232216109700072,0.5143038970791427,0.04,1.0,0.03999264815134032,0.18487745261511979,False,True,1.3871324958085653
2.5e-12,0.7,1000000000.0,runaway,,,,,,,,,,,,,,0.005,,,,0.04,2.0,,,,,
2.5e-12,0.7,1000000000.0,gate,2.855754919753843,1.3463785171468987,1.5179718360768097,1.2107302613161253,2.1646720438094005,30.95723182559342,0.0054897501974512505,1.3035389344274273,1.6522110121165527,0.9999843344707715,0.0316569862329938,0.03665572860680632,0.00014821712122553186,0.005,0.004998742373812517,0.21623246752850145,0.4962253000510599,0.06,0.5,0.05998490848575019,0.0642094937051601,False,True,1.3871324958085653
2.5e-12,0.7,1000000000.0,runaway,,,,,,,,,,,,,,0.005,,,,0.06,1.0,,,,,
2.5e-12,0.7,1000000000.0,runaway,,,,,,,,,,,,,,0.005,,,,0.06,2.0,,,,,
2.5e-12,0.7,1000000000.0,gate,3.311115655877602,1.3463785171468987,3.684901170580942,1.0962567785532047,57.03510900915698,747.8106892706057,0.004108710189746285,1.1581390057277845,1.594510202494102,0.9999282651842563,0.024909759414457968,0.029944867750736685,0.007476601692846165,0.005,0.0050351083362787175,0.22315273935994484,0.4456979727657803,0.08,0.5,0.08056173338045948,0.06536917911938847,False,True,1.3871324958085653
2.5e-12,0.7,1000000000.0,runaway,,,,,,,,,,,,,,0.005,,,,0.08,1.0,,,,,
2.5e-12,0.7,1000000000.0,runaway,,,,,,,,,,,,,,0.005,,,,0.08,2.0,,,,,
2.5e-12,0.7,1000000000.0,gate,1.988391717121913,1.3463785171468987,1.8403785017088488,1.7175319803752849,2.983852070102818,33.895364420229825,1.0026392259938384,1.5556138168381441,2.094588660952621,0.8955323121317951,0.05710658221198453,0.0671052865902957,0.00027026146466030014,0.01,0.009998704378311176,0.30013404499884766,0.5651372864427013,0.0,0.5,0.0,0.0,False,True,1.3871324958085653
2.5e-12,0.7,1000000000.0,gate,2.2004151533460887,1.3463785171468987,1.7446539415064706,1.6768831693778847,2.03491137597555,10.109086420104747,1.0,1.4951587283444956,1.9940040678082132,0.9381128192011129,0.048439232197127084,0.05843767899734027,0.00022649280162971225,0.01,0.009998446800213183,0.29968767300699584,0.5550798290527197,0.02,0.5,0.019996893600426367,0.029187229185173164,False,True,1.3871324958085653
2.5e-12,0.7,1000000000.0,gate,2.170926615667956,1.3463785171468987,1.7801277464608376,1.6877752541898317,2.0771177210470277,10.774188483392898,1.0,1.508177095022923,2.0524811313497713,0.9190765553491702,0.04991514232840401,0.05991365501285648,0.00023644648030544122,0.01,0.009998512684452477,0.28650294278056115,0.5383363415589875,0.02,1.0,0.019997025368904953,0.09216979311210606,False,True,1.3871324958085653
2.5e-12,0.7,1000000000.0,runaway,,,,,,,,,,,,,,0.01,,,,0.02,2.0,,,,,
2.5e-12,0.7,1000000000.0,gate,2.465853613547617,1.3463785171468987,1.635688490865918,1.3981775105355627,1.86701120506026,14.119593074650613,0.19769727878748758,1.4242614949136971,1.820494908914801,0.9999894667908951,0.04028292199850159,0.050281030502099415,0.00018537571579051976,0.01,0.009998108503597824,0.29895681509366206,0.5250494710127854,0.04,0.5,0.0399924340143913,0.051717705470313506,False,True,1.3871324958085653
2.5e-12,0.7,1000000000.0,gate,2.3826901627376413,1.3463785171468987,1.7839837460073475,1.6589469474729808,2.932679674115861,35.171539345498715,1.01161200593557,1.4614835096044683,1.973024678137628,0.9738051657526436,0.04333730202788938,0.053335587987506115,9.923638137679066e-05,0.01,0.009998285959616736,0.25448345388994037,0.5100082934531304,0.04,1.0,0.039993143838466944,0.18742722672557918,False,True,1.3871324958085653
2.5e-12,0.7,1000000000.0,runaway,,,,,,,,,,,,,,0.01,,,,0.04,2.0,,,,,
2.5e-12,0.7,1000000000.0,gate,2.8067836831006905,1.3463785171468987,1.5410302982069093,1.2633522257032852,2.132585548685666,27.786199639420857,0.019601529717552035,1.320870508052025,1.7055637665398131,0.9999865788288601,0.03266405591212807,0.04266172167251723,0.00014751941834743366,0.01,0.009997665760389157,0.3010506451465055,0.4911043802708736,0.06,0.5,0.05998599456233493,0.06471723324486452,False,True,1.3871324958085653
2.5e-12,0.7,1000000000.0,runaway,,,,,,,,,,,,,,0.01,,,,0.06,1.0,,,,,
2.5e-12,0.7,1000000000.0,runaway,,,,,,,,,,,,,,0.01,,,,0.06,2.0,,,,,
2.5e-12,0.7,1000000000.0,gate,3.2318056106886095,1.3463785171468987,4.4554936565902254,1.142542197202641,69.53672591615285,756.1836850081753,0.003502056072348209,1.1785268449859319,1.6228001973791437,0.9998653571060436,0.02601716404031474,0.036153606924562334,0.011539248571896319,0.01,0.010136442884247596,0.3098099705840229,0.4173988823706926,0.08,0.5,0.08109154307398077,0.06622033368567858,False,True,1.3871324958085653
2.5e-12,0.7,1000000000.0,runaway,,,,,,,,,,,,,,0.01,,,,0.08,1.0,,,,,
2.5e-12,0.7,1000000000.0,runaway,,,,,,,,,,,,,,0.01,,,,0.08,2.0,,,,,
2.5e-12,0.7,3000000000.0,gate,1.6926334198432986,1.386779267460252,1.9297817296422448,1.8114932887193582,2.97195914519513,29.622938625458183,1.0,1.7352094290086524,1.9904740789303113,0.9313262472075081,0.04000099213558642,0.04000099213558642,0.00045050121962124693,0.0,0.0,0.0,0.2573466867603798,0.0,0.5,0.0,0.0,False,True,2.0294804578591186
2.5e-12,0.7,3000000000.0,gate,1.89414192957687,1.386779267460252,1.8213300313861345,1.7559229165752512,2.0079217440948463,6.8157528464763235,1.0,1.6543987052872757,1.9380928723816782,0.9851589914726975,0.03347242010723606,0.03347242010723606,0.0003792082337104756,0.0,0.0,0.0,0.25049254518940006,0.02,0.5,0.019996811001458895,0.033776068065479975,False,True,2.0294804578591186
2.5e-12,0.7,3000000000.0,gate,1.8649097989010262,1.386779267460252,1.8552424355320152,1.7774961898135853,2.040796259666692,6.991240897890516,1.0,1.6724736250630992,1.9943109942182737,0.9731201029677431,0.03460434788115259,0.03460434788115259,0.00039096416400562396,0.0,0.0,0.0,0.25089365843257155,0.02,1.0,0.01999699624563714,0.11486712686079427,False,True,2.0294804578591186
2.5e-12,0.7,3000000000.0,gate,1.880773865655772,1.386779267460252,1.8533077720511437,1.751356126747383,2.0487443872598634,7.904606146084106,1.2355893297184228,1.6718120045885285,2.0147676757973154,0.9696079880118997,0.03421241331658302,0.03421241331658302,0.00038156298631997237,0.0,0.0,0.0,0.2482891379814836,0.02,2.0,0.019996811259229984,0.7070249643276488,False,True,2.0294804578591186
2.5e-12,0.7,3000000000.0,gate,2.147754057710215,1.386779267460252,1.7030225518679245,1.4670981735847681,1.8137523027625526,10.027206080650856,0.09453501674714651,1.5513643836922142,1.8061622039731688,0.9999939495309558,0.027438528026481075,0.027438528026481075,0.0003141730417712585,0.0,0.0,0.0,0.2465871152701906,0.04,0.5,0.03999171065318854,0.05783417419875191,False,True,2.0294804578591186
2.5e-12,0.7,3000000000.0,runaway,,,,,,,,,,,,,,0.0,,,,0.04,1.0,,,,,
2.5e-12,0.7,3000000000.0,runaway,,,,,,,,,,,,,,0.0,,,,0.04,2.0,,,,,
2.5e-12,0.7,3000000000.0,gate,2.475738645755261,1.386779267460252,1.5783443591647393,1.2717288925638728,1.7733585157351208,15.656164468765182,0.0,1.395928899544737,1.7502450557497773,0.999997590669868,0.021897813515632778,0.021897813515632778,0.0002606189604702916,0.0,0.0,0.0,0.2308683837192854,0.06,0.5,0.059983860656914,0.06885072749155931,False,True,2.0294804578591186
2.5e-12,0.7,3000000000.0,runaway,,,,,,,,,,,,,,0.0,,,,0.06,1.0,,,,,
2.5e-12,0.7,3000000000.0,runaway,,,,,,,,,,,,,,0.0,,,,0.06,2.0,,,,,
2.5e-12,0.7,3000000000.0,gate,2.9241099715760237,1.386779267460252,1.454260606727541,1.1101385566134043,1.7996732726144122,23.357042906943054,0.0,1.2257659235931437,1.6862625546162113,0.9999664899246085,0.016759244742042156,0.016759244742042156,0.00022283369751650468,0.0,0.0,0.0,0.21281292351860664,0.08,0.5,0.07997373308293823,0.021233487274621484,False,False,2.0294804578591186
2.5e-12,0.7,3000000000.0,runaway,,,,,,,,,,,,,,0.0,,,,0.08,1.0,,,,,
2.5e-12,0.7,3000000000.0,runaway,,,,,,,,,,,,,,0.0,,,,0.08,2.0,,,,,
2.5e-12,0.7,3000000000.0,gate,1.670292088923255,1.386779267460252,1.9567474500361888,1.8566656574132498,3.0471267882680717,29.969838703376922,1.0025820669032992,1.7465355835386038,2.0837955053007797,0.5770558254306632,0.04087869072768492,0.04587812657653031,0.0004475032446591211,0.005,0.00499943584884538,0.241644723857177,0.2559687477663497,0.0,0.5,0.0,0.0,False,True,2.0294804578591186
2.5e-12,0.7,3000000000.0,gate,1.867006667865666,1.386779267460252,1.8456614537297584,1.799013282031175,2.0384441497086536,6.390459095131582,1.0,1.6658154393214122,1.9851695112576602,0.8766741250826758,0.034293429359657596,0.039292694139885155,0.0003797990539272394,0.005,0.00499926478022756,0.23985615934408655,0.24903527238918904,0.02,0.5,0.019997059120910245,0.03418141659194217,False,True,2.0294804578591186
2.5e-12,0.7,3000000000.0,gate,1.8385246876721333,1.386779267460252,1.8825488966254793,1.8228628579509072,2.0876856685861247,6.9296785200987365,1.0,1.68367097256761,2.048218850879028,0.8310484298058186,0.03543896166577253,0.040438269389270066,0.0003926913692870161,0.005,0.004999307723497534,0.22518152231892444,0.24898588750956885,0.02,1.0,0.019997230893990137,0.11685274158571203,False,True,2.0294804578591186
2.5e-12,0.7,3000000000.0,gate,1.8395727743611463,1.386779267460252,120.5219419131672,1.134196016658097,2847.193555602834,1163.2733942631894,0.0011741009398807945,1.4385085415119727,2.490549511000889,0.8984291372828253,0.036008527384026434,0.04096040880398232,0.028697005523924554,0.005,0.004951881419955889,0.15611551820785052,0.2840107944795077,0.02,2.0,0.019807525679823555,0.4463647383837645,False,True,2.0294804578591186
2.5e-12,0.7,3000000000.0,gate,2.113697471237618,1.386779267460252,1.7277290804041823,1.4926204872506688,1.8227337471697727,9.412203062544698,0.0933845372705601,1.5654920345542152,1.8537041809808223,0.9999935388485864,0.028206925863790325,0.03320597174278935,0.00031752359432448123,0.005,0.004999045878999028,0.23839139279872543,0.24494025598338515,0.04,0.5,0.03999236703199222,0.05845907786235468,False,True,2.0294804578591186
2.5e-12,0.7,3000000000.0,runaway,,,,,,,,,,,,,,0.005,,,,0.04,1.0,,,,,
2.5e-12,0.7,3000000000.0,runaway,,,,,,,,,,,,,,0.005,,,,0.04,2.0,,,,,
2.5e-12,0.7,3000000000.0,gate,2.43121976820965,1.386779267460252,1.6064669441161126,1.341366559611959,1.7803728232763893,13.461792287511743,0.006647861173498871,1.4213025402561545,1.7718212934006172,0.9999975343853856,0.02261587254064355,0.027614639107585593,0.0002608886330132125,0.005,0.004998766566942046,0.24038874983631628,0.22817342260076182,0.06,0.5,0.05998519880330456,0.06951427266943283,False,True,2.0294804578591186
2.5e-12,0.7,3000000000.0,runaway,,,,,,,,,,,,,,0.005,,,,0.06,1.0,,,,,
2.5e-12,0.7,3000000000.0,runaway,,,,,,,,,,,,,,0.005,,,,0.06,2.0,,,,,
2.5e-12,0.7,3000000000.0,gate,2.8539276382163874,1.386779267460252,1.6170680194714453,1.341833397042498,3.345929377996214,61.05119806940948,1.0,1.3144547785760357,1.7039034746335133,0.9997235217512728,0.01746883958883682,0.022467333025258298,3.977313461153641e-05,0.005,0.00499849343642148,0.216220429839734,0.21714360267069738,0.08,0.5,0.07997589498274368,0.021457584532231642,False,False,2.0294804578591186
2.5e-12,0.7,3000000000.0,runaway,,,,,,,,,,,,,,0.005,,,,0.08,1.0,,,,,
2.5e-12,0.7,3000000000.0,runaway,,,,,,,,,,,,,,0.005,,,,0.08,2.0,,,,,
2.5e-12,0.7,3000000000.0,gate,1.6485169217103766,1.386779267460252,1.9876098579520747,1.8837806315070498,3.120672852042724,30.655236999425338,1.0326876354307981,1.7577356537374544,2.4120301723451334,0.48253723628882306,0.0417590677364569,0.05175802914850058,0.0004450112150084429,0.01,0.009998961412043676,0.3381172707868811,0.2546325754304863,0.0,0.5,0.0,0.0,False,True,2.0294804578591186
2.5e-12,0.7,3000000000.0,gate,1.8406689093903283,1.386779267460252,1.8733493825195346,1.8320612508795093,2.068146017059746,6.208020535821655,1.0490151793890194,1.6772278946522334,2.1645318565090577,0.788114901025185,0.03511670283434357,0.04511534617873207,0.0003800140682509165,0.01,0.009998643344388498,0.33520997720926216,0.25265785240743954,0.02,0.5,0.019997286688776993,0.03459456261039435,False,True,2.0294804578591186
2.5e-12,0.7,3000000000.0,gate,1.8129263279310517,1.386779267460252,1.9128994555551593,1.846822497277404,2.1272738657181995,7.222197856095758,1.0,1.6951778856119748,2.17727534113926,0.7437291109010792,0.03627520943225061,0.04627393318452605,0.0003940364927800844,0.01,0.009998723752275437,0.31476441698431595,0.24761909745960264,0.02,1.0,0.019997447504550882,0.1188897973105024,False,True,2.0294804578591186
2.5e-12,0.7,3000000000.0,gate,2.714735811855394,1.386779267460252,68.36254067136305,1.197469819455048,1577.9759921930581,1136.2043902015994,0.009580334151614437,1.6555852171405925,3.8067201931768135,0.6774560017450436,0.03512385985594613,0.0465066506128393,0.09764190683659453,0.01,0.011382790756893166,0.24054343751418789,0.20418208185100822,0.02,2.0,0.02276558151378633,0.1205194958447136,False,True,2.0294804578591186
2.5e-12,0.7,3000000000.0,gate,2.080808832177873,1.386779267460252,1.7540878946767207,1.518868535683052,1.831472960080546,8.779054217108474,0.0892274847385987,1.5794657334676847,1.9758901147265167,0.8925616523649077,0.028977609339969977,0.03897585262330511,0.0003200871113046623,0.01,0.009998243283335132,0.33262543973739067,0.24336472152446456,0.04,0.5,0.039992973133340534,0.05909460195391095,False,True,2.0294804578591186
2.5e-12,0.7,3000000000.0,runaway,,,,,,,,,,,,,,0.01,,,,0.04,1.0,,,,,
2.5e-12,0.7,3000000000.0,runaway,,,,,,,,,,,,,,0.01,,,,0.04,2.0,,,,,
2.5e-12,0.7,3000000000.0,gate,2.388491605107591,1.386779267460252,1.6361640084972218,1.386800793829354,1.7875281603418474,12.064966750095131,0.09867356802479196,1.44481970343755,1.833704119968727,0.999997225758262,0.023336608299401495,0.03333433697391313,0.00025914258168439474,0.01,0.009997728674511635,0.33467339507366195,0.2256522031385682,0.06,0.5,0.059986372047069796,0.07018846948863268,False,True,2.0294804578591186
2.5e-12,0.7,3000000000.0,runaway,,,,,,,,,,,,,,0.01,,,,0.06,1.0,,,,,
2.5e-12,0.7,3000000000.0,runaway,,,,,,,,,,,,,,0.01,,,,0.06,2.0,,,,,
2.5e-12,0.7,3000000000.0,gate,2.7870444740171476,1.386779267460252,1.7346084490101037,1.4498357365034946,3.8536135470310175,68.26480067796363,1.0,1.348013549263189,1.7306973956417255,0.9992368826658271,0.018184088674242788,0.028181327665293448,0.00025119280618512735,0.01,0.009997238991050659,0.2997115188090014,0.2105586758440417,0.08,0.5,0.07997791192840527,0.021687044285467683,False,True,2.0294804578591186
2.5e-12,0.7,3000000000.0,runaway,,,,,,,,,,,,,,0.01,,,,0.08,1.0,,,,,
2.5e-12,0.7,3000000000.0,runaway,,,,,,,,,,,,,,0.01,,,,0.08,2.0,,,,,
2.5e-12,0.85,1000000000.0,gate,2.105404943988741,1.3463785171468987,1.7627991027451548,1.6385839039109653,2.851067866238556,33.88263240733002,1.0,1.5305371732779125,1.972407685038464,0.9910478298391119,0.050740828247550045,0.050740828247550045,0.00030319005246288425,0.0,0.0,0.0,0.462495614386026,0.0,0.5,0.0,0.0,False,True,1.3871324958085653
2.5e-12,0.85,1000000000.0,gate,2.3419825060009054,1.3463785171468987,1.6673509688169144,1.594437374570991,1.9364853825855441,10.105644151917943,1.0,1.4654484348536068,1.8723214479947847,0.9922162381935572,0.04267428763745912,0.04267428763745912,0.0002498335265061275,0.0,0.0,0.0,0.4574279345685398,0.02,0.5,0.019996574112872544,0.029218177448168525,False,True,1.3871324958085653
2.5e-12,0.85,1000000000.0,gate,2.307770815248017,1.3463785171468987,1.700589680126729,1.6091443526234377,1.9752956775301223,10.606327493298028,1.0,1.4796149113306234,1.9372076126328428,0.9862220984400392,0.044063151980951,0.044063151980951,0.0002589350540560405,0.0,0.0,0.0,0.4445947769490175,0.02,1.0,0.019996741251487916,0.0924276370350501,False,True,1.3871324958085653
2.5e-12,0.85,1000000000.0,runaway,,,,,,,,,,,,,,0.0,,,,0.02,2.0,,,,,
2.5e-12,0.85,1000000000.0,gate,2.640684317616766,1.3463785171468987,1.5589038396243176,1.3528859490845522,1.7255282642127534,11.775430803001576,0.23002062420982586,1.390477203307942,1.6646652078349908,0.9999989464685899,0.0351222284789626,0.0351222284789626,0.00019976931786125184,0.0,0.0,0.0,0.43708936469515214,0.04,0.5,0.039991445036208204,0.05171625803742165,False,True,1.3871324958085653
2.5e-12,0.85,1000000000.0,gate,2.5467501007309963,1.3463785171468987,1.6224493567500893,1.5644236597340118,1.7282156222387388,4.973079466514575,0.9329568976515074,1.4299946758525903,1.7421517144738004,0.9999980425286042,0.03794687936649037,0.03794687936649037,0.00022001448571700447,0.0,0.0,0.0,0.4269348843485083,0.04,1.0,0.03999236137048476,0.18684755825561333,False,True,1.3871324958085653
2.5e-12,0.85,1000000000.0,runaway,,,,,,,,,,,,,,0.0,,,,0.04,2.0,,,,,
2.5e-12,0.85,1000000000.0,gate,3.0286669269298936,1.3463785171468987,1.4537574825581903,1.1577846184610305,1.8713772332975098,24.18033680321243,0.004579160381571067,1.2738054182742329,1.580117122636889,0.9999636053145864,0.028106147275987918,0.028106147275987918,0.00015746188102975237,0.0,0.0,0.0,0.40326560728472177,0.06,0.5,0.059983709713928815,0.06453034037770598,False,True,1.3871324958085653
2.5e-12,0.85,1000000000.0,runaway,,,,,,,,,,,,,,0.0,,,,0.06,1.0,,,,,
2.5e-12,0.85,1000000000.0,runaway,,,,,,,,,,,,,,0.0,,,,0.06,2.0,,,,,
2.5e-12,0.85,1000000000.0,gate,3.570978248106983,1.3463785171468987,1.5990506820761279,0.9879157567517168,8.086132827127118,218.6709085929317,0.005496071710204922,1.111507052145533,1.5642104295706771,0.9999860292007859,0.02139397041755543,0.02139397041755543,0.00731017278567129,0.0,0.0,0.0,0.3716284610204516,0.08,0.5,0.07993103211047765,0.06543842752018031,False,True,1.3871324958085653
2.5e-12,0.85,1000000000.0,runaway,,,,,,,,,,,,,,0.0,,,,0.08,1.0,,,,,
2.5e-12,0.85,1000000000.0,runaway,,,,,,,,,,,,,,0.0,,,,0.08,2.0,,,,,
2.5e-12,0.85,1000000000.0,gate,2.0785456442280563,1.3463785171468987,1.7855785669169666,1.6741086131420644,2.9182795369748953,34.32456527320811,1.0,1.5398980299721345,2.0020461341956066,0.9881447883400595,0.05185241153912817,0.05685176167051944,0.0003006042099275344,0.005,0.004999350131391275,0.2227197748601243,0.45961981108615535,0.0,0.5,0.0,0.0,False,True,1.3871324958085653
2.5e-12,0.85,1000000000.0,gate,2.309304285318893,1.3463785171468987,1.6877510213931004,1.629527802430521,1.9648940351983972,9.788472273356383,1.0003379596147823,1.4756686117218631,1.9115230899788345,0.9891833716193354,0.04372269772384458,0.04872190012917221,0.00025026327732980704,0.005,0.004999202405327633,0.22304789033615893,0.4541765994888467,0.02,0.5,0.01999680962131053,0.029576447427146855,False,True,1.3871324958085653
2.5e-12,0.85,1000000000.0,gate,2.2760836364452848,1.3463785171468987,1.7225217797569872,1.641410591270075,2.0062019770868353,10.43239000919161,1.0,1.489371814466529,1.9739151118606515,0.9816932458356707,0.0451267403360145,0.05012598128088948,0.0002599481860787408,0.005,0.004999240944874977,0.21306523597155225,0.441598202713586,0.02,1.0,0.019996963779499912,0.0938089941095206,False,True,1.3871324958085653
2.5e-12,0.85,1000000000.0,runaway,,,,,,,,,,,,,,0.005,,,,0.02,2.0,,,,,
2.5e-12,0.85,1000000000.0,gate,2.5996496384641916,1.3463785171468987,1.5792719157821997,1.3730920559131667,1.7273176052000674,11.049100711062776,0.2393608379937108,1.401700624800061,1.7116933589675374,0.9999989289246338,0.03610862428189222,0.041107634444987336,0.0002025052462728897,0.005,0.004999010163095122,0.22327832049524896,0.43358455231386056,0.04,0.5,0.039992081304760986,0.052192903578964826,False,True,1.3871324958085653
2.5e-12,0.85,1000000000.0,gate,2.5073922275336376,1.3463785171468987,1.6772734697239304,1.6049506160673759,2.056876724095726,13.272951760977632,1.0975955891618183,1.4400961154644116,1.8257811143823168,0.9997140103100395,0.03898332107091932,0.04398243299521256,0.00018687541942298742,0.005,0.004999111924293241,0.18972943858323568,0.4224915025892374,0.04,1.0,0.03999289539434593,0.18950868042931882,False,True,1.3871324958085653
2.5e-12,0.85,1000000000.0,runaway,,,,,,,,,,,,,,0.005,,,,0.04,2.0,,,,,
2.5e-12,0.85,1000000000.0,gate,2.9750144383457604,1.3463785171468987,1.4774961631416488,1.2112778057856834,1.8466674249184376,21.18447547878062,0.0075196400117958605,1.2906320592291165,1.6102509298446952,0.9999688892859689,0.029030885778826548,0.03402963697904615,0.00016000403065850858,0.005,0.004998751200219604,0.22580103478799035,0.40997714367293864,0.06,0.5,0.05998501440263523,0.06506114609295133,False,True,1.3871324958085653
2.5e-12,0.85,1000000000.0,runaway,,,,,,,,,,,,,,0.005,,,,0.06,1.0,,,,,
2.5e-12,0.85,1000000000.0,runaway,,,,,,,,,,,,,,0.005,,,,0.06,2.0,,,,,
2.5e-12,0.85,1000000000.0,gate,3.4772166370925066,1.3463785171468987,1.403227321337263,1.0923488392505385,2.65508449298212,54.860713397880886,0.0325080239795393,1.1509293006966395,1.550618570915305,0.999982729504273,0.022519880591296997,0.027519139641435333,9.185597821633825e-05,0.005,0.004999259050138335,0.233858068445571,0.36906385155122146,0.08,0.5,0.07998814480221336,0.06588914927494875,False,True,1.3871324958085653
2.5e-12,0.85,1000000000.0,runaway,,,,,,,,,,,,,,0.005,,,,0.08,1.0,,,,,
2.5e-12,0.85,1000000000.0,runaway,,,,,,,,,,,,,,0.005,,,,0.08,2.0,,,,,
2.5e-12,0.85,1000000000.0,gate,2.0523800340531113,1.3463785171468987,1.8108780489308487,1.6858468585173263,2.9890731987174086,35.451499298741005,1.001798787369584,1.5489185764830764,2.0833083784398863,0.9174058589346021,0.05296707961834532,0.0629658602304399,0.00029761129801455057,0.01,0.009998780612094589,0.3116427206851496,0.45683722108992625,0.0,0.5,0.0,0.0,False,True,1.3871324958085653
2.5e-12,0.85,1000000000.0,gate,2.2775911428697038,1.3463785171468987,1.709576038462589,1.643717137158803,1.9938075157398194,10.08778262516009,1.0,1.4855433337758064,1.9506482001814567,0.9639005482473447,0.04477404680226276,0.054772559472140964,0.00024998174699456715,0.01,0.009998512669878197,0.31171360725151004,0.4510548111538521,0.02,0.5,0.019997025339756388,0.029878656249689533,False,True,1.3871324958085653
2.5e-12,0.85,1000000000.0,gate,2.2453348724530042,1.3463785171468987,1.7461032039779376,1.6552277820526595,2.0377149122191405,10.790731330856103,1.0,1.4991525038164828,2.0124231819106013,0.9454787522389803,0.0461927838342791,0.05619136826473184,0.0002604585682218016,0.01,0.009998584430452742,0.2978240287675179,0.4387149665752086,0.02,1.0,0.019997168860905485,0.0952214522688621,False,True,1.3871324958085653
2.5e-12,0.85,1000000000.0,runaway,,,,,,,,,,,,,,0.01,,,,0.02,2.0,,,,,
2.5e-12,0.85,1000000000.0,gate,2.5600150406806113,1.3463785171468987,1.600782598546454,1.3953451254438887,1.7293982790798785,10.279859608106301,0.264940692137606,1.4124955009010998,1.7855146779322426,0.9999986760697501,0.037098254986494064,0.047096416533228345,0.00020513253107584732,0.01,0.009998161546734283,0.31152532080836526,0.43024605101455815,0.04,0.5,0.03999264618693714,0.052677062077855843,False,True,1.3871324958085653
2.5e-12,0.85,1000000000.0,gate,2.4693545494699634,1.3463785171468987,1.7706347586887803,1.625428403566025,3.433132851958026,50.29240490133557,1.0071365775363987,1.4502032881113636,1.9351114124789695,0.9839475524887745,0.04002223795700169,0.05002057839136776,0.00013161484568855332,0.01,0.009998340434366067,0.26481402602626625,0.41906914927830635,0.04,1.0,0.03999336173746427,0.19223602506372087,False,True,1.3871324958085653
2.5e-12,0.85,1000000000.0,runaway,,,,,,,,,,,,,,0.01,,,,0.04,2.0,,,,,
2.5e-12,0.85,1000000000.0,gate,2.923481507785641,1.3463785171468987,1.5004403473451753,1.2597873220712112,1.8266509728572486,18.610748386045124,0.025872681467690187,1.3087557044001208,1.6653498050793762,0.9999742969137062,0.02995995205279685,0.03995765003285991,0.0001603630082984226,0.01,0.009997697980063048,0.31434369959731634,0.4058938121702413,0.06,0.5,0.05998618788037828,0.0656004956971302,False,True,1.3871324958085653
2.5e-12,0.85,1000000000.0,runaway,,,,,,,,,,,,,,0.01,,,,0.06,1.0,,,,,
2.5e-12,0.85,1000000000.0,runaway,,,,,,,,,,,,,,0.01,,,,0.06,2.0,,,,,
2.5e-12,0.85,1000000000.0,gate,3.4073023406409675,1.3463785171468987,1.4261155511819352,1.1440256314275972,2.3826019013817477,42.78307554165614,0.18821169983976618,1.1765904243792502,1.5829721595002368,0.9998405169240412,0.02337997559974754,0.03337716373327635,8.063049667298046e-05,0.01,0.009997188133528814,0.32456335572465866,0.36190710883267885,0.08,0.5,0.0799775050682305,0.06637225093652473,False,True,1.3871324958085653
2.5e-12,0.85,1000000000.0,runaway,,,,,,,,,,,,,,0.01,,,,0.08,1.0,,,,,
2.5e-12,0.85,1000000000.0,runaway,,,,,,,,,,,,,,0.01,,,,0.08,2.0,,,,,
2.5e-12,0.85,3000000000.0,gate,1.7764264392343856,1.386779267460252,1.881901624141235,1.7706069990191704,2.924592007382862,30.206973311946175,1.0,1.7107238911047409,1.925707120098534,0.9898991630072755,0.03590080664623353,0.03590080664623353,0.00047849974764278,0.0,0.0,0.0,0.20928084342418907,0.0,0.5,0.0,0.0,False,True,2.0294804578591186
2.5e-12,0.85,3000000000.0,gate,1.993770858542193,1.386779267460252,1.7722967455415848,1.7108828296157546,1.9474550612714454,6.5755379534353615,1.0,1.6260833562189168,1.8748970489027263,0.9923484891817653,0.029938827994757354,0.029938827994757354,0.00040180307719149,0.0,0.0,0.0,0.20475464549271843,0.02,0.5,0.019996927896687326,0.034530170286021594,False,True,2.0294804578591186
2.5e-12,0.85,3000000000.0,gate,1.9615486301159641,1.386779267460252,1.805754691577729,1.732283603115856,1.9812097669126987,6.790718948715996,1.0,1.6441192669321618,1.9344035956510004,0.9853916690923936,0.030984426628650426,0.030984426628650426,0.00041451383655117705,0.0,0.0,0.0,0.20511373085895254,0.02,1.0,0.01999712199759365,0.11838759617224373,False,True,2.0294804578591186
2.5e-12,0.85,3000000000.0,gate,2.031864642403859,1.386779267460252,2.1741257582290494,1.7298786359438187,10.191431581195666,191.720863736298,0.03987689603799718,1.6488679710492133,2.0175207880469133,0.9790934243492738,0.031196187401896017,0.031196187401896017,0.002595496861077262,0.0,0.0,0.0,0.20166572982137185,0.02,2.0,0.020109350174925034,0.38053430464466514,False,True,2.0294804578591186
2.5e-12,0.85,3000000000.0,gate,2.26749583811507,1.386779267460252,1.6548196931794201,1.4523569952949862,1.753728113824602,8.971290327914424,0.10730670994549998,1.5221101714087095,1.7545903943759913,0.9999879581228693,0.02445711203813459,0.02445711203813459,0.00033230093970834824,0.0,0.0,0.0,0.19850048046133628,0.04,0.5,0.03999185497065592,0.05880190588214232,False,True,2.0294804578591186
2.5e-12,0.85,3000000000.0,runaway,,,,,,,,,,,,,,0.0,,,,0.04,1.0,,,,,
2.5e-12,0.85,3000000000.0,runaway,,,,,,,,,,,,,,0.0,,,,0.04,2.0,,,,,
2.5e-12,0.85,3000000000.0,gate,2.6218766343187094,1.386779267460252,1.5355862737771033,1.2674654534535565,1.7001342512872297,13.87986741442178,0.0,1.3690235940141129,1.699245987285386,0.9999960727607737,0.019446705642659153,0.019446705642659153,0.0002759835232382787,0.0,0.0,0.0,0.19086933253844646,0.06,0.5,0.05998389223409816,0.06965994553842353,False,True,2.0294804578591186
2.5e-12,0.85,3000000000.0,runaway,,,,,,,,,,,,,,0.0,,,,0.06,1.0,,,,,
2.5e-12,0.85,3000000000.0,runaway,,,,,,,,,,,,,,0.0,,,,0.06,2.0,,,,,
2.5e-12,0.85,3000000000.0,gate,3.106534726481333,1.386779267460252,1.4108539608707895,1.106139349005541,1.6698721315668712,19.68317670084228,0.0,1.2014360313749088,1.6340942566783818,0.9999990064465998,0.01482445110109388,0.01482445110109388,0.00023676531843746994,0.0,0.0,0.0,0.17746700660040732,0.08,0.5,0.07997380598842056,0.021389532224546353,False,False,2.0294804578591186
2.5e-12,0.85,3000000000.0,runaway,,,,,,,,,,,,,,0.0,,,,0.08,1.0,,,,,
2.5e-12,0.85,3000000000.0,runaway,,,,,,,,,,,,,,0.0,,,,0.08,2.0,,,,,
2.5e-12,0.85,3000000000.0,gate,1.7526409807019652,1.386779267460252,1.895727662318085,1.8177126934330818,2.8085303113715194,25.746709626242794,1.007831761889306,1.7222009804740934,2.0443474225231646,0.8861828967969005,0.036691915486122516,0.041691391871864075,0.00047642817444007847,0.005,0.0049994763857415525,0.2550600111446472,0.208338730636725,0.0,0.5,0.0,0.0,False,True,2.0294804578591186
2.5e-12,0.85,3000000000.0,gate,1.9648682909425528,1.386779267460252,1.796657200954811,1.7542499176448358,1.9777523445802851,6.128031415435324,1.0,1.637607472087959,1.9273232229801562,0.9563462226199204,0.030676027166279138,0.035675323050756214,0.00040272129265366127,0.005,0.00499929588447708,0.2536051846889989,0.20359597796497975,0.02,0.5,0.019997183537908317,0.034963878411504445,False,True,2.0294804578591186
2.5e-12,0.85,3000000000.0,gate,1.933486929912176,1.386779267460252,1.8334292846740237,1.7778074789287808,2.018415616743774,6.464725814861024,1.0,1.656378626159787,1.9902665616899182,0.926377359268652,0.03173396430241312,0.03673330546227246,0.00041657272552911447,0.005,0.004999341159859334,0.23796469733806958,0.20398692661561313,0.02,1.0,0.019997364639437337,0.1205300044659994,False,True,2.0294804578591186
2.5e-12,0.85,3000000000.0,runaway,,,,,,,,,,,,,,0.005,,,,0.02,2.0,,,,,
2.5e-12,0.85,3000000000.0,gate,2.231197819058363,1.386779267460252,1.679217257622609,1.4780662078586282,1.7625178125191516,8.344598803189267,0.1028220202106355,1.536699669240144,1.8001768548039727,0.9999870964212576,0.02514467288324586,0.030143740268551378,0.0003356580905862098,0.005,0.004999067385305515,0.2524912827307177,0.1972276842095774,0.04,0.5,0.039992539082444135,0.05946396900320423,False,True,2.0294804578591186
2.5e-12,0.85,3000000000.0,runaway,,,,,,,,,,,,,,0.005,,,,0.04,1.0,,,,,
2.5e-12,0.85,3000000000.0,runaway,,,,,,,,,,,,,,0.005,,,,0.04,2.0,,,,,
2.5e-12,0.85,3000000000.0,gate,2.57434723627273,1.386779267460252,1.5626855354407356,1.3289920134181072,1.7088896588689462,11.975646604653711,0.007880979650714916,1.3944653647903404,1.7141833382743008,0.9999956665956906,0.02008754033147202,0.025086314170676808,0.0002766443486309719,0.005,0.004998773839204786,0.2550690401360892,0.1885984274835443,0.06,0.5,0.05998528607045744,0.07035610204292617,False,True,2.0294804578591186
2.5e-12,0.85,3000000000.0,runaway,,,,,,,,,,,,,,0.005,,,,0.06,1.0,,,,,
2.5e-12,0.85,3000000000.0,runaway,,,,,,,,,,,,,,0.005,,,,0.06,2.0,,,,,
2.5e-12,0.85,3000000000.0,gate,3.03152471867702,1.386779267460252,1.5606936271640948,1.3127682217227246,3.079468170566314,55.76338149619137,1.0,1.2855732245170675,1.6483477711199563,0.9997854011729971,0.01545535677358372,0.020453861478352424,4.904719391806112e-05,0.005,0.004998504704768706,0.2298739346516102,0.1753768999177658,0.08,0.5,0.07997607527629927,0.021621298119831708,False,False,2.0294804578591186
2.5e-12,0.85,3000000000.0,runaway,,,,,,,,,,,,,,0.005,,,,0.08,1.0,,,,,
2.5e-12,0.85,3000000000.0,runaway,,,,,,,,,,,,,,0.005,,,,0.08,2.0,,,,,
2.5e-12,0.85,3000000000.0,gate,1.7294554864648717,1.386779267460252,1.9270756046851603,1.8344067853058277,2.874715845764565,26.593015666922096,1.0391058621918006,1.7328055714222383,2.407997905700087,0.865701381195568,0.037485577957108725,0.047484619793053046,0.00047361680898767405,0.01,0.009999041835944317,0.35687193281240437,0.2072754289688349,0.0,0.5,0.0,0.0,False,True,2.0294804578591186
2.5e-12,0.85,3000000000.0,gate,1.936812403685887,1.386779267460252,1.8242739607995475,1.781969402545663,2.007253820507954,6.083381563238041,1.0456437670269076,1.6493057111594467,2.125945921335015,0.861864964556871,0.03141542109463991,0.04141412819031584,0.0004040178101501261,0.01,0.009998707095675926,0.35440818606494756,0.2062460782033657,0.02,0.5,0.019997414191351853,0.03540623739378893,False,True,2.0294804578591186
2.5e-12,0.85,3000000000.0,gate,1.9062649840154955,1.386779267460252,1.8640342650155735,1.7966610616974004,2.0567646659370276,6.873792864755337,1.0,1.6677963441183843,2.137236897964912,0.8350229623561659,0.03248492265062232,0.04248371732192132,0.0004183543275485903,0.01,0.009998794671299,0.33262218866788734,0.20289802164342438,0.02,1.0,0.019997589342597998,0.12273034506021459,False,True,2.0294804578591186
2.5e-12,0.85,3000000000.0,runaway,,,,,,,,,,,,,,0.01,,,,0.02,2.0,,,,,
2.5e-12,0.85,3000000000.0,gate,2.196151890931187,1.386779267460252,1.7053287707824338,1.5045767153449356,1.7720449366679485,7.726237119288283,0.09920611055217532,1.5503517219936493,1.925158701591507,0.9655975240037219,0.02583422249093079,0.03583251227914382,0.0003386614658763017,0.01,0.009998289788213034,0.35228167333375976,0.1960077728009483,0.04,0.5,0.039993159152852134,0.06013758051333073,False,True,2.0294804578591186
2.5e-12,0.85,3000000000.0,runaway,,,,,,,,,,,,,,0.01,,,,0.04,1.0,,,,,
2.5e-12,0.85,3000000000.0,runaway,,,,,,,,,,,,,,0.01,,,,0.04,2.0,,,,,
2.5e-12,0.85,3000000000.0,gate,2.5287787726469086,1.386779267460252,1.5912560555096995,1.3716988027528265,1.7191018700534677,10.754681204140295,0.09095413065683493,1.416315721986636,1.7773960735480367,0.9999950234741621,0.020730354525356397,0.030728110041975357,0.0002757198634188462,0.01,0.009997755516618958,0.35508904678302367,0.18647572706925192,0.06,0.5,0.05998653309971373,0.07106264673311102,False,True,2.0294804578591186
2.5e-12,0.85,3000000000.0,runaway,,,,,,,,,,,,,,0.01,,,,0.06,1.0,,,,,
2.5e-12,0.85,3000000000.0,runaway,,,,,,,,,,,,,,0.01,,,,0.06,2.0,,,,,
2.5e-12,0.85,3000000000.0,gate,2.960244600280311,1.386779267460252,1.68665091269431,1.4109346341050917,3.9601850988291902,74.4545535069846,1.0,1.317241144989571,1.6734953135495338,0.9993181241624672,0.01609015013967346,0.026087400704787288,0.00022817871890752175,0.01,0.009997250565113826,0.31861736342390656,0.17380429327542132,0.08,0.5,0.0799780045209106,0.02185771668744227,False,False,2.0294804578591186
2.5e-12,0.85,3000000000.0,runaway,,,,,,,,,,,,,,0.01,,,,0.08,1.0,,,,,
2.5e-12,0.85,3000000000.0,runaway,,,,,,,,,,,,,,0.01,,,,0.08,2.0,,,,,
2.5e-12,1.0,1000000000.0,gate,2.169681468301936,1.3463785171468987,1.7356113537750602,1.613513186725914,2.845289760402095,34.96096566641248,1.0,1.5221384718362956,1.9205012791861487,0.992823301837008,0.04731599641067853,0.04731599641067853,0.0003259242902345054,0.0,0.0,0.0,0.3871623840335648,0.0,0.5,0.0,0.0,False,True,1.3871324958085653
2.5e-12,1.0,1000000000.0,gate,2.4193291271121313,1.3463785171468987,1.6370273167686218,1.5667925815126205,1.8994271482962082,10.009569835870392,1.0,1.4548897578745297,1.8383948207393204,0.995019827820857,0.039676021750132864,0.039676021750132864,0.00026859237653363067,0.0,0.0,0.0,0.38438253369730263,0.02,0.5,0.01999667813616133,0.0298389400014346,False,True,1.3871324958085653
2.5e-12,1.0,1000000000.0,gate,2.382373794622657,1.3463785171468987,1.6705721085265985,1.582108885675216,1.939368724509947,10.534718465203625,1.0,1.47014010142853,1.8993807268961307,0.9900562079805385,0.04100935083731364,0.04100935083731364,0.00027864006591910636,0.0,0.0,0.0,0.37438004014053633,0.02,1.0,0.019996852430299417,0.09490189288332883,False,True,1.3871324958085653
2.5e-12,1.0,1000000000.0,runaway,,,,,,,,,,,,,,0.0,,,,0.02,2.0,,,,,
2.5e-12,1.0,1000000000.0,gate,2.734921705626008,1.3463785171468987,1.5293781812743985,1.348234580696993,1.641127792941364,9.434054462808017,0.28163185023757403,1.37762060288388,1.629633401054887,0.9999985893944374,0.03255131894825375,0.03255131894825375,0.00021579826892468505,0.0,0.0,0.0,0.36953467174549925,0.04,0.5,0.039991588154102524,0.052480375003695345,False,True,1.3871324958085653
2.5e-12,1.0,1000000000.0,gate,2.633571809334649,1.3463785171468987,1.5931342884152275,1.545648172480345,1.6949114529819365,4.615349135435286,0.9931318291456018,1.4173886249339687,1.7072040707623224,0.9999970582994544,0.03525475003226191,0.03525475003226191,0.00023709214661644728,0.0,0.0,0.0,0.35355749916478313,0.04,1.0,0.03999254406813741,0.19069159965152657,False,True,1.3871324958085653
2.5e-12,1.0,1000000000.0,runaway,,,,,,,,,,,,,,0.0,,,,0.04,2.0,,,,,
2.5e-12,1.0,1000000000.0,gate,3.1454714770443934,1.3463785171468987,1.422307682000392,1.1591864231007467,1.688587143784876,18.335591915662743,0.005623559007188928,1.2608997938093516,1.544249471907544,0.9999991700599618,0.02595766809731511,0.02595766809731511,0.0001701761734119049,0.0,0.0,0.0,0.34379109248987294,0.06,0.5,0.05998384326507484,0.065220491152381,False,True,1.3871324958085653
2.5e-12,1.0,1000000000.0,runaway,,,,,,,,,,,,,,0.0,,,,0.06,1.0,,,,,
2.5e-12,1.0,1000000000.0,runaway,,,,,,,,,,,,,,0.0,,,,0.06,2.0,,,,,
2.5e-12,1.0,1000000000.0,gate,3.699771232125329,1.3463785171468987,1.3312213111601363,1.0104588203531877,2.1762621210032584,43.13988481158165,0.0,1.112511084861795,1.4916968390026784,0.999979520724288,0.019916665559974154,0.019916665559974154,0.00012359595097878308,0.0,0.0,0.0,0.323331706809621,0.08,0.5,0.07997345749502059,0.06587622155075756,False,True,1.3871324958085653
2.5e-12,1.0,1000000000.0,runaway,,,,,,,,,,,,,,0.0,,,,0.08,1.0,,,,,
2.5e-12,1.0,1000000000.0,runaway,,,,,,,,,,,,,,0.0,,,,0.08,2.0,,,,,
2.5e-12,1.0,1000000000.0,gate,2.141700055932008,1.3463785171468987,1.7586157105230729,1.64624075204545,2.9159537751919524,35.5662918223694,1.0,1.5317056357720744,1.9520755660613731,0.9912135155286005,0.048355662223271645,0.0533550452545966,0.0003231040049989263,0.005,0.004999383031324953,0.23241044858131185,0.3848220195088284,0.0,0.5,0.0,0.0,False,True,1.3871324958085653
2.5e-12,1.0,1000000000.0,gate,2.3852164700051115,1.3463785171468987,1.6574016954101836,1.600808171103745,1.927492078745914,9.70965781964149,1.0,1.464660449451117,1.8718422317817285,0.992595252789714,0.040654109562711246,0.04565333876319006,0.0002692214541939965,0.005,0.004999229200478811,0.23131326159358293,0.3817382874493347,0.02,0.5,0.019996916801915243,0.03015518998894385,False,True,1.3871324958085653
2.5e-12,1.0,1000000000.0,gate,2.3493359674523515,1.3463785171468987,1.6926574185300332,1.6126285372304057,1.9705184264275026,10.415600705619006,1.0,1.4798208941363233,1.9345349936596647,0.9860808347559848,0.04200199039690817,0.04700126023958533,0.0002797101777294668,0.005,0.004999269842677149,0.22084923383455668,0.3719413302758062,0.02,1.0,0.019997079370708593,0.0963814814093035,False,True,1.3871324958085653
2.5e-12,1.0,1000000000.0,runaway,,,,,,,,,,,,,,0.005,,,,0.02,2.0,,,,,
2.5e-12,1.0,1000000000.0,gate,2.692031393795081,1.3463785171468987,1.5497311708490509,1.3698034729083108,1.6455474104052767,8.76503322150571,0.29340336648319887,1.3890308595720882,1.6773609969275622,0.999998350817581,0.03346917345544596,0.03846820312150475,0.00021863266968399263,0.005,0.0049990296660587874,0.23191582354655596,0.36667645193656956,0.04,0.5,0.039992237328470306,0.05298418104729551,False,True,1.3871324958085653
2.5e-12,1.0,1000000000.0,gate,2.592556170020882,1.3463785171468987,1.655335569449952,1.5758720589645103,2.203374867204686,18.673838076521886,1.0651759119753355,1.4281552266248656,1.7918059877027175,0.9997398849499618,0.03621991495433828,0.041219051436892834,0.00020234858217546735,0.005,0.004999136482554556,0.19683462295433096,0.3586259922091356,0.04,1.0,0.03999309186043643,0.1935088774967375,False,True,1.3871324958085653
2.5e-12,1.0,1000000000.0,runaway,,,,,,,,,,,,,,0.005,,,,0.04,2.0,,,,,
2.5e-12,1.0,1000000000.0,gate,3.0892895183953732,1.3463785171468987,1.4445911280672756,1.2138532051183875,1.6805279271455695,15.91377803466945,0.008470459605346129,1.277939021777362,1.5737009191171243,0.9999989653950883,0.02681587487266215,0.031814639227819935,0.00017293136351361754,0.005,0.004998764355157786,0.2349419979085135,0.3402096256751865,0.06,0.5,0.059985172261893434,0.06577795854163809,False,True,1.3871324958085653
2.5e-12,1.0,1000000000.0,runaway,,,,,,,,,,,,,,0.005,,,,0.06,1.0,,,,,
2.5e-12,1.0,1000000000.0,runaway,,,,,,,,,,,,,,0.005,,,,0.06,2.0,,,,,
2.5e-12,1.0,1000000000.0,gate,3.6223364163987406,1.3463785171468987,1.3554094206316771,1.0888525225687231,2.0706179885095173,35.68134476443493,0.06527307793705434,1.1395868740928083,1.5133743978090881,0.9999788197371171,0.02071236528563107,0.025710860527340253,0.0001245033637415473,0.005,0.004998495241709183,0.2438301312223303,0.31655985858862945,0.08,0.5,0.07997592386734691,0.06637220108905297,False,True,1.3871324958085653
2.5e-12,1.0,1000000000.0,runaway,,,,,,,,,,,,,,0.005,,,,0.08,1.0,,,,,
2.5e-12,1.0,1000000000.0,runaway,,,,,,,,,,,,,,0.005,,,,0.08,2.0,,,,,
2.5e-12,1.0,1000000000.0,gate,2.1144335880098524,1.3463785171468987,1.7718297247045103,1.657495415601053,2.8684495646565358,33.66740771691472,1.0034048415601118,1.5408716332453427,2.0800255440752347,0.9325842990569189,0.04939847346550508,0.05939732528724284,0.0003202816529705538,0.01,0.00999885182173776,0.32519167025828655,0.38227264810599576,0.0,0.5,0.0,0.0,False,True,1.3871324958085653
2.5e-12,1.0,1000000000.0,gate,2.3521081075534425,1.3463785171468987,1.679493134952395,1.614062127846758,1.9560234798381293,10.030042068663759,1.0,1.4741683025120111,1.9151984130480095,0.9845604262813802,0.041635169861301426,0.05163373742658351,0.0002693703986962437,0.01,0.009998567565282085,0.3232510596565748,0.3791921543274971,0.02,0.5,0.01999713513056417,0.030476965925483174,False,True,1.3871324958085653
2.5e-12,1.0,1000000000.0,gate,2.3172787618278954,1.3463785171468987,1.7160491446713635,1.6259651975983294,2.0097014694550643,11.015572999282956,1.0,1.4894468340277918,1.9760486447698444,0.9672922477646377,0.04299688727016366,0.05299553064205746,0.00028019256790973477,0.01,0.009998643371893805,0.3086949850477508,0.3695068400216594,0.02,1.0,0.01999728674378762,0.09789580236557793,False,True,1.3871324958085653
2.5e-12,1.0,1000000000.0,runaway,,,,,,,,,,,,,,0.01,,,,0.02,2.0,,,,,
2.5e-12,1.0,1000000000.0,gate,2.650607545568769,1.3463785171468987,1.5711866024346806,1.391013903801689,1.6526702884821207,8.203657705507728,0.3257330940822468,1.3998305035061989,1.7542335528863642,0.9999983222265095,0.03439007801133157,0.04438828256169063,0.000221338540518172,0.01,0.009998204550359062,0.3235597166151428,0.36394656805318937,0.04,0.5,0.039992818201436256,0.053496143666282706,False,True,1.3871324958085653
2.5e-12,1.0,1000000000.0,gate,2.55292855276741,1.3463785171468987,1.7279319721283724,1.5955911689256443,3.052538910856729,41.53567726237845,1.0070881542447008,1.4385468951255131,1.8995323079358037,0.9905355228628483,0.03718717930820299,0.04718557754177597,0.00014829486745377565,0.01,0.00999839823357298,0.27472381280660124,0.35542929233367565,0.04,1.0,0.039993592934291916,0.19639593779487882,False,True,1.3871324958085653
2.5e-12,1.0,1000000000.0,runaway,,,,,,,,,,,,,,0.01,,,,0.04,2.0,,,,,
2.5e-12,1.0,1000000000.0,gate,3.0353659778592696,1.3463785171468987,1.4682815378338903,1.2527144798026149,1.676060137137037,14.203315468577573,0.07239501136339442,1.2956841169856557,1.6301521121872726,0.9999989470539156,0.027677900710165144,0.03767562700320469,0.00017421039706322974,0.01,0.009997726293039553,0.3270463892099171,0.33682104656174155,0.06,0.5,0.05998635775823733,0.06634365640176386,False,True,1.3871324958085653
2.5e-12,1.0,1000000000.0,runaway,,,,,,,,,,,,,,0.01,,,,0.06,1.0,,,,,
2.5e-12,1.0,1000000000.0,runaway,,,,,,,,,,,,,,0.01,,,,0.06,2.0,,,,,
2.5e-12,1.0,1000000000.0,gate,3.5486092406073038,1.3463785171468987,1.3878999092942124,1.1382789686294084,1.9687526247366118,29.476212258963145,0.3984158989570496,1.164189550341731,1.5455861864462141,0.9999627090511152,0.021512975092665414,0.03151020691436105,0.00011601876450228469,0.01,0.009997231821695637,0.3383547078123307,0.3103840940737204,0.08,0.5,0.07997785457356514,0.06687545083787241,False,True,1.3871324958085653
2.5e-12,1.0,1000000000.0,runaway,,,,,,,,,,,,,,0.01,,,,0.08,1.0,,,,,
2.5e-12,1.0,1000000000.0,runaway,,,,,,,,,,,,,,0.01,,,,0.08,2.0,,,,,
2.5e-12,1.0,3000000000.0,gate,1.8563615347963072,1.386779267460252,1.8270388499167278,1.7349118565285544,2.6919312851869694,25.80339997793428,1.0,1.6862256757055432,1.8696084096450458,0.9939828554046604,0.032569515109967855,0.032569515109967855,0.0005009026475953677,0.0,0.0,0.0,0.17629070030385713,0.0,0.5,0.0,0.0,False,True,2.0294804578591186
2.5e-12,1.0,3000000000.0,gate,2.0885445834423404,1.386779267460252,1.7298610218288946,1.6716449077896538,1.8960931198030977,6.391589861051614,1.0,1.599473715423135,1.8259795221248944,0.9962039571520014,0.02708512620749644,0.02708512620749644,0.0004195272390388807,0.0,0.0,0.0,0.17301012568790425,0.02,0.5,0.019997028613056092,0.035148138512333116,False,True,2.0294804578591186
2.5e-12,1.0,3000000000.0,gate,2.0535656427161775,1.386779267460252,1.762714002880087,1.693069484201888,1.9307344454302593,6.64182251852474,1.0,1.6188970512749175,1.8854833845748185,0.9919773671598826,0.02805488431091216,0.02805488431091216,0.0004331233537964937,0.0,0.0,0.0,0.1733311758390343,0.02,1.0,0.019997231652505366,0.12130753702831543,False,True,2.0294804578591186
2.5e-12,1.0,3000000000.0,gate,2.1849043702600497,1.386779267460252,1.7237880426914458,1.6409633806224404,1.867826817802994,6.4831281460324925,1.3280183104842453,1.619717825245208,1.8615310067365056,0.994605414449951,0.028208966839113725,0.028208966839113725,0.003756541749533019,0.0,0.0,0.0,0.1741613262154435,0.02,2.0,0.02022381440297591,0.3229842667698103,False,True,2.0294804578591186
2.5e-12,1.0,3000000000.0,gate,2.3810755757082913,1.386779267460252,1.6152549971886607,1.44035998349002,1.7070389209411077,8.133015216397158,0.11125505826765436,1.4954934914034808,1.709524357185081,0.9999919239181184,0.02206420726431835,0.02206420726431835,0.00034641331712210283,0.0,0.0,0.0,0.16840917060455435,0.04,0.5,0.03999197812694782,0.05958445505706816,False,True,2.0294804578591186
2.5e-12,1.0,3000000000.0,runaway,,,,,,,,,,,,,,0.0,,,,0.04,1.0,,,,,
2.5e-12,1.0,3000000000.0,runaway,,,,,,,,,,,,,,0.0,,,,0.04,2.0,,,,,
2.5e-12,1.0,3000000000.0,gate,2.7600550155322137,1.386779267460252,1.4971547616590766,1.2613972550837385,1.650661440527508,12.808011655638486,0.005072790749585481,1.3450891876884579,1.6543965717868723,0.9999941301936646,0.017492852626571683,0.017492852626571683,0.00028707258312135354,0.0,0.0,0.0,0.1628280972699658,0.06,0.5,0.0599839811555077,0.07030551326743016,False,False,2.0294804578591186
2.5e-12,1.0,3000000000.0,runaway,,,,,,,,,,,,,,0.0,,,,0.06,1.0,,,,,
2.5e-12,1.0,3000000000.0,runaway,,,,,,,,,,,,,,0.0,,,,0.06,2.0,,,,,
2.5e-12,1.0,3000000000.0,gate,3.2784967805430867,1.386779267460252,1.3748796744814598,1.1015565749415746,1.5954809380130193,17.697002773397642,0.0,1.1810054061192814,1.5896313742347161,0.9999989282824702,0.013293365662548504,0.013293365662548504,0.0002457898080106825,0.0,0.0,0.0,0.15185506545816754,0.08,0.5,0.07997383463692614,0.021512260929361954,False,False,2.0294804578591186
2.5e-12,1.0,3000000000.0,runaway,,,,,,,,,,,,,,0.0,,,,0.08,1.0,,,,,
2.5e-12,1.0,3000000000.0,runaway,,,,,,,,,,,,,,0.0,,,,0.08,2.0,,,,,
2.5e-12,1.0,3000000000.0,gate,1.8311962777797943,1.386779267460252,1.853899621035848,1.7798485324762652,2.75567191159297,25.929190907870474,1.009502205494249,1.697349499298198,2.0116400805865005,0.9291766897384003,0.033290212034237904,0.03828972142090953,0.0004985690540442486,0.005,0.004999509386671625,0.26777542624168943,0.17538509731277427,0.0,0.5,0.0,0.0,False,True,2.0294804578591186
2.5e-12,1.0,3000000000.0,gate,2.057978428641372,1.386779267460252,1.753963049302455,1.715593772496553,1.9255088041745223,5.895587115528005,1.0,1.610792515138512,1.8841330020120735,0.9928970263810901,0.027754157125385887,0.032753479408948634,0.00042068393387195436,0.005,0.004999322283562743,0.2666212806849499,0.17205107121270038,0.02,0.5,0.019997289134250973,0.035605731213525456,False,True,2.0294804578591186
2.5e-12,1.0,3000000000.0,gate,2.023926063376468,1.386779267460252,1.7902572997286839,1.73697066142214,1.9674366547174809,6.341549115621627,1.0,1.6306261357704157,1.940627844947924,0.9755871799329491,0.02873514734026779,0.03373451768962485,0.00043554160268173135,0.005,0.004999370349357063,0.2500744090902064,0.17239794797596592,0.02,1.0,0.019997481397428248,0.12358409218156265,False,True,2.0294804578591186
2.5e-12,1.0,3000000000.0,runaway,,,,,,,,,,,,,,0.005,,,,0.02,2.0,,,,,
2.5e-12,1.0,3000000000.0,gate,2.3426713460576654,1.386779267460252,1.6392543956926804,1.4655521452857396,1.7163080418554633,7.535442486926368,0.10491794021576262,1.5099490487776244,1.7522170617155215,0.9999903373393378,0.022686458786242297,0.027685543972136906,0.00035001718845853555,0.005,0.0049990851858946125,0.26581947851758975,0.1673478312853385,0.04,0.5,0.03999268148715691,0.060277014943671596,False,True,2.0294804578591186
2.5e-12,1.0,3000000000.0,runaway,,,,,,,,,,,,,,0.005,,,,0.04,1.0,,,,,
2.5e-12,1.0,3000000000.0,runaway,,,,,,,,,,,,,,0.005,,,,0.04,2.0,,,,,
2.5e-12,1.0,3000000000.0,gate,2.7097345734839573,1.386779267460252,1.523991079607776,1.314406548117948,1.6605497406647627,11.188640815271727,0.045816539213454154,1.3702137248857666,1.6660182099140701,0.9999940497787394,0.018071252247981017,0.023070034022366123,0.000289001435191719,0.005,0.004998781774385108,0.2689226296911726,0.1608407208626804,0.06,0.5,0.059985381292621265,0.07102740124194866,False,True,2.0294804578591186
2.5e-12,1.0,3000000000.0,runaway,,,,,,,,,,,,,,0.005,,,,0.06,1.0,,,,,
2.5e-12,1.0,3000000000.0,runaway,,,,,,,,,,,,,,0.005,,,,0.06,2.0,,,,,
2.5e-12,1.0,3000000000.0,gate,3.1990781738213108,1.386779267460252,1.5183820112200535,1.2867878929746408,2.9559431949459403,54.15264307946955,1.0,1.2599595059387172,1.6025493979418333,0.9997782791350724,0.013860787770565918,0.018859297925062014,6.130891784191803e-05,0.005,0.004998510154496094,0.24273674930531394,0.1495088577236007,0.08,0.5,0.07997616247193749,0.021749617112960504,False,False,2.0294804578591186
2.5e-12,1.0,3000000000.0,runaway,,,,,,,,,,,,,,0.005,,,,0.08,1.0,,,,,
2.5e-12,1.0,3000000000.0,runaway,,,,,,,,,,,,,,0.005,,,,0.08,2.0,,,,,
2.5e-12,1.0,3000000000.0,gate,1.8067531004480692,1.386779267460252,1.8853592997228459,1.791190413657165,2.8211453475984105,26.910889749620555,1.0433859775566372,1.708507778303775,2.4146407139834074,0.9049110273431592,0.03401180716121586,0.04401092685792684,0.0004965301369365816,0.01,0.009999119696710978,0.3776493053834011,0.17450526175942305,0.0,0.5,0.0,0.0,False,True,2.0294804578591186
2.5e-12,1.0,3000000000.0,gate,2.028378149579746,1.386779267460252,1.7808519201043629,1.7384910848664175,1.951996858016093,5.9058957413503625,1.0497785500804964,1.6219907693394235,2.0942815811376305,0.9016488122259396,0.028424412659024952,0.03842318322473133,0.00042133596296448653,0.01,0.009998770565706383,0.37455993394629084,0.17410258390049674,0.02,0.5,0.01999754113141277,0.03615758099865707,False,True,2.0294804578591186
2.5e-12,1.0,3000000000.0,gate,1.9951750765332095,1.386779267460252,1.8208685330620582,1.7532312029287158,2.0050812790608603,6.813456032641438,1.0,1.6421602600993321,2.1043144794996604,0.8802000139039418,0.0294166834159787,0.03941553958168849,0.0004375896085680507,0.01,0.00999885616570979,0.3495397872736586,0.17149594184321082,0.02,1.0,0.019997712331419584,0.12592450310584746,False,True,2.0294804578591186
2.5e-12,1.0,3000000000.0,gate,2.1857738023507647,1.386779267460252,443.10046388255074,1.6381223235617297,9530.260755192136,1059.3314964473345,0.017549918697518974,1.2683051013880768,7.661714983596539,0.9149003572242284,0.02821037520187652,0.03916243944841328,0.04207431299030366,0.01,0.010952064246536759,0.26296270741991906,0.10457128039777464,0.02,2.0,0.021904128493073518,0.26014314983625214,False,True,2.0294804578591186
2.5e-12,1.0,3000000000.0,gate,2.3055917023226895,1.386779267460252,1.664929984505327,1.491404246588167,1.7249722320151628,6.910688255409328,0.10402589410704899,1.522925639744606,1.8799912233784961,0.9997328392155266,0.02331054935718554,0.03330887957978826,0.000353212276918004,0.01,0.009998330222602714,0.3708620308503312,0.16633012633997205,0.04,0.5,0.03999332089041085,0.060982119610070745,False,True,2.0294804578591186
2.5e-12,1.0,3000000000.0,runaway,,,,,,,,,,,,,,0.01,,,,0.04,1.0,,,,,
2.5e-12,1.0,3000000000.0,runaway,,,,,,,,,,,,,,0.01,,,,0.04,2.0,,,,,
2.5e-12,1.0,3000000000.0,gate,2.661461975542045,1.386779267460252,1.5521296197043697,1.3568378343392906,1.6700768375512884,9.941497522612153,0.15186339319488584,1.3905299622028018,1.7273302246739632,0.9999939573896561,0.018651860648928327,0.028649637876186674,0.00028722297371282826,0.01,0.009997777227258347,0.3743518909941088,0.15898527808657592,0.06,0.5,0.05998666336355011,0.07176090301889056,False,True,2.0294804578591186
2.5e-12,1.0,3000000000.0,runaway,,,,,,,,,,,,,,0.01,,,,0.06,1.0,,,,,
2.5e-12,1.0,3000000000.0,runaway,,,,,,,,,,,,,,0.01,,,,0.06,2.0,,,,,
2.5e-12,1.0,3000000000.0,gate,3.1235635514784854,1.386779267460252,1.6524451624650014,1.3773946547462343,3.721472443131012,69.87936111807223,1.0,1.2901960131530195,1.6250736780784114,0.9993529905614544,0.01443210572336084,0.024429373089597906,0.00020842547538861472,0.01,0.009997267366237066,0.3364224580165747,0.147657173528893,0.08,0.5,0.07997813892989651,0.02199204278187948,False,False,2.0294804578591186
2.5e-12,1.0,3000000000.0,runaway,,,,,,,,,,,,,,0.01,,,,0.08,1.0,,,,,
2.5e-12,1.0,3000000000.0,runaway,,,,,,,,,,,,,,0.01,,,,0.08,2.0,,,,,
