m,zeta,closed_vol_frac,M_msun,Etor_over_W,beta_min_tor_only,Bt_over_Bp,Etor_over_Epol,B_pole_G,beta_ambient,Btot_over_Bc,verdict,rho_c,k_frac
0.000000e+00,5.000000e-01,3.690202e-01,1.309281e+00,1.168743e-03,1.818725e+00,2.141008e-01,1.643017e-01,5.956596e+11,3.205532e-03,2.243505e-01,TWISTED TORUS,5.000000e+08,0.05
0.000000e+00,1.000000e+00,3.690202e-01,1.309281e+00,1.168743e-03,4.382551e+00,2.532062e-01,1.643017e-01,5.956596e+11,3.205532e-03,2.243505e-01,TWISTED TORUS,5.000000e+08,0.05
0.000000e+00,1.500000e+00,3.690202e-01,1.309281e+00,1.168743e-03,8.059233e+00,2.900815e-01,1.643017e-01,5.956596e+11,3.205532e-03,2.243505e-01,TWISTED TORUS,5.000000e+08,0.05
0.000000e+00,2.000000e+00,3.690202e-01,1.309281e+00,1.168743e-03,7.953856e+00,3.237522e-01,1.643017e-01,5.956596e+11,3.205532e-03,2.243505e-01,TWISTED TORUS,5.000000e+08,0.05
0.000000e+00,3.000000e+00,3.690202e-01,1.309281e+00,1.168743e-03,6.535907e+00,3.829246e-01,1.643017e-01,5.956596e+11,3.205532e-03,2.243505e-01,TWISTED TORUS,5.000000e+08,0.05
-5.000000e-01,5.000000e-01,3.861594e-01,1.309281e+00,1.168743e-03,1.991639e+00,1.624811e-01,2.240903e-01,5.626962e+11,3.592100e-03,2.906519e-01,TWISTED TORUS,5.000000e+08,0.05
-5.000000e-01,1.000000e+00,3.861594e-01,1.309281e+00,1.168743e-03,4.811543e+00,1.903896e-01,2.240903e-01,5.626962e+11,3.592100e-03,2.906519e-01,TWISTED TORUS,5.000000e+08,0.05
-5.000000e-01,1.500000e+00,3.861594e-01,1.309281e+00,1.168743e-03,9.129270e+00,2.173382e-01,2.240903e-01,5.626962e+11,3.592100e-03,2.906519e-01,TWISTED TORUS,5.000000e+08,0.05
-5.000000e-01,2.000000e+00,3.861594e-01,1.309281e+00,1.168743e-03,9.177261e+00,2.418655e-01,2.240903e-01,5.626962e+11,3.592100e-03,2.906519e-01,TWISTED TORUS,5.000000e+08,0.05
-5.000000e-01,3.000000e+00,3.861594e-01,1.309281e+00,1.168743e-03,7.635187e+00,2.854025e-01,2.240903e-01,5.626962e+11,3.592100e-03,2.906519e-01,TWISTED TORUS,5.000000e+08,0.05
-1.000000e+00,5.000000e-01,4.049455e-01,1.309281e+00,1.168743e-03,2.170423e+00,6.497414e-02,3.668074e-01,5.083562e+11,4.401090e-03,7.146321e-01,TWISTED TORUS,5.000000e+08,0.05
-1.000000e+00,1.000000e+00,4.049455e-01,1.309281e+00,1.168743e-03,5.259890e+00,7.538931e-02,3.668074e-01,5.083562e+11,4.401090e-03,7.146321e-01,TWISTED TORUS,5.000000e+08,0.05
-1.000000e+00,1.500000e+00,4.049455e-01,1.309281e+00,1.168743e-03,1.027709e+01,8.560778e-02,3.668074e-01,5.083562e+11,4.401090e-03,7.146321e-01,TWISTED TORUS,5.000000e+08,0.05
-1.000000e+00,2.000000e+00,4.049455e-01,1.309281e+00,1.168743e-03,1.053427e+01,9.498905e-02,3.668074e-01,5.083562e+11,4.401090e-03,7.146321e-01,TWISTED TORUS,5.000000e+08,0.05
-1.000000e+00,3.000000e+00,4.049455e-01,1.309281e+00,1.168743e-03,8.918714e+00,1.114704e-01,3.668074e-01,5.083562e+11,4.401090e-03,7.146321e-01,TWISTED TORUS,5.000000e+08,0.05
-1.500000e+00,5.000000e-01,4.257690e-01,1.309281e+00,1.168743e-03,2.378864e+00,2.909142e-02,1.775151e+00,2.820205e+11,1.429997e-02,1.563368e+00,TWISTED TORUS,5.000000e+08,0.05
-1.500000e+00,1.000000e+00,4.257690e-01,1.309281e+00,1.168743e-03,5.837028e+00,3.332194e-02,1.775151e+00,2.820205e+11,1.429997e-02,1.563368e+00,TWISTED TORUS,5.000000e+08,0.05
-1.500000e+00,1.500000e+00,4.257690e-01,1.309281e+00,1.168743e-03,1.174814e+01,3.751590e-02,1.775151e+00,2.820205e+11,1.429997e-02,1.563368e+00,TWISTED TORUS,5.000000e+08,0.05
-1.500000e+00,2.000000e+00,4.257690e-01,1.309281e+00,1.168743e-03,1.233964e+01,4.131297e-02,1.775151e+00,2.820205e+11,1.429997e-02,1.563368e+00,TWISTED TORUS,5.000000e+08,0.05
-1.500000e+00,3.000000e+00,4.257690e-01,1.309281e+00,1.168743e-03,1.079206e+01,4.782706e-02,1.775151e+00,2.820205e+11,1.429997e-02,1.563368e+00,TWISTED TORUS,5.000000e+08,0.05
-2.000000e+00,5.000000e-01,4.458399e-01,1.309281e+00,1.168743e-03,2.615898e+00,2.894511e-02,1.955086e+01,1.070824e+11,9.918833e-02,1.563368e+00,TWISTED TORUS,5.000000e+08,0.05
-2.000000e+00,1.000000e+00,4.458399e-01,1.309281e+00,1.168743e-03,6.577190e+00,3.299043e-02,1.955086e+01,1.070824e+11,9.918833e-02,1.563368e+00,TWISTED TORUS,5.000000e+08,0.05
-2.000000e+00,1.500000e+00,4.458399e-01,1.309281e+00,1.168743e-03,1.275834e+01,3.706890e-02,1.955086e+01,1.070824e+11,9.918833e-02,1.563368e+00,TWISTED TORUS,5.000000e+08,0.05
-2.000000e+00,2.000000e+00,4.458399e-01,1.309281e+00,1.168743e-03,1.344212e+01,4.073903e-02,1.955086e+01,1.070824e+11,9.918833e-02,1.563368e+00,TWISTED TORUS,5.000000e+08,0.05
-2.000000e+00,3.000000e+00,4.458399e-01,1.309281e+00,1.168743e-03,1.188470e+01,4.696295e-02,1.955086e+01,1.070824e+11,9.918833e-02,1.563368e+00,TWISTED TORUS,5.000000e+08,0.05
0.000000e+00,5.000000e-01,3.694210e-01,1.311912e+00,2.965497e-03,7.554905e-01,nan,nan,nan,nan,7.550641e-02,toroidal alone fails,5.000000e+08,0.08
0.000000e+00,1.000000e+00,3.694210e-01,1.311912e+00,2.965497e-03,1.693667e+00,3.753451e-01,3.682033e-01,6.289802e+11,2.874898e-03,2.377848e-01,TWISTED TORUS,5.000000e+08,0.08
0.000000e+00,1.500000e+00,3.694210e-01,1.311912e+00,2.965497e-03,3.115917e+00,4.301468e-01,3.682033e-01,6.289802e+11,2.874898e-03,2.377848e-01,TWISTED TORUS,5.000000e+08,0.08
0.000000e+00,2.000000e+00,3.694210e-01,1.311912e+00,2.965497e-03,3.083819e+00,4.798646e-01,3.682033e-01,6.289802e+11,2.874898e-03,2.377848e-01,TWISTED TORUS,5.000000e+08,0.08
0.000000e+00,3.000000e+00,3.694210e-01,1.311912e+00,2.965497e-03,2.536365e+00,5.673125e-01,3.682033e-01,6.289802e+11,2.874898e-03,2.377848e-01,TWISTED TORUS,5.000000e+08,0.08
-5.000000e-01,5.000000e-01,3.880624e-01,1.311912e+00,2.965497e-03,8.279927e-01,nan,nan,nan,nan,7.425436e-02,toroidal alone fails,5.000000e+08,0.08
-5.000000e-01,1.000000e+00,3.880624e-01,1.311912e+00,2.965497e-03,1.862070e+00,2.829507e-01,5.060270e-01,5.920037e+11,3.245245e-03,3.073139e-01,TWISTED TORUS,5.000000e+08,0.08
-5.000000e-01,1.500000e+00,3.880624e-01,1.311912e+00,2.965497e-03,3.530231e+00,3.229094e-01,5.060270e-01,5.920037e+11,3.245245e-03,3.073139e-01,TWISTED TORUS,5.000000e+08,0.08
-5.000000e-01,2.000000e+00,3.880624e-01,1.311912e+00,2.965497e-03,3.560204e+00,3.594317e-01,5.060270e-01,5.920037e+11,3.245245e-03,3.073139e-01,TWISTED TORUS,5.000000e+08,0.08
-5.000000e-01,3.000000e+00,3.880624e-01,1.311912e+00,2.965497e-03,2.968104e+00,4.239353e-01,5.060270e-01,5.920037e+11,3.245245e-03,3.073139e-01,TWISTED TORUS,5.000000e+08,0.08
-1.000000e+00,5.000000e-01,4.066240e-01,1.311912e+00,2.965497e-03,9.030094e-01,nan,nan,nan,nan,7.301764e-02,toroidal alone fails,5.000000e+08,0.08
-1.000000e+00,1.000000e+00,4.066240e-01,1.311912e+00,2.965497e-03,2.038190e+00,1.125349e-01,8.371898e-01,5.319958e+11,4.018648e-03,7.524412e-01,TWISTED TORUS,5.000000e+08,0.08
-1.000000e+00,1.500000e+00,4.066240e-01,1.311912e+00,2.965497e-03,3.973955e+00,1.277703e-01,8.371898e-01,5.319958e+11,4.018648e-03,7.524412e-01,TWISTED TORUS,5.000000e+08,0.08
-1.000000e+00,2.000000e+00,4.066240e-01,1.311912e+00,2.965497e-03,4.088348e+00,1.416720e-01,8.371898e-01,5.319958e+11,4.018648e-03,7.524412e-01,TWISTED TORUS,5.000000e+08,0.08
-1.000000e+00,3.000000e+00,4.066240e-01,1.311912e+00,2.965497e-03,3.466717e+00,1.663055e-01,8.371898e-01,5.319958e+11,4.018648e-03,7.524412e-01,TWISTED TORUS,5.000000e+08,0.08
-1.500000e+00,5.000000e-01,4.275658e-01,1.311912e+00,2.965497e-03,9.903525e-01,nan,nan,nan,nan,7.153020e-02,toroidal alone fails,5.000000e+08,0.08
-1.500000e+00,1.000000e+00,4.275658e-01,1.311912e+00,2.965497e-03,2.264240e+00,5.235886e-02,4.489212e+00,2.802968e+11,1.447638e-02,1.563378e+00,TWISTED TORUS,5.000000e+08,0.08
-1.500000e+00,1.500000e+00,4.275658e-01,1.311912e+00,2.965497e-03,4.543701e+00,5.893616e-02,4.489212e+00,2.802968e+11,1.447638e-02,1.563378e+00,TWISTED TORUS,5.000000e+08,0.08
-1.500000e+00,2.000000e+00,4.275658e-01,1.311912e+00,2.965497e-03,4.791358e+00,6.488081e-02,4.489212e+00,2.802968e+11,1.447638e-02,1.563378e+00,TWISTED TORUS,5.000000e+08,0.08
-1.500000e+00,3.000000e+00,4.275658e-01,1.311912e+00,2.965497e-03,4.197627e+00,7.511594e-02,4.489212e+00,2.802968e+11,1.447638e-02,1.563378e+00,TWISTED TORUS,5.000000e+08,0.08
-2.000000e+00,5.000000e-01,4.472771e-01,1.311912e+00,2.965497e-03,1.086057e+00,4.555897e-02,4.939462e+01,1.064131e+11,1.004399e-01,1.563378e+00,TWISTED TORUS,5.000000e+08,0.08
-2.000000e+00,1.000000e+00,4.472771e-01,1.311912e+00,2.965497e-03,2.539857e+00,5.189074e-02,4.939462e+01,1.064131e+11,1.004399e-01,1.563378e+00,TWISTED TORUS,5.000000e+08,0.08
-2.000000e+00,1.500000e+00,4.472771e-01,1.311912e+00,2.965497e-03,4.930155e+00,5.829514e-02,4.939462e+01,1.064131e+11,1.004399e-01,1.563378e+00,TWISTED TORUS,5.000000e+08,0.08
-2.000000e+00,2.000000e+00,4.472771e-01,1.311912e+00,2.965497e-03,5.209149e+00,6.408718e-02,4.939462e+01,1.064131e+11,1.004399e-01,1.563378e+00,TWISTED TORUS,5.000000e+08,0.08
-2.000000e+00,3.000000e+00,4.472771e-01,1.311912e+00,2.965497e-03,4.609816e+00,7.392386e-02,4.939462e+01,1.064131e+11,1.004399e-01,1.563378e+00,TWISTED TORUS,5.000000e+08,0.08
0.000000e+00,5.000000e-01,3.705823e-01,1.315745e+00,5.536245e-03,3.917788e-01,nan,nan,nan,nan,1.016974e-01,toroidal alone fails,5.000000e+08,0.11
0.000000e+00,1.000000e+00,3.705823e-01,1.315745e+00,5.536245e-03,8.834182e-01,nan,nan,nan,nan,1.201665e-01,toroidal alone fails,5.000000e+08,0.11
0.000000e+00,1.500000e+00,3.705823e-01,1.315745e+00,5.536245e-03,1.627608e+00,5.792995e-01,6.809673e-01,6.250229e+11,2.911418e-03,2.375558e-01,TWISTED TORUS,5.000000e+08,0.11
0.000000e+00,2.000000e+00,3.705823e-01,1.315745e+00,5.536245e-03,1.607786e+00,6.463653e-01,6.809673e-01,6.250229e+11,2.911418e-03,2.375558e-01,TWISTED TORUS,5.000000e+08,0.11
0.000000e+00,3.000000e+00,3.705823e-01,1.315745e+00,5.536245e-03,1.321181e+00,7.643652e-01,6.809673e-01,6.250229e+11,2.911418e-03,2.375558e-01,TWISTED TORUS,5.000000e+08,0.11
-5.000000e-01,5.000000e-01,3.882303e-01,1.315745e+00,5.536245e-03,4.297061e-01,nan,nan,nan,nan,9.998821e-02,toroidal alone fails,5.000000e+08,0.11
-5.000000e-01,1.000000e+00,3.882303e-01,1.315745e+00,5.536245e-03,9.723131e-01,nan,nan,nan,nan,1.170653e-01,toroidal alone fails,5.000000e+08,0.11
-5.000000e-01,1.500000e+00,3.882303e-01,1.315745e+00,5.536245e-03,1.846980e+00,4.344138e-01,9.370398e-01,5.880247e+11,3.289313e-03,3.074426e-01,TWISTED TORUS,5.000000e+08,0.11
-5.000000e-01,2.000000e+00,3.882303e-01,1.315745e+00,5.536245e-03,1.858377e+00,4.834007e-01,9.370398e-01,5.880247e+11,3.289313e-03,3.074426e-01,TWISTED TORUS,5.000000e+08,0.11
-5.000000e-01,3.000000e+00,3.882303e-01,1.315745e+00,5.536245e-03,1.546995e+00,5.701433e-01,9.370398e-01,5.880247e+11,3.289313e-03,3.074426e-01,TWISTED TORUS,5.000000e+08,0.11
-1.000000e+00,5.000000e-01,4.078711e-01,1.315745e+00,5.536245e-03,4.689688e-01,nan,nan,nan,nan,9.831766e-02,toroidal alone fails,5.000000e+08,0.11
-1.000000e+00,1.000000e+00,4.078711e-01,1.315745e+00,5.536245e-03,1.065341e+00,1.511515e-01,1.550813e+00,5.283139e+11,4.074856e-03,7.538760e-01,TWISTED TORUS,5.000000e+08,0.11
-1.000000e+00,1.500000e+00,4.078711e-01,1.315745e+00,5.536245e-03,2.081109e+00,1.715663e-01,1.550813e+00,5.283139e+11,4.074856e-03,7.538760e-01,TWISTED TORUS,5.000000e+08,0.11
-1.000000e+00,2.000000e+00,4.078711e-01,1.315745e+00,5.536245e-03,2.136457e+00,1.902968e-01,1.550813e+00,5.283139e+11,4.074856e-03,7.538760e-01,TWISTED TORUS,5.000000e+08,0.11
-1.000000e+00,3.000000e+00,4.078711e-01,1.315745e+00,5.536245e-03,1.809480e+00,2.231835e-01,1.550813e+00,5.283139e+11,4.074856e-03,7.538760e-01,TWISTED TORUS,5.000000e+08,0.11
-1.500000e+00,5.000000e-01,4.276363e-01,1.315745e+00,5.536245e-03,5.147855e-01,nan,nan,nan,nan,9.635032e-02,toroidal alone fails,5.000000e+08,0.11
-1.500000e+00,1.000000e+00,4.276363e-01,1.315745e+00,5.536245e-03,1.185005e+00,7.048277e-02,8.341342e+00,2.777834e+11,1.473954e-02,1.563391e+00,TWISTED TORUS,5.000000e+08,0.11
-1.500000e+00,1.500000e+00,4.276363e-01,1.315745e+00,5.536245e-03,2.384026e+00,7.929186e-02,8.341342e+00,2.777834e+11,1.473954e-02,1.563391e+00,TWISTED TORUS,5.000000e+08,0.11
-1.500000e+00,2.000000e+00,4.276363e-01,1.315745e+00,5.536245e-03,2.507665e+00,8.725778e-02,8.341342e+00,2.777834e+11,1.473954e-02,1.563391e+00,TWISTED TORUS,5.000000e+08,0.11
-1.500000e+00,3.000000e+00,4.276363e-01,1.315745e+00,5.536245e-03,2.196209e+00,1.009287e-01,8.341342e+00,2.777834e+11,1.473954e-02,1.563391e+00,TWISTED TORUS,5.000000e+08,0.11
-2.000000e+00,5.000000e-01,4.485420e-01,1.315745e+00,5.536245e-03,5.644192e-01,nan,nan,nan,nan,9.598242e-02,toroidal alone fails,5.000000e+08,0.11
-2.000000e+00,1.000000e+00,4.485420e-01,1.315745e+00,5.536245e-03,1.328393e+00,6.988905e-02,9.165229e+01,1.054187e+11,1.023436e-01,1.563391e+00,TWISTED TORUS,5.000000e+08,0.11
-2.000000e+00,1.500000e+00,4.485420e-01,1.315745e+00,5.536245e-03,2.582192e+00,7.855820e-02,9.165229e+01,1.054187e+11,1.023436e-01,1.563391e+00,TWISTED TORUS,5.000000e+08,0.11
-2.000000e+00,2.000000e+00,4.485420e-01,1.315745e+00,5.536245e-03,2.718910e+00,8.636140e-02,9.165229e+01,1.054187e+11,1.023436e-01,1.563391e+00,TWISTED TORUS,5.000000e+08,0.11
-2.000000e+00,3.000000e+00,4.485420e-01,1.315745e+00,5.536245e-03,2.397931e+00,9.964212e-02,9.165229e+01,1.054187e+11,1.023436e-01,1.563391e+00,TWISTED TORUS,5.000000e+08,0.11
0.000000e+00,5.000000e-01,3.624940e-01,1.322699e+00,1.007020e-02,2.274637e-01,nan,nan,nan,nan,1.347178e-01,toroidal alone fails,5.000000e+08,0.15
0.000000e+00,1.000000e+00,3.624940e-01,1.322699e+00,1.007020e-02,5.057392e-01,nan,nan,nan,nan,1.591363e-01,toroidal alone fails,5.000000e+08,0.15
0.000000e+00,1.500000e+00,3.624940e-01,1.322699e+00,1.007020e-02,8.583453e-01,nan,nan,nan,nan,1.821932e-01,toroidal alone fails,5.000000e+08,0.15
0.000000e+00,2.000000e+00,3.624940e-01,1.322699e+00,1.007020e-02,8.360896e-01,nan,nan,nan,nan,2.032582e-01,toroidal alone fails,5.000000e+08,0.15
0.000000e+00,3.000000e+00,3.624940e-01,1.322699e+00,1.007020e-02,6.827765e-01,nan,nan,nan,nan,2.402617e-01,toroidal alone fails,5.000000e+08,0.15
-5.000000e-01,5.000000e-01,3.801652e-01,1.322699e+00,1.007020e-02,2.500881e-01,nan,nan,nan,nan,1.323999e-01,toroidal alone fails,5.000000e+08,0.15
-5.000000e-01,1.000000e+00,3.801652e-01,1.322699e+00,1.007020e-02,5.585953e-01,nan,nan,nan,nan,1.549834e-01,toroidal alone fails,5.000000e+08,0.15
-5.000000e-01,1.500000e+00,3.801652e-01,1.322699e+00,1.007020e-02,9.782121e-01,nan,nan,nan,nan,1.767770e-01,toroidal alone fails,5.000000e+08,0.15
-5.000000e-01,2.000000e+00,3.801652e-01,1.322699e+00,1.007020e-02,9.691856e-01,nan,nan,nan,nan,1.966582e-01,toroidal alone fails,5.000000e+08,0.15
-5.000000e-01,3.000000e+00,3.801652e-01,1.322699e+00,1.007020e-02,8.012246e-01,nan,nan,nan,nan,2.319108e-01,toroidal alone fails,5.000000e+08,0.15
-1.000000e+00,5.000000e-01,3.991961e-01,1.322699e+00,1.007020e-02,2.735173e-01,nan,nan,nan,nan,1.301437e-01,toroidal alone fails,5.000000e+08,0.15
-1.000000e+00,1.000000e+00,3.991961e-01,1.322699e+00,1.007020e-02,6.141091e-01,nan,nan,nan,nan,1.508059e-01,toroidal alone fails,5.000000e+08,0.15
-1.000000e+00,1.500000e+00,3.991961e-01,1.322699e+00,1.007020e-02,1.107225e+00,2.294057e-01,2.861359e+00,5.146368e+11,4.294323e-03,7.459216e-01,TWISTED TORUS,5.000000e+08,0.15
-1.000000e+00,2.000000e+00,3.991961e-01,1.322699e+00,1.007020e-02,1.117579e+00,2.543853e-01,2.861359e+00,5.146368e+11,4.294323e-03,7.459216e-01,TWISTED TORUS,5.000000e+08,0.15
-1.000000e+00,3.000000e+00,3.991961e-01,1.322699e+00,1.007020e-02,9.396902e-01,nan,nan,nan,nan,2.224647e-01,toroidal alone fails,5.000000e+08,0.15
-1.500000e+00,5.000000e-01,4.204627e-01,1.322699e+00,1.007020e-02,3.010183e-01,nan,nan,nan,nan,1.274896e-01,toroidal alone fails,5.000000e+08,0.15
-1.500000e+00,1.000000e+00,4.204627e-01,1.322699e+00,1.007020e-02,6.859676e-01,nan,nan,nan,nan,1.457479e-01,toroidal alone fails,5.000000e+08,0.15
-1.500000e+00,1.500000e+00,4.204627e-01,1.322699e+00,1.007020e-02,1.274669e+00,1.048073e-01,1.504795e+01,2.734037e+11,1.521555e-02,1.563415e+00,TWISTED TORUS,5.000000e+08,0.15
-1.500000e+00,2.000000e+00,4.204627e-01,1.322699e+00,1.007020e-02,1.317233e+00,1.152685e-01,1.504795e+01,2.734037e+11,1.521555e-02,1.563415e+00,TWISTED TORUS,5.000000e+08,0.15
-1.500000e+00,3.000000e+00,4.204627e-01,1.322699e+00,1.007020e-02,1.145769e+00,1.331931e-01,1.504795e+01,2.734037e+11,1.521555e-02,1.563415e+00,TWISTED TORUS,5.000000e+08,0.15
-2.000000e+00,5.000000e-01,4.401161e-01,1.322699e+00,1.007020e-02,3.290001e-01,nan,nan,nan,nan,1.270459e-01,toroidal alone fails,5.000000e+08,0.15
-2.000000e+00,1.000000e+00,4.401161e-01,1.322699e+00,1.007020e-02,7.639006e-01,nan,nan,nan,nan,1.447161e-01,toroidal alone fails,5.000000e+08,0.15
-2.000000e+00,1.500000e+00,4.401161e-01,1.322699e+00,1.007020e-02,1.373687e+00,1.040857e-01,1.649391e+02,1.036895e+11,1.057857e-01,1.563415e+00,TWISTED TORUS,5.000000e+08,0.15
-2.000000e+00,2.000000e+00,4.401161e-01,1.322699e+00,1.007020e-02,1.420622e+00,1.144627e-01,1.649391e+02,1.036895e+11,1.057857e-01,1.563415e+00,TWISTED TORUS,5.000000e+08,0.15
-2.000000e+00,3.000000e+00,4.401161e-01,1.322699e+00,1.007020e-02,1.241525e+00,1.321528e-01,1.649391e+02,1.036895e+11,1.057857e-01,1.563415e+00,TWISTED TORUS,5.000000e+08,0.15
0.000000e+00,5.000000e-01,3.671674e-01,1.334295e+00,1.729491e-02,1.333374e-01,nan,nan,nan,nan,1.694114e-01,toroidal alone fails,5.000000e+08,0.20
0.000000e+00,1.000000e+00,3.671674e-01,1.334295e+00,1.729491e-02,2.792719e-01,nan,nan,nan,nan,1.998668e-01,toroidal alone fails,5.000000e+08,0.20
0.000000e+00,1.500000e+00,3.671674e-01,1.334295e+00,1.729491e-02,4.649701e-01,nan,nan,nan,nan,2.288182e-01,toroidal alone fails,5.000000e+08,0.20
0.000000e+00,2.000000e+00,3.671674e-01,1.334295e+00,1.729491e-02,4.512610e-01,nan,nan,nan,nan,2.550456e-01,toroidal alone fails,5.000000e+08,0.20
0.000000e+00,3.000000e+00,3.671674e-01,1.334295e+00,1.729491e-02,3.679165e-01,nan,nan,nan,nan,3.015234e-01,toroidal alone fails,5.000000e+08,0.20
-5.000000e-01,5.000000e-01,3.853943e-01,1.334295e+00,1.729491e-02,1.469888e-01,nan,nan,nan,nan,1.665273e-01,toroidal alone fails,5.000000e+08,0.20
-5.000000e-01,1.000000e+00,3.853943e-01,1.334295e+00,1.729491e-02,3.096890e-01,nan,nan,nan,nan,1.946263e-01,toroidal alone fails,5.000000e+08,0.20
-5.000000e-01,1.500000e+00,3.853943e-01,1.334295e+00,1.729491e-02,5.316043e-01,nan,nan,nan,nan,2.218516e-01,toroidal alone fails,5.000000e+08,0.20
-5.000000e-01,2.000000e+00,3.853943e-01,1.334295e+00,1.729491e-02,5.246913e-01,nan,nan,nan,nan,2.468252e-01,toroidal alone fails,5.000000e+08,0.20
-5.000000e-01,3.000000e+00,3.853943e-01,1.334295e+00,1.729491e-02,4.329397e-01,nan,nan,nan,nan,2.907524e-01,toroidal alone fails,5.000000e+08,0.20
-1.000000e+00,5.000000e-01,4.039443e-01,1.334295e+00,1.729491e-02,1.611680e-01,nan,nan,nan,nan,1.636676e-01,toroidal alone fails,5.000000e+08,0.20
-1.000000e+00,1.000000e+00,4.039443e-01,1.334295e+00,1.729491e-02,3.417363e-01,nan,nan,nan,nan,1.893860e-01,toroidal alone fails,5.000000e+08,0.20
-1.000000e+00,1.500000e+00,4.039443e-01,1.334295e+00,1.729491e-02,6.037980e-01,nan,nan,nan,nan,2.147526e-01,toroidal alone fails,5.000000e+08,0.20
-1.000000e+00,2.000000e+00,4.039443e-01,1.334295e+00,1.729491e-02,6.069216e-01,nan,nan,nan,nan,2.379010e-01,toroidal alone fails,5.000000e+08,0.20
-1.000000e+00,3.000000e+00,4.039443e-01,1.334295e+00,1.729491e-02,5.095209e-01,nan,nan,nan,nan,2.788598e-01,toroidal alone fails,5.000000e+08,0.20
-1.500000e+00,5.000000e-01,4.253679e-01,1.334295e+00,1.729491e-02,1.778369e-01,nan,nan,nan,nan,1.603803e-01,toroidal alone fails,5.000000e+08,0.20
-1.500000e+00,1.000000e+00,4.253679e-01,1.334295e+00,1.729491e-02,3.833390e-01,nan,nan,nan,nan,1.829970e-01,toroidal alone fails,5.000000e+08,0.20
-1.500000e+00,1.500000e+00,4.253679e-01,1.334295e+00,1.729491e-02,6.978274e-01,nan,nan,nan,nan,2.054706e-01,toroidal alone fails,5.000000e+08,0.20
-1.500000e+00,2.000000e+00,4.253679e-01,1.334295e+00,1.729491e-02,7.183250e-01,nan,nan,nan,nan,2.258271e-01,toroidal alone fails,5.000000e+08,0.20
-1.500000e+00,3.000000e+00,4.253679e-01,1.334295e+00,1.729491e-02,6.242642e-01,nan,nan,nan,nan,2.606368e-01,toroidal alone fails,5.000000e+08,0.20
-2.000000e+00,5.000000e-01,4.463413e-01,1.334295e+00,1.729491e-02,1.935442e-01,nan,nan,nan,nan,1.600259e-01,toroidal alone fails,5.000000e+08,0.20
-2.000000e+00,1.000000e+00,4.463413e-01,1.334295e+00,1.729491e-02,4.219724e-01,nan,nan,nan,nan,1.821758e-01,toroidal alone fails,5.000000e+08,0.20
-2.000000e+00,1.500000e+00,4.463413e-01,1.334295e+00,1.729491e-02,7.467032e-01,nan,nan,nan,nan,2.049133e-01,toroidal alone fails,5.000000e+08,0.20
-2.000000e+00,2.000000e+00,4.463413e-01,1.334295e+00,1.729491e-02,7.678924e-01,nan,nan,nan,nan,2.255327e-01,toroidal alone fails,5.000000e+08,0.20
-2.000000e+00,3.000000e+00,4.463413e-01,1.334295e+00,1.729491e-02,6.672134e-01,nan,nan,nan,nan,2.608257e-01,toroidal alone fails,5.000000e+08,0.20
0.000000e+00,5.000000e-01,3.713351e-01,1.366793e+00,3.573725e-02,6.732119e-02,nan,nan,nan,nan,2.196092e-01,toroidal alone fails,5.000000e+08,0.30
0.000000e+00,1.000000e+00,3.713351e-01,1.366793e+00,3.573725e-02,1.203855e-01,nan,nan,nan,nan,2.585155e-01,toroidal alone fails,5.000000e+08,0.30
0.000000e+00,1.500000e+00,3.713351e-01,1.366793e+00,3.573725e-02,1.865485e-01,nan,nan,nan,nan,2.955398e-01,toroidal alone fails,5.000000e+08,0.30
0.000000e+00,2.000000e+00,3.713351e-01,1.366793e+00,3.573725e-02,1.795974e-01,nan,nan,nan,nan,3.293571e-01,toroidal alone fails,5.000000e+08,0.30
0.000000e+00,3.000000e+00,3.713351e-01,1.366793e+00,3.573725e-02,1.458946e-01,nan,nan,nan,nan,3.888514e-01,toroidal alone fails,5.000000e+08,0.30
-5.000000e-01,5.000000e-01,3.913127e-01,1.366793e+00,3.573725e-02,7.472356e-02,nan,nan,nan,nan,2.158336e-01,toroidal alone fails,5.000000e+08,0.30
-5.000000e-01,1.000000e+00,3.913127e-01,1.366793e+00,3.573725e-02,1.348561e-01,nan,nan,nan,nan,2.515641e-01,toroidal alone fails,5.000000e+08,0.30
-5.000000e-01,1.500000e+00,3.913127e-01,1.366793e+00,3.573725e-02,2.151117e-01,nan,nan,nan,nan,2.864154e-01,toroidal alone fails,5.000000e+08,0.30
-5.000000e-01,2.000000e+00,3.913127e-01,1.366793e+00,3.573725e-02,2.103104e-01,nan,nan,nan,nan,3.183341e-01,toroidal alone fails,5.000000e+08,0.30
-5.000000e-01,3.000000e+00,3.913127e-01,1.366793e+00,3.573725e-02,1.729934e-01,nan,nan,nan,nan,3.748631e-01,toroidal alone fails,5.000000e+08,0.30
-1.000000e+00,5.000000e-01,4.110800e-01,1.366793e+00,3.573725e-02,8.246039e-02,nan,nan,nan,nan,2.120756e-01,toroidal alone fails,5.000000e+08,0.30
-1.000000e+00,1.000000e+00,4.110800e-01,1.366793e+00,3.573725e-02,1.502557e-01,nan,nan,nan,nan,2.445597e-01,toroidal alone fails,5.000000e+08,0.30
-1.000000e+00,1.500000e+00,4.110800e-01,1.366793e+00,3.573725e-02,2.463228e-01,nan,nan,nan,nan,2.768971e-01,toroidal alone fails,5.000000e+08,0.30
-1.000000e+00,2.000000e+00,4.110800e-01,1.366793e+00,3.573725e-02,2.451718e-01,nan,nan,nan,nan,3.064634e-01,toroidal alone fails,5.000000e+08,0.30
-1.000000e+00,3.000000e+00,4.110800e-01,1.366793e+00,3.573725e-02,2.052185e-01,nan,nan,nan,nan,3.585019e-01,toroidal alone fails,5.000000e+08,0.30
-1.500000e+00,5.000000e-01,4.314371e-01,1.366793e+00,3.573725e-02,9.064136e-02,nan,nan,nan,nan,2.080273e-01,toroidal alone fails,5.000000e+08,0.30
-1.500000e+00,1.000000e+00,4.314371e-01,1.366793e+00,3.573725e-02,1.704028e-01,nan,nan,nan,nan,2.364673e-01,toroidal alone fails,5.000000e+08,0.30
-1.500000e+00,1.500000e+00,4.314371e-01,1.366793e+00,3.573725e-02,2.877660e-01,nan,nan,nan,nan,2.649700e-01,toroidal alone fails,5.000000e+08,0.30
-1.500000e+00,2.000000e+00,4.314371e-01,1.366793e+00,3.573725e-02,2.930616e-01,nan,nan,nan,nan,2.907438e-01,toroidal alone fails,5.000000e+08,0.30
-1.500000e+00,3.000000e+00,4.314371e-01,1.366793e+00,3.573725e-02,2.542023e-01,nan,nan,nan,nan,3.346405e-01,toroidal alone fails,5.000000e+08,0.30
-2.000000e+00,5.000000e-01,4.536816e-01,1.366793e+00,3.573725e-02,9.045182e-02,nan,nan,nan,nan,2.083579e-01,toroidal alone fails,5.000000e+08,0.30
-2.000000e+00,1.000000e+00,4.536816e-01,1.366793e+00,3.573725e-02,1.795474e-01,nan,nan,nan,nan,2.366948e-01,toroidal alone fails,5.000000e+08,0.30
-2.000000e+00,1.500000e+00,4.536816e-01,1.366793e+00,3.573725e-02,3.017174e-01,nan,nan,nan,nan,2.665469e-01,toroidal alone fails,5.000000e+08,0.30
-2.000000e+00,2.000000e+00,4.536816e-01,1.366793e+00,3.573725e-02,3.062269e-01,nan,nan,nan,nan,2.939161e-01,toroidal alone fails,5.000000e+08,0.30
-2.000000e+00,3.000000e+00,4.536816e-01,1.366793e+00,3.573725e-02,2.625530e-01,nan,nan,nan,nan,3.411974e-01,toroidal alone fails,5.000000e+08,0.30
0.000000e+00,5.000000e-01,3.637560e-01,1.437470e+00,6.945177e-02,3.325672e-02,nan,nan,nan,nan,2.570224e-01,toroidal alone fails,5.000000e+08,0.45
0.000000e+00,1.000000e+00,3.637560e-01,1.437470e+00,6.945177e-02,5.081917e-02,nan,nan,nan,nan,3.019048e-01,toroidal alone fails,5.000000e+08,0.45
0.000000e+00,1.500000e+00,3.637560e-01,1.437470e+00,6.945177e-02,6.719868e-02,nan,nan,nan,nan,3.447752e-01,toroidal alone fails,5.000000e+08,0.45
0.000000e+00,2.000000e+00,3.637560e-01,1.437470e+00,6.945177e-02,6.330368e-02,nan,nan,nan,nan,3.837718e-01,toroidal alone fails,5.000000e+08,0.45
0.000000e+00,3.000000e+00,3.637560e-01,1.437470e+00,6.945177e-02,5.098150e-02,nan,nan,nan,nan,4.527630e-01,toroidal alone fails,5.000000e+08,0.45
-5.000000e-01,5.000000e-01,3.864601e-01,1.437470e+00,6.945177e-02,3.734799e-02,nan,nan,nan,nan,2.522557e-01,toroidal alone fails,5.000000e+08,0.45
-5.000000e-01,1.000000e+00,3.864601e-01,1.437470e+00,6.945177e-02,5.787627e-02,nan,nan,nan,nan,2.933531e-01,toroidal alone fails,5.000000e+08,0.45
-5.000000e-01,1.500000e+00,3.864601e-01,1.437470e+00,6.945177e-02,7.871574e-02,nan,nan,nan,nan,3.334290e-01,toroidal alone fails,5.000000e+08,0.45
-5.000000e-01,2.000000e+00,3.864601e-01,1.437470e+00,6.945177e-02,7.515336e-02,nan,nan,nan,nan,3.701988e-01,toroidal alone fails,5.000000e+08,0.45
-5.000000e-01,3.000000e+00,3.864601e-01,1.437470e+00,6.945177e-02,6.123682e-02,nan,nan,nan,nan,4.352948e-01,toroidal alone fails,5.000000e+08,0.45
-1.000000e+00,5.000000e-01,4.063292e-01,1.437470e+00,6.945177e-02,4.165766e-02,nan,nan,nan,nan,2.474538e-01,toroidal alone fails,5.000000e+08,0.45
-1.000000e+00,1.000000e+00,4.063292e-01,1.437470e+00,6.945177e-02,6.550388e-02,nan,nan,nan,nan,2.844323e-01,toroidal alone fails,5.000000e+08,0.45
-1.000000e+00,1.500000e+00,4.063292e-01,1.437470e+00,6.945177e-02,9.171152e-02,nan,nan,nan,nan,3.212432e-01,toroidal alone fails,5.000000e+08,0.45
-1.000000e+00,2.000000e+00,4.063292e-01,1.437470e+00,6.945177e-02,8.905297e-02,nan,nan,nan,nan,3.549280e-01,toroidal alone fails,5.000000e+08,0.45
-1.000000e+00,3.000000e+00,4.063292e-01,1.437470e+00,6.945177e-02,7.402026e-02,nan,nan,nan,nan,4.140904e-01,toroidal alone fails,5.000000e+08,0.45
-1.500000e+00,5.000000e-01,4.297051e-01,1.437470e+00,6.945177e-02,4.681451e-02,nan,nan,nan,nan,2.431845e-01,toroidal alone fails,5.000000e+08,0.45
-1.500000e+00,1.000000e+00,4.297051e-01,1.437470e+00,6.945177e-02,7.552162e-02,nan,nan,nan,nan,2.757071e-01,toroidal alone fails,5.000000e+08,0.45
-1.500000e+00,1.500000e+00,4.297051e-01,1.437470e+00,6.945177e-02,1.086846e-01,nan,nan,nan,nan,3.083984e-01,toroidal alone fails,5.000000e+08,0.45
-1.500000e+00,2.000000e+00,4.297051e-01,1.437470e+00,6.945177e-02,1.074315e-01,nan,nan,nan,nan,3.379566e-01,toroidal alone fails,5.000000e+08,0.45
-1.500000e+00,3.000000e+00,4.297051e-01,1.437470e+00,6.945177e-02,9.223375e-02,nan,nan,nan,nan,3.882098e-01,toroidal alone fails,5.000000e+08,0.45
-2.000000e+00,5.000000e-01,4.535658e-01,1.437470e+00,6.945177e-02,4.949969e-02,nan,nan,nan,nan,2.450558e-01,toroidal alone fails,5.000000e+08,0.45
-2.000000e+00,1.000000e+00,4.535658e-01,1.437470e+00,6.945177e-02,7.688432e-02,nan,nan,nan,nan,2.789845e-01,toroidal alone fails,5.000000e+08,0.45
-2.000000e+00,1.500000e+00,4.535658e-01,1.437470e+00,6.945177e-02,1.099164e-01,nan,nan,nan,nan,3.152317e-01,toroidal alone fails,5.000000e+08,0.45
-2.000000e+00,2.000000e+00,4.535658e-01,1.437470e+00,6.945177e-02,1.079645e-01,nan,nan,nan,nan,3.488499e-01,toroidal alone fails,5.000000e+08,0.45
-2.000000e+00,3.000000e+00,4.535658e-01,1.437470e+00,6.945177e-02,9.024889e-02,nan,nan,nan,nan,4.074939e-01,toroidal alone fails,5.000000e+08,0.45
0.000000e+00,5.000000e-01,3.675445e-01,1.570551e+00,1.187808e-01,1.977235e-02,nan,nan,nan,nan,2.564226e-01,toroidal alone fails,5.000000e+08,0.65
0.000000e+00,1.000000e+00,3.675445e-01,1.570551e+00,1.187808e-01,2.036929e-02,nan,nan,nan,nan,3.004240e-01,toroidal alone fails,5.000000e+08,0.65
0.000000e+00,1.500000e+00,3.675445e-01,1.570551e+00,1.187808e-01,2.266880e-02,nan,nan,nan,nan,3.426221e-01,toroidal alone fails,5.000000e+08,0.65
0.000000e+00,2.000000e+00,3.675445e-01,1.570551e+00,1.187808e-01,2.126837e-02,nan,nan,nan,nan,3.811199e-01,toroidal alone fails,5.000000e+08,0.65
0.000000e+00,3.000000e+00,3.675445e-01,1.570551e+00,1.187808e-01,1.715834e-02,nan,nan,nan,nan,4.491375e-01,toroidal alone fails,5.000000e+08,0.65
-5.000000e-01,5.000000e-01,3.916104e-01,1.570551e+00,1.187808e-01,2.255872e-02,nan,nan,nan,nan,2.512117e-01,toroidal alone fails,5.000000e+08,0.65
-5.000000e-01,1.000000e+00,3.916104e-01,1.570551e+00,1.187808e-01,2.374409e-02,nan,nan,nan,nan,2.911476e-01,toroidal alone fails,5.000000e+08,0.65
-5.000000e-01,1.500000e+00,3.916104e-01,1.570551e+00,1.187808e-01,2.702085e-02,nan,nan,nan,nan,3.303502e-01,toroidal alone fails,5.000000e+08,0.65
-5.000000e-01,2.000000e+00,3.916104e-01,1.570551e+00,1.187808e-01,2.570303e-02,nan,nan,nan,nan,3.662603e-01,toroidal alone fails,5.000000e+08,0.65
-5.000000e-01,3.000000e+00,3.916104e-01,1.570551e+00,1.187808e-01,2.101767e-02,nan,nan,nan,nan,4.299000e-01,toroidal alone fails,5.000000e+08,0.65
-1.000000e+00,5.000000e-01,4.158290e-01,1.570551e+00,1.187808e-01,2.559738e-02,nan,nan,nan,nan,2.456800e-01,toroidal alone fails,5.000000e+08,0.65
-1.000000e+00,1.000000e+00,4.158290e-01,1.570551e+00,1.187808e-01,2.758637e-02,nan,nan,nan,nan,2.809839e-01,toroidal alone fails,5.000000e+08,0.65
-1.000000e+00,1.500000e+00,4.158290e-01,1.570551e+00,1.187808e-01,3.218735e-02,nan,nan,nan,nan,3.162682e-01,toroidal alone fails,5.000000e+08,0.65
-1.000000e+00,2.000000e+00,4.158290e-01,1.570551e+00,1.187808e-01,3.119312e-02,nan,nan,nan,nan,3.484815e-01,toroidal alone fails,5.000000e+08,0.65
-1.000000e+00,3.000000e+00,4.158290e-01,1.570551e+00,1.187808e-01,2.619055e-02,nan,nan,nan,nan,4.043804e-01,toroidal alone fails,5.000000e+08,0.65
-1.500000e+00,5.000000e-01,4.400043e-01,1.570551e+00,1.187808e-01,2.885347e-02,nan,nan,nan,nan,2.431857e-01,toroidal alone fails,5.000000e+08,0.65
-1.500000e+00,1.000000e+00,4.400043e-01,1.570551e+00,1.187808e-01,3.197647e-02,nan,nan,nan,nan,2.753673e-01,toroidal alone fails,5.000000e+08,0.65
-1.500000e+00,1.500000e+00,4.400043e-01,1.570551e+00,1.187808e-01,3.779585e-02,nan,nan,nan,nan,3.084284e-01,toroidal alone fails,5.000000e+08,0.65
-1.500000e+00,2.000000e+00,4.400043e-01,1.570551e+00,1.187808e-01,3.689879e-02,nan,nan,nan,nan,3.383989e-01,toroidal alone fails,5.000000e+08,0.65
-1.500000e+00,3.000000e+00,4.400043e-01,1.570551e+00,1.187808e-01,3.146480e-02,nan,nan,nan,nan,3.895396e-01,toroidal alone fails,5.000000e+08,0.65
-2.000000e+00,5.000000e-01,4.581742e-01,1.570551e+00,1.187808e-01,2.899974e-02,nan,nan,nan,nan,2.482658e-01,toroidal alone fails,5.000000e+08,0.65
-2.000000e+00,1.000000e+00,4.581742e-01,1.570551e+00,1.187808e-01,3.117039e-02,nan,nan,nan,nan,2.842119e-01,toroidal alone fails,5.000000e+08,0.65
-2.000000e+00,1.500000e+00,4.581742e-01,1.570551e+00,1.187808e-01,3.628609e-02,nan,nan,nan,nan,3.240443e-01,toroidal alone fails,5.000000e+08,0.65
-2.000000e+00,2.000000e+00,4.581742e-01,1.570551e+00,1.187808e-01,3.469567e-02,nan,nan,nan,nan,3.619878e-01,toroidal alone fails,5.000000e+08,0.65
-2.000000e+00,3.000000e+00,4.581742e-01,1.570551e+00,1.187808e-01,2.806992e-02,nan,nan,nan,nan,4.299958e-01,toroidal alone fails,5.000000e+08,0.65
0.000000e+00,5.000000e-01,3.668225e-01,1.914368e+00,2.043277e-01,1.187985e-02,nan,nan,nan,nan,2.074098e-01,toroidal alone fails,5.000000e+08,1.00
0.000000e+00,1.000000e+00,3.668225e-01,1.914368e+00,2.043277e-01,7.907344e-03,nan,nan,nan,nan,2.423883e-01,toroidal alone fails,5.000000e+08,1.00
0.000000e+00,1.500000e+00,3.668225e-01,1.914368e+00,2.043277e-01,5.986461e-03,nan,nan,nan,nan,2.760090e-01,toroidal alone fails,5.000000e+08,1.00
0.000000e+00,2.000000e+00,3.668225e-01,1.914368e+00,2.043277e-01,4.859946e-03,nan,nan,nan,nan,3.066928e-01,toroidal alone fails,5.000000e+08,1.00
0.000000e+00,3.000000e+00,3.668225e-01,1.914368e+00,2.043277e-01,3.601824e-03,nan,nan,nan,nan,3.609120e-01,toroidal alone fails,5.000000e+08,1.00
-5.000000e-01,5.000000e-01,3.942533e-01,1.914368e+00,2.043277e-01,1.371293e-02,nan,nan,nan,nan,2.020673e-01,toroidal alone fails,5.000000e+08,1.00
-5.000000e-01,1.000000e+00,3.942533e-01,1.914368e+00,2.043277e-01,9.306231e-03,nan,nan,nan,nan,2.331362e-01,toroidal alone fails,5.000000e+08,1.00
-5.000000e-01,1.500000e+00,3.942533e-01,1.914368e+00,2.043277e-01,7.178088e-03,nan,nan,nan,nan,2.636033e-01,toroidal alone fails,5.000000e+08,1.00
-5.000000e-01,2.000000e+00,3.942533e-01,1.914368e+00,2.043277e-01,5.935441e-03,nan,nan,nan,nan,2.913871e-01,toroidal alone fails,5.000000e+08,1.00
-5.000000e-01,3.000000e+00,3.942533e-01,1.914368e+00,2.043277e-01,4.560275e-03,nan,nan,nan,nan,3.400278e-01,toroidal alone fails,5.000000e+08,1.00
-1.000000e+00,5.000000e-01,4.219706e-01,1.914368e+00,2.043277e-01,1.587631e-02,nan,nan,nan,nan,1.977557e-01,toroidal alone fails,5.000000e+08,1.00
-1.000000e+00,1.000000e+00,4.219706e-01,1.914368e+00,2.043277e-01,1.103940e-02,nan,nan,nan,nan,2.249645e-01,toroidal alone fails,5.000000e+08,1.00
-1.000000e+00,1.500000e+00,4.219706e-01,1.914368e+00,2.043277e-01,8.702958e-03,nan,nan,nan,nan,2.521473e-01,toroidal alone fails,5.000000e+08,1.00
-1.000000e+00,2.000000e+00,4.219706e-01,1.914368e+00,2.043277e-01,7.359997e-03,nan,nan,nan,nan,2.766219e-01,toroidal alone fails,5.000000e+08,1.00
-1.000000e+00,3.000000e+00,4.219706e-01,1.914368e+00,2.043277e-01,5.924491e-03,nan,nan,nan,nan,3.181294e-01,toroidal alone fails,5.000000e+08,1.00
-1.500000e+00,5.000000e-01,4.457376e-01,1.914368e+00,2.043277e-01,1.708656e-02,nan,nan,nan,nan,1.994042e-01,toroidal alone fails,5.000000e+08,1.00
-1.500000e+00,1.000000e+00,4.457376e-01,1.914368e+00,2.043277e-01,1.169332e-02,nan,nan,nan,nan,2.277407e-01,toroidal alone fails,5.000000e+08,1.00
-1.500000e+00,1.500000e+00,4.457376e-01,1.914368e+00,2.043277e-01,9.071337e-03,nan,nan,nan,nan,2.581352e-01,toroidal alone fails,5.000000e+08,1.00
-1.500000e+00,2.000000e+00,4.457376e-01,1.914368e+00,2.043277e-01,7.563954e-03,nan,nan,nan,nan,2.866279e-01,toroidal alone fails,5.000000e+08,1.00
-1.500000e+00,3.000000e+00,4.457376e-01,1.914368e+00,2.043277e-01,5.936539e-03,nan,nan,nan,nan,3.369847e-01,toroidal alone fails,5.000000e+08,1.00
-2.000000e+00,5.000000e-01,4.390070e-01,1.914368e+00,2.043277e-01,1.654505e-02,nan,nan,nan,nan,2.100887e-01,toroidal alone fails,5.000000e+08,1.00
-2.000000e+00,1.000000e+00,4.390070e-01,1.914368e+00,2.043277e-01,1.066701e-02,nan,nan,nan,nan,2.453524e-01,toroidal alone fails,5.000000e+08,1.00
-2.000000e+00,1.500000e+00,4.390070e-01,1.914368e+00,2.043277e-01,7.821980e-03,nan,nan,nan,nan,2.856831e-01,toroidal alone fails,5.000000e+08,1.00
-2.000000e+00,2.000000e+00,4.390070e-01,1.914368e+00,2.043277e-01,6.215586e-03,nan,nan,nan,nan,3.251411e-01,toroidal alone fails,5.000000e+08,1.00
-2.000000e+00,3.000000e+00,4.390070e-01,1.914368e+00,2.043277e-01,4.567340e-03,nan,nan,nan,nan,3.971108e-01,toroidal alone fails,5.000000e+08,1.00
0.000000e+00,5.000000e-01,3.677829e-01,2.184002e+00,2.498893e-01,1.220290e-02,nan,nan,nan,nan,1.734593e-01,toroidal alone fails,5.000000e+08,1.20
0.000000e+00,1.000000e+00,3.677829e-01,2.184002e+00,2.498893e-01,8.395595e-03,nan,nan,nan,nan,2.023702e-01,toroidal alone fails,5.000000e+08,1.20
0.000000e+00,1.500000e+00,3.677829e-01,2.184002e+00,2.498893e-01,6.532248e-03,nan,nan,nan,nan,2.301545e-01,toroidal alone fails,5.000000e+08,1.20
0.000000e+00,2.000000e+00,3.677829e-01,2.184002e+00,2.498893e-01,5.435323e-03,nan,nan,nan,nan,2.554837e-01,toroidal alone fails,5.000000e+08,1.20
0.000000e+00,3.000000e+00,3.677829e-01,2.184002e+00,2.498893e-01,4.230145e-03,nan,nan,nan,nan,3.001661e-01,toroidal alone fails,5.000000e+08,1.20
-5.000000e-01,5.000000e-01,3.974567e-01,2.184002e+00,2.498893e-01,1.368394e-02,nan,nan,nan,nan,1.683053e-01,toroidal alone fails,5.000000e+08,1.20
-5.000000e-01,1.000000e+00,3.974567e-01,2.184002e+00,2.498893e-01,9.256845e-03,nan,nan,nan,nan,1.934482e-01,toroidal alone fails,5.000000e+08,1.20
-5.000000e-01,1.500000e+00,3.974567e-01,2.184002e+00,2.498893e-01,7.116183e-03,nan,nan,nan,nan,2.180618e-01,toroidal alone fails,5.000000e+08,1.20
-5.000000e-01,2.000000e+00,3.974567e-01,2.184002e+00,2.498893e-01,5.865422e-03,nan,nan,nan,nan,2.403183e-01,toroidal alone fails,5.000000e+08,1.20
-5.000000e-01,3.000000e+00,3.974567e-01,2.184002e+00,2.498893e-01,4.478452e-03,nan,nan,nan,nan,2.787704e-01,toroidal alone fails,5.000000e+08,1.20
-1.000000e+00,5.000000e-01,4.284113e-01,2.184002e+00,2.498893e-01,1.533413e-02,nan,nan,nan,nan,1.659133e-01,toroidal alone fails,5.000000e+08,1.20
-1.000000e+00,1.000000e+00,4.284113e-01,2.184002e+00,2.498893e-01,1.026696e-02,nan,nan,nan,nan,1.890458e-01,toroidal alone fails,5.000000e+08,1.20
-1.000000e+00,1.500000e+00,4.284113e-01,2.184002e+00,2.498893e-01,7.786664e-03,nan,nan,nan,nan,2.125706e-01,toroidal alone fails,5.000000e+08,1.20
-1.000000e+00,2.000000e+00,4.284113e-01,2.184002e+00,2.498893e-01,6.325498e-03,nan,nan,nan,nan,2.339442e-01,toroidal alone fails,5.000000e+08,1.20
-1.000000e+00,3.000000e+00,4.284113e-01,2.184002e+00,2.498893e-01,4.708519e-03,nan,nan,nan,nan,2.706253e-01,toroidal alone fails,5.000000e+08,1.20
-1.500000e+00,5.000000e-01,4.433699e-01,2.184002e+00,2.498893e-01,1.570635e-02,nan,nan,nan,nan,1.698868e-01,toroidal alone fails,5.000000e+08,1.20
-1.500000e+00,1.000000e+00,4.433699e-01,2.184002e+00,2.498893e-01,9.946378e-03,nan,nan,nan,nan,1.958264e-01,toroidal alone fails,5.000000e+08,1.20
-1.500000e+00,1.500000e+00,4.433699e-01,2.184002e+00,2.498893e-01,7.134608e-03,nan,nan,nan,nan,2.244332e-01,toroidal alone fails,5.000000e+08,1.20
-1.500000e+00,2.000000e+00,4.433699e-01,2.184002e+00,2.498893e-01,5.509697e-03,nan,nan,nan,nan,2.518792e-01,toroidal alone fails,5.000000e+08,1.20
-1.500000e+00,3.000000e+00,4.433699e-01,2.184002e+00,2.498893e-01,3.757165e-03,nan,nan,nan,nan,3.015098e-01,toroidal alone fails,5.000000e+08,1.20
-2.000000e+00,5.000000e-01,4.236345e-01,2.184002e+00,2.498893e-01,1.449491e-02,nan,nan,nan,nan,1.826502e-01,toroidal alone fails,5.000000e+08,1.20
-2.000000e+00,1.000000e+00,4.236345e-01,2.184002e+00,2.498893e-01,8.543601e-03,nan,nan,nan,nan,2.158004e-01,toroidal alone fails,5.000000e+08,1.20
-2.000000e+00,1.500000e+00,4.236345e-01,2.184002e+00,2.498893e-01,5.761402e-03,nan,nan,nan,nan,2.536373e-01,toroidal alone fails,5.000000e+08,1.20
-2.000000e+00,2.000000e+00,4.236345e-01,2.184002e+00,2.498893e-01,4.235600e-03,nan,nan,nan,nan,2.907182e-01,toroidal alone fails,5.000000e+08,1.20
-2.000000e+00,3.000000e+00,4.236345e-01,2.184002e+00,2.498893e-01,2.706893e-03,nan,nan,nan,nan,3.580080e-01,toroidal alone fails,5.000000e+08,1.20
0.000000e+00,5.000000e-01,3.755029e-01,1.348266e+00,1.157118e-03,1.270252e+00,2.810243e-01,3.091429e-01,6.184117e+11,2.974000e-03,2.583689e-01,TWISTED TORUS,1.000000e+09,0.05
0.000000e+00,1.000000e+00,3.755029e-01,1.348266e+00,1.157118e-03,3.925766e+00,3.116179e-01,2.732056e-01,6.578282e+11,2.628279e-03,2.748369e-01,TWISTED TORUS,1.000000e+09,0.05
0.000000e+00,1.500000e+00,3.755029e-01,1.348266e+00,1.157118e-03,8.121624e+00,3.568598e-01,2.732056e-01,6.578282e+11,2.628279e-03,2.748369e-01,TWISTED TORUS,1.000000e+09,0.05
0.000000e+00,2.000000e+00,3.755029e-01,1.348266e+00,1.157118e-03,8.154704e+00,3.980823e-01,2.732056e-01,6.578282e+11,2.628279e-03,2.748369e-01,TWISTED TORUS,1.000000e+09,0.05
0.000000e+00,3.000000e+00,3.755029e-01,1.348266e+00,1.157118e-03,6.774202e+00,4.704771e-01,2.732056e-01,6.578282e+11,2.628279e-03,2.748369e-01,TWISTED TORUS,1.000000e+09,0.05
-5.000000e-01,5.000000e-01,3.938851e-01,1.348266e+00,1.157118e-03,1.384129e+00,1.965069e-01,3.591815e-01,6.284564e+11,2.879693e-03,3.640543e-01,TWISTED TORUS,1.000000e+09,0.05
-5.000000e-01,1.000000e+00,3.938851e-01,1.348266e+00,1.157118e-03,4.274367e+00,2.294865e-01,3.591815e-01,6.284564e+11,2.879693e-03,3.640543e-01,TWISTED TORUS,1.000000e+09,0.05
-5.000000e-01,1.500000e+00,3.938851e-01,1.348266e+00,1.157118e-03,9.149286e+00,2.617346e-01,3.591815e-01,6.284564e+11,2.879693e-03,3.640543e-01,TWISTED TORUS,1.000000e+09,0.05
-5.000000e-01,2.000000e+00,3.938851e-01,1.348266e+00,1.157118e-03,9.375848e+00,2.912118e-01,3.591815e-01,6.284564e+11,2.879693e-03,3.640543e-01,TWISTED TORUS,1.000000e+09,0.05
-5.000000e-01,3.000000e+00,3.938851e-01,1.348266e+00,1.157118e-03,7.900860e+00,3.434448e-01,3.591815e-01,6.284564e+11,2.879693e-03,3.640543e-01,TWISTED TORUS,1.000000e+09,0.05
-1.000000e+00,5.000000e-01,4.119629e-01,1.348266e+00,1.157118e-03,1.501062e+00,7.686865e-02,5.591393e-01,5.774745e+11,3.410600e-03,9.167152e-01,TWISTED TORUS,1.000000e+09,0.05
-1.000000e+00,1.000000e+00,4.119629e-01,1.348266e+00,1.157118e-03,4.632909e+00,8.887719e-02,5.591393e-01,5.774745e+11,3.410600e-03,9.167152e-01,TWISTED TORUS,1.000000e+09,0.05
-1.000000e+00,1.500000e+00,4.119629e-01,1.348266e+00,1.157118e-03,1.023073e+01,1.008206e-01,5.591393e-01,5.774745e+11,3.410600e-03,9.167152e-01,TWISTED TORUS,1.000000e+09,0.05
-1.000000e+00,2.000000e+00,4.119629e-01,1.348266e+00,1.157118e-03,1.071073e+01,1.117642e-01,5.591393e-01,5.774745e+11,3.410600e-03,9.167152e-01,TWISTED TORUS,1.000000e+09,0.05
-1.000000e+00,3.000000e+00,4.119629e-01,1.348266e+00,1.157118e-03,9.200420e+00,1.311744e-01,5.591393e-01,5.774745e+11,3.410600e-03,9.167152e-01,TWISTED TORUS,1.000000e+09,0.05
-1.500000e+00,5.000000e-01,4.303359e-01,1.348266e+00,1.157118e-03,1.635986e+00,2.774859e-02,1.689773e+00,4.026075e+11,7.016698e-03,2.492080e+00,TWISTED TORUS,1.000000e+09,0.05
-1.500000e+00,1.000000e+00,4.303359e-01,1.348266e+00,1.157118e-03,5.093341e+00,3.165690e-02,1.689773e+00,4.026075e+11,7.016698e-03,2.492080e+00,TWISTED TORUS,1.000000e+09,0.05
-1.500000e+00,1.500000e+00,4.303359e-01,1.348266e+00,1.157118e-03,1.160221e+01,3.560758e-02,1.689773e+00,4.026075e+11,7.016698e-03,2.492080e+00,TWISTED TORUS,1.000000e+09,0.05
-1.500000e+00,2.000000e+00,4.303359e-01,1.348266e+00,1.157118e-03,1.245965e+01,3.919974e-02,1.689773e+00,4.026075e+11,7.016698e-03,2.492080e+00,TWISTED TORUS,1.000000e+09,0.05
-1.500000e+00,3.000000e+00,4.303359e-01,1.348266e+00,1.157118e-03,1.105622e+01,4.540481e-02,1.689773e+00,4.026075e+11,7.016698e-03,2.492080e+00,TWISTED TORUS,1.000000e+09,0.05
-2.000000e+00,5.000000e-01,4.499680e-01,1.348266e+00,1.157118e-03,1.810453e+00,2.766004e-02,1.808058e+01,1.545327e+11,4.762729e-02,2.492080e+00,TWISTED TORUS,1.000000e+09,0.05
-2.000000e+00,1.000000e+00,4.499680e-01,1.348266e+00,1.157118e-03,5.828196e+00,3.136824e-02,1.808058e+01,1.545327e+11,4.762729e-02,2.492080e+00,TWISTED TORUS,1.000000e+09,0.05
-2.000000e+00,1.500000e+00,4.499680e-01,1.348266e+00,1.157118e-03,1.258186e+01,3.518922e-02,1.808058e+01,1.545327e+11,4.762729e-02,2.492080e+00,TWISTED TORUS,1.000000e+09,0.05
-2.000000e+00,2.000000e+00,4.499680e-01,1.348266e+00,1.157118e-03,1.356969e+01,3.866549e-02,1.808058e+01,1.545327e+11,4.762729e-02,2.492080e+00,TWISTED TORUS,1.000000e+09,0.05
-2.000000e+00,3.000000e+00,4.499680e-01,1.348266e+00,1.157118e-03,1.217461e+01,4.458418e-02,1.808058e+01,1.545327e+11,4.762729e-02,2.492080e+00,TWISTED TORUS,1.000000e+09,0.05
0.000000e+00,5.000000e-01,3.765577e-01,1.351202e+00,2.936009e-03,4.619947e-01,nan,nan,nan,nan,1.141499e-01,toroidal alone fails,1.000000e+09,0.08
0.000000e+00,1.000000e+00,3.765577e-01,1.351202e+00,2.936009e-03,1.446979e+00,5.056434e-01,7.332247e-01,6.347658e+11,2.822730e-03,2.661566e-01,TWISTED TORUS,1.000000e+09,0.08
0.000000e+00,1.500000e+00,3.765577e-01,1.351202e+00,2.936009e-03,3.141049e+00,5.790405e-01,7.332247e-01,6.347658e+11,2.822730e-03,2.661566e-01,TWISTED TORUS,1.000000e+09,0.08
0.000000e+00,2.000000e+00,3.765577e-01,1.351202e+00,2.936009e-03,3.162225e+00,6.455392e-01,7.332247e-01,6.347658e+11,2.822730e-03,2.661566e-01,TWISTED TORUS,1.000000e+09,0.08
0.000000e+00,3.000000e+00,3.765577e-01,1.351202e+00,2.936009e-03,2.628852e+00,7.636962e-01,7.332247e-01,6.347658e+11,2.822730e-03,2.661566e-01,TWISTED TORUS,1.000000e+09,0.08
-5.000000e-01,5.000000e-01,3.949786e-01,1.351202e+00,2.936009e-03,5.035954e-01,nan,nan,nan,nan,1.124885e-01,toroidal alone fails,1.000000e+09,0.08
-5.000000e-01,1.000000e+00,3.949786e-01,1.351202e+00,2.936009e-03,1.575898e+00,3.715757e-01,9.619450e-01,6.071256e+11,3.085598e-03,3.534416e-01,TWISTED TORUS,1.000000e+09,0.08
-5.000000e-01,1.500000e+00,3.949786e-01,1.351202e+00,2.936009e-03,3.539060e+00,4.235107e-01,9.619450e-01,6.071256e+11,3.085598e-03,3.534416e-01,TWISTED TORUS,1.000000e+09,0.08
-5.000000e-01,2.000000e+00,3.949786e-01,1.351202e+00,2.936009e-03,3.638364e+00,4.713339e-01,9.619450e-01,6.071256e+11,3.085598e-03,3.534416e-01,TWISTED TORUS,1.000000e+09,0.08
-5.000000e-01,3.000000e+00,3.949786e-01,1.351202e+00,2.936009e-03,3.070795e+00,5.555422e-01,9.619450e-01,6.071256e+11,3.085598e-03,3.534416e-01,TWISTED TORUS,1.000000e+09,0.08
-1.000000e+00,5.000000e-01,4.131179e-01,1.351202e+00,2.936009e-03,5.462221e-01,nan,nan,nan,nan,1.108212e-01,toroidal alone fails,1.000000e+09,0.08
-1.000000e+00,1.000000e+00,4.131179e-01,1.351202e+00,2.936009e-03,1.708382e+00,1.433931e-01,1.490864e+00,5.591172e+11,3.638235e-03,8.930240e-01,TWISTED TORUS,1.000000e+09,0.08
-1.000000e+00,1.500000e+00,4.131179e-01,1.351202e+00,2.936009e-03,3.957275e+00,1.626199e-01,1.490864e+00,5.591172e+11,3.638235e-03,8.930240e-01,TWISTED TORUS,1.000000e+09,0.08
-1.000000e+00,2.000000e+00,4.131179e-01,1.351202e+00,2.936009e-03,4.159488e+00,1.802731e-01,1.490864e+00,5.591172e+11,3.638235e-03,8.930240e-01,TWISTED TORUS,1.000000e+09,0.08
-1.000000e+00,3.000000e+00,4.131179e-01,1.351202e+00,2.936009e-03,3.574341e+00,2.114087e-01,1.490864e+00,5.591172e+11,3.638235e-03,8.930240e-01,TWISTED TORUS,1.000000e+09,0.08
-1.500000e+00,5.000000e-01,4.324645e-01,1.351202e+00,2.936009e-03,5.953800e-01,nan,nan,nan,nan,1.087985e-01,toroidal alone fails,1.000000e+09,0.08
-1.500000e+00,1.000000e+00,4.324645e-01,1.351202e+00,2.936009e-03,1.878385e+00,4.976309e-02,4.273680e+00,4.001522e+11,7.103070e-03,2.492097e+00,TWISTED TORUS,1.000000e+09,0.08
-1.500000e+00,1.500000e+00,4.324645e-01,1.351202e+00,2.936009e-03,4.488623e+00,5.595560e-02,4.273680e+00,4.001522e+11,7.103070e-03,2.492097e+00,TWISTED TORUS,1.000000e+09,0.08
-1.500000e+00,2.000000e+00,4.324645e-01,1.351202e+00,2.936009e-03,4.841400e+00,6.157200e-02,4.273680e+00,4.001522e+11,7.103070e-03,2.492097e+00,TWISTED TORUS,1.000000e+09,0.08
-1.500000e+00,3.000000e+00,4.324645e-01,1.351202e+00,2.936009e-03,4.299814e+00,7.127427e-02,4.273680e+00,4.001522e+11,7.103070e-03,2.492097e+00,TWISTED TORUS,1.000000e+09,0.08
-2.000000e+00,5.000000e-01,4.514836e-01,1.351202e+00,2.936009e-03,6.595579e-01,nan,nan,nan,nan,1.085083e-01,toroidal alone fails,1.000000e+09,0.08
-2.000000e+00,1.000000e+00,4.514836e-01,1.351202e+00,2.936009e-03,2.152165e+00,4.933768e-02,4.568607e+01,1.535855e+11,4.821651e-02,2.492097e+00,TWISTED TORUS,1.000000e+09,0.08
-2.000000e+00,1.500000e+00,4.514836e-01,1.351202e+00,2.936009e-03,4.864514e+00,5.536159e-02,4.568607e+01,1.535855e+11,4.821651e-02,2.492097e+00,TWISTED TORUS,1.000000e+09,0.08
-2.000000e+00,2.000000e+00,4.514836e-01,1.351202e+00,2.936009e-03,5.261295e+00,6.081950e-02,4.568607e+01,1.535855e+11,4.821651e-02,2.492097e+00,TWISTED TORUS,1.000000e+09,0.08
-2.000000e+00,3.000000e+00,4.514836e-01,1.351202e+00,2.936009e-03,4.722900e+00,7.013616e-02,4.568607e+01,1.535855e+11,4.821651e-02,2.492097e+00,TWISTED TORUS,1.000000e+09,0.08
0.000000e+00,5.000000e-01,3.777645e-01,1.355474e+00,5.481223e-03,2.775790e-01,nan,nan,nan,nan,1.537423e-01,toroidal alone fails,1.000000e+09,0.11
0.000000e+00,1.000000e+00,3.777645e-01,1.355474e+00,5.481223e-03,7.887954e-01,nan,nan,nan,nan,1.811725e-01,toroidal alone fails,1.000000e+09,0.11
0.000000e+00,1.500000e+00,3.777645e-01,1.355474e+00,5.481223e-03,1.643217e+00,7.779305e-01,1.348993e+00,6.324320e+11,2.843601e-03,2.665561e-01,TWISTED TORUS,1.000000e+09,0.11
0.000000e+00,2.000000e+00,3.777645e-01,1.355474e+00,5.481223e-03,1.649418e+00,8.676621e-01,1.348993e+00,6.324320e+11,2.843601e-03,2.665561e-01,TWISTED TORUS,1.000000e+09,0.11
0.000000e+00,3.000000e+00,3.777645e-01,1.355474e+00,5.481223e-03,1.370252e+00,1.025160e+00,1.348993e+00,6.324320e+11,2.843601e-03,2.732991e-01,TWISTED TORUS,1.000000e+09,0.11
-5.000000e-01,5.000000e-01,3.959898e-01,1.355474e+00,5.481223e-03,3.030168e-01,nan,nan,nan,nan,1.514783e-01,toroidal alone fails,1.000000e+09,0.11
-5.000000e-01,1.000000e+00,3.959898e-01,1.355474e+00,5.481223e-03,8.611649e-01,nan,nan,nan,nan,1.767538e-01,toroidal alone fails,1.000000e+09,0.11
-5.000000e-01,1.500000e+00,3.959898e-01,1.355474e+00,5.481223e-03,1.853857e+00,5.682918e-01,1.771806e+00,6.046231e+11,3.111193e-03,3.545174e-01,TWISTED TORUS,1.000000e+09,0.11
-5.000000e-01,2.000000e+00,3.959898e-01,1.355474e+00,5.481223e-03,1.900019e+00,6.320079e-01,1.771806e+00,6.046231e+11,3.111193e-03,3.545174e-01,TWISTED TORUS,1.000000e+09,0.11
-5.000000e-01,3.000000e+00,3.959898e-01,1.355474e+00,5.481223e-03,1.600452e+00,7.452670e-01,1.771806e+00,6.046231e+11,3.111193e-03,3.545174e-01,TWISTED TORUS,1.000000e+09,0.11
-1.000000e+00,5.000000e-01,4.129335e-01,1.355474e+00,5.481223e-03,3.290990e-01,nan,nan,nan,nan,1.492349e-01,toroidal alone fails,1.000000e+09,0.11
-1.000000e+00,1.000000e+00,4.129335e-01,1.355474e+00,5.481223e-03,9.357054e-01,nan,nan,nan,nan,1.723091e-01,toroidal alone fails,1.000000e+09,0.11
-1.000000e+00,1.500000e+00,4.129335e-01,1.355474e+00,5.481223e-03,2.075784e+00,2.177906e-01,2.747898e+00,5.565816e+11,3.671460e-03,8.969839e-01,TWISTED TORUS,1.000000e+09,0.11
-1.000000e+00,2.000000e+00,4.129335e-01,1.355474e+00,5.481223e-03,2.174511e+00,2.414215e-01,2.747898e+00,5.565816e+11,3.671460e-03,8.969839e-01,TWISTED TORUS,1.000000e+09,0.11
-1.000000e+00,3.000000e+00,4.129335e-01,1.355474e+00,5.481223e-03,1.866431e+00,2.831797e-01,2.747898e+00,5.565816e+11,3.671460e-03,8.969839e-01,TWISTED TORUS,1.000000e+09,0.11
-1.500000e+00,5.000000e-01,4.335003e-01,1.355474e+00,5.481223e-03,3.592365e-01,nan,nan,nan,nan,1.465393e-01,toroidal alone fails,1.000000e+09,0.11
-1.500000e+00,1.000000e+00,4.335003e-01,1.355474e+00,5.481223e-03,1.031308e+00,6.697129e-02,7.941888e+00,3.964923e+11,7.234806e-03,2.492121e+00,TWISTED TORUS,1.000000e+09,0.11
-1.500000e+00,1.500000e+00,4.335003e-01,1.355474e+00,5.481223e-03,2.359054e+00,7.524967e-02,7.941888e+00,3.964923e+11,7.234806e-03,2.492121e+00,TWISTED TORUS,1.000000e+09,0.11
-1.500000e+00,2.000000e+00,4.335003e-01,1.355474e+00,5.481223e-03,2.534979e+00,8.280734e-02,7.941888e+00,3.964923e+11,7.234806e-03,2.492121e+00,TWISTED TORUS,1.000000e+09,0.11
-1.500000e+00,3.000000e+00,4.335003e-01,1.355474e+00,5.481223e-03,2.249791e+00,9.583440e-02,7.941888e+00,3.964923e+11,7.234806e-03,2.492121e+00,TWISTED TORUS,1.000000e+09,0.11
-2.000000e+00,5.000000e-01,4.523318e-01,1.355474e+00,5.481223e-03,3.960900e-01,nan,nan,nan,nan,1.461967e-01,toroidal alone fails,1.000000e+09,0.11
-2.000000e+00,1.000000e+00,4.523318e-01,1.355474e+00,5.481223e-03,1.170618e+00,6.645897e-02,8.478723e+01,1.521152e+11,4.915315e-02,2.492121e+00,TWISTED TORUS,1.000000e+09,0.11
-2.000000e+00,1.500000e+00,4.523318e-01,1.355474e+00,5.481223e-03,2.552399e+00,7.457742e-02,8.478723e+01,1.521152e+11,4.915315e-02,2.492121e+00,TWISTED TORUS,1.000000e+09,0.11
-2.000000e+00,2.000000e+00,4.523318e-01,1.355474e+00,5.481223e-03,2.747997e+00,8.196357e-02,8.478723e+01,1.521152e+11,4.915315e-02,2.492121e+00,TWISTED TORUS,1.000000e+09,0.11
-2.000000e+00,3.000000e+00,4.523318e-01,1.355474e+00,5.481223e-03,2.458303e+00,9.458665e-02,8.478723e+01,1.521152e+11,4.915315e-02,2.492121e+00,TWISTED TORUS,1.000000e+09,0.11
0.000000e+00,5.000000e-01,3.789063e-01,1.363212e+00,9.970209e-03,1.397110e-01,nan,nan,nan,nan,2.017224e-01,toroidal alone fails,1.000000e+09,0.15
0.000000e+00,1.000000e+00,3.789063e-01,1.363212e+00,9.970209e-03,4.031693e-01,nan,nan,nan,nan,2.375182e-01,toroidal alone fails,1.000000e+09,0.15
0.000000e+00,1.500000e+00,3.789063e-01,1.363212e+00,9.970209e-03,8.646191e-01,nan,nan,nan,nan,2.717380e-01,toroidal alone fails,1.000000e+09,0.15
0.000000e+00,2.000000e+00,3.789063e-01,1.363212e+00,9.970209e-03,8.668380e-01,nan,nan,nan,nan,3.030138e-01,toroidal alone fails,1.000000e+09,0.15
0.000000e+00,3.000000e+00,3.789063e-01,1.363212e+00,9.970209e-03,7.188695e-01,nan,nan,nan,nan,3.579808e-01,toroidal alone fails,1.000000e+09,0.15
-5.000000e-01,5.000000e-01,3.973489e-01,1.363212e+00,9.970209e-03,1.527115e-01,nan,nan,nan,nan,1.987643e-01,toroidal alone fails,1.000000e+09,0.15
-5.000000e-01,1.000000e+00,3.973489e-01,1.363212e+00,9.970209e-03,4.409060e-01,nan,nan,nan,nan,2.317294e-01,toroidal alone fails,1.000000e+09,0.15
-5.000000e-01,1.500000e+00,3.973489e-01,1.363212e+00,9.970209e-03,9.775746e-01,nan,nan,nan,nan,2.639967e-01,toroidal alone fails,1.000000e+09,0.15
-5.000000e-01,2.000000e+00,3.973489e-01,1.363212e+00,9.970209e-03,1.000530e+00,1.542194e+00,1.103758e+01,3.205159e+11,1.107126e-02,2.935127e-01,TWISTED TORUS,1.000000e+09,0.15
-5.000000e-01,3.000000e+00,3.973489e-01,1.363212e+00,9.970209e-03,8.418557e-01,nan,nan,nan,nan,3.460067e-01,toroidal alone fails,1.000000e+09,0.15
-1.000000e+00,5.000000e-01,4.139724e-01,1.363212e+00,9.970209e-03,1.660367e-01,nan,nan,nan,nan,1.958582e-01,toroidal alone fails,1.000000e+09,0.15
-1.000000e+00,1.000000e+00,4.139724e-01,1.363212e+00,9.970209e-03,4.797849e-01,nan,nan,nan,nan,2.258749e-01,toroidal alone fails,1.000000e+09,0.15
-1.000000e+00,1.500000e+00,4.139724e-01,1.363212e+00,9.970209e-03,1.096892e+00,2.885378e-01,5.077294e+00,5.417152e+11,3.875737e-03,8.869138e-01,TWISTED TORUS,1.000000e+09,0.15
-1.000000e+00,2.000000e+00,4.139724e-01,1.363212e+00,9.970209e-03,1.147337e+00,3.197952e-01,5.077294e+00,5.417152e+11,3.875737e-03,8.869138e-01,TWISTED TORUS,1.000000e+09,0.15
-1.000000e+00,3.000000e+00,4.139724e-01,1.363212e+00,9.970209e-03,9.832238e-01,nan,nan,nan,nan,3.325205e-01,toroidal alone fails,1.000000e+09,0.15
-1.500000e+00,5.000000e-01,4.351694e-01,1.363212e+00,9.970209e-03,1.814613e-01,nan,nan,nan,nan,1.923356e-01,toroidal alone fails,1.000000e+09,0.15
-1.500000e+00,1.000000e+00,4.351694e-01,1.363212e+00,9.970209e-03,5.297588e-01,nan,nan,nan,nan,2.187759e-01,toroidal alone fails,1.000000e+09,0.15
-1.500000e+00,1.500000e+00,4.351694e-01,1.363212e+00,9.970209e-03,1.248902e+00,9.856430e-02,1.433057e+01,3.901547e+11,7.471756e-03,2.492163e+00,TWISTED TORUS,1.000000e+09,0.15
-1.500000e+00,2.000000e+00,4.351694e-01,1.363212e+00,9.970209e-03,1.340740e+00,1.083928e-01,1.433057e+01,3.901547e+11,7.471756e-03,2.492163e+00,TWISTED TORUS,1.000000e+09,0.15
-1.500000e+00,3.000000e+00,4.351694e-01,1.363212e+00,9.970209e-03,1.188528e+00,1.253373e-01,1.433057e+01,3.901547e+11,7.471756e-03,2.492163e+00,TWISTED TORUS,1.000000e+09,0.15
-2.000000e+00,5.000000e-01,4.548003e-01,1.363212e+00,9.970209e-03,2.002116e-01,nan,nan,nan,nan,1.921252e-01,toroidal alone fails,1.000000e+09,0.15
-2.000000e+00,1.000000e+00,4.548003e-01,1.363212e+00,9.970209e-03,6.014072e-01,nan,nan,nan,nan,2.174351e-01,toroidal alone fails,1.000000e+09,0.15
-2.000000e+00,1.500000e+00,4.548003e-01,1.363212e+00,9.970209e-03,1.348376e+00,9.793126e-02,1.526361e+02,1.495858e+11,5.082947e-02,2.492163e+00,TWISTED TORUS,1.000000e+09,0.15
-2.000000e+00,2.000000e+00,4.548003e-01,1.363212e+00,9.970209e-03,1.446395e+00,1.076625e-01,1.526361e+02,1.495858e+11,5.082947e-02,2.492163e+00,TWISTED TORUS,1.000000e+09,0.15
-2.000000e+00,3.000000e+00,4.548003e-01,1.363212e+00,9.970209e-03,1.289077e+00,1.243488e-01,1.526361e+02,1.495858e+11,5.082947e-02,2.492163e+00,TWISTED TORUS,1.000000e+09,0.15
0.000000e+00,5.000000e-01,3.702817e-01,1.376086e+00,1.712348e-02,8.850976e-02,nan,nan,nan,nan,2.558722e-01,toroidal alone fails,1.000000e+09,0.20
0.000000e+00,1.000000e+00,3.702817e-01,1.376086e+00,1.712348e-02,2.518261e-01,nan,nan,nan,nan,3.010930e-01,toroidal alone fails,1.000000e+09,0.20
0.000000e+00,1.500000e+00,3.702817e-01,1.376086e+00,1.712348e-02,4.725067e-01,nan,nan,nan,nan,3.443045e-01,toroidal alone fails,1.000000e+09,0.20
0.000000e+00,2.000000e+00,3.702817e-01,1.376086e+00,1.712348e-02,4.644958e-01,nan,nan,nan,nan,3.838444e-01,toroidal alone fails,1.000000e+09,0.20
0.000000e+00,3.000000e+00,3.702817e-01,1.376086e+00,1.712348e-02,3.821103e-01,nan,nan,nan,nan,4.534048e-01,toroidal alone fails,1.000000e+09,0.20
-5.000000e-01,5.000000e-01,3.884860e-01,1.376086e+00,1.712348e-02,9.707633e-02,nan,nan,nan,nan,2.520747e-01,toroidal alone fails,1.000000e+09,0.20
-5.000000e-01,1.000000e+00,3.884860e-01,1.376086e+00,1.712348e-02,2.767935e-01,nan,nan,nan,nan,2.936578e-01,toroidal alone fails,1.000000e+09,0.20
-5.000000e-01,1.500000e+00,3.884860e-01,1.376086e+00,1.712348e-02,5.378846e-01,nan,nan,nan,nan,3.343745e-01,toroidal alone fails,1.000000e+09,0.20
-5.000000e-01,2.000000e+00,3.884860e-01,1.376086e+00,1.712348e-02,5.384458e-01,nan,nan,nan,nan,3.717577e-01,toroidal alone fails,1.000000e+09,0.20
-5.000000e-01,3.000000e+00,3.884860e-01,1.376086e+00,1.712348e-02,4.486644e-01,nan,nan,nan,nan,4.380026e-01,toroidal alone fails,1.000000e+09,0.20
-1.000000e+00,5.000000e-01,4.053728e-01,1.376086e+00,1.712348e-02,1.058805e-01,nan,nan,nan,nan,2.482460e-01,toroidal alone fails,1.000000e+09,0.20
-1.000000e+00,1.000000e+00,4.053728e-01,1.376086e+00,1.712348e-02,3.026514e-01,nan,nan,nan,nan,2.861633e-01,toroidal alone fails,1.000000e+09,0.20
-1.000000e+00,1.500000e+00,4.053728e-01,1.376086e+00,1.712348e-02,6.072816e-01,nan,nan,nan,nan,3.240824e-01,toroidal alone fails,1.000000e+09,0.20
-1.000000e+00,2.000000e+00,4.053728e-01,1.376086e+00,1.712348e-02,6.201380e-01,nan,nan,nan,nan,3.589441e-01,toroidal alone fails,1.000000e+09,0.20
-1.000000e+00,3.000000e+00,4.053728e-01,1.376086e+00,1.712348e-02,5.264560e-01,nan,nan,nan,nan,4.204061e-01,toroidal alone fails,1.000000e+09,0.20
-1.500000e+00,5.000000e-01,4.269706e-01,1.376086e+00,1.712348e-02,1.161481e-01,nan,nan,nan,nan,2.437625e-01,toroidal alone fails,1.000000e+09,0.20
-1.500000e+00,1.000000e+00,4.269706e-01,1.376086e+00,1.712348e-02,3.362133e-01,nan,nan,nan,nan,2.769409e-01,toroidal alone fails,1.000000e+09,0.20
-1.500000e+00,1.500000e+00,4.269706e-01,1.376086e+00,1.712348e-02,6.966570e-01,nan,nan,nan,nan,3.107132e-01,toroidal alone fails,1.000000e+09,0.20
-1.500000e+00,2.000000e+00,4.269706e-01,1.376086e+00,1.712348e-02,7.290596e-01,nan,nan,nan,nan,3.413123e-01,toroidal alone fails,1.000000e+09,0.20
-1.500000e+00,3.000000e+00,4.269706e-01,1.376086e+00,1.712348e-02,6.403521e-01,nan,nan,nan,nan,3.939176e-01,toroidal alone fails,1.000000e+09,0.20
-2.000000e+00,5.000000e-01,4.467098e-01,1.376086e+00,1.712348e-02,1.277551e-01,nan,nan,nan,nan,2.436132e-01,toroidal alone fails,1.000000e+09,0.20
-2.000000e+00,1.000000e+00,4.467098e-01,1.376086e+00,1.712348e-02,3.779007e-01,nan,nan,nan,nan,2.758928e-01,toroidal alone fails,1.000000e+09,0.20
-2.000000e+00,1.500000e+00,4.467098e-01,1.376086e+00,1.712348e-02,7.467592e-01,nan,nan,nan,nan,3.097092e-01,toroidal alone fails,1.000000e+09,0.20
-2.000000e+00,2.000000e+00,4.467098e-01,1.376086e+00,1.712348e-02,7.808555e-01,nan,nan,nan,nan,3.406722e-01,toroidal alone fails,1.000000e+09,0.20
-2.000000e+00,3.000000e+00,4.467098e-01,1.376086e+00,1.712348e-02,6.863165e-01,nan,nan,nan,nan,3.938186e-01,toroidal alone fails,1.000000e+09,0.20
0.000000e+00,5.000000e-01,3.757928e-01,1.412018e+00,3.538498e-02,4.364157e-02,nan,nan,nan,nan,3.314748e-01,toroidal alone fails,1.000000e+09,0.30
0.000000e+00,1.000000e+00,3.757928e-01,1.412018e+00,3.538498e-02,1.083692e-01,nan,nan,nan,nan,3.891159e-01,toroidal alone fails,1.000000e+09,0.30
0.000000e+00,1.500000e+00,3.757928e-01,1.412018e+00,3.538498e-02,1.911160e-01,nan,nan,nan,nan,4.445095e-01,toroidal alone fails,1.000000e+09,0.30
0.000000e+00,2.000000e+00,3.757928e-01,1.412018e+00,3.538498e-02,1.855012e-01,nan,nan,nan,nan,4.949444e-01,toroidal alone fails,1.000000e+09,0.30
0.000000e+00,3.000000e+00,3.757928e-01,1.412018e+00,3.538498e-02,1.515675e-01,nan,nan,nan,nan,5.844917e-01,toroidal alone fails,1.000000e+09,0.30
-5.000000e-01,5.000000e-01,3.940861e-01,1.412018e+00,3.538498e-02,4.819849e-02,nan,nan,nan,nan,3.264610e-01,toroidal alone fails,1.000000e+09,0.30
-5.000000e-01,1.000000e+00,3.940861e-01,1.412018e+00,3.538498e-02,1.203198e-01,nan,nan,nan,nan,3.793040e-01,toroidal alone fails,1.000000e+09,0.30
-5.000000e-01,1.500000e+00,3.940861e-01,1.412018e+00,3.538498e-02,2.195196e-01,nan,nan,nan,nan,4.313655e-01,toroidal alone fails,1.000000e+09,0.30
-5.000000e-01,2.000000e+00,3.940861e-01,1.412018e+00,3.538498e-02,2.167167e-01,nan,nan,nan,nan,4.791099e-01,toroidal alone fails,1.000000e+09,0.30
-5.000000e-01,3.000000e+00,3.940861e-01,1.412018e+00,3.538498e-02,1.794281e-01,nan,nan,nan,nan,5.637641e-01,toroidal alone fails,1.000000e+09,0.30
-1.000000e+00,5.000000e-01,4.137009e-01,1.412018e+00,3.538498e-02,5.289603e-02,nan,nan,nan,nan,3.214934e-01,toroidal alone fails,1.000000e+09,0.30
-1.000000e+00,1.000000e+00,4.137009e-01,1.412018e+00,3.538498e-02,1.328135e-01,nan,nan,nan,nan,3.693296e-01,toroidal alone fails,1.000000e+09,0.30
-1.000000e+00,1.500000e+00,4.137009e-01,1.412018e+00,3.538498e-02,2.502059e-01,nan,nan,nan,nan,4.175730e-01,toroidal alone fails,1.000000e+09,0.30
-1.000000e+00,2.000000e+00,4.137009e-01,1.412018e+00,3.538498e-02,2.516535e-01,nan,nan,nan,nan,4.619844e-01,toroidal alone fails,1.000000e+09,0.30
-1.000000e+00,3.000000e+00,4.137009e-01,1.412018e+00,3.538498e-02,2.122396e-01,nan,nan,nan,nan,5.403601e-01,toroidal alone fails,1.000000e+09,0.30
-1.500000e+00,5.000000e-01,4.346179e-01,1.412018e+00,3.538498e-02,5.843509e-02,nan,nan,nan,nan,3.159833e-01,toroidal alone fails,1.000000e+09,0.30
-1.500000e+00,1.000000e+00,4.346179e-01,1.412018e+00,3.538498e-02,1.491926e-01,nan,nan,nan,nan,3.576740e-01,toroidal alone fails,1.000000e+09,0.30
-1.500000e+00,1.500000e+00,4.346179e-01,1.412018e+00,3.538498e-02,2.901476e-01,nan,nan,nan,nan,4.003171e-01,toroidal alone fails,1.000000e+09,0.30
-1.500000e+00,2.000000e+00,4.346179e-01,1.412018e+00,3.538498e-02,2.989801e-01,nan,nan,nan,nan,4.390945e-01,toroidal alone fails,1.000000e+09,0.30
-1.500000e+00,3.000000e+00,4.346179e-01,1.412018e+00,3.538498e-02,2.611790e-01,nan,nan,nan,nan,5.054910e-01,toroidal alone fails,1.000000e+09,0.30
-2.000000e+00,5.000000e-01,4.553297e-01,1.412018e+00,3.538498e-02,6.355268e-02,nan,nan,nan,nan,3.170354e-01,toroidal alone fails,1.000000e+09,0.30
-2.000000e+00,1.000000e+00,4.553297e-01,1.412018e+00,3.538498e-02,1.633273e-01,nan,nan,nan,nan,3.581466e-01,toroidal alone fails,1.000000e+09,0.30
-2.000000e+00,1.500000e+00,4.553297e-01,1.412018e+00,3.538498e-02,3.054943e-01,nan,nan,nan,nan,4.025249e-01,toroidal alone fails,1.000000e+09,0.30
-2.000000e+00,2.000000e+00,4.553297e-01,1.412018e+00,3.538498e-02,3.135294e-01,nan,nan,nan,nan,4.434492e-01,toroidal alone fails,1.000000e+09,0.30
-2.000000e+00,3.000000e+00,4.553297e-01,1.412018e+00,3.538498e-02,2.711294e-01,nan,nan,nan,nan,5.144136e-01,toroidal alone fails,1.000000e+09,0.30
0.000000e+00,5.000000e-01,3.737432e-01,1.489651e+00,6.877787e-02,2.302454e-02,nan,nan,nan,nan,3.842070e-01,toroidal alone fails,1.000000e+09,0.45
0.000000e+00,1.000000e+00,3.737432e-01,1.489651e+00,6.877787e-02,4.623186e-02,nan,nan,nan,nan,4.497976e-01,toroidal alone fails,1.000000e+09,0.45
0.000000e+00,1.500000e+00,3.737432e-01,1.489651e+00,6.877787e-02,6.987217e-02,nan,nan,nan,nan,5.130633e-01,toroidal alone fails,1.000000e+09,0.45
0.000000e+00,2.000000e+00,3.737432e-01,1.489651e+00,6.877787e-02,6.647874e-02,nan,nan,nan,nan,5.709597e-01,toroidal alone fails,1.000000e+09,0.45
0.000000e+00,3.000000e+00,3.737432e-01,1.489651e+00,6.877787e-02,5.385257e-02,nan,nan,nan,nan,6.733038e-01,toroidal alone fails,1.000000e+09,0.45
-5.000000e-01,5.000000e-01,3.957435e-01,1.489651e+00,6.877787e-02,2.573832e-02,nan,nan,nan,nan,3.781104e-01,toroidal alone fails,1.000000e+09,0.45
-5.000000e-01,1.000000e+00,3.957435e-01,1.489651e+00,6.877787e-02,5.224934e-02,nan,nan,nan,nan,4.378932e-01,toroidal alone fails,1.000000e+09,0.45
-5.000000e-01,1.500000e+00,3.957435e-01,1.489651e+00,6.877787e-02,8.155666e-02,nan,nan,nan,nan,4.971150e-01,toroidal alone fails,1.000000e+09,0.45
-5.000000e-01,2.000000e+00,3.957435e-01,1.489651e+00,6.877787e-02,7.875057e-02,nan,nan,nan,nan,5.516052e-01,toroidal alone fails,1.000000e+09,0.45
-5.000000e-01,3.000000e+00,3.957435e-01,1.489651e+00,6.877787e-02,6.459321e-02,nan,nan,nan,nan,6.482672e-01,toroidal alone fails,1.000000e+09,0.45
-1.000000e+00,5.000000e-01,4.160170e-01,1.489651e+00,6.877787e-02,2.857924e-02,nan,nan,nan,nan,3.718631e-01,toroidal alone fails,1.000000e+09,0.45
-1.000000e+00,1.000000e+00,4.160170e-01,1.489651e+00,6.877787e-02,5.868872e-02,nan,nan,nan,nan,4.254751e-01,toroidal alone fails,1.000000e+09,0.45
-1.000000e+00,1.500000e+00,4.160170e-01,1.489651e+00,6.877787e-02,9.450341e-02,nan,nan,nan,nan,4.798624e-01,toroidal alone fails,1.000000e+09,0.45
-1.000000e+00,2.000000e+00,4.160170e-01,1.489651e+00,6.877787e-02,9.285679e-02,nan,nan,nan,nan,5.299424e-01,toroidal alone fails,1.000000e+09,0.45
-1.000000e+00,3.000000e+00,4.160170e-01,1.489651e+00,6.877787e-02,7.774368e-02,nan,nan,nan,nan,6.180774e-01,toroidal alone fails,1.000000e+09,0.45
-1.500000e+00,5.000000e-01,4.378837e-01,1.489651e+00,6.877787e-02,3.199074e-02,nan,nan,nan,nan,3.664563e-01,toroidal alone fails,1.000000e+09,0.45
-1.500000e+00,1.000000e+00,4.378837e-01,1.489651e+00,6.877787e-02,6.733751e-02,nan,nan,nan,nan,4.132396e-01,toroidal alone fails,1.000000e+09,0.45
-1.500000e+00,1.500000e+00,4.378837e-01,1.489651e+00,6.877787e-02,1.113603e-01,nan,nan,nan,nan,4.614882e-01,toroidal alone fails,1.000000e+09,0.45
-1.500000e+00,2.000000e+00,4.378837e-01,1.489651e+00,6.877787e-02,1.115658e-01,nan,nan,nan,nan,5.055295e-01,toroidal alone fails,1.000000e+09,0.45
-1.500000e+00,3.000000e+00,4.378837e-01,1.489651e+00,6.877787e-02,9.641019e-02,nan,nan,nan,nan,5.806059e-01,toroidal alone fails,1.000000e+09,0.45
-2.000000e+00,5.000000e-01,4.593121e-01,1.489651e+00,6.877787e-02,3.408521e-02,nan,nan,nan,nan,3.698851e-01,toroidal alone fails,1.000000e+09,0.45
-2.000000e+00,1.000000e+00,4.593121e-01,1.489651e+00,6.877787e-02,6.982235e-02,nan,nan,nan,nan,4.180584e-01,toroidal alone fails,1.000000e+09,0.45
-2.000000e+00,1.500000e+00,4.593121e-01,1.489651e+00,6.877787e-02,1.133654e-01,nan,nan,nan,nan,4.710209e-01,toroidal alone fails,1.000000e+09,0.45
-2.000000e+00,2.000000e+00,4.593121e-01,1.489651e+00,6.877787e-02,1.128230e-01,nan,nan,nan,nan,5.204313e-01,toroidal alone fails,1.000000e+09,0.45
-2.000000e+00,3.000000e+00,4.593121e-01,1.489651e+00,6.877787e-02,9.511872e-02,nan,nan,nan,nan,6.073976e-01,toroidal alone fails,1.000000e+09,0.45
0.000000e+00,5.000000e-01,3.714819e-01,1.634810e+00,1.176706e-01,1.403666e-02,nan,nan,nan,nan,3.830846e-01,toroidal alone fails,1.000000e+09,0.65
0.000000e+00,1.000000e+00,3.714819e-01,1.634810e+00,1.176706e-01,1.915693e-02,nan,nan,nan,nan,4.475819e-01,toroidal alone fails,1.000000e+09,0.65
0.000000e+00,1.500000e+00,3.714819e-01,1.634810e+00,1.176706e-01,2.399340e-02,nan,nan,nan,nan,5.099366e-01,toroidal alone fails,1.000000e+09,0.65
0.000000e+00,2.000000e+00,3.714819e-01,1.634810e+00,1.176706e-01,2.252286e-02,nan,nan,nan,nan,5.669922e-01,toroidal alone fails,1.000000e+09,0.65
0.000000e+00,3.000000e+00,3.714819e-01,1.634810e+00,1.176706e-01,1.817049e-02,nan,nan,nan,nan,6.679279e-01,toroidal alone fails,1.000000e+09,0.65
-5.000000e-01,5.000000e-01,3.950338e-01,1.634810e+00,1.176706e-01,1.596002e-02,nan,nan,nan,nan,3.762674e-01,toroidal alone fails,1.000000e+09,0.65
-5.000000e-01,1.000000e+00,3.950338e-01,1.634810e+00,1.176706e-01,2.219482e-02,nan,nan,nan,nan,4.345296e-01,toroidal alone fails,1.000000e+09,0.65
-5.000000e-01,1.500000e+00,3.950338e-01,1.634810e+00,1.176706e-01,2.855396e-02,nan,nan,nan,nan,4.924948e-01,toroidal alone fails,1.000000e+09,0.65
-5.000000e-01,2.000000e+00,3.950338e-01,1.634810e+00,1.176706e-01,2.717689e-02,nan,nan,nan,nan,5.457916e-01,toroidal alone fails,1.000000e+09,0.65
-5.000000e-01,3.000000e+00,3.950338e-01,1.634810e+00,1.176706e-01,2.223079e-02,nan,nan,nan,nan,6.402358e-01,toroidal alone fails,1.000000e+09,0.65
-1.000000e+00,5.000000e-01,4.180236e-01,1.634810e+00,1.176706e-01,1.802552e-02,nan,nan,nan,nan,3.689229e-01,toroidal alone fails,1.000000e+09,0.65
-1.000000e+00,1.000000e+00,4.180236e-01,1.634810e+00,1.176706e-01,2.559163e-02,nan,nan,nan,nan,4.202720e-01,toroidal alone fails,1.000000e+09,0.65
-1.000000e+00,1.500000e+00,4.180236e-01,1.634810e+00,1.176706e-01,3.386126e-02,nan,nan,nan,nan,4.725366e-01,toroidal alone fails,1.000000e+09,0.65
-1.000000e+00,2.000000e+00,4.180236e-01,1.634810e+00,1.176706e-01,3.284336e-02,nan,nan,nan,nan,5.203933e-01,toroidal alone fails,1.000000e+09,0.65
-1.000000e+00,3.000000e+00,4.180236e-01,1.634810e+00,1.176706e-01,2.756077e-02,nan,nan,nan,nan,6.038597e-01,toroidal alone fails,1.000000e+09,0.65
-1.500000e+00,5.000000e-01,4.422775e-01,1.634810e+00,1.176706e-01,2.047136e-02,nan,nan,nan,nan,3.659888e-01,toroidal alone fails,1.000000e+09,0.65
-1.500000e+00,1.000000e+00,4.422775e-01,1.634810e+00,1.176706e-01,2.984212e-02,nan,nan,nan,nan,4.122887e-01,toroidal alone fails,1.000000e+09,0.65
-1.500000e+00,1.500000e+00,4.422775e-01,1.634810e+00,1.176706e-01,3.985759e-02,nan,nan,nan,nan,4.608742e-01,toroidal alone fails,1.000000e+09,0.65
-1.500000e+00,2.000000e+00,4.422775e-01,1.634810e+00,1.176706e-01,3.894994e-02,nan,nan,nan,nan,5.050792e-01,toroidal alone fails,1.000000e+09,0.65
-1.500000e+00,3.000000e+00,4.422775e-01,1.634810e+00,1.176706e-01,3.323012e-02,nan,nan,nan,nan,5.814126e-01,toroidal alone fails,1.000000e+09,0.65
-2.000000e+00,5.000000e-01,4.613294e-01,1.634810e+00,1.176706e-01,2.031386e-02,nan,nan,nan,nan,3.737366e-01,toroidal alone fails,1.000000e+09,0.65
-2.000000e+00,1.000000e+00,4.613294e-01,1.634810e+00,1.176706e-01,2.913348e-02,nan,nan,nan,nan,4.247694e-01,toroidal alone fails,1.000000e+09,0.65
-2.000000e+00,1.500000e+00,4.613294e-01,1.634810e+00,1.176706e-01,3.872089e-02,nan,nan,nan,nan,4.827004e-01,toroidal alone fails,1.000000e+09,0.65
-2.000000e+00,2.000000e+00,4.613294e-01,1.634810e+00,1.176706e-01,3.711785e-02,nan,nan,nan,nan,5.381881e-01,toroidal alone fails,1.000000e+09,0.65
-2.000000e+00,3.000000e+00,4.613294e-01,1.634810e+00,1.176706e-01,3.012604e-02,nan,nan,nan,nan,6.379019e-01,toroidal alone fails,1.000000e+09,0.65
0.000000e+00,5.000000e-01,3.722044e-01,2.007205e+00,2.026105e-01,8.033294e-03,nan,nan,nan,nan,3.068691e-01,toroidal alone fails,1.000000e+09,1.00
0.000000e+00,1.000000e+00,3.722044e-01,2.007205e+00,2.026105e-01,6.049000e-03,nan,nan,nan,nan,3.577447e-01,toroidal alone fails,1.000000e+09,1.00
0.000000e+00,1.500000e+00,3.722044e-01,2.007205e+00,2.026105e-01,5.183140e-03,nan,nan,nan,nan,4.070008e-01,toroidal alone fails,1.000000e+09,1.00
0.000000e+00,2.000000e+00,3.722044e-01,2.007205e+00,2.026105e-01,4.737307e-03,nan,nan,nan,nan,4.520882e-01,toroidal alone fails,1.000000e+09,1.00
0.000000e+00,3.000000e+00,3.722044e-01,2.007205e+00,2.026105e-01,3.861339e-03,nan,nan,nan,nan,5.318722e-01,toroidal alone fails,1.000000e+09,1.00
-5.000000e-01,5.000000e-01,3.998171e-01,2.007205e+00,2.026105e-01,9.330559e-03,nan,nan,nan,nan,2.997688e-01,toroidal alone fails,1.000000e+09,1.00
-5.000000e-01,1.000000e+00,3.998171e-01,2.007205e+00,2.026105e-01,7.213431e-03,nan,nan,nan,nan,3.448300e-01,toroidal alone fails,1.000000e+09,1.00
-5.000000e-01,1.500000e+00,3.998171e-01,2.007205e+00,2.026105e-01,6.340314e-03,nan,nan,nan,nan,3.895821e-01,toroidal alone fails,1.000000e+09,1.00
-5.000000e-01,2.000000e+00,3.998171e-01,2.007205e+00,2.026105e-01,5.919777e-03,nan,nan,nan,nan,4.305204e-01,toroidal alone fails,1.000000e+09,1.00
-5.000000e-01,3.000000e+00,3.998171e-01,2.007205e+00,2.026105e-01,4.931261e-03,nan,nan,nan,nan,5.024200e-01,toroidal alone fails,1.000000e+09,1.00
-1.000000e+00,5.000000e-01,4.263316e-01,2.007205e+00,2.026105e-01,1.061411e-02,nan,nan,nan,nan,2.941610e-01,toroidal alone fails,1.000000e+09,1.00
-1.000000e+00,1.000000e+00,4.263316e-01,2.007205e+00,2.026105e-01,8.544688e-03,nan,nan,nan,nan,3.332484e-01,toroidal alone fails,1.000000e+09,1.00
-1.000000e+00,1.500000e+00,4.263316e-01,2.007205e+00,2.026105e-01,7.812828e-03,nan,nan,nan,nan,3.729252e-01,toroidal alone fails,1.000000e+09,1.00
-1.000000e+00,2.000000e+00,4.263316e-01,2.007205e+00,2.026105e-01,7.490599e-03,nan,nan,nan,nan,4.087663e-01,toroidal alone fails,1.000000e+09,1.00
-1.000000e+00,3.000000e+00,4.263316e-01,2.007205e+00,2.026105e-01,6.442086e-03,nan,nan,nan,nan,4.698714e-01,toroidal alone fails,1.000000e+09,1.00
-1.500000e+00,5.000000e-01,4.526729e-01,2.007205e+00,2.026105e-01,1.171246e-02,nan,nan,nan,nan,2.966818e-01,toroidal alone fails,1.000000e+09,1.00
-1.500000e+00,1.000000e+00,4.526729e-01,2.007205e+00,2.026105e-01,9.289737e-03,nan,nan,nan,nan,3.367306e-01,toroidal alone fails,1.000000e+09,1.00
-1.500000e+00,1.500000e+00,4.526729e-01,2.007205e+00,2.026105e-01,8.350255e-03,nan,nan,nan,nan,3.804559e-01,toroidal alone fails,1.000000e+09,1.00
-1.500000e+00,2.000000e+00,4.526729e-01,2.007205e+00,2.026105e-01,7.900695e-03,nan,nan,nan,nan,4.216162e-01,toroidal alone fails,1.000000e+09,1.00
-1.500000e+00,3.000000e+00,4.526729e-01,2.007205e+00,2.026105e-01,6.575757e-03,nan,nan,nan,nan,4.944030e-01,toroidal alone fails,1.000000e+09,1.00
-2.000000e+00,5.000000e-01,4.486115e-01,2.007205e+00,2.026105e-01,1.143453e-02,nan,nan,nan,nan,3.121504e-01,toroidal alone fails,1.000000e+09,1.00
-2.000000e+00,1.000000e+00,4.486115e-01,2.007205e+00,2.026105e-01,8.647990e-03,nan,nan,nan,nan,3.613556e-01,toroidal alone fails,1.000000e+09,1.00
-2.000000e+00,1.500000e+00,4.486115e-01,2.007205e+00,2.026105e-01,7.360272e-03,nan,nan,nan,nan,4.189370e-01,toroidal alone fails,1.000000e+09,1.00
-2.000000e+00,2.000000e+00,4.486115e-01,2.007205e+00,2.026105e-01,6.663299e-03,nan,nan,nan,nan,4.756771e-01,toroidal alone fails,1.000000e+09,1.00
-2.000000e+00,3.000000e+00,4.486115e-01,2.007205e+00,2.026105e-01,5.169504e-03,nan,nan,nan,nan,5.798731e-01,toroidal alone fails,1.000000e+09,1.00
0.000000e+00,5.000000e-01,3.717179e-01,2.298093e+00,2.479455e-01,7.177059e-03,nan,nan,nan,nan,2.562866e-01,toroidal alone fails,1.000000e+09,1.20
0.000000e+00,1.000000e+00,3.717179e-01,2.298093e+00,2.479455e-01,4.689220e-03,nan,nan,nan,nan,2.984127e-01,toroidal alone fails,1.000000e+09,1.20
0.000000e+00,1.500000e+00,3.717179e-01,2.298093e+00,2.479455e-01,3.484685e-03,nan,nan,nan,nan,3.391808e-01,toroidal alone fails,1.000000e+09,1.20
0.000000e+00,2.000000e+00,3.717179e-01,2.298093e+00,2.479455e-01,2.776708e-03,nan,nan,nan,nan,3.764497e-01,toroidal alone fails,1.000000e+09,1.20
0.000000e+00,3.000000e+00,3.717179e-01,2.298093e+00,2.479455e-01,1.982274e-03,nan,nan,nan,nan,4.422611e-01,toroidal alone fails,1.000000e+09,1.20
-5.000000e-01,5.000000e-01,4.008271e-01,2.298093e+00,2.479455e-01,8.321804e-03,nan,nan,nan,nan,2.493217e-01,toroidal alone fails,1.000000e+09,1.20
-5.000000e-01,1.000000e+00,4.008271e-01,2.298093e+00,2.479455e-01,5.533077e-03,nan,nan,nan,nan,2.859407e-01,toroidal alone fails,1.000000e+09,1.20
-5.000000e-01,1.500000e+00,4.008271e-01,2.298093e+00,2.479455e-01,4.181304e-03,nan,nan,nan,nan,3.221676e-01,toroidal alone fails,1.000000e+09,1.20
-5.000000e-01,2.000000e+00,4.008271e-01,2.298093e+00,2.479455e-01,3.388067e-03,nan,nan,nan,nan,3.550587e-01,toroidal alone fails,1.000000e+09,1.20
-5.000000e-01,3.000000e+00,4.008271e-01,2.298093e+00,2.479455e-01,2.500452e-03,nan,nan,nan,nan,4.121475e-01,toroidal alone fails,1.000000e+09,1.20
-1.000000e+00,5.000000e-01,4.314707e-01,2.298093e+00,2.479455e-01,9.423482e-03,nan,nan,nan,nan,2.462847e-01,toroidal alone fails,1.000000e+09,1.20
-1.000000e+00,1.000000e+00,4.314707e-01,2.298093e+00,2.479455e-01,6.344594e-03,nan,nan,nan,nan,2.795389e-01,toroidal alone fails,1.000000e+09,1.20
-1.000000e+00,1.500000e+00,4.314707e-01,2.298093e+00,2.479455e-01,4.846561e-03,nan,nan,nan,nan,3.136966e-01,toroidal alone fails,1.000000e+09,1.20
-1.000000e+00,2.000000e+00,4.314707e-01,2.298093e+00,2.479455e-01,3.973107e-03,nan,nan,nan,nan,3.447948e-01,toroidal alone fails,1.000000e+09,1.20
-1.000000e+00,3.000000e+00,4.314707e-01,2.298093e+00,2.479455e-01,3.010978e-03,nan,nan,nan,nan,3.981165e-01,toroidal alone fails,1.000000e+09,1.20
-1.500000e+00,5.000000e-01,4.487499e-01,2.298093e+00,2.479455e-01,9.834298e-03,nan,nan,nan,nan,2.520515e-01,toroidal alone fails,1.000000e+09,1.20
-1.500000e+00,1.000000e+00,4.487499e-01,2.298093e+00,2.479455e-01,6.411300e-03,nan,nan,nan,nan,2.888207e-01,toroidal alone fails,1.000000e+09,1.20
-1.500000e+00,1.500000e+00,4.487499e-01,2.298093e+00,2.479455e-01,4.733043e-03,nan,nan,nan,nan,3.298902e-01,toroidal alone fails,1.000000e+09,1.20
-1.500000e+00,2.000000e+00,4.487499e-01,2.298093e+00,2.479455e-01,3.759474e-03,nan,nan,nan,nan,3.693981e-01,toroidal alone fails,1.000000e+09,1.20
-1.500000e+00,3.000000e+00,4.487499e-01,2.298093e+00,2.479455e-01,2.707854e-03,nan,nan,nan,nan,4.408871e-01,toroidal alone fails,1.000000e+09,1.20
-2.000000e+00,5.000000e-01,4.329712e-01,2.298093e+00,2.479455e-01,9.285987e-03,nan,nan,nan,nan,2.701278e-01,toroidal alone fails,1.000000e+09,1.20
-2.000000e+00,1.000000e+00,4.329712e-01,2.298093e+00,2.479455e-01,5.689644e-03,nan,nan,nan,nan,3.164720e-01,toroidal alone fails,1.000000e+09,1.20
-2.000000e+00,1.500000e+00,4.329712e-01,2.298093e+00,2.479455e-01,3.977713e-03,nan,nan,nan,nan,3.704688e-01,toroidal alone fails,1.000000e+09,1.20
-2.000000e+00,2.000000e+00,4.329712e-01,2.298093e+00,2.479455e-01,3.025234e-03,nan,nan,nan,nan,4.240945e-01,toroidal alone fails,1.000000e+09,1.20
-2.000000e+00,3.000000e+00,4.329712e-01,2.298093e+00,2.479455e-01,2.061882e-03,nan,nan,nan,nan,5.219069e-01,toroidal alone fails,1.000000e+09,1.20
0.000000e+00,5.000000e-01,3.844966e-01,1.376430e+00,1.148274e-03,8.394257e-01,nan,nan,nan,nan,1.097008e-01,toroidal alone fails,2.000000e+09,0.05
0.000000e+00,1.000000e+00,3.844966e-01,1.376430e+00,1.148274e-03,3.112253e+00,3.856111e-01,4.603427e-01,7.251285e+11,2.163049e-03,3.346680e-01,TWISTED TORUS,2.000000e+09,0.05
0.000000e+00,1.500000e+00,3.844966e-01,1.376430e+00,1.148274e-03,8.065737e+00,4.412596e-01,4.603427e-01,7.251285e+11,2.163049e-03,3.346680e-01,TWISTED TORUS,2.000000e+09,0.05
0.000000e+00,2.000000e+00,3.844966e-01,1.376430e+00,1.148274e-03,8.367657e+00,4.921470e-01,4.603427e-01,7.251285e+11,2.163049e-03,3.346680e-01,TWISTED TORUS,2.000000e+09,0.05
0.000000e+00,3.000000e+00,3.844966e-01,1.376430e+00,1.148274e-03,7.068254e+00,5.816543e-01,4.603427e-01,7.251285e+11,2.163049e-03,3.346680e-01,TWISTED TORUS,2.000000e+09,0.05
-5.000000e-01,5.000000e-01,4.020257e-01,1.376430e+00,1.148274e-03,9.100585e-01,nan,nan,nan,nan,1.083256e-01,toroidal alone fails,2.000000e+09,0.05
-5.000000e-01,1.000000e+00,4.020257e-01,1.376430e+00,1.148274e-03,3.360891e+00,2.790452e-01,5.864158e-01,6.990621e+11,2.327367e-03,4.518236e-01,TWISTED TORUS,2.000000e+09,0.05
-5.000000e-01,1.500000e+00,4.020257e-01,1.376430e+00,1.148274e-03,9.004515e+00,3.179164e-01,5.864158e-01,6.990621e+11,2.327367e-03,4.518236e-01,TWISTED TORUS,2.000000e+09,0.05
-5.000000e-01,2.000000e+00,4.020257e-01,1.376430e+00,1.148274e-03,9.575092e+00,3.535803e-01,5.864158e-01,6.990621e+11,2.327367e-03,4.518236e-01,TWISTED TORUS,2.000000e+09,0.05
-5.000000e-01,3.000000e+00,4.020257e-01,1.376430e+00,1.148274e-03,8.232372e+00,4.168503e-01,5.864158e-01,6.990621e+11,2.327367e-03,4.518236e-01,TWISTED TORUS,2.000000e+09,0.05
-1.000000e+00,5.000000e-01,4.194745e-01,1.376430e+00,1.148274e-03,9.820219e-01,nan,nan,nan,nan,1.069219e-01,toroidal alone fails,2.000000e+09,0.05
-1.000000e+00,1.000000e+00,4.194745e-01,1.376430e+00,1.148274e-03,3.612115e+00,1.059932e-01,8.720993e-01,6.519465e+11,2.675916e-03,1.161514e+00,TWISTED TORUS,2.000000e+09,0.05
-1.000000e+00,1.500000e+00,4.194745e-01,1.376430e+00,1.148274e-03,9.971825e+00,1.200935e-01,8.720993e-01,6.519465e+11,2.675916e-03,1.161514e+00,TWISTED TORUS,2.000000e+09,0.05
-1.000000e+00,2.000000e+00,4.194745e-01,1.376430e+00,1.148274e-03,1.087711e+01,1.330643e-01,8.720993e-01,6.519465e+11,2.675916e-03,1.161514e+00,TWISTED TORUS,2.000000e+09,0.05
-1.000000e+00,3.000000e+00,4.194745e-01,1.376430e+00,1.148274e-03,9.543319e+00,1.561313e-01,8.720993e-01,6.519465e+11,2.675916e-03,1.161514e+00,TWISTED TORUS,2.000000e+09,0.05
-1.500000e+00,5.000000e-01,4.376994e-01,1.376430e+00,1.148274e-03,1.063916e+00,2.651185e-02,1.607036e+00,5.778921e+11,3.405672e-03,3.966659e+00,TWISTED TORUS,2.000000e+09,0.05
-1.500000e+00,1.000000e+00,4.376994e-01,1.376430e+00,1.148274e-03,3.930970e+00,3.010818e-02,1.607036e+00,5.778921e+11,3.405672e-03,3.966659e+00,TWISTED TORUS,2.000000e+09,0.05
-1.500000e+00,1.500000e+00,4.376994e-01,1.376430e+00,1.148274e-03,1.118842e+01,3.382425e-02,1.607036e+00,5.778921e+11,3.405672e-03,3.966659e+00,TWISTED TORUS,2.000000e+09,0.05
-1.500000e+00,2.000000e+00,4.376994e-01,1.376430e+00,1.148274e-03,1.255393e+01,3.722729e-02,1.607036e+00,5.778921e+11,3.405672e-03,3.966659e+00,TWISTED TORUS,2.000000e+09,0.05
-1.500000e+00,3.000000e+00,4.376994e-01,1.376430e+00,1.148274e-03,1.138406e+01,4.313283e-02,1.607036e+00,5.778921e+11,3.405672e-03,3.966659e+00,TWISTED TORUS,2.000000e+09,0.05
-2.000000e+00,5.000000e-01,4.559973e-01,1.376430e+00,1.148274e-03,1.180357e+00,2.647980e-02,1.668071e+01,2.243135e+11,2.260401e-02,3.966659e+00,TWISTED TORUS,2.000000e+09,0.05
-2.000000e+00,1.000000e+00,4.559973e-01,1.376430e+00,1.148274e-03,4.520216e+00,2.986214e-02,1.668071e+01,2.243135e+11,2.260401e-02,3.966659e+00,TWISTED TORUS,2.000000e+09,0.05
-2.000000e+00,1.500000e+00,4.559973e-01,1.376430e+00,1.148274e-03,1.212913e+01,3.344637e-02,1.668071e+01,2.243135e+11,2.260401e-02,3.966659e+00,TWISTED TORUS,2.000000e+09,0.05
-2.000000e+00,2.000000e+00,4.559973e-01,1.376430e+00,1.148274e-03,1.365034e+01,3.673918e-02,1.668071e+01,2.243135e+11,2.260401e-02,3.966659e+00,TWISTED TORUS,2.000000e+09,0.05
-2.000000e+00,3.000000e+00,4.559973e-01,1.376430e+00,1.148274e-03,1.252175e+01,4.237634e-02,1.668071e+01,2.243135e+11,2.260401e-02,3.966659e+00,TWISTED TORUS,2.000000e+09,0.05
0.000000e+00,5.000000e-01,3.805717e-01,1.379607e+00,2.913551e-03,3.235496e-01,nan,nan,nan,nan,1.739370e-01,toroidal alone fails,2.000000e+09,0.08
0.000000e+00,1.000000e+00,3.805717e-01,1.379607e+00,2.913551e-03,1.334141e+00,6.407818e-01,1.272370e+00,6.894142e+11,2.392963e-03,3.193355e-01,TWISTED TORUS,2.000000e+09,0.08
0.000000e+00,1.500000e+00,3.805717e-01,1.379607e+00,2.913551e-03,3.152169e+00,7.267211e-01,1.249574e+00,6.956743e+11,2.350090e-03,3.222352e-01,TWISTED TORUS,2.000000e+09,0.08
0.000000e+00,2.000000e+00,3.805717e-01,1.379607e+00,2.913551e-03,3.223535e+00,8.101086e-01,1.249574e+00,6.956743e+11,2.350090e-03,3.222352e-01,TWISTED TORUS,2.000000e+09,0.08
0.000000e+00,3.000000e+00,3.805717e-01,1.379607e+00,2.913551e-03,2.708033e+00,9.581891e-01,1.249574e+00,6.956743e+11,2.350090e-03,3.222352e-01,TWISTED TORUS,2.000000e+09,0.08
-5.000000e-01,5.000000e-01,3.977859e-01,1.379607e+00,2.913551e-03,3.510299e-01,nan,nan,nan,nan,1.717121e-01,toroidal alone fails,2.000000e+09,0.08
-5.000000e-01,1.000000e+00,3.977859e-01,1.379607e+00,2.913551e-03,1.442009e+00,4.584177e-01,1.588473e+00,6.713788e+11,2.523255e-03,4.361521e-01,TWISTED TORUS,2.000000e+09,0.08
-5.000000e-01,1.500000e+00,3.977859e-01,1.379607e+00,2.913551e-03,3.532221e+00,5.220789e-01,1.588473e+00,6.713788e+11,2.523255e-03,4.361521e-01,TWISTED TORUS,2.000000e+09,0.08
-5.000000e-01,2.000000e+00,3.977859e-01,1.379607e+00,2.913551e-03,3.695561e+00,5.807702e-01,1.588473e+00,6.713788e+11,2.523255e-03,4.361521e-01,TWISTED TORUS,2.000000e+09,0.08
-5.000000e-01,3.000000e+00,3.977859e-01,1.379607e+00,2.913551e-03,3.155306e+00,6.845096e-01,1.588473e+00,6.713788e+11,2.523255e-03,4.361521e-01,TWISTED TORUS,2.000000e+09,0.08
-1.000000e+00,5.000000e-01,4.161710e-01,1.379607e+00,2.913551e-03,3.790154e-01,nan,nan,nan,nan,1.694357e-01,toroidal alone fails,2.000000e+09,0.08
-1.000000e+00,1.000000e+00,4.161710e-01,1.379607e+00,2.913551e-03,1.551063e+00,1.734758e-01,2.351911e+00,6.274428e+11,2.889004e-03,1.125087e+00,TWISTED TORUS,2.000000e+09,0.08
-1.000000e+00,1.500000e+00,4.161710e-01,1.379607e+00,2.913551e-03,3.926267e+00,1.965357e-01,2.351911e+00,6.274428e+11,2.889004e-03,1.125087e+00,TWISTED TORUS,2.000000e+09,0.08
-1.000000e+00,2.000000e+00,4.161710e-01,1.379607e+00,2.913551e-03,4.205974e+00,2.178128e-01,2.351911e+00,6.274428e+11,2.889004e-03,1.125087e+00,TWISTED TORUS,2.000000e+09,0.08
-1.000000e+00,3.000000e+00,4.161710e-01,1.379607e+00,2.913551e-03,3.664965e+00,2.553491e-01,2.351911e+00,6.274428e+11,2.889004e-03,1.125087e+00,TWISTED TORUS,2.000000e+09,0.08
-1.500000e+00,5.000000e-01,4.341414e-01,1.379607e+00,2.913551e-03,4.110372e-01,nan,nan,nan,nan,1.666553e-01,toroidal alone fails,2.000000e+09,0.08
-1.500000e+00,1.000000e+00,4.341414e-01,1.379607e+00,2.913551e-03,1.690508e+00,4.846834e-02,4.192969e+00,5.651929e+11,3.560434e-03,3.905525e+00,TWISTED TORUS,2.000000e+09,0.08
-1.500000e+00,1.500000e+00,4.341414e-01,1.379607e+00,2.913551e-03,4.420522e+00,5.444504e-02,4.192969e+00,5.651929e+11,3.560434e-03,3.905525e+00,TWISTED TORUS,2.000000e+09,0.08
-1.500000e+00,2.000000e+00,4.341414e-01,1.379607e+00,2.913551e-03,4.865912e+00,5.990439e-02,4.192969e+00,5.651929e+11,3.560434e-03,3.905525e+00,TWISTED TORUS,2.000000e+09,0.08
-1.500000e+00,3.000000e+00,4.341414e-01,1.379607e+00,2.913551e-03,4.382654e+00,6.935080e-02,4.192969e+00,5.651929e+11,3.560434e-03,3.905525e+00,TWISTED TORUS,2.000000e+09,0.08
-2.000000e+00,5.000000e-01,4.532699e-01,1.379607e+00,2.913551e-03,4.575134e-01,nan,nan,nan,nan,1.664173e-01,toroidal alone fails,2.000000e+09,0.08
-2.000000e+00,1.000000e+00,4.532699e-01,1.379607e+00,2.913551e-03,1.953581e+00,4.733079e-02,4.215270e+01,2.227310e+11,2.292635e-02,3.966690e+00,TWISTED TORUS,2.000000e+09,0.08
-2.000000e+00,1.500000e+00,4.532699e-01,1.379607e+00,2.913551e-03,4.783040e+00,5.305130e-02,4.215270e+01,2.227310e+11,2.292635e-02,3.966690e+00,TWISTED TORUS,2.000000e+09,0.08
-2.000000e+00,2.000000e+00,4.532699e-01,1.379607e+00,2.913551e-03,5.284425e+00,5.826770e-02,4.215270e+01,2.227310e+11,2.292635e-02,3.966690e+00,TWISTED TORUS,2.000000e+09,0.08
-2.000000e+00,3.000000e+00,4.532699e-01,1.379607e+00,2.913551e-03,4.808968e+00,6.720909e-02,4.215270e+01,2.227310e+11,2.292635e-02,3.966690e+00,TWISTED TORUS,2.000000e+09,0.08
0.000000e+00,5.000000e-01,3.794684e-01,1.384227e+00,5.439249e-03,1.689087e-01,nan,nan,nan,nan,2.342161e-01,toroidal alone fails,2.000000e+09,0.11
0.000000e+00,1.000000e+00,3.794684e-01,1.384227e+00,5.439249e-03,6.995754e-01,nan,nan,nan,nan,2.753935e-01,toroidal alone fails,2.000000e+09,0.11
0.000000e+00,1.500000e+00,3.794684e-01,1.384227e+00,5.439249e-03,1.650965e+00,9.747322e-01,2.291769e+00,6.941890e+11,2.360157e-03,3.231864e-01,TWISTED TORUS,2.000000e+09,0.11
0.000000e+00,2.000000e+00,3.794684e-01,1.384227e+00,5.439249e-03,1.683137e+00,1.086856e+00,2.291769e+00,6.941890e+11,2.360157e-03,3.513417e-01,TWISTED TORUS,2.000000e+09,0.11
0.000000e+00,3.000000e+00,3.794684e-01,1.384227e+00,5.439249e-03,1.410821e+00,1.284241e+00,2.291769e+00,6.941890e+11,2.360157e-03,4.150691e-01,TWISTED TORUS,2.000000e+09,0.11
-5.000000e-01,5.000000e-01,3.972603e-01,1.384227e+00,5.439249e-03,1.834214e-01,nan,nan,nan,nan,2.312180e-01,toroidal alone fails,2.000000e+09,0.11
-5.000000e-01,1.000000e+00,3.972603e-01,1.384227e+00,5.439249e-03,7.571014e-01,nan,nan,nan,nan,2.690197e-01,toroidal alone fails,2.000000e+09,0.11
-5.000000e-01,1.500000e+00,3.972603e-01,1.384227e+00,5.439249e-03,1.852672e+00,6.991839e-01,2.916052e+00,6.696789e+11,2.536081e-03,4.381911e-01,TWISTED TORUS,2.000000e+09,0.11
-5.000000e-01,2.000000e+00,3.972603e-01,1.384227e+00,5.439249e-03,1.931885e+00,7.773941e-01,2.916052e+00,6.696789e+11,2.536081e-03,4.381911e-01,TWISTED TORUS,2.000000e+09,0.11
-5.000000e-01,3.000000e+00,3.972603e-01,1.384227e+00,5.439249e-03,1.647054e+00,9.162522e-01,2.916052e+00,6.696789e+11,2.536081e-03,4.381911e-01,TWISTED TORUS,2.000000e+09,0.11
-1.000000e+00,5.000000e-01,4.152204e-01,1.384227e+00,5.439249e-03,1.982023e-01,nan,nan,nan,nan,2.281692e-01,toroidal alone fails,2.000000e+09,0.11
-1.000000e+00,1.000000e+00,4.152204e-01,1.384227e+00,5.439249e-03,8.152805e-01,nan,nan,nan,nan,2.625967e-01,toroidal alone fails,2.000000e+09,0.11
-1.000000e+00,1.500000e+00,4.152204e-01,1.384227e+00,5.439249e-03,2.062139e+00,2.627534e-01,4.320692e+00,6.255823e+11,2.906213e-03,1.131942e+00,TWISTED TORUS,2.000000e+09,0.11
-1.000000e+00,2.000000e+00,4.152204e-01,1.384227e+00,5.439249e-03,2.200951e+00,2.910871e-01,4.320692e+00,6.255823e+11,2.906213e-03,1.131942e+00,TWISTED TORUS,2.000000e+09,0.11
-1.000000e+00,3.000000e+00,4.152204e-01,1.384227e+00,5.439249e-03,1.913355e+00,3.413775e-01,4.320692e+00,6.255823e+11,2.906213e-03,1.131942e+00,TWISTED TORUS,2.000000e+09,0.11
-1.500000e+00,5.000000e-01,4.331411e-01,1.384227e+00,5.439249e-03,2.151283e-01,nan,nan,nan,nan,2.244051e-01,toroidal alone fails,2.000000e+09,0.11
-1.500000e+00,1.000000e+00,4.331411e-01,1.384227e+00,5.439249e-03,8.897661e-01,nan,nan,nan,nan,2.546834e-01,toroidal alone fails,2.000000e+09,0.11
-1.500000e+00,1.500000e+00,4.331411e-01,1.384227e+00,5.439249e-03,2.326213e+00,7.274668e-02,7.697996e+00,5.634371e+11,3.582660e-03,3.929474e+00,TWISTED TORUS,2.000000e+09,0.11
-1.500000e+00,2.000000e+00,4.331411e-01,1.384227e+00,5.439249e-03,2.549718e+00,8.003982e-02,7.697996e+00,5.634371e+11,3.582660e-03,3.929474e+00,TWISTED TORUS,2.000000e+09,0.11
-1.500000e+00,3.000000e+00,4.331411e-01,1.384227e+00,5.439249e-03,2.291897e+00,9.265183e-02,7.697996e+00,5.634371e+11,3.582660e-03,3.929474e+00,TWISTED TORUS,2.000000e+09,0.11
-2.000000e+00,5.000000e-01,4.525431e-01,1.384227e+00,5.439249e-03,2.395369e-01,nan,nan,nan,nan,2.241542e-01,toroidal alone fails,2.000000e+09,0.11
-2.000000e+00,1.000000e+00,4.525431e-01,1.384227e+00,5.439249e-03,1.028641e+00,6.375420e-02,7.823997e+01,2.206155e+11,2.336816e-02,3.966733e+00,TWISTED TORUS,2.000000e+09,0.11
-2.000000e+00,1.500000e+00,4.525431e-01,1.384227e+00,5.439249e-03,2.514111e+00,7.143465e-02,7.823997e+01,2.206155e+11,2.336816e-02,3.966733e+00,TWISTED TORUS,2.000000e+09,0.11
-2.000000e+00,2.000000e+00,4.525431e-01,1.384227e+00,5.439249e-03,2.763211e+00,7.848243e-02,7.823997e+01,2.206155e+11,2.336816e-02,3.966733e+00,TWISTED TORUS,2.000000e+09,0.11
-2.000000e+00,3.000000e+00,4.525431e-01,1.384227e+00,5.439249e-03,2.506683e+00,9.057012e-02,7.823997e+01,2.206155e+11,2.336816e-02,3.966733e+00,TWISTED TORUS,2.000000e+09,0.11
0.000000e+00,5.000000e-01,3.836174e-01,1.392590e+00,9.893714e-03,9.973555e-02,nan,nan,nan,nan,3.072210e-01,toroidal alone fails,2.000000e+09,0.15
0.000000e+00,1.000000e+00,3.836174e-01,1.392590e+00,9.893714e-03,3.697977e-01,nan,nan,nan,nan,3.609210e-01,toroidal alone fails,2.000000e+09,0.15
0.000000e+00,1.500000e+00,3.836174e-01,1.392590e+00,9.893714e-03,8.701323e-01,nan,nan,nan,nan,4.126607e-01,toroidal alone fails,2.000000e+09,0.15
0.000000e+00,2.000000e+00,3.836174e-01,1.392590e+00,9.893714e-03,8.849542e-01,nan,nan,nan,nan,4.600230e-01,toroidal alone fails,2.000000e+09,0.15
0.000000e+00,3.000000e+00,3.836174e-01,1.392590e+00,9.893714e-03,7.408165e-01,nan,nan,nan,nan,5.434758e-01,toroidal alone fails,2.000000e+09,0.15
-5.000000e-01,5.000000e-01,4.008083e-01,1.392590e+00,9.893714e-03,1.085178e-01,nan,nan,nan,nan,3.032821e-01,toroidal alone fails,2.000000e+09,0.15
-5.000000e-01,1.000000e+00,4.008083e-01,1.392590e+00,9.893714e-03,4.014180e-01,nan,nan,nan,nan,3.525914e-01,toroidal alone fails,2.000000e+09,0.15
-5.000000e-01,1.500000e+00,4.008083e-01,1.392590e+00,9.893714e-03,9.787591e-01,nan,nan,nan,nan,4.013307e-01,toroidal alone fails,2.000000e+09,0.15
-5.000000e-01,2.000000e+00,4.008083e-01,1.392590e+00,9.893714e-03,1.017989e+00,1.035397e+00,5.415093e+00,6.500751e+11,2.691345e-03,4.460953e-01,TWISTED TORUS,2.000000e+09,0.15
-5.000000e-01,3.000000e+00,4.008083e-01,1.392590e+00,9.893714e-03,8.660336e-01,nan,nan,nan,nan,5.255989e-01,toroidal alone fails,2.000000e+09,0.15
-1.000000e+00,5.000000e-01,4.183547e-01,1.392590e+00,9.893714e-03,1.174667e-01,nan,nan,nan,nan,2.993309e-01,toroidal alone fails,2.000000e+09,0.15
-1.000000e+00,1.000000e+00,4.183547e-01,1.392590e+00,9.893714e-03,4.334702e-01,nan,nan,nan,nan,3.440962e-01,toroidal alone fails,2.000000e+09,0.15
-1.000000e+00,1.500000e+00,4.183547e-01,1.392590e+00,9.893714e-03,1.091763e+00,3.485442e-01,8.008526e+00,6.077454e+11,3.079308e-03,1.117481e+00,TWISTED TORUS,2.000000e+09,0.15
-1.000000e+00,2.000000e+00,4.183547e-01,1.392590e+00,9.893714e-03,1.162272e+00,3.860792e-01,8.008526e+00,6.077454e+11,3.079308e-03,1.117481e+00,TWISTED TORUS,2.000000e+09,0.15
-1.000000e+00,3.000000e+00,4.183547e-01,1.392590e+00,9.893714e-03,1.008831e+00,4.525339e-01,8.008526e+00,6.077454e+11,3.079308e-03,1.117481e+00,TWISTED TORUS,2.000000e+09,0.15
-1.500000e+00,5.000000e-01,4.376012e-01,1.392590e+00,9.893714e-03,1.277219e-01,nan,nan,nan,nan,2.945183e-01,toroidal alone fails,2.000000e+09,0.15
-1.500000e+00,1.000000e+00,4.376012e-01,1.392590e+00,9.893714e-03,4.744970e-01,nan,nan,nan,nan,3.337738e-01,toroidal alone fails,2.000000e+09,0.15
-1.500000e+00,1.500000e+00,4.376012e-01,1.392590e+00,9.893714e-03,1.234181e+00,9.629515e-02,1.419462e+01,5.483112e+11,3.783050e-03,3.887501e+00,TWISTED TORUS,2.000000e+09,0.15
-1.500000e+00,2.000000e+00,4.376012e-01,1.392590e+00,9.893714e-03,1.349815e+00,1.058775e-01,1.419462e+01,5.483112e+11,3.783050e-03,3.887501e+00,TWISTED TORUS,2.000000e+09,0.15
-1.500000e+00,3.000000e+00,4.376012e-01,1.392590e+00,9.893714e-03,1.211414e+00,1.224559e-01,1.419462e+01,5.483112e+11,3.783050e-03,3.887501e+00,TWISTED TORUS,2.000000e+09,0.15
-2.000000e+00,5.000000e-01,4.566685e-01,1.392590e+00,9.893714e-03,1.418099e-01,nan,nan,nan,nan,2.945843e-01,toroidal alone fails,2.000000e+09,0.15
-2.000000e+00,1.000000e+00,4.566685e-01,1.392590e+00,9.893714e-03,5.450621e-01,nan,nan,nan,nan,3.319010e-01,toroidal alone fails,2.000000e+09,0.15
-2.000000e+00,1.500000e+00,4.566685e-01,1.392590e+00,9.893714e-03,1.331099e+00,9.377561e-02,1.408819e+02,2.168709e+11,2.418209e-02,3.966809e+00,TWISTED TORUS,2.000000e+09,0.15
-2.000000e+00,2.000000e+00,4.566685e-01,1.392590e+00,9.893714e-03,1.456559e+00,1.030510e-01,1.408819e+02,2.168709e+11,2.418209e-02,3.966809e+00,TWISTED TORUS,2.000000e+09,0.15
-2.000000e+00,3.000000e+00,4.566685e-01,1.392590e+00,9.893714e-03,1.315244e+00,1.190142e-01,1.408819e+02,2.168709e+11,2.418209e-02,3.966809e+00,TWISTED TORUS,2.000000e+09,0.15
0.000000e+00,5.000000e-01,3.834872e-01,1.406485e+00,1.699174e-02,5.323960e-02,nan,nan,nan,nan,3.861383e-01,toroidal alone fails,2.000000e+09,0.20
0.000000e+00,1.000000e+00,3.834872e-01,1.406485e+00,1.699174e-02,2.004029e-01,nan,nan,nan,nan,4.529552e-01,toroidal alone fails,2.000000e+09,0.20
0.000000e+00,1.500000e+00,3.834872e-01,1.406485e+00,1.699174e-02,4.746934e-01,nan,nan,nan,nan,5.176627e-01,toroidal alone fails,2.000000e+09,0.20
0.000000e+00,2.000000e+00,3.834872e-01,1.406485e+00,1.699174e-02,4.791559e-01,nan,nan,nan,nan,5.768658e-01,toroidal alone fails,2.000000e+09,0.20
0.000000e+00,3.000000e+00,3.834872e-01,1.406485e+00,1.699174e-02,3.995366e-01,nan,nan,nan,nan,6.812932e-01,toroidal alone fails,2.000000e+09,0.20
-5.000000e-01,5.000000e-01,4.022058e-01,1.406485e+00,1.699174e-02,5.806973e-02,nan,nan,nan,nan,3.812634e-01,toroidal alone fails,2.000000e+09,0.20
-5.000000e-01,1.000000e+00,4.022058e-01,1.406485e+00,1.699174e-02,2.182662e-01,nan,nan,nan,nan,4.424874e-01,toroidal alone fails,2.000000e+09,0.20
-5.000000e-01,1.500000e+00,4.022058e-01,1.406485e+00,1.699174e-02,5.362322e-01,nan,nan,nan,nan,5.032813e-01,toroidal alone fails,2.000000e+09,0.20
-5.000000e-01,2.000000e+00,4.022058e-01,1.406485e+00,1.699174e-02,5.531280e-01,nan,nan,nan,nan,5.593546e-01,toroidal alone fails,2.000000e+09,0.20
-5.000000e-01,3.000000e+00,4.022058e-01,1.406485e+00,1.699174e-02,4.685641e-01,nan,nan,nan,nan,6.587777e-01,toroidal alone fails,2.000000e+09,0.20
-1.000000e+00,5.000000e-01,4.194068e-01,1.406485e+00,1.699174e-02,6.298852e-02,nan,nan,nan,nan,3.762705e-01,toroidal alone fails,2.000000e+09,0.20
-1.000000e+00,1.000000e+00,4.194068e-01,1.406485e+00,1.699174e-02,2.363991e-01,nan,nan,nan,nan,4.319038e-01,toroidal alone fails,2.000000e+09,0.20
-1.000000e+00,1.500000e+00,4.194068e-01,1.406485e+00,1.699174e-02,6.005255e-01,nan,nan,nan,nan,4.885056e-01,toroidal alone fails,2.000000e+09,0.20
-1.000000e+00,2.000000e+00,4.194068e-01,1.406485e+00,1.699174e-02,6.336600e-01,nan,nan,nan,nan,5.407580e-01,toroidal alone fails,2.000000e+09,0.20
-1.000000e+00,3.000000e+00,4.194068e-01,1.406485e+00,1.699174e-02,5.474010e-01,nan,nan,nan,nan,6.331904e-01,toroidal alone fails,2.000000e+09,0.20
-1.500000e+00,5.000000e-01,4.380497e-01,1.406485e+00,1.699174e-02,6.863962e-02,nan,nan,nan,nan,3.704064e-01,toroidal alone fails,2.000000e+09,0.20
-1.500000e+00,1.000000e+00,4.380497e-01,1.406485e+00,1.699174e-02,2.597036e-01,nan,nan,nan,nan,4.188607e-01,toroidal alone fails,2.000000e+09,0.20
-1.500000e+00,1.500000e+00,4.380497e-01,1.406485e+00,1.699174e-02,6.819013e-01,nan,nan,nan,nan,4.692755e-01,toroidal alone fails,2.000000e+09,0.20
-1.500000e+00,2.000000e+00,4.380497e-01,1.406485e+00,1.699174e-02,7.390162e-01,nan,nan,nan,nan,5.153837e-01,toroidal alone fails,2.000000e+09,0.20
-1.500000e+00,3.000000e+00,4.380497e-01,1.406485e+00,1.699174e-02,6.606363e-01,nan,nan,nan,nan,5.951138e-01,toroidal alone fails,2.000000e+09,0.20
-2.000000e+00,5.000000e-01,4.581685e-01,1.406485e+00,1.699174e-02,7.629270e-02,nan,nan,nan,nan,3.709842e-01,toroidal alone fails,2.000000e+09,0.20
-2.000000e+00,1.000000e+00,4.581685e-01,1.406485e+00,1.699174e-02,2.984994e-01,nan,nan,nan,nan,4.175528e-01,toroidal alone fails,2.000000e+09,0.20
-2.000000e+00,1.500000e+00,4.581685e-01,1.406485e+00,1.699174e-02,7.328716e-01,nan,nan,nan,nan,4.678779e-01,toroidal alone fails,2.000000e+09,0.20
-2.000000e+00,2.000000e+00,4.581685e-01,1.406485e+00,1.699174e-02,7.920528e-01,nan,nan,nan,nan,5.143533e-01,toroidal alone fails,2.000000e+09,0.20
-2.000000e+00,3.000000e+00,4.581685e-01,1.406485e+00,1.699174e-02,7.093060e-01,nan,nan,nan,nan,5.946993e-01,toroidal alone fails,2.000000e+09,0.20
0.000000e+00,5.000000e-01,3.843722e-01,1.445174e+00,3.511119e-02,2.866805e-02,nan,nan,nan,nan,4.996439e-01,toroidal alone fails,2.000000e+09,0.30
0.000000e+00,1.000000e+00,3.843722e-01,1.445174e+00,3.511119e-02,9.043719e-02,nan,nan,nan,nan,5.846704e-01,toroidal alone fails,2.000000e+09,0.30
0.000000e+00,1.500000e+00,3.843722e-01,1.445174e+00,3.511119e-02,1.939297e-01,nan,nan,nan,nan,6.672835e-01,toroidal alone fails,2.000000e+09,0.30
0.000000e+00,2.000000e+00,3.843722e-01,1.445174e+00,3.511119e-02,1.921907e-01,nan,nan,nan,nan,7.428419e-01,toroidal alone fails,2.000000e+09,0.30
0.000000e+00,3.000000e+00,3.843722e-01,1.445174e+00,3.511119e-02,1.589121e-01,nan,nan,nan,nan,8.769145e-01,toroidal alone fails,2.000000e+09,0.30
-5.000000e-01,5.000000e-01,4.052164e-01,1.445174e+00,3.511119e-02,3.149797e-02,nan,nan,nan,nan,4.933883e-01,toroidal alone fails,2.000000e+09,0.30
-5.000000e-01,1.000000e+00,4.052164e-01,1.445174e+00,3.511119e-02,9.954635e-02,nan,nan,nan,nan,5.708649e-01,toroidal alone fails,2.000000e+09,0.30
-5.000000e-01,1.500000e+00,4.052164e-01,1.445174e+00,3.511119e-02,2.213562e-01,nan,nan,nan,nan,6.484754e-01,toroidal alone fails,2.000000e+09,0.30
-5.000000e-01,2.000000e+00,4.052164e-01,1.445174e+00,3.511119e-02,2.237597e-01,nan,nan,nan,nan,7.198290e-01,toroidal alone fails,2.000000e+09,0.30
-5.000000e-01,3.000000e+00,4.052164e-01,1.445174e+00,3.511119e-02,1.876304e-01,nan,nan,nan,nan,8.467471e-01,toroidal alone fails,2.000000e+09,0.30
-1.000000e+00,5.000000e-01,4.232642e-01,1.445174e+00,3.511119e-02,3.438369e-02,nan,nan,nan,nan,4.869140e-01,toroidal alone fails,2.000000e+09,0.30
-1.000000e+00,1.000000e+00,4.232642e-01,1.445174e+00,3.511119e-02,1.088851e-01,nan,nan,nan,nan,5.568026e-01,toroidal alone fails,2.000000e+09,0.30
-1.000000e+00,1.500000e+00,4.232642e-01,1.445174e+00,3.511119e-02,2.503857e-01,nan,nan,nan,nan,6.287390e-01,toroidal alone fails,2.000000e+09,0.30
-1.000000e+00,2.000000e+00,4.232642e-01,1.445174e+00,3.511119e-02,2.585502e-01,nan,nan,nan,nan,6.951944e-01,toroidal alone fails,2.000000e+09,0.30
-1.000000e+00,3.000000e+00,4.232642e-01,1.445174e+00,3.511119e-02,2.211595e-01,nan,nan,nan,nan,8.128396e-01,toroidal alone fails,2.000000e+09,0.30
-1.500000e+00,5.000000e-01,4.430239e-01,1.445174e+00,3.511119e-02,3.773223e-02,nan,nan,nan,nan,4.798034e-01,toroidal alone fails,2.000000e+09,0.30
-1.500000e+00,1.000000e+00,4.430239e-01,1.445174e+00,3.511119e-02,1.210120e-01,nan,nan,nan,nan,5.404006e-01,toroidal alone fails,2.000000e+09,0.30
-1.500000e+00,1.500000e+00,4.430239e-01,1.445174e+00,3.511119e-02,2.877009e-01,nan,nan,nan,nan,6.039311e-01,toroidal alone fails,2.000000e+09,0.30
-1.500000e+00,2.000000e+00,4.430239e-01,1.445174e+00,3.511119e-02,3.048717e-01,nan,nan,nan,nan,6.622561e-01,toroidal alone fails,2.000000e+09,0.30
-1.500000e+00,3.000000e+00,4.430239e-01,1.445174e+00,3.511119e-02,2.699704e-01,nan,nan,nan,nan,7.626599e-01,toroidal alone fails,2.000000e+09,0.30
-2.000000e+00,5.000000e-01,4.624631e-01,1.445174e+00,3.511119e-02,4.149542e-02,nan,nan,nan,nan,4.824463e-01,toroidal alone fails,2.000000e+09,0.30
-2.000000e+00,1.000000e+00,4.624631e-01,1.445174e+00,3.511119e-02,1.358197e-01,nan,nan,nan,nan,5.415163e-01,toroidal alone fails,2.000000e+09,0.30
-2.000000e+00,1.500000e+00,4.624631e-01,1.445174e+00,3.511119e-02,3.042546e-01,nan,nan,nan,nan,6.072296e-01,toroidal alone fails,2.000000e+09,0.30
-2.000000e+00,2.000000e+00,4.624631e-01,1.445174e+00,3.511119e-02,3.206125e-01,nan,nan,nan,nan,6.684298e-01,toroidal alone fails,2.000000e+09,0.30
-2.000000e+00,3.000000e+00,4.624631e-01,1.445174e+00,3.511119e-02,2.814538e-01,nan,nan,nan,nan,7.751695e-01,toroidal alone fails,2.000000e+09,0.30
0.000000e+00,5.000000e-01,3.820725e-01,1.528477e+00,6.824319e-02,1.593134e-02,nan,nan,nan,nan,5.777847e-01,toroidal alone fails,2.000000e+09,0.45
0.000000e+00,1.000000e+00,3.820725e-01,1.528477e+00,6.824319e-02,4.137644e-02,nan,nan,nan,nan,6.741703e-01,toroidal alone fails,2.000000e+09,0.45
0.000000e+00,1.500000e+00,3.820725e-01,1.528477e+00,6.824319e-02,7.210481e-02,nan,nan,nan,nan,7.682932e-01,toroidal alone fails,2.000000e+09,0.45
0.000000e+00,2.000000e+00,3.820725e-01,1.528477e+00,6.824319e-02,6.943271e-02,nan,nan,nan,nan,8.545574e-01,toroidal alone fails,2.000000e+09,0.45
0.000000e+00,3.000000e+00,3.820725e-01,1.528477e+00,6.824319e-02,5.665183e-02,nan,nan,nan,nan,1.007352e+00,toroidal alone fails,2.000000e+09,0.45
-5.000000e-01,5.000000e-01,4.045622e-01,1.528477e+00,6.824319e-02,1.772385e-02,nan,nan,nan,nan,5.701333e-01,toroidal alone fails,2.000000e+09,0.45
-5.000000e-01,1.000000e+00,4.045622e-01,1.528477e+00,6.824319e-02,4.637216e-02,nan,nan,nan,nan,6.576431e-01,toroidal alone fails,2.000000e+09,0.45
-5.000000e-01,1.500000e+00,4.045622e-01,1.528477e+00,6.824319e-02,8.378467e-02,nan,nan,nan,nan,7.455057e-01,toroidal alone fails,2.000000e+09,0.45
-5.000000e-01,2.000000e+00,4.045622e-01,1.528477e+00,6.824319e-02,8.200509e-02,nan,nan,nan,nan,8.267416e-01,toroidal alone fails,2.000000e+09,0.45
-5.000000e-01,3.000000e+00,4.045622e-01,1.528477e+00,6.824319e-02,6.781975e-02,nan,nan,nan,nan,9.711713e-01,toroidal alone fails,2.000000e+09,0.45
-1.000000e+00,5.000000e-01,4.244879e-01,1.528477e+00,6.824319e-02,1.957055e-02,nan,nan,nan,nan,5.621245e-01,toroidal alone fails,2.000000e+09,0.45
-1.000000e+00,1.000000e+00,4.244879e-01,1.528477e+00,6.824319e-02,5.161191e-02,nan,nan,nan,nan,6.401622e-01,toroidal alone fails,2.000000e+09,0.45
-1.000000e+00,1.500000e+00,4.244879e-01,1.528477e+00,6.824319e-02,9.650579e-02,nan,nan,nan,nan,7.208859e-01,toroidal alone fails,2.000000e+09,0.45
-1.000000e+00,2.000000e+00,4.244879e-01,1.528477e+00,6.824319e-02,9.625091e-02,nan,nan,nan,nan,7.957151e-01,toroidal alone fails,2.000000e+09,0.45
-1.000000e+00,3.000000e+00,4.244879e-01,1.528477e+00,6.824319e-02,8.123358e-02,nan,nan,nan,nan,9.277939e-01,toroidal alone fails,2.000000e+09,0.45
-1.500000e+00,5.000000e-01,4.451241e-01,1.528477e+00,6.824319e-02,2.176376e-02,nan,nan,nan,nan,5.554495e-01,toroidal alone fails,2.000000e+09,0.45
-1.500000e+00,1.000000e+00,4.451241e-01,1.528477e+00,6.824319e-02,5.860076e-02,nan,nan,nan,nan,6.229991e-01,toroidal alone fails,2.000000e+09,0.45
-1.500000e+00,1.500000e+00,4.451241e-01,1.528477e+00,6.824319e-02,1.130659e-01,nan,nan,nan,nan,6.945976e-01,toroidal alone fails,2.000000e+09,0.45
-1.500000e+00,2.000000e+00,4.451241e-01,1.528477e+00,6.824319e-02,1.149753e-01,nan,nan,nan,nan,7.606050e-01,toroidal alone fails,2.000000e+09,0.45
-1.500000e+00,3.000000e+00,4.451241e-01,1.528477e+00,6.824319e-02,1.002650e-01,nan,nan,nan,nan,8.735707e-01,toroidal alone fails,2.000000e+09,0.45
-2.000000e+00,5.000000e-01,4.657753e-01,1.528477e+00,6.824319e-02,2.335222e-02,nan,nan,nan,nan,5.617329e-01,toroidal alone fails,2.000000e+09,0.45
-2.000000e+00,1.000000e+00,4.657753e-01,1.528477e+00,6.824319e-02,6.193865e-02,nan,nan,nan,nan,6.304903e-01,toroidal alone fails,2.000000e+09,0.45
-2.000000e+00,1.500000e+00,4.657753e-01,1.528477e+00,6.824319e-02,1.156873e-01,nan,nan,nan,nan,7.082684e-01,toroidal alone fails,2.000000e+09,0.45
-2.000000e+00,2.000000e+00,4.657753e-01,1.528477e+00,6.824319e-02,1.169823e-01,nan,nan,nan,nan,7.816393e-01,toroidal alone fails,2.000000e+09,0.45
-2.000000e+00,3.000000e+00,4.657753e-01,1.528477e+00,6.824319e-02,9.954518e-02,nan,nan,nan,nan,9.112439e-01,toroidal alone fails,2.000000e+09,0.45
0.000000e+00,5.000000e-01,3.770146e-01,1.683668e+00,1.167636e-01,9.775001e-03,nan,nan,nan,nan,5.744694e-01,toroidal alone fails,2.000000e+09,0.65
0.000000e+00,1.000000e+00,3.770146e-01,1.683668e+00,1.167636e-01,1.846249e-02,nan,nan,nan,nan,6.690152e-01,toroidal alone fails,2.000000e+09,0.65
0.000000e+00,1.500000e+00,3.770146e-01,1.683668e+00,1.167636e-01,2.524438e-02,nan,nan,nan,nan,7.614355e-01,toroidal alone fails,2.000000e+09,0.65
0.000000e+00,2.000000e+00,3.770146e-01,1.683668e+00,1.167636e-01,2.376715e-02,nan,nan,nan,nan,8.462242e-01,toroidal alone fails,2.000000e+09,0.65
0.000000e+00,3.000000e+00,3.770146e-01,1.683668e+00,1.167636e-01,1.921688e-02,nan,nan,nan,nan,9.963607e-01,toroidal alone fails,2.000000e+09,0.65
-5.000000e-01,5.000000e-01,3.989966e-01,1.683668e+00,1.167636e-01,1.103876e-02,nan,nan,nan,nan,5.656753e-01,toroidal alone fails,2.000000e+09,0.65
-5.000000e-01,1.000000e+00,3.989966e-01,1.683668e+00,1.167636e-01,2.122862e-02,nan,nan,nan,nan,6.508487e-01,toroidal alone fails,2.000000e+09,0.65
-5.000000e-01,1.500000e+00,3.989966e-01,1.683668e+00,1.167636e-01,2.996781e-02,nan,nan,nan,nan,7.366556e-01,toroidal alone fails,2.000000e+09,0.65
-5.000000e-01,2.000000e+00,3.989966e-01,1.683668e+00,1.167636e-01,2.862974e-02,nan,nan,nan,nan,8.159326e-01,toroidal alone fails,2.000000e+09,0.65
-5.000000e-01,3.000000e+00,3.989966e-01,1.683668e+00,1.167636e-01,2.346415e-02,nan,nan,nan,nan,9.567078e-01,toroidal alone fails,2.000000e+09,0.65
-1.000000e+00,5.000000e-01,4.225543e-01,1.683668e+00,1.167636e-01,1.234089e-02,nan,nan,nan,nan,5.561113e-01,toroidal alone fails,2.000000e+09,0.65
-1.000000e+00,1.000000e+00,4.225543e-01,1.683668e+00,1.167636e-01,2.426098e-02,nan,nan,nan,nan,6.308251e-01,toroidal alone fails,2.000000e+09,0.65
-1.000000e+00,1.500000e+00,4.225543e-01,1.683668e+00,1.167636e-01,3.536113e-02,nan,nan,nan,nan,7.083077e-01,toroidal alone fails,2.000000e+09,0.65
-1.000000e+00,2.000000e+00,4.225543e-01,1.683668e+00,1.167636e-01,3.442659e-02,nan,nan,nan,nan,7.796765e-01,toroidal alone fails,2.000000e+09,0.65
-1.000000e+00,3.000000e+00,4.225543e-01,1.683668e+00,1.167636e-01,2.893596e-02,nan,nan,nan,nan,9.046491e-01,toroidal alone fails,2.000000e+09,0.65
-1.500000e+00,5.000000e-01,4.446557e-01,1.683668e+00,1.167636e-01,1.382110e-02,nan,nan,nan,nan,5.529737e-01,toroidal alone fails,2.000000e+09,0.65
-1.500000e+00,1.000000e+00,4.446557e-01,1.683668e+00,1.167636e-01,2.803300e-02,nan,nan,nan,nan,6.196850e-01,toroidal alone fails,2.000000e+09,0.65
-1.500000e+00,1.500000e+00,4.446557e-01,1.683668e+00,1.167636e-01,4.160532e-02,nan,nan,nan,nan,6.911807e-01,toroidal alone fails,2.000000e+09,0.65
-1.500000e+00,2.000000e+00,4.446557e-01,1.683668e+00,1.167636e-01,4.087431e-02,nan,nan,nan,nan,7.569653e-01,toroidal alone fails,2.000000e+09,0.65
-1.500000e+00,3.000000e+00,4.446557e-01,1.683668e+00,1.167636e-01,3.494715e-02,nan,nan,nan,nan,8.710247e-01,toroidal alone fails,2.000000e+09,0.65
-2.000000e+00,5.000000e-01,4.660418e-01,1.683668e+00,1.167636e-01,1.430719e-02,nan,nan,nan,nan,5.649974e-01,toroidal alone fails,2.000000e+09,0.65
-2.000000e+00,1.000000e+00,4.660418e-01,1.683668e+00,1.167636e-01,2.734712e-02,nan,nan,nan,nan,6.374113e-01,toroidal alone fails,2.000000e+09,0.65
-2.000000e+00,1.500000e+00,4.660418e-01,1.683668e+00,1.167636e-01,4.088543e-02,nan,nan,nan,nan,7.217663e-01,toroidal alone fails,2.000000e+09,0.65
-2.000000e+00,2.000000e+00,4.660418e-01,1.683668e+00,1.167636e-01,3.942758e-02,nan,nan,nan,nan,8.032377e-01,toroidal alone fails,2.000000e+09,0.65
-2.000000e+00,3.000000e+00,4.660418e-01,1.683668e+00,1.167636e-01,3.214988e-02,nan,nan,nan,nan,9.502675e-01,toroidal alone fails,2.000000e+09,0.65
0.000000e+00,5.000000e-01,3.767046e-01,2.080372e+00,2.011410e-01,5.594729e-03,nan,nan,nan,nan,4.563831e-01,toroidal alone fails,2.000000e+09,1.00
0.000000e+00,1.000000e+00,3.767046e-01,2.080372e+00,2.011410e-01,5.231080e-03,nan,nan,nan,nan,5.306760e-01,toroidal alone fails,2.000000e+09,1.00
0.000000e+00,1.500000e+00,3.767046e-01,2.080372e+00,2.011410e-01,5.460930e-03,nan,nan,nan,nan,6.032382e-01,toroidal alone fails,2.000000e+09,1.00
0.000000e+00,2.000000e+00,3.767046e-01,2.080372e+00,2.011410e-01,5.136774e-03,nan,nan,nan,nan,6.697790e-01,toroidal alone fails,2.000000e+09,1.00
0.000000e+00,3.000000e+00,3.767046e-01,2.080372e+00,2.011410e-01,4.177043e-03,nan,nan,nan,nan,7.876838e-01,toroidal alone fails,2.000000e+09,1.00
-5.000000e-01,5.000000e-01,4.040893e-01,2.080372e+00,2.011410e-01,6.499826e-03,nan,nan,nan,nan,4.470421e-01,toroidal alone fails,2.000000e+09,1.00
-5.000000e-01,1.000000e+00,4.040893e-01,2.080372e+00,2.011410e-01,6.246034e-03,nan,nan,nan,nan,5.126289e-01,toroidal alone fails,2.000000e+09,1.00
-5.000000e-01,1.500000e+00,4.040893e-01,2.080372e+00,2.011410e-01,6.692673e-03,nan,nan,nan,nan,5.786170e-01,toroidal alone fails,2.000000e+09,1.00
-5.000000e-01,2.000000e+00,4.040893e-01,2.080372e+00,2.011410e-01,6.405147e-03,nan,nan,nan,nan,6.392221e-01,toroidal alone fails,2.000000e+09,1.00
-5.000000e-01,3.000000e+00,4.040893e-01,2.080372e+00,2.011410e-01,5.318560e-03,nan,nan,nan,nan,7.459111e-01,toroidal alone fails,2.000000e+09,1.00
-1.000000e+00,5.000000e-01,4.300920e-01,2.080372e+00,2.011410e-01,7.416548e-03,nan,nan,nan,nan,4.397549e-01,toroidal alone fails,2.000000e+09,1.00
-1.000000e+00,1.000000e+00,4.300920e-01,2.080372e+00,2.011410e-01,7.481258e-03,nan,nan,nan,nan,4.961645e-01,toroidal alone fails,2.000000e+09,1.00
-1.000000e+00,1.500000e+00,4.300920e-01,2.080372e+00,2.011410e-01,8.271120e-03,nan,nan,nan,nan,5.543618e-01,toroidal alone fails,2.000000e+09,1.00
-1.000000e+00,2.000000e+00,4.300920e-01,2.080372e+00,2.011410e-01,8.083266e-03,nan,nan,nan,nan,6.072133e-01,toroidal alone fails,2.000000e+09,1.00
-1.000000e+00,3.000000e+00,4.300920e-01,2.080372e+00,2.011410e-01,6.944950e-03,nan,nan,nan,nan,6.982263e-01,toroidal alone fails,2.000000e+09,1.00
-1.500000e+00,5.000000e-01,4.561924e-01,2.080372e+00,2.011410e-01,8.194047e-03,nan,nan,nan,nan,4.440088e-01,toroidal alone fails,2.000000e+09,1.00
-1.500000e+00,1.000000e+00,4.561924e-01,2.080372e+00,2.011410e-01,8.172648e-03,nan,nan,nan,nan,5.009701e-01,toroidal alone fails,2.000000e+09,1.00
-1.500000e+00,1.500000e+00,4.561924e-01,2.080372e+00,2.011410e-01,8.992438e-03,nan,nan,nan,nan,5.643355e-01,toroidal alone fails,2.000000e+09,1.00
-1.500000e+00,2.000000e+00,4.561924e-01,2.080372e+00,2.011410e-01,8.656187e-03,nan,nan,nan,nan,6.242105e-01,toroidal alone fails,2.000000e+09,1.00
-1.500000e+00,3.000000e+00,4.561924e-01,2.080372e+00,2.011410e-01,7.200680e-03,nan,nan,nan,nan,7.301280e-01,toroidal alone fails,2.000000e+09,1.00
-2.000000e+00,5.000000e-01,4.560494e-01,2.080372e+00,2.011410e-01,8.074612e-03,nan,nan,nan,nan,4.664693e-01,toroidal alone fails,2.000000e+09,1.00
-2.000000e+00,1.000000e+00,4.560494e-01,2.080372e+00,2.011410e-01,7.648239e-03,nan,nan,nan,nan,5.355002e-01,toroidal alone fails,2.000000e+09,1.00
-2.000000e+00,1.500000e+00,4.560494e-01,2.080372e+00,2.011410e-01,8.025700e-03,nan,nan,nan,nan,6.181076e-01,toroidal alone fails,2.000000e+09,1.00
-2.000000e+00,2.000000e+00,4.560494e-01,2.080372e+00,2.011410e-01,7.451885e-03,nan,nan,nan,nan,7.001789e-01,toroidal alone fails,2.000000e+09,1.00
-2.000000e+00,3.000000e+00,4.560494e-01,2.080372e+00,2.011410e-01,5.778805e-03,nan,nan,nan,nan,8.517827e-01,toroidal alone fails,2.000000e+09,1.00
0.000000e+00,5.000000e-01,3.759047e-01,2.389603e+00,2.462455e-01,4.676202e-03,nan,nan,nan,nan,3.796398e-01,toroidal alone fails,2.000000e+09,1.20
0.000000e+00,1.000000e+00,3.759047e-01,2.389603e+00,2.462455e-01,3.342312e-03,nan,nan,nan,nan,4.410590e-01,toroidal alone fails,2.000000e+09,1.20
0.000000e+00,1.500000e+00,3.759047e-01,2.389603e+00,2.462455e-01,2.713831e-03,nan,nan,nan,nan,5.009734e-01,toroidal alone fails,2.000000e+09,1.20
0.000000e+00,2.000000e+00,3.759047e-01,2.389603e+00,2.462455e-01,2.363143e-03,nan,nan,nan,nan,5.558652e-01,toroidal alone fails,2.000000e+09,1.20
0.000000e+00,3.000000e+00,3.759047e-01,2.389603e+00,2.462455e-01,1.927113e-03,nan,nan,nan,nan,6.529364e-01,toroidal alone fails,2.000000e+09,1.20
-5.000000e-01,5.000000e-01,4.050273e-01,2.389603e+00,2.462455e-01,5.434557e-03,nan,nan,nan,nan,3.703570e-01,toroidal alone fails,2.000000e+09,1.20
-5.000000e-01,1.000000e+00,4.050273e-01,2.389603e+00,2.462455e-01,4.025239e-03,nan,nan,nan,nan,4.236419e-01,toroidal alone fails,2.000000e+09,1.20
-5.000000e-01,1.500000e+00,4.050273e-01,2.389603e+00,2.462455e-01,3.358934e-03,nan,nan,nan,nan,4.770260e-01,toroidal alone fails,2.000000e+09,1.20
-5.000000e-01,2.000000e+00,4.050273e-01,2.389603e+00,2.462455e-01,3.005674e-03,nan,nan,nan,nan,5.257145e-01,toroidal alone fails,2.000000e+09,1.20
-5.000000e-01,3.000000e+00,4.050273e-01,2.389603e+00,2.462455e-01,2.531602e-03,nan,nan,nan,nan,6.105266e-01,toroidal alone fails,2.000000e+09,1.20
-1.000000e+00,5.000000e-01,4.339799e-01,2.389603e+00,2.462455e-01,6.265659e-03,nan,nan,nan,nan,3.666643e-01,toroidal alone fails,2.000000e+09,1.20
-1.000000e+00,1.000000e+00,4.339799e-01,2.389603e+00,2.462455e-01,4.741847e-03,nan,nan,nan,nan,4.144350e-01,toroidal alone fails,2.000000e+09,1.20
-1.000000e+00,1.500000e+00,4.339799e-01,2.389603e+00,2.462455e-01,4.063135e-03,nan,nan,nan,nan,4.641526e-01,toroidal alone fails,2.000000e+09,1.20
-1.000000e+00,2.000000e+00,4.339799e-01,2.389603e+00,2.462455e-01,3.735740e-03,nan,nan,nan,nan,5.095329e-01,toroidal alone fails,2.000000e+09,1.20
-1.000000e+00,3.000000e+00,4.339799e-01,2.389603e+00,2.462455e-01,3.201254e-03,nan,nan,nan,nan,5.873085e-01,toroidal alone fails,2.000000e+09,1.20
-1.500000e+00,5.000000e-01,4.546429e-01,2.389603e+00,2.462455e-01,6.658844e-03,nan,nan,nan,nan,3.748756e-01,toroidal alone fails,2.000000e+09,1.20
-1.500000e+00,1.000000e+00,4.546429e-01,2.389603e+00,2.462455e-01,4.924260e-03,nan,nan,nan,nan,4.267821e-01,toroidal alone fails,2.000000e+09,1.20
-1.500000e+00,1.500000e+00,4.546429e-01,2.389603e+00,2.462455e-01,4.122169e-03,nan,nan,nan,nan,4.857554e-01,toroidal alone fails,2.000000e+09,1.20
-1.500000e+00,2.000000e+00,4.546429e-01,2.389603e+00,2.462455e-01,3.707518e-03,nan,nan,nan,nan,5.426623e-01,toroidal alone fails,2.000000e+09,1.20
-1.500000e+00,3.000000e+00,4.546429e-01,2.389603e+00,2.462455e-01,3.006698e-03,nan,nan,nan,nan,6.457479e-01,toroidal alone fails,2.000000e+09,1.20
-2.000000e+00,5.000000e-01,4.397585e-01,2.389603e+00,2.462455e-01,6.330634e-03,nan,nan,nan,nan,4.018962e-01,toroidal alone fails,2.000000e+09,1.20
-2.000000e+00,1.000000e+00,4.397585e-01,2.389603e+00,2.462455e-01,4.416619e-03,nan,nan,nan,nan,4.671051e-01,toroidal alone fails,2.000000e+09,1.20
-2.000000e+00,1.500000e+00,4.397585e-01,2.389603e+00,2.462455e-01,3.508088e-03,nan,nan,nan,nan,5.448481e-01,toroidal alone fails,2.000000e+09,1.20
-2.000000e+00,2.000000e+00,4.397585e-01,2.389603e+00,2.462455e-01,3.024770e-03,nan,nan,nan,nan,6.225972e-01,toroidal alone fails,2.000000e+09,1.20
-2.000000e+00,3.000000e+00,4.397585e-01,2.389603e+00,2.462455e-01,2.317652e-03,nan,nan,nan,nan,7.653877e-01,toroidal alone fails,2.000000e+09,1.20
0.000000e+00,5.000000e-01,3.820190e-01,1.388896e+00,1.144215e-03,6.539546e-01,nan,nan,nan,nan,1.413344e-01,toroidal alone fails,3.000000e+09,0.05
0.000000e+00,1.000000e+00,3.820190e-01,1.388896e+00,1.144215e-03,3.171616e+00,4.719115e-01,7.114654e-01,7.215197e+11,2.184741e-03,3.520107e-01,TWISTED TORUS,3.000000e+09,0.05
0.000000e+00,1.500000e+00,3.820190e-01,1.388896e+00,1.144215e-03,8.099142e+00,5.400766e-01,7.114654e-01,7.215197e+11,2.184741e-03,3.520107e-01,TWISTED TORUS,3.000000e+09,0.05
0.000000e+00,2.000000e+00,3.820190e-01,1.388896e+00,1.144215e-03,8.415640e+00,6.020637e-01,7.114654e-01,7.215197e+11,2.184741e-03,3.520107e-01,TWISTED TORUS,3.000000e+09,0.05
0.000000e+00,3.000000e+00,3.820190e-01,1.388896e+00,1.144215e-03,7.133426e+00,7.120534e-01,7.114654e-01,7.215197e+11,2.184741e-03,3.520107e-01,TWISTED TORUS,3.000000e+09,0.05
-5.000000e-01,5.000000e-01,3.990609e-01,1.388896e+00,1.144215e-03,7.072615e-01,nan,nan,nan,nan,1.396724e-01,toroidal alone fails,3.000000e+09,0.05
-5.000000e-01,1.000000e+00,3.990609e-01,1.388896e+00,1.144215e-03,3.409871e+00,3.378401e-01,8.884322e-01,6.999196e+11,2.321668e-03,4.808025e-01,TWISTED TORUS,3.000000e+09,0.05
-5.000000e-01,1.500000e+00,3.990609e-01,1.388896e+00,1.144215e-03,9.027684e+00,3.846160e-01,8.884322e-01,6.999196e+11,2.321668e-03,4.808025e-01,TWISTED TORUS,3.000000e+09,0.05
-5.000000e-01,2.000000e+00,3.990609e-01,1.388896e+00,1.144215e-03,9.616919e+00,4.279155e-01,8.884322e-01,6.999196e+11,2.321668e-03,4.808025e-01,TWISTED TORUS,3.000000e+09,0.05
-5.000000e-01,3.000000e+00,3.990609e-01,1.388896e+00,1.144215e-03,8.296086e+00,5.041931e-01,8.884322e-01,6.999196e+11,2.321668e-03,4.808025e-01,TWISTED TORUS,3.000000e+09,0.05
-1.000000e+00,5.000000e-01,4.172604e-01,1.388896e+00,1.144215e-03,7.611875e-01,nan,nan,nan,nan,1.379422e-01,toroidal alone fails,3.000000e+09,0.05
-1.000000e+00,1.000000e+00,4.172604e-01,1.388896e+00,1.144215e-03,3.648297e+00,1.265958e-01,1.280511e+00,6.599251e+11,2.611603e-03,1.253489e+00,TWISTED TORUS,3.000000e+09,0.05
-1.000000e+00,1.500000e+00,4.172604e-01,1.388896e+00,1.144215e-03,9.979977e+00,1.433789e-01,1.280511e+00,6.599251e+11,2.611603e-03,1.253489e+00,TWISTED TORUS,3.000000e+09,0.05
-1.000000e+00,2.000000e+00,4.172604e-01,1.388896e+00,1.144215e-03,1.090665e+01,1.588708e-01,1.280511e+00,6.599251e+11,2.611603e-03,1.253489e+00,TWISTED TORUS,3.000000e+09,0.05
-1.000000e+00,3.000000e+00,4.172604e-01,1.388896e+00,1.144215e-03,9.609574e+00,1.862525e-01,1.280511e+00,6.599251e+11,2.611603e-03,1.253489e+00,TWISTED TORUS,3.000000e+09,0.05
-1.500000e+00,5.000000e-01,4.345482e-01,1.388896e+00,1.144215e-03,8.224222e-01,nan,nan,nan,nan,1.358191e-01,toroidal alone fails,3.000000e+09,0.05
-1.500000e+00,1.000000e+00,4.345482e-01,1.388896e+00,1.144215e-03,3.951459e+00,3.529488e-02,2.218394e+00,6.005091e+11,3.153967e-03,4.363938e+00,TWISTED TORUS,3.000000e+09,0.05
-1.500000e+00,1.500000e+00,4.345482e-01,1.388896e+00,1.144215e-03,1.117173e+01,3.964006e-02,2.218394e+00,6.005091e+11,3.153967e-03,4.363938e+00,TWISTED TORUS,3.000000e+09,0.05
-1.500000e+00,2.000000e+00,4.345482e-01,1.388896e+00,1.144215e-03,1.254967e+01,4.361601e-02,2.218394e+00,6.005091e+11,3.153967e-03,4.363938e+00,TWISTED TORUS,3.000000e+09,0.05
-1.500000e+00,3.000000e+00,4.345482e-01,1.388896e+00,1.144215e-03,1.144115e+01,5.051059e-02,2.218394e+00,6.005091e+11,3.153967e-03,4.363938e+00,TWISTED TORUS,3.000000e+09,0.05
-2.000000e+00,5.000000e-01,4.525079e-01,1.388896e+00,1.144215e-03,9.152968e-01,nan,nan,nan,nan,1.356773e-01,toroidal alone fails,3.000000e+09,0.05
-2.000000e+00,1.000000e+00,4.525079e-01,1.388896e+00,1.144215e-03,4.559060e+00,2.935113e-02,1.590146e+01,2.796522e+11,1.454320e-02,5.203576e+00,TWISTED TORUS,3.000000e+09,0.05
-2.000000e+00,1.500000e+00,4.525079e-01,1.388896e+00,1.144215e-03,1.208968e+01,3.287405e-02,1.590146e+01,2.796522e+11,1.454320e-02,5.203576e+00,TWISTED TORUS,3.000000e+09,0.05
-2.000000e+00,2.000000e+00,4.525079e-01,1.388896e+00,1.144215e-03,1.364547e+01,3.609587e-02,1.590146e+01,2.796522e+11,1.454320e-02,5.203576e+00,TWISTED TORUS,3.000000e+09,0.05
-2.000000e+00,3.000000e+00,4.525079e-01,1.388896e+00,1.144215e-03,1.257854e+01,4.162739e-02,1.590146e+01,2.796522e+11,1.454320e-02,5.203576e+00,TWISTED TORUS,3.000000e+09,0.05
0.000000e+00,5.000000e-01,3.871438e-01,1.392187e+00,2.903235e-03,2.316726e-01,nan,nan,nan,nan,2.222732e-01,toroidal alone fails,3.000000e+09,0.08
0.000000e+00,1.000000e+00,3.871438e-01,1.392187e+00,2.903235e-03,1.138189e+00,1.132163e+00,4.170611e+00,4.710465e+11,5.125884e-03,2.613747e-01,TWISTED TORUS,3.000000e+09,0.08
0.000000e+00,1.500000e+00,3.871438e-01,1.392187e+00,2.903235e-03,3.132337e+00,8.865068e-01,1.954825e+00,6.880337e+11,2.402575e-03,3.368683e-01,TWISTED TORUS,3.000000e+09,0.08
0.000000e+00,2.000000e+00,3.871438e-01,1.392187e+00,2.903235e-03,3.265567e+00,9.885356e-01,1.954825e+00,6.880337e+11,2.402575e-03,3.368683e-01,TWISTED TORUS,3.000000e+09,0.08
0.000000e+00,3.000000e+00,3.871438e-01,1.392187e+00,2.903235e-03,2.769606e+00,1.168761e+00,1.954825e+00,6.880337e+11,2.402575e-03,3.937585e-01,TWISTED TORUS,3.000000e+09,0.08
-5.000000e-01,5.000000e-01,4.040499e-01,1.392187e+00,2.903235e-03,2.506568e-01,nan,nan,nan,nan,2.196447e-01,toroidal alone fails,3.000000e+09,0.08
-5.000000e-01,1.000000e+00,4.040499e-01,1.392187e+00,2.903235e-03,1.224189e+00,5.534448e-01,2.436019e+00,6.681472e+11,2.547722e-03,4.613047e-01,TWISTED TORUS,3.000000e+09,0.08
-5.000000e-01,1.500000e+00,4.040499e-01,1.392187e+00,2.903235e-03,3.491846e+00,6.300506e-01,2.436019e+00,6.681472e+11,2.547722e-03,4.613047e-01,TWISTED TORUS,3.000000e+09,0.08
-5.000000e-01,2.000000e+00,4.040499e-01,1.392187e+00,2.903235e-03,3.732624e+00,7.005024e-01,2.436019e+00,6.681472e+11,2.547722e-03,4.613047e-01,TWISTED TORUS,3.000000e+09,0.08
-5.000000e-01,3.000000e+00,4.040499e-01,1.392187e+00,2.903235e-03,3.223071e+00,8.258454e-01,2.436019e+00,6.681472e+11,2.547722e-03,4.613047e-01,TWISTED TORUS,3.000000e+09,0.08
-1.000000e+00,5.000000e-01,4.213990e-01,1.392187e+00,2.903235e-03,2.698272e-01,nan,nan,nan,nan,2.169989e-01,toroidal alone fails,3.000000e+09,0.08
-1.000000e+00,1.000000e+00,4.213990e-01,1.392187e+00,2.903235e-03,1.310136e+00,2.066310e-01,3.495709e+00,6.313329e+11,2.853511e-03,1.206796e+00,TWISTED TORUS,3.000000e+09,0.08
-1.000000e+00,1.500000e+00,4.213990e-01,1.392187e+00,2.903235e-03,3.860076e+00,2.339324e-01,3.495709e+00,6.313329e+11,2.853511e-03,1.206796e+00,TWISTED TORUS,3.000000e+09,0.08
-1.000000e+00,2.000000e+00,4.213990e-01,1.392187e+00,2.903235e-03,4.233688e+00,2.592534e-01,3.495709e+00,6.313329e+11,2.853511e-03,1.206796e+00,TWISTED TORUS,3.000000e+09,0.08
-1.000000e+00,3.000000e+00,4.213990e-01,1.392187e+00,2.903235e-03,3.733252e+00,3.039911e-01,3.495709e+00,6.313329e+11,2.853511e-03,1.206796e+00,TWISTED TORUS,3.000000e+09,0.08
-1.500000e+00,5.000000e-01,4.396956e-01,1.392187e+00,2.903235e-03,2.915518e-01,nan,nan,nan,nan,2.136856e-01,toroidal alone fails,3.000000e+09,0.08
-1.500000e+00,1.000000e+00,4.396956e-01,1.392187e+00,2.903235e-03,1.419108e+00,5.743474e-02,6.013461e+00,5.763941e+11,3.423397e-03,4.215442e+00,TWISTED TORUS,3.000000e+09,0.08
-1.500000e+00,1.500000e+00,4.396956e-01,1.392187e+00,2.903235e-03,4.321191e+00,6.446752e-02,6.013461e+00,5.763941e+11,3.423397e-03,4.215442e+00,TWISTED TORUS,3.000000e+09,0.08
-1.500000e+00,2.000000e+00,4.396956e-01,1.392187e+00,2.903235e-03,4.876154e+00,7.093522e-02,6.013461e+00,5.763941e+11,3.423397e-03,4.215442e+00,TWISTED TORUS,3.000000e+09,0.08
-1.500000e+00,3.000000e+00,4.396956e-01,1.392187e+00,2.903235e-03,4.447034e+00,8.215297e-02,6.013461e+00,5.763941e+11,3.423397e-03,4.215442e+00,TWISTED TORUS,3.000000e+09,0.08
-2.000000e+00,5.000000e-01,4.568814e-01,1.392187e+00,2.903235e-03,3.246097e-01,nan,nan,nan,nan,2.135518e-01,toroidal alone fails,3.000000e+09,0.08
-2.000000e+00,1.000000e+00,4.568814e-01,1.392187e+00,2.903235e-03,1.637681e+00,4.617657e-02,4.018503e+01,2.778739e+11,1.472994e-02,5.203619e+00,TWISTED TORUS,3.000000e+09,0.08
-2.000000e+00,1.500000e+00,4.568814e-01,1.392187e+00,2.903235e-03,4.674855e+00,5.170445e-02,4.018503e+01,2.778739e+11,1.472994e-02,5.203619e+00,TWISTED TORUS,3.000000e+09,0.08
-2.000000e+00,2.000000e+00,4.568814e-01,1.392187e+00,2.903235e-03,5.291926e+00,5.678455e-02,4.018503e+01,2.778739e+11,1.472994e-02,5.203619e+00,TWISTED TORUS,3.000000e+09,0.08
-2.000000e+00,3.000000e+00,4.568814e-01,1.392187e+00,2.903235e-03,4.879129e+00,6.551745e-02,4.018503e+01,2.778739e+11,1.472994e-02,5.203619e+00,TWISTED TORUS,3.000000e+09,0.08
0.000000e+00,5.000000e-01,3.879978e-01,1.396971e+00,5.419944e-03,1.463108e-01,nan,nan,nan,nan,2.992255e-01,toroidal alone fails,3.000000e+09,0.11
0.000000e+00,1.000000e+00,3.879978e-01,1.396971e+00,5.419944e-03,6.266786e-01,nan,nan,nan,nan,3.512952e-01,toroidal alone fails,3.000000e+09,0.11
0.000000e+00,1.500000e+00,3.879978e-01,1.396971e+00,5.419944e-03,1.641700e+00,1.187466e+00,3.574626e+00,6.875165e+11,2.406191e-03,4.019179e-01,TWISTED TORUS,3.000000e+09,0.11
0.000000e+00,2.000000e+00,3.879978e-01,1.396971e+00,5.419944e-03,1.704680e+00,1.323583e+00,3.574626e+00,6.875165e+11,2.406191e-03,4.479093e-01,TWISTED TORUS,3.000000e+09,0.11
0.000000e+00,3.000000e+00,3.879978e-01,1.396971e+00,5.419944e-03,1.443373e+00,1.564679e+00,3.574626e+00,6.875165e+11,2.406191e-03,5.294195e-01,TWISTED TORUS,3.000000e+09,0.11
-5.000000e-01,5.000000e-01,4.050276e-01,1.396971e+00,5.419944e-03,1.585352e-01,nan,nan,nan,nan,2.957449e-01,toroidal alone fails,3.000000e+09,0.11
-5.000000e-01,1.000000e+00,4.050276e-01,1.396971e+00,5.419944e-03,6.756752e-01,nan,nan,nan,nan,3.434044e-01,toroidal alone fails,3.000000e+09,0.11
-5.000000e-01,1.500000e+00,4.050276e-01,1.396971e+00,5.419944e-03,1.833348e+00,8.421307e-01,4.458106e+00,6.673872e+11,2.553528e-03,4.641690e-01,TWISTED TORUS,3.000000e+09,0.11
-5.000000e-01,2.000000e+00,4.050276e-01,1.396971e+00,5.419944e-03,1.952214e+00,9.364089e-01,4.458106e+00,6.673872e+11,2.553528e-03,4.641690e-01,TWISTED TORUS,3.000000e+09,0.11
-5.000000e-01,3.000000e+00,4.050276e-01,1.396971e+00,5.419944e-03,1.681064e+00,1.102865e+00,4.458106e+00,6.673872e+11,2.553528e-03,5.119394e-01,TWISTED TORUS,3.000000e+09,0.11
-1.000000e+00,5.000000e-01,4.225257e-01,1.396971e+00,5.419944e-03,1.709014e-01,nan,nan,nan,nan,2.921717e-01,toroidal alone fails,3.000000e+09,0.11
-1.000000e+00,1.000000e+00,4.225257e-01,1.396971e+00,5.419944e-03,7.247900e-01,nan,nan,nan,nan,3.355380e-01,toroidal alone fails,3.000000e+09,0.11
-1.000000e+00,1.500000e+00,4.225257e-01,1.396971e+00,5.419944e-03,2.030011e+00,3.123169e-01,6.402084e+00,6.303006e+11,2.862865e-03,1.216030e+00,TWISTED TORUS,3.000000e+09,0.11
-1.000000e+00,2.000000e+00,4.225257e-01,1.396971e+00,5.419944e-03,2.216935e+00,3.458625e-01,6.402084e+00,6.303006e+11,2.862865e-03,1.216030e+00,TWISTED TORUS,3.000000e+09,0.11
-1.000000e+00,3.000000e+00,4.225257e-01,1.396971e+00,5.419944e-03,1.950392e+00,4.054667e-01,6.402084e+00,6.303006e+11,2.862865e-03,1.216030e+00,TWISTED TORUS,3.000000e+09,0.11
-1.500000e+00,5.000000e-01,4.402421e-01,1.396971e+00,5.419944e-03,1.849212e-01,nan,nan,nan,nan,2.876652e-01,toroidal alone fails,3.000000e+09,0.11
-1.500000e+00,1.000000e+00,4.402421e-01,1.396971e+00,5.419944e-03,7.871475e-01,nan,nan,nan,nan,3.256521e-01,toroidal alone fails,3.000000e+09,0.11
-1.500000e+00,1.500000e+00,4.402421e-01,1.396971e+00,5.419944e-03,2.276475e+00,8.603063e-02,1.100923e+01,5.752439e+11,3.437101e-03,4.247339e+00,TWISTED TORUS,3.000000e+09,0.11
-1.500000e+00,2.000000e+00,4.402421e-01,1.396971e+00,5.419944e-03,2.556589e+00,9.459579e-02,1.100923e+01,5.752439e+11,3.437101e-03,4.247339e+00,TWISTED TORUS,3.000000e+09,0.11
-1.500000e+00,3.000000e+00,4.402421e-01,1.396971e+00,5.419944e-03,2.327983e+00,1.095190e-01,1.100923e+01,5.752439e+11,3.437101e-03,4.247339e+00,TWISTED TORUS,3.000000e+09,0.11
-2.000000e+00,5.000000e-01,4.582308e-01,1.396971e+00,5.419944e-03,2.056311e-01,nan,nan,nan,nan,2.877475e-01,toroidal alone fails,3.000000e+09,0.11
-2.000000e+00,1.000000e+00,4.582308e-01,1.396971e+00,5.419944e-03,9.069519e-01,nan,nan,nan,nan,3.235784e-01,toroidal alone fails,3.000000e+09,0.11
-2.000000e+00,1.500000e+00,4.582308e-01,1.396971e+00,5.419944e-03,2.459482e+00,6.960251e-02,7.459176e+01,2.751172e+11,1.502660e-02,5.203680e+00,TWISTED TORUS,3.000000e+09,0.11
-2.000000e+00,2.000000e+00,4.582308e-01,1.396971e+00,5.419944e-03,2.769223e+00,7.644248e-02,7.459176e+01,2.751172e+11,1.502660e-02,5.203680e+00,TWISTED TORUS,3.000000e+09,0.11
-2.000000e+00,3.000000e+00,4.582308e-01,1.396971e+00,5.419944e-03,2.543593e+00,8.821926e-02,7.459176e+01,2.751172e+11,1.502660e-02,5.203680e+00,TWISTED TORUS,3.000000e+09,0.11
0.000000e+00,5.000000e-01,3.883977e-01,1.405629e+00,9.858462e-03,7.290692e-02,nan,nan,nan,nan,3.924675e-01,toroidal alone fails,3.000000e+09,0.15
0.000000e+00,1.000000e+00,3.883977e-01,1.405629e+00,9.858462e-03,3.167513e-01,nan,nan,nan,nan,4.603269e-01,toroidal alone fails,3.000000e+09,0.15
0.000000e+00,1.500000e+00,3.883977e-01,1.405629e+00,9.858462e-03,8.664413e-01,nan,nan,nan,nan,5.261880e-01,toroidal alone fails,3.000000e+09,0.15
0.000000e+00,2.000000e+00,3.883977e-01,1.405629e+00,9.858462e-03,8.973832e-01,nan,nan,nan,nan,5.863705e-01,toroidal alone fails,3.000000e+09,0.15
0.000000e+00,3.000000e+00,3.883977e-01,1.405629e+00,9.858462e-03,7.583002e-01,nan,nan,nan,nan,6.929897e-01,toroidal alone fails,3.000000e+09,0.15
-5.000000e-01,5.000000e-01,4.068218e-01,1.405629e+00,9.858462e-03,7.911079e-02,nan,nan,nan,nan,3.879059e-01,toroidal alone fails,3.000000e+09,0.15
-5.000000e-01,1.000000e+00,4.068218e-01,1.405629e+00,9.858462e-03,3.421626e-01,nan,nan,nan,nan,4.500432e-01,toroidal alone fails,3.000000e+09,0.15
-5.000000e-01,1.500000e+00,4.068218e-01,1.405629e+00,9.858462e-03,9.697588e-01,nan,nan,nan,nan,5.119708e-01,toroidal alone fails,3.000000e+09,0.15
-5.000000e-01,2.000000e+00,4.068218e-01,1.405629e+00,9.858462e-03,1.029409e+00,1.249490e+00,8.311840e+00,6.464532e+11,2.721587e-03,5.690801e-01,TWISTED TORUS,3.000000e+09,0.15
-5.000000e-01,3.000000e+00,4.068218e-01,1.405629e+00,9.858462e-03,8.846632e-01,nan,nan,nan,nan,6.700413e-01,toroidal alone fails,3.000000e+09,0.15
-1.000000e+00,5.000000e-01,4.235548e-01,1.405629e+00,9.858462e-03,8.537330e-02,nan,nan,nan,nan,3.832870e-01,toroidal alone fails,3.000000e+09,0.15
-1.000000e+00,1.000000e+00,4.235548e-01,1.405629e+00,9.858462e-03,3.676255e-01,nan,nan,nan,nan,4.395914e-01,toroidal alone fails,3.000000e+09,0.15
-1.000000e+00,1.500000e+00,4.235548e-01,1.405629e+00,9.858462e-03,1.075878e+00,4.150754e-01,1.191426e+01,6.109878e+11,3.046711e-03,1.198081e+00,TWISTED TORUS,3.000000e+09,0.15
-1.000000e+00,2.000000e+00,4.235548e-01,1.405629e+00,9.858462e-03,1.171383e+00,4.594664e-01,1.191426e+01,6.109878e+11,3.046711e-03,1.198081e+00,TWISTED TORUS,3.000000e+09,0.15
-1.000000e+00,3.000000e+00,4.235548e-01,1.405629e+00,9.858462e-03,1.028117e+00,5.385104e-01,1.191426e+01,6.109878e+11,3.046711e-03,1.198081e+00,TWISTED TORUS,3.000000e+09,0.15
-1.500000e+00,5.000000e-01,4.424491e-01,1.405629e+00,9.858462e-03,9.248683e-02,nan,nan,nan,nan,3.775966e-01,toroidal alone fails,3.000000e+09,0.15
-1.500000e+00,1.000000e+00,4.424491e-01,1.405629e+00,9.858462e-03,3.999574e-01,nan,nan,nan,nan,4.267802e-01,toroidal alone fails,3.000000e+09,0.15
-1.500000e+00,1.500000e+00,4.424491e-01,1.405629e+00,9.858462e-03,1.209014e+00,1.140565e-01,2.038588e+01,5.585482e+11,3.645651e-03,4.193267e+00,TWISTED TORUS,3.000000e+09,0.15
-1.500000e+00,2.000000e+00,4.424491e-01,1.405629e+00,9.858462e-03,1.354313e+00,1.253882e-01,2.038588e+01,5.585482e+11,3.645651e-03,4.193267e+00,TWISTED TORUS,3.000000e+09,0.15
-1.500000e+00,3.000000e+00,4.424491e-01,1.405629e+00,9.858462e-03,1.230271e+00,1.450438e-01,2.038588e+01,5.585482e+11,3.645651e-03,4.193267e+00,TWISTED TORUS,3.000000e+09,0.15
-2.000000e+00,5.000000e-01,4.604312e-01,1.405629e+00,9.858462e-03,1.029678e-01,nan,nan,nan,nan,3.780403e-01,toroidal alone fails,3.000000e+09,0.15
-2.000000e+00,1.000000e+00,4.604312e-01,1.405629e+00,9.858462e-03,4.618301e-01,nan,nan,nan,nan,4.246540e-01,toroidal alone fails,3.000000e+09,0.15
-2.000000e+00,1.500000e+00,4.604312e-01,1.405629e+00,9.858462e-03,1.304391e+00,9.135031e-02,1.343257e+02,2.704204e+11,1.555312e-02,5.203787e+00,TWISTED TORUS,3.000000e+09,0.15
-2.000000e+00,2.000000e+00,4.604312e-01,1.405629e+00,9.858462e-03,1.461122e+00,1.003615e-01,1.343257e+02,2.704204e+11,1.555312e-02,5.203787e+00,TWISTED TORUS,3.000000e+09,0.15
-2.000000e+00,3.000000e+00,4.604312e-01,1.405629e+00,9.858462e-03,1.336000e+00,1.159075e-01,1.343257e+02,2.704204e+11,1.555312e-02,5.203787e+00,TWISTED TORUS,3.000000e+09,0.15
0.000000e+00,5.000000e-01,3.902871e-01,1.420007e+00,1.693083e-02,4.667050e-02,nan,nan,nan,nan,4.930826e-01,toroidal alone fails,3.000000e+09,0.20
0.000000e+00,1.000000e+00,3.902871e-01,1.420007e+00,1.693083e-02,1.815194e-01,nan,nan,nan,nan,5.775472e-01,toroidal alone fails,3.000000e+09,0.20
0.000000e+00,1.500000e+00,3.902871e-01,1.420007e+00,1.693083e-02,4.737949e-01,nan,nan,nan,nan,6.596326e-01,toroidal alone fails,3.000000e+09,0.20
0.000000e+00,2.000000e+00,3.902871e-01,1.420007e+00,1.693083e-02,4.864292e-01,nan,nan,nan,nan,7.351192e-01,toroidal alone fails,3.000000e+09,0.20
0.000000e+00,3.000000e+00,3.902871e-01,1.420007e+00,1.693083e-02,4.092403e-01,nan,nan,nan,nan,8.678073e-01,toroidal alone fails,3.000000e+09,0.20
-5.000000e-01,5.000000e-01,4.073312e-01,1.420007e+00,1.693083e-02,5.079230e-02,nan,nan,nan,nan,4.874857e-01,toroidal alone fails,3.000000e+09,0.20
-5.000000e-01,1.000000e+00,4.073312e-01,1.420007e+00,1.693083e-02,1.969690e-01,nan,nan,nan,nan,5.646724e-01,toroidal alone fails,3.000000e+09,0.20
-5.000000e-01,1.500000e+00,4.073312e-01,1.420007e+00,1.693083e-02,5.326811e-01,nan,nan,nan,nan,6.418937e-01,toroidal alone fails,3.000000e+09,0.20
-5.000000e-01,2.000000e+00,4.073312e-01,1.420007e+00,1.693083e-02,5.600640e-01,nan,nan,nan,nan,7.130399e-01,toroidal alone fails,3.000000e+09,0.20
-5.000000e-01,3.000000e+00,4.073312e-01,1.420007e+00,1.693083e-02,4.788226e-01,nan,nan,nan,nan,8.397613e-01,toroidal alone fails,3.000000e+09,0.20
-1.000000e+00,5.000000e-01,4.248005e-01,1.420007e+00,1.693083e-02,5.495874e-02,nan,nan,nan,nan,4.817113e-01,toroidal alone fails,3.000000e+09,0.20
-1.000000e+00,1.000000e+00,4.248005e-01,1.420007e+00,1.693083e-02,2.125056e-01,nan,nan,nan,nan,5.515843e-01,toroidal alone fails,3.000000e+09,0.20
-1.000000e+00,1.500000e+00,4.248005e-01,1.420007e+00,1.693083e-02,5.934330e-01,nan,nan,nan,nan,6.233657e-01,toroidal alone fails,3.000000e+09,0.20
-1.000000e+00,2.000000e+00,4.248005e-01,1.420007e+00,1.693083e-02,6.395130e-01,nan,nan,nan,nan,6.899222e-01,toroidal alone fails,3.000000e+09,0.20
-1.000000e+00,3.000000e+00,4.248005e-01,1.420007e+00,1.693083e-02,5.583651e-01,nan,nan,nan,nan,8.078352e-01,toroidal alone fails,3.000000e+09,0.20
-1.500000e+00,5.000000e-01,4.441892e-01,1.420007e+00,1.693083e-02,5.970662e-02,nan,nan,nan,nan,4.747853e-01,toroidal alone fails,3.000000e+09,0.20
-1.500000e+00,1.000000e+00,4.441892e-01,1.420007e+00,1.693083e-02,2.322932e-01,nan,nan,nan,nan,5.353947e-01,toroidal alone fails,3.000000e+09,0.20
-1.500000e+00,1.500000e+00,4.441892e-01,1.420007e+00,1.693083e-02,6.699095e-01,nan,nan,nan,nan,5.995079e-01,toroidal alone fails,3.000000e+09,0.20
-1.500000e+00,2.000000e+00,4.441892e-01,1.420007e+00,1.693083e-02,7.424962e-01,nan,nan,nan,nan,6.583691e-01,toroidal alone fails,3.000000e+09,0.20
-1.500000e+00,3.000000e+00,4.441892e-01,1.420007e+00,1.693083e-02,6.714511e-01,nan,nan,nan,nan,7.604271e-01,toroidal alone fails,3.000000e+09,0.20
-2.000000e+00,5.000000e-01,4.622561e-01,1.420007e+00,1.693083e-02,6.628025e-02,nan,nan,nan,nan,4.760221e-01,toroidal alone fails,3.000000e+09,0.20
-2.000000e+00,1.000000e+00,4.622561e-01,1.420007e+00,1.693083e-02,2.669355e-01,nan,nan,nan,nan,5.340343e-01,toroidal alone fails,3.000000e+09,0.20
-2.000000e+00,1.500000e+00,4.622561e-01,1.420007e+00,1.693083e-02,7.202893e-01,nan,nan,nan,nan,5.977634e-01,toroidal alone fails,3.000000e+09,0.20
-2.000000e+00,2.000000e+00,4.622561e-01,1.420007e+00,1.693083e-02,7.960195e-01,nan,nan,nan,nan,6.569905e-01,toroidal alone fails,3.000000e+09,0.20
-2.000000e+00,3.000000e+00,4.622561e-01,1.420007e+00,1.693083e-02,7.209144e-01,nan,nan,nan,nan,7.597541e-01,toroidal alone fails,3.000000e+09,0.20
0.000000e+00,5.000000e-01,3.818502e-01,1.460012e+00,3.498351e-02,2.353044e-02,nan,nan,nan,nan,6.423583e-01,toroidal alone fails,3.000000e+09,0.30
0.000000e+00,1.000000e+00,3.818502e-01,1.460012e+00,3.498351e-02,9.210351e-02,nan,nan,nan,nan,7.508523e-01,toroidal alone fails,3.000000e+09,0.30
0.000000e+00,1.500000e+00,3.818502e-01,1.460012e+00,3.498351e-02,1.957533e-01,nan,nan,nan,nan,8.566585e-01,toroidal alone fails,3.000000e+09,0.30
0.000000e+00,2.000000e+00,3.818502e-01,1.460012e+00,3.498351e-02,1.941717e-01,nan,nan,nan,nan,9.533393e-01,toroidal alone fails,3.000000e+09,0.30
0.000000e+00,3.000000e+00,3.818502e-01,1.460012e+00,3.498351e-02,1.608282e-01,nan,nan,nan,nan,1.125307e+00,toroidal alone fails,3.000000e+09,0.30
-5.000000e-01,5.000000e-01,4.004112e-01,1.460012e+00,3.498351e-02,2.579388e-02,nan,nan,nan,nan,6.347731e-01,toroidal alone fails,3.000000e+09,0.30
-5.000000e-01,1.000000e+00,4.004112e-01,1.460012e+00,3.498351e-02,1.009734e-01,nan,nan,nan,nan,7.336918e-01,toroidal alone fails,3.000000e+09,0.30
-5.000000e-01,1.500000e+00,4.004112e-01,1.460012e+00,3.498351e-02,2.231336e-01,nan,nan,nan,nan,8.329841e-01,toroidal alone fails,3.000000e+09,0.30
-5.000000e-01,2.000000e+00,4.004112e-01,1.460012e+00,3.498351e-02,2.257928e-01,nan,nan,nan,nan,9.245761e-01,toroidal alone fails,3.000000e+09,0.30
-5.000000e-01,3.000000e+00,4.004112e-01,1.460012e+00,3.498351e-02,1.897438e-01,nan,nan,nan,nan,1.087231e+00,toroidal alone fails,3.000000e+09,0.30
-1.000000e+00,5.000000e-01,4.182033e-01,1.460012e+00,3.498351e-02,2.808629e-02,nan,nan,nan,nan,6.270999e-01,toroidal alone fails,3.000000e+09,0.30
-1.000000e+00,1.000000e+00,4.182033e-01,1.460012e+00,3.498351e-02,1.099774e-01,nan,nan,nan,nan,7.160743e-01,toroidal alone fails,3.000000e+09,0.30
-1.000000e+00,1.500000e+00,4.182033e-01,1.460012e+00,3.498351e-02,2.519453e-01,nan,nan,nan,nan,8.079780e-01,toroidal alone fails,3.000000e+09,0.30
-1.000000e+00,2.000000e+00,4.182033e-01,1.460012e+00,3.498351e-02,2.604570e-01,nan,nan,nan,nan,8.932110e-01,toroidal alone fails,3.000000e+09,0.30
-1.000000e+00,3.000000e+00,4.182033e-01,1.460012e+00,3.498351e-02,2.233398e-01,nan,nan,nan,nan,1.044175e+00,toroidal alone fails,3.000000e+09,0.30
-1.500000e+00,5.000000e-01,4.372163e-01,1.460012e+00,3.498351e-02,3.073973e-02,nan,nan,nan,nan,6.183784e-01,toroidal alone fails,3.000000e+09,0.30
-1.500000e+00,1.000000e+00,4.372163e-01,1.460012e+00,3.498351e-02,1.216613e-01,nan,nan,nan,nan,6.952981e-01,toroidal alone fails,3.000000e+09,0.30
-1.500000e+00,1.500000e+00,4.372163e-01,1.460012e+00,3.498351e-02,2.886660e-01,nan,nan,nan,nan,7.767373e-01,toroidal alone fails,3.000000e+09,0.30
-1.500000e+00,2.000000e+00,4.372163e-01,1.460012e+00,3.498351e-02,3.063210e-01,nan,nan,nan,nan,8.515965e-01,toroidal alone fails,3.000000e+09,0.30
-1.500000e+00,3.000000e+00,4.372163e-01,1.460012e+00,3.498351e-02,2.720121e-01,nan,nan,nan,nan,9.806126e-01,toroidal alone fails,3.000000e+09,0.30
-2.000000e+00,5.000000e-01,4.571416e-01,1.460012e+00,3.498351e-02,3.400179e-02,nan,nan,nan,nan,6.221062e-01,toroidal alone fails,3.000000e+09,0.30
-2.000000e+00,1.000000e+00,4.571416e-01,1.460012e+00,3.498351e-02,1.382315e-01,nan,nan,nan,nan,6.967062e-01,toroidal alone fails,3.000000e+09,0.30
-2.000000e+00,1.500000e+00,4.571416e-01,1.460012e+00,3.498351e-02,3.055330e-01,nan,nan,nan,nan,7.806063e-01,toroidal alone fails,3.000000e+09,0.30
-2.000000e+00,2.000000e+00,4.571416e-01,1.460012e+00,3.498351e-02,3.225476e-01,nan,nan,nan,nan,8.589416e-01,toroidal alone fails,3.000000e+09,0.30
-2.000000e+00,3.000000e+00,4.571416e-01,1.460012e+00,3.498351e-02,2.839771e-01,nan,nan,nan,nan,9.962022e-01,toroidal alone fails,3.000000e+09,0.30
0.000000e+00,5.000000e-01,3.880394e-01,1.546048e+00,6.798991e-02,1.184519e-02,nan,nan,nan,nan,7.357179e-01,toroidal alone fails,3.000000e+09,0.45
0.000000e+00,1.000000e+00,3.880394e-01,1.546048e+00,6.798991e-02,3.727156e-02,nan,nan,nan,nan,8.568724e-01,toroidal alone fails,3.000000e+09,0.45
0.000000e+00,1.500000e+00,3.880394e-01,1.546048e+00,6.798991e-02,7.314628e-02,nan,nan,nan,nan,9.759697e-01,toroidal alone fails,3.000000e+09,0.45
0.000000e+00,2.000000e+00,3.880394e-01,1.546048e+00,6.798991e-02,7.101235e-02,nan,nan,nan,nan,1.085281e+00,toroidal alone fails,3.000000e+09,0.45
0.000000e+00,3.000000e+00,3.880394e-01,1.546048e+00,6.798991e-02,5.821068e-02,nan,nan,nan,nan,1.279099e+00,toroidal alone fails,3.000000e+09,0.45
-5.000000e-01,5.000000e-01,4.088482e-01,1.546048e+00,6.798991e-02,1.313528e-02,nan,nan,nan,nan,7.271621e-01,toroidal alone fails,3.000000e+09,0.45
-5.000000e-01,1.000000e+00,4.088482e-01,1.546048e+00,6.798991e-02,4.155091e-02,nan,nan,nan,nan,8.367688e-01,toroidal alone fails,3.000000e+09,0.45
-5.000000e-01,1.500000e+00,4.088482e-01,1.546048e+00,6.798991e-02,8.475147e-02,nan,nan,nan,nan,9.478313e-01,toroidal alone fails,3.000000e+09,0.45
-5.000000e-01,2.000000e+00,4.088482e-01,1.546048e+00,6.798991e-02,8.374817e-02,nan,nan,nan,nan,1.050779e+00,toroidal alone fails,3.000000e+09,0.45
-5.000000e-01,3.000000e+00,4.088482e-01,1.546048e+00,6.798991e-02,6.961126e-02,nan,nan,nan,nan,1.234023e+00,toroidal alone fails,3.000000e+09,0.45
-1.000000e+00,5.000000e-01,4.289743e-01,1.546048e+00,6.798991e-02,1.445723e-02,nan,nan,nan,nan,7.179136e-01,toroidal alone fails,3.000000e+09,0.45
-1.000000e+00,1.000000e+00,4.289743e-01,1.546048e+00,6.798991e-02,4.598243e-02,nan,nan,nan,nan,8.154189e-01,toroidal alone fails,3.000000e+09,0.45
-1.000000e+00,1.500000e+00,4.289743e-01,1.546048e+00,6.798991e-02,9.726464e-02,nan,nan,nan,nan,9.174040e-01,toroidal alone fails,3.000000e+09,0.45
-1.000000e+00,2.000000e+00,4.289743e-01,1.546048e+00,6.798991e-02,9.803509e-02,nan,nan,nan,nan,1.012308e+00,toroidal alone fails,3.000000e+09,0.45
-1.000000e+00,3.000000e+00,4.289743e-01,1.546048e+00,6.798991e-02,8.321823e-02,nan,nan,nan,nan,1.180074e+00,toroidal alone fails,3.000000e+09,0.45
-1.500000e+00,5.000000e-01,4.483787e-01,1.546048e+00,6.798991e-02,1.601090e-02,nan,nan,nan,nan,7.104415e-01,toroidal alone fails,3.000000e+09,0.45
-1.500000e+00,1.000000e+00,4.483787e-01,1.546048e+00,6.798991e-02,5.186702e-02,nan,nan,nan,nan,7.944298e-01,toroidal alone fails,3.000000e+09,0.45
-1.500000e+00,1.500000e+00,4.483787e-01,1.546048e+00,6.798991e-02,1.134736e-01,nan,nan,nan,nan,8.848786e-01,toroidal alone fails,3.000000e+09,0.45
-1.500000e+00,2.000000e+00,4.483787e-01,1.546048e+00,6.798991e-02,1.167116e-01,nan,nan,nan,nan,9.686878e-01,toroidal alone fails,3.000000e+09,0.45
-1.500000e+00,3.000000e+00,4.483787e-01,1.546048e+00,6.798991e-02,1.023916e-01,nan,nan,nan,nan,1.112692e+00,toroidal alone fails,3.000000e+09,0.45
-2.000000e+00,5.000000e-01,4.691908e-01,1.546048e+00,6.798991e-02,1.734338e-02,nan,nan,nan,nan,7.193187e-01,toroidal alone fails,3.000000e+09,0.45
-2.000000e+00,1.000000e+00,4.691908e-01,1.546048e+00,6.798991e-02,5.597810e-02,nan,nan,nan,nan,8.042406e-01,toroidal alone fails,3.000000e+09,0.45
-2.000000e+00,1.500000e+00,4.691908e-01,1.546048e+00,6.798991e-02,1.164823e-01,nan,nan,nan,nan,9.020093e-01,toroidal alone fails,3.000000e+09,0.45
-2.000000e+00,2.000000e+00,4.691908e-01,1.546048e+00,6.798991e-02,1.190863e-01,nan,nan,nan,nan,9.946893e-01,toroidal alone fails,3.000000e+09,0.45
-2.000000e+00,3.000000e+00,4.691908e-01,1.546048e+00,6.798991e-02,1.019984e-01,nan,nan,nan,nan,1.159023e+00,toroidal alone fails,3.000000e+09,0.45
0.000000e+00,5.000000e-01,3.811429e-01,1.706158e+00,1.163239e-01,7.758685e-03,nan,nan,nan,nan,7.296098e-01,toroidal alone fails,3.000000e+09,0.65
0.000000e+00,1.000000e+00,3.811429e-01,1.706158e+00,1.163239e-01,1.785477e-02,nan,nan,nan,nan,8.480771e-01,toroidal alone fails,3.000000e+09,0.65
0.000000e+00,1.500000e+00,3.811429e-01,1.706158e+00,1.163239e-01,2.592099e-02,nan,nan,nan,nan,9.646524e-01,toroidal alone fails,3.000000e+09,0.65
0.000000e+00,2.000000e+00,3.811429e-01,1.706158e+00,1.163239e-01,2.448908e-02,nan,nan,nan,nan,1.071789e+00,toroidal alone fails,3.000000e+09,0.65
0.000000e+00,3.000000e+00,3.811429e-01,1.706158e+00,1.163239e-01,1.983251e-02,nan,nan,nan,nan,1.261627e+00,toroidal alone fails,3.000000e+09,0.65
-5.000000e-01,5.000000e-01,4.035195e-01,1.706158e+00,1.163239e-01,8.749927e-03,nan,nan,nan,nan,7.195757e-01,toroidal alone fails,3.000000e+09,0.65
-5.000000e-01,1.000000e+00,4.035195e-01,1.706158e+00,1.163239e-01,2.039000e-02,nan,nan,nan,nan,8.260597e-01,toroidal alone fails,3.000000e+09,0.65
-5.000000e-01,1.500000e+00,4.035195e-01,1.706158e+00,1.163239e-01,3.071476e-02,nan,nan,nan,nan,9.341807e-01,toroidal alone fails,3.000000e+09,0.65
-5.000000e-01,2.000000e+00,4.035195e-01,1.706158e+00,1.163239e-01,2.945204e-02,nan,nan,nan,nan,1.034405e+00,toroidal alone fails,3.000000e+09,0.65
-5.000000e-01,3.000000e+00,4.035195e-01,1.706158e+00,1.163239e-01,2.419930e-02,nan,nan,nan,nan,1.212505e+00,toroidal alone fails,3.000000e+09,0.65
-1.000000e+00,5.000000e-01,4.256429e-01,1.706158e+00,1.163239e-01,9.783462e-03,nan,nan,nan,nan,7.085365e-01,toroidal alone fails,3.000000e+09,0.65
-1.000000e+00,1.000000e+00,4.256429e-01,1.706158e+00,1.163239e-01,2.310035e-02,nan,nan,nan,nan,8.016221e-01,toroidal alone fails,3.000000e+09,0.65
-1.000000e+00,1.500000e+00,4.256429e-01,1.706158e+00,1.163239e-01,3.613371e-02,nan,nan,nan,nan,8.993328e-01,toroidal alone fails,3.000000e+09,0.65
-1.000000e+00,2.000000e+00,4.256429e-01,1.706158e+00,1.163239e-01,3.532098e-02,nan,nan,nan,nan,9.896432e-01,toroidal alone fails,3.000000e+09,0.65
-1.000000e+00,3.000000e+00,4.256429e-01,1.706158e+00,1.163239e-01,2.974901e-02,nan,nan,nan,nan,1.148214e+00,toroidal alone fails,3.000000e+09,0.65
-1.500000e+00,5.000000e-01,4.476928e-01,1.706158e+00,1.163239e-01,1.101845e-02,nan,nan,nan,nan,7.055640e-01,toroidal alone fails,3.000000e+09,0.65
-1.500000e+00,1.000000e+00,4.476928e-01,1.706158e+00,1.163239e-01,2.674291e-02,nan,nan,nan,nan,7.881687e-01,toroidal alone fails,3.000000e+09,0.65
-1.500000e+00,1.500000e+00,4.476928e-01,1.706158e+00,1.163239e-01,4.245869e-02,nan,nan,nan,nan,8.780410e-01,toroidal alone fails,3.000000e+09,0.65
-1.500000e+00,2.000000e+00,4.476928e-01,1.706158e+00,1.163239e-01,4.193496e-02,nan,nan,nan,nan,9.612814e-01,toroidal alone fails,3.000000e+09,0.65
-1.500000e+00,3.000000e+00,4.476928e-01,1.706158e+00,1.163239e-01,3.594117e-02,nan,nan,nan,nan,1.105794e+00,toroidal alone fails,3.000000e+09,0.65
-2.000000e+00,5.000000e-01,4.689561e-01,1.706158e+00,1.163239e-01,1.146088e-02,nan,nan,nan,nan,7.213153e-01,toroidal alone fails,3.000000e+09,0.65
-2.000000e+00,1.000000e+00,4.689561e-01,1.706158e+00,1.163239e-01,2.629246e-02,nan,nan,nan,nan,8.101761e-01,toroidal alone fails,3.000000e+09,0.65
-2.000000e+00,1.500000e+00,4.689561e-01,1.706158e+00,1.163239e-01,4.196895e-02,nan,nan,nan,nan,9.154974e-01,toroidal alone fails,3.000000e+09,0.65
-2.000000e+00,2.000000e+00,4.689561e-01,1.706158e+00,1.163239e-01,4.069541e-02,nan,nan,nan,nan,1.017759e+00,toroidal alone fails,3.000000e+09,0.65
-2.000000e+00,3.000000e+00,4.689561e-01,1.706158e+00,1.163239e-01,3.330524e-02,nan,nan,nan,nan,1.202843e+00,toroidal alone fails,3.000000e+09,0.65
0.000000e+00,5.000000e-01,3.781454e-01,2.115051e+00,2.004009e-01,4.551601e-03,nan,nan,nan,nan,5.776692e-01,toroidal alone fails,3.000000e+09,1.00
0.000000e+00,1.000000e+00,3.781454e-01,2.115051e+00,2.004009e-01,5.025566e-03,nan,nan,nan,nan,6.707075e-01,toroidal alone fails,3.000000e+09,1.00
0.000000e+00,1.500000e+00,3.781454e-01,2.115051e+00,2.004009e-01,5.714416e-03,nan,nan,nan,nan,7.620270e-01,toroidal alone fails,3.000000e+09,1.00
0.000000e+00,2.000000e+00,3.781454e-01,2.115051e+00,2.004009e-01,5.363590e-03,nan,nan,nan,nan,8.458720e-01,toroidal alone fails,3.000000e+09,1.00
0.000000e+00,3.000000e+00,3.781454e-01,2.115051e+00,2.004009e-01,4.353787e-03,nan,nan,nan,nan,9.946611e-01,toroidal alone fails,3.000000e+09,1.00
-5.000000e-01,5.000000e-01,4.045728e-01,2.115051e+00,2.004009e-01,5.280360e-03,nan,nan,nan,nan,5.667134e-01,toroidal alone fails,3.000000e+09,1.00
-5.000000e-01,1.000000e+00,4.045728e-01,2.115051e+00,2.004009e-01,5.986065e-03,nan,nan,nan,nan,6.486878e-01,toroidal alone fails,3.000000e+09,1.00
-5.000000e-01,1.500000e+00,4.045728e-01,2.115051e+00,2.004009e-01,6.995337e-03,nan,nan,nan,nan,7.317728e-01,toroidal alone fails,3.000000e+09,1.00
-5.000000e-01,2.000000e+00,4.045728e-01,2.115051e+00,2.004009e-01,6.679273e-03,nan,nan,nan,nan,8.082638e-01,toroidal alone fails,3.000000e+09,1.00
-5.000000e-01,3.000000e+00,4.045728e-01,2.115051e+00,2.004009e-01,5.534332e-03,nan,nan,nan,nan,9.430752e-01,toroidal alone fails,3.000000e+09,1.00
-1.000000e+00,5.000000e-01,4.304280e-01,2.115051e+00,2.004009e-01,6.098372e-03,nan,nan,nan,nan,5.582094e-01,toroidal alone fails,3.000000e+09,1.00
-1.000000e+00,1.000000e+00,4.304280e-01,2.115051e+00,2.004009e-01,7.139988e-03,nan,nan,nan,nan,6.283678e-01,toroidal alone fails,3.000000e+09,1.00
-1.000000e+00,1.500000e+00,4.304280e-01,2.115051e+00,2.004009e-01,8.622757e-03,nan,nan,nan,nan,7.014464e-01,toroidal alone fails,3.000000e+09,1.00
-1.000000e+00,2.000000e+00,4.304280e-01,2.115051e+00,2.004009e-01,8.416968e-03,nan,nan,nan,nan,7.682825e-01,toroidal alone fails,3.000000e+09,1.00
-1.000000e+00,3.000000e+00,4.304280e-01,2.115051e+00,2.004009e-01,7.213049e-03,nan,nan,nan,nan,8.832662e-01,toroidal alone fails,3.000000e+09,1.00
-1.500000e+00,5.000000e-01,4.564767e-01,2.115051e+00,2.004009e-01,6.661607e-03,nan,nan,nan,nan,5.640863e-01,toroidal alone fails,3.000000e+09,1.00
-1.500000e+00,1.000000e+00,4.564767e-01,2.115051e+00,2.004009e-01,7.894125e-03,nan,nan,nan,nan,6.344250e-01,toroidal alone fails,3.000000e+09,1.00
-1.500000e+00,1.500000e+00,4.564767e-01,2.115051e+00,2.004009e-01,9.448649e-03,nan,nan,nan,nan,7.135252e-01,toroidal alone fails,3.000000e+09,1.00
-1.500000e+00,2.000000e+00,4.564767e-01,2.115051e+00,2.004009e-01,9.078285e-03,nan,nan,nan,nan,7.883914e-01,toroidal alone fails,3.000000e+09,1.00
-1.500000e+00,3.000000e+00,4.564767e-01,2.115051e+00,2.004009e-01,7.544863e-03,nan,nan,nan,nan,9.209464e-01,toroidal alone fails,3.000000e+09,1.00
-2.000000e+00,5.000000e-01,4.589207e-01,2.115051e+00,2.004009e-01,6.607470e-03,nan,nan,nan,nan,5.922905e-01,toroidal alone fails,3.000000e+09,1.00
-2.000000e+00,1.000000e+00,4.589207e-01,2.115051e+00,2.004009e-01,7.368749e-03,nan,nan,nan,nan,6.768700e-01,toroidal alone fails,3.000000e+09,1.00
-2.000000e+00,1.500000e+00,4.589207e-01,2.115051e+00,2.004009e-01,8.513835e-03,nan,nan,nan,nan,7.794898e-01,toroidal alone fails,3.000000e+09,1.00
-2.000000e+00,2.000000e+00,4.589207e-01,2.115051e+00,2.004009e-01,7.897032e-03,nan,nan,nan,nan,8.818149e-01,toroidal alone fails,3.000000e+09,1.00
-2.000000e+00,3.000000e+00,4.589207e-01,2.115051e+00,2.004009e-01,6.119814e-03,nan,nan,nan,nan,1.071436e+00,toroidal alone fails,3.000000e+09,1.00
0.000000e+00,5.000000e-01,3.754189e-01,2.433619e+00,2.453732e-01,3.684868e-03,nan,nan,nan,nan,4.799101e-01,toroidal alone fails,3.000000e+09,1.20
0.000000e+00,1.000000e+00,3.754189e-01,2.433619e+00,2.453732e-01,2.925813e-03,nan,nan,nan,nan,5.569292e-01,toroidal alone fails,3.000000e+09,1.20
0.000000e+00,1.500000e+00,3.754189e-01,2.433619e+00,2.453732e-01,2.643302e-03,nan,nan,nan,nan,6.323271e-01,toroidal alone fails,3.000000e+09,1.20
0.000000e+00,2.000000e+00,3.754189e-01,2.433619e+00,2.453732e-01,2.472994e-03,nan,nan,nan,nan,7.014965e-01,toroidal alone fails,3.000000e+09,1.20
0.000000e+00,3.000000e+00,3.754189e-01,2.433619e+00,2.453732e-01,2.022493e-03,nan,nan,nan,nan,8.239332e-01,toroidal alone fails,3.000000e+09,1.20
-5.000000e-01,5.000000e-01,4.041109e-01,2.433619e+00,2.453732e-01,4.323864e-03,nan,nan,nan,nan,4.688373e-01,toroidal alone fails,3.000000e+09,1.20
-5.000000e-01,1.000000e+00,4.041109e-01,2.433619e+00,2.453732e-01,3.540188e-03,nan,nan,nan,nan,5.355942e-01,toroidal alone fails,3.000000e+09,1.20
-5.000000e-01,1.500000e+00,4.041109e-01,2.433619e+00,2.453732e-01,3.295140e-03,nan,nan,nan,nan,6.028732e-01,toroidal alone fails,3.000000e+09,1.20
-5.000000e-01,2.000000e+00,4.041109e-01,2.433619e+00,2.453732e-01,3.150909e-03,nan,nan,nan,nan,6.643578e-01,toroidal alone fails,3.000000e+09,1.20
-5.000000e-01,3.000000e+00,4.041109e-01,2.433619e+00,2.453732e-01,2.651333e-03,nan,nan,nan,nan,7.717033e-01,toroidal alone fails,3.000000e+09,1.20
-1.000000e+00,5.000000e-01,4.327762e-01,2.433619e+00,2.453732e-01,5.033489e-03,nan,nan,nan,nan,4.646690e-01,toroidal alone fails,3.000000e+09,1.20
-1.000000e+00,1.000000e+00,4.327762e-01,2.433619e+00,2.453732e-01,4.256094e-03,nan,nan,nan,nan,5.240971e-01,toroidal alone fails,3.000000e+09,1.20
-1.000000e+00,1.500000e+00,4.327762e-01,2.433619e+00,2.453732e-01,4.066871e-03,nan,nan,nan,nan,5.863420e-01,toroidal alone fails,3.000000e+09,1.20
-1.000000e+00,2.000000e+00,4.327762e-01,2.433619e+00,2.453732e-01,3.939609e-03,nan,nan,nan,nan,6.432158e-01,toroidal alone fails,3.000000e+09,1.20
-1.000000e+00,3.000000e+00,4.327762e-01,2.433619e+00,2.453732e-01,3.370187e-03,nan,nan,nan,nan,7.407411e-01,toroidal alone fails,3.000000e+09,1.20
-1.500000e+00,5.000000e-01,4.561102e-01,2.433619e+00,2.453732e-01,5.388087e-03,nan,nan,nan,nan,4.747015e-01,toroidal alone fails,3.000000e+09,1.20
-1.500000e+00,1.000000e+00,4.561102e-01,2.433619e+00,2.453732e-01,4.464895e-03,nan,nan,nan,nan,5.385905e-01,toroidal alone fails,3.000000e+09,1.20
-1.500000e+00,1.500000e+00,4.561102e-01,2.433619e+00,2.453732e-01,4.187755e-03,nan,nan,nan,nan,6.118660e-01,toroidal alone fails,3.000000e+09,1.20
-1.500000e+00,2.000000e+00,4.561102e-01,2.433619e+00,2.453732e-01,3.955212e-03,nan,nan,nan,nan,6.827005e-01,toroidal alone fails,3.000000e+09,1.20
-1.500000e+00,3.000000e+00,4.561102e-01,2.433619e+00,2.453732e-01,3.208864e-03,nan,nan,nan,nan,8.110579e-01,toroidal alone fails,3.000000e+09,1.20
-2.000000e+00,5.000000e-01,4.490355e-01,2.433619e+00,2.453732e-01,5.188852e-03,nan,nan,nan,nan,5.069621e-01,toroidal alone fails,3.000000e+09,1.20
-2.000000e+00,1.000000e+00,4.490355e-01,2.433619e+00,2.453732e-01,4.061181e-03,nan,nan,nan,nan,5.856289e-01,toroidal alone fails,3.000000e+09,1.20
-2.000000e+00,1.500000e+00,4.490355e-01,2.433619e+00,2.453732e-01,3.595241e-03,nan,nan,nan,nan,6.811861e-01,toroidal alone fails,3.000000e+09,1.20
-2.000000e+00,2.000000e+00,4.490355e-01,2.433619e+00,2.453732e-01,3.279176e-03,nan,nan,nan,nan,7.773126e-01,toroidal alone fails,3.000000e+09,1.20
-2.000000e+00,3.000000e+00,4.490355e-01,2.433619e+00,2.453732e-01,2.513332e-03,nan,nan,nan,nan,9.549656e-01,toroidal alone fails,3.000000e+09,1.20
0.000000e+00,5.000000e-01,3.916774e-01,1.401241e+00,1.140089e-03,4.471988e-01,nan,nan,nan,nan,1.922508e-01,toroidal alone fails,5.000000e+09,0.05
0.000000e+00,1.000000e+00,3.916774e-01,1.401241e+00,1.140089e-03,2.293676e+00,5.577073e-01,1.060403e+00,7.757659e+11,1.889883e-03,4.044130e-01,TWISTED TORUS,5.000000e+09,0.05
0.000000e+00,1.500000e+00,3.916774e-01,1.401241e+00,1.140089e-03,7.916292e+00,6.377026e-01,1.060403e+00,7.757659e+11,1.889883e-03,4.044130e-01,TWISTED TORUS,5.000000e+09,0.05
0.000000e+00,2.000000e+00,3.916774e-01,1.401241e+00,1.140089e-03,8.551607e+00,7.112040e-01,1.060403e+00,7.757659e+11,1.889883e-03,4.044130e-01,TWISTED TORUS,5.000000e+09,0.05
0.000000e+00,3.000000e+00,3.916774e-01,1.401241e+00,1.140089e-03,7.370226e+00,8.403317e-01,1.060403e+00,7.757659e+11,1.889883e-03,4.044130e-01,TWISTED TORUS,5.000000e+09,0.05
-5.000000e-01,5.000000e-01,4.073851e-01,1.401241e+00,1.140089e-03,4.820419e-01,nan,nan,nan,nan,1.902834e-01,toroidal alone fails,5.000000e+09,0.05
-5.000000e-01,1.000000e+00,4.073851e-01,1.401241e+00,1.140089e-03,2.452988e+00,3.951963e-01,1.300708e+00,7.559400e+11,1.990315e-03,5.584095e-01,TWISTED TORUS,5.000000e+09,0.05
-5.000000e-01,1.500000e+00,4.073851e-01,1.401241e+00,1.140089e-03,8.740948e+00,4.497890e-01,1.300708e+00,7.559400e+11,1.990315e-03,5.584095e-01,TWISTED TORUS,5.000000e+09,0.05
-5.000000e-01,2.000000e+00,4.073851e-01,1.401241e+00,1.140089e-03,9.725738e+00,5.000255e-01,1.300708e+00,7.559400e+11,1.990315e-03,5.584095e-01,TWISTED TORUS,5.000000e+09,0.05
-5.000000e-01,3.000000e+00,4.073851e-01,1.401241e+00,1.140089e-03,8.553724e+00,5.893883e-01,1.300708e+00,7.559400e+11,1.990315e-03,5.584095e-01,TWISTED TORUS,5.000000e+09,0.05
-1.000000e+00,5.000000e-01,4.270717e-01,1.401241e+00,1.140089e-03,5.171411e-01,nan,nan,nan,nan,1.882179e-01,toroidal alone fails,5.000000e+09,0.05
-1.000000e+00,1.000000e+00,4.270717e-01,1.401241e+00,1.140089e-03,2.610191e+00,1.465337e-01,1.823536e+00,7.185570e+11,2.202794e-03,1.472637e+00,TWISTED TORUS,5.000000e+09,0.05
-1.000000e+00,1.500000e+00,4.270717e-01,1.401241e+00,1.140089e-03,9.569379e+00,1.658151e-01,1.823536e+00,7.185570e+11,2.202794e-03,1.472637e+00,TWISTED TORUS,5.000000e+09,0.05
-1.000000e+00,2.000000e+00,4.270717e-01,1.401241e+00,1.140089e-03,1.097260e+01,1.836293e-01,1.823536e+00,7.185570e+11,2.202794e-03,1.472637e+00,TWISTED TORUS,5.000000e+09,0.05
-1.000000e+00,3.000000e+00,4.270717e-01,1.401241e+00,1.140089e-03,9.877264e+00,2.154071e-01,1.823536e+00,7.185570e+11,2.202794e-03,1.472637e+00,TWISTED TORUS,5.000000e+09,0.05
-1.500000e+00,5.000000e-01,4.433539e-01,1.401241e+00,1.140089e-03,5.563035e-01,nan,nan,nan,nan,1.855576e-01,toroidal alone fails,5.000000e+09,0.05
-1.500000e+00,1.000000e+00,4.433539e-01,1.401241e+00,1.140089e-03,2.806442e+00,4.086062e-02,3.060368e+00,6.605049e+11,2.607020e-03,5.131782e+00,TWISTED TORUS,5.000000e+09,0.05
-1.500000e+00,1.500000e+00,4.433539e-01,1.401241e+00,1.140089e-03,1.060418e+01,4.584776e-02,3.060368e+00,6.605049e+11,2.607020e-03,5.131782e+00,TWISTED TORUS,5.000000e+09,0.05
-1.500000e+00,2.000000e+00,4.433539e-01,1.401241e+00,1.140089e-03,1.254431e+01,5.044045e-02,3.060368e+00,6.605049e+11,2.607020e-03,5.131782e+00,TWISTED TORUS,5.000000e+09,0.05
-1.500000e+00,3.000000e+00,4.433539e-01,1.401241e+00,1.140089e-03,1.169520e+01,5.845796e-02,3.060368e+00,6.605049e+11,2.607020e-03,5.131782e+00,TWISTED TORUS,5.000000e+09,0.05
-2.000000e+00,5.000000e-01,4.614344e-01,1.401241e+00,1.140089e-03,6.150698e-01,nan,nan,nan,nan,1.857375e-01,toroidal alone fails,5.000000e+09,0.05
-2.000000e+00,1.000000e+00,4.614344e-01,1.401241e+00,1.140089e-03,3.200295e+00,2.843177e-02,1.496428e+01,3.710330e+11,8.261736e-03,7.322427e+00,TWISTED TORUS,5.000000e+09,0.05
-2.000000e+00,1.500000e+00,4.614344e-01,1.401241e+00,1.140089e-03,1.149624e+01,3.179002e-02,1.496428e+01,3.710330e+11,8.261736e-03,7.322427e+00,TWISTED TORUS,5.000000e+09,0.05
-2.000000e+00,2.000000e+00,4.614344e-01,1.401241e+00,1.140089e-03,1.361184e+01,3.489993e-02,1.496428e+01,3.710330e+11,8.261736e-03,7.322427e+00,TWISTED TORUS,5.000000e+09,0.05
-2.000000e+00,3.000000e+00,4.614344e-01,1.401241e+00,1.140089e-03,1.284888e+01,4.026642e-02,1.496428e+01,3.710330e+11,8.261736e-03,7.322427e+00,TWISTED TORUS,5.000000e+09,0.05
0.000000e+00,5.000000e-01,3.898941e-01,1.404650e+00,2.892743e-03,1.739379e-01,nan,nan,nan,nan,3.046303e-01,toroidal alone fails,5.000000e+09,0.08
0.000000e+00,1.000000e+00,3.898941e-01,1.404650e+00,2.892743e-03,1.029584e+00,2.803670e+00,2.686285e+01,2.436036e+11,1.916590e-02,3.574073e-01,TWISTED TORUS,5.000000e+09,0.08
0.000000e+00,1.500000e+00,3.898941e-01,1.404650e+00,2.892743e-03,3.109548e+00,1.063188e+00,2.952325e+00,7.348143e+11,2.106402e-03,4.089644e-01,TWISTED TORUS,5.000000e+09,0.08
0.000000e+00,2.000000e+00,3.898941e-01,1.404650e+00,2.892743e-03,3.301119e+00,1.184785e+00,2.952325e+00,7.348143e+11,2.106402e-03,4.556187e-01,TWISTED TORUS,5.000000e+09,0.08
0.000000e+00,3.000000e+00,3.898941e-01,1.404650e+00,2.892743e-03,2.828821e+00,1.401382e+00,2.952325e+00,7.348143e+11,2.106402e-03,5.387953e-01,TWISTED TORUS,5.000000e+09,0.08
-5.000000e-01,5.000000e-01,4.064321e-01,1.404650e+00,2.892743e-03,1.876263e-01,nan,nan,nan,nan,3.014360e-01,toroidal alone fails,5.000000e+09,0.08
-5.000000e-01,1.000000e+00,4.064321e-01,1.404650e+00,2.892743e-03,1.101990e+00,8.889957e-01,6.614644e+00,5.297972e+11,4.052072e-03,3.933973e-01,TWISTED TORUS,5.000000e+09,0.08
-5.000000e-01,1.500000e+00,4.064321e-01,1.404650e+00,2.892743e-03,3.448626e+00,7.475306e-01,3.613803e+00,7.167713e+11,2.213784e-03,5.322337e-01,TWISTED TORUS,5.000000e+09,0.08
-5.000000e-01,2.000000e+00,4.064321e-01,1.404650e+00,2.892743e-03,3.762108e+00,8.313382e-01,3.613803e+00,7.167713e+11,2.213784e-03,5.322337e-01,TWISTED TORUS,5.000000e+09,0.08
-5.000000e-01,3.000000e+00,4.064321e-01,1.404650e+00,2.892743e-03,3.285081e+00,9.795079e-01,3.613803e+00,7.167713e+11,2.213784e-03,5.322337e-01,TWISTED TORUS,5.000000e+09,0.08
-1.000000e+00,5.000000e-01,4.258462e-01,1.404650e+00,2.892743e-03,2.013867e-01,nan,nan,nan,nan,2.981117e-01,toroidal alone fails,5.000000e+09,0.08
-1.000000e+00,1.000000e+00,4.258462e-01,1.404650e+00,2.892743e-03,1.173451e+00,2.427534e-01,5.044179e+00,6.827617e+11,2.439822e-03,1.408463e+00,TWISTED TORUS,5.000000e+09,0.08
-1.000000e+00,1.500000e+00,4.258462e-01,1.404650e+00,2.892743e-03,3.791837e+00,2.746662e-01,5.044179e+00,6.827617e+11,2.439822e-03,1.408463e+00,TWISTED TORUS,5.000000e+09,0.08
-1.000000e+00,2.000000e+00,4.258462e-01,1.404650e+00,2.892743e-03,4.253007e+00,3.042536e-01,5.044179e+00,6.827617e+11,2.439822e-03,1.408463e+00,TWISTED TORUS,5.000000e+09,0.08
-1.000000e+00,3.000000e+00,4.258462e-01,1.404650e+00,2.892743e-03,3.797303e+00,3.565952e-01,5.044179e+00,6.827617e+11,2.439822e-03,1.408463e+00,TWISTED TORUS,5.000000e+09,0.08
-1.500000e+00,5.000000e-01,4.424536e-01,1.404650e+00,2.892743e-03,2.168310e-01,nan,nan,nan,nan,2.939326e-01,toroidal alone fails,5.000000e+09,0.08
-1.500000e+00,1.000000e+00,4.424536e-01,1.404650e+00,2.892743e-03,1.263341e+00,6.744904e-02,8.403526e+00,6.297103e+11,2.868236e-03,4.925339e+00,TWISTED TORUS,5.000000e+09,0.08
-1.500000e+00,1.500000e+00,4.424536e-01,1.404650e+00,2.892743e-03,4.219835e+00,7.566465e-02,8.403526e+00,6.297103e+11,2.868236e-03,4.925339e+00,TWISTED TORUS,5.000000e+09,0.08
-1.500000e+00,2.000000e+00,4.424536e-01,1.404650e+00,2.892743e-03,4.874789e+00,8.323249e-02,8.403526e+00,6.297103e+11,2.868236e-03,4.925339e+00,TWISTED TORUS,5.000000e+09,0.08
-1.500000e+00,3.000000e+00,4.424536e-01,1.404650e+00,2.892743e-03,4.505555e+00,9.639278e-02,8.403526e+00,6.297103e+11,2.868236e-03,4.925339e+00,TWISTED TORUS,5.000000e+09,0.08
-2.000000e+00,5.000000e-01,4.602890e-01,1.404650e+00,2.892743e-03,2.403031e-01,nan,nan,nan,nan,2.940629e-01,toroidal alone fails,5.000000e+09,0.08
-2.000000e+00,1.000000e+00,4.602890e-01,1.404650e+00,2.892743e-03,1.446163e+00,4.504274e-02,3.781802e+01,3.684923e+11,8.376057e-03,7.322494e+00,TWISTED TORUS,5.000000e+09,0.08
-2.000000e+00,1.500000e+00,4.602890e-01,1.404650e+00,2.892743e-03,4.561946e+00,5.039598e-02,3.781802e+01,3.684923e+11,8.376057e-03,7.322494e+00,TWISTED TORUS,5.000000e+09,0.08
-2.000000e+00,2.000000e+00,4.602890e-01,1.404650e+00,2.892743e-03,5.288018e+00,5.533216e-02,3.781802e+01,3.684923e+11,8.376057e-03,7.322494e+00,TWISTED TORUS,5.000000e+09,0.08
-2.000000e+00,3.000000e+00,4.602890e-01,1.404650e+00,2.892743e-03,4.939696e+00,6.384900e-02,3.781802e+01,3.684923e+11,8.376057e-03,7.322494e+00,TWISTED TORUS,5.000000e+09,0.08
0.000000e+00,5.000000e-01,3.910474e-01,1.409604e+00,5.400297e-03,9.078064e-02,nan,nan,nan,nan,4.100985e-01,toroidal alone fails,5.000000e+09,0.11
0.000000e+00,1.000000e+00,3.910474e-01,1.409604e+00,5.400297e-03,5.396600e-01,nan,nan,nan,nan,4.808196e-01,toroidal alone fails,5.000000e+09,0.11
0.000000e+00,1.500000e+00,3.910474e-01,1.409604e+00,5.400297e-03,1.631263e+00,1.422733e+00,5.394802e+00,7.344459e+11,2.108515e-03,5.496587e-01,TWISTED TORUS,5.000000e+09,0.11
0.000000e+00,2.000000e+00,3.910474e-01,1.409604e+00,5.400297e-03,1.724281e+00,1.586346e+00,5.394802e+00,7.344459e+11,2.108515e-03,6.127960e-01,TWISTED TORUS,5.000000e+09,0.11
0.000000e+00,3.000000e+00,3.910474e-01,1.409604e+00,5.400297e-03,1.473670e+00,1.873802e+00,5.394802e+00,7.344459e+11,2.108515e-03,7.237869e-01,TWISTED TORUS,5.000000e+09,0.11
-5.000000e-01,5.000000e-01,4.072860e-01,1.409604e+00,5.400297e-03,9.801450e-02,nan,nan,nan,nan,4.058071e-01,toroidal alone fails,5.000000e+09,0.11
-5.000000e-01,1.000000e+00,4.072860e-01,1.409604e+00,5.400297e-03,5.783556e-01,nan,nan,nan,nan,4.704426e-01,toroidal alone fails,5.000000e+09,0.11
-5.000000e-01,1.500000e+00,4.072860e-01,1.409604e+00,5.400297e-03,1.812478e+00,9.989055e-01,6.607534e+00,7.161714e+11,2.217494e-03,5.357687e-01,TWISTED TORUS,5.000000e+09,0.11
-5.000000e-01,2.000000e+00,4.072860e-01,1.409604e+00,5.400297e-03,1.968947e+00,1.110040e+00,6.607534e+00,7.161714e+11,2.217494e-03,5.947676e-01,TWISTED TORUS,5.000000e+09,0.11
-5.000000e-01,3.000000e+00,4.072860e-01,1.409604e+00,5.400297e-03,1.714363e+00,1.308171e+00,6.607534e+00,7.161714e+11,2.217494e-03,7.008978e-01,TWISTED TORUS,5.000000e+09,0.11
-1.000000e+00,5.000000e-01,4.262307e-01,1.409604e+00,5.400297e-03,1.052824e-01,nan,nan,nan,nan,4.013691e-01,toroidal alone fails,5.000000e+09,0.11
-1.000000e+00,1.000000e+00,4.262307e-01,1.409604e+00,5.400297e-03,6.165511e-01,nan,nan,nan,nan,4.598491e-01,toroidal alone fails,5.000000e+09,0.11
-1.000000e+00,1.500000e+00,4.262307e-01,1.409604e+00,5.400297e-03,1.996055e+00,3.663050e-01,9.228345e+00,6.818769e+11,2.446158e-03,1.419976e+00,TWISTED TORUS,5.000000e+09,0.11
-1.000000e+00,2.000000e+00,4.262307e-01,1.409604e+00,5.400297e-03,2.227842e+00,4.056308e-01,9.228345e+00,6.818769e+11,2.446158e-03,1.419976e+00,TWISTED TORUS,5.000000e+09,0.11
-1.000000e+00,3.000000e+00,4.262307e-01,1.409604e+00,5.400297e-03,1.984730e+00,4.755633e-01,9.228345e+00,6.818769e+11,2.446158e-03,1.419976e+00,TWISTED TORUS,5.000000e+09,0.11
-1.500000e+00,5.000000e-01,4.438376e-01,1.409604e+00,5.400297e-03,1.134485e-01,nan,nan,nan,nan,3.956501e-01,toroidal alone fails,5.000000e+09,0.11
-1.500000e+00,1.000000e+00,4.438376e-01,1.409604e+00,5.400297e-03,6.646286e-01,nan,nan,nan,nan,4.468355e-01,toroidal alone fails,5.000000e+09,0.11
-1.500000e+00,1.500000e+00,4.438376e-01,1.409604e+00,5.400297e-03,2.224442e+00,1.008723e-01,1.536992e+01,6.286469e+11,2.877947e-03,4.965092e+00,TWISTED TORUS,5.000000e+09,0.11
-1.500000e+00,2.000000e+00,4.438376e-01,1.409604e+00,5.400297e-03,2.557779e+00,1.109549e-01,1.536992e+01,6.286469e+11,2.877947e-03,4.965092e+00,TWISTED TORUS,5.000000e+09,0.11
-1.500000e+00,3.000000e+00,4.438376e-01,1.409604e+00,5.400297e-03,2.359296e+00,1.284754e-01,1.536992e+01,6.286469e+11,2.877947e-03,4.965092e+00,TWISTED TORUS,5.000000e+09,0.11
-2.000000e+00,5.000000e-01,4.601310e-01,1.409604e+00,5.400297e-03,1.258741e-01,nan,nan,nan,nan,3.961673e-01,toroidal alone fails,5.000000e+09,0.11
-2.000000e+00,1.000000e+00,4.601310e-01,1.409604e+00,5.400297e-03,7.623873e-01,nan,nan,nan,nan,4.441333e-01,toroidal alone fails,5.000000e+09,0.11
-2.000000e+00,1.500000e+00,4.601310e-01,1.409604e+00,5.400297e-03,2.403068e+00,6.782866e-02,7.020168e+01,3.647667e+11,8.548030e-03,7.322588e+00,TWISTED TORUS,5.000000e+09,0.11
-2.000000e+00,2.000000e+00,4.601310e-01,1.409604e+00,5.400297e-03,2.768450e+00,7.448871e-02,7.020168e+01,3.647667e+11,8.548030e-03,7.322588e+00,TWISTED TORUS,5.000000e+09,0.11
-2.000000e+00,3.000000e+00,4.601310e-01,1.409604e+00,5.400297e-03,2.576663e+00,8.598228e-02,7.020168e+01,3.647667e+11,8.548030e-03,7.322588e+00,TWISTED TORUS,5.000000e+09,0.11
0.000000e+00,5.000000e-01,3.930656e-01,1.418568e+00,9.822532e-03,5.542506e-02,nan,nan,nan,nan,5.376489e-01,toroidal alone fails,5.000000e+09,0.15
0.000000e+00,1.000000e+00,3.930656e-01,1.418568e+00,9.822532e-03,2.841347e-01,nan,nan,nan,nan,6.297732e-01,toroidal alone fails,5.000000e+09,0.15
0.000000e+00,1.500000e+00,3.930656e-01,1.418568e+00,9.822532e-03,8.616355e-01,nan,nan,nan,nan,7.193802e-01,toroidal alone fails,5.000000e+09,0.15
0.000000e+00,2.000000e+00,3.930656e-01,1.418568e+00,9.822532e-03,9.083428e-01,nan,nan,nan,nan,8.019535e-01,toroidal alone fails,5.000000e+09,0.15
0.000000e+00,3.000000e+00,3.930656e-01,1.418568e+00,9.822532e-03,7.745695e-01,nan,nan,nan,nan,9.469926e-01,toroidal alone fails,5.000000e+09,0.15
-5.000000e-01,5.000000e-01,4.092504e-01,1.418568e+00,9.822532e-03,5.995600e-02,nan,nan,nan,nan,5.320937e-01,toroidal alone fails,5.000000e+09,0.15
-5.000000e-01,1.000000e+00,4.092504e-01,1.418568e+00,9.822532e-03,3.054327e-01,nan,nan,nan,nan,6.162660e-01,toroidal alone fails,5.000000e+09,0.15
-5.000000e-01,1.500000e+00,4.092504e-01,1.418568e+00,9.822532e-03,9.595167e-01,nan,nan,nan,nan,7.006477e-01,toroidal alone fails,5.000000e+09,0.15
-5.000000e-01,2.000000e+00,4.092504e-01,1.418568e+00,9.822532e-03,1.038891e+00,1.486238e+00,1.241399e+01,6.908793e+11,2.382825e-03,7.782869e-01,TWISTED TORUS,5.000000e+09,0.15
-5.000000e-01,3.000000e+00,4.092504e-01,1.418568e+00,9.822532e-03,9.024604e-01,nan,nan,nan,nan,9.169990e-01,toroidal alone fails,5.000000e+09,0.15
-1.000000e+00,5.000000e-01,4.274772e-01,1.418568e+00,9.822532e-03,6.451593e-02,nan,nan,nan,nan,5.263282e-01,toroidal alone fails,5.000000e+09,0.15
-1.000000e+00,1.000000e+00,4.274772e-01,1.418568e+00,9.822532e-03,3.265106e-01,nan,nan,nan,nan,6.023710e-01,toroidal alone fails,5.000000e+09,0.15
-1.000000e+00,1.500000e+00,4.274772e-01,1.418568e+00,9.822532e-03,1.058822e+00,4.884283e-01,1.730269e+01,6.583233e+11,2.624327e-03,1.393792e+00,TWISTED TORUS,5.000000e+09,0.15
-1.000000e+00,2.000000e+00,4.274772e-01,1.418568e+00,9.822532e-03,1.178241e+00,5.408383e-01,1.730269e+01,6.583233e+11,2.624327e-03,1.393792e+00,TWISTED TORUS,5.000000e+09,0.15
-1.000000e+00,3.000000e+00,4.274772e-01,1.418568e+00,9.822532e-03,1.046618e+00,6.337058e-01,1.730269e+01,6.583233e+11,2.624327e-03,1.393792e+00,TWISTED TORUS,5.000000e+09,0.15
-1.500000e+00,5.000000e-01,4.453660e-01,1.418568e+00,9.822532e-03,6.964036e-02,nan,nan,nan,nan,5.192244e-01,toroidal alone fails,5.000000e+09,0.15
-1.500000e+00,1.000000e+00,4.453660e-01,1.418568e+00,9.822532e-03,3.530542e-01,nan,nan,nan,nan,5.853680e-01,toroidal alone fails,5.000000e+09,0.15
-1.500000e+00,1.500000e+00,4.453660e-01,1.418568e+00,9.822532e-03,1.182763e+00,1.342426e-01,2.867107e+01,6.079914e+11,3.076816e-03,4.883982e+00,TWISTED TORUS,5.000000e+09,0.15
-1.500000e+00,2.000000e+00,4.453660e-01,1.418568e+00,9.822532e-03,1.356187e+00,1.475528e-01,2.867107e+01,6.079914e+11,3.076816e-03,4.883982e+00,TWISTED TORUS,5.000000e+09,0.15
-1.500000e+00,3.000000e+00,4.453660e-01,1.418568e+00,9.822532e-03,1.247285e+00,1.707061e-01,2.867107e+01,6.079914e+11,3.076816e-03,4.883982e+00,TWISTED TORUS,5.000000e+09,0.15
-2.000000e+00,5.000000e-01,4.625437e-01,1.418568e+00,9.822532e-03,7.739365e-02,nan,nan,nan,nan,5.203822e-01,toroidal alone fails,5.000000e+09,0.15
-2.000000e+00,1.000000e+00,4.625437e-01,1.418568e+00,9.822532e-03,4.064085e-01,nan,nan,nan,nan,5.826189e-01,toroidal alone fails,5.000000e+09,0.15
-2.000000e+00,1.500000e+00,4.625437e-01,1.418568e+00,9.822532e-03,1.275608e+00,8.899545e-02,1.264314e+02,3.584514e+11,8.851886e-03,7.322752e+00,TWISTED TORUS,5.000000e+09,0.15
-2.000000e+00,2.000000e+00,4.625437e-01,1.418568e+00,9.822532e-03,1.462546e+00,9.774672e-02,1.264314e+02,3.584514e+11,8.851886e-03,7.322752e+00,TWISTED TORUS,5.000000e+09,0.15
-2.000000e+00,3.000000e+00,4.625437e-01,1.418568e+00,9.822532e-03,1.354347e+00,1.129060e-01,1.264314e+02,3.584514e+11,8.851886e-03,7.322752e+00,TWISTED TORUS,5.000000e+09,0.15
0.000000e+00,5.000000e-01,3.926681e-01,1.433449e+00,1.686859e-02,2.947538e-02,nan,nan,nan,nan,6.752240e-01,toroidal alone fails,5.000000e+09,0.20
0.000000e+00,1.000000e+00,3.926681e-01,1.433449e+00,1.686859e-02,1.533214e-01,nan,nan,nan,nan,7.896394e-01,toroidal alone fails,5.000000e+09,0.20
0.000000e+00,1.500000e+00,3.926681e-01,1.433449e+00,1.686859e-02,4.722538e-01,nan,nan,nan,nan,9.017570e-01,toroidal alone fails,5.000000e+09,0.20
0.000000e+00,2.000000e+00,3.926681e-01,1.433449e+00,1.686859e-02,4.930085e-01,nan,nan,nan,nan,1.004218e+00,toroidal alone fails,5.000000e+09,0.20
0.000000e+00,3.000000e+00,3.926681e-01,1.433449e+00,1.686859e-02,4.182448e-01,nan,nan,nan,nan,1.186395e+00,toroidal alone fails,5.000000e+09,0.20
-5.000000e-01,5.000000e-01,4.108762e-01,1.433449e+00,1.686859e-02,3.196283e-02,nan,nan,nan,nan,6.683486e-01,toroidal alone fails,5.000000e+09,0.20
-5.000000e-01,1.000000e+00,4.108762e-01,1.433449e+00,1.686859e-02,1.653763e-01,nan,nan,nan,nan,7.726590e-01,toroidal alone fails,5.000000e+09,0.20
-5.000000e-01,1.500000e+00,4.108762e-01,1.433449e+00,1.686859e-02,5.283561e-01,nan,nan,nan,nan,8.777229e-01,toroidal alone fails,5.000000e+09,0.20
-5.000000e-01,2.000000e+00,4.108762e-01,1.433449e+00,1.686859e-02,5.660529e-01,nan,nan,nan,nan,9.751377e-01,toroidal alone fails,5.000000e+09,0.20
-5.000000e-01,3.000000e+00,4.108762e-01,1.433449e+00,1.686859e-02,4.889106e-01,nan,nan,nan,nan,1.147843e+00,toroidal alone fails,5.000000e+09,0.20
-1.000000e+00,5.000000e-01,4.282533e-01,1.433449e+00,1.686859e-02,3.446533e-02,nan,nan,nan,nan,6.611792e-01,toroidal alone fails,5.000000e+09,0.20
-1.000000e+00,1.000000e+00,4.282533e-01,1.433449e+00,1.686859e-02,1.773167e-01,nan,nan,nan,nan,7.553137e-01,toroidal alone fails,5.000000e+09,0.20
-1.000000e+00,1.500000e+00,4.282533e-01,1.433449e+00,1.686859e-02,5.855200e-01,nan,nan,nan,nan,8.531212e-01,toroidal alone fails,5.000000e+09,0.20
-1.000000e+00,2.000000e+00,4.282533e-01,1.433449e+00,1.686859e-02,6.442020e-01,nan,nan,nan,nan,9.437518e-01,toroidal alone fails,5.000000e+09,0.20
-1.000000e+00,3.000000e+00,4.282533e-01,1.433449e+00,1.686859e-02,5.689361e-01,nan,nan,nan,nan,1.104598e+00,toroidal alone fails,5.000000e+09,0.20
-1.500000e+00,5.000000e-01,4.456901e-01,1.433449e+00,1.686859e-02,3.728117e-02,nan,nan,nan,nan,6.526097e-01,toroidal alone fails,5.000000e+09,0.20
-1.500000e+00,1.000000e+00,4.456901e-01,1.433449e+00,1.686859e-02,1.923890e-01,nan,nan,nan,nan,7.340909e-01,toroidal alone fails,5.000000e+09,0.20
-1.500000e+00,1.500000e+00,4.456901e-01,1.433449e+00,1.686859e-02,6.570360e-01,nan,nan,nan,nan,8.210940e-01,toroidal alone fails,5.000000e+09,0.20
-1.500000e+00,2.000000e+00,4.456901e-01,1.433449e+00,1.686859e-02,7.445583e-01,nan,nan,nan,nan,9.014512e-01,toroidal alone fails,5.000000e+09,0.20
-1.500000e+00,3.000000e+00,4.456901e-01,1.433449e+00,1.686859e-02,6.812578e-01,nan,nan,nan,nan,1.041250e+00,toroidal alone fails,5.000000e+09,0.20
-2.000000e+00,5.000000e-01,4.646852e-01,1.433449e+00,1.686859e-02,4.153109e-02,nan,nan,nan,nan,6.550931e-01,toroidal alone fails,5.000000e+09,0.20
-2.000000e+00,1.000000e+00,4.646852e-01,1.433449e+00,1.686859e-02,2.225661e-01,nan,nan,nan,nan,7.323438e-01,toroidal alone fails,5.000000e+09,0.20
-2.000000e+00,1.500000e+00,4.646852e-01,1.433449e+00,1.686859e-02,7.064187e-01,nan,nan,nan,nan,8.188786e-01,toroidal alone fails,5.000000e+09,0.20
-2.000000e+00,2.000000e+00,4.646852e-01,1.433449e+00,1.686859e-02,7.982970e-01,nan,nan,nan,nan,8.996210e-01,toroidal alone fails,5.000000e+09,0.20
-2.000000e+00,3.000000e+00,4.646852e-01,1.433449e+00,1.686859e-02,7.317403e-01,nan,nan,nan,nan,1.040093e+00,toroidal alone fails,5.000000e+09,0.20
0.000000e+00,5.000000e-01,3.836745e-01,1.474827e+00,3.485223e-02,1.587538e-02,nan,nan,nan,nan,8.780199e-01,toroidal alone fails,5.000000e+09,0.30
0.000000e+00,1.000000e+00,3.836745e-01,1.474827e+00,3.485223e-02,8.302411e-02,nan,nan,nan,nan,1.024416e+00,toroidal alone fails,5.000000e+09,0.30
0.000000e+00,1.500000e+00,3.836745e-01,1.474827e+00,3.485223e-02,1.966823e-01,nan,nan,nan,nan,1.168122e+00,toroidal alone fails,5.000000e+09,0.30
0.000000e+00,2.000000e+00,3.836745e-01,1.474827e+00,3.485223e-02,1.976172e-01,nan,nan,nan,nan,1.300503e+00,toroidal alone fails,5.000000e+09,0.30
0.000000e+00,3.000000e+00,3.836745e-01,1.474827e+00,3.485223e-02,1.648551e-01,nan,nan,nan,nan,1.534342e+00,toroidal alone fails,5.000000e+09,0.30
-5.000000e-01,5.000000e-01,4.018902e-01,1.474827e+00,3.485223e-02,1.733849e-02,nan,nan,nan,nan,8.691910e-01,toroidal alone fails,5.000000e+09,0.30
-5.000000e-01,1.000000e+00,4.018902e-01,1.474827e+00,3.485223e-02,9.047707e-02,nan,nan,nan,nan,1.002217e+00,toroidal alone fails,5.000000e+09,0.30
-5.000000e-01,1.500000e+00,4.018902e-01,1.474827e+00,3.485223e-02,2.233133e-01,nan,nan,nan,nan,1.136798e+00,toroidal alone fails,5.000000e+09,0.30
-5.000000e-01,2.000000e+00,4.018902e-01,1.474827e+00,3.485223e-02,2.292570e-01,nan,nan,nan,nan,1.261606e+00,toroidal alone fails,5.000000e+09,0.30
-5.000000e-01,3.000000e+00,4.018902e-01,1.474827e+00,3.485223e-02,1.942963e-01,nan,nan,nan,nan,1.483712e+00,toroidal alone fails,5.000000e+09,0.30
-1.000000e+00,5.000000e-01,4.192581e-01,1.474827e+00,3.485223e-02,1.881354e-02,nan,nan,nan,nan,8.595890e-01,toroidal alone fails,5.000000e+09,0.30
-1.000000e+00,1.000000e+00,4.192581e-01,1.474827e+00,3.485223e-02,9.792927e-02,nan,nan,nan,nan,9.790359e-01,toroidal alone fails,5.000000e+09,0.30
-1.000000e+00,1.500000e+00,4.192581e-01,1.474827e+00,3.485223e-02,2.509293e-01,nan,nan,nan,nan,1.103899e+00,toroidal alone fails,5.000000e+09,0.30
-1.000000e+00,2.000000e+00,4.192581e-01,1.474827e+00,3.485223e-02,2.636321e-01,nan,nan,nan,nan,1.219862e+00,toroidal alone fails,5.000000e+09,0.30
-1.000000e+00,3.000000e+00,4.192581e-01,1.474827e+00,3.485223e-02,2.281426e-01,nan,nan,nan,nan,1.425768e+00,toroidal alone fails,5.000000e+09,0.30
-1.500000e+00,5.000000e-01,4.382540e-01,1.474827e+00,3.485223e-02,2.050010e-02,nan,nan,nan,nan,8.488688e-01,toroidal alone fails,5.000000e+09,0.30
-1.500000e+00,1.000000e+00,4.382540e-01,1.474827e+00,3.485223e-02,1.075229e-01,nan,nan,nan,nan,9.516890e-01,toroidal alone fails,5.000000e+09,0.30
-1.500000e+00,1.500000e+00,4.382540e-01,1.474827e+00,3.485223e-02,2.858177e-01,nan,nan,nan,nan,1.062118e+00,toroidal alone fails,5.000000e+09,0.30
-1.500000e+00,2.000000e+00,4.382540e-01,1.474827e+00,3.485223e-02,3.085592e-01,nan,nan,nan,nan,1.164068e+00,toroidal alone fails,5.000000e+09,0.30
-1.500000e+00,3.000000e+00,4.382540e-01,1.474827e+00,3.485223e-02,2.766257e-01,nan,nan,nan,nan,1.340728e+00,toroidal alone fails,5.000000e+09,0.30
-2.000000e+00,5.000000e-01,4.578914e-01,1.474827e+00,3.485223e-02,2.288030e-02,nan,nan,nan,nan,8.550361e-01,toroidal alone fails,5.000000e+09,0.30
-2.000000e+00,1.000000e+00,4.578914e-01,1.474827e+00,3.485223e-02,1.244935e-01,nan,nan,nan,nan,9.541217e-01,toroidal alone fails,5.000000e+09,0.30
-2.000000e+00,1.500000e+00,4.578914e-01,1.474827e+00,3.485223e-02,3.032565e-01,nan,nan,nan,nan,1.067608e+00,toroidal alone fails,5.000000e+09,0.30
-2.000000e+00,2.000000e+00,4.578914e-01,1.474827e+00,3.485223e-02,3.253744e-01,nan,nan,nan,nan,1.174252e+00,toroidal alone fails,5.000000e+09,0.30
-2.000000e+00,3.000000e+00,4.578914e-01,1.474827e+00,3.485223e-02,2.893628e-01,nan,nan,nan,nan,1.360893e+00,toroidal alone fails,5.000000e+09,0.30
0.000000e+00,5.000000e-01,3.912777e-01,1.563741e+00,6.772637e-02,8.596415e-03,nan,nan,nan,nan,1.003316e+00,toroidal alone fails,5.000000e+09,0.45
0.000000e+00,1.000000e+00,3.912777e-01,1.563741e+00,6.772637e-02,3.361885e-02,nan,nan,nan,nan,1.166124e+00,toroidal alone fails,5.000000e+09,0.45
0.000000e+00,1.500000e+00,3.912777e-01,1.563741e+00,6.772637e-02,7.422231e-02,nan,nan,nan,nan,1.326959e+00,toroidal alone fails,5.000000e+09,0.45
0.000000e+00,2.000000e+00,3.912777e-01,1.563741e+00,6.772637e-02,7.270591e-02,nan,nan,nan,nan,1.475288e+00,toroidal alone fails,5.000000e+09,0.45
0.000000e+00,3.000000e+00,3.912777e-01,1.563741e+00,6.772637e-02,5.990420e-02,nan,nan,nan,nan,1.738428e+00,toroidal alone fails,5.000000e+09,0.45
-5.000000e-01,5.000000e-01,4.112886e-01,1.563741e+00,6.772637e-02,9.501442e-03,nan,nan,nan,nan,9.930693e-01,toroidal alone fails,5.000000e+09,0.45
-5.000000e-01,1.000000e+00,4.112886e-01,1.563741e+00,6.772637e-02,3.726849e-02,nan,nan,nan,nan,1.139939e+00,toroidal alone fails,5.000000e+09,0.45
-5.000000e-01,1.500000e+00,4.112886e-01,1.563741e+00,6.772637e-02,8.570464e-02,nan,nan,nan,nan,1.290299e+00,toroidal alone fails,5.000000e+09,0.45
-5.000000e-01,2.000000e+00,4.112886e-01,1.563741e+00,6.772637e-02,8.557026e-02,nan,nan,nan,nan,1.429864e+00,toroidal alone fails,5.000000e+09,0.45
-5.000000e-01,3.000000e+00,4.112886e-01,1.563741e+00,6.772637e-02,7.156472e-02,nan,nan,nan,nan,1.678404e+00,toroidal alone fails,5.000000e+09,0.45
-1.000000e+00,5.000000e-01,4.311078e-01,1.563741e+00,6.772637e-02,1.041856e-02,nan,nan,nan,nan,9.821255e-01,toroidal alone fails,5.000000e+09,0.45
-1.000000e+00,1.000000e+00,4.311078e-01,1.563741e+00,6.772637e-02,4.099167e-02,nan,nan,nan,nan,1.112206e+00,toroidal alone fails,5.000000e+09,0.45
-1.000000e+00,1.500000e+00,4.311078e-01,1.563741e+00,6.772637e-02,9.793478e-02,nan,nan,nan,nan,1.250231e+00,toroidal alone fails,5.000000e+09,0.45
-1.000000e+00,2.000000e+00,4.311078e-01,1.563741e+00,6.772637e-02,9.985139e-02,nan,nan,nan,nan,1.378779e+00,toroidal alone fails,5.000000e+09,0.45
-1.000000e+00,3.000000e+00,4.311078e-01,1.563741e+00,6.772637e-02,8.527654e-02,nan,nan,nan,nan,1.606551e+00,toroidal alone fails,5.000000e+09,0.45
-1.500000e+00,5.000000e-01,4.515465e-01,1.563741e+00,6.772637e-02,1.148622e-02,nan,nan,nan,nan,9.731880e-01,toroidal alone fails,5.000000e+09,0.45
-1.500000e+00,1.000000e+00,4.515465e-01,1.563741e+00,6.772637e-02,4.589358e-02,nan,nan,nan,nan,1.084824e+00,toroidal alone fails,5.000000e+09,0.45
-1.500000e+00,1.500000e+00,4.515465e-01,1.563741e+00,6.772637e-02,1.137032e-01,nan,nan,nan,nan,1.207055e+00,toroidal alone fails,5.000000e+09,0.45
-1.500000e+00,2.000000e+00,4.515465e-01,1.563741e+00,6.772637e-02,1.184204e-01,nan,nan,nan,nan,1.320643e+00,toroidal alone fails,5.000000e+09,0.45
-1.500000e+00,3.000000e+00,4.515465e-01,1.563741e+00,6.772637e-02,1.045598e-01,nan,nan,nan,nan,1.517464e+00,toroidal alone fails,5.000000e+09,0.45
-2.000000e+00,5.000000e-01,4.708639e-01,1.563741e+00,6.772637e-02,1.258165e-02,nan,nan,nan,nan,9.868811e-01,toroidal alone fails,5.000000e+09,0.45
-2.000000e+00,1.000000e+00,4.708639e-01,1.563741e+00,6.772637e-02,5.082792e-02,nan,nan,nan,nan,1.098455e+00,toroidal alone fails,5.000000e+09,0.45
-2.000000e+00,1.500000e+00,4.708639e-01,1.563741e+00,6.772637e-02,1.171547e-01,nan,nan,nan,nan,1.229893e+00,toroidal alone fails,5.000000e+09,0.45
-2.000000e+00,2.000000e+00,4.708639e-01,1.563741e+00,6.772637e-02,1.211818e-01,nan,nan,nan,nan,1.355454e+00,toroidal alone fails,5.000000e+09,0.45
-2.000000e+00,3.000000e+00,4.708639e-01,1.563741e+00,6.772637e-02,1.045123e-01,nan,nan,nan,nan,1.577992e+00,toroidal alone fails,5.000000e+09,0.45
0.000000e+00,5.000000e-01,3.837797e-01,1.729102e+00,1.158581e-01,6.015912e-03,nan,nan,nan,nan,9.906799e-01,toroidal alone fails,5.000000e+09,0.65
0.000000e+00,1.000000e+00,3.837797e-01,1.729102e+00,1.158581e-01,1.705053e-02,nan,nan,nan,nan,1.149031e+00,toroidal alone fails,5.000000e+09,0.65
0.000000e+00,1.500000e+00,3.837797e-01,1.729102e+00,1.158581e-01,2.669078e-02,nan,nan,nan,nan,1.305984e+00,toroidal alone fails,5.000000e+09,0.65
0.000000e+00,2.000000e+00,3.837797e-01,1.729102e+00,1.158581e-01,2.530480e-02,nan,nan,nan,nan,1.450434e+00,toroidal alone fails,5.000000e+09,0.65
0.000000e+00,3.000000e+00,3.837797e-01,1.729102e+00,1.158581e-01,2.053977e-02,nan,nan,nan,nan,1.707140e+00,toroidal alone fails,5.000000e+09,0.65
-5.000000e-01,5.000000e-01,4.064929e-01,1.729102e+00,1.158581e-01,6.766342e-03,nan,nan,nan,nan,9.788939e-01,toroidal alone fails,5.000000e+09,0.65
-5.000000e-01,1.000000e+00,4.064929e-01,1.729102e+00,1.158581e-01,1.938539e-02,nan,nan,nan,nan,1.120676e+00,toroidal alone fails,5.000000e+09,0.65
-5.000000e-01,1.500000e+00,4.064929e-01,1.729102e+00,1.158581e-01,3.155100e-02,nan,nan,nan,nan,1.266254e+00,toroidal alone fails,5.000000e+09,0.65
-5.000000e-01,2.000000e+00,4.064929e-01,1.729102e+00,1.158581e-01,3.038960e-02,nan,nan,nan,nan,1.401335e+00,toroidal alone fails,5.000000e+09,0.65
-5.000000e-01,3.000000e+00,4.064929e-01,1.729102e+00,1.158581e-01,2.502354e-02,nan,nan,nan,nan,1.642281e+00,toroidal alone fails,5.000000e+09,0.65
-1.000000e+00,5.000000e-01,4.284668e-01,1.729102e+00,1.158581e-01,7.544697e-03,nan,nan,nan,nan,9.656361e-01,toroidal alone fails,5.000000e+09,0.65
-1.000000e+00,1.000000e+00,4.284668e-01,1.729102e+00,1.158581e-01,2.187346e-02,nan,nan,nan,nan,1.089088e+00,toroidal alone fails,5.000000e+09,0.65
-1.000000e+00,1.500000e+00,4.284668e-01,1.729102e+00,1.158581e-01,3.697865e-02,nan,nan,nan,nan,1.220594e+00,toroidal alone fails,5.000000e+09,0.65
-1.000000e+00,2.000000e+00,4.284668e-01,1.729102e+00,1.158581e-01,3.631324e-02,nan,nan,nan,nan,1.342777e+00,toroidal alone fails,5.000000e+09,0.65
-1.000000e+00,3.000000e+00,4.284668e-01,1.729102e+00,1.158581e-01,3.065428e-02,nan,nan,nan,nan,1.557922e+00,toroidal alone fails,5.000000e+09,0.65
-1.500000e+00,5.000000e-01,4.495578e-01,1.729102e+00,1.158581e-01,8.486847e-03,nan,nan,nan,nan,9.631550e-01,toroidal alone fails,5.000000e+09,0.65
-1.500000e+00,1.000000e+00,4.495578e-01,1.729102e+00,1.158581e-01,2.530847e-02,nan,nan,nan,nan,1.071853e+00,toroidal alone fails,5.000000e+09,0.65
-1.500000e+00,1.500000e+00,4.495578e-01,1.729102e+00,1.158581e-01,4.338251e-02,nan,nan,nan,nan,1.192441e+00,toroidal alone fails,5.000000e+09,0.65
-1.500000e+00,2.000000e+00,4.495578e-01,1.729102e+00,1.158581e-01,4.310855e-02,nan,nan,nan,nan,1.304859e+00,toroidal alone fails,5.000000e+09,0.65
-1.500000e+00,3.000000e+00,4.495578e-01,1.729102e+00,1.158581e-01,3.704207e-02,nan,nan,nan,nan,1.500730e+00,toroidal alone fails,5.000000e+09,0.65
-2.000000e+00,5.000000e-01,4.715931e-01,1.729102e+00,1.158581e-01,8.917656e-03,nan,nan,nan,nan,9.854319e-01,toroidal alone fails,5.000000e+09,0.65
-2.000000e+00,1.000000e+00,4.715931e-01,1.729102e+00,1.158581e-01,2.538206e-02,nan,nan,nan,nan,1.101315e+00,toroidal alone fails,5.000000e+09,0.65
-2.000000e+00,1.500000e+00,4.715931e-01,1.729102e+00,1.158581e-01,4.308786e-02,nan,nan,nan,nan,1.241605e+00,toroidal alone fails,5.000000e+09,0.65
-2.000000e+00,2.000000e+00,4.715931e-01,1.729102e+00,1.158581e-01,4.209381e-02,nan,nan,nan,nan,1.378486e+00,toroidal alone fails,5.000000e+09,0.65
-2.000000e+00,3.000000e+00,4.715931e-01,1.729102e+00,1.158581e-01,3.460633e-02,nan,nan,nan,nan,1.627442e+00,toroidal alone fails,5.000000e+09,0.65
0.000000e+00,5.000000e-01,3.795604e-01,2.151272e+00,1.995919e-01,3.543528e-03,nan,nan,nan,nan,7.795277e-01,toroidal alone fails,5.000000e+09,1.00
0.000000e+00,1.000000e+00,3.795604e-01,2.151272e+00,1.995919e-01,4.960957e-03,nan,nan,nan,nan,9.032850e-01,toroidal alone fails,5.000000e+09,1.00
0.000000e+00,1.500000e+00,3.795604e-01,2.151272e+00,1.995919e-01,6.028931e-03,nan,nan,nan,nan,1.025577e+00,toroidal alone fails,5.000000e+09,1.00
0.000000e+00,2.000000e+00,3.795604e-01,2.151272e+00,1.995919e-01,5.646865e-03,nan,nan,nan,nan,1.138067e+00,toroidal alone fails,5.000000e+09,1.00
0.000000e+00,3.000000e+00,3.795604e-01,2.151272e+00,1.995919e-01,4.575657e-03,nan,nan,nan,nan,1.337968e+00,toroidal alone fails,5.000000e+09,1.00
-5.000000e-01,5.000000e-01,4.054462e-01,2.151272e+00,1.995919e-01,4.099276e-03,nan,nan,nan,nan,7.662299e-01,toroidal alone fails,5.000000e+09,1.00
-5.000000e-01,1.000000e+00,4.054462e-01,2.151272e+00,1.995919e-01,5.879564e-03,nan,nan,nan,nan,8.749837e-01,toroidal alone fails,5.000000e+09,1.00
-5.000000e-01,1.500000e+00,4.054462e-01,2.151272e+00,1.995919e-01,7.368016e-03,nan,nan,nan,nan,9.862887e-01,toroidal alone fails,5.000000e+09,1.00
-5.000000e-01,2.000000e+00,4.054462e-01,2.151272e+00,1.995919e-01,7.019258e-03,nan,nan,nan,nan,1.089087e+00,toroidal alone fails,5.000000e+09,1.00
-5.000000e-01,3.000000e+00,4.054462e-01,2.151272e+00,1.995919e-01,5.803466e-03,nan,nan,nan,nan,1.270658e+00,toroidal alone fails,5.000000e+09,1.00
-1.000000e+00,5.000000e-01,4.309901e-01,2.151272e+00,1.995919e-01,4.715313e-03,nan,nan,nan,nan,7.560626e-01,toroidal alone fails,5.000000e+09,1.00
-1.000000e+00,1.000000e+00,4.309901e-01,2.151272e+00,1.995919e-01,6.965799e-03,nan,nan,nan,nan,8.485578e-01,toroidal alone fails,5.000000e+09,1.00
-1.000000e+00,1.500000e+00,4.309901e-01,2.151272e+00,1.995919e-01,9.043561e-03,nan,nan,nan,nan,9.461345e-01,toroidal alone fails,5.000000e+09,1.00
-1.000000e+00,2.000000e+00,4.309901e-01,2.151272e+00,1.995919e-01,8.819362e-03,nan,nan,nan,nan,1.036161e+00,toroidal alone fails,5.000000e+09,1.00
-1.000000e+00,3.000000e+00,4.309901e-01,2.151272e+00,1.995919e-01,7.543527e-03,nan,nan,nan,nan,1.190963e+00,toroidal alone fails,5.000000e+09,1.00
-1.500000e+00,5.000000e-01,4.563613e-01,2.151272e+00,1.995919e-01,5.302007e-03,nan,nan,nan,nan,7.649919e-01,toroidal alone fails,5.000000e+09,1.00
-1.500000e+00,1.000000e+00,4.563613e-01,2.151272e+00,1.995919e-01,7.833386e-03,nan,nan,nan,nan,8.568935e-01,toroidal alone fails,5.000000e+09,1.00
-1.500000e+00,1.500000e+00,4.563613e-01,2.151272e+00,1.995919e-01,1.000176e-02,nan,nan,nan,nan,9.617824e-01,toroidal alone fails,5.000000e+09,1.00
-1.500000e+00,2.000000e+00,4.563613e-01,2.151272e+00,1.995919e-01,9.592639e-03,nan,nan,nan,nan,1.061362e+00,toroidal alone fails,5.000000e+09,1.00
-1.500000e+00,3.000000e+00,4.563613e-01,2.151272e+00,1.995919e-01,7.965725e-03,nan,nan,nan,nan,1.237900e+00,toroidal alone fails,5.000000e+09,1.00
-2.000000e+00,5.000000e-01,4.643248e-01,2.151272e+00,1.995919e-01,5.280533e-03,nan,nan,nan,nan,8.016540e-01,toroidal alone fails,5.000000e+09,1.00
-2.000000e+00,1.000000e+00,4.643248e-01,2.151272e+00,1.995919e-01,7.280332e-03,nan,nan,nan,nan,9.103041e-01,toroidal alone fails,5.000000e+09,1.00
-2.000000e+00,1.500000e+00,4.643248e-01,2.151272e+00,1.995919e-01,9.119794e-03,nan,nan,nan,nan,1.044902e+00,toroidal alone fails,5.000000e+09,1.00
-2.000000e+00,2.000000e+00,4.643248e-01,2.151272e+00,1.995919e-01,8.472055e-03,nan,nan,nan,nan,1.179894e+00,toroidal alone fails,5.000000e+09,1.00
-2.000000e+00,3.000000e+00,4.643248e-01,2.151272e+00,1.995919e-01,6.570022e-03,nan,nan,nan,nan,1.431414e+00,toroidal alone fails,5.000000e+09,1.00
0.000000e+00,5.000000e-01,3.825632e-01,2.480164e+00,2.444045e-01,2.876286e-03,nan,nan,nan,nan,6.434837e-01,toroidal alone fails,5.000000e+09,1.20
0.000000e+00,1.000000e+00,3.825632e-01,2.480164e+00,2.444045e-01,2.704941e-03,nan,nan,nan,nan,7.451833e-01,toroidal alone fails,5.000000e+09,1.20
0.000000e+00,1.500000e+00,3.825632e-01,2.480164e+00,2.444045e-01,2.810212e-03,nan,nan,nan,nan,8.455053e-01,toroidal alone fails,5.000000e+09,1.20
0.000000e+00,2.000000e+00,3.825632e-01,2.480164e+00,2.444045e-01,2.644513e-03,nan,nan,nan,nan,9.377425e-01,toroidal alone fails,5.000000e+09,1.20
0.000000e+00,3.000000e+00,3.825632e-01,2.480164e+00,2.444045e-01,2.162444e-03,nan,nan,nan,nan,1.101229e+00,toroidal alone fails,5.000000e+09,1.20
-5.000000e-01,5.000000e-01,4.100677e-01,2.480164e+00,2.444045e-01,3.360888e-03,nan,nan,nan,nan,6.300544e-01,toroidal alone fails,5.000000e+09,1.20
-5.000000e-01,1.000000e+00,4.100677e-01,2.480164e+00,2.444045e-01,3.270645e-03,nan,nan,nan,nan,7.179981e-01,toroidal alone fails,5.000000e+09,1.20
-5.000000e-01,1.500000e+00,4.100677e-01,2.480164e+00,2.444045e-01,3.498567e-03,nan,nan,nan,nan,8.076551e-01,toroidal alone fails,5.000000e+09,1.20
-5.000000e-01,2.000000e+00,4.100677e-01,2.480164e+00,2.444045e-01,3.360332e-03,nan,nan,nan,nan,8.898931e-01,toroidal alone fails,5.000000e+09,1.20
-5.000000e-01,3.000000e+00,4.100677e-01,2.480164e+00,2.444045e-01,2.823218e-03,nan,nan,nan,nan,1.033874e+00,toroidal alone fails,5.000000e+09,1.20
-1.000000e+00,5.000000e-01,4.369039e-01,2.480164e+00,2.444045e-01,3.900936e-03,nan,nan,nan,nan,6.256922e-01,toroidal alone fails,5.000000e+09,1.20
-1.000000e+00,1.000000e+00,4.369039e-01,2.480164e+00,2.444045e-01,3.922421e-03,nan,nan,nan,nan,7.031891e-01,toroidal alone fails,5.000000e+09,1.20
-1.000000e+00,1.500000e+00,4.369039e-01,2.480164e+00,2.444045e-01,4.331843e-03,nan,nan,nan,nan,7.854977e-01,toroidal alone fails,5.000000e+09,1.20
-1.000000e+00,2.000000e+00,4.369039e-01,2.480164e+00,2.444045e-01,4.217726e-03,nan,nan,nan,nan,8.609400e-01,toroidal alone fails,5.000000e+09,1.20
-1.000000e+00,3.000000e+00,4.369039e-01,2.480164e+00,2.444045e-01,3.605494e-03,nan,nan,nan,nan,9.914796e-01,toroidal alone fails,5.000000e+09,1.20
-1.500000e+00,5.000000e-01,4.611401e-01,2.480164e+00,2.444045e-01,4.206018e-03,nan,nan,nan,nan,6.397779e-01,toroidal alone fails,5.000000e+09,1.20
-1.500000e+00,1.000000e+00,4.611401e-01,2.480164e+00,2.444045e-01,4.170741e-03,nan,nan,nan,nan,7.222642e-01,toroidal alone fails,5.000000e+09,1.20
-1.500000e+00,1.500000e+00,4.611401e-01,2.480164e+00,2.444045e-01,4.508171e-03,nan,nan,nan,nan,8.183752e-01,toroidal alone fails,5.000000e+09,1.20
-1.500000e+00,2.000000e+00,4.611401e-01,2.480164e+00,2.444045e-01,4.287833e-03,nan,nan,nan,nan,9.115583e-01,toroidal alone fails,5.000000e+09,1.20
-1.500000e+00,3.000000e+00,4.611401e-01,2.480164e+00,2.444045e-01,3.480799e-03,nan,nan,nan,nan,1.080764e+00,toroidal alone fails,5.000000e+09,1.20
-2.000000e+00,5.000000e-01,4.532577e-01,2.480164e+00,2.444045e-01,4.040552e-03,nan,nan,nan,nan,6.839602e-01,toroidal alone fails,5.000000e+09,1.20
-2.000000e+00,1.000000e+00,4.532577e-01,2.480164e+00,2.444045e-01,3.773221e-03,nan,nan,nan,nan,7.854498e-01,toroidal alone fails,5.000000e+09,1.20
-2.000000e+00,1.500000e+00,4.532577e-01,2.480164e+00,2.444045e-01,3.911837e-03,nan,nan,nan,nan,9.110257e-01,toroidal alone fails,5.000000e+09,1.20
-2.000000e+00,2.000000e+00,4.532577e-01,2.480164e+00,2.444045e-01,3.584980e-03,nan,nan,nan,nan,1.038001e+00,toroidal alone fails,5.000000e+09,1.20
-2.000000e+00,3.000000e+00,4.532577e-01,2.480164e+00,2.444045e-01,2.739452e-03,nan,nan,nan,nan,1.273892e+00,toroidal alone fails,5.000000e+09,1.20
