Initializing AMReX (26.07)...
MPI initialized with 4 MPI processes
MPI initialized with thread support level 3
AMReX (26.07) initialized

Starting run at 13:15:21 UTC on 2026-07-26.
Successfully read inputs file ... 

Castro git describe: 26.07-dirty
AMReX git describe: 26.07
Microphysics git describe: 26.07

reading extern runtime parameters ...
1 Species: 
X  
Successfully read inputs file ... 
[1m[32mreading initial model[0m
[1m[32m4 variables found in the initial model file[0m
[1m[33m[WARNING] velocity not provided in inputs file[0m
[1m[32m129 points found in the initial model[0m
wd_braithwaite: R_star = 238681011.6 cm, M_enclosed(R_star) = 1.346499895 Msun, |W| = 2.25755333e+51 erg
wd_braithwaite: t_dyn = 0.2758062098 s, global damping active [0, 1.379031049 s], ramping off from 1.103224839 s

=== wd_braithwaite seed field diagnostics (Step 2 acceptance criteria) ===
  sample resolution: 128^3 over [-1.2,1.2] R_star (host-side estimate, NOT the production Castro grid)
  R_star = 238681011.6 cm, |W| = 2.25755333e+51 erg
  E_mag/|W| requested = 0.15
  E_mag/|W| achieved  = 0.15
  max|div B|*h/|B|    = 7.159019424e-09   (acceptance: ~1e-14, machine precision)
  max|B|_outside / max|B|_inside = 0   (acceptance: << 1, confirms envelope confinement)
  Fluff/sponge treatment (v_A limiter etc.) is NOT part of this step -- Step 3's job. This is a static initial condition only.
===========================================================================

Castro::numpts_1d at level  0 is 122
Setting the gravity type to MonopoleGrav
Initializing the data at level 0
Done initializing the level 0 data 
...estimated hydro-limited timestep at level 0: 0.004163989129
...hydro-limited CFL timestep constrained at (i,j,k) = (36,42,31)
Castro::estTimeStep (hydro-limited) at level 0:  estdt = 0.004163989129


TIME= 0 MASS        = 2.767233992e+33
TIME= 0 XMOM        = 0
TIME= 0 YMOM        = 0
TIME= 0 ZMOM        = 0
TIME= 0 ANG MOM X   = 0
TIME= 0 ANG MOM Y   = 0
TIME= 0 ANG MOM Z   = 0
TIME= 0 RHO*e       = 2.485631477e+51
TIME= 0 RHO*K       = 0
TIME= 0 RHO*E       = 2.697677819e+51
TIME= 0 RHO*PHI     = 0
TIME= 0 TOTAL ENERGY= 2.697677819e+51
TIME= 0 CENTER OF MASS X-LOC = -260404.4786
TIME= 0 CENTER OF MASS X-VEL = 0
TIME= 0 CENTER OF MASS Y-LOC = -260404.4786
TIME= 0 CENTER OF MASS Y-VEL = 0
TIME= 0 CENTER OF MASS Z-LOC = -260404.4786
TIME= 0 CENTER OF MASS Z-VEL = 0
TIME= 0 MAXIMUM TEMPERATURE  = 1000000
TIME= 0 MAXIMUM DENSITY      = 988393849.5
INITIAL GRIDS 
  Level 0   8 grids  262144 cells  100 % of domain
            smallest grid: 32 x 32 x 32  biggest grid: 32 x 32 x 32

CHECKPOINT: file = chk_seed42ext00000
checkPoint() time = 0.038324509 secs.
PLOTFILE: file = plt_seed42ext00000
Write plotfile time = 0.044322527  seconds

...estimated hydro-limited timestep at level 0: 0.004163989129
...hydro-limited CFL timestep constrained at (i,j,k) = (36,42,31)
Castro::estTimeStep (hydro-limited) at level 0:  estdt = 0.004163989129

[Level 0 step 1] ADVANCE at time 0 with dt = 4.163989129e-05

[1m[32m  Beginning subcycle 1 starting at time 0 with dt = 4.163989129e-05[0m
  Estimated number of subcycles remaining: 1

... mhd ...!!! 

Castro::construct_old_gravity() time = 0.027704916 on level 0

Castro::do_old_sources() time = 0.041907152 on level 0

[1m[32m  Subcycle completed[0m

  Subcycling complete

  Zones advanced per microsecond at this level: 0.09163665407

[Level 0 step 1] Advanced 262144 cells
Castro::construct_new_gravity() time = 0.0231382 on level 0

Castro::do_new_sources() time = 0.052695784 on level 0


TIME= 4.163989129e-05 MASS        = 2.767233993e+33
TIME= 4.163989129e-05 XMOM        = 2.42839358e+34
TIME= 4.163989129e-05 YMOM        = 2.44300326e+34
TIME= 4.163989129e-05 ZMOM        = 2.447077439e+34
TIME= 4.163989129e-05 ANG MOM X   = -2.284351631e+44
TIME= 4.163989129e-05 ANG MOM Y   = -8.68638642e+42
TIME= 4.163989129e-05 ANG MOM Z   = 1.562764302e+44
TIME= 4.163989129e-05 RHO*e       = 2.486043125e+51
TIME= 4.163989129e-05 RHO*K       = 6.130783418e+44
TIME= 4.163989129e-05 RHO*E       = 2.697678576e+51
TIME= 4.163989129e-05 RHO*PHI     = 0
TIME= 4.163989129e-05 TOTAL ENERGY= 2.697678576e+51
TIME= 4.163989129e-05 CENTER OF MASS X-LOC = -260402.9011
TIME= 4.163989129e-05 CENTER OF MASS X-VEL = 8.775526705
TIME= 4.163989129e-05 CENTER OF MASS Y-LOC = -260410.2401
TIME= 4.163989129e-05 CENTER OF MASS Y-VEL = 8.82832195
TIME= 4.163989129e-05 CENTER OF MASS Z-LOC = -260416.9377
TIME= 4.163989129e-05 CENTER OF MASS Z-VEL = 8.843044879
TIME= 4.163989129e-05 MAXIMUM TEMPERATURE  = 0
TIME= 4.163989129e-05 MAXIMUM DENSITY      = 988269893.9

STEP = 1 TIME = 4.163989129e-05 DT = 4.163989129e-05


[STEP 1] Coarse TimeStep time: 2.892249988
[STEP 1] FAB kilobyte spread across MPI nodes: [105462 ... 105462]

...estimated hydro-limited timestep at level 0: 0.004166517204
...hydro-limited CFL timestep constrained at (i,j,k) = (36,42,31)
Castro::estTimeStep (hydro-limited) at level 0:  estdt = 0.004166517204

Castro::compute_new_dt : limiting dt at level 0
 ... new dt computed: 0.004166517204
 ... but limiting to: 4.580388042e-05 = 1.1 * 4.163989129e-05
[Level 0 step 2] ADVANCE at time 4.163989129e-05 with dt = 4.580388042e-05

[1m[32m  Beginning subcycle 1 starting at time 4.163989129e-05 with dt = 4.580388042e-05[0m
  Estimated number of subcycles remaining: 1

... mhd ...!!! 

Castro::construct_old_gravity() time = 0.033178554 on level 0

Castro::do_old_sources() time = 0.04337783 on level 0

[1m[32m  Subcycle completed[0m

  Subcycling complete

  Zones advanced per microsecond at this level: 0.09904231154

[Level 0 step 2] Advanced 262144 cells
Castro::construct_new_gravity() time = 0.019572744 on level 0

Castro::do_new_sources() time = 0.051310457 on level 0


TIME= 8.744377172e-05 MASS        = 2.767233993e+33
TIME= 8.744377172e-05 XMOM        = 5.054274731e+34
TIME= 8.744377172e-05 YMOM        = 5.118702274e+34
TIME= 8.744377172e-05 ZMOM        = 5.136622322e+34
TIME= 8.744377172e-05 ANG MOM X   = -4.783410059e+44
TIME= 8.744377172e-05 ANG MOM Y   = -1.79134331e+43
TIME= 8.744377172e-05 ANG MOM Z   = 3.279105647e+44
TIME= 8.744377172e-05 RHO*e       = 2.486492815e+51
TIME= 8.744377172e-05 RHO*K       = 2.682326279e+45
TIME= 8.744377172e-05 RHO*E       = 2.697679217e+51
TIME= 8.744377172e-05 RHO*PHI     = 0
TIME= 8.744377172e-05 TOTAL ENERGY= 2.697679217e+51
TIME= 8.744377172e-05 CENTER OF MASS X-LOC = -260401.0605
TIME= 8.744377172e-05 CENTER OF MASS X-VEL = 18.26471756
TIME= 8.744377172e-05 CENTER OF MASS Y-LOC = -260416.5936
TIME= 8.744377172e-05 CENTER OF MASS Y-VEL = 18.49754046
TIME= 8.744377172e-05 CENTER OF MASS Z-LOC = -260430.5525
TIME= 8.744377172e-05 CENTER OF MASS Z-VEL = 18.56229844
TIME= 8.744377172e-05 MAXIMUM TEMPERATURE  = 0
TIME= 8.744377172e-05 MAXIMUM DENSITY      = 988133928.7

STEP = 2 TIME = 8.744377172e-05 DT = 4.580388042e-05


[STEP 2] Coarse TimeStep time: 2.682484529
[STEP 2] FAB kilobyte spread across MPI nodes: [105462 ... 105462]

...estimated hydro-limited timestep at level 0: 0.004169290506
...hydro-limited CFL timestep constrained at (i,j,k) = (36,42,31)
Castro::estTimeStep (hydro-limited) at level 0:  estdt = 0.004169290506

Castro::compute_new_dt : limiting dt at level 0
 ... new dt computed: 0.004169290506
 ... but limiting to: 5.038426847e-05 = 1.1 * 4.580388042e-05
[Level 0 step 3] ADVANCE at time 8.744377172e-05 with dt = 5.038426847e-05

[1m[32m  Beginning subcycle 1 starting at time 8.744377172e-05 with dt = 5.038426847e-05[0m
  Estimated number of subcycles remaining: 1

... mhd ...!!! 

Castro::construct_old_gravity() time = 0.02593974 on level 0

Castro::do_old_sources() time = 0.04066428 on level 0

[1m[32m  Subcycle completed[0m

  Subcycling complete

  Zones advanced per microsecond at this level: 0.09804258681

[Level 0 step 3] Advanced 262144 cells
Castro::construct_new_gravity() time = 0.022111837 on level 0

Castro::do_new_sources() time = 0.066613165 on level 0


TIME= 0.0001378280402 MASS        = 2.767233995e+33
TIME= 0.0001378280402 XMOM        = 7.887917859e+34
TIME= 0.0001378280402 YMOM        = 8.048012656e+34
TIME= 0.0001378280402 ZMOM        = 8.092381668e+34
TIME= 0.0001378280402 ANG MOM X   = -7.51553738e+44
TIME= 0.0001378280402 ANG MOM Y   = -2.768794263e+43
TIME= 0.0001378280402 ANG MOM Z   = 5.163563871e+44
TIME= 0.0001378280402 RHO*e       = 2.486984211e+51
TIME= 0.0001378280402 RHO*K       = 6.606136544e+45
TIME= 0.0001378280402 RHO*E       = 2.697679908e+51
TIME= 0.0001378280402 RHO*PHI     = 0
TIME= 0.0001378280402 TOTAL ENERGY= 2.697679908e+51
TIME= 0.0001378280402 CENTER OF MASS X-LOC = -260398.9394
TIME= 0.0001378280402 CENTER OF MASS X-VEL = 28.50470135
TIME= 0.0001378280402 CENTER OF MASS Y-LOC = -260423.6055
TIME= 0.0001378280402 CENTER OF MASS Y-VEL = 29.08323861
TIME= 0.0001378280402 CENTER OF MASS Z-LOC = -260445.4227
TIME= 0.0001378280402 CENTER OF MASS Z-VEL = 29.24357566
TIME= 0.0001378280402 MAXIMUM TEMPERATURE  = 0
TIME= 0.0001378280402 MAXIMUM DENSITY      = 987984832.7

STEP = 3 TIME = 0.0001378280402 DT = 5.038426847e-05


[STEP 3] Coarse TimeStep time: 2.714560392
[STEP 3] FAB kilobyte spread across MPI nodes: [105462 ... 105462]

...estimated hydro-limited timestep at level 0: 0.004172333033
...hydro-limited CFL timestep constrained at (i,j,k) = (36,42,31)
Castro::estTimeStep (hydro-limited) at level 0:  estdt = 0.004172333033

Castro::compute_new_dt : limiting dt at level 0
 ... new dt computed: 0.004172333033
 ... but limiting to: 5.542269531e-05 = 1.1 * 5.038426847e-05
[Level 0 step 4] ADVANCE at time 0.0001378280402 with dt = 5.542269531e-05

[1m[32m  Beginning subcycle 1 starting at time 0.0001378280402 with dt = 5.542269531e-05[0m
  Estimated number of subcycles remaining: 1

... mhd ...!!! 

Castro::construct_old_gravity() time = 0.031441645 on level 0

Castro::do_old_sources() time = 0.037884962 on level 0

[1m[32m  Subcycle completed[0m

  Subcycling complete

  Zones advanced per microsecond at this level: 0.1174083108

[Level 0 step 4] Advanced 262144 cells
Castro::construct_new_gravity() time = 0.017305064 on level 0

Castro::do_new_sources() time = 0.042901397 on level 0


TIME= 0.0001932507355 MASS        = 2.767233997e+33
TIME= 0.0001932507355 XMOM        = 1.093864934e+35
TIME= 0.0001932507355 YMOM        = 1.125349877e+35
TIME= 0.0001932507355 ZMOM        = 1.134037735e+35
TIME= 0.0001932507355 ANG MOM X   = -1.050056672e+45
TIME= 0.0001932507355 ANG MOM Y   = -3.801971112e+43
TIME= 0.0001932507355 ANG MOM Z   = 7.232152997e+44
TIME= 0.0001932507355 RHO*e       = 2.487520797e+51
TIME= 0.0001932507355 RHO*K       = 1.286353381e+46
TIME= 0.0001932507355 RHO*E       = 2.697680668e+51
TIME= 0.0001932507355 RHO*PHI     = 0
TIME= 0.0001932507355 TOTAL ENERGY= 2.697680668e+51
TIME= 0.0001932507355 CENTER OF MASS X-LOC = -260396.4914
TIME= 0.0001932507355 CENTER OF MASS X-VEL = 39.52918095
TIME= 0.0001932507355 CENTER OF MASS Y-LOC = -260431.3718
TIME= 0.0001932507355 CENTER OF MASS Y-VEL = 40.66695762
TIME= 0.0001932507355 CENTER OF MASS Z-LOC = -260461.6542
TIME= 0.0001932507355 CENTER OF MASS Z-VEL = 40.9809122
TIME= 0.0001932507355 MAXIMUM TEMPERATURE  = 0
TIME= 0.0001932507355 MAXIMUM DENSITY      = 987821388.9

STEP = 4 TIME = 0.0001932507355 DT = 5.542269531e-05


[STEP 4] Coarse TimeStep time: 2.267548803
[STEP 4] FAB kilobyte spread across MPI nodes: [105462 ... 105462]

...estimated hydro-limited timestep at level 0: 0.004175551251
...hydro-limited CFL timestep constrained at (i,j,k) = (36,42,31)
Castro::estTimeStep (hydro-limited) at level 0:  estdt = 0.004175551251

Castro::compute_new_dt : limiting dt at level 0
 ... new dt computed: 0.004175551251
 ... but limiting to: 6.096496484e-05 = 1.1 * 5.542269531e-05
[Level 0 step 5] ADVANCE at time 0.0001932507355 with dt = 6.096496484e-05

[1m[32m  Beginning subcycle 1 starting at time 0.0001932507355 with dt = 6.096496484e-05[0m
  Estimated number of subcycles remaining: 1

... mhd ...!!! 

Castro::construct_old_gravity() time = 0.038615166 on level 0

Castro::do_old_sources() time = 0.036454004 on level 0

[1m[32m  Subcycle completed[0m

  Subcycling complete

  Zones advanced per microsecond at this level: 0.148275595

[Level 0 step 5] Advanced 262144 cells
Castro::construct_new_gravity() time = 0.020080274 on level 0

Castro::do_new_sources() time = 0.055854792 on level 0


TIME= 0.0002542157003 MASS        = 2.767234e+33
TIME= 0.0002542157003 XMOM        = 1.421435577e+35
TIME= 0.0002542157003 YMOM        = 1.475946342e+35
TIME= 0.0002542157003 ZMOM        = 1.490908582e+35
TIME= 0.0002542157003 ANG MOM X   = -1.375957878e+45
TIME= 0.0002542157003 ANG MOM Y   = -4.885841603e+43
TIME= 0.0002542157003 ANG MOM Z   = 9.502083688e+44
TIME= 0.0002542157003 RHO*e       = 2.488106195e+51
TIME= 0.0002542157003 RHO*K       = 2.202725876e+46
TIME= 0.0002542157003 RHO*E       = 2.697681539e+51
TIME= 0.0002542157003 RHO*PHI     = 0
TIME= 0.0002542157003 TOTAL ENERGY= 2.697681539e+51
TIME= 0.0002542157003 CENTER OF MASS X-LOC = -260393.6723
TIME= 0.0002542157003 CENTER OF MASS X-VEL = 51.36665626
TIME= 0.0002542157003 CENTER OF MASS Y-LOC = -260439.971
TIME= 0.0002542157003 CENTER OF MASS Y-VEL = 53.33652094
TIME= 0.0002542157003 CENTER OF MASS Z-LOC = -260479.3497
TIME= 0.0002542157003 CENTER OF MASS Z-VEL = 53.87721391
TIME= 0.0002542157003 MAXIMUM TEMPERATURE  = 0
TIME= 0.0002542157003 MAXIMUM DENSITY      = 987642276.6

STEP = 5 TIME = 0.0002542157003 DT = 6.096496484e-05


[STEP 5] Coarse TimeStep time: 1.835261782
[STEP 5] FAB kilobyte spread across MPI nodes: [105462 ... 105462]

...estimated hydro-limited timestep at level 0: 0.004179188081
...hydro-limited CFL timestep constrained at (i,j,k) = (36,42,31)
Castro::estTimeStep (hydro-limited) at level 0:  estdt = 0.004179188081

Castro::compute_new_dt : limiting dt at level 0
 ... new dt computed: 0.004179188081
 ... but limiting to: 6.706146133e-05 = 1.1 * 6.096496484e-05
[Level 0 step 6] ADVANCE at time 0.0002542157003 with dt = 6.706146133e-05

[1m[32m  Beginning subcycle 1 starting at time 0.0002542157003 with dt = 6.706146133e-05[0m
  Estimated number of subcycles remaining: 1

... mhd ...!!! 

Castro::construct_old_gravity() time = 0.125631281 on level 0

Castro::do_old_sources() time = 0.077658101 on level 0

[1m[32m  Subcycle completed[0m

  Subcycling complete

  Zones advanced per microsecond at this level: 0.1341887358

[Level 0 step 6] Advanced 262144 cells
Castro::construct_new_gravity() time = 0.017105254 on level 0

Castro::do_new_sources() time = 0.039702844 on level 0


TIME= 0.0003212771617 MASS        = 2.767234004e+33
TIME= 0.0003212771617 XMOM        = 1.772086726e+35
TIME= 0.0003212771617 YMOM        = 1.859200579e+35
TIME= 0.0003212771617 ZMOM        = 1.882961487e+35
TIME= 0.0003212771617 ANG MOM X   = -1.73165258e+45
TIME= 0.0003212771617 ANG MOM Y   = -6.021045066e+43
TIME= 0.0003212771617 ANG MOM Z   = 1.199298677e+45
TIME= 0.0003212771617 RHO*e       = 2.488744152e+51
TIME= 0.0003212771617 RHO*K       = 3.477824763e+46
TIME= 0.0003212771617 RHO*E       = 2.697682519e+51
TIME= 0.0003212771617 RHO*PHI     = 0
TIME= 0.0003212771617 TOTAL ENERGY= 2.697682519e+51
TIME= 0.0003212771617 CENTER OF MASS X-LOC = -260390.4189
TIME= 0.0003212771617 CENTER OF MASS X-VEL = 64.03819564
TIME= 0.0003212771617 CENTER OF MASS Y-LOC = -260449.4724
TIME= 0.0003212771617 CENTER OF MASS Y-VEL = 67.18624359
TIME= 0.0003212771617 CENTER OF MASS Z-LOC = -260498.6539
TIME= 0.0003212771617 CENTER OF MASS Z-VEL = 68.04489552
TIME= 0.0003212771617 MAXIMUM TEMPERATURE  = 0
TIME= 0.0003212771617 MAXIMUM DENSITY      = 987446067.5

STEP = 6 TIME = 0.0003212771617 DT = 6.706146133e-05


[STEP 6] Coarse TimeStep time: 1.984819678
[STEP 6] FAB kilobyte spread across MPI nodes: [105462 ... 105462]

...estimated hydro-limited timestep at level 0: 0.004183127878
...hydro-limited CFL timestep constrained at (i,j,k) = (36,42,31)
Castro::estTimeStep (hydro-limited) at level 0:  estdt = 0.004183127878

Castro::compute_new_dt : limiting dt at level 0
 ... new dt computed: 0.004183127878
 ... but limiting to: 7.376760746e-05 = 1.1 * 6.706146133e-05
[Level 0 step 7] ADVANCE at time 0.0003212771617 with dt = 7.376760746e-05

[1m[32m  Beginning subcycle 1 starting at time 0.0003212771617 with dt = 7.376760746e-05[0m
  Estimated number of subcycles remaining: 1

... mhd ...!!! 

Castro::construct_old_gravity() time = 0.022140504 on level 0

Castro::do_old_sources() time = 0.045082809 on level 0

[1m[32m  Subcycle completed[0m

  Subcycling complete

  Zones advanced per microsecond at this level: 0.1053167425

[Level 0 step 7] Advanced 262144 cells
Castro::construct_new_gravity() time = 0.018624417 on level 0

Castro::do_new_sources() time = 0.041557444 on level 0


TIME= 0.0003950447691 MASS        = 2.767234011e+33
TIME= 0.0003950447691 XMOM        = 2.146115138e+35
TIME= 0.0003950447691 YMOM        = 2.27790683e+35
TIME= 0.0003950447691 ZMOM        = 2.313598749e+35
TIME= 0.0003950447691 ANG MOM X   = -2.119606359e+45
TIME= 0.0003950447691 ANG MOM Y   = -7.204716478e+43
TIME= 0.0003950447691 ANG MOM Z   = 1.472585289e+45
TIME= 0.0003950447691 RHO*e       = 2.489438797e+51
TIME= 0.0003950447691 RHO*K       = 5.192107963e+46
TIME= 0.0003950447691 RHO*E       = 2.697683592e+51
TIME= 0.0003950447691 RHO*PHI     = 0
TIME= 0.0003950447691 TOTAL ENERGY= 2.697683592e+51
TIME= 0.0003950447691 CENTER OF MASS X-LOC = -260386.6417
TIME= 0.0003950447691 CENTER OF MASS X-VEL = 77.55452304
TIME= 0.0003950447691 CENTER OF MASS Y-LOC = -260459.9703
TIME= 0.0003950447691 CENTER OF MASS Y-VEL = 82.31710154
TIME= 0.0003950447691 CENTER OF MASS Z-LOC = -260519.7201
TIME= 0.0003950447691 CENTER OF MASS Z-VEL = 83.60690638
TIME= 0.0003950447691 MAXIMUM TEMPERATURE  = 0
TIME= 0.0003950447691 MAXIMUM DENSITY      = 987231218.7

STEP = 7 TIME = 0.0003950447691 DT = 7.376760746e-05


[STEP 7] Coarse TimeStep time: 2.513451298
[STEP 7] FAB kilobyte spread across MPI nodes: [105462 ... 105462]

...estimated hydro-limited timestep at level 0: 0.004187449267
...hydro-limited CFL timestep constrained at (i,j,k) = (36,42,31)
Castro::estTimeStep (hydro-limited) at level 0:  estdt = 0.004187449267

Castro::compute_new_dt : limiting dt at level 0
 ... new dt computed: 0.004187449267
 ... but limiting to: 8.114436821e-05 = 1.1 * 7.376760746e-05
[Level 0 step 8] ADVANCE at time 0.0003950447691 with dt = 8.114436821e-05

[1m[32m  Beginning subcycle 1 starting at time 0.0003950447691 with dt = 8.114436821e-05[0m
  Estimated number of subcycles remaining: 1

... mhd ...!!! 

Castro::construct_old_gravity() time = 0.024147891 on level 0

Castro::do_old_sources() time = 0.035591139 on level 0

[1m[32m  Subcycle completed[0m

  Subcycling complete

  Zones advanced per microsecond at this level: 0.09423899187

[Level 0 step 8] Advanced 262144 cells
Castro::construct_new_gravity() time = 0.023023006 on level 0

Castro::do_new_sources() time = 0.055961272 on level 0


TIME= 0.0004761891373 MASS        = 2.767234019e+33
TIME= 0.0004761891373 XMOM        = 2.543434623e+35
TIME= 0.0004761891373 YMOM        = 2.735048896e+35
TIME= 0.0004761891373 ZMOM        = 2.786544869e+35
TIME= 0.0004761891373 ANG MOM X   = -2.542567954e+45
TIME= 0.0004761891373 ANG MOM Y   = -8.446811795e+43
TIME= 0.0004761891373 ANG MOM Z   = 1.772205637e+45
TIME= 0.0004761891373 RHO*e       = 2.490194687e+51
TIME= 0.0004761891373 RHO*K       = 7.440073694e+46
TIME= 0.0004761891373 RHO*E       = 2.697684766e+51
TIME= 0.0004761891373 RHO*PHI     = 0
TIME= 0.0004761891373 TOTAL ENERGY= 2.697684766e+51
TIME= 0.0004761891373 CENTER OF MASS X-LOC = -260382.2686
TIME= 0.0004761891373 CENTER OF MASS X-VEL = 91.91252367
TIME= 0.0004761891373 CENTER OF MASS Y-LOC = -260471.5726
TIME= 0.0004761891373 CENTER OF MASS Y-VEL = 98.83692081
TIME= 0.0004761891373 CENTER OF MASS Z-LOC = -260542.6945
TIME= 0.0004761891373 CENTER OF MASS Z-VEL = 100.6978394
TIME= 0.0004761891373 MAXIMUM TEMPERATURE  = 0
TIME= 0.0004761891373 MAXIMUM DENSITY      = 986996066.5

STEP = 8 TIME = 0.0004761891373 DT = 8.114436821e-05


[STEP 8] Coarse TimeStep time: 2.814917228
[STEP 8] FAB kilobyte spread across MPI nodes: [105462 ... 105462]

...estimated hydro-limited timestep at level 0: 0.004192217448
...hydro-limited CFL timestep constrained at (i,j,k) = (36,42,31)
Castro::estTimeStep (hydro-limited) at level 0:  estdt = 0.004192217448

Castro::compute_new_dt : limiting dt at level 0
 ... new dt computed: 0.004192217448
 ... but limiting to: 8.925880503e-05 = 1.1 * 8.114436821e-05
[Level 0 step 9] ADVANCE at time 0.0004761891373 with dt = 8.925880503e-05

[1m[32m  Beginning subcycle 1 starting at time 0.0004761891373 with dt = 8.925880503e-05[0m
  Estimated number of subcycles remaining: 1

... mhd ...!!! 

Castro::construct_old_gravity() time = 0.018740836 on level 0

Castro::do_old_sources() time = 0.033355656 on level 0

[1m[32m  Subcycle completed[0m

  Subcycling complete

  Zones advanced per microsecond at this level: 0.09984383663

[Level 0 step 9] Advanced 262144 cells
Castro::construct_new_gravity() time = 0.033327332 on level 0

Castro::do_new_sources() time = 0.080765493 on level 0


TIME= 0.0005654479424 MASS        = 2.76723403e+33
TIME= 0.0005654479424 XMOM        = 2.963458314e+35
TIME= 0.0005654479424 YMOM        = 3.233805621e+35
TIME= 0.0005654479424 ZMOM        = 3.30588316e+35
TIME= 0.0005654479424 ANG MOM X   = -3.00329654e+45
TIME= 0.0005654479424 ANG MOM Y   = -9.760274959e+43
TIME= 0.0005654479424 ANG MOM Z   = 2.100523624e+45
TIME= 0.0005654479424 RHO*e       = 2.49101584e+51
TIME= 0.0005654479424 RHO*K       = 1.033206057e+47
TIME= 0.0005654479424 RHO*E       = 2.697686031e+51
TIME= 0.0005654479424 RHO*PHI     = 0
TIME= 0.0005654479424 TOTAL ENERGY= 2.697686031e+51
TIME= 0.0005654479424 CENTER OF MASS X-LOC = -260377.2848
TIME= 0.0005654479424 CENTER OF MASS X-VEL = 107.0909899
TIME= 0.0005654479424 CENTER OF MASS Y-LOC = -260484.3652
TIME= 0.0005654479424 CENTER OF MASS Y-VEL = 116.8605758
TIME= 0.0005654479424 CENTER OF MASS Z-LOC = -260567.7829
TIME= 0.0005654479424 CENTER OF MASS Z-VEL = 119.4652539
TIME= 0.0005654479424 MAXIMUM TEMPERATURE  = 0
TIME= 0.0005654479424 MAXIMUM DENSITY      = 986738819.6

STEP = 9 TIME = 0.0005654479424 DT = 8.925880503e-05


[STEP 9] Coarse TimeStep time: 2.666848377
[STEP 9] FAB kilobyte spread across MPI nodes: [105462 ... 105462]

...estimated hydro-limited timestep at level 0: 0.004197484274
...hydro-limited CFL timestep constrained at (i,j,k) = (36,42,31)
Castro::estTimeStep (hydro-limited) at level 0:  estdt = 0.004197484274

Castro::compute_new_dt : limiting dt at level 0
 ... new dt computed: 0.004197484274
 ... but limiting to: 9.818468553e-05 = 1.1 * 8.925880503e-05
[Level 0 step 10] ADVANCE at time 0.0005654479424 with dt = 9.818468553e-05

[1m[32m  Beginning subcycle 1 starting at time 0.0005654479424 with dt = 9.818468553e-05[0m
  Estimated number of subcycles remaining: 1

... mhd ...!!! 

Castro::construct_old_gravity() time = 0.062197374 on level 0

Castro::do_old_sources() time = 0.032813036 on level 0

[1m[32m  Subcycle completed[0m

  Subcycling complete

  Zones advanced per microsecond at this level: 0.09925023062

[Level 0 step 10] Advanced 262144 cells
Castro::construct_new_gravity() time = 0.016920075 on level 0

Castro::do_new_sources() time = 0.047120712 on level 0


TIME= 0.0006636326279 MASS        = 2.767234044e+33
TIME= 0.0006636326279 XMOM        = 3.404949699e+35
TIME= 0.0006636326279 YMOM        = 3.77755377e+35
TIME= 0.0006636326279 ZMOM        = 3.876097802e+35
TIME= 0.0006636326279 ANG MOM X   = -3.504686033e+45
TIME= 0.0006636326279 ANG MOM Y   = -1.114890882e+44
TIME= 0.0006636326279 ANG MOM Z   = 2.460066276e+45
TIME= 0.0006636326279 RHO*e       = 2.491907936e+51
TIME= 0.0006636326279 RHO*K       = 1.39960099e+47
TIME= 0.0006636326279 RHO*E       = 2.697687366e+51
TIME= 0.0006636326279 RHO*PHI     = 0
TIME= 0.0006636326279 TOTAL ENERGY= 2.697687366e+51
TIME= 0.0006636326279 CENTER OF MASS X-LOC = -260371.6414
TIME= 0.0006636326279 CENTER OF MASS X-VEL = 123.0452374
TIME= 0.0006636326279 CENTER OF MASS Y-LOC = -260498.4071
TIME= 0.0006636326279 CENTER OF MASS Y-VEL = 136.5100931
TIME= 0.0006636326279 CENTER OF MASS Z-LOC = -260595.1677
TIME= 0.0006636326279 CENTER OF MASS Z-VEL = 140.0711953
TIME= 0.0006636326279 MAXIMUM TEMPERATURE  = 0
TIME= 0.0006636326279 MAXIMUM DENSITY      = 986457554.6

STEP = 10 TIME = 0.0006636326279 DT = 9.818468553e-05


[STEP 10] Coarse TimeStep time: 2.681126589
[STEP 10] FAB kilobyte spread across MPI nodes: [105462 ... 105462]

PLOTFILE: file = plt_seed42ext00010
Write plotfile time = 0.041657274  seconds

...estimated hydro-limited timestep at level 0: 0.004203314044
...hydro-limited CFL timestep constrained at (i,j,k) = (36,42,31)
Castro::estTimeStep (hydro-limited) at level 0:  estdt = 0.004203314044

Castro::compute_new_dt : limiting dt at level 0
 ... new dt computed: 0.004203314044
 ... but limiting to: 0.0001080031541 = 1.1 * 9.818468553e-05
[Level 0 step 11] ADVANCE at time 0.0006636326279 with dt = 0.0001080031541

[1m[32m  Beginning subcycle 1 starting at time 0.0006636326279 with dt = 0.0001080031541[0m
  Estimated number of subcycles remaining: 1

... mhd ...!!! 

Castro::construct_old_gravity() time = 0.024702014 on level 0

Castro::do_old_sources() time = 0.037970705 on level 0

[1m[32m  Subcycle completed[0m

  Subcycling complete

  Zones advanced per microsecond at this level: 0.09539871336

[Level 0 step 11] Advanced 262144 cells
Castro::construct_new_gravity() time = 0.019233904 on level 0

Castro::do_new_sources() time = 0.08136217 on level 0


TIME= 0.000771635782 MASS        = 2.767234062e+33
TIME= 0.000771635782 XMOM        = 3.86584263e+35
TIME= 0.000771635782 YMOM        = 4.3698673e+35
TIME= 0.000771635782 ZMOM        = 4.502094471e+35
TIME= 0.000771635782 ANG MOM X   = -4.049580298e+45
TIME= 0.000771635782 ANG MOM Y   = -1.259485459e+44
TIME= 0.000771635782 ANG MOM Z   = 2.853414011e+45
TIME= 0.000771635782 RHO*e       = 2.492875624e+51
TIME= 0.000771635782 RHO*K       = 1.857905744e+47
TIME= 0.000771635782 RHO*E       = 2.697688706e+51
TIME= 0.000771635782 RHO*PHI     = 0
TIME= 0.000771635782 TOTAL ENERGY= 2.697688706e+51
TIME= 0.000771635782 CENTER OF MASS X-LOC = -260365.2249
TIME= 0.000771635782 CENTER OF MASS X-VEL = 139.7006015
TIME= 0.000771635782 CENTER OF MASS Y-LOC = -260513.7316
TIME= 0.000771635782 CENTER OF MASS Y-VEL = 157.9146253
TIME= 0.000771635782 CENTER OF MASS Z-LOC = -260624.9066
TIME= 0.000771635782 CENTER OF MASS Z-VEL = 162.6929407
TIME= 0.000771635782 MAXIMUM TEMPERATURE  = 0
TIME= 0.000771635782 MAXIMUM DENSITY      = 986150214.5

STEP = 11 TIME = 0.000771635782 DT = 0.0001080031541


[STEP 11] Coarse TimeStep time: 2.783685808
[STEP 11] FAB kilobyte spread across MPI nodes: [105462 ... 105462]

...estimated hydro-limited timestep at level 0: 0.004209815999
...hydro-limited CFL timestep constrained at (i,j,k) = (36,42,31)
Castro::estTimeStep (hydro-limited) at level 0:  estdt = 0.004209815999

Castro::compute_new_dt : limiting dt at level 0
 ... new dt computed: 0.004209815999
 ... but limiting to: 0.0001188034695 = 1.1 * 0.0001080031541
[Level 0 step 12] ADVANCE at time 0.000771635782 with dt = 0.0001188034695

[1m[32m  Beginning subcycle 1 starting at time 0.000771635782 with dt = 0.0001188034695[0m
  Estimated number of subcycles remaining: 1

... mhd ...!!! 

Castro::construct_old_gravity() time = 0.063073623 on level 0

Castro::do_old_sources() time = 0.069043661 on level 0

[1m[32m  Subcycle completed[0m

  Subcycling complete

  Zones advanced per microsecond at this level: 0.097872105

[Level 0 step 12] Advanced 262144 cells
Castro::construct_new_gravity() time = 0.022713194 on level 0

Castro::do_new_sources() time = 0.048208109 on level 0


TIME= 0.0008904392515 MASS        = 2.767234085e+33
TIME= 0.0008904392515 XMOM        = 4.3429978e+35
TIME= 0.0008904392515 YMOM        = 5.014509777e+35
TIME= 0.0008904392515 ZMOM        = 5.189227047e+35
TIME= 0.0008904392515 ANG MOM X   = -4.641180809e+45
TIME= 0.0008904392515 ANG MOM Y   = -1.40919271e+44
TIME= 0.0008904392515 ANG MOM Z   = 3.283410996e+45
TIME= 0.0008904392515 RHO*e       = 2.493923996e+51
TIME= 0.0008904392515 RHO*K       = 2.42491473e+47
TIME= 0.0008904392515 RHO*E       = 2.697690065e+51
TIME= 0.0008904392515 RHO*PHI     = 0
TIME= 0.0008904392515 TOTAL ENERGY= 2.697690065e+51
TIME= 0.0008904392515 CENTER OF MASS X-LOC = -260357.8027
TIME= 0.0008904392515 CENTER OF MASS X-VEL = 156.9436364
TIME= 0.0008904392515 CENTER OF MASS Y-LOC = -260530.492
TIME= 0.0008904392515 CENTER OF MASS Y-VEL = 181.2101768
TIME= 0.0008904392515 CENTER OF MASS Z-LOC = -260657.1786
TIME= 0.0008904392515 CENTER OF MASS Z-VEL = 187.523964
TIME= 0.0008904392515 MAXIMUM TEMPERATURE  = 0
TIME= 0.0008904392515 MAXIMUM DENSITY      = 985814605.4

STEP = 12 TIME = 0.0008904392515 DT = 0.0001188034695


[STEP 12] Coarse TimeStep time: 2.71326325
[STEP 12] FAB kilobyte spread across MPI nodes: [105462 ... 105462]

...estimated hydro-limited timestep at level 0: 0.00421322884
...hydro-limited CFL timestep constrained at (i,j,k) = (36,42,31)
Castro::estTimeStep (hydro-limited) at level 0:  estdt = 0.00421322884

Castro::compute_new_dt : limiting dt at level 0
 ... new dt computed: 0.00421322884
 ... but limiting to: 0.0001306838164 = 1.1 * 0.0001188034695
[Level 0 step 13] ADVANCE at time 0.0008904392515 with dt = 0.0001306838164

[1m[32m  Beginning subcycle 1 starting at time 0.0008904392515 with dt = 0.0001306838164[0m
  Estimated number of subcycles remaining: 1

... mhd ...!!! 

Castro::construct_old_gravity() time = 0.019251189 on level 0

Castro::do_old_sources() time = 0.038359774 on level 0

[1m[32m  Subcycle completed[0m

  Subcycling complete

  Zones advanced per microsecond at this level: 0.1668464094

[Level 0 step 13] Advanced 262144 cells
Castro::construct_new_gravity() time = 0.014550647 on level 0

Castro::do_new_sources() time = 0.035461332 on level 0


TIME= 0.001021123068 MASS        = 2.767234114e+33
TIME= 0.001021123068 XMOM        = 4.831901563e+35
TIME= 0.001021123068 YMOM        = 5.71540474e+35
TIME= 0.001021123068 ZMOM        = 5.943294371e+35
TIME= 0.001021123068 ANG MOM X   = -5.282271228e+45
TIME= 0.001021123068 ANG MOM Y   = -1.559096781e+44
TIME= 0.001021123068 ANG MOM Z   = 3.7532844e+45
TIME= 0.001021123068 RHO*e       = 2.49505748e+51
TIME= 0.001021123068 RHO*K       = 3.119628881e+47
TIME= 0.001021123068 RHO*E       = 2.697691411e+51
TIME= 0.001021123068 RHO*PHI     = 0
TIME= 0.001021123068 TOTAL ENERGY= 2.697691411e+51
TIME= 0.001021123068 CENTER OF MASS X-LOC = -260349.1282
TIME= 0.001021123068 CENTER OF MASS X-VEL = 174.6112314
TIME= 0.001021123068 CENTER OF MASS Y-LOC = -260548.772
TIME= 0.001021123068 CENTER OF MASS Y-VEL = 206.5385329
TIME= 0.001021123068 CENTER OF MASS Z-LOC = -260692.0058
TIME= 0.001021123068 CENTER OF MASS Z-VEL = 214.7738184
TIME= 0.001021123068 MAXIMUM TEMPERATURE  = 0
TIME= 0.001021123068 MAXIMUM DENSITY      = 985448399.3

STEP = 13 TIME = 0.001021123068 DT = 0.0001306838164


[STEP 13] Coarse TimeStep time: 1.591192693
[STEP 13] FAB kilobyte spread across MPI nodes: [105462 ... 105462]

...estimated hydro-limited timestep at level 0: 0.004215639455
...hydro-limited CFL timestep constrained at (i,j,k) = (36,42,31)
Castro::estTimeStep (hydro-limited) at level 0:  estdt = 0.004215639455

Castro::compute_new_dt : limiting dt at level 0
 ... new dt computed: 0.004215639455
 ... but limiting to: 0.0001437521981 = 1.1 * 0.0001306838164
[Level 0 step 14] ADVANCE at time 0.001021123068 with dt = 0.0001437521981

[1m[32m  Beginning subcycle 1 starting at time 0.001021123068 with dt = 0.0001437521981[0m
  Estimated number of subcycles remaining: 1

... mhd ...!!! 

Castro::construct_old_gravity() time = 0.014956771 on level 0

Castro::do_old_sources() time = 0.030111922 on level 0

[1m[32m  Subcycle completed[0m

  Subcycling complete

  Zones advanced per microsecond at this level: 0.1590038265

[Level 0 step 14] Advanced 262144 cells
Castro::construct_new_gravity() time = 0.014625105 on level 0

Castro::do_new_sources() time = 0.034780388 on level 0


TIME= 0.001164875266 MASS        = 2.76723415e+33
TIME= 0.001164875266 XMOM        = 5.326338768e+35
TIME= 0.001164875266 YMOM        = 6.476614516e+35
TIME= 0.001164875266 ZMOM        = 6.770458121e+35
TIME= 0.001164875266 ANG MOM X   = -5.975147257e+45
TIME= 0.001164875266 ANG MOM Y   = -1.713355703e+44
TIME= 0.001164875266 ANG MOM Z   = 4.267168238e+45
TIME= 0.001164875266 RHO*e       = 2.496281415e+51
TIME= 0.001164875266 RHO*K       = 3.96332663e+47
TIME= 0.001164875266 RHO*E       = 2.697692625e+51
TIME= 0.001164875266 RHO*PHI     = 0
TIME= 0.001164875266 TOTAL ENERGY= 2.697692625e+51
TIME= 0.001164875266 CENTER OF MASS X-LOC = -260338.9297
TIME= 0.001164875266 CENTER OF MASS X-VEL = 192.4787885
TIME= 0.001164875266 CENTER OF MASS Y-LOC = -260568.1794
TIME= 0.001164875266 CENTER OF MASS Y-VEL = 234.0464942
TIME= 0.001164875266 CENTER OF MASS Z-LOC = -260729.1736
TIME= 0.001164875266 CENTER OF MASS Z-VEL = 244.6651694
TIME= 0.001164875266 MAXIMUM TEMPERATURE  = 0
TIME= 0.001164875266 MAXIMUM DENSITY      = 985049131.6

STEP = 14 TIME = 0.001164875266 DT = 0.0001437521981


[STEP 14] Coarse TimeStep time: 1.668336924
[STEP 14] FAB kilobyte spread across MPI nodes: [105462 ... 105462]

...estimated hydro-limited timestep at level 0: 0.004218548975
...hydro-limited CFL timestep constrained at (i,j,k) = (36,42,31)
Castro::estTimeStep (hydro-limited) at level 0:  estdt = 0.004218548975

Castro::compute_new_dt : limiting dt at level 0
 ... new dt computed: 0.004218548975
 ... but limiting to: 0.0001581274179 = 1.1 * 0.0001437521981
[Level 0 step 15] ADVANCE at time 0.001164875266 with dt = 0.0001581274179

[1m[32m  Beginning subcycle 1 starting at time 0.001164875266 with dt = 0.0001581274179[0m
  Estimated number of subcycles remaining: 1

... mhd ...!!! 

Castro::construct_old_gravity() time = 0.01473167 on level 0

Castro::do_old_sources() time = 0.030051345 on level 0

[1m[32m  Subcycle completed[0m

  Subcycling complete

  Zones advanced per microsecond at this level: 0.165101224

[Level 0 step 15] Advanced 262144 cells
Castro::construct_new_gravity() time = 0.022356496 on level 0

Castro::do_new_sources() time = 0.051941392 on level 0


TIME= 0.001323002684 MASS        = 2.767234196e+33
TIME= 0.001323002684 XMOM        = 5.817965339e+35
TIME= 0.001323002684 YMOM        = 7.302289187e+35
TIME= 0.001323002684 ZMOM        = 7.677202665e+35
TIME= 0.001323002684 ANG MOM X   = -6.722528456e+45
TIME= 0.001323002684 ANG MOM Y   = -1.878951406e+44
TIME= 0.001323002684 ANG MOM Z   = 4.828958294e+45
TIME= 0.001323002684 RHO*e       = 2.497602536e+51
TIME= 0.001323002684 RHO*K       = 4.979584244e+47
TIME= 0.001323002684 RHO*E       = 2.697693557e+51
TIME= 0.001323002684 RHO*PHI     = 0
TIME= 0.001323002684 TOTAL ENERGY= 2.697693557e+51
TIME= 0.001323002684 CENTER OF MASS X-LOC = -260326.7492
TIME= 0.001323002684 CENTER OF MASS X-VEL = 210.2447761
TIME= 0.001323002684 CENTER OF MASS Y-LOC = -260588.7205
TIME= 0.001323002684 CENTER OF MASS Y-VEL = 263.8840326
TIME= 0.001323002684 CENTER OF MASS Z-LOC = -260768.6904
TIME= 0.001323002684 CENTER OF MASS Z-VEL = 277.432343
TIME= 0.001323002684 MAXIMUM TEMPERATURE  = 0
TIME= 0.001323002684 MAXIMUM DENSITY      = 984614205

STEP = 15 TIME = 0.001323002684 DT = 0.0001581274179


[STEP 15] Coarse TimeStep time: 1.610592953
[STEP 15] FAB kilobyte spread across MPI nodes: [105462 ... 105462]

...estimated hydro-limited timestep at level 0: 0.004222057092
...hydro-limited CFL timestep constrained at (i,j,k) = (36,42,31)
Castro::estTimeStep (hydro-limited) at level 0:  estdt = 0.004222057092

Castro::compute_new_dt : limiting dt at level 0
 ... new dt computed: 0.004222057092
 ... but limiting to: 0.0001739401597 = 1.1 * 0.0001581274179
[Level 0 step 16] ADVANCE at time 0.001323002684 with dt = 0.0001739401597

[1m[32m  Beginning subcycle 1 starting at time 0.001323002684 with dt = 0.0001739401597[0m
  Estimated number of subcycles remaining: 1

... mhd ...!!! 

Castro::construct_old_gravity() time = 0.019307122 on level 0

Castro::do_old_sources() time = 0.04028435 on level 0

[1m[32m  Subcycle completed[0m

  Subcycling complete

  Zones advanced per microsecond at this level: 0.1581172796

[Level 0 step 16] Advanced 262144 cells
Castro::construct_new_gravity() time = 0.014191486 on level 0

Castro::do_new_sources() time = 0.035773902 on level 0


TIME= 0.001496942844 MASS        = 2.767234253e+33
TIME= 0.001496942844 XMOM        = 6.29572566e+35
TIME= 0.001496942844 YMOM        = 8.196517735e+35
TIME= 0.001496942844 ZMOM        = 8.670318084e+35
TIME= 0.001496942844 ANG MOM X   = -7.528208215e+45
TIME= 0.001496942844 ANG MOM Y   = -2.064617727e+44
TIME= 0.001496942844 ANG MOM Z   = 5.443084737e+45
TIME= 0.001496942844 RHO*e       = 2.499026082e+51
TIME= 0.001496942844 RHO*K       = 6.19419009e+47
TIME= 0.001496942844 RHO*E       = 2.697693985e+51
TIME= 0.001496942844 RHO*PHI     = 0
TIME= 0.001496942844 TOTAL ENERGY= 2.697693985e+51
TIME= 0.001496942844 CENTER OF MASS X-LOC = -260311.7725
TIME= 0.001496942844 CENTER OF MASS X-VEL = 227.5096752
TIME= 0.001496942844 CENTER OF MASS Y-LOC = -260610.2047
TIME= 0.001496942844 CENTER OF MASS Y-VEL = 296.1989115
TIME= 0.001496942844 CENTER OF MASS Z-LOC = -260810.3857
TIME= 0.001496942844 CENTER OF MASS Z-VEL = 313.3207128
TIME= 0.001496942844 MAXIMUM TEMPERATURE  = 0
TIME= 0.001496942844 MAXIMUM DENSITY      = 984140902.7

STEP = 16 TIME = 0.001496942844 DT = 0.0001739401597


[STEP 16] Coarse TimeStep time: 1.678247121
[STEP 16] FAB kilobyte spread across MPI nodes: [105462 ... 105462]

...estimated hydro-limited timestep at level 0: 0.004226323201
...hydro-limited CFL timestep constrained at (i,j,k) = (36,42,31)
Castro::estTimeStep (hydro-limited) at level 0:  estdt = 0.004226323201

Castro::compute_new_dt : limiting dt at level 0
 ... new dt computed: 0.004226323201
 ... but limiting to: 0.0001913341757 = 1.1 * 0.0001739401597
[Level 0 step 17] ADVANCE at time 0.001496942844 with dt = 0.0001913341757

[1m[32m  Beginning subcycle 1 starting at time 0.001496942844 with dt = 0.0001913341757[0m
  Estimated number of subcycles remaining: 1

... mhd ...!!! 

Castro::construct_old_gravity() time = 0.018630625 on level 0

Castro::do_old_sources() time = 0.031413338 on level 0

[1m[32m  Subcycle completed[0m

  Subcycling complete

  Zones advanced per microsecond at this level: 0.1646056453

[Level 0 step 17] Advanced 262144 cells
Castro::construct_new_gravity() time = 0.015231062 on level 0

Castro::do_new_sources() time = 0.041360006 on level 0


TIME= 0.001688277019 MASS        = 2.767234323e+33
TIME= 0.001688277019 XMOM        = 6.745153627e+35
TIME= 0.001688277019 YMOM        = 9.163208014e+35
TIME= 0.001688277019 ZMOM        = 9.756873888e+35
TIME= 0.001688277019 ANG MOM X   = -8.395308727e+45
TIME= 0.001688277019 ANG MOM Y   = -2.277194355e+44
TIME= 0.001688277019 ANG MOM Z   = 6.113468495e+45
TIME= 0.001688277019 RHO*e       = 2.500557221e+51
TIME= 0.001688277019 RHO*K       = 7.634926167e+47
TIME= 0.001688277019 RHO*E       = 2.697693753e+51
TIME= 0.001688277019 RHO*PHI     = 0
TIME= 0.001688277019 TOTAL ENERGY= 2.697693753e+51
TIME= 0.001688277019 CENTER OF MASS X-LOC = -260293.5741
TIME= 0.001688277019 CENTER OF MASS X-VEL = 243.7507215
TIME= 0.001688277019 CENTER OF MASS Y-LOC = -260632.5998
TIME= 0.001688277019 CENTER OF MASS Y-VEL = 331.1323489
TIME= 0.001688277019 CENTER OF MASS Z-LOC = -260854.4152
TIME= 0.001688277019 CENTER OF MASS Z-VEL = 352.5857499
TIME= 0.001688277019 MAXIMUM TEMPERATURE  = 0
TIME= 0.001688277019 MAXIMUM DENSITY      = 983626401.5

STEP = 17 TIME = 0.001688277019 DT = 0.0001913341757


[STEP 17] Coarse TimeStep time: 1.61668075
[STEP 17] FAB kilobyte spread across MPI nodes: [105462 ... 105462]

...estimated hydro-limited timestep at level 0: 0.004231400172
...hydro-limited CFL timestep constrained at (i,j,k) = (36,42,31)
Castro::estTimeStep (hydro-limited) at level 0:  estdt = 0.004231400172

Castro::compute_new_dt : limiting dt at level 0
 ... new dt computed: 0.004231400172
 ... but limiting to: 0.0002104675932 = 1.1 * 0.0001913341757
[Level 0 step 18] ADVANCE at time 0.001688277019 with dt = 0.0002104675932

[1m[32m  Beginning subcycle 1 starting at time 0.001688277019 with dt = 0.0002104675932[0m
  Estimated number of subcycles remaining: 1

... mhd ...!!! 

Castro::construct_old_gravity() time = 0.018379141 on level 0

Castro::do_old_sources() time = 0.030459607 on level 0

[1m[32m  Subcycle completed[0m

  Subcycling complete

  Zones advanced per microsecond at this level: 0.1208322769

[Level 0 step 18] Advanced 262144 cells
Castro::construct_new_gravity() time = 0.017336965 on level 0

Castro::do_new_sources() time = 0.037280977 on level 0


TIME= 0.001898744612 MASS        = 2.76723441e+33
TIME= 0.001898744612 XMOM        = 7.147596458e+35
TIME= 0.001898744612 YMOM        = 1.020597134e+36
TIME= 0.001898744612 ZMOM        = 1.094427845e+36
TIME= 0.001898744612 ANG MOM X   = -9.326142518e+45
TIME= 0.001898744612 ANG MOM Y   = -2.517661255e+44
TIME= 0.001898744612 ANG MOM Z   = 6.842846698e+45
TIME= 0.001898744612 RHO*e       = 2.502201756e+51
TIME= 0.001898744612 RHO*K       = 9.331086724e+47
TIME= 0.001898744612 RHO*E       = 2.697692398e+51
TIME= 0.001898744612 RHO*PHI     = 0
TIME= 0.001898744612 TOTAL ENERGY= 2.697692398e+51
TIME= 0.001898744612 CENTER OF MASS X-LOC = -260272.0144
TIME= 0.001898744612 CENTER OF MASS X-VEL = 258.2938559
TIME= 0.001898744612 CENTER OF MASS Y-LOC = -260656.2858
TIME= 0.001898744612 CENTER OF MASS Y-VEL = 368.8148466
TIME= 0.001898744612 CENTER OF MASS Z-LOC = -260900.6765
TIME= 0.001898744612 CENTER OF MASS Z-VEL = 395.4951705
TIME= 0.001898744612 MAXIMUM TEMPERATURE  = 0
TIME= 0.001898744612 MAXIMUM DENSITY      = 983067797.3

STEP = 18 TIME = 0.001898744612 DT = 0.0002104675932


[STEP 18] Coarse TimeStep time: 2.191976205
[STEP 18] FAB kilobyte spread across MPI nodes: [105462 ... 105462]

...estimated hydro-limited timestep at level 0: 0.004237416051
...hydro-limited CFL timestep constrained at (i,j,k) = (36,42,31)
Castro::estTimeStep (hydro-limited) at level 0:  estdt = 0.004237416051

Castro::compute_new_dt : limiting dt at level 0
 ... new dt computed: 0.004237416051
 ... but limiting to: 0.0002315143525 = 1.1 * 0.0002104675932
[Level 0 step 19] ADVANCE at time 0.001898744612 with dt = 0.0002315143525

[1m[32m  Beginning subcycle 1 starting at time 0.001898744612 with dt = 0.0002315143525[0m
  Estimated number of subcycles remaining: 1

... mhd ...!!! 

Castro::construct_old_gravity() time = 0.032017974 on level 0

Castro::do_old_sources() time = 0.038211465 on level 0

[1m[32m  Subcycle completed[0m

  Subcycling complete

  Zones advanced per microsecond at this level: 0.1392391526

[Level 0 step 19] Advanced 262144 cells
Castro::construct_new_gravity() time = 0.01551321 on level 0

Castro::do_new_sources() time = 0.036722855 on level 0


TIME= 0.002130258965 MASS        = 2.767234517e+33
TIME= 0.002130258965 XMOM        = 7.47921882e+35
TIME= 0.002130258965 YMOM        = 1.132800133e+36
TIME= 0.002130258965 ZMOM        = 1.224013531e+36
TIME= 0.002130258965 ANG MOM X   = -1.032385032e+46
TIME= 0.002130258965 ANG MOM Y   = -2.793566285e+44
TIME= 0.002130258965 ANG MOM Z   = 7.635473722e+45
TIME= 0.002130258965 RHO*e       = 2.503963466e+51
TIME= 0.002130258965 RHO*K       = 1.131300936e+48
TIME= 0.002130258965 RHO*E       = 2.697689619e+51
TIME= 0.002130258965 RHO*PHI     = 0
TIME= 0.002130258965 TOTAL ENERGY= 2.697689619e+51
TIME= 0.002130258965 CENTER OF MASS X-LOC = -260246.3938
TIME= 0.002130258965 CENTER OF MASS X-VEL = 270.2777366
TIME= 0.002130258965 CENTER OF MASS Y-LOC = -260681.4097
TIME= 0.002130258965 CENTER OF MASS Y-VEL = 409.361811
TIME= 0.002130258965 CENTER OF MASS Z-LOC = -260948.701
TIME= 0.002130258965 CENTER OF MASS Z-VEL = 442.3237437
TIME= 0.002130258965 MAXIMUM TEMPERATURE  = 0
TIME= 0.002130258965 MAXIMUM DENSITY      = 982462195.3

STEP = 19 TIME = 0.002130258965 DT = 0.0002315143525


[STEP 19] Coarse TimeStep time: 1.904083945
[STEP 19] FAB kilobyte spread across MPI nodes: [105462 ... 105462]

...estimated hydro-limited timestep at level 0: 0.004244520621
...hydro-limited CFL timestep constrained at (i,j,k) = (36,42,31)
Castro::estTimeStep (hydro-limited) at level 0:  estdt = 0.004244520621

Castro::compute_new_dt : limiting dt at level 0
 ... new dt computed: 0.004244520621
 ... but limiting to: 0.0002546657878 = 1.1 * 0.0002315143525
[Level 0 step 20] ADVANCE at time 0.002130258965 with dt = 0.0002546657878

[1m[32m  Beginning subcycle 1 starting at time 0.002130258965 with dt = 0.0002546657878[0m
  Estimated number of subcycles remaining: 1

... mhd ...!!! 

Castro::construct_old_gravity() time = 0.018247885 on level 0

Castro::do_old_sources() time = 0.032590467 on level 0

[1m[32m  Subcycle completed[0m

  Subcycling complete

  Zones advanced per microsecond at this level: 0.1048902497

[Level 0 step 20] Advanced 262144 cells
Castro::construct_new_gravity() time = 0.019410534 on level 0

Castro::do_new_sources() time = 0.047850654 on level 0


TIME= 0.002384924753 MASS        = 2.767234649e+33
TIME= 0.002384924753 XMOM        = 7.70993294e+35
TIME= 0.002384924753 YMOM        = 1.253188785e+36
TIME= 0.002384924753 ZMOM        = 1.365191158e+36
TIME= 0.002384924753 ANG MOM X   = -1.139106473e+46
TIME= 0.002384924753 ANG MOM Y   = -3.122126917e+44
TIME= 0.002384924753 ANG MOM Z   = 8.498301772e+45
TIME= 0.002384924753 RHO*e       = 2.505847302e+51
TIME= 0.002384924753 RHO*K       = 1.361150178e+48
TIME= 0.002384924753 RHO*E       = 2.697684576e+51
TIME= 0.002384924753 RHO*PHI     = 0
TIME= 0.002384924753 TOTAL ENERGY= 2.697684576e+51
TIME= 0.002384924753 CENTER OF MASS X-LOC = -260215.6525
TIME= 0.002384924753 CENTER OF MASS X-VEL = 278.6150767
TIME= 0.002384924753 CENTER OF MASS Y-LOC = -260707.9294
TIME= 0.002384924753 CENTER OF MASS Y-VEL = 452.8668306
TIME= 0.002384924753 CENTER OF MASS Z-LOC = -260998.6891
TIME= 0.002384924753 CENTER OF MASS Z-VEL = 493.3413068
TIME= 0.002384924753 MAXIMUM TEMPERATURE  = 0
TIME= 0.002384924753 MAXIMUM DENSITY      = 981806600.2

STEP = 20 TIME = 0.002384924753 DT = 0.0002546657878


[STEP 20] Coarse TimeStep time: 2.520251835
[STEP 20] FAB kilobyte spread across MPI nodes: [105462 ... 105462]

PLOTFILE: file = plt_seed42ext00020
Write plotfile time = 0.038528519  seconds

...estimated hydro-limited timestep at level 0: 0.004252684346
...hydro-limited CFL timestep constrained at (i,j,k) = (36,42,31)
Castro::estTimeStep (hydro-limited) at level 0:  estdt = 0.004252684346

Castro::compute_new_dt : limiting dt at level 0
 ... new dt computed: 0.004252684346
 ... but limiting to: 0.0002801323666 = 1.1 * 0.0002546657878
[Level 0 step 21] ADVANCE at time 0.002384924753 with dt = 0.0002801323666

[1m[32m  Beginning subcycle 1 starting at time 0.002384924753 with dt = 0.0002801323666[0m
  Estimated number of subcycles remaining: 1

... mhd ...!!! 

Castro::construct_old_gravity() time = 0.025548247 on level 0

Castro::do_old_sources() time = 0.038763717 on level 0

[1m[32m  Subcycle completed[0m

  Subcycling complete

  Zones advanced per microsecond at this level: 0.09936924317

[Level 0 step 21] Advanced 262144 cells
Castro::construct_new_gravity() time = 0.036160718 on level 0

Castro::do_new_sources() time = 0.065363279 on level 0


TIME= 0.002665057119 MASS        = 2.767234811e+33
TIME= 0.002665057119 XMOM        = 7.802405558e+35
TIME= 0.002665057119 YMOM        = 1.381895727e+36
TIME= 0.002665057119 ZMOM        = 1.518696563e+36
TIME= 0.002665057119 ANG MOM X   = -1.252591238e+46
TIME= 0.002665057119 ANG MOM Y   = -3.549332107e+44
TIME= 0.002665057119 ANG MOM Z   = 9.437470955e+45
TIME= 0.002665057119 RHO*e       = 2.507860315e+51
TIME= 0.002665057119 RHO*K       = 1.625643316e+48
TIME= 0.002665057119 RHO*E       = 2.697677266e+51
TIME= 0.002665057119 RHO*PHI     = 0
TIME= 0.002665057119 TOTAL ENERGY= 2.697677266e+51
TIME= 0.002665057119 CENTER OF MASS X-LOC = -260179.6516
TIME= 0.002665057119 CENTER OF MASS X-VEL = 281.9567579
TIME= 0.002665057119 CENTER OF MASS Y-LOC = -260734.999
TIME= 0.002665057119 CENTER OF MASS Y-VEL = 499.3778343
TIME= 0.002665057119 CENTER OF MASS Z-LOC = -261051.0047
TIME= 0.002665057119 CENTER OF MASS Z-VEL = 548.8137677
TIME= 0.002665057119 MAXIMUM TEMPERATURE  = 0
TIME= 0.002665057119 MAXIMUM DENSITY      = 981098084.2

STEP = 21 TIME = 0.002665057119 DT = 0.0002801323666


[STEP 21] Coarse TimeStep time: 2.670685825
[STEP 21] FAB kilobyte spread across MPI nodes: [105462 ... 105462]

...estimated hydro-limited timestep at level 0: 0.004261912768
...hydro-limited CFL timestep constrained at (i,j,k) = (36,42,31)
Castro::estTimeStep (hydro-limited) at level 0:  estdt = 0.004261912768

Castro::compute_new_dt : limiting dt at level 0
 ... new dt computed: 0.004261912768
 ... but limiting to: 0.0003081456032 = 1.1 * 0.0002801323666
[Level 0 step 22] ADVANCE at time 0.002665057119 with dt = 0.0003081456032

[1m[32m  Beginning subcycle 1 starting at time 0.002665057119 with dt = 0.0003081456032[0m
  Estimated number of subcycles remaining: 1

... mhd ...!!! 

Castro::construct_old_gravity() time = 0.047775735 on level 0

Castro::do_old_sources() time = 0.060989614 on level 0

[1m[32m  Subcycle completed[0m

  Subcycling complete

  Zones advanced per microsecond at this level: 0.09310622252

[Level 0 step 22] Advanced 262144 cells
Castro::construct_new_gravity() time = 0.03054698 on level 0

Castro::do_new_sources() time = 0.045829358 on level 0


TIME= 0.002973202723 MASS        = 2.76723501e+33
TIME= 0.002973202723 XMOM        = 7.711205995e+35
TIME= 0.002973202723 YMOM        = 1.518869704e+36
TIME= 0.002973202723 ZMOM        = 1.685235614e+36
TIME= 0.002973202723 ANG MOM X   = -1.372935981e+46
TIME= 0.002973202723 ANG MOM Y   = -4.095408803e+44
TIME= 0.002973202723 ANG MOM Z   = 1.045969662e+46
TIME= 0.002973202723 RHO*e       = 2.510005148e+51
TIME= 0.002973202723 RHO*K       = 1.92754258e+48
TIME= 0.002973202723 RHO*E       = 2.69766678e+51
TIME= 0.002973202723 RHO*PHI     = 0
TIME= 0.002973202723 TOTAL ENERGY= 2.69766678e+51
TIME= 0.002973202723 CENTER OF MASS X-LOC = -260139.0052
TIME= 0.002973202723 CENTER OF MASS X-VEL = 278.661045
TIME= 0.002973202723 CENTER OF MASS Y-LOC = -260761.6753
TIME= 0.002973202723 CENTER OF MASS Y-VEL = 548.8762967
TIME= 0.002973202723 CENTER OF MASS Z-LOC = -261105.3979
TIME= 0.002973202723 CENTER OF MASS Z-VEL = 608.9962033
TIME= 0.002973202723 MAXIMUM TEMPERATURE  = 0
TIME= 0.002973202723 MAXIMUM DENSITY      = 980333774.6

STEP = 22 TIME = 0.002973202723 DT = 0.0003081456032


[STEP 22] Coarse TimeStep time: 2.857831347
[STEP 22] FAB kilobyte spread across MPI nodes: [105462 ... 105462]

...estimated hydro-limited timestep at level 0: 0.004272389182
...hydro-limited CFL timestep constrained at (i,j,k) = (36,42,31)
Castro::estTimeStep (hydro-limited) at level 0:  estdt = 0.004272389182

Castro::compute_new_dt : limiting dt at level 0
 ... new dt computed: 0.004272389182
 ... but limiting to: 0.0003389601636 = 1.1 * 0.0003081456032
[Level 0 step 23] ADVANCE at time 0.002973202723 with dt = 0.0003389601636

[1m[32m  Beginning subcycle 1 starting at time 0.002973202723 with dt = 0.0003389601636[0m
  Estimated number of subcycles remaining: 1

... mhd ...!!! 

Castro::construct_old_gravity() time = 0.025932752 on level 0

Castro::do_old_sources() time = 0.059799768 on level 0

[1m[32m  Subcycle completed[0m

  Subcycling complete

  Zones advanced per microsecond at this level: 0.09094585477

[Level 0 step 23] Advanced 262144 cells
Castro::construct_new_gravity() time = 0.022037737 on level 0

Castro::do_new_sources() time = 0.056300148 on level 0


TIME= 0.003312162886 MASS        = 2.767235252e+33
TIME= 0.003312162886 XMOM        = 7.380972842e+35
TIME= 0.003312162886 YMOM        = 1.663845898e+36
TIME= 0.003312162886 ZMOM        = 1.865436053e+36
TIME= 0.003312162886 ANG MOM X   = -1.500312201e+46
TIME= 0.003312162886 ANG MOM Y   = -4.782072607e+44
TIME= 0.003312162886 ANG MOM Z   = 1.157391565e+46
TIME= 0.003312162886 RHO*e       = 2.512284372e+51
TIME= 0.003312162886 RHO*K       = 2.26922988e+48
TIME= 0.003312162886 RHO*E       = 2.697651636e+51
TIME= 0.003312162886 RHO*PHI     = 0
TIME= 0.003312162886 TOTAL ENERGY= 2.697651636e+51
TIME= 0.003312162886 CENTER OF MASS X-LOC = -260093.7512
TIME= 0.003312162886 CENTER OF MASS X-VEL = 266.727335
TIME= 0.003312162886 CENTER OF MASS Y-LOC = -260787.5635
TIME= 0.003312162886 CENTER OF MASS Y-VEL = 601.2665155
TIME= 0.003312162886 CENTER OF MASS Z-LOC = -261161.3418
TIME= 0.003312162886 CENTER OF MASS Z-VEL = 674.1154557
TIME= 0.003312162886 MAXIMUM TEMPERATURE  = 0
TIME= 0.003312162886 MAXIMUM DENSITY      = 979511049.7

STEP = 23 TIME = 0.003312162886 DT = 0.0003389601636


[STEP 23] Coarse TimeStep time: 2.908024718
[STEP 23] FAB kilobyte spread across MPI nodes: [105462 ... 105462]

...estimated hydro-limited timestep at level 0: 0.00428447463
...hydro-limited CFL timestep constrained at (i,j,k) = (36,42,31)
Castro::estTimeStep (hydro-limited) at level 0:  estdt = 0.00428447463

Castro::compute_new_dt : limiting dt at level 0
 ... new dt computed: 0.00428447463
 ... but limiting to: 0.0003728561799 = 1.1 * 0.0003389601636
[Level 0 step 24] ADVANCE at time 0.003312162886 with dt = 0.0003728561799

[1m[32m  Beginning subcycle 1 starting at time 0.003312162886 with dt = 0.0003728561799[0m
  Estimated number of subcycles remaining: 1

... mhd ...!!! 

Castro::construct_old_gravity() time = 0.023411207 on level 0

Castro::do_old_sources() time = 0.033521315 on level 0

[1m[32m  Subcycle completed[0m

  Subcycling complete

  Zones advanced per microsecond at this level: 0.09694709692

[Level 0 step 24] Advanced 262144 cells
Castro::construct_new_gravity() time = 0.026399994 on level 0

Castro::do_new_sources() time = 0.060426276 on level 0


TIME= 0.003685019066 MASS        = 2.767235548e+33
TIME= 0.003685019066 XMOM        = 6.743749559e+35
TIME= 0.003685019066 YMOM        = 1.816266384e+36
TIME= 0.003685019066 ZMOM        = 2.05983313e+36
TIME= 0.003685019066 ANG MOM X   = -1.634471777e+46
TIME= 0.003685019066 ANG MOM Y   = -5.655160154e+44
TIME= 0.003685019066 ANG MOM Z   = 1.278586218e+46
TIME= 0.003685019066 RHO*e       = 2.514701155e+51
TIME= 0.003685019066 RHO*K       = 2.652480214e+48
TIME= 0.003685019066 RHO*E       = 2.697630708e+51
TIME= 0.003685019066 RHO*PHI     = 0
TIME= 0.003685019066 TOTAL ENERGY= 2.697630708e+51
TIME= 0.003685019066 CENTER OF MASS X-LOC = -260043.369
TIME= 0.003685019066 CENTER OF MASS X-VEL = 243.6998745
TIME= 0.003685019066 CENTER OF MASS Y-LOC = -260810.3081
TIME= 0.003685019066 CENTER OF MASS Y-VEL = 656.3468676
TIME= 0.003685019066 CENTER OF MASS Z-LOC = -261217.1749
TIME= 0.003685019066 CENTER OF MASS Z-VEL = 744.3649426
TIME= 0.003685019066 MAXIMUM TEMPERATURE  = 0
TIME= 0.003685019066 MAXIMUM DENSITY      = 978627725.4

STEP = 24 TIME = 0.003685019066 DT = 0.0003728561799


[STEP 24] Coarse TimeStep time: 2.749308437
[STEP 24] FAB kilobyte spread across MPI nodes: [105462 ... 105462]

...estimated hydro-limited timestep at level 0: 0.004298300497
...hydro-limited CFL timestep constrained at (i,j,k) = (36,42,31)
Castro::estTimeStep (hydro-limited) at level 0:  estdt = 0.004298300497

Castro::compute_new_dt : limiting dt at level 0
 ... new dt computed: 0.004298300497
 ... but limiting to: 0.0004101417979 = 1.1 * 0.0003728561799
[Level 0 step 25] ADVANCE at time 0.003685019066 with dt = 0.0004101417979

[1m[32m  Beginning subcycle 1 starting at time 0.003685019066 with dt = 0.0004101417979[0m
  Estimated number of subcycles remaining: 1

... mhd ...!!! 

Castro::construct_old_gravity() time = 0.024935087 on level 0

Castro::do_old_sources() time = 0.044911647 on level 0

[1m[32m  Subcycle completed[0m

  Subcycling complete

  Zones advanced per microsecond at this level: 0.09219212891

[Level 0 step 25] Advanced 262144 cells
Castro::construct_new_gravity() time = 0.020483604 on level 0

Castro::do_new_sources() time = 0.054913575 on level 0


TIME= 0.004095160864 MASS        = 2.767235909e+33
TIME= 0.004095160864 XMOM        = 5.716610281e+35
TIME= 0.004095160864 YMOM        = 1.975209109e+36
TIME= 0.004095160864 ZMOM        = 2.268814247e+36
TIME= 0.004095160864 ANG MOM X   = -1.775087839e+46
TIME= 0.004095160864 ANG MOM Y   = -6.698833172e+44
TIME= 0.004095160864 ANG MOM Z   = 1.410158706e+46
TIME= 0.004095160864 RHO*e       = 2.517259925e+51
TIME= 0.004095160864 RHO*K       = 3.078251062e+48
TIME= 0.004095160864 RHO*E       = 2.697601821e+51
TIME= 0.004095160864 RHO*PHI     = 0
TIME= 0.004095160864 TOTAL ENERGY= 2.697601821e+51
TIME= 0.004095160864 CENTER OF MASS X-LOC = -259988.7119
TIME= 0.004095160864 CENTER OF MASS X-VEL = 206.5819637
TIME= 0.004095160864 CENTER OF MASS Y-LOC = -260828.1176
TIME= 0.004095160864 CENTER OF MASS Y-VEL = 713.7841418
TIME= 0.004095160864 CENTER OF MASS Z-LOC = -261272.8168
TIME= 0.004095160864 CENTER OF MASS Z-VEL = 819.8846507
TIME= 0.004095160864 MAXIMUM TEMPERATURE  = 0
TIME= 0.004095160864 MAXIMUM DENSITY      = 977681994

STEP = 25 TIME = 0.004095160864 DT = 0.0004101417979


[STEP 25] Coarse TimeStep time: 2.8825197
[STEP 25] FAB kilobyte spread across MPI nodes: [105462 ... 105462]

...estimated hydro-limited timestep at level 0: 0.00431402156
...hydro-limited CFL timestep constrained at (i,j,k) = (36,42,31)
Castro::estTimeStep (hydro-limited) at level 0:  estdt = 0.00431402156

Castro::compute_new_dt : limiting dt at level 0
 ... new dt computed: 0.00431402156
 ... but limiting to: 0.0004511559777 = 1.1 * 0.0004101417979
[Level 0 step 26] ADVANCE at time 0.004095160864 with dt = 0.0004511559777

[1m[32m  Beginning subcycle 1 starting at time 0.004095160864 with dt = 0.0004511559777[0m
  Estimated number of subcycles remaining: 1

... mhd ...!!! 

Castro::construct_old_gravity() time = 0.026405693 on level 0

Castro::do_old_sources() time = 0.04332992 on level 0

[1m[32m  Subcycle completed[0m

  Subcycling complete

  Zones advanced per microsecond at this level: 0.09450756535

[Level 0 step 26] Advanced 262144 cells
Castro::construct_new_gravity() time = 0.029162055 on level 0

Castro::do_new_sources() time = 0.077805037 on level 0


TIME= 0.004546316842 MASS        = 2.767236349e+33
TIME= 0.004546316842 XMOM        = 4.199061116e+35
TIME= 0.004546316842 YMOM        = 2.139365626e+36
TIME= 0.004546316842 ZMOM        = 2.492497639e+36
TIME= 0.004546316842 ANG MOM X   = -1.921361576e+46
TIME= 0.004546316842 ANG MOM Y   = -7.930600827e+44
TIME= 0.004546316842 ANG MOM Z   = 1.552549863e+46
TIME= 0.004546316842 RHO*e       = 2.519960277e+51
TIME= 0.004546316842 RHO*K       = 3.54642101e+48
TIME= 0.004546316842 RHO*E       = 2.69756269e+51
TIME= 0.004546316842 RHO*PHI     = 0
TIME= 0.004546316842 TOTAL ENERGY= 2.69756269e+51
TIME= 0.004546316842 CENTER OF MASS X-LOC = -259933.0158
TIME= 0.004546316842 CENTER OF MASS X-VEL = 151.7420483
TIME= 0.004546316842 CENTER OF MASS Y-LOC = -260840.1495
TIME= 0.004546316842 CENTER OF MASS Y-VEL = 773.1054947
TIME= 0.004546316842 CENTER OF MASS Z-LOC = -261327.0208
TIME= 0.004546316842 CENTER OF MASS Z-VEL = 900.7172949
TIME= 0.004546316842 MAXIMUM TEMPERATURE  = 0
TIME= 0.004546316842 MAXIMUM DENSITY      = 976672363.8

STEP = 26 TIME = 0.004546316842 DT = 0.0004511559777


[STEP 26] Coarse TimeStep time: 2.812749496
[STEP 26] FAB kilobyte spread across MPI nodes: [105462 ... 105462]

...estimated hydro-limited timestep at level 0: 0.00433202295
...hydro-limited CFL timestep constrained at (i,j,k) = (36,42,31)
Castro::estTimeStep (hydro-limited) at level 0:  estdt = 0.00433202295

Castro::compute_new_dt : limiting dt at level 0
 ... new dt computed: 0.00433202295
 ... but limiting to: 0.0004962715755 = 1.1 * 0.0004511559777
[Level 0 step 27] ADVANCE at time 0.004546316842 with dt = 0.0004962715755

[1m[32m  Beginning subcycle 1 starting at time 0.004546316842 with dt = 0.0004962715755[0m
  Estimated number of subcycles remaining: 1

... mhd ...!!! 

Castro::construct_old_gravity() time = 0.056046773 on level 0

Castro::do_old_sources() time = 0.096261348 on level 0

[1m[32m  Subcycle completed[0m

  Subcycling complete

  Zones advanced per microsecond at this level: 0.09192596815

[Level 0 step 27] Advanced 262144 cells
Castro::construct_new_gravity() time = 0.024753809 on level 0

Castro::do_new_sources() time = 0.058835234 on level 0


TIME= 0.005042588417 MASS        = 2.767236883e+33
TIME= 0.005042588417 XMOM        = 2.069694502e+35
TIME= 0.005042588417 YMOM        = 2.306892004e+36
TIME= 0.005042588417 ZMOM        = 2.730442263e+36
TIME= 0.005042588417 ANG MOM X   = -2.072351411e+46
TIME= 0.005042588417 ANG MOM Y   = -9.37191203e+44
TIME= 0.005042588417 ANG MOM Z   = 1.705884873e+46
TIME= 0.005042588417 RHO*e       = 2.522806211e+51
TIME= 0.005042588417 RHO*K       = 4.055611831e+48
TIME= 0.005042588417 RHO*E       = 2.697511184e+51
TIME= 0.005042588417 RHO*PHI     = 0
TIME= 0.005042588417 TOTAL ENERGY= 2.697511184e+51
TIME= 0.005042588417 CENTER OF MASS X-LOC = -259875.6443
TIME= 0.005042588417 CENTER OF MASS X-VEL = 74.79282006
TIME= 0.005042588417 CENTER OF MASS Y-LOC = -260843.8929
TIME= 0.005042588417 CENTER OF MASS Y-VEL = 833.6445709
TIME= 0.005042588417 CENTER OF MASS Z-LOC = -261376.4837
TIME= 0.005042588417 CENTER OF MASS Z-VEL = 986.7034803
TIME= 0.005042588417 MAXIMUM TEMPERATURE  = 0
TIME= 0.005042588417 MAXIMUM DENSITY      = 975598185.4

STEP = 27 TIME = 0.005042588417 DT = 0.0004962715755


[STEP 27] Coarse TimeStep time: 2.888849174
[STEP 27] FAB kilobyte spread across MPI nodes: [105462 ... 105462]

...estimated hydro-limited timestep at level 0: 0.004348281413
...hydro-limited CFL timestep constrained at (i,j,k) = (36,42,31)
Castro::estTimeStep (hydro-limited) at level 0:  estdt = 0.004348281413

Castro::compute_new_dt : limiting dt at level 0
 ... new dt computed: 0.004348281413
 ... but limiting to: 0.000545898733 = 1.1 * 0.0004962715755
[Level 0 step 28] ADVANCE at time 0.005042588417 with dt = 0.000545898733

[1m[32m  Beginning subcycle 1 starting at time 0.005042588417 with dt = 0.000545898733[0m
  Estimated number of subcycles remaining: 1

... mhd ...!!! 

Castro::construct_old_gravity() time = 0.04008796 on level 0

Castro::do_old_sources() time = 0.047618297 on level 0

[1m[32m  Subcycle completed[0m

  Subcycling complete

  Zones advanced per microsecond at this level: 0.0975483939

[Level 0 step 28] Advanced 262144 cells
Castro::construct_new_gravity() time = 0.018164636 on level 0

Castro::do_new_sources() time = 0.043839153 on level 0


TIME= 0.00558848715 MASS        = 2.767237531e+33
TIME= 0.00558848715 XMOM        = -8.165251833e+34
TIME= 0.00558848715 YMOM        = 2.475112387e+36
TIME= 0.00558848715 ZMOM        = 2.981524265e+36
TIME= 0.00558848715 ANG MOM X   = -2.227833702e+46
TIME= 0.00558848715 ANG MOM Y   = -1.111053753e+45
TIME= 0.00558848715 ANG MOM Z   = 1.871009798e+46
TIME= 0.00558848715 RHO*e       = 2.525797807e+51
TIME= 0.00558848715 RHO*K       = 4.602734699e+48
TIME= 0.00558848715 RHO*E       = 2.697444107e+51
TIME= 0.00558848715 RHO*PHI     = 0
TIME= 0.00558848715 TOTAL ENERGY= 2.697444107e+51
TIME= 0.00558848715 CENTER OF MASS X-LOC = -259813.4521
TIME= 0.00558848715 CENTER OF MASS X-VEL = -29.50687009
TIME= 0.00558848715 CENTER OF MASS Y-LOC = -260837.5383
TIME= 0.00558848715 CENTER OF MASS Y-VEL = 894.4343806
TIME= 0.00558848715 CENTER OF MASS Z-LOC = -261421.8753
TIME= 0.00558848715 CENTER OF MASS Z-VEL = 1077.437058
TIME= 0.00558848715 MAXIMUM TEMPERATURE  = 0
TIME= 0.00558848715 MAXIMUM DENSITY      = 974459817.6

STEP = 28 TIME = 0.00558848715 DT = 0.000545898733


[STEP 28] Coarse TimeStep time: 2.716245836
[STEP 28] FAB kilobyte spread across MPI nodes: [105462 ... 105462]

...estimated hydro-limited timestep at level 0: 0.004368353805
...hydro-limited CFL timestep constrained at (i,j,k) = (36,42,31)
Castro::estTimeStep (hydro-limited) at level 0:  estdt = 0.004368353805

Castro::compute_new_dt : limiting dt at level 0
 ... new dt computed: 0.004368353805
 ... but limiting to: 0.0006004886063 = 1.1 * 0.000545898733
[Level 0 step 29] ADVANCE at time 0.00558848715 with dt = 0.0006004886063

[1m[32m  Beginning subcycle 1 starting at time 0.00558848715 with dt = 0.0006004886063[0m
  Estimated number of subcycles remaining: 1

... mhd ...!!! 

Castro::construct_old_gravity() time = 0.025659621 on level 0

Castro::do_old_sources() time = 0.050051138 on level 0

[1m[32m  Subcycle completed[0m

  Subcycling complete

  Zones advanced per microsecond at this level: 0.1001902271

[Level 0 step 29] Advanced 262144 cells
Castro::construct_new_gravity() time = 0.016977526 on level 0

Castro::do_new_sources() time = 0.041013711 on level 0


TIME= 0.006188975756 MASS        = 2.767238317e+33
TIME= 0.006188975756 XMOM        = -4.629814075e+35
TIME= 0.006188975756 YMOM        = 2.640286231e+36
TIME= 0.006188975756 ZMOM        = 3.24417275e+36
TIME= 0.006188975756 ANG MOM X   = -2.38627431e+46
TIME= 0.006188975756 ANG MOM Y   = -1.315933068e+45
TIME= 0.006188975756 ANG MOM Z   = 2.048423189e+46
TIME= 0.006188975756 RHO*e       = 2.528930613e+51
TIME= 0.006188975756 RHO*K       = 5.183024652e+48
TIME= 0.006188975756 RHO*E       = 2.697357658e+51
TIME= 0.006188975756 RHO*PHI     = 0
TIME= 0.006188975756 TOTAL ENERGY= 2.697357658e+51
TIME= 0.006188975756 CENTER OF MASS X-LOC = -259747.5651
TIME= 0.006188975756 CENTER OF MASS X-VEL = -167.3081081
TIME= 0.006188975756 CENTER OF MASS Y-LOC = -260820.6527
TIME= 0.006188975756 CENTER OF MASS Y-VEL = 954.123183
TIME= 0.006188975756 CENTER OF MASS Z-LOC = -261465.9446
TIME= 0.006188975756 CENTER OF MASS Z-VEL = 1172.350329
TIME= 0.006188975756 MAXIMUM TEMPERATURE  = 0
TIME= 0.006188975756 MAXIMUM DENSITY      = 973258981.3

STEP = 29 TIME = 0.006188975756 DT = 0.0006004886063


[STEP 29] Coarse TimeStep time: 2.640386327
[STEP 29] FAB kilobyte spread across MPI nodes: [105462 ... 105462]

...estimated hydro-limited timestep at level 0: 0.00439169024
...hydro-limited CFL timestep constrained at (i,j,k) = (36,42,31)
Castro::estTimeStep (hydro-limited) at level 0:  estdt = 0.00439169024

Castro::compute_new_dt : limiting dt at level 0
 ... new dt computed: 0.00439169024
 ... but limiting to: 0.0006605374669 = 1.1 * 0.0006004886063
[Level 0 step 30] ADVANCE at time 0.006188975756 with dt = 0.0006605374669

[1m[32m  Beginning subcycle 1 starting at time 0.006188975756 with dt = 0.0006605374669[0m
  Estimated number of subcycles remaining: 1

... mhd ...!!! 

Castro::construct_old_gravity() time = 0.023088991 on level 0

Castro::do_old_sources() time = 0.03153145 on level 0

[1m[32m  Subcycle completed[0m

  Subcycling complete

  Zones advanced per microsecond at this level: 0.107117209

[Level 0 step 30] Advanced 262144 cells
Castro::construct_new_gravity() time = 0.100825013 on level 0

Castro::do_new_sources() time = 0.207775011 on level 0


TIME= 0.006849513223 MASS        = 2.767239269e+33
TIME= 0.006849513223 XMOM        = -9.570669298e+35
TIME= 0.006849513223 YMOM        = 2.797112324e+36
TIME= 0.006849513223 ZMOM        = 3.516472475e+36
TIME= 0.006849513223 ANG MOM X   = -2.545892046e+46
TIME= 0.006849513223 ANG MOM Y   = -1.563336455e+45
TIME= 0.006849513223 ANG MOM Z   = 2.237881271e+46
TIME= 0.006849513223 RHO*e       = 2.532203334e+51
TIME= 0.006849513223 RHO*K       = 5.789666748e+48
TIME= 0.006849513223 RHO*E       = 2.697247986e+51
TIME= 0.006849513223 RHO*PHI     = 0
TIME= 0.006849513223 TOTAL ENERGY= 2.697247986e+51
TIME= 0.006849513223 CENTER OF MASS X-LOC = -259677.3099
TIME= 0.006849513223 CENTER OF MASS X-VEL = -345.8562259
TIME= 0.006849513223 CENTER OF MASS Y-LOC = -260790.7651
TIME= 0.006849513223 CENTER OF MASS Y-VEL = 1010.795255
TIME= 0.006849513223 CENTER OF MASS Z-LOC = -261510.1529
TIME= 0.006849513223 CENTER OF MASS Z-VEL = 1270.751147
TIME= 0.006849513223 MAXIMUM TEMPERATURE  = 0
TIME= 0.006849513223 MAXIMUM DENSITY      = 971999096.4

STEP = 30 TIME = 0.006849513223 DT = 0.0006605374669


[STEP 30] Coarse TimeStep time: 2.489243816
[STEP 30] FAB kilobyte spread across MPI nodes: [105462 ... 105462]

PLOTFILE: file = plt_seed42ext00030
Write plotfile time = 0.047815465  seconds

...estimated hydro-limited timestep at level 0: 0.00441912542
...hydro-limited CFL timestep constrained at (i,j,k) = (36,42,31)
Castro::estTimeStep (hydro-limited) at level 0:  estdt = 0.00441912542

Castro::compute_new_dt : limiting dt at level 0
 ... new dt computed: 0.00441912542
 ... but limiting to: 0.0007265912136 = 1.1 * 0.0006605374669
[Level 0 step 31] ADVANCE at time 0.006849513223 with dt = 0.0007265912136

[1m[32m  Beginning subcycle 1 starting at time 0.006849513223 with dt = 0.0007265912136[0m
  Estimated number of subcycles remaining: 1

... mhd ...!!! 

Castro::construct_old_gravity() time = 0.027418482 on level 0

Castro::do_old_sources() time = 0.033851554 on level 0

[1m[32m  Subcycle completed[0m

  Subcycling complete

  Zones advanced per microsecond at this level: 0.1034188747

[Level 0 step 31] Advanced 262144 cells
Castro::construct_new_gravity() time = 0.017204871 on level 0

Castro::do_new_sources() time = 0.044688931 on level 0


TIME= 0.007576104437 MASS        = 2.76724042e+33
TIME= 0.007576104437 XMOM        = -1.587259217e+36
TIME= 0.007576104437 YMOM        = 2.938034325e+36
TIME= 0.007576104437 ZMOM        = 3.795946477e+36
TIME= 0.007576104437 ANG MOM X   = -2.706074655e+46
TIME= 0.007576104437 ANG MOM Y   = -1.856383813e+45
TIME= 0.007576104437 ANG MOM Z   = 2.439259387e+46
TIME= 0.007576104437 RHO*e       = 2.535615374e+51
TIME= 0.007576104437 RHO*K       = 6.413580848e+48
TIME= 0.007576104437 RHO*E       = 2.697112325e+51
TIME= 0.007576104437 RHO*PHI     = 0
TIME= 0.007576104437 TOTAL ENERGY= 2.697112325e+51
TIME= 0.007576104437 CENTER OF MASS X-LOC = -259600.245
TIME= 0.007576104437 CENTER OF MASS X-VEL = -573.5891993
TIME= 0.007576104437 CENTER OF MASS Y-LOC = -260744.9715
TIME= 0.007576104437 CENTER OF MASS Y-VEL = 1061.719937
TIME= 0.007576104437 CENTER OF MASS Z-LOC = -261553.3269
TIME= 0.007576104437 CENTER OF MASS Z-VEL = 1371.744374
TIME= 0.007576104437 MAXIMUM TEMPERATURE  = 0
TIME= 0.007576104437 MAXIMUM DENSITY      = 970685667.4

STEP = 31 TIME = 0.007576104437 DT = 0.0007265912136


[STEP 31] Coarse TimeStep time: 2.557026957
[STEP 31] FAB kilobyte spread across MPI nodes: [105462 ... 105462]

...estimated hydro-limited timestep at level 0: 0.00445195084
...hydro-limited CFL timestep constrained at (i,j,k) = (36,42,31)
Castro::estTimeStep (hydro-limited) at level 0:  estdt = 0.00445195084

Castro::compute_new_dt : limiting dt at level 0
 ... new dt computed: 0.00445195084
 ... but limiting to: 0.000799250335 = 1.1 * 0.0007265912136
[Level 0 step 32] ADVANCE at time 0.007576104437 with dt = 0.000799250335

[1m[32m  Beginning subcycle 1 starting at time 0.007576104437 with dt = 0.000799250335[0m
  Estimated number of subcycles remaining: 1

... mhd ...!!! 

Castro::construct_old_gravity() time = 0.027332677 on level 0

Castro::do_old_sources() time = 0.034090691 on level 0

[1m[32m  Subcycle completed[0m

  Subcycling complete

  Zones advanced per microsecond at this level: 0.1124924846

[Level 0 step 32] Advanced 262144 cells
Castro::construct_new_gravity() time = 0.038251283 on level 0

Castro::do_new_sources() time = 0.04344321 on level 0


TIME= 0.008375354772 MASS        = 2.767241811e+33
TIME= 0.008375354772 XMOM        = -2.380358495e+36
TIME= 0.008375354772 YMOM        = 3.053047259e+36
TIME= 0.008375354772 ZMOM        = 4.079417491e+36
TIME= 0.008375354772 ANG MOM X   = -2.867163395e+46
TIME= 0.008375354772 ANG MOM Y   = -2.199124236e+45
TIME= 0.008375354772 ANG MOM Z   = 2.652722522e+46
TIME= 0.008375354772 RHO*e       = 2.539159845e+51
TIME= 0.008375354772 RHO*K       = 7.043881035e+48
TIME= 0.008375354772 RHO*E       = 2.696944532e+51
TIME= 0.008375354772 RHO*PHI     = 0
TIME= 0.008375354772 TOTAL ENERGY= 2.696944532e+51
TIME= 0.008375354772 CENTER OF MASS X-LOC = -259511.7694
TIME= 0.008375354772 CENTER OF MASS X-VEL = -860.1917207
TIME= 0.008375354772 CENTER OF MASS Y-LOC = -260680.483
TIME= 0.008375354772 CENTER OF MASS Y-VEL = 1103.281703
TIME= 0.008375354772 CENTER OF MASS Z-LOC = -261594.089
TIME= 0.008375354772 CENTER OF MASS Z-VEL = 1474.181792
TIME= 0.008375354772 MAXIMUM TEMPERATURE  = 0
TIME= 0.008375354772 MAXIMUM DENSITY      = 969342415.6

STEP = 32 TIME = 0.008375354772 DT = 0.000799250335


[STEP 32] Coarse TimeStep time: 2.35650559
[STEP 32] FAB kilobyte spread across MPI nodes: [105462 ... 105462]

...estimated hydro-limited timestep at level 0: 0.004488298024
...hydro-limited CFL timestep constrained at (i,j,k) = (32,38,24)
Castro::estTimeStep (hydro-limited) at level 0:  estdt = 0.004488298024

Castro::compute_new_dt : limiting dt at level 0
 ... new dt computed: 0.004488298024
 ... but limiting to: 0.0008791753685 = 1.1 * 0.000799250335
[Level 0 step 33] ADVANCE at time 0.008375354772 with dt = 0.0008791753685

[1m[32m  Beginning subcycle 1 starting at time 0.008375354772 with dt = 0.0008791753685[0m
  Estimated number of subcycles remaining: 1

... mhd ...!!! 

Castro::construct_old_gravity() time = 0.026599334 on level 0

Castro::do_old_sources() time = 0.034954537 on level 0

[1m[32m  Subcycle completed[0m

  Subcycling complete

  Zones advanced per microsecond at this level: 0.09998038776

[Level 0 step 33] Advanced 262144 cells
Castro::construct_new_gravity() time = 0.018059236 on level 0

Castro::do_new_sources() time = 0.059777815 on level 0


TIME= 0.009254530141 MASS        = 2.76724349e+33
TIME= 0.009254530141 XMOM        = -3.366771138e+36
TIME= 0.009254530141 YMOM        = 3.128567838e+36
TIME= 0.009254530141 ZMOM        = 4.362704726e+36
TIME= 0.009254530141 ANG MOM X   = -3.030012852e+46
TIME= 0.009254530141 ANG MOM Y   = -2.58780203e+45
TIME= 0.009254530141 ANG MOM Z   = 2.878114778e+46
TIME= 0.009254530141 RHO*e       = 2.542835325e+51
TIME= 0.009254530141 RHO*K       = 7.66767446e+48
TIME= 0.009254530141 RHO*E       = 2.696741671e+51
TIME= 0.009254530141 RHO*PHI     = 0
TIME= 0.009254530141 TOTAL ENERGY= 2.696741671e+51
TIME= 0.009254530141 CENTER OF MASS X-LOC = -259416.8329
TIME= 0.009254530141 CENTER OF MASS X-VEL = -1216.651571
TIME= 0.009254530141 CENTER OF MASS Y-LOC = -260595.1586
TIME= 0.009254530141 CENTER OF MASS Y-VEL = 1130.571939
TIME= 0.009254530141 CENTER OF MASS Z-LOC = -261643.4778
TIME= 0.009254530141 CENTER OF MASS Z-VEL = 1576.55253
TIME= 0.009254530141 MAXIMUM TEMPERATURE  = 0
TIME= 0.009254530141 MAXIMUM DENSITY      = 968060711.2

STEP = 33 TIME = 0.009254530141 DT = 0.0008791753685


[STEP 33] Coarse TimeStep time: 2.657429199
[STEP 33] FAB kilobyte spread across MPI nodes: [105462 ... 105462]

...estimated hydro-limited timestep at level 0: 0.004532602902
...hydro-limited CFL timestep constrained at (i,j,k) = (32,38,24)
Castro::estTimeStep (hydro-limited) at level 0:  estdt = 0.004532602902

Castro::compute_new_dt : limiting dt at level 0
 ... new dt computed: 0.004532602902
 ... but limiting to: 0.0009670929053 = 1.1 * 0.0008791753685
[Level 0 step 34] ADVANCE at time 0.009254530141 with dt = 0.0009670929053

[1m[32m  Beginning subcycle 1 starting at time 0.009254530141 with dt = 0.0009670929053[0m
  Estimated number of subcycles remaining: 1

... mhd ...!!! 

Castro::construct_old_gravity() time = 0.037457924 on level 0

Castro::do_old_sources() time = 0.032033976 on level 0

[1m[32m  Subcycle completed[0m

  Subcycling complete

  Zones advanced per microsecond at this level: 0.1011069216

[Level 0 step 34] Advanced 262144 cells
Castro::construct_new_gravity() time = 0.029240307 on level 0

Castro::do_new_sources() time = 0.059690488 on level 0


TIME= 0.01022162305 MASS        = 2.767245514e+33
TIME= 0.01022162305 XMOM        = -4.580209962e+36
TIME= 0.01022162305 YMOM        = 3.14612269e+36
TIME= 0.01022162305 ZMOM        = 4.639742014e+36
TIME= 0.01022162305 ANG MOM X   = -3.192518068e+46
TIME= 0.01022162305 ANG MOM Y   = -3.04355075e+45
TIME= 0.01022162305 ANG MOM Z   = 3.112806082e+46
TIME= 0.01022162305 RHO*e       = 2.546631538e+51
TIME= 0.01022162305 RHO*K       = 8.270114005e+48
TIME= 0.01022162305 RHO*E       = 2.696497024e+51
TIME= 0.01022162305 RHO*PHI     = 0
TIME= 0.01022162305 TOTAL ENERGY= 2.696497024e+51
TIME= 0.01022162305 CENTER OF MASS X-LOC = -259326.7849
TIME= 0.01022162305 CENTER OF MASS X-VEL = -1655.151283
TIME= 0.01022162305 CENTER OF MASS Y-LOC = -260488.6862
TIME= 0.01022162305 CENTER OF MASS Y-VEL = 1136.914912
TIME= 0.01022162305 CENTER OF MASS Z-LOC = -261700.5999
TIME= 0.01022162305 CENTER OF MASS Z-VEL = 1676.664391
TIME= 0.01022162305 MAXIMUM TEMPERATURE  = 0
TIME= 0.01022162305 MAXIMUM DENSITY      = 966954853.5

STEP = 34 TIME = 0.01022162305 DT = 0.0009670929053


[STEP 34] Coarse TimeStep time: 2.63572182
[STEP 34] FAB kilobyte spread across MPI nodes: [105462 ... 105462]

...estimated hydro-limited timestep at level 0: 0.004588512514
...hydro-limited CFL timestep constrained at (i,j,k) = (32,38,24)
Castro::estTimeStep (hydro-limited) at level 0:  estdt = 0.004588512514

Castro::compute_new_dt : limiting dt at level 0
 ... new dt computed: 0.004588512514
 ... but limiting to: 0.001063802196 = 1.1 * 0.0009670929053
[Level 0 step 35] ADVANCE at time 0.01022162305 with dt = 0.001063802196

[1m[32m  Beginning subcycle 1 starting at time 0.01022162305 with dt = 0.001063802196[0m
  Estimated number of subcycles remaining: 1

... mhd ...!!! 

Castro::construct_old_gravity() time = 0.039078572 on level 0

Castro::do_old_sources() time = 0.110069858 on level 0

[1m[32m  Subcycle completed[0m

  Subcycling complete

  Zones advanced per microsecond at this level: 0.09626345669

[Level 0 step 35] Advanced 262144 cells
Castro::construct_new_gravity() time = 0.021702854 on level 0

Castro::do_new_sources() time = 0.045857309 on level 0


TIME= 0.01128542524 MASS        = 2.76724795e+33
TIME= 0.01128542524 XMOM        = -6.057396964e+36
TIME= 0.01128542524 YMOM        = 3.082802787e+36
TIME= 0.01128542524 ZMOM        = 4.900875155e+36
TIME= 0.01128542524 ANG MOM X   = -3.354218548e+46
TIME= 0.01128542524 ANG MOM Y   = -3.594668654e+45
TIME= 0.01128542524 ANG MOM Z   = 3.353135188e+46
TIME= 0.01128542524 RHO*e       = 2.550537067e+51
TIME= 0.01128542524 RHO*K       = 8.835207701e+48
TIME= 0.01128542524 RHO*E       = 2.696206153e+51
TIME= 0.01128542524 RHO*PHI     = 0
TIME= 0.01128542524 TOTAL ENERGY= 2.696206153e+51
TIME= 0.01128542524 CENTER OF MASS X-LOC = -259237.1971
TIME= 0.01128542524 CENTER OF MASS X-VEL = -2188.960684
TIME= 0.01128542524 CENTER OF MASS Y-LOC = -260365.7792
TIME= 0.01128542524 CENTER OF MASS Y-VEL = 1114.032007
TIME= 0.01128542524 CENTER OF MASS Z-LOC = -261759.5479
TIME= 0.01128542524 CENTER OF MASS Z-VEL = 1771.028561
TIME= 0.01128542524 MAXIMUM TEMPERATURE  = 0
TIME= 0.01128542524 MAXIMUM DENSITY      = 966120131.1

STEP = 35 TIME = 0.01128542524 DT = 0.001063802196


[STEP 35] Coarse TimeStep time: 2.76297914
[STEP 35] FAB kilobyte spread across MPI nodes: [105462 ... 105462]

...estimated hydro-limited timestep at level 0: 0.004649161809
...hydro-limited CFL timestep constrained at (i,j,k) = (32,38,24)
Castro::estTimeStep (hydro-limited) at level 0:  estdt = 0.004649161809

Castro::compute_new_dt : limiting dt at level 0
 ... new dt computed: 0.004649161809
 ... but limiting to: 0.001170182415 = 1.1 * 0.001063802196
[Level 0 step 36] ADVANCE at time 0.01128542524 with dt = 0.001170182415

[1m[32m  Beginning subcycle 1 starting at time 0.01128542524 with dt = 0.001170182415[0m
  Estimated number of subcycles remaining: 1

... mhd ...!!! 

Castro::construct_old_gravity() time = 0.022468033 on level 0

Castro::do_old_sources() time = 0.040059678 on level 0

[1m[32m  Subcycle completed[0m

  Subcycling complete

  Zones advanced per microsecond at this level: 0.1153092181

[Level 0 step 36] Advanced 262144 cells
Castro::construct_new_gravity() time = 0.021556253 on level 0

Castro::do_new_sources() time = 0.049509393 on level 0


TIME= 0.01245560766 MASS        = 2.767250879e+33
TIME= 0.01245560766 XMOM        = -7.838962533e+36
TIME= 0.01245560766 YMOM        = 2.911001478e+36
TIME= 0.01245560766 ZMOM        = 5.131784089e+36
TIME= 0.01245560766 ANG MOM X   = -3.512477988e+46
TIME= 0.01245560766 ANG MOM Y   = -4.261268591e+45
TIME= 0.01245560766 ANG MOM Z   = 3.597680442e+46
TIME= 0.01245560766 RHO*e       = 2.554546992e+51
TIME= 0.01245560766 RHO*K       = 9.346162031e+48
TIME= 0.01245560766 RHO*E       = 2.695862266e+51
TIME= 0.01245560766 RHO*PHI     = 0
TIME= 0.01245560766 TOTAL ENERGY= 2.695862266e+51
TIME= 0.01245560766 CENTER OF MASS X-LOC = -259144.8568
TIME= 0.01245560766 CENTER OF MASS X-VEL = -2832.761782
TIME= 0.01245560766 CENTER OF MASS Y-LOC = -260225.7358
TIME= 0.01245560766 CENTER OF MASS Y-VEL = 1051.947079
TIME= 0.01245560766 CENTER OF MASS Z-LOC = -261827.8345
TIME= 0.01245560766 CENTER OF MASS Z-VEL = 1854.470127
TIME= 0.01245560766 MAXIMUM TEMPERATURE  = 0
TIME= 0.01245560766 MAXIMUM DENSITY      = 965594890.4

STEP = 36 TIME = 0.01245560766 DT = 0.001170182415


[STEP 36] Coarse TimeStep time: 2.309942749
[STEP 36] FAB kilobyte spread across MPI nodes: [105462 ... 105462]

...estimated hydro-limited timestep at level 0: 0.004726859448
...hydro-limited CFL timestep constrained at (i,j,k) = (32,38,24)
Castro::estTimeStep (hydro-limited) at level 0:  estdt = 0.004726859448

Castro::compute_new_dt : limiting dt at level 0
 ... new dt computed: 0.004726859448
 ... but limiting to: 0.001287200657 = 1.1 * 0.001170182415
[Level 0 step 37] ADVANCE at time 0.01245560766 with dt = 0.001287200657

[1m[32m  Beginning subcycle 1 starting at time 0.01245560766 with dt = 0.001287200657[0m
  Estimated number of subcycles remaining: 1

... mhd ...!!! 

Castro::construct_old_gravity() time = 0.056713478 on level 0

Castro::do_old_sources() time = 0.072168157 on level 0

[1m[32m  Subcycle completed[0m

  Subcycling complete

  Zones advanced per microsecond at this level: 0.09208599636

[Level 0 step 37] Advanced 262144 cells
Castro::construct_new_gravity() time = 0.02771196 on level 0

Castro::do_new_sources() time = 0.061789782 on level 0


TIME= 0.01374280831 MASS        = 2.767254398e+33
TIME= 0.01374280831 XMOM        = -9.968914001e+36
TIME= 0.01374280831 YMOM        = 2.596332306e+36
TIME= 0.01374280831 ZMOM        = 5.312548663e+36
TIME= 0.01374280831 ANG MOM X   = -3.666887132e+46
TIME= 0.01374280831 ANG MOM Y   = -5.048177726e+45
TIME= 0.01374280831 ANG MOM Z   = 3.845914612e+46
TIME= 0.01374280831 RHO*e       = 2.558640149e+51
TIME= 0.01374280831 RHO*K       = 9.787370739e+48
TIME= 0.01374280831 RHO*E       = 2.695460932e+51
TIME= 0.01374280831 RHO*PHI     = 0
TIME= 0.01374280831 TOTAL ENERGY= 2.695460932e+51
TIME= 0.01374280831 CENTER OF MASS X-LOC = -259041.7131
TIME= 0.01374280831 CENTER OF MASS X-VEL = -3602.456648
TIME= 0.01374280831 CENTER OF MASS Y-LOC = -260076.5437
TIME= 0.01374280831 CENTER OF MASS Y-VEL = 938.2340519
TIME= 0.01374280831 CENTER OF MASS Z-LOC = -261902.28
TIME= 0.01374280831 CENTER OF MASS Z-VEL = 1919.790485
TIME= 0.01374280831 MAXIMUM TEMPERATURE  = 0
TIME= 0.01374280831 MAXIMUM DENSITY      = 965498391.3

STEP = 37 TIME = 0.01374280831 DT = 0.001287200657


[STEP 37] Coarse TimeStep time: 2.887704352
[STEP 37] FAB kilobyte spread across MPI nodes: [105462 ... 105462]

...estimated hydro-limited timestep at level 0: 0.004825506094
...hydro-limited CFL timestep constrained at (i,j,k) = (32,38,24)
Castro::estTimeStep (hydro-limited) at level 0:  estdt = 0.004825506094

Castro::compute_new_dt : limiting dt at level 0
 ... new dt computed: 0.004825506094
 ... but limiting to: 0.001415920723 = 1.1 * 0.001287200657
[Level 0 step 38] ADVANCE at time 0.01374280831 with dt = 0.001415920723

[1m[32m  Beginning subcycle 1 starting at time 0.01374280831 with dt = 0.001415920723[0m
  Estimated number of subcycles remaining: 1

... mhd ...!!! 

Castro::construct_old_gravity() time = 0.030694974 on level 0

Castro::do_old_sources() time = 0.073151891 on level 0

[1m[32m  Subcycle completed[0m

  Subcycling complete

  Zones advanced per microsecond at this level: 0.1047732105

[Level 0 step 38] Advanced 262144 cells
Castro::construct_new_gravity() time = 0.032222473 on level 0

Castro::do_new_sources() time = 0.046753606 on level 0


TIME= 0.01515872904 MASS        = 2.767258618e+33
TIME= 0.01515872904 XMOM        = -1.248821366e+37
TIME= 0.01515872904 YMOM        = 2.096807751e+36
TIME= 0.01515872904 ZMOM        = 5.413362602e+36
TIME= 0.01515872904 ANG MOM X   = -3.817803451e+46
TIME= 0.01515872904 ANG MOM Y   = -5.972011188e+45
TIME= 0.01515872904 ANG MOM Z   = 4.096958121e+46
TIME= 0.01515872904 RHO*e       = 2.562801535e+51
TIME= 0.01515872904 RHO*K       = 1.014459792e+49
TIME= 0.01515872904 RHO*E       = 2.694995755e+51
TIME= 0.01515872904 RHO*PHI     = 0
TIME= 0.01515872904 TOTAL ENERGY= 2.694995755e+51
TIME= 0.01515872904 CENTER OF MASS X-LOC = -258952.0391
TIME= 0.01515872904 CENTER OF MASS X-VEL = -4512.846606
TIME= 0.01515872904 CENTER OF MASS Y-LOC = -259913.9563
TIME= 0.01515872904 CENTER OF MASS Y-VEL = 757.7201991
TIME= 0.01515872904 CENTER OF MASS Z-LOC = -261986.1706
TIME= 0.01515872904 CENTER OF MASS Z-VEL = 1956.218536
TIME= 0.01515872904 MAXIMUM TEMPERATURE  = 0
TIME= 0.01515872904 MAXIMUM DENSITY      = 965875642.4

STEP = 38 TIME = 0.01515872904 DT = 0.001415920723


[STEP 38] Coarse TimeStep time: 2.529410581
[STEP 38] FAB kilobyte spread across MPI nodes: [105462 ... 105462]

...estimated hydro-limited timestep at level 0: 0.004887751847
...hydro-limited CFL timestep constrained at (i,j,k) = (38,30,40)
Castro::estTimeStep (hydro-limited) at level 0:  estdt = 0.004887751847

Castro::compute_new_dt : limiting dt at level 0
 ... new dt computed: 0.004887751847
 ... but limiting to: 0.001557512795 = 1.1 * 0.001415920723
[Level 0 step 39] ADVANCE at time 0.01515872904 with dt = 0.001557512795

[1m[32m  Beginning subcycle 1 starting at time 0.01515872904 with dt = 0.001557512795[0m
  Estimated number of subcycles remaining: 1

... mhd ...!!! 

Castro::construct_old_gravity() time = 0.021399162 on level 0

Castro::do_old_sources() time = 0.043459857 on level 0

[1m[32m  Subcycle completed[0m

  Subcycling complete

  Zones advanced per microsecond at this level: 0.1115729961

[Level 0 step 39] Advanced 262144 cells
Castro::construct_new_gravity() time = 0.023511762 on level 0

Castro::do_new_sources() time = 0.051399681 on level 0


TIME= 0.01671624183 MASS        = 2.767263672e+33
TIME= 0.01671624183 XMOM        = -1.543074852e+37
TIME= 0.01671624183 YMOM        = 1.360280076e+36
TIME= 0.01671624183 ZMOM        = 5.388093695e+36
TIME= 0.01671624183 ANG MOM X   = -3.961296544e+46
TIME= 0.01671624183 ANG MOM Y   = -7.064175443e+45
TIME= 0.01671624183 ANG MOM Z   = 4.346271893e+46
TIME= 0.01671624183 RHO*e       = 2.567013675e+51
TIME= 0.01671624183 RHO*K       = 1.040548071e+49
TIME= 0.01671624183 RHO*E       = 2.694464044e+51
TIME= 0.01671624183 RHO*PHI     = 0
TIME= 0.01671624183 TOTAL ENERGY= 2.694464044e+51
TIME= 0.01671624183 CENTER OF MASS X-LOC = -258880.6804
TIME= 0.01671624183 CENTER OF MASS X-VEL = -5576.175729
TIME= 0.01671624183 CENTER OF MASS Y-LOC = -259730.3396
TIME= 0.01671624183 CENTER OF MASS Y-VEL = 491.5614256
TIME= 0.01671624183 CENTER OF MASS Z-LOC = -262066.3026
TIME= 0.01671624183 CENTER OF MASS Z-VEL = 1947.083594
TIME= 0.01671624183 MAXIMUM TEMPERATURE  = 0
TIME= 0.01671624183 MAXIMUM DENSITY      = 966725669.4

STEP = 39 TIME = 0.01671624183 DT = 0.001557512795


[STEP 39] Coarse TimeStep time: 2.382740751
[STEP 39] FAB kilobyte spread across MPI nodes: [105462 ... 105462]

...estimated hydro-limited timestep at level 0: 0.004945921276
...hydro-limited CFL timestep constrained at (i,j,k) = (38,30,40)
Castro::estTimeStep (hydro-limited) at level 0:  estdt = 0.004945921276

Castro::compute_new_dt : limiting dt at level 0
 ... new dt computed: 0.004945921276
 ... but limiting to: 0.001713264074 = 1.1 * 0.001557512795
[Level 0 step 40] ADVANCE at time 0.01671624183 with dt = 0.001713264074

[1m[32m  Beginning subcycle 1 starting at time 0.01671624183 with dt = 0.001713264074[0m
  Estimated number of subcycles remaining: 1

... mhd ...!!! 

Castro::construct_old_gravity() time = 0.031247102 on level 0

Castro::do_old_sources() time = 0.043225415 on level 0

[1m[32m  Subcycle completed[0m

  Subcycling complete

  Zones advanced per microsecond at this level: 0.1270259199

[Level 0 step 40] Advanced 262144 cells
Castro::construct_new_gravity() time = 0.022631921 on level 0

Castro::do_new_sources() time = 0.053846036 on level 0


TIME= 0.01842950591 MASS        = 2.767269717e+33
TIME= 0.01842950591 XMOM        = -1.882832258e+37
TIME= 0.01842950591 YMOM        = 3.225266658e+35
TIME= 0.01842950591 ZMOM        = 5.168879948e+36
TIME= 0.01842950591 ANG MOM X   = -4.097205215e+46
TIME= 0.01842950591 ANG MOM Y   = -8.290520077e+45
TIME= 0.01842950591 ANG MOM Z   = 4.590383692e+46
TIME= 0.01842950591 RHO*e       = 2.5712542e+51
TIME= 0.01842950591 RHO*K       = 1.056075056e+49
TIME= 0.01842950591 RHO*E       = 2.693863709e+51
TIME= 0.01842950591 RHO*PHI     = 0
TIME= 0.01842950591 TOTAL ENERGY= 2.693863709e+51
TIME= 0.01842950591 CENTER OF MASS X-LOC = -258799.4128
TIME= 0.01842950591 CENTER OF MASS X-VEL = -6803.934745
TIME= 0.01842950591 CENTER OF MASS Y-LOC = -259499.2767
TIME= 0.01842950591 CENTER OF MASS Y-VEL = 116.5504988
TIME= 0.01842950591 CENTER OF MASS Z-LOC = -262126.5375
TIME= 0.01842950591 CENTER OF MASS Z-VEL = 1867.862723
TIME= 0.01842950591 MAXIMUM TEMPERATURE  = 0
TIME= 0.01842950591 MAXIMUM DENSITY      = 968084373.2

STEP = 40 TIME = 0.01842950591 DT = 0.001713264074


[STEP 40] Coarse TimeStep time: 2.095225432
[STEP 40] FAB kilobyte spread across MPI nodes: [105462 ... 105462]

PLOTFILE: file = plt_seed42ext00040
Write plotfile time = 0.041956435  seconds

...estimated hydro-limited timestep at level 0: 0.005025949646
...hydro-limited CFL timestep constrained at (i,j,k) = (38,30,40)
Castro::estTimeStep (hydro-limited) at level 0:  estdt = 0.005025949646

Castro::compute_new_dt : limiting dt at level 0
 ... new dt computed: 0.005025949646
 ... but limiting to: 0.001884590482 = 1.1 * 0.001713264074
[Level 0 step 41] ADVANCE at time 0.01842950591 with dt = 0.001884590482

[1m[32m  Beginning subcycle 1 starting at time 0.01842950591 with dt = 0.001884590482[0m
  Estimated number of subcycles remaining: 1

... mhd ...!!! 

Castro::construct_old_gravity() time = 0.029242902 on level 0

Castro::do_old_sources() time = 0.048059028 on level 0

[1m[32m  Subcycle completed[0m

  Subcycling complete

  Zones advanced per microsecond at this level: 0.1453426583

[Level 0 step 41] Advanced 262144 cells
Castro::construct_new_gravity() time = 0.02185262 on level 0

Castro::do_new_sources() time = 0.05295072 on level 0


TIME= 0.02031409639 MASS        = 2.767276936e+33
TIME= 0.02031409639 XMOM        = -2.271278187e+37
TIME= 0.02031409639 YMOM        = -1.098005755e+36
TIME= 0.02031409639 ZMOM        = 4.663288201e+36
TIME= 0.02031409639 ANG MOM X   = -4.225745591e+46
TIME= 0.02031409639 ANG MOM Y   = -9.625242128e+45
TIME= 0.02031409639 ANG MOM Z   = 4.820879452e+46
TIME= 0.02031409639 RHO*e       = 2.575499358e+51
TIME= 0.02031409639 RHO*K       = 1.060658369e+49
TIME= 0.02031409639 RHO*E       = 2.69319505e+51
TIME= 0.02031409639 RHO*PHI     = 0
TIME= 0.02031409639 TOTAL ENERGY= 2.69319505e+51
TIME= 0.02031409639 CENTER OF MASS X-LOC = -258720.0508
TIME= 0.02031409639 CENTER OF MASS X-VEL = -8207.628797
TIME= 0.02031409639 CENTER OF MASS Y-LOC = -259210.6888
TIME= 0.02031409639 CENTER OF MASS Y-VEL = -396.7820281
TIME= 0.02031409639 CENTER OF MASS Z-LOC = -262145.5948
TIME= 0.02031409639 CENTER OF MASS Z-VEL = 1685.154146
TIME= 0.02031409639 MAXIMUM TEMPERATURE  = 0
TIME= 0.02031409639 MAXIMUM DENSITY      = 969868090.5

STEP = 41 TIME = 0.02031409639 DT = 0.001884590482


[STEP 41] Coarse TimeStep time: 1.828755178
[STEP 41] FAB kilobyte spread across MPI nodes: [105462 ... 105462]

...estimated hydro-limited timestep at level 0: 0.00513282664
...hydro-limited CFL timestep constrained at (i,j,k) = (38,30,40)
Castro::estTimeStep (hydro-limited) at level 0:  estdt = 0.00513282664

Castro::compute_new_dt : limiting dt at level 0
 ... new dt computed: 0.00513282664
 ... but limiting to: 0.00207304953 = 1.1 * 0.001884590482
[Level 0 step 42] ADVANCE at time 0.02031409639 with dt = 0.00207304953

[1m[32m  Beginning subcycle 1 starting at time 0.02031409639 with dt = 0.00207304953[0m
  Estimated number of subcycles remaining: 1

... mhd ...!!! 

Castro::construct_old_gravity() time = 0.023336774 on level 0

Castro::do_old_sources() time = 0.042785068 on level 0

[1m[32m  Subcycle completed[0m

  Subcycling complete

  Zones advanced per microsecond at this level: 0.1000018086

[Level 0 step 42] Advanced 262144 cells
Castro::construct_new_gravity() time = 0.025333863 on level 0

Castro::do_new_sources() time = 0.059938686 on level 0


TIME= 0.02238714592 MASS        = 2.767285542e+33
TIME= 0.02238714592 XMOM        = -2.71080416e+37
TIME= 0.02238714592 YMOM        = -3.000862441e+36
TIME= 0.02238714592 ZMOM        = 3.75431739e+36
TIME= 0.02238714592 ANG MOM X   = -4.346160882e+46
TIME= 0.02238714592 ANG MOM Y   = -1.105777688e+46
TIME= 0.02238714592 ANG MOM Z   = 5.031551594e+46
TIME= 0.02238714592 RHO*e       = 2.579724601e+51
TIME= 0.02238714592 RHO*K       = 1.054453453e+49
TIME= 0.02238714592 RHO*E       = 2.692459961e+51
TIME= 0.02238714592 RHO*PHI     = 0
TIME= 0.02238714592 TOTAL ENERGY= 2.692459961e+51
TIME= 0.02238714592 CENTER OF MASS X-LOC = -258669.8812
TIME= 0.02238714592 CENTER OF MASS X-VEL = -9795.896082
TIME= 0.02238714592 CENTER OF MASS Y-LOC = -258878.6506
TIME= 0.02238714592 CENTER OF MASS Y-VEL = -1084.406504
TIME= 0.02238714592 CENTER OF MASS Z-LOC = -262151.5009
TIME= 0.02238714592 CENTER OF MASS Z-VEL = 1356.678714
TIME= 0.02238714592 MAXIMUM TEMPERATURE  = 0
TIME= 0.02238714592 MAXIMUM DENSITY      = 971970250.5

STEP = 42 TIME = 0.02238714592 DT = 0.00207304953


[STEP 42] Coarse TimeStep time: 2.654316204
[STEP 42] FAB kilobyte spread across MPI nodes: [105462 ... 105462]

...estimated hydro-limited timestep at level 0: 0.005255076298
...hydro-limited CFL timestep constrained at (i,j,k) = (38,30,40)
Castro::estTimeStep (hydro-limited) at level 0:  estdt = 0.005255076298

Castro::compute_new_dt : limiting dt at level 0
 ... new dt computed: 0.005255076298
 ... but limiting to: 0.002280354483 = 1.1 * 0.00207304953
[Level 0 step 43] ADVANCE at time 0.02238714592 with dt = 0.002280354483

[1m[32m  Beginning subcycle 1 starting at time 0.02238714592 with dt = 0.002280354483[0m
  Estimated number of subcycles remaining: 1

... mhd ...!!! 

Castro::construct_old_gravity() time = 0.040635326 on level 0

Castro::do_old_sources() time = 0.040763662 on level 0

[1m[32m  Subcycle completed[0m

  Subcycling complete

  Zones advanced per microsecond at this level: 0.1124547067

[Level 0 step 43] Advanced 262144 cells
Castro::construct_new_gravity() time = 0.018252842 on level 0

Castro::do_new_sources() time = 0.039617429 on level 0


TIME= 0.0246675004 MASS        = 2.767295785e+33
TIME= 0.0246675004 XMOM        = -3.202872406e+37
TIME= 0.0246675004 YMOM        = -5.489772917e+36
TIME= 0.0246675004 ZMOM        = 2.296314907e+36
TIME= 0.0246675004 ANG MOM X   = -4.453537465e+46
TIME= 0.0246675004 ANG MOM Y   = -1.261360729e+46
TIME= 0.0246675004 ANG MOM Z   = 5.227304737e+46
TIME= 0.0246675004 RHO*e       = 2.583891871e+51
TIME= 0.0246675004 RHO*K       = 1.03828014e+49
TIME= 0.0246675004 RHO*E       = 2.691657611e+51
TIME= 0.0246675004 RHO*PHI     = 0
TIME= 0.0246675004 TOTAL ENERGY= 2.691657611e+51
TIME= 0.0246675004 CENTER OF MASS X-LOC = -258655.4927
TIME= 0.0246675004 CENTER OF MASS X-VEL = -11574.01541
TIME= 0.0246675004 CENTER OF MASS Y-LOC = -258561.3803
TIME= 0.0246675004 CENTER OF MASS Y-VEL = -1983.80417
TIME= 0.0246675004 CENTER OF MASS Z-LOC = -262133.1081
TIME= 0.0246675004 CENTER OF MASS Z-VEL = 829.804649
TIME= 0.0246675004 MAXIMUM TEMPERATURE  = 0
TIME= 0.0246675004 MAXIMUM DENSITY      = 974264923.7

STEP = 43 TIME = 0.0246675004 DT = 0.002280354483


[STEP 43] Coarse TimeStep time: 2.355533547
[STEP 43] FAB kilobyte spread across MPI nodes: [105462 ... 105462]

...estimated hydro-limited timestep at level 0: 0.005388753536
...hydro-limited CFL timestep constrained at (i,j,k) = (38,30,40)
Castro::estTimeStep (hydro-limited) at level 0:  estdt = 0.005388753536

Castro::compute_new_dt : limiting dt at level 0
 ... new dt computed: 0.005388753536
 ... but limiting to: 0.002508389931 = 1.1 * 0.002280354483
[Level 0 step 44] ADVANCE at time 0.0246675004 with dt = 0.002508389931

[1m[32m  Beginning subcycle 1 starting at time 0.0246675004 with dt = 0.002508389931[0m
  Estimated number of subcycles remaining: 1

... mhd ...!!! 

Castro::construct_old_gravity() time = 0.015887527 on level 0

Castro::do_old_sources() time = 0.036598212 on level 0

[1m[32m  Subcycle completed[0m

  Subcycling complete

  Zones advanced per microsecond at this level: 0.09181467899

[Level 0 step 44] Advanced 262144 cells
Castro::construct_new_gravity() time = 0.018652591 on level 0

Castro::do_new_sources() time = 0.042655692 on level 0


TIME= 0.02717589033 MASS        = 2.767307953e+33
TIME= 0.02717589033 XMOM        = -3.74856514e+37
TIME= 0.02717589033 YMOM        = -8.654331684e+36
TIME= 0.02717589033 ZMOM        = 1.106179263e+35
TIME= 0.02717589033 ANG MOM X   = -4.546365218e+46
TIME= 0.02717589033 ANG MOM Y   = -1.431904815e+46
TIME= 0.02717589033 ANG MOM Z   = 5.405159981e+46
TIME= 0.02717589033 RHO*e       = 2.587977815e+51
TIME= 0.02717589033 RHO*K       = 1.013370392e+49
TIME= 0.02717589033 RHO*E       = 2.690791367e+51
TIME= 0.02717589033 RHO*PHI     = 0
TIME= 0.02717589033 TOTAL ENERGY= 2.690791367e+51
TIME= 0.02717589033 CENTER OF MASS X-LOC = -258700.3975
TIME= 0.02717589033 CENTER OF MASS X-VEL = -13545.89082
TIME= 0.02717589033 CENTER OF MASS Y-LOC = -258354.4649
TIME= 0.02717589033 CENTER OF MASS Y-VEL = -3127.346805
TIME= 0.02717589033 CENTER OF MASS Z-LOC = -262118.979
TIME= 0.02717589033 CENTER OF MASS Z-VEL = 39.97311761
TIME= 0.02717589033 MAXIMUM TEMPERATURE  = 0
TIME= 0.02717589033 MAXIMUM DENSITY      = 976598873.2

STEP = 44 TIME = 0.02717589033 DT = 0.002508389931


[STEP 44] Coarse TimeStep time: 2.882192023
[STEP 44] FAB kilobyte spread across MPI nodes: [105462 ... 105462]

...estimated hydro-limited timestep at level 0: 0.005546237895
...hydro-limited CFL timestep constrained at (i,j,k) = (38,30,40)
Castro::estTimeStep (hydro-limited) at level 0:  estdt = 0.005546237895

Castro::compute_new_dt : limiting dt at level 0
 ... new dt computed: 0.005546237895
 ... but limiting to: 0.002759228925 = 1.1 * 0.002508389931
[Level 0 step 45] ADVANCE at time 0.02717589033 with dt = 0.002759228925

[1m[32m  Beginning subcycle 1 starting at time 0.02717589033 with dt = 0.002759228925[0m
  Estimated number of subcycles remaining: 1

... mhd ...!!! 

Castro::construct_old_gravity() time = 0.022788583 on level 0

Castro::do_old_sources() time = 0.057353997 on level 0

[1m[32m  Subcycle completed[0m

  Subcycling complete

  Zones advanced per microsecond at this level: 0.09104787442

[Level 0 step 45] Advanced 262144 cells
Castro::construct_new_gravity() time = 0.018579629 on level 0

Castro::do_new_sources() time = 0.073988948 on level 0


TIME= 0.02993511926 MASS        = 2.767322379e+33
TIME= 0.02993511926 XMOM        = -4.348129248e+37
TIME= 0.02993511926 YMOM        = -1.255306306e+37
TIME= 0.02993511926 ZMOM        = -3.020956787e+36
TIME= 0.02993511926 ANG MOM X   = -4.62176086e+46
TIME= 0.02993511926 ANG MOM Y   = -1.61962362e+46
TIME= 0.02993511926 ANG MOM Z   = 5.551593542e+46
TIME= 0.02993511926 RHO*e       = 2.591945352e+51
TIME= 0.02993511926 RHO*K       = 9.811614611e+48
TIME= 0.02993511926 RHO*E       = 2.689864577e+51
TIME= 0.02993511926 RHO*PHI     = 0
TIME= 0.02993511926 TOTAL ENERGY= 2.689864577e+51
TIME= 0.02993511926 CENTER OF MASS X-LOC = -258785.7434
TIME= 0.02993511926 CENTER OF MASS X-VEL = -15712.4059
TIME= 0.02993511926 CENTER OF MASS Y-LOC = -258351.2794
TIME= 0.02993511926 CENTER OF MASS Y-VEL = -4536.176615
TIME= 0.02993511926 CENTER OF MASS Z-LOC = -262112.0064
TIME= 0.02993511926 CENTER OF MASS Z-VEL = -1091.653365
TIME= 0.02993511926 MAXIMUM TEMPERATURE  = 0
TIME= 0.02993511926 MAXIMUM DENSITY      = 978805820.2

STEP = 45 TIME = 0.02993511926 DT = 0.002759228925


[STEP 45] Coarse TimeStep time: 2.913511254
[STEP 45] FAB kilobyte spread across MPI nodes: [105462 ... 105462]

...estimated hydro-limited timestep at level 0: 0.005725743346
...hydro-limited CFL timestep constrained at (i,j,k) = (38,30,40)
Castro::estTimeStep (hydro-limited) at level 0:  estdt = 0.005725743346

Castro::compute_new_dt : limiting dt at level 0
 ... new dt computed: 0.005725743346
 ... but limiting to: 0.003035151817 = 1.1 * 0.002759228925
[Level 0 step 46] ADVANCE at time 0.02993511926 with dt = 0.003035151817

[1m[32m  Beginning subcycle 1 starting at time 0.02993511926 with dt = 0.003035151817[0m
  Estimated number of subcycles remaining: 1

... mhd ...!!! 

Castro::construct_old_gravity() time = 0.036681005 on level 0

Castro::do_old_sources() time = 0.044933372 on level 0

[1m[32m  Subcycle completed[0m

  Subcycling complete

  Zones advanced per microsecond at this level: 0.08917464599

[Level 0 step 46] Advanced 262144 cells
Castro::construct_new_gravity() time = 0.01854223 on level 0

Castro::do_new_sources() time = 0.047167272 on level 0


TIME= 0.03297027107 MASS        = 2.767339448e+33
TIME= 0.03297027107 XMOM        = -5.00212842e+37
TIME= 0.03297027107 YMOM        = -1.721638179e+37
TIME= 0.03297027107 ZMOM        = -7.345759655e+36
TIME= 0.03297027107 ANG MOM X   = -4.677352315e+46
TIME= 0.03297027107 ANG MOM Y   = -1.813707558e+46
TIME= 0.03297027107 ANG MOM Z   = 5.661381289e+46
TIME= 0.03297027107 RHO*e       = 2.595769689e+51
TIME= 0.03297027107 RHO*K       = 9.43445653e+48
TIME= 0.03297027107 RHO*E       = 2.688879257e+51
TIME= 0.03297027107 RHO*PHI     = 0
TIME= 0.03297027107 TOTAL ENERGY= 2.688879257e+51
TIME= 0.03297027107 CENTER OF MASS X-LOC = -258897.107
TIME= 0.03297027107 CENTER OF MASS X-VEL = -18075.58673
TIME= 0.03297027107 CENTER OF MASS Y-LOC = -258526.3128
TIME= 0.03297027107 CENTER OF MASS Y-VEL = -6221.275747
TIME= 0.03297027107 CENTER OF MASS Z-LOC = -262157.5015
TIME= 0.03297027107 CENTER OF MASS Z-VEL = -2654.448359
TIME= 0.03297027107 MAXIMUM TEMPERATURE  = 0
TIME= 0.03297027107 MAXIMUM DENSITY      = 980792115.4

STEP = 46 TIME = 0.03297027107 DT = 0.003035151817


[STEP 46] Coarse TimeStep time: 2.971995142
[STEP 46] FAB kilobyte spread across MPI nodes: [105462 ... 105462]

...estimated hydro-limited timestep at level 0: 0.00592828464
...hydro-limited CFL timestep constrained at (i,j,k) = (38,30,40)
Castro::estTimeStep (hydro-limited) at level 0:  estdt = 0.00592828464

Castro::compute_new_dt : limiting dt at level 0
 ... new dt computed: 0.00592828464
 ... but limiting to: 0.003338666999 = 1.1 * 0.003035151817
[Level 0 step 47] ADVANCE at time 0.03297027107 with dt = 0.003338666999

[1m[32m  Beginning subcycle 1 starting at time 0.03297027107 with dt = 0.003338666999[0m
  Estimated number of subcycles remaining: 1

... mhd ...!!! 

Castro::construct_old_gravity() time = 0.035431602 on level 0

Castro::do_old_sources() time = 0.046152895 on level 0

[1m[32m  Subcycle completed[0m

  Subcycling complete

  Zones advanced per microsecond at this level: 0.100152344

[Level 0 step 47] Advanced 262144 cells
Castro::construct_new_gravity() time = 0.024807112 on level 0

Castro::do_new_sources() time = 0.059779408 on level 0


TIME= 0.03630893807 MASS        = 2.767359597e+33
TIME= 0.03630893807 XMOM        = -5.712311144e+37
TIME= 0.03630893807 YMOM        = -2.266526859e+37
TIME= 0.03630893807 ZMOM        = -1.3145089e+37
TIME= 0.03630893807 ANG MOM X   = -4.710955391e+46
TIME= 0.03630893807 ANG MOM Y   = -2.000948521e+46
TIME= 0.03630893807 ANG MOM Z   = 5.732719192e+46
TIME= 0.03630893807 RHO*e       = 2.599421938e+51
TIME= 0.03630893807 RHO*K       = 9.016982556e+48
TIME= 0.03630893807 RHO*E       = 2.687844079e+51
TIME= 0.03630893807 RHO*PHI     = 0
TIME= 0.03630893807 TOTAL ENERGY= 2.687844079e+51
TIME= 0.03630893807 CENTER OF MASS X-LOC = -259001.5994
TIME= 0.03630893807 CENTER OF MASS X-VEL = -20641.73789
TIME= 0.03630893807 CENTER OF MASS Y-LOC = -258819.6818
TIME= 0.03630893807 CENTER OF MASS Y-VEL = -8190.214462
TIME= 0.03630893807 CENTER OF MASS Z-LOC = -262264.8525
TIME= 0.03630893807 CENTER OF MASS Z-VEL = -4750.047307
TIME= 0.03630893807 MAXIMUM TEMPERATURE  = 0
TIME= 0.03630893807 MAXIMUM DENSITY      = 982446126.3

STEP = 47 TIME = 0.03630893807 DT = 0.003338666999


[STEP 47] Coarse TimeStep time: 2.647182052
[STEP 47] FAB kilobyte spread across MPI nodes: [105462 ... 105462]

...estimated hydro-limited timestep at level 0: 0.006154305279
...hydro-limited CFL timestep constrained at (i,j,k) = (38,30,40)
Castro::estTimeStep (hydro-limited) at level 0:  estdt = 0.006154305279

Castro::compute_new_dt : limiting dt at level 0
 ... new dt computed: 0.006154305279
 ... but limiting to: 0.003672533699 = 1.1 * 0.003338666999
[Level 0 step 48] ADVANCE at time 0.03630893807 with dt = 0.003672533699

[1m[32m  Beginning subcycle 1 starting at time 0.03630893807 with dt = 0.003672533699[0m
  Estimated number of subcycles remaining: 1

... mhd ...!!! 

Castro::construct_old_gravity() time = 0.022789729 on level 0

Castro::do_old_sources() time = 0.042439313 on level 0

[1m[32m  Subcycle completed[0m

  Subcycling complete

  Zones advanced per microsecond at this level: 0.09390647035

[Level 0 step 48] Advanced 262144 cells
Castro::construct_new_gravity() time = 0.031543046 on level 0

Castro::do_new_sources() time = 0.061229132 on level 0


TIME= 0.03998147177 MASS        = 2.767383325e+33
TIME= 0.03998147177 XMOM        = -6.481714031e+37
TIME= 0.03998147177 YMOM        = -2.894146436e+37
TIME= 0.03998147177 ZMOM        = -2.076568565e+37
TIME= 0.03998147177 ANG MOM X   = -4.721469037e+46
TIME= 0.03998147177 ANG MOM Y   = -2.172028797e+46
TIME= 0.03998147177 ANG MOM Z   = 5.756758734e+46
TIME= 0.03998147177 RHO*e       = 2.602893584e+51
TIME= 0.03998147177 RHO*K       = 8.570792602e+48
TIME= 0.03998147177 RHO*E       = 2.686766018e+51
TIME= 0.03998147177 RHO*PHI     = 0
TIME= 0.03998147177 TOTAL ENERGY= 2.686766018e+51
TIME= 0.03998147177 CENTER OF MASS X-LOC = -259042.9474
TIME= 0.03998147177 CENTER OF MASS X-VEL = -23421.81501
TIME= 0.03998147177 CENTER OF MASS Y-LOC = -259237.9297
TIME= 0.03998147177 CENTER OF MASS Y-VEL = -10458.06126
TIME= 0.03998147177 CENTER OF MASS Z-LOC = -262470.6861
TIME= 0.03998147177 CENTER OF MASS Z-VEL = -7503.725798
TIME= 0.03998147177 MAXIMUM TEMPERATURE  = 0
TIME= 0.03998147177 MAXIMUM DENSITY      = 983651492.4

STEP = 48 TIME = 0.03998147177 DT = 0.003672533699


[STEP 48] Coarse TimeStep time: 2.818975687
[STEP 48] FAB kilobyte spread across MPI nodes: [105462 ... 105462]

...estimated hydro-limited timestep at level 0: 0.006417843183
...hydro-limited CFL timestep constrained at (i,j,k) = (38,30,40)
Castro::estTimeStep (hydro-limited) at level 0:  estdt = 0.006417843183

Castro::compute_new_dt : limiting dt at level 0
 ... new dt computed: 0.006417843183
 ... but limiting to: 0.004039787069 = 1.1 * 0.003672533699
[Level 0 step 49] ADVANCE at time 0.03998147177 with dt = 0.004039787069

[1m[32m  Beginning subcycle 1 starting at time 0.03998147177 with dt = 0.004039787069[0m
  Estimated number of subcycles remaining: 1

... mhd ...!!! 

Castro::construct_old_gravity() time = 0.024481775 on level 0

Castro::do_old_sources() time = 0.041139869 on level 0

[1m[32m  Subcycle completed[0m

  Subcycling complete

  Zones advanced per microsecond at this level: 0.103064184

[Level 0 step 49] Advanced 262144 cells
Castro::construct_new_gravity() time = 0.017082606 on level 0

Castro::do_new_sources() time = 0.040443019 on level 0


TIME= 0.04402125884 MASS        = 2.767411199e+33
TIME= 0.04402125884 XMOM        = -7.313897523e+37
TIME= 0.04402125884 YMOM        = -3.613978369e+37
TIME= 0.04402125884 ZMOM        = -3.06111685e+37
TIME= 0.04402125884 ANG MOM X   = -4.703525762e+46
TIME= 0.04402125884 ANG MOM Y   = -2.316936201e+46
TIME= 0.04402125884 ANG MOM Z   = 5.726509292e+46
TIME= 0.04402125884 RHO*e       = 2.606175227e+51
TIME= 0.04402125884 RHO*K       = 8.100781889e+48
TIME= 0.04402125884 RHO*E       = 2.685655832e+51
TIME= 0.04402125884 RHO*PHI     = 0
TIME= 0.04402125884 TOTAL ENERGY= 2.685655832e+51
TIME= 0.04402125884 CENTER OF MASS X-LOC = -259009.9494
TIME= 0.04402125884 CENTER OF MASS X-VEL = -26428.66201
TIME= 0.04402125884 CENTER OF MASS Y-LOC = -259775.9216
TIME= 0.04402125884 CENTER OF MASS Y-VEL = -13059.05812
TIME= 0.04402125884 CENTER OF MASS Z-LOC = -262796.1597
TIME= 0.04402125884 CENTER OF MASS Z-VEL = -11061.30109
TIME= 0.04402125884 MAXIMUM TEMPERATURE  = 0
TIME= 0.04402125884 MAXIMUM DENSITY      = 984522525.7

STEP = 49 TIME = 0.04402125884 DT = 0.004039787069


[STEP 49] Coarse TimeStep time: 2.568976209
[STEP 49] FAB kilobyte spread across MPI nodes: [105462 ... 105462]

...estimated hydro-limited timestep at level 0: 0.006749523671
...hydro-limited CFL timestep constrained at (i,j,k) = (38,30,40)
Castro::estTimeStep (hydro-limited) at level 0:  estdt = 0.006749523671

Castro::compute_new_dt : limiting dt at level 0
 ... new dt computed: 0.006749523671
 ... but limiting to: 0.004443765775 = 1.1 * 0.004039787069
[Level 0 step 50] ADVANCE at time 0.04402125884 with dt = 0.004443765775

[1m[32m  Beginning subcycle 1 starting at time 0.04402125884 with dt = 0.004443765775[0m
  Estimated number of subcycles remaining: 1

... mhd ...!!! 

Castro::construct_old_gravity() time = 0.022998551 on level 0

Castro::do_old_sources() time = 0.035799393 on level 0

[1m[32m  Subcycle completed[0m

  Subcycling complete

  Zones advanced per microsecond at this level: 0.1036948476

[Level 0 step 50] Advanced 262144 cells
Castro::construct_new_gravity() time = 0.018012242 on level 0

Castro::do_new_sources() time = 0.043861419 on level 0


TIME= 0.04846502462 MASS        = 2.767443854e+33
TIME= 0.04846502462 XMOM        = -8.204490341e+37
TIME= 0.04846502462 YMOM        = -4.443548222e+37
TIME= 0.04846502462 ZMOM        = -4.311630301e+37
TIME= 0.04846502462 ANG MOM X   = -4.667622071e+46
TIME= 0.04846502462 ANG MOM Y   = -2.427633538e+46
TIME= 0.04846502462 ANG MOM Z   = 5.646189573e+46
TIME= 0.04846502462 RHO*e       = 2.609271009e+51
TIME= 0.04846502462 RHO*K       = 7.610901073e+48
TIME= 0.04846502462 RHO*E       = 2.684520132e+51
TIME= 0.04846502462 RHO*PHI     = 0
TIME= 0.04846502462 TOTAL ENERGY= 2.684520132e+51
TIME= 0.04846502462 CENTER OF MASS X-LOC = -258996.2777
TIME= 0.04846502462 CENTER OF MASS X-VEL = -29646.45635
TIME= 0.04846502462 CENTER OF MASS Y-LOC = -260307.3068
TIME= 0.04846502462 CENTER OF MASS Y-VEL = -16056.50722
TIME= 0.04846502462 CENTER OF MASS Z-LOC = -263204.2819
TIME= 0.04846502462 CENTER OF MASS Z-VEL = -15579.82936
TIME= 0.04846502462 MAXIMUM TEMPERATURE  = 0
TIME= 0.04846502462 MAXIMUM DENSITY      = 985381950.2

STEP = 50 TIME = 0.04846502462 DT = 0.004443765775


[STEP 50] Coarse TimeStep time: 2.555037806
[STEP 50] FAB kilobyte spread across MPI nodes: [105462 ... 105462]

PLOTFILE: file = plt_seed42ext00050
Write plotfile time = 0.035433261  seconds

...estimated hydro-limited timestep at level 0: 0.007149354431
...hydro-limited CFL timestep constrained at (i,j,k) = (38,30,40)
Castro::estTimeStep (hydro-limited) at level 0:  estdt = 0.007149354431

Castro::compute_new_dt : limiting dt at level 0
 ... new dt computed: 0.007149354431
 ... but limiting to: 0.004888142353 = 1.1 * 0.004443765775
[Level 0 step 51] ADVANCE at time 0.04846502462 with dt = 0.004888142353

[1m[32m  Beginning subcycle 1 starting at time 0.04846502462 with dt = 0.004888142353[0m
  Estimated number of subcycles remaining: 1

... mhd ...!!! 

Castro::construct_old_gravity() time = 0.021383248 on level 0

Castro::do_old_sources() time = 0.037472988 on level 0

[1m[32m  Subcycle completed[0m

  Subcycling complete

  Zones advanced per microsecond at this level: 0.09786502642

[Level 0 step 51] Advanced 262144 cells
Castro::construct_new_gravity() time = 0.026535972 on level 0

Castro::do_new_sources() time = 0.057210353 on level 0


TIME= 0.05335316697 MASS        = 2.767482e+33
TIME= 0.05335316697 XMOM        = -9.135866699e+37
TIME= 0.05335316697 YMOM        = -5.405573535e+37
TIME= 0.05335316697 ZMOM        = -5.868659754e+37
TIME= 0.05335316697 ANG MOM X   = -4.623814004e+46
TIME= 0.05335316697 ANG MOM Y   = -2.50417462e+46
TIME= 0.05335316697 ANG MOM Z   = 5.520165854e+46
TIME= 0.05335316697 RHO*e       = 2.612190834e+51
TIME= 0.05335316697 RHO*K       = 7.103748253e+48
TIME= 0.05335316697 RHO*E       = 2.683371012e+51
TIME= 0.05335316697 RHO*PHI     = 0
TIME= 0.05335316697 TOTAL ENERGY= 2.683371012e+51
TIME= 0.05335316697 CENTER OF MASS X-LOC = -259089.6167
TIME= 0.05335316697 CENTER OF MASS X-VEL = -33011.47649
TIME= 0.05335316697 CENTER OF MASS Y-LOC = -260835.9975
TIME= 0.05335316697 CENTER OF MASS Y-VEL = -19532.4614
TIME= 0.05335316697 CENTER OF MASS Z-LOC = -263751.6609
TIME= 0.05335316697 CENTER OF MASS Z-VEL = -21205.77389
TIME= 0.05335316697 MAXIMUM TEMPERATURE  = 0
TIME= 0.05335316697 MAXIMUM DENSITY      = 986152876.1

STEP = 51 TIME = 0.05335316697 DT = 0.004888142353


[STEP 51] Coarse TimeStep time: 2.755039688
[STEP 51] FAB kilobyte spread across MPI nodes: [105462 ... 105462]

...estimated hydro-limited timestep at level 0: 0.0076162441
...hydro-limited CFL timestep constrained at (i,j,k) = (38,30,40)
Castro::estTimeStep (hydro-limited) at level 0:  estdt = 0.0076162441

Castro::compute_new_dt : limiting dt at level 0
 ... new dt computed: 0.0076162441
 ... but limiting to: 0.005376956588 = 1.1 * 0.004888142353
[Level 0 step 52] ADVANCE at time 0.05335316697 with dt = 0.005376956588

[1m[32m  Beginning subcycle 1 starting at time 0.05335316697 with dt = 0.005376956588[0m
  Estimated number of subcycles remaining: 1

... mhd ...!!! 

Castro::construct_old_gravity() time = 0.039089406 on level 0

Castro::do_old_sources() time = 0.048745267 on level 0

[1m[32m  Subcycle completed[0m

  Subcycling complete

  Zones advanced per microsecond at this level: 0.08832923329

[Level 0 step 52] Advanced 262144 cells
Castro::construct_new_gravity() time = 0.020397601 on level 0

Castro::do_new_sources() time = 0.048640912 on level 0


TIME= 0.05873012356 MASS        = 2.767526428e+33
TIME= 0.05873012356 XMOM        = -1.007698073e+38
TIME= 0.05873012356 YMOM        = -6.524666752e+37
TIME= 0.05873012356 ZMOM        = -7.765126347e+37
TIME= 0.05873012356 ANG MOM X   = -4.577806806e+46
TIME= 0.05873012356 ANG MOM Y   = -2.55060129e+46
TIME= 0.05873012356 ANG MOM Z   = 5.36182674e+46
TIME= 0.05873012356 RHO*e       = 2.614957641e+51
TIME= 0.05873012356 RHO*K       = 6.582048232e+48
TIME= 0.05873012356 RHO*E       = 2.682230898e+51
TIME= 0.05873012356 RHO*PHI     = 0
TIME= 0.05873012356 TOTAL ENERGY= 2.682230898e+51
TIME= 0.05873012356 CENTER OF MASS X-LOC = -259260.3663
TIME= 0.05873012356 CENTER OF MASS X-VEL = -36411.50676
TIME= 0.05873012356 CENTER OF MASS Y-LOC = -261411.5397
TIME= 0.05873012356 CENTER OF MASS Y-VEL = -23575.80649
TIME= 0.05873012356 CENTER OF MASS Z-LOC = -264490.5993
TIME= 0.05873012356 CENTER OF MASS Z-VEL = -28058.00251
TIME= 0.05873012356 MAXIMUM TEMPERATURE  = 0
TIME= 0.05873012356 MAXIMUM DENSITY      = 986813551.7

STEP = 52 TIME = 0.05873012356 DT = 0.005376956588


[STEP 52] Coarse TimeStep time: 3.026792192
[STEP 52] FAB kilobyte spread across MPI nodes: [105462 ... 105462]

...estimated hydro-limited timestep at level 0: 0.007888092057
...hydro-limited CFL timestep constrained at (i,j,k) = (29,25,25)
Castro::estTimeStep (hydro-limited) at level 0:  estdt = 0.007888092057

Castro::compute_new_dt : limiting dt at level 0
 ... new dt computed: 0.007888092057
 ... but limiting to: 0.005914652247 = 1.1 * 0.005376956588
[Level 0 step 53] ADVANCE at time 0.05873012356 with dt = 0.005914652247

[1m[32m  Beginning subcycle 1 starting at time 0.05873012356 with dt = 0.005914652247[0m
  Estimated number of subcycles remaining: 1

... mhd ...!!! 

Castro::construct_old_gravity() time = 0.032522171 on level 0

Castro::do_old_sources() time = 0.040341334 on level 0

[1m[32m  Subcycle completed[0m

  Subcycling complete

  Zones advanced per microsecond at this level: 0.1025693598

[Level 0 step 53] Advanced 262144 cells
Castro::construct_new_gravity() time = 0.016811182 on level 0

Castro::do_new_sources() time = 0.04018527 on level 0


TIME= 0.0646447758 MASS        = 2.767578008e+33
TIME= 0.0646447758 XMOM        = -1.097398562e+38
TIME= 0.0646447758 YMOM        = -7.827612725e+37
TIME= 0.0646447758 ZMOM        = -1.002481761e+38
TIME= 0.0646447758 ANG MOM X   = -4.534311564e+46
TIME= 0.0646447758 ANG MOM Y   = -2.578326272e+46
TIME= 0.0646447758 ANG MOM Z   = 5.164187081e+46
TIME= 0.0646447758 RHO*e       = 2.617585457e+51
TIME= 0.0646447758 RHO*K       = 6.049315383e+48
TIME= 0.0646447758 RHO*E       = 2.681114376e+51
TIME= 0.0646447758 RHO*PHI     = 0
TIME= 0.0646447758 TOTAL ENERGY= 2.681114376e+51
TIME= 0.0646447758 CENTER OF MASS X-LOC = -259446.5288
TIME= 0.0646447758 CENTER OF MASS X-VEL = -39651.9469
TIME= 0.0646447758 CENTER OF MASS Y-LOC = -262047.8371
TIME= 0.0646447758 CENTER OF MASS Y-VEL = -28283.25959
TIME= 0.0646447758 CENTER OF MASS Z-LOC = -265402.2259
TIME= 0.0646447758 CENTER OF MASS Z-VEL = -36222.34887
TIME= 0.0646447758 MAXIMUM TEMPERATURE  = 0
TIME= 0.0646447758 MAXIMUM DENSITY      = 987204587.8

STEP = 53 TIME = 0.0646447758 DT = 0.005914652247


[STEP 53] Coarse TimeStep time: 2.58425767
[STEP 53] FAB kilobyte spread across MPI nodes: [105462 ... 105462]

...estimated hydro-limited timestep at level 0: 0.008182698072
...hydro-limited CFL timestep constrained at (i,j,k) = (36,30,42)
Castro::estTimeStep (hydro-limited) at level 0:  estdt = 0.008182698072

Castro::compute_new_dt : limiting dt at level 0
 ... new dt computed: 0.008182698072
 ... but limiting to: 0.006506117472 = 1.1 * 0.005914652247
[Level 0 step 54] ADVANCE at time 0.0646447758 with dt = 0.006506117472

[1m[32m  Beginning subcycle 1 starting at time 0.0646447758 with dt = 0.006506117472[0m
  Estimated number of subcycles remaining: 1

... mhd ...!!! 

Castro::construct_old_gravity() time = 0.021262562 on level 0

Castro::do_old_sources() time = 0.038207427 on level 0

[1m[32m  Subcycle completed[0m

  Subcycling complete

  Zones advanced per microsecond at this level: 0.1009581689

[Level 0 step 54] Advanced 262144 cells
Castro::construct_new_gravity() time = 0.017630302 on level 0

Castro::do_new_sources() time = 0.041834882 on level 0


TIME= 0.07115089328 MASS        = 2.767637693e+33
TIME= 0.07115089328 XMOM        = -1.174560989e+38
TIME= 0.07115089328 YMOM        = -9.337624117e+37
TIME= 0.07115089328 ZMOM        = -1.266472054e+38
TIME= 0.07115089328 ANG MOM X   = -4.482749662e+46
TIME= 0.07115089328 ANG MOM Y   = -2.595587191e+46
TIME= 0.07115089328 ANG MOM Z   = 4.93144223e+46
TIME= 0.07115089328 RHO*e       = 2.620083835e+51
TIME= 0.07115089328 RHO*K       = 5.51189044e+48
TIME= 0.07115089328 RHO*E       = 2.680030242e+51
TIME= 0.07115089328 RHO*PHI     = 0
TIME= 0.07115089328 TOTAL ENERGY= 2.680030242e+51
TIME= 0.07115089328 CENTER OF MASS X-LOC = -259551.6679
TIME= 0.07115089328 CENTER OF MASS X-VEL = -42439.11666
TIME= 0.07115089328 CENTER OF MASS Y-LOC = -262894.377
TIME= 0.07115089328 CENTER OF MASS Y-VEL = -33738.60726
TIME= 0.07115089328 CENTER OF MASS Z-LOC = -266461.1561
TIME= 0.07115089328 CENTER OF MASS Z-VEL = -45760.03779
TIME= 0.07115089328 MAXIMUM TEMPERATURE  = 0
TIME= 0.07115089328 MAXIMUM DENSITY      = 987040024.5

STEP = 54 TIME = 0.07115089328 DT = 0.006506117472


[STEP 54] Coarse TimeStep time: 2.622652618
[STEP 54] FAB kilobyte spread across MPI nodes: [105462 ... 105462]

...estimated hydro-limited timestep at level 0: 0.008456715645
...hydro-limited CFL timestep constrained at (i,j,k) = (36,30,42)
Castro::estTimeStep (hydro-limited) at level 0:  estdt = 0.008456715645

Castro::compute_new_dt : limiting dt at level 0
 ... new dt computed: 0.008456715645
 ... but limiting to: 0.007156729219 = 1.1 * 0.006506117472
[Level 0 step 55] ADVANCE at time 0.07115089328 with dt = 0.007156729219

[1m[32m  Beginning subcycle 1 starting at time 0.07115089328 with dt = 0.007156729219[0m
  Estimated number of subcycles remaining: 1

... mhd ...!!! 

Castro::construct_old_gravity() time = 0.020948344 on level 0

Castro::do_old_sources() time = 0.033884234 on level 0

[1m[32m  Subcycle completed[0m

  Subcycling complete

  Zones advanced per microsecond at this level: 0.1000287046

[Level 0 step 55] Advanced 262144 cells
Castro::construct_new_gravity() time = 0.0244494 on level 0

Castro::do_new_sources() time = 0.048580275 on level 0


TIME= 0.07830762249 MASS        = 2.76770652e+33
TIME= 0.07830762249 XMOM        = -1.226570016e+38
TIME= 0.07830762249 YMOM        = -1.107674647e+38
TIME= 0.07830762249 ZMOM        = -1.570428568e+38
TIME= 0.07830762249 ANG MOM X   = -4.405964979e+46
TIME= 0.07830762249 ANG MOM Y   = -2.600893443e+46
TIME= 0.07830762249 ANG MOM Z   = 4.658525082e+46
TIME= 0.07830762249 RHO*e       = 2.622468125e+51
TIME= 0.07830762249 RHO*K       = 4.980166327e+48
TIME= 0.07830762249 RHO*E       = 2.678996629e+51
TIME= 0.07830762249 RHO*PHI     = 0
TIME= 0.07830762249 TOTAL ENERGY= 2.678996629e+51
TIME= 0.07830762249 CENTER OF MASS X-LOC = -259665.0662
TIME= 0.07830762249 CENTER OF MASS X-VEL = -44317.19936
TIME= 0.07830762249 CENTER OF MASS Y-LOC = -263967.8554
TIME= 0.07830762249 CENTER OF MASS Y-VEL = -40021.39096
TIME= 0.07830762249 CENTER OF MASS Z-LOC = -267611.6463
TIME= 0.07830762249 CENTER OF MASS Z-VEL = -56741.15217
TIME= 0.07830762249 MAXIMUM TEMPERATURE  = 0
TIME= 0.07830762249 MAXIMUM DENSITY      = 985974560.4

STEP = 55 TIME = 0.07830762249 DT = 0.007156729219


[STEP 55] Coarse TimeStep time: 2.650721566
[STEP 55] FAB kilobyte spread across MPI nodes: [105462 ... 105462]

...estimated hydro-limited timestep at level 0: 0.008787744245
...hydro-limited CFL timestep constrained at (i,j,k) = (36,30,42)
Castro::estTimeStep (hydro-limited) at level 0:  estdt = 0.008787744245

Castro::compute_new_dt : limiting dt at level 0
 ... new dt computed: 0.008787744245
 ... but limiting to: 0.007872402141 = 1.1 * 0.007156729219
[Level 0 step 56] ADVANCE at time 0.07830762249 with dt = 0.007872402141

[1m[32m  Beginning subcycle 1 starting at time 0.07830762249 with dt = 0.007872402141[0m
  Estimated number of subcycles remaining: 1

... mhd ...!!! 

Castro::construct_old_gravity() time = 0.027273791 on level 0

Castro::do_old_sources() time = 0.037832061 on level 0

[1m[32m  Subcycle completed[0m

  Subcycling complete

  Zones advanced per microsecond at this level: 0.1013925356

[Level 0 step 56] Advanced 262144 cells
Castro::construct_new_gravity() time = 0.017648057 on level 0

Castro::do_new_sources() time = 0.041791627 on level 0


TIME= 0.08618002464 MASS        = 2.767785605e+33
TIME= 0.08618002464 XMOM        = -1.234145303e+38
TIME= 0.08618002464 YMOM        = -1.307480597e+38
TIME= 0.08618002464 ZMOM        = -1.917176086e+38
TIME= 0.08618002464 ANG MOM X   = -4.285931683e+46
TIME= 0.08618002464 ANG MOM Y   = -2.589247169e+46
TIME= 0.08618002464 ANG MOM Z   = 4.347117671e+46
TIME= 0.08618002464 RHO*e       = 2.624772853e+51
TIME= 0.08618002464 RHO*K       = 4.462429405e+48
TIME= 0.08618002464 RHO*E       = 2.67805142e+51
TIME= 0.08618002464 RHO*PHI     = 0
TIME= 0.08618002464 TOTAL ENERGY= 2.67805142e+51
TIME= 0.08618002464 CENTER OF MASS X-LOC = -260014.3606
TIME= 0.08618002464 CENTER OF MASS X-VEL = -44589.62793
TIME= 0.08618002464 CENTER OF MASS Y-LOC = -265292.6029
TIME= 0.08618002464 CENTER OF MASS Y-VEL = -47239.22961
TIME= 0.08618002464 CENTER OF MASS Z-LOC = -268813.7773
TIME= 0.08618002464 CENTER OF MASS Z-VEL = -69267.50694
TIME= 0.08618002464 MAXIMUM TEMPERATURE  = 0
TIME= 0.08618002464 MAXIMUM DENSITY      = 984006609.5

STEP = 56 TIME = 0.08618002464 DT = 0.007872402141


[STEP 56] Coarse TimeStep time: 2.611494348
[STEP 56] FAB kilobyte spread across MPI nodes: [105462 ... 105462]

...estimated hydro-limited timestep at level 0: 0.009142670758
...hydro-limited CFL timestep constrained at (i,j,k) = (36,30,42)
Castro::estTimeStep (hydro-limited) at level 0:  estdt = 0.009142670758

Castro::compute_new_dt : limiting dt at level 0
 ... new dt computed: 0.009142670758
 ... but limiting to: 0.008659642355 = 1.1 * 0.007872402141
[Level 0 step 57] ADVANCE at time 0.08618002464 with dt = 0.008659642355

[1m[32m  Beginning subcycle 1 starting at time 0.08618002464 with dt = 0.008659642355[0m
  Estimated number of subcycles remaining: 1

... mhd ...!!! 

Castro::construct_old_gravity() time = 0.021324567 on level 0

Castro::do_old_sources() time = 0.031636586 on level 0

[1m[32m  Subcycle completed[0m

  Subcycling complete

  Zones advanced per microsecond at this level: 0.1345241751

[Level 0 step 57] Advanced 262144 cells
Castro::construct_new_gravity() time = 0.02462133 on level 0

Castro::do_new_sources() time = 0.044750786 on level 0


TIME= 0.09483966699 MASS        = 2.767876147e+33
TIME= 0.09483966699 XMOM        = -1.173111714e+38
TIME= 0.09483966699 YMOM        = -1.538267286e+38
TIME= 0.09483966699 ZMOM        = -2.310441126e+38
TIME= 0.09483966699 ANG MOM X   = -4.115604052e+46
TIME= 0.09483966699 ANG MOM Y   = -2.566130703e+46
TIME= 0.09483966699 ANG MOM Z   = 4.007288194e+46
TIME= 0.09483966699 RHO*e       = 2.627010056e+51
TIME= 0.09483966699 RHO*K       = 3.964282574e+48
TIME= 0.09483966699 RHO*E       = 2.677209959e+51
TIME= 0.09483966699 RHO*PHI     = 0
TIME= 0.09483966699 TOTAL ENERGY= 2.677209959e+51
TIME= 0.09483966699 CENTER OF MASS X-LOC = -260534.767
TIME= 0.09483966699 CENTER OF MASS X-VEL = -42383.09994
TIME= 0.09483966699 CENTER OF MASS Y-LOC = -266791.0498
TIME= 0.09483966699 CENTER OF MASS Y-VEL = -55575.72683
TIME= 0.09483966699 CENTER OF MASS Z-LOC = -270075.8815
TIME= 0.09483966699 CENTER OF MASS Z-VEL = -83473.42886
TIME= 0.09483966699 MAXIMUM TEMPERATURE  = 0
TIME= 0.09483966699 MAXIMUM DENSITY      = 980759538.1

STEP = 57 TIME = 0.09483966699 DT = 0.008659642355


[STEP 57] Coarse TimeStep time: 1.974866679
[STEP 57] FAB kilobyte spread across MPI nodes: [105462 ... 105462]

...estimated hydro-limited timestep at level 0: 0.009266170488
...hydro-limited CFL timestep constrained at (i,j,k) = (31,31,31)
Castro::estTimeStep (hydro-limited) at level 0:  estdt = 0.009266170488

[Level 0 step 58] ADVANCE at time 0.09483966699 with dt = 0.009266170488

[1m[32m  Beginning subcycle 1 starting at time 0.09483966699 with dt = 0.009266170488[0m
  Estimated number of subcycles remaining: 1

... mhd ...!!! 

Castro::construct_old_gravity() time = 0.023088399 on level 0

Castro::do_old_sources() time = 0.031410171 on level 0

[1m[32m  Subcycle completed[0m

  Subcycling complete

  Zones advanced per microsecond at this level: 0.09604657391

[Level 0 step 58] Advanced 262144 cells
Castro::construct_new_gravity() time = 0.018388725 on level 0

Castro::do_new_sources() time = 0.047051717 on level 0


TIME= 0.1041058375 MASS        = 2.767976557e+33
TIME= 0.1041058375 XMOM        = -1.022600063e+38
TIME= 0.1041058375 YMOM        = -1.798128786e+38
TIME= 0.1041058375 ZMOM        = -2.740002512e+38
TIME= 0.1041058375 ANG MOM X   = -3.932332538e+46
TIME= 0.1041058375 ANG MOM Y   = -2.533574414e+46
TIME= 0.1041058375 ANG MOM Z   = 3.652847576e+46
TIME= 0.1041058375 RHO*e       = 2.629093036e+51
TIME= 0.1041058375 RHO*K       = 3.505596106e+48
TIME= 0.1041058375 RHO*E       = 2.67646062e+51
TIME= 0.1041058375 RHO*PHI     = 0
TIME= 0.1041058375 TOTAL ENERGY= 2.67646062e+51
TIME= 0.1041058375 CENTER OF MASS X-LOC = -261170.5244
TIME= 0.1041058375 CENTER OF MASS X-VEL = -36943.95677
TIME= 0.1041058375 CENTER OF MASS Y-LOC = -268660.7623
TIME= 0.1041058375 CENTER OF MASS Y-VEL = -64961.85027
TIME= 0.1041058375 CENTER OF MASS Z-LOC = -271479.4548
TIME= 0.1041058375 CENTER OF MASS Z-VEL = -98989.36843
TIME= 0.1041058375 MAXIMUM TEMPERATURE  = 0
TIME= 0.1041058375 MAXIMUM DENSITY      = 975392792.6

STEP = 58 TIME = 0.1041058375 DT = 0.009266170488


[STEP 58] Coarse TimeStep time: 2.755380717
[STEP 58] FAB kilobyte spread across MPI nodes: [105462 ... 105462]

...estimated hydro-limited timestep at level 0: 0.009294785969
...hydro-limited CFL timestep constrained at (i,j,k) = (31,31,31)
Castro::estTimeStep (hydro-limited) at level 0:  estdt = 0.009294785969

[Level 0 step 59] ADVANCE at time 0.1041058375 with dt = 0.009294785969

[1m[32m  Beginning subcycle 1 starting at time 0.1041058375 with dt = 0.009294785969[0m
  Estimated number of subcycles remaining: 1

... mhd ...!!! 

Castro::construct_old_gravity() time = 0.023771345 on level 0

Castro::do_old_sources() time = 0.036668141 on level 0

[1m[32m  Subcycle completed[0m

  Subcycling complete

  Zones advanced per microsecond at this level: 0.1022766848

[Level 0 step 59] Advanced 262144 cells
Castro::construct_new_gravity() time = 0.023866227 on level 0

Castro::do_new_sources() time = 0.05040749 on level 0


TIME= 0.1134006234 MASS        = 2.768080384e+33
TIME= 0.1134006234 XMOM        = -7.860939974e+37
TIME= 0.1134006234 YMOM        = -2.067282963e+38
TIME= 0.1134006234 ZMOM        = -3.173516051e+38
TIME= 0.1134006234 ANG MOM X   = -3.736839512e+46
TIME= 0.1134006234 ANG MOM Y   = -2.492157904e+46
TIME= 0.1134006234 ANG MOM Z   = 3.308941761e+46
TIME= 0.1134006234 RHO*e       = 2.630841111e+51
TIME= 0.1134006234 RHO*K       = 3.117924257e+48
TIME= 0.1134006234 RHO*E       = 2.675749493e+51
TIME= 0.1134006234 RHO*PHI     = 0
TIME= 0.1134006234 TOTAL ENERGY= 2.675749493e+51
TIME= 0.1134006234 CENTER OF MASS X-LOC = -261791.2591
TIME= 0.1134006234 CENTER OF MASS X-VEL = -28398.52491
TIME= 0.1134006234 CENTER OF MASS Y-LOC = -270787.9234
TIME= 0.1134006234 CENTER OF MASS Y-VEL = -74682.90935
TIME= 0.1134006234 CENTER OF MASS Z-LOC = -273104.5466
TIME= 0.1134006234 CENTER OF MASS Z-VEL = -114646.817
TIME= 0.1134006234 MAXIMUM TEMPERATURE  = 0
TIME= 0.1134006234 MAXIMUM DENSITY      = 968554234.3

STEP = 59 TIME = 0.1134006234 DT = 0.009294785969


[STEP 59] Coarse TimeStep time: 2.588433452
[STEP 59] FAB kilobyte spread across MPI nodes: [105462 ... 105462]

...estimated hydro-limited timestep at level 0: 0.009323224721
...hydro-limited CFL timestep constrained at (i,j,k) = (31,31,31)
Castro::estTimeStep (hydro-limited) at level 0:  estdt = 0.009323224721

[Level 0 step 60] ADVANCE at time 0.1134006234 with dt = 0.009323224721

[1m[32m  Beginning subcycle 1 starting at time 0.1134006234 with dt = 0.009323224721[0m
  Estimated number of subcycles remaining: 1

... mhd ...!!! 

Castro::construct_old_gravity() time = 0.023690368 on level 0

Castro::do_old_sources() time = 0.0345419 on level 0

[1m[32m  Subcycle completed[0m

  Subcycling complete

  Zones advanced per microsecond at this level: 0.1027429443

[Level 0 step 60] Advanced 262144 cells
Castro::construct_new_gravity() time = 0.018939915 on level 0

Castro::do_new_sources() time = 0.049790451 on level 0


TIME= 0.1227238482 MASS        = 2.768187183e+33
TIME= 0.1227238482 XMOM        = -4.72487347e+37
TIME= 0.1227238482 YMOM        = -2.335612536e+38
TIME= 0.1227238482 ZMOM        = -3.60572122e+38
TIME= 0.1227238482 ANG MOM X   = -3.526875123e+46
TIME= 0.1227238482 ANG MOM Y   = -2.447182188e+46
TIME= 0.1227238482 ANG MOM Z   = 2.989578405e+46
TIME= 0.1227238482 RHO*e       = 2.632404634e+51
TIME= 0.1227238482 RHO*K       = 2.789247779e+48
TIME= 0.1227238482 RHO*E       = 2.675151681e+51
TIME= 0.1227238482 RHO*PHI     = 0
TIME= 0.1227238482 TOTAL ENERGY= 2.675151681e+51
TIME= 0.1227238482 CENTER OF MASS X-LOC = -262347.6698
TIME= 0.1227238482 CENTER OF MASS X-VEL = -17068.47535
TIME= 0.1227238482 CENTER OF MASS Y-LOC = -273039.1631
TIME= 0.1227238482 CENTER OF MASS Y-VEL = -84373.35995
TIME= 0.1227238482 CENTER OF MASS Z-LOC = -274929.454
TIME= 0.1227238482 CENTER OF MASS Z-VEL = -130255.6866
TIME= 0.1227238482 MAXIMUM TEMPERATURE  = 0
TIME= 0.1227238482 MAXIMUM DENSITY      = 961864782.1

STEP = 60 TIME = 0.1227238482 DT = 0.009323224721


[STEP 60] Coarse TimeStep time: 2.587304144
[STEP 60] FAB kilobyte spread across MPI nodes: [105462 ... 105462]

PLOTFILE: file = plt_seed42ext00060
Write plotfile time = 0.053334808  seconds

...estimated hydro-limited timestep at level 0: 0.009348602387
...hydro-limited CFL timestep constrained at (i,j,k) = (31,31,31)
Castro::estTimeStep (hydro-limited) at level 0:  estdt = 0.009348602387

[Level 0 step 61] ADVANCE at time 0.1227238482 with dt = 0.009348602387

[1m[32m  Beginning subcycle 1 starting at time 0.1227238482 with dt = 0.009348602387[0m
  Estimated number of subcycles remaining: 1

... mhd ...!!! 

Castro::construct_old_gravity() time = 0.020384092 on level 0

Castro::do_old_sources() time = 0.031756214 on level 0

[1m[32m  Subcycle completed[0m

  Subcycling complete

  Zones advanced per microsecond at this level: 0.09840456856

[Level 0 step 61] Advanced 262144 cells
Castro::construct_new_gravity() time = 0.027281732 on level 0

Castro::do_new_sources() time = 0.053873424 on level 0


TIME= 0.1320724506 MASS        = 2.76829654e+33
TIME= 0.1320724506 XMOM        = -9.503281512e+36
TIME= 0.1320724506 YMOM        = -2.590810357e+38
TIME= 0.1320724506 ZMOM        = -4.030310998e+38
TIME= 0.1320724506 ANG MOM X   = -3.311648972e+46
TIME= 0.1320724506 ANG MOM Y   = -2.397117379e+46
TIME= 0.1320724506 ANG MOM Z   = 2.704248377e+46
TIME= 0.1320724506 RHO*e       = 2.633794378e+51
TIME= 0.1320724506 RHO*K       = 2.511031842e+48
TIME= 0.1320724506 RHO*E       = 2.67463556e+51
TIME= 0.1320724506 RHO*PHI     = 0
TIME= 0.1320724506 TOTAL ENERGY= 2.67463556e+51
TIME= 0.1320724506 CENTER OF MASS X-LOC = -262804.8051
TIME= 0.1320724506 CENTER OF MASS X-VEL = -3432.89867
TIME= 0.1320724506 CENTER OF MASS Y-LOC = -275294.7777
TIME= 0.1320724506 CENTER OF MASS Y-VEL = -93588.61376
TIME= 0.1320724506 CENTER OF MASS Z-LOC = -276967.2671
TIME= 0.1320724506 CENTER OF MASS Z-VEL = -145588.1239
TIME= 0.1320724506 MAXIMUM TEMPERATURE  = 0
TIME= 0.1320724506 MAXIMUM DENSITY      = 956332968

STEP = 61 TIME = 0.1320724506 DT = 0.009348602387


[STEP 61] Coarse TimeStep time: 2.698850076
[STEP 61] FAB kilobyte spread across MPI nodes: [105462 ... 105462]

...estimated hydro-limited timestep at level 0: 0.009369430075
...hydro-limited CFL timestep constrained at (i,j,k) = (31,31,31)
Castro::estTimeStep (hydro-limited) at level 0:  estdt = 0.009369430075

[Level 0 step 62] ADVANCE at time 0.1320724506 with dt = 0.009369430075

[1m[32m  Beginning subcycle 1 starting at time 0.1320724506 with dt = 0.009369430075[0m
  Estimated number of subcycles remaining: 1

... mhd ...!!! 

Castro::construct_old_gravity() time = 0.026894068 on level 0

Castro::do_old_sources() time = 0.043941238 on level 0

[1m[32m  Subcycle completed[0m

  Subcycling complete

  Zones advanced per microsecond at this level: 0.09752592723

[Level 0 step 62] Advanced 262144 cells
Castro::construct_new_gravity() time = 0.018843314 on level 0

Castro::do_new_sources() time = 0.046740581 on level 0


TIME= 0.1414418806 MASS        = 2.768408077e+33
TIME= 0.1414418806 XMOM        = 3.298175549e+37
TIME= 0.1414418806 YMOM        = -2.820688321e+38
TIME= 0.1414418806 ZMOM        = -4.437581448e+38
TIME= 0.1414418806 ANG MOM X   = -3.101192435e+46
TIME= 0.1414418806 ANG MOM Y   = -2.340375057e+46
TIME= 0.1414418806 ANG MOM Z   = 2.454793744e+46
TIME= 0.1414418806 RHO*e       = 2.635028223e+51
TIME= 0.1414418806 RHO*K       = 2.275166265e+48
TIME= 0.1414418806 RHO*E       = 2.674178995e+51
TIME= 0.1414418806 RHO*PHI     = 0
TIME= 0.1414418806 TOTAL ENERGY= 2.674178995e+51
TIME= 0.1414418806 CENTER OF MASS X-LOC = -263114.3933
TIME= 0.1414418806 CENTER OF MASS X-VEL = 11913.61771
TIME= 0.1414418806 CENTER OF MASS Y-LOC = -277492.9847
TIME= 0.1414418806 CENTER OF MASS Y-VEL = -101888.4587
TIME= 0.1414418806 CENTER OF MASS Z-LOC = -279199.3162
TIME= 0.1414418806 CENTER OF MASS Z-VEL = -160293.6173
TIME= 0.1414418806 MAXIMUM TEMPERATURE  = 0
TIME= 0.1414418806 MAXIMUM DENSITY      = 952265457.2

STEP = 62 TIME = 0.1414418806 DT = 0.009369430075


[STEP 62] Coarse TimeStep time: 2.713989304
[STEP 62] FAB kilobyte spread across MPI nodes: [105462 ... 105462]

...estimated hydro-limited timestep at level 0: 0.009383758083
...hydro-limited CFL timestep constrained at (i,j,k) = (31,31,31)
Castro::estTimeStep (hydro-limited) at level 0:  estdt = 0.009383758083

[Level 0 step 63] ADVANCE at time 0.1414418806 with dt = 0.009383758083

[1m[32m  Beginning subcycle 1 starting at time 0.1414418806 with dt = 0.009383758083[0m
  Estimated number of subcycles remaining: 1

... mhd ...!!! 

Castro::construct_old_gravity() time = 0.027445524 on level 0

Castro::do_old_sources() time = 0.037977126 on level 0

[1m[32m  Subcycle completed[0m

  Subcycling complete

  Zones advanced per microsecond at this level: 0.0979837027

[Level 0 step 63] Advanced 262144 cells
Castro::construct_new_gravity() time = 0.026044345 on level 0

Castro::do_new_sources() time = 0.052841678 on level 0


TIME= 0.1508256387 MASS        = 2.768521437e+33
TIME= 0.1508256387 XMOM        = 7.82339314e+37
TIME= 0.1508256387 YMOM        = -3.013111584e+38
TIME= 0.1508256387 ZMOM        = -4.815382022e+38
TIME= 0.1508256387 ANG MOM X   = -2.902559509e+46
TIME= 0.1508256387 ANG MOM Y   = -2.289137621e+46
TIME= 0.1508256387 ANG MOM Z   = 2.232452237e+46
TIME= 0.1508256387 RHO*e       = 2.636124286e+51
TIME= 0.1508256387 RHO*K       = 2.073686686e+48
TIME= 0.1508256387 RHO*E       = 2.673774759e+51
TIME= 0.1508256387 RHO*PHI     = 0
TIME= 0.1508256387 TOTAL ENERGY= 2.673774759e+51
TIME= 0.1508256387 CENTER OF MASS X-LOC = -263244.7637
TIME= 0.1508256387 CENTER OF MASS X-VEL = 28258.38022
TIME= 0.1508256387 CENTER OF MASS Y-LOC = -279690.1199
TIME= 0.1508256387 CENTER OF MASS Y-VEL = -108834.685
TIME= 0.1508256387 CENTER OF MASS Z-LOC = -281562.7342
TIME= 0.1508256387 CENTER OF MASS Z-VEL = -173933.3479
TIME= 0.1508256387 MAXIMUM TEMPERATURE  = 0
TIME= 0.1508256387 MAXIMUM DENSITY      = 949538174.4

STEP = 63 TIME = 0.1508256387 DT = 0.009383758083


[STEP 63] Coarse TimeStep time: 2.732579777
[STEP 63] FAB kilobyte spread across MPI nodes: [105462 ... 105462]

...estimated hydro-limited timestep at level 0: 0.009392980376
...hydro-limited CFL timestep constrained at (i,j,k) = (31,31,31)
Castro::estTimeStep (hydro-limited) at level 0:  estdt = 0.009392980376

[Level 0 step 64] ADVANCE at time 0.1508256387 with dt = 0.009392980376

[1m[32m  Beginning subcycle 1 starting at time 0.1508256387 with dt = 0.009392980376[0m
  Estimated number of subcycles remaining: 1

... mhd ...!!! 

Castro::construct_old_gravity() time = 0.038205556 on level 0

Castro::do_old_sources() time = 0.04376417 on level 0

[1m[32m  Subcycle completed[0m

  Subcycling complete

  Zones advanced per microsecond at this level: 0.08805774722

[Level 0 step 64] Advanced 262144 cells
Castro::construct_new_gravity() time = 0.017589399 on level 0

Castro::do_new_sources() time = 0.040794063 on level 0


TIME= 0.1602186191 MASS        = 2.768636316e+33
TIME= 0.1602186191 XMOM        = 1.241036126e+38
TIME= 0.1602186191 YMOM        = -3.156598405e+38
TIME= 0.1602186191 ZMOM        = -5.150987621e+38
TIME= 0.1602186191 ANG MOM X   = -2.704537422e+46
TIME= 0.1602186191 ANG MOM Y   = -2.239815841e+46
TIME= 0.1602186191 ANG MOM Z   = 2.02949231e+46
TIME= 0.1602186191 RHO*e       = 2.637106901e+51
TIME= 0.1602186191 RHO*K       = 1.900276294e+48
TIME= 0.1602186191 RHO*E       = 2.673415366e+51
TIME= 0.1602186191 RHO*PHI     = 0
TIME= 0.1602186191 TOTAL ENERGY= 2.673415366e+51
TIME= 0.1602186191 CENTER OF MASS X-LOC = -263206.0407
TIME= 0.1602186191 CENTER OF MASS X-VEL = 44824.81571
TIME= 0.1602186191 CENTER OF MASS Y-LOC = -281866.0517
TIME= 0.1602186191 CENTER OF MASS Y-VEL = -114012.7501
TIME= 0.1602186191 CENTER OF MASS Z-LOC = -284007.7859
TIME= 0.1602186191 CENTER OF MASS Z-VEL = -186047.824
TIME= 0.1602186191 MAXIMUM TEMPERATURE  = 0
TIME= 0.1602186191 MAXIMUM DENSITY      = 947838733.1

STEP = 64 TIME = 0.1602186191 DT = 0.009392980376


[STEP 64] Coarse TimeStep time: 3.01177512
[STEP 64] FAB kilobyte spread across MPI nodes: [105462 ... 105462]

...estimated hydro-limited timestep at level 0: 0.00940179416
...hydro-limited CFL timestep constrained at (i,j,k) = (31,31,31)
Castro::estTimeStep (hydro-limited) at level 0:  estdt = 0.00940179416

[Level 0 step 65] ADVANCE at time 0.1602186191 with dt = 0.00940179416

[1m[32m  Beginning subcycle 1 starting at time 0.1602186191 with dt = 0.00940179416[0m
  Estimated number of subcycles remaining: 1

... mhd ...!!! 

Castro::construct_old_gravity() time = 0.024547811 on level 0

Castro::do_old_sources() time = 0.036947337 on level 0

[1m[32m  Subcycle completed[0m

  Subcycling complete

  Zones advanced per microsecond at this level: 0.1031477366

[Level 0 step 65] Advanced 262144 cells
Castro::construct_new_gravity() time = 0.018116881 on level 0

Castro::do_new_sources() time = 0.042920646 on level 0


TIME= 0.1696204132 MASS        = 2.768752507e+33
TIME= 0.1696204132 XMOM        = 1.684177614e+38
TIME= 0.1696204132 YMOM        = -3.241116562e+38
TIME= 0.1696204132 ZMOM        = -5.432786227e+38
TIME= 0.1696204132 ANG MOM X   = -2.50781496e+46
TIME= 0.1696204132 ANG MOM Y   = -2.199043759e+46
TIME= 0.1696204132 ANG MOM Z   = 1.84071257e+46
TIME= 0.1696204132 RHO*e       = 2.637986518e+51
TIME= 0.1696204132 RHO*K       = 1.749835761e+48
TIME= 0.1696204132 RHO*E       = 2.673091137e+51
TIME= 0.1696204132 RHO*PHI     = 0
TIME= 0.1696204132 TOTAL ENERGY= 2.673091137e+51
TIME= 0.1696204132 CENTER OF MASS X-LOC = -263001.6253
TIME= 0.1696204132 CENTER OF MASS X-VEL = 60828.03031
TIME= 0.1696204132 CENTER OF MASS Y-LOC = -284049.5853
TIME= 0.1696204132 CENTER OF MASS Y-VEL = -117060.5373
TIME= 0.1696204132 CENTER OF MASS Z-LOC = -286469.0158
TIME= 0.1696204132 CENTER OF MASS Z-VEL = -196217.8351
TIME= 0.1696204132 MAXIMUM TEMPERATURE  = 0
TIME= 0.1696204132 MAXIMUM DENSITY      = 946571184.3

STEP = 65 TIME = 0.1696204132 DT = 0.00940179416


[STEP 65] Coarse TimeStep time: 2.568725953
[STEP 65] FAB kilobyte spread across MPI nodes: [105462 ... 105462]

...estimated hydro-limited timestep at level 0: 0.009411805255
...hydro-limited CFL timestep constrained at (i,j,k) = (31,31,31)
Castro::estTimeStep (hydro-limited) at level 0:  estdt = 0.009411805255

[Level 0 step 66] ADVANCE at time 0.1696204132 with dt = 0.009411805255

[1m[32m  Beginning subcycle 1 starting at time 0.1696204132 with dt = 0.009411805255[0m
  Estimated number of subcycles remaining: 1

... mhd ...!!! 

Castro::construct_old_gravity() time = 0.059182225 on level 0

Castro::do_old_sources() time = 0.033745227 on level 0

[1m[32m  Subcycle completed[0m

  Subcycling complete

  Zones advanced per microsecond at this level: 0.116262551

[Level 0 step 66] Advanced 262144 cells
Castro::construct_new_gravity() time = 0.021255702 on level 0

Castro::do_new_sources() time = 0.045717646 on level 0


TIME= 0.1790322185 MASS        = 2.768869849e+33
TIME= 0.1790322185 XMOM        = 2.091382953e+38
TIME= 0.1790322185 YMOM        = -3.258918632e+38
TIME= 0.1790322185 ZMOM        = -5.651439727e+38
TIME= 0.1790322185 ANG MOM X   = -2.326825832e+46
TIME= 0.1790322185 ANG MOM Y   = -2.16012786e+46
TIME= 0.1790322185 ANG MOM Z   = 1.666029207e+46
TIME= 0.1790322185 RHO*e       = 2.638782532e+51
TIME= 0.1790322185 RHO*K       = 1.618721693e+48
TIME= 0.1790322185 RHO*E       = 2.672799686e+51
TIME= 0.1790322185 RHO*PHI     = 0
TIME= 0.1790322185 TOTAL ENERGY= 2.672799686e+51
TIME= 0.1790322185 CENTER OF MASS X-LOC = -262677.1157
TIME= 0.1790322185 CENTER OF MASS X-VEL = 75532.00645
TIME= 0.1790322185 CENTER OF MASS Y-LOC = -286230.2657
TIME= 0.1790322185 CENTER OF MASS Y-VEL = -117698.5127
TIME= 0.1790322185 CENTER OF MASS Z-LOC = -288912.635
TIME= 0.1790322185 CENTER OF MASS Z-VEL = -204106.3696
TIME= 0.1790322185 MAXIMUM TEMPERATURE  = 0
TIME= 0.1790322185 MAXIMUM DENSITY      = 945094018.7

STEP = 66 TIME = 0.1790322185 DT = 0.009411805255


[STEP 66] Coarse TimeStep time: 2.285661715
[STEP 66] FAB kilobyte spread across MPI nodes: [105462 ... 105462]

...estimated hydro-limited timestep at level 0: 0.009424425155
...hydro-limited CFL timestep constrained at (i,j,k) = (31,31,31)
Castro::estTimeStep (hydro-limited) at level 0:  estdt = 0.009424425155

[Level 0 step 67] ADVANCE at time 0.1790322185 with dt = 0.009424425155

[1m[32m  Beginning subcycle 1 starting at time 0.1790322185 with dt = 0.009424425155[0m
  Estimated number of subcycles remaining: 1

... mhd ...!!! 

Castro::construct_old_gravity() time = 0.017012478 on level 0

Castro::do_old_sources() time = 0.030653731 on level 0

[1m[32m  Subcycle completed[0m

  Subcycling complete

  Zones advanced per microsecond at this level: 0.1521591816

[Level 0 step 67] Advanced 262144 cells
Castro::construct_new_gravity() time = 0.014542333 on level 0

Castro::do_new_sources() time = 0.034478464 on level 0


TIME= 0.1884566437 MASS        = 2.76898823e+33
TIME= 0.1884566437 XMOM        = 2.445342661e+38
TIME= 0.1884566437 YMOM        = -3.205376996e+38
TIME= 0.1884566437 ZMOM        = -5.800604159e+38
TIME= 0.1884566437 ANG MOM X   = -2.153525165e+46
TIME= 0.1884566437 ANG MOM Y   = -2.117656306e+46
TIME= 0.1884566437 ANG MOM Z   = 1.506923257e+46
TIME= 0.1884566437 RHO*e       = 2.639501306e+51
TIME= 0.1884566437 RHO*K       = 1.50378612e+48
TIME= 0.1884566437 RHO*E       = 2.672531624e+51
TIME= 0.1884566437 RHO*PHI     = 0
TIME= 0.1884566437 TOTAL ENERGY= 2.672531624e+51
TIME= 0.1884566437 CENTER OF MASS X-LOC = -262264.4421
TIME= 0.1884566437 CENTER OF MASS X-VEL = 88311.77522
TIME= 0.1884566437 CENTER OF MASS Y-LOC = -288426.9802
TIME= 0.1884566437 CENTER OF MASS Y-VEL = -115759.8635
TIME= 0.1884566437 CENTER OF MASS Z-LOC = -291371.5592
TIME= 0.1884566437 CENTER OF MASS Z-VEL = -209484.6087
TIME= 0.1884566437 MAXIMUM TEMPERATURE  = 0
TIME= 0.1884566437 MAXIMUM DENSITY      = 942907150.4

STEP = 67 TIME = 0.1884566437 DT = 0.009424425155


[STEP 67] Coarse TimeStep time: 1.741468677
[STEP 67] FAB kilobyte spread across MPI nodes: [105462 ... 105462]

...estimated hydro-limited timestep at level 0: 0.00943975258
...hydro-limited CFL timestep constrained at (i,j,k) = (31,31,31)
Castro::estTimeStep (hydro-limited) at level 0:  estdt = 0.00943975258

[Level 0 step 68] ADVANCE at time 0.1884566437 with dt = 0.00943975258

[1m[32m  Beginning subcycle 1 starting at time 0.1884566437 with dt = 0.00943975258[0m
  Estimated number of subcycles remaining: 1

... mhd ...!!! 

Castro::construct_old_gravity() time = 0.019245767 on level 0

Castro::do_old_sources() time = 0.029394524 on level 0

[1m[32m  Subcycle completed[0m

  Subcycling complete

  Zones advanced per microsecond at this level: 0.1594626028

[Level 0 step 68] Advanced 262144 cells
Castro::construct_new_gravity() time = 0.017698442 on level 0

Castro::do_new_sources() time = 0.040842191 on level 0


TIME= 0.1978963962 MASS        = 2.76910756e+33
TIME= 0.1978963962 XMOM        = 2.732497053e+38
TIME= 0.1978963962 YMOM        = -3.078962739e+38
TIME= 0.1978963962 ZMOM        = -5.877782809e+38
TIME= 0.1978963962 ANG MOM X   = -1.990613967e+46
TIME= 0.1978963962 ANG MOM Y   = -2.073876252e+46
TIME= 0.1978963962 ANG MOM Z   = 1.362062743e+46
TIME= 0.1978963962 RHO*e       = 2.640155461e+51
TIME= 0.1978963962 RHO*K       = 1.402470469e+48
TIME= 0.1978963962 RHO*E       = 2.672284609e+51
TIME= 0.1978963962 RHO*PHI     = 0
TIME= 0.1978963962 TOTAL ENERGY= 2.672284609e+51
TIME= 0.1978963962 CENTER OF MASS X-LOC = -261788.1793
TIME= 0.1978963962 CENTER OF MASS X-VEL = 98677.8951
TIME= 0.1978963962 CENTER OF MASS Y-LOC = -290638.9111
TIME= 0.1978963962 CENTER OF MASS Y-VEL = -111189.7127
TIME= 0.1978963962 CENTER OF MASS Z-LOC = -293863.771
TIME= 0.1978963962 CENTER OF MASS Z-VEL = -212262.7122
TIME= 0.1978963962 MAXIMUM TEMPERATURE  = 0
TIME= 0.1978963962 MAXIMUM DENSITY      = 939711162.3

STEP = 68 TIME = 0.1978963962 DT = 0.00943975258


[STEP 68] Coarse TimeStep time: 1.664613534
[STEP 68] FAB kilobyte spread across MPI nodes: [105462 ... 105462]

...estimated hydro-limited timestep at level 0: 0.009456940464
...hydro-limited CFL timestep constrained at (i,j,k) = (31,31,31)
Castro::estTimeStep (hydro-limited) at level 0:  estdt = 0.009456940464

[Level 0 step 69] ADVANCE at time 0.1978963962 with dt = 0.009456940464

[1m[32m  Beginning subcycle 1 starting at time 0.1978963962 with dt = 0.009456940464[0m
  Estimated number of subcycles remaining: 1

... mhd ...!!! 

Castro::construct_old_gravity() time = 0.018621585 on level 0

Castro::do_old_sources() time = 0.033460677 on level 0

[1m[32m  Subcycle completed[0m

  Subcycling complete

  Zones advanced per microsecond at this level: 0.1048705493

[Level 0 step 69] Advanced 262144 cells
Castro::construct_new_gravity() time = 0.019076354 on level 0

Castro::do_new_sources() time = 0.04652571 on level 0


TIME= 0.2073533367 MASS        = 2.769227758e+33
TIME= 0.2073533367 XMOM        = 2.943239826e+38
TIME= 0.2073533367 YMOM        = -2.881313825e+38
TIME= 0.2073533367 ZMOM        = -5.885355791e+38
TIME= 0.2073533367 ANG MOM X   = -1.840029477e+46
TIME= 0.2073533367 ANG MOM Y   = -2.030502175e+46
TIME= 0.2073533367 ANG MOM Z   = 1.228958956e+46
TIME= 0.2073533367 RHO*e       = 2.640755822e+51
TIME= 0.2073533367 RHO*K       = 1.312436304e+48
TIME= 0.2073533367 RHO*E       = 2.672059597e+51
TIME= 0.2073533367 RHO*PHI     = 0
TIME= 0.2073533367 TOTAL ENERGY= 2.672059597e+51
TIME= 0.2073533367 CENTER OF MASS X-LOC = -261267.5813
TIME= 0.2073533367 CENTER OF MASS X-VEL = 106283.776
TIME= 0.2073533367 CENTER OF MASS Y-LOC = -292857.7404
TIME= 0.2073533367 CENTER OF MASS Y-VEL = -104047.5568
TIME= 0.2073533367 CENTER OF MASS Z-LOC = -296382.4491
TIME= 0.2073533367 CENTER OF MASS Z-VEL = -212526.968
TIME= 0.2073533367 MAXIMUM TEMPERATURE  = 0
TIME= 0.2073533367 MAXIMUM DENSITY      = 935429416.9

STEP = 69 TIME = 0.2073533367 DT = 0.009456940464


[STEP 69] Coarse TimeStep time: 2.521787039
[STEP 69] FAB kilobyte spread across MPI nodes: [105462 ... 105462]

...estimated hydro-limited timestep at level 0: 0.009475022539
...hydro-limited CFL timestep constrained at (i,j,k) = (31,31,31)
Castro::estTimeStep (hydro-limited) at level 0:  estdt = 0.009475022539

[Level 0 step 70] ADVANCE at time 0.2073533367 with dt = 0.009475022539

[1m[32m  Beginning subcycle 1 starting at time 0.2073533367 with dt = 0.009475022539[0m
  Estimated number of subcycles remaining: 1

... mhd ...!!! 

Castro::construct_old_gravity() time = 0.023648196 on level 0

Castro::do_old_sources() time = 0.034105326 on level 0

[1m[32m  Subcycle completed[0m

  Subcycling complete

  Zones advanced per microsecond at this level: 0.1037374336

[Level 0 step 70] Advanced 262144 cells
Castro::construct_new_gravity() time = 0.019023285 on level 0

Castro::do_new_sources() time = 0.045619519 on level 0


TIME= 0.2168283592 MASS        = 2.769348748e+33
TIME= 0.2168283592 XMOM        = 3.071728172e+38
TIME= 0.2168283592 YMOM        = -2.617776709e+38
TIME= 0.2168283592 ZMOM        = -5.830679868e+38
TIME= 0.2168283592 ANG MOM X   = -1.69908041e+46
TIME= 0.2168283592 ANG MOM Y   = -1.98527354e+46
TIME= 0.2168283592 ANG MOM Z   = 1.109711474e+46
TIME= 0.2168283592 RHO*e       = 2.641307795e+51
TIME= 0.2168283592 RHO*K       = 1.232174315e+48
TIME= 0.2168283592 RHO*E       = 2.671853541e+51
TIME= 0.2168283592 RHO*PHI     = 0
TIME= 0.2168283592 TOTAL ENERGY= 2.671853541e+51
TIME= 0.2168283592 CENTER OF MASS X-LOC = -260719.257
TIME= 0.2168283592 CENTER OF MASS X-VEL = 110918.7918
TIME= 0.2168283592 CENTER OF MASS Y-LOC = -295043.1428
TIME= 0.2168283592 CENTER OF MASS Y-VEL = -94526.79842
TIME= 0.2168283592 CENTER OF MASS Z-LOC = -298921.8938
TIME= 0.2168283592 CENTER OF MASS Z-VEL = -210543.3587
TIME= 0.2168283592 MAXIMUM TEMPERATURE  = 0
TIME= 0.2168283592 MAXIMUM DENSITY      = 930341637.4

STEP = 70 TIME = 0.2168283592 DT = 0.009475022539


[STEP 70] Coarse TimeStep time: 2.553480874
[STEP 70] FAB kilobyte spread across MPI nodes: [105462 ... 105462]

PLOTFILE: file = plt_seed42ext00070
Write plotfile time = 0.03819956  seconds

...estimated hydro-limited timestep at level 0: 0.009493633353
...hydro-limited CFL timestep constrained at (i,j,k) = (31,31,31)
Castro::estTimeStep (hydro-limited) at level 0:  estdt = 0.009493633353

[Level 0 step 71] ADVANCE at time 0.2168283592 with dt = 0.009493633353

[1m[32m  Beginning subcycle 1 starting at time 0.2168283592 with dt = 0.009493633353[0m
  Estimated number of subcycles remaining: 1

... mhd ...!!! 

Castro::construct_old_gravity() time = 0.051458471 on level 0

Castro::do_old_sources() time = 0.055169594 on level 0

[1m[32m  Subcycle completed[0m

  Subcycling complete

  Zones advanced per microsecond at this level: 0.09895982601

[Level 0 step 71] Advanced 262144 cells
Castro::construct_new_gravity() time = 0.01795714 on level 0

Castro::do_new_sources() time = 0.041071941 on level 0


TIME= 0.2263219926 MASS        = 2.769470462e+33
TIME= 0.2263219926 XMOM        = 3.116074878e+38
TIME= 0.2263219926 YMOM        = -2.296891552e+38
TIME= 0.2263219926 ZMOM        = -5.725166481e+38
TIME= 0.2263219926 ANG MOM X   = -1.570947333e+46
TIME= 0.2263219926 ANG MOM Y   = -1.941021685e+46
TIME= 0.2263219926 ANG MOM Z   = 1.005441258e+46
TIME= 0.2263219926 RHO*e       = 2.641816296e+51
TIME= 0.2263219926 RHO*K       = 1.160560168e+48
TIME= 0.2263219926 RHO*E       = 2.671664491e+51
TIME= 0.2263219926 RHO*PHI     = 0
TIME= 0.2263219926 TOTAL ENERGY= 2.671664491e+51
TIME= 0.2263219926 CENTER OF MASS X-LOC = -260140.2616
TIME= 0.2263219926 CENTER OF MASS X-VEL = 112515.1873
TIME= 0.2263219926 CENTER OF MASS Y-LOC = -297157.6891
TIME= 0.2263219926 CENTER OF MASS Y-VEL = -82936.12744
TIME= 0.2263219926 CENTER OF MASS Z-LOC = -301450.3908
TIME= 0.2263219926 CENTER OF MASS Z-VEL = -206724.2298
TIME= 0.2263219926 MAXIMUM TEMPERATURE  = 0
TIME= 0.2263219926 MAXIMUM DENSITY      = 924860169.7

STEP = 71 TIME = 0.2263219926 DT = 0.009493633353


[STEP 71] Coarse TimeStep time: 2.675211284
[STEP 71] FAB kilobyte spread across MPI nodes: [105462 ... 105462]

...estimated hydro-limited timestep at level 0: 0.009513095577
...hydro-limited CFL timestep constrained at (i,j,k) = (31,31,31)
Castro::estTimeStep (hydro-limited) at level 0:  estdt = 0.009513095577

[Level 0 step 72] ADVANCE at time 0.2263219926 with dt = 0.009513095577

[1m[32m  Beginning subcycle 1 starting at time 0.2263219926 with dt = 0.009513095577[0m
  Estimated number of subcycles remaining: 1

... mhd ...!!! 

Castro::construct_old_gravity() time = 0.030886674 on level 0

Castro::do_old_sources() time = 0.041988431 on level 0

[1m[32m  Subcycle completed[0m

  Subcycling complete

  Zones advanced per microsecond at this level: 0.1225691556

[Level 0 step 72] Advanced 262144 cells
Castro::construct_new_gravity() time = 0.021158497 on level 0

Castro::do_new_sources() time = 0.050818025 on level 0


TIME= 0.2358350882 MASS        = 2.769592848e+33
TIME= 0.2358350882 XMOM        = 3.078580723e+38
TIME= 0.2358350882 YMOM        = -1.929285554e+38
TIME= 0.2358350882 ZMOM        = -5.582590412e+38
TIME= 0.2358350882 ANG MOM X   = -1.450377655e+46
TIME= 0.2358350882 ANG MOM Y   = -1.899956723e+46
TIME= 0.2358350882 ANG MOM Z   = 9.130290535e+45
TIME= 0.2358350882 RHO*e       = 2.642290392e+51
TIME= 0.2358350882 RHO*K       = 1.096675773e+48
TIME= 0.2358350882 RHO*E       = 2.671491349e+51
TIME= 0.2358350882 RHO*PHI     = 0
TIME= 0.2358350882 TOTAL ENERGY= 2.671491349e+51
TIME= 0.2358350882 CENTER OF MASS X-LOC = -259537.5051
TIME= 0.2358350882 CENTER OF MASS X-VEL = 111156.4368
TIME= 0.2358350882 CENTER OF MASS Y-LOC = -299155.7653
TIME= 0.2358350882 CENTER OF MASS Y-VEL = -69659.53697
TIME= 0.2358350882 CENTER OF MASS Z-LOC = -303939.3326
TIME= 0.2358350882 CENTER OF MASS Z-VEL = -201567.1876
TIME= 0.2358350882 MAXIMUM TEMPERATURE  = 0
TIME= 0.2358350882 MAXIMUM DENSITY      = 919371601.4

STEP = 72 TIME = 0.2358350882 DT = 0.009513095577


[STEP 72] Coarse TimeStep time: 2.164804351
[STEP 72] FAB kilobyte spread across MPI nodes: [105462 ... 105462]

...estimated hydro-limited timestep at level 0: 0.009532697433
...hydro-limited CFL timestep constrained at (i,j,k) = (31,31,31)
Castro::estTimeStep (hydro-limited) at level 0:  estdt = 0.009532697433

[Level 0 step 73] ADVANCE at time 0.2358350882 with dt = 0.009532697433

[1m[32m  Beginning subcycle 1 starting at time 0.2358350882 with dt = 0.009532697433[0m
  Estimated number of subcycles remaining: 1

... mhd ...!!! 

Castro::construct_old_gravity() time = 0.026805373 on level 0

Castro::do_old_sources() time = 0.04111114 on level 0

[1m[32m  Subcycle completed[0m

  Subcycling complete

  Zones advanced per microsecond at this level: 0.0911151587

[Level 0 step 73] Advanced 262144 cells
Castro::construct_new_gravity() time = 0.017548708 on level 0

Castro::do_new_sources() time = 0.052924844 on level 0


TIME= 0.2453677856 MASS        = 2.769715854e+33
TIME= 0.2453677856 XMOM        = 2.965847368e+38
TIME= 0.2453677856 YMOM        = -1.526604459e+38
TIME= 0.2453677856 ZMOM        = -5.417265754e+38
TIME= 0.2453677856 ANG MOM X   = -1.336154923e+46
TIME= 0.2453677856 ANG MOM Y   = -1.863042911e+46
TIME= 0.2453677856 ANG MOM Z   = 8.311137792e+45
TIME= 0.2453677856 RHO*e       = 2.642731765e+51
TIME= 0.2453677856 RHO*K       = 1.039479822e+48
TIME= 0.2453677856 RHO*E       = 2.671332766e+51
TIME= 0.2453677856 RHO*PHI     = 0
TIME= 0.2453677856 TOTAL ENERGY= 2.671332766e+51
TIME= 0.2453677856 CENTER OF MASS X-LOC = -258934.9438
TIME= 0.2453677856 CENTER OF MASS X-VEL = 107081.2865
TIME= 0.2453677856 CENTER OF MASS Y-LOC = -301003.5034
TIME= 0.2453677856 CENTER OF MASS Y-VEL = -55117.7283
TIME= 0.2453677856 CENTER OF MASS Z-LOC = -306369.497
TIME= 0.2453677856 CENTER OF MASS Z-VEL = -195589.2243
TIME= 0.2453677856 MAXIMUM TEMPERATURE  = 0
TIME= 0.2453677856 MAXIMUM DENSITY      = 914191172.5

STEP = 73 TIME = 0.2453677856 DT = 0.009532697433


[STEP 73] Coarse TimeStep time: 2.906675072
[STEP 73] FAB kilobyte spread across MPI nodes: [105462 ... 105462]

...estimated hydro-limited timestep at level 0: 0.009551093332
...hydro-limited CFL timestep constrained at (i,j,k) = (31,31,31)
Castro::estTimeStep (hydro-limited) at level 0:  estdt = 0.009551093332

[Level 0 step 74] ADVANCE at time 0.2453677856 with dt = 0.009551093332

[1m[32m  Beginning subcycle 1 starting at time 0.2453677856 with dt = 0.009551093332[0m
  Estimated number of subcycles remaining: 1

... mhd ...!!! 

Castro::construct_old_gravity() time = 0.041282279 on level 0

Castro::do_old_sources() time = 0.051832017 on level 0

[1m[32m  Subcycle completed[0m

  Subcycling complete

  Zones advanced per microsecond at this level: 0.09697395881

[Level 0 step 74] Advanced 262144 cells
Castro::construct_new_gravity() time = 0.019425205 on level 0

Castro::do_new_sources() time = 0.047423367 on level 0


TIME= 0.2549188789 MASS        = 2.769839418e+33
TIME= 0.2549188789 XMOM        = 2.788151904e+38
TIME= 0.2549188789 YMOM        = -1.100343882e+38
TIME= 0.2549188789 ZMOM        = -5.242265177e+38
TIME= 0.2549188789 ANG MOM X   = -1.232822643e+46
TIME= 0.2549188789 ANG MOM Y   = -1.829362677e+46
TIME= 0.2549188789 ANG MOM Z   = 7.615968282e+45
TIME= 0.2549188789 RHO*e       = 2.643145439e+51
TIME= 0.2549188789 RHO*K       = 9.880325222e+47
TIME= 0.2549188789 RHO*E       = 2.67118978e+51
TIME= 0.2549188789 RHO*PHI     = 0
TIME= 0.2549188789 TOTAL ENERGY= 2.67118978e+51
TIME= 0.2549188789 CENTER OF MASS X-LOC = -258352.0134
TIME= 0.2549188789 CENTER OF MASS X-VEL = 100661.1389
TIME= 0.2549188789 CENTER OF MASS Y-LOC = -302683.2723
TIME= 0.2549188789 CENTER OF MASS Y-VEL = -39725.90882
TIME= 0.2549188789 CENTER OF MASS Z-LOC = -308749.3907
TIME= 0.2549188789 CENTER OF MASS Z-VEL = -189262.4223
TIME= 0.2549188789 MAXIMUM TEMPERATURE  = 0
TIME= 0.2549188789 MAXIMUM DENSITY      = 909462749.1

STEP = 74 TIME = 0.2549188789 DT = 0.009551093332


[STEP 74] Coarse TimeStep time: 2.731661628
[STEP 74] FAB kilobyte spread across MPI nodes: [105462 ... 105462]

...estimated hydro-limited timestep at level 0: 0.009567727177
...hydro-limited CFL timestep constrained at (i,j,k) = (31,31,31)
Castro::estTimeStep (hydro-limited) at level 0:  estdt = 0.009567727177

[Level 0 step 75] ADVANCE at time 0.2549188789 with dt = 0.009567727177

[1m[32m  Beginning subcycle 1 starting at time 0.2549188789 with dt = 0.009567727177[0m
  Estimated number of subcycles remaining: 1

... mhd ...!!! 

Castro::construct_old_gravity() time = 0.057478559 on level 0

Castro::do_old_sources() time = 0.034866864 on level 0

[1m[32m  Subcycle completed[0m

  Subcycling complete

  Zones advanced per microsecond at this level: 0.1067038231

[Level 0 step 75] Advanced 262144 cells
Castro::construct_new_gravity() time = 0.022042731 on level 0

Castro::do_new_sources() time = 0.051936932 on level 0


TIME= 0.2644866061 MASS        = 2.76996348e+33
TIME= 0.2644866061 XMOM        = 2.558453448e+38
TIME= 0.2644866061 YMOM        = -6.61109935e+37
TIME= 0.2644866061 ZMOM        = -5.068299552e+38
TIME= 0.2644866061 ANG MOM X   = -1.137507931e+46
TIME= 0.2644866061 ANG MOM Y   = -1.799352606e+46
TIME= 0.2644866061 ANG MOM Z   = 7.001571215e+45
TIME= 0.2644866061 RHO*e       = 2.643537805e+51
TIME= 0.2644866061 RHO*K       = 9.414927899e+47
TIME= 0.2644866061 RHO*E       = 2.671062169e+51
TIME= 0.2644866061 RHO*PHI     = 0
TIME= 0.2644866061 TOTAL ENERGY= 2.671062169e+51
TIME= 0.2644866061 CENTER OF MASS X-LOC = -257815.0886
TIME= 0.2644866061 CENTER OF MASS X-VEL = 92364.15811
TIME= 0.2644866061 CENTER OF MASS Y-LOC = -304182.5782
TIME= 0.2644866061 CENTER OF MASS Y-VEL = -23867.09932
TIME= 0.2644866061 CENTER OF MASS Z-LOC = -311073.9596
TIME= 0.2644866061 CENTER OF MASS Z-VEL = -182973.5153
TIME= 0.2644866061 MAXIMUM TEMPERATURE  = 0
TIME= 0.2644866061 MAXIMUM DENSITY      = 905235312.6

STEP = 75 TIME = 0.2644866061 DT = 0.009567727177


[STEP 75] Coarse TimeStep time: 2.498058474
[STEP 75] FAB kilobyte spread across MPI nodes: [105462 ... 105462]

...estimated hydro-limited timestep at level 0: 0.009575523712
...hydro-limited CFL timestep constrained at (i,j,k) = (32,33,32)
Castro::estTimeStep (hydro-limited) at level 0:  estdt = 0.009575523712

[Level 0 step 76] ADVANCE at time 0.2644866061 with dt = 0.009575523712

[1m[32m  Beginning subcycle 1 starting at time 0.2644866061 with dt = 0.009575523712[0m
  Estimated number of subcycles remaining: 1

... mhd ...!!! 

Castro::construct_old_gravity() time = 0.031841267 on level 0

Castro::do_old_sources() time = 0.051093028 on level 0

[1m[32m  Subcycle completed[0m

  Subcycling complete

  Zones advanced per microsecond at this level: 0.10163402

[Level 0 step 76] Advanced 262144 cells
Castro::construct_new_gravity() time = 0.017172036 on level 0

Castro::do_new_sources() time = 0.047899422 on level 0


TIME= 0.2740621298 MASS        = 2.770087892e+33
TIME= 0.2740621298 XMOM        = 2.291317497e+38
TIME= 0.2740621298 YMOM        = -2.186343126e+37
TIME= 0.2740621298 ZMOM        = -4.903417592e+38
TIME= 0.2740621298 ANG MOM X   = -1.049458843e+46
TIME= 0.2740621298 ANG MOM Y   = -1.769045545e+46
TIME= 0.2740621298 ANG MOM Z   = 6.437011423e+45
TIME= 0.2740621298 RHO*e       = 2.643913694e+51
TIME= 0.2740621298 RHO*K       = 8.993089112e+47
TIME= 0.2740621298 RHO*E       = 2.670949363e+51
TIME= 0.2740621298 RHO*PHI     = 0
TIME= 0.2740621298 TOTAL ENERGY= 2.670949363e+51
TIME= 0.2740621298 CENTER OF MASS X-LOC = -257335.3851
TIME= 0.2740621298 CENTER OF MASS X-VEL = 82716.41862
TIME= 0.2740621298 CENTER OF MASS Y-LOC = -305499.064
TIME= 0.2740621298 CENTER OF MASS Y-VEL = -7892.685038
TIME= 0.2740621298 CENTER OF MASS Z-LOC = -313337.0654
TIME= 0.2740621298 CENTER OF MASS Z-VEL = -177013.069
TIME= 0.2740621298 MAXIMUM TEMPERATURE  = 0
TIME= 0.2740621298 MAXIMUM DENSITY      = 901444831.1

STEP = 76 TIME = 0.2740621298 DT = 0.009575523712


[STEP 76] Coarse TimeStep time: 2.607441062
[STEP 76] FAB kilobyte spread across MPI nodes: [105462 ... 105462]

...estimated hydro-limited timestep at level 0: 0.009581825535
...hydro-limited CFL timestep constrained at (i,j,k) = (32,33,32)
Castro::estTimeStep (hydro-limited) at level 0:  estdt = 0.009581825535

[Level 0 step 77] ADVANCE at time 0.2740621298 with dt = 0.009581825535

[1m[32m  Beginning subcycle 1 starting at time 0.2740621298 with dt = 0.009581825535[0m
  Estimated number of subcycles remaining: 1

... mhd ...!!! 

Castro::construct_old_gravity() time = 0.02047801 on level 0

Castro::do_old_sources() time = 0.034357022 on level 0

[1m[32m  Subcycle completed[0m

  Subcycling complete

  Zones advanced per microsecond at this level: 0.08656269132

[Level 0 step 77] Advanced 262144 cells
Castro::construct_new_gravity() time = 0.025891935 on level 0

Castro::do_new_sources() time = 0.039348317 on level 0


TIME= 0.2836439554 MASS        = 2.770212605e+33
TIME= 0.2836439554 XMOM        = 2.001279288e+38
TIME= 0.2836439554 YMOM        = 2.190405106e+37
TIME= 0.2836439554 ZMOM        = -4.752502264e+38
TIME= 0.2836439554 ANG MOM X   = -9.684826796e+45
TIME= 0.2836439554 ANG MOM Y   = -1.737181754e+46
TIME= 0.2836439554 ANG MOM Z   = 5.91507827e+45
TIME= 0.2836439554 RHO*e       = 2.644272584e+51
TIME= 0.2836439554 RHO*K       = 8.609760057e+47
TIME= 0.2836439554 RHO*E       = 2.670850406e+51
TIME= 0.2836439554 RHO*PHI     = 0
TIME= 0.2836439554 TOTAL ENERGY= 2.670850406e+51
TIME= 0.2836439554 CENTER OF MASS X-LOC = -256928.8374
TIME= 0.2836439554 CENTER OF MASS X-VEL = 72242.80492
TIME= 0.2836439554 CENTER OF MASS Y-LOC = -306652.9883
TIME= 0.2836439554 CENTER OF MASS Y-VEL = 7906.99278
TIME= 0.2836439554 CENTER OF MASS Z-LOC = -315541.8978
TIME= 0.2836439554 CENTER OF MASS Z-VEL = -171557.3114
TIME= 0.2836439554 MAXIMUM TEMPERATURE  = 0
TIME= 0.2836439554 MAXIMUM DENSITY      = 898013602.3

STEP = 77 TIME = 0.2836439554 DT = 0.009581825535


[STEP 77] Coarse TimeStep time: 3.054463085
[STEP 77] FAB kilobyte spread across MPI nodes: [105462 ... 105462]

...estimated hydro-limited timestep at level 0: 0.009587396281
...hydro-limited CFL timestep constrained at (i,j,k) = (32,33,32)
Castro::estTimeStep (hydro-limited) at level 0:  estdt = 0.009587396281

[Level 0 step 78] ADVANCE at time 0.2836439554 with dt = 0.009587396281

[1m[32m  Beginning subcycle 1 starting at time 0.2836439554 with dt = 0.009587396281[0m
  Estimated number of subcycles remaining: 1

... mhd ...!!! 

Castro::construct_old_gravity() time = 0.020558826 on level 0

Castro::do_old_sources() time = 0.03543891 on level 0

[1m[32m  Subcycle completed[0m

  Subcycling complete

  Zones advanced per microsecond at this level: 0.09535808016

[Level 0 step 78] Advanced 262144 cells
Castro::construct_new_gravity() time = 0.017961408 on level 0

Castro::do_new_sources() time = 0.042014745 on level 0


TIME= 0.2932313516 MASS        = 2.770337586e+33
TIME= 0.2932313516 XMOM        = 1.701935714e+38
TIME= 0.2932313516 YMOM        = 6.452147868e+37
TIME= 0.2932313516 ZMOM        = -4.617558322e+38
TIME= 0.2932313516 ANG MOM X   = -8.927092688e+45
TIME= 0.2932313516 ANG MOM Y   = -1.708340435e+46
TIME= 0.2932313516 ANG MOM Z   = 5.412768017e+45
TIME= 0.2932313516 RHO*e       = 2.644620414e+51
TIME= 0.2932313516 RHO*K       = 8.260798139e+47
TIME= 0.2932313516 RHO*E       = 2.670768017e+51
TIME= 0.2932313516 RHO*PHI     = 0
TIME= 0.2932313516 TOTAL ENERGY= 2.670768017e+51
TIME= 0.2932313516 CENTER OF MASS X-LOC = -256600.1075
TIME= 0.2932313516 CENTER OF MASS X-VEL = 61434.23538
TIME= 0.2932313516 CENTER OF MASS Y-LOC = -307666.0219
TIME= 0.2932313516 CENTER OF MASS Y-VEL = 23290.11417
TIME= 0.2932313516 CENTER OF MASS Z-LOC = -317697.6449
TIME= 0.2932313516 CENTER OF MASS Z-VEL = -166678.5429
TIME= 0.2932313516 MAXIMUM TEMPERATURE  = 0
TIME= 0.2932313516 MAXIMUM DENSITY      = 894841664.9

STEP = 78 TIME = 0.2932313516 DT = 0.009587396281


[STEP 78] Coarse TimeStep time: 2.774387633
[STEP 78] FAB kilobyte spread across MPI nodes: [105462 ... 105462]

...estimated hydro-limited timestep at level 0: 0.00959249002
...hydro-limited CFL timestep constrained at (i,j,k) = (32,33,32)
Castro::estTimeStep (hydro-limited) at level 0:  estdt = 0.00959249002

[Level 0 step 79] ADVANCE at time 0.2932313516 with dt = 0.00959249002

[1m[32m  Beginning subcycle 1 starting at time 0.2932313516 with dt = 0.00959249002[0m
  Estimated number of subcycles remaining: 1

... mhd ...!!! 

Castro::construct_old_gravity() time = 0.021920845 on level 0

Castro::do_old_sources() time = 0.038499116 on level 0

[1m[32m  Subcycle completed[0m

  Subcycling complete

  Zones advanced per microsecond at this level: 0.1014179894

[Level 0 step 79] Advanced 262144 cells
Castro::construct_new_gravity() time = 0.017221484 on level 0

Castro::do_new_sources() time = 0.053243464 on level 0


TIME= 0.3028238417 MASS        = 2.770462809e+33
TIME= 0.3028238417 XMOM        = 1.405174009e+38
TIME= 0.3028238417 YMOM        = 1.054296464e+38
TIME= 0.3028238417 ZMOM        = -4.498384957e+38
TIME= 0.3028238417 ANG MOM X   = -8.225381274e+45
TIME= 0.3028238417 ANG MOM Y   = -1.681260777e+46
TIME= 0.3028238417 ANG MOM Z   = 4.928623564e+45
TIME= 0.3028238417 RHO*e       = 2.644955233e+51
TIME= 0.3028238417 RHO*K       = 7.942702656e+47
TIME= 0.3028238417 RHO*E       = 2.670698737e+51
TIME= 0.3028238417 RHO*PHI     = 0
TIME= 0.3028238417 TOTAL ENERGY= 2.670698737e+51
TIME= 0.3028238417 CENTER OF MASS X-LOC = -256355.343
TIME= 0.3028238417 CENTER OF MASS X-VEL = 50719.82933
TIME= 0.3028238417 CENTER OF MASS Y-LOC = -308553.0249
TIME= 0.3028238417 CENTER OF MASS Y-VEL = 38054.88599
TIME= 0.3028238417 CENTER OF MASS Z-LOC = -319806.9239
TIME= 0.3028238417 CENTER OF MASS Z-VEL = -162369.4403
TIME= 0.3028238417 MAXIMUM TEMPERATURE  = 0
TIME= 0.3028238417 MAXIMUM DENSITY      = 891849177.2

STEP = 79 TIME = 0.3028238417 DT = 0.00959249002


[STEP 79] Coarse TimeStep time: 2.612253714
[STEP 79] FAB kilobyte spread across MPI nodes: [105462 ... 105462]

...estimated hydro-limited timestep at level 0: 0.009597393896
...hydro-limited CFL timestep constrained at (i,j,k) = (32,33,32)
Castro::estTimeStep (hydro-limited) at level 0:  estdt = 0.009597393896

[Level 0 step 80] ADVANCE at time 0.3028238417 with dt = 0.009597393896

[1m[32m  Beginning subcycle 1 starting at time 0.3028238417 with dt = 0.009597393896[0m
  Estimated number of subcycles remaining: 1

... mhd ...!!! 

Castro::construct_old_gravity() time = 0.036067444 on level 0

Castro::do_old_sources() time = 0.038016014 on level 0

[1m[32m  Subcycle completed[0m

  Subcycling complete

  Zones advanced per microsecond at this level: 0.1014452968

[Level 0 step 80] Advanced 262144 cells
Castro::construct_new_gravity() time = 0.016609649 on level 0

Castro::do_new_sources() time = 0.040839357 on level 0


TIME= 0.3124212356 MASS        = 2.770588254e+33
TIME= 0.3124212356 XMOM        = 1.120668054e+38
TIME= 0.3124212356 YMOM        = 1.441562712e+38
TIME= 0.3124212356 ZMOM        = -4.393303789e+38
TIME= 0.3124212356 ANG MOM X   = -7.576004173e+45
TIME= 0.3124212356 ANG MOM Y   = -1.653576818e+46
TIME= 0.3124212356 ANG MOM Z   = 4.454627657e+45
TIME= 0.3124212356 RHO*e       = 2.645279581e+51
TIME= 0.3124212356 RHO*K       = 7.652002891e+47
TIME= 0.3124212356 RHO*E       = 2.670642143e+51
TIME= 0.3124212356 RHO*PHI     = 0
TIME= 0.3124212356 TOTAL ENERGY= 2.670642143e+51
TIME= 0.3124212356 CENTER OF MASS X-LOC = -256191.5914
TIME= 0.3124212356 CENTER OF MASS X-VEL = 40448.74053
TIME= 0.3124212356 CENTER OF MASS Y-LOC = -309321.7346
TIME= 0.3124212356 CENTER OF MASS Y-VEL = 52030.92554
TIME= 0.3124212356 CENTER OF MASS Z-LOC = -321870.7918
TIME= 0.3124212356 CENTER OF MASS Z-VEL = -158569.3501
TIME= 0.3124212356 MAXIMUM TEMPERATURE  = 0
TIME= 0.3124212356 MAXIMUM DENSITY      = 888956509.4

STEP = 80 TIME = 0.3124212356 DT = 0.009597393896


[STEP 80] Coarse TimeStep time: 2.609826938
[STEP 80] FAB kilobyte spread across MPI nodes: [105462 ... 105462]

PLOTFILE: file = plt_seed42ext00080
Write plotfile time = 0.030027253  seconds

...estimated hydro-limited timestep at level 0: 0.009602174895
...hydro-limited CFL timestep constrained at (i,j,k) = (32,33,32)
Castro::estTimeStep (hydro-limited) at level 0:  estdt = 0.009602174895

[Level 0 step 81] ADVANCE at time 0.3124212356 with dt = 0.009602174895

[1m[32m  Beginning subcycle 1 starting at time 0.3124212356 with dt = 0.009602174895[0m
  Estimated number of subcycles remaining: 1

... mhd ...!!! 

Castro::construct_old_gravity() time = 0.048125654 on level 0

Castro::do_old_sources() time = 0.048032318 on level 0

[1m[32m  Subcycle completed[0m

  Subcycling complete

  Zones advanced per microsecond at this level: 0.1011248428

[Level 0 step 81] Advanced 262144 cells
Castro::construct_new_gravity() time = 0.019788865 on level 0

Castro::do_new_sources() time = 0.0492444 on level 0


TIME= 0.3220234105 MASS        = 2.770713905e+33
TIME= 0.3220234105 XMOM        = 8.555686935e+37
TIME= 0.3220234105 YMOM        = 1.802975867e+38
TIME= 0.3220234105 ZMOM        = -4.299775e+38
TIME= 0.3220234105 ANG MOM X   = -6.950193523e+45
TIME= 0.3220234105 ANG MOM Y   = -1.625877065e+46
TIME= 0.3220234105 ANG MOM Z   = 4.017592426e+45
TIME= 0.3220234105 RHO*e       = 2.645593371e+51
TIME= 0.3220234105 RHO*K       = 7.385249243e+47
TIME= 0.3220234105 RHO*E       = 2.670596255e+51
TIME= 0.3220234105 RHO*PHI     = 0
TIME= 0.3220234105 TOTAL ENERGY= 2.670596255e+51
TIME= 0.3220234105 CENTER OF MASS X-LOC = -256101.0662
TIME= 0.3220234105 CENTER OF MASS X-VEL = 30878.99808
TIME= 0.3220234105 CENTER OF MASS Y-LOC = -309973.9512
TIME= 0.3220234105 CENTER OF MASS Y-VEL = 65072.6105
TIME= 0.3220234105 CENTER OF MASS Z-LOC = -323894.2473
TIME= 0.3220234105 CENTER OF MASS Z-VEL = -155186.5385
TIME= 0.3220234105 MAXIMUM TEMPERATURE  = 0
TIME= 0.3220234105 MAXIMUM DENSITY      = 886121024.9

STEP = 81 TIME = 0.3220234105 DT = 0.009602174895


[STEP 81] Coarse TimeStep time: 2.618428966
[STEP 81] FAB kilobyte spread across MPI nodes: [105462 ... 105462]

...estimated hydro-limited timestep at level 0: 0.009604691295
...hydro-limited CFL timestep constrained at (i,j,k) = (32,32,32)
Castro::estTimeStep (hydro-limited) at level 0:  estdt = 0.009604691295

[Level 0 step 82] ADVANCE at time 0.3220234105 with dt = 0.009604691295

[1m[32m  Beginning subcycle 1 starting at time 0.3220234105 with dt = 0.009604691295[0m
  Estimated number of subcycles remaining: 1

... mhd ...!!! 

Castro::construct_old_gravity() time = 0.027568789 on level 0

Castro::do_old_sources() time = 0.049515893 on level 0

[1m[32m  Subcycle completed[0m

  Subcycling complete

  Zones advanced per microsecond at this level: 0.09696048749

[Level 0 step 82] Advanced 262144 cells
Castro::construct_new_gravity() time = 0.022291427 on level 0

Castro::do_new_sources() time = 0.04892909 on level 0


TIME= 0.3316281017 MASS        = 2.770839718e+33
TIME= 0.3316281017 XMOM        = 6.146803206e+37
TIME= 0.3316281017 YMOM        = 2.135174752e+38
TIME= 0.3316281017 ZMOM        = -4.215075171e+38
TIME= 0.3316281017 ANG MOM X   = -6.35965638e+45
TIME= 0.3316281017 ANG MOM Y   = -1.598770429e+46
TIME= 0.3316281017 ANG MOM Z   = 3.631578616e+45
TIME= 0.3316281017 RHO*e       = 2.645897744e+51
TIME= 0.3316281017 RHO*K       = 7.139480189e+47
TIME= 0.3316281017 RHO*E       = 2.670560606e+51
TIME= 0.3316281017 RHO*PHI     = 0
TIME= 0.3316281017 TOTAL ENERGY= 2.670560606e+51
TIME= 0.3316281017 CENTER OF MASS X-LOC = -256083.0205
TIME= 0.3316281017 CENTER OF MASS X-VEL = 22183.9003
TIME= 0.3316281017 CENTER OF MASS Y-LOC = -310512.573
TIME= 0.3316281017 CENTER OF MASS Y-VEL = 77058.76084
TIME= 0.3316281017 CENTER OF MASS Z-LOC = -325878.7877
TIME= 0.3316281017 CENTER OF MASS Z-VEL = -152122.6631
TIME= 0.3316281017 MAXIMUM TEMPERATURE  = 0
TIME= 0.3316281017 MAXIMUM DENSITY      = 883355340.4

STEP = 82 TIME = 0.3316281017 DT = 0.009604691295


[STEP 82] Coarse TimeStep time: 2.737745341
[STEP 82] FAB kilobyte spread across MPI nodes: [105462 ... 105462]

...estimated hydro-limited timestep at level 0: 0.00960644529
...hydro-limited CFL timestep constrained at (i,j,k) = (32,32,32)
Castro::estTimeStep (hydro-limited) at level 0:  estdt = 0.00960644529

[Level 0 step 83] ADVANCE at time 0.3316281017 with dt = 0.00960644529

[1m[32m  Beginning subcycle 1 starting at time 0.3316281017 with dt = 0.00960644529[0m
  Estimated number of subcycles remaining: 1

... mhd ...!!! 

Castro::construct_old_gravity() time = 0.021768247 on level 0

Castro::do_old_sources() time = 0.063929327 on level 0

[1m[32m  Subcycle completed[0m

  Subcycling complete

  Zones advanced per microsecond at this level: 0.09687528997

[Level 0 step 83] Advanced 262144 cells
Castro::construct_new_gravity() time = 0.017932991 on level 0

Castro::do_new_sources() time = 0.055247121 on level 0


TIME= 0.341234547 MASS        = 2.770965675e+33
TIME= 0.341234547 XMOM        = 4.006510563e+37
TIME= 0.341234547 YMOM        = 2.435827227e+38
TIME= 0.341234547 ZMOM        = -4.136744114e+38
TIME= 0.341234547 ANG MOM X   = -5.821570511e+45
TIME= 0.341234547 ANG MOM Y   = -1.57048094e+46
TIME= 0.341234547 ANG MOM Z   = 3.29621832e+45
TIME= 0.341234547 RHO*e       = 2.646195372e+51
TIME= 0.341234547 RHO*K       = 6.912105713e+47
TIME= 0.341234547 RHO*E       = 2.670535638e+51
TIME= 0.341234547 RHO*PHI     = 0
TIME= 0.341234547 TOTAL ENERGY= 2.670535638e+51
TIME= 0.341234547 CENTER OF MASS X-LOC = -256131.2074
TIME= 0.341234547 CENTER OF MASS X-VEL = 14458.8964
TIME= 0.341234547 CENTER OF MASS Y-LOC = -310941.6394
TIME= 0.341234547 CENTER OF MASS Y-VEL = 87905.35547
TIME= 0.341234547 CENTER OF MASS Z-LOC = -327825.4122
TIME= 0.341234547 CENTER OF MASS Z-VEL = -149288.8978
TIME= 0.341234547 MAXIMUM TEMPERATURE  = 0
TIME= 0.341234547 MAXIMUM DENSITY      = 880668327.8

STEP = 83 TIME = 0.341234547 DT = 0.00960644529


[STEP 83] Coarse TimeStep time: 2.737329784
[STEP 83] FAB kilobyte spread across MPI nodes: [105462 ... 105462]

...estimated hydro-limited timestep at level 0: 0.009608691523
...hydro-limited CFL timestep constrained at (i,j,k) = (32,32,32)
Castro::estTimeStep (hydro-limited) at level 0:  estdt = 0.009608691523

[Level 0 step 84] ADVANCE at time 0.341234547 with dt = 0.009608691523

[1m[32m  Beginning subcycle 1 starting at time 0.341234547 with dt = 0.009608691523[0m
  Estimated number of subcycles remaining: 1

... mhd ...!!! 

Castro::construct_old_gravity() time = 0.057878747 on level 0

Castro::do_old_sources() time = 0.04009962 on level 0

[1m[32m  Subcycle completed[0m

  Subcycling complete

  Zones advanced per microsecond at this level: 0.1183947143

[Level 0 step 84] Advanced 262144 cells
Castro::construct_new_gravity() time = 0.016950451 on level 0

Castro::do_new_sources() time = 0.042167694 on level 0


TIME= 0.3508432386 MASS        = 2.771091773e+33
TIME= 0.3508432386 XMOM        = 2.142702878e+37
TIME= 0.3508432386 YMOM        = 2.703771311e+38
TIME= 0.3508432386 ZMOM        = -4.062781392e+38
TIME= 0.3508432386 ANG MOM X   = -5.310550883e+45
TIME= 0.3508432386 ANG MOM Y   = -1.541928795e+46
TIME= 0.3508432386 ANG MOM Z   = 3.020968254e+45
TIME= 0.3508432386 RHO*e       = 2.646491267e+51
TIME= 0.3508432386 RHO*K       = 6.701373305e+47
TIME= 0.3508432386 RHO*E       = 2.670523977e+51
TIME= 0.3508432386 RHO*PHI     = 0
TIME= 0.3508432386 TOTAL ENERGY= 2.670523977e+51
TIME= 0.3508432386 CENTER OF MASS X-LOC = -256234.6774
TIME= 0.3508432386 CENTER OF MASS X-VEL = 7732.341813
TIME= 0.3508432386 CENTER OF MASS Y-LOC = -311267.5177
TIME= 0.3508432386 CENTER OF MASS Y-VEL = 97570.61595
TIME= 0.3508432386 CENTER OF MASS Z-LOC = -329737.506
TIME= 0.3508432386 CENTER OF MASS Z-VEL = -146613.0221
TIME= 0.3508432386 MAXIMUM TEMPERATURE  = 0
TIME= 0.3508432386 MAXIMUM DENSITY      = 878054412.9

STEP = 84 TIME = 0.3508432386 DT = 0.009608691523


[STEP 84] Coarse TimeStep time: 2.245332019
[STEP 84] FAB kilobyte spread across MPI nodes: [105462 ... 105462]

...estimated hydro-limited timestep at level 0: 0.009611117467
...hydro-limited CFL timestep constrained at (i,j,k) = (32,32,32)
Castro::estTimeStep (hydro-limited) at level 0:  estdt = 0.009611117467

[Level 0 step 85] ADVANCE at time 0.3508432386 with dt = 0.009611117467

[1m[32m  Beginning subcycle 1 starting at time 0.3508432386 with dt = 0.009611117467[0m
  Estimated number of subcycles remaining: 1

... mhd ...!!! 

Castro::construct_old_gravity() time = 0.032901256 on level 0

Castro::do_old_sources() time = 0.038123099 on level 0

[1m[32m  Subcycle completed[0m

  Subcycling complete

  Zones advanced per microsecond at this level: 0.1464518841

[Level 0 step 85] Advanced 262144 cells
Castro::construct_new_gravity() time = 0.019505893 on level 0

Castro::do_new_sources() time = 0.046220095 on level 0


TIME= 0.360454356 MASS        = 2.771218005e+33
TIME= 0.360454356 XMOM        = 5.491788226e+36
TIME= 0.360454356 YMOM        = 2.938992391e+38
TIME= 0.360454356 ZMOM        = -3.99167832e+38
TIME= 0.360454356 ANG MOM X   = -4.825075555e+45
TIME= 0.360454356 ANG MOM Y   = -1.513477658e+46
TIME= 0.360454356 ANG MOM Z   = 2.782391073e+45
TIME= 0.360454356 RHO*e       = 2.646780149e+51
TIME= 0.360454356 RHO*K       = 6.505204863e+47
TIME= 0.360454356 RHO*E       = 2.670520374e+51
TIME= 0.360454356 RHO*PHI     = 0
TIME= 0.360454356 TOTAL ENERGY= 2.670520374e+51
TIME= 0.360454356 CENTER OF MASS X-LOC = -256386.6148
TIME= 0.360454356 CENTER OF MASS X-VEL = 1981.723638
TIME= 0.360454356 CENTER OF MASS Y-LOC = -311494.1622
TIME= 0.360454356 CENTER OF MASS Y-VEL = 106054.1749
TIME= 0.360454356 CENTER OF MASS Z-LOC = -331620.7568
TIME= 0.360454356 CENTER OF MASS Z-VEL = -144040.574
TIME= 0.360454356 MAXIMUM TEMPERATURE  = 0
TIME= 0.360454356 MAXIMUM DENSITY      = 875533564.9

STEP = 85 TIME = 0.360454356 DT = 0.009611117467


[STEP 85] Coarse TimeStep time: 1.815891472
[STEP 85] FAB kilobyte spread across MPI nodes: [105462 ... 105462]

...estimated hydro-limited timestep at level 0: 0.009613636729
...hydro-limited CFL timestep constrained at (i,j,k) = (32,32,32)
Castro::estTimeStep (hydro-limited) at level 0:  estdt = 0.009613636729

[Level 0 step 86] ADVANCE at time 0.360454356 with dt = 0.009613636729

[1m[32m  Beginning subcycle 1 starting at time 0.360454356 with dt = 0.009613636729[0m
  Estimated number of subcycles remaining: 1

... mhd ...!!! 

Castro::construct_old_gravity() time = 0.029499778 on level 0

Castro::do_old_sources() time = 0.040677984 on level 0

[1m[32m  Subcycle completed[0m

  Subcycling complete

  Zones advanced per microsecond at this level: 0.1314608856

[Level 0 step 86] Advanced 262144 cells
Castro::construct_new_gravity() time = 0.021704683 on level 0

Castro::do_new_sources() time = 0.045654662 on level 0


TIME= 0.3700679928 MASS        = 2.771344368e+33
TIME= 0.3700679928 XMOM        = -7.897334328e+36
TIME= 0.3700679928 YMOM        = 3.142565747e+38
TIME= 0.3700679928 ZMOM        = -3.922434614e+38
TIME= 0.3700679928 ANG MOM X   = -4.389933376e+45
TIME= 0.3700679928 ANG MOM Y   = -1.484703215e+46
TIME= 0.3700679928 ANG MOM Z   = 2.554287548e+45
TIME= 0.3700679928 RHO*e       = 2.647061793e+51
TIME= 0.3700679928 RHO*K       = 6.322533494e+47
TIME= 0.3700679928 RHO*E       = 2.670523587e+51
TIME= 0.3700679928 RHO*PHI     = 0
TIME= 0.3700679928 TOTAL ENERGY= 2.670523587e+51
TIME= 0.3700679928 CENTER OF MASS X-LOC = -256579.8213
TIME= 0.3700679928 CENTER OF MASS X-VEL = -2849.640204
TIME= 0.3700679928 CENTER OF MASS Y-LOC = -311629.1805
TIME= 0.3700679928 CENTER OF MASS Y-VEL = 113394.9928
TIME= 0.3700679928 CENTER OF MASS Z-LOC = -333475.75
TIME= 0.3700679928 CENTER OF MASS Z-VEL = -141535.4461
TIME= 0.3700679928 MAXIMUM TEMPERATURE  = 0
TIME= 0.3700679928 MAXIMUM DENSITY      = 873136026.9

STEP = 86 TIME = 0.3700679928 DT = 0.009613636729


[STEP 86] Coarse TimeStep time: 2.018004225
[STEP 86] FAB kilobyte spread across MPI nodes: [105462 ... 105462]

...estimated hydro-limited timestep at level 0: 0.009615819959
...hydro-limited CFL timestep constrained at (i,j,k) = (32,32,32)
Castro::estTimeStep (hydro-limited) at level 0:  estdt = 0.009615819959

[Level 0 step 87] ADVANCE at time 0.3700679928 with dt = 0.009615819959

[1m[32m  Beginning subcycle 1 starting at time 0.3700679928 with dt = 0.009615819959[0m
  Estimated number of subcycles remaining: 1

... mhd ...!!! 

Castro::construct_old_gravity() time = 0.02646634 on level 0

Castro::do_old_sources() time = 0.040225964 on level 0

[1m[32m  Subcycle completed[0m

  Subcycling complete

  Zones advanced per microsecond at this level: 0.1487799879

[Level 0 step 87] Advanced 262144 cells
Castro::construct_new_gravity() time = 0.014084678 on level 0

Castro::do_new_sources() time = 0.033606026 on level 0


TIME= 0.3796838127 MASS        = 2.77147085e+33
TIME= 0.3796838127 XMOM        = -1.895798607e+37
TIME= 0.3796838127 YMOM        = 3.316422273e+38
TIME= 0.3796838127 ZMOM        = -3.854459136e+38
TIME= 0.3796838127 ANG MOM X   = -3.980831045e+45
TIME= 0.3796838127 ANG MOM Y   = -1.455708018e+46
TIME= 0.3796838127 ANG MOM Z   = 2.333108811e+45
TIME= 0.3796838127 RHO*e       = 2.647335665e+51
TIME= 0.3796838127 RHO*K       = 6.15224388e+47
TIME= 0.3796838127 RHO*E       = 2.670532627e+51
TIME= 0.3796838127 RHO*PHI     = 0
TIME= 0.3796838127 TOTAL ENERGY= 2.670532627e+51
TIME= 0.3796838127 CENTER OF MASS X-LOC = -256805.2403
TIME= 0.3796838127 CENTER OF MASS X-VEL = -6840.406087
TIME= 0.3796838127 CENTER OF MASS Y-LOC = -311678.7528
TIME= 0.3796838127 CENTER OF MASS Y-VEL = 119662.8957
TIME= 0.3796838127 CENTER OF MASS Z-LOC = -335304.2098
TIME= 0.3796838127 CENTER OF MASS Z-VEL = -139076.3008
TIME= 0.3796838127 MAXIMUM TEMPERATURE  = 0
TIME= 0.3796838127 MAXIMUM DENSITY      = 870827609.2

STEP = 87 TIME = 0.3796838127 DT = 0.009615819959


[STEP 87] Coarse TimeStep time: 1.782188304
[STEP 87] FAB kilobyte spread across MPI nodes: [105462 ... 105462]

...estimated hydro-limited timestep at level 0: 0.009617880427
...hydro-limited CFL timestep constrained at (i,j,k) = (32,32,32)
Castro::estTimeStep (hydro-limited) at level 0:  estdt = 0.009617880427

[Level 0 step 88] ADVANCE at time 0.3796838127 with dt = 0.009617880427

[1m[32m  Beginning subcycle 1 starting at time 0.3796838127 with dt = 0.009617880427[0m
  Estimated number of subcycles remaining: 1

... mhd ...!!! 

Castro::construct_old_gravity() time = 0.040046186 on level 0

Castro::do_old_sources() time = 0.039069782 on level 0

[1m[32m  Subcycle completed[0m

  Subcycling complete

  Zones advanced per microsecond at this level: 0.1374726211

[Level 0 step 88] Advanced 262144 cells
Castro::construct_new_gravity() time = 0.017160584 on level 0

Castro::do_new_sources() time = 0.037745523 on level 0


TIME= 0.3893016931 MASS        = 2.771597447e+33
TIME= 0.3893016931 XMOM        = -2.794558992e+37
TIME= 0.3893016931 YMOM        = 3.463115889e+38
TIME= 0.3893016931 ZMOM        = -3.787409172e+38
TIME= 0.3893016931 ANG MOM X   = -3.621077226e+45
TIME= 0.3893016931 ANG MOM Y   = -1.428084788e+46
TIME= 0.3893016931 ANG MOM Z   = 2.124840526e+45
TIME= 0.3893016931 RHO*e       = 2.64760275e+51
TIME= 0.3893016931 RHO*K       = 5.993244304e+47
TIME= 0.3893016931 RHO*E       = 2.670546584e+51
TIME= 0.3893016931 RHO*PHI     = 0
TIME= 0.3893016931 TOTAL ENERGY= 2.670546584e+51
TIME= 0.3893016931 CENTER OF MASS X-LOC = -257055.0395
TIME= 0.3893016931 CENTER OF MASS X-VEL = -10082.84589
TIME= 0.3893016931 CENTER OF MASS Y-LOC = -311654.0216
TIME= 0.3893016931 CENTER OF MASS Y-VEL = 124950.1761
TIME= 0.3893016931 CENTER OF MASS Z-LOC = -337107.011
TIME= 0.3893016931 CENTER OF MASS Z-VEL = -136650.7671
TIME= 0.3893016931 MAXIMUM TEMPERATURE  = 0
TIME= 0.3893016931 MAXIMUM DENSITY      = 868596145.6

STEP = 88 TIME = 0.3893016931 DT = 0.009617880427


[STEP 88] Coarse TimeStep time: 1.925416658
[STEP 88] FAB kilobyte spread across MPI nodes: [105462 ... 105462]

...estimated hydro-limited timestep at level 0: 0.009619888359
...hydro-limited CFL timestep constrained at (i,j,k) = (32,32,32)
Castro::estTimeStep (hydro-limited) at level 0:  estdt = 0.009619888359

[Level 0 step 89] ADVANCE at time 0.3893016931 with dt = 0.009619888359

[1m[32m  Beginning subcycle 1 starting at time 0.3893016931 with dt = 0.009619888359[0m
  Estimated number of subcycles remaining: 1

... mhd ...!!! 

Castro::construct_old_gravity() time = 0.017867489 on level 0

Castro::do_old_sources() time = 0.038540173 on level 0

[1m[32m  Subcycle completed[0m

  Subcycling complete

  Zones advanced per microsecond at this level: 0.1387320779

[Level 0 step 89] Advanced 262144 cells
Castro::construct_new_gravity() time = 0.037384988 on level 0

Castro::do_new_sources() time = 0.047070113 on level 0


TIME= 0.3989215815 MASS        = 2.771724153e+33
TIME= 0.3989215815 XMOM        = -3.512486852e+37
TIME= 0.3989215815 YMOM        = 3.585610884e+38
TIME= 0.3989215815 ZMOM        = -3.721135379e+38
TIME= 0.3989215815 ANG MOM X   = -3.27916597e+45
TIME= 0.3989215815 ANG MOM Y   = -1.399870378e+46
TIME= 0.3989215815 ANG MOM Z   = 1.95859166e+45
TIME= 0.3989215815 RHO*e       = 2.647862127e+51
TIME= 0.3989215815 RHO*K       = 5.844486523e+47
TIME= 0.3989215815 RHO*E       = 2.670565239e+51
TIME= 0.3989215815 RHO*PHI     = 0
TIME= 0.3989215815 TOTAL ENERGY= 2.670565239e+51
TIME= 0.3989215815 CENTER OF MASS X-LOC = -257324.8299
TIME= 0.3989215815 CENTER OF MASS X-VEL = -12672.57006
TIME= 0.3989215815 CENTER OF MASS Y-LOC = -311567.2993
TIME= 0.3989215815 CENTER OF MASS Y-VEL = 129363.9153
TIME= 0.3989215815 CENTER OF MASS Z-LOC = -338883.585
TIME= 0.3989215815 CENTER OF MASS Z-VEL = -134253.4529
TIME= 0.3989215815 MAXIMUM TEMPERATURE  = 0
TIME= 0.3989215815 MAXIMUM DENSITY      = 866442565.5

STEP = 89 TIME = 0.3989215815 DT = 0.009619888359


[STEP 89] Coarse TimeStep time: 1.915969981
[STEP 89] FAB kilobyte spread across MPI nodes: [105462 ... 105462]

...estimated hydro-limited timestep at level 0: 0.00962174157
...hydro-limited CFL timestep constrained at (i,j,k) = (32,32,32)
Castro::estTimeStep (hydro-limited) at level 0:  estdt = 0.00962174157

[Level 0 step 90] ADVANCE at time 0.3989215815 with dt = 0.00962174157

[1m[32m  Beginning subcycle 1 starting at time 0.3989215815 with dt = 0.00962174157[0m
  Estimated number of subcycles remaining: 1

... mhd ...!!! 

Castro::construct_old_gravity() time = 0.021025949 on level 0

Castro::do_old_sources() time = 0.031867505 on level 0

[1m[32m  Subcycle completed[0m

  Subcycling complete

  Zones advanced per microsecond at this level: 0.1007496288

[Level 0 step 90] Advanced 262144 cells
Castro::construct_new_gravity() time = 0.030590112 on level 0

Castro::do_new_sources() time = 0.054965541 on level 0


TIME= 0.4085433231 MASS        = 2.771850963e+33
TIME= 0.4085433231 XMOM        = -4.075193764e+37
TIME= 0.4085433231 YMOM        = 3.687029741e+38
TIME= 0.4085433231 ZMOM        = -3.655595202e+38
TIME= 0.4085433231 ANG MOM X   = -2.965126934e+45
TIME= 0.4085433231 ANG MOM Y   = -1.373384956e+46
TIME= 0.4085433231 ANG MOM Z   = 1.805439753e+45
TIME= 0.4085433231 RHO*e       = 2.648116935e+51
TIME= 0.4085433231 RHO*K       = 5.705199301e+47
TIME= 0.4085433231 RHO*E       = 2.670589034e+51
TIME= 0.4085433231 RHO*PHI     = 0
TIME= 0.4085433231 TOTAL ENERGY= 2.670589034e+51
TIME= 0.4085433231 CENTER OF MASS X-LOC = -257608.4572
TIME= 0.4085433231 CENTER OF MASS X-VEL = -14702.06667
TIME= 0.4085433231 CENTER OF MASS Y-LOC = -311429.1595
TIME= 0.4085433231 CENTER OF MASS Y-VEL = 133016.8826
TIME= 0.4085433231 CENTER OF MASS Z-LOC = -340635.5989
TIME= 0.4085433231 CENTER OF MASS Z-VEL = -131882.8195
TIME= 0.4085433231 MAXIMUM TEMPERATURE  = 0
TIME= 0.4085433231 MAXIMUM DENSITY      = 864351348.6

STEP = 90 TIME = 0.4085433231 DT = 0.00962174157


[STEP 90] Coarse TimeStep time: 2.631376229
[STEP 90] FAB kilobyte spread across MPI nodes: [105462 ... 105462]

PLOTFILE: file = plt_seed42ext00090
Write plotfile time = 0.039490288  seconds

...estimated hydro-limited timestep at level 0: 0.009623644336
...hydro-limited CFL timestep constrained at (i,j,k) = (32,32,32)
Castro::estTimeStep (hydro-limited) at level 0:  estdt = 0.009623644336

[Level 0 step 91] ADVANCE at time 0.4085433231 with dt = 0.009623644336

[1m[32m  Beginning subcycle 1 starting at time 0.4085433231 with dt = 0.009623644336[0m
  Estimated number of subcycles remaining: 1

... mhd ...!!! 

Castro::construct_old_gravity() time = 0.06389952 on level 0

Castro::do_old_sources() time = 0.065662283 on level 0

[1m[32m  Subcycle completed[0m

  Subcycling complete

  Zones advanced per microsecond at this level: 0.07829978025

[Level 0 step 91] Advanced 262144 cells
Castro::construct_new_gravity() time = 0.018261069 on level 0

Castro::do_new_sources() time = 0.039648979 on level 0


TIME= 0.4181669674 MASS        = 2.771977874e+33
TIME= 0.4181669674 XMOM        = -4.506172408e+37
TIME= 0.4181669674 YMOM        = 3.770432973e+38
TIME= 0.4181669674 ZMOM        = -3.590792314e+38
TIME= 0.4181669674 ANG MOM X   = -2.685330252e+45
TIME= 0.4181669674 ANG MOM Y   = -1.348543007e+46
TIME= 0.4181669674 ANG MOM Z   = 1.627758752e+45
TIME= 0.4181669674 RHO*e       = 2.648365931e+51
TIME= 0.4181669674 RHO*K       = 5.574514903e+47
TIME= 0.4181669674 RHO*E       = 2.670616871e+51
TIME= 0.4181669674 RHO*PHI     = 0
TIME= 0.4181669674 TOTAL ENERGY= 2.670616871e+51
TIME= 0.4181669674 CENTER OF MASS X-LOC = -257903.849
TIME= 0.4181669674 CENTER OF MASS X-VEL = -16256.16297
TIME= 0.4181669674 CENTER OF MASS Y-LOC = -311247.7056
TIME= 0.4181669674 CENTER OF MASS Y-VEL = 136019.5912
TIME= 0.4181669674 CENTER OF MASS Z-LOC = -342361.7753
TIME= 0.4181669674 CENTER OF MASS Z-VEL = -129538.9963
TIME= 0.4181669674 MAXIMUM TEMPERATURE  = 0
TIME= 0.4181669674 MAXIMUM DENSITY      = 862310120.1

STEP = 91 TIME = 0.4181669674 DT = 0.009623644336


[STEP 91] Coarse TimeStep time: 3.383407899
[STEP 91] FAB kilobyte spread across MPI nodes: [105462 ... 105462]

...estimated hydro-limited timestep at level 0: 0.009625832331
...hydro-limited CFL timestep constrained at (i,j,k) = (32,32,32)
Castro::estTimeStep (hydro-limited) at level 0:  estdt = 0.009625832331

[Level 0 step 92] ADVANCE at time 0.4181669674 with dt = 0.009625832331

[1m[32m  Beginning subcycle 1 starting at time 0.4181669674 with dt = 0.009625832331[0m
  Estimated number of subcycles remaining: 1

... mhd ...!!! 

Castro::construct_old_gravity() time = 0.020954734 on level 0

Castro::do_old_sources() time = 0.032324378 on level 0

[1m[32m  Subcycle completed[0m

  Subcycling complete

  Zones advanced per microsecond at this level: 0.09893432712

[Level 0 step 92] Advanced 262144 cells
Castro::construct_new_gravity() time = 0.018800541 on level 0

Castro::do_new_sources() time = 0.045273343 on level 0


TIME= 0.4277927997 MASS        = 2.772104888e+33
TIME= 0.4277927997 XMOM        = -4.826134595e+37
TIME= 0.4277927997 YMOM        = 3.838717962e+38
TIME= 0.4277927997 ZMOM        = -3.526718083e+38
TIME= 0.4277927997 ANG MOM X   = -2.443765159e+45
TIME= 0.4277927997 ANG MOM Y   = -1.324256273e+46
TIME= 0.4277927997 ANG MOM Z   = 1.4468777e+45
TIME= 0.4277927997 RHO*e       = 2.64861025e+51
TIME= 0.4277927997 RHO*K       = 5.451787301e+47
TIME= 0.4277927997 RHO*E       = 2.670648879e+51
TIME= 0.4277927997 RHO*PHI     = 0
TIME= 0.4277927997 TOTAL ENERGY= 2.670648879e+51
TIME= 0.4277927997 CENTER OF MASS X-LOC = -258206.9685
TIME= 0.4277927997 CENTER OF MASS X-VEL = -17409.63921
TIME= 0.4277927997 CENTER OF MASS Y-LOC = -311032.7149
TIME= 0.4277927997 CENTER OF MASS Y-VEL = 138476.6492
TIME= 0.4277927997 CENTER OF MASS Z-LOC = -344063.6105
TIME= 0.4277927997 CENTER OF MASS Z-VEL = -127221.6682
TIME= 0.4277927997 MAXIMUM TEMPERATURE  = 0
TIME= 0.4277927997 MAXIMUM DENSITY      = 860307746.2

STEP = 92 TIME = 0.4277927997 DT = 0.009625832331


[STEP 92] Coarse TimeStep time: 2.679243098
[STEP 92] FAB kilobyte spread across MPI nodes: [105462 ... 105462]

...estimated hydro-limited timestep at level 0: 0.009627839891
...hydro-limited CFL timestep constrained at (i,j,k) = (32,32,32)
Castro::estTimeStep (hydro-limited) at level 0:  estdt = 0.009627839891

[Level 0 step 93] ADVANCE at time 0.4277927997 with dt = 0.009627839891

[1m[32m  Beginning subcycle 1 starting at time 0.4277927997 with dt = 0.009627839891[0m
  Estimated number of subcycles remaining: 1

... mhd ...!!! 

Castro::construct_old_gravity() time = 0.028642972 on level 0

Castro::do_old_sources() time = 0.061356892 on level 0

[1m[32m  Subcycle completed[0m

  Subcycling complete

  Zones advanced per microsecond at this level: 0.0929768284

[Level 0 step 93] Advanced 262144 cells
Castro::construct_new_gravity() time = 0.025225609 on level 0

Castro::do_new_sources() time = 0.060438571 on level 0


TIME= 0.4374206396 MASS        = 2.772232001e+33
TIME= 0.4374206396 XMOM        = -5.052806892e+37
TIME= 0.4374206396 YMOM        = 3.894554505e+38
TIME= 0.4374206396 ZMOM        = -3.463349185e+38
TIME= 0.4374206396 ANG MOM X   = -2.223594824e+45
TIME= 0.4374206396 ANG MOM Y   = -1.298757022e+46
TIME= 0.4374206396 ANG MOM Z   = 1.269231367e+45
TIME= 0.4374206396 RHO*e       = 2.648850106e+51
TIME= 0.4374206396 RHO*K       = 5.33654573e+47
TIME= 0.4374206396 RHO*E       = 2.670684507e+51
TIME= 0.4374206396 RHO*PHI     = 0
TIME= 0.4374206396 TOTAL ENERGY= 2.670684507e+51
TIME= 0.4374206396 CENTER OF MASS X-LOC = -258516.3519
TIME= 0.4374206396 CENTER OF MASS X-VEL = -18226.49363
TIME= 0.4374206396 CENTER OF MASS Y-LOC = -310790.5778
TIME= 0.4374206396 CENTER OF MASS Y-VEL = 140484.4365
TIME= 0.4374206396 CENTER OF MASS Z-LOC = -345741.6435
TIME= 0.4374206396 CENTER OF MASS Z-VEL = -124929.9908
TIME= 0.4374206396 MAXIMUM TEMPERATURE  = 0
TIME= 0.4374206396 MAXIMUM DENSITY      = 858307723.5

STEP = 93 TIME = 0.4374206396 DT = 0.009627839891


[STEP 93] Coarse TimeStep time: 2.863872368
[STEP 93] FAB kilobyte spread across MPI nodes: [105462 ... 105462]

...estimated hydro-limited timestep at level 0: 0.009629697726
...hydro-limited CFL timestep constrained at (i,j,k) = (32,32,32)
Castro::estTimeStep (hydro-limited) at level 0:  estdt = 0.009629697726

[Level 0 step 94] ADVANCE at time 0.4374206396 with dt = 0.009629697726

[1m[32m  Beginning subcycle 1 starting at time 0.4374206396 with dt = 0.009629697726[0m
  Estimated number of subcycles remaining: 1

... mhd ...!!! 

Castro::construct_old_gravity() time = 0.023927542 on level 0

Castro::do_old_sources() time = 0.04440466 on level 0

[1m[32m  Subcycle completed[0m

  Subcycling complete

  Zones advanced per microsecond at this level: 0.1008708229

[Level 0 step 94] Advanced 262144 cells
Castro::construct_new_gravity() time = 0.017435242 on level 0

Castro::do_new_sources() time = 0.068709253 on level 0


TIME= 0.4470503374 MASS        = 2.772359209e+33
TIME= 0.4470503374 XMOM        = -5.200994571e+37
TIME= 0.4470503374 YMOM        = 3.940311043e+38
TIME= 0.4470503374 ZMOM        = -3.400658301e+38
TIME= 0.4470503374 ANG MOM X   = -2.013745892e+45
TIME= 0.4470503374 ANG MOM Y   = -1.272694952e+46
TIME= 0.4470503374 ANG MOM Z   = 1.076212418e+45
TIME= 0.4470503374 RHO*e       = 2.649085481e+51
TIME= 0.4470503374 RHO*K       = 5.22814879e+47
TIME= 0.4470503374 RHO*E       = 2.670723801e+51
TIME= 0.4470503374 RHO*PHI     = 0
TIME= 0.4470503374 TOTAL ENERGY= 2.670723801e+51
TIME= 0.4470503374 CENTER OF MASS X-LOC = -258829.3201
TIME= 0.4470503374 CENTER OF MASS X-VEL = -18760.17565
TIME= 0.4470503374 CENTER OF MASS Y-LOC = -310527.6398
TIME= 0.4470503374 CENTER OF MASS Y-VEL = 142128.4454
TIME= 0.4470503374 CENTER OF MASS Z-LOC = -347397.3652
TIME= 0.4470503374 CENTER OF MASS Z-VEL = -122662.9757
TIME= 0.4470503374 MAXIMUM TEMPERATURE  = 0
TIME= 0.4470503374 MAXIMUM DENSITY      = 856311071.6

STEP = 94 TIME = 0.4470503374 DT = 0.009629697726


[STEP 94] Coarse TimeStep time: 2.628322321
[STEP 94] FAB kilobyte spread across MPI nodes: [105462 ... 105462]

...estimated hydro-limited timestep at level 0: 0.009631865003
...hydro-limited CFL timestep constrained at (i,j,k) = (32,32,32)
Castro::estTimeStep (hydro-limited) at level 0:  estdt = 0.009631865003

[Level 0 step 95] ADVANCE at time 0.4470503374 with dt = 0.009631865003

[1m[32m  Beginning subcycle 1 starting at time 0.4470503374 with dt = 0.009631865003[0m
  Estimated number of subcycles remaining: 1

... mhd ...!!! 

Castro::construct_old_gravity() time = 0.026720413 on level 0

Castro::do_old_sources() time = 0.04339242 on level 0

[1m[32m  Subcycle completed[0m

  Subcycling complete

  Zones advanced per microsecond at this level: 0.08878796565

[Level 0 step 95] Advanced 262144 cells
Castro::construct_new_gravity() time = 0.016903935 on level 0

Castro::do_new_sources() time = 0.039855961 on level 0


TIME= 0.4566822024 MASS        = 2.772486513e+33
TIME= 0.4566822024 XMOM        = -5.283530756e+37
TIME= 0.4566822024 YMOM        = 3.9780221e+38
TIME= 0.4566822024 ZMOM        = -3.338614201e+38
TIME= 0.4566822024 ANG MOM X   = -1.792943832e+45
TIME= 0.4566822024 ANG MOM Y   = -1.246449308e+46
TIME= 0.4566822024 ANG MOM Z   = 8.801693667e+44
TIME= 0.4566822024 RHO*e       = 2.649317379e+51
TIME= 0.4566822024 RHO*K       = 5.126051585e+47
TIME= 0.4566822024 RHO*E       = 2.670766892e+51
TIME= 0.4566822024 RHO*PHI     = 0
TIME= 0.4566822024 TOTAL ENERGY= 2.670766892e+51
TIME= 0.4566822024 CENTER OF MASS X-LOC = -259142.031
TIME= 0.4566822024 CENTER OF MASS X-VEL = -19057.01157
TIME= 0.4566822024 CENTER OF MASS Y-LOC = -310248.3528
TIME= 0.4566822024 CENTER OF MASS Y-VEL = 143482.1082
TIME= 0.4566822024 CENTER OF MASS Z-LOC = -349031.7002
TIME= 0.4566822024 CENTER OF MASS Z-VEL = -120419.4929
TIME= 0.4566822024 MAXIMUM TEMPERATURE  = 0
TIME= 0.4566822024 MAXIMUM DENSITY      = 854329171.2

STEP = 95 TIME = 0.4566822024 DT = 0.009631865003


[STEP 95] Coarse TimeStep time: 2.987229698
[STEP 95] FAB kilobyte spread across MPI nodes: [105462 ... 105462]

...estimated hydro-limited timestep at level 0: 0.009634150758
...hydro-limited CFL timestep constrained at (i,j,k) = (32,32,32)
Castro::estTimeStep (hydro-limited) at level 0:  estdt = 0.009634150758

[Level 0 step 96] ADVANCE at time 0.4566822024 with dt = 0.009634150758

[1m[32m  Beginning subcycle 1 starting at time 0.4566822024 with dt = 0.009634150758[0m
  Estimated number of subcycles remaining: 1

... mhd ...!!! 

Castro::construct_old_gravity() time = 0.025112622 on level 0

Castro::do_old_sources() time = 0.039628794 on level 0

[1m[32m  Subcycle completed[0m

  Subcycling complete

  Zones advanced per microsecond at this level: 0.09911049709

[Level 0 step 96] Advanced 262144 cells
Castro::construct_new_gravity() time = 0.016940124 on level 0

Castro::do_new_sources() time = 0.040106209 on level 0


TIME= 0.4663163531 MASS        = 2.772613916e+33
TIME= 0.4663163531 XMOM        = -5.311496045e+37
TIME= 0.4663163531 YMOM        = 4.009335071e+38
TIME= 0.4663163531 ZMOM        = -3.277225633e+38
TIME= 0.4663163531 ANG MOM X   = -1.557090575e+45
TIME= 0.4663163531 ANG MOM Y   = -1.218675337e+46
TIME= 0.4663163531 ANG MOM Z   = 6.84237301e+44
TIME= 0.4663163531 RHO*e       = 2.649545945e+51
TIME= 0.4663163531 RHO*K       = 5.029746445e+47
TIME= 0.4663163531 RHO*E       = 2.670813937e+51
TIME= 0.4663163531 RHO*PHI     = 0
TIME= 0.4663163531 TOTAL ENERGY= 2.670813937e+51
TIME= 0.4663163531 CENTER OF MASS X-LOC = -259452.7888
TIME= 0.4663163531 CENTER OF MASS X-VEL = -19156.99844
TIME= 0.4663163531 CENTER OF MASS Y-LOC = -309955.629
TIME= 0.4663163531 CENTER OF MASS Y-VEL = 144604.8816
TIME= 0.4663163531 CENTER OF MASS Z-LOC = -350644.5119
TIME= 0.4663163531 CENTER OF MASS Z-VEL = -118199.8552
TIME= 0.4663163531 MAXIMUM TEMPERATURE  = 0
TIME= 0.4663163531 MAXIMUM DENSITY      = 852371710.5

STEP = 96 TIME = 0.4663163531 DT = 0.009634150758


[STEP 96] Coarse TimeStep time: 2.673369474
[STEP 96] FAB kilobyte spread across MPI nodes: [105462 ... 105462]

...estimated hydro-limited timestep at level 0: 0.009636331375
...hydro-limited CFL timestep constrained at (i,j,k) = (32,32,32)
Castro::estTimeStep (hydro-limited) at level 0:  estdt = 0.009636331375

[Level 0 step 97] ADVANCE at time 0.4663163531 with dt = 0.009636331375

[1m[32m  Beginning subcycle 1 starting at time 0.4663163531 with dt = 0.009636331375[0m
  Estimated number of subcycles remaining: 1

... mhd ...!!! 

Castro::construct_old_gravity() time = 0.026390823 on level 0

Castro::do_old_sources() time = 0.030436387 on level 0

[1m[32m  Subcycle completed[0m

  Subcycling complete

  Zones advanced per microsecond at this level: 0.103845018

[Level 0 step 97] Advanced 262144 cells
Castro::construct_new_gravity() time = 0.017106135 on level 0

Castro::do_new_sources() time = 0.040453321 on level 0


TIME= 0.4759526845 MASS        = 2.772741413e+33
TIME= 0.4759526845 XMOM        = -5.2944027e+37
TIME= 0.4759526845 YMOM        = 4.035519937e+38
TIME= 0.4759526845 ZMOM        = -3.216536873e+38
TIME= 0.4759526845 ANG MOM X   = -1.324942361e+45
TIME= 0.4759526845 ANG MOM Y   = -1.191031528e+46
TIME= 0.4759526845 ANG MOM Z   = 4.976818054e+44
TIME= 0.4759526845 RHO*e       = 2.649771924e+51
TIME= 0.4759526845 RHO*K       = 4.938759237e+47
TIME= 0.4759526845 RHO*E       = 2.670864811e+51
TIME= 0.4759526845 RHO*PHI     = 0
TIME= 0.4759526845 TOTAL ENERGY= 2.670864811e+51
TIME= 0.4759526845 CENTER OF MASS X-LOC = -259759.0117
TIME= 0.4759526845 CENTER OF MASS X-VEL = -19094.46974
TIME= 0.4759526845 CENTER OF MASS Y-LOC = -309650.9663
TIME= 0.4759526845 CENTER OF MASS Y-VEL = 145542.5998
TIME= 0.4759526845 CENTER OF MASS Z-LOC = -352237.161
TIME= 0.4759526845 CENTER OF MASS Z-VEL = -116005.6563
TIME= 0.4759526845 MAXIMUM TEMPERATURE  = 0
TIME= 0.4759526845 MAXIMUM DENSITY      = 850451378.2

STEP = 97 TIME = 0.4759526845 DT = 0.009636331375


[STEP 97] Coarse TimeStep time: 2.551065035
[STEP 97] FAB kilobyte spread across MPI nodes: [105462 ... 105462]

...estimated hydro-limited timestep at level 0: 0.009638430671
...hydro-limited CFL timestep constrained at (i,j,k) = (32,32,32)
Castro::estTimeStep (hydro-limited) at level 0:  estdt = 0.009638430671

[Level 0 step 98] ADVANCE at time 0.4759526845 with dt = 0.009638430671

[1m[32m  Beginning subcycle 1 starting at time 0.4759526845 with dt = 0.009638430671[0m
  Estimated number of subcycles remaining: 1

... mhd ...!!! 

Castro::construct_old_gravity() time = 0.02286757 on level 0

Castro::do_old_sources() time = 0.03339623 on level 0

[1m[32m  Subcycle completed[0m

  Subcycling complete

  Zones advanced per microsecond at this level: 0.1031029484

[Level 0 step 98] Advanced 262144 cells
Castro::construct_new_gravity() time = 0.017852808 on level 0

Castro::do_new_sources() time = 0.043126558 on level 0


TIME= 0.4855911152 MASS        = 2.772869003e+33
TIME= 0.4855911152 XMOM        = -5.240825249e+37
TIME= 0.4855911152 YMOM        = 4.057516746e+38
TIME= 0.4855911152 ZMOM        = -3.156638817e+38
TIME= 0.4855911152 ANG MOM X   = -1.114287098e+45
TIME= 0.4855911152 ANG MOM Y   = -1.164080192e+46
TIME= 0.4855911152 ANG MOM Z   = 3.234128811e+44
TIME= 0.4855911152 RHO*e       = 2.649995869e+51
TIME= 0.4855911152 RHO*K       = 4.852572097e+47
TIME= 0.4855911152 RHO*E       = 2.670920054e+51
TIME= 0.4855911152 RHO*PHI     = 0
TIME= 0.4855911152 TOTAL ENERGY= 2.670920054e+51
TIME= 0.4855911152 CENTER OF MASS X-LOC = -260057.9501
TIME= 0.4855911152 CENTER OF MASS X-VEL = -18900.37086
TIME= 0.4855911152 CENTER OF MASS Y-LOC = -309336.2961
TIME= 0.4855911152 CENTER OF MASS Y-VEL = 146329.1898
TIME= 0.4855911152 CENTER OF MASS Z-LOC = -353808.8424
TIME= 0.4855911152 CENTER OF MASS Z-VEL = -113840.1711
TIME= 0.4855911152 MAXIMUM TEMPERATURE  = 0
TIME= 0.4855911152 MAXIMUM DENSITY      = 848569389.9

STEP = 98 TIME = 0.4855911152 DT = 0.009638430671


[STEP 98] Coarse TimeStep time: 2.568600648
[STEP 98] FAB kilobyte spread across MPI nodes: [105462 ... 105462]

...estimated hydro-limited timestep at level 0: 0.009640438726
...hydro-limited CFL timestep constrained at (i,j,k) = (32,32,32)
Castro::estTimeStep (hydro-limited) at level 0:  estdt = 0.009640438726

[Level 0 step 99] ADVANCE at time 0.4855911152 with dt = 0.009640438726

[1m[32m  Beginning subcycle 1 starting at time 0.4855911152 with dt = 0.009640438726[0m
  Estimated number of subcycles remaining: 1

... mhd ...!!! 

Castro::construct_old_gravity() time = 0.024990005 on level 0

Castro::do_old_sources() time = 0.03374767 on level 0

[1m[32m  Subcycle completed[0m

  Subcycling complete

  Zones advanced per microsecond at this level: 0.1010577674

[Level 0 step 99] Advanced 262144 cells
Castro::construct_new_gravity() time = 0.018559063 on level 0

Castro::do_new_sources() time = 0.045024715 on level 0


TIME= 0.4952315539 MASS        = 2.772996683e+33
TIME= 0.4952315539 XMOM        = -5.158717172e+37
TIME= 0.4952315539 YMOM        = 4.075969836e+38
TIME= 0.4952315539 ZMOM        = -3.097639252e+38
TIME= 0.4952315539 ANG MOM X   = -9.195829279e+44
TIME= 0.4952315539 ANG MOM Y   = -1.137015212e+46
TIME= 0.4952315539 ANG MOM Z   = 1.491682751e+44
TIME= 0.4952315539 RHO*e       = 2.650218161e+51
TIME= 0.4952315539 RHO*K       = 4.770915348e+47
TIME= 0.4952315539 RHO*E       = 2.670979087e+51
TIME= 0.4952315539 RHO*PHI     = 0
TIME= 0.4952315539 TOTAL ENERGY= 2.670979087e+51
TIME= 0.4952315539 CENTER OF MASS X-LOC = -260349.1407
TIME= 0.4952315539 CENTER OF MASS X-VEL = -18603.40188
TIME= 0.4952315539 CENTER OF MASS Y-LOC = -309013.1161
TIME= 0.4952315539 CENTER OF MASS Y-VEL = 146987.9088
TIME= 0.4952315539 CENTER OF MASS Z-LOC = -355358.5626
TIME= 0.4952315539 CENTER OF MASS Z-VEL = -111707.283
TIME= 0.4952315539 MAXIMUM TEMPERATURE  = 0
TIME= 0.4952315539 MAXIMUM DENSITY      = 846718712.6

STEP = 99 TIME = 0.4952315539 DT = 0.009640438726


[STEP 99] Coarse TimeStep time: 2.625440481
[STEP 99] FAB kilobyte spread across MPI nodes: [105462 ... 105462]

...estimated hydro-limited timestep at level 0: 0.009642390911
...hydro-limited CFL timestep constrained at (i,j,k) = (32,32,32)
Castro::estTimeStep (hydro-limited) at level 0:  estdt = 0.009642390911

[Level 0 step 100] ADVANCE at time 0.4952315539 with dt = 0.009642390911

[1m[32m  Beginning subcycle 1 starting at time 0.4952315539 with dt = 0.009642390911[0m
  Estimated number of subcycles remaining: 1

... mhd ...!!! 

Castro::construct_old_gravity() time = 0.024924683 on level 0

Castro::do_old_sources() time = 0.036076676 on level 0

[1m[32m  Subcycle completed[0m

  Subcycling complete

  Zones advanced per microsecond at this level: 0.1028987886

[Level 0 step 100] Advanced 262144 cells
Castro::construct_new_gravity() time = 0.017164021 on level 0

Castro::do_new_sources() time = 0.041209781 on level 0


TIME= 0.5048739448 MASS        = 2.773124454e+33
TIME= 0.5048739448 XMOM        = -5.055343641e+37
TIME= 0.5048739448 YMOM        = 4.091281425e+38
TIME= 0.5048739448 ZMOM        = -3.039590877e+38
TIME= 0.5048739448 ANG MOM X   = -7.431007021e+44
TIME= 0.5048739448 ANG MOM Y   = -1.109684594e+46
TIME= 0.5048739448 ANG MOM Z   = -2.138097801e+43
TIME= 0.5048739448 RHO*e       = 2.650436255e+51
TIME= 0.5048739448 RHO*K       = 4.693370691e+47
TIME= 0.5048739448 RHO*E       = 2.671039712e+51
TIME= 0.5048739448 RHO*PHI     = 0
TIME= 0.5048739448 TOTAL ENERGY= 2.671039712e+51
TIME= 0.5048739448 CENTER OF MASS X-LOC = -260631.8796
TIME= 0.5048739448 CENTER OF MASS X-VEL = -18229.77557
TIME= 0.5048739448 CENTER OF MASS Y-LOC = -308682.422
TIME= 0.5048739448 CENTER OF MASS Y-VEL = 147533.2786
TIME= 0.5048739448 CENTER OF MASS Z-LOC = -356886.601
TIME= 0.5048739448 CENTER OF MASS Z-VEL = -109608.888
TIME= 0.5048739448 MAXIMUM TEMPERATURE  = 0
TIME= 0.5048739448 MAXIMUM DENSITY      = 844897073.7

STEP = 100 TIME = 0.5048739448 DT = 0.009642390911


[STEP 100] Coarse TimeStep time: 2.57734451
[STEP 100] FAB kilobyte spread across MPI nodes: [105462 ... 105462]

PLOTFILE: file = plt_seed42ext00100
Write plotfile time = 0.03938669  seconds

...estimated hydro-limited timestep at level 0: 0.009644273732
...hydro-limited CFL timestep constrained at (i,j,k) = (32,32,32)
Castro::estTimeStep (hydro-limited) at level 0:  estdt = 0.009644273732

[Level 0 step 101] ADVANCE at time 0.5048739448 with dt = 0.009644273732

[1m[32m  Beginning subcycle 1 starting at time 0.5048739448 with dt = 0.009644273732[0m
  Estimated number of subcycles remaining: 1

... mhd ...!!! 

Castro::construct_old_gravity() time = 0.024593487 on level 0

Castro::do_old_sources() time = 0.036137202 on level 0

[1m[32m  Subcycle completed[0m

  Subcycling complete

  Zones advanced per microsecond at this level: 0.09856231447

[Level 0 step 101] Advanced 262144 cells
Castro::construct_new_gravity() time = 0.027402444 on level 0

Castro::do_new_sources() time = 0.06013598 on level 0


TIME= 0.5145182185 MASS        = 2.773252311e+33
TIME= 0.5145182185 XMOM        = -4.9371731e+37
TIME= 0.5145182185 YMOM        = 4.103704313e+38
TIME= 0.5145182185 ZMOM        = -2.982470078e+38
TIME= 0.5145182185 ANG MOM X   = -5.8417052e+44
TIME= 0.5145182185 ANG MOM Y   = -1.082171194e+46
TIME= 0.5145182185 ANG MOM Z   = -1.864067567e+44
TIME= 0.5145182185 RHO*e       = 2.650651652e+51
TIME= 0.5145182185 RHO*K       = 4.619669372e+47
TIME= 0.5145182185 RHO*E       = 2.671102874e+51
TIME= 0.5145182185 RHO*PHI     = 0
TIME= 0.5145182185 TOTAL ENERGY= 2.671102874e+51
TIME= 0.5145182185 CENTER OF MASS X-LOC = -260905.234
TIME= 0.5145182185 CENTER OF MASS X-VEL = -17802.82695
TIME= 0.5145182185 CENTER OF MASS Y-LOC = -308345.873
TIME= 0.5145182185 CENTER OF MASS Y-VEL = 147974.4305
TIME= 0.5145182185 CENTER OF MASS Z-LOC = -358394.1368
TIME= 0.5145182185 CENTER OF MASS Z-VEL = -107544.1303
TIME= 0.5145182185 MAXIMUM TEMPERATURE  = 0
TIME= 0.5145182185 MAXIMUM DENSITY      = 843092011.2

STEP = 101 TIME = 0.5145182185 DT = 0.009644273732


[STEP 101] Coarse TimeStep time: 2.687332702
[STEP 101] FAB kilobyte spread across MPI nodes: [105462 ... 105462]

...estimated hydro-limited timestep at level 0: 0.009646158202
...hydro-limited CFL timestep constrained at (i,j,k) = (32,32,32)
Castro::estTimeStep (hydro-limited) at level 0:  estdt = 0.009646158202

[Level 0 step 102] ADVANCE at time 0.5145182185 with dt = 0.009646158202

[1m[32m  Beginning subcycle 1 starting at time 0.5145182185 with dt = 0.009646158202[0m
  Estimated number of subcycles remaining: 1

... mhd ...!!! 

Castro::construct_old_gravity() time = 0.022859364 on level 0

Castro::do_old_sources() time = 0.032991449 on level 0

[1m[32m  Subcycle completed[0m

  Subcycling complete

  Zones advanced per microsecond at this level: 0.09849137187

[Level 0 step 102] Advanced 262144 cells
Castro::construct_new_gravity() time = 0.018848285 on level 0

Castro::do_new_sources() time = 0.063980608 on level 0


TIME= 0.5241643767 MASS        = 2.773380257e+33
TIME= 0.5241643767 XMOM        = -4.809896505e+37
TIME= 0.5241643767 YMOM        = 4.113430991e+38
TIME= 0.5241643767 ZMOM        = -2.926168771e+38
TIME= 0.5241643767 ANG MOM X   = -4.396804236e+44
TIME= 0.5241643767 ANG MOM Y   = -1.054306951e+46
TIME= 0.5241643767 ANG MOM Z   = -3.464921009e+44
TIME= 0.5241643767 RHO*e       = 2.650863875e+51
TIME= 0.5241643767 RHO*K       = 4.549554472e+47
TIME= 0.5241643767 RHO*E       = 2.671167869e+51
TIME= 0.5241643767 RHO*PHI     = 0
TIME= 0.5241643767 TOTAL ENERGY= 2.671167869e+51
TIME= 0.5241643767 CENTER OF MASS X-LOC = -261170.3144
TIME= 0.5241643767 CENTER OF MASS X-VEL = -17343.08338
TIME= 0.5241643767 CENTER OF MASS Y-LOC = -308005.369
TIME= 0.5241643767 CENTER OF MASS Y-VEL = 148318.3195
TIME= 0.5241643767 CENTER OF MASS Z-LOC = -359882.765
TIME= 0.5241643767 CENTER OF MASS Z-VEL = -105509.108
TIME= 0.5241643767 MAXIMUM TEMPERATURE  = 0
TIME= 0.5241643767 MAXIMUM DENSITY      = 841301613.7

STEP = 102 TIME = 0.5241643767 DT = 0.009646158202


[STEP 102] Coarse TimeStep time: 2.69861258
[STEP 102] FAB kilobyte spread across MPI nodes: [105462 ... 105462]

...estimated hydro-limited timestep at level 0: 0.00964815999
...hydro-limited CFL timestep constrained at (i,j,k) = (32,32,32)
Castro::estTimeStep (hydro-limited) at level 0:  estdt = 0.00964815999

[Level 0 step 103] ADVANCE at time 0.5241643767 with dt = 0.00964815999

[1m[32m  Beginning subcycle 1 starting at time 0.5241643767 with dt = 0.00964815999[0m
  Estimated number of subcycles remaining: 1

... mhd ...!!! 

Castro::construct_old_gravity() time = 0.067009594 on level 0

Castro::do_old_sources() time = 0.062170944 on level 0

[1m[32m  Subcycle completed[0m

  Subcycling complete

  Zones advanced per microsecond at this level: 0.08782826105

[Level 0 step 103] Advanced 262144 cells
Castro::construct_new_gravity() time = 0.018910791 on level 0

Castro::do_new_sources() time = 0.045358492 on level 0


TIME= 0.5338125367 MASS        = 2.77350829e+33
TIME= 0.5338125367 XMOM        = -4.678216598e+37
TIME= 0.5338125367 YMOM        = 4.120635011e+38
TIME= 0.5338125367 ZMOM        = -2.870544941e+38
TIME= 0.5338125367 ANG MOM X   = -3.064527885e+44
TIME= 0.5338125367 ANG MOM Y   = -1.026598247e+46
TIME= 0.5338125367 ANG MOM Z   = -5.011676671e+44
TIME= 0.5338125367 RHO*e       = 2.651072855e+51
TIME= 0.5338125367 RHO*K       = 4.48273663e+47
TIME= 0.5338125367 RHO*E       = 2.671234593e+51
TIME= 0.5338125367 RHO*PHI     = 0
TIME= 0.5338125367 TOTAL ENERGY= 2.671234593e+51
TIME= 0.5338125367 CENTER OF MASS X-LOC = -261428.1329
TIME= 0.5338125367 CENTER OF MASS X-VEL = -16867.50537
TIME= 0.5338125367 CENTER OF MASS Y-LOC = -307662.8487
TIME= 0.5338125367 CENTER OF MASS Y-VEL = 148571.2167
TIME= 0.5338125367 CENTER OF MASS Z-LOC = -361352.1119
TIME= 0.5338125367 CENTER OF MASS Z-VEL = -103498.697
TIME= 0.5338125367 MAXIMUM TEMPERATURE  = 0
TIME= 0.5338125367 MAXIMUM DENSITY      = 839530894.9

STEP = 103 TIME = 0.5338125367 DT = 0.00964815999


[STEP 103] Coarse TimeStep time: 3.023674987
[STEP 103] FAB kilobyte spread across MPI nodes: [105462 ... 105462]

...estimated hydro-limited timestep at level 0: 0.009650234194
...hydro-limited CFL timestep constrained at (i,j,k) = (32,32,32)
Castro::estTimeStep (hydro-limited) at level 0:  estdt = 0.009650234194

[Level 0 step 104] ADVANCE at time 0.5338125367 with dt = 0.009650234194

[1m[32m  Beginning subcycle 1 starting at time 0.5338125367 with dt = 0.009650234194[0m
  Estimated number of subcycles remaining: 1

... mhd ...!!! 

Castro::construct_old_gravity() time = 0.021565718 on level 0

Castro::do_old_sources() time = 0.048001862 on level 0

[1m[32m  Subcycle completed[0m

  Subcycling complete

  Zones advanced per microsecond at this level: 0.09742176052

[Level 0 step 104] Advanced 262144 cells
Castro::construct_new_gravity() time = 0.021870674 on level 0

Castro::do_new_sources() time = 0.050846817 on level 0


TIME= 0.5434627709 MASS        = 2.773636412e+33
TIME= 0.5434627709 XMOM        = -4.545338174e+37
TIME= 0.5434627709 YMOM        = 4.125475451e+38
TIME= 0.5434627709 ZMOM        = -2.815456044e+38
TIME= 0.5434627709 ANG MOM X   = -2.06122368e+44
TIME= 0.5434627709 ANG MOM Y   = -9.985640683e+45
TIME= 0.5434627709 ANG MOM Z   = -6.578157024e+44
TIME= 0.5434627709 RHO*e       = 2.651279747e+51
TIME= 0.5434627709 RHO*K       = 4.418947401e+47
TIME= 0.5434627709 RHO*E       = 2.671304308e+51
TIME= 0.5434627709 RHO*PHI     = 0
TIME= 0.5434627709 TOTAL ENERGY= 2.671304308e+51
TIME= 0.5434627709 CENTER OF MASS X-LOC = -261679.726
TIME= 0.5434627709 CENTER OF MASS X-VEL = -16387.64964
TIME= 0.5434627709 CENTER OF MASS Y-LOC = -307319.0712
TIME= 0.5434627709 CENTER OF MASS Y-VEL = 148738.8698
TIME= 0.5434627709 CENTER OF MASS Z-LOC = -362803.3037
TIME= 0.5434627709 CENTER OF MASS Z-VEL = -101507.7546
TIME= 0.5434627709 MAXIMUM TEMPERATURE  = 0
TIME= 0.5434627709 MAXIMUM DENSITY      = 837791945.6

STEP = 104 TIME = 0.5434627709 DT = 0.009650234194


[STEP 104] Coarse TimeStep time: 2.727588134
[STEP 104] FAB kilobyte spread across MPI nodes: [105462 ... 105462]

...estimated hydro-limited timestep at level 0: 0.009652311369
...hydro-limited CFL timestep constrained at (i,j,k) = (32,32,32)
Castro::estTimeStep (hydro-limited) at level 0:  estdt = 0.009652311369

[Level 0 step 105] ADVANCE at time 0.5434627709 with dt = 0.009652311369

[1m[32m  Beginning subcycle 1 starting at time 0.5434627709 with dt = 0.009652311369[0m
  Estimated number of subcycles remaining: 1

... mhd ...!!! 

Castro::construct_old_gravity() time = 0.026660773 on level 0

Castro::do_old_sources() time = 0.039251395 on level 0

[1m[32m  Subcycle completed[0m

  Subcycling complete

  Zones advanced per microsecond at this level: 0.0999921563

[Level 0 step 105] Advanced 262144 cells
Castro::construct_new_gravity() time = 0.020162896 on level 0

Castro::do_new_sources() time = 0.066378562 on level 0


TIME= 0.5531150823 MASS        = 2.773764623e+33
TIME= 0.5531150823 XMOM        = -4.41315238e+37
TIME= 0.5531150823 YMOM        = 4.128155643e+38
TIME= 0.5531150823 ZMOM        = -2.760796911e+38
TIME= 0.5531150823 ANG MOM X   = -1.22074001e+44
TIME= 0.5531150823 ANG MOM Y   = -9.706253194e+45
TIME= 0.5531150823 ANG MOM Z   = -8.196238895e+44
TIME= 0.5531150823 RHO*e       = 2.651485166e+51
TIME= 0.5531150823 RHO*K       = 4.357952133e+47
TIME= 0.5531150823 RHO*E       = 2.671376438e+51
TIME= 0.5531150823 RHO*PHI     = 0
TIME= 0.5531150823 TOTAL ENERGY= 2.671376438e+51
TIME= 0.5531150823 CENTER OF MASS X-LOC = -261925.8516
TIME= 0.5531150823 CENTER OF MASS X-VEL = -15910.3348
TIME= 0.5531150823 CENTER OF MASS Y-LOC = -306976.5731
TIME= 0.5531150823 CENTER OF MASS Y-VEL = 148828.6212
TIME= 0.5531150823 CENTER OF MASS Z-LOC = -364234.6982
TIME= 0.5531150823 CENTER OF MASS Z-VEL = -99532.48696
TIME= 0.5531150823 MAXIMUM TEMPERATURE  = 0
TIME= 0.5531150823 MAXIMUM DENSITY      = 836089214.1

STEP = 105 TIME = 0.5531150823 DT = 0.009652311369


[STEP 105] Coarse TimeStep time: 2.654853114
[STEP 105] FAB kilobyte spread across MPI nodes: [105462 ... 105462]

...estimated hydro-limited timestep at level 0: 0.009654258222
...hydro-limited CFL timestep constrained at (i,j,k) = (32,32,32)
Castro::estTimeStep (hydro-limited) at level 0:  estdt = 0.009654258222

[Level 0 step 106] ADVANCE at time 0.5531150823 with dt = 0.009654258222

[1m[32m  Beginning subcycle 1 starting at time 0.5531150823 with dt = 0.009654258222[0m
  Estimated number of subcycles remaining: 1

... mhd ...!!! 

Castro::construct_old_gravity() time = 0.020476486 on level 0

Castro::do_old_sources() time = 0.033547538 on level 0

[1m[32m  Subcycle completed[0m

  Subcycling complete

  Zones advanced per microsecond at this level: 0.09937279735

[Level 0 step 106] Advanced 262144 cells
Castro::construct_new_gravity() time = 0.019025229 on level 0

Castro::do_new_sources() time = 0.046187279 on level 0


TIME= 0.5627693405 MASS        = 2.773892919e+33
TIME= 0.5627693405 XMOM        = -4.282792799e+37
TIME= 0.5627693405 YMOM        = 4.128892137e+38
TIME= 0.5627693405 ZMOM        = -2.706504315e+38
TIME= 0.5627693405 ANG MOM X   = -4.571076904e+43
TIME= 0.5627693405 ANG MOM Y   = -9.437816334e+45
TIME= 0.5627693405 ANG MOM Z   = -9.696061937e+44
TIME= 0.5627693405 RHO*e       = 2.651690653e+51
TIME= 0.5627693405 RHO*K       = 4.299811245e+47
TIME= 0.5627693405 RHO*E       = 2.671452584e+51
TIME= 0.5627693405 RHO*PHI     = 0
TIME= 0.5627693405 TOTAL ENERGY= 2.671452584e+51
TIME= 0.5627693405 CENTER OF MASS X-LOC = -262166.3884
TIME= 0.5627693405 CENTER OF MASS X-VEL = -15439.64718
TIME= 0.5627693405 CENTER OF MASS Y-LOC = -306636.387
TIME= 0.5627693405 CENTER OF MASS Y-VEL = 148848.2885
TIME= 0.5627693405 CENTER OF MASS Z-LOC = -365646.3154
TIME= 0.5627693405 CENTER OF MASS Z-VEL = -97570.61263
TIME= 0.5627693405 MAXIMUM TEMPERATURE  = 0
TIME= 0.5627693405 MAXIMUM DENSITY      = 834427310.4

STEP = 106 TIME = 0.5627693405 DT = 0.009654258222


[STEP 106] Coarse TimeStep time: 2.66856894
[STEP 106] FAB kilobyte spread across MPI nodes: [105462 ... 105462]

...estimated hydro-limited timestep at level 0: 0.009655609376
...hydro-limited CFL timestep constrained at (i,j,k) = (32,33,32)
Castro::estTimeStep (hydro-limited) at level 0:  estdt = 0.009655609376

[Level 0 step 107] ADVANCE at time 0.5627693405 with dt = 0.009655609376

[1m[32m  Beginning subcycle 1 starting at time 0.5627693405 with dt = 0.009655609376[0m
  Estimated number of subcycles remaining: 1

... mhd ...!!! 

Castro::construct_old_gravity() time = 0.019903407 on level 0

Castro::do_old_sources() time = 0.043929458 on level 0

[1m[32m  Subcycle completed[0m

  Subcycling complete

  Zones advanced per microsecond at this level: 0.1031094324

[Level 0 step 107] Advanced 262144 cells
Castro::construct_new_gravity() time = 0.017938752 on level 0

Castro::do_new_sources() time = 0.044462892 on level 0


TIME= 0.5724249499 MASS        = 2.774021294e+33
TIME= 0.5724249499 XMOM        = -4.154650403e+37
TIME= 0.5724249499 YMOM        = 4.127869889e+38
TIME= 0.5724249499 ZMOM        = -2.652525986e+38
TIME= 0.5724249499 ANG MOM X   = 8.378354896e+42
TIME= 0.5724249499 ANG MOM Y   = -9.179137985e+45
TIME= 0.5724249499 ANG MOM Z   = -1.115141358e+45
TIME= 0.5724249499 RHO*e       = 2.651895151e+51
TIME= 0.5724249499 RHO*K       = 4.244201361e+47
TIME= 0.5724249499 RHO*E       = 2.671530926e+51
TIME= 0.5724249499 RHO*PHI     = 0
TIME= 0.5724249499 TOTAL ENERGY= 2.671530926e+51
TIME= 0.5724249499 CENTER OF MASS X-LOC = -262402.1519
TIME= 0.5724249499 CENTER OF MASS X-VEL = -14976.99535
TIME= 0.5724249499 CENTER OF MASS Y-LOC = -306298.5285
TIME= 0.5724249499 CENTER OF MASS Y-VEL = 148804.5495
TIME= 0.5724249499 CENTER OF MASS Z-LOC = -367038.0309
TIME= 0.5724249499 CENTER OF MASS Z-VEL = -95620.24601
TIME= 0.5724249499 MAXIMUM TEMPERATURE  = 0
TIME= 0.5724249499 MAXIMUM DENSITY      = 832802273.4

STEP = 107 TIME = 0.5724249499 DT = 0.009655609376


[STEP 107] Coarse TimeStep time: 2.572629691
[STEP 107] FAB kilobyte spread across MPI nodes: [105462 ... 105462]

...estimated hydro-limited timestep at level 0: 0.009657169142
...hydro-limited CFL timestep constrained at (i,j,k) = (32,33,32)
Castro::estTimeStep (hydro-limited) at level 0:  estdt = 0.009657169142

[Level 0 step 108] ADVANCE at time 0.5724249499 with dt = 0.009657169142

[1m[32m  Beginning subcycle 1 starting at time 0.5724249499 with dt = 0.009657169142[0m
  Estimated number of subcycles remaining: 1

... mhd ...!!! 

Castro::construct_old_gravity() time = 0.023740958 on level 0

Castro::do_old_sources() time = 0.040201511 on level 0

[1m[32m  Subcycle completed[0m

  Subcycling complete

  Zones advanced per microsecond at this level: 0.1017285056

[Level 0 step 108] Advanced 262144 cells
Castro::construct_new_gravity() time = 0.019223538 on level 0

Castro::do_new_sources() time = 0.04193734 on level 0


TIME= 0.582082119 MASS        = 2.77414975e+33
TIME= 0.582082119 XMOM        = -4.028773518e+37
TIME= 0.582082119 YMOM        = 4.125268046e+38
TIME= 0.582082119 ZMOM        = -2.598837508e+38
TIME= 0.582082119 ANG MOM X   = 4.359674029e+43
TIME= 0.582082119 ANG MOM Y   = -8.937430337e+45
TIME= 0.582082119 ANG MOM Z   = -1.248420897e+45
TIME= 0.582082119 RHO*e       = 2.652097098e+51
TIME= 0.582082119 RHO*K       = 4.190818766e+47
TIME= 0.582082119 RHO*E       = 2.671610263e+51
TIME= 0.582082119 RHO*PHI     = 0
TIME= 0.582082119 TOTAL ENERGY= 2.671610263e+51
TIME= 0.582082119 CENTER OF MASS X-LOC = -262632.7236
TIME= 0.582082119 CENTER OF MASS X-VEL = -14522.55242
TIME= 0.582082119 CENTER OF MASS Y-LOC = -305963.6872
TIME= 0.582082119 CENTER OF MASS Y-VEL = 148703.8703
TIME= 0.582082119 CENTER OF MASS Z-LOC = -368408.5075
TIME= 0.582082119 CENTER OF MASS Z-VEL = -93680.50545
TIME= 0.582082119 MAXIMUM TEMPERATURE  = 0
TIME= 0.582082119 MAXIMUM DENSITY      = 831203572

STEP = 108 TIME = 0.582082119 DT = 0.009657169142


[STEP 108] Coarse TimeStep time: 2.603341742
[STEP 108] FAB kilobyte spread across MPI nodes: [105462 ... 105462]

...estimated hydro-limited timestep at level 0: 0.009658886941
...hydro-limited CFL timestep constrained at (i,j,k) = (32,33,32)
Castro::estTimeStep (hydro-limited) at level 0:  estdt = 0.009658886941

[Level 0 step 109] ADVANCE at time 0.582082119 with dt = 0.009658886941

[1m[32m  Beginning subcycle 1 starting at time 0.582082119 with dt = 0.009658886941[0m
  Estimated number of subcycles remaining: 1

... mhd ...!!! 

Castro::construct_old_gravity() time = 0.021501243 on level 0

Castro::do_old_sources() time = 0.031678651 on level 0

[1m[32m  Subcycle completed[0m

  Subcycling complete

  Zones advanced per microsecond at this level: 0.1030511639

[Level 0 step 109] Advanced 262144 cells
Castro::construct_new_gravity() time = 0.019121729 on level 0

Castro::do_new_sources() time = 0.042673481 on level 0


TIME= 0.591741006 MASS        = 2.774278288e+33
TIME= 0.591741006 XMOM        = -3.905260008e+37
TIME= 0.591741006 YMOM        = 4.1212858e+38
TIME= 0.591741006 ZMOM        = -2.545411095e+38
TIME= 0.591741006 ANG MOM X   = 4.863660359e+43
TIME= 0.591741006 ANG MOM Y   = -8.701365023e+45
TIME= 0.591741006 ANG MOM Z   = -1.365975316e+45
TIME= 0.591741006 RHO*e       = 2.652296764e+51
TIME= 0.591741006 RHO*K       = 4.139690525e+47
TIME= 0.591741006 RHO*E       = 2.671690959e+51
TIME= 0.591741006 RHO*PHI     = 0
TIME= 0.591741006 TOTAL ENERGY= 2.671690959e+51
TIME= 0.591741006 CENTER OF MASS X-LOC = -262857.9444
TIME= 0.591741006 CENTER OF MASS X-VEL = -14076.67005
TIME= 0.591741006 CENTER OF MASS Y-LOC = -305632.9161
TIME= 0.591741006 CENTER OF MASS Y-VEL = 148553.4389
TIME= 0.591741006 CENTER OF MASS Z-LOC = -369758.8195
TIME= 0.591741006 CENTER OF MASS Z-VEL = -91750.38805
TIME= 0.591741006 MAXIMUM TEMPERATURE  = 0
TIME= 0.591741006 MAXIMUM DENSITY      = 829634132.8

STEP = 109 TIME = 0.591741006 DT = 0.009658886941


[STEP 109] Coarse TimeStep time: 2.570100999
[STEP 109] FAB kilobyte spread across MPI nodes: [105462 ... 105462]

...estimated hydro-limited timestep at level 0: 0.009659873583
...hydro-limited CFL timestep constrained at (i,j,k) = (32,33,32)
Castro::estTimeStep (hydro-limited) at level 0:  estdt = 0.009659873583

[Level 0 step 110] ADVANCE at time 0.591741006 with dt = 0.009659873583

[1m[32m  Beginning subcycle 1 starting at time 0.591741006 with dt = 0.009659873583[0m
  Estimated number of subcycles remaining: 1

... mhd ...!!! 

Castro::construct_old_gravity() time = 0.025259801 on level 0

Castro::do_old_sources() time = 0.035268898 on level 0

[1m[32m  Subcycle completed[0m

  Subcycling complete

  Zones advanced per microsecond at this level: 0.1479640453

[Level 0 step 110] Advanced 262144 cells
Castro::construct_new_gravity() time = 0.014289398 on level 0

Castro::do_new_sources() time = 0.069098701 on level 0


TIME= 0.6014008796 MASS        = 2.774406898e+33
TIME= 0.6014008796 XMOM        = -3.783906245e+37
TIME= 0.6014008796 YMOM        = 4.116156818e+38
TIME= 0.6014008796 ZMOM        = -2.492154462e+38
TIME= 0.6014008796 ANG MOM X   = 3.592077173e+43
TIME= 0.6014008796 ANG MOM Y   = -8.459478511e+45
TIME= 0.6014008796 ANG MOM Z   = -1.473344721e+45
TIME= 0.6014008796 RHO*e       = 2.652495871e+51
TIME= 0.6014008796 RHO*K       = 4.090740181e+47
TIME= 0.6014008796 RHO*E       = 2.671773394e+51
TIME= 0.6014008796 RHO*PHI     = 0
TIME= 0.6014008796 TOTAL ENERGY= 2.671773394e+51
TIME= 0.6014008796 CENTER OF MASS X-LOC = -263079.5531
TIME= 0.6014008796 CENTER OF MASS X-VEL = -13638.61317
TIME= 0.6014008796 CENTER OF MASS Y-LOC = -305308.0121
TIME= 0.6014008796 CENTER OF MASS Y-VEL = 148361.6848
TIME= 0.6014008796 CENTER OF MASS Z-LOC = -371090.4798
TIME= 0.6014008796 CENTER OF MASS Z-VEL = -89826.56665
TIME= 0.6014008796 MAXIMUM TEMPERATURE  = 0
TIME= 0.6014008796 MAXIMUM DENSITY      = 828105017.8

STEP = 110 TIME = 0.6014008796 DT = 0.009659873583


[STEP 110] Coarse TimeStep time: 1.795314261
[STEP 110] FAB kilobyte spread across MPI nodes: [105462 ... 105462]

PLOTFILE: file = plt_seed42ext00110
Write plotfile time = 0.033599598  seconds

...estimated hydro-limited timestep at level 0: 0.00966060297
...hydro-limited CFL timestep constrained at (i,j,k) = (32,33,32)
Castro::estTimeStep (hydro-limited) at level 0:  estdt = 0.00966060297

[Level 0 step 111] ADVANCE at time 0.6014008796 with dt = 0.00966060297

[1m[32m  Beginning subcycle 1 starting at time 0.6014008796 with dt = 0.00966060297[0m
  Estimated number of subcycles remaining: 1

... mhd ...!!! 

Castro::construct_old_gravity() time = 0.027429304 on level 0

Castro::do_old_sources() time = 0.03704132 on level 0

[1m[32m  Subcycle completed[0m

  Subcycling complete

  Zones advanced per microsecond at this level: 0.1494796836

[Level 0 step 111] Advanced 262144 cells
Castro::construct_new_gravity() time = 0.014789873 on level 0

Castro::do_new_sources() time = 0.034113489 on level 0


TIME= 0.6110614825 MASS        = 2.774535578e+33
TIME= 0.6110614825 XMOM        = -3.664181769e+37
TIME= 0.6110614825 YMOM        = 4.110107149e+38
TIME= 0.6110614825 ZMOM        = -2.438990144e+38
TIME= 0.6110614825 ANG MOM X   = 2.075998976e+43
TIME= 0.6110614825 ANG MOM Y   = -8.220894033e+45
TIME= 0.6110614825 ANG MOM Z   = -1.570480376e+45
TIME= 0.6110614825 RHO*e       = 2.652693998e+51
TIME= 0.6110614825 RHO*K       = 4.043793568e+47
TIME= 0.6110614825 RHO*E       = 2.671857778e+51
TIME= 0.6110614825 RHO*PHI     = 0
TIME= 0.6110614825 TOTAL ENERGY= 2.671857778e+51
TIME= 0.6110614825 CENTER OF MASS X-LOC = -263298.1735
TIME= 0.6110614825 CENTER OF MASS X-VEL = -13206.46885
TIME= 0.6110614825 CENTER OF MASS Y-LOC = -304988.4996
TIME= 0.6110614825 CENTER OF MASS Y-VEL = 148136.7614
TIME= 0.6110614825 CENTER OF MASS Z-LOC = -372401.0156
TIME= 0.6110614825 CENTER OF MASS Z-VEL = -87906.24865
TIME= 0.6110614825 MAXIMUM TEMPERATURE  = 0
TIME= 0.6110614825 MAXIMUM DENSITY      = 826608238.7

STEP = 111 TIME = 0.6110614825 DT = 0.00966060297


[STEP 111] Coarse TimeStep time: 1.778163816
[STEP 111] FAB kilobyte spread across MPI nodes: [105462 ... 105462]

...estimated hydro-limited timestep at level 0: 0.009661331067
...hydro-limited CFL timestep constrained at (i,j,k) = (32,33,32)
Castro::estTimeStep (hydro-limited) at level 0:  estdt = 0.009661331067

[Level 0 step 112] ADVANCE at time 0.6110614825 with dt = 0.009661331067

[1m[32m  Beginning subcycle 1 starting at time 0.6110614825 with dt = 0.009661331067[0m
  Estimated number of subcycles remaining: 1

... mhd ...!!! 

Castro::construct_old_gravity() time = 0.015527081 on level 0

Castro::do_old_sources() time = 0.028356098 on level 0

[1m[32m  Subcycle completed[0m

  Subcycling complete

  Zones advanced per microsecond at this level: 0.1386832988

[Level 0 step 112] Advanced 262144 cells
Castro::construct_new_gravity() time = 0.039782739 on level 0

Castro::do_new_sources() time = 0.046670999 on level 0


TIME= 0.6207228136 MASS        = 2.774664325e+33
TIME= 0.6207228136 XMOM        = -3.545363923e+37
TIME= 0.6207228136 YMOM        = 4.103332146e+38
TIME= 0.6207228136 ZMOM        = -2.385872697e+38
TIME= 0.6207228136 ANG MOM X   = 1.162043469e+43
TIME= 0.6207228136 ANG MOM Y   = -7.984805719e+45
TIME= 0.6207228136 ANG MOM Z   = -1.657082115e+45
TIME= 0.6207228136 RHO*e       = 2.65289087e+51
TIME= 0.6207228136 RHO*K       = 3.998671679e+47
TIME= 0.6207228136 RHO*E       = 2.671944032e+51
TIME= 0.6207228136 RHO*PHI     = 0
TIME= 0.6207228136 TOTAL ENERGY= 2.671944032e+51
TIME= 0.6207228136 CENTER OF MASS X-LOC = -263514.0452
TIME= 0.6207228136 CENTER OF MASS X-VEL = -12777.63184
TIME= 0.6207228136 CENTER OF MASS Y-LOC = -304674.7078
TIME= 0.6207228136 CENTER OF MASS Y-VEL = 147885.7139
TIME= 0.6207228136 CENTER OF MASS Z-LOC = -373690.6432
TIME= 0.6207228136 CENTER OF MASS Z-VEL = -85987.79588
TIME= 0.6207228136 MAXIMUM TEMPERATURE  = 0
TIME= 0.6207228136 MAXIMUM DENSITY      = 825127643.2

STEP = 112 TIME = 0.6207228136 DT = 0.009661331067


[STEP 112] Coarse TimeStep time: 1.910706688
[STEP 112] FAB kilobyte spread across MPI nodes: [105462 ... 105462]

...estimated hydro-limited timestep at level 0: 0.009662097012
...hydro-limited CFL timestep constrained at (i,j,k) = (32,33,32)
Castro::estTimeStep (hydro-limited) at level 0:  estdt = 0.009662097012

[Level 0 step 113] ADVANCE at time 0.6207228136 with dt = 0.009662097012

[1m[32m  Beginning subcycle 1 starting at time 0.6207228136 with dt = 0.009662097012[0m
  Estimated number of subcycles remaining: 1

... mhd ...!!! 

Castro::construct_old_gravity() time = 0.01772169 on level 0

Castro::do_old_sources() time = 0.030234092 on level 0

[1m[32m  Subcycle completed[0m

  Subcycling complete

  Zones advanced per microsecond at this level: 0.1432377555

[Level 0 step 113] Advanced 262144 cells
Castro::construct_new_gravity() time = 0.02096643 on level 0

Castro::do_new_sources() time = 0.048568299 on level 0


TIME= 0.6303849106 MASS        = 2.774793142e+33
TIME= 0.6303849106 XMOM        = -3.426862493e+37
TIME= 0.6303849106 YMOM        = 4.09595553e+38
TIME= 0.6303849106 ZMOM        = -2.332729548e+38
TIME= 0.6303849106 ANG MOM X   = 4.485303878e+42
TIME= 0.6303849106 ANG MOM Y   = -7.752488434e+45
TIME= 0.6303849106 ANG MOM Z   = -1.734391905e+45
TIME= 0.6303849106 RHO*e       = 2.653085971e+51
TIME= 0.6303849106 RHO*K       = 3.955316623e+47
TIME= 0.6303849106 RHO*E       = 2.672031719e+51
TIME= 0.6303849106 RHO*PHI     = 0
TIME= 0.6303849106 TOTAL ENERGY= 2.672031719e+51
TIME= 0.6303849106 CENTER OF MASS X-LOC = -263726.3626
TIME= 0.6303849106 CENTER OF MASS X-VEL = -12349.97464
TIME= 0.6303849106 CENTER OF MASS Y-LOC = -304364.4396
TIME= 0.6303849106 CENTER OF MASS Y-VEL = 147613.0047
TIME= 0.6303849106 CENTER OF MASS Z-LOC = -374960.7637
TIME= 0.6303849106 CENTER OF MASS Z-VEL = -84068.59282
TIME= 0.6303849106 MAXIMUM TEMPERATURE  = 0
TIME= 0.6303849106 MAXIMUM DENSITY      = 823665070.9

STEP = 113 TIME = 0.6303849106 DT = 0.009662097012


[STEP 113] Coarse TimeStep time: 1.853086949
[STEP 113] FAB kilobyte spread across MPI nodes: [105462 ... 105462]

...estimated hydro-limited timestep at level 0: 0.009663397084
...hydro-limited CFL timestep constrained at (i,j,k) = (32,33,32)
Castro::estTimeStep (hydro-limited) at level 0:  estdt = 0.009663397084

[Level 0 step 114] ADVANCE at time 0.6303849106 with dt = 0.009663397084

[1m[32m  Beginning subcycle 1 starting at time 0.6303849106 with dt = 0.009663397084[0m
  Estimated number of subcycles remaining: 1

... mhd ...!!! 

Castro::construct_old_gravity() time = 0.028341258 on level 0

Castro::do_old_sources() time = 0.035334257 on level 0

[1m[32m  Subcycle completed[0m

  Subcycling complete

  Zones advanced per microsecond at this level: 0.1455680281

[Level 0 step 114] Advanced 262144 cells
Castro::construct_new_gravity() time = 0.033384486 on level 0

Castro::do_new_sources() time = 0.061826359 on level 0


TIME= 0.6400483077 MASS        = 2.774922034e+33
TIME= 0.6400483077 XMOM        = -3.308236586e+37
TIME= 0.6400483077 YMOM        = 4.088034136e+38
TIME= 0.6400483077 ZMOM        = -2.279484404e+38
TIME= 0.6400483077 ANG MOM X   = 7.237856129e+42
TIME= 0.6400483077 ANG MOM Y   = -7.518688518e+45
TIME= 0.6400483077 ANG MOM Z   = -1.790476548e+45
TIME= 0.6400483077 RHO*e       = 2.653279567e+51
TIME= 0.6400483077 RHO*K       = 3.913714967e+47
TIME= 0.6400483077 RHO*E       = 2.67212053e+51
TIME= 0.6400483077 RHO*PHI     = 0
TIME= 0.6400483077 TOTAL ENERGY= 2.67212053e+51
TIME= 0.6400483077 CENTER OF MASS X-LOC = -263935.336
TIME= 0.6400483077 CENTER OF MASS X-VEL = -11921.90824
TIME= 0.6400483077 CENTER OF MASS Y-LOC = -304058.0143
TIME= 0.6400483077 CENTER OF MASS Y-VEL = 147320.6845
TIME= 0.6400483077 CENTER OF MASS Z-LOC = -376211.2253
TIME= 0.6400483077 CENTER OF MASS Z-VEL = -82145.89008
TIME= 0.6400483077 MAXIMUM TEMPERATURE  = 0
TIME= 0.6400483077 MAXIMUM DENSITY      = 822212920.4

STEP = 114 TIME = 0.6400483077 DT = 0.009663397084


[STEP 114] Coarse TimeStep time: 1.825376271
[STEP 114] FAB kilobyte spread across MPI nodes: [105462 ... 105462]

...estimated hydro-limited timestep at level 0: 0.009664867277
...hydro-limited CFL timestep constrained at (i,j,k) = (32,33,32)
Castro::estTimeStep (hydro-limited) at level 0:  estdt = 0.009664867277

[Level 0 step 115] ADVANCE at time 0.6400483077 with dt = 0.009664867277

[1m[32m  Beginning subcycle 1 starting at time 0.6400483077 with dt = 0.009664867277[0m
  Estimated number of subcycles remaining: 1

... mhd ...!!! 

Castro::construct_old_gravity() time = 0.025796407 on level 0

Castro::do_old_sources() time = 0.034375267 on level 0

[1m[32m  Subcycle completed[0m

  Subcycling complete

  Zones advanced per microsecond at this level: 0.1004586059

[Level 0 step 115] Advanced 262144 cells
Castro::construct_new_gravity() time = 0.016285272 on level 0

Castro::do_new_sources() time = 0.07988943 on level 0


TIME= 0.649713175 MASS        = 2.775051004e+33
TIME= 0.649713175 XMOM        = -3.189350041e+37
TIME= 0.649713175 YMOM        = 4.079573158e+38
TIME= 0.649713175 ZMOM        = -2.226050752e+38
TIME= 0.649713175 ANG MOM X   = 4.478152256e+42
TIME= 0.649713175 ANG MOM Y   = -7.2858731e+45
TIME= 0.649713175 ANG MOM Z   = -1.833284774e+45
TIME= 0.649713175 RHO*e       = 2.653471471e+51
TIME= 0.649713175 RHO*K       = 3.873697726e+47
TIME= 0.649713175 RHO*E       = 2.672210639e+51
TIME= 0.649713175 RHO*PHI     = 0
TIME= 0.649713175 TOTAL ENERGY= 2.672210639e+51
TIME= 0.649713175 CENTER OF MASS X-LOC = -264139.5375
TIME= 0.649713175 CENTER OF MASS X-VEL = -11492.94206
TIME= 0.649713175 CENTER OF MASS Y-LOC = -303753.7634
TIME= 0.649713175 CENTER OF MASS Y-VEL = 147008.9433
TIME= 0.649713175 CENTER OF MASS Z-LOC = -377443.3519
TIME= 0.649713175 CENTER OF MASS Z-VEL = -80216.57075
TIME= 0.649713175 MAXIMUM TEMPERATURE  = 0
TIME= 0.649713175 MAXIMUM DENSITY      = 820781170.7

STEP = 115 TIME = 0.649713175 DT = 0.009664867277


[STEP 115] Coarse TimeStep time: 2.644385264
[STEP 115] FAB kilobyte spread across MPI nodes: [105462 ... 105462]

...estimated hydro-limited timestep at level 0: 0.009666301759
...hydro-limited CFL timestep constrained at (i,j,k) = (32,33,32)
Castro::estTimeStep (hydro-limited) at level 0:  estdt = 0.009666301759

[Level 0 step 116] ADVANCE at time 0.649713175 with dt = 0.009666301759

[1m[32m  Beginning subcycle 1 starting at time 0.649713175 with dt = 0.009666301759[0m
  Estimated number of subcycles remaining: 1

... mhd ...!!! 

Castro::construct_old_gravity() time = 0.029095873 on level 0

Castro::do_old_sources() time = 0.037890205 on level 0

[1m[32m  Subcycle completed[0m

  Subcycling complete

  Zones advanced per microsecond at this level: 0.08121549389

[Level 0 step 116] Advanced 262144 cells
Castro::construct_new_gravity() time = 0.038274539 on level 0

Castro::do_new_sources() time = 0.055977289 on level 0


TIME= 0.6593794767 MASS        = 2.775180052e+33
TIME= 0.6593794767 XMOM        = -3.070156763e+37
TIME= 0.6593794767 YMOM        = 4.070530352e+38
TIME= 0.6593794767 ZMOM        = -2.172323821e+38
TIME= 0.6593794767 ANG MOM X   = -9.481624545e+42
TIME= 0.6593794767 ANG MOM Y   = -7.056713763e+45
TIME= 0.6593794767 ANG MOM Z   = -1.874251502e+45
TIME= 0.6593794767 RHO*e       = 2.653662886e+51
TIME= 0.6593794767 RHO*K       = 3.83517832e+47
TIME= 0.6593794767 RHO*E       = 2.672302623e+51
TIME= 0.6593794767 RHO*PHI     = 0
TIME= 0.6593794767 TOTAL ENERGY= 2.672302623e+51
TIME= 0.6593794767 CENTER OF MASS X-LOC = -264339.6799
TIME= 0.6593794767 CENTER OF MASS X-VEL = -11062.91017
TIME= 0.6593794767 CENTER OF MASS Y-LOC = -303451.2853
TIME= 0.6593794767 CENTER OF MASS Y-VEL = 146676.2616
TIME= 0.6593794767 CENTER OF MASS Z-LOC = -378657.7676
TIME= 0.6593794767 CENTER OF MASS Z-VEL = -78276.8606
TIME= 0.6593794767 MAXIMUM TEMPERATURE  = 0
TIME= 0.6593794767 MAXIMUM DENSITY      = 819372409.1

STEP = 116 TIME = 0.6593794767 DT = 0.009666301759


[STEP 116] Coarse TimeStep time: 3.279001516
[STEP 116] FAB kilobyte spread across MPI nodes: [105462 ... 105462]

...estimated hydro-limited timestep at level 0: 0.009667666928
...hydro-limited CFL timestep constrained at (i,j,k) = (32,33,32)
Castro::estTimeStep (hydro-limited) at level 0:  estdt = 0.009667666928

[Level 0 step 117] ADVANCE at time 0.6593794767 with dt = 0.009667666928

[1m[32m  Beginning subcycle 1 starting at time 0.6593794767 with dt = 0.009667666928[0m
  Estimated number of subcycles remaining: 1

... mhd ...!!! 

Castro::construct_old_gravity() time = 0.066741446 on level 0

Castro::do_old_sources() time = 0.066290486 on level 0

[1m[32m  Subcycle completed[0m

  Subcycling complete

  Zones advanced per microsecond at this level: 0.1285528063

[Level 0 step 117] Advanced 262144 cells
Castro::construct_new_gravity() time = 0.017151628 on level 0

Castro::do_new_sources() time = 0.043870167 on level 0


TIME= 0.6690471437 MASS        = 2.775309175e+33
TIME= 0.6690471437 XMOM        = -2.950484251e+37
TIME= 0.6690471437 YMOM        = 4.060847085e+38
TIME= 0.6690471437 ZMOM        = -2.118209263e+38
TIME= 0.6690471437 ANG MOM X   = -3.273598115e+43
TIME= 0.6690471437 ANG MOM Y   = -6.8336143e+45
TIME= 0.6690471437 ANG MOM Z   = -1.907742135e+45
TIME= 0.6690471437 RHO*e       = 2.653857013e+51
TIME= 0.6690471437 RHO*K       = 3.79805077e+47
TIME= 0.6690471437 RHO*E       = 2.672399337e+51
TIME= 0.6690471437 RHO*PHI     = 0
TIME= 0.6690471437 TOTAL ENERGY= 2.672399337e+51
TIME= 0.6690471437 CENTER OF MASS X-LOC = -264535.8567
TIME= 0.6690471437 CENTER OF MASS X-VEL = -10631.19121
TIME= 0.6690471437 CENTER OF MASS Y-LOC = -303150.476
TIME= 0.6690471437 CENTER OF MASS Y-VEL = 146320.5297
TIME= 0.6690471437 CENTER OF MASS Z-LOC = -379854.8356
TIME= 0.6690471437 CENTER OF MASS Z-VEL = -76323.36182
TIME= 0.6690471437 MAXIMUM TEMPERATURE  = 0
TIME= 0.6690471437 MAXIMUM DENSITY      = 817985196.6

STEP = 117 TIME = 0.6690471437 DT = 0.009667666928


[STEP 117] Coarse TimeStep time: 2.079138256
[STEP 117] FAB kilobyte spread across MPI nodes: [105462 ... 105462]

...estimated hydro-limited timestep at level 0: 0.009668946033
...hydro-limited CFL timestep constrained at (i,j,k) = (32,33,32)
Castro::estTimeStep (hydro-limited) at level 0:  estdt = 0.009668946033

[Level 0 step 118] ADVANCE at time 0.6690471437 with dt = 0.009668946033

[1m[32m  Beginning subcycle 1 starting at time 0.6690471437 with dt = 0.009668946033[0m
  Estimated number of subcycles remaining: 1

... mhd ...!!! 

Castro::construct_old_gravity() time = 0.02913688 on level 0

Castro::do_old_sources() time = 0.044090292 on level 0

[1m[32m  Subcycle completed[0m

  Subcycling complete

  Zones advanced per microsecond at this level: 0.1102012496

[Level 0 step 118] Advanced 262144 cells
Castro::construct_new_gravity() time = 0.014405688 on level 0

Castro::do_new_sources() time = 0.034483648 on level 0


TIME= 0.6787160897 MASS        = 2.775438373e+33
TIME= 0.6787160897 XMOM        = -2.830078321e+37
TIME= 0.6787160897 YMOM        = 4.050443587e+38
TIME= 0.6787160897 ZMOM        = -2.063649447e+38
TIME= 0.6787160897 ANG MOM X   = -5.726968816e+43
TIME= 0.6787160897 ANG MOM Y   = -6.622801676e+45
TIME= 0.6787160897 ANG MOM Z   = -1.927010859e+45
TIME= 0.6787160897 RHO*e       = 2.654052186e+51
TIME= 0.6787160897 RHO*K       = 3.762271201e+47
TIME= 0.6787160897 RHO*E       = 2.672498882e+51
TIME= 0.6787160897 RHO*PHI     = 0
TIME= 0.6787160897 TOTAL ENERGY= 2.672498882e+51
TIME= 0.6787160897 CENTER OF MASS X-LOC = -264728.7741
TIME= 0.6787160897 CENTER OF MASS X-VEL = -10196.86961
TIME= 0.6787160897 CENTER OF MASS Y-LOC = -302850.4112
TIME= 0.6787160897 CENTER OF MASS Y-VEL = 145938.8768
TIME= 0.6787160897 CENTER OF MASS Z-LOC = -381033.4835
TIME= 0.6787160897 CENTER OF MASS Z-VEL = -74353.99997
TIME= 0.6787160897 MAXIMUM TEMPERATURE  = 0
TIME= 0.6787160897 MAXIMUM DENSITY      = 816621523.9

STEP = 118 TIME = 0.6787160897 DT = 0.009668946033


[STEP 118] Coarse TimeStep time: 2.400573895
[STEP 118] FAB kilobyte spread across MPI nodes: [105462 ... 105462]

...estimated hydro-limited timestep at level 0: 0.009670217465
...hydro-limited CFL timestep constrained at (i,j,k) = (32,33,32)
Castro::estTimeStep (hydro-limited) at level 0:  estdt = 0.009670217465

[Level 0 step 119] ADVANCE at time 0.6787160897 with dt = 0.009670217465

[1m[32m  Beginning subcycle 1 starting at time 0.6787160897 with dt = 0.009670217465[0m
  Estimated number of subcycles remaining: 1

... mhd ...!!! 

Castro::construct_old_gravity() time = 0.029000985 on level 0

Castro::do_old_sources() time = 0.027574112 on level 0

[1m[32m  Subcycle completed[0m

  Subcycling complete

  Zones advanced per microsecond at this level: 0.1605656626

[Level 0 step 119] Advanced 262144 cells
Castro::construct_new_gravity() time = 0.01819435 on level 0

Castro::do_new_sources() time = 0.041855531 on level 0


TIME= 0.6883863071 MASS        = 2.775567646e+33
TIME= 0.6883863071 XMOM        = -2.708757342e+37
TIME= 0.6883863071 YMOM        = 4.039230868e+38
TIME= 0.6883863071 ZMOM        = -2.008635969e+38
TIME= 0.6883863071 ANG MOM X   = -8.11962032e+43
TIME= 0.6883863071 ANG MOM Y   = -6.422042274e+45
TIME= 0.6883863071 ANG MOM Z   = -1.928892641e+45
TIME= 0.6883863071 RHO*e       = 2.654248869e+51
TIME= 0.6883863071 RHO*K       = 3.72784792e+47
TIME= 0.6883863071 RHO*E       = 2.672602292e+51
TIME= 0.6883863071 RHO*PHI     = 0
TIME= 0.6883863071 TOTAL ENERGY= 2.672602292e+51
TIME= 0.6883863071 CENTER OF MASS X-LOC = -264917.6064
TIME= 0.6883863071 CENTER OF MASS X-VEL = -9759.291388
TIME= 0.6883863071 CENTER OF MASS Y-LOC = -302550.6685
TIME= 0.6883863071 CENTER OF MASS Y-VEL = 145528.1003
TIME= 0.6883863071 CENTER OF MASS Z-LOC = -382193.0942
TIME= 0.6883863071 CENTER OF MASS Z-VEL = -72368.47469
TIME= 0.6883863071 MAXIMUM TEMPERATURE  = 0
TIME= 0.6883863071 MAXIMUM DENSITY      = 815280866.2

STEP = 119 TIME = 0.6883863071 DT = 0.009670217465


[STEP 119] Coarse TimeStep time: 1.653873795
[STEP 119] FAB kilobyte spread across MPI nodes: [105462 ... 105462]

...estimated hydro-limited timestep at level 0: 0.009671439555
...hydro-limited CFL timestep constrained at (i,j,k) = (32,33,32)
Castro::estTimeStep (hydro-limited) at level 0:  estdt = 0.009671439555

[Level 0 step 120] ADVANCE at time 0.6883863071 with dt = 0.009671439555

[1m[32m  Beginning subcycle 1 starting at time 0.6883863071 with dt = 0.009671439555[0m
  Estimated number of subcycles remaining: 1

... mhd ...!!! 

Castro::construct_old_gravity() time = 0.018325493 on level 0

Castro::do_old_sources() time = 0.036942653 on level 0

[1m[32m  Subcycle completed[0m

  Subcycling complete

  Zones advanced per microsecond at this level: 0.1253245312

[Level 0 step 120] Advanced 262144 cells
Castro::construct_new_gravity() time = 0.017331427 on level 0

Castro::do_new_sources() time = 0.041733736 on level 0


TIME= 0.6980577467 MASS        = 2.775696992e+33
TIME= 0.6980577467 XMOM        = -2.586385216e+37
TIME= 0.6980577467 YMOM        = 4.027153406e+38
TIME= 0.6980577467 ZMOM        = -1.953181974e+38
TIME= 0.6980577467 ANG MOM X   = -1.025227945e+44
TIME= 0.6980577467 ANG MOM Y   = -6.231703388e+45
TIME= 0.6980577467 ANG MOM Z   = -1.92223769e+45
TIME= 0.6980577467 RHO*e       = 2.654445798e+51
TIME= 0.6980577467 RHO*K       = 3.694689114e+47
TIME= 0.6980577467 RHO*E       = 2.672707664e+51
TIME= 0.6980577467 RHO*PHI     = 0
TIME= 0.6980577467 TOTAL ENERGY= 2.672707664e+51
TIME= 0.6980577467 CENTER OF MASS X-LOC = -265102.7342
TIME= 0.6980577467 CENTER OF MASS X-VEL = -9317.966705
TIME= 0.6980577467 CENTER OF MASS Y-LOC = -302251.8
TIME= 0.6980577467 CENTER OF MASS Y-VEL = 145086.2042
TIME= 0.6980577467 CENTER OF MASS Z-LOC = -383334.3028
TIME= 0.6980577467 CENTER OF MASS Z-VEL = -70367.26196
TIME= 0.6980577467 MAXIMUM TEMPERATURE  = 0
TIME= 0.6980577467 MAXIMUM DENSITY      = 813962075.9

STEP = 120 TIME = 0.6980577467 DT = 0.009671439555


[STEP 120] Coarse TimeStep time: 2.115466321
[STEP 120] FAB kilobyte spread across MPI nodes: [105462 ... 105462]

PLOTFILE: file = plt_seed42ext00120
Write plotfile time = 0.033868679  seconds

...estimated hydro-limited timestep at level 0: 0.009672638278
...hydro-limited CFL timestep constrained at (i,j,k) = (32,33,32)
Castro::estTimeStep (hydro-limited) at level 0:  estdt = 0.009672638278

[Level 0 step 121] ADVANCE at time 0.6980577467 with dt = 0.009672638278

[1m[32m  Beginning subcycle 1 starting at time 0.6980577467 with dt = 0.009672638278[0m
  Estimated number of subcycles remaining: 1

... mhd ...!!! 

Castro::construct_old_gravity() time = 0.022231717 on level 0

Castro::do_old_sources() time = 0.030440601 on level 0

[1m[32m  Subcycle completed[0m

  Subcycling complete

  Zones advanced per microsecond at this level: 0.1454492937

[Level 0 step 121] Advanced 262144 cells
Castro::construct_new_gravity() time = 0.0175051 on level 0

Castro::do_new_sources() time = 0.04343292 on level 0


TIME= 0.707730385 MASS        = 2.775826412e+33
TIME= 0.707730385 XMOM        = -2.462990122e+37
TIME= 0.707730385 YMOM        = 4.014215211e+38
TIME= 0.707730385 ZMOM        = -1.897315138e+38
TIME= 0.707730385 ANG MOM X   = -1.251004044e+44
TIME= 0.707730385 ANG MOM Y   = -6.041271066e+45
TIME= 0.707730385 ANG MOM Z   = -1.906654451e+45
TIME= 0.707730385 RHO*e       = 2.654641828e+51
TIME= 0.707730385 RHO*K       = 3.6626598e+47
TIME= 0.707730385 RHO*E       = 2.672814145e+51
TIME= 0.707730385 RHO*PHI     = 0
TIME= 0.707730385 TOTAL ENERGY= 2.672814145e+51
TIME= 0.707730385 CENTER OF MASS X-LOC = -265283.2254
TIME= 0.707730385 CENTER OF MASS X-VEL = -8872.997648
TIME= 0.707730385 CENTER OF MASS Y-LOC = -301954.8644
TIME= 0.707730385 CENTER OF MASS Y-VEL = 144613.3373
TIME= 0.707730385 CENTER OF MASS Z-LOC = -384455.6535
TIME= 0.707730385 CENTER OF MASS Z-VEL = -68351.36122
TIME= 0.707730385 MAXIMUM TEMPERATURE  = 0
TIME= 0.707730385 MAXIMUM DENSITY      = 812664269.2

STEP = 121 TIME = 0.707730385 DT = 0.009672638278


[STEP 121] Coarse TimeStep time: 1.838390029
[STEP 121] FAB kilobyte spread across MPI nodes: [105462 ... 105462]

...estimated hydro-limited timestep at level 0: 0.009673865116
...hydro-limited CFL timestep constrained at (i,j,k) = (32,33,32)
Castro::estTimeStep (hydro-limited) at level 0:  estdt = 0.009673865116

[Level 0 step 122] ADVANCE at time 0.707730385 with dt = 0.009673865116

[1m[32m  Beginning subcycle 1 starting at time 0.707730385 with dt = 0.009673865116[0m
  Estimated number of subcycles remaining: 1

... mhd ...!!! 

Castro::construct_old_gravity() time = 0.02456629 on level 0

Castro::do_old_sources() time = 0.040400514 on level 0

[1m[32m  Subcycle completed[0m

  Subcycling complete

  Zones advanced per microsecond at this level: 0.1565512501

[Level 0 step 122] Advanced 262144 cells
Castro::construct_new_gravity() time = 0.019230364 on level 0

Castro::do_new_sources() time = 0.041096511 on level 0


TIME= 0.7174042501 MASS        = 2.775955905e+33
TIME= 0.7174042501 XMOM        = -2.338573084e+37
TIME= 0.7174042501 YMOM        = 4.000477501e+38
TIME= 0.7174042501 ZMOM        = -1.841054734e+38
TIME= 0.7174042501 ANG MOM X   = -1.297326684e+44
TIME= 0.7174042501 ANG MOM Y   = -5.853616105e+45
TIME= 0.7174042501 ANG MOM Z   = -1.86452894e+45
TIME= 0.7174042501 RHO*e       = 2.654836707e+51
TIME= 0.7174042501 RHO*K       = 3.63161215e+47
TIME= 0.7174042501 RHO*E       = 2.672921658e+51
TIME= 0.7174042501 RHO*PHI     = 0
TIME= 0.7174042501 TOTAL ENERGY= 2.672921658e+51
TIME= 0.7174042501 CENTER OF MASS X-LOC = -265459.9254
TIME= 0.7174042501 CENTER OF MASS X-VEL = -8424.388443
TIME= 0.7174042501 CENTER OF MASS Y-LOC = -301661.8233
TIME= 0.7174042501 CENTER OF MASS Y-VEL = 144111.7092
TIME= 0.7174042501 CENTER OF MASS Z-LOC = -385556.7551
TIME= 0.7174042501 CENTER OF MASS Z-VEL = -66321.46898
TIME= 0.7174042501 MAXIMUM TEMPERATURE  = 0
TIME= 0.7174042501 MAXIMUM DENSITY      = 811382061.7

STEP = 122 TIME = 0.7174042501 DT = 0.009673865116


[STEP 122] Coarse TimeStep time: 1.6996928
[STEP 122] FAB kilobyte spread across MPI nodes: [105462 ... 105462]

...estimated hydro-limited timestep at level 0: 0.009675218093
...hydro-limited CFL timestep constrained at (i,j,k) = (32,33,32)
Castro::estTimeStep (hydro-limited) at level 0:  estdt = 0.009675218093

[Level 0 step 123] ADVANCE at time 0.7174042501 with dt = 0.009675218093

[1m[32m  Beginning subcycle 1 starting at time 0.7174042501 with dt = 0.009675218093[0m
  Estimated number of subcycles remaining: 1

... mhd ...!!! 

Castro::construct_old_gravity() time = 0.021516517 on level 0

Castro::do_old_sources() time = 0.031935898 on level 0

[1m[32m  Subcycle completed[0m

  Subcycling complete

  Zones advanced per microsecond at this level: 0.1510771624

[Level 0 step 123] Advanced 262144 cells
Castro::construct_new_gravity() time = 0.015411453 on level 0

Castro::do_new_sources() time = 0.043781318 on level 0


TIME= 0.7270794682 MASS        = 2.776085473e+33
TIME= 0.7270794682 XMOM        = -2.212936812e+37
TIME= 0.7270794682 YMOM        = 3.986022081e+38
TIME= 0.7270794682 ZMOM        = -1.784375221e+38
TIME= 0.7270794682 ANG MOM X   = -1.137437751e+44
TIME= 0.7270794682 ANG MOM Y   = -5.666154931e+45
TIME= 0.7270794682 ANG MOM Z   = -1.810366534e+45
TIME= 0.7270794682 RHO*e       = 2.655030351e+51
TIME= 0.7270794682 RHO*K       = 3.601667191e+47
TIME= 0.7270794682 RHO*E       = 2.673029669e+51
TIME= 0.7270794682 RHO*PHI     = 0
TIME= 0.7270794682 TOTAL ENERGY= 2.673029669e+51
TIME= 0.7270794682 CENTER OF MASS X-LOC = -265633.7541
TIME= 0.7270794682 CENTER OF MASS X-VEL = -7971.428954
TIME= 0.7270794682 CENTER OF MASS Y-LOC = -301372.7489
TIME= 0.7270794682 CENTER OF MASS Y-VEL = 143584.2707
TIME= 0.7270794682 CENTER OF MASS Z-LOC = -386638.4726
TIME= 0.7270794682 CENTER OF MASS Z-VEL = -64276.66719
TIME= 0.7270794682 MAXIMUM TEMPERATURE  = 0
TIME= 0.7270794682 MAXIMUM DENSITY      = 810116029.2

STEP = 123 TIME = 0.7270794682 DT = 0.009675218093


[STEP 123] Coarse TimeStep time: 1.75462192
[STEP 123] FAB kilobyte spread across MPI nodes: [105462 ... 105462]

...estimated hydro-limited timestep at level 0: 0.009676769622
...hydro-limited CFL timestep constrained at (i,j,k) = (32,33,32)
Castro::estTimeStep (hydro-limited) at level 0:  estdt = 0.009676769622

[Level 0 step 124] ADVANCE at time 0.7270794682 with dt = 0.009676769622

[1m[32m  Beginning subcycle 1 starting at time 0.7270794682 with dt = 0.009676769622[0m
  Estimated number of subcycles remaining: 1

... mhd ...!!! 

Castro::construct_old_gravity() time = 0.022335235 on level 0

Castro::do_old_sources() time = 0.041533718 on level 0

[1m[32m  Subcycle completed[0m

  Subcycling complete

  Zones advanced per microsecond at this level: 0.1394103083

[Level 0 step 124] Advanced 262144 cells
Castro::construct_new_gravity() time = 0.015668152 on level 0

Castro::do_new_sources() time = 0.034670653 on level 0


TIME= 0.7367562378 MASS        = 2.776215119e+33
TIME= 0.7367562378 XMOM        = -2.085803967e+37
TIME= 0.7367562378 YMOM        = 3.970952515e+38
TIME= 0.7367562378 ZMOM        = -1.72725205e+38
TIME= 0.7367562378 ANG MOM X   = -9.528367791e+43
TIME= 0.7367562378 ANG MOM Y   = -5.473428484e+45
TIME= 0.7367562378 ANG MOM Z   = -1.757476425e+45
TIME= 0.7367562378 RHO*e       = 2.655223671e+51
TIME= 0.7367562378 RHO*K       = 3.572714311e+47
TIME= 0.7367562378 RHO*E       = 2.673138891e+51
TIME= 0.7367562378 RHO*PHI     = 0
TIME= 0.7367562378 TOTAL ENERGY= 2.673138891e+51
TIME= 0.7367562378 CENTER OF MASS X-LOC = -265805.9341
TIME= 0.7367562378 CENTER OF MASS X-VEL = -7513.120841
TIME= 0.7367562378 CENTER OF MASS Y-LOC = -301089.4244
TIME= 0.7367562378 CENTER OF MASS Y-VEL = 143034.7558
TIME= 0.7367562378 CENTER OF MASS Z-LOC = -387699.3003
TIME= 0.7367562378 CENTER OF MASS Z-VEL = -62216.07389
TIME= 0.7367562378 MAXIMUM TEMPERATURE  = 0
TIME= 0.7367562378 MAXIMUM DENSITY      = 808876556.3

STEP = 124 TIME = 0.7367562378 DT = 0.009676769622


[STEP 124] Coarse TimeStep time: 1.900197489
[STEP 124] FAB kilobyte spread across MPI nodes: [105462 ... 105462]

...estimated hydro-limited timestep at level 0: 0.00967851116
...hydro-limited CFL timestep constrained at (i,j,k) = (32,33,32)
Castro::estTimeStep (hydro-limited) at level 0:  estdt = 0.00967851116

[Level 0 step 125] ADVANCE at time 0.7367562378 with dt = 0.00967851116

[1m[32m  Beginning subcycle 1 starting at time 0.7367562378 with dt = 0.00967851116[0m
  Estimated number of subcycles remaining: 1

... mhd ...!!! 

Castro::construct_old_gravity() time = 0.01784644 on level 0

Castro::do_old_sources() time = 0.029272671 on level 0

[1m[32m  Subcycle completed[0m

  Subcycling complete

  Zones advanced per microsecond at this level: 0.1580451066

[Level 0 step 125] Advanced 262144 cells
Castro::construct_new_gravity() time = 0.014888287 on level 0

Castro::do_new_sources() time = 0.041138752 on level 0


TIME= 0.746434749 MASS        = 2.776344845e+33
TIME= 0.746434749 XMOM        = -1.956767463e+37
TIME= 0.746434749 YMOM        = 3.955355263e+38
TIME= 0.746434749 ZMOM        = -1.669651824e+38
TIME= 0.746434749 ANG MOM X   = -8.490246603e+43
TIME= 0.746434749 ANG MOM Y   = -5.28395525e+45
TIME= 0.746434749 ANG MOM Z   = -1.697577368e+45
TIME= 0.746434749 RHO*e       = 2.655417248e+51
TIME= 0.746434749 RHO*K       = 3.544771684e+47
TIME= 0.746434749 RHO*E       = 2.673250025e+51
TIME= 0.746434749 RHO*PHI     = 0
TIME= 0.746434749 TOTAL ENERGY= 2.673250025e+51
TIME= 0.746434749 CENTER OF MASS X-LOC = -265976.6893
TIME= 0.746434749 CENTER OF MASS X-VEL = -7047.998619
TIME= 0.746434749 CENTER OF MASS Y-LOC = -300810.9865
TIME= 0.746434749 CENTER OF MASS Y-VEL = 142466.2815
TIME= 0.746434749 CENTER OF MASS Z-LOC = -388740.369
TIME= 0.746434749 CENTER OF MASS Z-VEL = -60138.48844
TIME= 0.746434749 MAXIMUM TEMPERATURE  = 0
TIME= 0.746434749 MAXIMUM DENSITY      = 807664577.8

STEP = 125 TIME = 0.746434749 DT = 0.00967851116


[STEP 125] Coarse TimeStep time: 1.681546624
[STEP 125] FAB kilobyte spread across MPI nodes: [105462 ... 105462]

...estimated hydro-limited timestep at level 0: 0.009680366732
...hydro-limited CFL timestep constrained at (i,j,k) = (32,33,32)
Castro::estTimeStep (hydro-limited) at level 0:  estdt = 0.009680366732

[Level 0 step 126] ADVANCE at time 0.746434749 with dt = 0.009680366732

[1m[32m  Beginning subcycle 1 starting at time 0.746434749 with dt = 0.009680366732[0m
  Estimated number of subcycles remaining: 1

... mhd ...!!! 

Castro::construct_old_gravity() time = 0.035870086 on level 0

Castro::do_old_sources() time = 0.041401698 on level 0

[1m[32m  Subcycle completed[0m

  Subcycling complete

  Zones advanced per microsecond at this level: 0.1582210742

[Level 0 step 126] Advanced 262144 cells
Castro::construct_new_gravity() time = 0.01549273 on level 0

Castro::do_new_sources() time = 0.038013396 on level 0


TIME= 0.7561151157 MASS        = 2.776474652e+33
TIME= 0.7561151157 XMOM        = -1.825559209e+37
TIME= 0.7561151157 YMOM        = 3.939285208e+38
TIME= 0.7561151157 ZMOM        = -1.611555864e+38
TIME= 0.7561151157 ANG MOM X   = -7.228898811e+43
TIME= 0.7561151157 ANG MOM Y   = -5.100548414e+45
TIME= 0.7561151157 ANG MOM Z   = -1.639110324e+45
TIME= 0.7561151157 RHO*e       = 2.655609495e+51
TIME= 0.7561151157 RHO*K       = 3.517763919e+47
TIME= 0.7561151157 RHO*E       = 2.673361775e+51
TIME= 0.7561151157 RHO*PHI     = 0
TIME= 0.7561151157 TOTAL ENERGY= 2.673361775e+51
TIME= 0.7561151157 CENTER OF MASS X-LOC = -266145.4648
TIME= 0.7561151157 CENTER OF MASS X-VEL = -6575.097697
TIME= 0.7561151157 CENTER OF MASS Y-LOC = -300537.9126
TIME= 0.7561151157 CENTER OF MASS Y-VEL = 141880.8274
TIME= 0.7561151157 CENTER OF MASS Z-LOC = -389761.3294
TIME= 0.7561151157 CENTER OF MASS Z-VEL = -58043.24067
TIME= 0.7561151157 MAXIMUM TEMPERATURE  = 0
TIME= 0.7561151157 MAXIMUM DENSITY      = 806480548.6

STEP = 126 TIME = 0.7561151157 DT = 0.009680366732


[STEP 126] Coarse TimeStep time: 1.681716768
[STEP 126] FAB kilobyte spread across MPI nodes: [105462 ... 105462]

...estimated hydro-limited timestep at level 0: 0.00968226118
...hydro-limited CFL timestep constrained at (i,j,k) = (32,33,32)
Castro::estTimeStep (hydro-limited) at level 0:  estdt = 0.00968226118

[Level 0 step 127] ADVANCE at time 0.7561151157 with dt = 0.00968226118

[1m[32m  Beginning subcycle 1 starting at time 0.7561151157 with dt = 0.00968226118[0m
  Estimated number of subcycles remaining: 1

... mhd ...!!! 

Castro::construct_old_gravity() time = 0.018118529 on level 0

Castro::do_old_sources() time = 0.030880573 on level 0

[1m[32m  Subcycle completed[0m

  Subcycling complete

  Zones advanced per microsecond at this level: 0.1513974293

[Level 0 step 127] Advanced 262144 cells
Castro::construct_new_gravity() time = 0.015409587 on level 0

Castro::do_new_sources() time = 0.044149333 on level 0


TIME= 0.7657973769 MASS        = 2.776604541e+33
TIME= 0.7657973769 XMOM        = -1.692209031e+37
TIME= 0.7657973769 YMOM        = 3.922776938e+38
TIME= 0.7657973769 ZMOM        = -1.552990484e+38
TIME= 0.7657973769 ANG MOM X   = -5.946207027e+43
TIME= 0.7657973769 ANG MOM Y   = -4.930208118e+45
TIME= 0.7657973769 ANG MOM Z   = -1.58883764e+45
TIME= 0.7657973769 RHO*e       = 2.655801232e+51
TIME= 0.7657973769 RHO*K       = 3.491695938e+47
TIME= 0.7657973769 RHO*E       = 2.673474481e+51
TIME= 0.7657973769 RHO*PHI     = 0
TIME= 0.7657973769 TOTAL ENERGY= 2.673474481e+51
TIME= 0.7657973769 CENTER OF MASS X-LOC = -266311.1672
TIME= 0.7657973769 CENTER OF MASS X-VEL = -6094.526627
TIME= 0.7657973769 CENTER OF MASS Y-LOC = -300270.1576
TIME= 0.7657973769 CENTER OF MASS Y-VEL = 141279.6414
TIME= 0.7657973769 CENTER OF MASS Z-LOC = -390762.967
TIME= 0.7657973769 CENTER OF MASS Z-VEL = -55931.28084
TIME= 0.7657973769 MAXIMUM TEMPERATURE  = 0
TIME= 0.7657973769 MAXIMUM DENSITY      = 805313682

STEP = 127 TIME = 0.7657973769 DT = 0.00968226118


[STEP 127] Coarse TimeStep time: 1.752719744
[STEP 127] FAB kilobyte spread across MPI nodes: [105462 ... 105462]

...estimated hydro-limited timestep at level 0: 0.009684246105
...hydro-limited CFL timestep constrained at (i,j,k) = (32,33,32)
Castro::estTimeStep (hydro-limited) at level 0:  estdt = 0.009684246105

[Level 0 step 128] ADVANCE at time 0.7657973769 with dt = 0.009684246105

[1m[32m  Beginning subcycle 1 starting at time 0.7657973769 with dt = 0.009684246105[0m
  Estimated number of subcycles remaining: 1

... mhd ...!!! 

Castro::construct_old_gravity() time = 0.028180176 on level 0

Castro::do_old_sources() time = 0.035791247 on level 0

[1m[32m  Subcycle completed[0m

  Subcycling complete

  Zones advanced per microsecond at this level: 0.1488549826

[Level 0 step 128] Advanced 262144 cells
Castro::construct_new_gravity() time = 0.020110474 on level 0

Castro::do_new_sources() time = 0.045958623 on level 0


TIME= 0.775481623 MASS        = 2.776734513e+33
TIME= 0.775481623 XMOM        = -1.556800324e+37
TIME= 0.775481623 YMOM        = 3.905819144e+38
TIME= 0.775481623 ZMOM        = -1.494014861e+38
TIME= 0.775481623 ANG MOM X   = -4.706857812e+43
TIME= 0.775481623 ANG MOM Y   = -4.778982426e+45
TIME= 0.775481623 ANG MOM Z   = -1.546425555e+45
TIME= 0.775481623 RHO*e       = 2.6559952e+51
TIME= 0.775481623 RHO*K       = 3.466487966e+47
TIME= 0.775481623 RHO*E       = 2.673590905e+51
TIME= 0.775481623 RHO*PHI     = 0
TIME= 0.775481623 TOTAL ENERGY= 2.673590905e+51
TIME= 0.775481623 CENTER OF MASS X-LOC = -266473.8187
TIME= 0.775481623 CENTER OF MASS X-VEL = -5606.586861
TIME= 0.775481623 CENTER OF MASS Y-LOC = -300006.9138
TIME= 0.775481623 CENTER OF MASS Y-VEL = 140662.3185
TIME= 0.775481623 CENTER OF MASS Z-LOC = -391744.5185
TIME= 0.775481623 CENTER OF MASS Z-VEL = -53804.74274
TIME= 0.775481623 MAXIMUM TEMPERATURE  = 0
TIME= 0.775481623 MAXIMUM DENSITY      = 804167433

STEP = 128 TIME = 0.775481623 DT = 0.009684246105


[STEP 128] Coarse TimeStep time: 1.781962222
[STEP 128] FAB kilobyte spread across MPI nodes: [105462 ... 105462]

...estimated hydro-limited timestep at level 0: 0.009686267906
...hydro-limited CFL timestep constrained at (i,j,k) = (32,33,32)
Castro::estTimeStep (hydro-limited) at level 0:  estdt = 0.009686267906

[Level 0 step 129] ADVANCE at time 0.775481623 with dt = 0.009686267906

[1m[32m  Beginning subcycle 1 starting at time 0.775481623 with dt = 0.009686267906[0m
  Estimated number of subcycles remaining: 1

... mhd ...!!! 

Castro::construct_old_gravity() time = 0.055254486 on level 0

Castro::do_old_sources() time = 0.030480187 on level 0

[1m[32m  Subcycle completed[0m

  Subcycling complete

  Zones advanced per microsecond at this level: 0.1020233014

[Level 0 step 129] Advanced 262144 cells
Castro::construct_new_gravity() time = 0.016982551 on level 0

Castro::do_new_sources() time = 0.042295643 on level 0


TIME= 0.7851678909 MASS        = 2.776864568e+33
TIME= 0.7851678909 XMOM        = -1.419311327e+37
TIME= 0.7851678909 YMOM        = 3.888368791e+38
TIME= 0.7851678909 ZMOM        = -1.434714085e+38
TIME= 0.7851678909 ANG MOM X   = -3.448769397e+43
TIME= 0.7851678909 ANG MOM Y   = -4.62438734e+45
TIME= 0.7851678909 ANG MOM Z   = -1.5168829e+45
TIME= 0.7851678909 RHO*e       = 2.65619002e+51
TIME= 0.7851678909 RHO*K       = 3.442102668e+47
TIME= 0.7851678909 RHO*E       = 2.673709894e+51
TIME= 0.7851678909 RHO*PHI     = 0
TIME= 0.7851678909 TOTAL ENERGY= 2.673709894e+51
TIME= 0.7851678909 CENTER OF MASS X-LOC = -266633.4257
TIME= 0.7851678909 CENTER OF MASS X-VEL = -5111.201111
TIME= 0.7851678909 CENTER OF MASS Y-LOC = -299747.3335
TIME= 0.7851678909 CENTER OF MASS Y-VEL = 140027.3112
TIME= 0.7851678909 CENTER OF MASS Z-LOC = -392706.04
TIME= 0.7851678909 CENTER OF MASS Z-VEL = -51666.69278
TIME= 0.7851678909 MAXIMUM TEMPERATURE  = 0
TIME= 0.7851678909 MAXIMUM DENSITY      = 803046214.3

STEP = 129 TIME = 0.7851678909 DT = 0.009686267906


[STEP 129] Coarse TimeStep time: 2.591971803
[STEP 129] FAB kilobyte spread across MPI nodes: [105462 ... 105462]

...estimated hydro-limited timestep at level 0: 0.0096884587
...hydro-limited CFL timestep constrained at (i,j,k) = (32,33,32)
Castro::estTimeStep (hydro-limited) at level 0:  estdt = 0.0096884587

[Level 0 step 130] ADVANCE at time 0.7851678909 with dt = 0.0096884587

[1m[32m  Beginning subcycle 1 starting at time 0.7851678909 with dt = 0.0096884587[0m
  Estimated number of subcycles remaining: 1

... mhd ...!!! 

Castro::construct_old_gravity() time = 0.030347253 on level 0

Castro::do_old_sources() time = 0.042886984 on level 0

[1m[32m  Subcycle completed[0m

  Subcycling complete

  Zones advanced per microsecond at this level: 0.1003850529

[Level 0 step 130] Advanced 262144 cells
Castro::construct_new_gravity() time = 0.017835117 on level 0

Castro::do_new_sources() time = 0.041978951 on level 0


TIME= 0.7948563496 MASS        = 2.776994709e+33
TIME= 0.7948563496 XMOM        = -1.279648283e+37
TIME= 0.7948563496 YMOM        = 3.870392313e+38
TIME= 0.7948563496 ZMOM        = -1.375197105e+38
TIME= 0.7948563496 ANG MOM X   = -2.178104736e+43
TIME= 0.7948563496 ANG MOM Y   = -4.47007834e+45
TIME= 0.7948563496 ANG MOM Z   = -1.496208472e+45
TIME= 0.7948563496 RHO*e       = 2.656385489e+51
TIME= 0.7948563496 RHO*K       = 3.418471006e+47
TIME= 0.7948563496 RHO*E       = 2.673831052e+51
TIME= 0.7948563496 RHO*PHI     = 0
TIME= 0.7948563496 TOTAL ENERGY= 2.673831052e+51
TIME= 0.7948563496 CENTER OF MASS X-LOC = -266790.4422
TIME= 0.7948563496 CENTER OF MASS X-VEL = -4608.032846
TIME= 0.7948563496 CENTER OF MASS Y-LOC = -299492.0767
TIME= 0.7948563496 CENTER OF MASS Y-VEL = 139373.4133
TIME= 0.7948563496 CENTER OF MASS Z-LOC = -393646.4964
TIME= 0.7948563496 CENTER OF MASS Z-VEL = -49521.056
TIME= 0.7948563496 MAXIMUM TEMPERATURE  = 0
TIME= 0.7948563496 MAXIMUM DENSITY      = 801935951.2

STEP = 130 TIME = 0.7948563496 DT = 0.0096884587


[STEP 130] Coarse TimeStep time: 2.646818208
[STEP 130] FAB kilobyte spread across MPI nodes: [105462 ... 105462]

PLOTFILE: file = plt_seed42ext00130
Write plotfile time = 0.104860675  seconds

...estimated hydro-limited timestep at level 0: 0.009690728198
...hydro-limited CFL timestep constrained at (i,j,k) = (32,33,32)
Castro::estTimeStep (hydro-limited) at level 0:  estdt = 0.009690728198

[Level 0 step 131] ADVANCE at time 0.7948563496 with dt = 0.009690728198

[1m[32m  Beginning subcycle 1 starting at time 0.7948563496 with dt = 0.009690728198[0m
  Estimated number of subcycles remaining: 1

... mhd ...!!! 

Castro::construct_old_gravity() time = 0.026970113 on level 0

Castro::do_old_sources() time = 0.036295132 on level 0

[1m[32m  Subcycle completed[0m

  Subcycling complete

  Zones advanced per microsecond at this level: 0.1022818204

[Level 0 step 131] Advanced 262144 cells
Castro::construct_new_gravity() time = 0.017760595 on level 0

Castro::do_new_sources() time = 0.043937639 on level 0


TIME= 0.8045470778 MASS        = 2.777124936e+33
TIME= 0.8045470778 XMOM        = -1.137769158e+37
TIME= 0.8045470778 YMOM        = 3.851853254e+38
TIME= 0.8045470778 ZMOM        = -1.315593105e+38
TIME= 0.8045470778 ANG MOM X   = 3.641840348e+42
TIME= 0.8045470778 ANG MOM Y   = -4.323441249e+45
TIME= 0.8045470778 ANG MOM Z   = -1.488675474e+45
TIME= 0.8045470778 RHO*e       = 2.656579627e+51
TIME= 0.8045470778 RHO*K       = 3.395499241e+47
TIME= 0.8045470778 RHO*E       = 2.673952652e+51
TIME= 0.8045470778 RHO*PHI     = 0
TIME= 0.8045470778 TOTAL ENERGY= 2.673952652e+51
TIME= 0.8045470778 CENTER OF MASS X-LOC = -266944.5456
TIME= 0.8045470778 CENTER OF MASS X-VEL = -4096.931843
TIME= 0.8045470778 CENTER OF MASS Y-LOC = -299240.3727
TIME= 0.8045470778 CENTER OF MASS Y-VEL = 138699.3147
TIME= 0.8045470778 CENTER OF MASS Z-LOC = -394565.8609
TIME= 0.8045470778 CENTER OF MASS Z-VEL = -47372.48539
TIME= 0.8045470778 MAXIMUM TEMPERATURE  = 0
TIME= 0.8045470778 MAXIMUM DENSITY      = 800852994.3

STEP = 131 TIME = 0.8045470778 DT = 0.009690728198


[STEP 131] Coarse TimeStep time: 2.596205821
[STEP 131] FAB kilobyte spread across MPI nodes: [105462 ... 105462]

...estimated hydro-limited timestep at level 0: 0.009693161414
...hydro-limited CFL timestep constrained at (i,j,k) = (32,33,32)
Castro::estTimeStep (hydro-limited) at level 0:  estdt = 0.009693161414

[Level 0 step 132] ADVANCE at time 0.8045470778 with dt = 0.009693161414

[1m[32m  Beginning subcycle 1 starting at time 0.8045470778 with dt = 0.009693161414[0m
  Estimated number of subcycles remaining: 1

... mhd ...!!! 

Castro::construct_old_gravity() time = 0.023355935 on level 0

Castro::do_old_sources() time = 0.032724324 on level 0

[1m[32m  Subcycle completed[0m

  Subcycling complete

  Zones advanced per microsecond at this level: 0.08625002766

[Level 0 step 132] Advanced 262144 cells
Castro::construct_new_gravity() time = 0.016584216 on level 0

Castro::do_new_sources() time = 0.043431154 on level 0


TIME= 0.8142402392 MASS        = 2.777255252e+33
TIME= 0.8142402392 XMOM        = -9.938122788e+36
TIME= 0.8142402392 YMOM        = 3.832712111e+38
TIME= 0.8142402392 ZMOM        = -1.256045434e+38
TIME= 0.8142402392 ANG MOM X   = 4.046869592e+43
TIME= 0.8142402392 ANG MOM Y   = -4.182732695e+45
TIME= 0.8142402392 ANG MOM Z   = -1.482922746e+45
TIME= 0.8142402392 RHO*e       = 2.656774591e+51
TIME= 0.8142402392 RHO*K       = 3.373139004e+47
TIME= 0.8142402392 RHO*E       = 2.67407721e+51
TIME= 0.8142402392 RHO*PHI     = 0
TIME= 0.8142402392 TOTAL ENERGY= 2.67407721e+51
TIME= 0.8142402392 CENTER OF MASS X-LOC = -267095.7074
TIME= 0.8142402392 CENTER OF MASS X-VEL = -3578.397333
TIME= 0.8142402392 CENTER OF MASS Y-LOC = -298991.8407
TIME= 0.8142402392 CENTER OF MASS Y-VEL = 138003.5957
TIME= 0.8142402392 CENTER OF MASS Z-LOC = -395463.6983
TIME= 0.8142402392 CENTER OF MASS Z-VEL = -45226.1431
TIME= 0.8142402392 MAXIMUM TEMPERATURE  = 0
TIME= 0.8142402392 MAXIMUM DENSITY      = 799793184.9

STEP = 132 TIME = 0.8142402392 DT = 0.009693161414


[STEP 132] Coarse TimeStep time: 3.076961323
[STEP 132] FAB kilobyte spread across MPI nodes: [105462 ... 105462]

...estimated hydro-limited timestep at level 0: 0.009695664123
...hydro-limited CFL timestep constrained at (i,j,k) = (32,33,32)
Castro::estTimeStep (hydro-limited) at level 0:  estdt = 0.009695664123

[Level 0 step 133] ADVANCE at time 0.8142402392 with dt = 0.009695664123

[1m[32m  Beginning subcycle 1 starting at time 0.8142402392 with dt = 0.009695664123[0m
  Estimated number of subcycles remaining: 1

... mhd ...!!! 

Castro::construct_old_gravity() time = 0.024750381 on level 0

Castro::do_old_sources() time = 0.034858114 on level 0

[1m[32m  Subcycle completed[0m

  Subcycling complete

  Zones advanced per microsecond at this level: 0.09247634904

[Level 0 step 133] Advanced 262144 cells
Castro::construct_new_gravity() time = 0.024756235 on level 0

Castro::do_new_sources() time = 0.05405102 on level 0


TIME= 0.8239359033 MASS        = 2.777385657e+33
TIME= 0.8239359033 XMOM        = -8.480589483e+36
TIME= 0.8239359033 YMOM        = 3.81294107e+38
TIME= 0.8239359033 ZMOM        = -1.196700203e+38
TIME= 0.8239359033 ANG MOM X   = 7.659114346e+43
TIME= 0.8239359033 ANG MOM Y   = -4.042111325e+45
TIME= 0.8239359033 ANG MOM Z   = -1.481724651e+45
TIME= 0.8239359033 RHO*e       = 2.656970048e+51
TIME= 0.8239359033 RHO*K       = 3.351449479e+47
TIME= 0.8239359033 RHO*E       = 2.674203427e+51
TIME= 0.8239359033 RHO*PHI     = 0
TIME= 0.8239359033 TOTAL ENERGY= 2.674203427e+51
TIME= 0.8239359033 CENTER OF MASS X-LOC = -267244.1756
TIME= 0.8239359033 CENTER OF MASS X-VEL = -3053.443248
TIME= 0.8239359033 CENTER OF MASS Y-LOC = -298746.115
TIME= 0.8239359033 CENTER OF MASS Y-VEL = 137285.2582
TIME= 0.8239359033 CENTER OF MASS Z-LOC = -396338.9176
TIME= 0.8239359033 CENTER OF MASS Z-VEL = -43087.28966
TIME= 0.8239359033 MAXIMUM TEMPERATURE  = 0
TIME= 0.8239359033 MAXIMUM DENSITY      = 798751906

STEP = 133 TIME = 0.8239359033 DT = 0.009695664123


[STEP 133] Coarse TimeStep time: 2.865362061
[STEP 133] FAB kilobyte spread across MPI nodes: [105462 ... 105462]

...estimated hydro-limited timestep at level 0: 0.009698424367
...hydro-limited CFL timestep constrained at (i,j,k) = (32,33,32)
Castro::estTimeStep (hydro-limited) at level 0:  estdt = 0.009698424367

[Level 0 step 134] ADVANCE at time 0.8239359033 with dt = 0.009698424367

[1m[32m  Beginning subcycle 1 starting at time 0.8239359033 with dt = 0.009698424367[0m
  Estimated number of subcycles remaining: 1

... mhd ...!!! 

Castro::construct_old_gravity() time = 0.026646853 on level 0

Castro::do_old_sources() time = 0.032986319 on level 0

[1m[32m  Subcycle completed[0m

  Subcycling complete

  Zones advanced per microsecond at this level: 0.09319376946

[Level 0 step 134] Advanced 262144 cells
Castro::construct_new_gravity() time = 0.024404451 on level 0

Castro::do_new_sources() time = 0.052803163 on level 0


TIME= 0.8336343277 MASS        = 2.777516156e+33
TIME= 0.8336343277 XMOM        = -7.007970709e+36
TIME= 0.8336343277 YMOM        = 3.792535248e+38
TIME= 0.8336343277 ZMOM        = -1.13766741e+38
TIME= 0.8336343277 ANG MOM X   = 1.141841007e+44
TIME= 0.8336343277 ANG MOM Y   = -3.904973305e+45
TIME= 0.8336343277 ANG MOM Z   = -1.488076609e+45
TIME= 0.8336343277 RHO*e       = 2.657165296e+51
TIME= 0.8336343277 RHO*K       = 3.330404262e+47
TIME= 0.8336343277 RHO*E       = 2.674330849e+51
TIME= 0.8336343277 RHO*PHI     = 0
TIME= 0.8336343277 TOTAL ENERGY= 2.674330849e+51
TIME= 0.8336343277 CENTER OF MASS X-LOC = -267390.3475
TIME= 0.8336343277 CENTER OF MASS X-VEL = -2523.107091
TIME= 0.8336343277 CENTER OF MASS Y-LOC = -298503.8253
TIME= 0.8336343277 CENTER OF MASS Y-VEL = 136544.1292
TIME= 0.8336343277 CENTER OF MASS Z-LOC = -397191.6361
TIME= 0.8336343277 CENTER OF MASS Z-VEL = -40959.88452
TIME= 0.8336343277 MAXIMUM TEMPERATURE  = 0
TIME= 0.8336343277 MAXIMUM DENSITY      = 797734212.8

STEP = 134 TIME = 0.8336343277 DT = 0.009698424367


[STEP 134] Coarse TimeStep time: 2.843185605
[STEP 134] FAB kilobyte spread across MPI nodes: [105462 ... 105462]

...estimated hydro-limited timestep at level 0: 0.00970135152
...hydro-limited CFL timestep constrained at (i,j,k) = (32,33,32)
Castro::estTimeStep (hydro-limited) at level 0:  estdt = 0.00970135152

[Level 0 step 135] ADVANCE at time 0.8336343277 with dt = 0.00970135152

[1m[32m  Beginning subcycle 1 starting at time 0.8336343277 with dt = 0.00970135152[0m
  Estimated number of subcycles remaining: 1

... mhd ...!!! 

Castro::construct_old_gravity() time = 0.030331811 on level 0

Castro::do_old_sources() time = 0.040204186 on level 0

[1m[32m  Subcycle completed[0m

  Subcycling complete

  Zones advanced per microsecond at this level: 0.09550232061

[Level 0 step 135] Advanced 262144 cells
Castro::construct_new_gravity() time = 0.019141467 on level 0

Castro::do_new_sources() time = 0.045573904 on level 0


TIME= 0.8433356792 MASS        = 2.777646749e+33
TIME= 0.8433356792 XMOM        = -5.524494103e+36
TIME= 0.8433356792 YMOM        = 3.771506301e+38
TIME= 0.8433356792 ZMOM        = -1.079015437e+38
TIME= 0.8433356792 ANG MOM X   = 1.540224403e+44
TIME= 0.8433356792 ANG MOM Y   = -3.76395167e+45
TIME= 0.8433356792 ANG MOM Z   = -1.49316862e+45
TIME= 0.8433356792 RHO*e       = 2.657360627e+51
TIME= 0.8433356792 RHO*K       = 3.309971922e+47
TIME= 0.8433356792 RHO*E       = 2.674459559e+51
TIME= 0.8433356792 RHO*PHI     = 0
TIME= 0.8433356792 TOTAL ENERGY= 2.674459559e+51
TIME= 0.8433356792 CENTER OF MASS X-LOC = -267533.616
TIME= 0.8433356792 CENTER OF MASS X-VEL = -1988.911695
TIME= 0.8433356792 CENTER OF MASS Y-LOC = -298264.5583
TIME= 0.8433356792 CENTER OF MASS Y-VEL = 135780.6317
TIME= 0.8433356792 CENTER OF MASS Z-LOC = -398021.6598
TIME= 0.8433356792 CENTER OF MASS Z-VEL = -38846.38813
TIME= 0.8433356792 MAXIMUM TEMPERATURE  = 0
TIME= 0.8433356792 MAXIMUM DENSITY      = 796737753.2

STEP = 135 TIME = 0.8433356792 DT = 0.00970135152


[STEP 135] Coarse TimeStep time: 2.777441363
[STEP 135] FAB kilobyte spread across MPI nodes: [105462 ... 105462]

...estimated hydro-limited timestep at level 0: 0.009704340527
...hydro-limited CFL timestep constrained at (i,j,k) = (32,33,32)
Castro::estTimeStep (hydro-limited) at level 0:  estdt = 0.009704340527

[Level 0 step 136] ADVANCE at time 0.8433356792 with dt = 0.009704340527

[1m[32m  Beginning subcycle 1 starting at time 0.8433356792 with dt = 0.009704340527[0m
  Estimated number of subcycles remaining: 1

... mhd ...!!! 

Castro::construct_old_gravity() time = 0.024728634 on level 0

Castro::do_old_sources() time = 0.042266601 on level 0

[1m[32m  Subcycle completed[0m

  Subcycling complete

  Zones advanced per microsecond at this level: 0.09852004754

[Level 0 step 136] Advanced 262144 cells
Castro::construct_new_gravity() time = 0.016618096 on level 0

Castro::do_new_sources() time = 0.041097289 on level 0


TIME= 0.8530400197 MASS        = 2.777777438e+33
TIME= 0.8530400197 XMOM        = -4.035414273e+36
TIME= 0.8530400197 YMOM        = 3.749900311e+38
TIME= 0.8530400197 ZMOM        = -1.020787556e+38
TIME= 0.8530400197 ANG MOM X   = 1.965030309e+44
TIME= 0.8530400197 ANG MOM Y   = -3.634105633e+45
TIME= 0.8530400197 ANG MOM Z   = -1.512661943e+45
TIME= 0.8530400197 RHO*e       = 2.657555164e+51
TIME= 0.8530400197 RHO*K       = 3.290172291e+47
TIME= 0.8530400197 RHO*E       = 2.674589031e+51
TIME= 0.8530400197 RHO*PHI     = 0
TIME= 0.8530400197 TOTAL ENERGY= 2.674589031e+51
TIME= 0.8530400197 CENTER OF MASS X-LOC = -267674.359
TIME= 0.8530400197 CENTER OF MASS X-VEL = -1452.749316
TIME= 0.8530400197 CENTER OF MASS Y-LOC = -298029.7903
TIME= 0.8530400197 CENTER OF MASS Y-VEL = 134996.4277
TIME= 0.8530400197 CENTER OF MASS Z-LOC = -398828.9369
TIME= 0.8530400197 CENTER OF MASS Z-VEL = -36748.3565
TIME= 0.8530400197 MAXIMUM TEMPERATURE  = 0
TIME= 0.8530400197 MAXIMUM DENSITY      = 795756232.7

STEP = 136 TIME = 0.8530400197 DT = 0.009704340527


[STEP 136] Coarse TimeStep time: 2.687472201
[STEP 136] FAB kilobyte spread across MPI nodes: [105462 ... 105462]

...estimated hydro-limited timestep at level 0: 0.009707259211
...hydro-limited CFL timestep constrained at (i,j,k) = (32,33,32)
Castro::estTimeStep (hydro-limited) at level 0:  estdt = 0.009707259211

[Level 0 step 137] ADVANCE at time 0.8530400197 with dt = 0.009707259211

[1m[32m  Beginning subcycle 1 starting at time 0.8530400197 with dt = 0.009707259211[0m
  Estimated number of subcycles remaining: 1

... mhd ...!!! 

Castro::construct_old_gravity() time = 0.024903906 on level 0

Castro::do_old_sources() time = 0.039849958 on level 0

[1m[32m  Subcycle completed[0m

  Subcycling complete

  Zones advanced per microsecond at this level: 0.102594288

[Level 0 step 137] Advanced 262144 cells
Castro::construct_new_gravity() time = 0.017804059 on level 0

Castro::do_new_sources() time = 0.043772178 on level 0


TIME= 0.862747279 MASS        = 2.777908222e+33
TIME= 0.862747279 XMOM        = -2.545207614e+36
TIME= 0.862747279 YMOM        = 3.727823363e+38
TIME= 0.862747279 ZMOM        = -9.630394758e+37
TIME= 0.862747279 ANG MOM X   = 2.385187718e+44
TIME= 0.862747279 ANG MOM Y   = -3.506499471e+45
TIME= 0.862747279 ANG MOM Z   = -1.544116063e+45
TIME= 0.862747279 RHO*e       = 2.657749797e+51
TIME= 0.862747279 RHO*K       = 3.270995598e+47
TIME= 0.862747279 RHO*E       = 2.674719979e+51
TIME= 0.862747279 RHO*PHI     = 0
TIME= 0.862747279 TOTAL ENERGY= 2.674719979e+51
TIME= 0.862747279 CENTER OF MASS X-LOC = -267812.7101
TIME= 0.862747279 CENTER OF MASS X-VEL = -916.2317151
TIME= 0.862747279 CENTER OF MASS Y-LOC = -297800.7514
TIME= 0.862747279 CENTER OF MASS Y-VEL = 134195.3393
TIME= 0.862747279 CENTER OF MASS Z-LOC = -399612.4804
TIME= 0.862747279 CENTER OF MASS Z-VEL = -34667.79314
TIME= 0.862747279 MAXIMUM TEMPERATURE  = 0
TIME= 0.862747279 MAXIMUM DENSITY      = 794791093

STEP = 137 TIME = 0.862747279 DT = 0.009707259211


[STEP 137] Coarse TimeStep time: 2.580152894
[STEP 137] FAB kilobyte spread across MPI nodes: [105462 ... 105462]

...estimated hydro-limited timestep at level 0: 0.009709994116
...hydro-limited CFL timestep constrained at (i,j,k) = (32,33,32)
Castro::estTimeStep (hydro-limited) at level 0:  estdt = 0.009709994116

[Level 0 step 138] ADVANCE at time 0.862747279 with dt = 0.009709994116

[1m[32m  Beginning subcycle 1 starting at time 0.862747279 with dt = 0.009709994116[0m
  Estimated number of subcycles remaining: 1

... mhd ...!!! 

Castro::construct_old_gravity() time = 0.018649985 on level 0

Castro::do_old_sources() time = 0.041383966 on level 0

[1m[32m  Subcycle completed[0m

  Subcycling complete

  Zones advanced per microsecond at this level: 0.1029370523

[Level 0 step 138] Advanced 262144 cells
Castro::construct_new_gravity() time = 0.018279422 on level 0

Castro::do_new_sources() time = 0.04485732 on level 0


TIME= 0.8724572731 MASS        = 2.778039098e+33
TIME= 0.8724572731 XMOM        = -1.059756668e+36
TIME= 0.8724572731 YMOM        = 3.705422249e+38
TIME= 0.8724572731 ZMOM        = -9.058600253e+37
TIME= 0.8724572731 ANG MOM X   = 2.729996639e+44
TIME= 0.8724572731 ANG MOM Y   = -3.370912056e+45
TIME= 0.8724572731 ANG MOM Z   = -1.57898021e+45
TIME= 0.8724572731 RHO*e       = 2.657943587e+51
TIME= 0.8724572731 RHO*K       = 3.252430256e+47
TIME= 0.8724572731 RHO*E       = 2.674851131e+51
TIME= 0.8724572731 RHO*PHI     = 0
TIME= 0.8724572731 TOTAL ENERGY= 2.674851131e+51
TIME= 0.8724572731 CENTER OF MASS X-LOC = -267947.2676
TIME= 0.8724572731 CENTER OF MASS X-VEL = -381.4765131
TIME= 0.8724572731 CENTER OF MASS Y-LOC = -297577.9125
TIME= 0.8724572731 CENTER OF MASS Y-VEL = 133382.653
TIME= 0.8724572731 CENTER OF MASS Z-LOC = -400371.1529
TIME= 0.8724572731 CENTER OF MASS Z-VEL = -32607.89332
TIME= 0.8724572731 MAXIMUM TEMPERATURE  = 0
TIME= 0.8724572731 MAXIMUM DENSITY      = 793834269.5

STEP = 138 TIME = 0.8724572731 DT = 0.009709994116


[STEP 138] Coarse TimeStep time: 2.572013194
[STEP 138] FAB kilobyte spread across MPI nodes: [105462 ... 105462]

...estimated hydro-limited timestep at level 0: 0.009712521761
...hydro-limited CFL timestep constrained at (i,j,k) = (32,33,32)
Castro::estTimeStep (hydro-limited) at level 0:  estdt = 0.009712521761

[Level 0 step 139] ADVANCE at time 0.8724572731 with dt = 0.009712521761

[1m[32m  Beginning subcycle 1 starting at time 0.8724572731 with dt = 0.009712521761[0m
  Estimated number of subcycles remaining: 1

... mhd ...!!! 

Castro::construct_old_gravity() time = 0.021914757 on level 0

Castro::do_old_sources() time = 0.06389649 on level 0

[1m[32m  Subcycle completed[0m

  Subcycling complete

  Zones advanced per microsecond at this level: 0.09370191174

[Level 0 step 139] Advanced 262144 cells
Castro::construct_new_gravity() time = 0.018062356 on level 0

Castro::do_new_sources() time = 0.041545135 on level 0


TIME= 0.8821697948 MASS        = 2.778170063e+33
TIME= 0.8821697948 XMOM        = 4.151721672e+35
TIME= 0.8821697948 YMOM        = 3.682791773e+38
TIME= 0.8821697948 ZMOM        = -8.49321701e+37
TIME= 0.8821697948 ANG MOM X   = 3.05793713e+44
TIME= 0.8821697948 ANG MOM Y   = -3.24800024e+45
TIME= 0.8821697948 ANG MOM Z   = -1.608142734e+45
TIME= 0.8821697948 RHO*e       = 2.658135925e+51
TIME= 0.8821697948 RHO*K       = 3.234384571e+47
TIME= 0.8821697948 RHO*E       = 2.674982638e+51
TIME= 0.8821697948 RHO*PHI     = 0
TIME= 0.8821697948 TOTAL ENERGY= 2.674982638e+51
TIME= 0.8821697948 CENTER OF MASS X-LOC = -268078.9974
TIME= 0.8821697948 CENTER OF MASS X-VEL = 149.4408758
TIME= 0.8821697948 CENTER OF MASS Y-LOC = -297359.7878
TIME= 0.8821697948 CENTER OF MASS Y-VEL = 132561.7831
TIME= 0.8821697948 CENTER OF MASS Z-LOC = -401106.4689
TIME= 0.8821697948 CENTER OF MASS Z-VEL = -30571.26388
TIME= 0.8821697948 MAXIMUM TEMPERATURE  = 0
TIME= 0.8821697948 MAXIMUM DENSITY      = 792865066.5

STEP = 139 TIME = 0.8821697948 DT = 0.009712521761


[STEP 139] Coarse TimeStep time: 2.824140877
[STEP 139] FAB kilobyte spread across MPI nodes: [105462 ... 105462]

...estimated hydro-limited timestep at level 0: 0.00971477899
...hydro-limited CFL timestep constrained at (i,j,k) = (32,32,32)
Castro::estTimeStep (hydro-limited) at level 0:  estdt = 0.00971477899

[Level 0 step 140] ADVANCE at time 0.8821697948 with dt = 0.00971477899

[1m[32m  Beginning subcycle 1 starting at time 0.8821697948 with dt = 0.00971477899[0m
  Estimated number of subcycles remaining: 1

... mhd ...!!! 

Castro::construct_old_gravity() time = 0.029902804 on level 0

Castro::do_old_sources() time = 0.047498588 on level 0

[1m[32m  Subcycle completed[0m

  Subcycling complete

  Zones advanced per microsecond at this level: 0.09337140831

[Level 0 step 140] Advanced 262144 cells
Castro::construct_new_gravity() time = 0.019455329 on level 0

Castro::do_new_sources() time = 0.043305098 on level 0


TIME= 0.8918845738 MASS        = 2.778301114e+33
TIME= 0.8918845738 XMOM        = 1.876307507e+36
TIME= 0.8918845738 YMOM        = 3.659978068e+38
TIME= 0.8918845738 ZMOM        = -7.935231177e+37
TIME= 0.8918845738 ANG MOM X   = 3.342861614e+44
TIME= 0.8918845738 ANG MOM Y   = -3.115683132e+45
TIME= 0.8918845738 ANG MOM Z   = -1.649155494e+45
TIME= 0.8918845738 RHO*e       = 2.658326758e+51
TIME= 0.8918845738 RHO*K       = 3.217022097e+47
TIME= 0.8918845738 RHO*E       = 2.67511402e+51
TIME= 0.8918845738 RHO*PHI     = 0
TIME= 0.8918845738 TOTAL ENERGY= 2.67511402e+51
TIME= 0.8918845738 CENTER OF MASS X-LOC = -268208.1761
TIME= 0.8918845738 CENTER OF MASS X-VEL = 675.3434669
TIME= 0.8918845738 CENTER OF MASS Y-LOC = -297147.4373
TIME= 0.8918845738 CENTER OF MASS Y-VEL = 131734.3916
TIME= 0.8918845738 CENTER OF MASS Z-LOC = -401817.1659
TIME= 0.8918845738 CENTER OF MASS Z-VEL = -28561.45123
TIME= 0.8918845738 MAXIMUM TEMPERATURE  = 0
TIME= 0.8918845738 MAXIMUM DENSITY      = 791919277.6

STEP = 140 TIME = 0.8918845738 DT = 0.00971477899


[STEP 140] Coarse TimeStep time: 2.832193963
[STEP 140] FAB kilobyte spread across MPI nodes: [105462 ... 105462]

PLOTFILE: file = plt_seed42ext00140
Write plotfile time = 0.035152541  seconds

...estimated hydro-limited timestep at level 0: 0.009717028069
...hydro-limited CFL timestep constrained at (i,j,k) = (32,32,32)
Castro::estTimeStep (hydro-limited) at level 0:  estdt = 0.009717028069

[Level 0 step 141] ADVANCE at time 0.8918845738 with dt = 0.009717028069

[1m[32m  Beginning subcycle 1 starting at time 0.8918845738 with dt = 0.009717028069[0m
  Estimated number of subcycles remaining: 1

... mhd ...!!! 

Castro::construct_old_gravity() time = 0.021670651 on level 0

Castro::do_old_sources() time = 0.040000203 on level 0

[1m[32m  Subcycle completed[0m

  Subcycling complete

  Zones advanced per microsecond at this level: 0.1160418496

[Level 0 step 141] Advanced 262144 cells
Castro::construct_new_gravity() time = 0.018289147 on level 0

Castro::do_new_sources() time = 0.045180806 on level 0


TIME= 0.9016016019 MASS        = 2.778432251e+33
TIME= 0.9016016019 XMOM        = 3.321991584e+36
TIME= 0.9016016019 YMOM        = 3.637025e+38
TIME= 0.9016016019 ZMOM        = -7.385791443e+37
TIME= 0.9016016019 ANG MOM X   = 3.58321713e+44
TIME= 0.9016016019 ANG MOM Y   = -2.983676609e+45
TIME= 0.9016016019 ANG MOM Z   = -1.679886311e+45
TIME= 0.9016016019 RHO*e       = 2.658516777e+51
TIME= 0.9016016019 RHO*K       = 3.200155818e+47
TIME= 0.9016016019 RHO*E       = 2.675245854e+51
TIME= 0.9016016019 RHO*PHI     = 0
TIME= 0.9016016019 TOTAL ENERGY= 2.675245854e+51
TIME= 0.9016016019 CENTER OF MASS X-LOC = -268334.6541
TIME= 0.9016016019 CENTER OF MASS X-VEL = 1195.635266
TIME= 0.9016016019 CENTER OF MASS Y-LOC = -296939.8939
TIME= 0.9016016019 CENTER OF MASS Y-VEL = 130902.0581
TIME= 0.9016016019 CENTER OF MASS Z-LOC = -402504.1573
TIME= 0.9016016019 CENTER OF MASS Z-VEL = -26582.58607
TIME= 0.9016016019 MAXIMUM TEMPERATURE  = 0
TIME= 0.9016016019 MAXIMUM DENSITY      = 790999300.8

STEP = 141 TIME = 0.9016016019 DT = 0.009717028069


[STEP 141] Coarse TimeStep time: 2.285216781
[STEP 141] FAB kilobyte spread across MPI nodes: [105462 ... 105462]

...estimated hydro-limited timestep at level 0: 0.009718849314
...hydro-limited CFL timestep constrained at (i,j,k) = (32,32,32)
Castro::estTimeStep (hydro-limited) at level 0:  estdt = 0.009718849314

[Level 0 step 142] ADVANCE at time 0.9016016019 with dt = 0.009718849314

[1m[32m  Beginning subcycle 1 starting at time 0.9016016019 with dt = 0.009718849314[0m
  Estimated number of subcycles remaining: 1

... mhd ...!!! 

Castro::construct_old_gravity() time = 0.030341222 on level 0

Castro::do_old_sources() time = 0.041491662 on level 0

[1m[32m  Subcycle completed[0m

  Subcycling complete

  Zones advanced per microsecond at this level: 0.1458196123

[Level 0 step 142] Advanced 262144 cells
Castro::construct_new_gravity() time = 0.014457412 on level 0

Castro::do_new_sources() time = 0.034021033 on level 0


TIME= 0.9113204512 MASS        = 2.778563467e+33
TIME= 0.9113204512 XMOM        = 4.751645567e+36
TIME= 0.9113204512 YMOM        = 3.614005933e+38
TIME= 0.9113204512 ZMOM        = -6.845801254e+37
TIME= 0.9113204512 ANG MOM X   = 3.869859219e+44
TIME= 0.9113204512 ANG MOM Y   = -2.860451082e+45
TIME= 0.9113204512 ANG MOM Z   = -1.709621808e+45
TIME= 0.9113204512 RHO*e       = 2.658707525e+51
TIME= 0.9113204512 RHO*K       = 3.183830429e+47
TIME= 0.9113204512 RHO*E       = 2.675379308e+51
TIME= 0.9113204512 RHO*PHI     = 0
TIME= 0.9113204512 TOTAL ENERGY= 2.675379308e+51
TIME= 0.9113204512 CENTER OF MASS X-LOC = -268458.2265
TIME= 0.9113204512 CENTER OF MASS X-VEL = 1710.108703
TIME= 0.9113204512 CENTER OF MASS Y-LOC = -296738.4577
TIME= 0.9113204512 CENTER OF MASS Y-VEL = 130067.4243
TIME= 0.9113204512 CENTER OF MASS Z-LOC = -403167.7124
TIME= 0.9113204512 CENTER OF MASS Z-VEL = -24637.91572
TIME= 0.9113204512 MAXIMUM TEMPERATURE  = 0
TIME= 0.9113204512 MAXIMUM DENSITY      = 790073510.8

STEP = 142 TIME = 0.9113204512 DT = 0.009718849314


[STEP 142] Coarse TimeStep time: 1.820972236
[STEP 142] FAB kilobyte spread across MPI nodes: [105462 ... 105462]

...estimated hydro-limited timestep at level 0: 0.009720586885
...hydro-limited CFL timestep constrained at (i,j,k) = (32,32,32)
Castro::estTimeStep (hydro-limited) at level 0:  estdt = 0.009720586885

[Level 0 step 143] ADVANCE at time 0.9113204512 with dt = 0.009720586885

[1m[32m  Beginning subcycle 1 starting at time 0.9113204512 with dt = 0.009720586885[0m
  Estimated number of subcycles remaining: 1

... mhd ...!!! 

Castro::construct_old_gravity() time = 0.019196883 on level 0

Castro::do_old_sources() time = 0.033583829 on level 0

[1m[32m  Subcycle completed[0m

  Subcycling complete

  Zones advanced per microsecond at this level: 0.1599795099

[Level 0 step 143] Advanced 262144 cells
Castro::construct_new_gravity() time = 0.021768353 on level 0

Castro::do_new_sources() time = 0.052110571 on level 0


TIME= 0.9210410381 MASS        = 2.778694762e+33
TIME= 0.9210410381 XMOM        = 6.166313791e+36
TIME= 0.9210410381 YMOM        = 3.591019907e+38
TIME= 0.9210410381 ZMOM        = -6.315942205e+37
TIME= 0.9210410381 ANG MOM X   = 4.220681428e+44
TIME= 0.9210410381 ANG MOM Y   = -2.75275302e+45
TIME= 0.9210410381 ANG MOM Z   = -1.729442025e+45
TIME= 0.9210410381 RHO*e       = 2.658899081e+51
TIME= 0.9210410381 RHO*K       = 3.168066789e+47
TIME= 0.9210410381 RHO*E       = 2.675514949e+51
TIME= 0.9210410381 RHO*PHI     = 0
TIME= 0.9210410381 TOTAL ENERGY= 2.675514949e+51
TIME= 0.9210410381 CENTER OF MASS X-LOC = -268579.09
TIME= 0.9210410381 CENTER OF MASS X-VEL = 2219.140395
TIME= 0.9210410381 CENTER OF MASS Y-LOC = -296542.9253
TIME= 0.9210410381 CENTER OF MASS Y-VEL = 129234.0546
TIME= 0.9210410381 CENTER OF MASS Z-LOC = -403808.609
TIME= 0.9210410381 CENTER OF MASS Z-VEL = -22729.88848
TIME= 0.9210410381 MAXIMUM TEMPERATURE  = 0
TIME= 0.9210410381 MAXIMUM DENSITY      = 789143305.7

STEP = 143 TIME = 0.9210410381 DT = 0.009720586885


[STEP 143] Coarse TimeStep time: 1.6642067
[STEP 143] FAB kilobyte spread across MPI nodes: [105462 ... 105462]

...estimated hydro-limited timestep at level 0: 0.009722400588
...hydro-limited CFL timestep constrained at (i,j,k) = (32,32,32)
Castro::estTimeStep (hydro-limited) at level 0:  estdt = 0.009722400588

[Level 0 step 144] ADVANCE at time 0.9210410381 with dt = 0.009722400588

[1m[32m  Beginning subcycle 1 starting at time 0.9210410381 with dt = 0.009722400588[0m
  Estimated number of subcycles remaining: 1

... mhd ...!!! 

Castro::construct_old_gravity() time = 0.028908898 on level 0

Castro::do_old_sources() time = 0.046106084 on level 0

[1m[32m  Subcycle completed[0m

  Subcycling complete

  Zones advanced per microsecond at this level: 0.1375673337

[Level 0 step 144] Advanced 262144 cells
Castro::construct_new_gravity() time = 0.090364646 on level 0

Castro::do_new_sources() time = 0.045545475 on level 0


TIME= 0.9307634387 MASS        = 2.778826136e+33
TIME= 0.9307634387 XMOM        = 7.567522478e+36
TIME= 0.9307634387 YMOM        = 3.568162161e+38
TIME= 0.9307634387 ZMOM        = -5.796777014e+37
TIME= 0.9307634387 ANG MOM X   = 4.634279643e+44
TIME= 0.9307634387 ANG MOM Y   = -2.653081521e+45
TIME= 0.9307634387 ANG MOM Z   = -1.744256524e+45
TIME= 0.9307634387 RHO*e       = 2.659093178e+51
TIME= 0.9307634387 RHO*K       = 3.152864142e+47
TIME= 0.9307634387 RHO*E       = 2.675653486e+51
TIME= 0.9307634387 RHO*PHI     = 0
TIME= 0.9307634387 TOTAL ENERGY= 2.675653486e+51
TIME= 0.9307634387 CENTER OF MASS X-LOC = -268696.964
TIME= 0.9307634387 CENTER OF MASS X-VEL = 2723.280301
TIME= 0.9307634387 CENTER OF MASS Y-LOC = -296353.4361
TIME= 0.9307634387 CENTER OF MASS Y-VEL = 128405.3765
TIME= 0.9307634387 CENTER OF MASS Z-LOC = -404426.8391
TIME= 0.9307634387 CENTER OF MASS Z-VEL = -20860.5243
TIME= 0.9307634387 MAXIMUM TEMPERATURE  = 0
TIME= 0.9307634387 MAXIMUM DENSITY      = 788221814.7

STEP = 144 TIME = 0.9307634387 DT = 0.009722400588


[STEP 144] Coarse TimeStep time: 1.931709727
[STEP 144] FAB kilobyte spread across MPI nodes: [105462 ... 105462]

...estimated hydro-limited timestep at level 0: 0.009724284208
...hydro-limited CFL timestep constrained at (i,j,k) = (32,32,32)
Castro::estTimeStep (hydro-limited) at level 0:  estdt = 0.009724284208

[Level 0 step 145] ADVANCE at time 0.9307634387 with dt = 0.009724284208

[1m[32m  Beginning subcycle 1 starting at time 0.9307634387 with dt = 0.009724284208[0m
  Estimated number of subcycles remaining: 1

... mhd ...!!! 

Castro::construct_old_gravity() time = 0.026209048 on level 0

Castro::do_old_sources() time = 0.038767623 on level 0

[1m[32m  Subcycle completed[0m

  Subcycling complete

  Zones advanced per microsecond at this level: 0.1332360809

[Level 0 step 145] Advanced 262144 cells
Castro::construct_new_gravity() time = 0.030278827 on level 0

Castro::do_new_sources() time = 0.060941469 on level 0


TIME= 0.9404877229 MASS        = 2.778957591e+33
TIME= 0.9404877229 XMOM        = 8.955775472e+36
TIME= 0.9404877229 YMOM        = 3.545501377e+38
TIME= 0.9404877229 ZMOM        = -5.288977026e+37
TIME= 0.9404877229 ANG MOM X   = 5.077056106e+44
TIME= 0.9404877229 ANG MOM Y   = -2.556368681e+45
TIME= 0.9404877229 ANG MOM Z   = -1.753930217e+45
TIME= 0.9404877229 RHO*e       = 2.659286215e+51
TIME= 0.9404877229 RHO*K       = 3.138227903e+47
TIME= 0.9404877229 RHO*E       = 2.675792387e+51
TIME= 0.9404877229 RHO*PHI     = 0
TIME= 0.9404877229 TOTAL ENERGY= 2.675792387e+51
TIME= 0.9404877229 CENTER OF MASS X-LOC = -268811.2209
TIME= 0.9404877229 CENTER OF MASS X-VEL = 3222.71038
TIME= 0.9404877229 CENTER OF MASS Y-LOC = -296169.804
TIME= 0.9404877229 CENTER OF MASS Y-VEL = 127583.8605
TIME= 0.9404877229 CENTER OF MASS Z-LOC = -405021.6148
TIME= 0.9404877229 CENTER OF MASS Z-VEL = -19032.23368
TIME= 0.9404877229 MAXIMUM TEMPERATURE  = 0
TIME= 0.9404877229 MAXIMUM DENSITY      = 787321127.5

STEP = 145 TIME = 0.9404877229 DT = 0.009724284208


[STEP 145] Coarse TimeStep time: 1.998005871
[STEP 145] FAB kilobyte spread across MPI nodes: [105462 ... 105462]

...estimated hydro-limited timestep at level 0: 0.009726244116
...hydro-limited CFL timestep constrained at (i,j,k) = (32,32,32)
Castro::estTimeStep (hydro-limited) at level 0:  estdt = 0.009726244116

[Level 0 step 146] ADVANCE at time 0.9404877229 with dt = 0.009726244116

[1m[32m  Beginning subcycle 1 starting at time 0.9404877229 with dt = 0.009726244116[0m
  Estimated number of subcycles remaining: 1

... mhd ...!!! 

Castro::construct_old_gravity() time = 0.046733144 on level 0

Castro::do_old_sources() time = 0.052217665 on level 0

[1m[32m  Subcycle completed[0m

  Subcycling complete

  Zones advanced per microsecond at this level: 0.1375083584

[Level 0 step 146] Advanced 262144 cells
Castro::construct_new_gravity() time = 0.016493135 on level 0

Castro::do_new_sources() time = 0.040227724 on level 0


TIME= 0.950213967 MASS        = 2.779089127e+33
TIME= 0.950213967 XMOM        = 1.033196168e+37
TIME= 0.950213967 YMOM        = 3.523080878e+38
TIME= 0.950213967 ZMOM        = -4.792845793e+37
TIME= 0.950213967 ANG MOM X   = 5.58436756e+44
TIME= 0.950213967 ANG MOM Y   = -2.455689195e+45
TIME= 0.950213967 ANG MOM Z   = -1.760102582e+45
TIME= 0.950213967 RHO*e       = 2.659478714e+51
TIME= 0.950213967 RHO*K       = 3.124133246e+47
TIME= 0.950213967 RHO*E       = 2.675931564e+51
TIME= 0.950213967 RHO*PHI     = 0
TIME= 0.950213967 TOTAL ENERGY= 2.675931564e+51
TIME= 0.950213967 CENTER OF MASS X-LOC = -268921.842
TIME= 0.950213967 CENTER OF MASS X-VEL = 3717.751108
TIME= 0.950213967 CENTER OF MASS Y-LOC = -295991.9322
TIME= 0.950213967 CENTER OF MASS Y-VEL = 126771.0648
TIME= 0.950213967 CENTER OF MASS Z-LOC = -405594.4152
TIME= 0.950213967 CENTER OF MASS Z-VEL = -17246.10322
TIME= 0.950213967 MAXIMUM TEMPERATURE  = 0
TIME= 0.950213967 MAXIMUM DENSITY      = 786443657.4

STEP = 146 TIME = 0.950213967 DT = 0.009726244116


[STEP 146] Coarse TimeStep time: 1.930513115
[STEP 146] FAB kilobyte spread across MPI nodes: [105462 ... 105462]

...estimated hydro-limited timestep at level 0: 0.009728225487
...hydro-limited CFL timestep constrained at (i,j,k) = (32,32,32)
Castro::estTimeStep (hydro-limited) at level 0:  estdt = 0.009728225487

[Level 0 step 147] ADVANCE at time 0.950213967 with dt = 0.009728225487

[1m[32m  Beginning subcycle 1 starting at time 0.950213967 with dt = 0.009728225487[0m
  Estimated number of subcycles remaining: 1

... mhd ...!!! 

Castro::construct_old_gravity() time = 0.017541762 on level 0

Castro::do_old_sources() time = 0.03490368 on level 0

[1m[32m  Subcycle completed[0m

  Subcycling complete

  Zones advanced per microsecond at this level: 0.1452536517

[Level 0 step 147] Advanced 262144 cells
Castro::construct_new_gravity() time = 0.020928404 on level 0

Castro::do_new_sources() time = 0.077809713 on level 0


TIME= 0.9599421925 MASS        = 2.779220744e+33
TIME= 0.9599421925 XMOM        = 1.169703128e+37
TIME= 0.9599421925 YMOM        = 3.500959272e+38
TIME= 0.9599421925 ZMOM        = -4.308349882e+37
TIME= 0.9599421925 ANG MOM X   = 6.100399197e+44
TIME= 0.9599421925 ANG MOM Y   = -2.352663009e+45
TIME= 0.9599421925 ANG MOM Z   = -1.757074683e+45
TIME= 0.9599421925 RHO*e       = 2.659672471e+51
TIME= 0.9599421925 RHO*K       = 3.110551423e+47
TIME= 0.9599421925 RHO*E       = 2.676073033e+51
TIME= 0.9599421925 RHO*PHI     = 0
TIME= 0.9599421925 TOTAL ENERGY= 2.676073033e+51
TIME= 0.9599421925 CENTER OF MASS X-LOC = -269028.5814
TIME= 0.9599421925 CENTER OF MASS X-VEL = 4208.744951
TIME= 0.9599421925 CENTER OF MASS Y-LOC = -295821.0675
TIME= 0.9599421925 CENTER OF MASS Y-VEL = 125969.0969
TIME= 0.9599421925 CENTER OF MASS Z-LOC = -406145.2868
TIME= 0.9599421925 CENTER OF MASS Z-VEL = -15502.00678
TIME= 0.9599421925 MAXIMUM TEMPERATURE  = 0
TIME= 0.9599421925 MAXIMUM DENSITY      = 785591590.8

STEP = 147 TIME = 0.9599421925 DT = 0.009728225487


[STEP 147] Coarse TimeStep time: 1.831416307
[STEP 147] FAB kilobyte spread across MPI nodes: [105462 ... 105462]

...estimated hydro-limited timestep at level 0: 0.009730176419
...hydro-limited CFL timestep constrained at (i,j,k) = (32,32,32)
Castro::estTimeStep (hydro-limited) at level 0:  estdt = 0.009730176419

[Level 0 step 148] ADVANCE at time 0.9599421925 with dt = 0.009730176419

[1m[32m  Beginning subcycle 1 starting at time 0.9599421925 with dt = 0.009730176419[0m
  Estimated number of subcycles remaining: 1

... mhd ...!!! 

Castro::construct_old_gravity() time = 0.020786083 on level 0

Castro::do_old_sources() time = 0.040974243 on level 0

[1m[32m  Subcycle completed[0m

  Subcycling complete

  Zones advanced per microsecond at this level: 0.1035094133

[Level 0 step 148] Advanced 262144 cells
Castro::construct_new_gravity() time = 0.020601759 on level 0

Castro::do_new_sources() time = 0.04144318 on level 0


TIME= 0.9696723689 MASS        = 2.779352443e+33
TIME= 0.9696723689 XMOM        = 1.305058398e+37
TIME= 0.9696723689 YMOM        = 3.479230345e+38
TIME= 0.9696723689 ZMOM        = -3.835483243e+37
TIME= 0.9696723689 ANG MOM X   = 6.646110071e+44
TIME= 0.9696723689 ANG MOM Y   = -2.253751559e+45
TIME= 0.9696723689 ANG MOM Z   = -1.743195059e+45
TIME= 0.9696723689 RHO*e       = 2.65986794e+51
TIME= 0.9696723689 RHO*K       = 3.097483387e+47
TIME= 0.9696723689 RHO*E       = 2.676217455e+51
TIME= 0.9696723689 RHO*PHI     = 0
TIME= 0.9696723689 TOTAL ENERGY= 2.676217455e+51
TIME= 0.9696723689 CENTER OF MASS X-LOC = -269131.08
TIME= 0.9696723689 CENTER OF MASS X-VEL = 4695.548425
TIME= 0.9696723689 CENTER OF MASS Y-LOC = -295658.6677
TIME= 0.9696723689 CENTER OF MASS Y-VEL = 125181.3297
TIME= 0.9696723689 CENTER OF MASS Z-LOC = -406673.8097
TIME= 0.9696723689 CENTER OF MASS Z-VEL = -13799.91678
TIME= 0.9696723689 MAXIMUM TEMPERATURE  = 0
TIME= 0.9696723689 MAXIMUM DENSITY      = 784758751.3

STEP = 148 TIME = 0.9696723689 DT = 0.009730176419


[STEP 148] Coarse TimeStep time: 2.55853645
[STEP 148] FAB kilobyte spread across MPI nodes: [105462 ... 105462]

...estimated hydro-limited timestep at level 0: 0.009732316826
...hydro-limited CFL timestep constrained at (i,j,k) = (32,32,32)
Castro::estTimeStep (hydro-limited) at level 0:  estdt = 0.009732316826

[Level 0 step 149] ADVANCE at time 0.9696723689 with dt = 0.009732316826

[1m[32m  Beginning subcycle 1 starting at time 0.9696723689 with dt = 0.009732316826[0m
  Estimated number of subcycles remaining: 1

... mhd ...!!! 

Castro::construct_old_gravity() time = 0.02398153 on level 0

Castro::do_old_sources() time = 0.036834738 on level 0

[1m[32m  Subcycle completed[0m

  Subcycling complete

  Zones advanced per microsecond at this level: 0.09411562109

[Level 0 step 149] Advanced 262144 cells
Castro::construct_new_gravity() time = 0.032259042 on level 0

Castro::do_new_sources() time = 0.077907335 on level 0


TIME= 0.9794046857 MASS        = 2.779484225e+33
TIME= 0.9794046857 XMOM        = 1.439197439e+37
TIME= 0.9794046857 YMOM        = 3.457979682e+38
TIME= 0.9794046857 ZMOM        = -3.373950625e+37
TIME= 0.9794046857 ANG MOM X   = 7.178825056e+44
TIME= 0.9794046857 ANG MOM Y   = -2.153786395e+45
TIME= 0.9794046857 ANG MOM Z   = -1.723522155e+45
TIME= 0.9794046857 RHO*e       = 2.660064316e+51
TIME= 0.9794046857 RHO*K       = 3.084892142e+47
TIME= 0.9794046857 RHO*E       = 2.67636221e+51
TIME= 0.9794046857 RHO*PHI     = 0
TIME= 0.9794046857 TOTAL ENERGY= 2.67636221e+51
TIME= 0.9794046857 CENTER OF MASS X-LOC = -269229.6364
TIME= 0.9794046857 CENTER OF MASS X-VEL = 5177.929871
TIME= 0.9794046857 CENTER OF MASS Y-LOC = -295504.3915
TIME= 0.9794046857 CENTER OF MASS Y-VEL = 124410.8404
TIME= 0.9794046857 CENTER OF MASS Z-LOC = -407181.6224
TIME= 0.9794046857 CENTER OF MASS Z-VEL = -12138.76515
TIME= 0.9794046857 MAXIMUM TEMPERATURE  = 0
TIME= 0.9794046857 MAXIMUM DENSITY      = 783956630.7

STEP = 149 TIME = 0.9794046857 DT = 0.009732316826


[STEP 149] Coarse TimeStep time: 2.826940885
[STEP 149] FAB kilobyte spread across MPI nodes: [105462 ... 105462]

...estimated hydro-limited timestep at level 0: 0.009734341745
...hydro-limited CFL timestep constrained at (i,j,k) = (32,32,32)
Castro::estTimeStep (hydro-limited) at level 0:  estdt = 0.009734341745

[Level 0 step 150] ADVANCE at time 0.9794046857 with dt = 0.009734341745

[1m[32m  Beginning subcycle 1 starting at time 0.9794046857 with dt = 0.009734341745[0m
  Estimated number of subcycles remaining: 1

... mhd ...!!! 

Castro::construct_old_gravity() time = 0.022397218 on level 0

Castro::do_old_sources() time = 0.035090555 on level 0

[1m[32m  Subcycle completed[0m

  Subcycling complete

  Zones advanced per microsecond at this level: 0.09751714121

[Level 0 step 150] Advanced 262144 cells
Castro::construct_new_gravity() time = 0.036781943 on level 0

Castro::do_new_sources() time = 0.082537162 on level 0


TIME= 0.9891390275 MASS        = 2.779616089e+33
TIME= 0.9891390275 XMOM        = 1.571972973e+37
TIME= 0.9891390275 YMOM        = 3.437279994e+38
TIME= 0.9891390275 ZMOM        = -2.923052344e+37
TIME= 0.9891390275 ANG MOM X   = 7.642529761e+44
TIME= 0.9891390275 ANG MOM Y   = -2.053367902e+45
TIME= 0.9891390275 ANG MOM Z   = -1.695087104e+45
TIME= 0.9891390275 RHO*e       = 2.660260537e+51
TIME= 0.9891390275 RHO*K       = 3.072657841e+47
TIME= 0.9891390275 RHO*E       = 2.676507589e+51
TIME= 0.9891390275 RHO*PHI     = 0
TIME= 0.9891390275 TOTAL ENERGY= 2.676507589e+51
TIME= 0.9891390275 CENTER OF MASS X-LOC = -269323.7625
TIME= 0.9891390275 CENTER OF MASS X-VEL = 5655.360032
TIME= 0.9891390275 CENTER OF MASS Y-LOC = -295358.6297
TIME= 0.9891390275 CENTER OF MASS Y-VEL = 123660.2424
TIME= 0.9891390275 CENTER OF MASS Z-LOC = -407670.0245
TIME= 0.9891390275 CENTER OF MASS Z-VEL = -10516.02901
TIME= 0.9891390275 MAXIMUM TEMPERATURE  = 0
TIME= 0.9891390275 MAXIMUM DENSITY      = 783171883.4

STEP = 150 TIME = 0.9891390275 DT = 0.009734341745


[STEP 150] Coarse TimeStep time: 2.736784717
[STEP 150] FAB kilobyte spread across MPI nodes: [105462 ... 105462]

PLOTFILE: file = plt_seed42ext00150
Write plotfile time = 0.047643215  seconds

...estimated hydro-limited timestep at level 0: 0.009736285145
...hydro-limited CFL timestep constrained at (i,j,k) = (32,32,32)
Castro::estTimeStep (hydro-limited) at level 0:  estdt = 0.009736285145

[Level 0 step 151] ADVANCE at time 0.9891390275 with dt = 0.009736285145

[1m[32m  Beginning subcycle 1 starting at time 0.9891390275 with dt = 0.009736285145[0m
  Estimated number of subcycles remaining: 1

... mhd ...!!! 

Castro::construct_old_gravity() time = 0.029485927 on level 0

Castro::do_old_sources() time = 0.04822806 on level 0

[1m[32m  Subcycle completed[0m

  Subcycling complete

  Zones advanced per microsecond at this level: 0.1051673441

[Level 0 step 151] Advanced 262144 cells
Castro::construct_new_gravity() time = 0.017687763 on level 0

Castro::do_new_sources() time = 0.041138896 on level 0


TIME= 0.9988753126 MASS        = 2.779748034e+33
TIME= 0.9988753126 XMOM        = 1.702604135e+37
TIME= 0.9988753126 YMOM        = 3.417204542e+38
TIME= 0.9988753126 ZMOM        = -2.482133729e+37
TIME= 0.9988753126 ANG MOM X   = 8.011042186e+44
TIME= 0.9988753126 ANG MOM Y   = -1.952456237e+45
TIME= 0.9988753126 ANG MOM Z   = -1.670275891e+45
TIME= 0.9988753126 RHO*e       = 2.660457019e+51
TIME= 0.9988753126 RHO*K       = 3.060751234e+47
TIME= 0.9988753126 RHO*E       = 2.676653723e+51
TIME= 0.9988753126 RHO*PHI     = 0
TIME= 0.9988753126 TOTAL ENERGY= 2.676653723e+51
TIME= 0.9988753126 CENTER OF MASS X-LOC = -269411.1685
TIME= 0.9988753126 CENTER OF MASS X-VEL = 6125.03045
TIME= 0.9988753126 CENTER OF MASS Y-LOC = -295221.8523
TIME= 0.9988753126 CENTER OF MASS Y-VEL = 122932.1687
TIME= 0.9988753126 CENTER OF MASS Z-LOC = -408138.108
TIME= 0.9988753126 CENTER OF MASS Z-VEL = -8929.347908
TIME= 0.9988753126 MAXIMUM TEMPERATURE  = 0
TIME= 0.9988753126 MAXIMUM DENSITY      = 782408981.8

STEP = 151 TIME = 0.9988753126 DT = 0.009736285145


[STEP 151] Coarse TimeStep time: 2.519978842
[STEP 151] FAB kilobyte spread across MPI nodes: [105462 ... 105462]

...estimated hydro-limited timestep at level 0: 0.009738120157
...hydro-limited CFL timestep constrained at (i,j,k) = (32,32,32)
Castro::estTimeStep (hydro-limited) at level 0:  estdt = 0.009738120157

[Level 0 step 152] ADVANCE at time 0.9988753126 with dt = 0.009738120157

[1m[32m  Beginning subcycle 1 starting at time 0.9988753126 with dt = 0.009738120157[0m
  Estimated number of subcycles remaining: 1

... mhd ...!!! 

Castro::construct_old_gravity() time = 0.023339163 on level 0

Castro::do_old_sources() time = 0.040654084 on level 0

[1m[32m  Subcycle completed[0m

  Subcycling complete

  Zones advanced per microsecond at this level: 0.0977825824

[Level 0 step 152] Advanced 262144 cells
Castro::construct_new_gravity() time = 0.028760544 on level 0

Castro::do_new_sources() time = 0.04403623 on level 0


TIME= 1.008613433 MASS        = 2.779880058e+33
TIME= 1.008613433 XMOM        = 1.830094267e+37
TIME= 1.008613433 YMOM        = 3.397807967e+38
TIME= 1.008613433 ZMOM        = -2.050516845e+37
TIME= 1.008613433 ANG MOM X   = 8.342666243e+44
TIME= 1.008613433 ANG MOM Y   = -1.844982368e+45
TIME= 1.008613433 ANG MOM Z   = -1.649455611e+45
TIME= 1.008613433 RHO*e       = 2.660653234e+51
TIME= 1.008613433 RHO*K       = 3.049199897e+47
TIME= 1.008613433 RHO*E       = 2.676801116e+51
TIME= 1.008613433 RHO*PHI     = 0
TIME= 1.008613433 TOTAL ENERGY= 2.676801116e+51
TIME= 1.008613433 CENTER OF MASS X-LOC = -269492.8187
TIME= 1.008613433 CENTER OF MASS X-VEL = 6583.356939
TIME= 1.008613433 CENTER OF MASS Y-LOC = -295093.5797
TIME= 1.008613433 CENTER OF MASS Y-VEL = 122228.5817
TIME= 1.008613433 CENTER OF MASS Z-LOC = -408587.5908
TIME= 1.008613433 CENTER OF MASS Z-VEL = -7376.278118
TIME= 1.008613433 MAXIMUM TEMPERATURE  = 0
TIME= 1.008613433 MAXIMUM DENSITY      = 781648291.4

STEP = 152 TIME = 1.008613433 DT = 0.009738120157


[STEP 152] Coarse TimeStep time: 2.716410559
[STEP 152] FAB kilobyte spread across MPI nodes: [105462 ... 105462]

...estimated hydro-limited timestep at level 0: 0.009739941039
...hydro-limited CFL timestep constrained at (i,j,k) = (32,32,32)
Castro::estTimeStep (hydro-limited) at level 0:  estdt = 0.009739941039

[Level 0 step 153] ADVANCE at time 1.008613433 with dt = 0.009739941039

[1m[32m  Beginning subcycle 1 starting at time 1.008613433 with dt = 0.009739941039[0m
  Estimated number of subcycles remaining: 1

... mhd ...!!! 

Castro::construct_old_gravity() time = 0.020142405 on level 0

Castro::do_old_sources() time = 0.033154685 on level 0

[1m[32m  Subcycle completed[0m

  Subcycling complete

  Zones advanced per microsecond at this level: 0.1016042587

[Level 0 step 153] Advanced 262144 cells
Castro::construct_new_gravity() time = 0.026186951 on level 0

Castro::do_new_sources() time = 0.054293192 on level 0


TIME= 1.018353374 MASS        = 2.780012162e+33
TIME= 1.018353374 XMOM        = 1.953629621e+37
TIME= 1.018353374 YMOM        = 3.379127566e+38
TIME= 1.018353374 ZMOM        = -1.627659962e+37
TIME= 1.018353374 ANG MOM X   = 8.559996451e+44
TIME= 1.018353374 ANG MOM Y   = -1.743452272e+45
TIME= 1.018353374 ANG MOM Z   = -1.628142683e+45
TIME= 1.018353374 RHO*e       = 2.660848929e+51
TIME= 1.018353374 RHO*K       = 3.03801629e+47
TIME= 1.018353374 RHO*E       = 2.676948456e+51
TIME= 1.018353374 RHO*PHI     = 0
TIME= 1.018353374 TOTAL ENERGY= 2.676948456e+51
TIME= 1.018353374 CENTER OF MASS X-LOC = -269568.9361
TIME= 1.018353374 CENTER OF MASS X-VEL = 7027.413936
TIME= 1.018353374 CENTER OF MASS Y-LOC = -294974.0379
TIME= 1.018353374 CENTER OF MASS Y-VEL = 121550.8196
TIME= 1.018353374 CENTER OF MASS Z-LOC = -409017.6102
TIME= 1.018353374 CENTER OF MASS Z-VEL = -5854.866338
TIME= 1.018353374 MAXIMUM TEMPERATURE  = 0
TIME= 1.018353374 MAXIMUM DENSITY      = 780899123.2

STEP = 153 TIME = 1.018353374 DT = 0.009739941039


[STEP 153] Coarse TimeStep time: 2.612273732
[STEP 153] FAB kilobyte spread across MPI nodes: [105462 ... 105462]

...estimated hydro-limited timestep at level 0: 0.009741823794
...hydro-limited CFL timestep constrained at (i,j,k) = (32,32,32)
Castro::estTimeStep (hydro-limited) at level 0:  estdt = 0.009741823794

[Level 0 step 154] ADVANCE at time 1.018353374 with dt = 0.009741823794

[1m[32m  Beginning subcycle 1 starting at time 1.018353374 with dt = 0.009741823794[0m
  Estimated number of subcycles remaining: 1

... mhd ...!!! 

Castro::construct_old_gravity() time = 0.029705962 on level 0

Castro::do_old_sources() time = 0.045428942 on level 0

[1m[32m  Subcycle completed[0m

  Subcycling complete

  Zones advanced per microsecond at this level: 0.1020102657

[Level 0 step 154] Advanced 262144 cells
Castro::construct_new_gravity() time = 0.016878253 on level 0

Castro::do_new_sources() time = 0.040917471 on level 0


TIME= 1.028095198 MASS        = 2.780144345e+33
TIME= 1.028095198 XMOM        = 2.072453747e+37
TIME= 1.028095198 YMOM        = 3.361191593e+38
TIME= 1.028095198 ZMOM        = -1.213099485e+37
TIME= 1.028095198 ANG MOM X   = 8.720345702e+44
TIME= 1.028095198 ANG MOM Y   = -1.647663777e+45
TIME= 1.028095198 ANG MOM Z   = -1.603553187e+45
TIME= 1.028095198 RHO*e       = 2.661044642e+51
TIME= 1.028095198 RHO*K       = 3.02724537e+47
TIME= 1.028095198 RHO*E       = 2.677096782e+51
TIME= 1.028095198 RHO*PHI     = 0
TIME= 1.028095198 TOTAL ENERGY= 2.677096782e+51
TIME= 1.028095198 CENTER OF MASS X-LOC = -269639.4384
TIME= 1.028095198 CENTER OF MASS X-VEL = 7454.482538
TIME= 1.028095198 CENTER OF MASS Y-LOC = -294863.0676
TIME= 1.028095198 CENTER OF MASS Y-VEL = 120899.8949
TIME= 1.028095198 CENTER OF MASS Z-LOC = -409429.3717
TIME= 1.028095198 CENTER OF MASS Z-VEL = -4363.440652
TIME= 1.028095198 MAXIMUM TEMPERATURE  = 0
TIME= 1.028095198 MAXIMUM DENSITY      = 780166627

STEP = 154 TIME = 1.028095198 DT = 0.009741823794


[STEP 154] Coarse TimeStep time: 2.596207831
[STEP 154] FAB kilobyte spread across MPI nodes: [105462 ... 105462]

...estimated hydro-limited timestep at level 0: 0.009743590982
...hydro-limited CFL timestep constrained at (i,j,k) = (32,32,32)
Castro::estTimeStep (hydro-limited) at level 0:  estdt = 0.009743590982

[Level 0 step 155] ADVANCE at time 1.028095198 with dt = 0.009743590982

[1m[32m  Beginning subcycle 1 starting at time 1.028095198 with dt = 0.009743590982[0m
  Estimated number of subcycles remaining: 1

... mhd ...!!! 

Castro::construct_old_gravity() time = 0.021567364 on level 0

Castro::do_old_sources() time = 0.040515186 on level 0

[1m[32m  Subcycle completed[0m

  Subcycling complete

  Zones advanced per microsecond at this level: 0.09972982251

[Level 0 step 155] Advanced 262144 cells
Castro::construct_new_gravity() time = 0.021409215 on level 0

Castro::do_new_sources() time = 0.045297228 on level 0


TIME= 1.037838789 MASS        = 2.780276607e+33
TIME= 1.037838789 XMOM        = 2.186065311e+37
TIME= 1.037838789 YMOM        = 3.344011977e+38
TIME= 1.037838789 ZMOM        = -8.060847135e+36
TIME= 1.037838789 ANG MOM X   = 8.878978929e+44
TIME= 1.037838789 ANG MOM Y   = -1.549547048e+45
TIME= 1.037838789 ANG MOM Z   = -1.573935357e+45
TIME= 1.037838789 RHO*e       = 2.661241163e+51
TIME= 1.037838789 RHO*K       = 3.016834062e+47
TIME= 1.037838789 RHO*E       = 2.677245877e+51
TIME= 1.037838789 RHO*PHI     = 0
TIME= 1.037838789 TOTAL ENERGY= 2.677245877e+51
TIME= 1.037838789 CENTER OF MASS X-LOC = -269704.768
TIME= 1.037838789 CENTER OF MASS X-VEL = 7862.76195
TIME= 1.037838789 CENTER OF MASS Y-LOC = -294760.0097
TIME= 1.037838789 CENTER OF MASS Y-VEL = 120276.2333
TIME= 1.037838789 CENTER OF MASS Z-LOC = -409824.3783
TIME= 1.037838789 CENTER OF MASS Z-VEL = -2899.296824
TIME= 1.037838789 MAXIMUM TEMPERATURE  = 0
TIME= 1.037838789 MAXIMUM DENSITY      = 779446522

STEP = 155 TIME = 1.037838789 DT = 0.009743590982


[STEP 155] Coarse TimeStep time: 2.660755355
[STEP 155] FAB kilobyte spread across MPI nodes: [105462 ... 105462]

...estimated hydro-limited timestep at level 0: 0.009745303336
...hydro-limited CFL timestep constrained at (i,j,k) = (32,32,32)
Castro::estTimeStep (hydro-limited) at level 0:  estdt = 0.009745303336

[Level 0 step 156] ADVANCE at time 1.037838789 with dt = 0.009745303336

[1m[32m  Beginning subcycle 1 starting at time 1.037838789 with dt = 0.009745303336[0m
  Estimated number of subcycles remaining: 1

... mhd ...!!! 

Castro::construct_old_gravity() time = 0.030315049 on level 0

Castro::do_old_sources() time = 0.043718077 on level 0

[1m[32m  Subcycle completed[0m

  Subcycling complete

  Zones advanced per microsecond at this level: 0.0995540919

[Level 0 step 156] Advanced 262144 cells
Castro::construct_new_gravity() time = 0.018723636 on level 0

Castro::do_new_sources() time = 0.05420332 on level 0


TIME= 1.047584092 MASS        = 2.780408946e+33
TIME= 1.047584092 XMOM        = 2.294165991e+37
TIME= 1.047584092 YMOM        = 3.327551635e+38
TIME= 1.047584092 ZMOM        = -4.055004118e+36
TIME= 1.047584092 ANG MOM X   = 8.985961817e+44
TIME= 1.047584092 ANG MOM Y   = -1.448155542e+45
TIME= 1.047584092 ANG MOM Z   = -1.539456073e+45
TIME= 1.047584092 RHO*e       = 2.661438257e+51
TIME= 1.047584092 RHO*K       = 3.006720378e+47
TIME= 1.047584092 RHO*E       = 2.677396388e+51
TIME= 1.047584092 RHO*PHI     = 0
TIME= 1.047584092 TOTAL ENERGY= 2.677396388e+51
TIME= 1.047584092 CENTER OF MASS X-LOC = -269764.6966
TIME= 1.047584092 CENTER OF MASS X-VEL = 8251.181881
TIME= 1.047584092 CENTER OF MASS Y-LOC = -294664.0275
TIME= 1.047584092 CENTER OF MASS Y-VEL = 119678.497
TIME= 1.047584092 CENTER OF MASS Z-LOC = -410204.2628
TIME= 1.047584092 CENTER OF MASS Z-VEL = -1458.420037
TIME= 1.047584092 MAXIMUM TEMPERATURE  = 0
TIME= 1.047584092 MAXIMUM DENSITY      = 778735417.4

STEP = 156 TIME = 1.047584092 DT = 0.009745303336


[STEP 156] Coarse TimeStep time: 2.663763548
[STEP 156] FAB kilobyte spread across MPI nodes: [105462 ... 105462]

...estimated hydro-limited timestep at level 0: 0.009746930811
...hydro-limited CFL timestep constrained at (i,j,k) = (32,32,32)
Castro::estTimeStep (hydro-limited) at level 0:  estdt = 0.009746930811

[Level 0 step 157] ADVANCE at time 1.047584092 with dt = 0.009746930811

[1m[32m  Beginning subcycle 1 starting at time 1.047584092 with dt = 0.009746930811[0m
  Estimated number of subcycles remaining: 1

... mhd ...!!! 

Castro::construct_old_gravity() time = 0.024648601 on level 0

Castro::do_old_sources() time = 0.038118667 on level 0

[1m[32m  Subcycle completed[0m

  Subcycling complete

  Zones advanced per microsecond at this level: 0.09353391067

[Level 0 step 157] Advanced 262144 cells
Castro::construct_new_gravity() time = 0.017868581 on level 0

Castro::do_new_sources() time = 0.051447678 on level 0


TIME= 1.057331023 MASS        = 2.780541361e+33
TIME= 1.057331023 XMOM        = 2.396833127e+37
TIME= 1.057331023 YMOM        = 3.31174538e+38
TIME= 1.057331023 ZMOM        = -1.007117592e+35
TIME= 1.057331023 ANG MOM X   = 9.03132508e+44
TIME= 1.057331023 ANG MOM Y   = -1.333471072e+45
TIME= 1.057331023 ANG MOM Z   = -1.501206149e+45
TIME= 1.057331023 RHO*e       = 2.661635015e+51
TIME= 1.057331023 RHO*K       = 2.996845911e+47
TIME= 1.057331023 RHO*E       = 2.677547055e+51
TIME= 1.057331023 RHO*PHI     = 0
TIME= 1.057331023 TOTAL ENERGY= 2.677547055e+51
TIME= 1.057331023 CENTER OF MASS X-LOC = -269820.1378
TIME= 1.057331023 CENTER OF MASS X-VEL = 8620.023283
TIME= 1.057331023 CENTER OF MASS Y-LOC = -294575.4711
TIME= 1.057331023 CENTER OF MASS Y-VEL = 119104.338
TIME= 1.057331023 CENTER OF MASS Z-LOC = -410569.9835
TIME= 1.057331023 CENTER OF MASS Z-VEL = -36.22019818
TIME= 1.057331023 MAXIMUM TEMPERATURE  = 0
TIME= 1.057331023 MAXIMUM DENSITY      = 778031019.3

STEP = 157 TIME = 1.057331023 DT = 0.009746930811


[STEP 157] Coarse TimeStep time: 2.834195627
[STEP 157] FAB kilobyte spread across MPI nodes: [105462 ... 105462]

...estimated hydro-limited timestep at level 0: 0.009748503712
...hydro-limited CFL timestep constrained at (i,j,k) = (32,32,32)
Castro::estTimeStep (hydro-limited) at level 0:  estdt = 0.009748503712

[Level 0 step 158] ADVANCE at time 1.057331023 with dt = 0.009748503712

[1m[32m  Beginning subcycle 1 starting at time 1.057331023 with dt = 0.009748503712[0m
  Estimated number of subcycles remaining: 1

... mhd ...!!! 

Castro::construct_old_gravity() time = 0.031176445 on level 0

Castro::do_old_sources() time = 0.042481308 on level 0

[1m[32m  Subcycle completed[0m

  Subcycling complete

  Zones advanced per microsecond at this level: 0.09986624288

[Level 0 step 158] Advanced 262144 cells
Castro::construct_new_gravity() time = 0.019241061 on level 0

Castro::do_new_sources() time = 0.047893498 on level 0


TIME= 1.067079526 MASS        = 2.780673852e+33
TIME= 1.067079526 XMOM        = 2.494310735e+37
TIME= 1.067079526 YMOM        = 3.296541354e+38
TIME= 1.067079526 ZMOM        = 3.811598967e+36
TIME= 1.067079526 ANG MOM X   = 9.001091744e+44
TIME= 1.067079526 ANG MOM Y   = -1.208571677e+45
TIME= 1.067079526 ANG MOM Z   = -1.47061008e+45
TIME= 1.067079526 RHO*e       = 2.661831116e+51
TIME= 1.067079526 RHO*K       = 2.987144349e+47
TIME= 1.067079526 RHO*E       = 2.677697541e+51
TIME= 1.067079526 RHO*PHI     = 0
TIME= 1.067079526 TOTAL ENERGY= 2.677697541e+51
TIME= 1.067079526 CENTER OF MASS X-LOC = -269871.1373
TIME= 1.067079526 CENTER OF MASS X-VEL = 8970.166468
TIME= 1.067079526 CENTER OF MASS Y-LOC = -294495.2694
TIME= 1.067079526 CENTER OF MASS Y-VEL = 118551.8881
TIME= 1.067079526 CENTER OF MASS Z-LOC = -410920.9605
TIME= 1.067079526 CENTER OF MASS Z-VEL = 1370.746506
TIME= 1.067079526 MAXIMUM TEMPERATURE  = 0
TIME= 1.067079526 MAXIMUM DENSITY      = 777334732.8

STEP = 158 TIME = 1.067079526 DT = 0.009748503712


[STEP 158] Coarse TimeStep time: 2.669298381
[STEP 158] FAB kilobyte spread across MPI nodes: [105462 ... 105462]

...estimated hydro-limited timestep at level 0: 0.009750129974
...hydro-limited CFL timestep constrained at (i,j,k) = (32,32,32)
Castro::estTimeStep (hydro-limited) at level 0:  estdt = 0.009750129974

[Level 0 step 159] ADVANCE at time 1.067079526 with dt = 0.009750129974

[1m[32m  Beginning subcycle 1 starting at time 1.067079526 with dt = 0.009750129974[0m
  Estimated number of subcycles remaining: 1

... mhd ...!!! 

Castro::construct_old_gravity() time = 0.077220293 on level 0

Castro::do_old_sources() time = 0.034793278 on level 0

[1m[32m  Subcycle completed[0m

  Subcycling complete

  Zones advanced per microsecond at this level: 0.09610449011

[Level 0 step 159] Advanced 262144 cells
Castro::construct_new_gravity() time = 0.01841143 on level 0

Castro::do_new_sources() time = 0.044957335 on level 0


TIME= 1.076829656 MASS        = 2.780806419e+33
TIME= 1.076829656 XMOM        = 2.586903747e+37
TIME= 1.076829656 YMOM        = 3.281905129e+38
TIME= 1.076829656 ZMOM        = 7.689626786e+36
TIME= 1.076829656 ANG MOM X   = 8.959795641e+44
TIME= 1.076829656 ANG MOM Y   = -1.072720373e+45
TIME= 1.076829656 ANG MOM Z   = -1.448573751e+45
TIME= 1.076829656 RHO*e       = 2.662027078e+51
TIME= 1.076829656 RHO*K       = 2.9776114e+47
TIME= 1.076829656 RHO*E       = 2.677848462e+51
TIME= 1.076829656 RHO*PHI     = 0
TIME= 1.076829656 TOTAL ENERGY= 2.677848462e+51
TIME= 1.076829656 CENTER OF MASS X-LOC = -269918.2973
TIME= 1.076829656 CENTER OF MASS X-VEL = 9302.710645
TIME= 1.076829656 CENTER OF MASS Y-LOC = -294424.2292
TIME= 1.076829656 CENTER OF MASS Y-VEL = 118019.9063
TIME= 1.076829656 CENTER OF MASS Z-LOC = -411258.1521
TIME= 1.076829656 CENTER OF MASS Z-VEL = 2765.25066
TIME= 1.076829656 MAXIMUM TEMPERATURE  = 0
TIME= 1.076829656 MAXIMUM DENSITY      = 776654925.5

STEP = 159 TIME = 1.076829656 DT = 0.009750129974


[STEP 159] Coarse TimeStep time: 2.766811292
[STEP 159] FAB kilobyte spread across MPI nodes: [105462 ... 105462]

...estimated hydro-limited timestep at level 0: 0.009751781402
...hydro-limited CFL timestep constrained at (i,j,k) = (32,32,32)
Castro::estTimeStep (hydro-limited) at level 0:  estdt = 0.009751781402

[Level 0 step 160] ADVANCE at time 1.076829656 with dt = 0.009751781402

[1m[32m  Beginning subcycle 1 starting at time 1.076829656 with dt = 0.009751781402[0m
  Estimated number of subcycles remaining: 1

... mhd ...!!! 

Castro::construct_old_gravity() time = 0.021246579 on level 0

Castro::do_old_sources() time = 0.034327478 on level 0

[1m[32m  Subcycle completed[0m

  Subcycling complete

  Zones advanced per microsecond at this level: 0.1034785572

[Level 0 step 160] Advanced 262144 cells
Castro::construct_new_gravity() time = 0.017022164 on level 0

Castro::do_new_sources() time = 0.045779578 on level 0


TIME= 1.086581438 MASS        = 2.780939062e+33
TIME= 1.086581438 XMOM        = 2.675145303e+37
TIME= 1.086581438 YMOM        = 3.26781261e+38
TIME= 1.086581438 ZMOM        = 1.153842256e+37
TIME= 1.086581438 ANG MOM X   = 8.998889008e+44
TIME= 1.086581438 ANG MOM Y   = -9.267611526e+44
TIME= 1.086581438 ANG MOM Z   = -1.430708155e+45
TIME= 1.086581438 RHO*e       = 2.662225322e+51
TIME= 1.086581438 RHO*K       = 2.968233128e+47
TIME= 1.086581438 RHO*E       = 2.678002228e+51
TIME= 1.086581438 RHO*PHI     = 0
TIME= 1.086581438 TOTAL ENERGY= 2.678002228e+51
TIME= 1.086581438 CENTER OF MASS X-LOC = -269962.5349
TIME= 1.086581438 CENTER OF MASS X-VEL = 9619.575413
TIME= 1.086581438 CENTER OF MASS Y-LOC = -294362.2661
TIME= 1.086581438 CENTER OF MASS Y-VEL = 117507.5231
TIME= 1.086581438 CENTER OF MASS Z-LOC = -411580.8666
TIME= 1.086581438 CENTER OF MASS Z-VEL = 4149.110173
TIME= 1.086581438 MAXIMUM TEMPERATURE  = 0
TIME= 1.086581438 MAXIMUM DENSITY      = 775994208

STEP = 160 TIME = 1.086581438 DT = 0.009751781402


[STEP 160] Coarse TimeStep time: 2.561690962
[STEP 160] FAB kilobyte spread across MPI nodes: [105462 ... 105462]

PLOTFILE: file = plt_seed42ext00160
Write plotfile time = 0.041193218  seconds

...estimated hydro-limited timestep at level 0: 0.009753443833
...hydro-limited CFL timestep constrained at (i,j,k) = (32,32,32)
Castro::estTimeStep (hydro-limited) at level 0:  estdt = 0.009753443833

[Level 0 step 161] ADVANCE at time 1.086581438 with dt = 0.009753443833

[1m[32m  Beginning subcycle 1 starting at time 1.086581438 with dt = 0.009753443833[0m
  Estimated number of subcycles remaining: 1

... mhd ...!!! 

Castro::construct_old_gravity() time = 0.023595063 on level 0

Castro::do_old_sources() time = 0.039872834 on level 0

[1m[32m  Subcycle completed[0m

  Subcycling complete

  Zones advanced per microsecond at this level: 0.1017028853

[Level 0 step 161] Advanced 262144 cells
Castro::construct_new_gravity() time = 0.017212669 on level 0

Castro::do_new_sources() time = 0.043330776 on level 0


TIME= 1.096334882 MASS        = 2.781071783e+33
TIME= 1.096334882 XMOM        = 2.759750059e+37
TIME= 1.096334882 YMOM        = 3.254256378e+38
TIME= 1.096334882 ZMOM        = 1.536145448e+37
TIME= 1.096334882 ANG MOM X   = 9.045175114e+44
TIME= 1.096334882 ANG MOM Y   = -7.779453106e+44
TIME= 1.096334882 ANG MOM Z   = -1.414424326e+45
TIME= 1.096334882 RHO*e       = 2.662423303e+51
TIME= 1.096334882 RHO*K       = 2.959065572e+47
TIME= 1.096334882 RHO*E       = 2.678156713e+51
TIME= 1.096334882 RHO*PHI     = 0
TIME= 1.096334882 TOTAL ENERGY= 2.678156713e+51
TIME= 1.096334882 CENTER OF MASS X-LOC = -270004.7184
TIME= 1.096334882 CENTER OF MASS X-VEL = 9923.33271
TIME= 1.096334882 CENTER OF MASS Y-LOC = -294310.2105
TIME= 1.096334882 CENTER OF MASS Y-VEL = 117014.469
TIME= 1.096334882 CENTER OF MASS Z-LOC = -411890.3715
TIME= 1.096334882 CENTER OF MASS Z-VEL = 5523.573529
TIME= 1.096334882 MAXIMUM TEMPERATURE  = 0
TIME= 1.096334882 MAXIMUM DENSITY      = 775352155.1

STEP = 161 TIME = 1.096334882 DT = 0.009753443833


[STEP 161] Coarse TimeStep time: 2.611300014
[STEP 161] FAB kilobyte spread across MPI nodes: [105462 ... 105462]

...estimated hydro-limited timestep at level 0: 0.0097551153
...hydro-limited CFL timestep constrained at (i,j,k) = (32,32,32)
Castro::estTimeStep (hydro-limited) at level 0:  estdt = 0.0097551153

 ... limiting dt to 0.003665118334 to hit the stop_time.
[Level 0 step 162] ADVANCE at time 1.096334882 with dt = 0.003665118334

[1m[32m  Beginning subcycle 1 starting at time 1.096334882 with dt = 0.003665118334[0m
  Estimated number of subcycles remaining: 1

... mhd ...!!! 

Castro::construct_old_gravity() time = 0.021311358 on level 0

Castro::do_old_sources() time = 0.0327953 on level 0

[1m[32m  Subcycle completed[0m

  Subcycling complete

  Zones advanced per microsecond at this level: 0.1015102333

[Level 0 step 162] Advanced 262144 cells
Castro::construct_new_gravity() time = 0.019140614 on level 0

Castro::do_new_sources() time = 0.045932119 on level 0


TIME= 1.1 MASS        = 2.781121682e+33
TIME= 1.1 XMOM        = 2.789823433e+37
TIME= 1.1 YMOM        = 3.250964352e+38
TIME= 1.1 ZMOM        = 1.681961669e+37
TIME= 1.1 ANG MOM X   = 9.287628454e+44
TIME= 1.1 ANG MOM Y   = -7.272856545e+44
TIME= 1.1 ANG MOM Z   = -1.40010284e+45
TIME= 1.1 RHO*e       = 2.662453718e+51
TIME= 1.1 RHO*K       = 2.98142198e+47
TIME= 1.1 RHO*E       = 2.678151747e+51
TIME= 1.1 RHO*PHI     = 0
TIME= 1.1 TOTAL ENERGY= 2.678151747e+51
TIME= 1.1 CENTER OF MASS X-LOC = -270021.657
TIME= 1.1 CENTER OF MASS X-VEL = 10031.28864
TIME= 1.1 CENTER OF MASS Y-LOC = -294498.3774
TIME= 1.1 CENTER OF MASS Y-VEL = 116893.999
TIME= 1.1 CENTER OF MASS Z-LOC = -412040.0745
TIME= 1.1 CENTER OF MASS Z-VEL = 6047.781655
TIME= 1.1 MAXIMUM TEMPERATURE  = 0
TIME= 1.1 MAXIMUM DENSITY      = 774201461.8

STEP = 162 TIME = 1.1 DT = 0.003665118334


[STEP 162] Coarse TimeStep time: 2.61210733
[STEP 162] FAB kilobyte spread across MPI nodes: [105462 ... 105462]

CHECKPOINT: file = chk_seed42ext00162
checkPoint() time = 0.045707366 secs.
PLOTFILE: file = plt_seed42ext00162
Write plotfile time = 0.033915178  seconds


Ending run at 13:22:33 UTC on 2026-07-26.
Run time = 432.0786561
Run time without initialization = 400.4232113

  Average number of zones advanced per microsecond: 0.106
  Average number of zones advanced per microsecond per rank: 0.027

Unused ParmParse Variables:
  [TOP]::amr.ref_ratio(nvals = 4)  :: [2, 2, 2, 2]
  [TOP]::amr.regrid_int(nvals = 1)  :: [2]

AMReX (26.07) finalized
