Initializing AMReX (26.07)...
MPI initialized with 4 MPI processes
MPI initialized with thread support level 3
AMReX (26.07) initialized

Starting run at 13:15:21 UTC on 2026-07-26.
Successfully read inputs file ... 

Castro git describe: 26.07-dirty
AMReX git describe: 26.07
Microphysics git describe: 26.07

reading extern runtime parameters ...
1 Species: 
X  
Successfully read inputs file ... 
[1m[32mreading initial model[0m
[1m[32m4 variables found in the initial model file[0m
[1m[33m[WARNING] velocity not provided in inputs file[0m
[1m[32m129 points found in the initial model[0m
wd_braithwaite: R_star = 238681011.6 cm, M_enclosed(R_star) = 1.346499895 Msun, |W| = 2.25755333e+51 erg
wd_braithwaite: t_dyn = 0.2758062098 s, global damping active [0, 1.379031049 s], ramping off from 1.103224839 s

=== wd_braithwaite seed field diagnostics (Step 2 acceptance criteria) ===
  sample resolution: 128^3 over [-1.2,1.2] R_star (host-side estimate, NOT the production Castro grid)
  R_star = 238681011.6 cm, |W| = 2.25755333e+51 erg
  E_mag/|W| requested = 0.15
  E_mag/|W| achieved  = 0.15
  max|div B|*h/|B|    = 1.528744436e-10   (acceptance: ~1e-14, machine precision)
  max|B|_outside / max|B|_inside = 0   (acceptance: << 1, confirms envelope confinement)
  Fluff/sponge treatment (v_A limiter etc.) is NOT part of this step -- Step 3's job. This is a static initial condition only.
===========================================================================

Castro::numpts_1d at level  0 is 122
Setting the gravity type to MonopoleGrav
Initializing the data at level 0
Done initializing the level 0 data 
...estimated hydro-limited timestep at level 0: 0.004458683373
...hydro-limited CFL timestep constrained at (i,j,k) = (29,32,22)
Castro::estTimeStep (hydro-limited) at level 0:  estdt = 0.004458683373


TIME= 0 MASS        = 2.767233992e+33
TIME= 0 XMOM        = 0
TIME= 0 YMOM        = 0
TIME= 0 ZMOM        = 0
TIME= 0 ANG MOM X   = 0
TIME= 0 ANG MOM Y   = 0
TIME= 0 ANG MOM Z   = 0
TIME= 0 RHO*e       = 2.485631477e+51
TIME= 0 RHO*K       = 0
TIME= 0 RHO*E       = 2.681064333e+51
TIME= 0 RHO*PHI     = 0
TIME= 0 TOTAL ENERGY= 2.681064333e+51
TIME= 0 CENTER OF MASS X-LOC = -260404.4786
TIME= 0 CENTER OF MASS X-VEL = 0
TIME= 0 CENTER OF MASS Y-LOC = -260404.4786
TIME= 0 CENTER OF MASS Y-VEL = 0
TIME= 0 CENTER OF MASS Z-LOC = -260404.4786
TIME= 0 CENTER OF MASS Z-VEL = 0
TIME= 0 MAXIMUM TEMPERATURE  = 1000000
TIME= 0 MAXIMUM DENSITY      = 988393849.5
INITIAL GRIDS 
  Level 0   8 grids  262144 cells  100 % of domain
            smallest grid: 32 x 32 x 32  biggest grid: 32 x 32 x 32

CHECKPOINT: file = chk_seed55ext00000
checkPoint() time = 0.14418026 secs.
PLOTFILE: file = plt_seed55ext00000
Write plotfile time = 0.049927301  seconds

...estimated hydro-limited timestep at level 0: 0.004458683373
...hydro-limited CFL timestep constrained at (i,j,k) = (29,32,22)
Castro::estTimeStep (hydro-limited) at level 0:  estdt = 0.004458683373

[Level 0 step 1] ADVANCE at time 0 with dt = 4.458683373e-05

[1m[32m  Beginning subcycle 1 starting at time 0 with dt = 4.458683373e-05[0m
  Estimated number of subcycles remaining: 1

... mhd ...!!! 

Castro::construct_old_gravity() time = 0.035080698 on level 0

Castro::do_old_sources() time = 0.051556217 on level 0

[1m[32m  Subcycle completed[0m

  Subcycling complete

  Zones advanced per microsecond at this level: 0.1504579386

[Level 0 step 1] Advanced 262144 cells
Castro::construct_new_gravity() time = 0.038722553 on level 0

Castro::do_new_sources() time = 0.070031157 on level 0


TIME= 4.458683373e-05 MASS        = 2.767233993e+33
TIME= 4.458683373e-05 XMOM        = 2.613932951e+34
TIME= 4.458683373e-05 YMOM        = 2.618533365e+34
TIME= 4.458683373e-05 ZMOM        = 2.62325158e+34
TIME= 4.458683373e-05 ANG MOM X   = -5.04945294e+43
TIME= 4.458683373e-05 ANG MOM Y   = -1.869007067e+44
TIME= 4.458683373e-05 ANG MOM Z   = 1.011678123e+44
TIME= 4.458683373e-05 RHO*e       = 2.486077131e+51
TIME= 4.458683373e-05 RHO*K       = 6.511351805e+44
TIME= 4.458683373e-05 RHO*E       = 2.681065009e+51
TIME= 4.458683373e-05 RHO*PHI     = 0
TIME= 4.458683373e-05 TOTAL ENERGY= 2.681065009e+51
TIME= 4.458683373e-05 CENTER OF MASS X-LOC = -260394.1814
TIME= 4.458683373e-05 CENTER OF MASS X-VEL = 9.446013449
TIME= 4.458683373e-05 CENTER OF MASS Y-LOC = -260395.0852
TIME= 4.458683373e-05 CENTER OF MASS Y-VEL = 9.462638042
TIME= 4.458683373e-05 CENTER OF MASS Z-LOC = -260402.7326
TIME= 4.458683373e-05 CENTER OF MASS Z-VEL = 9.479688336
TIME= 4.458683373e-05 MAXIMUM TEMPERATURE  = 0
TIME= 4.458683373e-05 MAXIMUM DENSITY      = 988246181.5

STEP = 1 TIME = 4.458683373e-05 DT = 4.458683373e-05


[STEP 1] Coarse TimeStep time: 1.769893539
[STEP 1] FAB kilobyte spread across MPI nodes: [105462 ... 105462]

...estimated hydro-limited timestep at level 0: 0.004464433576
...hydro-limited CFL timestep constrained at (i,j,k) = (29,32,22)
Castro::estTimeStep (hydro-limited) at level 0:  estdt = 0.004464433576

Castro::compute_new_dt : limiting dt at level 0
 ... new dt computed: 0.004464433576
 ... but limiting to: 4.90455171e-05 = 1.1 * 4.458683373e-05
[Level 0 step 2] ADVANCE at time 4.458683373e-05 with dt = 4.90455171e-05

[1m[32m  Beginning subcycle 1 starting at time 4.458683373e-05 with dt = 4.90455171e-05[0m
  Estimated number of subcycles remaining: 1

... mhd ...!!! 

Castro::construct_old_gravity() time = 0.026142244 on level 0

Castro::do_old_sources() time = 0.040308179 on level 0

[1m[32m  Subcycle completed[0m

  Subcycling complete

  Zones advanced per microsecond at this level: 0.1168617229

[Level 0 step 2] Advanced 262144 cells
Castro::construct_new_gravity() time = 0.023072433 on level 0

Castro::do_new_sources() time = 0.060924827 on level 0


TIME= 9.363235083e-05 MASS        = 2.767233993e+33
TIME= 9.363235083e-05 XMOM        = 5.472185529e+34
TIME= 9.363235083e-05 YMOM        = 5.492530369e+34
TIME= 9.363235083e-05 ZMOM        = 5.513220108e+34
TIME= 9.363235083e-05 ANG MOM X   = -1.074336529e+44
TIME= 9.363235083e-05 ANG MOM Y   = -3.92255684e+44
TIME= 9.363235083e-05 ANG MOM Z   = 2.120181798e+44
TIME= 9.363235083e-05 RHO*e       = 2.486563325e+51
TIME= 9.363235083e-05 RHO*K       = 2.84604718e+45
TIME= 9.363235083e-05 RHO*E       = 2.681065487e+51
TIME= 9.363235083e-05 RHO*PHI     = 0
TIME= 9.363235083e-05 TOTAL ENERGY= 2.681065487e+51
TIME= 9.363235083e-05 CENTER OF MASS X-LOC = -260382.8004
TIME= 9.363235083e-05 CENTER OF MASS X-VEL = 19.77492884
TIME= 9.363235083e-05 CENTER OF MASS Y-LOC = -260384.5738
TIME= 9.363235083e-05 CENTER OF MASS Y-VEL = 19.84844932
TIME= 9.363235083e-05 CENTER OF MASS Z-LOC = -260400.7923
TIME= 9.363235083e-05 CENTER OF MASS Z-VEL = 19.92321618
TIME= 9.363235083e-05 MAXIMUM TEMPERATURE  = 0
TIME= 9.363235083e-05 MAXIMUM DENSITY      = 988084213.9

STEP = 2 TIME = 9.363235083e-05 DT = 4.90455171e-05


[STEP 2] Coarse TimeStep time: 2.276522719
[STEP 2] FAB kilobyte spread across MPI nodes: [105462 ... 105462]

...estimated hydro-limited timestep at level 0: 0.004470742409
...hydro-limited CFL timestep constrained at (i,j,k) = (29,32,22)
Castro::estTimeStep (hydro-limited) at level 0:  estdt = 0.004470742409

Castro::compute_new_dt : limiting dt at level 0
 ... new dt computed: 0.004470742409
 ... but limiting to: 5.395006881e-05 = 1.1 * 4.90455171e-05
[Level 0 step 3] ADVANCE at time 9.363235083e-05 with dt = 5.395006881e-05

[1m[32m  Beginning subcycle 1 starting at time 9.363235083e-05 with dt = 5.395006881e-05[0m
  Estimated number of subcycles remaining: 1

... mhd ...!!! 

Castro::construct_old_gravity() time = 0.037977907 on level 0

Castro::do_old_sources() time = 0.045641227 on level 0

[1m[32m  Subcycle completed[0m

  Subcycling complete

  Zones advanced per microsecond at this level: 0.1393791482

[Level 0 step 3] Advanced 262144 cells
Castro::construct_new_gravity() time = 0.01892224 on level 0

Castro::do_new_sources() time = 0.049075051 on level 0


TIME= 0.0001475824196 MASS        = 2.767233995e+33
TIME= 0.0001475824196 XMOM        = 8.595422623e+34
TIME= 0.0001475824196 YMOM        = 8.646171276e+34
TIME= 0.0001475824196 ZMOM        = 8.69719332e+34
TIME= 0.0001475824196 ANG MOM X   = -1.716990097e+44
TIME= 0.0001475824196 ANG MOM Y   = -6.178873447e+44
TIME= 0.0001475824196 ANG MOM Z   = 3.33413381e+44
TIME= 0.0001475824196 RHO*e       = 2.487093907e+51
TIME= 0.0001475824196 RHO*K       = 7.001856626e+45
TIME= 0.0001475824196 RHO*E       = 2.68106601e+51
TIME= 0.0001475824196 RHO*PHI     = 0
TIME= 0.0001475824196 TOTAL ENERGY= 2.68106601e+51
TIME= 0.0001475824196 CENTER OF MASS X-LOC = -260370.2082
TIME= 0.0001475824196 CENTER OF MASS X-VEL = 31.06142321
TIME= 0.0001475824196 CENTER OF MASS Y-LOC = -260372.816
TIME= 0.0001475824196 CENTER OF MASS Y-VEL = 31.24481447
TIME= 0.0001475824196 CENTER OF MASS Z-LOC = -260398.6261
TIME= 0.0001475824196 CENTER OF MASS Z-VEL = 31.42919368
TIME= 0.0001475824196 MAXIMUM TEMPERATURE  = 0
TIME= 0.0001475824196 MAXIMUM DENSITY      = 987906614.3

STEP = 3 TIME = 0.0001475824196 DT = 5.395006881e-05


[STEP 3] Coarse TimeStep time: 1.914099263
[STEP 3] FAB kilobyte spread across MPI nodes: [105462 ... 105462]

...estimated hydro-limited timestep at level 0: 0.004477661677
...hydro-limited CFL timestep constrained at (i,j,k) = (29,32,22)
Castro::estTimeStep (hydro-limited) at level 0:  estdt = 0.004477661677

Castro::compute_new_dt : limiting dt at level 0
 ... new dt computed: 0.004477661677
 ... but limiting to: 5.934507569e-05 = 1.1 * 5.395006881e-05
[Level 0 step 4] ADVANCE at time 0.0001475824196 with dt = 5.934507569e-05

[1m[32m  Beginning subcycle 1 starting at time 0.0001475824196 with dt = 5.934507569e-05[0m
  Estimated number of subcycles remaining: 1

... mhd ...!!! 

Castro::construct_old_gravity() time = 0.028520284 on level 0

Castro::do_old_sources() time = 0.038550813 on level 0

[1m[32m  Subcycle completed[0m

  Subcycling complete

  Zones advanced per microsecond at this level: 0.1105680543

[Level 0 step 4] Advanced 262144 cells
Castro::construct_new_gravity() time = 0.021675635 on level 0

Castro::do_new_sources() time = 0.051917029 on level 0


TIME= 0.0002069274953 MASS        = 2.767233997e+33
TIME= 0.0002069274953 XMOM        = 1.200550996e+35
TIME= 0.0002069274953 YMOM        = 1.210577102e+35
TIME= 0.0002069274953 ZMOM        = 1.22052208e+35
TIME= 0.0002069274953 ANG MOM X   = -2.443127277e+44
TIME= 0.0002069274953 ANG MOM Y   = -8.658196978e+44
TIME= 0.0002069274953 ANG MOM Z   = 4.663088935e+44
TIME= 0.0002069274953 RHO*e       = 2.487671937e+51
TIME= 0.0002069274953 RHO*K       = 1.361817992e+46
TIME= 0.0002069274953 RHO*E       = 2.681066679e+51
TIME= 0.0002069274953 RHO*PHI     = 0
TIME= 0.0002069274953 TOTAL ENERGY= 2.681066679e+51
TIME= 0.0002069274953 CENTER OF MASS X-LOC = -260356.2553
TIME= 0.0002069274953 CENTER OF MASS X-VEL = 43.38451309
TIME= 0.0002069274953 CENTER OF MASS Y-LOC = -260359.667
TIME= 0.0002069274953 CENTER OF MASS Y-VEL = 43.74682818
TIME= 0.0002069274953 CENTER OF MASS Z-LOC = -260396.2172
TIME= 0.0002069274953 CENTER OF MASS Z-VEL = 44.10621153
TIME= 0.0002069274953 MAXIMUM TEMPERATURE  = 0
TIME= 0.0002069274953 MAXIMUM DENSITY      = 987711937.1

STEP = 4 TIME = 0.0002069274953 DT = 5.934507569e-05


[STEP 4] Coarse TimeStep time: 2.398266466
[STEP 4] FAB kilobyte spread across MPI nodes: [105462 ... 105462]

...estimated hydro-limited timestep at level 0: 0.004485222657
...hydro-limited CFL timestep constrained at (i,j,k) = (29,32,22)
Castro::estTimeStep (hydro-limited) at level 0:  estdt = 0.004485222657

Castro::compute_new_dt : limiting dt at level 0
 ... new dt computed: 0.004485222657
 ... but limiting to: 6.527958326e-05 = 1.1 * 5.934507569e-05
[Level 0 step 5] ADVANCE at time 0.0002069274953 with dt = 6.527958326e-05

[1m[32m  Beginning subcycle 1 starting at time 0.0002069274953 with dt = 6.527958326e-05[0m
  Estimated number of subcycles remaining: 1

... mhd ...!!! 

Castro::construct_old_gravity() time = 0.025986999 on level 0

Castro::do_old_sources() time = 0.033528615 on level 0

[1m[32m  Subcycle completed[0m

  Subcycling complete

  Zones advanced per microsecond at this level: 0.08923370126

[Level 0 step 5] Advanced 262144 cells
Castro::construct_new_gravity() time = 0.019433263 on level 0

Castro::do_new_sources() time = 0.049001881 on level 0


TIME= 0.0002722070786 MASS        = 2.767234001e+33
TIME= 0.0002722070786 XMOM        = 1.572543151e+35
TIME= 0.0002722070786 YMOM        = 1.589994568e+35
TIME= 0.0002722070786 ZMOM        = 1.607035997e+35
TIME= 0.0002722070786 ANG MOM X   = -3.265019527e+44
TIME= 0.0002722070786 ANG MOM Y   = -1.138187264e+45
TIME= 0.0002722070786 ANG MOM Z   = 6.117578232e+44
TIME= 0.0002722070786 RHO*e       = 2.488301304e+51
TIME= 0.0002722070786 RHO*K       = 2.328986947e+46
TIME= 0.0002722070786 RHO*E       = 2.681067379e+51
TIME= 0.0002722070786 RHO*PHI     = 0
TIME= 0.0002722070786 TOTAL ENERGY= 2.681067379e+51
TIME= 0.0002722070786 CENTER OF MASS X-LOC = -260340.7729
TIME= 0.0002722070786 CENTER OF MASS X-VEL = 56.82725605
TIME= 0.0002722070786 CENTER OF MASS Y-LOC = -260344.961
TIME= 0.0002722070786 CENTER OF MASS Y-VEL = 57.45790081
TIME= 0.0002722070786 CENTER OF MASS Z-LOC = -260393.5505
TIME= 0.0002722070786 CENTER OF MASS Z-VEL = 58.07372981
TIME= 0.0002722070786 MAXIMUM TEMPERATURE  = 0
TIME= 0.0002722070786 MAXIMUM DENSITY      = 987498616.7

STEP = 5 TIME = 0.0002722070786 DT = 6.527958326e-05


[STEP 5] Coarse TimeStep time: 2.969422487
[STEP 5] FAB kilobyte spread across MPI nodes: [105462 ... 105462]

PLOTFILE: file = plt_seed55ext00005
Write plotfile time = 0.039871151  seconds

...estimated hydro-limited timestep at level 0: 0.004493480726
...hydro-limited CFL timestep constrained at (i,j,k) = (29,32,22)
Castro::estTimeStep (hydro-limited) at level 0:  estdt = 0.004493480726

Castro::compute_new_dt : limiting dt at level 0
 ... new dt computed: 0.004493480726
 ... but limiting to: 7.180754159e-05 = 1.1 * 6.527958326e-05
[Level 0 step 6] ADVANCE at time 0.0002722070786 with dt = 7.180754159e-05

[1m[32m  Beginning subcycle 1 starting at time 0.0002722070786 with dt = 7.180754159e-05[0m
  Estimated number of subcycles remaining: 1

... mhd ...!!! 

Castro::construct_old_gravity() time = 0.023307424 on level 0

Castro::do_old_sources() time = 0.034552922 on level 0

[1m[32m  Subcycle completed[0m

  Subcycling complete

  Zones advanced per microsecond at this level: 0.08319332136

[Level 0 step 6] Advanced 262144 cells
Castro::construct_new_gravity() time = 0.022828622 on level 0

Castro::do_new_sources() time = 0.049881869 on level 0


TIME= 0.0003440146202 MASS        = 2.767234006e+33
TIME= 0.0003440146202 XMOM        = 1.97791281e+35
TIME= 0.0003440146202 YMOM        = 2.005974807e+35
TIME= 0.0003440146202 ZMOM        = 2.03289126e+35
TIME= 0.0003440146202 ANG MOM X   = -4.196417554e+44
TIME= 0.0003440146202 ANG MOM Y   = -1.437420511e+45
TIME= 0.0003440146202 ANG MOM Z   = 7.708274723e+44
TIME= 0.0003440146202 RHO*e       = 2.488986032e+51
TIME= 0.0003440146202 RHO*K       = 3.672094421e+46
TIME= 0.0003440146202 RHO*E       = 2.681068127e+51
TIME= 0.0003440146202 RHO*PHI     = 0
TIME= 0.0003440146202 TOTAL ENERGY= 2.681068127e+51
TIME= 0.0003440146202 CENTER OF MASS X-LOC = -260323.524
TIME= 0.0003440146202 CENTER OF MASS X-VEL = 71.47616738
TIME= 0.0003440146202 CENTER OF MASS Y-LOC = -260328.4853
TIME= 0.0003440146202 CENTER OF MASS Y-VEL = 72.49024848
TIME= 0.0003440146202 CENTER OF MASS Z-LOC = -260390.6265
TIME= 0.0003440146202 CENTER OF MASS Z-VEL = 73.46293286
TIME= 0.0003440146202 MAXIMUM TEMPERATURE  = 0
TIME= 0.0003440146202 MAXIMUM DENSITY      = 987264960.4

STEP = 6 TIME = 0.0003440146202 DT = 7.180754159e-05


[STEP 6] Coarse TimeStep time: 3.181894996
[STEP 6] FAB kilobyte spread across MPI nodes: [105462 ... 105462]

...estimated hydro-limited timestep at level 0: 0.004502496104
...hydro-limited CFL timestep constrained at (i,j,k) = (29,32,22)
Castro::estTimeStep (hydro-limited) at level 0:  estdt = 0.004502496104

Castro::compute_new_dt : limiting dt at level 0
 ... new dt computed: 0.004502496104
 ... but limiting to: 7.898829574e-05 = 1.1 * 7.180754159e-05
[Level 0 step 7] ADVANCE at time 0.0003440146202 with dt = 7.898829574e-05

[1m[32m  Beginning subcycle 1 starting at time 0.0003440146202 with dt = 7.898829574e-05[0m
  Estimated number of subcycles remaining: 1

... mhd ...!!! 

Castro::construct_old_gravity() time = 0.050910942 on level 0

Castro::do_old_sources() time = 0.050070232 on level 0

[1m[32m  Subcycle completed[0m

  Subcycling complete

  Zones advanced per microsecond at this level: 0.09822873142

[Level 0 step 7] Advanced 262144 cells
Castro::construct_new_gravity() time = 0.026234917 on level 0

Castro::do_new_sources() time = 0.057138433 on level 0


TIME= 0.0004230029159 MASS        = 2.767234013e+33
TIME= 0.0004230029159 XMOM        = 2.4191264e+35
TIME= 0.0004230029159 YMOM        = 2.461878416e+35
TIME= 0.0004230029159 ZMOM        = 2.502067875e+35
TIME= 0.0004230029159 ANG MOM X   = -5.254220122e+44
TIME= 0.0004230029159 ANG MOM Y   = -1.76608554e+45
TIME= 0.0004230029159 ANG MOM Z   = 9.445596134e+44
TIME= 0.0004230029159 RHO*e       = 2.489729909e+51
TIME= 0.0004230029159 RHO*K       = 5.473921585e+46
TIME= 0.0004230029159 RHO*E       = 2.681068924e+51
TIME= 0.0004230029159 RHO*PHI     = 0
TIME= 0.0004230029159 TOTAL ENERGY= 2.681068924e+51
TIME= 0.0004230029159 CENTER OF MASS X-LOC = -260304.2186
TIME= 0.0004230029159 CENTER OF MASS X-VEL = 87.42037675
TIME= 0.0004230029159 CENTER OF MASS Y-LOC = -260310.0152
TIME= 0.0004230029159 CENTER OF MASS Y-VEL = 88.96531353
TIME= 0.0004230029159 CENTER OF MASS Z-LOC = -260387.4236
TIME= 0.0004230029159 CENTER OF MASS Z-VEL = 90.41764676
TIME= 0.0004230029159 MAXIMUM TEMPERATURE  = 0
TIME= 0.0004230029159 MAXIMUM DENSITY      = 987009143.4

STEP = 7 TIME = 0.0004230029159 DT = 7.898829574e-05


[STEP 7] Coarse TimeStep time: 2.702105701
[STEP 7] FAB kilobyte spread across MPI nodes: [105462 ... 105462]

...estimated hydro-limited timestep at level 0: 0.004512336962
...hydro-limited CFL timestep constrained at (i,j,k) = (29,32,22)
Castro::estTimeStep (hydro-limited) at level 0:  estdt = 0.004512336962

Castro::compute_new_dt : limiting dt at level 0
 ... new dt computed: 0.004512336962
 ... but limiting to: 8.688712532e-05 = 1.1 * 7.898829574e-05
[Level 0 step 8] ADVANCE at time 0.0004230029159 with dt = 8.688712532e-05

[1m[32m  Beginning subcycle 1 starting at time 0.0004230029159 with dt = 8.688712532e-05[0m
  Estimated number of subcycles remaining: 1

... mhd ...!!! 

Castro::construct_old_gravity() time = 0.030222619 on level 0

Castro::do_old_sources() time = 0.034270438 on level 0

[1m[32m  Subcycle completed[0m

  Subcycling complete

  Zones advanced per microsecond at this level: 0.09843588793

[Level 0 step 8] Advanced 262144 cells
Castro::construct_new_gravity() time = 0.01831359 on level 0

Castro::do_new_sources() time = 0.049289677 on level 0


TIME= 0.0005098900412 MASS        = 2.767234023e+33
TIME= 0.0005098900412 XMOM        = 2.898690902e+35
TIME= 0.0005098900412 YMOM        = 2.961333321e+35
TIME= 0.0005098900412 ZMOM        = 3.018925757e+35
TIME= 0.0005098900412 ANG MOM X   = -6.456637466e+44
TIME= 0.0005098900412 ANG MOM Y   = -2.126952576e+45
TIME= 0.0005098900412 ANG MOM Z   = 1.134020316e+45
TIME= 0.0005098900412 RHO*e       = 2.490537497e+51
TIME= 0.0005098900412 RHO*K       = 7.831185147e+46
TIME= 0.0005098900412 RHO*E       = 2.681069742e+51
TIME= 0.0005098900412 RHO*PHI     = 0
TIME= 0.0005098900412 TOTAL ENERGY= 2.681069742e+51
TIME= 0.0005098900412 CENTER OF MASS X-LOC = -260282.5213
TIME= 0.0005098900412 CENTER OF MASS X-VEL = 104.7504793
TIME= 0.0005098900412 CENTER OF MASS Y-LOC = -260289.2751
TIME= 0.0005098900412 CENTER OF MASS Y-VEL = 107.0141989
TIME= 0.0005098900412 CENTER OF MASS Z-LOC = -260383.8925
TIME= 0.0005098900412 CENTER OF MASS Z-VEL = 109.0954264
TIME= 0.0005098900412 MAXIMUM TEMPERATURE  = 0
TIME= 0.0005098900412 MAXIMUM DENSITY      = 986729198.2

STEP = 8 TIME = 0.0005098900412 DT = 8.688712532e-05


[STEP 8] Coarse TimeStep time: 2.691184475
[STEP 8] FAB kilobyte spread across MPI nodes: [105462 ... 105462]

...estimated hydro-limited timestep at level 0: 0.004523073594
...hydro-limited CFL timestep constrained at (i,j,k) = (29,32,22)
Castro::estTimeStep (hydro-limited) at level 0:  estdt = 0.004523073594

Castro::compute_new_dt : limiting dt at level 0
 ... new dt computed: 0.004523073594
 ... but limiting to: 9.557583785e-05 = 1.1 * 8.688712532e-05
[Level 0 step 9] ADVANCE at time 0.0005098900412 with dt = 9.557583785e-05

[1m[32m  Beginning subcycle 1 starting at time 0.0005098900412 with dt = 9.557583785e-05[0m
  Estimated number of subcycles remaining: 1

... mhd ...!!! 

Castro::construct_old_gravity() time = 0.025859714 on level 0

Castro::do_old_sources() time = 0.042422583 on level 0

[1m[32m  Subcycle completed[0m

  Subcycling complete

  Zones advanced per microsecond at this level: 0.1024039186

[Level 0 step 9] Advanced 262144 cells
Castro::construct_new_gravity() time = 0.016719931 on level 0

Castro::do_new_sources() time = 0.040640902 on level 0


TIME= 0.0006054658791 MASS        = 2.767234035e+33
TIME= 0.0006054658791 XMOM        = 3.419110422e+35
TIME= 0.0006054658791 YMOM        = 3.508247912e+35
TIME= 0.0006054658791 ZMOM        = 3.588236933e+35
TIME= 0.0006054658791 ANG MOM X   = -7.825319585e+44
TIME= 0.0006054658791 ANG MOM Y   = -2.523297897e+45
TIME= 0.0006054658791 ANG MOM Z   = 1.340446266e+45
TIME= 0.0006054658791 RHO*e       = 2.491413572e+51
TIME= 0.0006054658791 RHO*K       = 1.085608501e+47
TIME= 0.0006054658791 RHO*E       = 2.681070615e+51
TIME= 0.0006054658791 RHO*PHI     = 0
TIME= 0.0006054658791 TOTAL ENERGY= 2.681070615e+51
TIME= 0.0006054658791 CENTER OF MASS X-LOC = -260258.1417
TIME= 0.0006054658791 CENTER OF MASS X-VEL = 123.5569662
TIME= 0.0006054658791 CENTER OF MASS Y-LOC = -260265.9905
TIME= 0.0006054658791 CENTER OF MASS Y-VEL = 126.7781426
TIME= 0.0006054658791 CENTER OF MASS Z-LOC = -260380.0269
TIME= 0.0006054658791 CENTER OF MASS Z-VEL = 129.6687193
TIME= 0.0006054658791 MAXIMUM TEMPERATURE  = 0
TIME= 0.0006054658791 MAXIMUM DENSITY      = 986423015.5

STEP = 9 TIME = 0.0006054658791 DT = 9.557583785e-05


[STEP 9] Coarse TimeStep time: 2.591481322
[STEP 9] FAB kilobyte spread across MPI nodes: [105462 ... 105462]

...estimated hydro-limited timestep at level 0: 0.004534794843
...hydro-limited CFL timestep constrained at (i,j,k) = (29,32,22)
Castro::estTimeStep (hydro-limited) at level 0:  estdt = 0.004534794843

Castro::compute_new_dt : limiting dt at level 0
 ... new dt computed: 0.004534794843
 ... but limiting to: 0.0001051334216 = 1.1 * 9.557583785e-05
[Level 0 step 10] ADVANCE at time 0.0006054658791 with dt = 0.0001051334216

[1m[32m  Beginning subcycle 1 starting at time 0.0006054658791 with dt = 0.0001051334216[0m
  Estimated number of subcycles remaining: 1

... mhd ...!!! 

Castro::construct_old_gravity() time = 0.026119407 on level 0

Castro::do_old_sources() time = 0.053883557 on level 0

[1m[32m  Subcycle completed[0m

  Subcycling complete

  Zones advanced per microsecond at this level: 0.1003921621

[Level 0 step 10] Advanced 262144 cells
Castro::construct_new_gravity() time = 0.019426557 on level 0

Castro::do_new_sources() time = 0.047782199 on level 0


TIME= 0.0007105993007 MASS        = 2.767234051e+33
TIME= 0.0007105993007 XMOM        = 3.982826169e+35
TIME= 0.0007105993007 YMOM        = 4.106818842e+35
TIME= 0.0007105993007 ZMOM        = 4.215204274e+35
TIME= 0.0007105993007 ANG MOM X   = -9.387131438e+44
TIME= 0.0007105993007 ANG MOM Y   = -2.959008234e+45
TIME= 0.0007105993007 ANG MOM Z   = 1.565402824e+45
TIME= 0.0007105993007 RHO*e       = 2.492362462e+51
TIME= 0.0007105993007 RHO*K       = 1.467781284e+47
TIME= 0.0007105993007 RHO*E       = 2.681071505e+51
TIME= 0.0007105993007 RHO*PHI     = 0
TIME= 0.0007105993007 TOTAL ENERGY= 2.681071505e+51
TIME= 0.0007105993007 CENTER OF MASS X-LOC = -260230.7659
TIME= 0.0007105993007 CENTER OF MASS X-VEL = 143.9280558
TIME= 0.0007105993007 CENTER OF MASS Y-LOC = -260239.7955
TIME= 0.0007105993007 CENTER OF MASS Y-VEL = 148.4087998
TIME= 0.0007105993007 CENTER OF MASS Z-LOC = -260375.6811
TIME= 0.0007105993007 CENTER OF MASS Z-VEL = 152.3255423
TIME= 0.0007105993007 MAXIMUM TEMPERATURE  = 0
TIME= 0.0007105993007 MAXIMUM DENSITY      = 986088324.1

STEP = 10 TIME = 0.0007105993007 DT = 0.0001051334216


[STEP 10] Coarse TimeStep time: 2.643465415
[STEP 10] FAB kilobyte spread across MPI nodes: [105462 ... 105462]

PLOTFILE: file = plt_seed55ext00010
Write plotfile time = 0.050302641  seconds

...estimated hydro-limited timestep at level 0: 0.00454761584
...hydro-limited CFL timestep constrained at (i,j,k) = (29,32,22)
Castro::estTimeStep (hydro-limited) at level 0:  estdt = 0.00454761584

Castro::compute_new_dt : limiting dt at level 0
 ... new dt computed: 0.00454761584
 ... but limiting to: 0.0001156467638 = 1.1 * 0.0001051334216
[Level 0 step 11] ADVANCE at time 0.0007105993007 with dt = 0.0001156467638

[1m[32m  Beginning subcycle 1 starting at time 0.0007105993007 with dt = 0.0001156467638[0m
  Estimated number of subcycles remaining: 1

... mhd ...!!! 

Castro::construct_old_gravity() time = 0.031991432 on level 0

Castro::do_old_sources() time = 0.043601805 on level 0

[1m[32m  Subcycle completed[0m

  Subcycling complete

  Zones advanced per microsecond at this level: 0.1007909611

[Level 0 step 11] Advanced 262144 cells
Castro::construct_new_gravity() time = 0.018701014 on level 0

Castro::do_new_sources() time = 0.045771796 on level 0


TIME= 0.0008262460645 MASS        = 2.767234072e+33
TIME= 0.0008262460645 XMOM        = 4.592110254e+35
TIME= 0.0008262460645 YMOM        = 4.761533723e+35
TIME= 0.0008262460645 ZMOM        = 4.905468072e+35
TIME= 0.0008262460645 ANG MOM X   = -1.116501356e+45
TIME= 0.0008262460645 ANG MOM Y   = -3.437633708e+45
TIME= 0.0008262460645 ANG MOM Z   = 1.81077348e+45
TIME= 0.0008262460645 RHO*e       = 2.493388331e+51
TIME= 0.0008262460645 RHO*K       = 1.944381655e+47
TIME= 0.0008262460645 RHO*E       = 2.681072329e+51
TIME= 0.0008262460645 RHO*PHI     = 0
TIME= 0.0008262460645 TOTAL ENERGY= 2.681072329e+51
TIME= 0.0008262460645 CENTER OF MASS X-LOC = -260200.1126
TIME= 0.0008262460645 CENTER OF MASS X-VEL = 165.9458555
TIME= 0.0008262460645 CENTER OF MASS Y-LOC = -260210.3948
TIME= 0.0008262460645 CENTER OF MASS Y-VEL = 172.0683397
TIME= 0.0008262460645 CENTER OF MASS Z-LOC = -260370.7992
TIME= 0.0008262460645 CENTER OF MASS Z-VEL = 177.2697193
TIME= 0.0008262460645 MAXIMUM TEMPERATURE  = 0
TIME= 0.0008262460645 MAXIMUM DENSITY      = 985722707.1

STEP = 11 TIME = 0.0008262460645 DT = 0.0001156467638


[STEP 11] Coarse TimeStep time: 2.626119104
[STEP 11] FAB kilobyte spread across MPI nodes: [105462 ... 105462]

...estimated hydro-limited timestep at level 0: 0.004561638308
...hydro-limited CFL timestep constrained at (i,j,k) = (29,32,22)
Castro::estTimeStep (hydro-limited) at level 0:  estdt = 0.004561638308

Castro::compute_new_dt : limiting dt at level 0
 ... new dt computed: 0.004561638308
 ... but limiting to: 0.0001272114402 = 1.1 * 0.0001156467638
[Level 0 step 12] ADVANCE at time 0.0008262460645 with dt = 0.0001272114402

[1m[32m  Beginning subcycle 1 starting at time 0.0008262460645 with dt = 0.0001272114402[0m
  Estimated number of subcycles remaining: 1

... mhd ...!!! 

Castro::construct_old_gravity() time = 0.026868569 on level 0

Castro::do_old_sources() time = 0.041139335 on level 0

[1m[32m  Subcycle completed[0m

  Subcycling complete

  Zones advanced per microsecond at this level: 0.08439034607

[Level 0 step 12] Advanced 262144 cells
Castro::construct_new_gravity() time = 0.059953736 on level 0

Castro::do_new_sources() time = 0.083271252 on level 0


TIME= 0.0009534575047 MASS        = 2.767234098e+33
TIME= 0.0009534575047 XMOM        = 5.248939174e+35
TIME= 0.0009534575047 YMOM        = 5.477196721e+35
TIME= 0.0009534575047 ZMOM        = 5.665076092e+35
TIME= 0.0009534575047 ANG MOM X   = -1.31923777e+45
TIME= 0.0009534575047 ANG MOM Y   = -3.963200785e+45
TIME= 0.0009534575047 ANG MOM Z   = 2.078542544e+45
TIME= 0.0009534575047 RHO*e       = 2.494496053e+51
TIME= 0.0009534575047 RHO*K       = 2.532103772e+47
TIME= 0.0009534575047 RHO*E       = 2.681073087e+51
TIME= 0.0009534575047 RHO*PHI     = 0
TIME= 0.0009534575047 TOTAL ENERGY= 2.681073087e+51
TIME= 0.0009534575047 CENTER OF MASS X-LOC = -260165.6842
TIME= 0.0009534575047 CENTER OF MASS X-VEL = 189.6817901
TIME= 0.0009534575047 CENTER OF MASS Y-LOC = -260177.6014
TIME= 0.0009534575047 CENTER OF MASS Y-VEL = 197.9303711
TIME= 0.0009534575047 CENTER OF MASS Z-LOC = -260365.2778
TIME= 0.0009534575047 CENTER OF MASS Z-VEL = 204.7197993
TIME= 0.0009534575047 MAXIMUM TEMPERATURE  = 0
TIME= 0.0009534575047 MAXIMUM DENSITY      = 985323597.5

STEP = 12 TIME = 0.0009534575047 DT = 0.0001272114402


[STEP 12] Coarse TimeStep time: 3.143326104
[STEP 12] FAB kilobyte spread across MPI nodes: [105462 ... 105462]

...estimated hydro-limited timestep at level 0: 0.004572492353
...hydro-limited CFL timestep constrained at (i,j,k) = (26,34,40)
Castro::estTimeStep (hydro-limited) at level 0:  estdt = 0.004572492353

Castro::compute_new_dt : limiting dt at level 0
 ... new dt computed: 0.004572492353
 ... but limiting to: 0.0001399325842 = 1.1 * 0.0001272114402
[Level 0 step 13] ADVANCE at time 0.0009534575047 with dt = 0.0001399325842

[1m[32m  Beginning subcycle 1 starting at time 0.0009534575047 with dt = 0.0001399325842[0m
  Estimated number of subcycles remaining: 1

... mhd ...!!! 

Castro::construct_old_gravity() time = 0.035593507 on level 0

Castro::do_old_sources() time = 0.039272766 on level 0

[1m[32m  Subcycle completed[0m

  Subcycling complete

  Zones advanced per microsecond at this level: 0.07919652434

[Level 0 step 13] Advanced 262144 cells
Castro::construct_new_gravity() time = 0.033100728 on level 0

Castro::do_new_sources() time = 0.081505883 on level 0


TIME= 0.001093390089 MASS        = 2.767234131e+33
TIME= 0.001093390089 XMOM        = 5.954868159e+35
TIME= 0.001093390089 YMOM        = 6.258963115e+35
TIME= 0.001093390089 ZMOM        = 6.500446472e+35
TIME= 0.001093390089 ANG MOM X   = -1.550332496e+45
TIME= 0.001093390089 ANG MOM Y   = -4.539710635e+45
TIME= 0.001093390089 ANG MOM Z   = 2.37100225e+45
TIME= 0.001093390089 RHO*e       = 2.49568985e+51
TIME= 0.001093390089 RHO*K       = 3.249651562e+47
TIME= 0.001093390089 RHO*E       = 2.681073806e+51
TIME= 0.001093390089 RHO*PHI     = 0
TIME= 0.001093390089 TOTAL ENERGY= 2.681073806e+51
TIME= 0.001093390089 CENTER OF MASS X-LOC = -260127.1502
TIME= 0.001093390089 CENTER OF MASS X-VEL = 215.192061
TIME= 0.001093390089 CENTER OF MASS Y-LOC = -260141.1592
TIME= 0.001093390089 CENTER OF MASS Y-VEL = 226.1811909
TIME= 0.001093390089 CENTER OF MASS Z-LOC = -260359.0536
TIME= 0.001093390089 CENTER OF MASS Z-VEL = 234.9077152
TIME= 0.001093390089 MAXIMUM TEMPERATURE  = 0
TIME= 0.001093390089 MAXIMUM DENSITY      = 984888273.9

STEP = 13 TIME = 0.001093390089 DT = 0.0001399325842


[STEP 13] Coarse TimeStep time: 3.3477278
[STEP 13] FAB kilobyte spread across MPI nodes: [105462 ... 105462]

...estimated hydro-limited timestep at level 0: 0.004573622214
...hydro-limited CFL timestep constrained at (i,j,k) = (26,34,40)
Castro::estTimeStep (hydro-limited) at level 0:  estdt = 0.004573622214

Castro::compute_new_dt : limiting dt at level 0
 ... new dt computed: 0.004573622214
 ... but limiting to: 0.0001539258426 = 1.1 * 0.0001399325842
[Level 0 step 14] ADVANCE at time 0.001093390089 with dt = 0.0001539258426

[1m[32m  Beginning subcycle 1 starting at time 0.001093390089 with dt = 0.0001539258426[0m
  Estimated number of subcycles remaining: 1

... mhd ...!!! 

Castro::construct_old_gravity() time = 0.024907736 on level 0

Castro::do_old_sources() time = 0.036418634 on level 0

[1m[32m  Subcycle completed[0m

  Subcycling complete

  Zones advanced per microsecond at this level: 0.1035299571

[Level 0 step 14] Advanced 262144 cells
Castro::construct_new_gravity() time = 0.03953947 on level 0

Castro::do_new_sources() time = 0.069858476 on level 0


TIME= 0.001247315932 MASS        = 2.767234173e+33
TIME= 0.001247315932 XMOM        = 6.710778694e+35
TIME= 0.001247315932 YMOM        = 7.112313932e+35
TIME= 0.001247315932 ZMOM        = 7.418325421e+35
TIME= 0.001247315932 ANG MOM X   = -1.814002104e+45
TIME= 0.001247315932 ANG MOM Y   = -5.171242752e+45
TIME= 0.001247315932 ANG MOM Z   = 2.690374288e+45
TIME= 0.001247315932 RHO*e       = 2.496975707e+51
TIME= 0.001247315932 RHO*K       = 4.117744545e+47
TIME= 0.001247315932 RHO*E       = 2.68107414e+51
TIME= 0.001247315932 RHO*PHI     = 0
TIME= 0.001247315932 TOTAL ENERGY= 2.68107414e+51
TIME= 0.001247315932 CENTER OF MASS X-LOC = -260083.8298
TIME= 0.001247315932 CENTER OF MASS X-VEL = 242.508522
TIME= 0.001247315932 CENTER OF MASS Y-LOC = -260100.3504
TIME= 0.001247315932 CENTER OF MASS Y-VEL = 257.0188674
TIME= 0.001247315932 CENTER OF MASS Z-LOC = -260351.9754
TIME= 0.001247315932 CENTER OF MASS Z-VEL = 268.0772554
TIME= 0.001247315932 MAXIMUM TEMPERATURE  = 0
TIME= 0.001247315932 MAXIMUM DENSITY      = 984413869

STEP = 14 TIME = 0.001247315932 DT = 0.0001539258426


[STEP 14] Coarse TimeStep time: 2.568585114
[STEP 14] FAB kilobyte spread across MPI nodes: [105462 ... 105462]

...estimated hydro-limited timestep at level 0: 0.004575171558
...hydro-limited CFL timestep constrained at (i,j,k) = (26,34,40)
Castro::estTimeStep (hydro-limited) at level 0:  estdt = 0.004575171558

Castro::compute_new_dt : limiting dt at level 0
 ... new dt computed: 0.004575171558
 ... but limiting to: 0.0001693184269 = 1.1 * 0.0001539258426
[Level 0 step 15] ADVANCE at time 0.001247315932 with dt = 0.0001693184269

[1m[32m  Beginning subcycle 1 starting at time 0.001247315932 with dt = 0.0001693184269[0m
  Estimated number of subcycles remaining: 1

... mhd ...!!! 

Castro::construct_old_gravity() time = 0.089147748 on level 0

Castro::do_old_sources() time = 0.115400837 on level 0

[1m[32m  Subcycle completed[0m

  Subcycling complete

  Zones advanced per microsecond at this level: 0.08810935254

[Level 0 step 15] Advanced 262144 cells
Castro::construct_new_gravity() time = 0.037928008 on level 0

Castro::do_new_sources() time = 0.070007051 on level 0


TIME= 0.001416634358 MASS        = 2.767234225e+33
TIME= 0.001416634358 XMOM        = 7.516564801e+35
TIME= 0.001416634358 YMOM        = 8.043028082e+35
TIME= 0.001416634358 ZMOM        = 8.425781493e+35
TIME= 0.001416634358 ANG MOM X   = -2.114219833e+45
TIME= 0.001416634358 ANG MOM Y   = -5.862320875e+45
TIME= 0.001416634358 ANG MOM Z   = 3.03838223e+45
TIME= 0.001416634358 RHO*e       = 2.498358346e+51
TIME= 0.001416634358 RHO*K       = 5.159023394e+47
TIME= 0.001416634358 RHO*E       = 2.681073974e+51
TIME= 0.001416634358 RHO*PHI     = 0
TIME= 0.001416634358 TOTAL ENERGY= 2.681073974e+51
TIME= 0.001416634358 CENTER OF MASS X-LOC = -260035.1494
TIME= 0.001416634358 CENTER OF MASS X-VEL = 271.627343
TIME= 0.001416634358 CENTER OF MASS Y-LOC = -260054.8581
TIME= 0.001416634358 CENTER OF MASS Y-VEL = 290.6522335
TIME= 0.001416634358 CENTER OF MASS Z-LOC = -260344.1106
TIME= 0.001416634358 CENTER OF MASS Z-VEL = 304.4838567
TIME= 0.001416634358 MAXIMUM TEMPERATURE  = 0
TIME= 0.001416634358 MAXIMUM DENSITY      = 983897376.5

STEP = 15 TIME = 0.001416634358 DT = 0.0001693184269


[STEP 15] Coarse TimeStep time: 3.012999493
[STEP 15] FAB kilobyte spread across MPI nodes: [105462 ... 105462]

PLOTFILE: file = plt_seed55ext00015
Write plotfile time = 0.092200418  seconds

...estimated hydro-limited timestep at level 0: 0.004577263351
...hydro-limited CFL timestep constrained at (i,j,k) = (26,34,40)
Castro::estTimeStep (hydro-limited) at level 0:  estdt = 0.004577263351

Castro::compute_new_dt : limiting dt at level 0
 ... new dt computed: 0.004577263351
 ... but limiting to: 0.0001862502696 = 1.1 * 0.0001693184269
[Level 0 step 16] ADVANCE at time 0.001416634358 with dt = 0.0001862502696

[1m[32m  Beginning subcycle 1 starting at time 0.001416634358 with dt = 0.0001862502696[0m
  Estimated number of subcycles remaining: 1

... mhd ...!!! 

Castro::construct_old_gravity() time = 0.066959493 on level 0

Castro::do_old_sources() time = 0.07444527 on level 0

[1m[32m  Subcycle completed[0m

  Subcycling complete

  Zones advanced per microsecond at this level: 0.08640222658

[Level 0 step 16] Advanced 262144 cells
Castro::construct_new_gravity() time = 0.025347978 on level 0

Castro::do_new_sources() time = 0.060048495 on level 0


TIME= 0.001602884628 MASS        = 2.76723429e+33
TIME= 0.001602884628 XMOM        = 8.370861768e+35
TIME= 0.001602884628 YMOM        = 9.057332292e+35
TIME= 0.001602884628 ZMOM        = 9.530178752e+35
TIME= 0.001602884628 ANG MOM X   = -2.456067186e+45
TIME= 0.001602884628 ANG MOM Y   = -6.617792827e+45
TIME= 0.001602884628 ANG MOM Z   = 3.417172865e+45
TIME= 0.001602884628 RHO*e       = 2.499841178e+51
TIME= 0.001602884628 RHO*K       = 6.397771696e+47
TIME= 0.001602884628 RHO*E       = 2.681073213e+51
TIME= 0.001602884628 RHO*PHI     = 0
TIME= 0.001602884628 TOTAL ENERGY= 2.681073213e+51
TIME= 0.001602884628 CENTER OF MASS X-LOC = -259980.4665
TIME= 0.001602884628 CENTER OF MASS X-VEL = 302.4992064
TIME= 0.001602884628 CENTER OF MASS Y-LOC = -260004.7125
TIME= 0.001602884628 CENTER OF MASS Y-VEL = 327.3063045
TIME= 0.001602884628 CENTER OF MASS Z-LOC = -260335.6639
TIME= 0.001602884628 CENTER OF MASS Z-VEL = 344.3936347
TIME= 0.001602884628 MAXIMUM TEMPERATURE  = 0
TIME= 0.001602884628 MAXIMUM DENSITY      = 983335682.5

STEP = 16 TIME = 0.001602884628 DT = 0.0001862502696


[STEP 16] Coarse TimeStep time: 3.077896969
[STEP 16] FAB kilobyte spread across MPI nodes: [105462 ... 105462]

...estimated hydro-limited timestep at level 0: 0.004580086331
...hydro-limited CFL timestep constrained at (i,j,k) = (26,34,40)
Castro::estTimeStep (hydro-limited) at level 0:  estdt = 0.004580086331

Castro::compute_new_dt : limiting dt at level 0
 ... new dt computed: 0.004580086331
 ... but limiting to: 0.0002048752965 = 1.1 * 0.0001862502696
[Level 0 step 17] ADVANCE at time 0.001602884628 with dt = 0.0002048752965

[1m[32m  Beginning subcycle 1 starting at time 0.001602884628 with dt = 0.0002048752965[0m
  Estimated number of subcycles remaining: 1

... mhd ...!!! 

Castro::construct_old_gravity() time = 0.029028537 on level 0

Castro::do_old_sources() time = 0.073476413 on level 0

[1m[32m  Subcycle completed[0m

  Subcycling complete

  Zones advanced per microsecond at this level: 0.08866429267

[Level 0 step 17] Advanced 262144 cells
Castro::construct_new_gravity() time = 0.019406752 on level 0

Castro::do_new_sources() time = 0.0526469 on level 0


TIME= 0.001807759924 MASS        = 2.767234371e+33
TIME= 0.001807759924 XMOM        = 9.270720489e+35
TIME= 0.001807759924 YMOM        = 1.016200576e+36
TIME= 0.001807759924 ZMOM        = 1.073908252e+36
TIME= 0.001807759924 ANG MOM X   = -2.843773162e+45
TIME= 0.001807759924 ANG MOM Y   = -7.443203019e+45
TIME= 0.001807759924 ANG MOM Z   = 3.829587189e+45
TIME= 0.001807759924 RHO*e       = 2.501427467e+51
TIME= 0.001807759924 RHO*K       = 7.859772716e+47
TIME= 0.001807759924 RHO*E       = 2.681071478e+51
TIME= 0.001807759924 RHO*PHI     = 0
TIME= 0.001807759924 TOTAL ENERGY= 2.681071478e+51
TIME= 0.001807759924 CENTER OF MASS X-LOC = -259919.7029
TIME= 0.001807759924 CENTER OF MASS X-VEL = 335.017539
TIME= 0.001807759924 CENTER OF MASS Y-LOC = -259949.3979
TIME= 0.001807759924 CENTER OF MASS Y-VEL = 367.2260602
TIME= 0.001807759924 CENTER OF MASS Z-LOC = -260326.8866
TIME= 0.001807759924 CENTER OF MASS Z-VEL = 388.0799773
TIME= 0.001807759924 MAXIMUM TEMPERATURE  = 0
TIME= 0.001807759924 MAXIMUM DENSITY      = 982725575.9

STEP = 17 TIME = 0.001807759924 DT = 0.0002048752965


[STEP 17] Coarse TimeStep time: 2.991342454
[STEP 17] FAB kilobyte spread across MPI nodes: [105462 ... 105462]

...estimated hydro-limited timestep at level 0: 0.0045836715
...hydro-limited CFL timestep constrained at (i,j,k) = (26,34,40)
Castro::estTimeStep (hydro-limited) at level 0:  estdt = 0.0045836715

Castro::compute_new_dt : limiting dt at level 0
 ... new dt computed: 0.0045836715
 ... but limiting to: 0.0002253628262 = 1.1 * 0.0002048752965
[Level 0 step 18] ADVANCE at time 0.001807759924 with dt = 0.0002253628262

[1m[32m  Beginning subcycle 1 starting at time 0.001807759924 with dt = 0.0002253628262[0m
  Estimated number of subcycles remaining: 1

... mhd ...!!! 

Castro::construct_old_gravity() time = 0.024383183 on level 0

Castro::do_old_sources() time = 0.04179374 on level 0

[1m[32m  Subcycle completed[0m

  Subcycling complete

  Zones advanced per microsecond at this level: 0.1001504374

[Level 0 step 18] Advanced 262144 cells
Castro::construct_new_gravity() time = 0.020980564 on level 0

Castro::do_new_sources() time = 0.053047074 on level 0


TIME= 0.002033122751 MASS        = 2.767234471e+33
TIME= 0.002033122751 XMOM        = 1.02111857e+36
TIME= 0.002033122751 YMOM        = 1.136445342e+36
TIME= 0.002033122751 ZMOM        = 1.206021576e+36
TIME= 0.002033122751 ANG MOM X   = -3.283632284e+45
TIME= 0.002033122751 ANG MOM Y   = -8.345254267e+45
TIME= 0.002033122751 ANG MOM Z   = 4.275549335e+45
TIME= 0.002033122751 RHO*e       = 2.503124045e+51
TIME= 0.002033122751 RHO*K       = 9.571671632e+47
TIME= 0.002033122751 RHO*E       = 2.681068662e+51
TIME= 0.002033122751 RHO*PHI     = 0
TIME= 0.002033122751 TOTAL ENERGY= 2.681068662e+51
TIME= 0.002033122751 CENTER OF MASS X-LOC = -259851.9687
TIME= 0.002033122751 CENTER OF MASS X-VEL = 369.0032706
TIME= 0.002033122751 CENTER OF MASS Y-LOC = -259888.5261
TIME= 0.002033122751 CENTER OF MASS Y-VEL = 410.6790927
TIME= 0.002033122751 CENTER OF MASS Z-LOC = -260318.0441
TIME= 0.002033122751 CENTER OF MASS Z-VEL = 435.821969
TIME= 0.002033122751 MAXIMUM TEMPERATURE  = 0
TIME= 0.002033122751 MAXIMUM DENSITY      = 982063777.3

STEP = 18 TIME = 0.002033122751 DT = 0.0002253628262


[STEP 18] Coarse TimeStep time: 2.652660446
[STEP 18] FAB kilobyte spread across MPI nodes: [105462 ... 105462]

...estimated hydro-limited timestep at level 0: 0.004588061203
...hydro-limited CFL timestep constrained at (i,j,k) = (26,34,40)
Castro::estTimeStep (hydro-limited) at level 0:  estdt = 0.004588061203

Castro::compute_new_dt : limiting dt at level 0
 ... new dt computed: 0.004588061203
 ... but limiting to: 0.0002478991088 = 1.1 * 0.0002253628262
[Level 0 step 19] ADVANCE at time 0.002033122751 with dt = 0.0002478991088

[1m[32m  Beginning subcycle 1 starting at time 0.002033122751 with dt = 0.0002478991088[0m
  Estimated number of subcycles remaining: 1

... mhd ...!!! 

Castro::construct_old_gravity() time = 0.033289876 on level 0

Castro::do_old_sources() time = 0.045874258 on level 0

[1m[32m  Subcycle completed[0m

  Subcycling complete

  Zones advanced per microsecond at this level: 0.1396348921

[Level 0 step 19] Advanced 262144 cells
Castro::construct_new_gravity() time = 0.014545695 on level 0

Castro::do_new_sources() time = 0.047204375 on level 0


TIME= 0.002281021859 MASS        = 2.767234594e+33
TIME= 0.002281021859 XMOM        = 1.118461307e+36
TIME= 0.002281021859 YMOM        = 1.267294504e+36
TIME= 0.002281021859 ZMOM        = 1.350146967e+36
TIME= 0.002281021859 ANG MOM X   = -3.782700286e+45
TIME= 0.002281021859 ANG MOM Y   = -9.327624473e+45
TIME= 0.002281021859 ANG MOM Z   = 4.756996496e+45
TIME= 0.002281021859 RHO*e       = 2.504932987e+51
TIME= 0.002281021859 RHO*K       = 1.156029418e+48
TIME= 0.002281021859 RHO*E       = 2.681064494e+51
TIME= 0.002281021859 RHO*PHI     = 0
TIME= 0.002281021859 TOTAL ENERGY= 2.681064494e+51
TIME= 0.002281021859 CENTER OF MASS X-LOC = -259776.494
TIME= 0.002281021859 CENTER OF MASS X-VEL = 404.1801551
TIME= 0.002281021859 CENTER OF MASS Y-LOC = -259821.7724
TIME= 0.002281021859 CENTER OF MASS Y-VEL = 457.9642458
TIME= 0.002281021859 CENTER OF MASS Z-LOC = -260310.3898
TIME= 0.002281021859 CENTER OF MASS Z-VEL = 487.9047731
TIME= 0.002281021859 MAXIMUM TEMPERATURE  = 0
TIME= 0.002281021859 MAXIMUM DENSITY      = 981346977.6

STEP = 19 TIME = 0.002281021859 DT = 0.0002478991088


[STEP 19] Coarse TimeStep time: 1.906249311
[STEP 19] FAB kilobyte spread across MPI nodes: [105462 ... 105462]

...estimated hydro-limited timestep at level 0: 0.004593423264
...hydro-limited CFL timestep constrained at (i,j,k) = (26,34,40)
Castro::estTimeStep (hydro-limited) at level 0:  estdt = 0.004593423264

Castro::compute_new_dt : limiting dt at level 0
 ... new dt computed: 0.004593423264
 ... but limiting to: 0.0002726890197 = 1.1 * 0.0002478991088
[Level 0 step 20] ADVANCE at time 0.002281021859 with dt = 0.0002726890197

[1m[32m  Beginning subcycle 1 starting at time 0.002281021859 with dt = 0.0002726890197[0m
  Estimated number of subcycles remaining: 1

... mhd ...!!! 

Castro::construct_old_gravity() time = 0.029678028 on level 0

Castro::do_old_sources() time = 0.045382985 on level 0

[1m[32m  Subcycle completed[0m

  Subcycling complete

  Zones advanced per microsecond at this level: 0.1490126538

[Level 0 step 20] Advanced 262144 cells
Castro::construct_new_gravity() time = 0.013692464 on level 0

Castro::do_new_sources() time = 0.032245322 on level 0


TIME= 0.002553710879 MASS        = 2.767234745e+33
TIME= 0.002553710879 XMOM        = 1.217978623e+36
TIME= 0.002553710879 YMOM        = 1.409685479e+36
TIME= 0.002553710879 ZMOM        = 1.507082883e+36
TIME= 0.002553710879 ANG MOM X   = -4.349059491e+45
TIME= 0.002553710879 ANG MOM Y   = -1.040321344e+46
TIME= 0.002553710879 ANG MOM Z   = 5.277577722e+45
TIME= 0.002553710879 RHO*e       = 2.506857763e+51
TIME= 0.002553710879 RHO*K       = 1.385148192e+48
TIME= 0.002553710879 RHO*E       = 2.681058021e+51
TIME= 0.002553710879 RHO*PHI     = 0
TIME= 0.002553710879 TOTAL ENERGY= 2.681058021e+51
TIME= 0.002553710879 CENTER OF MASS X-LOC = -259692.7955
TIME= 0.002553710879 CENTER OF MASS X-VEL = 440.1428629
TIME= 0.002553710879 CENTER OF MASS Y-LOC = -259748.4653
TIME= 0.002553710879 CENTER OF MASS Y-VEL = 509.4202731
TIME= 0.002553710879 CENTER OF MASS Z-LOC = -260305.1297
TIME= 0.002553710879 CENTER OF MASS Z-VEL = 544.6169272
TIME= 0.002553710879 MAXIMUM TEMPERATURE  = 0
TIME= 0.002553710879 MAXIMUM DENSITY      = 980571836.1

STEP = 20 TIME = 0.002553710879 DT = 0.0002726890197


[STEP 20] Coarse TimeStep time: 1.784081903
[STEP 20] FAB kilobyte spread across MPI nodes: [105462 ... 105462]

PLOTFILE: file = plt_seed55ext00020
Write plotfile time = 0.036072855  seconds

...estimated hydro-limited timestep at level 0: 0.004599947456
...hydro-limited CFL timestep constrained at (i,j,k) = (26,34,40)
Castro::estTimeStep (hydro-limited) at level 0:  estdt = 0.004599947456

Castro::compute_new_dt : limiting dt at level 0
 ... new dt computed: 0.004599947456
 ... but limiting to: 0.0002999579216 = 1.1 * 0.0002726890197
[Level 0 step 21] ADVANCE at time 0.002553710879 with dt = 0.0002999579216

[1m[32m  Beginning subcycle 1 starting at time 0.002553710879 with dt = 0.0002999579216[0m
  Estimated number of subcycles remaining: 1

... mhd ...!!! 

Castro::construct_old_gravity() time = 0.017949112 on level 0

Castro::do_old_sources() time = 0.035429287 on level 0

[1m[32m  Subcycle completed[0m

  Subcycling complete

  Zones advanced per microsecond at this level: 0.1358018786

[Level 0 step 21] Advanced 262144 cells
Castro::construct_new_gravity() time = 0.01430029 on level 0

Castro::do_new_sources() time = 0.033365313 on level 0


TIME= 0.002853668801 MASS        = 2.76723493e+33
TIME= 0.002853668801 XMOM        = 1.318056663e+36
TIME= 0.002853668801 YMOM        = 1.564683496e+36
TIME= 0.002853668801 ZMOM        = 1.677575494e+36
TIME= 0.002853668801 ANG MOM X   = -4.98905933e+45
TIME= 0.002853668801 ANG MOM Y   = -1.157920937e+46
TIME= 0.002853668801 ANG MOM Z   = 5.837493009e+45
TIME= 0.002853668801 RHO*e       = 2.508901096e+51
TIME= 0.002853668801 RHO*K       = 1.646912616e+48
TIME= 0.002853668801 RHO*E       = 2.681048283e+51
TIME= 0.002853668801 RHO*PHI     = 0
TIME= 0.002853668801 TOTAL ENERGY= 2.681048283e+51
TIME= 0.002853668801 CENTER OF MASS X-LOC = -259599.7531
TIME= 0.002853668801 CENTER OF MASS X-VEL = 476.3081906
TIME= 0.002853668801 CENTER OF MASS Y-LOC = -259668.9359
TIME= 0.002853668801 CENTER OF MASS Y-VEL = 565.4321138
TIME= 0.002853668801 CENTER OF MASS Z-LOC = -260302.4016
TIME= 0.002853668801 CENTER OF MASS Z-VEL = 606.2280713
TIME= 0.002853668801 MAXIMUM TEMPERATURE  = 0
TIME= 0.002853668801 MAXIMUM DENSITY      = 979735200.1

STEP = 21 TIME = 0.002853668801 DT = 0.0002999579216


[STEP 21] Coarse TimeStep time: 1.956207934
[STEP 21] FAB kilobyte spread across MPI nodes: [105462 ... 105462]

...estimated hydro-limited timestep at level 0: 0.004605896363
...hydro-limited CFL timestep constrained at (i,j,k) = (26,34,40)
Castro::estTimeStep (hydro-limited) at level 0:  estdt = 0.004605896363

Castro::compute_new_dt : limiting dt at level 0
 ... new dt computed: 0.004605896363
 ... but limiting to: 0.0003299537138 = 1.1 * 0.0002999579216
[Level 0 step 22] ADVANCE at time 0.002853668801 with dt = 0.0003299537138

[1m[32m  Beginning subcycle 1 starting at time 0.002853668801 with dt = 0.0003299537138[0m
  Estimated number of subcycles remaining: 1

... mhd ...!!! 

Castro::construct_old_gravity() time = 0.015829892 on level 0

Castro::do_old_sources() time = 0.02798481 on level 0

[1m[32m  Subcycle completed[0m

  Subcycling complete

  Zones advanced per microsecond at this level: 0.1055300212

[Level 0 step 22] Advanced 262144 cells
Castro::construct_new_gravity() time = 0.018870036 on level 0

Castro::do_new_sources() time = 0.048233878 on level 0


TIME= 0.003183622515 MASS        = 2.767235157e+33
TIME= 0.003183622515 XMOM        = 1.416410683e+36
TIME= 0.003183622515 YMOM        = 1.733441164e+36
TIME= 0.003183622515 ZMOM        = 1.862177546e+36
TIME= 0.003183622515 ANG MOM X   = -5.707349664e+45
TIME= 0.003183622515 ANG MOM Y   = -1.286580022e+46
TIME= 0.003183622515 ANG MOM Z   = 6.440682706e+45
TIME= 0.003183622515 RHO*e       = 2.511066803e+51
TIME= 0.003183622515 RHO*K       = 1.943381133e+48
TIME= 0.003183622515 RHO*E       = 2.68103466e+51
TIME= 0.003183622515 RHO*PHI     = 0
TIME= 0.003183622515 TOTAL ENERGY= 2.68103466e+51
TIME= 0.003183622515 CENTER OF MASS X-LOC = -259496.3813
TIME= 0.003183622515 CENTER OF MASS X-VEL = 511.8504944
TIME= 0.003183622515 CENTER OF MASS Y-LOC = -259583.0407
TIME= 0.003183622515 CENTER OF MASS Y-VEL = 626.4162838
TIME= 0.003183622515 CENTER OF MASS Z-LOC = -260302.332
TIME= 0.003183622515 CENTER OF MASS Z-VEL = 672.937947
TIME= 0.003183622515 MAXIMUM TEMPERATURE  = 0
TIME= 0.003183622515 MAXIMUM DENSITY      = 978832560.6

STEP = 22 TIME = 0.003183622515 DT = 0.0003299537138


[STEP 22] Coarse TimeStep time: 2.511920784
[STEP 22] FAB kilobyte spread across MPI nodes: [105462 ... 105462]

...estimated hydro-limited timestep at level 0: 0.00461452119
...hydro-limited CFL timestep constrained at (i,j,k) = (26,34,40)
Castro::estTimeStep (hydro-limited) at level 0:  estdt = 0.00461452119

Castro::compute_new_dt : limiting dt at level 0
 ... new dt computed: 0.00461452119
 ... but limiting to: 0.0003629490852 = 1.1 * 0.0003299537138
[Level 0 step 23] ADVANCE at time 0.003183622515 with dt = 0.0003629490852

[1m[32m  Beginning subcycle 1 starting at time 0.003183622515 with dt = 0.0003629490852[0m
  Estimated number of subcycles remaining: 1

... mhd ...!!! 

Castro::construct_old_gravity() time = 0.02310379 on level 0

Castro::do_old_sources() time = 0.038561411 on level 0

[1m[32m  Subcycle completed[0m

  Subcycling complete

  Zones advanced per microsecond at this level: 0.1433636292

[Level 0 step 23] Advanced 262144 cells
Castro::construct_new_gravity() time = 0.024154014 on level 0

Castro::do_new_sources() time = 0.05988204 on level 0


TIME= 0.0035465716 MASS        = 2.767235435e+33
TIME= 0.0035465716 XMOM        = 1.509992556e+36
TIME= 0.0035465716 YMOM        = 1.917253446e+36
TIME= 0.0035465716 ZMOM        = 2.06119926e+36
TIME= 0.0035465716 ANG MOM X   = -6.508147455e+45
TIME= 0.0035465716 ANG MOM Y   = -1.427429816e+46
TIME= 0.0035465716 ANG MOM Z   = 7.090721732e+45
TIME= 0.0035465716 RHO*e       = 2.513356411e+51
TIME= 0.0035465716 RHO*K       = 2.276112293e+48
TIME= 0.0035465716 RHO*E       = 2.681015726e+51
TIME= 0.0035465716 RHO*PHI     = 0
TIME= 0.0035465716 TOTAL ENERGY= 2.681015726e+51
TIME= 0.0035465716 CENTER OF MASS X-LOC = -259380.1061
TIME= 0.0035465716 CENTER OF MASS X-VEL = 545.6682641
TIME= 0.0035465716 CENTER OF MASS Y-LOC = -259491.5713
TIME= 0.0035465716 CENTER OF MASS Y-VEL = 692.8407398
TIME= 0.0035465716 CENTER OF MASS Z-LOC = -260304.8749
TIME= 0.0035465716 CENTER OF MASS Z-VEL = 744.8586534
TIME= 0.0035465716 MAXIMUM TEMPERATURE  = 0
TIME= 0.0035465716 MAXIMUM DENSITY      = 977857374.3

STEP = 23 TIME = 0.0035465716 DT = 0.0003629490852


[STEP 23] Coarse TimeStep time: 1.862261068
[STEP 23] FAB kilobyte spread across MPI nodes: [105462 ... 105462]

...estimated hydro-limited timestep at level 0: 0.004625553153
...hydro-limited CFL timestep constrained at (i,j,k) = (26,34,40)
Castro::estTimeStep (hydro-limited) at level 0:  estdt = 0.004625553153

Castro::compute_new_dt : limiting dt at level 0
 ... new dt computed: 0.004625553153
 ... but limiting to: 0.0003992439937 = 1.1 * 0.0003629490852
[Level 0 step 24] ADVANCE at time 0.0035465716 with dt = 0.0003992439937

[1m[32m  Beginning subcycle 1 starting at time 0.0035465716 with dt = 0.0003992439937[0m
  Estimated number of subcycles remaining: 1

... mhd ...!!! 

Castro::construct_old_gravity() time = 0.040506022 on level 0

Castro::do_old_sources() time = 0.053337678 on level 0

[1m[32m  Subcycle completed[0m

  Subcycling complete

  Zones advanced per microsecond at this level: 0.1320824673

[Level 0 step 24] Advanced 262144 cells
Castro::construct_new_gravity() time = 0.019687056 on level 0

Castro::do_new_sources() time = 0.045779365 on level 0


TIME= 0.003945815593 MASS        = 2.767235774e+33
TIME= 0.003945815593 XMOM        = 1.594868959e+36
TIME= 0.003945815593 YMOM        = 2.117675289e+36
TIME= 0.003945815593 ZMOM        = 2.274639905e+36
TIME= 0.003945815593 ANG MOM X   = -7.398697023e+45
TIME= 0.003945815593 ANG MOM Y   = -1.581077381e+46
TIME= 0.003945815593 ANG MOM Z   = 7.789365913e+45
TIME= 0.003945815593 RHO*e       = 2.515770998e+51
TIME= 0.003945815593 RHO*K       = 2.645936082e+48
TIME= 0.003945815593 RHO*E       = 2.680990186e+51
TIME= 0.003945815593 RHO*PHI     = 0
TIME= 0.003945815593 TOTAL ENERGY= 2.680990186e+51
TIME= 0.003945815593 CENTER OF MASS X-LOC = -259249.7055
TIME= 0.003945815593 CENTER OF MASS X-VEL = 576.3401059
TIME= 0.003945815593 CENTER OF MASS Y-LOC = -259394.3401
TIME= 0.003945815593 CENTER OF MASS Y-VEL = 765.2673868
TIME= 0.003945815593 CENTER OF MASS Z-LOC = -260309.2039
TIME= 0.003945815593 CENTER OF MASS Z-VEL = 821.9899174
TIME= 0.003945815593 MAXIMUM TEMPERATURE  = 0
TIME= 0.003945815593 MAXIMUM DENSITY      = 976805977.3

STEP = 24 TIME = 0.003945815593 DT = 0.0003992439937


[STEP 24] Coarse TimeStep time: 2.012621205
[STEP 24] FAB kilobyte spread across MPI nodes: [105462 ... 105462]

...estimated hydro-limited timestep at level 0: 0.004643453143
...hydro-limited CFL timestep constrained at (i,j,k) = (26,34,40)
Castro::estTimeStep (hydro-limited) at level 0:  estdt = 0.004643453143

Castro::compute_new_dt : limiting dt at level 0
 ... new dt computed: 0.004643453143
 ... but limiting to: 0.0004391683931 = 1.1 * 0.0003992439937
[Level 0 step 25] ADVANCE at time 0.003945815593 with dt = 0.0004391683931

[1m[32m  Beginning subcycle 1 starting at time 0.003945815593 with dt = 0.0004391683931[0m
  Estimated number of subcycles remaining: 1

... mhd ...!!! 

Castro::construct_old_gravity() time = 0.020819389 on level 0

Castro::do_old_sources() time = 0.036682855 on level 0

[1m[32m  Subcycle completed[0m

  Subcycling complete

  Zones advanced per microsecond at this level: 0.1091643197

[Level 0 step 25] Advanced 262144 cells
Castro::construct_new_gravity() time = 0.032264555 on level 0

Castro::do_new_sources() time = 0.064698923 on level 0


TIME= 0.004384983987 MASS        = 2.767236187e+33
TIME= 0.004384983987 XMOM        = 1.665940347e+36
TIME= 0.004384983987 YMOM        = 2.336540462e+36
TIME= 0.004384983987 ZMOM        = 2.501965069e+36
TIME= 0.004384983987 ANG MOM X   = -8.38168245e+45
TIME= 0.004384983987 ANG MOM Y   = -1.748695803e+46
TIME= 0.004384983987 ANG MOM Z   = 8.537063563e+45
TIME= 0.004384983987 RHO*e       = 2.518311511e+51
TIME= 0.004384983987 RHO*K       = 3.052787639e+48
TIME= 0.004384983987 RHO*E       = 2.680956342e+51
TIME= 0.004384983987 RHO*PHI     = 0
TIME= 0.004384983987 TOTAL ENERGY= 2.680956342e+51
TIME= 0.004384983987 CENTER OF MASS X-LOC = -259102.9824
TIME= 0.004384983987 CENTER OF MASS X-VEL = 602.0231866
TIME= 0.004384983987 CENTER OF MASS Y-LOC = -259290.9433
TIME= 0.004384983987 CENTER OF MASS Y-VEL = 844.3588852
TIME= 0.004384983987 CENTER OF MASS Z-LOC = -260317.1908
TIME= 0.004384983987 CENTER OF MASS Z-VEL = 904.1386062
TIME= 0.004384983987 MAXIMUM TEMPERATURE  = 0
TIME= 0.004384983987 MAXIMUM DENSITY      = 975675291.5

STEP = 25 TIME = 0.004384983987 DT = 0.0004391683931


[STEP 25] Coarse TimeStep time: 2.424801431
[STEP 25] FAB kilobyte spread across MPI nodes: [105462 ... 105462]

PLOTFILE: file = plt_seed55ext00025
Write plotfile time = 0.040054346  seconds

...estimated hydro-limited timestep at level 0: 0.004665016635
...hydro-limited CFL timestep constrained at (i,j,k) = (26,34,40)
Castro::estTimeStep (hydro-limited) at level 0:  estdt = 0.004665016635

Castro::compute_new_dt : limiting dt at level 0
 ... new dt computed: 0.004665016635
 ... but limiting to: 0.0004830852324 = 1.1 * 0.0004391683931
[Level 0 step 26] ADVANCE at time 0.004384983987 with dt = 0.0004830852324

[1m[32m  Beginning subcycle 1 starting at time 0.004384983987 with dt = 0.0004830852324[0m
  Estimated number of subcycles remaining: 1

... mhd ...!!! 

Castro::construct_old_gravity() time = 0.030354401 on level 0

Castro::do_old_sources() time = 0.031124 on level 0

[1m[32m  Subcycle completed[0m

  Subcycling complete

  Zones advanced per microsecond at this level: 0.09830160927

[Level 0 step 26] Advanced 262144 cells
Castro::construct_new_gravity() time = 0.019770299 on level 0

Castro::do_new_sources() time = 0.052541426 on level 0


TIME= 0.004868069219 MASS        = 2.767236689e+33
TIME= 0.004868069219 XMOM        = 1.716525048e+36
TIME= 0.004868069219 YMOM        = 2.575951876e+36
TIME= 0.004868069219 ZMOM        = 2.741869049e+36
TIME= 0.004868069219 ANG MOM X   = -9.462105877e+45
TIME= 0.004868069219 ANG MOM Y   = -1.930363755e+46
TIME= 0.004868069219 ANG MOM Z   = 9.343567444e+45
TIME= 0.004868069219 RHO*e       = 2.520975999e+51
TIME= 0.004868069219 RHO*K       = 3.495614053e+48
TIME= 0.004868069219 RHO*E       = 2.680911928e+51
TIME= 0.004868069219 RHO*PHI     = 0
TIME= 0.004868069219 TOTAL ENERGY= 2.680911928e+51
TIME= 0.004868069219 CENTER OF MASS X-LOC = -258934.5506
TIME= 0.004868069219 CENTER OF MASS X-VEL = 620.302938
TIME= 0.004868069219 CENTER OF MASS Y-LOC = -259181.3523
TIME= 0.004868069219 CENTER OF MASS Y-VEL = 930.8751529
TIME= 0.004868069219 CENTER OF MASS Z-LOC = -260330.1611
TIME= 0.004868069219 CENTER OF MASS Z-VEL = 990.8328622
TIME= 0.004868069219 MAXIMUM TEMPERATURE  = 0
TIME= 0.004868069219 MAXIMUM DENSITY      = 974458894.7

STEP = 26 TIME = 0.004868069219 DT = 0.0004830852324


[STEP 26] Coarse TimeStep time: 2.702970565
[STEP 26] FAB kilobyte spread across MPI nodes: [105462 ... 105462]

...estimated hydro-limited timestep at level 0: 0.004695323035
...hydro-limited CFL timestep constrained at (i,j,k) = (26,34,40)
Castro::estTimeStep (hydro-limited) at level 0:  estdt = 0.004695323035

Castro::compute_new_dt : limiting dt at level 0
 ... new dt computed: 0.004695323035
 ... but limiting to: 0.0005313937556 = 1.1 * 0.0004830852324
[Level 0 step 27] ADVANCE at time 0.004868069219 with dt = 0.0005313937556

[1m[32m  Beginning subcycle 1 starting at time 0.004868069219 with dt = 0.0005313937556[0m
  Estimated number of subcycles remaining: 1

... mhd ...!!! 

Castro::construct_old_gravity() time = 0.025798176 on level 0

Castro::do_old_sources() time = 0.04938784 on level 0

[1m[32m  Subcycle completed[0m

  Subcycling complete

  Zones advanced per microsecond at this level: 0.08820732133

[Level 0 step 27] Advanced 262144 cells
Castro::construct_new_gravity() time = 0.0234701 on level 0

Castro::do_new_sources() time = 0.050695202 on level 0


TIME= 0.005399462975 MASS        = 2.7672373e+33
TIME= 0.005399462975 XMOM        = 1.737764179e+36
TIME= 0.005399462975 YMOM        = 2.838349418e+36
TIME= 0.005399462975 ZMOM        = 2.991860884e+36
TIME= 0.005399462975 ANG MOM X   = -1.063972835e+46
TIME= 0.005399462975 ANG MOM Y   = -2.127047948e+46
TIME= 0.005399462975 ANG MOM Z   = 1.02179911e+46
TIME= 0.005399462975 RHO*e       = 2.523768078e+51
TIME= 0.005399462975 RHO*K       = 3.972058504e+48
TIME= 0.005399462975 RHO*E       = 2.680855028e+51
TIME= 0.005399462975 RHO*PHI     = 0
TIME= 0.005399462975 TOTAL ENERGY= 2.680855028e+51
TIME= 0.005399462975 CENTER OF MASS X-LOC = -258739.1605
TIME= 0.005399462975 CENTER OF MASS X-VEL = 627.9780122
TIME= 0.005399462975 CENTER OF MASS Y-LOC = -259066.4448
TIME= 0.005399462975 CENTER OF MASS Y-VEL = 1025.697875
TIME= 0.005399462975 CENTER OF MASS Z-LOC = -260347.9585
TIME= 0.005399462975 CENTER OF MASS Z-VEL = 1081.172505
TIME= 0.005399462975 MAXIMUM TEMPERATURE  = 0
TIME= 0.005399462975 MAXIMUM DENSITY      = 973149117.8

STEP = 27 TIME = 0.005399462975 DT = 0.0005313937556


[STEP 27] Coarse TimeStep time: 3.002970286
[STEP 27] FAB kilobyte spread across MPI nodes: [105462 ... 105462]

...estimated hydro-limited timestep at level 0: 0.004731678457
...hydro-limited CFL timestep constrained at (i,j,k) = (26,34,40)
Castro::estTimeStep (hydro-limited) at level 0:  estdt = 0.004731678457

Castro::compute_new_dt : limiting dt at level 0
 ... new dt computed: 0.004731678457
 ... but limiting to: 0.0005845331312 = 1.1 * 0.0005313937556
[Level 0 step 28] ADVANCE at time 0.005399462975 with dt = 0.0005845331312

[1m[32m  Beginning subcycle 1 starting at time 0.005399462975 with dt = 0.0005845331312[0m
  Estimated number of subcycles remaining: 1

... mhd ...!!! 

Castro::construct_old_gravity() time = 0.033334501 on level 0

Castro::do_old_sources() time = 0.048753428 on level 0

[1m[32m  Subcycle completed[0m

  Subcycling complete

  Zones advanced per microsecond at this level: 0.1014833215

[Level 0 step 28] Advanced 262144 cells
Castro::construct_new_gravity() time = 0.019107347 on level 0

Castro::do_new_sources() time = 0.044045459 on level 0


TIME= 0.005983996106 MASS        = 2.76723804e+33
TIME= 0.005983996106 XMOM        = 1.718010023e+36
TIME= 0.005983996106 YMOM        = 3.126359501e+36
TIME= 0.005983996106 ZMOM        = 3.247754706e+36
TIME= 0.005983996106 ANG MOM X   = -1.192372906e+46
TIME= 0.005983996106 ANG MOM Y   = -2.339731053e+46
TIME= 0.005983996106 ANG MOM Z   = 1.116410221e+46
TIME= 0.005983996106 RHO*e       = 2.526680052e+51
TIME= 0.005983996106 RHO*K       = 4.478307029e+48
TIME= 0.005983996106 RHO*E       = 2.680782142e+51
TIME= 0.005983996106 RHO*PHI     = 0
TIME= 0.005983996106 TOTAL ENERGY= 2.680782142e+51
TIME= 0.005983996106 CENTER OF MASS X-LOC = -258514.8044
TIME= 0.005983996106 CENTER OF MASS X-VEL = 620.8392623
TIME= 0.005983996106 CENTER OF MASS Y-LOC = -258945.4513
TIME= 0.005983996106 CENTER OF MASS Y-VEL = 1129.776136
TIME= 0.005983996106 CENTER OF MASS Z-LOC = -260370.2745
TIME= 0.005983996106 CENTER OF MASS Z-VEL = 1173.644861
TIME= 0.005983996106 MAXIMUM TEMPERATURE  = 0
TIME= 0.005983996106 MAXIMUM DENSITY      = 971746822.3

STEP = 28 TIME = 0.005983996106 DT = 0.0005845331312


[STEP 28] Coarse TimeStep time: 2.609778752
[STEP 28] FAB kilobyte spread across MPI nodes: [105462 ... 105462]

...estimated hydro-limited timestep at level 0: 0.004775787769
...hydro-limited CFL timestep constrained at (i,j,k) = (26,34,40)
Castro::estTimeStep (hydro-limited) at level 0:  estdt = 0.004775787769

Castro::compute_new_dt : limiting dt at level 0
 ... new dt computed: 0.004775787769
 ... but limiting to: 0.0006429864443 = 1.1 * 0.0005845331312
[Level 0 step 29] ADVANCE at time 0.005983996106 with dt = 0.0006429864443

[1m[32m  Beginning subcycle 1 starting at time 0.005983996106 with dt = 0.0006429864443[0m
  Estimated number of subcycles remaining: 1

... mhd ...!!! 

Castro::construct_old_gravity() time = 0.024198869 on level 0

Castro::do_old_sources() time = 0.032876205 on level 0

[1m[32m  Subcycle completed[0m

  Subcycling complete

  Zones advanced per microsecond at this level: 0.09590237512

[Level 0 step 29] Advanced 262144 cells
Castro::construct_new_gravity() time = 0.031421485 on level 0

Castro::do_new_sources() time = 0.044236448 on level 0


TIME= 0.00662698255 MASS        = 2.767238938e+33
TIME= 0.00662698255 XMOM        = 1.642513517e+36
TIME= 0.00662698255 YMOM        = 3.44283751e+36
TIME= 0.00662698255 ZMOM        = 3.503443177e+36
TIME= 0.00662698255 ANG MOM X   = -1.331638118e+46
TIME= 0.00662698255 ANG MOM Y   = -2.56929807e+46
TIME= 0.00662698255 ANG MOM Z   = 1.218064334e+46
TIME= 0.00662698255 RHO*e       = 2.529712618e+51
TIME= 0.00662698255 RHO*K       = 5.009054758e+48
TIME= 0.00662698255 RHO*E       = 2.680691409e+51
TIME= 0.00662698255 RHO*PHI     = 0
TIME= 0.00662698255 TOTAL ENERGY= 2.680691409e+51
TIME= 0.00662698255 CENTER OF MASS X-LOC = -258263.3684
TIME= 0.00662698255 CENTER OF MASS X-VEL = 593.5568102
TIME= 0.00662698255 CENTER OF MASS Y-LOC = -258818.9892
TIME= 0.00662698255 CENTER OF MASS Y-VEL = 1244.141756
TIME= 0.00662698255 CENTER OF MASS Z-LOC = -260402.6394
TIME= 0.00662698255 CENTER OF MASS Z-VEL = 1266.042888
TIME= 0.00662698255 MAXIMUM TEMPERATURE  = 0
TIME= 0.00662698255 MAXIMUM DENSITY      = 970269433.8

STEP = 29 TIME = 0.00662698255 DT = 0.0006429864443


[STEP 29] Coarse TimeStep time: 2.76501135
[STEP 29] FAB kilobyte spread across MPI nodes: [105462 ... 105462]

...estimated hydro-limited timestep at level 0: 0.004825711029
...hydro-limited CFL timestep constrained at (i,j,k) = (36,40,27)
Castro::estTimeStep (hydro-limited) at level 0:  estdt = 0.004825711029

Castro::compute_new_dt : limiting dt at level 0
 ... new dt computed: 0.004825711029
 ... but limiting to: 0.0007072850887 = 1.1 * 0.0006429864443
[Level 0 step 30] ADVANCE at time 0.00662698255 with dt = 0.0007072850887

[1m[32m  Beginning subcycle 1 starting at time 0.00662698255 with dt = 0.0007072850887[0m
  Estimated number of subcycles remaining: 1

... mhd ...!!! 

Castro::construct_old_gravity() time = 0.022509613 on level 0

Castro::do_old_sources() time = 0.056165855 on level 0

[1m[32m  Subcycle completed[0m

  Subcycling complete

  Zones advanced per microsecond at this level: 0.09472860308

[Level 0 step 30] Advanced 262144 cells
Castro::construct_new_gravity() time = 0.018651533 on level 0

Castro::do_new_sources() time = 0.050482105 on level 0


TIME= 0.007334267639 MASS        = 2.767240025e+33
TIME= 0.007334267639 XMOM        = 1.492475851e+36
TIME= 0.007334267639 YMOM        = 3.791588631e+36
TIME= 0.007334267639 ZMOM        = 3.750525539e+36
TIME= 0.007334267639 ANG MOM X   = -1.481680274e+46
TIME= 0.007334267639 ANG MOM Y   = -2.816363161e+46
TIME= 0.007334267639 ANG MOM Z   = 1.327259932e+46
TIME= 0.007334267639 RHO*e       = 2.53286252e+51
TIME= 0.007334267639 RHO*K       = 5.557382528e+48
TIME= 0.007334267639 RHO*E       = 2.680579171e+51
TIME= 0.007334267639 RHO*PHI     = 0
TIME= 0.007334267639 TOTAL ENERGY= 2.680579171e+51
TIME= 0.007334267639 CENTER OF MASS X-LOC = -257977.0297
TIME= 0.007334267639 CENTER OF MASS X-VEL = 539.3373316
TIME= 0.007334267639 CENTER OF MASS Y-LOC = -258687.7446
TIME= 0.007334267639 CENTER OF MASS Y-VEL = 1370.169771
TIME= 0.007334267639 CENTER OF MASS Z-LOC = -260444.2073
TIME= 0.007334267639 CENTER OF MASS Z-VEL = 1355.330765
TIME= 0.007334267639 MAXIMUM TEMPERATURE  = 0
TIME= 0.007334267639 MAXIMUM DENSITY      = 968721128

STEP = 30 TIME = 0.007334267639 DT = 0.0007072850887


[STEP 30] Coarse TimeStep time: 2.844975989
[STEP 30] FAB kilobyte spread across MPI nodes: [105462 ... 105462]

PLOTFILE: file = plt_seed55ext00030
Write plotfile time = 0.047735301  seconds

...estimated hydro-limited timestep at level 0: 0.004884511079
...hydro-limited CFL timestep constrained at (i,j,k) = (36,40,27)
Castro::estTimeStep (hydro-limited) at level 0:  estdt = 0.004884511079

Castro::compute_new_dt : limiting dt at level 0
 ... new dt computed: 0.004884511079
 ... but limiting to: 0.0007780135976 = 1.1 * 0.0007072850887
[Level 0 step 31] ADVANCE at time 0.007334267639 with dt = 0.0007780135976

[1m[32m  Beginning subcycle 1 starting at time 0.007334267639 with dt = 0.0007780135976[0m
  Estimated number of subcycles remaining: 1

... mhd ...!!! 

Castro::construct_old_gravity() time = 0.028506985 on level 0

Castro::do_old_sources() time = 0.071861203 on level 0

[1m[32m  Subcycle completed[0m

  Subcycling complete

  Zones advanced per microsecond at this level: 0.0862553518

[Level 0 step 31] Advanced 262144 cells
Castro::construct_new_gravity() time = 0.020593069 on level 0

Castro::do_new_sources() time = 0.043211936 on level 0


TIME= 0.008112281236 MASS        = 2.767241339e+33
TIME= 0.008112281236 XMOM        = 1.24410867e+36
TIME= 0.008112281236 YMOM        = 4.177826217e+36
TIME= 0.008112281236 ZMOM        = 3.9776785e+36
TIME= 0.008112281236 ANG MOM X   = -1.641902647e+46
TIME= 0.008112281236 ANG MOM Y   = -3.083066265e+46
TIME= 0.008112281236 ANG MOM Z   = 1.444808167e+46
TIME= 0.008112281236 RHO*e       = 2.536129327e+51
TIME= 0.008112281236 RHO*K       = 6.114574321e+48
TIME= 0.008112281236 RHO*E       = 2.680442831e+51
TIME= 0.008112281236 RHO*PHI     = 0
TIME= 0.008112281236 TOTAL ENERGY= 2.680442831e+51
TIME= 0.008112281236 CENTER OF MASS X-LOC = -257653.3817
TIME= 0.008112281236 CENTER OF MASS X-VEL = 449.584448
TIME= 0.008112281236 CENTER OF MASS Y-LOC = -258555.2187
TIME= 0.008112281236 CENTER OF MASS Y-VEL = 1509.744075
TIME= 0.008112281236 CENTER OF MASS Z-LOC = -260495.7373
TIME= 0.008112281236 CENTER OF MASS Z-VEL = 1437.416551
TIME= 0.008112281236 MAXIMUM TEMPERATURE  = 0
TIME= 0.008112281236 MAXIMUM DENSITY      = 967108371

STEP = 31 TIME = 0.008112281236 DT = 0.0007780135976


[STEP 31] Coarse TimeStep time: 3.078742475
[STEP 31] FAB kilobyte spread across MPI nodes: [105462 ... 105462]

...estimated hydro-limited timestep at level 0: 0.004956598363
...hydro-limited CFL timestep constrained at (i,j,k) = (36,40,27)
Castro::estTimeStep (hydro-limited) at level 0:  estdt = 0.004956598363

Castro::compute_new_dt : limiting dt at level 0
 ... new dt computed: 0.004956598363
 ... but limiting to: 0.0008558149574 = 1.1 * 0.0007780135976
[Level 0 step 32] ADVANCE at time 0.008112281236 with dt = 0.0008558149574

[1m[32m  Beginning subcycle 1 starting at time 0.008112281236 with dt = 0.0008558149574[0m
  Estimated number of subcycles remaining: 1

... mhd ...!!! 

Castro::construct_old_gravity() time = 0.019790097 on level 0

Castro::do_old_sources() time = 0.034977791 on level 0

[1m[32m  Subcycle completed[0m

  Subcycling complete

  Zones advanced per microsecond at this level: 0.09864631278

[Level 0 step 32] Advanced 262144 cells
Castro::construct_new_gravity() time = 0.017589427 on level 0

Castro::do_new_sources() time = 0.043522289 on level 0


TIME= 0.008968096194 MASS        = 2.767242926e+33
TIME= 0.008968096194 XMOM        = 8.678983053e+35
TIME= 0.008968096194 YMOM        = 4.608796216e+36
TIME= 0.008968096194 ZMOM        = 4.170285229e+36
TIME= 0.008968096194 ANG MOM X   = -1.810750979e+46
TIME= 0.008968096194 ANG MOM Y   = -3.368386756e+46
TIME= 0.008968096194 ANG MOM Z   = 1.570830891e+46
TIME= 0.008968096194 RHO*e       = 2.539500725e+51
TIME= 0.008968096194 RHO*K       = 6.670378447e+48
TIME= 0.008968096194 RHO*E       = 2.680276126e+51
TIME= 0.008968096194 RHO*PHI     = 0
TIME= 0.008968096194 TOTAL ENERGY= 2.680276126e+51
TIME= 0.008968096194 CENTER OF MASS X-LOC = -257293.0401
TIME= 0.008968096194 CENTER OF MASS X-VEL = 313.6328571
TIME= 0.008968096194 CENTER OF MASS Y-LOC = -258427.2031
TIME= 0.008968096194 CENTER OF MASS Y-VEL = 1665.48306
TIME= 0.008968096194 CENTER OF MASS Z-LOC = -260559.5348
TIME= 0.008968096194 CENTER OF MASS Z-VEL = 1507.018119
TIME= 0.008968096194 MAXIMUM TEMPERATURE  = 0
TIME= 0.008968096194 MAXIMUM DENSITY      = 965503293.5

STEP = 32 TIME = 0.008968096194 DT = 0.0008558149574


[STEP 32] Coarse TimeStep time: 2.685508402
[STEP 32] FAB kilobyte spread across MPI nodes: [105462 ... 105462]

...estimated hydro-limited timestep at level 0: 0.005044151576
...hydro-limited CFL timestep constrained at (i,j,k) = (36,40,27)
Castro::estTimeStep (hydro-limited) at level 0:  estdt = 0.005044151576

Castro::compute_new_dt : limiting dt at level 0
 ... new dt computed: 0.005044151576
 ... but limiting to: 0.0009413964531 = 1.1 * 0.0008558149574
[Level 0 step 33] ADVANCE at time 0.008968096194 with dt = 0.0009413964531

[1m[32m  Beginning subcycle 1 starting at time 0.008968096194 with dt = 0.0009413964531[0m
  Estimated number of subcycles remaining: 1

... mhd ...!!! 

Castro::construct_old_gravity() time = 0.022588204 on level 0

Castro::do_old_sources() time = 0.035728534 on level 0

[1m[32m  Subcycle completed[0m

  Subcycling complete

  Zones advanced per microsecond at this level: 0.1024296095

[Level 0 step 33] Advanced 262144 cells
Castro::construct_new_gravity() time = 0.018253847 on level 0

Castro::do_new_sources() time = 0.043376942 on level 0


TIME= 0.009909492647 MASS        = 2.76724484e+33
TIME= 0.009909492647 XMOM        = 3.275985781e+35
TIME= 0.009909492647 YMOM        = 5.095713475e+36
TIME= 0.009909492647 ZMOM        = 4.309989733e+36
TIME= 0.009909492647 ANG MOM X   = -1.98966329e+46
TIME= 0.009909492647 ANG MOM Y   = -3.673864497e+46
TIME= 0.009909492647 ANG MOM Z   = 1.705439847e+46
TIME= 0.009909492647 RHO*e       = 2.542975276e+51
TIME= 0.009909492647 RHO*K       = 7.212675013e+48
TIME= 0.009909492647 RHO*E       = 2.680076312e+51
TIME= 0.009909492647 RHO*PHI     = 0
TIME= 0.009909492647 TOTAL ENERGY= 2.680076312e+51
TIME= 0.009909492647 CENTER OF MASS X-LOC = -256895.1273
TIME= 0.009909492647 CENTER OF MASS X-VEL = 118.3843848
TIME= 0.009909492647 CENTER OF MASS Y-LOC = -258311.9729
TIME= 0.009909492647 CENTER OF MASS Y-VEL = 1841.439326
TIME= 0.009909492647 CENTER OF MASS Z-LOC = -260627.8256
TIME= 0.009909492647 CENTER OF MASS Z-VEL = 1557.50213
TIME= 0.009909492647 MAXIMUM TEMPERATURE  = 0
TIME= 0.009909492647 MAXIMUM DENSITY      = 963930381

STEP = 33 TIME = 0.009909492647 DT = 0.0009413964531


[STEP 33] Coarse TimeStep time: 2.585942346
[STEP 33] FAB kilobyte spread across MPI nodes: [105462 ... 105462]

...estimated hydro-limited timestep at level 0: 0.005102056379
...hydro-limited CFL timestep constrained at (i,j,k) = (25,35,40)
Castro::estTimeStep (hydro-limited) at level 0:  estdt = 0.005102056379

Castro::compute_new_dt : limiting dt at level 0
 ... new dt computed: 0.005102056379
 ... but limiting to: 0.001035536098 = 1.1 * 0.0009413964531
[Level 0 step 34] ADVANCE at time 0.009909492647 with dt = 0.001035536098

[1m[32m  Beginning subcycle 1 starting at time 0.009909492647 with dt = 0.001035536098[0m
  Estimated number of subcycles remaining: 1

... mhd ...!!! 

Castro::construct_old_gravity() time = 0.022401021 on level 0

Castro::do_old_sources() time = 0.035061659 on level 0

[1m[32m  Subcycle completed[0m

  Subcycling complete

  Zones advanced per microsecond at this level: 0.09827896447

[Level 0 step 34] Advanced 262144 cells
Castro::construct_new_gravity() time = 0.02122731 on level 0

Castro::do_new_sources() time = 0.053398897 on level 0


TIME= 0.01094502875 MASS        = 2.767247147e+33
TIME= 0.01094502875 XMOM        = -4.206737615e+35
TIME= 0.01094502875 YMOM        = 5.654771339e+36
TIME= 0.01094502875 ZMOM        = 4.373208954e+36
TIME= 0.01094502875 ANG MOM X   = -2.179045294e+46
TIME= 0.01094502875 ANG MOM Y   = -3.997396927e+46
TIME= 0.01094502875 ANG MOM Z   = 1.849816637e+46
TIME= 0.01094502875 RHO*e       = 2.546540275e+51
TIME= 0.01094502875 RHO*K       = 7.728445441e+48
TIME= 0.01094502875 RHO*E       = 2.679836538e+51
TIME= 0.01094502875 RHO*PHI     = 0
TIME= 0.01094502875 TOTAL ENERGY= 2.679836538e+51
TIME= 0.01094502875 CENTER OF MASS X-LOC = -256463.7898
TIME= 0.01094502875 CENTER OF MASS X-VEL = -152.0188618
TIME= 0.01094502875 CENTER OF MASS Y-LOC = -258208.1526
TIME= 0.01094502875 CENTER OF MASS Y-VEL = 2043.464512
TIME= 0.01094502875 CENTER OF MASS Z-LOC = -260696.8211
TIME= 0.01094502875 CENTER OF MASS Z-VEL = 1580.346359
TIME= 0.01094502875 MAXIMUM TEMPERATURE  = 0
TIME= 0.01094502875 MAXIMUM DENSITY      = 962418594.7

STEP = 34 TIME = 0.01094502875 DT = 0.001035536098


[STEP 34] Coarse TimeStep time: 2.703412088
[STEP 34] FAB kilobyte spread across MPI nodes: [105462 ... 105462]

...estimated hydro-limited timestep at level 0: 0.005166299638
...hydro-limited CFL timestep constrained at (i,j,k) = (25,35,40)
Castro::estTimeStep (hydro-limited) at level 0:  estdt = 0.005166299638

Castro::compute_new_dt : limiting dt at level 0
 ... new dt computed: 0.005166299638
 ... but limiting to: 0.001139089708 = 1.1 * 0.001035536098
[Level 0 step 35] ADVANCE at time 0.01094502875 with dt = 0.001139089708

[1m[32m  Beginning subcycle 1 starting at time 0.01094502875 with dt = 0.001139089708[0m
  Estimated number of subcycles remaining: 1

... mhd ...!!! 

Castro::construct_old_gravity() time = 0.023206949 on level 0

Castro::do_old_sources() time = 0.035549432 on level 0

[1m[32m  Subcycle completed[0m

  Subcycling complete

  Zones advanced per microsecond at this level: 0.09036126969

[Level 0 step 35] Advanced 262144 cells
Castro::construct_new_gravity() time = 0.022975282 on level 0

Castro::do_new_sources() time = 0.059536601 on level 0


TIME= 0.01208411845 MASS        = 2.767249921e+33
TIME= 0.01208411845 XMOM        = -1.431022261e+36
TIME= 0.01208411845 YMOM        = 6.306377288e+36
TIME= 0.01208411845 ZMOM        = 4.327514903e+36
TIME= 0.01208411845 ANG MOM X   = -2.376669407e+46
TIME= 0.01208411845 ANG MOM Y   = -4.33728252e+46
TIME= 0.01208411845 ANG MOM Z   = 1.998395688e+46
TIME= 0.01208411845 RHO*e       = 2.550188162e+51
TIME= 0.01208411845 RHO*K       = 8.204091942e+48
TIME= 0.01208411845 RHO*E       = 2.679552169e+51
TIME= 0.01208411845 RHO*PHI     = 0
TIME= 0.01208411845 TOTAL ENERGY= 2.679552169e+51
TIME= 0.01208411845 CENTER OF MASS X-LOC = -255993.3154
TIME= 0.01208411845 CENTER OF MASS X-VEL = -517.1279437
TIME= 0.01208411845 CENTER OF MASS Y-LOC = -258110.1635
TIME= 0.01208411845 CENTER OF MASS Y-VEL = 2278.933044
TIME= 0.01208411845 CENTER OF MASS Z-LOC = -260745.2251
TIME= 0.01208411845 CENTER OF MASS Z-VEL = 1563.832334
TIME= 0.01208411845 MAXIMUM TEMPERATURE  = 0
TIME= 0.01208411845 MAXIMUM DENSITY      = 960998466

STEP = 35 TIME = 0.01208411845 DT = 0.001139089708


[STEP 35] Coarse TimeStep time: 2.942306744
[STEP 35] FAB kilobyte spread across MPI nodes: [105462 ... 105462]

PLOTFILE: file = plt_seed55ext00035
Write plotfile time = 0.094529089  seconds

...estimated hydro-limited timestep at level 0: 0.005254962265
...hydro-limited CFL timestep constrained at (i,j,k) = (25,35,40)
Castro::estTimeStep (hydro-limited) at level 0:  estdt = 0.005254962265

Castro::compute_new_dt : limiting dt at level 0
 ... new dt computed: 0.005254962265
 ... but limiting to: 0.001252998679 = 1.1 * 0.001139089708
[Level 0 step 36] ADVANCE at time 0.01208411845 with dt = 0.001252998679

[1m[32m  Beginning subcycle 1 starting at time 0.01208411845 with dt = 0.001252998679[0m
  Estimated number of subcycles remaining: 1

... mhd ...!!! 

Castro::construct_old_gravity() time = 0.021187524 on level 0

Castro::do_old_sources() time = 0.032674381 on level 0

[1m[32m  Subcycle completed[0m

  Subcycling complete

  Zones advanced per microsecond at this level: 0.1296874404

[Level 0 step 36] Advanced 262144 cells
Castro::construct_new_gravity() time = 0.021500839 on level 0

Castro::do_new_sources() time = 0.044606646 on level 0


TIME= 0.01333711713 MASS        = 2.767253256e+33
TIME= 0.01333711713 XMOM        = -2.77019663e+36
TIME= 0.01333711713 YMOM        = 7.076693922e+36
TIME= 0.01333711713 ZMOM        = 4.131082658e+36
TIME= 0.01333711713 ANG MOM X   = -2.582345287e+46
TIME= 0.01333711713 ANG MOM Y   = -4.691021354e+46
TIME= 0.01333711713 ANG MOM Z   = 2.148054137e+46
TIME= 0.01333711713 RHO*e       = 2.553911106e+51
TIME= 0.01333711713 RHO*K       = 8.626197972e+48
TIME= 0.01333711713 RHO*E       = 2.679218683e+51
TIME= 0.01333711713 RHO*PHI     = 0
TIME= 0.01333711713 TOTAL ENERGY= 2.679218683e+51
TIME= 0.01333711713 CENTER OF MASS X-LOC = -255473.2401
TIME= 0.01333711713 CENTER OF MASS X-VEL = -1001.063645
TIME= 0.01333711713 CENTER OF MASS Y-LOC = -258026.2572
TIME= 0.01333711713 CENTER OF MASS Y-VEL = 2557.298978
TIME= 0.01333711713 CENTER OF MASS Z-LOC = -260751.8872
TIME= 0.01333711713 CENTER OF MASS Z-VEL = 1492.845893
TIME= 0.01333711713 MAXIMUM TEMPERATURE  = 0
TIME= 0.01333711713 MAXIMUM DENSITY      = 959702581.2

STEP = 36 TIME = 0.01333711713 DT = 0.001252998679


[STEP 36] Coarse TimeStep time: 2.056382712
[STEP 36] FAB kilobyte spread across MPI nodes: [105462 ... 105462]

...estimated hydro-limited timestep at level 0: 0.005371645701
...hydro-limited CFL timestep constrained at (i,j,k) = (25,35,40)
Castro::estTimeStep (hydro-limited) at level 0:  estdt = 0.005371645701

Castro::compute_new_dt : limiting dt at level 0
 ... new dt computed: 0.005371645701
 ... but limiting to: 0.001378298547 = 1.1 * 0.001252998679
[Level 0 step 37] ADVANCE at time 0.01333711713 with dt = 0.001378298547

[1m[32m  Beginning subcycle 1 starting at time 0.01333711713 with dt = 0.001378298547[0m
  Estimated number of subcycles remaining: 1

... mhd ...!!! 

Castro::construct_old_gravity() time = 0.025615053 on level 0

Castro::do_old_sources() time = 0.034707856 on level 0

[1m[32m  Subcycle completed[0m

  Subcycling complete

  Zones advanced per microsecond at this level: 0.09301025628

[Level 0 step 37] Advanced 262144 cells
Castro::construct_new_gravity() time = 0.019808285 on level 0

Castro::do_new_sources() time = 0.048771078 on level 0


TIME= 0.01471541568 MASS        = 2.767257258e+33
TIME= 0.01471541568 XMOM        = -4.516477997e+36
TIME= 0.01471541568 YMOM        = 7.999174819e+36
TIME= 0.01471541568 ZMOM        = 3.734064317e+36
TIME= 0.01471541568 ANG MOM X   = -2.791736865e+46
TIME= 0.01471541568 ANG MOM Y   = -5.057730379e+46
TIME= 0.01471541568 ANG MOM Z   = 2.296421878e+46
TIME= 0.01471541568 RHO*e       = 2.557693285e+51
TIME= 0.01471541568 RHO*K       = 8.981686589e+48
TIME= 0.01471541568 RHO*E       = 2.678830935e+51
TIME= 0.01471541568 RHO*PHI     = 0
TIME= 0.01471541568 TOTAL ENERGY= 2.678830935e+51
TIME= 0.01471541568 CENTER OF MASS X-LOC = -254901.4556
TIME= 0.01471541568 CENTER OF MASS X-VEL = -1632.113525
TIME= 0.01471541568 CENTER OF MASS Y-LOC = -257964.6734
TIME= 0.01471541568 CENTER OF MASS Y-VEL = 2890.650949
TIME= 0.01471541568 CENTER OF MASS Z-LOC = -260718.5512
TIME= 0.01471541568 CENTER OF MASS Z-VEL = 1349.373755
TIME= 0.01471541568 MAXIMUM TEMPERATURE  = 0
TIME= 0.01471541568 MAXIMUM DENSITY      = 958566173.2

STEP = 37 TIME = 0.01471541568 DT = 0.001378298547


[STEP 37] Coarse TimeStep time: 2.849463659
[STEP 37] FAB kilobyte spread across MPI nodes: [105462 ... 105462]

...estimated hydro-limited timestep at level 0: 0.005495579068
...hydro-limited CFL timestep constrained at (i,j,k) = (34,26,40)
Castro::estTimeStep (hydro-limited) at level 0:  estdt = 0.005495579068

Castro::compute_new_dt : limiting dt at level 0
 ... new dt computed: 0.005495579068
 ... but limiting to: 0.001516128402 = 1.1 * 0.001378298547
[Level 0 step 38] ADVANCE at time 0.01471541568 with dt = 0.001516128402

[1m[32m  Beginning subcycle 1 starting at time 0.01471541568 with dt = 0.001516128402[0m
  Estimated number of subcycles remaining: 1

... mhd ...!!! 

Castro::construct_old_gravity() time = 0.023793532 on level 0

Castro::do_old_sources() time = 0.034790567 on level 0

[1m[32m  Subcycle completed[0m

  Subcycling complete

  Zones advanced per microsecond at this level: 0.09981094613

[Level 0 step 38] Advanced 262144 cells
Castro::construct_new_gravity() time = 0.02061741 on level 0

Castro::do_new_sources() time = 0.053081694 on level 0


TIME= 0.01623154408 MASS        = 2.767262054e+33
TIME= 0.01623154408 XMOM        = -6.756831768e+36
TIME= 0.01623154408 YMOM        = 9.118261455e+36
TIME= 0.01623154408 ZMOM        = 3.074678808e+36
TIME= 0.01623154408 ANG MOM X   = -2.998470329e+46
TIME= 0.01623154408 ANG MOM Y   = -5.43425288e+46
TIME= 0.01623154408 ANG MOM Z   = 2.44507192e+46
TIME= 0.01623154408 RHO*e       = 2.561517722e+51
TIME= 0.01623154408 RHO*K       = 9.258717261e+48
TIME= 0.01623154408 RHO*E       = 2.67838579e+51
TIME= 0.01623154408 RHO*PHI     = 0
TIME= 0.01623154408 TOTAL ENERGY= 2.67838579e+51
TIME= 0.01623154408 CENTER OF MASS X-LOC = -254282.6042
TIME= 0.01623154408 CENTER OF MASS X-VEL = -2441.702895
TIME= 0.01623154408 CENTER OF MASS Y-LOC = -257918.457
TIME= 0.01623154408 CENTER OF MASS Y-VEL = 3295.048058
TIME= 0.01623154408 CENTER OF MASS Z-LOC = -260653.8589
TIME= 0.01623154408 CENTER OF MASS Z-VEL = 1111.090583
TIME= 0.01623154408 MAXIMUM TEMPERATURE  = 0
TIME= 0.01623154408 MAXIMUM DENSITY      = 957624860.1

STEP = 38 TIME = 0.01623154408 DT = 0.001516128402


[STEP 38] Coarse TimeStep time: 2.657509522
[STEP 38] FAB kilobyte spread across MPI nodes: [105462 ... 105462]

...estimated hydro-limited timestep at level 0: 0.005590899979
...hydro-limited CFL timestep constrained at (i,j,k) = (34,26,40)
Castro::estTimeStep (hydro-limited) at level 0:  estdt = 0.005590899979

Castro::compute_new_dt : limiting dt at level 0
 ... new dt computed: 0.005590899979
 ... but limiting to: 0.001667741242 = 1.1 * 0.001516128402
[Level 0 step 39] ADVANCE at time 0.01623154408 with dt = 0.001667741242

[1m[32m  Beginning subcycle 1 starting at time 0.01623154408 with dt = 0.001667741242[0m
  Estimated number of subcycles remaining: 1

... mhd ...!!! 

Castro::construct_old_gravity() time = 0.029229239 on level 0

Castro::do_old_sources() time = 0.062834405 on level 0

[1m[32m  Subcycle completed[0m

  Subcycling complete

  Zones advanced per microsecond at this level: 0.09872830379

[Level 0 step 39] Advanced 262144 cells
Castro::construct_new_gravity() time = 0.016655942 on level 0

Castro::do_new_sources() time = 0.040008845 on level 0


TIME= 0.01789928532 MASS        = 2.767267793e+33
TIME= 0.01789928532 XMOM        = -9.585537179e+36
TIME= 0.01789928532 YMOM        = 1.049665596e+37
TIME= 0.01789928532 ZMOM        = 2.077472371e+36
TIME= 0.01789928532 ANG MOM X   = -3.198649599e+46
TIME= 0.01789928532 ANG MOM Y   = -5.817705687e+46
TIME= 0.01789928532 ANG MOM Z   = 2.591364358e+46
TIME= 0.01789928532 RHO*e       = 2.565372971e+51
TIME= 0.01789928532 RHO*K       = 9.448065971e+48
TIME= 0.01789928532 RHO*E       = 2.677881536e+51
TIME= 0.01789928532 RHO*PHI     = 0
TIME= 0.01789928532 TOTAL ENERGY= 2.677881536e+51
TIME= 0.01789928532 CENTER OF MASS X-LOC = -253605.541
TIME= 0.01789928532 CENTER OF MASS X-VEL = -3463.899375
TIME= 0.01789928532 CENTER OF MASS Y-LOC = -257885.658
TIME= 0.01789928532 CENTER OF MASS Y-VEL = 3793.147879
TIME= 0.01789928532 CENTER OF MASS Z-LOC = -260558.8859
TIME= 0.01789928532 CENTER OF MASS Z-VEL = 750.7305133
TIME= 0.01789928532 MAXIMUM TEMPERATURE  = 0
TIME= 0.01789928532 MAXIMUM DENSITY      = 956912235.5

STEP = 39 TIME = 0.01789928532 DT = 0.001667741242


[STEP 39] Coarse TimeStep time: 2.687756879
[STEP 39] FAB kilobyte spread across MPI nodes: [105462 ... 105462]

...estimated hydro-limited timestep at level 0: 0.005714359088
...hydro-limited CFL timestep constrained at (i,j,k) = (34,26,40)
Castro::estTimeStep (hydro-limited) at level 0:  estdt = 0.005714359088

Castro::compute_new_dt : limiting dt at level 0
 ... new dt computed: 0.005714359088
 ... but limiting to: 0.001834515366 = 1.1 * 0.001667741242
[Level 0 step 40] ADVANCE at time 0.01789928532 with dt = 0.001834515366

[1m[32m  Beginning subcycle 1 starting at time 0.01789928532 with dt = 0.001834515366[0m
  Estimated number of subcycles remaining: 1

... mhd ...!!! 

Castro::construct_old_gravity() time = 0.046504974 on level 0

Castro::do_old_sources() time = 0.139339659 on level 0

[1m[32m  Subcycle completed[0m

  Subcycling complete

  Zones advanced per microsecond at this level: 0.09506970388

[Level 0 step 40] Advanced 262144 cells
Castro::construct_new_gravity() time = 0.033013525 on level 0

Castro::do_new_sources() time = 0.065617912 on level 0


TIME= 0.01973380069 MASS        = 2.767274651e+33
TIME= 0.01973380069 XMOM        = -1.31027883e+37
TIME= 0.01973380069 YMOM        = 1.222031938e+37
TIME= 0.01973380069 ZMOM        = 6.528938861e+35
TIME= 0.01973380069 ANG MOM X   = -3.384201161e+46
TIME= 0.01973380069 ANG MOM Y   = -6.197153665e+46
TIME= 0.01973380069 ANG MOM Z   = 2.737532518e+46
TIME= 0.01973380069 RHO*e       = 2.569235673e+51
TIME= 0.01973380069 RHO*K       = 9.543928444e+48
TIME= 0.01973380069 RHO*E       = 2.677314397e+51
TIME= 0.01973380069 RHO*PHI     = 0
TIME= 0.01973380069 TOTAL ENERGY= 2.677314397e+51
TIME= 0.01973380069 CENTER OF MASS X-LOC = -252876.2753
TIME= 0.01973380069 CENTER OF MASS X-VEL = -4734.907066
TIME= 0.01973380069 CENTER OF MASS Y-LOC = -257868.9127
TIME= 0.01973380069 CENTER OF MASS Y-VEL = 4416.012475
TIME= 0.01973380069 CENTER OF MASS Z-LOC = -260411.8014
TIME= 0.01973380069 CENTER OF MASS Z-VEL = 235.9338947
TIME= 0.01973380069 MAXIMUM TEMPERATURE  = 0
TIME= 0.01973380069 MAXIMUM DENSITY      = 956463808.2

STEP = 40 TIME = 0.01973380069 DT = 0.001834515366


[STEP 40] Coarse TimeStep time: 2.79308261
[STEP 40] FAB kilobyte spread across MPI nodes: [105462 ... 105462]

PLOTFILE: file = plt_seed55ext00040
Write plotfile time = 0.076886822  seconds

...estimated hydro-limited timestep at level 0: 0.005853133929
...hydro-limited CFL timestep constrained at (i,j,k) = (34,26,40)
Castro::estTimeStep (hydro-limited) at level 0:  estdt = 0.005853133929

Castro::compute_new_dt : limiting dt at level 0
 ... new dt computed: 0.005853133929
 ... but limiting to: 0.002017966903 = 1.1 * 0.001834515366
[Level 0 step 41] ADVANCE at time 0.01973380069 with dt = 0.002017966903

[1m[32m  Beginning subcycle 1 starting at time 0.01973380069 with dt = 0.002017966903[0m
  Estimated number of subcycles remaining: 1

... mhd ...!!! 

Castro::construct_old_gravity() time = 0.024764192 on level 0

Castro::do_old_sources() time = 0.054453333 on level 0

[1m[32m  Subcycle completed[0m

  Subcycling complete

  Zones advanced per microsecond at this level: 0.1019917371

[Level 0 step 41] Advanced 262144 cells
Castro::construct_new_gravity() time = 0.022276897 on level 0

Castro::do_new_sources() time = 0.055200732 on level 0


TIME= 0.02175176759 MASS        = 2.767282832e+33
TIME= 0.02175176759 XMOM        = -1.741251336e+37
TIME= 0.02175176759 YMOM        = 1.440192166e+37
TIME= 0.02175176759 ZMOM        = -1.306248682e+36
TIME= 0.02175176759 ANG MOM X   = -3.549410479e+46
TIME= 0.02175176759 ANG MOM Y   = -6.563155048e+46
TIME= 0.02175176759 ANG MOM Z   = 2.879784053e+46
TIME= 0.02175176759 RHO*e       = 2.573081019e+51
TIME= 0.02175176759 RHO*K       = 9.544577147e+48
TIME= 0.02175176759 RHO*E       = 2.676681982e+51
TIME= 0.02175176759 RHO*PHI     = 0
TIME= 0.02175176759 TOTAL ENERGY= 2.676681982e+51
TIME= 0.02175176759 CENTER OF MASS X-LOC = -252106.8123
TIME= 0.02175176759 CENTER OF MASS X-VEL = -6292.278173
TIME= 0.02175176759 CENTER OF MASS Y-LOC = -257888.4736
TIME= 0.02175176759 CENTER OF MASS Y-VEL = 5204.354792
TIME= 0.02175176759 CENTER OF MASS Z-LOC = -260185.2858
TIME= 0.02175176759 CENTER OF MASS Z-VEL = -472.0329514
TIME= 0.02175176759 MAXIMUM TEMPERATURE  = 0
TIME= 0.02175176759 MAXIMUM DENSITY      = 956348808.1

STEP = 41 TIME = 0.02175176759 DT = 0.002017966903


[STEP 41] Coarse TimeStep time: 2.59978088
[STEP 41] FAB kilobyte spread across MPI nodes: [105462 ... 105462]

...estimated hydro-limited timestep at level 0: 0.006021102526
...hydro-limited CFL timestep constrained at (i,j,k) = (34,26,40)
Castro::estTimeStep (hydro-limited) at level 0:  estdt = 0.006021102526

Castro::compute_new_dt : limiting dt at level 0
 ... new dt computed: 0.006021102526
 ... but limiting to: 0.002219763593 = 1.1 * 0.002017966903
[Level 0 step 42] ADVANCE at time 0.02175176759 with dt = 0.002219763593

[1m[32m  Beginning subcycle 1 starting at time 0.02175176759 with dt = 0.002219763593[0m
  Estimated number of subcycles remaining: 1

... mhd ...!!! 

Castro::construct_old_gravity() time = 0.078608659 on level 0

Castro::do_old_sources() time = 0.063914741 on level 0

[1m[32m  Subcycle completed[0m

  Subcycling complete

  Zones advanced per microsecond at this level: 0.08612449727

[Level 0 step 42] Advanced 262144 cells
Castro::construct_new_gravity() time = 0.037810974 on level 0

Castro::do_new_sources() time = 0.080405396 on level 0


TIME= 0.02397153118 MASS        = 2.767292575e+33
TIME= 0.02397153118 XMOM        = -2.262519924e+37
TIME= 0.02397153118 YMOM        = 1.71914669e+37
TIME= 0.02397153118 ZMOM        = -3.90765668e+36
TIME= 0.02397153118 ANG MOM X   = -3.692637808e+46
TIME= 0.02397153118 ANG MOM Y   = -6.913985025e+46
TIME= 0.02397153118 ANG MOM Z   = 3.018074715e+46
TIME= 0.02397153118 RHO*e       = 2.57689162e+51
TIME= 0.02397153118 RHO*K       = 9.451841547e+48
TIME= 0.02397153118 RHO*E       = 2.675989361e+51
TIME= 0.02397153118 RHO*PHI     = 0
TIME= 0.02397153118 TOTAL ENERGY= 2.675989361e+51
TIME= 0.02397153118 CENTER OF MASS X-LOC = -251367.864
TIME= 0.02397153118 CENTER OF MASS X-VEL = -8175.933201
TIME= 0.02397153118 CENTER OF MASS Y-LOC = -258014.1659
TIME= 0.02397153118 CENTER OF MASS Y-VEL = 6212.377781
TIME= 0.02397153118 CENTER OF MASS Z-LOC = -259925.2251
TIME= 0.02397153118 CENTER OF MASS Z-VEL = -1412.08657
TIME= 0.02397153118 MAXIMUM TEMPERATURE  = 0
TIME= 0.02397153118 MAXIMUM DENSITY      = 956689386

STEP = 42 TIME = 0.02397153118 DT = 0.002219763593


[STEP 42] Coarse TimeStep time: 3.102353343
[STEP 42] FAB kilobyte spread across MPI nodes: [105462 ... 105462]

...estimated hydro-limited timestep at level 0: 0.006212301859
...hydro-limited CFL timestep constrained at (i,j,k) = (34,26,40)
Castro::estTimeStep (hydro-limited) at level 0:  estdt = 0.006212301859

Castro::compute_new_dt : limiting dt at level 0
 ... new dt computed: 0.006212301859
 ... but limiting to: 0.002441739952 = 1.1 * 0.002219763593
[Level 0 step 43] ADVANCE at time 0.02397153118 with dt = 0.002441739952

[1m[32m  Beginning subcycle 1 starting at time 0.02397153118 with dt = 0.002441739952[0m
  Estimated number of subcycles remaining: 1

... mhd ...!!! 

Castro::construct_old_gravity() time = 0.036159612 on level 0

Castro::do_old_sources() time = 0.039841592 on level 0

[1m[32m  Subcycle completed[0m

  Subcycling complete

  Zones advanced per microsecond at this level: 0.09811344817

[Level 0 step 43] Advanced 262144 cells
Castro::construct_new_gravity() time = 0.017104645 on level 0

Castro::do_new_sources() time = 0.039544915 on level 0


TIME= 0.02641327114 MASS        = 2.767304156e+33
TIME= 0.02641327114 XMOM        = -2.885258778e+37
TIME= 0.02641327114 YMOM        = 2.077430164e+37
TIME= 0.02641327114 ZMOM        = -7.247377143e+36
TIME= 0.02641327114 ANG MOM X   = -3.815315491e+46
TIME= 0.02641327114 ANG MOM Y   = -7.23592121e+46
TIME= 0.02641327114 ANG MOM Z   = 3.143591819e+46
TIME= 0.02641327114 RHO*e       = 2.580637387e+51
TIME= 0.02641327114 RHO*K       = 9.272794225e+48
TIME= 0.02641327114 RHO*E       = 2.67523689e+51
TIME= 0.02641327114 RHO*PHI     = 0
TIME= 0.02641327114 TOTAL ENERGY= 2.67523689e+51
TIME= 0.02641327114 CENTER OF MASS X-LOC = -250712.6993
TIME= 0.02641327114 CENTER OF MASS X-VEL = -10426.24379
TIME= 0.02641327114 CENTER OF MASS Y-LOC = -258250.5738
TIME= 0.02641327114 CENTER OF MASS Y-VEL = 7507.053967
TIME= 0.02641327114 CENTER OF MASS Z-LOC = -259614.4921
TIME= 0.02641327114 CENTER OF MASS Z-VEL = -2618.930459
TIME= 0.02641327114 MAXIMUM TEMPERATURE  = 0
TIME= 0.02641327114 MAXIMUM DENSITY      = 957478893.4

STEP = 43 TIME = 0.02641327114 DT = 0.002441739952


[STEP 43] Coarse TimeStep time: 2.699706354
[STEP 43] FAB kilobyte spread across MPI nodes: [105462 ... 105462]

...estimated hydro-limited timestep at level 0: 0.006433412191
...hydro-limited CFL timestep constrained at (i,j,k) = (34,26,40)
Castro::estTimeStep (hydro-limited) at level 0:  estdt = 0.006433412191

Castro::compute_new_dt : limiting dt at level 0
 ... new dt computed: 0.006433412191
 ... but limiting to: 0.002685913947 = 1.1 * 0.002441739952
[Level 0 step 44] ADVANCE at time 0.02641327114 with dt = 0.002685913947

[1m[32m  Beginning subcycle 1 starting at time 0.02641327114 with dt = 0.002685913947[0m
  Estimated number of subcycles remaining: 1

... mhd ...!!! 

Castro::construct_old_gravity() time = 0.019348771 on level 0

Castro::do_old_sources() time = 0.035221496 on level 0

[1m[32m  Subcycle completed[0m

  Subcycling complete

  Zones advanced per microsecond at this level: 0.1643652432

[Level 0 step 44] Advanced 262144 cells
Castro::construct_new_gravity() time = 0.013518536 on level 0

Castro::do_new_sources() time = 0.031659782 on level 0


TIME= 0.02909918508 MASS        = 2.767317897e+33
TIME= 0.02909918508 XMOM        = -3.621187843e+37
TIME= 0.02909918508 YMOM        = 2.536450497e+37
TIME= 0.02909918508 ZMOM        = -1.142273539e+37
TIME= 0.02909918508 ANG MOM X   = -3.917845488e+46
TIME= 0.02909918508 ANG MOM Y   = -7.518645775e+46
TIME= 0.02909918508 ANG MOM Z   = 3.253313165e+46
TIME= 0.02909918508 RHO*e       = 2.584300006e+51
TIME= 0.02909918508 RHO*K       = 9.018186117e+48
TIME= 0.02909918508 RHO*E       = 2.674429957e+51
TIME= 0.02909918508 RHO*PHI     = 0
TIME= 0.02909918508 TOTAL ENERGY= 2.674429957e+51
TIME= 0.02909918508 CENTER OF MASS X-LOC = -250145.6115
TIME= 0.02909918508 CENTER OF MASS X-VEL = -13085.55062
TIME= 0.02909918508 CENTER OF MASS Y-LOC = -258573.5813
TIME= 0.02909918508 CENTER OF MASS Y-VEL = 9165.735891
TIME= 0.02909918508 CENTER OF MASS Z-LOC = -259240.6971
TIME= 0.02909918508 CENTER OF MASS Z-VEL = -4127.727936
TIME= 0.02909918508 MAXIMUM TEMPERATURE  = 0
TIME= 0.02909918508 MAXIMUM DENSITY      = 958798621.3

STEP = 44 TIME = 0.02909918508 DT = 0.002685913947


[STEP 44] Coarse TimeStep time: 1.613068289
[STEP 44] FAB kilobyte spread across MPI nodes: [105462 ... 105462]

...estimated hydro-limited timestep at level 0: 0.006657658119
...hydro-limited CFL timestep constrained at (i,j,k) = (34,26,40)
Castro::estTimeStep (hydro-limited) at level 0:  estdt = 0.006657658119

Castro::compute_new_dt : limiting dt at level 0
 ... new dt computed: 0.006657658119
 ... but limiting to: 0.002954505342 = 1.1 * 0.002685913947
[Level 0 step 45] ADVANCE at time 0.02909918508 with dt = 0.002954505342

[1m[32m  Beginning subcycle 1 starting at time 0.02909918508 with dt = 0.002954505342[0m
  Estimated number of subcycles remaining: 1

... mhd ...!!! 

Castro::construct_old_gravity() time = 0.01654498 on level 0

Castro::do_old_sources() time = 0.031587836 on level 0

[1m[32m  Subcycle completed[0m

  Subcycling complete

  Zones advanced per microsecond at this level: 0.1494754629

[Level 0 step 45] Advanced 262144 cells
Castro::construct_new_gravity() time = 0.019870524 on level 0

Castro::do_new_sources() time = 0.05089149 on level 0


TIME= 0.03205369043 MASS        = 2.767334165e+33
TIME= 0.03205369043 XMOM        = -4.482294521e+37
TIME= 0.03205369043 YMOM        = 3.120799366e+37
TIME= 0.03205369043 ZMOM        = -1.652140833e+37
TIME= 0.03205369043 ANG MOM X   = -3.996419299e+46
TIME= 0.03205369043 ANG MOM Y   = -7.757604686e+46
TIME= 0.03205369043 ANG MOM Z   = 3.350950163e+46
TIME= 0.03205369043 RHO*e       = 2.587857107e+51
TIME= 0.03205369043 RHO*K       = 8.699905737e+48
TIME= 0.03205369043 RHO*E       = 2.67357909e+51
TIME= 0.03205369043 RHO*PHI     = 0
TIME= 0.03205369043 TOTAL ENERGY= 2.67357909e+51
TIME= 0.03205369043 CENTER OF MASS X-LOC = -249698.9979
TIME= 0.03205369043 CENTER OF MASS X-VEL = -16197.15674
TIME= 0.03205369043 CENTER OF MASS Y-LOC = -258947.7422
TIME= 0.03205369043 CENTER OF MASS Y-VEL = 11277.2769
TIME= 0.03205369043 CENTER OF MASS Z-LOC = -258809.5838
TIME= 0.03205369043 CENTER OF MASS Z-VEL = -5970.152987
TIME= 0.03205369043 MAXIMUM TEMPERATURE  = 0
TIME= 0.03205369043 MAXIMUM DENSITY      = 960830471.8

STEP = 45 TIME = 0.03205369043 DT = 0.002954505342


[STEP 45] Coarse TimeStep time: 1.778125365
[STEP 45] FAB kilobyte spread across MPI nodes: [105462 ... 105462]

PLOTFILE: file = plt_seed55ext00045
Write plotfile time = 0.034600543  seconds

...estimated hydro-limited timestep at level 0: 0.0068856003
...hydro-limited CFL timestep constrained at (i,j,k) = (34,26,40)
Castro::estTimeStep (hydro-limited) at level 0:  estdt = 0.0068856003

Castro::compute_new_dt : limiting dt at level 0
 ... new dt computed: 0.0068856003
 ... but limiting to: 0.003249955876 = 1.1 * 0.002954505342
[Level 0 step 46] ADVANCE at time 0.03205369043 with dt = 0.003249955876

[1m[32m  Beginning subcycle 1 starting at time 0.03205369043 with dt = 0.003249955876[0m
  Estimated number of subcycles remaining: 1

... mhd ...!!! 

Castro::construct_old_gravity() time = 0.01684642 on level 0

Castro::do_old_sources() time = 0.028372455 on level 0

[1m[32m  Subcycle completed[0m

  Subcycling complete

  Zones advanced per microsecond at this level: 0.1506679152

[Level 0 step 46] Advanced 262144 cells
Castro::construct_new_gravity() time = 0.017201326 on level 0

Castro::do_new_sources() time = 0.042514253 on level 0


TIME= 0.0353036463 MASS        = 2.767353383e+33
TIME= 0.0353036463 XMOM        = -5.480287864e+37
TIME= 0.0353036463 YMOM        = 3.858724518e+37
TIME= 0.0353036463 ZMOM        = -2.261674126e+37
TIME= 0.0353036463 ANG MOM X   = -4.051469528e+46
TIME= 0.0353036463 ANG MOM Y   = -7.94866343e+46
TIME= 0.0353036463 ANG MOM Z   = 3.436068714e+46
TIME= 0.0353036463 RHO*e       = 2.591279591e+51
TIME= 0.0353036463 RHO*K       = 8.331959852e+48
TIME= 0.0353036463 RHO*E       = 2.672687519e+51
TIME= 0.0353036463 RHO*PHI     = 0
TIME= 0.0353036463 TOTAL ENERGY= 2.672687519e+51
TIME= 0.0353036463 CENTER OF MASS X-LOC = -249382.2405
TIME= 0.0353036463 CENTER OF MASS X-VEL = -19803.35398
TIME= 0.0353036463 CENTER OF MASS Y-LOC = -259368.2315
TIME= 0.0353036463 CENTER OF MASS Y-VEL = 13943.73607
TIME= 0.0353036463 CENTER OF MASS Z-LOC = -258350.9496
TIME= 0.0353036463 CENTER OF MASS Z-VEL = -8172.697205
TIME= 0.0353036463 MAXIMUM TEMPERATURE  = 0
TIME= 0.0353036463 MAXIMUM DENSITY      = 963543481.4

STEP = 46 TIME = 0.0353036463 DT = 0.003249955876


[STEP 46] Coarse TimeStep time: 1.769747079
[STEP 46] FAB kilobyte spread across MPI nodes: [105462 ... 105462]

...estimated hydro-limited timestep at level 0: 0.007134492431
...hydro-limited CFL timestep constrained at (i,j,k) = (34,26,40)
Castro::estTimeStep (hydro-limited) at level 0:  estdt = 0.007134492431

Castro::compute_new_dt : limiting dt at level 0
 ... new dt computed: 0.007134492431
 ... but limiting to: 0.003574951464 = 1.1 * 0.003249955876
[Level 0 step 47] ADVANCE at time 0.0353036463 with dt = 0.003574951464

[1m[32m  Beginning subcycle 1 starting at time 0.0353036463 with dt = 0.003574951464[0m
  Estimated number of subcycles remaining: 1

... mhd ...!!! 

Castro::construct_old_gravity() time = 0.025514184 on level 0

Castro::do_old_sources() time = 0.054367102 on level 0

[1m[32m  Subcycle completed[0m

  Subcycling complete

  Zones advanced per microsecond at this level: 0.1552178426

[Level 0 step 47] Advanced 262144 cells
Castro::construct_new_gravity() time = 0.015205137 on level 0

Castro::do_new_sources() time = 0.039168327 on level 0


TIME= 0.03887859777 MASS        = 2.767376033e+33
TIME= 0.03887859777 XMOM        = -6.625107285e+37
TIME= 0.03887859777 YMOM        = 4.78164746e+37
TIME= 0.03887859777 ZMOM        = -2.97917946e+37
TIME= 0.03887859777 ANG MOM X   = -4.081548607e+46
TIME= 0.03887859777 ANG MOM Y   = -8.08243346e+46
TIME= 0.03887859777 ANG MOM Z   = 3.497188701e+46
TIME= 0.03887859777 RHO*e       = 2.594547334e+51
TIME= 0.03887859777 RHO*K       = 7.928036226e+48
TIME= 0.03887859777 RHO*E       = 2.67175663e+51
TIME= 0.03887859777 RHO*PHI     = 0
TIME= 0.03887859777 TOTAL ENERGY= 2.67175663e+51
TIME= 0.03887859777 CENTER OF MASS X-LOC = -249258.5369
TIME= 0.03887859777 CENTER OF MASS X-VEL = -23940.03274
TIME= 0.03887859777 CENTER OF MASS Y-LOC = -259820.2009
TIME= 0.03887859777 CENTER OF MASS Y-VEL = 17278.63291
TIME= 0.03887859777 CENTER OF MASS Z-LOC = -257907.9936
TIME= 0.03887859777 CENTER OF MASS Z-VEL = -10765.35832
TIME= 0.03887859777 MAXIMUM TEMPERATURE  = 0
TIME= 0.03887859777 MAXIMUM DENSITY      = 966893259.4

STEP = 47 TIME = 0.03887859777 DT = 0.003574951464


[STEP 47] Coarse TimeStep time: 1.721136668
[STEP 47] FAB kilobyte spread across MPI nodes: [105462 ... 105462]

...estimated hydro-limited timestep at level 0: 0.007404724361
...hydro-limited CFL timestep constrained at (i,j,k) = (34,26,40)
Castro::estTimeStep (hydro-limited) at level 0:  estdt = 0.007404724361

Castro::compute_new_dt : limiting dt at level 0
 ... new dt computed: 0.007404724361
 ... but limiting to: 0.00393244661 = 1.1 * 0.003574951464
[Level 0 step 48] ADVANCE at time 0.03887859777 with dt = 0.00393244661

[1m[32m  Beginning subcycle 1 starting at time 0.03887859777 with dt = 0.00393244661[0m
  Estimated number of subcycles remaining: 1

... mhd ...!!! 

Castro::construct_old_gravity() time = 0.045558609 on level 0

Castro::do_old_sources() time = 0.043314287 on level 0

[1m[32m  Subcycle completed[0m

  Subcycling complete

  Zones advanced per microsecond at this level: 0.1253069192

[Level 0 step 48] Advanced 262144 cells
Castro::construct_new_gravity() time = 0.017468158 on level 0

Castro::do_new_sources() time = 0.04304737 on level 0


TIME= 0.04281104438 MASS        = 2.767402662e+33
TIME= 0.04281104438 XMOM        = -7.925768373e+37
TIME= 0.04281104438 YMOM        = 5.919599827e+37
TIME= 0.04281104438 ZMOM        = -3.813519902e+37
TIME= 0.04281104438 ANG MOM X   = -4.089131372e+46
TIME= 0.04281104438 ANG MOM Y   = -8.154550921e+46
TIME= 0.04281104438 ANG MOM Z   = 3.534969036e+46
TIME= 0.04281104438 RHO*e       = 2.597652283e+51
TIME= 0.04281104438 RHO*K       = 7.49933161e+48
TIME= 0.04281104438 RHO*E       = 2.670796647e+51
TIME= 0.04281104438 RHO*PHI     = 0
TIME= 0.04281104438 TOTAL ENERGY= 2.670796647e+51
TIME= 0.04281104438 CENTER OF MASS X-LOC = -249299.2094
TIME= 0.04281104438 CENTER OF MASS X-VEL = -28639.73676
TIME= 0.04281104438 CENTER OF MASS Y-LOC = -260185.7001
TIME= 0.04281104438 CENTER OF MASS Y-VEL = 21390.45362
TIME= 0.04281104438 CENTER OF MASS Z-LOC = -257489.7488
TIME= 0.04281104438 CENTER OF MASS Z-VEL = -13780.14105
TIME= 0.04281104438 MAXIMUM TEMPERATURE  = 0
TIME= 0.04281104438 MAXIMUM DENSITY      = 970705390.5

STEP = 48 TIME = 0.04281104438 DT = 0.00393244661


[STEP 48] Coarse TimeStep time: 2.118049894
[STEP 48] FAB kilobyte spread across MPI nodes: [105462 ... 105462]

...estimated hydro-limited timestep at level 0: 0.007718380212
...hydro-limited CFL timestep constrained at (i,j,k) = (34,26,40)
Castro::estTimeStep (hydro-limited) at level 0:  estdt = 0.007718380212

Castro::compute_new_dt : limiting dt at level 0
 ... new dt computed: 0.007718380212
 ... but limiting to: 0.004325691271 = 1.1 * 0.00393244661
[Level 0 step 49] ADVANCE at time 0.04281104438 with dt = 0.004325691271

[1m[32m  Beginning subcycle 1 starting at time 0.04281104438 with dt = 0.004325691271[0m
  Estimated number of subcycles remaining: 1

... mhd ...!!! 

Castro::construct_old_gravity() time = 0.02410888 on level 0

Castro::do_old_sources() time = 0.045550036 on level 0

[1m[32m  Subcycle completed[0m

  Subcycling complete

  Zones advanced per microsecond at this level: 0.1024461403

[Level 0 step 49] Advanced 262144 cells
Castro::construct_new_gravity() time = 0.016922756 on level 0

Castro::do_new_sources() time = 0.039846457 on level 0


TIME= 0.04713673565 MASS        = 2.767433883e+33
TIME= 0.04713673565 XMOM        = -9.387919891e+37
TIME= 0.04713673565 YMOM        = 7.2944836e+37
TIME= 0.04713673565 ZMOM        = -4.774226993e+37
TIME= 0.04713673565 ANG MOM X   = -4.08631427e+46
TIME= 0.04713673565 ANG MOM Y   = -8.150722978e+46
TIME= 0.04713673565 ANG MOM Z   = 3.549637076e+46
TIME= 0.04713673565 RHO*e       = 2.600591007e+51
TIME= 0.04713673565 RHO*K       = 7.054190731e+48
TIME= 0.04713673565 RHO*E       = 2.669811671e+51
TIME= 0.04713673565 RHO*PHI     = 0
TIME= 0.04713673565 TOTAL ENERGY= 2.669811671e+51
TIME= 0.04713673565 CENTER OF MASS X-LOC = -249502.9679
TIME= 0.04713673565 CENTER OF MASS X-VEL = -33922.83352
TIME= 0.04713673565 CENTER OF MASS Y-LOC = -260413.4721
TIME= 0.04713673565 CENTER OF MASS Y-VEL = 26358.29403
TIME= 0.04713673565 CENTER OF MASS Z-LOC = -257075.5285
TIME= 0.04713673565 CENTER OF MASS Z-VEL = -17251.45819
TIME= 0.04713673565 MAXIMUM TEMPERATURE  = 0
TIME= 0.04713673565 MAXIMUM DENSITY      = 974597046.4

STEP = 49 TIME = 0.04713673565 DT = 0.004325691271


[STEP 49] Coarse TimeStep time: 2.58185615
[STEP 49] FAB kilobyte spread across MPI nodes: [105462 ... 105462]

...estimated hydro-limited timestep at level 0: 0.008000801377
...hydro-limited CFL timestep constrained at (i,j,k) = (37,25,39)
Castro::estTimeStep (hydro-limited) at level 0:  estdt = 0.008000801377

Castro::compute_new_dt : limiting dt at level 0
 ... new dt computed: 0.008000801377
 ... but limiting to: 0.004758260399 = 1.1 * 0.004325691271
[Level 0 step 50] ADVANCE at time 0.04713673565 with dt = 0.004758260399

[1m[32m  Beginning subcycle 1 starting at time 0.04713673565 with dt = 0.004758260399[0m
  Estimated number of subcycles remaining: 1

... mhd ...!!! 

Castro::construct_old_gravity() time = 0.021454562 on level 0

Castro::do_old_sources() time = 0.038610811 on level 0

[1m[32m  Subcycle completed[0m

  Subcycling complete

  Zones advanced per microsecond at this level: 0.1028947143

[Level 0 step 50] Advanced 262144 cells
Castro::construct_new_gravity() time = 0.017704257 on level 0

Castro::do_new_sources() time = 0.042691915 on level 0


TIME= 0.05189499605 MASS        = 2.767470388e+33
TIME= 0.05189499605 XMOM        = -1.100850811e+38
TIME= 0.05189499605 YMOM        = 8.907936685e+37
TIME= 0.05189499605 ZMOM        = -5.867271652e+37
TIME= 0.05189499605 ANG MOM X   = -4.073379181e+46
TIME= 0.05189499605 ANG MOM Y   = -8.070702455e+46
TIME= 0.05189499605 ANG MOM Z   = 3.532976649e+46
TIME= 0.05189499605 RHO*e       = 2.603376465e+51
TIME= 0.05189499605 RHO*K       = 6.597195273e+48
TIME= 0.05189499605 RHO*E       = 2.668822041e+51
TIME= 0.05189499605 RHO*PHI     = 0
TIME= 0.05189499605 TOTAL ENERGY= 2.668822041e+51
TIME= 0.05189499605 CENTER OF MASS X-LOC = -249797.8735
TIME= 0.05189499605 CENTER OF MASS X-VEL = -39778.23272
TIME= 0.05189499605 CENTER OF MASS Y-LOC = -260448.4214
TIME= 0.05189499605 CENTER OF MASS Y-VEL = 32188.01084
TIME= 0.05189499605 CENTER OF MASS Z-LOC = -256685.5817
TIME= 0.05189499605 CENTER OF MASS Z-VEL = -21200.84709
TIME= 0.05189499605 MAXIMUM TEMPERATURE  = 0
TIME= 0.05189499605 MAXIMUM DENSITY      = 978130855.1

STEP = 50 TIME = 0.05189499605 DT = 0.004758260399


[STEP 50] Coarse TimeStep time: 2.572959229
[STEP 50] FAB kilobyte spread across MPI nodes: [105462 ... 105462]

CHECKPOINT: file = chk_seed55ext00050
checkPoint() time = 0.043790313 secs.
PLOTFILE: file = plt_seed55ext00050
Write plotfile time = 0.051054876  seconds

...estimated hydro-limited timestep at level 0: 0.008178909728
...hydro-limited CFL timestep constrained at (i,j,k) = (37,25,39)
Castro::estTimeStep (hydro-limited) at level 0:  estdt = 0.008178909728

Castro::compute_new_dt : limiting dt at level 0
 ... new dt computed: 0.008178909728
 ... but limiting to: 0.005234086438 = 1.1 * 0.004758260399
[Level 0 step 51] ADVANCE at time 0.05189499605 with dt = 0.005234086438

[1m[32m  Beginning subcycle 1 starting at time 0.05189499605 with dt = 0.005234086438[0m
  Estimated number of subcycles remaining: 1

... mhd ...!!! 

Castro::construct_old_gravity() time = 0.022175119 on level 0

Castro::do_old_sources() time = 0.047351981 on level 0

[1m[32m  Subcycle completed[0m

  Subcycling complete

  Zones advanced per microsecond at this level: 0.09485109169

[Level 0 step 51] Advanced 262144 cells
Castro::construct_new_gravity() time = 0.033464836 on level 0

Castro::do_new_sources() time = 0.052823754 on level 0


TIME= 0.05712908249 MASS        = 2.767512943e+33
TIME= 0.05712908249 XMOM        = -1.278043238e+38
TIME= 0.05712908249 YMOM        = 1.074235422e+38
TIME= 0.05712908249 ZMOM        = -7.08829132e+37
TIME= 0.05712908249 ANG MOM X   = -4.04817677e+46
TIME= 0.05712908249 ANG MOM Y   = -7.920463645e+46
TIME= 0.05712908249 ANG MOM Z   = 3.475435328e+46
TIME= 0.05712908249 RHO*e       = 2.606023094e+51
TIME= 0.05712908249 RHO*K       = 6.131856648e+48
TIME= 0.05712908249 RHO*E       = 2.667846039e+51
TIME= 0.05712908249 RHO*PHI     = 0
TIME= 0.05712908249 TOTAL ENERGY= 2.667846039e+51
TIME= 0.05712908249 CENTER OF MASS X-LOC = -250223.9417
TIME= 0.05712908249 CENTER OF MASS X-VEL = -46180.20817
TIME= 0.05712908249 CENTER OF MASS Y-LOC = -260288.3146
TIME= 0.05712908249 CENTER OF MASS Y-VEL = 38815.91322
TIME= 0.05712908249 CENTER OF MASS Z-LOC = -256356.3192
TIME= 0.05712908249 CENTER OF MASS Z-VEL = -25612.49564
TIME= 0.05712908249 MAXIMUM TEMPERATURE  = 0
TIME= 0.05712908249 MAXIMUM DENSITY      = 980900399.3

STEP = 51 TIME = 0.05712908249 DT = 0.005234086438


[STEP 51] Coarse TimeStep time: 2.809112612
[STEP 51] FAB kilobyte spread across MPI nodes: [105462 ... 105462]

...estimated hydro-limited timestep at level 0: 0.008394328895
...hydro-limited CFL timestep constrained at (i,j,k) = (37,25,39)
Castro::estTimeStep (hydro-limited) at level 0:  estdt = 0.008394328895

Castro::compute_new_dt : limiting dt at level 0
 ... new dt computed: 0.008394328895
 ... but limiting to: 0.005757495082 = 1.1 * 0.005234086438
[Level 0 step 52] ADVANCE at time 0.05712908249 with dt = 0.005757495082

[1m[32m  Beginning subcycle 1 starting at time 0.05712908249 with dt = 0.005757495082[0m
  Estimated number of subcycles remaining: 1

... mhd ...!!! 

Castro::construct_old_gravity() time = 0.060504424 on level 0

Castro::do_old_sources() time = 0.051559485 on level 0

[1m[32m  Subcycle completed[0m

  Subcycling complete

  Zones advanced per microsecond at this level: 0.09948963318

[Level 0 step 52] Advanced 262144 cells
Castro::construct_new_gravity() time = 0.018551288 on level 0

Castro::do_new_sources() time = 0.048968366 on level 0


TIME= 0.06288657757 MASS        = 2.767562396e+33
TIME= 0.06288657757 XMOM        = -1.46946542e+38
TIME= 0.06288657757 YMOM        = 1.277368222e+38
TIME= 0.06288657757 ZMOM        = -8.421254175e+37
TIME= 0.06288657757 ANG MOM X   = -4.014631755e+46
TIME= 0.06288657757 ANG MOM Y   = -7.706334733e+46
TIME= 0.06288657757 ANG MOM Z   = 3.381989305e+46
TIME= 0.06288657757 RHO*e       = 2.608550606e+51
TIME= 0.06288657757 RHO*K       = 5.661764003e+48
TIME= 0.06288657757 RHO*E       = 2.666895803e+51
TIME= 0.06288657757 RHO*PHI     = 0
TIME= 0.06288657757 TOTAL ENERGY= 2.666895803e+51
TIME= 0.06288657757 CENTER OF MASS X-LOC = -250772.6873
TIME= 0.06288657757 CENTER OF MASS X-VEL = -53096.01772
TIME= 0.06288657757 CENTER OF MASS Y-LOC = -259993.744
TIME= 0.06288657757 CENTER OF MASS Y-VEL = 46154.99272
TIME= 0.06288657757 CENTER OF MASS Z-LOC = -256145.1168
TIME= 0.06288657757 CENTER OF MASS Z-VEL = -30428.41667
TIME= 0.06288657757 MAXIMUM TEMPERATURE  = 0
TIME= 0.06288657757 MAXIMUM DENSITY      = 983043285.7

STEP = 52 TIME = 0.06288657757 DT = 0.005757495082


[STEP 52] Coarse TimeStep time: 2.671744008
[STEP 52] FAB kilobyte spread across MPI nodes: [105462 ... 105462]

...estimated hydro-limited timestep at level 0: 0.008662312542
...hydro-limited CFL timestep constrained at (i,j,k) = (37,25,39)
Castro::estTimeStep (hydro-limited) at level 0:  estdt = 0.008662312542

Castro::compute_new_dt : limiting dt at level 0
 ... new dt computed: 0.008662312542
 ... but limiting to: 0.006333244591 = 1.1 * 0.005757495082
[Level 0 step 53] ADVANCE at time 0.06288657757 with dt = 0.006333244591

[1m[32m  Beginning subcycle 1 starting at time 0.06288657757 with dt = 0.006333244591[0m
  Estimated number of subcycles remaining: 1

... mhd ...!!! 

Castro::construct_old_gravity() time = 0.027839426 on level 0

Castro::do_old_sources() time = 0.036558349 on level 0

[1m[32m  Subcycle completed[0m

  Subcycling complete

  Zones advanced per microsecond at this level: 0.1017421609

[Level 0 step 53] Advanced 262144 cells
Castro::construct_new_gravity() time = 0.018273079 on level 0

Castro::do_new_sources() time = 0.047979314 on level 0


TIME= 0.06921982216 MASS        = 2.767619676e+33
TIME= 0.06921982216 XMOM        = -1.673758731e+38
TIME= 0.06921982216 YMOM        = 1.497309806e+38
TIME= 0.06921982216 ZMOM        = -9.833419656e+37
TIME= 0.06921982216 ANG MOM X   = -3.966296492e+46
TIME= 0.06921982216 ANG MOM Y   = -7.432556897e+46
TIME= 0.06921982216 ANG MOM Z   = 3.255908257e+46
TIME= 0.06921982216 RHO*e       = 2.610972871e+51
TIME= 0.06921982216 RHO*K       = 5.190306951e+48
TIME= 0.06921982216 RHO*E       = 2.665984924e+51
TIME= 0.06921982216 RHO*PHI     = 0
TIME= 0.06921982216 TOTAL ENERGY= 2.665984924e+51
TIME= 0.06921982216 CENTER OF MASS X-LOC = -251348.457
TIME= 0.06921982216 CENTER OF MASS X-VEL = -60476.47174
TIME= 0.06921982216 CENTER OF MASS Y-LOC = -259599.0058
TIME= 0.06921982216 CENTER OF MASS Y-VEL = 54100.99586
TIME= 0.06921982216 CENTER OF MASS Z-LOC = -256106.8545
TIME= 0.06921982216 CENTER OF MASS Z-VEL = -35530.24189
TIME= 0.06921982216 MAXIMUM TEMPERATURE  = 0
TIME= 0.06921982216 MAXIMUM DENSITY      = 984500415.5

STEP = 53 TIME = 0.06921982216 DT = 0.006333244591


[STEP 53] Coarse TimeStep time: 2.605891002
[STEP 53] FAB kilobyte spread across MPI nodes: [105462 ... 105462]

...estimated hydro-limited timestep at level 0: 0.00896604513
...hydro-limited CFL timestep constrained at (i,j,k) = (37,25,39)
Castro::estTimeStep (hydro-limited) at level 0:  estdt = 0.00896604513

Castro::compute_new_dt : limiting dt at level 0
 ... new dt computed: 0.00896604513
 ... but limiting to: 0.00696656905 = 1.1 * 0.006333244591
[Level 0 step 54] ADVANCE at time 0.06921982216 with dt = 0.00696656905

[1m[32m  Beginning subcycle 1 starting at time 0.06921982216 with dt = 0.00696656905[0m
  Estimated number of subcycles remaining: 1

... mhd ...!!! 

Castro::construct_old_gravity() time = 0.0255865 on level 0

Castro::do_old_sources() time = 0.033276606 on level 0

[1m[32m  Subcycle completed[0m

  Subcycling complete

  Zones advanced per microsecond at this level: 0.09427142261

[Level 0 step 54] Advanced 262144 cells
Castro::construct_new_gravity() time = 0.018500436 on level 0

Castro::do_new_sources() time = 0.069140496 on level 0


TIME= 0.07618639121 MASS        = 2.767685797e+33
TIME= 0.07618639121 XMOM        = -1.888571736e+38
TIME= 0.07618639121 YMOM        = 1.729599018e+38
TIME= 0.07618639121 ZMOM        = -1.127184929e+38
TIME= 0.07618639121 ANG MOM X   = -3.89803335e+46
TIME= 0.07618639121 ANG MOM Y   = -7.114595762e+46
TIME= 0.07618639121 ANG MOM Z   = 3.104106471e+46
TIME= 0.07618639121 RHO*e       = 2.613310175e+51
TIME= 0.07618639121 RHO*K       = 4.721823996e+48
TIME= 0.07618639121 RHO*E       = 2.665131446e+51
TIME= 0.07618639121 RHO*PHI     = 0
TIME= 0.07618639121 TOTAL ENERGY= 2.665131446e+51
TIME= 0.07618639121 CENTER OF MASS X-LOC = -251885.5765
TIME= 0.07618639121 CENTER OF MASS X-VEL = -68236.49341
TIME= 0.07618639121 CENTER OF MASS Y-LOC = -259129.0619
TIME= 0.07618639121 CENTER OF MASS Y-VEL = 62492.60737
TIME= 0.07618639121 CENTER OF MASS Z-LOC = -256177.2868
TIME= 0.07618639121 CENTER OF MASS Z-VEL = -40726.62188
TIME= 0.07618639121 MAXIMUM TEMPERATURE  = 0
TIME= 0.07618639121 MAXIMUM DENSITY      = 985254638.1

STEP = 54 TIME = 0.07618639121 DT = 0.00696656905


[STEP 54] Coarse TimeStep time: 2.818337686
[STEP 54] FAB kilobyte spread across MPI nodes: [105462 ... 105462]

...estimated hydro-limited timestep at level 0: 0.009222677433
...hydro-limited CFL timestep constrained at (i,j,k) = (33,30,33)
Castro::estTimeStep (hydro-limited) at level 0:  estdt = 0.009222677433

Castro::compute_new_dt : limiting dt at level 0
 ... new dt computed: 0.009222677433
 ... but limiting to: 0.007663225955 = 1.1 * 0.00696656905
[Level 0 step 55] ADVANCE at time 0.07618639121 with dt = 0.007663225955

[1m[32m  Beginning subcycle 1 starting at time 0.07618639121 with dt = 0.007663225955[0m
  Estimated number of subcycles remaining: 1

... mhd ...!!! 

Castro::construct_old_gravity() time = 0.061121391 on level 0

Castro::do_old_sources() time = 0.064805923 on level 0

[1m[32m  Subcycle completed[0m

  Subcycling complete

  Zones advanced per microsecond at this level: 0.09898446939

[Level 0 step 55] Advanced 262144 cells
Castro::construct_new_gravity() time = 0.018478539 on level 0

Castro::do_new_sources() time = 0.043315351 on level 0


TIME= 0.08384961716 MASS        = 2.767761853e+33
TIME= 0.08384961716 XMOM        = -2.110556699e+38
TIME= 0.08384961716 YMOM        = 1.967169291e+38
TIME= 0.08384961716 ZMOM        = -1.265653522e+38
TIME= 0.08384961716 ANG MOM X   = -3.809205843e+46
TIME= 0.08384961716 ANG MOM Y   = -6.76016843e+46
TIME= 0.08384961716 ANG MOM Z   = 2.945883195e+46
TIME= 0.08384961716 RHO*e       = 2.615584433e+51
TIME= 0.08384961716 RHO*K       = 4.259632979e+48
TIME= 0.08384961716 RHO*E       = 2.664353411e+51
TIME= 0.08384961716 RHO*PHI     = 0
TIME= 0.08384961716 TOTAL ENERGY= 2.664353411e+51
TIME= 0.08384961716 CENTER OF MASS X-LOC = -252457.5465
TIME= 0.08384961716 CENTER OF MASS X-VEL = -76254.99631
TIME= 0.08384961716 CENTER OF MASS Y-LOC = -258653.274
TIME= 0.08384961716 CENTER OF MASS Y-VEL = 71074.36966
TIME= 0.08384961716 CENTER OF MASS Z-LOC = -256300.5722
TIME= 0.08384961716 CENTER OF MASS Z-VEL = -45728.41122
TIME= 0.08384961716 MAXIMUM TEMPERATURE  = 0
TIME= 0.08384961716 MAXIMUM DENSITY      = 984701894.6

STEP = 55 TIME = 0.08384961716 DT = 0.007663225955


[STEP 55] Coarse TimeStep time: 2.690965823
[STEP 55] FAB kilobyte spread across MPI nodes: [105462 ... 105462]

PLOTFILE: file = plt_seed55ext00055
Write plotfile time = 0.039441563  seconds

...estimated hydro-limited timestep at level 0: 0.009227646319
...hydro-limited CFL timestep constrained at (i,j,k) = (32,31,32)
Castro::estTimeStep (hydro-limited) at level 0:  estdt = 0.009227646319

Castro::compute_new_dt : limiting dt at level 0
 ... new dt computed: 0.009227646319
 ... but limiting to: 0.00842954855 = 1.1 * 0.007663225955
[Level 0 step 56] ADVANCE at time 0.08384961716 with dt = 0.00842954855

[1m[32m  Beginning subcycle 1 starting at time 0.08384961716 with dt = 0.00842954855[0m
  Estimated number of subcycles remaining: 1

... mhd ...!!! 

Castro::construct_old_gravity() time = 0.024332992 on level 0

Castro::do_old_sources() time = 0.036011374 on level 0

[1m[32m  Subcycle completed[0m

  Subcycling complete

  Zones advanced per microsecond at this level: 0.09813507193

[Level 0 step 56] Advanced 262144 cells
Castro::construct_new_gravity() time = 0.016601833 on level 0

Castro::do_new_sources() time = 0.040812575 on level 0


TIME= 0.09227916571 MASS        = 2.76784902e+33
TIME= 0.09227916571 XMOM        = -2.336058624e+38
TIME= 0.09227916571 YMOM        = 2.197632667e+38
TIME= 0.09227916571 ZMOM        = -1.38609819e+38
TIME= 0.09227916571 ANG MOM X   = -3.701020376e+46
TIME= 0.09227916571 ANG MOM Y   = -6.365017839e+46
TIME= 0.09227916571 ANG MOM Z   = 2.76116435e+46
TIME= 0.09227916571 RHO*e       = 2.617813098e+51
TIME= 0.09227916571 RHO*K       = 3.807465769e+48
TIME= 0.09227916571 RHO*E       = 2.663676029e+51
TIME= 0.09227916571 RHO*PHI     = 0
TIME= 0.09227916571 TOTAL ENERGY= 2.663676029e+51
TIME= 0.09227916571 CENTER OF MASS X-LOC = -253175.5956
TIME= 0.09227916571 CENTER OF MASS X-VEL = -84399.78506
TIME= 0.09227916571 CENTER OF MASS Y-LOC = -258092.8698
TIME= 0.09227916571 CENTER OF MASS Y-VEL = 79398.57453
TIME= 0.09227916571 CENTER OF MASS Z-LOC = -256535.5838
TIME= 0.09227916571 CENTER OF MASS Z-VEL = -50078.53318
TIME= 0.09227916571 MAXIMUM TEMPERATURE  = 0
TIME= 0.09227916571 MAXIMUM DENSITY      = 982023011.1

STEP = 56 TIME = 0.09227916571 DT = 0.00842954855


[STEP 56] Coarse TimeStep time: 2.697917952
[STEP 56] FAB kilobyte spread across MPI nodes: [105462 ... 105462]

...estimated hydro-limited timestep at level 0: 0.009230517397
...hydro-limited CFL timestep constrained at (i,j,k) = (32,31,32)
Castro::estTimeStep (hydro-limited) at level 0:  estdt = 0.009230517397

[Level 0 step 57] ADVANCE at time 0.09227916571 with dt = 0.009230517397

[1m[32m  Beginning subcycle 1 starting at time 0.09227916571 with dt = 0.009230517397[0m
  Estimated number of subcycles remaining: 1

... mhd ...!!! 

Castro::construct_old_gravity() time = 0.024449041 on level 0

Castro::do_old_sources() time = 0.036026978 on level 0

[1m[32m  Subcycle completed[0m

  Subcycling complete

  Zones advanced per microsecond at this level: 0.09118369991

[Level 0 step 57] Advanced 262144 cells
Castro::construct_new_gravity() time = 0.020260374 on level 0

Castro::do_new_sources() time = 0.074549665 on level 0


TIME= 0.1015096831 MASS        = 2.767948092e+33
TIME= 0.1015096831 XMOM        = -2.559517108e+38
TIME= 0.1015096831 YMOM        = 2.400693691e+38
TIME= 0.1015096831 ZMOM        = -1.467968827e+38
TIME= 0.1015096831 ANG MOM X   = -3.580875503e+46
TIME= 0.1015096831 ANG MOM Y   = -5.934768643e+46
TIME= 0.1015096831 ANG MOM Z   = 2.563160146e+46
TIME= 0.1015096831 RHO*e       = 2.619968497e+51
TIME= 0.1015096831 RHO*K       = 3.373311114e+48
TIME= 0.1015096831 RHO*E       = 2.663091706e+51
TIME= 0.1015096831 RHO*PHI     = 0
TIME= 0.1015096831 TOTAL ENERGY= 2.663091706e+51
TIME= 0.1015096831 CENTER OF MASS X-LOC = -254106.362
TIME= 0.1015096831 CENTER OF MASS X-VEL = -92469.83768
TIME= 0.1015096831 CENTER OF MASS Y-LOC = -257493.7294
TIME= 0.1015096831 CENTER OF MASS Y-VEL = 86731.88988
TIME= 0.1015096831 CENTER OF MASS Z-LOC = -256974.7606
TIME= 0.1015096831 CENTER OF MASS Z-VEL = -53034.55045
TIME= 0.1015096831 MAXIMUM TEMPERATURE  = 0
TIME= 0.1015096831 MAXIMUM DENSITY      = 977903641.5

STEP = 57 TIME = 0.1015096831 DT = 0.009230517397


[STEP 57] Coarse TimeStep time: 2.898071792
[STEP 57] FAB kilobyte spread across MPI nodes: [105462 ... 105462]

...estimated hydro-limited timestep at level 0: 0.009242880643
...hydro-limited CFL timestep constrained at (i,j,k) = (32,31,32)
Castro::estTimeStep (hydro-limited) at level 0:  estdt = 0.009242880643

[Level 0 step 58] ADVANCE at time 0.1015096831 with dt = 0.009242880643

[1m[32m  Beginning subcycle 1 starting at time 0.1015096831 with dt = 0.009242880643[0m
  Estimated number of subcycles remaining: 1

... mhd ...!!! 

Castro::construct_old_gravity() time = 0.022298696 on level 0

Castro::do_old_sources() time = 0.029602938 on level 0

[1m[32m  Subcycle completed[0m

  Subcycling complete

  Zones advanced per microsecond at this level: 0.1400826065

[Level 0 step 58] Advanced 262144 cells
Castro::construct_new_gravity() time = 0.017849241 on level 0

Castro::do_new_sources() time = 0.043767188 on level 0


TIME= 0.1107525638 MASS        = 2.768050516e+33
TIME= 0.1107525638 XMOM        = -2.757525136e+38
TIME= 0.1107525638 YMOM        = 2.541610448e+38
TIME= 0.1107525638 ZMOM        = -1.486827743e+38
TIME= 0.1107525638 ANG MOM X   = -3.45973527e+46
TIME= 0.1107525638 ANG MOM Y   = -5.502841845e+46
TIME= 0.1107525638 ANG MOM Z   = 2.37741847e+46
TIME= 0.1107525638 RHO*e       = 2.62170879e+51
TIME= 0.1107525638 RHO*K       = 3.005999231e+48
TIME= 0.1107525638 RHO*E       = 2.662453021e+51
TIME= 0.1107525638 RHO*PHI     = 0
TIME= 0.1107525638 TOTAL ENERGY= 2.662453021e+51
TIME= 0.1107525638 CENTER OF MASS X-LOC = -255132.4788
TIME= 0.1107525638 CENTER OF MASS X-VEL = -99619.75478
TIME= 0.1107525638 CENTER OF MASS Y-LOC = -256802.9474
TIME= 0.1107525638 CENTER OF MASS Y-VEL = 91819.511
TIME= 0.1107525638 CENTER OF MASS Z-LOC = -257448.6409
TIME= 0.1107525638 CENTER OF MASS Z-VEL = -53713.89484
TIME= 0.1107525638 MAXIMUM TEMPERATURE  = 0
TIME= 0.1107525638 MAXIMUM DENSITY      = 973429199.5

STEP = 58 TIME = 0.1107525638 DT = 0.009242880643


[STEP 58] Coarse TimeStep time: 1.897868564
[STEP 58] FAB kilobyte spread across MPI nodes: [105462 ... 105462]

...estimated hydro-limited timestep at level 0: 0.009263041538
...hydro-limited CFL timestep constrained at (i,j,k) = (32,31,32)
Castro::estTimeStep (hydro-limited) at level 0:  estdt = 0.009263041538

[Level 0 step 59] ADVANCE at time 0.1107525638 with dt = 0.009263041538

[1m[32m  Beginning subcycle 1 starting at time 0.1107525638 with dt = 0.009263041538[0m
  Estimated number of subcycles remaining: 1

... mhd ...!!! 

Castro::construct_old_gravity() time = 0.02634902 on level 0

Castro::do_old_sources() time = 0.032434827 on level 0

[1m[32m  Subcycle completed[0m

  Subcycling complete

  Zones advanced per microsecond at this level: 0.1028606313

[Level 0 step 59] Advanced 262144 cells
Castro::construct_new_gravity() time = 0.018433237 on level 0

Castro::do_new_sources() time = 0.044021791 on level 0


TIME= 0.1200156053 MASS        = 2.76815591e+33
TIME= 0.1200156053 XMOM        = -2.929869434e+38
TIME= 0.1200156053 YMOM        = 2.612621131e+38
TIME= 0.1200156053 ZMOM        = -1.43643539e+38
TIME= 0.1200156053 ANG MOM X   = -3.347794517e+46
TIME= 0.1200156053 ANG MOM Y   = -5.100814875e+46
TIME= 0.1200156053 ANG MOM Z   = 2.210855059e+46
TIME= 0.1200156053 RHO*e       = 2.62324823e+51
TIME= 0.1200156053 RHO*K       = 2.689888815e+48
TIME= 0.1200156053 RHO*E       = 2.661905467e+51
TIME= 0.1200156053 RHO*PHI     = 0
TIME= 0.1200156053 TOTAL ENERGY= 2.661905467e+51
TIME= 0.1200156053 CENTER OF MASS X-LOC = -256262.8592
TIME= 0.1200156053 CENTER OF MASS X-VEL = -105841.9226
TIME= 0.1200156053 CENTER OF MASS Y-LOC = -256015.4758
TIME= 0.1200156053 CENTER OF MASS Y-VEL = 94381.28544
TIME= 0.1200156053 CENTER OF MASS Z-LOC = -257863.4253
TIME= 0.1200156053 CENTER OF MASS Z-VEL = -51891.4193
TIME= 0.1200156053 MAXIMUM TEMPERATURE  = 0
TIME= 0.1200156053 MAXIMUM DENSITY      = 969338989.7

STEP = 59 TIME = 0.1200156053 DT = 0.009263041538


[STEP 59] Coarse TimeStep time: 2.586490754
[STEP 59] FAB kilobyte spread across MPI nodes: [105462 ... 105462]

...estimated hydro-limited timestep at level 0: 0.009278452656
...hydro-limited CFL timestep constrained at (i,j,k) = (32,31,32)
Castro::estTimeStep (hydro-limited) at level 0:  estdt = 0.009278452656

[Level 0 step 60] ADVANCE at time 0.1200156053 with dt = 0.009278452656

[1m[32m  Beginning subcycle 1 starting at time 0.1200156053 with dt = 0.009278452656[0m
  Estimated number of subcycles remaining: 1

... mhd ...!!! 

Castro::construct_old_gravity() time = 0.026480167 on level 0

Castro::do_old_sources() time = 0.038375143 on level 0

[1m[32m  Subcycle completed[0m

  Subcycling complete

  Zones advanced per microsecond at this level: 0.09689467671

[Level 0 step 60] Advanced 262144 cells
Castro::construct_new_gravity() time = 0.01637022 on level 0

Castro::do_new_sources() time = 0.041384959 on level 0


TIME= 0.1292940579 MASS        = 2.768263822e+33
TIME= 0.1292940579 XMOM        = -3.077790602e+38
TIME= 0.1292940579 YMOM        = 2.612722687e+38
TIME= 0.1292940579 ZMOM        = -1.31602442e+38
TIME= 0.1292940579 ANG MOM X   = -3.237704348e+46
TIME= 0.1292940579 ANG MOM Y   = -4.722905345e+46
TIME= 0.1292940579 ANG MOM Z   = 2.065799062e+46
TIME= 0.1292940579 RHO*e       = 2.624614774e+51
TIME= 0.1292940579 RHO*K       = 2.417149672e+48
TIME= 0.1292940579 RHO*E       = 2.661431487e+51
TIME= 0.1292940579 RHO*PHI     = 0
TIME= 0.1292940579 TOTAL ENERGY= 2.661431487e+51
TIME= 0.1292940579 CENTER OF MASS X-LOC = -257457.8848
TIME= 0.1292940579 CENTER OF MASS X-VEL = -111181.2601
TIME= 0.1292940579 CENTER OF MASS Y-LOC = -255196.1641
TIME= 0.1292940579 CENTER OF MASS Y-VEL = 94381.27488
TIME= 0.1292940579 CENTER OF MASS Z-LOC = -258241.0822
TIME= 0.1292940579 CENTER OF MASS Z-VEL = -47539.70374
TIME= 0.1292940579 MAXIMUM TEMPERATURE  = 0
TIME= 0.1292940579 MAXIMUM DENSITY      = 965763994.7

STEP = 60 TIME = 0.1292940579 DT = 0.009278452656


[STEP 60] Coarse TimeStep time: 2.733797593
[STEP 60] FAB kilobyte spread across MPI nodes: [105462 ... 105462]

PLOTFILE: file = plt_seed55ext00060
Write plotfile time = 0.038618582  seconds

...estimated hydro-limited timestep at level 0: 0.009290397283
...hydro-limited CFL timestep constrained at (i,j,k) = (32,31,32)
Castro::estTimeStep (hydro-limited) at level 0:  estdt = 0.009290397283

[Level 0 step 61] ADVANCE at time 0.1292940579 with dt = 0.009290397283

[1m[32m  Beginning subcycle 1 starting at time 0.1292940579 with dt = 0.009290397283[0m
  Estimated number of subcycles remaining: 1

... mhd ...!!! 

Castro::construct_old_gravity() time = 0.022360301 on level 0

Castro::do_old_sources() time = 0.038687329 on level 0

[1m[32m  Subcycle completed[0m

  Subcycling complete

  Zones advanced per microsecond at this level: 0.1048837552

[Level 0 step 61] Advanced 262144 cells
Castro::construct_new_gravity() time = 0.020585811 on level 0

Castro::do_new_sources() time = 0.058377557 on level 0


TIME= 0.1385844552 MASS        = 2.768373873e+33
TIME= 0.1385844552 XMOM        = -3.203003007e+38
TIME= 0.1385844552 YMOM        = 2.547849892e+38
TIME= 0.1385844552 ZMOM        = -1.129445533e+38
TIME= 0.1385844552 ANG MOM X   = -3.128933594e+46
TIME= 0.1385844552 ANG MOM Y   = -4.36303908e+46
TIME= 0.1385844552 ANG MOM Z   = 1.941185949e+46
TIME= 0.1385844552 RHO*e       = 2.625833352e+51
TIME= 0.1385844552 RHO*K       = 2.182718605e+48
TIME= 0.1385844552 RHO*E       = 2.661015538e+51
TIME= 0.1385844552 RHO*PHI     = 0
TIME= 0.1385844552 TOTAL ENERGY= 2.661015538e+51
TIME= 0.1385844552 CENTER OF MASS X-LOC = -258716.1333
TIME= 0.1385844552 CENTER OF MASS X-VEL = -115699.799
TIME= 0.1385844552 CENTER OF MASS Y-LOC = -254411.5503
TIME= 0.1385844552 CENTER OF MASS Y-VEL = 92034.16912
TIME= 0.1385844552 CENTER OF MASS Z-LOC = -258588.5764
TIME= 0.1385844552 CENTER OF MASS Z-VEL = -40798.15751
TIME= 0.1385844552 MAXIMUM TEMPERATURE  = 0
TIME= 0.1385844552 MAXIMUM DENSITY      = 962632247.9

STEP = 61 TIME = 0.1385844552 DT = 0.009290397283


[STEP 61] Coarse TimeStep time: 2.525341455
[STEP 61] FAB kilobyte spread across MPI nodes: [105462 ... 105462]

...estimated hydro-limited timestep at level 0: 0.009300639836
...hydro-limited CFL timestep constrained at (i,j,k) = (32,31,32)
Castro::estTimeStep (hydro-limited) at level 0:  estdt = 0.009300639836

[Level 0 step 62] ADVANCE at time 0.1385844552 with dt = 0.009300639836

[1m[32m  Beginning subcycle 1 starting at time 0.1385844552 with dt = 0.009300639836[0m
  Estimated number of subcycles remaining: 1

... mhd ...!!! 

Castro::construct_old_gravity() time = 0.025437818 on level 0

Castro::do_old_sources() time = 0.046322192 on level 0

[1m[32m  Subcycle completed[0m

  Subcycling complete

  Zones advanced per microsecond at this level: 0.1021984146

[Level 0 step 62] Advanced 262144 cells
Castro::construct_new_gravity() time = 0.0236935 on level 0

Castro::do_new_sources() time = 0.051215011 on level 0


TIME= 0.1478850951 MASS        = 2.76848575e+33
TIME= 0.1478850951 XMOM        = -3.307010884e+38
TIME= 0.1478850951 YMOM        = 2.429010455e+38
TIME= 0.1478850951 ZMOM        = -8.849394625e+37
TIME= 0.1478850951 ANG MOM X   = -3.021354871e+46
TIME= 0.1478850951 ANG MOM Y   = -4.029966236e+46
TIME= 0.1478850951 ANG MOM Z   = 1.829343469e+46
TIME= 0.1478850951 RHO*e       = 2.626915599e+51
TIME= 0.1478850951 RHO*K       = 1.981387714e+48
TIME= 0.1478850951 RHO*E       = 2.660643109e+51
TIME= 0.1478850951 RHO*PHI     = 0
TIME= 0.1478850951 TOTAL ENERGY= 2.660643109e+51
TIME= 0.1478850951 CENTER OF MASS X-LOC = -260005.5928
TIME= 0.1478850951 CENTER OF MASS X-VEL = -119451.9742
TIME= 0.1478850951 CENTER OF MASS Y-LOC = -253686.648
TIME= 0.1478850951 CENTER OF MASS Y-VEL = 87737.87097
TIME= 0.1478850951 CENTER OF MASS Z-LOC = -258880.8451
TIME= 0.1478850951 CENTER OF MASS Z-VEL = -31964.74689
TIME= 0.1478850951 MAXIMUM TEMPERATURE  = 0
TIME= 0.1478850951 MAXIMUM DENSITY      = 959748141

STEP = 62 TIME = 0.1478850951 DT = 0.009300639836


[STEP 62] Coarse TimeStep time: 2.593282897
[STEP 62] FAB kilobyte spread across MPI nodes: [105462 ... 105462]

...estimated hydro-limited timestep at level 0: 0.009311784397
...hydro-limited CFL timestep constrained at (i,j,k) = (32,31,32)
Castro::estTimeStep (hydro-limited) at level 0:  estdt = 0.009311784397

[Level 0 step 63] ADVANCE at time 0.1478850951 with dt = 0.009311784397

[1m[32m  Beginning subcycle 1 starting at time 0.1478850951 with dt = 0.009311784397[0m
  Estimated number of subcycles remaining: 1

... mhd ...!!! 

Castro::construct_old_gravity() time = 0.028270748 on level 0

Castro::do_old_sources() time = 0.046920032 on level 0

[1m[32m  Subcycle completed[0m

  Subcycling complete

  Zones advanced per microsecond at this level: 0.08952481182

[Level 0 step 63] Advanced 262144 cells
Castro::construct_new_gravity() time = 0.023208164 on level 0

Castro::do_new_sources() time = 0.067261153 on level 0


TIME= 0.1571968795 MASS        = 2.768599217e+33
TIME= 0.1571968795 XMOM        = -3.391159696e+38
TIME= 0.1571968795 YMOM        = 2.270208625e+38
TIME= 0.1571968795 ZMOM        = -5.947323887e+37
TIME= 0.1571968795 ANG MOM X   = -2.917926893e+46
TIME= 0.1571968795 ANG MOM Y   = -3.735486521e+46
TIME= 0.1571968795 ANG MOM Z   = 1.731531081e+46
TIME= 0.1571968795 RHO*e       = 2.627876727e+51
TIME= 0.1571968795 RHO*K       = 1.808004725e+48
TIME= 0.1571968795 RHO*E       = 2.660303436e+51
TIME= 0.1571968795 RHO*PHI     = 0
TIME= 0.1571968795 TOTAL ENERGY= 2.660303436e+51
TIME= 0.1571968795 CENTER OF MASS X-LOC = -261323.9483
TIME= 0.1571968795 CENTER OF MASS X-VEL = -122486.4789
TIME= 0.1571968795 CENTER OF MASS Y-LOC = -253039.3661
TIME= 0.1571968795 CENTER OF MASS Y-VEL = 81998.45651
TIME= 0.1571968795 CENTER OF MASS Z-LOC = -259101.5308
TIME= 0.1571968795 CENTER OF MASS Z-VEL = -21481.34642
TIME= 0.1571968795 MAXIMUM TEMPERATURE  = 0
TIME= 0.1571968795 MAXIMUM DENSITY      = 956865934.7

STEP = 63 TIME = 0.1571968795 DT = 0.009311784397


[STEP 63] Coarse TimeStep time: 2.968239799
[STEP 63] FAB kilobyte spread across MPI nodes: [105462 ... 105462]

...estimated hydro-limited timestep at level 0: 0.009325635805
...hydro-limited CFL timestep constrained at (i,j,k) = (32,31,32)
Castro::estTimeStep (hydro-limited) at level 0:  estdt = 0.009325635805

[Level 0 step 64] ADVANCE at time 0.1571968795 with dt = 0.009325635805

[1m[32m  Beginning subcycle 1 starting at time 0.1571968795 with dt = 0.009325635805[0m
  Estimated number of subcycles remaining: 1

... mhd ...!!! 

Castro::construct_old_gravity() time = 0.073296873 on level 0

Castro::do_old_sources() time = 0.061805842 on level 0

[1m[32m  Subcycle completed[0m

  Subcycling complete

  Zones advanced per microsecond at this level: 0.09197744681

[Level 0 step 64] Advanced 262144 cells
Castro::construct_new_gravity() time = 0.019915314 on level 0

Castro::do_new_sources() time = 0.045531523 on level 0


TIME= 0.1665225153 MASS        = 2.768714098e+33
TIME= 0.1665225153 XMOM        = -3.45689235e+38
TIME= 0.1665225153 YMOM        = 2.08641569e+38
TIME= 0.1665225153 ZMOM        = -2.744637317e+37
TIME= 0.1665225153 ANG MOM X   = -2.81671661e+46
TIME= 0.1665225153 ANG MOM Y   = -3.468424584e+46
TIME= 0.1665225153 ANG MOM Z   = 1.63849927e+46
TIME= 0.1665225153 RHO*e       = 2.628732658e+51
TIME= 0.1665225153 RHO*K       = 1.657803959e+48
TIME= 0.1665225153 RHO*E       = 2.659990322e+51
TIME= 0.1665225153 RHO*PHI     = 0
TIME= 0.1665225153 TOTAL ENERGY= 2.659990322e+51
TIME= 0.1665225153 CENTER OF MASS X-LOC = -262661.2011
TIME= 0.1665225153 CENTER OF MASS X-VEL = -124855.5188
TIME= 0.1665225153 CENTER OF MASS Y-LOC = -252474.6812
TIME= 0.1665225153 CENTER OF MASS Y-VEL = 75356.84856
TIME= 0.1665225153 CENTER OF MASS Z-LOC = -259240.692
TIME= 0.1665225153 CENTER OF MASS Z-VEL = -9913.039842
TIME= 0.1665225153 MAXIMUM TEMPERATURE  = 0
TIME= 0.1665225153 MAXIMUM DENSITY      = 953732779.1

STEP = 64 TIME = 0.1665225153 DT = 0.009325635805


[STEP 64] Coarse TimeStep time: 2.889879693
[STEP 64] FAB kilobyte spread across MPI nodes: [105462 ... 105462]

...estimated hydro-limited timestep at level 0: 0.00932981428
...hydro-limited CFL timestep constrained at (i,j,k) = (32,31,32)
Castro::estTimeStep (hydro-limited) at level 0:  estdt = 0.00932981428

[Level 0 step 65] ADVANCE at time 0.1665225153 with dt = 0.00932981428

[1m[32m  Beginning subcycle 1 starting at time 0.1665225153 with dt = 0.00932981428[0m
  Estimated number of subcycles remaining: 1

... mhd ...!!! 

Castro::construct_old_gravity() time = 0.022811499 on level 0

Castro::do_old_sources() time = 0.035746628 on level 0

[1m[32m  Subcycle completed[0m

  Subcycling complete

  Zones advanced per microsecond at this level: 0.09810770857

[Level 0 step 65] Advanced 262144 cells
Castro::construct_new_gravity() time = 0.040649373 on level 0

Castro::do_new_sources() time = 0.081714857 on level 0


TIME= 0.1758523295 MASS        = 2.768830096e+33
TIME= 0.1758523295 XMOM        = -3.506043538e+38
TIME= 0.1758523295 YMOM        = 1.89239621e+38
TIME= 0.1758523295 ZMOM        = 5.764983064e+36
TIME= 0.1758523295 ANG MOM X   = -2.716897707e+46
TIME= 0.1758523295 ANG MOM Y   = -3.220203427e+46
TIME= 0.1758523295 ANG MOM Z   = 1.550053182e+46
TIME= 0.1758523295 RHO*e       = 2.629503794e+51
TIME= 0.1758523295 RHO*K       = 1.5268224e+48
TIME= 0.1758523295 RHO*E       = 2.65970333e+51
TIME= 0.1758523295 RHO*PHI     = 0
TIME= 0.1758523295 TOTAL ENERGY= 2.65970333e+51
TIME= 0.1758523295 CENTER OF MASS X-LOC = -263984.0612
TIME= 0.1758523295 CENTER OF MASS X-VEL = -126625.4489
TIME= 0.1758523295 CENTER OF MASS Y-LOC = -251988.8105
TIME= 0.1758523295 CENTER OF MASS Y-VEL = 68346.41867
TIME= 0.1758523295 CENTER OF MASS Z-LOC = -259296.7902
TIME= 0.1758523295 CENTER OF MASS Z-VEL = 2082.100694
TIME= 0.1758523295 MAXIMUM TEMPERATURE  = 0
TIME= 0.1758523295 MAXIMUM DENSITY      = 950115027.1

STEP = 65 TIME = 0.1758523295 DT = 0.00932981428


[STEP 65] Coarse TimeStep time: 2.697461255
[STEP 65] FAB kilobyte spread across MPI nodes: [105462 ... 105462]

PLOTFILE: file = plt_seed55ext00065
Write plotfile time = 0.033725053  seconds

...estimated hydro-limited timestep at level 0: 0.009328211344
...hydro-limited CFL timestep constrained at (i,j,k) = (32,31,32)
Castro::estTimeStep (hydro-limited) at level 0:  estdt = 0.009328211344

[Level 0 step 66] ADVANCE at time 0.1758523295 with dt = 0.009328211344

[1m[32m  Beginning subcycle 1 starting at time 0.1758523295 with dt = 0.009328211344[0m
  Estimated number of subcycles remaining: 1

... mhd ...!!! 

Castro::construct_old_gravity() time = 0.022350771 on level 0

Castro::do_old_sources() time = 0.033033573 on level 0

[1m[32m  Subcycle completed[0m

  Subcycling complete

  Zones advanced per microsecond at this level: 0.08991284492

[Level 0 step 66] Advanced 262144 cells
Castro::construct_new_gravity() time = 0.020642869 on level 0

Castro::do_new_sources() time = 0.050135666 on level 0


TIME= 0.1851805409 MASS        = 2.768946985e+33
TIME= 0.1851805409 XMOM        = -3.540594748e+38
TIME= 0.1851805409 YMOM        = 1.700814874e+38
TIME= 0.1851805409 ZMOM        = 3.83040303e+37
TIME= 0.1851805409 ANG MOM X   = -2.614502451e+46
TIME= 0.1851805409 ANG MOM Y   = -2.9990091e+46
TIME= 0.1851805409 ANG MOM Z   = 1.465606971e+46
TIME= 0.1851805409 RHO*e       = 2.630204441e+51
TIME= 0.1851805409 RHO*K       = 1.411965469e+48
TIME= 0.1851805409 RHO*E       = 2.659439701e+51
TIME= 0.1851805409 RHO*PHI     = 0
TIME= 0.1851805409 TOTAL ENERGY= 2.659439701e+51
TIME= 0.1851805409 CENTER OF MASS X-LOC = -265303.4543
TIME= 0.1851805409 CENTER OF MASS X-VEL = -127867.9139
TIME= 0.1851805409 CENTER OF MASS Y-LOC = -251575.0934
TIME= 0.1851805409 CENTER OF MASS Y-VEL = 61424.60953
TIME= 0.1851805409 CENTER OF MASS Z-LOC = -259260.9753
TIME= 0.1851805409 CENTER OF MASS Z-VEL = 13833.42856
TIME= 0.1851805409 MAXIMUM TEMPERATURE  = 0
TIME= 0.1851805409 MAXIMUM DENSITY      = 945986397

STEP = 66 TIME = 0.1851805409 DT = 0.009328211344


[STEP 66] Coarse TimeStep time: 2.945140769
[STEP 66] FAB kilobyte spread across MPI nodes: [105462 ... 105462]

...estimated hydro-limited timestep at level 0: 0.009330411653
...hydro-limited CFL timestep constrained at (i,j,k) = (32,31,32)
Castro::estTimeStep (hydro-limited) at level 0:  estdt = 0.009330411653

[Level 0 step 67] ADVANCE at time 0.1851805409 with dt = 0.009330411653

[1m[32m  Beginning subcycle 1 starting at time 0.1851805409 with dt = 0.009330411653[0m
  Estimated number of subcycles remaining: 1

... mhd ...!!! 

Castro::construct_old_gravity() time = 0.029186741 on level 0

Castro::do_old_sources() time = 0.033176224 on level 0

[1m[32m  Subcycle completed[0m

  Subcycling complete

  Zones advanced per microsecond at this level: 0.08590753733

[Level 0 step 67] Advanced 262144 cells
Castro::construct_new_gravity() time = 0.021136508 on level 0

Castro::do_new_sources() time = 0.04313995 on level 0


TIME= 0.1945109525 MASS        = 2.769064682e+33
TIME= 0.1945109525 XMOM        = -3.562073449e+38
TIME= 0.1945109525 YMOM        = 1.52061915e+38
TIME= 0.1945109525 ZMOM        = 6.851584988e+37
TIME= 0.1945109525 ANG MOM X   = -2.510412624e+46
TIME= 0.1945109525 ANG MOM Y   = -2.797358891e+46
TIME= 0.1945109525 ANG MOM Z   = 1.386651371e+46
TIME= 0.1945109525 RHO*e       = 2.63084442e+51
TIME= 0.1945109525 RHO*K       = 1.310857641e+48
TIME= 0.1945109525 RHO*E       = 2.659198261e+51
TIME= 0.1945109525 RHO*PHI     = 0
TIME= 0.1945109525 TOTAL ENERGY= 2.659198261e+51
TIME= 0.1945109525 CENTER OF MASS X-LOC = -266632.9142
TIME= 0.1945109525 CENTER OF MASS X-VEL = -128638.1453
TIME= 0.1945109525 CENTER OF MASS Y-LOC = -251213.8793
TIME= 0.1945109525 CENTER OF MASS Y-VEL = 54914.54062
TIME= 0.1945109525 CENTER OF MASS Z-LOC = -259126.8887
TIME= 0.1945109525 CENTER OF MASS Z-VEL = 24743.31868
TIME= 0.1945109525 MAXIMUM TEMPERATURE  = 0
TIME= 0.1945109525 MAXIMUM DENSITY      = 941432293.7

STEP = 67 TIME = 0.1945109525 DT = 0.009330411653


[STEP 67] Coarse TimeStep time: 3.075672992
[STEP 67] FAB kilobyte spread across MPI nodes: [105462 ... 105462]

...estimated hydro-limited timestep at level 0: 0.009337467446
...hydro-limited CFL timestep constrained at (i,j,k) = (32,31,32)
Castro::estTimeStep (hydro-limited) at level 0:  estdt = 0.009337467446

[Level 0 step 68] ADVANCE at time 0.1945109525 with dt = 0.009337467446

[1m[32m  Beginning subcycle 1 starting at time 0.1945109525 with dt = 0.009337467446[0m
  Estimated number of subcycles remaining: 1

... mhd ...!!! 

Castro::construct_old_gravity() time = 0.029221495 on level 0

Castro::do_old_sources() time = 0.036980246 on level 0

[1m[32m  Subcycle completed[0m

  Subcycling complete

  Zones advanced per microsecond at this level: 0.09285914408

[Level 0 step 68] Advanced 262144 cells
Castro::construct_new_gravity() time = 0.018838774 on level 0

Castro::do_new_sources() time = 0.044079196 on level 0


TIME= 0.20384842 MASS        = 2.769183139e+33
TIME= 0.20384842 XMOM        = -3.571444764e+38
TIME= 0.20384842 YMOM        = 1.356932924e+38
TIME= 0.20384842 ZMOM        = 9.509021515e+37
TIME= 0.20384842 ANG MOM X   = -2.406834403e+46
TIME= 0.20384842 ANG MOM Y   = -2.61003078e+46
TIME= 0.20384842 ANG MOM Z   = 1.312820321e+46
TIME= 0.20384842 RHO*e       = 2.631434091e+51
TIME= 0.20384842 RHO*K       = 1.221532936e+48
TIME= 0.20384842 RHO*E       = 2.658977291e+51
TIME= 0.20384842 RHO*PHI     = 0
TIME= 0.20384842 TOTAL ENERGY= 2.658977291e+51
TIME= 0.20384842 CENTER OF MASS X-LOC = -267992.0502
TIME= 0.20384842 CENTER OF MASS X-VEL = -128971.057
TIME= 0.20384842 CENTER OF MASS Y-LOC = -250883.7269
TIME= 0.20384842 CENTER OF MASS Y-VEL = 49001.19839
TIME= 0.20384842 CENTER OF MASS Z-LOC = -258899.1728
TIME= 0.20384842 CENTER OF MASS Z-VEL = 34338.72387
TIME= 0.20384842 MAXIMUM TEMPERATURE  = 0
TIME= 0.20384842 MAXIMUM DENSITY      = 936640705.7

STEP = 68 TIME = 0.20384842 DT = 0.009337467446


[STEP 68] Coarse TimeStep time: 2.849198216
[STEP 68] FAB kilobyte spread across MPI nodes: [105462 ... 105462]

...estimated hydro-limited timestep at level 0: 0.009348952433
...hydro-limited CFL timestep constrained at (i,j,k) = (32,31,32)
Castro::estTimeStep (hydro-limited) at level 0:  estdt = 0.009348952433

[Level 0 step 69] ADVANCE at time 0.20384842 with dt = 0.009348952433

[1m[32m  Beginning subcycle 1 starting at time 0.20384842 with dt = 0.009348952433[0m
  Estimated number of subcycles remaining: 1

... mhd ...!!! 

Castro::construct_old_gravity() time = 0.030140604 on level 0

Castro::do_old_sources() time = 0.033498067 on level 0

[1m[32m  Subcycle completed[0m

  Subcycling complete

  Zones advanced per microsecond at this level: 0.1030472586

[Level 0 step 69] Advanced 262144 cells
Castro::construct_new_gravity() time = 0.017407863 on level 0

Castro::do_new_sources() time = 0.041144942 on level 0


TIME= 0.2131973724 MASS        = 2.769302321e+33
TIME= 0.2131973724 XMOM        = -3.569450357e+38
TIME= 0.2131973724 YMOM        = 1.211905886e+38
TIME= 0.2131973724 ZMOM        = 1.171370091e+38
TIME= 0.2131973724 ANG MOM X   = -2.306262531e+46
TIME= 0.2131973724 ANG MOM Y   = -2.434025519e+46
TIME= 0.2131973724 ANG MOM Z   = 1.243784415e+46
TIME= 0.2131973724 RHO*e       = 2.631981702e+51
TIME= 0.2131973724 RHO*K       = 1.142271148e+48
TIME= 0.2131973724 RHO*E       = 2.658776331e+51
TIME= 0.2131973724 RHO*PHI     = 0
TIME= 0.2131973724 TOTAL ENERGY= 2.658776331e+51
TIME= 0.2131973724 CENTER OF MASS X-LOC = -269370.5549
TIME= 0.2131973724 CENTER OF MASS X-VEL = -128893.4881
TIME= 0.2131973724 CENTER OF MASS Y-LOC = -250580.6543
TIME= 0.2131973724 CENTER OF MASS Y-VEL = 43762.13737
TIME= 0.2131973724 CENTER OF MASS Z-LOC = -258584.0372
TIME= 0.2131973724 CENTER OF MASS Z-VEL = 42298.38259
TIME= 0.2131973724 MAXIMUM TEMPERATURE  = 0
TIME= 0.2131973724 MAXIMUM DENSITY      = 931852426.2

STEP = 69 TIME = 0.2131973724 DT = 0.009348952433


[STEP 69] Coarse TimeStep time: 2.56887321
[STEP 69] FAB kilobyte spread across MPI nodes: [105462 ... 105462]

...estimated hydro-limited timestep at level 0: 0.009363910892
...hydro-limited CFL timestep constrained at (i,j,k) = (32,31,32)
Castro::estTimeStep (hydro-limited) at level 0:  estdt = 0.009363910892

[Level 0 step 70] ADVANCE at time 0.2131973724 with dt = 0.009363910892

[1m[32m  Beginning subcycle 1 starting at time 0.2131973724 with dt = 0.009363910892[0m
  Estimated number of subcycles remaining: 1

... mhd ...!!! 

Castro::construct_old_gravity() time = 0.058140469 on level 0

Castro::do_old_sources() time = 0.041429829 on level 0

[1m[32m  Subcycle completed[0m

  Subcycling complete

  Zones advanced per microsecond at this level: 0.1014550893

[Level 0 step 70] Advanced 262144 cells
Castro::construct_new_gravity() time = 0.021252225 on level 0

Castro::do_new_sources() time = 0.0480051 on level 0


TIME= 0.2225612833 MASS        = 2.769422193e+33
TIME= 0.2225612833 XMOM        = -3.556519382e+38
TIME= 0.2225612833 YMOM        = 1.085912624e+38
TIME= 0.2225612833 ZMOM        = 1.342484661e+38
TIME= 0.2225612833 ANG MOM X   = -2.207351874e+46
TIME= 0.2225612833 ANG MOM Y   = -2.267667417e+46
TIME= 0.2225612833 ANG MOM Z   = 1.183226365e+46
TIME= 0.2225612833 RHO*e       = 2.632492599e+51
TIME= 0.2225612833 RHO*K       = 1.071826984e+48
TIME= 0.2225612833 RHO*E       = 2.658593723e+51
TIME= 0.2225612833 RHO*PHI     = 0
TIME= 0.2225612833 TOTAL ENERGY= 2.658593723e+51
TIME= 0.2225612833 CENTER OF MASS X-LOC = -270770.073
TIME= 0.2225612833 CENTER OF MASS X-VEL = -128420.9894
TIME= 0.2225612833 CENTER OF MASS Y-LOC = -250309.8497
TIME= 0.2225612833 CENTER OF MASS Y-VEL = 39210.80096
TIME= 0.2225612833 CENTER OF MASS Z-LOC = -258217.4279
TIME= 0.2225612833 CENTER OF MASS Z-VEL = 48475.26188
TIME= 0.2225612833 MAXIMUM TEMPERATURE  = 0
TIME= 0.2225612833 MAXIMUM DENSITY      = 927243795.3

STEP = 70 TIME = 0.2225612833 DT = 0.009363910892


[STEP 70] Coarse TimeStep time: 2.611746243
[STEP 70] FAB kilobyte spread across MPI nodes: [105462 ... 105462]

PLOTFILE: file = plt_seed55ext00070
Write plotfile time = 0.034624482  seconds

...estimated hydro-limited timestep at level 0: 0.009379745677
...hydro-limited CFL timestep constrained at (i,j,k) = (32,31,32)
Castro::estTimeStep (hydro-limited) at level 0:  estdt = 0.009379745677

[Level 0 step 71] ADVANCE at time 0.2225612833 with dt = 0.009379745677

[1m[32m  Beginning subcycle 1 starting at time 0.2225612833 with dt = 0.009379745677[0m
  Estimated number of subcycles remaining: 1

... mhd ...!!! 

Castro::construct_old_gravity() time = 0.020212958 on level 0

Castro::do_old_sources() time = 0.034774585 on level 0

[1m[32m  Subcycle completed[0m

  Subcycling complete

  Zones advanced per microsecond at this level: 0.1018327171

[Level 0 step 71] Advanced 262144 cells
Castro::construct_new_gravity() time = 0.037664468 on level 0

Castro::do_new_sources() time = 0.04924707 on level 0


TIME= 0.231941029 MASS        = 2.769542704e+33
TIME= 0.231941029 XMOM        = -3.532323051e+38
TIME= 0.231941029 YMOM        = 9.78254258e+37
TIME= 0.231941029 ZMOM        = 1.464902936e+38
TIME= 0.231941029 ANG MOM X   = -2.108015681e+46
TIME= 0.231941029 ANG MOM Y   = -2.112480228e+46
TIME= 0.231941029 ANG MOM Z   = 1.130232151e+46
TIME= 0.231941029 RHO*e       = 2.63297088e+51
TIME= 0.231941029 RHO*K       = 1.009004396e+48
TIME= 0.231941029 RHO*E       = 2.658430057e+51
TIME= 0.231941029 RHO*PHI     = 0
TIME= 0.231941029 TOTAL ENERGY= 2.658430057e+51
TIME= 0.231941029 CENTER OF MASS X-LOC = -272185.0454
TIME= 0.231941029 CENTER OF MASS X-VEL = -127541.7435
TIME= 0.231941029 CENTER OF MASS Y-LOC = -250073.3295
TIME= 0.231941029 CENTER OF MASS Y-VEL = 35321.86944
TIME= 0.231941029 CENTER OF MASS Z-LOC = -257825.117
TIME= 0.231941029 CENTER OF MASS Z-VEL = 52893.31462
TIME= 0.231941029 MAXIMUM TEMPERATURE  = 0
TIME= 0.231941029 MAXIMUM DENSITY      = 922886632.3

STEP = 71 TIME = 0.231941029 DT = 0.009379745677


[STEP 71] Coarse TimeStep time: 2.600107934
[STEP 71] FAB kilobyte spread across MPI nodes: [105462 ... 105462]

...estimated hydro-limited timestep at level 0: 0.009394759443
...hydro-limited CFL timestep constrained at (i,j,k) = (32,31,32)
Castro::estTimeStep (hydro-limited) at level 0:  estdt = 0.009394759443

[Level 0 step 72] ADVANCE at time 0.231941029 with dt = 0.009394759443

[1m[32m  Beginning subcycle 1 starting at time 0.231941029 with dt = 0.009394759443[0m
  Estimated number of subcycles remaining: 1

... mhd ...!!! 

Castro::construct_old_gravity() time = 0.02587337 on level 0

Castro::do_old_sources() time = 0.035682479 on level 0

[1m[32m  Subcycle completed[0m

  Subcycling complete

  Zones advanced per microsecond at this level: 0.09328682607

[Level 0 step 72] Advanced 262144 cells
Castro::construct_new_gravity() time = 0.02066466 on level 0

Castro::do_new_sources() time = 0.055147905 on level 0


TIME= 0.2413357884 MASS        = 2.769663785e+33
TIME= 0.2413357884 XMOM        = -3.495857026e+38
TIME= 0.2413357884 YMOM        = 8.876692244e+37
TIME= 0.2413357884 ZMOM        = 1.542987342e+38
TIME= 0.2413357884 ANG MOM X   = -2.012096143e+46
TIME= 0.2413357884 ANG MOM Y   = -1.968997862e+46
TIME= 0.2413357884 ANG MOM Z   = 1.080546671e+46
TIME= 0.2413357884 RHO*e       = 2.633425215e+51
TIME= 0.2413357884 RHO*K       = 9.527502946e+47
TIME= 0.2413357884 RHO*E       = 2.658286689e+51
TIME= 0.2413357884 RHO*PHI     = 0
TIME= 0.2413357884 TOTAL ENERGY= 2.658286689e+51
TIME= 0.2413357884 CENTER OF MASS X-LOC = -273600.0723
TIME= 0.2413357884 CENTER OF MASS X-VEL = -126219.5449
TIME= 0.2413357884 CENTER OF MASS Y-LOC = -249879.4226
TIME= 0.2413357884 CENTER OF MASS Y-VEL = 32049.71048
TIME= 0.2413357884 CENTER OF MASS Z-LOC = -257421.7811
TIME= 0.2413357884 CENTER OF MASS Z-VEL = 55710.27611
TIME= 0.2413357884 MAXIMUM TEMPERATURE  = 0
TIME= 0.2413357884 MAXIMUM DENSITY      = 918772616.6

STEP = 72 TIME = 0.2413357884 DT = 0.009394759443


[STEP 72] Coarse TimeStep time: 2.841643861
[STEP 72] FAB kilobyte spread across MPI nodes: [105462 ... 105462]

...estimated hydro-limited timestep at level 0: 0.009407459464
...hydro-limited CFL timestep constrained at (i,j,k) = (32,31,32)
Castro::estTimeStep (hydro-limited) at level 0:  estdt = 0.009407459464

[Level 0 step 73] ADVANCE at time 0.2413357884 with dt = 0.009407459464

[1m[32m  Beginning subcycle 1 starting at time 0.2413357884 with dt = 0.009407459464[0m
  Estimated number of subcycles remaining: 1

... mhd ...!!! 

Castro::construct_old_gravity() time = 0.051292071 on level 0

Castro::do_old_sources() time = 0.099205453 on level 0

[1m[32m  Subcycle completed[0m

  Subcycling complete

  Zones advanced per microsecond at this level: 0.08112449872

[Level 0 step 73] Advanced 262144 cells
Castro::construct_new_gravity() time = 0.019852406 on level 0

Castro::do_new_sources() time = 0.050202863 on level 0


TIME= 0.2507432479 MASS        = 2.769785361e+33
TIME= 0.2507432479 XMOM        = -3.445955552e+38
TIME= 0.2507432479 YMOM        = 8.125340589e+37
TIME= 0.2507432479 ZMOM        = 1.583568176e+38
TIME= 0.2507432479 ANG MOM X   = -1.922166196e+46
TIME= 0.2507432479 ANG MOM Y   = -1.837791452e+46
TIME= 0.2507432479 ANG MOM Z   = 1.033006545e+46
TIME= 0.2507432479 RHO*e       = 2.633855283e+51
TIME= 0.2507432479 RHO*K       = 9.022457638e+47
TIME= 0.2507432479 RHO*E       = 2.658158784e+51
TIME= 0.2507432479 RHO*PHI     = 0
TIME= 0.2507432479 TOTAL ENERGY= 2.658158784e+51
TIME= 0.2507432479 CENTER OF MASS X-LOC = -274990.345
TIME= 0.2507432479 CENTER OF MASS X-VEL = -124412.3678
TIME= 0.2507432479 CENTER OF MASS Y-LOC = -249732.3183
TIME= 0.2507432479 CENTER OF MASS Y-VEL = 29335.63265
TIME= 0.2507432479 CENTER OF MASS Z-LOC = -257014.6575
TIME= 0.2507432479 CENTER OF MASS Z-VEL = 57172.95636
TIME= 0.2507432479 MAXIMUM TEMPERATURE  = 0
TIME= 0.2507432479 MAXIMUM DENSITY      = 914833529.9

STEP = 73 TIME = 0.2507432479 DT = 0.009407459464


[STEP 73] Coarse TimeStep time: 3.262689717
[STEP 73] FAB kilobyte spread across MPI nodes: [105462 ... 105462]

...estimated hydro-limited timestep at level 0: 0.009417622769
...hydro-limited CFL timestep constrained at (i,j,k) = (32,31,32)
Castro::estTimeStep (hydro-limited) at level 0:  estdt = 0.009417622769

[Level 0 step 74] ADVANCE at time 0.2507432479 with dt = 0.009417622769

[1m[32m  Beginning subcycle 1 starting at time 0.2507432479 with dt = 0.009417622769[0m
  Estimated number of subcycles remaining: 1

... mhd ...!!! 

Castro::construct_old_gravity() time = 0.027406137 on level 0

Castro::do_old_sources() time = 0.039205574 on level 0

[1m[32m  Subcycle completed[0m

  Subcycling complete

  Zones advanced per microsecond at this level: 0.097610671

[Level 0 step 74] Advanced 262144 cells
Castro::construct_new_gravity() time = 0.01981439 on level 0

Castro::do_new_sources() time = 0.050680116 on level 0


TIME= 0.2601608707 MASS        = 2.769907359e+33
TIME= 0.2601608707 XMOM        = -3.381771622e+38
TIME= 0.2601608707 YMOM        = 7.507292168e+37
TIME= 0.2601608707 ZMOM        = 1.594471853e+38
TIME= 0.2601608707 ANG MOM X   = -1.838081906e+46
TIME= 0.2601608707 ANG MOM Y   = -1.718068763e+46
TIME= 0.2601608707 ANG MOM Z   = 9.89911703e+45
TIME= 0.2601608707 RHO*e       = 2.634262427e+51
TIME= 0.2601608707 RHO*K       = 8.568667561e+47
TIME= 0.2601608707 RHO*E       = 2.65804551e+51
TIME= 0.2601608707 RHO*PHI     = 0
TIME= 0.2601608707 TOTAL ENERGY= 2.65804551e+51
TIME= 0.2601608707 CENTER OF MASS X-LOC = -276331.6238
TIME= 0.2601608707 CENTER OF MASS X-VEL = -122089.7014
TIME= 0.2601608707 CENTER OF MASS Y-LOC = -249627.3309
TIME= 0.2601608707 CENTER OF MASS Y-VEL = 27103.04424
TIME= 0.2601608707 CENTER OF MASS Z-LOC = -256597.4337
TIME= 0.2601608707 CENTER OF MASS Z-VEL = 57564.08595
TIME= 0.2601608707 MAXIMUM TEMPERATURE  = 0
TIME= 0.2601608707 MAXIMUM DENSITY      = 911103794.5

STEP = 74 TIME = 0.2601608707 DT = 0.009417622769


[STEP 74] Coarse TimeStep time: 2.74411226
[STEP 74] FAB kilobyte spread across MPI nodes: [105462 ... 105462]

...estimated hydro-limited timestep at level 0: 0.00942716209
...hydro-limited CFL timestep constrained at (i,j,k) = (32,31,32)
Castro::estTimeStep (hydro-limited) at level 0:  estdt = 0.00942716209

[Level 0 step 75] ADVANCE at time 0.2601608707 with dt = 0.00942716209

[1m[32m  Beginning subcycle 1 starting at time 0.2601608707 with dt = 0.00942716209[0m
  Estimated number of subcycles remaining: 1

... mhd ...!!! 

Castro::construct_old_gravity() time = 0.034244772 on level 0

Castro::do_old_sources() time = 0.042152767 on level 0

[1m[32m  Subcycle completed[0m

  Subcycling complete

  Zones advanced per microsecond at this level: 0.0895842522

[Level 0 step 75] Advanced 262144 cells
Castro::construct_new_gravity() time = 0.03208544 on level 0

Castro::do_new_sources() time = 0.049499434 on level 0


TIME= 0.2695880328 MASS        = 2.770029734e+33
TIME= 0.2695880328 XMOM        = -3.302968571e+38
TIME= 0.2695880328 YMOM        = 6.997242352e+37
TIME= 0.2695880328 ZMOM        = 1.583517743e+38
TIME= 0.2695880328 ANG MOM X   = -1.758361872e+46
TIME= 0.2695880328 ANG MOM Y   = -1.609142981e+46
TIME= 0.2695880328 ANG MOM Z   = 9.501092703e+45
TIME= 0.2695880328 RHO*e       = 2.634651549e+51
TIME= 0.2695880328 RHO*K       = 8.16094849e+47
TIME= 0.2695880328 RHO*E       = 2.657946347e+51
TIME= 0.2695880328 RHO*PHI     = 0
TIME= 0.2695880328 TOTAL ENERGY= 2.657946347e+51
TIME= 0.2695880328 CENTER OF MASS X-LOC = -277614.1665
TIME= 0.2695880328 CENTER OF MASS X-VEL = -119239.4627
TIME= 0.2695880328 CENTER OF MASS Y-LOC = -249559.901
TIME= 0.2695880328 CENTER OF MASS Y-VEL = 25260.53155
TIME= 0.2695880328 CENTER OF MASS Z-LOC = -256178.0813
TIME= 0.2695880328 CENTER OF MASS Z-VEL = 57166.09188
TIME= 0.2695880328 MAXIMUM TEMPERATURE  = 0
TIME= 0.2695880328 MAXIMUM DENSITY      = 907553382.6

STEP = 75 TIME = 0.2695880328 DT = 0.00942716209


[STEP 75] Coarse TimeStep time: 2.957741201
[STEP 75] FAB kilobyte spread across MPI nodes: [105462 ... 105462]

PLOTFILE: file = plt_seed55ext00075
Write plotfile time = 0.043007686  seconds

...estimated hydro-limited timestep at level 0: 0.00943721362
...hydro-limited CFL timestep constrained at (i,j,k) = (32,31,32)
Castro::estTimeStep (hydro-limited) at level 0:  estdt = 0.00943721362

[Level 0 step 76] ADVANCE at time 0.2695880328 with dt = 0.00943721362

[1m[32m  Beginning subcycle 1 starting at time 0.2695880328 with dt = 0.00943721362[0m
  Estimated number of subcycles remaining: 1

... mhd ...!!! 

Castro::construct_old_gravity() time = 0.021104075 on level 0

Castro::do_old_sources() time = 0.036265936 on level 0

[1m[32m  Subcycle completed[0m

  Subcycling complete

  Zones advanced per microsecond at this level: 0.1056300351

[Level 0 step 76] Advanced 262144 cells
Castro::construct_new_gravity() time = 0.017800728 on level 0

Castro::do_new_sources() time = 0.048124478 on level 0


TIME= 0.2790252464 MASS        = 2.770152467e+33
TIME= 0.2790252464 XMOM        = -3.20971411e+38
TIME= 0.2790252464 YMOM        = 6.568280606e+37
TIME= 0.2790252464 ZMOM        = 1.557886127e+38
TIME= 0.2790252464 ANG MOM X   = -1.685616053e+46
TIME= 0.2790252464 ANG MOM Y   = -1.509161522e+46
TIME= 0.2790252464 ANG MOM Z   = 9.12642532e+45
TIME= 0.2790252464 RHO*e       = 2.635022985e+51
TIME= 0.2790252464 RHO*K       = 7.793513658e+47
TIME= 0.2790252464 RHO*E       = 2.657859368e+51
TIME= 0.2790252464 RHO*PHI     = 0
TIME= 0.2790252464 TOTAL ENERGY= 2.657859368e+51
TIME= 0.2790252464 CENTER OF MASS X-LOC = -278838.5455
TIME= 0.2790252464 CENTER OF MASS X-VEL = -115867.778
TIME= 0.2790252464 CENTER OF MASS Y-LOC = -249521.3965
TIME= 0.2790252464 CENTER OF MASS Y-VEL = 23710.89925
TIME= 0.2790252464 CENTER OF MASS Z-LOC = -255768.2154
TIME= 0.2790252464 CENTER OF MASS Z-VEL = 56238.28095
TIME= 0.2790252464 MAXIMUM TEMPERATURE  = 0
TIME= 0.2790252464 MAXIMUM DENSITY      = 904150624.7

STEP = 76 TIME = 0.2790252464 DT = 0.00943721362


[STEP 76] Coarse TimeStep time: 2.511832183
[STEP 76] FAB kilobyte spread across MPI nodes: [105462 ... 105462]

...estimated hydro-limited timestep at level 0: 0.009447452182
...hydro-limited CFL timestep constrained at (i,j,k) = (32,31,32)
Castro::estTimeStep (hydro-limited) at level 0:  estdt = 0.009447452182

[Level 0 step 77] ADVANCE at time 0.2790252464 with dt = 0.009447452182

[1m[32m  Beginning subcycle 1 starting at time 0.2790252464 with dt = 0.009447452182[0m
  Estimated number of subcycles remaining: 1

... mhd ...!!! 

Castro::construct_old_gravity() time = 0.0212793 on level 0

Castro::do_old_sources() time = 0.03427709 on level 0

[1m[32m  Subcycle completed[0m

  Subcycling complete

  Zones advanced per microsecond at this level: 0.1001889398

[Level 0 step 77] Advanced 262144 cells
Castro::construct_new_gravity() time = 0.021313742 on level 0

Castro::do_new_sources() time = 0.07405297 on level 0


TIME= 0.2884726986 MASS        = 2.770275533e+33
TIME= 0.2884726986 XMOM        = -3.102788183e+38
TIME= 0.2884726986 YMOM        = 6.193517466e+37
TIME= 0.2884726986 ZMOM        = 1.523522731e+38
TIME= 0.2884726986 ANG MOM X   = -1.619564652e+46
TIME= 0.2884726986 ANG MOM Y   = -1.417566018e+46
TIME= 0.2884726986 ANG MOM Z   = 8.751982893e+45
TIME= 0.2884726986 RHO*e       = 2.63538101e+51
TIME= 0.2884726986 RHO*K       = 7.460913114e+47
TIME= 0.2884726986 RHO*E       = 2.657785595e+51
TIME= 0.2884726986 RHO*PHI     = 0
TIME= 0.2884726986 TOTAL ENERGY= 2.657785595e+51
TIME= 0.2884726986 CENTER OF MASS X-LOC = -280003.0591
TIME= 0.2884726986 CENTER OF MASS X-VEL = -112002.8728
TIME= 0.2884726986 CENTER OF MASS Y-LOC = -249503.2703
TIME= 0.2884726986 CENTER OF MASS Y-VEL = 22357.04497
TIME= 0.2884726986 CENTER OF MASS Z-LOC = -255378.8384
TIME= 0.2884726986 CENTER OF MASS Z-VEL = 54995.3502
TIME= 0.2884726986 MAXIMUM TEMPERATURE  = 0
TIME= 0.2884726986 MAXIMUM DENSITY      = 900928982.3

STEP = 77 TIME = 0.2884726986 DT = 0.009447452182


[STEP 77] Coarse TimeStep time: 2.645967135
[STEP 77] FAB kilobyte spread across MPI nodes: [105462 ... 105462]

...estimated hydro-limited timestep at level 0: 0.009458192547
...hydro-limited CFL timestep constrained at (i,j,k) = (32,31,32)
Castro::estTimeStep (hydro-limited) at level 0:  estdt = 0.009458192547

[Level 0 step 78] ADVANCE at time 0.2884726986 with dt = 0.009458192547

[1m[32m  Beginning subcycle 1 starting at time 0.2884726986 with dt = 0.009458192547[0m
  Estimated number of subcycles remaining: 1

... mhd ...!!! 

Castro::construct_old_gravity() time = 0.024472092 on level 0

Castro::do_old_sources() time = 0.040197229 on level 0

[1m[32m  Subcycle completed[0m

  Subcycling complete

  Zones advanced per microsecond at this level: 0.1014415114

[Level 0 step 78] Advanced 262144 cells
Castro::construct_new_gravity() time = 0.021742036 on level 0

Castro::do_new_sources() time = 0.056115959 on level 0


TIME= 0.2979308911 MASS        = 2.770398919e+33
TIME= 0.2979308911 XMOM        = -2.983595971e+38
TIME= 0.2979308911 YMOM        = 5.847403919e+37
TIME= 0.2979308911 ZMOM        = 1.484782094e+38
TIME= 0.2979308911 ANG MOM X   = -1.556409669e+46
TIME= 0.2979308911 ANG MOM Y   = -1.330177437e+46
TIME= 0.2979308911 ANG MOM Z   = 8.358831274e+45
TIME= 0.2979308911 RHO*e       = 2.635726887e+51
TIME= 0.2979308911 RHO*K       = 7.158195594e+47
TIME= 0.2979308911 RHO*E       = 2.657723393e+51
TIME= 0.2979308911 RHO*PHI     = 0
TIME= 0.2979308911 TOTAL ENERGY= 2.657723393e+51
TIME= 0.2979308911 CENTER OF MASS X-LOC = -281112.9441
TIME= 0.2979308911 CENTER OF MASS X-VEL = -107695.5362
TIME= 0.2979308911 CENTER OF MASS Y-LOC = -249497.6041
TIME= 0.2979308911 CENTER OF MASS Y-VEL = 21106.72178
TIME= 0.2979308911 CENTER OF MASS Z-LOC = -255013.271
TIME= 0.2979308911 CENTER OF MASS Z-VEL = 53594.52328
TIME= 0.2979308911 MAXIMUM TEMPERATURE  = 0
TIME= 0.2979308911 MAXIMUM DENSITY      = 897885097

STEP = 78 TIME = 0.2979308911 DT = 0.009458192547


[STEP 78] Coarse TimeStep time: 2.615477998
[STEP 78] FAB kilobyte spread across MPI nodes: [105462 ... 105462]

...estimated hydro-limited timestep at level 0: 0.009469797115
...hydro-limited CFL timestep constrained at (i,j,k) = (32,31,32)
Castro::estTimeStep (hydro-limited) at level 0:  estdt = 0.009469797115

[Level 0 step 79] ADVANCE at time 0.2979308911 with dt = 0.009469797115

[1m[32m  Beginning subcycle 1 starting at time 0.2979308911 with dt = 0.009469797115[0m
  Estimated number of subcycles remaining: 1

... mhd ...!!! 

Castro::construct_old_gravity() time = 0.033287978 on level 0

Castro::do_old_sources() time = 0.039509316 on level 0

[1m[32m  Subcycle completed[0m

  Subcycling complete

  Zones advanced per microsecond at this level: 0.1017082864

[Level 0 step 79] Advanced 262144 cells
Castro::construct_new_gravity() time = 0.021134992 on level 0

Castro::do_new_sources() time = 0.053094718 on level 0


TIME= 0.3074006882 MASS        = 2.770522618e+33
TIME= 0.3074006882 XMOM        = -2.854148962e+38
TIME= 0.3074006882 YMOM        = 5.507230304e+37
TIME= 0.3074006882 ZMOM        = 1.444375846e+38
TIME= 0.3074006882 ANG MOM X   = -1.495866524e+46
TIME= 0.3074006882 ANG MOM Y   = -1.247425085e+46
TIME= 0.3074006882 ANG MOM Z   = 7.995175379e+45
TIME= 0.3074006882 RHO*e       = 2.636063949e+51
TIME= 0.3074006882 RHO*K       = 6.881420699e+47
TIME= 0.3074006882 RHO*E       = 2.657672028e+51
TIME= 0.3074006882 RHO*PHI     = 0
TIME= 0.3074006882 TOTAL ENERGY= 2.657672028e+51
TIME= 0.3074006882 CENTER OF MASS X-LOC = -282167.4137
TIME= 0.3074006882 CENTER OF MASS X-VEL = -103018.4321
TIME= 0.3074006882 CENTER OF MASS Y-LOC = -249503.113
TIME= 0.3074006882 CENTER OF MASS Y-VEL = 19877.94746
TIME= 0.3074006882 CENTER OF MASS Z-LOC = -254670.5131
TIME= 0.3074006882 CENTER OF MASS Z-VEL = 52133.69623
TIME= 0.3074006882 MAXIMUM TEMPERATURE  = 0
TIME= 0.3074006882 MAXIMUM DENSITY      = 895038295.7

STEP = 79 TIME = 0.3074006882 DT = 0.009469797115


[STEP 79] Coarse TimeStep time: 2.607039299
[STEP 79] FAB kilobyte spread across MPI nodes: [105462 ... 105462]

...estimated hydro-limited timestep at level 0: 0.009481808246
...hydro-limited CFL timestep constrained at (i,j,k) = (32,31,32)
Castro::estTimeStep (hydro-limited) at level 0:  estdt = 0.009481808246

[Level 0 step 80] ADVANCE at time 0.3074006882 with dt = 0.009481808246

[1m[32m  Beginning subcycle 1 starting at time 0.3074006882 with dt = 0.009481808246[0m
  Estimated number of subcycles remaining: 1

... mhd ...!!! 

Castro::construct_old_gravity() time = 0.02200032 on level 0

Castro::do_old_sources() time = 0.035310642 on level 0

[1m[32m  Subcycle completed[0m

  Subcycling complete

  Zones advanced per microsecond at this level: 0.09758394011

[Level 0 step 80] Advanced 262144 cells
Castro::construct_new_gravity() time = 0.031717674 on level 0

Castro::do_new_sources() time = 0.074604042 on level 0


TIME= 0.3168824965 MASS        = 2.770646621e+33
TIME= 0.3168824965 XMOM        = -2.717031688e+38
TIME= 0.3168824965 YMOM        = 5.155360805e+37
TIME= 0.3168824965 ZMOM        = 1.403545255e+38
TIME= 0.3168824965 ANG MOM X   = -1.442650658e+46
TIME= 0.3168824965 ANG MOM Y   = -1.166222582e+46
TIME= 0.3168824965 ANG MOM Z   = 7.653293736e+45
TIME= 0.3168824965 RHO*e       = 2.636392704e+51
TIME= 0.3168824965 RHO*K       = 6.627252677e+47
TIME= 0.3168824965 RHO*E       = 2.657632425e+51
TIME= 0.3168824965 RHO*PHI     = 0
TIME= 0.3168824965 TOTAL ENERGY= 2.657632425e+51
TIME= 0.3168824965 CENTER OF MASS X-LOC = -283161.4311
TIME= 0.3168824965 CENTER OF MASS X-VEL = -98064.89458
TIME= 0.3168824965 CENTER OF MASS Y-LOC = -249519.474
TIME= 0.3168824965 CENTER OF MASS Y-VEL = 18607.06727
TIME= 0.3168824965 CENTER OF MASS Z-LOC = -254344.8753
TIME= 0.3168824965 CENTER OF MASS Z-VEL = 50657.67842
TIME= 0.3168824965 MAXIMUM TEMPERATURE  = 0
TIME= 0.3168824965 MAXIMUM DENSITY      = 892405795

STEP = 80 TIME = 0.3168824965 DT = 0.009481808246


[STEP 80] Coarse TimeStep time: 2.721305562
[STEP 80] FAB kilobyte spread across MPI nodes: [105462 ... 105462]

PLOTFILE: file = plt_seed55ext00080
Write plotfile time = 0.062729731  seconds

...estimated hydro-limited timestep at level 0: 0.009494514558
...hydro-limited CFL timestep constrained at (i,j,k) = (32,31,32)
Castro::estTimeStep (hydro-limited) at level 0:  estdt = 0.009494514558

[Level 0 step 81] ADVANCE at time 0.3168824965 with dt = 0.009494514558

[1m[32m  Beginning subcycle 1 starting at time 0.3168824965 with dt = 0.009494514558[0m
  Estimated number of subcycles remaining: 1

... mhd ...!!! 

Castro::construct_old_gravity() time = 0.055907753 on level 0

Castro::do_old_sources() time = 0.051085171 on level 0

[1m[32m  Subcycle completed[0m

  Subcycling complete

  Zones advanced per microsecond at this level: 0.0981047502

[Level 0 step 81] Advanced 262144 cells
Castro::construct_new_gravity() time = 0.018835123 on level 0

Castro::do_new_sources() time = 0.042930741 on level 0


TIME= 0.326377011 MASS        = 2.770770924e+33
TIME= 0.326377011 XMOM        = -2.575107132e+38
TIME= 0.326377011 YMOM        = 4.780212935e+37
TIME= 0.326377011 ZMOM        = 1.362496157e+38
TIME= 0.326377011 ANG MOM X   = -1.393825445e+46
TIME= 0.326377011 ANG MOM Y   = -1.087213737e+46
TIME= 0.326377011 ANG MOM Z   = 7.349571581e+45
TIME= 0.326377011 RHO*e       = 2.636712622e+51
TIME= 0.326377011 RHO*K       = 6.392544411e+47
TIME= 0.326377011 RHO*E       = 2.657601524e+51
TIME= 0.326377011 RHO*PHI     = 0
TIME= 0.326377011 TOTAL ENERGY= 2.657601524e+51
TIME= 0.326377011 CENTER OF MASS X-LOC = -284100.7241
TIME= 0.326377011 CENTER OF MASS X-VEL = -92938.29058
TIME= 0.326377011 CENTER OF MASS Y-LOC = -249545.0134
TIME= 0.326377011 CENTER OF MASS Y-VEL = 17252.28489
TIME= 0.326377011 CENTER OF MASS Z-LOC = -254036.5045
TIME= 0.326377011 CENTER OF MASS Z-VEL = 49173.90122
TIME= 0.326377011 MAXIMUM TEMPERATURE  = 0
TIME= 0.326377011 MAXIMUM DENSITY      = 889987900.8

STEP = 81 TIME = 0.326377011 DT = 0.009494514558


[STEP 81] Coarse TimeStep time: 2.720831483
[STEP 81] FAB kilobyte spread across MPI nodes: [105462 ... 105462]

...estimated hydro-limited timestep at level 0: 0.009506555513
...hydro-limited CFL timestep constrained at (i,j,k) = (32,31,32)
Castro::estTimeStep (hydro-limited) at level 0:  estdt = 0.009506555513

[Level 0 step 82] ADVANCE at time 0.326377011 with dt = 0.009506555513

[1m[32m  Beginning subcycle 1 starting at time 0.326377011 with dt = 0.009506555513[0m
  Estimated number of subcycles remaining: 1

... mhd ...!!! 

Castro::construct_old_gravity() time = 0.043389723 on level 0

Castro::do_old_sources() time = 0.061631738 on level 0

[1m[32m  Subcycle completed[0m

  Subcycling complete

  Zones advanced per microsecond at this level: 0.09674844288

[Level 0 step 82] Advanced 262144 cells
Castro::construct_new_gravity() time = 0.017403339 on level 0

Castro::do_new_sources() time = 0.043415927 on level 0


TIME= 0.3358835665 MASS        = 2.770895507e+33
TIME= 0.3358835665 XMOM        = -2.431354081e+38
TIME= 0.3358835665 YMOM        = 4.375505986e+37
TIME= 0.3358835665 ZMOM        = 1.320897861e+38
TIME= 0.3358835665 ANG MOM X   = -1.348619849e+46
TIME= 0.3358835665 ANG MOM Y   = -1.013099744e+46
TIME= 0.3358835665 ANG MOM Z   = 7.101052956e+45
TIME= 0.3358835665 RHO*e       = 2.63702399e+51
TIME= 0.3358835665 RHO*K       = 6.175618036e+47
TIME= 0.3358835665 RHO*E       = 2.657578972e+51
TIME= 0.3358835665 RHO*PHI     = 0
TIME= 0.3358835665 TOTAL ENERGY= 2.657578972e+51
TIME= 0.3358835665 CENTER OF MASS X-LOC = -284984.009
TIME= 0.3358835665 CENTER OF MASS X-VEL = -87746.14831
TIME= 0.3358835665 CENTER OF MASS Y-LOC = -249580.9135
TIME= 0.3358835665 CENTER OF MASS Y-VEL = 15790.94547
TIME= 0.3358835665 CENTER OF MASS Z-LOC = -253745.0114
TIME= 0.3358835665 CENTER OF MASS Z-VEL = 47670.43209
TIME= 0.3358835665 MAXIMUM TEMPERATURE  = 0
TIME= 0.3358835665 MAXIMUM DENSITY      = 887771213.3

STEP = 82 TIME = 0.3358835665 DT = 0.009506555513


[STEP 82] Coarse TimeStep time: 2.740360153
[STEP 82] FAB kilobyte spread across MPI nodes: [105462 ... 105462]

...estimated hydro-limited timestep at level 0: 0.009517962099
...hydro-limited CFL timestep constrained at (i,j,k) = (32,31,32)
Castro::estTimeStep (hydro-limited) at level 0:  estdt = 0.009517962099

[Level 0 step 83] ADVANCE at time 0.3358835665 with dt = 0.009517962099

[1m[32m  Beginning subcycle 1 starting at time 0.3358835665 with dt = 0.009517962099[0m
  Estimated number of subcycles remaining: 1

... mhd ...!!! 

Castro::construct_old_gravity() time = 0.024965975 on level 0

Castro::do_old_sources() time = 0.046745721 on level 0

[1m[32m  Subcycle completed[0m

  Subcycling complete

  Zones advanced per microsecond at this level: 0.09877221998

[Level 0 step 83] Advanced 262144 cells
Castro::construct_new_gravity() time = 0.018210004 on level 0

Castro::do_new_sources() time = 0.048592179 on level 0


TIME= 0.3454015286 MASS        = 2.771020353e+33
TIME= 0.3454015286 XMOM        = -2.288664133e+38
TIME= 0.3454015286 YMOM        = 3.939999135e+37
TIME= 0.3454015286 ZMOM        = 1.278244565e+38
TIME= 0.3454015286 ANG MOM X   = -1.307176148e+46
TIME= 0.3454015286 ANG MOM Y   = -9.506598233e+45
TIME= 0.3454015286 ANG MOM Z   = 6.887175591e+45
TIME= 0.3454015286 RHO*e       = 2.637329854e+51
TIME= 0.3454015286 RHO*K       = 5.974495326e+47
TIME= 0.3454015286 RHO*E       = 2.657564958e+51
TIME= 0.3454015286 RHO*PHI     = 0
TIME= 0.3454015286 TOTAL ENERGY= 2.657564958e+51
TIME= 0.3454015286 CENTER OF MASS X-LOC = -285813.1466
TIME= 0.3454015286 CENTER OF MASS X-VEL = -82592.83011
TIME= 0.3454015286 CENTER OF MASS Y-LOC = -249632.6162
TIME= 0.3454015286 CENTER OF MASS Y-VEL = 14218.58605
TIME= 0.3454015286 CENTER OF MASS Z-LOC = -253472.82
TIME= 0.3454015286 CENTER OF MASS Z-VEL = 46129.02116
TIME= 0.3454015286 MAXIMUM TEMPERATURE  = 0
TIME= 0.3454015286 MAXIMUM DENSITY      = 885742062.1

STEP = 83 TIME = 0.3454015286 DT = 0.009517962099


[STEP 83] Coarse TimeStep time: 2.680428833
[STEP 83] FAB kilobyte spread across MPI nodes: [105462 ... 105462]

...estimated hydro-limited timestep at level 0: 0.0095284311
...hydro-limited CFL timestep constrained at (i,j,k) = (32,31,32)
Castro::estTimeStep (hydro-limited) at level 0:  estdt = 0.0095284311

[Level 0 step 84] ADVANCE at time 0.3454015286 with dt = 0.0095284311

[1m[32m  Beginning subcycle 1 starting at time 0.3454015286 with dt = 0.0095284311[0m
  Estimated number of subcycles remaining: 1

... mhd ...!!! 

Castro::construct_old_gravity() time = 0.022665562 on level 0

Castro::do_old_sources() time = 0.034139235 on level 0

[1m[32m  Subcycle completed[0m

  Subcycling complete

  Zones advanced per microsecond at this level: 0.09798832984

[Level 0 step 84] Advanced 262144 cells
Castro::construct_new_gravity() time = 0.018590438 on level 0

Castro::do_new_sources() time = 0.048807988 on level 0


TIME= 0.3549299597 MASS        = 2.771145443e+33
TIME= 0.3549299597 XMOM        = -2.14958489e+38
TIME= 0.3549299597 YMOM        = 3.47645014e+37
TIME= 0.3549299597 ZMOM        = 1.234170586e+38
TIME= 0.3549299597 ANG MOM X   = -1.266304579e+46
TIME= 0.3549299597 ANG MOM Y   = -8.950772069e+45
TIME= 0.3549299597 ANG MOM Z   = 6.666183711e+45
TIME= 0.3549299597 RHO*e       = 2.637626304e+51
TIME= 0.3549299597 RHO*K       = 5.787878799e+47
TIME= 0.3549299597 RHO*E       = 2.657556738e+51
TIME= 0.3549299597 RHO*PHI     = 0
TIME= 0.3549299597 TOTAL ENERGY= 2.657556738e+51
TIME= 0.3549299597 CENTER OF MASS X-LOC = -286594.5044
TIME= 0.3549299597 CENTER OF MASS X-VEL = -77570.26596
TIME= 0.3549299597 CENTER OF MASS Y-LOC = -249702.4112
TIME= 0.3549299597 CENTER OF MASS Y-VEL = 12545.17387
TIME= 0.3549299597 CENTER OF MASS Z-LOC = -253220.5409
TIME= 0.3549299597 CENTER OF MASS Z-VEL = 44536.4782
TIME= 0.3549299597 MAXIMUM TEMPERATURE  = 0
TIME= 0.3549299597 MAXIMUM DENSITY      = 883859633.6

STEP = 84 TIME = 0.3549299597 DT = 0.0095284311


[STEP 84] Coarse TimeStep time: 2.701633337
[STEP 84] FAB kilobyte spread across MPI nodes: [105462 ... 105462]

...estimated hydro-limited timestep at level 0: 0.009537383475
...hydro-limited CFL timestep constrained at (i,j,k) = (32,31,32)
Castro::estTimeStep (hydro-limited) at level 0:  estdt = 0.009537383475

[Level 0 step 85] ADVANCE at time 0.3549299597 with dt = 0.009537383475

[1m[32m  Beginning subcycle 1 starting at time 0.3549299597 with dt = 0.009537383475[0m
  Estimated number of subcycles remaining: 1

... mhd ...!!! 

Castro::construct_old_gravity() time = 0.029400081 on level 0

Castro::do_old_sources() time = 0.040159049 on level 0

[1m[32m  Subcycle completed[0m

  Subcycling complete

  Zones advanced per microsecond at this level: 0.1017445332

[Level 0 step 85] Advanced 262144 cells
Castro::construct_new_gravity() time = 0.017218266 on level 0

Castro::do_new_sources() time = 0.045701214 on level 0


TIME= 0.3644673432 MASS        = 2.771270749e+33
TIME= 0.3644673432 XMOM        = -2.016146438e+38
TIME= 0.3644673432 YMOM        = 2.990936735e+37
TIME= 0.3644673432 ZMOM        = 1.188657616e+38
TIME= 0.3644673432 ANG MOM X   = -1.227463671e+46
TIME= 0.3644673432 ANG MOM Y   = -8.432543327e+45
TIME= 0.3644673432 ANG MOM Z   = 6.454673759e+45
TIME= 0.3644673432 RHO*e       = 2.637913583e+51
TIME= 0.3644673432 RHO*K       = 5.614503278e+47
TIME= 0.3644673432 RHO*E       = 2.65755445e+51
TIME= 0.3644673432 RHO*PHI     = 0
TIME= 0.3644673432 TOTAL ENERGY= 2.65755445e+51
TIME= 0.3644673432 CENTER OF MASS X-LOC = -287331.5691
TIME= 0.3644673432 CENTER OF MASS X-VEL = -72751.69482
TIME= 0.3644673432 CENTER OF MASS Y-LOC = -249796.8973
TIME= 0.3644673432 CENTER OF MASS Y-VEL = 10792.65437
TIME= 0.3644673432 CENTER OF MASS Z-LOC = -252991.3394
TIME= 0.3644673432 CENTER OF MASS Z-VEL = 42892.15035
TIME= 0.3644673432 MAXIMUM TEMPERATURE  = 0
TIME= 0.3644673432 MAXIMUM DENSITY      = 882085234.4

STEP = 85 TIME = 0.3644673432 DT = 0.009537383475


[STEP 85] Coarse TimeStep time: 2.601747946
[STEP 85] FAB kilobyte spread across MPI nodes: [105462 ... 105462]

PLOTFILE: file = plt_seed55ext00085
Write plotfile time = 0.03540515  seconds

...estimated hydro-limited timestep at level 0: 0.009546006802
...hydro-limited CFL timestep constrained at (i,j,k) = (32,31,32)
Castro::estTimeStep (hydro-limited) at level 0:  estdt = 0.009546006802

[Level 0 step 86] ADVANCE at time 0.3644673432 with dt = 0.009546006802

[1m[32m  Beginning subcycle 1 starting at time 0.3644673432 with dt = 0.009546006802[0m
  Estimated number of subcycles remaining: 1

... mhd ...!!! 

Castro::construct_old_gravity() time = 0.021298826 on level 0

Castro::do_old_sources() time = 0.041027297 on level 0

[1m[32m  Subcycle completed[0m

  Subcycling complete

  Zones advanced per microsecond at this level: 0.1008626492

[Level 0 step 86] Advanced 262144 cells
Castro::construct_new_gravity() time = 0.0178572 on level 0

Castro::do_new_sources() time = 0.041141509 on level 0


TIME= 0.37401335 MASS        = 2.771396261e+33
TIME= 0.37401335 XMOM        = -1.889800777e+38
TIME= 0.37401335 YMOM        = 2.491611188e+37
TIME= 0.37401335 ZMOM        = 1.142038618e+38
TIME= 0.37401335 ANG MOM X   = -1.189943525e+46
TIME= 0.37401335 ANG MOM Y   = -7.943151255e+45
TIME= 0.37401335 ANG MOM Z   = 6.25784376e+45
TIME= 0.37401335 RHO*e       = 2.638194656e+51
TIME= 0.37401335 RHO*K       = 5.452698509e+47
TIME= 0.37401335 RHO*E       = 2.657557431e+51
TIME= 0.37401335 RHO*PHI     = 0
TIME= 0.37401335 TOTAL ENERGY= 2.657557431e+51
TIME= 0.37401335 CENTER OF MASS X-LOC = -288027.5805
TIME= 0.37401335 CENTER OF MASS X-VEL = -68189.4828
TIME= 0.37401335 CENTER OF MASS Y-LOC = -249916.1573
TIME= 0.37401335 CENTER OF MASS Y-VEL = 8990.454463
TIME= 0.37401335 CENTER OF MASS Z-LOC = -252784.9396
TIME= 0.37401335 CENTER OF MASS Z-VEL = 41208.05943
TIME= 0.37401335 MAXIMUM TEMPERATURE  = 0
TIME= 0.37401335 MAXIMUM DENSITY      = 880388513.8

STEP = 86 TIME = 0.37401335 DT = 0.009546006802


[STEP 86] Coarse TimeStep time: 2.638703667
[STEP 86] FAB kilobyte spread across MPI nodes: [105462 ... 105462]

...estimated hydro-limited timestep at level 0: 0.009554173841
...hydro-limited CFL timestep constrained at (i,j,k) = (32,31,32)
Castro::estTimeStep (hydro-limited) at level 0:  estdt = 0.009554173841

[Level 0 step 87] ADVANCE at time 0.37401335 with dt = 0.009554173841

[1m[32m  Beginning subcycle 1 starting at time 0.37401335 with dt = 0.009554173841[0m
  Estimated number of subcycles remaining: 1

... mhd ...!!! 

Castro::construct_old_gravity() time = 0.027123244 on level 0

Castro::do_old_sources() time = 0.032576755 on level 0

[1m[32m  Subcycle completed[0m

  Subcycling complete

  Zones advanced per microsecond at this level: 0.08927526967

[Level 0 step 87] Advanced 262144 cells
Castro::construct_new_gravity() time = 0.017061108 on level 0

Castro::do_new_sources() time = 0.041423054 on level 0


TIME= 0.3835675239 MASS        = 2.771521969e+33
TIME= 0.3835675239 XMOM        = -1.771445936e+38
TIME= 0.3835675239 YMOM        = 1.98679697e+37
TIME= 0.3835675239 ZMOM        = 1.094855872e+38
TIME= 0.3835675239 ANG MOM X   = -1.15400197e+46
TIME= 0.3835675239 ANG MOM Y   = -7.454356976e+45
TIME= 0.3835675239 ANG MOM Z   = 6.077073796e+45
TIME= 0.3835675239 RHO*e       = 2.638468946e+51
TIME= 0.3835675239 RHO*K       = 5.30161246e+47
TIME= 0.3835675239 RHO*E       = 2.6575656e+51
TIME= 0.3835675239 RHO*PHI     = 0
TIME= 0.3835675239 TOTAL ENERGY= 2.6575656e+51
TIME= 0.3835675239 CENTER OF MASS X-LOC = -288687.4583
TIME= 0.3835675239 CENTER OF MASS X-VEL = -63915.99837
TIME= 0.3835675239 CENTER OF MASS Y-LOC = -250057.372
TIME= 0.3835675239 CENTER OF MASS Y-VEL = 7168.613464
TIME= 0.3835675239 CENTER OF MASS Z-LOC = -252600.1149
TIME= 0.3835675239 CENTER OF MASS Z-VEL = 39503.77749
TIME= 0.3835675239 MAXIMUM TEMPERATURE  = 0
TIME= 0.3835675239 MAXIMUM DENSITY      = 878773486.8

STEP = 87 TIME = 0.3835675239 DT = 0.009554173841


[STEP 87] Coarse TimeStep time: 2.961742741
[STEP 87] FAB kilobyte spread across MPI nodes: [105462 ... 105462]

...estimated hydro-limited timestep at level 0: 0.009562048719
...hydro-limited CFL timestep constrained at (i,j,k) = (32,31,32)
Castro::estTimeStep (hydro-limited) at level 0:  estdt = 0.009562048719

[Level 0 step 88] ADVANCE at time 0.3835675239 with dt = 0.009562048719

[1m[32m  Beginning subcycle 1 starting at time 0.3835675239 with dt = 0.009562048719[0m
  Estimated number of subcycles remaining: 1

... mhd ...!!! 

Castro::construct_old_gravity() time = 0.020919959 on level 0

Castro::do_old_sources() time = 0.041164743 on level 0

[1m[32m  Subcycle completed[0m

  Subcycling complete

  Zones advanced per microsecond at this level: 0.1028249628

[Level 0 step 88] Advanced 262144 cells
Castro::construct_new_gravity() time = 0.017303059 on level 0

Castro::do_new_sources() time = 0.048313299 on level 0


TIME= 0.3931295726 MASS        = 2.771647864e+33
TIME= 0.3931295726 XMOM        = -1.661413929e+38
TIME= 0.3931295726 YMOM        = 1.484235493e+37
TIME= 0.3931295726 ZMOM        = 1.047810866e+38
TIME= 0.3931295726 ANG MOM X   = -1.118795544e+46
TIME= 0.3931295726 ANG MOM Y   = -6.999774031e+45
TIME= 0.3931295726 ANG MOM Z   = 5.906643914e+45
TIME= 0.3931295726 RHO*e       = 2.638735847e+51
TIME= 0.3931295726 RHO*K       = 5.160125692e+47
TIME= 0.3931295726 RHO*E       = 2.65757769e+51
TIME= 0.3931295726 RHO*PHI     = 0
TIME= 0.3931295726 TOTAL ENERGY= 2.65757769e+51
TIME= 0.3931295726 CENTER OF MASS X-LOC = -289314.8956
TIME= 0.3931295726 CENTER OF MASS X-VEL = -59943.18218
TIME= 0.3931295726 CENTER OF MASS Y-LOC = -250218.3862
TIME= 0.3931295726 CENTER OF MASS Y-VEL = 5355.065166
TIME= 0.3931295726 CENTER OF MASS Z-LOC = -252434.772
TIME= 0.3931295726 CENTER OF MASS Z-VEL = 37804.61721
TIME= 0.3931295726 MAXIMUM TEMPERATURE  = 0
TIME= 0.3931295726 MAXIMUM DENSITY      = 877180227.5

STEP = 88 TIME = 0.3931295726 DT = 0.009562048719


[STEP 88] Coarse TimeStep time: 2.576625251
[STEP 88] FAB kilobyte spread across MPI nodes: [105462 ... 105462]

...estimated hydro-limited timestep at level 0: 0.009569239125
...hydro-limited CFL timestep constrained at (i,j,k) = (32,31,32)
Castro::estTimeStep (hydro-limited) at level 0:  estdt = 0.009569239125

[Level 0 step 89] ADVANCE at time 0.3931295726 with dt = 0.009569239125

[1m[32m  Beginning subcycle 1 starting at time 0.3931295726 with dt = 0.009569239125[0m
  Estimated number of subcycles remaining: 1

... mhd ...!!! 

Castro::construct_old_gravity() time = 0.021870931 on level 0

Castro::do_old_sources() time = 0.038088233 on level 0

[1m[32m  Subcycle completed[0m

  Subcycling complete

  Zones advanced per microsecond at this level: 0.1106827878

[Level 0 step 89] Advanced 262144 cells
Castro::construct_new_gravity() time = 0.015667231 on level 0

Castro::do_new_sources() time = 0.051916787 on level 0


TIME= 0.4026988117 MASS        = 2.771773935e+33
TIME= 0.4026988117 XMOM        = -1.559564498e+38
TIME= 0.4026988117 YMOM        = 9.909300512e+36
TIME= 0.4026988117 ZMOM        = 1.001719624e+38
TIME= 0.4026988117 ANG MOM X   = -1.086159404e+46
TIME= 0.4026988117 ANG MOM Y   = -6.567638477e+45
TIME= 0.4026988117 ANG MOM Z   = 5.743637754e+45
TIME= 0.4026988117 RHO*e       = 2.638996694e+51
TIME= 0.4026988117 RHO*K       = 5.02774682e+47
TIME= 0.4026988117 RHO*E       = 2.657592839e+51
TIME= 0.4026988117 RHO*PHI     = 0
TIME= 0.4026988117 TOTAL ENERGY= 2.657592839e+51
TIME= 0.4026988117 CENTER OF MASS X-LOC = -289915.1697
TIME= 0.4026988117 CENTER OF MASS X-VEL = -56265.93417
TIME= 0.4026988117 CENTER OF MASS Y-LOC = -250398.8481
TIME= 0.4026988117 CENTER OF MASS Y-VEL = 3575.075293
TIME= 0.4026988117 CENTER OF MASS Z-LOC = -252290.55
TIME= 0.4026988117 CENTER OF MASS Z-VEL = 36140.01889
TIME= 0.4026988117 MAXIMUM TEMPERATURE  = 0
TIME= 0.4026988117 MAXIMUM DENSITY      = 875593752.6

STEP = 89 TIME = 0.4026988117 DT = 0.009569239125


[STEP 89] Coarse TimeStep time: 2.397664225
[STEP 89] FAB kilobyte spread across MPI nodes: [105462 ... 105462]

...estimated hydro-limited timestep at level 0: 0.009576252952
...hydro-limited CFL timestep constrained at (i,j,k) = (32,31,32)
Castro::estTimeStep (hydro-limited) at level 0:  estdt = 0.009576252952

[Level 0 step 90] ADVANCE at time 0.4026988117 with dt = 0.009576252952

[1m[32m  Beginning subcycle 1 starting at time 0.4026988117 with dt = 0.009576252952[0m
  Estimated number of subcycles remaining: 1

... mhd ...!!! 

Castro::construct_old_gravity() time = 0.023116275 on level 0

Castro::do_old_sources() time = 0.104656816 on level 0

[1m[32m  Subcycle completed[0m

  Subcycling complete

  Zones advanced per microsecond at this level: 0.1515409071

[Level 0 step 90] Advanced 262144 cells
Castro::construct_new_gravity() time = 0.017344408 on level 0

Castro::do_new_sources() time = 0.054455056 on level 0


TIME= 0.4122750647 MASS        = 2.771900176e+33
TIME= 0.4122750647 XMOM        = -1.465452426e+38
TIME= 0.4122750647 YMOM        = 5.127559268e+36
TIME= 0.4122750647 ZMOM        = 9.574188611e+37
TIME= 0.4122750647 ANG MOM X   = -1.056082233e+46
TIME= 0.4122750647 ANG MOM Y   = -6.145412187e+45
TIME= 0.4122750647 ANG MOM Z   = 5.574241413e+45
TIME= 0.4122750647 RHO*e       = 2.639252037e+51
TIME= 0.4122750647 RHO*K       = 4.903649561e+47
TIME= 0.4122750647 RHO*E       = 2.657612066e+51
TIME= 0.4122750647 RHO*PHI     = 0
TIME= 0.4122750647 TOTAL ENERGY= 2.657612066e+51
TIME= 0.4122750647 CENTER OF MASS X-LOC = -290490.5305
TIME= 0.4122750647 CENTER OF MASS X-VEL = -52868.153
TIME= 0.4122750647 CENTER OF MASS Y-LOC = -250596.4497
TIME= 0.4122750647 CENTER OF MASS Y-VEL = 1849.835471
TIME= 0.4122750647 CENTER OF MASS Z-LOC = -252169.1773
TIME= 0.4122750647 CENTER OF MASS Z-VEL = 34540.1638
TIME= 0.4122750647 MAXIMUM TEMPERATURE  = 0
TIME= 0.4122750647 MAXIMUM DENSITY      = 873997327.9

STEP = 90 TIME = 0.4122750647 DT = 0.009576252952


[STEP 90] Coarse TimeStep time: 1.755507653
[STEP 90] FAB kilobyte spread across MPI nodes: [105462 ... 105462]

PLOTFILE: file = plt_seed55ext00090
Write plotfile time = 0.037438982  seconds

...estimated hydro-limited timestep at level 0: 0.009580108856
...hydro-limited CFL timestep constrained at (i,j,k) = (32,32,32)
Castro::estTimeStep (hydro-limited) at level 0:  estdt = 0.009580108856

[Level 0 step 91] ADVANCE at time 0.4122750647 with dt = 0.009580108856

[1m[32m  Beginning subcycle 1 starting at time 0.4122750647 with dt = 0.009580108856[0m
  Estimated number of subcycles remaining: 1

... mhd ...!!! 

Castro::construct_old_gravity() time = 0.022543223 on level 0

Castro::do_old_sources() time = 0.039120913 on level 0

[1m[32m  Subcycle completed[0m

  Subcycling complete

  Zones advanced per microsecond at this level: 0.162036571

[Level 0 step 91] Advanced 262144 cells
Castro::construct_new_gravity() time = 0.015508107 on level 0

Castro::do_new_sources() time = 0.036306777 on level 0


TIME= 0.4218551735 MASS        = 2.772026542e+33
TIME= 0.4218551735 XMOM        = -1.378493779e+38
TIME= 0.4218551735 YMOM        = 5.490796771e+35
TIME= 0.4218551735 ZMOM        = 9.156677996e+37
TIME= 0.4218551735 ANG MOM X   = -1.027469873e+46
TIME= 0.4218551735 ANG MOM Y   = -5.741780744e+45
TIME= 0.4218551735 ANG MOM Z   = 5.430617515e+45
TIME= 0.4218551735 RHO*e       = 2.639502116e+51
TIME= 0.4218551735 RHO*K       = 4.787466367e+47
TIME= 0.4218551735 RHO*E       = 2.657634986e+51
TIME= 0.4218551735 RHO*PHI     = 0
TIME= 0.4218551735 TOTAL ENERGY= 2.657634986e+51
TIME= 0.4218551735 CENTER OF MASS X-LOC = -291041.0197
TIME= 0.4218551735 CENTER OF MASS X-VEL = -49728.73664
TIME= 0.4218551735 CENTER OF MASS Y-LOC = -250811.8106
TIME= 0.4218551735 CENTER OF MASS Y-VEL = 198.078795
TIME= 0.4218551735 CENTER OF MASS Z-LOC = -252071.9005
TIME= 0.4218551735 CENTER OF MASS Z-VEL = 33032.43262
TIME= 0.4218551735 MAXIMUM TEMPERATURE  = 0
TIME= 0.4218551735 MAXIMUM DENSITY      = 872394667.7

STEP = 91 TIME = 0.4218551735 DT = 0.009580108856


[STEP 91] Coarse TimeStep time: 1.643844314
[STEP 91] FAB kilobyte spread across MPI nodes: [105462 ... 105462]

...estimated hydro-limited timestep at level 0: 0.00958342944
...hydro-limited CFL timestep constrained at (i,j,k) = (32,32,32)
Castro::estTimeStep (hydro-limited) at level 0:  estdt = 0.00958342944

[Level 0 step 92] ADVANCE at time 0.4218551735 with dt = 0.00958342944

[1m[32m  Beginning subcycle 1 starting at time 0.4218551735 with dt = 0.00958342944[0m
  Estimated number of subcycles remaining: 1

... mhd ...!!! 

Castro::construct_old_gravity() time = 0.028058313 on level 0

Castro::do_old_sources() time = 0.037048443 on level 0

[1m[32m  Subcycle completed[0m

  Subcycling complete

  Zones advanced per microsecond at this level: 0.1076484949

[Level 0 step 92] Advanced 262144 cells
Castro::construct_new_gravity() time = 0.019783013 on level 0

Castro::do_new_sources() time = 0.045479543 on level 0


TIME= 0.431438603 MASS        = 2.772153025e+33
TIME= 0.431438603 XMOM        = -1.297964703e+38
TIME= 0.431438603 YMOM        = -3.774983365e+36
TIME= 0.431438603 ZMOM        = 8.769823425e+37
TIME= 0.431438603 ANG MOM X   = -1.00002535e+46
TIME= 0.431438603 ANG MOM Y   = -5.366725558e+45
TIME= 0.431438603 ANG MOM Z   = 5.318231554e+45
TIME= 0.431438603 RHO*e       = 2.639744356e+51
TIME= 0.431438603 RHO*K       = 4.678539976e+47
TIME= 0.431438603 RHO*E       = 2.657659914e+51
TIME= 0.431438603 RHO*PHI     = 0
TIME= 0.431438603 TOTAL ENERGY= 2.657659914e+51
TIME= 0.431438603 CENTER OF MASS X-LOC = -291568.3339
TIME= 0.431438603 CENTER OF MASS X-VEL = -46821.53877
TIME= 0.431438603 CENTER OF MASS Y-LOC = -251048.113
TIME= 0.431438603 CENTER OF MASS Y-VEL = -1361.751437
TIME= 0.431438603 CENTER OF MASS Z-LOC = -251994.7191
TIME= 0.431438603 CENTER OF MASS Z-VEL = 31635.42325
TIME= 0.431438603 MAXIMUM TEMPERATURE  = 0
TIME= 0.431438603 MAXIMUM DENSITY      = 870801461.4

STEP = 92 TIME = 0.431438603 DT = 0.00958342944


[STEP 92] Coarse TimeStep time: 2.46700136
[STEP 92] FAB kilobyte spread across MPI nodes: [105462 ... 105462]

...estimated hydro-limited timestep at level 0: 0.00958679241
...hydro-limited CFL timestep constrained at (i,j,k) = (32,32,32)
Castro::estTimeStep (hydro-limited) at level 0:  estdt = 0.00958679241

[Level 0 step 93] ADVANCE at time 0.431438603 with dt = 0.00958679241

[1m[32m  Beginning subcycle 1 starting at time 0.431438603 with dt = 0.00958679241[0m
  Estimated number of subcycles remaining: 1

... mhd ...!!! 

Castro::construct_old_gravity() time = 0.026535376 on level 0

Castro::do_old_sources() time = 0.033855232 on level 0

[1m[32m  Subcycle completed[0m

  Subcycling complete

  Zones advanced per microsecond at this level: 0.1100934704

[Level 0 step 93] Advanced 262144 cells
Castro::construct_new_gravity() time = 0.02019839 on level 0

Castro::do_new_sources() time = 0.041539076 on level 0


TIME= 0.4410253954 MASS        = 2.772279622e+33
TIME= 0.4410253954 XMOM        = -1.223077189e+38
TIME= 0.4410253954 YMOM        = -7.795590216e+36
TIME= 0.4410253954 ZMOM        = 8.416258042e+37
TIME= 0.4410253954 ANG MOM X   = -9.737923206e+45
TIME= 0.4410253954 ANG MOM Y   = -5.011251375e+45
TIME= 0.4410253954 ANG MOM Z   = 5.210905926e+45
TIME= 0.4410253954 RHO*e       = 2.639981292e+51
TIME= 0.4410253954 RHO*K       = 4.576235045e+47
TIME= 0.4410253954 RHO*E       = 2.657687753e+51
TIME= 0.4410253954 RHO*PHI     = 0
TIME= 0.4410253954 TOTAL ENERGY= 2.657687753e+51
TIME= 0.4410253954 CENTER OF MASS X-LOC = -292076.1059
TIME= 0.4410253954 CENTER OF MASS X-VEL = -44118.10334
TIME= 0.4410253954 CENTER OF MASS Y-LOC = -251309.1038
TIME= 0.4410253954 CENTER OF MASS Y-VEL = -2811.978327
TIME= 0.4410253954 CENTER OF MASS Z-LOC = -251937.5135
TIME= 0.4410253954 CENTER OF MASS Z-VEL = 30358.61886
TIME= 0.4410253954 MAXIMUM TEMPERATURE  = 0
TIME= 0.4410253954 MAXIMUM DENSITY      = 869229496.1

STEP = 93 TIME = 0.4410253954 DT = 0.00958679241


[STEP 93] Coarse TimeStep time: 2.405520356
[STEP 93] FAB kilobyte spread across MPI nodes: [105462 ... 105462]

...estimated hydro-limited timestep at level 0: 0.009590052143
...hydro-limited CFL timestep constrained at (i,j,k) = (32,32,32)
Castro::estTimeStep (hydro-limited) at level 0:  estdt = 0.009590052143

[Level 0 step 94] ADVANCE at time 0.4410253954 with dt = 0.009590052143

[1m[32m  Beginning subcycle 1 starting at time 0.4410253954 with dt = 0.009590052143[0m
  Estimated number of subcycles remaining: 1

... mhd ...!!! 

Castro::construct_old_gravity() time = 0.023721488 on level 0

Castro::do_old_sources() time = 0.037647451 on level 0

[1m[32m  Subcycle completed[0m

  Subcycling complete

  Zones advanced per microsecond at this level: 0.09774041902

[Level 0 step 94] Advanced 262144 cells
Castro::construct_new_gravity() time = 0.01908034 on level 0

Castro::do_new_sources() time = 0.049146286 on level 0


TIME= 0.4506154475 MASS        = 2.772406332e+33
TIME= 0.4506154475 XMOM        = -1.153071052e+38
TIME= 0.4506154475 YMOM        = -1.147728918e+37
TIME= 0.4506154475 ZMOM        = 8.096745627e+37
TIME= 0.4506154475 ANG MOM X   = -9.513246851e+45
TIME= 0.4506154475 ANG MOM Y   = -4.670219585e+45
TIME= 0.4506154475 ANG MOM Z   = 5.10437648e+45
TIME= 0.4506154475 RHO*e       = 2.640213527e+51
TIME= 0.4506154475 RHO*K       = 4.48015851e+47
TIME= 0.4506154475 RHO*E       = 2.657717893e+51
TIME= 0.4506154475 RHO*PHI     = 0
TIME= 0.4506154475 TOTAL ENERGY= 2.657717893e+51
TIME= 0.4506154475 CENTER OF MASS X-LOC = -292566.6444
TIME= 0.4506154475 CENTER OF MASS X-VEL = -41590.98322
TIME= 0.4506154475 CENTER OF MASS Y-LOC = -251594.4317
TIME= 0.4506154475 CENTER OF MASS Y-VEL = -4139.829379
TIME= 0.4506154475 CENTER OF MASS Z-LOC = -251899.9301
TIME= 0.4506154475 CENTER OF MASS Z-VEL = 29204.75809
TIME= 0.4506154475 MAXIMUM TEMPERATURE  = 0
TIME= 0.4506154475 MAXIMUM DENSITY      = 867692487.9

STEP = 94 TIME = 0.4506154475 DT = 0.009590052143


[STEP 94] Coarse TimeStep time: 2.718556073
[STEP 94] FAB kilobyte spread across MPI nodes: [105462 ... 105462]

...estimated hydro-limited timestep at level 0: 0.009593240199
...hydro-limited CFL timestep constrained at (i,j,k) = (32,32,32)
Castro::estTimeStep (hydro-limited) at level 0:  estdt = 0.009593240199

[Level 0 step 95] ADVANCE at time 0.4506154475 with dt = 0.009593240199

[1m[32m  Beginning subcycle 1 starting at time 0.4506154475 with dt = 0.009593240199[0m
  Estimated number of subcycles remaining: 1

... mhd ...!!! 

Castro::construct_old_gravity() time = 0.027275414 on level 0

Castro::do_old_sources() time = 0.037826021 on level 0

[1m[32m  Subcycle completed[0m

  Subcycling complete

  Zones advanced per microsecond at this level: 0.1024958289

[Level 0 step 95] Advanced 262144 cells
Castro::construct_new_gravity() time = 0.023385869 on level 0

Castro::do_new_sources() time = 0.047809058 on level 0


TIME= 0.4602086877 MASS        = 2.772533151e+33
TIME= 0.4602086877 XMOM        = -1.087289871e+38
TIME= 0.4602086877 YMOM        = -1.47993188e+37
TIME= 0.4602086877 ZMOM        = 7.811162479e+37
TIME= 0.4602086877 ANG MOM X   = -9.326810516e+45
TIME= 0.4602086877 ANG MOM Y   = -4.346735811e+45
TIME= 0.4602086877 ANG MOM Z   = 5.010440226e+45
TIME= 0.4602086877 RHO*e       = 2.640439435e+51
TIME= 0.4602086877 RHO*K       = 4.389832012e+47
TIME= 0.4602086877 RHO*E       = 2.657749739e+51
TIME= 0.4602086877 RHO*PHI     = 0
TIME= 0.4602086877 TOTAL ENERGY= 2.657749739e+51
TIME= 0.4602086877 CENTER OF MASS X-LOC = -293039.716
TIME= 0.4602086877 CENTER OF MASS X-VEL = -39216.47863
TIME= 0.4602086877 CENTER OF MASS Y-LOC = -251904.2787
TIME= 0.4602086877 CENTER OF MASS Y-VEL = -5337.832948
TIME= 0.4602086877 CENTER OF MASS Z-LOC = -251881.7398
TIME= 0.4602086877 CENTER OF MASS Z-VEL = 28173.37811
TIME= 0.4602086877 MAXIMUM TEMPERATURE  = 0
TIME= 0.4602086877 MAXIMUM DENSITY      = 866171432.1

STEP = 95 TIME = 0.4602086877 DT = 0.009593240199


[STEP 95] Coarse TimeStep time: 2.590049406
[STEP 95] FAB kilobyte spread across MPI nodes: [105462 ... 105462]

PLOTFILE: file = plt_seed55ext00095
Write plotfile time = 0.042611455  seconds

...estimated hydro-limited timestep at level 0: 0.009596412054
...hydro-limited CFL timestep constrained at (i,j,k) = (32,32,32)
Castro::estTimeStep (hydro-limited) at level 0:  estdt = 0.009596412054

[Level 0 step 96] ADVANCE at time 0.4602086877 with dt = 0.009596412054

[1m[32m  Beginning subcycle 1 starting at time 0.4602086877 with dt = 0.009596412054[0m
  Estimated number of subcycles remaining: 1

... mhd ...!!! 

Castro::construct_old_gravity() time = 0.025237276 on level 0

Castro::do_old_sources() time = 0.039458584 on level 0

[1m[32m  Subcycle completed[0m

  Subcycling complete

  Zones advanced per microsecond at this level: 0.09543851782

[Level 0 step 96] Advanced 262144 cells
Castro::construct_new_gravity() time = 0.017028539 on level 0

Castro::do_new_sources() time = 0.060976866 on level 0


TIME= 0.4698050998 MASS        = 2.772660079e+33
TIME= 0.4698050998 XMOM        = -1.025174397e+38
TIME= 0.4698050998 YMOM        = -1.775576655e+37
TIME= 0.4698050998 ZMOM        = 7.559244331e+37
TIME= 0.4698050998 ANG MOM X   = -9.17489751e+45
TIME= 0.4698050998 ANG MOM Y   = -4.040360561e+45
TIME= 0.4698050998 ANG MOM Z   = 4.937601431e+45
TIME= 0.4698050998 RHO*e       = 2.640661038e+51
TIME= 0.4698050998 RHO*K       = 4.304722506e+47
TIME= 0.4698050998 RHO*E       = 2.657784636e+51
TIME= 0.4698050998 RHO*PHI     = 0
TIME= 0.4698050998 TOTAL ENERGY= 2.657784636e+51
TIME= 0.4698050998 CENTER OF MASS X-LOC = -293497.1526
TIME= 0.4698050998 CENTER OF MASS X-VEL = -36974.39887
TIME= 0.4698050998 CENTER OF MASS Y-LOC = -252234.4162
TIME= 0.4698050998 CENTER OF MASS Y-VEL = -6403.874272
TIME= 0.4698050998 CENTER OF MASS Z-LOC = -251882.7785
TIME= 0.4698050998 CENTER OF MASS Z-VEL = 27263.50911
TIME= 0.4698050998 MAXIMUM TEMPERATURE  = 0
TIME= 0.4698050998 MAXIMUM DENSITY      = 864679085

STEP = 96 TIME = 0.4698050998 DT = 0.009596412054


[STEP 96] Coarse TimeStep time: 2.779383397
[STEP 96] FAB kilobyte spread across MPI nodes: [105462 ... 105462]

...estimated hydro-limited timestep at level 0: 0.009599663624
...hydro-limited CFL timestep constrained at (i,j,k) = (32,32,32)
Castro::estTimeStep (hydro-limited) at level 0:  estdt = 0.009599663624

[Level 0 step 97] ADVANCE at time 0.4698050998 with dt = 0.009599663624

[1m[32m  Beginning subcycle 1 starting at time 0.4698050998 with dt = 0.009599663624[0m
  Estimated number of subcycles remaining: 1

... mhd ...!!! 

Castro::construct_old_gravity() time = 0.028241788 on level 0

Castro::do_old_sources() time = 0.038340031 on level 0

[1m[32m  Subcycle completed[0m

  Subcycling complete

  Zones advanced per microsecond at this level: 0.1027325782

[Level 0 step 97] Advanced 262144 cells
Castro::construct_new_gravity() time = 0.023773535 on level 0

Castro::do_new_sources() time = 0.047759027 on level 0


TIME= 0.4794047634 MASS        = 2.772787115e+33
TIME= 0.4794047634 XMOM        = -9.662595061e+37
TIME= 0.4794047634 YMOM        = -2.035420919e+37
TIME= 0.4794047634 ZMOM        = 7.340364699e+37
TIME= 0.4794047634 ANG MOM X   = -9.055347214e+45
TIME= 0.4794047634 ANG MOM Y   = -3.749472371e+45
TIME= 0.4794047634 ANG MOM Z   = 4.85666197e+45
TIME= 0.4794047634 RHO*e       = 2.640877796e+51
TIME= 0.4794047634 RHO*K       = 4.224549019e+47
TIME= 0.4794047634 RHO*E       = 2.657821122e+51
TIME= 0.4794047634 RHO*PHI     = 0
TIME= 0.4794047634 TOTAL ENERGY= 2.657821122e+51
TIME= 0.4794047634 CENTER OF MASS X-LOC = -293939.4875
TIME= 0.4794047634 CENTER OF MASS X-VEL = -34847.9514
TIME= 0.4794047634 CENTER OF MASS Y-LOC = -252581.5259
TIME= 0.4794047634 CENTER OF MASS Y-VEL = -7340.703903
TIME= 0.4794047634 CENTER OF MASS Z-LOC = -251899.7473
TIME= 0.4794047634 CENTER OF MASS Z-VEL = 26472.87511
TIME= 0.4794047634 MAXIMUM TEMPERATURE  = 0
TIME= 0.4794047634 MAXIMUM DENSITY      = 863230012.7

STEP = 97 TIME = 0.4794047634 DT = 0.009599663624


[STEP 97] Coarse TimeStep time: 2.575636074
[STEP 97] FAB kilobyte spread across MPI nodes: [105462 ... 105462]

...estimated hydro-limited timestep at level 0: 0.009602881727
...hydro-limited CFL timestep constrained at (i,j,k) = (32,32,32)
Castro::estTimeStep (hydro-limited) at level 0:  estdt = 0.009602881727

[Level 0 step 98] ADVANCE at time 0.4794047634 with dt = 0.009602881727

[1m[32m  Beginning subcycle 1 starting at time 0.4794047634 with dt = 0.009602881727[0m
  Estimated number of subcycles remaining: 1

... mhd ...!!! 

Castro::construct_old_gravity() time = 0.022578528 on level 0

Castro::do_old_sources() time = 0.041813229 on level 0

[1m[32m  Subcycle completed[0m

  Subcycling complete

  Zones advanced per microsecond at this level: 0.09804631823

[Level 0 step 98] Advanced 262144 cells
Castro::construct_new_gravity() time = 0.017332423 on level 0

Castro::do_new_sources() time = 0.048043932 on level 0


TIME= 0.4890076451 MASS        = 2.772914257e+33
TIME= 0.4890076451 XMOM        = -9.101606198e+37
TIME= 0.4890076451 YMOM        = -2.260760287e+37
TIME= 0.4890076451 ZMOM        = 7.153501386e+37
TIME= 0.4890076451 ANG MOM X   = -8.946343867e+45
TIME= 0.4890076451 ANG MOM Y   = -3.476452725e+45
TIME= 0.4890076451 ANG MOM Z   = 4.782004812e+45
TIME= 0.4890076451 RHO*e       = 2.641091213e+51
TIME= 0.4890076451 RHO*K       = 4.14875143e+47
TIME= 0.4890076451 RHO*E       = 2.657859508e+51
TIME= 0.4890076451 RHO*PHI     = 0
TIME= 0.4890076451 TOTAL ENERGY= 2.657859508e+51
TIME= 0.4890076451 CENTER OF MASS X-LOC = -294368.5345
TIME= 0.4890076451 CENTER OF MASS X-VEL = -32823.25147
TIME= 0.4890076451 CENTER OF MASS Y-LOC = -252945.1136
TIME= 0.4890076451 CENTER OF MASS Y-VEL = -8153.011876
TIME= 0.4890076451 CENTER OF MASS Z-LOC = -251930.272
TIME= 0.4890076451 CENTER OF MASS Z-VEL = 25797.77347
TIME= 0.4890076451 MAXIMUM TEMPERATURE  = 0
TIME= 0.4890076451 MAXIMUM DENSITY      = 861814566.1

STEP = 98 TIME = 0.4890076451 DT = 0.009602881727


[STEP 98] Coarse TimeStep time: 2.70035901
[STEP 98] FAB kilobyte spread across MPI nodes: [105462 ... 105462]

...estimated hydro-limited timestep at level 0: 0.009606126323
...hydro-limited CFL timestep constrained at (i,j,k) = (32,32,32)
Castro::estTimeStep (hydro-limited) at level 0:  estdt = 0.009606126323

[Level 0 step 99] ADVANCE at time 0.4890076451 with dt = 0.009606126323

[1m[32m  Beginning subcycle 1 starting at time 0.4890076451 with dt = 0.009606126323[0m
  Estimated number of subcycles remaining: 1

... mhd ...!!! 

Castro::construct_old_gravity() time = 0.025518787 on level 0

Castro::do_old_sources() time = 0.036963145 on level 0

[1m[32m  Subcycle completed[0m

  Subcycling complete

  Zones advanced per microsecond at this level: 0.1002817748

[Level 0 step 99] Advanced 262144 cells
Castro::construct_new_gravity() time = 0.01748176 on level 0

Castro::do_new_sources() time = 0.044702722 on level 0


TIME= 0.4986137714 MASS        = 2.773041507e+33
TIME= 0.4986137714 XMOM        = -8.565334537e+37
TIME= 0.4986137714 YMOM        = -2.453397398e+37
TIME= 0.4986137714 ZMOM        = 6.997407276e+37
TIME= 0.4986137714 ANG MOM X   = -8.849028795e+45
TIME= 0.4986137714 ANG MOM Y   = -3.233274834e+45
TIME= 0.4986137714 ANG MOM Z   = 4.728585785e+45
TIME= 0.4986137714 RHO*e       = 2.641300981e+51
TIME= 0.4986137714 RHO*K       = 4.076871972e+47
TIME= 0.4986137714 RHO*E       = 2.6579001e+51
TIME= 0.4986137714 RHO*PHI     = 0
TIME= 0.4986137714 TOTAL ENERGY= 2.6579001e+51
TIME= 0.4986137714 CENTER OF MASS X-LOC = -294785.2553
TIME= 0.4986137714 CENTER OF MASS X-VEL = -30887.86993
TIME= 0.4986137714 CENTER OF MASS Y-LOC = -253324.0161
TIME= 0.4986137714 CENTER OF MASS Y-VEL = -8847.315815
TIME= 0.4986137714 CENTER OF MASS Z-LOC = -251973.6469
TIME= 0.4986137714 CENTER OF MASS Z-VEL = 25233.69109
TIME= 0.4986137714 MAXIMUM TEMPERATURE  = 0
TIME= 0.4986137714 MAXIMUM DENSITY      = 860433352.3

STEP = 99 TIME = 0.4986137714 DT = 0.009606126323


[STEP 99] Coarse TimeStep time: 2.638663277
[STEP 99] FAB kilobyte spread across MPI nodes: [105462 ... 105462]

...estimated hydro-limited timestep at level 0: 0.009608631833
...hydro-limited CFL timestep constrained at (i,j,k) = (32,32,33)
Castro::estTimeStep (hydro-limited) at level 0:  estdt = 0.009608631833

[Level 0 step 100] ADVANCE at time 0.4986137714 with dt = 0.009608631833

[1m[32m  Beginning subcycle 1 starting at time 0.4986137714 with dt = 0.009608631833[0m
  Estimated number of subcycles remaining: 1

... mhd ...!!! 

Castro::construct_old_gravity() time = 0.027712401 on level 0

Castro::do_old_sources() time = 0.04510067 on level 0

[1m[32m  Subcycle completed[0m

  Subcycling complete

  Zones advanced per microsecond at this level: 0.1000311619

[Level 0 step 100] Advanced 262144 cells
Castro::construct_new_gravity() time = 0.032835946 on level 0

Castro::do_new_sources() time = 0.129572082 on level 0


TIME= 0.5082224033 MASS        = 2.773168852e+33
TIME= 0.5082224033 XMOM        = -8.050726771e+37
TIME= 0.5082224033 YMOM        = -2.615786568e+37
TIME= 0.5082224033 ZMOM        = 6.870161767e+37
TIME= 0.5082224033 ANG MOM X   = -8.746676395e+45
TIME= 0.5082224033 ANG MOM Y   = -3.021468531e+45
TIME= 0.5082224033 ANG MOM Z   = 4.709295889e+45
TIME= 0.5082224033 RHO*e       = 2.641508122e+51
TIME= 0.5082224033 RHO*K       = 4.008753855e+47
TIME= 0.5082224033 RHO*E       = 2.657942488e+51
TIME= 0.5082224033 RHO*PHI     = 0
TIME= 0.5082224033 TOTAL ENERGY= 2.657942488e+51
TIME= 0.5082224033 CENTER OF MASS X-LOC = -295189.8562
TIME= 0.5082224033 CENTER OF MASS X-VEL = -29030.78464
TIME= 0.5082224033 CENTER OF MASS Y-LOC = -253716.5
TIME= 0.5082224033 CENTER OF MASS Y-VEL = -9432.482147
TIME= 0.5082224033 CENTER OF MASS Z-LOC = -252025.8101
TIME= 0.5082224033 CENTER OF MASS Z-VEL = 24773.6872
TIME= 0.5082224033 MAXIMUM TEMPERATURE  = 0
TIME= 0.5082224033 MAXIMUM DENSITY      = 859103703.7

STEP = 100 TIME = 0.5082224033 DT = 0.009608631833


[STEP 100] Coarse TimeStep time: 2.64616432
[STEP 100] FAB kilobyte spread across MPI nodes: [105462 ... 105462]

CHECKPOINT: file = chk_seed55ext00100
checkPoint() time = 0.030458545 secs.
PLOTFILE: file = plt_seed55ext00100
Write plotfile time = 0.06667514  seconds

...estimated hydro-limited timestep at level 0: 0.009610114079
...hydro-limited CFL timestep constrained at (i,j,k) = (32,32,33)
Castro::estTimeStep (hydro-limited) at level 0:  estdt = 0.009610114079

[Level 0 step 101] ADVANCE at time 0.5082224033 with dt = 0.009610114079

[1m[32m  Beginning subcycle 1 starting at time 0.5082224033 with dt = 0.009610114079[0m
  Estimated number of subcycles remaining: 1

... mhd ...!!! 

Castro::construct_old_gravity() time = 0.016104439 on level 0

Castro::do_old_sources() time = 0.029502429 on level 0

[1m[32m  Subcycle completed[0m

  Subcycling complete

  Zones advanced per microsecond at this level: 0.1441543316

[Level 0 step 101] Advanced 262144 cells
Castro::construct_new_gravity() time = 0.018530417 on level 0

Castro::do_new_sources() time = 0.041968917 on level 0


TIME= 0.5178325173 MASS        = 2.773296278e+33
TIME= 0.5178325173 XMOM        = -7.555516099e+37
TIME= 0.5178325173 YMOM        = -2.750689818e+37
TIME= 0.5178325173 ZMOM        = 6.768487687e+37
TIME= 0.5178325173 ANG MOM X   = -8.651382702e+45
TIME= 0.5178325173 ANG MOM Y   = -2.823166694e+45
TIME= 0.5178325173 ANG MOM Z   = 4.710936173e+45
TIME= 0.5178325173 RHO*e       = 2.641713158e+51
TIME= 0.5178325173 RHO*K       = 3.944153225e+47
TIME= 0.5178325173 RHO*E       = 2.657986759e+51
TIME= 0.5178325173 RHO*PHI     = 0
TIME= 0.5178325173 TOTAL ENERGY= 2.657986759e+51
TIME= 0.5178325173 CENTER OF MASS X-LOC = -295579.8341
TIME= 0.5178325173 CENTER OF MASS X-VEL = -27243.81148
TIME= 0.5178325173 CENTER OF MASS Y-LOC = -254122.1762
TIME= 0.5178325173 CENTER OF MASS Y-VEL = -9918.485232
TIME= 0.5178325173 CENTER OF MASS Z-LOC = -252082.5003
TIME= 0.5178325173 CENTER OF MASS Z-VEL = 24405.93073
TIME= 0.5178325173 MAXIMUM TEMPERATURE  = 0
TIME= 0.5178325173 MAXIMUM DENSITY      = 857798843.1

STEP = 101 TIME = 0.5178325173 DT = 0.009610114079


[STEP 101] Coarse TimeStep time: 1.847450471
[STEP 101] FAB kilobyte spread across MPI nodes: [105462 ... 105462]

...estimated hydro-limited timestep at level 0: 0.009611105777
...hydro-limited CFL timestep constrained at (i,j,k) = (32,32,33)
Castro::estTimeStep (hydro-limited) at level 0:  estdt = 0.009611105777

[Level 0 step 102] ADVANCE at time 0.5178325173 with dt = 0.009611105777

[1m[32m  Beginning subcycle 1 starting at time 0.5178325173 with dt = 0.009611105777[0m
  Estimated number of subcycles remaining: 1

... mhd ...!!! 

Castro::construct_old_gravity() time = 0.035273633 on level 0

Castro::do_old_sources() time = 0.030717482 on level 0

[1m[32m  Subcycle completed[0m

  Subcycling complete

  Zones advanced per microsecond at this level: 0.1609866616

[Level 0 step 102] Advanced 262144 cells
Castro::construct_new_gravity() time = 0.020635368 on level 0

Castro::do_new_sources() time = 0.045728793 on level 0


TIME= 0.5274436231 MASS        = 2.77342378e+33
TIME= 0.5274436231 XMOM        = -7.0787979e+37
TIME= 0.5274436231 YMOM        = -2.86106251e+37
TIME= 0.5274436231 ZMOM        = 6.688239304e+37
TIME= 0.5274436231 ANG MOM X   = -8.558895418e+45
TIME= 0.5274436231 ANG MOM Y   = -2.655137471e+45
TIME= 0.5274436231 ANG MOM Z   = 4.729553194e+45
TIME= 0.5274436231 RHO*e       = 2.641915618e+51
TIME= 0.5274436231 RHO*K       = 3.882440008e+47
TIME= 0.5274436231 RHO*E       = 2.65803264e+51
TIME= 0.5274436231 RHO*PHI     = 0
TIME= 0.5274436231 TOTAL ENERGY= 2.65803264e+51
TIME= 0.5274436231 CENTER OF MASS X-LOC = -295953.3083
TIME= 0.5274436231 CENTER OF MASS X-VEL = -25523.67925
TIME= 0.5274436231 CENTER OF MASS Y-LOC = -254538.3917
TIME= 0.5274436231 CENTER OF MASS Y-VEL = -10315.99473
TIME= 0.5274436231 CENTER OF MASS Z-LOC = -252142.1849
TIME= 0.5274436231 CENTER OF MASS Z-VEL = 24115.46101
TIME= 0.5274436231 MAXIMUM TEMPERATURE  = 0
TIME= 0.5274436231 MAXIMUM DENSITY      = 856511187

STEP = 102 TIME = 0.5274436231 DT = 0.009611105777


[STEP 102] Coarse TimeStep time: 1.651340486
[STEP 102] FAB kilobyte spread across MPI nodes: [105462 ... 105462]

...estimated hydro-limited timestep at level 0: 0.009611438044
...hydro-limited CFL timestep constrained at (i,j,k) = (32,32,33)
Castro::estTimeStep (hydro-limited) at level 0:  estdt = 0.009611438044

[Level 0 step 103] ADVANCE at time 0.5274436231 with dt = 0.009611438044

[1m[32m  Beginning subcycle 1 starting at time 0.5274436231 with dt = 0.009611438044[0m
  Estimated number of subcycles remaining: 1

... mhd ...!!! 

Castro::construct_old_gravity() time = 0.01866159 on level 0

Castro::do_old_sources() time = 0.033888851 on level 0

[1m[32m  Subcycle completed[0m

  Subcycling complete

  Zones advanced per microsecond at this level: 0.1687119258

[Level 0 step 103] Advanced 262144 cells
Castro::construct_new_gravity() time = 0.01696361 on level 0

Castro::do_new_sources() time = 0.040721352 on level 0


TIME= 0.5370550612 MASS        = 2.773551347e+33
TIME= 0.5370550612 XMOM        = -6.62027613e+37
TIME= 0.5370550612 YMOM        = -2.950270343e+37
TIME= 0.5370550612 ZMOM        = 6.625049163e+37
TIME= 0.5370550612 ANG MOM X   = -8.466908132e+45
TIME= 0.5370550612 ANG MOM Y   = -2.486873664e+45
TIME= 0.5370550612 ANG MOM Z   = 4.743693921e+45
TIME= 0.5370550612 RHO*e       = 2.642113935e+51
TIME= 0.5370550612 RHO*K       = 3.823762063e+47
TIME= 0.5370550612 RHO*E       = 2.658079087e+51
TIME= 0.5370550612 RHO*PHI     = 0
TIME= 0.5370550612 TOTAL ENERGY= 2.658079087e+51
TIME= 0.5370550612 CENTER OF MASS X-LOC = -296311.4829
TIME= 0.5370550612 CENTER OF MASS X-VEL = -23869.31158
TIME= 0.5370550612 CENTER OF MASS Y-LOC = -254962.103
TIME= 0.5370550612 CENTER OF MASS Y-VEL = -10637.15783
TIME= 0.5370550612 CENTER OF MASS Z-LOC = -252204.206
TIME= 0.5370550612 CENTER OF MASS Z-VEL = 23886.52069
TIME= 0.5370550612 MAXIMUM TEMPERATURE  = 0
TIME= 0.5370550612 MAXIMUM DENSITY      = 855260808.8

STEP = 103 TIME = 0.5370550612 DT = 0.009611438044


[STEP 103] Coarse TimeStep time: 1.573418323
[STEP 103] FAB kilobyte spread across MPI nodes: [105462 ... 105462]

...estimated hydro-limited timestep at level 0: 0.009611583769
...hydro-limited CFL timestep constrained at (i,j,k) = (32,32,33)
Castro::estTimeStep (hydro-limited) at level 0:  estdt = 0.009611583769

[Level 0 step 104] ADVANCE at time 0.5370550612 with dt = 0.009611583769

[1m[32m  Beginning subcycle 1 starting at time 0.5370550612 with dt = 0.009611583769[0m
  Estimated number of subcycles remaining: 1

... mhd ...!!! 

Castro::construct_old_gravity() time = 0.023647066 on level 0

Castro::do_old_sources() time = 0.03082654 on level 0

[1m[32m  Subcycle completed[0m

  Subcycling complete

  Zones advanced per microsecond at this level: 0.1647473894

[Level 0 step 104] Advanced 262144 cells
Castro::construct_new_gravity() time = 0.0153671 on level 0

Castro::do_new_sources() time = 0.035521969 on level 0


TIME= 0.5466666449 MASS        = 2.773678977e+33
TIME= 0.5466666449 XMOM        = -6.178943819e+37
TIME= 0.5466666449 YMOM        = -3.021485512e+37
TIME= 0.5466666449 ZMOM        = 6.574466283e+37
TIME= 0.5466666449 ANG MOM X   = -8.38696531e+45
TIME= 0.5466666449 ANG MOM Y   = -2.340983602e+45
TIME= 0.5466666449 ANG MOM Z   = 4.725041093e+45
TIME= 0.5466666449 RHO*e       = 2.642309324e+51
TIME= 0.5466666449 RHO*K       = 3.767617103e+47
TIME= 0.5466666449 RHO*E       = 2.658126345e+51
TIME= 0.5466666449 RHO*PHI     = 0
TIME= 0.5466666449 TOTAL ENERGY= 2.658126345e+51
TIME= 0.5466666449 CENTER OF MASS X-LOC = -296657.1899
TIME= 0.5466666449 CENTER OF MASS X-VEL = -22277.06909
TIME= 0.5466666449 CENTER OF MASS Y-LOC = -255392.1166
TIME= 0.5466666449 CENTER OF MASS Y-VEL = -10893.42183
TIME= 0.5466666449 CENTER OF MASS Z-LOC = -252266.3537
TIME= 0.5466666449 CENTER OF MASS Z-VEL = 23703.0541
TIME= 0.5466666449 MAXIMUM TEMPERATURE  = 0
TIME= 0.5466666449 MAXIMUM DENSITY      = 854059007.2

STEP = 104 TIME = 0.5466666449 DT = 0.009611583769


[STEP 104] Coarse TimeStep time: 1.610992516
[STEP 104] FAB kilobyte spread across MPI nodes: [105462 ... 105462]

...estimated hydro-limited timestep at level 0: 0.009611999718
...hydro-limited CFL timestep constrained at (i,j,k) = (32,32,33)
Castro::estTimeStep (hydro-limited) at level 0:  estdt = 0.009611999718

[Level 0 step 105] ADVANCE at time 0.5466666449 with dt = 0.009611999718

[1m[32m  Beginning subcycle 1 starting at time 0.5466666449 with dt = 0.009611999718[0m
  Estimated number of subcycles remaining: 1

... mhd ...!!! 

Castro::construct_old_gravity() time = 0.017555264 on level 0

Castro::do_old_sources() time = 0.031264151 on level 0

[1m[32m  Subcycle completed[0m

  Subcycling complete

  Zones advanced per microsecond at this level: 0.1632965832

[Level 0 step 105] Advanced 262144 cells
Castro::construct_new_gravity() time = 0.015135914 on level 0

Castro::do_new_sources() time = 0.037233462 on level 0


TIME= 0.5562786447 MASS        = 2.773806672e+33
TIME= 0.5562786447 XMOM        = -5.753228943e+37
TIME= 0.5562786447 YMOM        = -3.077419054e+37
TIME= 0.5562786447 ZMOM        = 6.532167656e+37
TIME= 0.5562786447 ANG MOM X   = -8.303729628e+45
TIME= 0.5562786447 ANG MOM Y   = -2.235645834e+45
TIME= 0.5562786447 ANG MOM Z   = 4.682264643e+45
TIME= 0.5562786447 RHO*e       = 2.642501065e+51
TIME= 0.5562786447 RHO*K       = 3.713796339e+47
TIME= 0.5562786447 RHO*E       = 2.658174539e+51
TIME= 0.5562786447 RHO*PHI     = 0
TIME= 0.5562786447 TOTAL ENERGY= 2.658174539e+51
TIME= 0.5562786447 CENTER OF MASS X-LOC = -296990.7202
TIME= 0.5562786447 CENTER OF MASS X-VEL = -20741.27588
TIME= 0.5562786447 CENTER OF MASS Y-LOC = -255826.1671
TIME= 0.5562786447 CENTER OF MASS Y-VEL = -11094.56937
TIME= 0.5562786447 CENTER OF MASS Z-LOC = -252325.4661
TIME= 0.5562786447 CENTER OF MASS Z-VEL = 23549.46984
TIME= 0.5562786447 MAXIMUM TEMPERATURE  = 0
TIME= 0.5562786447 MAXIMUM DENSITY      = 852890819.4

STEP = 105 TIME = 0.5562786447 DT = 0.009611999718


[STEP 105] Coarse TimeStep time: 1.633157372
[STEP 105] FAB kilobyte spread across MPI nodes: [105462 ... 105462]

PLOTFILE: file = plt_seed55ext00105
Write plotfile time = 0.038419729  seconds

...estimated hydro-limited timestep at level 0: 0.009612668384
...hydro-limited CFL timestep constrained at (i,j,k) = (32,32,33)
Castro::estTimeStep (hydro-limited) at level 0:  estdt = 0.009612668384

[Level 0 step 106] ADVANCE at time 0.5562786447 with dt = 0.009612668384

[1m[32m  Beginning subcycle 1 starting at time 0.5562786447 with dt = 0.009612668384[0m
  Estimated number of subcycles remaining: 1

... mhd ...!!! 

Castro::construct_old_gravity() time = 0.018880705 on level 0

Castro::do_old_sources() time = 0.042624755 on level 0

[1m[32m  Subcycle completed[0m

  Subcycling complete

  Zones advanced per microsecond at this level: 0.1018354171

[Level 0 step 106] Advanced 262144 cells
Castro::construct_new_gravity() time = 0.019458286 on level 0

Castro::do_new_sources() time = 0.070160744 on level 0


TIME= 0.565891313 MASS        = 2.773934436e+33
TIME= 0.565891313 XMOM        = -5.341920664e+37
TIME= 0.565891313 YMOM        = -3.119960102e+37
TIME= 0.565891313 ZMOM        = 6.4943464e+37
TIME= 0.565891313 ANG MOM X   = -8.197829072e+45
TIME= 0.565891313 ANG MOM Y   = -2.151212448e+45
TIME= 0.565891313 ANG MOM Z   = 4.634865125e+45
TIME= 0.565891313 RHO*e       = 2.642689716e+51
TIME= 0.565891313 RHO*K       = 3.662466688e+47
TIME= 0.565891313 RHO*E       = 2.658223315e+51
TIME= 0.565891313 RHO*PHI     = 0
TIME= 0.565891313 TOTAL ENERGY= 2.658223315e+51
TIME= 0.565891313 CENTER OF MASS X-LOC = -297310.5455
TIME= 0.565891313 CENTER OF MASS X-VEL = -19257.55921
TIME= 0.565891313 CENTER OF MASS Y-LOC = -256264.9917
TIME= 0.565891313 CENTER OF MASS Y-VEL = -11247.41833
TIME= 0.565891313 CENTER OF MASS Z-LOC = -252380.8711
TIME= 0.565891313 CENTER OF MASS Z-VEL = 23412.04001
TIME= 0.565891313 MAXIMUM TEMPERATURE  = 0
TIME= 0.565891313 MAXIMUM DENSITY      = 851741369.9

STEP = 106 TIME = 0.565891313 DT = 0.009612668384


[STEP 106] Coarse TimeStep time: 2.612115989
[STEP 106] FAB kilobyte spread across MPI nodes: [105462 ... 105462]

...estimated hydro-limited timestep at level 0: 0.009613501263
...hydro-limited CFL timestep constrained at (i,j,k) = (32,32,33)
Castro::estTimeStep (hydro-limited) at level 0:  estdt = 0.009613501263

[Level 0 step 107] ADVANCE at time 0.565891313 with dt = 0.009613501263

[1m[32m  Beginning subcycle 1 starting at time 0.565891313 with dt = 0.009613501263[0m
  Estimated number of subcycles remaining: 1

... mhd ...!!! 

Castro::construct_old_gravity() time = 0.021110105 on level 0

Castro::do_old_sources() time = 0.032426728 on level 0

[1m[32m  Subcycle completed[0m

  Subcycling complete

  Zones advanced per microsecond at this level: 0.09997639226

[Level 0 step 107] Advanced 262144 cells
Castro::construct_new_gravity() time = 0.020628474 on level 0

Castro::do_new_sources() time = 0.049502851 on level 0


TIME= 0.5755048143 MASS        = 2.774062271e+33
TIME= 0.5755048143 XMOM        = -4.944334777e+37
TIME= 0.5755048143 YMOM        = -3.150153568e+37
TIME= 0.5755048143 ZMOM        = 6.457970926e+37
TIME= 0.5755048143 ANG MOM X   = -8.080354187e+45
TIME= 0.5755048143 ANG MOM Y   = -2.075385992e+45
TIME= 0.5755048143 ANG MOM Z   = 4.587352424e+45
TIME= 0.5755048143 RHO*e       = 2.642876236e+51
TIME= 0.5755048143 RHO*K       = 3.61353441e+47
TIME= 0.5755048143 RHO*E       = 2.65827352e+51
TIME= 0.5755048143 RHO*PHI     = 0
TIME= 0.5755048143 TOTAL ENERGY= 2.65827352e+51
TIME= 0.5755048143 CENTER OF MASS X-LOC = -297616.5853
TIME= 0.5755048143 CENTER OF MASS X-VEL = -17823.44553
TIME= 0.5755048143 CENTER OF MASS Y-LOC = -256706.9678
TIME= 0.5755048143 CENTER OF MASS Y-VEL = -11355.74209
TIME= 0.5755048143 CENTER OF MASS Z-LOC = -252432.4289
TIME= 0.5755048143 CENTER OF MASS Z-VEL = 23279.83403
TIME= 0.5755048143 MAXIMUM TEMPERATURE  = 0
TIME= 0.5755048143 MAXIMUM DENSITY      = 850620423.1

STEP = 107 TIME = 0.5755048143 DT = 0.009613501263


[STEP 107] Coarse TimeStep time: 2.663690368
[STEP 107] FAB kilobyte spread across MPI nodes: [105462 ... 105462]

...estimated hydro-limited timestep at level 0: 0.009614301324
...hydro-limited CFL timestep constrained at (i,j,k) = (32,32,33)
Castro::estTimeStep (hydro-limited) at level 0:  estdt = 0.009614301324

[Level 0 step 108] ADVANCE at time 0.5755048143 with dt = 0.009614301324

[1m[32m  Beginning subcycle 1 starting at time 0.5755048143 with dt = 0.009614301324[0m
  Estimated number of subcycles remaining: 1

... mhd ...!!! 

Castro::construct_old_gravity() time = 0.02949098 on level 0

Castro::do_old_sources() time = 0.041388729 on level 0

[1m[32m  Subcycle completed[0m

  Subcycling complete

  Zones advanced per microsecond at this level: 0.1012956041

[Level 0 step 108] Advanced 262144 cells
Castro::construct_new_gravity() time = 0.018017241 on level 0

Castro::do_new_sources() time = 0.046261706 on level 0


TIME= 0.5851191156 MASS        = 2.774190175e+33
TIME= 0.5851191156 XMOM        = -4.559967635e+37
TIME= 0.5851191156 YMOM        = -3.168444509e+37
TIME= 0.5851191156 ZMOM        = 6.420842341e+37
TIME= 0.5851191156 ANG MOM X   = -7.959036824e+45
TIME= 0.5851191156 ANG MOM Y   = -1.995377242e+45
TIME= 0.5851191156 ANG MOM Z   = 4.543024515e+45
TIME= 0.5851191156 RHO*e       = 2.64306029e+51
TIME= 0.5851191156 RHO*K       = 3.566875315e+47
TIME= 0.5851191156 RHO*E       = 2.658324529e+51
TIME= 0.5851191156 RHO*PHI     = 0
TIME= 0.5851191156 TOTAL ENERGY= 2.658324529e+51
TIME= 0.5851191156 CENTER OF MASS X-LOC = -297909.9053
TIME= 0.5851191156 CENTER OF MASS X-VEL = -16437.11262
TIME= 0.5851191156 CENTER OF MASS Y-LOC = -257151.6111
TIME= 0.5851191156 CENTER OF MASS Y-VEL = -11421.15107
TIME= 0.5851191156 CENTER OF MASS Z-LOC = -252480.0119
TIME= 0.5851191156 CENTER OF MASS Z-VEL = 23144.92495
TIME= 0.5851191156 MAXIMUM TEMPERATURE  = 0
TIME= 0.5851191156 MAXIMUM DENSITY      = 849527423.2

STEP = 108 TIME = 0.5851191156 DT = 0.009614301324


[STEP 108] Coarse TimeStep time: 2.613230842
[STEP 108] FAB kilobyte spread across MPI nodes: [105462 ... 105462]

...estimated hydro-limited timestep at level 0: 0.009615009082
...hydro-limited CFL timestep constrained at (i,j,k) = (32,32,33)
Castro::estTimeStep (hydro-limited) at level 0:  estdt = 0.009615009082

[Level 0 step 109] ADVANCE at time 0.5851191156 with dt = 0.009615009082

[1m[32m  Beginning subcycle 1 starting at time 0.5851191156 with dt = 0.009615009082[0m
  Estimated number of subcycles remaining: 1

... mhd ...!!! 

Castro::construct_old_gravity() time = 0.028490244 on level 0

Castro::do_old_sources() time = 0.040110407 on level 0

[1m[32m  Subcycle completed[0m

  Subcycling complete

  Zones advanced per microsecond at this level: 0.09918922082

[Level 0 step 109] Advanced 262144 cells
Castro::construct_new_gravity() time = 0.018331181 on level 0

Castro::do_new_sources() time = 0.045408777 on level 0


TIME= 0.5947341247 MASS        = 2.774318148e+33
TIME= 0.5947341247 XMOM        = -4.188205932e+37
TIME= 0.5947341247 YMOM        = -3.174563366e+37
TIME= 0.5947341247 ZMOM        = 6.381439898e+37
TIME= 0.5947341247 ANG MOM X   = -7.829072517e+45
TIME= 0.5947341247 ANG MOM Y   = -1.915897078e+45
TIME= 0.5947341247 ANG MOM Z   = 4.489411652e+45
TIME= 0.5947341247 RHO*e       = 2.643242236e+51
TIME= 0.5947341247 RHO*K       = 3.522251553e+47
TIME= 0.5947341247 RHO*E       = 2.658376804e+51
TIME= 0.5947341247 RHO*PHI     = 0
TIME= 0.5947341247 TOTAL ENERGY= 2.658376804e+51
TIME= 0.5947341247 CENTER OF MASS X-LOC = -298190.4955
TIME= 0.5947341247 CENTER OF MASS X-VEL = -15096.34334
TIME= 0.5947341247 CENTER OF MASS Y-LOC = -257598.6564
TIME= 0.5947341247 CENTER OF MASS Y-VEL = -11442.67959
TIME= 0.5947341247 CENTER OF MASS Z-LOC = -252522.5529
TIME= 0.5947341247 CENTER OF MASS Z-VEL = 23001.83165
TIME= 0.5947341247 MAXIMUM TEMPERATURE  = 0
TIME= 0.5947341247 MAXIMUM DENSITY      = 848463648.9

STEP = 109 TIME = 0.5947341247 DT = 0.009615009082


[STEP 109] Coarse TimeStep time: 2.671098765
[STEP 109] FAB kilobyte spread across MPI nodes: [105462 ... 105462]

...estimated hydro-limited timestep at level 0: 0.009615631464
...hydro-limited CFL timestep constrained at (i,j,k) = (32,32,33)
Castro::estTimeStep (hydro-limited) at level 0:  estdt = 0.009615631464

[Level 0 step 110] ADVANCE at time 0.5947341247 with dt = 0.009615631464

[1m[32m  Beginning subcycle 1 starting at time 0.5947341247 with dt = 0.009615631464[0m
  Estimated number of subcycles remaining: 1

... mhd ...!!! 

Castro::construct_old_gravity() time = 0.022844852 on level 0

Castro::do_old_sources() time = 0.038895312 on level 0

[1m[32m  Subcycle completed[0m

  Subcycling complete

  Zones advanced per microsecond at this level: 0.09470095777

[Level 0 step 110] Advanced 262144 cells
Castro::construct_new_gravity() time = 0.019143682 on level 0

Castro::do_new_sources() time = 0.04823721 on level 0


TIME= 0.6043497562 MASS        = 2.774446188e+33
TIME= 0.6043497562 XMOM        = -3.828036895e+37
TIME= 0.6043497562 YMOM        = -3.167579012e+37
TIME= 0.6043497562 ZMOM        = 6.338479271e+37
TIME= 0.6043497562 ANG MOM X   = -7.693232537e+45
TIME= 0.6043497562 ANG MOM Y   = -1.839539545e+45
TIME= 0.6043497562 ANG MOM Z   = 4.438376332e+45
TIME= 0.6043497562 RHO*e       = 2.643423326e+51
TIME= 0.6043497562 RHO*K       = 3.479541939e+47
TIME= 0.6043497562 RHO*E       = 2.658431092e+51
TIME= 0.6043497562 RHO*PHI     = 0
TIME= 0.6043497562 TOTAL ENERGY= 2.658431092e+51
TIME= 0.6043497562 CENTER OF MASS X-LOC = -298459.2287
TIME= 0.6043497562 CENTER OF MASS X-VEL = -13797.48114
TIME= 0.6043497562 CENTER OF MASS Y-LOC = -258048.545
TIME= 0.6043497562 CENTER OF MASS Y-VEL = -11416.97765
TIME= 0.6043497562 CENTER OF MASS Z-LOC = -252559.2558
TIME= 0.6043497562 CENTER OF MASS Z-VEL = 22845.92614
TIME= 0.6043497562 MAXIMUM TEMPERATURE  = 0
TIME= 0.6043497562 MAXIMUM DENSITY      = 847426871.6

STEP = 110 TIME = 0.6043497562 DT = 0.009615631464


[STEP 110] Coarse TimeStep time: 2.793572538
[STEP 110] FAB kilobyte spread across MPI nodes: [105462 ... 105462]

PLOTFILE: file = plt_seed55ext00110
Write plotfile time = 0.037255644  seconds

...estimated hydro-limited timestep at level 0: 0.009616247494
...hydro-limited CFL timestep constrained at (i,j,k) = (32,32,33)
Castro::estTimeStep (hydro-limited) at level 0:  estdt = 0.009616247494

[Level 0 step 111] ADVANCE at time 0.6043497562 with dt = 0.009616247494

[1m[32m  Beginning subcycle 1 starting at time 0.6043497562 with dt = 0.009616247494[0m
  Estimated number of subcycles remaining: 1

... mhd ...!!! 

Castro::construct_old_gravity() time = 0.02450512 on level 0

Castro::do_old_sources() time = 0.039473497 on level 0

[1m[32m  Subcycle completed[0m

  Subcycling complete

  Zones advanced per microsecond at this level: 0.1006189746

[Level 0 step 111] Advanced 262144 cells
Castro::construct_new_gravity() time = 0.019016074 on level 0

Castro::do_new_sources() time = 0.046401517 on level 0


TIME= 0.6139660037 MASS        = 2.774574295e+33
TIME= 0.6139660037 XMOM        = -3.478187874e+37
TIME= 0.6139660037 YMOM        = -3.145871049e+37
TIME= 0.6139660037 ZMOM        = 6.290824381e+37
TIME= 0.6139660037 ANG MOM X   = -7.555840201e+45
TIME= 0.6139660037 ANG MOM Y   = -1.766841332e+45
TIME= 0.6139660037 ANG MOM Z   = 4.394486083e+45
TIME= 0.6139660037 RHO*e       = 2.643602056e+51
TIME= 0.6139660037 RHO*K       = 3.438559539e+47
TIME= 0.6139660037 RHO*E       = 2.658486337e+51
TIME= 0.6139660037 RHO*PHI     = 0
TIME= 0.6139660037 TOTAL ENERGY= 2.658486337e+51
TIME= 0.6139660037 CENTER OF MASS X-LOC = -298717.4427
TIME= 0.6139660037 CENTER OF MASS X-VEL = -12535.93346
TIME= 0.6139660037 CENTER OF MASS Y-LOC = -258501.7365
TIME= 0.6139660037 CENTER OF MASS Y-VEL = -11338.21161
TIME= 0.6139660037 CENTER OF MASS Z-LOC = -252589.7395
TIME= 0.6139660037 CENTER OF MASS Z-VEL = 22673.11563
TIME= 0.6139660037 MAXIMUM TEMPERATURE  = 0
TIME= 0.6139660037 MAXIMUM DENSITY      = 846410045.1

STEP = 111 TIME = 0.6139660037 DT = 0.009616247494


[STEP 111] Coarse TimeStep time: 2.631332757
[STEP 111] FAB kilobyte spread across MPI nodes: [105462 ... 105462]

...estimated hydro-limited timestep at level 0: 0.009616777393
...hydro-limited CFL timestep constrained at (i,j,k) = (32,32,33)
Castro::estTimeStep (hydro-limited) at level 0:  estdt = 0.009616777393

[Level 0 step 112] ADVANCE at time 0.6139660037 with dt = 0.009616777393

[1m[32m  Beginning subcycle 1 starting at time 0.6139660037 with dt = 0.009616777393[0m
  Estimated number of subcycles remaining: 1

... mhd ...!!! 

Castro::construct_old_gravity() time = 0.021648284 on level 0

Castro::do_old_sources() time = 0.038704245 on level 0

[1m[32m  Subcycle completed[0m

  Subcycling complete

  Zones advanced per microsecond at this level: 0.0975595874

[Level 0 step 112] Advanced 262144 cells
Castro::construct_new_gravity() time = 0.019111247 on level 0

Castro::do_new_sources() time = 0.046413364 on level 0


TIME= 0.6235827811 MASS        = 2.774702467e+33
TIME= 0.6235827811 XMOM        = -3.137460876e+37
TIME= 0.6235827811 YMOM        = -3.107617867e+37
TIME= 0.6235827811 ZMOM        = 6.237707149e+37
TIME= 0.6235827811 ANG MOM X   = -7.407564669e+45
TIME= 0.6235827811 ANG MOM Y   = -1.701998455e+45
TIME= 0.6235827811 ANG MOM Z   = 4.353561017e+45
TIME= 0.6235827811 RHO*e       = 2.643778137e+51
TIME= 0.6235827811 RHO*K       = 3.399146104e+47
TIME= 0.6235827811 RHO*E       = 2.658542059e+51
TIME= 0.6235827811 RHO*PHI     = 0
TIME= 0.6235827811 TOTAL ENERGY= 2.658542059e+51
TIME= 0.6235827811 CENTER OF MASS X-LOC = -298964.7193
TIME= 0.6235827811 CENTER OF MASS X-VEL = -11307.37769
TIME= 0.6235827811 CENTER OF MASS Y-LOC = -258956.8306
TIME= 0.6235827811 CENTER OF MASS Y-VEL = -11199.82378
TIME= 0.6235827811 CENTER OF MASS Z-LOC = -252615.1333
TIME= 0.6235827811 CENTER OF MASS Z-VEL = 22480.63432
TIME= 0.6235827811 MAXIMUM TEMPERATURE  = 0
TIME= 0.6235827811 MAXIMUM DENSITY      = 845395004.9

STEP = 112 TIME = 0.6235827811 DT = 0.009616777393


[STEP 112] Coarse TimeStep time: 2.712033778
[STEP 112] FAB kilobyte spread across MPI nodes: [105462 ... 105462]

...estimated hydro-limited timestep at level 0: 0.009617427934
...hydro-limited CFL timestep constrained at (i,j,k) = (32,32,33)
Castro::estTimeStep (hydro-limited) at level 0:  estdt = 0.009617427934

[Level 0 step 113] ADVANCE at time 0.6235827811 with dt = 0.009617427934

[1m[32m  Beginning subcycle 1 starting at time 0.6235827811 with dt = 0.009617427934[0m
  Estimated number of subcycles remaining: 1

... mhd ...!!! 

Castro::construct_old_gravity() time = 0.023043116 on level 0

Castro::do_old_sources() time = 0.035771335 on level 0

[1m[32m  Subcycle completed[0m

  Subcycling complete

  Zones advanced per microsecond at this level: 0.1030310481

[Level 0 step 113] Advanced 262144 cells
Castro::construct_new_gravity() time = 0.018845063 on level 0

Castro::do_new_sources() time = 0.04572226 on level 0


TIME= 0.633200209 MASS        = 2.774830705e+33
TIME= 0.633200209 XMOM        = -2.804734593e+37
TIME= 0.633200209 YMOM        = -3.051205596e+37
TIME= 0.633200209 ZMOM        = 6.178680945e+37
TIME= 0.633200209 ANG MOM X   = -7.253149801e+45
TIME= 0.633200209 ANG MOM Y   = -1.645301658e+45
TIME= 0.633200209 ANG MOM Z   = 4.314084716e+45
TIME= 0.633200209 RHO*e       = 2.643952422e+51
TIME= 0.633200209 RHO*K       = 3.361433921e+47
TIME= 0.633200209 RHO*E       = 2.658599112e+51
TIME= 0.633200209 RHO*PHI     = 0
TIME= 0.633200209 TOTAL ENERGY= 2.658599112e+51
TIME= 0.633200209 CENTER OF MASS X-LOC = -299202.0092
TIME= 0.633200209 CENTER OF MASS X-VEL = -10107.76833
TIME= 0.633200209 CENTER OF MASS Y-LOC = -259412.4796
TIME= 0.633200209 CENTER OF MASS Y-VEL = -10996.00632
TIME= 0.633200209 CENTER OF MASS Z-LOC = -252636.5273
TIME= 0.633200209 CENTER OF MASS Z-VEL = 22266.87536
TIME= 0.633200209 MAXIMUM TEMPERATURE  = 0
TIME= 0.633200209 MAXIMUM DENSITY      = 844387376.1

STEP = 113 TIME = 0.633200209 DT = 0.009617427934


[STEP 113] Coarse TimeStep time: 2.570942043
[STEP 113] FAB kilobyte spread across MPI nodes: [105462 ... 105462]

...estimated hydro-limited timestep at level 0: 0.009618246672
...hydro-limited CFL timestep constrained at (i,j,k) = (32,32,33)
Castro::estTimeStep (hydro-limited) at level 0:  estdt = 0.009618246672

[Level 0 step 114] ADVANCE at time 0.633200209 with dt = 0.009618246672

[1m[32m  Beginning subcycle 1 starting at time 0.633200209 with dt = 0.009618246672[0m
  Estimated number of subcycles remaining: 1

... mhd ...!!! 

Castro::construct_old_gravity() time = 0.023305409 on level 0

Castro::do_old_sources() time = 0.038448677 on level 0

[1m[32m  Subcycle completed[0m

  Subcycling complete

  Zones advanced per microsecond at this level: 0.08168753759

[Level 0 step 114] Advanced 262144 cells
Castro::construct_new_gravity() time = 0.031041468 on level 0

Castro::do_new_sources() time = 0.077569805 on level 0


TIME= 0.6428184557 MASS        = 2.774959013e+33
TIME= 0.6428184557 XMOM        = -2.479113777e+37
TIME= 0.6428184557 YMOM        = -2.975477908e+37
TIME= 0.6428184557 ZMOM        = 6.113657545e+37
TIME= 0.6428184557 ANG MOM X   = -7.100292333e+45
TIME= 0.6428184557 ANG MOM Y   = -1.597431964e+45
TIME= 0.6428184557 ANG MOM Z   = 4.280645749e+45
TIME= 0.6428184557 RHO*e       = 2.644124708e+51
TIME= 0.6428184557 RHO*K       = 3.325344251e+47
TIME= 0.6428184557 RHO*E       = 2.658656719e+51
TIME= 0.6428184557 RHO*PHI     = 0
TIME= 0.6428184557 TOTAL ENERGY= 2.658656719e+51
TIME= 0.6428184557 CENTER OF MASS X-LOC = -299429.1689
TIME= 0.6428184557 CENTER OF MASS X-VEL = -8933.875297
TIME= 0.6428184557 CENTER OF MASS Y-LOC = -259867.2829
TIME= 0.6428184557 CENTER OF MASS Y-VEL = -10722.60129
TIME= 0.6428184557 CENTER OF MASS Z-LOC = -252655.2384
TIME= 0.6428184557 CENTER OF MASS Z-VEL = 22031.52377
TIME= 0.6428184557 MAXIMUM TEMPERATURE  = 0
TIME= 0.6428184557 MAXIMUM DENSITY      = 843405898

STEP = 114 TIME = 0.6428184557 DT = 0.009618246672


[STEP 114] Coarse TimeStep time: 3.236976196
[STEP 114] FAB kilobyte spread across MPI nodes: [105462 ... 105462]

...estimated hydro-limited timestep at level 0: 0.00961960377
...hydro-limited CFL timestep constrained at (i,j,k) = (32,32,33)
Castro::estTimeStep (hydro-limited) at level 0:  estdt = 0.00961960377

[Level 0 step 115] ADVANCE at time 0.6428184557 with dt = 0.00961960377

[1m[32m  Beginning subcycle 1 starting at time 0.6428184557 with dt = 0.00961960377[0m
  Estimated number of subcycles remaining: 1

... mhd ...!!! 

Castro::construct_old_gravity() time = 0.033316663 on level 0

Castro::do_old_sources() time = 0.050234396 on level 0

[1m[32m  Subcycle completed[0m

  Subcycling complete

  Zones advanced per microsecond at this level: 0.1010069954

[Level 0 step 115] Advanced 262144 cells
Castro::construct_new_gravity() time = 0.029596371 on level 0

Castro::do_new_sources() time = 0.059802155 on level 0


TIME= 0.6524380594 MASS        = 2.775087395e+33
TIME= 0.6524380594 XMOM        = -2.160043733e+37
TIME= 0.6524380594 YMOM        = -2.879733252e+37
TIME= 0.6524380594 ZMOM        = 6.043073226e+37
TIME= 0.6524380594 ANG MOM X   = -6.946947051e+45
TIME= 0.6524380594 ANG MOM Y   = -1.551787611e+45
TIME= 0.6524380594 ANG MOM Z   = 4.248396688e+45
TIME= 0.6524380594 RHO*e       = 2.644295086e+51
TIME= 0.6524380594 RHO*K       = 3.29077171e+47
TIME= 0.6524380594 RHO*E       = 2.658715301e+51
TIME= 0.6524380594 RHO*PHI     = 0
TIME= 0.6524380594 TOTAL ENERGY= 2.658715301e+51
TIME= 0.6524380594 CENTER OF MASS X-LOC = -299645.6449
TIME= 0.6524380594 CENTER OF MASS X-VEL = -7783.696243
TIME= 0.6524380594 CENTER OF MASS Y-LOC = -260321.4268
TIME= 0.6524380594 CENTER OF MASS Y-VEL = -10377.09031
TIME= 0.6524380594 CENTER OF MASS Z-LOC = -252672.4456
TIME= 0.6524380594 CENTER OF MASS Z-VEL = 21776.15464
TIME= 0.6524380594 MAXIMUM TEMPERATURE  = 0
TIME= 0.6524380594 MAXIMUM DENSITY      = 842440422.5

STEP = 115 TIME = 0.6524380594 DT = 0.00961960377


[STEP 115] Coarse TimeStep time: 2.627112241
[STEP 115] FAB kilobyte spread across MPI nodes: [105462 ... 105462]

PLOTFILE: file = plt_seed55ext00115
Write plotfile time = 0.036071013  seconds

...estimated hydro-limited timestep at level 0: 0.009621259472
...hydro-limited CFL timestep constrained at (i,j,k) = (32,32,33)
Castro::estTimeStep (hydro-limited) at level 0:  estdt = 0.009621259472

[Level 0 step 116] ADVANCE at time 0.6524380594 with dt = 0.009621259472

[1m[32m  Beginning subcycle 1 starting at time 0.6524380594 with dt = 0.009621259472[0m
  Estimated number of subcycles remaining: 1

... mhd ...!!! 

Castro::construct_old_gravity() time = 0.025277874 on level 0

Castro::do_old_sources() time = 0.03773821 on level 0

[1m[32m  Subcycle completed[0m

  Subcycling complete

  Zones advanced per microsecond at this level: 0.1056025533

[Level 0 step 116] Advanced 262144 cells
Castro::construct_new_gravity() time = 0.02692381 on level 0

Castro::do_new_sources() time = 0.049966156 on level 0


TIME= 0.6620593189 MASS        = 2.775215858e+33
TIME= 0.6620593189 XMOM        = -1.847099793e+37
TIME= 0.6620593189 YMOM        = -2.763906782e+37
TIME= 0.6620593189 ZMOM        = 5.967540395e+37
TIME= 0.6620593189 ANG MOM X   = -6.787814731e+45
TIME= 0.6620593189 ANG MOM Y   = -1.507694206e+45
TIME= 0.6620593189 ANG MOM Z   = 4.204855729e+45
TIME= 0.6620593189 RHO*e       = 2.644463332e+51
TIME= 0.6620593189 RHO*K       = 3.257594012e+47
TIME= 0.6620593189 RHO*E       = 2.658774328e+51
TIME= 0.6620593189 RHO*PHI     = 0
TIME= 0.6620593189 TOTAL ENERGY= 2.658774328e+51
TIME= 0.6620593189 CENTER OF MASS X-LOC = -299852.513
TIME= 0.6620593189 CENTER OF MASS X-VEL = -6655.697744
TIME= 0.6620593189 CENTER OF MASS Y-LOC = -260773.524
TIME= 0.6620593189 CENTER OF MASS Y-VEL = -9959.249743
TIME= 0.6620593189 CENTER OF MASS Z-LOC = -252687.289
TIME= 0.6620593189 CENTER OF MASS Z-VEL = 21502.97743
TIME= 0.6620593189 MAXIMUM TEMPERATURE  = 0
TIME= 0.6620593189 MAXIMUM DENSITY      = 841496404.6

STEP = 116 TIME = 0.6620593189 DT = 0.009621259472


[STEP 116] Coarse TimeStep time: 2.513328965
[STEP 116] FAB kilobyte spread across MPI nodes: [105462 ... 105462]

...estimated hydro-limited timestep at level 0: 0.00962322251
...hydro-limited CFL timestep constrained at (i,j,k) = (32,32,33)
Castro::estTimeStep (hydro-limited) at level 0:  estdt = 0.00962322251

[Level 0 step 117] ADVANCE at time 0.6620593189 with dt = 0.00962322251

[1m[32m  Beginning subcycle 1 starting at time 0.6620593189 with dt = 0.00962322251[0m
  Estimated number of subcycles remaining: 1

... mhd ...!!! 

Castro::construct_old_gravity() time = 0.023743329 on level 0

Castro::do_old_sources() time = 0.032923893 on level 0

[1m[32m  Subcycle completed[0m

  Subcycling complete

  Zones advanced per microsecond at this level: 0.1195145697

[Level 0 step 117] Advanced 262144 cells
Castro::construct_new_gravity() time = 0.026990228 on level 0

Castro::do_new_sources() time = 0.048944764 on level 0


TIME= 0.6716825414 MASS        = 2.775344404e+33
TIME= 0.6716825414 XMOM        = -1.539889157e+37
TIME= 0.6716825414 YMOM        = -2.628729692e+37
TIME= 0.6716825414 ZMOM        = 5.887524405e+37
TIME= 0.6716825414 ANG MOM X   = -6.630477553e+45
TIME= 0.6716825414 ANG MOM Y   = -1.457624222e+45
TIME= 0.6716825414 ANG MOM Z   = 4.150760786e+45
TIME= 0.6716825414 RHO*e       = 2.644628549e+51
TIME= 0.6716825414 RHO*K       = 3.225754928e+47
TIME= 0.6716825414 RHO*E       = 2.658833694e+51
TIME= 0.6716825414 RHO*PHI     = 0
TIME= 0.6716825414 TOTAL ENERGY= 2.658833694e+51
TIME= 0.6716825414 CENTER OF MASS X-LOC = -300049.9618
TIME= 0.6716825414 CENTER OF MASS X-VEL = -5548.461499
TIME= 0.6716825414 CENTER OF MASS Y-LOC = -261222.1054
TIME= 0.6716825414 CENTER OF MASS Y-VEL = -9471.724261
TIME= 0.6716825414 CENTER OF MASS Z-LOC = -252699.7011
TIME= 0.6716825414 CENTER OF MASS Z-VEL = 21213.67134
TIME= 0.6716825414 MAXIMUM TEMPERATURE  = 0
TIME= 0.6716825414 MAXIMUM DENSITY      = 840566796.9

STEP = 117 TIME = 0.6716825414 DT = 0.00962322251


[STEP 117] Coarse TimeStep time: 2.232941499
[STEP 117] FAB kilobyte spread across MPI nodes: [105462 ... 105462]

...estimated hydro-limited timestep at level 0: 0.009625352539
...hydro-limited CFL timestep constrained at (i,j,k) = (32,32,33)
Castro::estTimeStep (hydro-limited) at level 0:  estdt = 0.009625352539

[Level 0 step 118] ADVANCE at time 0.6716825414 with dt = 0.009625352539

[1m[32m  Beginning subcycle 1 starting at time 0.6716825414 with dt = 0.009625352539[0m
  Estimated number of subcycles remaining: 1

... mhd ...!!! 

Castro::construct_old_gravity() time = 0.05192942 on level 0

Castro::do_old_sources() time = 0.037177754 on level 0

[1m[32m  Subcycle completed[0m

  Subcycling complete

  Zones advanced per microsecond at this level: 0.1327170878

[Level 0 step 118] Advanced 262144 cells
Castro::construct_new_gravity() time = 0.016963973 on level 0

Castro::do_new_sources() time = 0.039405325 on level 0


TIME= 0.681307894 MASS        = 2.775473036e+33
TIME= 0.681307894 XMOM        = -1.238024518e+37
TIME= 0.681307894 YMOM        = -2.47532779e+37
TIME= 0.681307894 ZMOM        = 5.803486964e+37
TIME= 0.681307894 ANG MOM X   = -6.489197612e+45
TIME= 0.681307894 ANG MOM Y   = -1.401347101e+45
TIME= 0.681307894 ANG MOM Z   = 4.105046061e+45
TIME= 0.681307894 RHO*e       = 2.644791263e+51
TIME= 0.681307894 RHO*K       = 3.195166476e+47
TIME= 0.681307894 RHO*E       = 2.658893322e+51
TIME= 0.681307894 RHO*PHI     = 0
TIME= 0.681307894 TOTAL ENERGY= 2.658893322e+51
TIME= 0.681307894 CENTER OF MASS X-LOC = -300237.5266
TIME= 0.681307894 CENTER OF MASS X-VEL = -4460.589247
TIME= 0.681307894 CENTER OF MASS Y-LOC = -261666.2045
TIME= 0.681307894 CENTER OF MASS Y-VEL = -8918.579855
TIME= 0.681307894 CENTER OF MASS Z-LOC = -252710.2629
TIME= 0.681307894 CENTER OF MASS Z-VEL = 20909.90217
TIME= 0.681307894 MAXIMUM TEMPERATURE  = 0
TIME= 0.681307894 MAXIMUM DENSITY      = 839671504.4

STEP = 118 TIME = 0.681307894 DT = 0.009625352539


[STEP 118] Coarse TimeStep time: 2.008325611
[STEP 118] FAB kilobyte spread across MPI nodes: [105462 ... 105462]

...estimated hydro-limited timestep at level 0: 0.009627766288
...hydro-limited CFL timestep constrained at (i,j,k) = (32,32,33)
Castro::estTimeStep (hydro-limited) at level 0:  estdt = 0.009627766288

[Level 0 step 119] ADVANCE at time 0.681307894 with dt = 0.009627766288

[1m[32m  Beginning subcycle 1 starting at time 0.681307894 with dt = 0.009627766288[0m
  Estimated number of subcycles remaining: 1

... mhd ...!!! 

Castro::construct_old_gravity() time = 0.02606487 on level 0

Castro::do_old_sources() time = 0.04475832 on level 0

[1m[32m  Subcycle completed[0m

  Subcycling complete

  Zones advanced per microsecond at this level: 0.09505384984

[Level 0 step 119] Advanced 262144 cells
Castro::construct_new_gravity() time = 0.019464852 on level 0

Castro::do_new_sources() time = 0.045122796 on level 0


TIME= 0.6909356602 MASS        = 2.775601756e+33
TIME= 0.6909356602 XMOM        = -9.411554401e+36
TIME= 0.6909356602 YMOM        = -2.305055351e+37
TIME= 0.6909356602 ZMOM        = 5.715998932e+37
TIME= 0.6909356602 ANG MOM X   = -6.340938348e+45
TIME= 0.6909356602 ANG MOM Y   = -1.346219142e+45
TIME= 0.6909356602 ANG MOM Z   = 4.0670515e+45
TIME= 0.6909356602 RHO*e       = 2.644952034e+51
TIME= 0.6909356602 RHO*K       = 3.165672636e+47
TIME= 0.6909356602 RHO*E       = 2.65895369e+51
TIME= 0.6909356602 RHO*PHI     = 0
TIME= 0.6909356602 TOTAL ENERGY= 2.65895369e+51
TIME= 0.6909356602 CENTER OF MASS X-LOC = -300414.7233
TIME= 0.6909356602 CENTER OF MASS X-VEL = -3390.81584
TIME= 0.6909356602 CENTER OF MASS Y-LOC = -262105.1429
TIME= 0.6909356602 CENTER OF MASS Y-VEL = -8304.704901
TIME= 0.6909356602 CENTER OF MASS Z-LOC = -252718.7631
TIME= 0.6909356602 CENTER OF MASS Z-VEL = 20593.72862
TIME= 0.6909356602 MAXIMUM TEMPERATURE  = 0
TIME= 0.6909356602 MAXIMUM DENSITY      = 838781095.9

STEP = 119 TIME = 0.6909356602 DT = 0.009627766288


[STEP 119] Coarse TimeStep time: 2.779478466
[STEP 119] FAB kilobyte spread across MPI nodes: [105462 ... 105462]

...estimated hydro-limited timestep at level 0: 0.009630468622
...hydro-limited CFL timestep constrained at (i,j,k) = (32,32,33)
Castro::estTimeStep (hydro-limited) at level 0:  estdt = 0.009630468622

[Level 0 step 120] ADVANCE at time 0.6909356602 with dt = 0.009630468622

[1m[32m  Beginning subcycle 1 starting at time 0.6909356602 with dt = 0.009630468622[0m
  Estimated number of subcycles remaining: 1

... mhd ...!!! 

Castro::construct_old_gravity() time = 0.022062997 on level 0

Castro::do_old_sources() time = 0.034417852 on level 0

[1m[32m  Subcycle completed[0m

  Subcycling complete

  Zones advanced per microsecond at this level: 0.1022075287

[Level 0 step 120] Advanced 262144 cells
Castro::construct_new_gravity() time = 0.019885672 on level 0

Castro::do_new_sources() time = 0.046980675 on level 0


TIME= 0.7005661289 MASS        = 2.77573057e+33
TIME= 0.7005661289 XMOM        = -6.49262645e+36
TIME= 0.7005661289 YMOM        = -2.119312311e+37
TIME= 0.7005661289 ZMOM        = 5.625767006e+37
TIME= 0.7005661289 ANG MOM X   = -6.192690845e+45
TIME= 0.7005661289 ANG MOM Y   = -1.289580129e+45
TIME= 0.7005661289 ANG MOM Z   = 4.032612713e+45
TIME= 0.7005661289 RHO*e       = 2.645112347e+51
TIME= 0.7005661289 RHO*K       = 3.137203976e+47
TIME= 0.7005661289 RHO*E       = 2.659015672e+51
TIME= 0.7005661289 RHO*PHI     = 0
TIME= 0.7005661289 TOTAL ENERGY= 2.659015672e+51
TIME= 0.7005661289 CENTER OF MASS X-LOC = -300581.5824
TIME= 0.7005661289 CENTER OF MASS X-VEL = -2339.069404
TIME= 0.7005661289 CENTER OF MASS Y-LOC = -262539.9754
TIME= 0.7005661289 CENTER OF MASS Y-VEL = -7635.151387
TIME= 0.7005661289 CENTER OF MASS Z-LOC = -252725.3345
TIME= 0.7005661289 CENTER OF MASS Z-VEL = 20267.69841
TIME= 0.7005661289 MAXIMUM TEMPERATURE  = 0
TIME= 0.7005661289 MAXIMUM DENSITY      = 837895760.1

STEP = 120 TIME = 0.7005661289 DT = 0.009630468622


[STEP 120] Coarse TimeStep time: 2.591192374
[STEP 120] FAB kilobyte spread across MPI nodes: [105462 ... 105462]

PLOTFILE: file = plt_seed55ext00120
Write plotfile time = 0.041229482  seconds

...estimated hydro-limited timestep at level 0: 0.00963340159
...hydro-limited CFL timestep constrained at (i,j,k) = (32,32,33)
Castro::estTimeStep (hydro-limited) at level 0:  estdt = 0.00963340159

[Level 0 step 121] ADVANCE at time 0.7005661289 with dt = 0.00963340159

[1m[32m  Beginning subcycle 1 starting at time 0.7005661289 with dt = 0.00963340159[0m
  Estimated number of subcycles remaining: 1

... mhd ...!!! 

Castro::construct_old_gravity() time = 0.024910984 on level 0

Castro::do_old_sources() time = 0.038664064 on level 0

[1m[32m  Subcycle completed[0m

  Subcycling complete

  Zones advanced per microsecond at this level: 0.1025112544

[Level 0 step 121] Advanced 262144 cells
Castro::construct_new_gravity() time = 0.027601508 on level 0

Castro::do_new_sources() time = 0.052755558 on level 0


TIME= 0.7101995305 MASS        = 2.77585948e+33
TIME= 0.7101995305 XMOM        = -3.627654038e+36
TIME= 0.7101995305 YMOM        = -1.91965001e+37
TIME= 0.7101995305 ZMOM        = 5.533867069e+37
TIME= 0.7101995305 ANG MOM X   = -6.043653697e+45
TIME= 0.7101995305 ANG MOM Y   = -1.234876545e+45
TIME= 0.7101995305 ANG MOM Z   = 4.006835311e+45
TIME= 0.7101995305 RHO*e       = 2.645270932e+51
TIME= 0.7101995305 RHO*K       = 3.109831129e+47
TIME= 0.7101995305 RHO*E       = 2.659077716e+51
TIME= 0.7101995305 RHO*PHI     = 0
TIME= 0.7101995305 TOTAL ENERGY= 2.659077716e+51
TIME= 0.7101995305 CENTER OF MASS X-LOC = -300737.9731
TIME= 0.7101995305 CENTER OF MASS X-VEL = -1306.857953
TIME= 0.7101995305 CENTER OF MASS Y-LOC = -262969.6494
TIME= 0.7101995305 CENTER OF MASS Y-VEL = -6915.515802
TIME= 0.7101995305 CENTER OF MASS Z-LOC = -252731.1272
TIME= 0.7101995305 CENTER OF MASS Z-VEL = 19935.68878
TIME= 0.7101995305 MAXIMUM TEMPERATURE  = 0
TIME= 0.7101995305 MAXIMUM DENSITY      = 837018797.6

STEP = 121 TIME = 0.7101995305 DT = 0.00963340159


[STEP 121] Coarse TimeStep time: 2.584804333
[STEP 121] FAB kilobyte spread across MPI nodes: [105462 ... 105462]

...estimated hydro-limited timestep at level 0: 0.009636421925
...hydro-limited CFL timestep constrained at (i,j,k) = (32,32,33)
Castro::estTimeStep (hydro-limited) at level 0:  estdt = 0.009636421925

[Level 0 step 122] ADVANCE at time 0.7101995305 with dt = 0.009636421925

[1m[32m  Beginning subcycle 1 starting at time 0.7101995305 with dt = 0.009636421925[0m
  Estimated number of subcycles remaining: 1

... mhd ...!!! 

Castro::construct_old_gravity() time = 0.030501723 on level 0

Castro::do_old_sources() time = 0.047230977 on level 0

[1m[32m  Subcycle completed[0m

  Subcycling complete

  Zones advanced per microsecond at this level: 0.09220230074

[Level 0 step 122] Advanced 262144 cells
Castro::construct_new_gravity() time = 0.018221805 on level 0

Castro::do_new_sources() time = 0.041801222 on level 0


TIME= 0.7198359524 MASS        = 2.775988486e+33
TIME= 0.7198359524 XMOM        = -8.236910975e+35
TIME= 0.7198359524 YMOM        = -1.707899003e+37
TIME= 0.7198359524 ZMOM        = 5.441906933e+37
TIME= 0.7198359524 ANG MOM X   = -5.893433134e+45
TIME= 0.7198359524 ANG MOM Y   = -1.186978667e+45
TIME= 0.7198359524 ANG MOM Z   = 3.998034354e+45
TIME= 0.7198359524 RHO*e       = 2.645428209e+51
TIME= 0.7198359524 RHO*K       = 3.083485544e+47
TIME= 0.7198359524 RHO*E       = 2.659139746e+51
TIME= 0.7198359524 RHO*PHI     = 0
TIME= 0.7198359524 TOTAL ENERGY= 2.659139746e+51
TIME= 0.7198359524 CENTER OF MASS X-LOC = -300884.0887
TIME= 0.7198359524 CENTER OF MASS X-VEL = -296.7199257
TIME= 0.7198359524 CENTER OF MASS Y-LOC = -263394.3398
TIME= 0.7198359524 CENTER OF MASS Y-VEL = -6152.399448
TIME= 0.7198359524 CENTER OF MASS Z-LOC = -252737.1751
TIME= 0.7198359524 CENTER OF MASS Z-VEL = 19603.49245
TIME= 0.7198359524 MAXIMUM TEMPERATURE  = 0
TIME= 0.7198359524 MAXIMUM DENSITY      = 836154681.3

STEP = 122 TIME = 0.7198359524 DT = 0.009636421925


[STEP 122] Coarse TimeStep time: 2.870705716
[STEP 122] FAB kilobyte spread across MPI nodes: [105462 ... 105462]

...estimated hydro-limited timestep at level 0: 0.00963948205
...hydro-limited CFL timestep constrained at (i,j,k) = (32,32,33)
Castro::estTimeStep (hydro-limited) at level 0:  estdt = 0.00963948205

[Level 0 step 123] ADVANCE at time 0.7198359524 with dt = 0.00963948205

[1m[32m  Beginning subcycle 1 starting at time 0.7198359524 with dt = 0.00963948205[0m
  Estimated number of subcycles remaining: 1

... mhd ...!!! 

Castro::construct_old_gravity() time = 0.026619457 on level 0

Castro::do_old_sources() time = 0.041510571 on level 0

[1m[32m  Subcycle completed[0m

  Subcycling complete

  Zones advanced per microsecond at this level: 0.09617353485

[Level 0 step 123] Advanced 262144 cells
Castro::construct_new_gravity() time = 0.020361066 on level 0

Castro::do_new_sources() time = 0.048856383 on level 0


TIME= 0.7294754344 MASS        = 2.77611759e+33
TIME= 0.7294754344 XMOM        = 1.911357803e+36
TIME= 0.7294754344 YMOM        = -1.486025841e+37
TIME= 0.7294754344 ZMOM        = 5.35166064e+37
TIME= 0.7294754344 ANG MOM X   = -5.754657569e+45
TIME= 0.7294754344 ANG MOM Y   = -1.141153075e+45
TIME= 0.7294754344 ANG MOM Z   = 3.991013918e+45
TIME= 0.7294754344 RHO*e       = 2.645585509e+51
TIME= 0.7294754344 RHO*K       = 3.057976569e+47
TIME= 0.7294754344 RHO*E       = 2.659203937e+51
TIME= 0.7294754344 RHO*PHI     = 0
TIME= 0.7294754344 TOTAL ENERGY= 2.659203937e+51
TIME= 0.7294754344 CENTER OF MASS X-LOC = -301020.0008
TIME= 0.7294754344 CENTER OF MASS X-VEL = 688.5003031
TIME= 0.7294754344 CENTER OF MASS Y-LOC = -263814.2541
TIME= 0.7294754344 CENTER OF MASS Y-VEL = -5352.892278
TIME= 0.7294754344 CENTER OF MASS Z-LOC = -252744.7532
TIME= 0.7294754344 CENTER OF MASS Z-VEL = 19277.49984
TIME= 0.7294754344 MAXIMUM TEMPERATURE  = 0
TIME= 0.7294754344 MAXIMUM DENSITY      = 835300660.8

STEP = 123 TIME = 0.7294754344 DT = 0.00963948205


[STEP 123] Coarse TimeStep time: 2.756370881
[STEP 123] FAB kilobyte spread across MPI nodes: [105462 ... 105462]

...estimated hydro-limited timestep at level 0: 0.009640868093
...hydro-limited CFL timestep constrained at (i,j,k) = (32,32,32)
Castro::estTimeStep (hydro-limited) at level 0:  estdt = 0.009640868093

[Level 0 step 124] ADVANCE at time 0.7294754344 with dt = 0.009640868093

[1m[32m  Beginning subcycle 1 starting at time 0.7294754344 with dt = 0.009640868093[0m
  Estimated number of subcycles remaining: 1

... mhd ...!!! 

Castro::construct_old_gravity() time = 0.024039115 on level 0

Castro::do_old_sources() time = 0.035862139 on level 0

[1m[32m  Subcycle completed[0m

  Subcycling complete

  Zones advanced per microsecond at this level: 0.1023954328

[Level 0 step 124] Advanced 262144 cells
Castro::construct_new_gravity() time = 0.019727252 on level 0

Castro::do_new_sources() time = 0.048687804 on level 0


TIME= 0.7391163025 MASS        = 2.77624677e+33
TIME= 0.7391163025 XMOM        = 4.571093846e+36
TIME= 0.7391163025 YMOM        = -1.256101008e+37
TIME= 0.7391163025 ZMOM        = 5.264743908e+37
TIME= 0.7391163025 ANG MOM X   = -5.609011751e+45
TIME= 0.7391163025 ANG MOM Y   = -1.09959031e+45
TIME= 0.7391163025 ANG MOM Z   = 3.985809887e+45
TIME= 0.7391163025 RHO*e       = 2.64574221e+51
TIME= 0.7391163025 RHO*K       = 3.033261927e+47
TIME= 0.7391163025 RHO*E       = 2.659269358e+51
TIME= 0.7391163025 RHO*PHI     = 0
TIME= 0.7391163025 TOTAL ENERGY= 2.659269358e+51
TIME= 0.7391163025 CENTER OF MASS X-LOC = -301146.163
TIME= 0.7391163025 CENTER OF MASS X-VEL = 1646.501275
TIME= 0.7391163025 CENTER OF MASS Y-LOC = -264228.7327
TIME= 0.7391163025 CENTER OF MASS Y-VEL = -4524.457343
TIME= 0.7391163025 CENTER OF MASS Z-LOC = -252753.3787
TIME= 0.7391163025 CENTER OF MASS Z-VEL = 18963.53006
TIME= 0.7391163025 MAXIMUM TEMPERATURE  = 0
TIME= 0.7391163025 MAXIMUM DENSITY      = 834463715.8

STEP = 124 TIME = 0.7391163025 DT = 0.009640868093


[STEP 124] Coarse TimeStep time: 2.596463722
[STEP 124] FAB kilobyte spread across MPI nodes: [105462 ... 105462]

...estimated hydro-limited timestep at level 0: 0.009642053921
...hydro-limited CFL timestep constrained at (i,j,k) = (32,32,32)
Castro::estTimeStep (hydro-limited) at level 0:  estdt = 0.009642053921

[Level 0 step 125] ADVANCE at time 0.7391163025 with dt = 0.009642053921

[1m[32m  Beginning subcycle 1 starting at time 0.7391163025 with dt = 0.009642053921[0m
  Estimated number of subcycles remaining: 1

... mhd ...!!! 

Castro::construct_old_gravity() time = 0.026355017 on level 0

Castro::do_old_sources() time = 0.039439977 on level 0

[1m[32m  Subcycle completed[0m

  Subcycling complete

  Zones advanced per microsecond at this level: 0.09925273918

[Level 0 step 125] Advanced 262144 cells
Castro::construct_new_gravity() time = 0.017229629 on level 0

Castro::do_new_sources() time = 0.042565457 on level 0


TIME= 0.7487583564 MASS        = 2.776376021e+33
TIME= 0.7487583564 XMOM        = 7.151310769e+36
TIME= 0.7487583564 YMOM        = -1.0201308e+37
TIME= 0.7487583564 ZMOM        = 5.182355153e+37
TIME= 0.7487583564 ANG MOM X   = -5.474232475e+45
TIME= 0.7487583564 ANG MOM Y   = -1.065846776e+45
TIME= 0.7487583564 ANG MOM Z   = 3.980859066e+45
TIME= 0.7487583564 RHO*e       = 2.645897883e+51
TIME= 0.7487583564 RHO*K       = 3.009390582e+47
TIME= 0.7487583564 RHO*E       = 2.659335519e+51
TIME= 0.7487583564 RHO*PHI     = 0
TIME= 0.7487583564 TOTAL ENERGY= 2.659335519e+51
TIME= 0.7487583564 CENTER OF MASS X-LOC = -301262.0326
TIME= 0.7487583564 CENTER OF MASS X-VEL = 2575.771695
TIME= 0.7487583564 CENTER OF MASS Y-LOC = -264638.0691
TIME= 0.7487583564 CENTER OF MASS Y-VEL = -3674.325063
TIME= 0.7487583564 CENTER OF MASS Z-LOC = -252762.6961
TIME= 0.7487583564 CENTER OF MASS Z-VEL = 18665.89797
TIME= 0.7487583564 MAXIMUM TEMPERATURE  = 0
TIME= 0.7487583564 MAXIMUM DENSITY      = 833640258.1

STEP = 125 TIME = 0.7487583564 DT = 0.009642053921


[STEP 125] Coarse TimeStep time: 2.668319453
[STEP 125] FAB kilobyte spread across MPI nodes: [105462 ... 105462]

PLOTFILE: file = plt_seed55ext00125
Write plotfile time = 0.034509375  seconds

...estimated hydro-limited timestep at level 0: 0.009643310558
...hydro-limited CFL timestep constrained at (i,j,k) = (32,32,32)
Castro::estTimeStep (hydro-limited) at level 0:  estdt = 0.009643310558

[Level 0 step 126] ADVANCE at time 0.7487583564 with dt = 0.009643310558

[1m[32m  Beginning subcycle 1 starting at time 0.7487583564 with dt = 0.009643310558[0m
  Estimated number of subcycles remaining: 1

... mhd ...!!! 

Castro::construct_old_gravity() time = 0.025040587 on level 0

Castro::do_old_sources() time = 0.042920341 on level 0

[1m[32m  Subcycle completed[0m

  Subcycling complete

  Zones advanced per microsecond at this level: 0.09500225439

[Level 0 step 126] Advanced 262144 cells
Castro::construct_new_gravity() time = 0.030902055 on level 0

Castro::do_new_sources() time = 0.059600688 on level 0


TIME= 0.758401667 MASS        = 2.776505345e+33
TIME= 0.758401667 XMOM        = 9.647521719e+36
TIME= 0.758401667 YMOM        = -7.801156953e+36
TIME= 0.758401667 ZMOM        = 5.105188034e+37
TIME= 0.758401667 ANG MOM X   = -5.33734516e+45
TIME= 0.758401667 ANG MOM Y   = -1.031139464e+45
TIME= 0.758401667 ANG MOM Z   = 3.992127028e+45
TIME= 0.758401667 RHO*e       = 2.646050798e+51
TIME= 0.758401667 RHO*K       = 2.986272553e+47
TIME= 0.758401667 RHO*E       = 2.659401339e+51
TIME= 0.758401667 RHO*PHI     = 0
TIME= 0.758401667 TOTAL ENERGY= 2.659401339e+51
TIME= 0.758401667 CENTER OF MASS X-LOC = -301367.2034
TIME= 0.758401667 CENTER OF MASS X-VEL = 3474.699495
TIME= 0.758401667 CENTER OF MASS Y-LOC = -265041.4739
TIME= 0.758401667 CENTER OF MASS Y-VEL = -2809.703561
TIME= 0.758401667 CENTER OF MASS Z-LOC = -252772.4223
TIME= 0.758401667 CENTER OF MASS Z-VEL = 18387.09961
TIME= 0.758401667 MAXIMUM TEMPERATURE  = 0
TIME= 0.758401667 MAXIMUM DENSITY      = 832831224.6

STEP = 126 TIME = 0.758401667 DT = 0.009643310558


[STEP 126] Coarse TimeStep time: 2.792046511
[STEP 126] FAB kilobyte spread across MPI nodes: [105462 ... 105462]

...estimated hydro-limited timestep at level 0: 0.009644632159
...hydro-limited CFL timestep constrained at (i,j,k) = (32,32,32)
Castro::estTimeStep (hydro-limited) at level 0:  estdt = 0.009644632159

[Level 0 step 127] ADVANCE at time 0.758401667 with dt = 0.009644632159

[1m[32m  Beginning subcycle 1 starting at time 0.758401667 with dt = 0.009644632159[0m
  Estimated number of subcycles remaining: 1

... mhd ...!!! 

Castro::construct_old_gravity() time = 0.164508589 on level 0

Castro::do_old_sources() time = 0.066201347 on level 0

[1m[32m  Subcycle completed[0m

  Subcycling complete

  Zones advanced per microsecond at this level: 0.07938456429

[Level 0 step 127] Advanced 262144 cells
Castro::construct_new_gravity() time = 0.021890389 on level 0

Castro::do_new_sources() time = 0.050456231 on level 0


TIME= 0.7680462992 MASS        = 2.776634742e+33
TIME= 0.7680462992 XMOM        = 1.205769763e+37
TIME= 0.7680462992 YMOM        = -5.382525981e+36
TIME= 0.7680462992 ZMOM        = 5.033287277e+37
TIME= 0.7680462992 ANG MOM X   = -5.200736237e+45
TIME= 0.7680462992 ANG MOM Y   = -9.970551903e+44
TIME= 0.7680462992 ANG MOM Z   = 4.018182728e+45
TIME= 0.7680462992 RHO*e       = 2.646202876e+51
TIME= 0.7680462992 RHO*K       = 2.964012702e+47
TIME= 0.7680462992 RHO*E       = 2.659467489e+51
TIME= 0.7680462992 RHO*PHI     = 0
TIME= 0.7680462992 TOTAL ENERGY= 2.659467489e+51
TIME= 0.7680462992 CENTER OF MASS X-LOC = -301462.9733
TIME= 0.7680462992 CENTER OF MASS X-VEL = 4342.558079
TIME= 0.7680462992 CENTER OF MASS Y-LOC = -265436.7188
TIME= 0.7680462992 CENTER OF MASS Y-VEL = -1938.507035
TIME= 0.7680462992 CENTER OF MASS Z-LOC = -252781.1271
TIME= 0.7680462992 CENTER OF MASS Z-VEL = 18127.29345
TIME= 0.7680462992 MAXIMUM TEMPERATURE  = 0
TIME= 0.7680462992 MAXIMUM DENSITY      = 832036095.5

STEP = 127 TIME = 0.7680462992 DT = 0.009644632159


[STEP 127] Coarse TimeStep time: 3.336847946
[STEP 127] FAB kilobyte spread across MPI nodes: [105462 ... 105462]

...estimated hydro-limited timestep at level 0: 0.009646024952
...hydro-limited CFL timestep constrained at (i,j,k) = (32,32,32)
Castro::estTimeStep (hydro-limited) at level 0:  estdt = 0.009646024952

[Level 0 step 128] ADVANCE at time 0.7680462992 with dt = 0.009646024952

[1m[32m  Beginning subcycle 1 starting at time 0.7680462992 with dt = 0.009646024952[0m
  Estimated number of subcycles remaining: 1

... mhd ...!!! 

Castro::construct_old_gravity() time = 0.039651026 on level 0

Castro::do_old_sources() time = 0.054573838 on level 0

[1m[32m  Subcycle completed[0m

  Subcycling complete

  Zones advanced per microsecond at this level: 0.09505619308

[Level 0 step 128] Advanced 262144 cells
Castro::construct_new_gravity() time = 0.016481605 on level 0

Castro::do_new_sources() time = 0.039263945 on level 0


TIME= 0.7776923241 MASS        = 2.776764215e+33
TIME= 0.7776923241 XMOM        = 1.438621539e+37
TIME= 0.7776923241 YMOM        = -2.963367966e+36
TIME= 0.7776923241 ZMOM        = 4.966274023e+37
TIME= 0.7776923241 ANG MOM X   = -5.070243113e+45
TIME= 0.7776923241 ANG MOM Y   = -9.652175567e+44
TIME= 0.7776923241 ANG MOM Z   = 4.051950508e+45
TIME= 0.7776923241 RHO*e       = 2.646353242e+51
TIME= 0.7776923241 RHO*K       = 2.942476756e+47
TIME= 0.7776923241 RHO*E       = 2.659533837e+51
TIME= 0.7776923241 RHO*PHI     = 0
TIME= 0.7776923241 TOTAL ENERGY= 2.659533837e+51
TIME= 0.7776923241 CENTER OF MASS X-LOC = -301550.2771
TIME= 0.7776923241 CENTER OF MASS X-VEL = 5180.92797
TIME= 0.7776923241 CENTER OF MASS Y-LOC = -265825.0676
TIME= 0.7776923241 CENTER OF MASS Y-VEL = -1067.201871
TIME= 0.7776923241 CENTER OF MASS Z-LOC = -252788.5766
TIME= 0.7776923241 CENTER OF MASS Z-VEL = 17885.11245
TIME= 0.7776923241 MAXIMUM TEMPERATURE  = 0
TIME= 0.7776923241 MAXIMUM DENSITY      = 831254944.7

STEP = 128 TIME = 0.7776923241 DT = 0.009646024952


[STEP 128] Coarse TimeStep time: 2.787269154
[STEP 128] FAB kilobyte spread across MPI nodes: [105462 ... 105462]

...estimated hydro-limited timestep at level 0: 0.009647537727
...hydro-limited CFL timestep constrained at (i,j,k) = (32,32,32)
Castro::estTimeStep (hydro-limited) at level 0:  estdt = 0.009647537727

[Level 0 step 129] ADVANCE at time 0.7776923241 with dt = 0.009647537727

[1m[32m  Beginning subcycle 1 starting at time 0.7776923241 with dt = 0.009647537727[0m
  Estimated number of subcycles remaining: 1

... mhd ...!!! 

Castro::construct_old_gravity() time = 0.033646549 on level 0

Castro::do_old_sources() time = 0.041730319 on level 0

[1m[32m  Subcycle completed[0m

  Subcycling complete

  Zones advanced per microsecond at this level: 0.09995219175

[Level 0 step 129] Advanced 262144 cells
Castro::construct_new_gravity() time = 0.018247464 on level 0

Castro::do_new_sources() time = 0.042077086 on level 0


TIME= 0.7873398618 MASS        = 2.776893763e+33
TIME= 0.7873398618 XMOM        = 1.663995417e+37
TIME= 0.7873398618 YMOM        = -5.545715923e+35
TIME= 0.7873398618 ZMOM        = 4.903762604e+37
TIME= 0.7873398618 ANG MOM X   = -4.934257104e+45
TIME= 0.7873398618 ANG MOM Y   = -9.347689987e+44
TIME= 0.7873398618 ANG MOM Z   = 4.071117713e+45
TIME= 0.7873398618 RHO*e       = 2.646501879e+51
TIME= 0.7873398618 RHO*K       = 2.921624373e+47
TIME= 0.7873398618 RHO*E       = 2.659600499e+51
TIME= 0.7873398618 RHO*PHI     = 0
TIME= 0.7873398618 TOTAL ENERGY= 2.659600499e+51
TIME= 0.7873398618 CENTER OF MASS X-LOC = -301629.2631
TIME= 0.7873398618 CENTER OF MASS X-VEL = 5992.290518
TIME= 0.7873398618 CENTER OF MASS Y-LOC = -266205.5807
TIME= 0.7873398618 CENTER OF MASS Y-VEL = -199.7093298
TIME= 0.7873398618 CENTER OF MASS Z-LOC = -252794.9301
TIME= 0.7873398618 CENTER OF MASS Z-VEL = 17659.16532
TIME= 0.7873398618 MAXIMUM TEMPERATURE  = 0
TIME= 0.7873398618 MAXIMUM DENSITY      = 830482566

STEP = 129 TIME = 0.7873398618 DT = 0.009647537727


[STEP 129] Coarse TimeStep time: 2.6487802
[STEP 129] FAB kilobyte spread across MPI nodes: [105462 ... 105462]

...estimated hydro-limited timestep at level 0: 0.009649117925
...hydro-limited CFL timestep constrained at (i,j,k) = (32,32,32)
Castro::estTimeStep (hydro-limited) at level 0:  estdt = 0.009649117925

[Level 0 step 130] ADVANCE at time 0.7873398618 with dt = 0.009649117925

[1m[32m  Beginning subcycle 1 starting at time 0.7873398618 with dt = 0.009649117925[0m
  Estimated number of subcycles remaining: 1

... mhd ...!!! 

Castro::construct_old_gravity() time = 0.025574104 on level 0

Castro::do_old_sources() time = 0.046621154 on level 0

[1m[32m  Subcycle completed[0m

  Subcycling complete

  Zones advanced per microsecond at this level: 0.1373797825

[Level 0 step 130] Advanced 262144 cells
Castro::construct_new_gravity() time = 0.030026256 on level 0

Castro::do_new_sources() time = 0.053741444 on level 0


TIME= 0.7969889798 MASS        = 2.777023388e+33
TIME= 0.7969889798 XMOM        = 1.882409076e+37
TIME= 0.7969889798 YMOM        = 1.841238616e+36
TIME= 0.7969889798 ZMOM        = 4.845169247e+37
TIME= 0.7969889798 ANG MOM X   = -4.806622684e+45
TIME= 0.7969889798 ANG MOM Y   = -9.011888273e+44
TIME= 0.7969889798 ANG MOM Z   = 4.070138562e+45
TIME= 0.7969889798 RHO*e       = 2.646648805e+51
TIME= 0.7969889798 RHO*K       = 2.901434785e+47
TIME= 0.7969889798 RHO*E       = 2.659667306e+51
TIME= 0.7969889798 RHO*PHI     = 0
TIME= 0.7969889798 TOTAL ENERGY= 2.659667306e+51
TIME= 0.7969889798 CENTER OF MASS X-LOC = -301700.6446
TIME= 0.7969889798 CENTER OF MASS X-VEL = 6778.513582
TIME= 0.7969889798 CENTER OF MASS Y-LOC = -266579.3632
TIME= 0.7969889798 CENTER OF MASS Y-VEL = 663.0259666
TIME= 0.7969889798 CENTER OF MASS Z-LOC = -252800.1569
TIME= 0.7969889798 CENTER OF MASS Z-VEL = 17447.34764
TIME= 0.7969889798 MAXIMUM TEMPERATURE  = 0
TIME= 0.7969889798 MAXIMUM DENSITY      = 829714514.1

STEP = 130 TIME = 0.7969889798 DT = 0.009649117925


[STEP 130] Coarse TimeStep time: 1.934936381
[STEP 130] FAB kilobyte spread across MPI nodes: [105462 ... 105462]

PLOTFILE: file = plt_seed55ext00130
Write plotfile time = 0.03855749  seconds

...estimated hydro-limited timestep at level 0: 0.009650666424
...hydro-limited CFL timestep constrained at (i,j,k) = (32,32,32)
Castro::estTimeStep (hydro-limited) at level 0:  estdt = 0.009650666424

[Level 0 step 131] ADVANCE at time 0.7969889798 with dt = 0.009650666424

[1m[32m  Beginning subcycle 1 starting at time 0.7969889798 with dt = 0.009650666424[0m
  Estimated number of subcycles remaining: 1

... mhd ...!!! 

Castro::construct_old_gravity() time = 0.032126006 on level 0

Castro::do_old_sources() time = 0.040130734 on level 0

[1m[32m  Subcycle completed[0m

  Subcycling complete

  Zones advanced per microsecond at this level: 0.101913243

[Level 0 step 131] Advanced 262144 cells
Castro::construct_new_gravity() time = 0.018105503 on level 0

Castro::do_new_sources() time = 0.05509153 on level 0


TIME= 0.8066396462 MASS        = 2.77715309e+33
TIME= 0.8066396462 XMOM        = 2.094114332e+37
TIME= 0.8066396462 YMOM        = 4.227560275e+36
TIME= 0.8066396462 ZMOM        = 4.789932679e+37
TIME= 0.8066396462 ANG MOM X   = -4.679489911e+45
TIME= 0.8066396462 ANG MOM Y   = -8.684349032e+44
TIME= 0.8066396462 ANG MOM Z   = 4.046418278e+45
TIME= 0.8066396462 RHO*e       = 2.646793729e+51
TIME= 0.8066396462 RHO*K       = 2.881869156e+47
TIME= 0.8066396462 RHO*E       = 2.659733925e+51
TIME= 0.8066396462 RHO*PHI     = 0
TIME= 0.8066396462 TOTAL ENERGY= 2.659733925e+51
TIME= 0.8066396462 CENTER OF MASS X-LOC = -301764.7369
TIME= 0.8066396462 CENTER OF MASS X-VEL = 7540.507363
TIME= 0.8066396462 CENTER OF MASS Y-LOC = -266946.4402
TIME= 0.8066396462 CENTER OF MASS Y-VEL = 1522.264037
TIME= 0.8066396462 CENTER OF MASS Z-LOC = -252804.9935
TIME= 0.8066396462 CENTER OF MASS Z-VEL = 17247.63642
TIME= 0.8066396462 MAXIMUM TEMPERATURE  = 0
TIME= 0.8066396462 MAXIMUM DENSITY      = 828962382.7

STEP = 131 TIME = 0.8066396462 DT = 0.009650666424


[STEP 131] Coarse TimeStep time: 2.599330477
[STEP 131] FAB kilobyte spread across MPI nodes: [105462 ... 105462]

...estimated hydro-limited timestep at level 0: 0.009652366071
...hydro-limited CFL timestep constrained at (i,j,k) = (32,32,32)
Castro::estTimeStep (hydro-limited) at level 0:  estdt = 0.009652366071

[Level 0 step 132] ADVANCE at time 0.8066396462 with dt = 0.009652366071

[1m[32m  Beginning subcycle 1 starting at time 0.8066396462 with dt = 0.009652366071[0m
  Estimated number of subcycles remaining: 1

... mhd ...!!! 

Castro::construct_old_gravity() time = 0.026106682 on level 0

Castro::do_old_sources() time = 0.036591165 on level 0

[1m[32m  Subcycle completed[0m

  Subcycling complete

  Zones advanced per microsecond at this level: 0.1017854071

[Level 0 step 132] Advanced 262144 cells
Castro::construct_new_gravity() time = 0.020667755 on level 0

Castro::do_new_sources() time = 0.042812006 on level 0


TIME= 0.8162920123 MASS        = 2.77728287e+33
TIME= 0.8162920123 XMOM        = 2.298960622e+37
TIME= 0.8162920123 YMOM        = 6.6110324e+36
TIME= 0.8162920123 ZMOM        = 4.737557424e+37
TIME= 0.8162920123 ANG MOM X   = -4.549366929e+45
TIME= 0.8162920123 ANG MOM Y   = -8.274162507e+44
TIME= 0.8162920123 ANG MOM Z   = 4.001835957e+45
TIME= 0.8162920123 RHO*e       = 2.646938544e+51
TIME= 0.8162920123 RHO*K       = 2.862832384e+47
TIME= 0.8162920123 RHO*E       = 2.65980127e+51
TIME= 0.8162920123 RHO*PHI     = 0
TIME= 0.8162920123 TOTAL ENERGY= 2.65980127e+51
TIME= 0.8162920123 CENTER OF MASS X-LOC = -301821.136
TIME= 0.8162920123 CENTER OF MASS X-VEL = 8277.733059
TIME= 0.8162920123 CENTER OF MASS Y-LOC = -267307.81
TIME= 0.8162920123 CENTER OF MASS Y-VEL = 2380.395772
TIME= 0.8162920123 CENTER OF MASS Z-LOC = -252808.9524
TIME= 0.8162920123 CENTER OF MASS Z-VEL = 17058.24594
TIME= 0.8162920123 MAXIMUM TEMPERATURE  = 0
TIME= 0.8162920123 MAXIMUM DENSITY      = 828225422

STEP = 132 TIME = 0.8162920123 DT = 0.009652366071


[STEP 132] Coarse TimeStep time: 2.602264408
[STEP 132] FAB kilobyte spread across MPI nodes: [105462 ... 105462]

...estimated hydro-limited timestep at level 0: 0.009654081391
...hydro-limited CFL timestep constrained at (i,j,k) = (32,32,32)
Castro::estTimeStep (hydro-limited) at level 0:  estdt = 0.009654081391

[Level 0 step 133] ADVANCE at time 0.8162920123 with dt = 0.009654081391

[1m[32m  Beginning subcycle 1 starting at time 0.8162920123 with dt = 0.009654081391[0m
  Estimated number of subcycles remaining: 1

... mhd ...!!! 

Castro::construct_old_gravity() time = 0.021998664 on level 0

Castro::do_old_sources() time = 0.030739964 on level 0

[1m[32m  Subcycle completed[0m

  Subcycling complete

  Zones advanced per microsecond at this level: 0.1024034036

[Level 0 step 133] Advanced 262144 cells
Castro::construct_new_gravity() time = 0.023851743 on level 0

Castro::do_new_sources() time = 0.050211952 on level 0


TIME= 0.8259460936 MASS        = 2.777412728e+33
TIME= 0.8259460936 XMOM        = 2.496759542e+37
TIME= 0.8259460936 YMOM        = 8.995412881e+36
TIME= 0.8259460936 ZMOM        = 4.687456045e+37
TIME= 0.8259460936 ANG MOM X   = -4.418889688e+45
TIME= 0.8259460936 ANG MOM Y   = -7.771259149e+44
TIME= 0.8259460936 ANG MOM Z   = 3.942284958e+45
TIME= 0.8259460936 RHO*e       = 2.647082151e+51
TIME= 0.8259460936 RHO*K       = 2.844332263e+47
TIME= 0.8259460936 RHO*E       = 2.659869365e+51
TIME= 0.8259460936 RHO*PHI     = 0
TIME= 0.8259460936 TOTAL ENERGY= 2.659869365e+51
TIME= 0.8259460936 CENTER OF MASS X-LOC = -301870.5055
TIME= 0.8259460936 CENTER OF MASS X-VEL = 8989.515736
TIME= 0.8259460936 CENTER OF MASS Y-LOC = -267661.4647
TIME= 0.8259460936 CENTER OF MASS Y-VEL = 3238.77427
TIME= 0.8259460936 CENTER OF MASS Z-LOC = -252812.4372
TIME= 0.8259460936 CENTER OF MASS Z-VEL = 16877.05971
TIME= 0.8259460936 MAXIMUM TEMPERATURE  = 0
TIME= 0.8259460936 MAXIMUM DENSITY      = 827499805.5

STEP = 133 TIME = 0.8259460936 DT = 0.009654081391


[STEP 133] Coarse TimeStep time: 2.586341096
[STEP 133] FAB kilobyte spread across MPI nodes: [105462 ... 105462]

...estimated hydro-limited timestep at level 0: 0.00965564479
...hydro-limited CFL timestep constrained at (i,j,k) = (32,32,32)
Castro::estTimeStep (hydro-limited) at level 0:  estdt = 0.00965564479

[Level 0 step 134] ADVANCE at time 0.8259460936 with dt = 0.00965564479

[1m[32m  Beginning subcycle 1 starting at time 0.8259460936 with dt = 0.00965564479[0m
  Estimated number of subcycles remaining: 1

... mhd ...!!! 

Castro::construct_old_gravity() time = 0.022886028 on level 0

Castro::do_old_sources() time = 0.034670518 on level 0

[1m[32m  Subcycle completed[0m

  Subcycling complete

  Zones advanced per microsecond at this level: 0.09660729895

[Level 0 step 134] Advanced 262144 cells
Castro::construct_new_gravity() time = 0.018761085 on level 0

Castro::do_new_sources() time = 0.05320954 on level 0


TIME= 0.8356017384 MASS        = 2.777542662e+33
TIME= 0.8356017384 XMOM        = 2.687551641e+37
TIME= 0.8356017384 YMOM        = 1.138055863e+37
TIME= 0.8356017384 ZMOM        = 4.639248536e+37
TIME= 0.8356017384 ANG MOM X   = -4.287187212e+45
TIME= 0.8356017384 ANG MOM Y   = -7.298356777e+44
TIME= 0.8356017384 ANG MOM Z   = 3.878010018e+45
TIME= 0.8356017384 RHO*e       = 2.647224018e+51
TIME= 0.8356017384 RHO*K       = 2.826362412e+47
TIME= 0.8356017384 RHO*E       = 2.659937466e+51
TIME= 0.8356017384 RHO*PHI     = 0
TIME= 0.8356017384 TOTAL ENERGY= 2.659937466e+51
TIME= 0.8356017384 CENTER OF MASS X-LOC = -301913.7916
TIME= 0.8356017384 CENTER OF MASS X-VEL = 9676.0049
TIME= 0.8356017384 CENTER OF MASS Y-LOC = -268007.2874
TIME= 0.8356017384 CENTER OF MASS Y-VEL = 4097.347913
TIME= 0.8356017384 CENTER OF MASS Z-LOC = -252815.7178
TIME= 0.8356017384 CENTER OF MASS Z-VEL = 16702.70847
TIME= 0.8356017384 MAXIMUM TEMPERATURE  = 0
TIME= 0.8356017384 MAXIMUM DENSITY      = 826779965

STEP = 134 TIME = 0.8356017384 DT = 0.00965564479


[STEP 134] Coarse TimeStep time: 2.756933116
[STEP 134] FAB kilobyte spread across MPI nodes: [105462 ... 105462]

...estimated hydro-limited timestep at level 0: 0.009657175097
...hydro-limited CFL timestep constrained at (i,j,k) = (32,32,32)
Castro::estTimeStep (hydro-limited) at level 0:  estdt = 0.009657175097

[Level 0 step 135] ADVANCE at time 0.8356017384 with dt = 0.009657175097

[1m[32m  Beginning subcycle 1 starting at time 0.8356017384 with dt = 0.009657175097[0m
  Estimated number of subcycles remaining: 1

... mhd ...!!! 

Castro::construct_old_gravity() time = 0.029606626 on level 0

Castro::do_old_sources() time = 0.040851275 on level 0

[1m[32m  Subcycle completed[0m

  Subcycling complete

  Zones advanced per microsecond at this level: 0.09835755793

[Level 0 step 135] Advanced 262144 cells
Castro::construct_new_gravity() time = 0.017636859 on level 0

Castro::do_new_sources() time = 0.050060438 on level 0


TIME= 0.8452589135 MASS        = 2.777672672e+33
TIME= 0.8452589135 XMOM        = 2.871713713e+37
TIME= 0.8452589135 YMOM        = 1.376561537e+37
TIME= 0.8452589135 ZMOM        = 4.59299001e+37
TIME= 0.8452589135 ANG MOM X   = -4.146818068e+45
TIME= 0.8452589135 ANG MOM Y   = -6.857414853e+44
TIME= 0.8452589135 ANG MOM Z   = 3.811927058e+45
TIME= 0.8452589135 RHO*e       = 2.6473644e+51
TIME= 0.8452589135 RHO*K       = 2.808873228e+47
TIME= 0.8452589135 RHO*E       = 2.660005526e+51
TIME= 0.8452589135 RHO*PHI     = 0
TIME= 0.8452589135 TOTAL ENERGY= 2.660005526e+51
TIME= 0.8452589135 CENTER OF MASS X-LOC = -301952.4519
TIME= 0.8452589135 CENTER OF MASS X-VEL = 10338.56056
TIME= 0.8452589135 CENTER OF MASS Y-LOC = -268344.712
TIME= 0.8452589135 CENTER OF MASS Y-VEL = 4955.809053
TIME= 0.8452589135 CENTER OF MASS Z-LOC = -252820.0391
TIME= 0.8452589135 CENTER OF MASS Z-VEL = 16535.3897
TIME= 0.8452589135 MAXIMUM TEMPERATURE  = 0
TIME= 0.8452589135 MAXIMUM DENSITY      = 826067256.3

STEP = 135 TIME = 0.8452589135 DT = 0.009657175097


[STEP 135] Coarse TimeStep time: 2.688295354
[STEP 135] FAB kilobyte spread across MPI nodes: [105462 ... 105462]

PLOTFILE: file = plt_seed55ext00135
Write plotfile time = 0.035709319  seconds

...estimated hydro-limited timestep at level 0: 0.009658336554
...hydro-limited CFL timestep constrained at (i,j,k) = (32,32,32)
Castro::estTimeStep (hydro-limited) at level 0:  estdt = 0.009658336554

[Level 0 step 136] ADVANCE at time 0.8452589135 with dt = 0.009658336554

[1m[32m  Beginning subcycle 1 starting at time 0.8452589135 with dt = 0.009658336554[0m
  Estimated number of subcycles remaining: 1

... mhd ...!!! 

Castro::construct_old_gravity() time = 0.023023404 on level 0

Castro::do_old_sources() time = 0.040108378 on level 0

[1m[32m  Subcycle completed[0m

  Subcycling complete

  Zones advanced per microsecond at this level: 0.102616643

[Level 0 step 136] Advanced 262144 cells
Castro::construct_new_gravity() time = 0.018289736 on level 0

Castro::do_new_sources() time = 0.044470591 on level 0


TIME= 0.8549172501 MASS        = 2.777802753e+33
TIME= 0.8549172501 XMOM        = 3.049835296e+37
TIME= 0.8549172501 YMOM        = 1.614883942e+37
TIME= 0.8549172501 ZMOM        = 4.549024913e+37
TIME= 0.8549172501 ANG MOM X   = -4.000428962e+45
TIME= 0.8549172501 ANG MOM Y   = -6.542787995e+44
TIME= 0.8549172501 ANG MOM Z   = 3.740457717e+45
TIME= 0.8549172501 RHO*e       = 2.64750326e+51
TIME= 0.8549172501 RHO*K       = 2.791884014e+47
TIME= 0.8549172501 RHO*E       = 2.660073819e+51
TIME= 0.8549172501 RHO*PHI     = 0
TIME= 0.8549172501 TOTAL ENERGY= 2.660073819e+51
TIME= 0.8549172501 CENTER OF MASS X-LOC = -301987.3326
TIME= 0.8549172501 CENTER OF MASS X-VEL = 10979.30835
TIME= 0.8549172501 CENTER OF MASS Y-LOC = -268674.3687
TIME= 0.8549172501 CENTER OF MASS Y-VEL = 5813.529922
TIME= 0.8549172501 CENTER OF MASS Z-LOC = -252825.8354
TIME= 0.8549172501 CENTER OF MASS Z-VEL = 16376.34245
TIME= 0.8549172501 MAXIMUM TEMPERATURE  = 0
TIME= 0.8549172501 MAXIMUM DENSITY      = 825374038.9

STEP = 136 TIME = 0.8549172501 DT = 0.009658336554


[STEP 136] Coarse TimeStep time: 2.60315989
[STEP 136] FAB kilobyte spread across MPI nodes: [105462 ... 105462]

...estimated hydro-limited timestep at level 0: 0.009659339387
...hydro-limited CFL timestep constrained at (i,j,k) = (32,32,32)
Castro::estTimeStep (hydro-limited) at level 0:  estdt = 0.009659339387

[Level 0 step 137] ADVANCE at time 0.8549172501 with dt = 0.009659339387

[1m[32m  Beginning subcycle 1 starting at time 0.8549172501 with dt = 0.009659339387[0m
  Estimated number of subcycles remaining: 1

... mhd ...!!! 

Castro::construct_old_gravity() time = 0.100183349 on level 0

Castro::do_old_sources() time = 0.120882641 on level 0

[1m[32m  Subcycle completed[0m

  Subcycling complete

  Zones advanced per microsecond at this level: 0.09808093837

[Level 0 step 137] Advanced 262144 cells
Castro::construct_new_gravity() time = 0.023947973 on level 0

Castro::do_new_sources() time = 0.051704428 on level 0


TIME= 0.8645765895 MASS        = 2.777932902e+33
TIME= 0.8645765895 XMOM        = 3.222241924e+37
TIME= 0.8645765895 YMOM        = 1.852929747e+37
TIME= 0.8645765895 ZMOM        = 4.508072009e+37
TIME= 0.8645765895 ANG MOM X   = -3.846407668e+45
TIME= 0.8645765895 ANG MOM Y   = -6.268833116e+44
TIME= 0.8645765895 ANG MOM Z   = 3.665850312e+45
TIME= 0.8645765895 RHO*e       = 2.647640721e+51
TIME= 0.8645765895 RHO*K       = 2.775363858e+47
TIME= 0.8645765895 RHO*E       = 2.660142313e+51
TIME= 0.8645765895 RHO*PHI     = 0
TIME= 0.8645765895 TOTAL ENERGY= 2.660142313e+51
TIME= 0.8645765895 CENTER OF MASS X-LOC = -302018.4004
TIME= 0.8645765895 CENTER OF MASS X-VEL = 11599.42316
TIME= 0.8645765895 CENTER OF MASS Y-LOC = -268996.2839
TIME= 0.8645765895 CENTER OF MASS Y-VEL = 6670.174596
TIME= 0.8645765895 CENTER OF MASS Z-LOC = -252834.4377
TIME= 0.8645765895 CENTER OF MASS Z-VEL = 16228.15298
TIME= 0.8645765895 MAXIMUM TEMPERATURE  = 0
TIME= 0.8645765895 MAXIMUM DENSITY      = 824686414

STEP = 137 TIME = 0.8645765895 DT = 0.009659339387


[STEP 137] Coarse TimeStep time: 2.703211074
[STEP 137] FAB kilobyte spread across MPI nodes: [105462 ... 105462]

...estimated hydro-limited timestep at level 0: 0.009660242916
...hydro-limited CFL timestep constrained at (i,j,k) = (32,32,32)
Castro::estTimeStep (hydro-limited) at level 0:  estdt = 0.009660242916

[Level 0 step 138] ADVANCE at time 0.8645765895 with dt = 0.009660242916

[1m[32m  Beginning subcycle 1 starting at time 0.8645765895 with dt = 0.009660242916[0m
  Estimated number of subcycles remaining: 1

... mhd ...!!! 

Castro::construct_old_gravity() time = 0.027079554 on level 0

Castro::do_old_sources() time = 0.039223241 on level 0

[1m[32m  Subcycle completed[0m

  Subcycling complete

  Zones advanced per microsecond at this level: 0.09152975311

[Level 0 step 138] Advanced 262144 cells
Castro::construct_new_gravity() time = 0.127511323 on level 0

Castro::do_new_sources() time = 0.066287835 on level 0


TIME= 0.8742368324 MASS        = 2.778063118e+33
TIME= 0.8742368324 XMOM        = 3.388811244e+37
TIME= 0.8742368324 YMOM        = 2.090697456e+37
TIME= 0.8742368324 ZMOM        = 4.470913973e+37
TIME= 0.8742368324 ANG MOM X   = -3.682952155e+45
TIME= 0.8742368324 ANG MOM Y   = -6.06802182e+44
TIME= 0.8742368324 ANG MOM Z   = 3.596052431e+45
TIME= 0.8742368324 RHO*e       = 2.647778653e+51
TIME= 0.8742368324 RHO*K       = 2.759254243e+47
TIME= 0.8742368324 RHO*E       = 2.660211385e+51
TIME= 0.8742368324 RHO*PHI     = 0
TIME= 0.8742368324 TOTAL ENERGY= 2.660211385e+51
TIME= 0.8742368324 CENTER OF MASS X-LOC = -302045.6493
TIME= 0.8742368324 CENTER OF MASS X-VEL = 12198.46742
TIME= 0.8742368324 CENTER OF MASS Y-LOC = -269310.4402
TIME= 0.8742368324 CENTER OF MASS Y-VEL = 7525.737778
TIME= 0.8742368324 CENTER OF MASS Z-LOC = -252845.6928
TIME= 0.8742368324 CENTER OF MASS Z-VEL = 16093.63712
TIME= 0.8742368324 MAXIMUM TEMPERATURE  = 0
TIME= 0.8742368324 MAXIMUM DENSITY      = 824006257.5

STEP = 138 TIME = 0.8742368324 DT = 0.009660242916


[STEP 138] Coarse TimeStep time: 2.88960755
[STEP 138] FAB kilobyte spread across MPI nodes: [105462 ... 105462]

...estimated hydro-limited timestep at level 0: 0.009661103646
...hydro-limited CFL timestep constrained at (i,j,k) = (32,32,32)
Castro::estTimeStep (hydro-limited) at level 0:  estdt = 0.009661103646

[Level 0 step 139] ADVANCE at time 0.8742368324 with dt = 0.009661103646

[1m[32m  Beginning subcycle 1 starting at time 0.8742368324 with dt = 0.009661103646[0m
  Estimated number of subcycles remaining: 1

... mhd ...!!! 

Castro::construct_old_gravity() time = 0.023008909 on level 0

Castro::do_old_sources() time = 0.043119552 on level 0

[1m[32m  Subcycle completed[0m

  Subcycling complete

  Zones advanced per microsecond at this level: 0.1004270538

[Level 0 step 139] Advanced 262144 cells
Castro::construct_new_gravity() time = 0.019378001 on level 0

Castro::do_new_sources() time = 0.045991077 on level 0


TIME= 0.883897936 MASS        = 2.778193401e+33
TIME= 0.883897936 XMOM        = 3.549093545e+37
TIME= 0.883897936 YMOM        = 2.328197534e+37
TIME= 0.883897936 ZMOM        = 4.437919205e+37
TIME= 0.883897936 ANG MOM X   = -3.528377776e+45
TIME= 0.883897936 ANG MOM Y   = -5.975439185e+44
TIME= 0.883897936 ANG MOM Z   = 3.534066671e+45
TIME= 0.883897936 RHO*e       = 2.647914959e+51
TIME= 0.883897936 RHO*K       = 2.743466796e+47
TIME= 0.883897936 RHO*E       = 2.660280399e+51
TIME= 0.883897936 RHO*PHI     = 0
TIME= 0.883897936 TOTAL ENERGY= 2.660280399e+51
TIME= 0.883897936 CENTER OF MASS X-LOC = -302068.8949
TIME= 0.883897936 CENTER OF MASS X-VEL = 12774.82534
TIME= 0.883897936 CENTER OF MASS Y-LOC = -269616.4331
TIME= 0.883897936 CENTER OF MASS Y-VEL = 8380.257233
TIME= 0.883897936 CENTER OF MASS Z-LOC = -252859.469
TIME= 0.883897936 CENTER OF MASS Z-VEL = 15974.11902
TIME= 0.883897936 MAXIMUM TEMPERATURE  = 0
TIME= 0.883897936 MAXIMUM DENSITY      = 823333766.7

STEP = 139 TIME = 0.883897936 DT = 0.009661103646


[STEP 139] Coarse TimeStep time: 2.639665847
[STEP 139] FAB kilobyte spread across MPI nodes: [105462 ... 105462]

...estimated hydro-limited timestep at level 0: 0.009661945705
...hydro-limited CFL timestep constrained at (i,j,k) = (32,32,32)
Castro::estTimeStep (hydro-limited) at level 0:  estdt = 0.009661945705

[Level 0 step 140] ADVANCE at time 0.883897936 with dt = 0.009661945705

[1m[32m  Beginning subcycle 1 starting at time 0.883897936 with dt = 0.009661945705[0m
  Estimated number of subcycles remaining: 1

... mhd ...!!! 

Castro::construct_old_gravity() time = 0.024814369 on level 0

Castro::do_old_sources() time = 0.039478773 on level 0

[1m[32m  Subcycle completed[0m

  Subcycling complete

  Zones advanced per microsecond at this level: 0.1209530296

[Level 0 step 140] Advanced 262144 cells
Castro::construct_new_gravity() time = 0.022894488 on level 0

Castro::do_new_sources() time = 0.049464117 on level 0


TIME= 0.8935598817 MASS        = 2.778323749e+33
TIME= 0.8935598817 XMOM        = 3.702554553e+37
TIME= 0.8935598817 YMOM        = 2.565353305e+37
TIME= 0.8935598817 ZMOM        = 4.409292275e+37
TIME= 0.8935598817 ANG MOM X   = -3.376946921e+45
TIME= 0.8935598817 ANG MOM Y   = -5.955901611e+44
TIME= 0.8935598817 ANG MOM Z   = 3.472720112e+45
TIME= 0.8935598817 RHO*e       = 2.648051372e+51
TIME= 0.8935598817 RHO*K       = 2.728026259e+47
TIME= 0.8935598817 RHO*E       = 2.660350089e+51
TIME= 0.8935598817 RHO*PHI     = 0
TIME= 0.8935598817 TOTAL ENERGY= 2.660350089e+51
TIME= 0.8935598817 CENTER OF MASS X-LOC = -302088.5533
TIME= 0.8935598817 CENTER OF MASS X-VEL = 13326.57705
TIME= 0.8935598817 CENTER OF MASS Y-LOC = -269913.8756
TIME= 0.8935598817 CENTER OF MASS Y-VEL = 9233.457064
TIME= 0.8935598817 CENTER OF MASS Z-LOC = -252876.358
TIME= 0.8935598817 CENTER OF MASS Z-VEL = 15870.33288
TIME= 0.8935598817 MAXIMUM TEMPERATURE  = 0
TIME= 0.8935598817 MAXIMUM DENSITY      = 822669658.6

STEP = 140 TIME = 0.8935598817 DT = 0.009661945705


[STEP 140] Coarse TimeStep time: 2.193050728
[STEP 140] FAB kilobyte spread across MPI nodes: [105462 ... 105462]

PLOTFILE: file = plt_seed55ext00140
Write plotfile time = 0.033081067  seconds

...estimated hydro-limited timestep at level 0: 0.00966290086
...hydro-limited CFL timestep constrained at (i,j,k) = (32,32,32)
Castro::estTimeStep (hydro-limited) at level 0:  estdt = 0.00966290086

[Level 0 step 141] ADVANCE at time 0.8935598817 with dt = 0.00966290086

[1m[32m  Beginning subcycle 1 starting at time 0.8935598817 with dt = 0.00966290086[0m
  Estimated number of subcycles remaining: 1

... mhd ...!!! 

Castro::construct_old_gravity() time = 0.01869417 on level 0

Castro::do_old_sources() time = 0.031126597 on level 0

[1m[32m  Subcycle completed[0m

  Subcycling complete

  Zones advanced per microsecond at this level: 0.1505112473

[Level 0 step 141] Advanced 262144 cells
Castro::construct_new_gravity() time = 0.01838281 on level 0

Castro::do_new_sources() time = 0.041507904 on level 0


TIME= 0.9032227826 MASS        = 2.778454165e+33
TIME= 0.9032227826 XMOM        = 3.848664528e+37
TIME= 0.9032227826 YMOM        = 2.801963033e+37
TIME= 0.9032227826 ZMOM        = 4.385058779e+37
TIME= 0.9032227826 ANG MOM X   = -3.24086221e+45
TIME= 0.9032227826 ANG MOM Y   = -6.088391027e+44
TIME= 0.9032227826 ANG MOM Z   = 3.414278687e+45
TIME= 0.9032227826 RHO*e       = 2.648187588e+51
TIME= 0.9032227826 RHO*K       = 2.71306318e+47
TIME= 0.9032227826 RHO*E       = 2.660420063e+51
TIME= 0.9032227826 RHO*PHI     = 0
TIME= 0.9032227826 TOTAL ENERGY= 2.660420063e+51
TIME= 0.9032227826 CENTER OF MASS X-LOC = -302104.4775
TIME= 0.9032227826 CENTER OF MASS X-VEL = 13851.81939
TIME= 0.9032227826 CENTER OF MASS Y-LOC = -270202.6526
TIME= 0.9032227826 CENTER OF MASS Y-VEL = 10084.61132
TIME= 0.9032227826 CENTER OF MASS Z-LOC = -252896.2064
TIME= 0.9032227826 CENTER OF MASS Z-VEL = 15782.36861
TIME= 0.9032227826 MAXIMUM TEMPERATURE  = 0
TIME= 0.9032227826 MAXIMUM DENSITY      = 822011236.8

STEP = 141 TIME = 0.9032227826 DT = 0.00966290086


[STEP 141] Coarse TimeStep time: 1.765697901
[STEP 141] FAB kilobyte spread across MPI nodes: [105462 ... 105462]

...estimated hydro-limited timestep at level 0: 0.009663872081
...hydro-limited CFL timestep constrained at (i,j,k) = (32,32,32)
Castro::estTimeStep (hydro-limited) at level 0:  estdt = 0.009663872081

[Level 0 step 142] ADVANCE at time 0.9032227826 with dt = 0.009663872081

[1m[32m  Beginning subcycle 1 starting at time 0.9032227826 with dt = 0.009663872081[0m
  Estimated number of subcycles remaining: 1

... mhd ...!!! 

Castro::construct_old_gravity() time = 0.016837692 on level 0

Castro::do_old_sources() time = 0.034441667 on level 0

[1m[32m  Subcycle completed[0m

  Subcycling complete

  Zones advanced per microsecond at this level: 0.1610013884

[Level 0 step 142] Advanced 262144 cells
Castro::construct_new_gravity() time = 0.021737902 on level 0

Castro::do_new_sources() time = 0.050179451 on level 0


TIME= 0.9128866547 MASS        = 2.778584649e+33
TIME= 0.9128866547 XMOM        = 3.987092926e+37
TIME= 0.9128866547 YMOM        = 3.037712064e+37
TIME= 0.9128866547 ZMOM        = 4.364911005e+37
TIME= 0.9128866547 ANG MOM X   = -3.117561316e+45
TIME= 0.9128866547 ANG MOM Y   = -6.260050032e+44
TIME= 0.9128866547 ANG MOM Z   = 3.358967304e+45
TIME= 0.9128866547 RHO*e       = 2.648323693e+51
TIME= 0.9128866547 RHO*K       = 2.698490915e+47
TIME= 0.9128866547 RHO*E       = 2.66049087e+51
TIME= 0.9128866547 RHO*PHI     = 0
TIME= 0.9128866547 TOTAL ENERGY= 2.66049087e+51
TIME= 0.9128866547 CENTER OF MASS X-LOC = -302116.8596
TIME= 0.9128866547 CENTER OF MASS X-VEL = 14349.36642
TIME= 0.9128866547 CENTER OF MASS Y-LOC = -270482.7541
TIME= 0.9128866547 CENTER OF MASS Y-VEL = 10932.5878
TIME= 0.9128866547 CENTER OF MASS Z-LOC = -252918.2807
TIME= 0.9128866547 CENTER OF MASS Z-VEL = 15709.11653
TIME= 0.9128866547 MAXIMUM TEMPERATURE  = 0
TIME= 0.9128866547 MAXIMUM DENSITY      = 821364605.8

STEP = 142 TIME = 0.9128866547 DT = 0.009663872081


[STEP 142] Coarse TimeStep time: 1.654762063
[STEP 142] FAB kilobyte spread across MPI nodes: [105462 ... 105462]

...estimated hydro-limited timestep at level 0: 0.009664688199
...hydro-limited CFL timestep constrained at (i,j,k) = (32,32,32)
Castro::estTimeStep (hydro-limited) at level 0:  estdt = 0.009664688199

[Level 0 step 143] ADVANCE at time 0.9128866547 with dt = 0.009664688199

[1m[32m  Beginning subcycle 1 starting at time 0.9128866547 with dt = 0.009664688199[0m
  Estimated number of subcycles remaining: 1

... mhd ...!!! 

Castro::construct_old_gravity() time = 0.029025183 on level 0

Castro::do_old_sources() time = 0.038596592 on level 0

[1m[32m  Subcycle completed[0m

  Subcycling complete

  Zones advanced per microsecond at this level: 0.1483558797

[Level 0 step 143] Advanced 262144 cells
Castro::construct_new_gravity() time = 0.014661255 on level 0

Castro::do_new_sources() time = 0.036860782 on level 0


TIME= 0.9225513429 MASS        = 2.778715198e+33
TIME= 0.9225513429 XMOM        = 4.117723434e+37
TIME= 0.9225513429 YMOM        = 3.27227142e+37
TIME= 0.9225513429 ZMOM        = 4.348331315e+37
TIME= 0.9225513429 ANG MOM X   = -2.999708773e+45
TIME= 0.9225513429 ANG MOM Y   = -6.52557589e+44
TIME= 0.9225513429 ANG MOM Z   = 3.320015092e+45
TIME= 0.9225513429 RHO*e       = 2.648459088e+51
TIME= 0.9225513429 RHO*K       = 2.684310847e+47
TIME= 0.9225513429 RHO*E       = 2.660562058e+51
TIME= 0.9225513429 RHO*PHI     = 0
TIME= 0.9225513429 TOTAL ENERGY= 2.660562058e+51
TIME= 0.9225513429 CENTER OF MASS X-LOC = -302125.445
TIME= 0.9225513429 CENTER OF MASS X-VEL = 14818.80344
TIME= 0.9225513429 CENTER OF MASS Y-LOC = -270754.1295
TIME= 0.9225513429 CENTER OF MASS Y-VEL = 11776.20298
TIME= 0.9225513429 CENTER OF MASS Z-LOC = -252942.6511
TIME= 0.9225513429 CENTER OF MASS Z-VEL = 15648.71174
TIME= 0.9225513429 MAXIMUM TEMPERATURE  = 0
TIME= 0.9225513429 MAXIMUM DENSITY      = 820724411.2

STEP = 143 TIME = 0.9225513429 DT = 0.009664688199


[STEP 143] Coarse TimeStep time: 1.793550608
[STEP 143] FAB kilobyte spread across MPI nodes: [105462 ... 105462]

...estimated hydro-limited timestep at level 0: 0.009665562253
...hydro-limited CFL timestep constrained at (i,j,k) = (32,32,32)
Castro::estTimeStep (hydro-limited) at level 0:  estdt = 0.009665562253

[Level 0 step 144] ADVANCE at time 0.9225513429 with dt = 0.009665562253

[1m[32m  Beginning subcycle 1 starting at time 0.9225513429 with dt = 0.009665562253[0m
  Estimated number of subcycles remaining: 1

... mhd ...!!! 

Castro::construct_old_gravity() time = 0.0190862 on level 0

Castro::do_old_sources() time = 0.043540982 on level 0

[1m[32m  Subcycle completed[0m

  Subcycling complete

  Zones advanced per microsecond at this level: 0.1153626396

[Level 0 step 144] Advanced 262144 cells
Castro::construct_new_gravity() time = 0.017171271 on level 0

Castro::do_new_sources() time = 0.043978861 on level 0


TIME= 0.9322169051 MASS        = 2.778845813e+33
TIME= 0.9322169051 XMOM        = 4.240704021e+37
TIME= 0.9322169051 YMOM        = 3.505384821e+37
TIME= 0.9322169051 ZMOM        = 4.334555678e+37
TIME= 0.9322169051 ANG MOM X   = -2.881665526e+45
TIME= 0.9322169051 ANG MOM Y   = -6.718370441e+44
TIME= 0.9322169051 ANG MOM Z   = 3.272847161e+45
TIME= 0.9322169051 RHO*e       = 2.648594349e+51
TIME= 0.9322169051 RHO*K       = 2.670474257e+47
TIME= 0.9322169051 RHO*E       = 2.660633964e+51
TIME= 0.9322169051 RHO*PHI     = 0
TIME= 0.9322169051 TOTAL ENERGY= 2.660633964e+51
TIME= 0.9322169051 CENTER OF MASS X-LOC = -302130.5013
TIME= 0.9322169051 CENTER OF MASS X-VEL = 15260.66686
TIME= 0.9322169051 CENTER OF MASS Y-LOC = -271017.4844
TIME= 0.9322169051 CENTER OF MASS Y-VEL = 12614.53516
TIME= 0.9322169051 CENTER OF MASS Z-LOC = -252968.4077
TIME= 0.9322169051 CENTER OF MASS Z-VEL = 15598.40297
TIME= 0.9322169051 MAXIMUM TEMPERATURE  = 0
TIME= 0.9322169051 MAXIMUM DENSITY      = 820093730.6

STEP = 144 TIME = 0.9322169051 DT = 0.009665562253


[STEP 144] Coarse TimeStep time: 2.29637609
[STEP 144] FAB kilobyte spread across MPI nodes: [105462 ... 105462]

...estimated hydro-limited timestep at level 0: 0.009666451632
...hydro-limited CFL timestep constrained at (i,j,k) = (32,32,32)
Castro::estTimeStep (hydro-limited) at level 0:  estdt = 0.009666451632

[Level 0 step 145] ADVANCE at time 0.9322169051 with dt = 0.009666451632

[1m[32m  Beginning subcycle 1 starting at time 0.9322169051 with dt = 0.009666451632[0m
  Estimated number of subcycles remaining: 1

... mhd ...!!! 

Castro::construct_old_gravity() time = 0.027566476 on level 0

Castro::do_old_sources() time = 0.035377144 on level 0

[1m[32m  Subcycle completed[0m

  Subcycling complete

  Zones advanced per microsecond at this level: 0.1020222437

[Level 0 step 145] Advanced 262144 cells
Castro::construct_new_gravity() time = 0.017181442 on level 0

Castro::do_new_sources() time = 0.04206844 on level 0


TIME= 0.9418833568 MASS        = 2.778976494e+33
TIME= 0.9418833568 XMOM        = 4.356458866e+37
TIME= 0.9418833568 YMOM        = 3.736664651e+37
TIME= 0.9418833568 ZMOM        = 4.322674353e+37
TIME= 0.9418833568 ANG MOM X   = -2.772388651e+45
TIME= 0.9418833568 ANG MOM Y   = -7.030866585e+44
TIME= 0.9418833568 ANG MOM Z   = 3.233540458e+45
TIME= 0.9418833568 RHO*e       = 2.64872954e+51
TIME= 0.9418833568 RHO*K       = 2.656879426e+47
TIME= 0.9418833568 RHO*E       = 2.66070706e+51
TIME= 0.9418833568 RHO*PHI     = 0
TIME= 0.9418833568 TOTAL ENERGY= 2.66070706e+51
TIME= 0.9418833568 CENTER OF MASS X-LOC = -302132.6306
TIME= 0.9418833568 CENTER OF MASS X-VEL = 15676.48692
TIME= 0.9418833568 CENTER OF MASS Y-LOC = -271272.8806
TIME= 0.9418833568 CENTER OF MASS Y-VEL = 13446.1902
TIME= 0.9418833568 CENTER OF MASS Z-LOC = -252995.0287
TIME= 0.9418833568 CENTER OF MASS Z-VEL = 15554.91514
TIME= 0.9418833568 MAXIMUM TEMPERATURE  = 0
TIME= 0.9418833568 MAXIMUM DENSITY      = 819475164.4

STEP = 145 TIME = 0.9418833568 DT = 0.009666451632


[STEP 145] Coarse TimeStep time: 2.593331595
[STEP 145] FAB kilobyte spread across MPI nodes: [105462 ... 105462]

PLOTFILE: file = plt_seed55ext00145
Write plotfile time = 0.032005919  seconds

...estimated hydro-limited timestep at level 0: 0.009667300932
...hydro-limited CFL timestep constrained at (i,j,k) = (32,32,32)
Castro::estTimeStep (hydro-limited) at level 0:  estdt = 0.009667300932

[Level 0 step 146] ADVANCE at time 0.9418833568 with dt = 0.009667300932

[1m[32m  Beginning subcycle 1 starting at time 0.9418833568 with dt = 0.009667300932[0m
  Estimated number of subcycles remaining: 1

... mhd ...!!! 

Castro::construct_old_gravity() time = 0.02788231 on level 0

Castro::do_old_sources() time = 0.040222559 on level 0

[1m[32m  Subcycle completed[0m

  Subcycling complete

  Zones advanced per microsecond at this level: 0.09948855084

[Level 0 step 146] Advanced 262144 cells
Castro::construct_new_gravity() time = 0.017281235 on level 0

Castro::do_new_sources() time = 0.04167795 on level 0


TIME= 0.9515506577 MASS        = 2.779107241e+33
TIME= 0.9515506577 XMOM        = 4.465566053e+37
TIME= 0.9515506577 YMOM        = 3.965136687e+37
TIME= 0.9515506577 ZMOM        = 4.311568238e+37
TIME= 0.9515506577 ANG MOM X   = -2.679717603e+45
TIME= 0.9515506577 ANG MOM Y   = -7.340032841e+44
TIME= 0.9515506577 ANG MOM Z   = 3.201447339e+45
TIME= 0.9515506577 RHO*e       = 2.648863627e+51
TIME= 0.9515506577 RHO*K       = 2.643682051e+47
TIME= 0.9515506577 RHO*E       = 2.660780404e+51
TIME= 0.9515506577 RHO*PHI     = 0
TIME= 0.9515506577 TOTAL ENERGY= 2.660780404e+51
TIME= 0.9515506577 CENTER OF MASS X-LOC = -302131.9732
TIME= 0.9515506577 CENTER OF MASS X-VEL = 16068.34737
TIME= 0.9515506577 CENTER OF MASS Y-LOC = -271517.409
TIME= 0.9515506577 CENTER OF MASS Y-VEL = 14267.66347
TIME= 0.9515506577 CENTER OF MASS Z-LOC = -253021.8668
TIME= 0.9515506577 CENTER OF MASS Z-VEL = 15514.22044
TIME= 0.9515506577 MAXIMUM TEMPERATURE  = 0
TIME= 0.9515506577 MAXIMUM DENSITY      = 818871514.6

STEP = 146 TIME = 0.9515506577 DT = 0.009667300932


[STEP 146] Coarse TimeStep time: 2.658709694
[STEP 146] FAB kilobyte spread across MPI nodes: [105462 ... 105462]

...estimated hydro-limited timestep at level 0: 0.009668108336
...hydro-limited CFL timestep constrained at (i,j,k) = (32,32,32)
Castro::estTimeStep (hydro-limited) at level 0:  estdt = 0.009668108336

[Level 0 step 147] ADVANCE at time 0.9515506577 with dt = 0.009668108336

[1m[32m  Beginning subcycle 1 starting at time 0.9515506577 with dt = 0.009668108336[0m
  Estimated number of subcycles remaining: 1

... mhd ...!!! 

Castro::construct_old_gravity() time = 0.025029295 on level 0

Castro::do_old_sources() time = 0.031480309 on level 0

[1m[32m  Subcycle completed[0m

  Subcycling complete

  Zones advanced per microsecond at this level: 0.1009442815

[Level 0 step 147] Advanced 262144 cells
Castro::construct_new_gravity() time = 0.017247435 on level 0

Castro::do_new_sources() time = 0.041226431 on level 0


TIME= 0.961218766 MASS        = 2.779238053e+33
TIME= 0.961218766 XMOM        = 4.568938688e+37
TIME= 0.961218766 YMOM        = 4.189781026e+37
TIME= 0.961218766 ZMOM        = 4.299874205e+37
TIME= 0.961218766 ANG MOM X   = -2.593382729e+45
TIME= 0.961218766 ANG MOM Y   = -7.616078603e+44
TIME= 0.961218766 ANG MOM Z   = 3.175930767e+45
TIME= 0.961218766 RHO*e       = 2.6489986e+51
TIME= 0.961218766 RHO*K       = 2.630904812e+47
TIME= 0.961218766 RHO*E       = 2.66085542e+51
TIME= 0.961218766 RHO*PHI     = 0
TIME= 0.961218766 TOTAL ENERGY= 2.66085542e+51
TIME= 0.961218766 CENTER OF MASS X-LOC = -302129.1971
TIME= 0.961218766 CENTER OF MASS X-VEL = 16439.53703
TIME= 0.961218766 CENTER OF MASS Y-LOC = -271751.6381
TIME= 0.961218766 CENTER OF MASS Y-VEL = 15075.28663
TIME= 0.961218766 CENTER OF MASS Z-LOC = -253048.8803
TIME= 0.961218766 CENTER OF MASS Z-VEL = 15471.41383
TIME= 0.961218766 MAXIMUM TEMPERATURE  = 0
TIME= 0.961218766 MAXIMUM DENSITY      = 818281710.9

STEP = 147 TIME = 0.961218766 DT = 0.009668108336


[STEP 147] Coarse TimeStep time: 2.627993238
[STEP 147] FAB kilobyte spread across MPI nodes: [105462 ... 105462]

...estimated hydro-limited timestep at level 0: 0.009668947912
...hydro-limited CFL timestep constrained at (i,j,k) = (32,32,32)
Castro::estTimeStep (hydro-limited) at level 0:  estdt = 0.009668947912

[Level 0 step 148] ADVANCE at time 0.961218766 with dt = 0.009668947912

[1m[32m  Beginning subcycle 1 starting at time 0.961218766 with dt = 0.009668947912[0m
  Estimated number of subcycles remaining: 1

... mhd ...!!! 

Castro::construct_old_gravity() time = 0.028715136 on level 0

Castro::do_old_sources() time = 0.03717696 on level 0

[1m[32m  Subcycle completed[0m

  Subcycling complete

  Zones advanced per microsecond at this level: 0.1007420231

[Level 0 step 148] Advanced 262144 cells
Castro::construct_new_gravity() time = 0.017178107 on level 0

Castro::do_new_sources() time = 0.038687112 on level 0


TIME= 0.9708877139 MASS        = 2.779368931e+33
TIME= 0.9708877139 XMOM        = 4.667306248e+37
TIME= 0.9708877139 YMOM        = 4.409917107e+37
TIME= 0.9708877139 ZMOM        = 4.285855514e+37
TIME= 0.9708877139 ANG MOM X   = -2.503031389e+45
TIME= 0.9708877139 ANG MOM Y   = -7.860218653e+44
TIME= 0.9708877139 ANG MOM Z   = 3.158927971e+45
TIME= 0.9708877139 RHO*e       = 2.649134473e+51
TIME= 0.9708877139 RHO*K       = 2.618452582e+47
TIME= 0.9708877139 RHO*E       = 2.660932679e+51
TIME= 0.9708877139 RHO*PHI     = 0
TIME= 0.9708877139 TOTAL ENERGY= 2.660932679e+51
TIME= 0.9708877139 CENTER OF MASS X-LOC = -302123.0938
TIME= 0.9708877139 CENTER OF MASS X-VEL = 16792.68339
TIME= 0.9708877139 CENTER OF MASS Y-LOC = -271975.7157
TIME= 0.9708877139 CENTER OF MASS Y-VEL = 15866.61295
TIME= 0.9708877139 CENTER OF MASS Z-LOC = -253074.7039
TIME= 0.9708877139 CENTER OF MASS Z-VEL = 15420.2469
TIME= 0.9708877139 MAXIMUM TEMPERATURE  = 0
TIME= 0.9708877139 MAXIMUM DENSITY      = 817690265.5

STEP = 148 TIME = 0.9708877139 DT = 0.009668947912


[STEP 148] Coarse TimeStep time: 2.627058459
[STEP 148] FAB kilobyte spread across MPI nodes: [105462 ... 105462]

...estimated hydro-limited timestep at level 0: 0.009669895029
...hydro-limited CFL timestep constrained at (i,j,k) = (32,32,32)
Castro::estTimeStep (hydro-limited) at level 0:  estdt = 0.009669895029

[Level 0 step 149] ADVANCE at time 0.9708877139 with dt = 0.009669895029

[1m[32m  Beginning subcycle 1 starting at time 0.9708877139 with dt = 0.009669895029[0m
  Estimated number of subcycles remaining: 1

... mhd ...!!! 

Castro::construct_old_gravity() time = 0.024564255 on level 0

Castro::do_old_sources() time = 0.032448662 on level 0

[1m[32m  Subcycle completed[0m

  Subcycling complete

  Zones advanced per microsecond at this level: 0.09714238188

[Level 0 step 149] Advanced 262144 cells
Castro::construct_new_gravity() time = 0.034965219 on level 0

Castro::do_new_sources() time = 0.044165741 on level 0


TIME= 0.980557609 MASS        = 2.779499875e+33
TIME= 0.980557609 XMOM        = 4.761132239e+37
TIME= 0.980557609 YMOM        = 4.624921836e+37
TIME= 0.980557609 ZMOM        = 4.267862798e+37
TIME= 0.980557609 ANG MOM X   = -2.407096474e+45
TIME= 0.980557609 ANG MOM Y   = -8.106433067e+44
TIME= 0.980557609 ANG MOM Z   = 3.144503287e+45
TIME= 0.980557609 RHO*e       = 2.649270362e+51
TIME= 0.980557609 RHO*K       = 2.606345046e+47
TIME= 0.980557609 RHO*E       = 2.661011126e+51
TIME= 0.980557609 RHO*PHI     = 0
TIME= 0.980557609 TOTAL ENERGY= 2.661011126e+51
TIME= 0.980557609 CENTER OF MASS X-LOC = -302114.4695
TIME= 0.980557609 CENTER OF MASS X-VEL = 17129.45657
TIME= 0.980557609 CENTER OF MASS Y-LOC = -272190.1039
TIME= 0.980557609 CENTER OF MASS Y-VEL = 16639.40293
TIME= 0.980557609 CENTER OF MASS Z-LOC = -253100.0897
TIME= 0.980557609 CENTER OF MASS Z-VEL = 15354.7868
TIME= 0.980557609 MAXIMUM TEMPERATURE  = 0
TIME= 0.980557609 MAXIMUM DENSITY      = 817105500.9

STEP = 149 TIME = 0.980557609 DT = 0.009669895029


[STEP 149] Coarse TimeStep time: 2.724099303
[STEP 149] FAB kilobyte spread across MPI nodes: [105462 ... 105462]

...estimated hydro-limited timestep at level 0: 0.009670908376
...hydro-limited CFL timestep constrained at (i,j,k) = (32,32,32)
Castro::estTimeStep (hydro-limited) at level 0:  estdt = 0.009670908376

[Level 0 step 150] ADVANCE at time 0.980557609 with dt = 0.009670908376

[1m[32m  Beginning subcycle 1 starting at time 0.980557609 with dt = 0.009670908376[0m
  Estimated number of subcycles remaining: 1

... mhd ...!!! 

Castro::construct_old_gravity() time = 0.028010473 on level 0

Castro::do_old_sources() time = 0.033169601 on level 0

[1m[32m  Subcycle completed[0m

  Subcycling complete

  Zones advanced per microsecond at this level: 0.1019592669

[Level 0 step 150] Advanced 262144 cells
Castro::construct_new_gravity() time = 0.018312341 on level 0

Castro::do_new_sources() time = 0.041138995 on level 0


TIME= 0.9902285174 MASS        = 2.779630886e+33
TIME= 0.9902285174 XMOM        = 4.85083657e+37
TIME= 0.9902285174 YMOM        = 4.833807617e+37
TIME= 0.9902285174 ZMOM        = 4.244632681e+37
TIME= 0.9902285174 ANG MOM X   = -2.316272331e+45
TIME= 0.9902285174 ANG MOM Y   = -8.425351018e+44
TIME= 0.9902285174 ANG MOM Z   = 3.128151038e+45
TIME= 0.9902285174 RHO*e       = 2.649407111e+51
TIME= 0.9902285174 RHO*K       = 2.594554997e+47
TIME= 0.9902285174 RHO*E       = 2.661090649e+51
TIME= 0.9902285174 RHO*PHI     = 0
TIME= 0.9902285174 TOTAL ENERGY= 2.661090649e+51
TIME= 0.9902285174 CENTER OF MASS X-LOC = -302102.5546
TIME= 0.9902285174 CENTER OF MASS X-VEL = 17451.36951
TIME= 0.9902285174 CENTER OF MASS Y-LOC = -272393.5272
TIME= 0.9902285174 CENTER OF MASS Y-VEL = 17390.10615
TIME= 0.9902285174 CENTER OF MASS Z-LOC = -253124.5858
TIME= 0.9902285174 CENTER OF MASS Z-VEL = 15270.49042
TIME= 0.9902285174 MAXIMUM TEMPERATURE  = 0
TIME= 0.9902285174 MAXIMUM DENSITY      = 816535747.8

STEP = 150 TIME = 0.9902285174 DT = 0.009670908376


[STEP 150] Coarse TimeStep time: 2.609743815
[STEP 150] FAB kilobyte spread across MPI nodes: [105462 ... 105462]

CHECKPOINT: file = chk_seed55ext00150
checkPoint() time = 0.018021806 secs.
PLOTFILE: file = plt_seed55ext00150
Write plotfile time = 0.033013016  seconds

...estimated hydro-limited timestep at level 0: 0.009671945043
...hydro-limited CFL timestep constrained at (i,j,k) = (32,32,32)
Castro::estTimeStep (hydro-limited) at level 0:  estdt = 0.009671945043

[Level 0 step 151] ADVANCE at time 0.9902285174 with dt = 0.009671945043

[1m[32m  Beginning subcycle 1 starting at time 0.9902285174 with dt = 0.009671945043[0m
  Estimated number of subcycles remaining: 1

... mhd ...!!! 

Castro::construct_old_gravity() time = 0.026008636 on level 0

Castro::do_old_sources() time = 0.034566147 on level 0

[1m[32m  Subcycle completed[0m

  Subcycling complete

  Zones advanced per microsecond at this level: 0.09508301415

[Level 0 step 151] Advanced 262144 cells
Castro::construct_new_gravity() time = 0.023792011 on level 0

Castro::do_new_sources() time = 0.046191135 on level 0


TIME= 0.9999004624 MASS        = 2.779761966e+33
TIME= 0.9999004624 XMOM        = 4.936507838e+37
TIME= 0.9999004624 YMOM        = 5.035358993e+37
TIME= 0.9999004624 ZMOM        = 4.21502252e+37
TIME= 0.9999004624 ANG MOM X   = -2.226595951e+45
TIME= 0.9999004624 ANG MOM Y   = -8.903727435e+44
TIME= 0.9999004624 ANG MOM Z   = 3.10552663e+45
TIME= 0.9999004624 RHO*e       = 2.649544735e+51
TIME= 0.9999004624 RHO*K       = 2.583001148e+47
TIME= 0.9999004624 RHO*E       = 2.661171745e+51
TIME= 0.9999004624 RHO*PHI     = 0
TIME= 0.9999004624 TOTAL ENERGY= 2.661171745e+51
TIME= 0.9999004624 CENTER OF MASS X-LOC = -302086.7951
TIME= 0.9999004624 CENTER OF MASS X-VEL = 17758.74301
TIME= 0.9999004624 CENTER OF MASS Y-LOC = -272586.7966
TIME= 0.9999004624 CENTER OF MASS Y-VEL = 18114.35315
TIME= 0.9999004624 CENTER OF MASS Z-LOC = -253147.1697
TIME= 0.9999004624 CENTER OF MASS Z-VEL = 15163.24985
TIME= 0.9999004624 MAXIMUM TEMPERATURE  = 0
TIME= 0.9999004624 MAXIMUM DENSITY      = 815978252.7

STEP = 151 TIME = 0.9999004624 DT = 0.009671945043


[STEP 151] Coarse TimeStep time: 2.787893863
[STEP 151] FAB kilobyte spread across MPI nodes: [105462 ... 105462]

...estimated hydro-limited timestep at level 0: 0.009673075815
...hydro-limited CFL timestep constrained at (i,j,k) = (32,32,32)
Castro::estTimeStep (hydro-limited) at level 0:  estdt = 0.009673075815

[Level 0 step 152] ADVANCE at time 0.9999004624 with dt = 0.009673075815

[1m[32m  Beginning subcycle 1 starting at time 0.9999004624 with dt = 0.009673075815[0m
  Estimated number of subcycles remaining: 1

... mhd ...!!! 

Castro::construct_old_gravity() time = 0.03997663 on level 0

Castro::do_old_sources() time = 0.047745292 on level 0

[1m[32m  Subcycle completed[0m

  Subcycling complete

  Zones advanced per microsecond at this level: 0.09637601103

[Level 0 step 152] Advanced 262144 cells
Castro::construct_new_gravity() time = 0.017070003 on level 0

Castro::do_new_sources() time = 0.037877639 on level 0


TIME= 1.009573538 MASS        = 2.779893115e+33
TIME= 1.009573538 XMOM        = 5.018489423e+37
TIME= 1.009573538 YMOM        = 5.228381825e+37
TIME= 1.009573538 ZMOM        = 4.177903384e+37
TIME= 1.009573538 ANG MOM X   = -2.141208067e+45
TIME= 1.009573538 ANG MOM Y   = -9.403302599e+44
TIME= 1.009573538 ANG MOM Z   = 3.079751433e+45
TIME= 1.009573538 RHO*e       = 2.649683069e+51
TIME= 1.009573538 RHO*K       = 2.57178176e+47
TIME= 1.009573538 RHO*E       = 2.661253642e+51
TIME= 1.009573538 RHO*PHI     = 0
TIME= 1.009573538 TOTAL ENERGY= 2.661253642e+51
TIME= 1.009573538 CENTER OF MASS X-LOC = -302069.6423
TIME= 1.009573538 CENTER OF MASS X-VEL = 18052.81432
TIME= 1.009573538 CENTER OF MASS Y-LOC = -272769.8475
TIME= 1.009573538 CENTER OF MASS Y-VEL = 18807.85199
TIME= 1.009573538 CENTER OF MASS Z-LOC = -253167.1205
TIME= 1.009573538 CENTER OF MASS Z-VEL = 15029.00727
TIME= 1.009573538 MAXIMUM TEMPERATURE  = 0
TIME= 1.009573538 MAXIMUM DENSITY      = 815432994.8

STEP = 152 TIME = 1.009573538 DT = 0.009673075815


[STEP 152] Coarse TimeStep time: 2.759921917
[STEP 152] FAB kilobyte spread across MPI nodes: [105462 ... 105462]

...estimated hydro-limited timestep at level 0: 0.009674558951
...hydro-limited CFL timestep constrained at (i,j,k) = (32,32,32)
Castro::estTimeStep (hydro-limited) at level 0:  estdt = 0.009674558951

[Level 0 step 153] ADVANCE at time 1.009573538 with dt = 0.009674558951

[1m[32m  Beginning subcycle 1 starting at time 1.009573538 with dt = 0.009674558951[0m
  Estimated number of subcycles remaining: 1

... mhd ...!!! 

Castro::construct_old_gravity() time = 0.062072006 on level 0

Castro::do_old_sources() time = 0.168211109 on level 0

[1m[32m  Subcycle completed[0m

  Subcycling complete

  Zones advanced per microsecond at this level: 0.08843715505

[Level 0 step 153] Advanced 262144 cells
Castro::construct_new_gravity() time = 0.017059374 on level 0

Castro::do_new_sources() time = 0.03990412 on level 0


TIME= 1.019248097 MASS        = 2.780024337e+33
TIME= 1.019248097 XMOM        = 5.097455065e+37
TIME= 1.019248097 YMOM        = 5.411794016e+37
TIME= 1.019248097 ZMOM        = 4.132336858e+37
TIME= 1.019248097 ANG MOM X   = -2.056367017e+45
TIME= 1.019248097 ANG MOM Y   = -9.902449549e+44
TIME= 1.019248097 ANG MOM Z   = 3.059122503e+45
TIME= 1.019248097 RHO*e       = 2.649822204e+51
TIME= 1.019248097 RHO*K       = 2.560850969e+47
TIME= 1.019248097 RHO*E       = 2.661336488e+51
TIME= 1.019248097 RHO*PHI     = 0
TIME= 1.019248097 TOTAL ENERGY= 2.661336488e+51
TIME= 1.019248097 CENTER OF MASS X-LOC = -302051.1836
TIME= 1.019248097 CENTER OF MASS X-VEL = 18336.00878
TIME= 1.019248097 CENTER OF MASS Y-LOC = -272944.144
TIME= 1.019248097 CENTER OF MASS Y-VEL = 19466.71453
TIME= 1.019248097 CENTER OF MASS Z-LOC = -253184.271
TIME= 1.019248097 CENTER OF MASS Z-VEL = 14864.39094
TIME= 1.019248097 MAXIMUM TEMPERATURE  = 0
TIME= 1.019248097 MAXIMUM DENSITY      = 814906256.7

STEP = 153 TIME = 1.019248097 DT = 0.009674558951


[STEP 153] Coarse TimeStep time: 2.990602795
[STEP 153] FAB kilobyte spread across MPI nodes: [105462 ... 105462]

...estimated hydro-limited timestep at level 0: 0.009676245594
...hydro-limited CFL timestep constrained at (i,j,k) = (32,32,32)
Castro::estTimeStep (hydro-limited) at level 0:  estdt = 0.009676245594

[Level 0 step 154] ADVANCE at time 1.019248097 with dt = 0.009676245594

[1m[32m  Beginning subcycle 1 starting at time 1.019248097 with dt = 0.009676245594[0m
  Estimated number of subcycles remaining: 1

... mhd ...!!! 

Castro::construct_old_gravity() time = 0.040641338 on level 0

Castro::do_old_sources() time = 0.031697676 on level 0

[1m[32m  Subcycle completed[0m

  Subcycling complete

  Zones advanced per microsecond at this level: 0.1026089278

[Level 0 step 154] Advanced 262144 cells
Castro::construct_new_gravity() time = 0.017240087 on level 0

Castro::do_new_sources() time = 0.042371416 on level 0


TIME= 1.028924343 MASS        = 2.780155636e+33
TIME= 1.028924343 XMOM        = 5.174110321e+37
TIME= 1.028924343 YMOM        = 5.584683813e+37
TIME= 1.028924343 ZMOM        = 4.0777171e+37
TIME= 1.028924343 ANG MOM X   = -1.968415939e+45
TIME= 1.028924343 ANG MOM Y   = -1.042907194e+45
TIME= 1.028924343 ANG MOM Z   = 3.026436742e+45
TIME= 1.028924343 RHO*e       = 2.649961667e+51
TIME= 1.028924343 RHO*K       = 2.550194366e+47
TIME= 1.028924343 RHO*E       = 2.661419734e+51
TIME= 1.028924343 RHO*PHI     = 0
TIME= 1.028924343 TOTAL ENERGY= 2.661419734e+51
TIME= 1.028924343 CENTER OF MASS X-LOC = -302031.5859
TIME= 1.028924343 CENTER OF MASS X-VEL = 18610.86572
TIME= 1.028924343 CENTER OF MASS Y-LOC = -273110.7326
TIME= 1.028924343 CENTER OF MASS Y-VEL = 20087.6661
TIME= 1.028924343 CENTER OF MASS Z-LOC = -253198.6363
TIME= 1.028924343 CENTER OF MASS Z-VEL = 14667.22599
TIME= 1.028924343 MAXIMUM TEMPERATURE  = 0
TIME= 1.028924343 MAXIMUM DENSITY      = 814397304.9

STEP = 154 TIME = 1.028924343 DT = 0.009676245594


[STEP 154] Coarse TimeStep time: 2.582004324
[STEP 154] FAB kilobyte spread across MPI nodes: [105462 ... 105462]

...estimated hydro-limited timestep at level 0: 0.009678137482
...hydro-limited CFL timestep constrained at (i,j,k) = (32,32,32)
Castro::estTimeStep (hydro-limited) at level 0:  estdt = 0.009678137482

[Level 0 step 155] ADVANCE at time 1.028924343 with dt = 0.009678137482

[1m[32m  Beginning subcycle 1 starting at time 1.028924343 with dt = 0.009678137482[0m
  Estimated number of subcycles remaining: 1

... mhd ...!!! 

Castro::construct_old_gravity() time = 0.023753217 on level 0

Castro::do_old_sources() time = 0.034495133 on level 0

[1m[32m  Subcycle completed[0m

  Subcycling complete

  Zones advanced per microsecond at this level: 0.1003311153

[Level 0 step 155] Advanced 262144 cells
Castro::construct_new_gravity() time = 0.01663448 on level 0

Castro::do_new_sources() time = 0.042133731 on level 0


TIME= 1.03860248 MASS        = 2.780287014e+33
TIME= 1.03860248 XMOM        = 5.249514963e+37
TIME= 1.03860248 YMOM        = 5.746408547e+37
TIME= 1.03860248 ZMOM        = 4.013689085e+37
TIME= 1.03860248 ANG MOM X   = -1.877549865e+45
TIME= 1.03860248 ANG MOM Y   = -1.098422013e+45
TIME= 1.03860248 ANG MOM Z   = 2.994710086e+45
TIME= 1.03860248 RHO*e       = 2.650100685e+51
TIME= 1.03860248 RHO*K       = 2.539747182e+47
TIME= 1.03860248 RHO*E       = 2.66150379e+51
TIME= 1.03860248 RHO*PHI     = 0
TIME= 1.03860248 TOTAL ENERGY= 2.66150379e+51
TIME= 1.03860248 CENTER OF MASS X-LOC = -302011.9178
TIME= 1.03860248 CENTER OF MASS X-VEL = 18881.19801
TIME= 1.03860248 CENTER OF MASS Y-LOC = -273269.7824
TIME= 1.03860248 CENTER OF MASS Y-VEL = 20668.40049
TIME= 1.03860248 CENTER OF MASS Z-LOC = -253210.2183
TIME= 1.03860248 CENTER OF MASS Z-VEL = 14436.24009
TIME= 1.03860248 MAXIMUM TEMPERATURE  = 0
TIME= 1.03860248 MAXIMUM DENSITY      = 813906219.6

STEP = 155 TIME = 1.03860248 DT = 0.009678137482


[STEP 155] Coarse TimeStep time: 2.637197246
[STEP 155] FAB kilobyte spread across MPI nodes: [105462 ... 105462]

PLOTFILE: file = plt_seed55ext00155
Write plotfile time = 0.036501891  seconds

...estimated hydro-limited timestep at level 0: 0.009679851027
...hydro-limited CFL timestep constrained at (i,j,k) = (32,32,32)
Castro::estTimeStep (hydro-limited) at level 0:  estdt = 0.009679851027

[Level 0 step 156] ADVANCE at time 1.03860248 with dt = 0.009679851027

[1m[32m  Beginning subcycle 1 starting at time 1.03860248 with dt = 0.009679851027[0m
  Estimated number of subcycles remaining: 1

... mhd ...!!! 

Castro::construct_old_gravity() time = 0.02359113 on level 0

Castro::do_old_sources() time = 0.036382268 on level 0

[1m[32m  Subcycle completed[0m

  Subcycling complete

  Zones advanced per microsecond at this level: 0.1040123291

[Level 0 step 156] Advanced 262144 cells
Castro::construct_new_gravity() time = 0.017199304 on level 0

Castro::do_new_sources() time = 0.04078128 on level 0


TIME= 1.048282331 MASS        = 2.780418469e+33
TIME= 1.048282331 XMOM        = 5.325025044e+37
TIME= 1.048282331 YMOM        = 5.896789011e+37
TIME= 1.048282331 ZMOM        = 3.940231112e+37
TIME= 1.048282331 ANG MOM X   = -1.786932572e+45
TIME= 1.048282331 ANG MOM Y   = -1.153506565e+45
TIME= 1.048282331 ANG MOM Z   = 2.95610883e+45
TIME= 1.048282331 RHO*e       = 2.650239877e+51
TIME= 1.048282331 RHO*K       = 2.529543039e+47
TIME= 1.048282331 RHO*E       = 2.66158819e+51
TIME= 1.048282331 RHO*PHI     = 0
TIME= 1.048282331 TOTAL ENERGY= 2.66158819e+51
TIME= 1.048282331 CENTER OF MASS X-LOC = -301992.9075
TIME= 1.048282331 CENTER OF MASS X-VEL = 19151.88344
TIME= 1.048282331 CENTER OF MASS Y-LOC = -273422.0469
TIME= 1.048282331 CENTER OF MASS Y-VEL = 21208.27882
TIME= 1.048282331 CENTER OF MASS Z-LOC = -253219.3779
TIME= 1.048282331 CENTER OF MASS Z-VEL = 14171.36002
TIME= 1.048282331 MAXIMUM TEMPERATURE  = 0
TIME= 1.048282331 MAXIMUM DENSITY      = 813428953.9

STEP = 156 TIME = 1.048282331 DT = 0.009679851027


[STEP 156] Coarse TimeStep time: 2.54472013
[STEP 156] FAB kilobyte spread across MPI nodes: [105462 ... 105462]

...estimated hydro-limited timestep at level 0: 0.009681364865
...hydro-limited CFL timestep constrained at (i,j,k) = (32,32,32)
Castro::estTimeStep (hydro-limited) at level 0:  estdt = 0.009681364865

[Level 0 step 157] ADVANCE at time 1.048282331 with dt = 0.009681364865

[1m[32m  Beginning subcycle 1 starting at time 1.048282331 with dt = 0.009681364865[0m
  Estimated number of subcycles remaining: 1

... mhd ...!!! 

Castro::construct_old_gravity() time = 0.02600376 on level 0

Castro::do_old_sources() time = 0.037357964 on level 0

[1m[32m  Subcycle completed[0m

  Subcycling complete

  Zones advanced per microsecond at this level: 0.1035210493

[Level 0 step 157] Advanced 262144 cells
Castro::construct_new_gravity() time = 0.019979148 on level 0

Castro::do_new_sources() time = 0.044967226 on level 0


TIME= 1.057963696 MASS        = 2.780549998e+33
TIME= 1.057963696 XMOM        = 5.402048682e+37
TIME= 1.057963696 YMOM        = 6.035989054e+37
TIME= 1.057963696 ZMOM        = 3.857671149e+37
TIME= 1.057963696 ANG MOM X   = -1.701971145e+45
TIME= 1.057963696 ANG MOM Y   = -1.209373151e+45
TIME= 1.057963696 ANG MOM Z   = 2.915146904e+45
TIME= 1.057963696 RHO*e       = 2.650378632e+51
TIME= 1.057963696 RHO*K       = 2.519566087e+47
TIME= 1.057963696 RHO*E       = 2.661673195e+51
TIME= 1.057963696 RHO*PHI     = 0
TIME= 1.057963696 TOTAL ENERGY= 2.661673195e+51
TIME= 1.057963696 CENTER OF MASS X-LOC = -301975.6635
TIME= 1.057963696 CENTER OF MASS X-VEL = 19427.98614
TIME= 1.057963696 CENTER OF MASS Y-LOC = -273567.0215
TIME= 1.057963696 CENTER OF MASS Y-VEL = 21707.89613
TIME= 1.057963696 CENTER OF MASS Z-LOC = -253226.4229
TIME= 1.057963696 CENTER OF MASS Z-VEL = 13873.77013
TIME= 1.057963696 MAXIMUM TEMPERATURE  = 0
TIME= 1.057963696 MAXIMUM DENSITY      = 812978782.5

STEP = 157 TIME = 1.057963696 DT = 0.009681364865


[STEP 157] Coarse TimeStep time: 2.556790298
[STEP 157] FAB kilobyte spread across MPI nodes: [105462 ... 105462]

...estimated hydro-limited timestep at level 0: 0.009683152257
...hydro-limited CFL timestep constrained at (i,j,k) = (32,32,32)
Castro::estTimeStep (hydro-limited) at level 0:  estdt = 0.009683152257

[Level 0 step 158] ADVANCE at time 1.057963696 with dt = 0.009683152257

[1m[32m  Beginning subcycle 1 starting at time 1.057963696 with dt = 0.009683152257[0m
  Estimated number of subcycles remaining: 1

... mhd ...!!! 

Castro::construct_old_gravity() time = 0.031262385 on level 0

Castro::do_old_sources() time = 0.038216394 on level 0

[1m[32m  Subcycle completed[0m

  Subcycling complete

  Zones advanced per microsecond at this level: 0.1039413656

[Level 0 step 158] Advanced 262144 cells
Castro::construct_new_gravity() time = 0.018213111 on level 0

Castro::do_new_sources() time = 0.043169175 on level 0


TIME= 1.067646848 MASS        = 2.780681604e+33
TIME= 1.067646848 XMOM        = 5.481795126e+37
TIME= 1.067646848 YMOM        = 6.164515092e+37
TIME= 1.067646848 ZMOM        = 3.766830673e+37
TIME= 1.067646848 ANG MOM X   = -1.622878323e+45
TIME= 1.067646848 ANG MOM Y   = -1.266410865e+45
TIME= 1.067646848 ANG MOM Z   = 2.873972584e+45
TIME= 1.067646848 RHO*e       = 2.650517734e+51
TIME= 1.067646848 RHO*K       = 2.509746263e+47
TIME= 1.067646848 RHO*E       = 2.661759219e+51
TIME= 1.067646848 RHO*PHI     = 0
TIME= 1.067646848 TOTAL ENERGY= 2.661759219e+51
TIME= 1.067646848 CENTER OF MASS X-LOC = -301960.7007
TIME= 1.067646848 CENTER OF MASS X-VEL = 19713.85403
TIME= 1.067646848 CENTER OF MASS Y-LOC = -273705.1561
TIME= 1.067646848 CENTER OF MASS Y-VEL = 22169.07928
TIME= 1.067646848 CENTER OF MASS Z-LOC = -253233.9897
TIME= 1.067646848 CENTER OF MASS Z-VEL = 13546.42929
TIME= 1.067646848 MAXIMUM TEMPERATURE  = 0
TIME= 1.067646848 MAXIMUM DENSITY      = 812533792.3

STEP = 158 TIME = 1.067646848 DT = 0.009683152257


[STEP 158] Coarse TimeStep time: 2.547009942
[STEP 158] FAB kilobyte spread across MPI nodes: [105462 ... 105462]

...estimated hydro-limited timestep at level 0: 0.00968601526
...hydro-limited CFL timestep constrained at (i,j,k) = (32,32,32)
Castro::estTimeStep (hydro-limited) at level 0:  estdt = 0.00968601526

[Level 0 step 159] ADVANCE at time 1.067646848 with dt = 0.00968601526

[1m[32m  Beginning subcycle 1 starting at time 1.067646848 with dt = 0.00968601526[0m
  Estimated number of subcycles remaining: 1

... mhd ...!!! 

Castro::construct_old_gravity() time = 0.030255826 on level 0

Castro::do_old_sources() time = 0.032698525 on level 0

[1m[32m  Subcycle completed[0m

  Subcycling complete

  Zones advanced per microsecond at this level: 0.104217369

[Level 0 step 159] Advanced 262144 cells
Castro::construct_new_gravity() time = 0.018850488 on level 0

Castro::do_new_sources() time = 0.044080173 on level 0


TIME= 1.077332864 MASS        = 2.780813303e+33
TIME= 1.077332864 XMOM        = 5.565191903e+37
TIME= 1.077332864 YMOM        = 6.283143559e+37
TIME= 1.077332864 ZMOM        = 3.66891933e+37
TIME= 1.077332864 ANG MOM X   = -1.547747516e+45
TIME= 1.077332864 ANG MOM Y   = -1.328171617e+45
TIME= 1.077332864 ANG MOM Z   = 2.835498228e+45
TIME= 1.077332864 RHO*e       = 2.650656295e+51
TIME= 1.077332864 RHO*K       = 2.50010612e+47
TIME= 1.077332864 RHO*E       = 2.661845633e+51
TIME= 1.077332864 RHO*PHI     = 0
TIME= 1.077332864 TOTAL ENERGY= 2.661845633e+51
TIME= 1.077332864 CENTER OF MASS X-LOC = -301948.5861
TIME= 1.077332864 CENTER OF MASS X-VEL = 20012.82106
TIME= 1.077332864 CENTER OF MASS Y-LOC = -273835.7054
TIME= 1.077332864 CENTER OF MASS Y-VEL = 22594.62565
TIME= 1.077332864 CENTER OF MASS Z-LOC = -253242.9253
TIME= 1.077332864 CENTER OF MASS Z-VEL = 13193.69167
TIME= 1.077332864 MAXIMUM TEMPERATURE  = 0
TIME= 1.077332864 MAXIMUM DENSITY      = 812095467.4

STEP = 159 TIME = 1.077332864 DT = 0.00968601526


[STEP 159] Coarse TimeStep time: 2.541735781
[STEP 159] FAB kilobyte spread across MPI nodes: [105462 ... 105462]

...estimated hydro-limited timestep at level 0: 0.009688942662
...hydro-limited CFL timestep constrained at (i,j,k) = (32,32,32)
Castro::estTimeStep (hydro-limited) at level 0:  estdt = 0.009688942662

[Level 0 step 160] ADVANCE at time 1.077332864 with dt = 0.009688942662

[1m[32m  Beginning subcycle 1 starting at time 1.077332864 with dt = 0.009688942662[0m
  Estimated number of subcycles remaining: 1

... mhd ...!!! 

Castro::construct_old_gravity() time = 0.030482482 on level 0

Castro::do_old_sources() time = 0.038788117 on level 0

[1m[32m  Subcycle completed[0m

  Subcycling complete

  Zones advanced per microsecond at this level: 0.1037098223

[Level 0 step 160] Advanced 262144 cells
Castro::construct_new_gravity() time = 0.018797761 on level 0

Castro::do_new_sources() time = 0.043596124 on level 0


TIME= 1.087021806 MASS        = 2.780945095e+33
TIME= 1.087021806 XMOM        = 5.652853615e+37
TIME= 1.087021806 YMOM        = 6.392554938e+37
TIME= 1.087021806 ZMOM        = 3.565086706e+37
TIME= 1.087021806 ANG MOM X   = -1.467663612e+45
TIME= 1.087021806 ANG MOM Y   = -1.38423635e+45
TIME= 1.087021806 ANG MOM Z   = 2.785195647e+45
TIME= 1.087021806 RHO*e       = 2.6507942e+51
TIME= 1.087021806 RHO*K       = 2.490694515e+47
TIME= 1.087021806 RHO*E       = 2.661932163e+51
TIME= 1.087021806 RHO*PHI     = 0
TIME= 1.087021806 TOTAL ENERGY= 2.661932163e+51
TIME= 1.087021806 CENTER OF MASS X-LOC = -301939.0964
TIME= 1.087021806 CENTER OF MASS X-VEL = 20327.09536
TIME= 1.087021806 CENTER OF MASS Y-LOC = -273957.7924
TIME= 1.087021806 CENTER OF MASS Y-VEL = 22986.98723
TIME= 1.087021806 CENTER OF MASS Z-LOC = -253251.9307
TIME= 1.087021806 CENTER OF MASS Z-VEL = 12819.69469
TIME= 1.087021806 MAXIMUM TEMPERATURE  = 0
TIME= 1.087021806 MAXIMUM DENSITY      = 811647665.7

STEP = 160 TIME = 1.087021806 DT = 0.009688942662


[STEP 160] Coarse TimeStep time: 2.553338352
[STEP 160] FAB kilobyte spread across MPI nodes: [105462 ... 105462]

PLOTFILE: file = plt_seed55ext00160
Write plotfile time = 0.034226687  seconds

...estimated hydro-limited timestep at level 0: 0.009691457033
...hydro-limited CFL timestep constrained at (i,j,k) = (32,32,32)
Castro::estTimeStep (hydro-limited) at level 0:  estdt = 0.009691457033

[Level 0 step 161] ADVANCE at time 1.087021806 with dt = 0.009691457033

[1m[32m  Beginning subcycle 1 starting at time 1.087021806 with dt = 0.009691457033[0m
  Estimated number of subcycles remaining: 1

... mhd ...!!! 

Castro::construct_old_gravity() time = 0.028562697 on level 0

Castro::do_old_sources() time = 0.035371084 on level 0

[1m[32m  Subcycle completed[0m

  Subcycling complete

  Zones advanced per microsecond at this level: 0.1047978578

[Level 0 step 161] Advanced 262144 cells
Castro::construct_new_gravity() time = 0.018343915 on level 0

Castro::do_new_sources() time = 0.043923185 on level 0


TIME= 1.096713263 MASS        = 2.781076975e+33
TIME= 1.096713263 XMOM        = 5.744844728e+37
TIME= 1.096713263 YMOM        = 6.493396599e+37
TIME= 1.096713263 ZMOM        = 3.456344501e+37
TIME= 1.096713263 ANG MOM X   = -1.391015782e+45
TIME= 1.096713263 ANG MOM Y   = -1.445044437e+45
TIME= 1.096713263 ANG MOM Z   = 2.735173756e+45
TIME= 1.096713263 RHO*e       = 2.65093262e+51
TIME= 1.096713263 RHO*K       = 2.481539727e+47
TIME= 1.096713263 RHO*E       = 2.662019494e+51
TIME= 1.096713263 RHO*PHI     = 0
TIME= 1.096713263 TOTAL ENERGY= 2.662019494e+51
TIME= 1.096713263 CENTER OF MASS X-LOC = -301931.2694
TIME= 1.096713263 CENTER OF MASS X-VEL = 20656.90659
TIME= 1.096713263 CENTER OF MASS Y-LOC = -274072.5098
TIME= 1.096713263 CENTER OF MASS Y-VEL = 23348.49649
TIME= 1.096713263 CENTER OF MASS Z-LOC = -253260.2788
TIME= 1.096713263 CENTER OF MASS Z-VEL = 12428.07924
TIME= 1.096713263 MAXIMUM TEMPERATURE  = 0
TIME= 1.096713263 MAXIMUM DENSITY      = 811196126.6

STEP = 161 TIME = 1.096713263 DT = 0.009691457033


[STEP 161] Coarse TimeStep time: 2.525906753
[STEP 161] FAB kilobyte spread across MPI nodes: [105462 ... 105462]

...estimated hydro-limited timestep at level 0: 0.009693490862
...hydro-limited CFL timestep constrained at (i,j,k) = (32,32,32)
Castro::estTimeStep (hydro-limited) at level 0:  estdt = 0.009693490862

 ... limiting dt to 0.003286736659 to hit the stop_time.
[Level 0 step 162] ADVANCE at time 1.096713263 with dt = 0.003286736659

[1m[32m  Beginning subcycle 1 starting at time 1.096713263 with dt = 0.003286736659[0m
  Estimated number of subcycles remaining: 1

... mhd ...!!! 

Castro::construct_old_gravity() time = 0.023701657 on level 0

Castro::do_old_sources() time = 0.036302692 on level 0

[1m[32m  Subcycle completed[0m

  Subcycling complete

  Zones advanced per microsecond at this level: 0.1045299618

[Level 0 step 162] Advanced 262144 cells
Castro::construct_new_gravity() time = 0.017646333 on level 0

Castro::do_new_sources() time = 0.040158162 on level 0


TIME= 1.1 MASS        = 2.781121723e+33
TIME= 1.1 XMOM        = 5.776438146e+37
TIME= 1.1 YMOM        = 6.529565398e+37
TIME= 1.1 ZMOM        = 3.419934417e+37
TIME= 1.1 ANG MOM X   = -1.365743795e+45
TIME= 1.1 ANG MOM Y   = -1.467745109e+45
TIME= 1.1 ANG MOM Z   = 2.713527728e+45
TIME= 1.1 RHO*e       = 2.650962042e+51
TIME= 1.1 RHO*K       = 2.495627142e+47
TIME= 1.1 RHO*E       = 2.662021162e+51
TIME= 1.1 RHO*PHI     = 0
TIME= 1.1 TOTAL ENERGY= 2.662021162e+51
TIME= 1.1 CENTER OF MASS X-LOC = -301936.3282
TIME= 1.1 CENTER OF MASS X-VEL = 20770.17377
TIME= 1.1 CENTER OF MASS Y-LOC = -274153.0466
TIME= 1.1 CENTER OF MASS Y-VEL = 23478.17193
TIME= 1.1 CENTER OF MASS Z-LOC = -253272.9244
TIME= 1.1 CENTER OF MASS Z-VEL = 12296.96057
TIME= 1.1 MAXIMUM TEMPERATURE  = 0
TIME= 1.1 MAXIMUM DENSITY      = 809714085.8

STEP = 162 TIME = 1.1 DT = 0.003286736659


[STEP 162] Coarse TimeStep time: 2.531096749
[STEP 162] FAB kilobyte spread across MPI nodes: [105462 ... 105462]

CHECKPOINT: file = chk_seed55ext00162
checkPoint() time = 0.015893008 secs.
PLOTFILE: file = plt_seed55ext00162
Write plotfile time = 0.032011857  seconds


Ending run at 13:22:48 UTC on 2026-07-26.
Run time = 446.7177184
Run time without initialization = 416.5814534

  Average number of zones advanced per microsecond: 0.102
  Average number of zones advanced per microsecond per rank: 0.025

Unused ParmParse Variables:
  [TOP]::amr.ref_ratio(nvals = 4)  :: [2, 2, 2, 2]
  [TOP]::amr.regrid_int(nvals = 1)  :: [2]

AMReX (26.07) finalized
