Initializing AMReX (26.07)...
MPI initialized with 4 MPI processes
MPI initialized with thread support level 3
AMReX (26.07) initialized

Starting run at 13:15:21 UTC on 2026-07-26.
Successfully read inputs file ... 

Castro git describe: 26.07-dirty
AMReX git describe: 26.07
Microphysics git describe: 26.07

reading extern runtime parameters ...
1 Species: 
X  
Successfully read inputs file ... 
[1m[32mreading initial model[0m
[1m[32m4 variables found in the initial model file[0m
[1m[33m[WARNING] velocity not provided in inputs file[0m
[1m[32m129 points found in the initial model[0m
wd_braithwaite: R_star = 238681011.6 cm, M_enclosed(R_star) = 1.346499895 Msun, |W| = 2.25755333e+51 erg
wd_braithwaite: t_dyn = 0.2758062098 s, global damping active [0, 1.379031049 s], ramping off from 1.103224839 s

=== wd_braithwaite seed field diagnostics (Step 2 acceptance criteria) ===
  sample resolution: 128^3 over [-1.2,1.2] R_star (host-side estimate, NOT the production Castro grid)
  R_star = 238681011.6 cm, |W| = 2.25755333e+51 erg
  E_mag/|W| requested = 0.15
  E_mag/|W| achieved  = 0.15
  max|div B|*h/|B|    = 5.239993037e-10   (acceptance: ~1e-14, machine precision)
  max|B|_outside / max|B|_inside = 0   (acceptance: << 1, confirms envelope confinement)
  Fluff/sponge treatment (v_A limiter etc.) is NOT part of this step -- Step 3's job. This is a static initial condition only.
===========================================================================

Castro::numpts_1d at level  0 is 122
Setting the gravity type to MonopoleGrav
Initializing the data at level 0
Done initializing the level 0 data 
...estimated hydro-limited timestep at level 0: 0.003648335905
...hydro-limited CFL timestep constrained at (i,j,k) = (32,29,22)
Castro::estTimeStep (hydro-limited) at level 0:  estdt = 0.003648335905


TIME= 0 MASS        = 2.767233992e+33
TIME= 0 XMOM        = 0
TIME= 0 YMOM        = 0
TIME= 0 ZMOM        = 0
TIME= 0 ANG MOM X   = 0
TIME= 0 ANG MOM Y   = 0
TIME= 0 ANG MOM Z   = 0
TIME= 0 RHO*e       = 2.485631477e+51
TIME= 0 RHO*K       = 0
TIME= 0 RHO*E       = 2.644983773e+51
TIME= 0 RHO*PHI     = 0
TIME= 0 TOTAL ENERGY= 2.644983773e+51
TIME= 0 CENTER OF MASS X-LOC = -260404.4786
TIME= 0 CENTER OF MASS X-VEL = 0
TIME= 0 CENTER OF MASS Y-LOC = -260404.4786
TIME= 0 CENTER OF MASS Y-VEL = 0
TIME= 0 CENTER OF MASS Z-LOC = -260404.4786
TIME= 0 CENTER OF MASS Z-VEL = 0
TIME= 0 MAXIMUM TEMPERATURE  = 1000000
TIME= 0 MAXIMUM DENSITY      = 988393849.5
INITIAL GRIDS 
  Level 0   8 grids  262144 cells  100 % of domain
            smallest grid: 32 x 32 x 32  biggest grid: 32 x 32 x 32

CHECKPOINT: file = chk_seed123ext00000
checkPoint() time = 0.094626511 secs.
PLOTFILE: file = plt_seed123ext00000
Write plotfile time = 0.05942018  seconds

...estimated hydro-limited timestep at level 0: 0.003648335905
...hydro-limited CFL timestep constrained at (i,j,k) = (32,29,22)
Castro::estTimeStep (hydro-limited) at level 0:  estdt = 0.003648335905

[Level 0 step 1] ADVANCE at time 0 with dt = 3.648335905e-05

[1m[32m  Beginning subcycle 1 starting at time 0 with dt = 3.648335905e-05[0m
  Estimated number of subcycles remaining: 1

... mhd ...!!! 

Castro::construct_old_gravity() time = 0.033898187 on level 0

Castro::do_old_sources() time = 0.044821896 on level 0

[1m[32m  Subcycle completed[0m

  Subcycling complete

  Zones advanced per microsecond at this level: 0.09735700557

[Level 0 step 1] Advanced 262144 cells
Castro::construct_new_gravity() time = 0.021985518 on level 0

Castro::do_new_sources() time = 0.05797293 on level 0


TIME= 3.648335905e-05 MASS        = 2.767233992e+33
TIME= 3.648335905e-05 XMOM        = 2.146358861e+34
TIME= 3.648335905e-05 YMOM        = 2.142589944e+34
TIME= 3.648335905e-05 ZMOM        = 2.14486485e+34
TIME= 3.648335905e-05 ANG MOM X   = 1.488380529e+44
TIME= 3.648335905e-05 ANG MOM Y   = -3.997048921e+43
TIME= 3.648335905e-05 ANG MOM Z   = 5.046821891e+43
TIME= 3.648335905e-05 RHO*e       = 2.485953469e+51
TIME= 3.648335905e-05 RHO*K       = 2.789577529e+44
TIME= 3.648335905e-05 RHO*E       = 2.644984397e+51
TIME= 3.648335905e-05 RHO*PHI     = 0
TIME= 3.648335905e-05 TOTAL ENERGY= 2.644984397e+51
TIME= 3.648335905e-05 CENTER OF MASS X-LOC = -260400.7556
TIME= 3.648335905e-05 CENTER OF MASS X-VEL = 7.756333101
TIME= 3.648335905e-05 CENTER OF MASS Y-LOC = -260417.1834
TIME= 3.648335905e-05 CENTER OF MASS Y-VEL = 7.742713301
TIME= 3.648335905e-05 CENTER OF MASS Z-LOC = -260409.5847
TIME= 3.648335905e-05 CENTER OF MASS Z-VEL = 7.750934165
TIME= 3.648335905e-05 MAXIMUM TEMPERATURE  = 0
TIME= 3.648335905e-05 MAXIMUM DENSITY      = 988300014.6

STEP = 1 TIME = 3.648335905e-05 DT = 3.648335905e-05


[STEP 1] Coarse TimeStep time: 2.730771898
[STEP 1] FAB kilobyte spread across MPI nodes: [105462 ... 105462]

...estimated hydro-limited timestep at level 0: 0.003651603208
...hydro-limited CFL timestep constrained at (i,j,k) = (32,29,22)
Castro::estTimeStep (hydro-limited) at level 0:  estdt = 0.003651603208

Castro::compute_new_dt : limiting dt at level 0
 ... new dt computed: 0.003651603208
 ... but limiting to: 4.013169496e-05 = 1.1 * 3.648335905e-05
[Level 0 step 2] ADVANCE at time 3.648335905e-05 with dt = 4.013169496e-05

[1m[32m  Beginning subcycle 1 starting at time 3.648335905e-05 with dt = 4.013169496e-05[0m
  Estimated number of subcycles remaining: 1

... mhd ...!!! 

Castro::construct_old_gravity() time = 0.033322488 on level 0

Castro::do_old_sources() time = 0.042261924 on level 0

[1m[32m  Subcycle completed[0m

  Subcycling complete

  Zones advanced per microsecond at this level: 0.09199451874

[Level 0 step 2] Advanced 262144 cells
Castro::construct_new_gravity() time = 0.027758772 on level 0

Castro::do_new_sources() time = 0.068685166 on level 0


TIME= 7.661505402e-05 MASS        = 2.767233993e+33
TIME= 7.661505402e-05 XMOM        = 4.510742814e+34
TIME= 7.661505402e-05 YMOM        = 4.494116738e+34
TIME= 7.661505402e-05 ZMOM        = 4.504145916e+34
TIME= 7.661505402e-05 ANG MOM X   = 3.123292242e+44
TIME= 7.661505402e-05 ANG MOM Y   = -8.325194312e+43
TIME= 7.661505402e-05 ANG MOM Z   = 1.061323631e+44
TIME= 7.661505402e-05 RHO*e       = 2.486305204e+51
TIME= 7.661505402e-05 RHO*K       = 1.220659243e+45
TIME= 7.661505402e-05 RHO*E       = 2.644984913e+51
TIME= 7.661505402e-05 RHO*PHI     = 0
TIME= 7.661505402e-05 TOTAL ENERGY= 2.644984913e+51
TIME= 7.661505402e-05 CENTER OF MASS X-LOC = -260396.6738
TIME= 7.661505402e-05 CENTER OF MASS X-VEL = 16.30054714
TIME= 7.661505402e-05 CENTER OF MASS Y-LOC = -260431.0534
TIME= 7.661505402e-05 CENTER OF MASS Y-VEL = 16.24046521
TIME= 7.661505402e-05 CENTER OF MASS Z-LOC = -260415.2718
TIME= 7.661505402e-05 CENTER OF MASS Z-VEL = 16.27670781
TIME= 7.661505402e-05 MAXIMUM TEMPERATURE  = 0
TIME= 7.661505402e-05 MAXIMUM DENSITY      = 988197101.8

STEP = 2 TIME = 7.661505402e-05 DT = 4.013169496e-05


[STEP 2] Coarse TimeStep time: 2.901244793
[STEP 2] FAB kilobyte spread across MPI nodes: [105462 ... 105462]

...estimated hydro-limited timestep at level 0: 0.003655234942
...hydro-limited CFL timestep constrained at (i,j,k) = (32,29,22)
Castro::estTimeStep (hydro-limited) at level 0:  estdt = 0.003655234942

Castro::compute_new_dt : limiting dt at level 0
 ... new dt computed: 0.003655234942
 ... but limiting to: 4.414486446e-05 = 1.1 * 4.013169496e-05
[Level 0 step 3] ADVANCE at time 7.661505402e-05 with dt = 4.414486446e-05

[1m[32m  Beginning subcycle 1 starting at time 7.661505402e-05 with dt = 4.414486446e-05[0m
  Estimated number of subcycles remaining: 1

... mhd ...!!! 

Castro::construct_old_gravity() time = 0.054045958 on level 0

Castro::do_old_sources() time = 0.056961606 on level 0

[1m[32m  Subcycle completed[0m

  Subcycling complete

  Zones advanced per microsecond at this level: 0.09074963647

[Level 0 step 3] Advanced 262144 cells
Castro::construct_new_gravity() time = 0.02158347 on level 0

Castro::do_new_sources() time = 0.044860016 on level 0


TIME= 0.0001207599185 MASS        = 2.767233994e+33
TIME= 0.0001207599185 XMOM        = 7.115633094e+34
TIME= 0.0001207599185 YMOM        = 7.074313223e+34
TIME= 0.0001207599185 ZMOM        = 7.099212609e+34
TIME= 0.0001207599185 ANG MOM X   = 4.918599264e+44
TIME= 0.0001207599185 ANG MOM Y   = -1.300447841e+44
TIME= 0.0001207599185 ANG MOM Z   = 1.675098765e+44
TIME= 0.0001207599185 RHO*e       = 2.486689494e+51
TIME= 0.0001207599185 RHO*K       = 3.006767019e+45
TIME= 0.0001207599185 RHO*E       = 2.644985482e+51
TIME= 0.0001207599185 RHO*PHI     = 0
TIME= 0.0001207599185 TOTAL ENERGY= 2.644985482e+51
TIME= 0.0001207599185 CENTER OF MASS X-LOC = -260392.2019
TIME= 0.0001207599185 CENTER OF MASS X-VEL = 25.71388292
TIME= 0.0001207599185 CENTER OF MASS Y-LOC = -260446.2099
TIME= 0.0001207599185 CENTER OF MASS Y-VEL = 25.56456461
TIME= 0.0001207599185 CENTER OF MASS Z-LOC = -260421.6145
TIME= 0.0001207599185 CENTER OF MASS Z-VEL = 25.65454394
TIME= 0.0001207599185 MAXIMUM TEMPERATURE  = 0
TIME= 0.0001207599185 MAXIMUM DENSITY      = 988084266.3

STEP = 3 TIME = 0.0001207599185 DT = 4.414486446e-05


[STEP 3] Coarse TimeStep time: 2.924229623
[STEP 3] FAB kilobyte spread across MPI nodes: [105462 ... 105462]

...estimated hydro-limited timestep at level 0: 0.003659276403
...hydro-limited CFL timestep constrained at (i,j,k) = (32,29,22)
Castro::estTimeStep (hydro-limited) at level 0:  estdt = 0.003659276403

Castro::compute_new_dt : limiting dt at level 0
 ... new dt computed: 0.003659276403
 ... but limiting to: 4.85593509e-05 = 1.1 * 4.414486446e-05
[Level 0 step 4] ADVANCE at time 0.0001207599185 with dt = 4.85593509e-05

[1m[32m  Beginning subcycle 1 starting at time 0.0001207599185 with dt = 4.85593509e-05[0m
  Estimated number of subcycles remaining: 1

... mhd ...!!! 

Castro::construct_old_gravity() time = 0.023670036 on level 0

Castro::do_old_sources() time = 0.279321293 on level 0

[1m[32m  Subcycle completed[0m

  Subcycling complete

  Zones advanced per microsecond at this level: 0.08389945226

[Level 0 step 4] Advanced 262144 cells
Castro::construct_new_gravity() time = 0.019249207 on level 0

Castro::do_new_sources() time = 0.044081413 on level 0


TIME= 0.0001693192694 MASS        = 2.767233996e+33
TIME= 0.0001693192694 XMOM        = 9.985895263e+34
TIME= 0.0001693192694 YMOM        = 9.904636434e+34
TIME= 0.0001693192694 ZMOM        = 9.953536461e+34
TIME= 0.0001693192694 ANG MOM X   = 6.889679596e+44
TIME= 0.0001693192694 ANG MOM Y   = -1.805354219e+44
TIME= 0.0001693192694 ANG MOM Z   = 2.351798019e+44
TIME= 0.0001693192694 RHO*e       = 2.487108921e+51
TIME= 0.0001693192694 RHO*K       = 5.855911293e+45
TIME= 0.0001693192694 RHO*E       = 2.644986131e+51
TIME= 0.0001693192694 RHO*PHI     = 0
TIME= 0.0001693192694 TOTAL ENERGY= 2.644986131e+51
TIME= 0.0001693192694 CENTER OF MASS X-LOC = -260387.302
TIME= 0.0001693192694 CENTER OF MASS X-VEL = 36.08619755
TIME= 0.0001693192694 CENTER OF MASS Y-LOC = -260462.781
TIME= 0.0001693192694 CENTER OF MASS Y-VEL = 35.79255115
TIME= 0.0001693192694 CENTER OF MASS Z-LOC = -260428.705
TIME= 0.0001693192694 CENTER OF MASS Z-VEL = 35.969262
TIME= 0.0001693192694 MAXIMUM TEMPERATURE  = 0
TIME= 0.0001693192694 MAXIMUM DENSITY      = 987960591.6

STEP = 4 TIME = 0.0001693192694 DT = 4.85593509e-05


[STEP 4] Coarse TimeStep time: 3.15115921
[STEP 4] FAB kilobyte spread across MPI nodes: [105462 ... 105462]

...estimated hydro-limited timestep at level 0: 0.003663776058
...hydro-limited CFL timestep constrained at (i,j,k) = (32,29,22)
Castro::estTimeStep (hydro-limited) at level 0:  estdt = 0.003663776058

Castro::compute_new_dt : limiting dt at level 0
 ... new dt computed: 0.003663776058
 ... but limiting to: 5.341528599e-05 = 1.1 * 4.85593509e-05
[Level 0 step 5] ADVANCE at time 0.0001693192694 with dt = 5.341528599e-05

[1m[32m  Beginning subcycle 1 starting at time 0.0001693192694 with dt = 5.341528599e-05[0m
  Estimated number of subcycles remaining: 1

... mhd ...!!! 

Castro::construct_old_gravity() time = 0.032215918 on level 0

Castro::do_old_sources() time = 0.034090065 on level 0

[1m[32m  Subcycle completed[0m

  Subcycling complete

  Zones advanced per microsecond at this level: 0.09471612724

[Level 0 step 5] Advanced 262144 cells
Castro::construct_new_gravity() time = 0.038512992 on level 0

Castro::do_new_sources() time = 0.063881002 on level 0


TIME= 0.0002227345554 MASS        = 2.767233998e+33
TIME= 0.0002227345554 XMOM        = 1.31490559e+35
TIME= 0.0002227345554 YMOM        = 1.300836857e+35
TIME= 0.0002227345554 ZMOM        = 1.30928965e+35
TIME= 0.0002227345554 ANG MOM X   = 9.053241836e+44
TIME= 0.0002227345554 ANG MOM Y   = -2.34882805e+44
TIME= 0.0002227345554 ANG MOM Z   = 3.09788137e+44
TIME= 0.0002227345554 RHO*e       = 2.487566611e+51
TIME= 0.0002227345554 RHO*K       = 1.00297658e+46
TIME= 0.0002227345554 RHO*E       = 2.644986844e+51
TIME= 0.0002227345554 RHO*PHI     = 0
TIME= 0.0002227345554 TOTAL ENERGY= 2.644986844e+51
TIME= 0.0002227345554 CENTER OF MASS X-LOC = -260381.9317
TIME= 0.0002227345554 CENTER OF MASS X-VEL = 47.51696425
TIME= 0.0002227345554 CENTER OF MASS Y-LOC = -260480.9091
TIME= 0.0002227345554 CENTER OF MASS Y-VEL = 47.0085601
TIME= 0.0002227345554 CENTER OF MASS Z-LOC = -260436.6286
TIME= 0.0002227345554 CENTER OF MASS Z-VEL = 47.31402011
TIME= 0.0002227345554 MAXIMUM TEMPERATURE  = 0
TIME= 0.0002227345554 MAXIMUM DENSITY      = 987825084.8

STEP = 5 TIME = 0.0002227345554 DT = 5.341528599e-05


[STEP 5] Coarse TimeStep time: 2.804633366
[STEP 5] FAB kilobyte spread across MPI nodes: [105462 ... 105462]

PLOTFILE: file = plt_seed123ext00005
Write plotfile time = 0.056345723  seconds

...estimated hydro-limited timestep at level 0: 0.00366878746
...hydro-limited CFL timestep constrained at (i,j,k) = (32,29,22)
Castro::estTimeStep (hydro-limited) at level 0:  estdt = 0.00366878746

Castro::compute_new_dt : limiting dt at level 0
 ... new dt computed: 0.00366878746
 ... but limiting to: 5.875681459e-05 = 1.1 * 5.341528599e-05
[Level 0 step 6] ADVANCE at time 0.0002227345554 with dt = 5.875681459e-05

[1m[32m  Beginning subcycle 1 starting at time 0.0002227345554 with dt = 5.875681459e-05[0m
  Estimated number of subcycles remaining: 1

... mhd ...!!! 

Castro::construct_old_gravity() time = 0.059597303 on level 0

Castro::do_old_sources() time = 0.068373315 on level 0

[1m[32m  Subcycle completed[0m

  Subcycling complete

  Zones advanced per microsecond at this level: 0.09613133565

[Level 0 step 6] Advanced 262144 cells
Castro::construct_new_gravity() time = 0.022465101 on level 0

Castro::do_new_sources() time = 0.051003558 on level 0


TIME= 0.00028149137 MASS        = 2.767234002e+33
TIME= 0.00028149137 XMOM        = 1.663561011e+35
TIME= 0.00028149137 YMOM        = 1.641071753e+35
TIME= 0.00028149137 ZMOM        = 1.654559684e+35
TIME= 0.00028149137 ANG MOM X   = 1.142725746e+45
TIME= 0.00028149137 ANG MOM Y   = -2.931625039e+44
TIME= 0.00028149137 ANG MOM Z   = 3.920129898e+44
TIME= 0.00028149137 RHO*e       = 2.488065503e+51
TIME= 0.00028149137 RHO*K       = 1.583977132e+46
TIME= 0.00028149137 RHO*E       = 2.644987626e+51
TIME= 0.00028149137 RHO*PHI     = 0
TIME= 0.00028149137 TOTAL ENERGY= 2.644987626e+51
TIME= 0.00028149137 CENTER OF MASS X-LOC = -260376.0499
TIME= 0.00028149137 CENTER OF MASS X-VEL = 60.11638373
TIME= 0.00028149137 CENTER OF MASS Y-LOC = -260500.7118
TIME= 0.00028149137 CENTER OF MASS Y-VEL = 59.30368564
TIME= 0.00028149137 CENTER OF MASS Z-LOC = -260445.464
TIME= 0.00028149137 CENTER OF MASS Z-VEL = 59.79110125
TIME= 0.00028149137 MAXIMUM TEMPERATURE  = 0
TIME= 0.00028149137 MAXIMUM DENSITY      = 987676672.4

STEP = 6 TIME = 0.00028149137 DT = 5.875681459e-05


[STEP 6] Coarse TimeStep time: 2.765136028
[STEP 6] FAB kilobyte spread across MPI nodes: [105462 ... 105462]

...estimated hydro-limited timestep at level 0: 0.003674370989
...hydro-limited CFL timestep constrained at (i,j,k) = (32,29,22)
Castro::estTimeStep (hydro-limited) at level 0:  estdt = 0.003674370989

Castro::compute_new_dt : limiting dt at level 0
 ... new dt computed: 0.003674370989
 ... but limiting to: 6.463249605e-05 = 1.1 * 5.875681459e-05
[Level 0 step 7] ADVANCE at time 0.00028149137 with dt = 6.463249605e-05

[1m[32m  Beginning subcycle 1 starting at time 0.00028149137 with dt = 6.463249605e-05[0m
  Estimated number of subcycles remaining: 1

... mhd ...!!! 

Castro::construct_old_gravity() time = 0.028727323 on level 0

Castro::do_old_sources() time = 0.046905113 on level 0

[1m[32m  Subcycle completed[0m

  Subcycling complete

  Zones advanced per microsecond at this level: 0.0951571739

[Level 0 step 7] Advanced 262144 cells
Castro::construct_new_gravity() time = 0.026225548 on level 0

Castro::do_new_sources() time = 0.063254956 on level 0


TIME= 0.000346123866 MASS        = 2.767234006e+33
TIME= 0.000346123866 XMOM        = 2.047935282e+35
TIME= 0.000346123866 YMOM        = 2.013894016e+35
TIME= 0.000346123866 ZMOM        = 2.034271872e+35
TIME= 0.000346123866 ANG MOM X   = 1.403131611e+45
TIME= 0.000346123866 ANG MOM Y   = -3.554666677e+44
TIME= 0.000346123866 ANG MOM Z   = 4.826315292e+44
TIME= 0.000346123866 RHO*e       = 2.488608874e+51
TIME= 0.000346123866 RHO*K       = 2.365448491e+46
TIME= 0.000346123866 RHO*E       = 2.644988476e+51
TIME= 0.000346123866 RHO*PHI     = 0
TIME= 0.000346123866 TOTAL ENERGY= 2.644988476e+51
TIME= 0.000346123866 CENTER OF MASS X-LOC = -260369.6223
TIME= 0.000346123866 CENTER OF MASS X-VEL = 74.00658122
TIME= 0.000346123866 CENTER OF MASS Y-LOC = -260522.3332
TIME= 0.000346123866 CENTER OF MASS Y-VEL = 72.77642624
TIME= 0.000346123866 CENTER OF MASS Z-LOC = -260455.333
TIME= 0.000346123866 CENTER OF MASS Z-VEL = 73.51282426
TIME= 0.000346123866 MAXIMUM TEMPERATURE  = 0
TIME= 0.000346123866 MAXIMUM DENSITY      = 987514195.5

STEP = 7 TIME = 0.000346123866 DT = 6.463249605e-05


[STEP 7] Coarse TimeStep time: 2.785283473
[STEP 7] FAB kilobyte spread across MPI nodes: [105462 ... 105462]

...estimated hydro-limited timestep at level 0: 0.003680595812
...hydro-limited CFL timestep constrained at (i,j,k) = (32,29,22)
Castro::estTimeStep (hydro-limited) at level 0:  estdt = 0.003680595812

Castro::compute_new_dt : limiting dt at level 0
 ... new dt computed: 0.003680595812
 ... but limiting to: 7.109574566e-05 = 1.1 * 6.463249605e-05
[Level 0 step 8] ADVANCE at time 0.000346123866 with dt = 7.109574566e-05

[1m[32m  Beginning subcycle 1 starting at time 0.000346123866 with dt = 7.109574566e-05[0m
  Estimated number of subcycles remaining: 1

... mhd ...!!! 

Castro::construct_old_gravity() time = 0.026504933 on level 0

Castro::do_old_sources() time = 0.036816692 on level 0

[1m[32m  Subcycle completed[0m

  Subcycling complete

  Zones advanced per microsecond at this level: 0.09280221718

[Level 0 step 8] Advanced 262144 cells
Castro::construct_new_gravity() time = 0.0258092 on level 0

Castro::do_new_sources() time = 0.05397935 on level 0


TIME= 0.0004172196117 MASS        = 2.767234013e+33
TIME= 0.0004172196117 XMOM        = 2.471777813e+35
TIME= 0.0004172196117 YMOM        = 2.42224907e+35
TIME= 0.0004172196117 ZMOM        = 2.451841125e+35
TIME= 0.0004172196117 ANG MOM X   = 1.688740375e+45
TIME= 0.0004172196117 ANG MOM Y   = -4.217870478e+44
TIME= 0.0004172196117 ANG MOM Z   = 5.82440827e+44
TIME= 0.0004172196117 RHO*e       = 2.489199991e+51
TIME= 0.0004172196117 RHO*K       = 3.390760812e+46
TIME= 0.0004172196117 RHO*E       = 2.644989376e+51
TIME= 0.0004172196117 RHO*PHI     = 0
TIME= 0.0004172196117 TOTAL ENERGY= 2.644989376e+51
TIME= 0.0004172196117 CENTER OF MASS X-LOC = -260362.5961
TIME= 0.0004172196117 CENTER OF MASS X-VEL = 89.32304973
TIME= 0.0004172196117 CENTER OF MASS Y-LOC = -260545.9281
TIME= 0.0004172196117 CENTER OF MASS Y-VEL = 87.53322123
TIME= 0.0004172196117 CENTER OF MASS Z-LOC = -260466.3308
TIME= 0.0004172196117 CENTER OF MASS Z-VEL = 88.60259429
TIME= 0.0004172196117 MAXIMUM TEMPERATURE  = 0
TIME= 0.0004172196117 MAXIMUM DENSITY      = 987336406.2

STEP = 8 TIME = 0.0004172196117 DT = 7.109574566e-05


[STEP 8] Coarse TimeStep time: 2.855432074
[STEP 8] FAB kilobyte spread across MPI nodes: [105462 ... 105462]

...estimated hydro-limited timestep at level 0: 0.00368754415
...hydro-limited CFL timestep constrained at (i,j,k) = (32,29,22)
Castro::estTimeStep (hydro-limited) at level 0:  estdt = 0.00368754415

Castro::compute_new_dt : limiting dt at level 0
 ... new dt computed: 0.00368754415
 ... but limiting to: 7.820532022e-05 = 1.1 * 7.109574566e-05
[Level 0 step 9] ADVANCE at time 0.0004172196117 with dt = 7.820532022e-05

[1m[32m  Beginning subcycle 1 starting at time 0.0004172196117 with dt = 7.820532022e-05[0m
  Estimated number of subcycles remaining: 1

... mhd ...!!! 

Castro::construct_old_gravity() time = 0.029270448 on level 0

Castro::do_old_sources() time = 0.03628249 on level 0

[1m[32m  Subcycle completed[0m

  Subcycling complete

  Zones advanced per microsecond at this level: 0.09473896899

[Level 0 step 9] Advanced 262144 cells
Castro::construct_new_gravity() time = 0.035709679 on level 0

Castro::do_new_sources() time = 0.092444026 on level 0


TIME= 0.0004954249319 MASS        = 2.767234021e+33
TIME= 0.0004954249319 XMOM        = 2.939253325e+35
TIME= 0.0004954249319 YMOM        = 2.869311495e+35
TIME= 0.0004954249319 ZMOM        = 2.911022596e+35
TIME= 0.0004954249319 ANG MOM X   = 2.002006681e+45
TIME= 0.0004954249319 ANG MOM Y   = -4.921859218e+44
TIME= 0.0004954249319 ANG MOM Z   = 6.923076307e+44
TIME= 0.0004954249319 RHO*e       = 2.489842473e+51
TIME= 0.0004954249319 RHO*K       = 4.710634831e+46
TIME= 0.0004954249319 RHO*E       = 2.64499038e+51
TIME= 0.0004954249319 RHO*PHI     = 0
TIME= 0.0004954249319 TOTAL ENERGY= 2.64499038e+51
TIME= 0.0004954249319 CENTER OF MASS X-LOC = -260354.9008
TIME= 0.0004954249319 CENTER OF MASS X-VEL = 106.2162905
TIME= 0.0004954249319 CENTER OF MASS Y-LOC = -260571.614
TIME= 0.0004954249319 CENTER OF MASS Y-VEL = 103.6887908
TIME= 0.0004954249319 CENTER OF MASS Z-LOC = -260478.6089
TIME= 0.0004954249319 CENTER OF MASS Z-VEL = 105.1961118
TIME= 0.0004954249319 MAXIMUM TEMPERATURE  = 0
TIME= 0.0004954249319 MAXIMUM DENSITY      = 987141964.2

STEP = 9 TIME = 0.0004954249319 DT = 7.820532022e-05


[STEP 9] Coarse TimeStep time: 2.802335379
[STEP 9] FAB kilobyte spread across MPI nodes: [105462 ... 105462]

...estimated hydro-limited timestep at level 0: 0.003695320772
...hydro-limited CFL timestep constrained at (i,j,k) = (32,29,22)
Castro::estTimeStep (hydro-limited) at level 0:  estdt = 0.003695320772

Castro::compute_new_dt : limiting dt at level 0
 ... new dt computed: 0.003695320772
 ... but limiting to: 8.602585224e-05 = 1.1 * 7.820532022e-05
[Level 0 step 10] ADVANCE at time 0.0004954249319 with dt = 8.602585224e-05

[1m[32m  Beginning subcycle 1 starting at time 0.0004954249319 with dt = 8.602585224e-05[0m
  Estimated number of subcycles remaining: 1

... mhd ...!!! 

Castro::construct_old_gravity() time = 0.067161972 on level 0

Castro::do_old_sources() time = 0.082508199 on level 0

[1m[32m  Subcycle completed[0m

  Subcycling complete

  Zones advanced per microsecond at this level: 0.08366293601

[Level 0 step 10] Advanced 262144 cells
Castro::construct_new_gravity() time = 0.023175923 on level 0

Castro::do_new_sources() time = 0.064691737 on level 0


TIME= 0.0005814507841 MASS        = 2.767234032e+33
TIME= 0.0005814507841 XMOM        = 3.454989552e+35
TIME= 0.0005814507841 YMOM        = 3.358496073e+35
TIME= 0.0005814507841 ZMOM        = 3.415949265e+35
TIME= 0.0005814507841 ANG MOM X   = 2.345707807e+45
TIME= 0.0005814507841 ANG MOM Y   = -5.666238495e+44
TIME= 0.0005814507841 ANG MOM Z   = 8.132937869e+44
TIME= 0.0005814507841 RHO*e       = 2.490540276e+51
TIME= 0.0005814507841 RHO*K       = 6.383996515e+46
TIME= 0.0005814507841 RHO*E       = 2.644991463e+51
TIME= 0.0005814507841 RHO*PHI     = 0
TIME= 0.0005814507841 TOTAL ENERGY= 2.644991463e+51
TIME= 0.0005814507841 CENTER OF MASS X-LOC = -260346.4758
TIME= 0.0005814507841 CENTER OF MASS X-VEL = 124.8535365
TIME= 0.0005814507841 CENTER OF MASS Y-LOC = -260599.6
TIME= 0.0005814507841 CENTER OF MASS Y-VEL = 121.3665355
TIME= 0.0005814507841 CENTER OF MASS Z-LOC = -260492.3264
TIME= 0.0005814507841 CENTER OF MASS Z-VEL = 123.4427311
TIME= 0.0005814507841 MAXIMUM TEMPERATURE  = 0
TIME= 0.0005814507841 MAXIMUM DENSITY      = 986929432.1

STEP = 10 TIME = 0.0005814507841 DT = 8.602585224e-05


[STEP 10] Coarse TimeStep time: 3.179367128
[STEP 10] FAB kilobyte spread across MPI nodes: [105462 ... 105462]

PLOTFILE: file = plt_seed123ext00010
Write plotfile time = 0.06793895  seconds

...estimated hydro-limited timestep at level 0: 0.003704055934
...hydro-limited CFL timestep constrained at (i,j,k) = (32,29,22)
Castro::estTimeStep (hydro-limited) at level 0:  estdt = 0.003704055934

Castro::compute_new_dt : limiting dt at level 0
 ... new dt computed: 0.003704055934
 ... but limiting to: 9.462843747e-05 = 1.1 * 8.602585224e-05
[Level 0 step 11] ADVANCE at time 0.0005814507841 with dt = 9.462843747e-05

[1m[32m  Beginning subcycle 1 starting at time 0.0005814507841 with dt = 9.462843747e-05[0m
  Estimated number of subcycles remaining: 1

... mhd ...!!! 

Castro::construct_old_gravity() time = 0.026441822 on level 0

Castro::do_old_sources() time = 0.046311766 on level 0

[1m[32m  Subcycle completed[0m

  Subcycling complete

  Zones advanced per microsecond at this level: 0.1024019993

[Level 0 step 11] Advanced 262144 cells
Castro::construct_new_gravity() time = 0.026647597 on level 0

Castro::do_new_sources() time = 0.071179141 on level 0


TIME= 0.0006760792216 MASS        = 2.767234046e+33
TIME= 0.0006760792216 XMOM        = 4.024133358e+35
TIME= 0.0006760792216 YMOM        = 3.893470343e+35
TIME= 0.0006760792216 ZMOM        = 3.971171836e+35
TIME= 0.0006760792216 ANG MOM X   = 2.722730201e+45
TIME= 0.0006760792216 ANG MOM Y   = -6.449750698e+44
TIME= 0.0006760792216 ANG MOM Z   = 9.465211798e+44
TIME= 0.0006760792216 RHO*e       = 2.491296641e+51
TIME= 0.0006760792216 RHO*K       = 8.47886684e+46
TIME= 0.0006760792216 RHO*E       = 2.644992639e+51
TIME= 0.0006760792216 RHO*PHI     = 0
TIME= 0.0006760792216 TOTAL ENERGY= 2.644992639e+51
TIME= 0.0006760792216 CENTER OF MASS X-LOC = -260337.2624
TIME= 0.0006760792216 CENTER OF MASS X-VEL = 145.4207809
TIME= 0.0006760792216 CENTER OF MASS Y-LOC = -260630.1251
TIME= 0.0006760792216 CENTER OF MASS Y-VEL = 140.6989896
TIME= 0.0006760792216 CENTER OF MASS Z-LOC = -260507.6587
TIME= 0.0006760792216 CENTER OF MASS Z-VEL = 143.5069015
TIME= 0.0006760792216 MAXIMUM TEMPERATURE  = 0
TIME= 0.0006760792216 MAXIMUM DENSITY      = 986696743.5

STEP = 11 TIME = 0.0006760792216 DT = 9.462843747e-05


[STEP 11] Coarse TimeStep time: 2.601634963
[STEP 11] FAB kilobyte spread across MPI nodes: [105462 ... 105462]

...estimated hydro-limited timestep at level 0: 0.00371386673
...hydro-limited CFL timestep constrained at (i,j,k) = (32,29,22)
Castro::estTimeStep (hydro-limited) at level 0:  estdt = 0.00371386673

Castro::compute_new_dt : limiting dt at level 0
 ... new dt computed: 0.00371386673
 ... but limiting to: 0.0001040912812 = 1.1 * 9.462843747e-05
[Level 0 step 12] ADVANCE at time 0.0006760792216 with dt = 0.0001040912812

[1m[32m  Beginning subcycle 1 starting at time 0.0006760792216 with dt = 0.0001040912812[0m
  Estimated number of subcycles remaining: 1

... mhd ...!!! 

Castro::construct_old_gravity() time = 0.038109029 on level 0

Castro::do_old_sources() time = 0.049288241 on level 0

[1m[32m  Subcycle completed[0m

  Subcycling complete

  Zones advanced per microsecond at this level: 0.09654457354

[Level 0 step 12] Advanced 262144 cells
Castro::construct_new_gravity() time = 0.016409916 on level 0

Castro::do_new_sources() time = 0.052213005 on level 0


TIME= 0.0007801705028 MASS        = 2.767234063e+33
TIME= 0.0007801705028 XMOM        = 4.652407383e+35
TIME= 0.0007801705028 YMOM        = 4.478145866e+35
TIME= 0.0007801705028 ZMOM        = 4.581693901e+35
TIME= 0.0007801705028 ANG MOM X   = 3.135927032e+45
TIME= 0.0007801705028 ANG MOM Y   = -7.270033967e+44
TIME= 0.0007801705028 ANG MOM Z   = 1.093257133e+45
TIME= 0.0007801705028 RHO*e       = 2.492115589e+51
TIME= 0.0007801705028 RHO*K       = 1.107318187e+47
TIME= 0.0007801705028 RHO*E       = 2.644993846e+51
TIME= 0.0007801705028 RHO*PHI     = 0
TIME= 0.0007801705028 TOTAL ENERGY= 2.644993846e+51
TIME= 0.0007801705028 CENTER OF MASS X-LOC = -260327.1744
TIME= 0.0007801705028 CENTER OF MASS X-VEL = 168.1248234
TIME= 0.0007801705028 CENTER OF MASS Y-LOC = -260663.3802
TIME= 0.0007801705028 CENTER OF MASS Y-VEL = 161.8275059
TIME= 0.0007801705028 CENTER OF MASS Z-LOC = -260524.6943
TIME= 0.0007801705028 CENTER OF MASS Z-VEL = 165.5694385
TIME= 0.0007801705028 MAXIMUM TEMPERATURE  = 0
TIME= 0.0007801705028 MAXIMUM DENSITY      = 986441979.4

STEP = 12 TIME = 0.0007801705028 DT = 0.0001040912812


[STEP 12] Coarse TimeStep time: 2.757400331
[STEP 12] FAB kilobyte spread across MPI nodes: [105462 ... 105462]

...estimated hydro-limited timestep at level 0: 0.003724885285
...hydro-limited CFL timestep constrained at (i,j,k) = (32,29,22)
Castro::estTimeStep (hydro-limited) at level 0:  estdt = 0.003724885285

Castro::compute_new_dt : limiting dt at level 0
 ... new dt computed: 0.003724885285
 ... but limiting to: 0.0001145004093 = 1.1 * 0.0001040912812
[Level 0 step 13] ADVANCE at time 0.0007801705028 with dt = 0.0001145004093

[1m[32m  Beginning subcycle 1 starting at time 0.0007801705028 with dt = 0.0001145004093[0m
  Estimated number of subcycles remaining: 1

... mhd ...!!! 

Castro::construct_old_gravity() time = 0.053403669 on level 0

Castro::do_old_sources() time = 0.059963866 on level 0

[1m[32m  Subcycle completed[0m

  Subcycling complete

  Zones advanced per microsecond at this level: 0.09478015725

[Level 0 step 13] Advanced 262144 cells
Castro::construct_new_gravity() time = 0.048382881 on level 0

Castro::do_new_sources() time = 0.038622477 on level 0


TIME= 0.0008946709121 MASS        = 2.767234086e+33
TIME= 0.0008946709121 XMOM        = 5.346179295e+35
TIME= 0.0008946709121 YMOM        = 5.116649312e+35
TIME= 0.0008946709121 ZMOM        = 5.253018764e+35
TIME= 0.0008946709121 ANG MOM X   = 3.58875588e+45
TIME= 0.0008946709121 ANG MOM Y   = -8.124297292e+44
TIME= 0.0008946709121 ANG MOM Z   = 1.254895136e+45
TIME= 0.0008946709121 RHO*e       = 2.49300104e+51
TIME= 0.0008946709121 RHO*K       = 1.425540642e+47
TIME= 0.0008946709121 RHO*E       = 2.644995045e+51
TIME= 0.0008946709121 RHO*PHI     = 0
TIME= 0.0008946709121 TOTAL ENERGY= 2.644995045e+51
TIME= 0.0008946709121 CENTER OF MASS X-LOC = -260316.1745
TIME= 0.0008946709121 CENTER OF MASS X-VEL = 193.1957735
TIME= 0.0008946709121 CENTER OF MASS Y-LOC = -260699.561
TIME= 0.0008946709121 CENTER OF MASS Y-VEL = 184.9012102
TIME= 0.0008946709121 CENTER OF MASS Z-LOC = -260543.7069
TIME= 0.0008946709121 CENTER OF MASS Z-VEL = 189.8292158
TIME= 0.0008946709121 MAXIMUM TEMPERATURE  = 0
TIME= 0.0008946709121 MAXIMUM DENSITY      = 986163100.1

STEP = 13 TIME = 0.0008946709121 DT = 0.0001145004093


[STEP 13] Coarse TimeStep time: 2.799672287
[STEP 13] FAB kilobyte spread across MPI nodes: [105462 ... 105462]

...estimated hydro-limited timestep at level 0: 0.003737262861
...hydro-limited CFL timestep constrained at (i,j,k) = (32,29,22)
Castro::estTimeStep (hydro-limited) at level 0:  estdt = 0.003737262861

Castro::compute_new_dt : limiting dt at level 0
 ... new dt computed: 0.003737262861
 ... but limiting to: 0.0001259504503 = 1.1 * 0.0001145004093
[Level 0 step 14] ADVANCE at time 0.0008946709121 with dt = 0.0001259504503

[1m[32m  Beginning subcycle 1 starting at time 0.0008946709121 with dt = 0.0001259504503[0m
  Estimated number of subcycles remaining: 1

... mhd ...!!! 

Castro::construct_old_gravity() time = 0.02313641 on level 0

Castro::do_old_sources() time = 0.035692216 on level 0

[1m[32m  Subcycle completed[0m

  Subcycling complete

  Zones advanced per microsecond at this level: 0.1001265112

[Level 0 step 14] Advanced 262144 cells
Castro::construct_new_gravity() time = 0.018914677 on level 0

Castro::do_new_sources() time = 0.049474528 on level 0


TIME= 0.001020621362 MASS        = 2.767234114e+33
TIME= 0.001020621362 XMOM        = 6.11254056e+35
TIME= 0.001020621362 YMOM        = 5.813314093e+35
TIME= 0.001020621362 ZMOM        = 5.991214147e+35
TIME= 0.001020621362 ANG MOM X   = 4.084862449e+45
TIME= 0.001020621362 ANG MOM Y   = -9.007053262e+44
TIME= 0.001020621362 ANG MOM Z   = 1.433151665e+45
TIME= 0.001020621362 RHO*e       = 2.493957589e+51
TIME= 0.001020621362 RHO*K       = 1.812504357e+47
TIME= 0.001020621362 RHO*E       = 2.644996208e+51
TIME= 0.001020621362 RHO*PHI     = 0
TIME= 0.001020621362 TOTAL ENERGY= 2.644996208e+51
TIME= 0.001020621362 CENTER OF MASS X-LOC = -260304.09
TIME= 0.001020621362 CENTER OF MASS X-VEL = 220.8898962
TIME= 0.001020621362 CENTER OF MASS Y-LOC = -260738.8682
TIME= 0.001020621362 CENTER OF MASS Y-VEL = 210.0766995
TIME= 0.001020621362 CENTER OF MASS Z-LOC = -260564.87
TIME= 0.001020621362 CENTER OF MASS Z-VEL = 216.5055033
TIME= 0.001020621362 MAXIMUM TEMPERATURE  = 0
TIME= 0.001020621362 MAXIMUM DENSITY      = 985857787.4

STEP = 14 TIME = 0.001020621362 DT = 0.0001259504503


[STEP 14] Coarse TimeStep time: 2.647751204
[STEP 14] FAB kilobyte spread across MPI nodes: [105462 ... 105462]

...estimated hydro-limited timestep at level 0: 0.003751807546
...hydro-limited CFL timestep constrained at (i,j,k) = (32,29,22)
Castro::estTimeStep (hydro-limited) at level 0:  estdt = 0.003751807546

Castro::compute_new_dt : limiting dt at level 0
 ... new dt computed: 0.003751807546
 ... but limiting to: 0.0001385454953 = 1.1 * 0.0001259504503
[Level 0 step 15] ADVANCE at time 0.001020621362 with dt = 0.0001385454953

[1m[32m  Beginning subcycle 1 starting at time 0.001020621362 with dt = 0.0001385454953[0m
  Estimated number of subcycles remaining: 1

... mhd ...!!! 

Castro::construct_old_gravity() time = 0.027382797 on level 0

Castro::do_old_sources() time = 0.040024232 on level 0

[1m[32m  Subcycle completed[0m

  Subcycling complete

  Zones advanced per microsecond at this level: 0.09186376049

[Level 0 step 15] Advanced 262144 cells
Castro::construct_new_gravity() time = 0.024416222 on level 0

Castro::do_new_sources() time = 0.055792643 on level 0


TIME= 0.001159166858 MASS        = 2.767234149e+33
TIME= 0.001159166858 XMOM        = 6.95938417e+35
TIME= 0.001159166858 YMOM        = 6.572688728e+35
TIME= 0.001159166858 ZMOM        = 6.80297509e+35
TIME= 0.001159166858 ANG MOM X   = 4.628274278e+45
TIME= 0.001159166858 ANG MOM Y   = -9.912283389e+44
TIME= 0.001159166858 ANG MOM Z   = 1.629522231e+45
TIME= 0.001159166858 RHO*e       = 2.494989285e+51
TIME= 0.001159166858 RHO*K       = 2.279312102e+47
TIME= 0.001159166858 RHO*E       = 2.644997252e+51
TIME= 0.001159166858 RHO*PHI     = 0
TIME= 0.001159166858 TOTAL ENERGY= 2.644997252e+51
TIME= 0.001159166858 CENTER OF MASS X-LOC = -260290.9564
TIME= 0.001159166858 CENTER OF MASS X-VEL = 251.4924215
TIME= 0.001159166858 CENTER OF MASS Y-LOC = -260781.6452
TIME= 0.001159166858 CENTER OF MASS Y-VEL = 237.5183441
TIME= 0.001159166858 CENTER OF MASS Z-LOC = -260588.3694
TIME= 0.001159166858 CENTER OF MASS Z-VEL = 245.8402406
TIME= 0.001159166858 MAXIMUM TEMPERATURE  = 0
TIME= 0.001159166858 MAXIMUM DENSITY      = 985523693.8

STEP = 15 TIME = 0.001159166858 DT = 0.0001385454953


[STEP 15] Coarse TimeStep time: 2.889234989
[STEP 15] FAB kilobyte spread across MPI nodes: [105462 ... 105462]

PLOTFILE: file = plt_seed123ext00015
Write plotfile time = 0.055467327  seconds

...estimated hydro-limited timestep at level 0: 0.003768348509
...hydro-limited CFL timestep constrained at (i,j,k) = (32,29,22)
Castro::estTimeStep (hydro-limited) at level 0:  estdt = 0.003768348509

Castro::compute_new_dt : limiting dt at level 0
 ... new dt computed: 0.003768348509
 ... but limiting to: 0.0001524000448 = 1.1 * 0.0001385454953
[Level 0 step 16] ADVANCE at time 0.001159166858 with dt = 0.0001524000448

[1m[32m  Beginning subcycle 1 starting at time 0.001159166858 with dt = 0.0001524000448[0m
  Estimated number of subcycles remaining: 1

... mhd ...!!! 

Castro::construct_old_gravity() time = 0.036015253 on level 0

Castro::do_old_sources() time = 0.052130484 on level 0

[1m[32m  Subcycle completed[0m

  Subcycling complete

  Zones advanced per microsecond at this level: 0.09334500141

[Level 0 step 16] Advanced 262144 cells
Castro::construct_new_gravity() time = 0.022755544 on level 0

Castro::do_new_sources() time = 0.055002642 on level 0


TIME= 0.001311566903 MASS        = 2.767234192e+33
TIME= 0.001311566903 XMOM        = 7.895506458e+35
TIME= 0.001311566903 YMOM        = 7.399529809e+35
TIME= 0.001311566903 ZMOM        = 7.69569138e+35
TIME= 0.001311566903 ANG MOM X   = 5.223022246e+45
TIME= 0.001311566903 ANG MOM Y   = -1.082760671e+45
TIME= 0.001311566903 ANG MOM Z   = 1.845667076e+45
TIME= 0.001311566903 RHO*e       = 2.496099604e+51
TIME= 0.001311566903 RHO*K       = 2.838213356e+47
TIME= 0.001311566903 RHO*E       = 2.644998101e+51
TIME= 0.001311566903 RHO*PHI     = 0
TIME= 0.001311566903 TOTAL ENERGY= 2.644998101e+51
TIME= 0.001311566903 CENTER OF MASS X-LOC = -260276.8893
TIME= 0.001311566903 CENTER OF MASS X-VEL = 285.3212236
TIME= 0.001311566903 CENTER OF MASS Y-LOC = -260828.1586
TIME= 0.001311566903 CENTER OF MASS Y-VEL = 267.3980334
TIME= 0.001311566903 CENTER OF MASS Z-LOC = -260614.4142
TIME= 0.001311566903 CENTER OF MASS Z-VEL = 278.1004731
TIME= 0.001311566903 MAXIMUM TEMPERATURE  = 0
TIME= 0.001311566903 MAXIMUM DENSITY      = 985158300.3

STEP = 16 TIME = 0.001311566903 DT = 0.0001524000448


[STEP 16] Coarse TimeStep time: 2.840556416
[STEP 16] FAB kilobyte spread across MPI nodes: [105462 ... 105462]

...estimated hydro-limited timestep at level 0: 0.003786413028
...hydro-limited CFL timestep constrained at (i,j,k) = (32,29,22)
Castro::estTimeStep (hydro-limited) at level 0:  estdt = 0.003786413028

Castro::compute_new_dt : limiting dt at level 0
 ... new dt computed: 0.003786413028
 ... but limiting to: 0.0001676400493 = 1.1 * 0.0001524000448
[Level 0 step 17] ADVANCE at time 0.001311566903 with dt = 0.0001676400493

[1m[32m  Beginning subcycle 1 starting at time 0.001311566903 with dt = 0.0001676400493[0m
  Estimated number of subcycles remaining: 1

... mhd ...!!! 

Castro::construct_old_gravity() time = 0.036318265 on level 0

Castro::do_old_sources() time = 0.065223612 on level 0

[1m[32m  Subcycle completed[0m

  Subcycling complete

  Zones advanced per microsecond at this level: 0.08309190962

[Level 0 step 17] Advanced 262144 cells
Castro::construct_new_gravity() time = 0.022995663 on level 0

Castro::do_new_sources() time = 0.051987792 on level 0


TIME= 0.001479206952 MASS        = 2.767234246e+33
TIME= 0.001479206952 XMOM        = 8.930675017e+35
TIME= 0.001479206952 YMOM        = 8.298745445e+35
TIME= 0.001479206952 ZMOM        = 8.677520387e+35
TIME= 0.001479206952 ANG MOM X   = 5.873801639e+45
TIME= 0.001479206952 ANG MOM Y   = -1.173417962e+45
TIME= 0.001479206952 ANG MOM Z   = 2.083567736e+45
TIME= 0.001479206952 RHO*e       = 2.497293132e+51
TIME= 0.001479206952 RHO*K       = 3.502523865e+47
TIME= 0.001479206952 RHO*E       = 2.644998718e+51
TIME= 0.001479206952 RHO*PHI     = 0
TIME= 0.001479206952 TOTAL ENERGY= 2.644998718e+51
TIME= 0.001479206952 CENTER OF MASS X-LOC = -260262.1007
TIME= 0.001479206952 CENTER OF MASS X-VEL = 322.7292749
TIME= 0.001479206952 CENTER OF MASS Y-LOC = -260878.3029
TIME= 0.001479206952 CENTER OF MASS Y-VEL = 299.8931318
TIME= 0.001479206952 CENTER OF MASS Z-LOC = -260643.2301
TIME= 0.001479206952 CENTER OF MASS Z-VEL = 313.5809843
TIME= 0.001479206952 MAXIMUM TEMPERATURE  = 0
TIME= 0.001479206952 MAXIMUM DENSITY      = 984758915.8

STEP = 17 TIME = 0.001479206952 DT = 0.0001676400493


[STEP 17] Coarse TimeStep time: 3.188098063
[STEP 17] FAB kilobyte spread across MPI nodes: [105462 ... 105462]

...estimated hydro-limited timestep at level 0: 0.003806860551
...hydro-limited CFL timestep constrained at (i,j,k) = (32,29,22)
Castro::estTimeStep (hydro-limited) at level 0:  estdt = 0.003806860551

Castro::compute_new_dt : limiting dt at level 0
 ... new dt computed: 0.003806860551
 ... but limiting to: 0.0001844040542 = 1.1 * 0.0001676400493
[Level 0 step 18] ADVANCE at time 0.001479206952 with dt = 0.0001844040542

[1m[32m  Beginning subcycle 1 starting at time 0.001479206952 with dt = 0.0001844040542[0m
  Estimated number of subcycles remaining: 1

... mhd ...!!! 

Castro::construct_old_gravity() time = 0.027349349 on level 0

Castro::do_old_sources() time = 0.038883497 on level 0

[1m[32m  Subcycle completed[0m

  Subcycling complete

  Zones advanced per microsecond at this level: 0.1001945502

[Level 0 step 18] Advanced 262144 cells
Castro::construct_new_gravity() time = 0.018964519 on level 0

Castro::do_new_sources() time = 0.049266601 on level 0


TIME= 0.001663611006 MASS        = 2.767234313e+33
TIME= 0.001663611006 XMOM        = 1.007558543e+36
TIME= 0.001663611006 YMOM        = 9.275288191e+35
TIME= 0.001663611006 ZMOM        = 9.757504186e+35
TIME= 0.001663611006 ANG MOM X   = 6.585289048e+45
TIME= 0.001663611006 ANG MOM Y   = -1.260817031e+45
TIME= 0.001663611006 ANG MOM Z   = 2.345807368e+45
TIME= 0.001663611006 RHO*e       = 2.498572654e+51
TIME= 0.001663611006 RHO*K       = 4.286459377e+47
TIME= 0.001663611006 RHO*E       = 2.644998928e+51
TIME= 0.001663611006 RHO*PHI     = 0
TIME= 0.001663611006 TOTAL ENERGY= 2.644998928e+51
TIME= 0.001663611006 CENTER OF MASS X-LOC = -260246.5203
TIME= 0.001663611006 CENTER OF MASS X-VEL = 364.1030824
TIME= 0.001663611006 CENTER OF MASS Y-LOC = -260932.2285
TIME= 0.001663611006 CENTER OF MASS Y-VEL = 335.1826098
TIME= 0.001663611006 CENTER OF MASS Z-LOC = -260675.1392
TIME= 0.001663611006 CENTER OF MASS Z-VEL = 352.6085283
TIME= 0.001663611006 MAXIMUM TEMPERATURE  = 0
TIME= 0.001663611006 MAXIMUM DENSITY      = 984322650.7

STEP = 18 TIME = 0.001663611006 DT = 0.0001844040542


[STEP 18] Coarse TimeStep time: 2.647343279
[STEP 18] FAB kilobyte spread across MPI nodes: [105462 ... 105462]

...estimated hydro-limited timestep at level 0: 0.003830004637
...hydro-limited CFL timestep constrained at (i,j,k) = (32,29,22)
Castro::estTimeStep (hydro-limited) at level 0:  estdt = 0.003830004637

Castro::compute_new_dt : limiting dt at level 0
 ... new dt computed: 0.003830004637
 ... but limiting to: 0.0002028444597 = 1.1 * 0.0001844040542
[Level 0 step 19] ADVANCE at time 0.001663611006 with dt = 0.0002028444597

[1m[32m  Beginning subcycle 1 starting at time 0.001663611006 with dt = 0.0002028444597[0m
  Estimated number of subcycles remaining: 1

... mhd ...!!! 

Castro::construct_old_gravity() time = 0.028823815 on level 0

Castro::do_old_sources() time = 0.075994166 on level 0

[1m[32m  Subcycle completed[0m

  Subcycling complete

  Zones advanced per microsecond at this level: 0.09118465207

[Level 0 step 19] Advanced 262144 cells
Castro::construct_new_gravity() time = 0.01860016 on level 0

Castro::do_new_sources() time = 0.049347834 on level 0


TIME= 0.001866455466 MASS        = 2.767234396e+33
TIME= 0.001866455466 XMOM        = 1.134186787e+36
TIME= 0.001866455466 YMOM        = 1.033396182e+36
TIME= 0.001866455466 ZMOM        = 1.094577441e+36
TIME= 0.001866455466 ANG MOM X   = 7.362262342e+45
TIME= 0.001866455466 ANG MOM Y   = -1.342794041e+45
TIME= 0.001866455466 ANG MOM Z   = 2.635106507e+45
TIME= 0.001866455466 RHO*e       = 2.499941906e+51
TIME= 0.001866455466 RHO*K       = 5.204996264e+47
TIME= 0.001866455466 RHO*E       = 2.644998508e+51
TIME= 0.001866455466 RHO*PHI     = 0
TIME= 0.001866455466 TOTAL ENERGY= 2.644998508e+51
TIME= 0.001866455466 CENTER OF MASS X-LOC = -260229.3488
TIME= 0.001866455466 CENTER OF MASS X-VEL = 409.8629263
TIME= 0.001866455466 CENTER OF MASS Y-LOC = -260989.9688
TIME= 0.001866455466 CENTER OF MASS Y-VEL = 373.440061
TIME= 0.001866455466 CENTER OF MASS Z-LOC = -260710.6685
TIME= 0.001866455466 CENTER OF MASS Z-VEL = 395.5492324
TIME= 0.001866455466 MAXIMUM TEMPERATURE  = 0
TIME= 0.001866455466 MAXIMUM DENSITY      = 983846331.8

STEP = 19 TIME = 0.001866455466 DT = 0.0002028444597


[STEP 19] Coarse TimeStep time: 2.908274359
[STEP 19] FAB kilobyte spread across MPI nodes: [105462 ... 105462]

...estimated hydro-limited timestep at level 0: 0.003856167075
...hydro-limited CFL timestep constrained at (i,j,k) = (32,29,22)
Castro::estTimeStep (hydro-limited) at level 0:  estdt = 0.003856167075

Castro::compute_new_dt : limiting dt at level 0
 ... new dt computed: 0.003856167075
 ... but limiting to: 0.0002231289056 = 1.1 * 0.0002028444597
[Level 0 step 20] ADVANCE at time 0.001866455466 with dt = 0.0002231289056

[1m[32m  Beginning subcycle 1 starting at time 0.001866455466 with dt = 0.0002231289056[0m
  Estimated number of subcycles remaining: 1

... mhd ...!!! 

Castro::construct_old_gravity() time = 0.029413973 on level 0

Castro::do_old_sources() time = 0.045327476 on level 0

[1m[32m  Subcycle completed[0m

  Subcycling complete

  Zones advanced per microsecond at this level: 0.09832793874

[Level 0 step 20] Advanced 262144 cells
Castro::construct_new_gravity() time = 0.026951468 on level 0

Castro::do_new_sources() time = 0.056206021 on level 0


TIME= 0.002089584371 MASS        = 2.767234497e+33
TIME= 0.002089584371 XMOM        = 1.274216928e+36
TIME= 0.002089584371 YMOM        = 1.147931189e+36
TIME= 0.002089584371 ZMOM        = 1.225372291e+36
TIME= 0.002089584371 ANG MOM X   = 8.209933855e+45
TIME= 0.002089584371 ANG MOM Y   = -1.416320463e+45
TIME= 0.002089584371 ANG MOM Z   = 2.954636273e+45
TIME= 0.002089584371 RHO*e       = 2.5014047e+51
TIME= 0.002089584371 RHO*K       = 6.273579874e+47
TIME= 0.002089584371 RHO*E       = 2.644997154e+51
TIME= 0.002089584371 RHO*PHI     = 0
TIME= 0.002089584371 TOTAL ENERGY= 2.644997154e+51
TIME= 0.002089584371 CENTER OF MASS X-LOC = -260210.053
TIME= 0.002089584371 CENTER OF MASS X-VEL = 460.4658294
TIME= 0.002089584371 CENTER OF MASS Y-LOC = -261051.3789
TIME= 0.002089584371 CENTER OF MASS Y-VEL = 414.8297479
TIME= 0.002089584371 CENTER OF MASS Z-LOC = -260750.4873
TIME= 0.002089584371 CENTER OF MASS Z-VEL = 442.8147641
TIME= 0.002089584371 MAXIMUM TEMPERATURE  = 0
TIME= 0.002089584371 MAXIMUM DENSITY      = 983326702.7

STEP = 20 TIME = 0.002089584371 DT = 0.0002231289056


[STEP 20] Coarse TimeStep time: 2.699535403
[STEP 20] FAB kilobyte spread across MPI nodes: [105462 ... 105462]

PLOTFILE: file = plt_seed123ext00020
Write plotfile time = 0.037960368  seconds

...estimated hydro-limited timestep at level 0: 0.003885845811
...hydro-limited CFL timestep constrained at (i,j,k) = (32,29,22)
Castro::estTimeStep (hydro-limited) at level 0:  estdt = 0.003885845811

Castro::compute_new_dt : limiting dt at level 0
 ... new dt computed: 0.003885845811
 ... but limiting to: 0.0002454417962 = 1.1 * 0.0002231289056
[Level 0 step 21] ADVANCE at time 0.002089584371 with dt = 0.0002454417962

[1m[32m  Beginning subcycle 1 starting at time 0.002089584371 with dt = 0.0002454417962[0m
  Estimated number of subcycles remaining: 1

... mhd ...!!! 

Castro::construct_old_gravity() time = 0.025828258 on level 0

Castro::do_old_sources() time = 0.03431676 on level 0

[1m[32m  Subcycle completed[0m

  Subcycling complete

  Zones advanced per microsecond at this level: 0.1096253608

[Level 0 step 21] Advanced 262144 cells
Castro::construct_new_gravity() time = 0.029176482 on level 0

Castro::do_new_sources() time = 0.059405289 on level 0


TIME= 0.002335026168 MASS        = 2.767234622e+33
TIME= 0.002335026168 XMOM        = 1.429013827e+36
TIME= 0.002335026168 YMOM        = 1.271546937e+36
TIME= 0.002335026168 ZMOM        = 1.369402188e+36
TIME= 0.002335026168 ANG MOM X   = 9.136978364e+45
TIME= 0.002335026168 ANG MOM Y   = -1.478246891e+45
TIME= 0.002335026168 ANG MOM Z   = 3.306440096e+45
TIME= 0.002335026168 RHO*e       = 2.502963777e+51
TIME= 0.002335026168 RHO*K       = 7.50767055e+47
TIME= 0.002335026168 RHO*E       = 2.644994658e+51
TIME= 0.002335026168 RHO*PHI     = 0
TIME= 0.002335026168 TOTAL ENERGY= 2.644994658e+51
TIME= 0.002335026168 CENTER OF MASS X-LOC = -260187.9526
TIME= 0.002335026168 CENTER OF MASS X-VEL = 516.4050116
TIME= 0.002335026168 CENTER OF MASS Y-LOC = -261116.4583
TIME= 0.002335026168 CENTER OF MASS Y-VEL = 459.5009497
TIME= 0.002335026168 CENTER OF MASS Z-LOC = -260794.927
TIME= 0.002335026168 CENTER OF MASS Z-VEL = 494.8630581
TIME= 0.002335026168 MAXIMUM TEMPERATURE  = 0
TIME= 0.002335026168 MAXIMUM DENSITY      = 982760339.6

STEP = 21 TIME = 0.002335026168 DT = 0.0002454417962


[STEP 21] Coarse TimeStep time: 2.432768113
[STEP 21] FAB kilobyte spread across MPI nodes: [105462 ... 105462]

...estimated hydro-limited timestep at level 0: 0.00391939979
...hydro-limited CFL timestep constrained at (i,j,k) = (32,29,22)
Castro::estTimeStep (hydro-limited) at level 0:  estdt = 0.00391939979

Castro::compute_new_dt : limiting dt at level 0
 ... new dt computed: 0.00391939979
 ... but limiting to: 0.0002699859758 = 1.1 * 0.0002454417962
[Level 0 step 22] ADVANCE at time 0.002335026168 with dt = 0.0002699859758

[1m[32m  Beginning subcycle 1 starting at time 0.002335026168 with dt = 0.0002699859758[0m
  Estimated number of subcycles remaining: 1

... mhd ...!!! 

Castro::construct_old_gravity() time = 0.032649444 on level 0

Castro::do_old_sources() time = 0.057453873 on level 0

[1m[32m  Subcycle completed[0m

  Subcycling complete

  Zones advanced per microsecond at this level: 0.09381763572

[Level 0 step 22] Advanced 262144 cells
Castro::construct_new_gravity() time = 0.016872154 on level 0

Castro::do_new_sources() time = 0.042318524 on level 0


TIME= 0.002605012143 MASS        = 2.767234775e+33
TIME= 0.002605012143 XMOM        = 1.600016067e+36
TIME= 0.002605012143 YMOM        = 1.404601005e+36
TIME= 0.002605012143 ZMOM        = 1.528062188e+36
TIME= 0.002605012143 ANG MOM X   = 1.014691792e+46
TIME= 0.002605012143 ANG MOM Y   = -1.52610847e+45
TIME= 0.002605012143 ANG MOM Z   = 3.696052704e+45
TIME= 0.002605012143 RHO*e       = 2.504624013e+51
TIME= 0.002605012143 RHO*K       = 8.922251508e+47
TIME= 0.002605012143 RHO*E       = 2.644990778e+51
TIME= 0.002605012143 RHO*PHI     = 0
TIME= 0.002605012143 TOTAL ENERGY= 2.644990778e+51
TIME= 0.002605012143 CENTER OF MASS X-LOC = -260162.3674
TIME= 0.002605012143 CENTER OF MASS X-VEL = 578.2003325
TIME= 0.002605012143 CENTER OF MASS Y-LOC = -261185.2883
TIME= 0.002605012143 CENTER OF MASS Y-VEL = 507.5828832
TIME= 0.002605012143 CENTER OF MASS Z-LOC = -260844.6197
TIME= 0.002605012143 CENTER OF MASS Z-VEL = 552.1982458
TIME= 0.002605012143 MAXIMUM TEMPERATURE  = 0
TIME= 0.002605012143 MAXIMUM DENSITY      = 982143668.7

STEP = 22 TIME = 0.002605012143 DT = 0.0002699859758


[STEP 22] Coarse TimeStep time: 2.824741154
[STEP 22] FAB kilobyte spread across MPI nodes: [105462 ... 105462]

...estimated hydro-limited timestep at level 0: 0.003957990119
...hydro-limited CFL timestep constrained at (i,j,k) = (32,29,22)
Castro::estTimeStep (hydro-limited) at level 0:  estdt = 0.003957990119

Castro::compute_new_dt : limiting dt at level 0
 ... new dt computed: 0.003957990119
 ... but limiting to: 0.0002969845734 = 1.1 * 0.0002699859758
[Level 0 step 23] ADVANCE at time 0.002605012143 with dt = 0.0002969845734

[1m[32m  Beginning subcycle 1 starting at time 0.002605012143 with dt = 0.0002969845734[0m
  Estimated number of subcycles remaining: 1

... mhd ...!!! 

Castro::construct_old_gravity() time = 0.023976074 on level 0

Castro::do_old_sources() time = 0.045399049 on level 0

[1m[32m  Subcycle completed[0m

  Subcycling complete

  Zones advanced per microsecond at this level: 0.09474319601

[Level 0 step 23] Advanced 262144 cells
Castro::construct_new_gravity() time = 0.0451219 on level 0

Castro::do_new_sources() time = 0.059106358 on level 0


TIME= 0.002901996717 MASS        = 2.767234962e+33
TIME= 0.002901996717 XMOM        = 1.788688171e+36
TIME= 0.002901996717 YMOM        = 1.547383379e+36
TIME= 0.002901996717 ZMOM        = 1.702871229e+36
TIME= 0.002901996717 ANG MOM X   = 1.124878849e+46
TIME= 0.002901996717 ANG MOM Y   = -1.557964643e+45
TIME= 0.002901996717 ANG MOM Z   = 4.129790983e+45
TIME= 0.002901996717 RHO*e       = 2.506384782e+51
TIME= 0.002901996717 RHO*K       = 1.053115787e+48
TIME= 0.002901996717 RHO*E       = 2.644984744e+51
TIME= 0.002901996717 RHO*PHI     = 0
TIME= 0.002901996717 TOTAL ENERGY= 2.644984744e+51
TIME= 0.002901996717 CENTER OF MASS X-LOC = -260132.7932
TIME= 0.002901996717 CENTER OF MASS X-VEL = 646.3810251
TIME= 0.002901996717 CENTER OF MASS Y-LOC = -261257.758
TIME= 0.002901996717 CENTER OF MASS Y-VEL = 559.1803373
TIME= 0.002901996717 CENTER OF MASS Z-LOC = -260899.7966
TIME= 0.002901996717 CENTER OF MASS Z-VEL = 615.3692231
TIME= 0.002901996717 MAXIMUM TEMPERATURE  = 0
TIME= 0.002901996717 MAXIMUM DENSITY      = 981472968.7

STEP = 23 TIME = 0.002901996717 DT = 0.0002969845734


[STEP 23] Coarse TimeStep time: 2.792644724
[STEP 23] FAB kilobyte spread across MPI nodes: [105462 ... 105462]

...estimated hydro-limited timestep at level 0: 0.004002481953
...hydro-limited CFL timestep constrained at (i,j,k) = (32,29,22)
Castro::estTimeStep (hydro-limited) at level 0:  estdt = 0.004002481953

Castro::compute_new_dt : limiting dt at level 0
 ... new dt computed: 0.004002481953
 ... but limiting to: 0.0003266830307 = 1.1 * 0.0002969845734
[Level 0 step 24] ADVANCE at time 0.002901996717 with dt = 0.0003266830307

[1m[32m  Beginning subcycle 1 starting at time 0.002901996717 with dt = 0.0003266830307[0m
  Estimated number of subcycles remaining: 1

... mhd ...!!! 

Castro::construct_old_gravity() time = 0.028149595 on level 0

Castro::do_old_sources() time = 0.043435994 on level 0

[1m[32m  Subcycle completed[0m

  Subcycling complete

  Zones advanced per microsecond at this level: 0.1018234181

[Level 0 step 24] Advanced 262144 cells
Castro::construct_new_gravity() time = 0.017317921 on level 0

Castro::do_new_sources() time = 0.04607828 on level 0


TIME= 0.003228679748 MASS        = 2.76723519e+33
TIME= 0.003228679748 XMOM        = 1.996455949e+36
TIME= 0.003228679748 YMOM        = 1.700064912e+36
TIME= 0.003228679748 ZMOM        = 1.895467453e+36
TIME= 0.003228679748 ANG MOM X   = 1.244818015e+46
TIME= 0.003228679748 ANG MOM Y   = -1.571422373e+45
TIME= 0.003228679748 ANG MOM Z   = 4.60602222e+45
TIME= 0.003228679748 RHO*e       = 2.508248473e+51
TIME= 0.003228679748 RHO*K       = 1.234696722e+48
TIME= 0.003228679748 RHO*E       = 2.644976131e+51
TIME= 0.003228679748 RHO*PHI     = 0
TIME= 0.003228679748 TOTAL ENERGY= 2.644976131e+51
TIME= 0.003228679748 CENTER OF MASS X-LOC = -260098.6801
TIME= 0.003228679748 CENTER OF MASS X-VEL = 721.4623302
TIME= 0.003228679748 CENTER OF MASS Y-LOC = -261333.8234
TIME= 0.003228679748 CENTER OF MASS Y-VEL = 614.3550495
TIME= 0.003228679748 CENTER OF MASS Z-LOC = -260960.8331
TIME= 0.003228679748 CENTER OF MASS Z-VEL = 684.9679637
TIME= 0.003228679748 MAXIMUM TEMPERATURE  = 0
TIME= 0.003228679748 MAXIMUM DENSITY      = 980744408.5

STEP = 24 TIME = 0.003228679748 DT = 0.0003266830307


[STEP 24] Coarse TimeStep time: 2.602602314
[STEP 24] FAB kilobyte spread across MPI nodes: [105462 ... 105462]

...estimated hydro-limited timestep at level 0: 0.004045091089
...hydro-limited CFL timestep constrained at (i,j,k) = (32,29,22)
Castro::estTimeStep (hydro-limited) at level 0:  estdt = 0.004045091089

Castro::compute_new_dt : limiting dt at level 0
 ... new dt computed: 0.004045091089
 ... but limiting to: 0.0003593513338 = 1.1 * 0.0003266830307
[Level 0 step 25] ADVANCE at time 0.003228679748 with dt = 0.0003593513338

[1m[32m  Beginning subcycle 1 starting at time 0.003228679748 with dt = 0.0003593513338[0m
  Estimated number of subcycles remaining: 1

... mhd ...!!! 

Castro::construct_old_gravity() time = 0.024139556 on level 0

Castro::do_old_sources() time = 0.034564712 on level 0

[1m[32m  Subcycle completed[0m

  Subcycling complete

  Zones advanced per microsecond at this level: 0.09719372701

[Level 0 step 25] Advanced 262144 cells
Castro::construct_new_gravity() time = 0.018720452 on level 0

Castro::do_new_sources() time = 0.039663071 on level 0


TIME= 0.003588031081 MASS        = 2.767235468e+33
TIME= 0.003588031081 XMOM        = 2.224700433e+36
TIME= 0.003588031081 YMOM        = 1.862572643e+36
TIME= 0.003588031081 ZMOM        = 2.107587057e+36
TIME= 0.003588031081 ANG MOM X   = 1.374834645e+46
TIME= 0.003588031081 ANG MOM Y   = -1.563421058e+45
TIME= 0.003588031081 ANG MOM Z   = 5.135413226e+45
TIME= 0.003588031081 RHO*e       = 2.510216621e+51
TIME= 0.003588031081 RHO*K       = 1.437802005e+48
TIME= 0.003588031081 RHO*E       = 2.644963997e+51
TIME= 0.003588031081 RHO*PHI     = 0
TIME= 0.003588031081 TOTAL ENERGY= 2.644963997e+51
TIME= 0.003588031081 CENTER OF MASS X-LOC = -260059.3528
TIME= 0.003588031081 CENTER OF MASS X-VEL = 803.9433069
TIME= 0.003588031081 CENTER OF MASS Y-LOC = -261411.5131
TIME= 0.003588031081 CENTER OF MASS Y-VEL = 673.0806483
TIME= 0.003588031081 CENTER OF MASS Z-LOC = -261027.8731
TIME= 0.003588031081 CENTER OF MASS Z-VEL = 761.6218716
TIME= 0.003588031081 MAXIMUM TEMPERATURE  = 0
TIME= 0.003588031081 MAXIMUM DENSITY      = 979954107.2

STEP = 25 TIME = 0.003588031081 DT = 0.0003593513338


[STEP 25] Coarse TimeStep time: 2.725648873
[STEP 25] FAB kilobyte spread across MPI nodes: [105462 ... 105462]

PLOTFILE: file = plt_seed123ext00025
Write plotfile time = 0.044863241  seconds

...estimated hydro-limited timestep at level 0: 0.004088191588
...hydro-limited CFL timestep constrained at (i,j,k) = (32,29,22)
Castro::estTimeStep (hydro-limited) at level 0:  estdt = 0.004088191588

Castro::compute_new_dt : limiting dt at level 0
 ... new dt computed: 0.004088191588
 ... but limiting to: 0.0003952864672 = 1.1 * 0.0003593513338
[Level 0 step 26] ADVANCE at time 0.003588031081 with dt = 0.0003952864672

[1m[32m  Beginning subcycle 1 starting at time 0.003588031081 with dt = 0.0003952864672[0m
  Estimated number of subcycles remaining: 1

... mhd ...!!! 

Castro::construct_old_gravity() time = 0.023662904 on level 0

Castro::do_old_sources() time = 0.035102517 on level 0

[1m[32m  Subcycle completed[0m

  Subcycling complete

  Zones advanced per microsecond at this level: 0.1469576427

[Level 0 step 26] Advanced 262144 cells
Castro::construct_new_gravity() time = 0.017957679 on level 0

Castro::do_new_sources() time = 0.045138607 on level 0


TIME= 0.003983317548 MASS        = 2.767235807e+33
TIME= 0.003983317548 XMOM        = 2.474639624e+36
TIME= 0.003983317548 YMOM        = 2.034420701e+36
TIME= 0.003983317548 ZMOM        = 2.34094223e+36
TIME= 0.003983317548 ANG MOM X   = 1.515476477e+46
TIME= 0.003983317548 ANG MOM Y   = -1.521566758e+45
TIME= 0.003983317548 ANG MOM Z   = 5.730332096e+45
TIME= 0.003983317548 RHO*e       = 2.512287705e+51
TIME= 0.003983317548 RHO*K       = 1.6629585e+48
TIME= 0.003983317548 RHO*E       = 2.644947921e+51
TIME= 0.003983317548 RHO*PHI     = 0
TIME= 0.003983317548 TOTAL ENERGY= 2.644947921e+51
TIME= 0.003983317548 CENTER OF MASS X-LOC = -260014.2096
TIME= 0.003983317548 CENTER OF MASS X-VEL = 894.2640945
TIME= 0.003983317548 CENTER OF MASS Y-LOC = -261489.895
TIME= 0.003983317548 CENTER OF MASS Y-VEL = 735.1815469
TIME= 0.003983317548 CENTER OF MASS Z-LOC = -261103.0659
TIME= 0.003983317548 CENTER OF MASS Z-VEL = 845.9496744
TIME= 0.003983317548 MAXIMUM TEMPERATURE  = 0
TIME= 0.003983317548 MAXIMUM DENSITY      = 979098252.5

STEP = 26 TIME = 0.003983317548 DT = 0.0003952864672


[STEP 26] Coarse TimeStep time: 1.816859077
[STEP 26] FAB kilobyte spread across MPI nodes: [105462 ... 105462]

...estimated hydro-limited timestep at level 0: 0.004138840382
...hydro-limited CFL timestep constrained at (i,j,k) = (32,29,22)
Castro::estTimeStep (hydro-limited) at level 0:  estdt = 0.004138840382

Castro::compute_new_dt : limiting dt at level 0
 ... new dt computed: 0.004138840382
 ... but limiting to: 0.0004348151139 = 1.1 * 0.0003952864672
[Level 0 step 27] ADVANCE at time 0.003983317548 with dt = 0.0004348151139

[1m[32m  Beginning subcycle 1 starting at time 0.003983317548 with dt = 0.0004348151139[0m
  Estimated number of subcycles remaining: 1

... mhd ...!!! 

Castro::construct_old_gravity() time = 0.016066436 on level 0

Castro::do_old_sources() time = 0.034821433 on level 0

[1m[32m  Subcycle completed[0m

  Subcycling complete

  Zones advanced per microsecond at this level: 0.1065991135

[Level 0 step 27] Advanced 262144 cells
Castro::construct_new_gravity() time = 0.017897486 on level 0

Castro::do_new_sources() time = 0.042935431 on level 0


TIME= 0.004418132662 MASS        = 2.76723622e+33
TIME= 0.004418132662 XMOM        = 2.747041403e+36
TIME= 0.004418132662 YMOM        = 2.214492958e+36
TIME= 0.004418132662 ZMOM        = 2.596951364e+36
TIME= 0.004418132662 ANG MOM X   = 1.667012729e+46
TIME= 0.004418132662 ANG MOM Y   = -1.4410307e+45
TIME= 0.004418132662 ANG MOM Z   = 6.391678869e+45
TIME= 0.004418132662 RHO*e       = 2.514461758e+51
TIME= 0.004418132662 RHO*K       = 1.910104242e+48
TIME= 0.004418132662 RHO*E       = 2.644927003e+51
TIME= 0.004418132662 RHO*PHI     = 0
TIME= 0.004418132662 TOTAL ENERGY= 2.644927003e+51
TIME= 0.004418132662 CENTER OF MASS X-LOC = -259963.4853
TIME= 0.004418132662 CENTER OF MASS X-VEL = 992.7021711
TIME= 0.004418132662 CENTER OF MASS Y-LOC = -261566.8611
TIME= 0.004418132662 CENTER OF MASS Y-VEL = 800.254399
TIME= 0.004418132662 CENTER OF MASS Z-LOC = -261185.3063
TIME= 0.004418132662 CENTER OF MASS Z-VEL = 938.4639251
TIME= 0.004418132662 MAXIMUM TEMPERATURE  = 0
TIME= 0.004418132662 MAXIMUM DENSITY      = 978169190.7

STEP = 27 TIME = 0.004418132662 DT = 0.0004348151139


[STEP 27] Coarse TimeStep time: 2.483507398
[STEP 27] FAB kilobyte spread across MPI nodes: [105462 ... 105462]

...estimated hydro-limited timestep at level 0: 0.004196933408
...hydro-limited CFL timestep constrained at (i,j,k) = (32,29,22)
Castro::estTimeStep (hydro-limited) at level 0:  estdt = 0.004196933408

Castro::compute_new_dt : limiting dt at level 0
 ... new dt computed: 0.004196933408
 ... but limiting to: 0.0004782966253 = 1.1 * 0.0004348151139
[Level 0 step 28] ADVANCE at time 0.004418132662 with dt = 0.0004782966253

[1m[32m  Beginning subcycle 1 starting at time 0.004418132662 with dt = 0.0004782966253[0m
  Estimated number of subcycles remaining: 1

... mhd ...!!! 

Castro::construct_old_gravity() time = 0.024260761 on level 0

Castro::do_old_sources() time = 0.033055867 on level 0

[1m[32m  Subcycle completed[0m

  Subcycling complete

  Zones advanced per microsecond at this level: 0.1065854392

[Level 0 step 28] Advanced 262144 cells
Castro::construct_new_gravity() time = 0.037558417 on level 0

Castro::do_new_sources() time = 0.074535477 on level 0


TIME= 0.004896429288 MASS        = 2.76723672e+33
TIME= 0.004896429288 XMOM        = 3.042054627e+36
TIME= 0.004896429288 YMOM        = 2.400865466e+36
TIME= 0.004896429288 ZMOM        = 2.876560173e+36
TIME= 0.004896429288 ANG MOM X   = 1.829426251e+46
TIME= 0.004896429288 ANG MOM Y   = -1.316013055e+45
TIME= 0.004896429288 ANG MOM Z   = 7.123412319e+45
TIME= 0.004896429288 RHO*e       = 2.516739107e+51
TIME= 0.004896429288 RHO*K       = 2.178696812e+48
TIME= 0.004896429288 RHO*E       = 2.64489989e+51
TIME= 0.004896429288 RHO*PHI     = 0
TIME= 0.004896429288 TOTAL ENERGY= 2.64489989e+51
TIME= 0.004896429288 CENTER OF MASS X-LOC = -259906.3475
TIME= 0.004896429288 CENTER OF MASS X-VEL = 1099.311311
TIME= 0.004896429288 CENTER OF MASS Y-LOC = -261639.1823
TIME= 0.004896429288 CENTER OF MASS Y-VEL = 867.6039346
TIME= 0.004896429288 CENTER OF MASS Z-LOC = -261274.5334
TIME= 0.004896429288 CENTER OF MASS Z-VEL = 1039.506361
TIME= 0.004896429288 MAXIMUM TEMPERATURE  = 0
TIME= 0.004896429288 MAXIMUM DENSITY      = 977162340.6

STEP = 28 TIME = 0.004896429288 DT = 0.0004782966253


[STEP 28] Coarse TimeStep time: 2.49920863
[STEP 28] FAB kilobyte spread across MPI nodes: [105462 ... 105462]

...estimated hydro-limited timestep at level 0: 0.004262260238
...hydro-limited CFL timestep constrained at (i,j,k) = (32,29,22)
Castro::estTimeStep (hydro-limited) at level 0:  estdt = 0.004262260238

Castro::compute_new_dt : limiting dt at level 0
 ... new dt computed: 0.004262260238
 ... but limiting to: 0.0005261262878 = 1.1 * 0.0004782966253
[Level 0 step 29] ADVANCE at time 0.004896429288 with dt = 0.0005261262878

[1m[32m  Beginning subcycle 1 starting at time 0.004896429288 with dt = 0.0005261262878[0m
  Estimated number of subcycles remaining: 1

... mhd ...!!! 

Castro::construct_old_gravity() time = 0.023852524 on level 0

Castro::do_old_sources() time = 0.034052928 on level 0

[1m[32m  Subcycle completed[0m

  Subcycling complete

  Zones advanced per microsecond at this level: 0.1001266657

[Level 0 step 29] Advanced 262144 cells
Castro::construct_new_gravity() time = 0.017268402 on level 0

Castro::do_new_sources() time = 0.041450986 on level 0


TIME= 0.005422555576 MASS        = 2.767237327e+33
TIME= 0.005422555576 XMOM        = 3.359058925e+36
TIME= 0.005422555576 YMOM        = 2.590589436e+36
TIME= 0.005422555576 ZMOM        = 3.180316099e+36
TIME= 0.005422555576 ANG MOM X   = 2.003160438e+46
TIME= 0.005422555576 ANG MOM Y   = -1.142971497e+45
TIME= 0.005422555576 ANG MOM Z   = 7.924836036e+45
TIME= 0.005422555576 RHO*e       = 2.51911576e+51
TIME= 0.005422555576 RHO*K       = 2.467532605e+48
TIME= 0.005422555576 RHO*E       = 2.644865013e+51
TIME= 0.005422555576 RHO*PHI     = 0
TIME= 0.005422555576 TOTAL ENERGY= 2.644865013e+51
TIME= 0.005422555576 CENTER OF MASS X-LOC = -259839.3758
TIME= 0.005422555576 CENTER OF MASS X-VEL = 1213.867308
TIME= 0.005422555576 CENTER OF MASS Y-LOC = -261706.7208
TIME= 0.005422555576 CENTER OF MASS Y-VEL = 936.1645316
TIME= 0.005422555576 CENTER OF MASS Z-LOC = -261373.4774
TIME= 0.005422555576 CENTER OF MASS Z-VEL = 1149.27479
TIME= 0.005422555576 MAXIMUM TEMPERATURE  = 0
TIME= 0.005422555576 MAXIMUM DENSITY      = 976073700.2

STEP = 29 TIME = 0.005422555576 DT = 0.0005261262878


[STEP 29] Coarse TimeStep time: 2.643365831
[STEP 29] FAB kilobyte spread across MPI nodes: [105462 ... 105462]

...estimated hydro-limited timestep at level 0: 0.004332583488
...hydro-limited CFL timestep constrained at (i,j,k) = (32,29,22)
Castro::estTimeStep (hydro-limited) at level 0:  estdt = 0.004332583488

Castro::compute_new_dt : limiting dt at level 0
 ... new dt computed: 0.004332583488
 ... but limiting to: 0.0005787389166 = 1.1 * 0.0005261262878
[Level 0 step 30] ADVANCE at time 0.005422555576 with dt = 0.0005787389166

[1m[32m  Beginning subcycle 1 starting at time 0.005422555576 with dt = 0.0005787389166[0m
  Estimated number of subcycles remaining: 1

... mhd ...!!! 

Castro::construct_old_gravity() time = 0.024216114 on level 0

Castro::do_old_sources() time = 0.033316641 on level 0

[1m[32m  Subcycle completed[0m

  Subcycling complete

  Zones advanced per microsecond at this level: 0.09475293112

[Level 0 step 30] Advanced 262144 cells
Castro::construct_new_gravity() time = 0.021332502 on level 0

Castro::do_new_sources() time = 0.047420771 on level 0


TIME= 0.006001294492 MASS        = 2.767238063e+33
TIME= 0.006001294492 XMOM        = 3.696131742e+36
TIME= 0.006001294492 YMOM        = 2.779714429e+36
TIME= 0.006001294492 ZMOM        = 3.508242394e+36
TIME= 0.006001294492 ANG MOM X   = 2.18838296e+46
TIME= 0.006001294492 ANG MOM Y   = -9.172908886e+44
TIME= 0.006001294492 ANG MOM Z   = 8.806646183e+45
TIME= 0.006001294492 RHO*e       = 2.521591868e+51
TIME= 0.006001294492 RHO*K       = 2.774546706e+48
TIME= 0.006001294492 RHO*E       = 2.644820358e+51
TIME= 0.006001294492 RHO*PHI     = 0
TIME= 0.006001294492 TOTAL ENERGY= 2.644820358e+51
TIME= 0.006001294492 CENTER OF MASS X-LOC = -259760.3753
TIME= 0.006001294492 CENTER OF MASS X-VEL = 1335.675376
TIME= 0.006001294492 CENTER OF MASS Y-LOC = -261769.9951
TIME= 0.006001294492 CENTER OF MASS Y-VEL = 1004.508598
TIME= 0.006001294492 CENTER OF MASS Z-LOC = -261482.3776
TIME= 0.006001294492 CENTER OF MASS Z-VEL = 1267.777587
TIME= 0.006001294492 MAXIMUM TEMPERATURE  = 0
TIME= 0.006001294492 MAXIMUM DENSITY      = 974899633

STEP = 30 TIME = 0.006001294492 DT = 0.0005787389166


[STEP 30] Coarse TimeStep time: 2.796474614
[STEP 30] FAB kilobyte spread across MPI nodes: [105462 ... 105462]

PLOTFILE: file = plt_seed123ext00030
Write plotfile time = 0.043099899  seconds

...estimated hydro-limited timestep at level 0: 0.004410757242
...hydro-limited CFL timestep constrained at (i,j,k) = (32,29,22)
Castro::estTimeStep (hydro-limited) at level 0:  estdt = 0.004410757242

Castro::compute_new_dt : limiting dt at level 0
 ... new dt computed: 0.004410757242
 ... but limiting to: 0.0006366128083 = 1.1 * 0.0005787389166
[Level 0 step 31] ADVANCE at time 0.006001294492 with dt = 0.0006366128083

[1m[32m  Beginning subcycle 1 starting at time 0.006001294492 with dt = 0.0006366128083[0m
  Estimated number of subcycles remaining: 1

... mhd ...!!! 

Castro::construct_old_gravity() time = 0.022688695 on level 0

Castro::do_old_sources() time = 0.056815683 on level 0

[1m[32m  Subcycle completed[0m

  Subcycling complete

  Zones advanced per microsecond at this level: 0.1185859019

[Level 0 step 31] Advanced 262144 cells
Castro::construct_new_gravity() time = 0.019624265 on level 0

Castro::do_new_sources() time = 0.043042002 on level 0


TIME= 0.0066379073 MASS        = 2.767238954e+33
TIME= 0.0066379073 XMOM        = 4.049426028e+36
TIME= 0.0066379073 YMOM        = 2.963302024e+36
TIME= 0.0066379073 ZMOM        = 3.858862721e+36
TIME= 0.0066379073 ANG MOM X   = 2.384717014e+46
TIME= 0.0066379073 ANG MOM Y   = -6.341247453e+44
TIME= 0.0066379073 ANG MOM Z   = 9.766098861e+45
TIME= 0.0066379073 RHO*e       = 2.524162989e+51
TIME= 0.0066379073 RHO*K       = 3.096877847e+48
TIME= 0.0066379073 RHO*E       = 2.644764226e+51
TIME= 0.0066379073 RHO*PHI     = 0
TIME= 0.0066379073 TOTAL ENERGY= 2.644764226e+51
TIME= 0.0066379073 CENTER OF MASS X-LOC = -259669.5255
TIME= 0.0066379073 CENTER OF MASS X-VEL = 1463.345268
TIME= 0.0066379073 CENTER OF MASS Y-LOC = -261827.668
TIME= 0.0066379073 CENTER OF MASS Y-VEL = 1070.851514
TIME= 0.0066379073 CENTER OF MASS Z-LOC = -261599.377
TIME= 0.0066379073 CENTER OF MASS Z-VEL = 1394.481209
TIME= 0.0066379073 MAXIMUM TEMPERATURE  = 0
TIME= 0.0066379073 MAXIMUM DENSITY      = 973637467.9

STEP = 31 TIME = 0.0066379073 DT = 0.0006366128083


[STEP 31] Coarse TimeStep time: 2.239215067
[STEP 31] FAB kilobyte spread across MPI nodes: [105462 ... 105462]

...estimated hydro-limited timestep at level 0: 0.00449775391
...hydro-limited CFL timestep constrained at (i,j,k) = (32,29,22)
Castro::estTimeStep (hydro-limited) at level 0:  estdt = 0.00449775391

Castro::compute_new_dt : limiting dt at level 0
 ... new dt computed: 0.00449775391
 ... but limiting to: 0.0007002740891 = 1.1 * 0.0006366128083
[Level 0 step 32] ADVANCE at time 0.0066379073 with dt = 0.0007002740891

[1m[32m  Beginning subcycle 1 starting at time 0.0066379073 with dt = 0.0007002740891[0m
  Estimated number of subcycles remaining: 1

... mhd ...!!! 

Castro::construct_old_gravity() time = 0.016196054 on level 0

Castro::do_old_sources() time = 0.029717566 on level 0

[1m[32m  Subcycle completed[0m

  Subcycling complete

  Zones advanced per microsecond at this level: 0.1123988323

[Level 0 step 32] Advanced 262144 cells
Castro::construct_new_gravity() time = 0.022735584 on level 0

Castro::do_new_sources() time = 0.052543988 on level 0


TIME= 0.007338181389 MASS        = 2.767240031e+33
TIME= 0.007338181389 XMOM        = 4.412485724e+36
TIME= 0.007338181389 YMOM        = 3.134529119e+36
TIME= 0.007338181389 ZMOM        = 4.228641931e+36
TIME= 0.007338181389 ANG MOM X   = 2.591836853e+46
TIME= 0.007338181389 ANG MOM Y   = -2.899528866e+44
TIME= 0.007338181389 ANG MOM Z   = 1.078372293e+46
TIME= 0.007338181389 RHO*e       = 2.52682264e+51
TIME= 0.007338181389 RHO*K       = 3.430766384e+48
TIME= 0.007338181389 RHO*E       = 2.644694425e+51
TIME= 0.007338181389 RHO*PHI     = 0
TIME= 0.007338181389 TOTAL ENERGY= 2.644694425e+51
TIME= 0.007338181389 CENTER OF MASS X-LOC = -259559.132
TIME= 0.007338181389 CENTER OF MASS X-VEL = 1594.543904
TIME= 0.007338181389 CENTER OF MASS Y-LOC = -261876.6846
TIME= 0.007338181389 CENTER OF MASS Y-VEL = 1132.727586
TIME= 0.007338181389 CENTER OF MASS Z-LOC = -261731.995
TIME= 0.007338181389 CENTER OF MASS Z-VEL = 1528.108109
TIME= 0.007338181389 MAXIMUM TEMPERATURE  = 0
TIME= 0.007338181389 MAXIMUM DENSITY      = 972285129.1

STEP = 32 TIME = 0.007338181389 DT = 0.0007002740891


[STEP 32] Coarse TimeStep time: 2.360919091
[STEP 32] FAB kilobyte spread across MPI nodes: [105462 ... 105462]

...estimated hydro-limited timestep at level 0: 0.004594503805
...hydro-limited CFL timestep constrained at (i,j,k) = (32,29,22)
Castro::estTimeStep (hydro-limited) at level 0:  estdt = 0.004594503805

Castro::compute_new_dt : limiting dt at level 0
 ... new dt computed: 0.004594503805
 ... but limiting to: 0.000770301498 = 1.1 * 0.0007002740891
[Level 0 step 33] ADVANCE at time 0.007338181389 with dt = 0.000770301498

[1m[32m  Beginning subcycle 1 starting at time 0.007338181389 with dt = 0.000770301498[0m
  Estimated number of subcycles remaining: 1

... mhd ...!!! 

Castro::construct_old_gravity() time = 0.036940174 on level 0

Castro::do_old_sources() time = 0.047799296 on level 0

[1m[32m  Subcycle completed[0m

  Subcycling complete

  Zones advanced per microsecond at this level: 0.09554031701

[Level 0 step 33] Advanced 262144 cells
Castro::construct_new_gravity() time = 0.018062225 on level 0

Castro::do_new_sources() time = 0.043763929 on level 0


TIME= 0.008108482887 MASS        = 2.767241332e+33
TIME= 0.008108482887 XMOM        = 4.775309642e+36
TIME= 0.008108482887 YMOM        = 3.284212295e+36
TIME= 0.008108482887 ZMOM        = 4.612234513e+36
TIME= 0.008108482887 ANG MOM X   = 2.809091014e+46
TIME= 0.008108482887 ANG MOM Y   = 1.135175724e+44
TIME= 0.008108482887 ANG MOM Z   = 1.18423586e+46
TIME= 0.008108482887 RHO*e       = 2.529564301e+51
TIME= 0.008108482887 RHO*K       = 3.771569796e+48
TIME= 0.008108482887 RHO*E       = 2.644608299e+51
TIME= 0.008108482887 RHO*PHI     = 0
TIME= 0.008108482887 TOTAL ENERGY= 2.644608299e+51
TIME= 0.008108482887 CENTER OF MASS X-LOC = -259431.4013
TIME= 0.008108482887 CENTER OF MASS X-VEL = 1725.657096
TIME= 0.008108482887 CENTER OF MASS Y-LOC = -261921.0917
TIME= 0.008108482887 CENTER OF MASS Y-VEL = 1186.81817
TIME= 0.008108482887 CENTER OF MASS Z-LOC = -261888.6775
TIME= 0.008108482887 CENTER OF MASS Z-VEL = 1666.726519
TIME= 0.008108482887 MAXIMUM TEMPERATURE  = 0
TIME= 0.008108482887 MAXIMUM DENSITY      = 970841920.5

STEP = 33 TIME = 0.008108482887 DT = 0.000770301498


[STEP 33] Coarse TimeStep time: 2.773117796
[STEP 33] FAB kilobyte spread across MPI nodes: [105462 ... 105462]

...estimated hydro-limited timestep at level 0: 0.004705092155
...hydro-limited CFL timestep constrained at (i,j,k) = (32,29,22)
Castro::estTimeStep (hydro-limited) at level 0:  estdt = 0.004705092155

Castro::compute_new_dt : limiting dt at level 0
 ... new dt computed: 0.004705092155
 ... but limiting to: 0.0008473316478 = 1.1 * 0.000770301498
[Level 0 step 34] ADVANCE at time 0.008108482887 with dt = 0.0008473316478

[1m[32m  Beginning subcycle 1 starting at time 0.008108482887 with dt = 0.0008473316478[0m
  Estimated number of subcycles remaining: 1

... mhd ...!!! 

Castro::construct_old_gravity() time = 0.027305122 on level 0

Castro::do_old_sources() time = 0.03419044 on level 0

[1m[32m  Subcycle completed[0m

  Subcycling complete

  Zones advanced per microsecond at this level: 0.1011018555

[Level 0 step 34] Advanced 262144 cells
Castro::construct_new_gravity() time = 0.02041114 on level 0

Castro::do_new_sources() time = 0.049142722 on level 0


TIME= 0.008955814535 MASS        = 2.767242902e+33
TIME= 0.008955814535 XMOM        = 5.124183462e+36
TIME= 0.008955814535 YMOM        = 3.400847479e+36
TIME= 0.008955814535 ZMOM        = 5.002181512e+36
TIME= 0.008955814535 ANG MOM X   = 3.036801884e+46
TIME= 0.008955814535 ANG MOM Y   = 5.715874649e+44
TIME= 0.008955814535 ANG MOM Z   = 1.293999259e+46
TIME= 0.008955814535 RHO*e       = 2.532382147e+51
TIME= 0.008955814535 RHO*K       = 4.113792512e+48
TIME= 0.008955814535 RHO*E       = 2.644503722e+51
TIME= 0.008955814535 RHO*PHI     = 0
TIME= 0.008955814535 TOTAL ENERGY= 2.644503722e+51
TIME= 0.008955814535 CENTER OF MASS X-LOC = -259285.6979
TIME= 0.008955814535 CENTER OF MASS X-VEL = 1851.72883
TIME= 0.008955814535 CENTER OF MASS Y-LOC = -261964.2305
TIME= 0.008955814535 CENTER OF MASS Y-VEL = 1228.966014
TIME= 0.008955814535 CENTER OF MASS Z-LOC = -262079.5255
TIME= 0.008955814535 CENTER OF MASS Z-VEL = 1807.640922
TIME= 0.008955814535 MAXIMUM TEMPERATURE  = 0
TIME= 0.008955814535 MAXIMUM DENSITY      = 969308667

STEP = 34 TIME = 0.008955814535 DT = 0.0008473316478


[STEP 34] Coarse TimeStep time: 2.626757977
[STEP 34] FAB kilobyte spread across MPI nodes: [105462 ... 105462]

...estimated hydro-limited timestep at level 0: 0.004828616844
...hydro-limited CFL timestep constrained at (i,j,k) = (32,29,22)
Castro::estTimeStep (hydro-limited) at level 0:  estdt = 0.004828616844

Castro::compute_new_dt : limiting dt at level 0
 ... new dt computed: 0.004828616844
 ... but limiting to: 0.0009320648126 = 1.1 * 0.0008473316478
[Level 0 step 35] ADVANCE at time 0.008955814535 with dt = 0.0009320648126

[1m[32m  Beginning subcycle 1 starting at time 0.008955814535 with dt = 0.0009320648126[0m
  Estimated number of subcycles remaining: 1

... mhd ...!!! 

Castro::construct_old_gravity() time = 0.025208933 on level 0

Castro::do_old_sources() time = 0.038470726 on level 0

[1m[32m  Subcycle completed[0m

  Subcycling complete

  Zones advanced per microsecond at this level: 0.095481261

[Level 0 step 35] Advanced 262144 cells
Castro::construct_new_gravity() time = 0.025416946 on level 0

Castro::do_new_sources() time = 0.057484621 on level 0


TIME= 0.009887879348 MASS        = 2.767244795e+33
TIME= 0.009887879348 XMOM        = 5.441329386e+36
TIME= 0.009887879348 YMOM        = 3.47006485e+36
TIME= 0.009887879348 ZMOM        = 5.388898921e+36
TIME= 0.009887879348 ANG MOM X   = 3.272418214e+46
TIME= 0.009887879348 ANG MOM Y   = 1.078708064e+45
TIME= 0.009887879348 ANG MOM Z   = 1.407249589e+46
TIME= 0.009887879348 RHO*e       = 2.535271743e+51
TIME= 0.009887879348 RHO*K       = 4.451217343e+48
TIME= 0.009887879348 RHO*E       = 2.644376857e+51
TIME= 0.009887879348 RHO*PHI     = 0
TIME= 0.009887879348 TOTAL ENERGY= 2.644376857e+51
TIME= 0.009887879348 CENTER OF MASS X-LOC = -259123.7043
TIME= 0.009887879348 CENTER OF MASS X-VEL = 1966.334672
TIME= 0.009887879348 CENTER OF MASS Y-LOC = -261998.9425
TIME= 0.009887879348 CENTER OF MASS Y-VEL = 1253.978273
TIME= 0.009887879348 CENTER OF MASS Z-LOC = -262314.2633
TIME= 0.009887879348 CENTER OF MASS Z-VEL = 1947.387861
TIME= 0.009887879348 MAXIMUM TEMPERATURE  = 0
TIME= 0.009887879348 MAXIMUM DENSITY      = 967689226.8

STEP = 35 TIME = 0.009887879348 DT = 0.0009320648126


[STEP 35] Coarse TimeStep time: 2.776660204
[STEP 35] FAB kilobyte spread across MPI nodes: [105462 ... 105462]

PLOTFILE: file = plt_seed123ext00035
Write plotfile time = 0.043739994  seconds

...estimated hydro-limited timestep at level 0: 0.004965751624
...hydro-limited CFL timestep constrained at (i,j,k) = (32,29,22)
Castro::estTimeStep (hydro-limited) at level 0:  estdt = 0.004965751624

Castro::compute_new_dt : limiting dt at level 0
 ... new dt computed: 0.004965751624
 ... but limiting to: 0.001025271294 = 1.1 * 0.0009320648126
[Level 0 step 36] ADVANCE at time 0.009887879348 with dt = 0.001025271294

[1m[32m  Beginning subcycle 1 starting at time 0.009887879348 with dt = 0.001025271294[0m
  Estimated number of subcycles remaining: 1

... mhd ...!!! 

Castro::construct_old_gravity() time = 0.05575735 on level 0

Castro::do_old_sources() time = 0.050600508 on level 0

[1m[32m  Subcycle completed[0m

  Subcycling complete

  Zones advanced per microsecond at this level: 0.09504251203

[Level 0 step 36] Advanced 262144 cells
Castro::construct_new_gravity() time = 0.019169806 on level 0

Castro::do_new_sources() time = 0.045248161 on level 0


TIME= 0.01091315064 MASS        = 2.767247072e+33
TIME= 0.01091315064 XMOM        = 5.702258018e+36
TIME= 0.01091315064 YMOM        = 3.474103274e+36
TIME= 0.01091315064 ZMOM        = 5.760010329e+36
TIME= 0.01091315064 ANG MOM X   = 3.513481145e+46
TIME= 0.01091315064 ANG MOM Y   = 1.633732268e+45
TIME= 0.01091315064 ANG MOM Z   = 1.521578851e+46
TIME= 0.01091315064 RHO*e       = 2.538225843e+51
TIME= 0.01091315064 RHO*K       = 4.777177128e+48
TIME= 0.01091315064 RHO*E       = 2.644224963e+51
TIME= 0.01091315064 RHO*PHI     = 0
TIME= 0.01091315064 TOTAL ENERGY= 2.644224963e+51
TIME= 0.01091315064 CENTER OF MASS X-LOC = -258939.6507
TIME= 0.01091315064 CENTER OF MASS X-VEL = 2060.624826
TIME= 0.01091315064 CENTER OF MASS Y-LOC = -262017.7146
TIME= 0.01091315064 CENTER OF MASS Y-VEL = 1255.436607
TIME= 0.01091315064 CENTER OF MASS Z-LOC = -262596.3033
TIME= 0.01091315064 CENTER OF MASS Z-VEL = 2081.494777
TIME= 0.01091315064 MAXIMUM TEMPERATURE  = 0
TIME= 0.01091315064 MAXIMUM DENSITY      = 965991971.9

STEP = 36 TIME = 0.01091315064 DT = 0.001025271294


[STEP 36] Coarse TimeStep time: 2.78812901
[STEP 36] FAB kilobyte spread across MPI nodes: [105462 ... 105462]

...estimated hydro-limited timestep at level 0: 0.005112761651
...hydro-limited CFL timestep constrained at (i,j,k) = (32,29,22)
Castro::estTimeStep (hydro-limited) at level 0:  estdt = 0.005112761651

Castro::compute_new_dt : limiting dt at level 0
 ... new dt computed: 0.005112761651
 ... but limiting to: 0.001127798423 = 1.1 * 0.001025271294
[Level 0 step 37] ADVANCE at time 0.01091315064 with dt = 0.001127798423

[1m[32m  Beginning subcycle 1 starting at time 0.01091315064 with dt = 0.001127798423[0m
  Estimated number of subcycles remaining: 1

... mhd ...!!! 

Castro::construct_old_gravity() time = 0.02865352 on level 0

Castro::do_old_sources() time = 0.04270287 on level 0

[1m[32m  Subcycle completed[0m

  Subcycling complete

  Zones advanced per microsecond at this level: 0.09652237463

[Level 0 step 37] Advanced 262144 cells
Castro::construct_new_gravity() time = 0.017913645 on level 0

Castro::do_new_sources() time = 0.040474812 on level 0


TIME= 0.01204094906 MASS        = 2.767249812e+33
TIME= 0.01204094906 XMOM        = 5.873829723e+36
TIME= 0.01204094906 YMOM        = 3.392472709e+36
TIME= 0.01204094906 ZMOM        = 6.098863383e+36
TIME= 0.01204094906 ANG MOM X   = 3.759465008e+46
TIME= 0.01204094906 ANG MOM Y   = 2.236220777e+45
TIME= 0.01204094906 ANG MOM Z   = 1.63499533e+46
TIME= 0.01204094906 RHO*e       = 2.541235607e+51
TIME= 0.01204094906 RHO*K       = 5.084533411e+48
TIME= 0.01204094906 RHO*E       = 2.644044959e+51
TIME= 0.01204094906 RHO*PHI     = 0
TIME= 0.01204094906 TOTAL ENERGY= 2.644044959e+51
TIME= 0.01204094906 CENTER OF MASS X-LOC = -258739.4558
TIME= 0.01204094906 CENTER OF MASS X-VEL = 2122.623588
TIME= 0.01204094906 CENTER OF MASS Y-LOC = -262027.9421
TIME= 0.01204094906 CENTER OF MASS Y-VEL = 1225.936558
TIME= 0.01204094906 CENTER OF MASS Z-LOC = -262932.2665
TIME= 0.01204094906 CENTER OF MASS Z-VEL = 2203.943915
TIME= 0.01204094906 MAXIMUM TEMPERATURE  = 0
TIME= 0.01204094906 MAXIMUM DENSITY      = 964230534

STEP = 37 TIME = 0.01204094906 DT = 0.001127798423


[STEP 37] Coarse TimeStep time: 2.744422965
[STEP 37] FAB kilobyte spread across MPI nodes: [105462 ... 105462]

...estimated hydro-limited timestep at level 0: 0.005268385166
...hydro-limited CFL timestep constrained at (i,j,k) = (32,29,22)
Castro::estTimeStep (hydro-limited) at level 0:  estdt = 0.005268385166

Castro::compute_new_dt : limiting dt at level 0
 ... new dt computed: 0.005268385166
 ... but limiting to: 0.001240578266 = 1.1 * 0.001127798423
[Level 0 step 38] ADVANCE at time 0.01204094906 with dt = 0.001240578266

[1m[32m  Beginning subcycle 1 starting at time 0.01204094906 with dt = 0.001240578266[0m
  Estimated number of subcycles remaining: 1

... mhd ...!!! 

Castro::construct_old_gravity() time = 0.027178836 on level 0

Castro::do_old_sources() time = 0.033128564 on level 0

[1m[32m  Subcycle completed[0m

  Subcycling complete

  Zones advanced per microsecond at this level: 0.09438268763

[Level 0 step 38] Advanced 262144 cells
Castro::construct_new_gravity() time = 0.037257588 on level 0

Castro::do_new_sources() time = 0.063339075 on level 0


TIME= 0.01328152733 MASS        = 2.767253102e+33
TIME= 0.01328152733 XMOM        = 5.914335403e+36
TIME= 0.01328152733 YMOM        = 3.202593913e+36
TIME= 0.01328152733 ZMOM        = 6.382603518e+36
TIME= 0.01328152733 ANG MOM X   = 4.007900591e+46
TIME= 0.01328152733 ANG MOM Y   = 2.879843484e+45
TIME= 0.01328152733 ANG MOM Z   = 1.745135666e+46
TIME= 0.01328152733 RHO*e       = 2.544289783e+51
TIME= 0.01328152733 RHO*K       = 5.366297026e+48
TIME= 0.01328152733 RHO*E       = 2.643833601e+51
TIME= 0.01328152733 RHO*PHI     = 0
TIME= 0.01328152733 TOTAL ENERGY= 2.643833601e+51
TIME= 0.01328152733 CENTER OF MASS X-LOC = -258521.5601
TIME= 0.01328152733 CENTER OF MASS X-VEL = 2137.258569
TIME= 0.01328152733 CENTER OF MASS Y-LOC = -262025.5694
TIME= 0.01328152733 CENTER OF MASS Y-VEL = 1157.318755
TIME= 0.01328152733 CENTER OF MASS Z-LOC = -263318.6637
TIME= 0.01328152733 CENTER OF MASS Z-VEL = 2306.476236
TIME= 0.01328152733 MAXIMUM TEMPERATURE  = 0
TIME= 0.01328152733 MAXIMUM DENSITY      = 962477372.4

STEP = 38 TIME = 0.01328152733 DT = 0.001240578266


[STEP 38] Coarse TimeStep time: 2.807394045
[STEP 38] FAB kilobyte spread across MPI nodes: [105462 ... 105462]

...estimated hydro-limited timestep at level 0: 0.005432528699
...hydro-limited CFL timestep constrained at (i,j,k) = (32,29,22)
Castro::estTimeStep (hydro-limited) at level 0:  estdt = 0.005432528699

Castro::compute_new_dt : limiting dt at level 0
 ... new dt computed: 0.005432528699
 ... but limiting to: 0.001364636092 = 1.1 * 0.001240578266
[Level 0 step 39] ADVANCE at time 0.01328152733 with dt = 0.001364636092

[1m[32m  Beginning subcycle 1 starting at time 0.01328152733 with dt = 0.001364636092[0m
  Estimated number of subcycles remaining: 1

... mhd ...!!! 

Castro::construct_old_gravity() time = 0.023849383 on level 0

Castro::do_old_sources() time = 0.031216863 on level 0

[1m[32m  Subcycle completed[0m

  Subcycling complete

  Zones advanced per microsecond at this level: 0.09635860191

[Level 0 step 39] Advanced 262144 cells
Castro::construct_new_gravity() time = 0.017255986 on level 0

Castro::do_new_sources() time = 0.040995821 on level 0


TIME= 0.01464616342 MASS        = 2.767257048e+33
TIME= 0.01464616342 XMOM        = 5.776370912e+36
TIME= 0.01464616342 YMOM        = 2.87798606e+36
TIME= 0.01464616342 ZMOM        = 6.581793375e+36
TIME= 0.01464616342 ANG MOM X   = 4.254281895e+46
TIME= 0.01464616342 ANG MOM Y   = 3.561346029e+45
TIME= 0.01464616342 ANG MOM Z   = 1.850903917e+46
TIME= 0.01464616342 RHO*e       = 2.547374964e+51
TIME= 0.01464616342 RHO*K       = 5.615247625e+48
TIME= 0.01464616342 RHO*E       = 2.643588754e+51
TIME= 0.01464616342 RHO*PHI     = 0
TIME= 0.01464616342 TOTAL ENERGY= 2.643588754e+51
TIME= 0.01464616342 CENTER OF MASS X-LOC = -258310.0602
TIME= 0.01464616342 CENTER OF MASS X-VEL = 2087.399476
TIME= 0.01464616342 CENTER OF MASS Y-LOC = -262004.6623
TIME= 0.01464616342 CENTER OF MASS Y-VEL = 1040.013996
TIME= 0.01464616342 CENTER OF MASS Z-LOC = -263750.2664
TIME= 0.01464616342 CENTER OF MASS Z-VEL = 2378.45392
TIME= 0.01464616342 MAXIMUM TEMPERATURE  = 0
TIME= 0.01464616342 MAXIMUM DENSITY      = 960878489

STEP = 39 TIME = 0.01464616342 DT = 0.001364636092


[STEP 39] Coarse TimeStep time: 2.744992087
[STEP 39] FAB kilobyte spread across MPI nodes: [105462 ... 105462]

...estimated hydro-limited timestep at level 0: 0.005562469359
...hydro-limited CFL timestep constrained at (i,j,k) = (23,32,27)
Castro::estTimeStep (hydro-limited) at level 0:  estdt = 0.005562469359

Castro::compute_new_dt : limiting dt at level 0
 ... new dt computed: 0.005562469359
 ... but limiting to: 0.001501099701 = 1.1 * 0.001364636092
[Level 0 step 40] ADVANCE at time 0.01464616342 with dt = 0.001501099701

[1m[32m  Beginning subcycle 1 starting at time 0.01464616342 with dt = 0.001501099701[0m
  Estimated number of subcycles remaining: 1

... mhd ...!!! 

Castro::construct_old_gravity() time = 0.025599564 on level 0

Castro::do_old_sources() time = 0.031922802 on level 0

[1m[32m  Subcycle completed[0m

  Subcycling complete

  Zones advanced per microsecond at this level: 0.09784049632

[Level 0 step 40] Advanced 262144 cells
Castro::construct_new_gravity() time = 0.027581362 on level 0

Castro::do_new_sources() time = 0.063103336 on level 0


TIME= 0.01614726312 MASS        = 2.767261776e+33
TIME= 0.01614726312 XMOM        = 5.408068651e+36
TIME= 0.01614726312 YMOM        = 2.381610613e+36
TIME= 0.01614726312 ZMOM        = 6.65819958e+36
TIME= 0.01614726312 ANG MOM X   = 4.497288377e+46
TIME= 0.01614726312 ANG MOM Y   = 4.236384801e+45
TIME= 0.01614726312 ANG MOM Z   = 1.949477765e+46
TIME= 0.01614726312 RHO*e       = 2.550481238e+51
TIME= 0.01614726312 RHO*K       = 5.824315742e+48
TIME= 0.01614726312 RHO*E       = 2.643306348e+51
TIME= 0.01614726312 RHO*PHI     = 0
TIME= 0.01614726312 TOTAL ENERGY= 2.643306348e+51
TIME= 0.01614726312 CENTER OF MASS X-LOC = -258121.7947
TIME= 0.01614726312 CENTER OF MASS X-VEL = 1954.303238
TIME= 0.01614726312 CENTER OF MASS Y-LOC = -261967.4146
TIME= 0.01614726312 CENTER OF MASS Y-VEL = 860.6379902
TIME= 0.01614726312 CENTER OF MASS Z-LOC = -264219.8781
TIME= 0.01614726312 CENTER OF MASS Z-VEL = 2406.060618
TIME= 0.01614726312 MAXIMUM TEMPERATURE  = 0
TIME= 0.01614726312 MAXIMUM DENSITY      = 959609947.7

STEP = 40 TIME = 0.01614726312 DT = 0.001501099701


[STEP 40] Coarse TimeStep time: 2.70723278
[STEP 40] FAB kilobyte spread across MPI nodes: [105462 ... 105462]

PLOTFILE: file = plt_seed123ext00040
Write plotfile time = 0.042746119  seconds

...estimated hydro-limited timestep at level 0: 0.00563028998
...hydro-limited CFL timestep constrained at (i,j,k) = (33,34,43)
Castro::estTimeStep (hydro-limited) at level 0:  estdt = 0.00563028998

Castro::compute_new_dt : limiting dt at level 0
 ... new dt computed: 0.00563028998
 ... but limiting to: 0.001651209671 = 1.1 * 0.001501099701
[Level 0 step 41] ADVANCE at time 0.01614726312 with dt = 0.001651209671

[1m[32m  Beginning subcycle 1 starting at time 0.01614726312 with dt = 0.001651209671[0m
  Estimated number of subcycles remaining: 1

... mhd ...!!! 

Castro::construct_old_gravity() time = 0.02047446 on level 0

Castro::do_old_sources() time = 0.042398699 on level 0

[1m[32m  Subcycle completed[0m

  Subcycling complete

  Zones advanced per microsecond at this level: 0.100882779

[Level 0 step 41] Advanced 262144 cells
Castro::construct_new_gravity() time = 0.017994908 on level 0

Castro::do_new_sources() time = 0.042234617 on level 0


TIME= 0.0177984728 MASS        = 2.767267432e+33
TIME= 0.0177984728 XMOM        = 4.744983994e+36
TIME= 0.0177984728 YMOM        = 1.65825191e+36
TIME= 0.0177984728 ZMOM        = 6.559655554e+36
TIME= 0.0177984728 ANG MOM X   = 4.732345402e+46
TIME= 0.0177984728 ANG MOM Y   = 4.900157178e+45
TIME= 0.0177984728 ANG MOM Z   = 2.037227524e+46
TIME= 0.0177984728 RHO*e       = 2.553598515e+51
TIME= 0.0177984728 RHO*K       = 5.987475707e+48
TIME= 0.0177984728 RHO*E       = 2.642984903e+51
TIME= 0.0177984728 RHO*PHI     = 0
TIME= 0.0177984728 TOTAL ENERGY= 2.642984903e+51
TIME= 0.0177984728 CENTER OF MASS X-LOC = -257934.8142
TIME= 0.0177984728 CENTER OF MASS X-VEL = 1714.682122
TIME= 0.0177984728 CENTER OF MASS Y-LOC = -261911.0376
TIME= 0.0177984728 CENTER OF MASS Y-VEL = 599.2380391
TIME= 0.0177984728 CENTER OF MASS Z-LOC = -264733.5268
TIME= 0.0177984728 CENTER OF MASS Z-VEL = 2370.445111
TIME= 0.0177984728 MAXIMUM TEMPERATURE  = 0
TIME= 0.0177984728 MAXIMUM DENSITY      = 958838710.3

STEP = 41 TIME = 0.0177984728 DT = 0.001651209671


[STEP 41] Coarse TimeStep time: 2.623451732
[STEP 41] FAB kilobyte spread across MPI nodes: [105462 ... 105462]

...estimated hydro-limited timestep at level 0: 0.005676851719
...hydro-limited CFL timestep constrained at (i,j,k) = (33,34,43)
Castro::estTimeStep (hydro-limited) at level 0:  estdt = 0.005676851719

Castro::compute_new_dt : limiting dt at level 0
 ... new dt computed: 0.005676851719
 ... but limiting to: 0.001816330639 = 1.1 * 0.001651209671
[Level 0 step 42] ADVANCE at time 0.0177984728 with dt = 0.001816330639

[1m[32m  Beginning subcycle 1 starting at time 0.0177984728 with dt = 0.001816330639[0m
  Estimated number of subcycles remaining: 1

... mhd ...!!! 

Castro::construct_old_gravity() time = 0.025366363 on level 0

Castro::do_old_sources() time = 0.032844435 on level 0

[1m[32m  Subcycle completed[0m

  Subcycling complete

  Zones advanced per microsecond at this level: 0.1001082889

[Level 0 step 42] Advanced 262144 cells
Castro::construct_new_gravity() time = 0.021487642 on level 0

Castro::do_new_sources() time = 0.075158059 on level 0


TIME= 0.01961480343 MASS        = 2.767274189e+33
TIME= 0.01961480343 XMOM        = 3.698845354e+36
TIME= 0.01961480343 YMOM        = 6.355219811e+35
TIME= 0.01961480343 ZMOM        = 6.218171258e+36
TIME= 0.01961480343 ANG MOM X   = 4.954319794e+46
TIME= 0.01961480343 ANG MOM Y   = 5.511740737e+45
TIME= 0.01961480343 ANG MOM Z   = 2.112337192e+46
TIME= 0.01961480343 RHO*e       = 2.556711723e+51
TIME= 0.01961480343 RHO*K       = 6.10035537e+48
TIME= 0.01961480343 RHO*E       = 2.642621728e+51
TIME= 0.01961480343 RHO*PHI     = 0
TIME= 0.01961480343 TOTAL ENERGY= 2.642621728e+51
TIME= 0.01961480343 CENTER OF MASS X-LOC = -257744.1251
TIME= 0.01961480343 CENTER OF MASS X-VEL = 1336.638548
TIME= 0.01961480343 CENTER OF MASS Y-LOC = -261851.6582
TIME= 0.01961480343 CENTER OF MASS Y-VEL = 229.6563108
TIME= 0.01961480343 CENTER OF MASS Z-LOC = -265261.5753
TIME= 0.01961480343 CENTER OF MASS Z-VEL = 2247.038361
TIME= 0.01961480343 MAXIMUM TEMPERATURE  = 0
TIME= 0.01961480343 MAXIMUM DENSITY      = 958565133.9

STEP = 42 TIME = 0.01961480343 DT = 0.001816330639


[STEP 42] Coarse TimeStep time: 2.652174805
[STEP 42] FAB kilobyte spread across MPI nodes: [105462 ... 105462]

...estimated hydro-limited timestep at level 0: 0.005740544185
...hydro-limited CFL timestep constrained at (i,j,k) = (33,34,43)
Castro::estTimeStep (hydro-limited) at level 0:  estdt = 0.005740544185

Castro::compute_new_dt : limiting dt at level 0
 ... new dt computed: 0.005740544185
 ... but limiting to: 0.001997963702 = 1.1 * 0.001816330639
[Level 0 step 43] ADVANCE at time 0.01961480343 with dt = 0.001997963702

[1m[32m  Beginning subcycle 1 starting at time 0.01961480343 with dt = 0.001997963702[0m
  Estimated number of subcycles remaining: 1

... mhd ...!!! 

Castro::construct_old_gravity() time = 0.062300791 on level 0

Castro::do_old_sources() time = 0.065441265 on level 0

[1m[32m  Subcycle completed[0m

  Subcycling complete

  Zones advanced per microsecond at this level: 0.09058997104

[Level 0 step 43] Advanced 262144 cells
Castro::construct_new_gravity() time = 0.017664058 on level 0

Castro::do_new_sources() time = 0.045286144 on level 0


TIME= 0.02161276714 MASS        = 2.767282247e+33
TIME= 0.02161276714 XMOM        = 2.1483542e+36
TIME= 0.02161276714 YMOM        = -7.699475153e+35
TIME= 0.02161276714 ZMOM        = 5.550759925e+36
TIME= 0.02161276714 ANG MOM X   = 5.159938367e+46
TIME= 0.02161276714 ANG MOM Y   = 6.063511817e+45
TIME= 0.02161276714 ANG MOM Z   = 2.164417503e+46
TIME= 0.02161276714 RHO*e       = 2.559806208e+51
TIME= 0.02161276714 RHO*K       = 6.159852582e+48
TIME= 0.02161276714 RHO*E       = 2.642214768e+51
TIME= 0.02161276714 RHO*PHI     = 0
TIME= 0.02161276714 TOTAL ENERGY= 2.642214768e+51
TIME= 0.02161276714 CENTER OF MASS X-LOC = -257528.8611
TIME= 0.02161276714 CENTER OF MASS X-VEL = 776.3408311
TIME= 0.02161276714 CENTER OF MASS Y-LOC = -261811.2629
TIME= 0.02161276714 CENTER OF MASS Y-VEL = -278.2323762
TIME= 0.02161276714 CENTER OF MASS Z-LOC = -265773.4147
TIME= 0.02161276714 CENTER OF MASS Z-VEL = 2005.852468
TIME= 0.02161276714 MAXIMUM TEMPERATURE  = 0
TIME= 0.02161276714 MAXIMUM DENSITY      = 958778579.6

STEP = 43 TIME = 0.02161276714 DT = 0.001997963702


[STEP 43] Coarse TimeStep time: 2.926913772
[STEP 43] FAB kilobyte spread across MPI nodes: [105462 ... 105462]

...estimated hydro-limited timestep at level 0: 0.005827059475
...hydro-limited CFL timestep constrained at (i,j,k) = (33,34,43)
Castro::estTimeStep (hydro-limited) at level 0:  estdt = 0.005827059475

Castro::compute_new_dt : limiting dt at level 0
 ... new dt computed: 0.005827059475
 ... but limiting to: 0.002197760073 = 1.1 * 0.001997963702
[Level 0 step 44] ADVANCE at time 0.02161276714 with dt = 0.002197760073

[1m[32m  Beginning subcycle 1 starting at time 0.02161276714 with dt = 0.002197760073[0m
  Estimated number of subcycles remaining: 1

... mhd ...!!! 

Castro::construct_old_gravity() time = 0.025628601 on level 0

Castro::do_old_sources() time = 0.038878392 on level 0

[1m[32m  Subcycle completed[0m

  Subcycling complete

  Zones advanced per microsecond at this level: 0.1021884306

[Level 0 step 44] Advanced 262144 cells
Castro::construct_new_gravity() time = 0.017453279 on level 0

Castro::do_new_sources() time = 0.041573282 on level 0


TIME= 0.02381052721 MASS        = 2.767291842e+33
TIME= 0.02381052721 XMOM        = -7.731075277e+34
TIME= 0.02381052721 YMOM        = -2.644598692e+36
TIME= 0.02381052721 ZMOM        = 4.460594627e+36
TIME= 0.02381052721 ANG MOM X   = 5.345990706e+46
TIME= 0.02381052721 ANG MOM Y   = 6.545239236e+45
TIME= 0.02381052721 ANG MOM Z   = 2.194505303e+46
TIME= 0.02381052721 RHO*e       = 2.562866734e+51
TIME= 0.02381052721 RHO*K       = 6.165171346e+48
TIME= 0.02381052721 RHO*E       = 2.641763524e+51
TIME= 0.02381052721 RHO*PHI     = 0
TIME= 0.02381052721 TOTAL ENERGY= 2.641763524e+51
TIME= 0.02381052721 CENTER OF MASS X-LOC = -257254.5218
TIME= 0.02381052721 CENTER OF MASS X-VEL = -27.93733266
TIME= 0.02381052721 CENTER OF MASS Y-LOC = -261809.0081
TIME= 0.02381052721 CENTER OF MASS Y-VEL = -955.6630971
TIME= 0.02381052721 CENTER OF MASS Z-LOC = -266275.4355
TIME= 0.02381052721 CENTER OF MASS Z-VEL = 1611.898882
TIME= 0.02381052721 MAXIMUM TEMPERATURE  = 0
TIME= 0.02381052721 MAXIMUM DENSITY      = 959460481.5

STEP = 44 TIME = 0.02381052721 DT = 0.002197760073


[STEP 44] Coarse TimeStep time: 2.594174763
[STEP 44] FAB kilobyte spread across MPI nodes: [105462 ... 105462]

...estimated hydro-limited timestep at level 0: 0.005928027149
...hydro-limited CFL timestep constrained at (i,j,k) = (33,34,43)
Castro::estTimeStep (hydro-limited) at level 0:  estdt = 0.005928027149

Castro::compute_new_dt : limiting dt at level 0
 ... new dt computed: 0.005928027149
 ... but limiting to: 0.00241753608 = 1.1 * 0.002197760073
[Level 0 step 45] ADVANCE at time 0.02381052721 with dt = 0.00241753608

[1m[32m  Beginning subcycle 1 starting at time 0.02381052721 with dt = 0.00241753608[0m
  Estimated number of subcycles remaining: 1

... mhd ...!!! 

Castro::construct_old_gravity() time = 0.033250344 on level 0

Castro::do_old_sources() time = 0.037739804 on level 0

[1m[32m  Subcycle completed[0m

  Subcycling complete

  Zones advanced per microsecond at this level: 0.09605713803

[Level 0 step 45] Advanced 262144 cells
Castro::construct_new_gravity() time = 0.036302538 on level 0

Castro::do_new_sources() time = 0.067734287 on level 0


TIME= 0.02622806329 MASS        = 2.767303246e+33
TIME= 0.02622806329 XMOM        = -3.19670013e+36
TIME= 0.02622806329 YMOM        = -5.078529288e+36
TIME= 0.02622806329 ZMOM        = 2.842432963e+36
TIME= 0.02622806329 ANG MOM X   = 5.505841707e+46
TIME= 0.02622806329 ANG MOM Y   = 6.981121889e+45
TIME= 0.02622806329 ANG MOM Z   = 2.208263732e+46
TIME= 0.02622806329 RHO*e       = 2.565879071e+51
TIME= 0.02622806329 RHO*K       = 6.117573367e+48
TIME= 0.02622806329 RHO*E       = 2.641268348e+51
TIME= 0.02622806329 RHO*PHI     = 0
TIME= 0.02622806329 TOTAL ENERGY= 2.641268348e+51
TIME= 0.02622806329 CENTER OF MASS X-LOC = -256924.7422
TIME= 0.02622806329 CENTER OF MASS X-VEL = -1155.16799
TIME= 0.02622806329 CENTER OF MASS Y-LOC = -261840.4814
TIME= 0.02622806329 CENTER OF MASS Y-VEL = -1835.190738
TIME= 0.02622806329 CENTER OF MASS Z-LOC = -266782.6952
TIME= 0.02622806329 CENTER OF MASS Z-VEL = 1027.149072
TIME= 0.02622806329 MAXIMUM TEMPERATURE  = 0
TIME= 0.02622806329 MAXIMUM DENSITY      = 960594057

STEP = 45 TIME = 0.02622806329 DT = 0.00241753608


[STEP 45] Coarse TimeStep time: 2.760632528
[STEP 45] FAB kilobyte spread across MPI nodes: [105462 ... 105462]

PLOTFILE: file = plt_seed123ext00045
Write plotfile time = 0.043185424  seconds

...estimated hydro-limited timestep at level 0: 0.006057948641
...hydro-limited CFL timestep constrained at (i,j,k) = (33,34,43)
Castro::estTimeStep (hydro-limited) at level 0:  estdt = 0.006057948641

Castro::compute_new_dt : limiting dt at level 0
 ... new dt computed: 0.006057948641
 ... but limiting to: 0.002659289688 = 1.1 * 0.00241753608
[Level 0 step 46] ADVANCE at time 0.02622806329 with dt = 0.002659289688

[1m[32m  Beginning subcycle 1 starting at time 0.02622806329 with dt = 0.002659289688[0m
  Estimated number of subcycles remaining: 1

... mhd ...!!! 

Castro::construct_old_gravity() time = 0.033907546 on level 0

Castro::do_old_sources() time = 0.040241691 on level 0

[1m[32m  Subcycle completed[0m

  Subcycling complete

  Zones advanced per microsecond at this level: 0.09714061635

[Level 0 step 46] Advanced 262144 cells
Castro::construct_new_gravity() time = 0.017802719 on level 0

Castro::do_new_sources() time = 0.042467095 on level 0


TIME= 0.02888735298 MASS        = 2.767316776e+33
TIME= 0.02888735298 XMOM        = -7.459338716e+36
TIME= 0.02888735298 YMOM        = -8.157792394e+36
TIME= 0.02888735298 ZMOM        = 5.825972887e+35
TIME= 0.02888735298 ANG MOM X   = 5.640645737e+46
TIME= 0.02888735298 ANG MOM Y   = 7.352718795e+45
TIME= 0.02888735298 ANG MOM Z   = 2.199651854e+46
TIME= 0.02888735298 RHO*e       = 2.568824659e+51
TIME= 0.02888735298 RHO*K       = 6.020306292e+48
TIME= 0.02888735298 RHO*E       = 2.640730233e+51
TIME= 0.02888735298 RHO*PHI     = 0
TIME= 0.02888735298 TOTAL ENERGY= 2.640730233e+51
TIME= 0.02888735298 CENTER OF MASS X-LOC = -256557.9022
TIME= 0.02888735298 CENTER OF MASS X-VEL = -2695.513135
TIME= 0.02888735298 CENTER OF MASS Y-LOC = -261895.5551
TIME= 0.02888735298 CENTER OF MASS Y-VEL = -2947.906964
TIME= 0.02888735298 CENTER OF MASS Z-LOC = -267299.0045
TIME= 0.02888735298 CENTER OF MASS Z-VEL = 210.5278636
TIME= 0.02888735298 MAXIMUM TEMPERATURE  = 0
TIME= 0.02888735298 MAXIMUM DENSITY      = 962242438.5

STEP = 46 TIME = 0.02888735298 DT = 0.002659289688


[STEP 46] Coarse TimeStep time: 2.725697939
[STEP 46] FAB kilobyte spread across MPI nodes: [105462 ... 105462]

...estimated hydro-limited timestep at level 0: 0.006193439658
...hydro-limited CFL timestep constrained at (i,j,k) = (33,34,43)
Castro::estTimeStep (hydro-limited) at level 0:  estdt = 0.006193439658

Castro::compute_new_dt : limiting dt at level 0
 ... new dt computed: 0.006193439658
 ... but limiting to: 0.002925218657 = 1.1 * 0.002659289688
[Level 0 step 47] ADVANCE at time 0.02888735298 with dt = 0.002925218657

[1m[32m  Beginning subcycle 1 starting at time 0.02888735298 with dt = 0.002925218657[0m
  Estimated number of subcycles remaining: 1

... mhd ...!!! 

Castro::construct_old_gravity() time = 0.030166591 on level 0

Castro::do_old_sources() time = 0.03536204 on level 0

[1m[32m  Subcycle completed[0m

  Subcycling complete

  Zones advanced per microsecond at this level: 0.1019312359

[Level 0 step 47] Advanced 262144 cells
Castro::construct_new_gravity() time = 0.02295001 on level 0

Castro::do_new_sources() time = 0.052209781 on level 0


TIME= 0.03181257163 MASS        = 2.767332793e+33
TIME= 0.03181257163 XMOM        = -1.315806414e+37
TIME= 0.03181257163 YMOM        = -1.196220403e+37
TIME= 0.03181257163 ZMOM        = -2.43914426e+36
TIME= 0.03181257163 ANG MOM X   = 5.735403496e+46
TIME= 0.03181257163 ANG MOM Y   = 7.61809896e+45
TIME= 0.03181257163 ANG MOM Z   = 2.168279478e+46
TIME= 0.03181257163 RHO*e       = 2.571694216e+51
TIME= 0.03181257163 RHO*K       = 5.876605792e+48
TIME= 0.03181257163 RHO*E       = 2.640154321e+51
TIME= 0.03181257163 RHO*PHI     = 0
TIME= 0.03181257163 TOTAL ENERGY= 2.640154321e+51
TIME= 0.03181257163 CENTER OF MASS X-LOC = -256167.7287
TIME= 0.03181257163 CENTER OF MASS X-VEL = -4754.781998
TIME= 0.03181257163 CENTER OF MASS Y-LOC = -261993.7734
TIME= 0.03181257163 CENTER OF MASS Y-VEL = -4322.647444
TIME= 0.03181257163 CENTER OF MASS Z-LOC = -267816.6166
TIME= 0.03181257163 CENTER OF MASS Z-VEL = -881.4061923
TIME= 0.03181257163 MAXIMUM TEMPERATURE  = 0
TIME= 0.03181257163 MAXIMUM DENSITY      = 964382343

STEP = 47 TIME = 0.03181257163 DT = 0.002925218657


[STEP 47] Coarse TimeStep time: 2.596844551
[STEP 47] FAB kilobyte spread across MPI nodes: [105462 ... 105462]

...estimated hydro-limited timestep at level 0: 0.006351516245
...hydro-limited CFL timestep constrained at (i,j,k) = (33,34,43)
Castro::estTimeStep (hydro-limited) at level 0:  estdt = 0.006351516245

Castro::compute_new_dt : limiting dt at level 0
 ... new dt computed: 0.006351516245
 ... but limiting to: 0.003217740522 = 1.1 * 0.002925218657
[Level 0 step 48] ADVANCE at time 0.03181257163 with dt = 0.003217740522

[1m[32m  Beginning subcycle 1 starting at time 0.03181257163 with dt = 0.003217740522[0m
  Estimated number of subcycles remaining: 1

... mhd ...!!! 

Castro::construct_old_gravity() time = 0.022475648 on level 0

Castro::do_old_sources() time = 0.040258118 on level 0

[1m[32m  Subcycle completed[0m

  Subcycling complete

  Zones advanced per microsecond at this level: 0.1101841367

[Level 0 step 48] Advanced 262144 cells
Castro::construct_new_gravity() time = 0.01863384 on level 0

Castro::do_new_sources() time = 0.044896155 on level 0


TIME= 0.03503031216 MASS        = 2.767351715e+33
TIME= 0.03503031216 XMOM        = -2.065220889e+37
TIME= 0.03503031216 YMOM        = -1.659387882e+37
TIME= 0.03503031216 ZMOM        = -6.333787481e+36
TIME= 0.03503031216 ANG MOM X   = 5.789781424e+46
TIME= 0.03503031216 ANG MOM Y   = 7.715141655e+45
TIME= 0.03503031216 ANG MOM Z   = 2.108742934e+46
TIME= 0.03503031216 RHO*e       = 2.574471412e+51
TIME= 0.03503031216 RHO*K       = 5.691406298e+48
TIME= 0.03503031216 RHO*E       = 2.639542322e+51
TIME= 0.03503031216 RHO*PHI     = 0
TIME= 0.03503031216 TOTAL ENERGY= 2.639542322e+51
TIME= 0.03503031216 CENTER OF MASS X-LOC = -255756.4648
TIME= 0.03503031216 CENTER OF MASS X-VEL = -7462.805966
TIME= 0.03503031216 CENTER OF MASS Y-LOC = -262072.4504
TIME= 0.03503031216 CENTER OF MASS Y-VEL = -5996.302793
TIME= 0.03503031216 CENTER OF MASS Z-LOC = -268286.3854
TIME= 0.03503031216 CENTER OF MASS Z-VEL = -2288.754063
TIME= 0.03503031216 MAXIMUM TEMPERATURE  = 0
TIME= 0.03503031216 MAXIMUM DENSITY      = 966859620

STEP = 48 TIME = 0.03503031216 DT = 0.003217740522


[STEP 48] Coarse TimeStep time: 2.405492253
[STEP 48] FAB kilobyte spread across MPI nodes: [105462 ... 105462]

...estimated hydro-limited timestep at level 0: 0.006558407976
...hydro-limited CFL timestep constrained at (i,j,k) = (33,34,43)
Castro::estTimeStep (hydro-limited) at level 0:  estdt = 0.006558407976

Castro::compute_new_dt : limiting dt at level 0
 ... new dt computed: 0.006558407976
 ... but limiting to: 0.003539514575 = 1.1 * 0.003217740522
[Level 0 step 49] ADVANCE at time 0.03503031216 with dt = 0.003539514575

[1m[32m  Beginning subcycle 1 starting at time 0.03503031216 with dt = 0.003539514575[0m
  Estimated number of subcycles remaining: 1

... mhd ...!!! 

Castro::construct_old_gravity() time = 0.019454365 on level 0

Castro::do_old_sources() time = 0.037805978 on level 0

[1m[32m  Subcycle completed[0m

  Subcycling complete

  Zones advanced per microsecond at this level: 0.09986444433

[Level 0 step 49] Advanced 262144 cells
Castro::construct_new_gravity() time = 0.017928932 on level 0

Castro::do_new_sources() time = 0.043189638 on level 0


TIME= 0.03856982673 MASS        = 2.767374017e+33
TIME= 0.03856982673 XMOM        = -3.037808852e+37
TIME= 0.03856982673 YMOM        = -2.21782161e+37
TIME= 0.03856982673 ZMOM        = -1.119936557e+37
TIME= 0.03856982673 ANG MOM X   = 5.803523687e+46
TIME= 0.03856982673 ANG MOM Y   = 7.692725697e+45
TIME= 0.03856982673 ANG MOM Z   = 2.01617726e+46
TIME= 0.03856982673 RHO*e       = 2.577147147e+51
TIME= 0.03856982673 RHO*K       = 5.469283939e+48
TIME= 0.03856982673 RHO*E       = 2.638899725e+51
TIME= 0.03856982673 RHO*PHI     = 0
TIME= 0.03856982673 TOTAL ENERGY= 2.638899725e+51
TIME= 0.03856982673 CENTER OF MASS X-LOC = -255291.4933
TIME= 0.03856982673 CENTER OF MASS X-VEL = -10977.22546
TIME= 0.03856982673 CENTER OF MASS Y-LOC = -262137.8024
TIME= 0.03856982673 CENTER OF MASS Y-VEL = -8014.173715
TIME= 0.03856982673 CENTER OF MASS Z-LOC = -268727.615
TIME= 0.03856982673 CENTER OF MASS Z-VEL = -4046.928786
TIME= 0.03856982673 MAXIMUM TEMPERATURE  = 0
TIME= 0.03856982673 MAXIMUM DENSITY      = 969504058.1

STEP = 49 TIME = 0.03856982673 DT = 0.003539514575


[STEP 49] Coarse TimeStep time: 2.652917762
[STEP 49] FAB kilobyte spread across MPI nodes: [105462 ... 105462]

...estimated hydro-limited timestep at level 0: 0.00682079806
...hydro-limited CFL timestep constrained at (i,j,k) = (33,34,43)
Castro::estTimeStep (hydro-limited) at level 0:  estdt = 0.00682079806

Castro::compute_new_dt : limiting dt at level 0
 ... new dt computed: 0.00682079806
 ... but limiting to: 0.003893466032 = 1.1 * 0.003539514575
[Level 0 step 50] ADVANCE at time 0.03856982673 with dt = 0.003893466032

[1m[32m  Beginning subcycle 1 starting at time 0.03856982673 with dt = 0.003893466032[0m
  Estimated number of subcycles remaining: 1

... mhd ...!!! 

Castro::construct_old_gravity() time = 0.028661981 on level 0

Castro::do_old_sources() time = 0.034417145 on level 0

[1m[32m  Subcycle completed[0m

  Subcycling complete

  Zones advanced per microsecond at this level: 0.1011815842

[Level 0 step 50] Advanced 262144 cells
Castro::construct_new_gravity() time = 0.027940652 on level 0

Castro::do_new_sources() time = 0.054308593 on level 0


TIME= 0.04246329276 MASS        = 2.767400237e+33
TIME= 0.04246329276 XMOM        = -4.285996622e+37
TIME= 0.04246329276 YMOM        = -2.886822911e+37
TIME= 0.04246329276 ZMOM        = -1.715992026e+37
TIME= 0.04246329276 ANG MOM X   = 5.778846942e+46
TIME= 0.04246329276 ANG MOM Y   = 7.471620212e+45
TIME= 0.04246329276 ANG MOM Z   = 1.900316945e+46
TIME= 0.04246329276 RHO*e       = 2.579716584e+51
TIME= 0.04246329276 RHO*K       = 5.214927662e+48
TIME= 0.04246329276 RHO*E       = 2.638233751e+51
TIME= 0.04246329276 RHO*PHI     = 0
TIME= 0.04246329276 TOTAL ENERGY= 2.638233751e+51
TIME= 0.04246329276 CENTER OF MASS X-LOC = -254771.4787
TIME= 0.04246329276 CENTER OF MASS X-VEL = -15487.44762
TIME= 0.04246329276 CENTER OF MASS Y-LOC = -262195.861
TIME= 0.04246329276 CENTER OF MASS Y-VEL = -10431.5338
TIME= 0.04246329276 CENTER OF MASS Z-LOC = -269092.9166
TIME= 0.04246329276 CENTER OF MASS Z-VEL = -6200.736717
TIME= 0.04246329276 MAXIMUM TEMPERATURE  = 0
TIME= 0.04246329276 MAXIMUM DENSITY      = 972225969.2

STEP = 50 TIME = 0.04246329276 DT = 0.003893466032


[STEP 50] Coarse TimeStep time: 2.614301486
[STEP 50] FAB kilobyte spread across MPI nodes: [105462 ... 105462]

CHECKPOINT: file = chk_seed123ext00050
checkPoint() time = 0.028988259 secs.
PLOTFILE: file = plt_seed123ext00050
Write plotfile time = 0.065537452  seconds

...estimated hydro-limited timestep at level 0: 0.007128157057
...hydro-limited CFL timestep constrained at (i,j,k) = (33,34,43)
Castro::estTimeStep (hydro-limited) at level 0:  estdt = 0.007128157057

Castro::compute_new_dt : limiting dt at level 0
 ... new dt computed: 0.007128157057
 ... but limiting to: 0.004282812635 = 1.1 * 0.003893466032
[Level 0 step 51] ADVANCE at time 0.04246329276 with dt = 0.004282812635

[1m[32m  Beginning subcycle 1 starting at time 0.04246329276 with dt = 0.004282812635[0m
  Estimated number of subcycles remaining: 1

... mhd ...!!! 

Castro::construct_old_gravity() time = 0.021349152 on level 0

Castro::do_old_sources() time = 0.030980019 on level 0

[1m[32m  Subcycle completed[0m

  Subcycling complete

  Zones advanced per microsecond at this level: 0.1007673565

[Level 0 step 51] Advanced 262144 cells
Castro::construct_new_gravity() time = 0.020237077 on level 0

Castro::do_new_sources() time = 0.046508791 on level 0


TIME= 0.0467461054 MASS        = 2.767430984e+33
TIME= 0.0467461054 XMOM        = -5.871428057e+37
TIME= 0.0467461054 YMOM        = -3.686853434e+37
TIME= 0.0467461054 ZMOM        = -2.43965418e+37
TIME= 0.0467461054 ANG MOM X   = 5.722266818e+46
TIME= 0.0467461054 ANG MOM Y   = 7.160332958e+45
TIME= 0.0467461054 ANG MOM Z   = 1.763302796e+46
TIME= 0.0467461054 RHO*e       = 2.582169375e+51
TIME= 0.0467461054 RHO*K       = 4.935269461e+48
TIME= 0.0467461054 RHO*E       = 2.637547817e+51
TIME= 0.0467461054 RHO*PHI     = 0
TIME= 0.0467461054 TOTAL ENERGY= 2.637547817e+51
TIME= 0.0467461054 CENTER OF MASS X-LOC = -254196.603
TIME= 0.0467461054 CENTER OF MASS X-VEL = -21216.16796
TIME= 0.0467461054 CENTER OF MASS Y-LOC = -262299.8101
TIME= 0.0467461054 CENTER OF MASS Y-VEL = -13322.29586
TIME= 0.0467461054 CENTER OF MASS Z-LOC = -269338.294
TIME= 0.0467461054 CENTER OF MASS Z-VEL = -8815.591766
TIME= 0.0467461054 MAXIMUM TEMPERATURE  = 0
TIME= 0.0467461054 MAXIMUM DENSITY      = 974932137.3

STEP = 51 TIME = 0.0467461054 DT = 0.004282812635


[STEP 51] Coarse TimeStep time: 2.632216432
[STEP 51] FAB kilobyte spread across MPI nodes: [105462 ... 105462]

...estimated hydro-limited timestep at level 0: 0.00749176417
...hydro-limited CFL timestep constrained at (i,j,k) = (33,34,43)
Castro::estTimeStep (hydro-limited) at level 0:  estdt = 0.00749176417

Castro::compute_new_dt : limiting dt at level 0
 ... new dt computed: 0.00749176417
 ... but limiting to: 0.004711093899 = 1.1 * 0.004282812635
[Level 0 step 52] ADVANCE at time 0.0467461054 with dt = 0.004711093899

[1m[32m  Beginning subcycle 1 starting at time 0.0467461054 with dt = 0.004711093899[0m
  Estimated number of subcycles remaining: 1

... mhd ...!!! 

Castro::construct_old_gravity() time = 0.059806115 on level 0

Castro::do_old_sources() time = 0.063647692 on level 0

[1m[32m  Subcycle completed[0m

  Subcycling complete

  Zones advanced per microsecond at this level: 0.09535339294

[Level 0 step 52] Advanced 262144 cells
Castro::construct_new_gravity() time = 0.019328235 on level 0

Castro::do_new_sources() time = 0.057253876 on level 0


TIME= 0.0514571993 MASS        = 2.767466939e+33
TIME= 0.0514571993 XMOM        = -7.85887621e+37
TIME= 0.0514571993 YMOM        = -4.64074095e+37
TIME= 0.0514571993 ZMOM        = -3.307739954e+37
TIME= 0.0514571993 ANG MOM X   = 5.625080592e+46
TIME= 0.0514571993 ANG MOM Y   = 6.746003863e+45
TIME= 0.0514571993 ANG MOM Z   = 1.612828984e+46
TIME= 0.0514571993 RHO*e       = 2.584505208e+51
TIME= 0.0514571993 RHO*K       = 4.636256254e+48
TIME= 0.0514571993 RHO*E       = 2.636856304e+51
TIME= 0.0514571993 RHO*PHI     = 0
TIME= 0.0514571993 TOTAL ENERGY= 2.636856304e+51
TIME= 0.0514571993 CENTER OF MASS X-LOC = -253630.6794
TIME= 0.0514571993 CENTER OF MASS X-VEL = -28397.36258
TIME= 0.0514571993 CENTER OF MASS Y-LOC = -262542.2529
TIME= 0.0514571993 CENTER OF MASS Y-VEL = -16768.91198
TIME= 0.0514571993 CENTER OF MASS Z-LOC = -269553.6165
TIME= 0.0514571993 CENTER OF MASS Z-VEL = -11952.22934
TIME= 0.0514571993 MAXIMUM TEMPERATURE  = 0
TIME= 0.0514571993 MAXIMUM DENSITY      = 977585240.9

STEP = 52 TIME = 0.0514571993 DT = 0.004711093899


[STEP 52] Coarse TimeStep time: 2.78014013
[STEP 52] FAB kilobyte spread across MPI nodes: [105462 ... 105462]

...estimated hydro-limited timestep at level 0: 0.007892315804
...hydro-limited CFL timestep constrained at (i,j,k) = (33,34,43)
Castro::estTimeStep (hydro-limited) at level 0:  estdt = 0.007892315804

Castro::compute_new_dt : limiting dt at level 0
 ... new dt computed: 0.007892315804
 ... but limiting to: 0.005182203289 = 1.1 * 0.004711093899
[Level 0 step 53] ADVANCE at time 0.0514571993 with dt = 0.005182203289

[1m[32m  Beginning subcycle 1 starting at time 0.0514571993 with dt = 0.005182203289[0m
  Estimated number of subcycles remaining: 1

... mhd ...!!! 

Castro::construct_old_gravity() time = 0.027480235 on level 0

Castro::do_old_sources() time = 0.03863019 on level 0

[1m[32m  Subcycle completed[0m

  Subcycling complete

  Zones advanced per microsecond at this level: 0.1005878707

[Level 0 step 53] Advanced 262144 cells
Castro::construct_new_gravity() time = 0.017606194 on level 0

Castro::do_new_sources() time = 0.041172565 on level 0


TIME= 0.05663940259 MASS        = 2.767508861e+33
TIME= 0.05663940259 XMOM        = -1.031219105e+38
TIME= 0.05663940259 YMOM        = -5.764163014e+37
TIME= 0.05663940259 ZMOM        = -4.335743161e+37
TIME= 0.05663940259 ANG MOM X   = 5.480445573e+46
TIME= 0.05663940259 ANG MOM Y   = 6.206049864e+45
TIME= 0.05663940259 ANG MOM Z   = 1.450990452e+46
TIME= 0.05663940259 RHO*e       = 2.586726997e+51
TIME= 0.05663940259 RHO*K       = 4.323586158e+48
TIME= 0.05663940259 RHO*E       = 2.636166648e+51
TIME= 0.05663940259 RHO*PHI     = 0
TIME= 0.05663940259 TOTAL ENERGY= 2.636166648e+51
TIME= 0.05663940259 CENTER OF MASS X-LOC = -253099.7729
TIME= 0.05663940259 CENTER OF MASS X-VEL = -37261.63698
TIME= 0.05663940259 CENTER OF MASS Y-LOC = -262954.1727
TIME= 0.05663940259 CENTER OF MASS Y-VEL = -20827.98395
TIME= 0.05663940259 CENTER OF MASS Z-LOC = -269740.8483
TIME= 0.05663940259 CENTER OF MASS Z-VEL = -15666.5918
TIME= 0.05663940259 MAXIMUM TEMPERATURE  = 0
TIME= 0.05663940259 MAXIMUM DENSITY      = 980241676.3

STEP = 53 TIME = 0.05663940259 DT = 0.005182203289


[STEP 53] Coarse TimeStep time: 2.631777708
[STEP 53] FAB kilobyte spread across MPI nodes: [105462 ... 105462]

...estimated hydro-limited timestep at level 0: 0.008297921119
...hydro-limited CFL timestep constrained at (i,j,k) = (33,34,43)
Castro::estTimeStep (hydro-limited) at level 0:  estdt = 0.008297921119

Castro::compute_new_dt : limiting dt at level 0
 ... new dt computed: 0.008297921119
 ... but limiting to: 0.005700423618 = 1.1 * 0.005182203289
[Level 0 step 54] ADVANCE at time 0.05663940259 with dt = 0.005700423618

[1m[32m  Beginning subcycle 1 starting at time 0.05663940259 with dt = 0.005700423618[0m
  Estimated number of subcycles remaining: 1

... mhd ...!!! 

Castro::construct_old_gravity() time = 0.052993436 on level 0

Castro::do_old_sources() time = 0.044389635 on level 0

[1m[32m  Subcycle completed[0m

  Subcycling complete

  Zones advanced per microsecond at this level: 0.1007433671

[Level 0 step 54] Advanced 262144 cells
Castro::construct_new_gravity() time = 0.018259072 on level 0

Castro::do_new_sources() time = 0.045227103 on level 0


TIME= 0.0623398262 MASS        = 2.767557587e+33
TIME= 0.0623398262 XMOM        = -1.328817996e+38
TIME= 0.0623398262 YMOM        = -7.05246922e+37
TIME= 0.0623398262 ZMOM        = -5.544001682e+37
TIME= 0.0623398262 ANG MOM X   = 5.282773622e+46
TIME= 0.0623398262 ANG MOM Y   = 5.631421249e+45
TIME= 0.0623398262 ANG MOM Z   = 1.288264362e+46
TIME= 0.0623398262 RHO*e       = 2.588836649e+51
TIME= 0.0623398262 RHO*K       = 4.002080685e+48
TIME= 0.0623398262 RHO*E       = 2.635486652e+51
TIME= 0.0623398262 RHO*PHI     = 0
TIME= 0.0623398262 TOTAL ENERGY= 2.635486652e+51
TIME= 0.0623398262 CENTER OF MASS X-LOC = -252690.6193
TIME= 0.0623398262 CENTER OF MASS X-VEL = -48014.10465
TIME= 0.0623398262 CENTER OF MASS Y-LOC = -263490.2345
TIME= 0.0623398262 CENTER OF MASS Y-VEL = -25482.64669
TIME= 0.0623398262 CENTER OF MASS Z-LOC = -269948.7277
TIME= 0.0623398262 CENTER OF MASS Z-VEL = -20032.10957
TIME= 0.0623398262 MAXIMUM TEMPERATURE  = 0
TIME= 0.0623398262 MAXIMUM DENSITY      = 982928202.4

STEP = 54 TIME = 0.0623398262 DT = 0.005700423618


[STEP 54] Coarse TimeStep time: 2.628727009
[STEP 54] FAB kilobyte spread across MPI nodes: [105462 ... 105462]

...estimated hydro-limited timestep at level 0: 0.008719243658
...hydro-limited CFL timestep constrained at (i,j,k) = (33,34,43)
Castro::estTimeStep (hydro-limited) at level 0:  estdt = 0.008719243658

Castro::compute_new_dt : limiting dt at level 0
 ... new dt computed: 0.008719243658
 ... but limiting to: 0.006270465979 = 1.1 * 0.005700423618
[Level 0 step 55] ADVANCE at time 0.0623398262 with dt = 0.006270465979

[1m[32m  Beginning subcycle 1 starting at time 0.0623398262 with dt = 0.006270465979[0m
  Estimated number of subcycles remaining: 1

... mhd ...!!! 

Castro::construct_old_gravity() time = 0.027620736 on level 0

Castro::do_old_sources() time = 0.040906517 on level 0

[1m[32m  Subcycle completed[0m

  Subcycling complete

  Zones advanced per microsecond at this level: 0.09975214246

[Level 0 step 55] Advanced 262144 cells
Castro::construct_new_gravity() time = 0.017552535 on level 0

Castro::do_new_sources() time = 0.0419479 on level 0


TIME= 0.06861029218 MASS        = 2.76761404e+33
TIME= 0.06861029218 XMOM        = -1.683014464e+38
TIME= 0.06861029218 YMOM        = -8.479326895e+37
TIME= 0.06861029218 ZMOM        = -6.957228787e+37
TIME= 0.06861029218 ANG MOM X   = 5.035868777e+46
TIME= 0.06861029218 ANG MOM Y   = 4.936452388e+45
TIME= 0.06861029218 ANG MOM Z   = 1.145707431e+46
TIME= 0.06861029218 RHO*e       = 2.590844205e+51
TIME= 0.06861029218 RHO*K       = 3.676180518e+48
TIME= 0.06861029218 RHO*E       = 2.634829735e+51
TIME= 0.06861029218 RHO*PHI     = 0
TIME= 0.06861029218 TOTAL ENERGY= 2.634829735e+51
TIME= 0.06861029218 CENTER OF MASS X-LOC = -252527.2973
TIME= 0.06861029218 CENTER OF MASS X-VEL = -60811.02494
TIME= 0.06861029218 CENTER OF MASS Y-LOC = -264091.828
TIME= 0.06861029218 CENTER OF MASS Y-VEL = -30637.67842
TIME= 0.06861029218 CENTER OF MASS Z-LOC = -270217.2577
TIME= 0.06861029218 CENTER OF MASS Z-VEL = -25138.00221
TIME= 0.06861029218 MAXIMUM TEMPERATURE  = 0
TIME= 0.06861029218 MAXIMUM DENSITY      = 985875639.7

STEP = 55 TIME = 0.06861029218 DT = 0.006270465979


[STEP 55] Coarse TimeStep time: 2.671571823
[STEP 55] FAB kilobyte spread across MPI nodes: [105462 ... 105462]

PLOTFILE: file = plt_seed123ext00055
Write plotfile time = 0.035384949  seconds

...estimated hydro-limited timestep at level 0: 0.009164339408
...hydro-limited CFL timestep constrained at (i,j,k) = (33,34,43)
Castro::estTimeStep (hydro-limited) at level 0:  estdt = 0.009164339408

Castro::compute_new_dt : limiting dt at level 0
 ... new dt computed: 0.009164339408
 ... but limiting to: 0.006897512577 = 1.1 * 0.006270465979
[Level 0 step 56] ADVANCE at time 0.06861029218 with dt = 0.006897512577

[1m[32m  Beginning subcycle 1 starting at time 0.06861029218 with dt = 0.006897512577[0m
  Estimated number of subcycles remaining: 1

... mhd ...!!! 

Castro::construct_old_gravity() time = 0.033258077 on level 0

Castro::do_old_sources() time = 0.042518766 on level 0

[1m[32m  Subcycle completed[0m

  Subcycling complete

  Zones advanced per microsecond at this level: 0.09831160252

[Level 0 step 56] Advanced 262144 cells
Castro::construct_new_gravity() time = 0.016720691 on level 0

Castro::do_new_sources() time = 0.039630359 on level 0


TIME= 0.07550780476 MASS        = 2.767679223e+33
TIME= 0.07550780476 XMOM        = -2.095636897e+38
TIME= 0.07550780476 YMOM        = -9.996327775e+37
TIME= 0.07550780476 ZMOM        = -8.601247041e+37
TIME= 0.07550780476 ANG MOM X   = 4.735672496e+46
TIME= 0.07550780476 ANG MOM Y   = 3.943237317e+45
TIME= 0.07550780476 ANG MOM Z   = 1.015730386e+46
TIME= 0.07550780476 RHO*e       = 2.592759548e+51
TIME= 0.07550780476 RHO*K       = 3.350587848e+48
TIME= 0.07550780476 RHO*E       = 2.634211866e+51
TIME= 0.07550780476 RHO*PHI     = 0
TIME= 0.07550780476 TOTAL ENERGY= 2.634211866e+51
TIME= 0.07550780476 CENTER OF MASS X-LOC = -252613.4446
TIME= 0.07550780476 CENTER OF MASS X-VEL = -75718.20027
TIME= 0.07550780476 CENTER OF MASS Y-LOC = -264830.3236
TIME= 0.07550780476 CENTER OF MASS Y-VEL = -36118.08656
TIME= 0.07550780476 CENTER OF MASS Z-LOC = -270600.7363
TIME= 0.07550780476 CENTER OF MASS Z-VEL = -31077.47087
TIME= 0.07550780476 MAXIMUM TEMPERATURE  = 0
TIME= 0.07550780476 MAXIMUM DENSITY      = 988617844.4

STEP = 56 TIME = 0.07550780476 DT = 0.006897512577


[STEP 56] Coarse TimeStep time: 2.690916395
[STEP 56] FAB kilobyte spread across MPI nodes: [105462 ... 105462]

...estimated hydro-limited timestep at level 0: 0.009374960438
...hydro-limited CFL timestep constrained at (i,j,k) = (31,33,33)
Castro::estTimeStep (hydro-limited) at level 0:  estdt = 0.009374960438

Castro::compute_new_dt : limiting dt at level 0
 ... new dt computed: 0.009374960438
 ... but limiting to: 0.007587263835 = 1.1 * 0.006897512577
[Level 0 step 57] ADVANCE at time 0.07550780476 with dt = 0.007587263835

[1m[32m  Beginning subcycle 1 starting at time 0.07550780476 with dt = 0.007587263835[0m
  Estimated number of subcycles remaining: 1

... mhd ...!!! 

Castro::construct_old_gravity() time = 0.020309597 on level 0

Castro::do_old_sources() time = 0.034044224 on level 0

[1m[32m  Subcycle completed[0m

  Subcycling complete

  Zones advanced per microsecond at this level: 0.1027650283

[Level 0 step 57] Advanced 262144 cells
Castro::construct_new_gravity() time = 0.01745019 on level 0

Castro::do_new_sources() time = 0.049813584 on level 0


TIME= 0.0830950686 MASS        = 2.767754221e+33
TIME= 0.0830950686 XMOM        = -2.565052548e+38
TIME= 0.0830950686 YMOM        = -1.152167447e+38
TIME= 0.0830950686 ZMOM        = -1.051177601e+38
TIME= 0.0830950686 ANG MOM X   = 4.38044339e+46
TIME= 0.0830950686 ANG MOM Y   = 2.735797566e+45
TIME= 0.0830950686 ANG MOM Z   = 8.941469799e+45
TIME= 0.0830950686 RHO*e       = 2.594603417e+51
TIME= 0.0830950686 RHO*K       = 3.030126597e+48
TIME= 0.0830950686 RHO*E       = 2.633651339e+51
TIME= 0.0830950686 RHO*PHI     = 0
TIME= 0.0830950686 TOTAL ENERGY= 2.633651339e+51
TIME= 0.0830950686 CENTER OF MASS X-LOC = -252938.5738
TIME= 0.0830950686 CENTER OF MASS X-VEL = -92676.31239
TIME= 0.0830950686 CENTER OF MASS Y-LOC = -265600.5074
TIME= 0.0830950686 CENTER OF MASS Y-VEL = -41628.2428
TIME= 0.0830950686 CENTER OF MASS Z-LOC = -271073.9709
TIME= 0.0830950686 CENTER OF MASS Z-VEL = -37979.44172
TIME= 0.0830950686 MAXIMUM TEMPERATURE  = 0
TIME= 0.0830950686 MAXIMUM DENSITY      = 990351035

STEP = 57 TIME = 0.0830950686 DT = 0.007587263835


[STEP 57] Coarse TimeStep time: 2.585423277
[STEP 57] FAB kilobyte spread across MPI nodes: [105462 ... 105462]

...estimated hydro-limited timestep at level 0: 0.009411633734
...hydro-limited CFL timestep constrained at (i,j,k) = (31,33,33)
Castro::estTimeStep (hydro-limited) at level 0:  estdt = 0.009411633734

Castro::compute_new_dt : limiting dt at level 0
 ... new dt computed: 0.009411633734
 ... but limiting to: 0.008345990219 = 1.1 * 0.007587263835
[Level 0 step 58] ADVANCE at time 0.0830950686 with dt = 0.008345990219

[1m[32m  Beginning subcycle 1 starting at time 0.0830950686 with dt = 0.008345990219[0m
  Estimated number of subcycles remaining: 1

... mhd ...!!! 

Castro::construct_old_gravity() time = 0.022776474 on level 0

Castro::do_old_sources() time = 0.036760127 on level 0

[1m[32m  Subcycle completed[0m

  Subcycling complete

  Zones advanced per microsecond at this level: 0.1018704616

[Level 0 step 58] Advanced 262144 cells
Castro::construct_new_gravity() time = 0.022565365 on level 0

Castro::do_new_sources() time = 0.055524182 on level 0


TIME= 0.09144105881 MASS        = 2.767840203e+33
TIME= 0.09144105881 XMOM        = -3.087205722e+38
TIME= 0.09144105881 YMOM        = -1.291488689e+38
TIME= 0.09144105881 ZMOM        = -1.273909088e+38
TIME= 0.09144105881 ANG MOM X   = 3.985716519e+46
TIME= 0.09144105881 ANG MOM Y   = 1.324254625e+45
TIME= 0.09144105881 ANG MOM Z   = 7.980994586e+45
TIME= 0.09144105881 RHO*e       = 2.596382859e+51
TIME= 0.09144105881 RHO*K       = 2.718836862e+48
TIME= 0.09144105881 RHO*E       = 2.63316161e+51
TIME= 0.09144105881 RHO*PHI     = 0
TIME= 0.09144105881 TOTAL ENERGY= 2.63316161e+51
TIME= 0.09144105881 CENTER OF MASS X-LOC = -253533.3256
TIME= 0.09144105881 CENTER OF MASS X-VEL = -111538.4378
TIME= 0.09144105881 CENTER OF MASS Y-LOC = -266389.0003
TIME= 0.09144105881 CENTER OF MASS Y-VEL = -46660.52209
TIME= 0.09144105881 CENTER OF MASS Z-LOC = -271603.6636
TIME= 0.09144105881 CENTER OF MASS Z-VEL = -46025.38421
TIME= 0.09144105881 MAXIMUM TEMPERATURE  = 0
TIME= 0.09144105881 MAXIMUM DENSITY      = 990241236.1

STEP = 58 TIME = 0.09144105881 DT = 0.008345990219


[STEP 58] Coarse TimeStep time: 2.610463199
[STEP 58] FAB kilobyte spread across MPI nodes: [105462 ... 105462]

...estimated hydro-limited timestep at level 0: 0.009447847286
...hydro-limited CFL timestep constrained at (i,j,k) = (32,32,32)
Castro::estTimeStep (hydro-limited) at level 0:  estdt = 0.009447847286

Castro::compute_new_dt : limiting dt at level 0
 ... new dt computed: 0.009447847286
 ... but limiting to: 0.00918058924 = 1.1 * 0.008345990219
[Level 0 step 59] ADVANCE at time 0.09144105881 with dt = 0.00918058924

[1m[32m  Beginning subcycle 1 starting at time 0.09144105881 with dt = 0.00918058924[0m
  Estimated number of subcycles remaining: 1

... mhd ...!!! 

Castro::construct_old_gravity() time = 0.024345932 on level 0

Castro::do_old_sources() time = 0.037900043 on level 0

[1m[32m  Subcycle completed[0m

  Subcycling complete

  Zones advanced per microsecond at this level: 0.1011401709

[Level 0 step 59] Advanced 262144 cells
Castro::construct_new_gravity() time = 0.017896391 on level 0

Castro::do_new_sources() time = 0.043097595 on level 0


TIME= 0.1006216481 MASS        = 2.767938412e+33
TIME= 0.1006216481 XMOM        = -3.654893604e+38
TIME= 0.1006216481 YMOM        = -1.396606407e+38
TIME= 0.1006216481 ZMOM        = -1.533531573e+38
TIME= 0.1006216481 ANG MOM X   = 3.570316547e+46
TIME= 0.1006216481 ANG MOM Y   = -1.73956498e+44
TIME= 0.1006216481 ANG MOM Z   = 7.115551245e+45
TIME= 0.1006216481 RHO*e       = 2.598130977e+51
TIME= 0.1006216481 RHO*K       = 2.420635534e+48
TIME= 0.1006216481 RHO*E       = 2.632773111e+51
TIME= 0.1006216481 RHO*PHI     = 0
TIME= 0.1006216481 TOTAL ENERGY= 2.632773111e+51
TIME= 0.1006216481 CENTER OF MASS X-LOC = -254460.0219
TIME= 0.1006216481 CENTER OF MASS X-VEL = -132043.8919
TIME= 0.1006216481 CENTER OF MASS Y-LOC = -267185.8188
TIME= 0.1006216481 CENTER OF MASS Y-VEL = -50456.55645
TIME= 0.1006216481 CENTER OF MASS Z-LOC = -272255.8074
TIME= 0.1006216481 CENTER OF MASS Z-VEL = -55403.38495
TIME= 0.1006216481 MAXIMUM TEMPERATURE  = 0
TIME= 0.1006216481 MAXIMUM DENSITY      = 987722741.3

STEP = 59 TIME = 0.1006216481 DT = 0.00918058924


[STEP 59] Coarse TimeStep time: 2.61431546
[STEP 59] FAB kilobyte spread across MPI nodes: [105462 ... 105462]

...estimated hydro-limited timestep at level 0: 0.00946329278
...hydro-limited CFL timestep constrained at (i,j,k) = (32,32,32)
Castro::estTimeStep (hydro-limited) at level 0:  estdt = 0.00946329278

[Level 0 step 60] ADVANCE at time 0.1006216481 with dt = 0.00946329278

[1m[32m  Beginning subcycle 1 starting at time 0.1006216481 with dt = 0.00946329278[0m
  Estimated number of subcycles remaining: 1

... mhd ...!!! 

Castro::construct_old_gravity() time = 0.020057097 on level 0

Castro::do_old_sources() time = 0.034663999 on level 0

[1m[32m  Subcycle completed[0m

  Subcycling complete

  Zones advanced per microsecond at this level: 0.1037952641

[Level 0 step 60] Advanced 262144 cells
Castro::construct_new_gravity() time = 0.018014843 on level 0

Castro::do_new_sources() time = 0.045745373 on level 0


TIME= 0.1100849408 MASS        = 2.768043024e+33
TIME= 0.1100849408 XMOM        = -4.219943985e+38
TIME= 0.1100849408 YMOM        = -1.438917303e+38
TIME= 0.1100849408 ZMOM        = -1.812776523e+38
TIME= 0.1100849408 ANG MOM X   = 3.181984811e+46
TIME= 0.1100849408 ANG MOM Y   = -1.671903742e+45
TIME= 0.1100849408 ANG MOM Z   = 6.377960783e+45
TIME= 0.1100849408 RHO*e       = 2.599608741e+51
TIME= 0.1100849408 RHO*K       = 2.159035255e+48
TIME= 0.1100849408 RHO*E       = 2.632353687e+51
TIME= 0.1100849408 RHO*PHI     = 0
TIME= 0.1100849408 TOTAL ENERGY= 2.632353687e+51
TIME= 0.1100849408 CENTER OF MASS X-LOC = -255602.3924
TIME= 0.1100849408 CENTER OF MASS X-VEL = -152452.2541
TIME= 0.1100849408 CENTER OF MASS Y-LOC = -268009.5046
TIME= 0.1100849408 CENTER OF MASS Y-VEL = -51983.19861
TIME= 0.1100849408 CENTER OF MASS Z-LOC = -273085.5298
TIME= 0.1100849408 CENTER OF MASS Z-VEL = -65489.46341
TIME= 0.1100849408 MAXIMUM TEMPERATURE  = 0
TIME= 0.1100849408 MAXIMUM DENSITY      = 982243676.3

STEP = 60 TIME = 0.1100849408 DT = 0.00946329278


[STEP 60] Coarse TimeStep time: 2.551865564
[STEP 60] FAB kilobyte spread across MPI nodes: [105462 ... 105462]

PLOTFILE: file = plt_seed123ext00060
Write plotfile time = 0.03956462  seconds

...estimated hydro-limited timestep at level 0: 0.009480536843
...hydro-limited CFL timestep constrained at (i,j,k) = (32,33,31)
Castro::estTimeStep (hydro-limited) at level 0:  estdt = 0.009480536843

[Level 0 step 61] ADVANCE at time 0.1100849408 with dt = 0.009480536843

[1m[32m  Beginning subcycle 1 starting at time 0.1100849408 with dt = 0.009480536843[0m
  Estimated number of subcycles remaining: 1

... mhd ...!!! 

Castro::construct_old_gravity() time = 0.021157361 on level 0

Castro::do_old_sources() time = 0.037425954 on level 0

[1m[32m  Subcycle completed[0m

  Subcycling complete

  Zones advanced per microsecond at this level: 0.09362596656

[Level 0 step 61] Advanced 262144 cells
Castro::construct_new_gravity() time = 0.030433876 on level 0

Castro::do_new_sources() time = 0.049751085 on level 0


TIME= 0.1195654777 MASS        = 2.768150737e+33
TIME= 0.1195654777 XMOM        = -4.754524835e+38
TIME= 0.1195654777 YMOM        = -1.40323525e+38
TIME= 0.1195654777 ZMOM        = -2.094728925e+38
TIME= 0.1195654777 ANG MOM X   = 2.828752388e+46
TIME= 0.1195654777 ANG MOM Y   = -3.027119729e+45
TIME= 0.1195654777 ANG MOM Z   = 5.725397436e+45
TIME= 0.1195654777 RHO*e       = 2.600864802e+51
TIME= 0.1195654777 RHO*K       = 1.935230422e+48
TIME= 0.1195654777 RHO*E       = 2.631955744e+51
TIME= 0.1195654777 RHO*PHI     = 0
TIME= 0.1195654777 TOTAL ENERGY= 2.631955744e+51
TIME= 0.1195654777 CENTER OF MASS X-LOC = -256925.354
TIME= 0.1195654777 CENTER OF MASS X-VEL = -171758.1623
TIME= 0.1195654777 CENTER OF MASS Y-LOC = -268820.027
TIME= 0.1195654777 CENTER OF MASS Y-VEL = -50692.15455
TIME= 0.1195654777 CENTER OF MASS Z-LOC = -274074.3202
TIME= 0.1195654777 CENTER OF MASS Z-VEL = -75672.5021
TIME= 0.1195654777 MAXIMUM TEMPERATURE  = 0
TIME= 0.1195654777 MAXIMUM DENSITY      = 975837167.1

STEP = 61 TIME = 0.1195654777 DT = 0.009480536843


[STEP 61] Coarse TimeStep time: 2.841579975
[STEP 61] FAB kilobyte spread across MPI nodes: [105462 ... 105462]

...estimated hydro-limited timestep at level 0: 0.009490555975
...hydro-limited CFL timestep constrained at (i,j,k) = (32,32,32)
Castro::estTimeStep (hydro-limited) at level 0:  estdt = 0.009490555975

[Level 0 step 62] ADVANCE at time 0.1195654777 with dt = 0.009490555975

[1m[32m  Beginning subcycle 1 starting at time 0.1195654777 with dt = 0.009490555975[0m
  Estimated number of subcycles remaining: 1

... mhd ...!!! 

Castro::construct_old_gravity() time = 0.034738517 on level 0

Castro::do_old_sources() time = 0.04517037 on level 0

[1m[32m  Subcycle completed[0m

  Subcycling complete

  Zones advanced per microsecond at this level: 0.1016874317

[Level 0 step 62] Advanced 262144 cells
Castro::construct_new_gravity() time = 0.019002968 on level 0

Castro::do_new_sources() time = 0.045551052 on level 0


TIME= 0.1290560337 MASS        = 2.768261035e+33
TIME= 0.1290560337 XMOM        = -5.247771302e+38
TIME= 0.1290560337 YMOM        = -1.284836361e+38
TIME= 0.1290560337 ZMOM        = -2.365269667e+38
TIME= 0.1290560337 ANG MOM X   = 2.515408627e+46
TIME= 0.1290560337 ANG MOM Y   = -4.056555575e+45
TIME= 0.1290560337 ANG MOM Z   = 5.115258919e+45
TIME= 0.1290560337 RHO*e       = 2.601980136e+51
TIME= 0.1290560337 RHO*K       = 1.742767582e+48
TIME= 0.1290560337 RHO*E       = 2.631618474e+51
TIME= 0.1290560337 RHO*PHI     = 0
TIME= 0.1290560337 TOTAL ENERGY= 2.631618474e+51
TIME= 0.1290560337 CENTER OF MASS X-LOC = -258415.5889
TIME= 0.1290560337 CENTER OF MASS X-VEL = -189569.2363
TIME= 0.1290560337 CENTER OF MASS Y-LOC = -269562.9037
TIME= 0.1290560337 CENTER OF MASS Y-VEL = -46413.12161
TIME= 0.1290560337 CENTER OF MASS Z-LOC = -275253.3045
TIME= 0.1290560337 CENTER OF MASS Z-VEL = -85442.43614
TIME= 0.1290560337 MAXIMUM TEMPERATURE  = 0
TIME= 0.1290560337 MAXIMUM DENSITY      = 970247055.2

STEP = 62 TIME = 0.1290560337 DT = 0.009490555975


[STEP 62] Coarse TimeStep time: 2.620257592
[STEP 62] FAB kilobyte spread across MPI nodes: [105462 ... 105462]

...estimated hydro-limited timestep at level 0: 0.009499355115
...hydro-limited CFL timestep constrained at (i,j,k) = (32,32,32)
Castro::estTimeStep (hydro-limited) at level 0:  estdt = 0.009499355115

[Level 0 step 63] ADVANCE at time 0.1290560337 with dt = 0.009499355115

[1m[32m  Beginning subcycle 1 starting at time 0.1290560337 with dt = 0.009499355115[0m
  Estimated number of subcycles remaining: 1

... mhd ...!!! 

Castro::construct_old_gravity() time = 0.026711509 on level 0

Castro::do_old_sources() time = 0.037764887 on level 0

[1m[32m  Subcycle completed[0m

  Subcycling complete

  Zones advanced per microsecond at this level: 0.1027370378

[Level 0 step 63] Advanced 262144 cells
Castro::construct_new_gravity() time = 0.019087167 on level 0

Castro::do_new_sources() time = 0.041438052 on level 0


TIME= 0.1385553888 MASS        = 2.768373534e+33
TIME= 0.1385553888 XMOM        = -5.68979211e+38
TIME= 0.1385553888 YMOM        = -1.087124349e+38
TIME= 0.1385553888 ZMOM        = -2.607955509e+38
TIME= 0.1385553888 ANG MOM X   = 2.245744202e+46
TIME= 0.1385553888 ANG MOM Y   = -4.838451807e+45
TIME= 0.1385553888 ANG MOM Z   = 4.536678322e+45
TIME= 0.1385553888 RHO*e       = 2.60297003e+51
TIME= 0.1385553888 RHO*K       = 1.577437849e+48
TIME= 0.1385553888 RHO*E       = 2.631326987e+51
TIME= 0.1385553888 RHO*PHI     = 0
TIME= 0.1385553888 TOTAL ENERGY= 2.631326987e+51
TIME= 0.1385553888 CENTER OF MASS X-LOC = -260062.7987
TIME= 0.1385553888 CENTER OF MASS X-VEL = -205528.3379
TIME= 0.1385553888 CENTER OF MASS Y-LOC = -270195.9478
TIME= 0.1385553888 CENTER OF MASS Y-VEL = -39269.4243
TIME= 0.1385553888 CENTER OF MASS Z-LOC = -276630.8299
TIME= 0.1385553888 CENTER OF MASS Z-VEL = -94205.3331
TIME= 0.1385553888 MAXIMUM TEMPERATURE  = 0
TIME= 0.1385553888 MAXIMUM DENSITY      = 965914857.2

STEP = 63 TIME = 0.1385553888 DT = 0.009499355115


[STEP 63] Coarse TimeStep time: 2.587673482
[STEP 63] FAB kilobyte spread across MPI nodes: [105462 ... 105462]

...estimated hydro-limited timestep at level 0: 0.009510065318
...hydro-limited CFL timestep constrained at (i,j,k) = (32,32,32)
Castro::estTimeStep (hydro-limited) at level 0:  estdt = 0.009510065318

[Level 0 step 64] ADVANCE at time 0.1385553888 with dt = 0.009510065318

[1m[32m  Beginning subcycle 1 starting at time 0.1385553888 with dt = 0.009510065318[0m
  Estimated number of subcycles remaining: 1

... mhd ...!!! 

Castro::construct_old_gravity() time = 0.023183365 on level 0

Castro::do_old_sources() time = 0.032533172 on level 0

[1m[32m  Subcycle completed[0m

  Subcycling complete

  Zones advanced per microsecond at this level: 0.1011081861

[Level 0 step 64] Advanced 262144 cells
Castro::construct_new_gravity() time = 0.016045885 on level 0

Castro::do_new_sources() time = 0.040084763 on level 0


TIME= 0.1480654541 MASS        = 2.768487943e+33
TIME= 0.1480654541 XMOM        = -6.072937029e+38
TIME= 0.1480654541 YMOM        = -8.207078107e+37
TIME= 0.1480654541 ZMOM        = -2.806970572e+38
TIME= 0.1480654541 ANG MOM X   = 2.013977974e+46
TIME= 0.1480654541 ANG MOM Y   = -5.452981087e+45
TIME= 0.1480654541 ANG MOM Z   = 3.981843228e+45
TIME= 0.1480654541 RHO*e       = 2.603848137e+51
TIME= 0.1480654541 RHO*K       = 1.435646292e+48
TIME= 0.1480654541 RHO*E       = 2.631071265e+51
TIME= 0.1480654541 RHO*PHI     = 0
TIME= 0.1480654541 TOTAL ENERGY= 2.631071265e+51
TIME= 0.1480654541 CENTER OF MASS X-LOC = -261861.3957
TIME= 0.1480654541 CENTER OF MASS X-VEL = -219359.3454
TIME= 0.1480654541 CENTER OF MASS Y-LOC = -270685.7571
TIME= 0.1480654541 CENTER OF MASS Y-VEL = -29644.6229
TIME= 0.1480654541 CENTER OF MASS Z-LOC = -278121.1405
TIME= 0.1480654541 CENTER OF MASS Z-VEL = -101390.0234
TIME= 0.1480654541 MAXIMUM TEMPERATURE  = 0
TIME= 0.1480654541 MAXIMUM DENSITY      = 962564143.8

STEP = 64 TIME = 0.1480654541 DT = 0.009510065318


[STEP 64] Coarse TimeStep time: 2.623135954
[STEP 64] FAB kilobyte spread across MPI nodes: [105462 ... 105462]

...estimated hydro-limited timestep at level 0: 0.009521553869
...hydro-limited CFL timestep constrained at (i,j,k) = (32,32,32)
Castro::estTimeStep (hydro-limited) at level 0:  estdt = 0.009521553869

[Level 0 step 65] ADVANCE at time 0.1480654541 with dt = 0.009521553869

[1m[32m  Beginning subcycle 1 starting at time 0.1480654541 with dt = 0.009521553869[0m
  Estimated number of subcycles remaining: 1

... mhd ...!!! 

Castro::construct_old_gravity() time = 0.031420235 on level 0

Castro::do_old_sources() time = 0.042018365 on level 0

[1m[32m  Subcycle completed[0m

  Subcycling complete

  Zones advanced per microsecond at this level: 0.09873741891

[Level 0 step 65] Advanced 262144 cells
Castro::construct_new_gravity() time = 0.018735987 on level 0

Castro::do_new_sources() time = 0.041121214 on level 0


TIME= 0.157587008 MASS        = 2.768604008e+33
TIME= 0.157587008 XMOM        = -6.393364241e+38
TIME= 0.157587008 YMOM        = -5.014084912e+37
TIME= 0.157587008 ZMOM        = -2.948838268e+38
TIME= 0.157587008 ANG MOM X   = 1.817462087e+46
TIME= 0.157587008 ANG MOM Y   = -5.948126524e+45
TIME= 0.157587008 ANG MOM Z   = 3.439227262e+45
TIME= 0.157587008 RHO*e       = 2.604632105e+51
TIME= 0.157587008 RHO*K       = 1.313269766e+48
TIME= 0.157587008 RHO*E       = 2.630844911e+51
TIME= 0.157587008 RHO*PHI     = 0
TIME= 0.157587008 TOTAL ENERGY= 2.630844911e+51
TIME= 0.157587008 CENTER OF MASS X-LOC = -263791.6246
TIME= 0.157587008 CENTER OF MASS X-VEL = -230923.7516
TIME= 0.157587008 CENTER OF MASS Y-LOC = -271015.6417
TIME= 0.157587008 CENTER OF MASS Y-VEL = -18110.5167
TIME= 0.157587008 CENTER OF MASS Z-LOC = -279672.0409
TIME= 0.157587008 CENTER OF MASS Z-VEL = -106509.9328
TIME= 0.157587008 MAXIMUM TEMPERATURE  = 0
TIME= 0.157587008 MAXIMUM DENSITY      = 959856961.2

STEP = 65 TIME = 0.157587008 DT = 0.009521553869


[STEP 65] Coarse TimeStep time: 2.681245927
[STEP 65] FAB kilobyte spread across MPI nodes: [105462 ... 105462]

PLOTFILE: file = plt_seed123ext00065
Write plotfile time = 0.034591719  seconds

...estimated hydro-limited timestep at level 0: 0.009533190341
...hydro-limited CFL timestep constrained at (i,j,k) = (32,32,32)
Castro::estTimeStep (hydro-limited) at level 0:  estdt = 0.009533190341

[Level 0 step 66] ADVANCE at time 0.157587008 with dt = 0.009533190341

[1m[32m  Beginning subcycle 1 starting at time 0.157587008 with dt = 0.009533190341[0m
  Estimated number of subcycles remaining: 1

... mhd ...!!! 

Castro::construct_old_gravity() time = 0.024044914 on level 0

Castro::do_old_sources() time = 0.032192027 on level 0

[1m[32m  Subcycle completed[0m

  Subcycling complete

  Zones advanced per microsecond at this level: 0.1029152596

[Level 0 step 66] Advanced 262144 cells
Castro::construct_new_gravity() time = 0.018932971 on level 0

Castro::do_new_sources() time = 0.04070549 on level 0


TIME= 0.1671201983 MASS        = 2.768721507e+33
TIME= 0.1671201983 XMOM        = -6.651475053e+38
TIME= 0.1671201983 YMOM        = -1.473553847e+37
TIME= 0.1671201983 ZMOM        = -3.022744633e+38
TIME= 0.1671201983 ANG MOM X   = 1.645668232e+46
TIME= 0.1671201983 ANG MOM Y   = -6.384368656e+45
TIME= 0.1671201983 ANG MOM Z   = 2.891065411e+45
TIME= 0.1671201983 RHO*e       = 2.605334038e+51
TIME= 0.1671201983 RHO*K       = 1.206780539e+48
TIME= 0.1671201983 RHO*E       = 2.630642094e+51
TIME= 0.1671201983 RHO*PHI     = 0
TIME= 0.1671201983 TOTAL ENERGY= 2.630642094e+51
TIME= 0.1671201983 CENTER OF MASS X-LOC = -265827.382
TIME= 0.1671201983 CENTER OF MASS X-VEL = -240236.3342
TIME= 0.1671201983 CENTER OF MASS Y-LOC = -271223.1478
TIME= 0.1671201983 CENTER OF MASS Y-VEL = -5322.145413
TIME= 0.1671201983 CENTER OF MASS Z-LOC = -281242.3006
TIME= 0.1671201983 CENTER OF MASS Z-VEL = -109174.7446
TIME= 0.1671201983 MAXIMUM TEMPERATURE  = 0
TIME= 0.1671201983 MAXIMUM DENSITY      = 957401169.8

STEP = 66 TIME = 0.1671201983 DT = 0.009533190341


[STEP 66] Coarse TimeStep time: 2.573174732
[STEP 66] FAB kilobyte spread across MPI nodes: [105462 ... 105462]

...estimated hydro-limited timestep at level 0: 0.009542427348
...hydro-limited CFL timestep constrained at (i,j,k) = (32,32,32)
Castro::estTimeStep (hydro-limited) at level 0:  estdt = 0.009542427348

[Level 0 step 67] ADVANCE at time 0.1671201983 with dt = 0.009542427348

[1m[32m  Beginning subcycle 1 starting at time 0.1671201983 with dt = 0.009542427348[0m
  Estimated number of subcycles remaining: 1

... mhd ...!!! 

Castro::construct_old_gravity() time = 0.024589822 on level 0

Castro::do_old_sources() time = 0.040514835 on level 0

[1m[32m  Subcycle completed[0m

  Subcycling complete

  Zones advanced per microsecond at this level: 0.09923377699

[Level 0 step 67] Advanced 262144 cells
Castro::construct_new_gravity() time = 0.016598861 on level 0

Castro::do_new_sources() time = 0.038646804 on level 0


TIME= 0.1766626256 MASS        = 2.768840223e+33
TIME= 0.1766626256 XMOM        = -6.851320942e+38
TIME= 0.1766626256 YMOM        = 2.230616248e+37
TIME= 0.1766626256 ZMOM        = -3.021531587e+38
TIME= 0.1766626256 ANG MOM X   = 1.489068491e+46
TIME= 0.1766626256 ANG MOM Y   = -6.73109392e+45
TIME= 0.1766626256 ANG MOM Z   = 2.375941445e+45
TIME= 0.1766626256 RHO*e       = 2.605969426e+51
TIME= 0.1766626256 RHO*K       = 1.113949626e+48
TIME= 0.1766626256 RHO*E       = 2.630460289e+51
TIME= 0.1766626256 RHO*PHI     = 0
TIME= 0.1766626256 TOTAL ENERGY= 2.630460289e+51
TIME= 0.1766626256 CENTER OF MASS X-LOC = -267946.0605
TIME= 0.1766626256 CENTER OF MASS X-VEL = -247443.7089
TIME= 0.1766626256 CENTER OF MASS Y-LOC = -271316.3697
TIME= 0.1766626256 CENTER OF MASS Y-VEL = 8056.139281
TIME= 0.1766626256 CENTER OF MASS Z-LOC = -282779.2862
TIME= 0.1766626256 CENTER OF MASS Z-VEL = -109126.253
TIME= 0.1766626256 MAXIMUM TEMPERATURE  = 0
TIME= 0.1766626256 MAXIMUM DENSITY      = 954823088.5

STEP = 67 TIME = 0.1766626256 DT = 0.009542427348


[STEP 67] Coarse TimeStep time: 2.665618084
[STEP 67] FAB kilobyte spread across MPI nodes: [105462 ... 105462]

...estimated hydro-limited timestep at level 0: 0.009540683379
...hydro-limited CFL timestep constrained at (i,j,k) = (32,33,32)
Castro::estTimeStep (hydro-limited) at level 0:  estdt = 0.009540683379

[Level 0 step 68] ADVANCE at time 0.1766626256 with dt = 0.009540683379

[1m[32m  Beginning subcycle 1 starting at time 0.1766626256 with dt = 0.009540683379[0m
  Estimated number of subcycles remaining: 1

... mhd ...!!! 

Castro::construct_old_gravity() time = 0.026175545 on level 0

Castro::do_old_sources() time = 0.032548629 on level 0

[1m[32m  Subcycle completed[0m

  Subcycling complete

  Zones advanced per microsecond at this level: 0.1237283718

[Level 0 step 68] Advanced 262144 cells
Castro::construct_new_gravity() time = 0.01471922 on level 0

Castro::do_new_sources() time = 0.03649197 on level 0


TIME= 0.186203309 MASS        = 2.768959857e+33
TIME= 0.186203309 XMOM        = -6.999404103e+38
TIME= 0.186203309 YMOM        = 5.926240554e+37
TIME= 0.186203309 ZMOM        = -2.941930982e+38
TIME= 0.186203309 ANG MOM X   = 1.340440624e+46
TIME= 0.186203309 ANG MOM Y   = -6.953964079e+45
TIME= 0.186203309 ANG MOM Z   = 1.906691818e+45
TIME= 0.186203309 RHO*e       = 2.606546554e+51
TIME= 0.186203309 RHO*K       = 1.033014502e+48
TIME= 0.186203309 RHO*E       = 2.630295973e+51
TIME= 0.186203309 RHO*PHI     = 0
TIME= 0.186203309 TOTAL ENERGY= 2.630295973e+51
TIME= 0.186203309 CENTER OF MASS X-LOC = -270141.9838
TIME= 0.186203309 CENTER OF MASS X-VEL = -252780.9887
TIME= 0.186203309 CENTER OF MASS Y-LOC = -271295.4424
TIME= 0.186203309 CENTER OF MASS Y-VEL = 21402.4069
TIME= 0.186203309 CENTER OF MASS Z-LOC = -284272.5161
TIME= 0.186203309 CENTER OF MASS Z-VEL = -106246.7906
TIME= 0.186203309 MAXIMUM TEMPERATURE  = 0
TIME= 0.186203309 MAXIMUM DENSITY      = 951853905

STEP = 68 TIME = 0.186203309 DT = 0.009540683379


[STEP 68] Coarse TimeStep time: 2.142148944
[STEP 68] FAB kilobyte spread across MPI nodes: [105462 ... 105462]

...estimated hydro-limited timestep at level 0: 0.009537840317
...hydro-limited CFL timestep constrained at (i,j,k) = (32,33,32)
Castro::estTimeStep (hydro-limited) at level 0:  estdt = 0.009537840317

[Level 0 step 69] ADVANCE at time 0.186203309 with dt = 0.009537840317

[1m[32m  Beginning subcycle 1 starting at time 0.186203309 with dt = 0.009537840317[0m
  Estimated number of subcycles remaining: 1

... mhd ...!!! 

Castro::construct_old_gravity() time = 0.031163022 on level 0

Castro::do_old_sources() time = 0.039420331 on level 0

[1m[32m  Subcycle completed[0m

  Subcycling complete

  Zones advanced per microsecond at this level: 0.1475547356

[Level 0 step 69] Advanced 262144 cells
Castro::construct_new_gravity() time = 0.015847752 on level 0

Castro::do_new_sources() time = 0.037686857 on level 0


TIME= 0.1957411493 MASS        = 2.769080257e+33
TIME= 0.1957411493 XMOM        = -7.103023988e+38
TIME= 0.1957411493 YMOM        = 9.47565003e+37
TIME= 0.1957411493 ZMOM        = -2.784447959e+38
TIME= 0.1957411493 ANG MOM X   = 1.203161356e+46
TIME= 0.1957411493 ANG MOM Y   = -7.054070217e+45
TIME= 0.1957411493 ANG MOM Z   = 1.503856426e+45
TIME= 0.1957411493 RHO*e       = 2.607072824e+51
TIME= 0.1957411493 RHO*K       = 9.624534796e+47
TIME= 0.1957411493 RHO*E       = 2.630149357e+51
TIME= 0.1957411493 RHO*PHI     = 0
TIME= 0.1957411493 TOTAL ENERGY= 2.630149357e+51
TIME= 0.1957411493 CENTER OF MASS X-LOC = -272414.982
TIME= 0.1957411493 CENTER OF MASS X-VEL = -256512.0303
TIME= 0.1957411493 CENTER OF MASS Y-LOC = -271175.477
TIME= 0.1957411493 CENTER OF MASS Y-VEL = 34219.48499
TIME= 0.1957411493 CENTER OF MASS Z-LOC = -285701.7049
TIME= 0.1957411493 CENTER OF MASS Z-VEL = -100554.9749
TIME= 0.1957411493 MAXIMUM TEMPERATURE  = 0
TIME= 0.1957411493 MAXIMUM DENSITY      = 948428961.7

STEP = 69 TIME = 0.1957411493 DT = 0.009537840317


[STEP 69] Coarse TimeStep time: 1.795633287
[STEP 69] FAB kilobyte spread across MPI nodes: [105462 ... 105462]

...estimated hydro-limited timestep at level 0: 0.009536389446
...hydro-limited CFL timestep constrained at (i,j,k) = (32,33,32)
Castro::estTimeStep (hydro-limited) at level 0:  estdt = 0.009536389446

[Level 0 step 70] ADVANCE at time 0.1957411493 with dt = 0.009536389446

[1m[32m  Beginning subcycle 1 starting at time 0.1957411493 with dt = 0.009536389446[0m
  Estimated number of subcycles remaining: 1

... mhd ...!!! 

Castro::construct_old_gravity() time = 0.0218355 on level 0

Castro::do_old_sources() time = 0.048782254 on level 0

[1m[32m  Subcycle completed[0m

  Subcycling complete

  Zones advanced per microsecond at this level: 0.1452719816

[Level 0 step 70] Advanced 262144 cells
Castro::construct_new_gravity() time = 0.017452357 on level 0

Castro::do_new_sources() time = 0.045997175 on level 0


TIME= 0.2052775388 MASS        = 2.769201326e+33
TIME= 0.2052775388 XMOM        = -7.168578717e+38
TIME= 0.2052775388 YMOM        = 1.277995709e+38
TIME= 0.2052775388 ZMOM        = -2.553158126e+38
TIME= 0.2052775388 ANG MOM X   = 1.081257383e+46
TIME= 0.2052775388 ANG MOM Y   = -7.109876179e+45
TIME= 0.2052775388 ANG MOM Z   = 1.12066901e+45
TIME= 0.2052775388 RHO*e       = 2.607558153e+51
TIME= 0.2052775388 RHO*K       = 9.008508396e+47
TIME= 0.2052775388 RHO*E       = 2.630019398e+51
TIME= 0.2052775388 RHO*PHI     = 0
TIME= 0.2052775388 TOTAL ENERGY= 2.630019398e+51
TIME= 0.2052775388 CENTER OF MASS X-LOC = -274744.9586
TIME= 0.2052775388 CENTER OF MASS X-VEL = -258868.0949
TIME= 0.2052775388 CENTER OF MASS Y-LOC = -270967.1323
TIME= 0.2052775388 CENTER OF MASS Y-VEL = 46150.33575
TIME= 0.2052775388 CENTER OF MASS Z-LOC = -287055.4053
TIME= 0.2052775388 CENTER OF MASS Z-VEL = -92198.35704
TIME= 0.2052775388 MAXIMUM TEMPERATURE  = 0
TIME= 0.2052775388 MAXIMUM DENSITY      = 944557195.2

STEP = 70 TIME = 0.2052775388 DT = 0.009536389446


[STEP 70] Coarse TimeStep time: 1.823500038
[STEP 70] FAB kilobyte spread across MPI nodes: [105462 ... 105462]

PLOTFILE: file = plt_seed123ext00070
Write plotfile time = 0.026466932  seconds

...estimated hydro-limited timestep at level 0: 0.009537399529
...hydro-limited CFL timestep constrained at (i,j,k) = (32,33,32)
Castro::estTimeStep (hydro-limited) at level 0:  estdt = 0.009537399529

[Level 0 step 71] ADVANCE at time 0.2052775388 with dt = 0.009537399529

[1m[32m  Beginning subcycle 1 starting at time 0.2052775388 with dt = 0.009537399529[0m
  Estimated number of subcycles remaining: 1

... mhd ...!!! 

Castro::construct_old_gravity() time = 0.020144514 on level 0

Castro::do_old_sources() time = 0.030569878 on level 0

[1m[32m  Subcycle completed[0m

  Subcycling complete

  Zones advanced per microsecond at this level: 0.1242020271

[Level 0 step 71] Advanced 262144 cells
Castro::construct_new_gravity() time = 0.066138056 on level 0

Castro::do_new_sources() time = 0.052617544 on level 0


TIME= 0.2148149383 MASS        = 2.769322997e+33
TIME= 0.2148149383 XMOM        = -7.200827718e+38
TIME= 0.2148149383 YMOM        = 1.577776191e+38
TIME= 0.2148149383 ZMOM        = -2.255252103e+38
TIME= 0.2148149383 ANG MOM X   = 9.656725802e+45
TIME= 0.2148149383 ANG MOM Y   = -7.149935708e+45
TIME= 0.2148149383 ANG MOM Z   = 7.528694117e+44
TIME= 0.2148149383 RHO*e       = 2.608008836e+51
TIME= 0.2148149383 RHO*K       = 8.467316746e+47
TIME= 0.2148149383 RHO*E       = 2.629905803e+51
TIME= 0.2148149383 RHO*PHI     = 0
TIME= 0.2148149383 TOTAL ENERGY= 2.629905803e+51
TIME= 0.2148149383 CENTER OF MASS X-LOC = -277123.2504
TIME= 0.2148149383 CENTER OF MASS X-VEL = -260021.23
TIME= 0.2148149383 CENTER OF MASS Y-LOC = -270670.2723
TIME= 0.2148149383 CENTER OF MASS Y-VEL = 56973.35387
TIME= 0.2148149383 CENTER OF MASS Z-LOC = -288318.2678
TIME= 0.2148149383 CENTER OF MASS Z-VEL = -81436.94708
TIME= 0.2148149383 MAXIMUM TEMPERATURE  = 0
TIME= 0.2148149383 MAXIMUM DENSITY      = 940410943.6

STEP = 71 TIME = 0.2148149383 DT = 0.009537399529


[STEP 71] Coarse TimeStep time: 2.13577538
[STEP 71] FAB kilobyte spread across MPI nodes: [105462 ... 105462]

...estimated hydro-limited timestep at level 0: 0.009541061304
...hydro-limited CFL timestep constrained at (i,j,k) = (32,33,32)
Castro::estTimeStep (hydro-limited) at level 0:  estdt = 0.009541061304

[Level 0 step 72] ADVANCE at time 0.2148149383 with dt = 0.009541061304

[1m[32m  Beginning subcycle 1 starting at time 0.2148149383 with dt = 0.009541061304[0m
  Estimated number of subcycles remaining: 1

... mhd ...!!! 

Castro::construct_old_gravity() time = 0.03798197 on level 0

Castro::do_old_sources() time = 0.044030756 on level 0

[1m[32m  Subcycle completed[0m

  Subcycling complete

  Zones advanced per microsecond at this level: 0.0865295556

[Level 0 step 72] Advanced 262144 cells
Castro::construct_new_gravity() time = 0.030894592 on level 0

Castro::do_new_sources() time = 0.040046666 on level 0


TIME= 0.2243559996 MASS        = 2.769445221e+33
TIME= 0.2243559996 XMOM        = -7.202735272e+38
TIME= 0.2243559996 YMOM        = 1.844236331e+38
TIME= 0.2243559996 ZMOM        = -1.900507086e+38
TIME= 0.2243559996 ANG MOM X   = 8.581986663e+45
TIME= 0.2243559996 ANG MOM Y   = -7.136240743e+45
TIME= 0.2243559996 ANG MOM Z   = 3.668804553e+44
TIME= 0.2243559996 RHO*e       = 2.608427515e+51
TIME= 0.2243559996 RHO*K       = 7.989118791e+47
TIME= 0.2243559996 RHO*E       = 2.62980669e+51
TIME= 0.2243559996 RHO*PHI     = 0
TIME= 0.2243559996 TOTAL ENERGY= 2.62980669e+51
TIME= 0.2243559996 CENTER OF MASS X-LOC = -279544.7096
TIME= 0.2243559996 CENTER OF MASS X-VEL = -260078.633
TIME= 0.2243559996 CENTER OF MASS Y-LOC = -270285.28
TIME= 0.2243559996 CENTER OF MASS Y-VEL = 66592.26611
TIME= 0.2243559996 CENTER OF MASS Z-LOC = -289481.6183
TIME= 0.2243559996 CENTER OF MASS Z-VEL = -68624.10823
TIME= 0.2243559996 MAXIMUM TEMPERATURE  = 0
TIME= 0.2243559996 MAXIMUM DENSITY      = 936292802

STEP = 72 TIME = 0.2243559996 DT = 0.009541061304


[STEP 72] Coarse TimeStep time: 3.056870508
[STEP 72] FAB kilobyte spread across MPI nodes: [105462 ... 105462]

...estimated hydro-limited timestep at level 0: 0.009546449081
...hydro-limited CFL timestep constrained at (i,j,k) = (32,33,32)
Castro::estTimeStep (hydro-limited) at level 0:  estdt = 0.009546449081

[Level 0 step 73] ADVANCE at time 0.2243559996 with dt = 0.009546449081

[1m[32m  Beginning subcycle 1 starting at time 0.2243559996 with dt = 0.009546449081[0m
  Estimated number of subcycles remaining: 1

... mhd ...!!! 

Castro::construct_old_gravity() time = 0.031118189 on level 0

Castro::do_old_sources() time = 0.034041606 on level 0

[1m[32m  Subcycle completed[0m

  Subcycling complete

  Zones advanced per microsecond at this level: 0.09887360002

[Level 0 step 73] Advanced 262144 cells
Castro::construct_new_gravity() time = 0.034976061 on level 0

Castro::do_new_sources() time = 0.072957254 on level 0


TIME= 0.2339024487 MASS        = 2.769567953e+33
TIME= 0.2339024487 XMOM        = -7.175915478e+38
TIME= 0.2339024487 YMOM        = 2.077697526e+38
TIME= 0.2339024487 ZMOM        = -1.500572597e+38
TIME= 0.2339024487 ANG MOM X   = 7.594450582e+45
TIME= 0.2339024487 ANG MOM Y   = -7.113156473e+45
TIME= 0.2339024487 ANG MOM Z   = 1.444948475e+43
TIME= 0.2339024487 RHO*e       = 2.608822258e+51
TIME= 0.2339024487 RHO*K       = 7.564782172e+47
TIME= 0.2339024487 RHO*E       = 2.629721474e+51
TIME= 0.2339024487 RHO*PHI     = 0
TIME= 0.2339024487 TOTAL ENERGY= 2.629721474e+51
TIME= 0.2339024487 CENTER OF MASS X-LOC = -281993.0822
TIME= 0.2339024487 CENTER OF MASS X-VEL = -259098.7331
TIME= 0.2339024487 CENTER OF MASS Y-LOC = -269815.7688
TIME= 0.2339024487 CENTER OF MASS Y-VEL = 75018.83184
TIME= 0.2339024487 CENTER OF MASS Z-LOC = -290542.0538
TIME= 0.2339024487 CENTER OF MASS Z-VEL = -54180.74669
TIME= 0.2339024487 MAXIMUM TEMPERATURE  = 0
TIME= 0.2339024487 MAXIMUM DENSITY      = 932479438.5

STEP = 73 TIME = 0.2339024487 DT = 0.009546449081


[STEP 73] Coarse TimeStep time: 2.67661263
[STEP 73] FAB kilobyte spread across MPI nodes: [105462 ... 105462]

...estimated hydro-limited timestep at level 0: 0.009552593149
...hydro-limited CFL timestep constrained at (i,j,k) = (32,33,32)
Castro::estTimeStep (hydro-limited) at level 0:  estdt = 0.009552593149

[Level 0 step 74] ADVANCE at time 0.2339024487 with dt = 0.009552593149

[1m[32m  Beginning subcycle 1 starting at time 0.2339024487 with dt = 0.009552593149[0m
  Estimated number of subcycles remaining: 1

... mhd ...!!! 

Castro::construct_old_gravity() time = 0.032608929 on level 0

Castro::do_old_sources() time = 0.030654196 on level 0

[1m[32m  Subcycle completed[0m

  Subcycling complete

  Zones advanced per microsecond at this level: 0.1033458716

[Level 0 step 74] Advanced 262144 cells
Castro::construct_new_gravity() time = 0.016550726 on level 0

Castro::do_new_sources() time = 0.040371865 on level 0


TIME= 0.2434550418 MASS        = 2.769691145e+33
TIME= 0.2434550418 XMOM        = -7.121222832e+38
TIME= 0.2434550418 YMOM        = 2.2807813e+38
TIME= 0.2434550418 ZMOM        = -1.068332791e+38
TIME= 0.2434550418 ANG MOM X   = 6.713070195e+45
TIME= 0.2434550418 ANG MOM Y   = -7.088670458e+45
TIME= 0.2434550418 ANG MOM Z   = -3.286104278e+44
TIME= 0.2434550418 RHO*e       = 2.609193698e+51
TIME= 0.2434550418 RHO*K       = 7.186111177e+47
TIME= 0.2434550418 RHO*E       = 2.6296487e+51
TIME= 0.2434550418 RHO*PHI     = 0
TIME= 0.2434550418 TOTAL ENERGY= 2.6296487e+51
TIME= 0.2434550418 CENTER OF MASS X-LOC = -284446.2922
TIME= 0.2434550418 CENTER OF MASS X-VEL = -257112.5248
TIME= 0.2434550418 CENTER OF MASS Y-LOC = -269269.0771
TIME= 0.2434550418 CENTER OF MASS Y-VEL = 82347.85689
TIME= 0.2434550418 CENTER OF MASS Z-LOC = -291485.9317
TIME= 0.2434550418 CENTER OF MASS Z-VEL = -38572.27162
TIME= 0.2434550418 MAXIMUM TEMPERATURE  = 0
TIME= 0.2434550418 MAXIMUM DENSITY      = 929051231.7

STEP = 74 TIME = 0.2434550418 DT = 0.009552593149


[STEP 74] Coarse TimeStep time: 2.561470868
[STEP 74] FAB kilobyte spread across MPI nodes: [105462 ... 105462]

...estimated hydro-limited timestep at level 0: 0.009558481248
...hydro-limited CFL timestep constrained at (i,j,k) = (32,33,32)
Castro::estTimeStep (hydro-limited) at level 0:  estdt = 0.009558481248

[Level 0 step 75] ADVANCE at time 0.2434550418 with dt = 0.009558481248

[1m[32m  Beginning subcycle 1 starting at time 0.2434550418 with dt = 0.009558481248[0m
  Estimated number of subcycles remaining: 1

... mhd ...!!! 

Castro::construct_old_gravity() time = 0.024730258 on level 0

Castro::do_old_sources() time = 0.032547769 on level 0

[1m[32m  Subcycle completed[0m

  Subcycling complete

  Zones advanced per microsecond at this level: 0.09836662398

[Level 0 step 75] Advanced 262144 cells
Castro::construct_new_gravity() time = 0.016558134 on level 0

Castro::do_new_sources() time = 0.038309475 on level 0


TIME= 0.2530135231 MASS        = 2.769814743e+33
TIME= 0.2530135231 XMOM        = -7.039328379e+38
TIME= 0.2530135231 YMOM        = 2.457529504e+38
TIME= 0.2530135231 ZMOM        = -6.173320101e+37
TIME= 0.2530135231 ANG MOM X   = 5.951764698e+45
TIME= 0.2530135231 ANG MOM Y   = -7.070587342e+45
TIME= 0.2530135231 ANG MOM Z   = -6.36945034e+44
TIME= 0.2530135231 RHO*e       = 2.609544109e+51
TIME= 0.2530135231 RHO*K       = 6.84675826e+47
TIME= 0.2530135231 RHO*E       = 2.629586614e+51
TIME= 0.2530135231 RHO*PHI     = 0
TIME= 0.2530135231 TOTAL ENERGY= 2.629586614e+51
TIME= 0.2530135231 CENTER OF MASS X-LOC = -286883.0493
TIME= 0.2530135231 CENTER OF MASS X-VEL = -254144.3754
TIME= 0.2530135231 CENTER OF MASS Y-LOC = -268651.1153
TIME= 0.2530135231 CENTER OF MASS Y-VEL = 88725.4106
TIME= 0.2530135231 CENTER OF MASS Z-LOC = -292296.8809
TIME= 0.2530135231 CENTER OF MASS Z-VEL = -22287.84476
TIME= 0.2530135231 MAXIMUM TEMPERATURE  = 0
TIME= 0.2530135231 MAXIMUM DENSITY      = 926030389.1

STEP = 75 TIME = 0.2530135231 DT = 0.009558481248


[STEP 75] Coarse TimeStep time: 2.688601582
[STEP 75] FAB kilobyte spread across MPI nodes: [105462 ... 105462]

PLOTFILE: file = plt_seed123ext00075
Write plotfile time = 0.033562602  seconds

...estimated hydro-limited timestep at level 0: 0.009564273387
...hydro-limited CFL timestep constrained at (i,j,k) = (32,33,32)
Castro::estTimeStep (hydro-limited) at level 0:  estdt = 0.009564273387

[Level 0 step 76] ADVANCE at time 0.2530135231 with dt = 0.009564273387

[1m[32m  Beginning subcycle 1 starting at time 0.2530135231 with dt = 0.009564273387[0m
  Estimated number of subcycles remaining: 1

... mhd ...!!! 

Castro::construct_old_gravity() time = 0.023340017 on level 0

Castro::do_old_sources() time = 0.034065383 on level 0

[1m[32m  Subcycle completed[0m

  Subcycling complete

  Zones advanced per microsecond at this level: 0.1040623096

[Level 0 step 76] Advanced 262144 cells
Castro::construct_new_gravity() time = 0.017754773 on level 0

Castro::do_new_sources() time = 0.040547983 on level 0


TIME= 0.2625777965 MASS        = 2.769938707e+33
TIME= 0.2625777965 XMOM        = -6.931236037e+38
TIME= 0.2625777965 YMOM        = 2.61244878e+38
TIME= 0.2625777965 ZMOM        = -1.610522433e+37
TIME= 0.2625777965 ANG MOM X   = 5.285765042e+45
TIME= 0.2625777965 ANG MOM Y   = -7.047014108e+45
TIME= 0.2625777965 ANG MOM Z   = -9.105392313e+44
TIME= 0.2625777965 RHO*e       = 2.609876899e+51
TIME= 0.2625777965 RHO*K       = 6.541404811e+47
TIME= 0.2625777965 RHO*E       = 2.62953549e+51
TIME= 0.2625777965 RHO*PHI     = 0
TIME= 0.2625777965 TOTAL ENERGY= 2.62953549e+51
TIME= 0.2625777965 CENTER OF MASS X-LOC = -289288.8322
TIME= 0.2625777965 CENTER OF MASS X-VEL = -250230.6647
TIME= 0.2625777965 CENTER OF MASS Y-LOC = -267968.5209
TIME= 0.2625777965 CENTER OF MASS Y-VEL = 94314.31727
TIME= 0.2625777965 CENTER OF MASS Z-LOC = -292962.5146
TIME= 0.2625777965 CENTER OF MASS Z-VEL = -5814.289063
TIME= 0.2625777965 MAXIMUM TEMPERATURE  = 0
TIME= 0.2625777965 MAXIMUM DENSITY      = 923340515.5

STEP = 76 TIME = 0.2625777965 DT = 0.009564273387


[STEP 76] Coarse TimeStep time: 2.548422074
[STEP 76] FAB kilobyte spread across MPI nodes: [105462 ... 105462]

...estimated hydro-limited timestep at level 0: 0.009570143955
...hydro-limited CFL timestep constrained at (i,j,k) = (32,33,32)
Castro::estTimeStep (hydro-limited) at level 0:  estdt = 0.009570143955

[Level 0 step 77] ADVANCE at time 0.2625777965 with dt = 0.009570143955

[1m[32m  Beginning subcycle 1 starting at time 0.2625777965 with dt = 0.009570143955[0m
  Estimated number of subcycles remaining: 1

... mhd ...!!! 

Castro::construct_old_gravity() time = 0.033742993 on level 0

Castro::do_old_sources() time = 0.031577963 on level 0

[1m[32m  Subcycle completed[0m

  Subcycling complete

  Zones advanced per microsecond at this level: 0.09706462056

[Level 0 step 77] Advanced 262144 cells
Castro::construct_new_gravity() time = 0.018474463 on level 0

Castro::do_new_sources() time = 0.039862424 on level 0


TIME= 0.2721479404 MASS        = 2.770063001e+33
TIME= 0.2721479404 XMOM        = -6.798595822e+38
TIME= 0.2721479404 YMOM        = 2.749760429e+38
TIME= 0.2721479404 ZMOM        = 2.877889941e+37
TIME= 0.2721479404 ANG MOM X   = 4.698202707e+45
TIME= 0.2721479404 ANG MOM Y   = -7.029590376e+45
TIME= 0.2721479404 ANG MOM Z   = -1.169523022e+45
TIME= 0.2721479404 RHO*e       = 2.610194599e+51
TIME= 0.2721479404 RHO*K       = 6.265582916e+47
TIME= 0.2721479404 RHO*E       = 2.629494523e+51
TIME= 0.2721479404 RHO*PHI     = 0
TIME= 0.2721479404 TOTAL ENERGY= 2.629494523e+51
TIME= 0.2721479404 CENTER OF MASS X-LOC = -291650.9128
TIME= 0.2721479404 CENTER OF MASS X-VEL = -245431.0902
TIME= 0.2721479404 CENTER OF MASS Y-LOC = -267229.9118
TIME= 0.2721479404 CENTER OF MASS Y-VEL = 99267.07184
TIME= 0.2721479404 CENTER OF MASS Z-LOC = -293470.6053
TIME= 0.2721479404 CENTER OF MASS Z-VEL = 10389.25808
TIME= 0.2721479404 MAXIMUM TEMPERATURE  = 0
TIME= 0.2721479404 MAXIMUM DENSITY      = 920875667.6

STEP = 77 TIME = 0.2721479404 DT = 0.009570143955


[STEP 77] Coarse TimeStep time: 2.737435517
[STEP 77] FAB kilobyte spread across MPI nodes: [105462 ... 105462]

...estimated hydro-limited timestep at level 0: 0.009576084644
...hydro-limited CFL timestep constrained at (i,j,k) = (32,33,32)
Castro::estTimeStep (hydro-limited) at level 0:  estdt = 0.009576084644

[Level 0 step 78] ADVANCE at time 0.2721479404 with dt = 0.009576084644

[1m[32m  Beginning subcycle 1 starting at time 0.2721479404 with dt = 0.009576084644[0m
  Estimated number of subcycles remaining: 1

... mhd ...!!! 

Castro::construct_old_gravity() time = 0.02408979 on level 0

Castro::do_old_sources() time = 0.035922857 on level 0

[1m[32m  Subcycle completed[0m

  Subcycling complete

  Zones advanced per microsecond at this level: 0.1035180458

[Level 0 step 78] Advanced 262144 cells
Castro::construct_new_gravity() time = 0.018516964 on level 0

Castro::do_new_sources() time = 0.04394748 on level 0


TIME= 0.2817240251 MASS        = 2.770187597e+33
TIME= 0.2817240251 XMOM        = -6.643788303e+38
TIME= 0.2817240251 YMOM        = 2.873071092e+38
TIME= 0.2817240251 ZMOM        = 7.179581841e+37
TIME= 0.2817240251 ANG MOM X   = 4.183649334e+45
TIME= 0.2817240251 ANG MOM Y   = -7.029621502e+45
TIME= 0.2817240251 ANG MOM Z   = -1.40864138e+45
TIME= 0.2817240251 RHO*e       = 2.610499233e+51
TIME= 0.2817240251 RHO*K       = 6.015511321e+47
TIME= 0.2817240251 RHO*E       = 2.629461541e+51
TIME= 0.2817240251 RHO*PHI     = 0
TIME= 0.2817240251 TOTAL ENERGY= 2.629461541e+51
TIME= 0.2817240251 CENTER OF MASS X-LOC = -293962.5011
TIME= 0.2817240251 CENTER OF MASS X-VEL = -239831.7107
TIME= 0.2817240251 CENTER OF MASS Y-LOC = -266449.6391
TIME= 0.2817240251 CENTER OF MASS Y-VEL = 103713.9541
TIME= 0.2817240251 CENTER OF MASS Z-LOC = -293819.1698
TIME= 0.2817240251 CENTER OF MASS Z-VEL = 25917.31278
TIME= 0.2817240251 MAXIMUM TEMPERATURE  = 0
TIME= 0.2817240251 MAXIMUM DENSITY      = 918521078.9

STEP = 78 TIME = 0.2817240251 DT = 0.009576084644


[STEP 78] Coarse TimeStep time: 2.560918605
[STEP 78] FAB kilobyte spread across MPI nodes: [105462 ... 105462]

...estimated hydro-limited timestep at level 0: 0.009581882899
...hydro-limited CFL timestep constrained at (i,j,k) = (32,33,32)
Castro::estTimeStep (hydro-limited) at level 0:  estdt = 0.009581882899

[Level 0 step 79] ADVANCE at time 0.2817240251 with dt = 0.009581882899

[1m[32m  Beginning subcycle 1 starting at time 0.2817240251 with dt = 0.009581882899[0m
  Estimated number of subcycles remaining: 1

... mhd ...!!! 

Castro::construct_old_gravity() time = 0.023771149 on level 0

Castro::do_old_sources() time = 0.033137297 on level 0

[1m[32m  Subcycle completed[0m

  Subcycling complete

  Zones advanced per microsecond at this level: 0.09685893949

[Level 0 step 79] Advanced 262144 cells
Castro::construct_new_gravity() time = 0.018608183 on level 0

Castro::do_new_sources() time = 0.142089118 on level 0


TIME= 0.291305908 MASS        = 2.770312469e+33
TIME= 0.291305908 XMOM        = -6.469955732e+38
TIME= 0.291305908 YMOM        = 2.985155365e+38
TIME= 0.291305908 ZMOM        = 1.120259153e+38
TIME= 0.291305908 ANG MOM X   = 3.762238582e+45
TIME= 0.291305908 ANG MOM Y   = -7.018993223e+45
TIME= 0.291305908 ANG MOM Z   = -1.637833417e+45
TIME= 0.291305908 RHO*e       = 2.610792155e+51
TIME= 0.291305908 RHO*K       = 5.788192115e+47
TIME= 0.291305908 RHO*E       = 2.629435856e+51
TIME= 0.291305908 RHO*PHI     = 0
TIME= 0.291305908 TOTAL ENERGY= 2.629435856e+51
TIME= 0.291305908 CENTER OF MASS X-LOC = -296212.9725
TIME= 0.291305908 CENTER OF MASS X-VEL = -233546.064
TIME= 0.291305908 CENTER OF MASS Y-LOC = -265637.8288
TIME= 0.291305908 CENTER OF MASS Y-VEL = 107755.1864
TIME= 0.291305908 CENTER OF MASS Z-LOC = -294013.5811
TIME= 0.291305908 CENTER OF MASS Z-VEL = 40438.0071
TIME= 0.291305908 MAXIMUM TEMPERATURE  = 0
TIME= 0.291305908 MAXIMUM DENSITY      = 916207218.9

STEP = 79 TIME = 0.291305908 DT = 0.009581882899


[STEP 79] Coarse TimeStep time: 2.738040235
[STEP 79] FAB kilobyte spread across MPI nodes: [105462 ... 105462]

...estimated hydro-limited timestep at level 0: 0.009587515625
...hydro-limited CFL timestep constrained at (i,j,k) = (32,33,32)
Castro::estTimeStep (hydro-limited) at level 0:  estdt = 0.009587515625

[Level 0 step 80] ADVANCE at time 0.291305908 with dt = 0.009587515625

[1m[32m  Beginning subcycle 1 starting at time 0.291305908 with dt = 0.009587515625[0m
  Estimated number of subcycles remaining: 1

... mhd ...!!! 

Castro::construct_old_gravity() time = 0.02796654 on level 0

Castro::do_old_sources() time = 0.036976651 on level 0

[1m[32m  Subcycle completed[0m

  Subcycling complete

  Zones advanced per microsecond at this level: 0.1020701709

[Level 0 step 80] Advanced 262144 cells
Castro::construct_new_gravity() time = 0.018341605 on level 0

Castro::do_new_sources() time = 0.048100727 on level 0


TIME= 0.3008934236 MASS        = 2.770437593e+33
TIME= 0.3008934236 XMOM        = -6.280856187e+38
TIME= 0.3008934236 YMOM        = 3.087805614e+38
TIME= 0.3008934236 ZMOM        = 1.487761007e+38
TIME= 0.3008934236 ANG MOM X   = 3.399407116e+45
TIME= 0.3008934236 ANG MOM Y   = -7.005081502e+45
TIME= 0.3008934236 ANG MOM Z   = -1.844911167e+45
TIME= 0.3008934236 RHO*e       = 2.611074734e+51
TIME= 0.3008934236 RHO*K       = 5.58114422e+47
TIME= 0.3008934236 RHO*E       = 2.629418305e+51
TIME= 0.3008934236 RHO*PHI     = 0
TIME= 0.3008934236 TOTAL ENERGY= 2.629418305e+51
TIME= 0.3008934236 CENTER OF MASS X-LOC = -298399.3281
TIME= 0.3008934236 CENTER OF MASS X-VEL = -226709.896
TIME= 0.3008934236 CENTER OF MASS Y-LOC = -264800.9685
TIME= 0.3008934236 CENTER OF MASS Y-VEL = 111455.5196
TIME= 0.3008934236 CENTER OF MASS Z-LOC = -294062.6535
TIME= 0.3008934236 CENTER OF MASS Z-VEL = 53701.30014
TIME= 0.3008934236 MAXIMUM TEMPERATURE  = 0
TIME= 0.3008934236 MAXIMUM DENSITY      = 913914314

STEP = 80 TIME = 0.3008934236 DT = 0.009587515625


[STEP 80] Coarse TimeStep time: 2.597021225
[STEP 80] FAB kilobyte spread across MPI nodes: [105462 ... 105462]

PLOTFILE: file = plt_seed123ext00080
Write plotfile time = 0.037125647  seconds

...estimated hydro-limited timestep at level 0: 0.009592891139
...hydro-limited CFL timestep constrained at (i,j,k) = (32,33,32)
Castro::estTimeStep (hydro-limited) at level 0:  estdt = 0.009592891139

[Level 0 step 81] ADVANCE at time 0.3008934236 with dt = 0.009592891139

[1m[32m  Beginning subcycle 1 starting at time 0.3008934236 with dt = 0.009592891139[0m
  Estimated number of subcycles remaining: 1

... mhd ...!!! 

Castro::construct_old_gravity() time = 0.028625014 on level 0

Castro::do_old_sources() time = 0.037973444 on level 0

[1m[32m  Subcycle completed[0m

  Subcycling complete

  Zones advanced per microsecond at this level: 0.09876487066

[Level 0 step 81] Advanced 262144 cells
Castro::construct_new_gravity() time = 0.018713921 on level 0

Castro::do_new_sources() time = 0.047242321 on level 0


TIME= 0.3104863147 MASS        = 2.770562948e+33
TIME= 0.3104863147 XMOM        = -6.080579215e+38
TIME= 0.3104863147 YMOM        = 3.181847742e+38
TIME= 0.3104863147 ZMOM        = 1.815816613e+38
TIME= 0.3104863147 ANG MOM X   = 3.088307512e+45
TIME= 0.3104863147 ANG MOM Y   = -6.96938742e+45
TIME= 0.3104863147 ANG MOM Z   = -2.01166468e+45
TIME= 0.3104863147 RHO*e       = 2.611346671e+51
TIME= 0.3104863147 RHO*K       = 5.391916358e+47
TIME= 0.3104863147 RHO*E       = 2.629406865e+51
TIME= 0.3104863147 RHO*PHI     = 0
TIME= 0.3104863147 TOTAL ENERGY= 2.629406865e+51
TIME= 0.3104863147 CENTER OF MASS X-LOC = -300521.1257
TIME= 0.3104863147 CENTER OF MASS X-VEL = -219470.892
TIME= 0.3104863147 CENTER OF MASS Y-LOC = -263942.4832
TIME= 0.3104863147 CENTER OF MASS Y-VEL = 114844.8096
TIME= 0.3104863147 CENTER OF MASS Z-LOC = -293977.5362
TIME= 0.3104863147 CENTER OF MASS Z-VEL = 65539.62667
TIME= 0.3104863147 MAXIMUM TEMPERATURE  = 0
TIME= 0.3104863147 MAXIMUM DENSITY      = 911648443.2

STEP = 81 TIME = 0.3104863147 DT = 0.009592891139


[STEP 81] Coarse TimeStep time: 2.686688527
[STEP 81] FAB kilobyte spread across MPI nodes: [105462 ... 105462]

...estimated hydro-limited timestep at level 0: 0.009597608518
...hydro-limited CFL timestep constrained at (i,j,k) = (32,33,32)
Castro::estTimeStep (hydro-limited) at level 0:  estdt = 0.009597608518

[Level 0 step 82] ADVANCE at time 0.3104863147 with dt = 0.009597608518

[1m[32m  Beginning subcycle 1 starting at time 0.3104863147 with dt = 0.009597608518[0m
  Estimated number of subcycles remaining: 1

... mhd ...!!! 

Castro::construct_old_gravity() time = 0.02766593 on level 0

Castro::do_old_sources() time = 0.037848696 on level 0

[1m[32m  Subcycle completed[0m

  Subcycling complete

  Zones advanced per microsecond at this level: 0.1009721156

[Level 0 step 82] Advanced 262144 cells
Castro::construct_new_gravity() time = 0.019355725 on level 0

Castro::do_new_sources() time = 0.052265603 on level 0


TIME= 0.3200839233 MASS        = 2.770688511e+33
TIME= 0.3200839233 XMOM        = -5.873239336e+38
TIME= 0.3200839233 YMOM        = 3.267253601e+38
TIME= 0.3200839233 ZMOM        = 2.101988844e+38
TIME= 0.3200839233 ANG MOM X   = 2.801046019e+45
TIME= 0.3200839233 ANG MOM Y   = -6.912882083e+45
TIME= 0.3200839233 ANG MOM Z   = -2.148727065e+45
TIME= 0.3200839233 RHO*e       = 2.611608713e+51
TIME= 0.3200839233 RHO*K       = 5.218717094e+47
TIME= 0.3200839233 RHO*E       = 2.629401305e+51
TIME= 0.3200839233 RHO*PHI     = 0
TIME= 0.3200839233 TOTAL ENERGY= 2.629401305e+51
TIME= 0.3200839233 CENTER OF MASS X-LOC = -302576.9136
TIME= 0.3200839233 CENTER OF MASS X-VEL = -211977.6118
TIME= 0.3200839233 CENTER OF MASS Y-LOC = -263063.0543
TIME= 0.3200839233 CENTER OF MASS Y-VEL = 117922.0828
TIME= 0.3200839233 CENTER OF MASS Z-LOC = -293771.1452
TIME= 0.3200839233 CENTER OF MASS Z-VEL = 75865.21674
TIME= 0.3200839233 MAXIMUM TEMPERATURE  = 0
TIME= 0.3200839233 MAXIMUM DENSITY      = 909410592.6

STEP = 82 TIME = 0.3200839233 DT = 0.009597608518


[STEP 82] Coarse TimeStep time: 2.62518377
[STEP 82] FAB kilobyte spread across MPI nodes: [105462 ... 105462]

...estimated hydro-limited timestep at level 0: 0.009600977856
...hydro-limited CFL timestep constrained at (i,j,k) = (32,33,32)
Castro::estTimeStep (hydro-limited) at level 0:  estdt = 0.009600977856

[Level 0 step 83] ADVANCE at time 0.3200839233 with dt = 0.009600977856

[1m[32m  Beginning subcycle 1 starting at time 0.3200839233 with dt = 0.009600977856[0m
  Estimated number of subcycles remaining: 1

... mhd ...!!! 

Castro::construct_old_gravity() time = 0.023875159 on level 0

Castro::do_old_sources() time = 0.038889461 on level 0

[1m[32m  Subcycle completed[0m

  Subcycling complete

  Zones advanced per microsecond at this level: 0.09855963777

[Level 0 step 83] Advanced 262144 cells
Castro::construct_new_gravity() time = 0.023281018 on level 0

Castro::do_new_sources() time = 0.054272048 on level 0


TIME= 0.3296849011 MASS        = 2.77081425e+33
TIME= 0.3296849011 XMOM        = -5.662723904e+38
TIME= 0.3296849011 YMOM        = 3.343433647e+38
TIME= 0.3296849011 ZMOM        = 2.345852452e+38
TIME= 0.3296849011 ANG MOM X   = 2.564524462e+45
TIME= 0.3296849011 ANG MOM Y   = -6.840428529e+45
TIME= 0.3296849011 ANG MOM Z   = -2.288405028e+45
TIME= 0.3296849011 RHO*e       = 2.611862704e+51
TIME= 0.3296849011 RHO*K       = 5.059509171e+47
TIME= 0.3296849011 RHO*E       = 2.629401948e+51
TIME= 0.3296849011 RHO*PHI     = 0
TIME= 0.3296849011 TOTAL ENERGY= 2.629401948e+51
TIME= 0.3296849011 CENTER OF MASS X-LOC = -304564.3447
TIME= 0.3296849011 CENTER OF MASS X-VEL = -204370.3905
TIME= 0.3296849011 CENTER OF MASS Y-LOC = -262164.5849
TIME= 0.3296849011 CENTER OF MASS Y-VEL = 120666.1055
TIME= 0.3296849011 CENTER OF MASS Z-LOC = -293459.4148
TIME= 0.3296849011 CENTER OF MASS Z-VEL = 84662.9272
TIME= 0.3296849011 MAXIMUM TEMPERATURE  = 0
TIME= 0.3296849011 MAXIMUM DENSITY      = 907239965.3

STEP = 83 TIME = 0.3296849011 DT = 0.009600977856


[STEP 83] Coarse TimeStep time: 2.691408425
[STEP 83] FAB kilobyte spread across MPI nodes: [105462 ... 105462]

...estimated hydro-limited timestep at level 0: 0.009604059896
...hydro-limited CFL timestep constrained at (i,j,k) = (32,33,32)
Castro::estTimeStep (hydro-limited) at level 0:  estdt = 0.009604059896

[Level 0 step 84] ADVANCE at time 0.3296849011 with dt = 0.009604059896

[1m[32m  Beginning subcycle 1 starting at time 0.3296849011 with dt = 0.009604059896[0m
  Estimated number of subcycles remaining: 1

... mhd ...!!! 

Castro::construct_old_gravity() time = 0.067230786 on level 0

Castro::do_old_sources() time = 0.061101889 on level 0

[1m[32m  Subcycle completed[0m

  Subcycling complete

  Zones advanced per microsecond at this level: 0.08719758451

[Level 0 step 84] Advanced 262144 cells
Castro::construct_new_gravity() time = 0.020787544 on level 0

Castro::do_new_sources() time = 0.047470071 on level 0


TIME= 0.339288961 MASS        = 2.770940152e+33
TIME= 0.339288961 XMOM        = -5.452472904e+38
TIME= 0.339288961 YMOM        = 3.409594456e+38
TIME= 0.339288961 ZMOM        = 2.548635691e+38
TIME= 0.339288961 ANG MOM X   = 2.38037558e+45
TIME= 0.339288961 ANG MOM Y   = -6.735772608e+45
TIME= 0.339288961 ANG MOM Z   = -2.435601207e+45
TIME= 0.339288961 RHO*e       = 2.612108e+51
TIME= 0.339288961 RHO*K       = 4.912642023e+47
TIME= 0.339288961 RHO*E       = 2.629407872e+51
TIME= 0.339288961 RHO*PHI     = 0
TIME= 0.339288961 TOTAL ENERGY= 2.629407872e+51
TIME= 0.339288961 CENTER OF MASS X-LOC = -306481.8098
TIME= 0.339288961 CENTER OF MASS X-VEL = -196773.3911
TIME= 0.339288961 CENTER OF MASS Y-LOC = -261249.484
TIME= 0.339288961 CENTER OF MASS Y-VEL = 123048.2894
TIME= 0.339288961 CENTER OF MASS Z-LOC = -293057.2906
TIME= 0.339288961 CENTER OF MASS Z-VEL = 91977.29115
TIME= 0.339288961 MAXIMUM TEMPERATURE  = 0
TIME= 0.339288961 MAXIMUM DENSITY      = 905134204.9

STEP = 84 TIME = 0.339288961 DT = 0.009604059896


[STEP 84] Coarse TimeStep time: 3.039251192
[STEP 84] FAB kilobyte spread across MPI nodes: [105462 ... 105462]

...estimated hydro-limited timestep at level 0: 0.009609049361
...hydro-limited CFL timestep constrained at (i,j,k) = (32,33,32)
Castro::estTimeStep (hydro-limited) at level 0:  estdt = 0.009609049361

[Level 0 step 85] ADVANCE at time 0.339288961 with dt = 0.009609049361

[1m[32m  Beginning subcycle 1 starting at time 0.339288961 with dt = 0.009609049361[0m
  Estimated number of subcycles remaining: 1

... mhd ...!!! 

Castro::construct_old_gravity() time = 0.033191958 on level 0

Castro::do_old_sources() time = 0.038926302 on level 0

[1m[32m  Subcycle completed[0m

  Subcycling complete

  Zones advanced per microsecond at this level: 0.08973763846

[Level 0 step 85] Advanced 262144 cells
Castro::construct_new_gravity() time = 0.019672696 on level 0

Castro::do_new_sources() time = 0.04443278 on level 0


TIME= 0.3488980104 MASS        = 2.771066232e+33
TIME= 0.3488980104 XMOM        = -5.245256708e+38
TIME= 0.3488980104 YMOM        = 3.465030763e+38
TIME= 0.3488980104 ZMOM        = 2.712746532e+38
TIME= 0.3488980104 ANG MOM X   = 2.217388164e+45
TIME= 0.3488980104 ANG MOM Y   = -6.600918159e+45
TIME= 0.3488980104 ANG MOM Z   = -2.580752038e+45
TIME= 0.3488980104 RHO*e       = 2.61234597e+51
TIME= 0.3488980104 RHO*K       = 4.777032172e+47
TIME= 0.3488980104 RHO*E       = 2.629417969e+51
TIME= 0.3488980104 RHO*PHI     = 0
TIME= 0.3488980104 TOTAL ENERGY= 2.629417969e+51
TIME= 0.3488980104 CENTER OF MASS X-LOC = -308331.3509
TIME= 0.3488980104 CENTER OF MASS X-VEL = -189286.5875
TIME= 0.3488980104 CENTER OF MASS Y-LOC = -260319.7344
TIME= 0.3488980104 CENTER OF MASS Y-VEL = 125043.2315
TIME= 0.3488980104 CENTER OF MASS Z-LOC = -292580.2513
TIME= 0.3488980104 CENTER OF MASS Z-VEL = 97895.40576
TIME= 0.3488980104 MAXIMUM TEMPERATURE  = 0
TIME= 0.3488980104 MAXIMUM DENSITY      = 903132353.3

STEP = 85 TIME = 0.3488980104 DT = 0.009609049361


[STEP 85] Coarse TimeStep time: 2.951330016
[STEP 85] FAB kilobyte spread across MPI nodes: [105462 ... 105462]

PLOTFILE: file = plt_seed123ext00085
Write plotfile time = 0.039968838  seconds

...estimated hydro-limited timestep at level 0: 0.009612967374
...hydro-limited CFL timestep constrained at (i,j,k) = (32,33,32)
Castro::estTimeStep (hydro-limited) at level 0:  estdt = 0.009612967374

[Level 0 step 86] ADVANCE at time 0.3488980104 with dt = 0.009612967374

[1m[32m  Beginning subcycle 1 starting at time 0.3488980104 with dt = 0.009612967374[0m
  Estimated number of subcycles remaining: 1

... mhd ...!!! 

Castro::construct_old_gravity() time = 0.037099122 on level 0

Castro::do_old_sources() time = 0.036540465 on level 0

[1m[32m  Subcycle completed[0m

  Subcycling complete

  Zones advanced per microsecond at this level: 0.09714807147

[Level 0 step 86] Advanced 262144 cells
Castro::construct_new_gravity() time = 0.018307124 on level 0

Castro::do_new_sources() time = 0.045390681 on level 0


TIME= 0.3585109778 MASS        = 2.771192468e+33
TIME= 0.3585109778 XMOM        = -5.043213817e+38
TIME= 0.3585109778 YMOM        = 3.509305106e+38
TIME= 0.3585109778 ZMOM        = 2.841184812e+38
TIME= 0.3585109778 ANG MOM X   = 2.078646006e+45
TIME= 0.3585109778 ANG MOM Y   = -6.459249226e+45
TIME= 0.3585109778 ANG MOM Z   = -2.716540344e+45
TIME= 0.3585109778 RHO*e       = 2.612576625e+51
TIME= 0.3585109778 RHO*K       = 4.651377196e+47
TIME= 0.3585109778 RHO*E       = 2.6294331e+51
TIME= 0.3585109778 RHO*PHI     = 0
TIME= 0.3585109778 TOTAL ENERGY= 2.6294331e+51
TIME= 0.3585109778 CENTER OF MASS X-LOC = -310114.8697
TIME= 0.3585109778 CENTER OF MASS X-VEL = -181987.1364
TIME= 0.3585109778 CENTER OF MASS Y-LOC = -259379.0122
TIME= 0.3585109778 CENTER OF MASS Y-VEL = 126635.1993
TIME= 0.3585109778 CENTER OF MASS Z-LOC = -292041.3122
TIME= 0.3585109778 CENTER OF MASS Z-VEL = 102525.7121
TIME= 0.3585109778 MAXIMUM TEMPERATURE  = 0
TIME= 0.3585109778 MAXIMUM DENSITY      = 901237658.5

STEP = 86 TIME = 0.3585109778 DT = 0.009612967374


[STEP 86] Coarse TimeStep time: 2.727379234
[STEP 86] FAB kilobyte spread across MPI nodes: [105462 ... 105462]

...estimated hydro-limited timestep at level 0: 0.009615950466
...hydro-limited CFL timestep constrained at (i,j,k) = (32,33,32)
Castro::estTimeStep (hydro-limited) at level 0:  estdt = 0.009615950466

[Level 0 step 87] ADVANCE at time 0.3585109778 with dt = 0.009615950466

[1m[32m  Beginning subcycle 1 starting at time 0.3585109778 with dt = 0.009615950466[0m
  Estimated number of subcycles remaining: 1

... mhd ...!!! 

Castro::construct_old_gravity() time = 0.027598559 on level 0

Castro::do_old_sources() time = 0.047839926 on level 0

[1m[32m  Subcycle completed[0m

  Subcycling complete

  Zones advanced per microsecond at this level: 0.09425597025

[Level 0 step 87] Advanced 262144 cells
Castro::construct_new_gravity() time = 0.031764978 on level 0

Castro::do_new_sources() time = 0.052430349 on level 0


TIME= 0.3681269282 MASS        = 2.771318842e+33
TIME= 0.3681269282 XMOM        = -4.847814314e+38
TIME= 0.3681269282 YMOM        = 3.542393538e+38
TIME= 0.3681269282 ZMOM        = 2.937383927e+38
TIME= 0.3681269282 ANG MOM X   = 1.954468812e+45
TIME= 0.3681269282 ANG MOM Y   = -6.303625116e+45
TIME= 0.3681269282 ANG MOM Z   = -2.838332043e+45
TIME= 0.3681269282 RHO*e       = 2.612802393e+51
TIME= 0.3681269282 RHO*K       = 4.534789793e+47
TIME= 0.3681269282 RHO*E       = 2.629454111e+51
TIME= 0.3681269282 RHO*PHI     = 0
TIME= 0.3681269282 TOTAL ENERGY= 2.629454111e+51
TIME= 0.3681269282 CENTER OF MASS X-LOC = -311834.9282
TIME= 0.3681269282 CENTER OF MASS X-VEL = -174928.061
TIME= 0.3681269282 CENTER OF MASS Y-LOC = -258432.7454
TIME= 0.3681269282 CENTER OF MASS Y-VEL = 127823.3845
TIME= 0.3681269282 CENTER OF MASS Z-LOC = -291452.7367
TIME= 0.3681269282 CENTER OF MASS Z-VEL = 105992.2764
TIME= 0.3681269282 MAXIMUM TEMPERATURE  = 0
TIME= 0.3681269282 MAXIMUM DENSITY      = 899436894

STEP = 87 TIME = 0.3681269282 DT = 0.009615950466


[STEP 87] Coarse TimeStep time: 2.8086328
[STEP 87] FAB kilobyte spread across MPI nodes: [105462 ... 105462]

...estimated hydro-limited timestep at level 0: 0.009618748275
...hydro-limited CFL timestep constrained at (i,j,k) = (32,33,32)
Castro::estTimeStep (hydro-limited) at level 0:  estdt = 0.009618748275

[Level 0 step 88] ADVANCE at time 0.3681269282 with dt = 0.009618748275

[1m[32m  Beginning subcycle 1 starting at time 0.3681269282 with dt = 0.009618748275[0m
  Estimated number of subcycles remaining: 1

... mhd ...!!! 

Castro::construct_old_gravity() time = 0.027722643 on level 0

Castro::do_old_sources() time = 0.03401388 on level 0

[1m[32m  Subcycle completed[0m

  Subcycling complete

  Zones advanced per microsecond at this level: 0.09851326629

[Level 0 step 88] Advanced 262144 cells
Castro::construct_new_gravity() time = 0.021256257 on level 0

Castro::do_new_sources() time = 0.046217252 on level 0


TIME= 0.3777456765 MASS        = 2.771445345e+33
TIME= 0.3777456765 XMOM        = -4.659888016e+38
TIME= 0.3777456765 YMOM        = 3.564663909e+38
TIME= 0.3777456765 ZMOM        = 3.005014356e+38
TIME= 0.3777456765 ANG MOM X   = 1.835043244e+45
TIME= 0.3777456765 ANG MOM Y   = -6.144539112e+45
TIME= 0.3777456765 ANG MOM Z   = -2.955953207e+45
TIME= 0.3777456765 RHO*e       = 2.613024397e+51
TIME= 0.3777456765 RHO*K       = 4.426434325e+47
TIME= 0.3777456765 RHO*E       = 2.629480438e+51
TIME= 0.3777456765 RHO*PHI     = 0
TIME= 0.3777456765 TOTAL ENERGY= 2.629480438e+51
TIME= 0.3777456765 CENTER OF MASS X-LOC = -313494.3327
TIME= 0.3777456765 CENTER OF MASS X-VEL = -168139.2716
TIME= 0.3777456765 CENTER OF MASS Y-LOC = -257482.9805
TIME= 0.3777456765 CENTER OF MASS Y-VEL = 128621.1152
TIME= 0.3777456765 CENTER OF MASS Z-LOC = -290824.9603
TIME= 0.3777456765 CENTER OF MASS Z-VEL = 108427.6968
TIME= 0.3777456765 MAXIMUM TEMPERATURE  = 0
TIME= 0.3777456765 MAXIMUM DENSITY      = 897712033.1

STEP = 88 TIME = 0.3777456765 DT = 0.009618748275


[STEP 88] Coarse TimeStep time: 2.687926511
[STEP 88] FAB kilobyte spread across MPI nodes: [105462 ... 105462]

...estimated hydro-limited timestep at level 0: 0.00962166776
...hydro-limited CFL timestep constrained at (i,j,k) = (32,33,32)
Castro::estTimeStep (hydro-limited) at level 0:  estdt = 0.00962166776

[Level 0 step 89] ADVANCE at time 0.3777456765 with dt = 0.00962166776

[1m[32m  Beginning subcycle 1 starting at time 0.3777456765 with dt = 0.00962166776[0m
  Estimated number of subcycles remaining: 1

... mhd ...!!! 

Castro::construct_old_gravity() time = 0.028371584 on level 0

Castro::do_old_sources() time = 0.038319062 on level 0

[1m[32m  Subcycle completed[0m

  Subcycling complete

  Zones advanced per microsecond at this level: 0.09305412489

[Level 0 step 89] Advanced 262144 cells
Castro::construct_new_gravity() time = 0.019902635 on level 0

Castro::do_new_sources() time = 0.040896642 on level 0


TIME= 0.3873673443 MASS        = 2.771571974e+33
TIME= 0.3873673443 XMOM        = -4.479782139e+38
TIME= 0.3873673443 YMOM        = 3.576839905e+38
TIME= 0.3873673443 ZMOM        = 3.047669166e+38
TIME= 0.3873673443 ANG MOM X   = 1.724438238e+45
TIME= 0.3873673443 ANG MOM Y   = -5.996617759e+45
TIME= 0.3873673443 ANG MOM Z   = -3.061778896e+45
TIME= 0.3873673443 RHO*e       = 2.613241701e+51
TIME= 0.3873673443 RHO*K       = 4.325421148e+47
TIME= 0.3873673443 RHO*E       = 2.629511611e+51
TIME= 0.3873673443 RHO*PHI     = 0
TIME= 0.3873673443 TOTAL ENERGY= 2.629511611e+51
TIME= 0.3873673443 CENTER OF MASS X-LOC = -315094.4529
TIME= 0.3873673443 CENTER OF MASS X-VEL = -161633.2602
TIME= 0.3873673443 CENTER OF MASS Y-LOC = -256534.3771
TIME= 0.3873673443 CENTER OF MASS Y-VEL = 129054.556
TIME= 0.3873673443 CENTER OF MASS Z-LOC = -290164.7439
TIME= 0.3873673443 CENTER OF MASS Z-VEL = 109961.7544
TIME= 0.3873673443 MAXIMUM TEMPERATURE  = 0
TIME= 0.3873673443 MAXIMUM DENSITY      = 896036281.7

STEP = 89 TIME = 0.3873673443 DT = 0.00962166776


[STEP 89] Coarse TimeStep time: 2.844740582
[STEP 89] FAB kilobyte spread across MPI nodes: [105462 ... 105462]

...estimated hydro-limited timestep at level 0: 0.009624886641
...hydro-limited CFL timestep constrained at (i,j,k) = (32,33,32)
Castro::estTimeStep (hydro-limited) at level 0:  estdt = 0.009624886641

[Level 0 step 90] ADVANCE at time 0.3873673443 with dt = 0.009624886641

[1m[32m  Beginning subcycle 1 starting at time 0.3873673443 with dt = 0.009624886641[0m
  Estimated number of subcycles remaining: 1

... mhd ...!!! 

Castro::construct_old_gravity() time = 0.028277138 on level 0

Castro::do_old_sources() time = 0.033039418 on level 0

[1m[32m  Subcycle completed[0m

  Subcycling complete

  Zones advanced per microsecond at this level: 0.1034830814

[Level 0 step 90] Advanced 262144 cells
Castro::construct_new_gravity() time = 0.018990431 on level 0

Castro::do_new_sources() time = 0.040388145 on level 0


TIME= 0.3969922309 MASS        = 2.771698729e+33
TIME= 0.3969922309 XMOM        = -4.307498752e+38
TIME= 0.3969922309 YMOM        = 3.579884772e+38
TIME= 0.3969922309 ZMOM        = 3.068724476e+38
TIME= 0.3969922309 ANG MOM X   = 1.624297193e+45
TIME= 0.3969922309 ANG MOM Y   = -5.844416428e+45
TIME= 0.3969922309 ANG MOM Z   = -3.157237962e+45
TIME= 0.3969922309 RHO*e       = 2.613453675e+51
TIME= 0.3969922309 RHO*K       = 4.231336971e+47
TIME= 0.3969922309 RHO*E       = 2.629546058e+51
TIME= 0.3969922309 RHO*PHI     = 0
TIME= 0.3969922309 TOTAL ENERGY= 2.629546058e+51
TIME= 0.3969922309 CENTER OF MASS X-LOC = -316638.6232
TIME= 0.3969922309 CENTER OF MASS X-VEL = -155410.0634
TIME= 0.3969922309 CENTER OF MASS Y-LOC = -255589.7387
TIME= 0.3969922309 CENTER OF MASS Y-VEL = 129158.5097
TIME= 0.3969922309 CENTER OF MASS Z-LOC = -289479.1124
TIME= 0.3969922309 CENTER OF MASS Z-VEL = 110716.3792
TIME= 0.3969922309 MAXIMUM TEMPERATURE  = 0
TIME= 0.3969922309 MAXIMUM DENSITY      = 894405453.9

STEP = 90 TIME = 0.3969922309 DT = 0.009624886641


[STEP 90] Coarse TimeStep time: 2.559229563
[STEP 90] FAB kilobyte spread across MPI nodes: [105462 ... 105462]

PLOTFILE: file = plt_seed123ext00090
Write plotfile time = 0.033667999  seconds

...estimated hydro-limited timestep at level 0: 0.009628357344
...hydro-limited CFL timestep constrained at (i,j,k) = (32,33,32)
Castro::estTimeStep (hydro-limited) at level 0:  estdt = 0.009628357344

[Level 0 step 91] ADVANCE at time 0.3969922309 with dt = 0.009628357344

[1m[32m  Beginning subcycle 1 starting at time 0.3969922309 with dt = 0.009628357344[0m
  Estimated number of subcycles remaining: 1

... mhd ...!!! 

Castro::construct_old_gravity() time = 0.021875132 on level 0

Castro::do_old_sources() time = 0.031845184 on level 0

[1m[32m  Subcycle completed[0m

  Subcycling complete

  Zones advanced per microsecond at this level: 0.1012477209

[Level 0 step 91] Advanced 262144 cells
Castro::construct_new_gravity() time = 0.017430099 on level 0

Castro::do_new_sources() time = 0.047563222 on level 0


TIME= 0.4066205882 MASS        = 2.771825611e+33
TIME= 0.4066205882 XMOM        = -4.142797272e+38
TIME= 0.4066205882 YMOM        = 3.574848908e+38
TIME= 0.4066205882 ZMOM        = 3.071310708e+38
TIME= 0.4066205882 ANG MOM X   = 1.5188e+45
TIME= 0.4066205882 ANG MOM Y   = -5.695564914e+45
TIME= 0.4066205882 ANG MOM Z   = -3.231694678e+45
TIME= 0.4066205882 RHO*e       = 2.613661023e+51
TIME= 0.4066205882 RHO*K       = 4.143527306e+47
TIME= 0.4066205882 RHO*E       = 2.629583378e+51
TIME= 0.4066205882 RHO*PHI     = 0
TIME= 0.4066205882 TOTAL ENERGY= 2.629583378e+51
TIME= 0.4066205882 CENTER OF MASS X-LOC = -318129.8057
TIME= 0.4066205882 CENTER OF MASS X-VEL = -149460.9638
TIME= 0.4066205882 CENTER OF MASS Y-LOC = -254648.5325
TIME= 0.4066205882 CENTER OF MASS Y-VEL = 128970.917
TIME= 0.4066205882 CENTER OF MASS Z-LOC = -288774.8933
TIME= 0.4066205882 CENTER OF MASS Z-VEL = 110804.6154
TIME= 0.4066205882 MAXIMUM TEMPERATURE  = 0
TIME= 0.4066205882 MAXIMUM DENSITY      = 892798538.6

STEP = 91 TIME = 0.4066205882 DT = 0.009628357344


[STEP 91] Coarse TimeStep time: 2.616069238
[STEP 91] FAB kilobyte spread across MPI nodes: [105462 ... 105462]

...estimated hydro-limited timestep at level 0: 0.009631985186
...hydro-limited CFL timestep constrained at (i,j,k) = (32,33,32)
Castro::estTimeStep (hydro-limited) at level 0:  estdt = 0.009631985186

[Level 0 step 92] ADVANCE at time 0.4066205882 with dt = 0.009631985186

[1m[32m  Beginning subcycle 1 starting at time 0.4066205882 with dt = 0.009631985186[0m
  Estimated number of subcycles remaining: 1

... mhd ...!!! 

Castro::construct_old_gravity() time = 0.03251368 on level 0

Castro::do_old_sources() time = 0.046016744 on level 0

[1m[32m  Subcycle completed[0m

  Subcycling complete

  Zones advanced per microsecond at this level: 0.1021841049

[Level 0 step 92] Advanced 262144 cells
Castro::construct_new_gravity() time = 0.021202118 on level 0

Castro::do_new_sources() time = 0.046084023 on level 0


TIME= 0.4162525734 MASS        = 2.771952617e+33
TIME= 0.4162525734 XMOM        = -3.985308711e+38
TIME= 0.4162525734 YMOM        = 3.562839521e+38
TIME= 0.4162525734 ZMOM        = 3.058309825e+38
TIME= 0.4162525734 ANG MOM X   = 1.421353391e+45
TIME= 0.4162525734 ANG MOM Y   = -5.554661732e+45
TIME= 0.4162525734 ANG MOM Z   = -3.286726925e+45
TIME= 0.4162525734 RHO*e       = 2.613863595e+51
TIME= 0.4162525734 RHO*K       = 4.061328312e+47
TIME= 0.4162525734 RHO*E       = 2.629622933e+51
TIME= 0.4162525734 RHO*PHI     = 0
TIME= 0.4162525734 TOTAL ENERGY= 2.629622933e+51
TIME= 0.4162525734 CENTER OF MASS X-LOC = -319570.1555
TIME= 0.4162525734 CENTER OF MASS X-VEL = -143772.6131
TIME= 0.4162525734 CENTER OF MASS Y-LOC = -253713.2259
TIME= 0.4162525734 CENTER OF MASS Y-VEL = 128531.7613
TIME= 0.4162525734 CENTER OF MASS Z-LOC = -288058.69
TIME= 0.4162525734 CENTER OF MASS Z-VEL = 110330.5232
TIME= 0.4162525734 MAXIMUM TEMPERATURE  = 0
TIME= 0.4162525734 MAXIMUM DENSITY      = 891202508.2

STEP = 92 TIME = 0.4162525734 DT = 0.009631985186


[STEP 92] Coarse TimeStep time: 2.593039819
[STEP 92] FAB kilobyte spread across MPI nodes: [105462 ... 105462]

...estimated hydro-limited timestep at level 0: 0.00963581055
...hydro-limited CFL timestep constrained at (i,j,k) = (32,33,32)
Castro::estTimeStep (hydro-limited) at level 0:  estdt = 0.00963581055

[Level 0 step 93] ADVANCE at time 0.4162525734 with dt = 0.00963581055

[1m[32m  Beginning subcycle 1 starting at time 0.4162525734 with dt = 0.00963581055[0m
  Estimated number of subcycles remaining: 1

... mhd ...!!! 

Castro::construct_old_gravity() time = 0.024068352 on level 0

Castro::do_old_sources() time = 0.038746667 on level 0

[1m[32m  Subcycle completed[0m

  Subcycling complete

  Zones advanced per microsecond at this level: 0.1032185407

[Level 0 step 93] Advanced 262144 cells
Castro::construct_new_gravity() time = 0.017719342 on level 0

Castro::do_new_sources() time = 0.041953173 on level 0


TIME= 0.425888384 MASS        = 2.772079748e+33
TIME= 0.425888384 XMOM        = -3.834600137e+38
TIME= 0.425888384 YMOM        = 3.544983243e+38
TIME= 0.425888384 ZMOM        = 3.032384905e+38
TIME= 0.425888384 ANG MOM X   = 1.319190048e+45
TIME= 0.425888384 ANG MOM Y   = -5.433121517e+45
TIME= 0.425888384 ANG MOM Z   = -3.33649906e+45
TIME= 0.425888384 RHO*e       = 2.614061703e+51
TIME= 0.425888384 RHO*K       = 3.984330897e+47
TIME= 0.425888384 RHO*E       = 2.629664997e+51
TIME= 0.425888384 RHO*PHI     = 0
TIME= 0.425888384 TOTAL ENERGY= 2.629664997e+51
TIME= 0.425888384 CENTER OF MASS X-LOC = -320964.3979
TIME= 0.425888384 CENTER OF MASS X-VEL = -138329.3587
TIME= 0.425888384 CENTER OF MASS Y-LOC = -252785.177
TIME= 0.425888384 CENTER OF MASS Y-VEL = 127881.7193
TIME= 0.425888384 CENTER OF MASS Z-LOC = -287337.6567
TIME= 0.425888384 CENTER OF MASS Z-VEL = 109390.2478
TIME= 0.425888384 MAXIMUM TEMPERATURE  = 0
TIME= 0.425888384 MAXIMUM DENSITY      = 889606872.2

STEP = 93 TIME = 0.425888384 DT = 0.00963581055


[STEP 93] Coarse TimeStep time: 2.57456149
[STEP 93] FAB kilobyte spread across MPI nodes: [105462 ... 105462]

...estimated hydro-limited timestep at level 0: 0.00963993942
...hydro-limited CFL timestep constrained at (i,j,k) = (32,33,32)
Castro::estTimeStep (hydro-limited) at level 0:  estdt = 0.00963993942

[Level 0 step 94] ADVANCE at time 0.425888384 with dt = 0.00963993942

[1m[32m  Beginning subcycle 1 starting at time 0.425888384 with dt = 0.00963993942[0m
  Estimated number of subcycles remaining: 1

... mhd ...!!! 

Castro::construct_old_gravity() time = 0.031273973 on level 0

Castro::do_old_sources() time = 0.058728421 on level 0

[1m[32m  Subcycle completed[0m

  Subcycling complete

  Zones advanced per microsecond at this level: 0.08834587356

[Level 0 step 94] Advanced 262144 cells
Castro::construct_new_gravity() time = 0.025386682 on level 0

Castro::do_new_sources() time = 0.042912319 on level 0


TIME= 0.4355283234 MASS        = 2.772207006e+33
TIME= 0.4355283234 XMOM        = -3.690233002e+38
TIME= 0.4355283234 YMOM        = 3.522292284e+38
TIME= 0.4355283234 ZMOM        = 2.995947776e+38
TIME= 0.4355283234 ANG MOM X   = 1.212975206e+45
TIME= 0.4355283234 ANG MOM Y   = -5.317868146e+45
TIME= 0.4355283234 ANG MOM Z   = -3.38187547e+45
TIME= 0.4355283234 RHO*e       = 2.614256315e+51
TIME= 0.4355283234 RHO*K       = 3.912264187e+47
TIME= 0.4355283234 RHO*E       = 2.629710051e+51
TIME= 0.4355283234 RHO*PHI     = 0
TIME= 0.4355283234 TOTAL ENERGY= 2.629710051e+51
TIME= 0.4355283234 CENTER OF MASS X-LOC = -322314.1755
TIME= 0.4355283234 CENTER OF MASS X-VEL = -133115.3479
TIME= 0.4355283234 CENTER OF MASS Y-LOC = -251864.4757
TIME= 0.4355283234 CENTER OF MASS Y-VEL = 127057.3329
TIME= 0.4355283234 CENTER OF MASS Z-LOC = -286615.3102
TIME= 0.4355283234 CENTER OF MASS Z-VEL = 108070.8536
TIME= 0.4355283234 MAXIMUM TEMPERATURE  = 0
TIME= 0.4355283234 MAXIMUM DENSITY      = 888012249.6

STEP = 94 TIME = 0.4355283234 DT = 0.00963993942


[STEP 94] Coarse TimeStep time: 2.993188699
[STEP 94] FAB kilobyte spread across MPI nodes: [105462 ... 105462]

...estimated hydro-limited timestep at level 0: 0.00964437691
...hydro-limited CFL timestep constrained at (i,j,k) = (32,33,32)
Castro::estTimeStep (hydro-limited) at level 0:  estdt = 0.00964437691

[Level 0 step 95] ADVANCE at time 0.4355283234 with dt = 0.00964437691

[1m[32m  Beginning subcycle 1 starting at time 0.4355283234 with dt = 0.00964437691[0m
  Estimated number of subcycles remaining: 1

... mhd ...!!! 

Castro::construct_old_gravity() time = 0.022112619 on level 0

Castro::do_old_sources() time = 0.043688141 on level 0

[1m[32m  Subcycle completed[0m

  Subcycling complete

  Zones advanced per microsecond at this level: 0.09763469319

[Level 0 step 95] Advanced 262144 cells
Castro::construct_new_gravity() time = 0.026531894 on level 0

Castro::do_new_sources() time = 0.059192554 on level 0


TIME= 0.4451727003 MASS        = 2.772334394e+33
TIME= 0.4451727003 XMOM        = -3.551783777e+38
TIME= 0.4451727003 YMOM        = 3.495616345e+38
TIME= 0.4451727003 ZMOM        = 2.951143718e+38
TIME= 0.4451727003 ANG MOM X   = 1.12974373e+45
TIME= 0.4451727003 ANG MOM Y   = -5.225746271e+45
TIME= 0.4451727003 ANG MOM Z   = -3.418993195e+45
TIME= 0.4451727003 RHO*e       = 2.614447498e+51
TIME= 0.4451727003 RHO*K       = 3.844605008e+47
TIME= 0.4451727003 RHO*E       = 2.629757554e+51
TIME= 0.4451727003 RHO*PHI     = 0
TIME= 0.4451727003 TOTAL ENERGY= 2.629757554e+51
TIME= 0.4451727003 CENTER OF MASS X-LOC = -323620.7977
TIME= 0.4451727003 CENTER OF MASS X-VEL = -128115.273
TIME= 0.4451727003 CENTER OF MASS Y-LOC = -250952.5053
TIME= 0.4451727003 CENTER OF MASS Y-VEL = 126089.2752
TIME= 0.4451727003 CENTER OF MASS Z-LOC = -285894.1472
TIME= 0.4451727003 CENTER OF MASS Z-VEL = 106449.7748
TIME= 0.4451727003 MAXIMUM TEMPERATURE  = 0
TIME= 0.4451727003 MAXIMUM DENSITY      = 886416707.2

STEP = 95 TIME = 0.4451727003 DT = 0.00964437691


[STEP 95] Coarse TimeStep time: 2.715688184
[STEP 95] FAB kilobyte spread across MPI nodes: [105462 ... 105462]

PLOTFILE: file = plt_seed123ext00095
Write plotfile time = 0.038610367  seconds

...estimated hydro-limited timestep at level 0: 0.009649076813
...hydro-limited CFL timestep constrained at (i,j,k) = (32,33,32)
Castro::estTimeStep (hydro-limited) at level 0:  estdt = 0.009649076813

[Level 0 step 96] ADVANCE at time 0.4451727003 with dt = 0.009649076813

[1m[32m  Beginning subcycle 1 starting at time 0.4451727003 with dt = 0.009649076813[0m
  Estimated number of subcycles remaining: 1

... mhd ...!!! 

Castro::construct_old_gravity() time = 0.028807237 on level 0

Castro::do_old_sources() time = 0.034232796 on level 0

[1m[32m  Subcycle completed[0m

  Subcycling complete

  Zones advanced per microsecond at this level: 0.1065282524

[Level 0 step 96] Advanced 262144 cells
Castro::construct_new_gravity() time = 0.016850208 on level 0

Castro::do_new_sources() time = 0.041675025 on level 0


TIME= 0.4548217771 MASS        = 2.772461913e+33
TIME= 0.4548217771 XMOM        = -3.418861092e+38
TIME= 0.4548217771 YMOM        = 3.465713608e+38
TIME= 0.4548217771 ZMOM        = 2.899880061e+38
TIME= 0.4548217771 ANG MOM X   = 1.0598512e+45
TIME= 0.4548217771 ANG MOM Y   = -5.1539482e+45
TIME= 0.4548217771 ANG MOM Z   = -3.45488931e+45
TIME= 0.4548217771 RHO*e       = 2.614635046e+51
TIME= 0.4548217771 RHO*K       = 3.780910652e+47
TIME= 0.4548217771 RHO*E       = 2.629807387e+51
TIME= 0.4548217771 RHO*PHI     = 0
TIME= 0.4548217771 TOTAL ENERGY= 2.629807387e+51
TIME= 0.4548217771 CENTER OF MASS X-LOC = -324885.2332
TIME= 0.4548217771 CENTER OF MASS X-VEL = -123314.9886
TIME= 0.4548217771 CENTER OF MASS Y-LOC = -250052.4481
TIME= 0.4548217771 CENTER OF MASS Y-VEL = 125004.9132
TIME= 0.4548217771 CENTER OF MASS Z-LOC = -285179.7203
TIME= 0.4548217771 CENTER OF MASS Z-VEL = 104595.8485
TIME= 0.4548217771 MAXIMUM TEMPERATURE  = 0
TIME= 0.4548217771 MAXIMUM DENSITY      = 884823821.4

STEP = 96 TIME = 0.4548217771 DT = 0.009649076813


[STEP 96] Coarse TimeStep time: 2.490034449
[STEP 96] FAB kilobyte spread across MPI nodes: [105462 ... 105462]

...estimated hydro-limited timestep at level 0: 0.009650842686
...hydro-limited CFL timestep constrained at (i,j,k) = (31,32,31)
Castro::estTimeStep (hydro-limited) at level 0:  estdt = 0.009650842686

[Level 0 step 97] ADVANCE at time 0.4548217771 with dt = 0.009650842686

[1m[32m  Beginning subcycle 1 starting at time 0.4548217771 with dt = 0.009650842686[0m
  Estimated number of subcycles remaining: 1

... mhd ...!!! 

Castro::construct_old_gravity() time = 0.021093251 on level 0

Castro::do_old_sources() time = 0.035987535 on level 0

[1m[32m  Subcycle completed[0m

  Subcycling complete

  Zones advanced per microsecond at this level: 0.1015586369

[Level 0 step 97] Advanced 262144 cells
Castro::construct_new_gravity() time = 0.022719792 on level 0

Castro::do_new_sources() time = 0.053443456 on level 0


TIME= 0.4644726198 MASS        = 2.772589523e+33
TIME= 0.4644726198 XMOM        = -3.29114737e+38
TIME= 0.4644726198 YMOM        = 3.433222743e+38
TIME= 0.4644726198 ZMOM        = 2.843806618e+38
TIME= 0.4644726198 ANG MOM X   = 9.910665567e+44
TIME= 0.4644726198 ANG MOM Y   = -5.085362117e+45
TIME= 0.4644726198 ANG MOM Z   = -3.49165736e+45
TIME= 0.4644726198 RHO*e       = 2.614817921e+51
TIME= 0.4644726198 RHO*K       = 3.720976039e+47
TIME= 0.4644726198 RHO*E       = 2.629858357e+51
TIME= 0.4644726198 RHO*PHI     = 0
TIME= 0.4644726198 TOTAL ENERGY= 2.629858357e+51
TIME= 0.4644726198 CENTER OF MASS X-LOC = -326109.1404
TIME= 0.4644726198 CENTER OF MASS X-VEL = -118703.0155
TIME= 0.4644726198 CENTER OF MASS Y-LOC = -249165.0813
TIME= 0.4644726198 CENTER OF MASS Y-VEL = 123827.2999
TIME= 0.4644726198 CENTER OF MASS Z-LOC = -284473.7305
TIME= 0.4644726198 CENTER OF MASS Z-VEL = 102568.613
TIME= 0.4644726198 MAXIMUM TEMPERATURE  = 0
TIME= 0.4644726198 MAXIMUM DENSITY      = 883241972.1

STEP = 97 TIME = 0.4644726198 DT = 0.009650842686


[STEP 97] Coarse TimeStep time: 2.612817115
[STEP 97] FAB kilobyte spread across MPI nodes: [105462 ... 105462]

...estimated hydro-limited timestep at level 0: 0.009650252446
...hydro-limited CFL timestep constrained at (i,j,k) = (31,32,31)
Castro::estTimeStep (hydro-limited) at level 0:  estdt = 0.009650252446

[Level 0 step 98] ADVANCE at time 0.4644726198 with dt = 0.009650252446

[1m[32m  Beginning subcycle 1 starting at time 0.4644726198 with dt = 0.009650252446[0m
  Estimated number of subcycles remaining: 1

... mhd ...!!! 

Castro::construct_old_gravity() time = 0.028566671 on level 0

Castro::do_old_sources() time = 0.042233068 on level 0

[1m[32m  Subcycle completed[0m

  Subcycling complete

  Zones advanced per microsecond at this level: 0.1021228452

[Level 0 step 98] Advanced 262144 cells
Castro::construct_new_gravity() time = 0.018626904 on level 0

Castro::do_new_sources() time = 0.047447247 on level 0


TIME= 0.4741228722 MASS        = 2.772717191e+33
TIME= 0.4741228722 XMOM        = -3.168325565e+38
TIME= 0.4741228722 YMOM        = 3.398631412e+38
TIME= 0.4741228722 ZMOM        = 2.78426601e+38
TIME= 0.4741228722 ANG MOM X   = 9.353490207e+44
TIME= 0.4741228722 ANG MOM Y   = -5.04077862e+45
TIME= 0.4741228722 ANG MOM Z   = -3.541615875e+45
TIME= 0.4741228722 RHO*e       = 2.614996821e+51
TIME= 0.4741228722 RHO*K       = 3.664455029e+47
TIME= 0.4741228722 RHO*E       = 2.629910674e+51
TIME= 0.4741228722 RHO*PHI     = 0
TIME= 0.4741228722 TOTAL ENERGY= 2.629910674e+51
TIME= 0.4741228722 CENTER OF MASS X-LOC = -327293.5973
TIME= 0.4741228722 CENTER OF MASS X-VEL = -114267.8949
TIME= 0.4741228722 CENTER OF MASS Y-LOC = -248291.8522
TIME= 0.4741228722 CENTER OF MASS Y-VEL = 122574.0376
TIME= 0.4741228722 CENTER OF MASS Z-LOC = -283778.1406
TIME= 0.4741228722 CENTER OF MASS Z-VEL = 100416.5163
TIME= 0.4741228722 MAXIMUM TEMPERATURE  = 0
TIME= 0.4741228722 MAXIMUM DENSITY      = 881687854.5

STEP = 98 TIME = 0.4741228722 DT = 0.009650252446


[STEP 98] Coarse TimeStep time: 2.597619796
[STEP 98] FAB kilobyte spread across MPI nodes: [105462 ... 105462]

...estimated hydro-limited timestep at level 0: 0.009650098328
...hydro-limited CFL timestep constrained at (i,j,k) = (31,32,31)
Castro::estTimeStep (hydro-limited) at level 0:  estdt = 0.009650098328

[Level 0 step 99] ADVANCE at time 0.4741228722 with dt = 0.009650098328

[1m[32m  Beginning subcycle 1 starting at time 0.4741228722 with dt = 0.009650098328[0m
  Estimated number of subcycles remaining: 1

... mhd ...!!! 

Castro::construct_old_gravity() time = 0.025866857 on level 0

Castro::do_old_sources() time = 0.037507638 on level 0

[1m[32m  Subcycle completed[0m

  Subcycling complete

  Zones advanced per microsecond at this level: 0.1022336499

[Level 0 step 99] Advanced 262144 cells
Castro::construct_new_gravity() time = 0.021018973 on level 0

Castro::do_new_sources() time = 0.042699213 on level 0


TIME= 0.4837729706 MASS        = 2.772844923e+33
TIME= 0.4837729706 XMOM        = -3.050069045e+38
TIME= 0.4837729706 YMOM        = 3.362287097e+38
TIME= 0.4837729706 ZMOM        = 2.722305896e+38
TIME= 0.4837729706 ANG MOM X   = 8.852409991e+44
TIME= 0.4837729706 ANG MOM Y   = -5.007985737e+45
TIME= 0.4837729706 ANG MOM Z   = -3.604248672e+45
TIME= 0.4837729706 RHO*e       = 2.615173362e+51
TIME= 0.4837729706 RHO*K       = 3.611145863e+47
TIME= 0.4837729706 RHO*E       = 2.62996505e+51
TIME= 0.4837729706 RHO*PHI     = 0
TIME= 0.4837729706 TOTAL ENERGY= 2.62996505e+51
TIME= 0.4837729706 CENTER OF MASS X-LOC = -328439.9592
TIME= 0.4837729706 CENTER OF MASS X-VEL = -109997.8228
TIME= 0.4837729706 CENTER OF MASS Y-LOC = -247433.1003
TIME= 0.4837729706 CENTER OF MASS Y-VEL = 121257.6682
TIME= 0.4837729706 CENTER OF MASS Z-LOC = -283094.2019
TIME= 0.4837729706 CENTER OF MASS Z-VEL = 98177.35831
TIME= 0.4837729706 MAXIMUM TEMPERATURE  = 0
TIME= 0.4837729706 MAXIMUM DENSITY      = 880210704.6

STEP = 99 TIME = 0.4837729706 DT = 0.009650098328


[STEP 99] Coarse TimeStep time: 2.591335406
[STEP 99] FAB kilobyte spread across MPI nodes: [105462 ... 105462]

...estimated hydro-limited timestep at level 0: 0.009649917219
...hydro-limited CFL timestep constrained at (i,j,k) = (31,32,31)
Castro::estTimeStep (hydro-limited) at level 0:  estdt = 0.009649917219

[Level 0 step 100] ADVANCE at time 0.4837729706 with dt = 0.009649917219

[1m[32m  Beginning subcycle 1 starting at time 0.4837729706 with dt = 0.009649917219[0m
  Estimated number of subcycles remaining: 1

... mhd ...!!! 

Castro::construct_old_gravity() time = 0.022184793 on level 0

Castro::do_old_sources() time = 0.030846493 on level 0

[1m[32m  Subcycle completed[0m

  Subcycling complete

  Zones advanced per microsecond at this level: 0.1025009651

[Level 0 step 100] Advanced 262144 cells
Castro::construct_new_gravity() time = 0.018994225 on level 0

Castro::do_new_sources() time = 0.042676224 on level 0


TIME= 0.4934228878 MASS        = 2.772972717e+33
TIME= 0.4934228878 XMOM        = -2.936106904e+38
TIME= 0.4934228878 YMOM        = 3.324441567e+38
TIME= 0.4934228878 ZMOM        = 2.658715044e+38
TIME= 0.4934228878 ANG MOM X   = 8.382853902e+44
TIME= 0.4934228878 ANG MOM Y   = -4.983454347e+45
TIME= 0.4934228878 ANG MOM Z   = -3.675131321e+45
TIME= 0.4934228878 RHO*e       = 2.615347505e+51
TIME= 0.4934228878 RHO*K       = 3.560589905e+47
TIME= 0.4934228878 RHO*E       = 2.630020585e+51
TIME= 0.4934228878 RHO*PHI     = 0
TIME= 0.4934228878 TOTAL ENERGY= 2.630020585e+51
TIME= 0.4934228878 CENTER OF MASS X-LOC = -329549.3418
TIME= 0.4934228878 CENTER OF MASS X-VEL = -105883.0073
TIME= 0.4934228878 CENTER OF MASS Y-LOC = -246588.5486
TIME= 0.4934228878 CENTER OF MASS Y-VEL = 119887.28
TIME= 0.4934228878 CENTER OF MASS Z-LOC = -282422.4603
TIME= 0.4934228878 CENTER OF MASS Z-VEL = 95879.59621
TIME= 0.4934228878 MAXIMUM TEMPERATURE  = 0
TIME= 0.4934228878 MAXIMUM DENSITY      = 878790874

STEP = 100 TIME = 0.4934228878 DT = 0.009649917219


[STEP 100] Coarse TimeStep time: 2.584853571
[STEP 100] FAB kilobyte spread across MPI nodes: [105462 ... 105462]

CHECKPOINT: file = chk_seed123ext00100
checkPoint() time = 0.018199442 secs.
PLOTFILE: file = plt_seed123ext00100
Write plotfile time = 0.036801722  seconds

...estimated hydro-limited timestep at level 0: 0.009650195135
...hydro-limited CFL timestep constrained at (i,j,k) = (31,32,31)
Castro::estTimeStep (hydro-limited) at level 0:  estdt = 0.009650195135

[Level 0 step 101] ADVANCE at time 0.4934228878 with dt = 0.009650195135

[1m[32m  Beginning subcycle 1 starting at time 0.4934228878 with dt = 0.009650195135[0m
  Estimated number of subcycles remaining: 1

... mhd ...!!! 

Castro::construct_old_gravity() time = 0.028609839 on level 0

Castro::do_old_sources() time = 0.0485429 on level 0

[1m[32m  Subcycle completed[0m

  Subcycling complete

  Zones advanced per microsecond at this level: 0.09984884615

[Level 0 step 101] Advanced 262144 cells
Castro::construct_new_gravity() time = 0.017165359 on level 0

Castro::do_new_sources() time = 0.040235795 on level 0


TIME= 0.5030730829 MASS        = 2.773100579e+33
TIME= 0.5030730829 XMOM        = -2.826215268e+38
TIME= 0.5030730829 YMOM        = 3.28528917e+38
TIME= 0.5030730829 ZMOM        = 2.594107381e+38
TIME= 0.5030730829 ANG MOM X   = 7.786978588e+44
TIME= 0.5030730829 ANG MOM Y   = -4.960818569e+45
TIME= 0.5030730829 ANG MOM Z   = -3.750846546e+45
TIME= 0.5030730829 RHO*e       = 2.6155191e+51
TIME= 0.5030730829 RHO*K       = 3.512609428e+47
TIME= 0.5030730829 RHO*E       = 2.630077766e+51
TIME= 0.5030730829 RHO*PHI     = 0
TIME= 0.5030730829 TOTAL ENERGY= 2.630077766e+51
TIME= 0.5030730829 CENTER OF MASS X-LOC = -330623.1039
TIME= 0.5030730829 CENTER OF MASS X-VEL = -101915.3539
TIME= 0.5030730829 CENTER OF MASS Y-LOC = -245758.44
TIME= 0.5030730829 CENTER OF MASS Y-VEL = 118469.8887
TIME= 0.5030730829 CENTER OF MASS Z-LOC = -281765.6101
TIME= 0.5030730829 CENTER OF MASS Z-VEL = 93545.37662
TIME= 0.5030730829 MAXIMUM TEMPERATURE  = 0
TIME= 0.5030730829 MAXIMUM DENSITY      = 877427822.2

STEP = 101 TIME = 0.5030730829 DT = 0.009650195135


[STEP 101] Coarse TimeStep time: 2.652185478
[STEP 101] FAB kilobyte spread across MPI nodes: [105462 ... 105462]

...estimated hydro-limited timestep at level 0: 0.009649747572
...hydro-limited CFL timestep constrained at (i,j,k) = (31,32,31)
Castro::estTimeStep (hydro-limited) at level 0:  estdt = 0.009649747572

[Level 0 step 102] ADVANCE at time 0.5030730829 with dt = 0.009649747572

[1m[32m  Beginning subcycle 1 starting at time 0.5030730829 with dt = 0.009649747572[0m
  Estimated number of subcycles remaining: 1

... mhd ...!!! 

Castro::construct_old_gravity() time = 0.025692185 on level 0

Castro::do_old_sources() time = 0.039672475 on level 0

[1m[32m  Subcycle completed[0m

  Subcycling complete

  Zones advanced per microsecond at this level: 0.1019458864

[Level 0 step 102] Advanced 262144 cells
Castro::construct_new_gravity() time = 0.018064532 on level 0

Castro::do_new_sources() time = 0.045457025 on level 0


TIME= 0.5127228305 MASS        = 2.773228498e+33
TIME= 0.5127228305 XMOM        = -2.720196306e+38
TIME= 0.5127228305 YMOM        = 3.244970497e+38
TIME= 0.5127228305 ZMOM        = 2.528994409e+38
TIME= 0.5127228305 ANG MOM X   = 7.182739708e+44
TIME= 0.5127228305 ANG MOM Y   = -4.941881829e+45
TIME= 0.5127228305 ANG MOM Z   = -3.823373024e+45
TIME= 0.5127228305 RHO*e       = 2.615688291e+51
TIME= 0.5127228305 RHO*K       = 3.467209968e+47
TIME= 0.5127228305 RHO*E       = 2.630136114e+51
TIME= 0.5127228305 RHO*PHI     = 0
TIME= 0.5127228305 TOTAL ENERGY= 2.630136114e+51
TIME= 0.5127228305 CENTER OF MASS X-LOC = -331663.5315
TIME= 0.5127228305 CENTER OF MASS X-VEL = -98087.70926
TIME= 0.5127228305 CENTER OF MASS Y-LOC = -244942.8761
TIME= 0.5127228305 CENTER OF MASS Y-VEL = 117010.5709
TIME= 0.5127228305 CENTER OF MASS Z-LOC = -281125.3964
TIME= 0.5127228305 CENTER OF MASS Z-VEL = 91193.14947
TIME= 0.5127228305 MAXIMUM TEMPERATURE  = 0
TIME= 0.5127228305 MAXIMUM DENSITY      = 876108092.8

STEP = 102 TIME = 0.5127228305 DT = 0.009649747572


[STEP 102] Coarse TimeStep time: 2.599249247
[STEP 102] FAB kilobyte spread across MPI nodes: [105462 ... 105462]

...estimated hydro-limited timestep at level 0: 0.009649661148
...hydro-limited CFL timestep constrained at (i,j,k) = (31,32,31)
Castro::estTimeStep (hydro-limited) at level 0:  estdt = 0.009649661148

[Level 0 step 103] ADVANCE at time 0.5127228305 with dt = 0.009649661148

[1m[32m  Beginning subcycle 1 starting at time 0.5127228305 with dt = 0.009649661148[0m
  Estimated number of subcycles remaining: 1

... mhd ...!!! 

Castro::construct_old_gravity() time = 0.050062096 on level 0

Castro::do_old_sources() time = 0.064191915 on level 0

[1m[32m  Subcycle completed[0m

  Subcycling complete

  Zones advanced per microsecond at this level: 0.09845639753

[Level 0 step 103] Advanced 262144 cells
Castro::construct_new_gravity() time = 0.021475803 on level 0

Castro::do_new_sources() time = 0.049203587 on level 0


TIME= 0.5223724917 MASS        = 2.773356478e+33
TIME= 0.5223724917 XMOM        = -2.617827472e+38
TIME= 0.5223724917 YMOM        = 3.203571397e+38
TIME= 0.5223724917 ZMOM        = 2.463767607e+38
TIME= 0.5223724917 ANG MOM X   = 6.520027334e+44
TIME= 0.5223724917 ANG MOM Y   = -4.926477999e+45
TIME= 0.5223724917 ANG MOM Z   = -3.885510411e+45
TIME= 0.5223724917 RHO*e       = 2.61585506e+51
TIME= 0.5223724917 RHO*K       = 3.424184279e+47
TIME= 0.5223724917 RHO*E       = 2.630195953e+51
TIME= 0.5223724917 RHO*PHI     = 0
TIME= 0.5223724917 TOTAL ENERGY= 2.630195953e+51
TIME= 0.5223724917 CENTER OF MASS X-LOC = -332671.3371
TIME= 0.5223724917 CENTER OF MASS X-VEL = -94392.02978
TIME= 0.5223724917 CENTER OF MASS Y-LOC = -244142.4452
TIME= 0.5223724917 CENTER OF MASS Y-VEL = 115512.4277
TIME= 0.5223724917 CENTER OF MASS Z-LOC = -280501.9822
TIME= 0.5223724917 CENTER OF MASS Z-VEL = 88837.03291
TIME= 0.5223724917 MAXIMUM TEMPERATURE  = 0
TIME= 0.5223724917 MAXIMUM DENSITY      = 874812055.4

STEP = 103 TIME = 0.5223724917 DT = 0.009649661148


[STEP 103] Coarse TimeStep time: 2.69035927
[STEP 103] FAB kilobyte spread across MPI nodes: [105462 ... 105462]

...estimated hydro-limited timestep at level 0: 0.009649657567
...hydro-limited CFL timestep constrained at (i,j,k) = (31,32,31)
Castro::estTimeStep (hydro-limited) at level 0:  estdt = 0.009649657567

[Level 0 step 104] ADVANCE at time 0.5223724917 with dt = 0.009649657567

[1m[32m  Beginning subcycle 1 starting at time 0.5223724917 with dt = 0.009649657567[0m
  Estimated number of subcycles remaining: 1

... mhd ...!!! 

Castro::construct_old_gravity() time = 0.027786192 on level 0

Castro::do_old_sources() time = 0.041062598 on level 0

[1m[32m  Subcycle completed[0m

  Subcycling complete

  Zones advanced per microsecond at this level: 0.09910935898

[Level 0 step 104] Advanced 262144 cells
Castro::construct_new_gravity() time = 0.018997869 on level 0

Castro::do_new_sources() time = 0.043819246 on level 0


TIME= 0.5320221492 MASS        = 2.773484519e+33
TIME= 0.5320221492 XMOM        = -2.518866639e+38
TIME= 0.5320221492 YMOM        = 3.161143329e+38
TIME= 0.5320221492 ZMOM        = 2.3987686e+38
TIME= 0.5320221492 ANG MOM X   = 5.844049742e+44
TIME= 0.5320221492 ANG MOM Y   = -4.916126569e+45
TIME= 0.5320221492 ANG MOM Z   = -3.941502882e+45
TIME= 0.5320221492 RHO*e       = 2.616019482e+51
TIME= 0.5320221492 RHO*K       = 3.383446832e+47
TIME= 0.5320221492 RHO*E       = 2.630256948e+51
TIME= 0.5320221492 RHO*PHI     = 0
TIME= 0.5320221492 TOTAL ENERGY= 2.630256948e+51
TIME= 0.5320221492 CENTER OF MASS X-LOC = -333648.7862
TIME= 0.5320221492 CENTER OF MASS X-VEL = -90819.56729
TIME= 0.5320221492 CENTER OF MASS Y-LOC = -243357.7675
TIME= 0.5320221492 CENTER OF MASS Y-VEL = 113977.3201
TIME= 0.5320221492 CENTER OF MASS Z-LOC = -279898.3514
TIME= 0.5320221492 CENTER OF MASS Z-VEL = 86489.34519
TIME= 0.5320221492 MAXIMUM TEMPERATURE  = 0
TIME= 0.5320221492 MAXIMUM DENSITY      = 873537096.3

STEP = 104 TIME = 0.5320221492 DT = 0.009649657567


[STEP 104] Coarse TimeStep time: 2.672141882
[STEP 104] FAB kilobyte spread across MPI nodes: [105462 ... 105462]

...estimated hydro-limited timestep at level 0: 0.009649463159
...hydro-limited CFL timestep constrained at (i,j,k) = (31,32,31)
Castro::estTimeStep (hydro-limited) at level 0:  estdt = 0.009649463159

[Level 0 step 105] ADVANCE at time 0.5320221492 with dt = 0.009649463159

[1m[32m  Beginning subcycle 1 starting at time 0.5320221492 with dt = 0.009649463159[0m
  Estimated number of subcycles remaining: 1

... mhd ...!!! 

Castro::construct_old_gravity() time = 0.028375031 on level 0

Castro::do_old_sources() time = 0.036317589 on level 0

[1m[32m  Subcycle completed[0m

  Subcycling complete

  Zones advanced per microsecond at this level: 0.1005799878

[Level 0 step 105] Advanced 262144 cells
Castro::construct_new_gravity() time = 0.018244129 on level 0

Castro::do_new_sources() time = 0.047335186 on level 0


TIME= 0.5416716124 MASS        = 2.77361262e+33
TIME= 0.5416716124 XMOM        = -2.423089764e+38
TIME= 0.5416716124 YMOM        = 3.11771924e+38
TIME= 0.5416716124 ZMOM        = 2.334294127e+38
TIME= 0.5416716124 ANG MOM X   = 5.234414718e+44
TIME= 0.5416716124 ANG MOM Y   = -4.916324509e+45
TIME= 0.5416716124 ANG MOM Z   = -3.990917038e+45
TIME= 0.5416716124 RHO*e       = 2.616182318e+51
TIME= 0.5416716124 RHO*K       = 3.344734579e+47
TIME= 0.5416716124 RHO*E       = 2.630319905e+51
TIME= 0.5416716124 RHO*PHI     = 0
TIME= 0.5416716124 TOTAL ENERGY= 2.630319905e+51
TIME= 0.5416716124 CENTER OF MASS X-LOC = -334594.7616
TIME= 0.5416716124 CENTER OF MASS X-VEL = -87362.22738
TIME= 0.5416716124 CENTER OF MASS Y-LOC = -242590.0257
TIME= 0.5416716124 CENTER OF MASS Y-VEL = 112406.4413
TIME= 0.5416716124 CENTER OF MASS Z-LOC = -279315.0256
TIME= 0.5416716124 CENTER OF MASS Z-VEL = 84160.78404
TIME= 0.5416716124 MAXIMUM TEMPERATURE  = 0
TIME= 0.5416716124 MAXIMUM DENSITY      = 872281629.7

STEP = 105 TIME = 0.5416716124 DT = 0.009649463159


[STEP 105] Coarse TimeStep time: 2.645727535
[STEP 105] FAB kilobyte spread across MPI nodes: [105462 ... 105462]

PLOTFILE: file = plt_seed123ext00105
Write plotfile time = 0.072228702  seconds

...estimated hydro-limited timestep at level 0: 0.009649277268
...hydro-limited CFL timestep constrained at (i,j,k) = (31,32,31)
Castro::estTimeStep (hydro-limited) at level 0:  estdt = 0.009649277268

[Level 0 step 106] ADVANCE at time 0.5416716124 with dt = 0.009649277268

[1m[32m  Beginning subcycle 1 starting at time 0.5416716124 with dt = 0.009649277268[0m
  Estimated number of subcycles remaining: 1

... mhd ...!!! 

Castro::construct_old_gravity() time = 0.023335856 on level 0

Castro::do_old_sources() time = 0.034957721 on level 0

[1m[32m  Subcycle completed[0m

  Subcycling complete

  Zones advanced per microsecond at this level: 0.1014420523

[Level 0 step 106] Advanced 262144 cells
Castro::construct_new_gravity() time = 0.017138773 on level 0

Castro::do_new_sources() time = 0.040769023 on level 0


TIME= 0.5513208896 MASS        = 2.773740779e+33
TIME= 0.5513208896 XMOM        = -2.330301071e+38
TIME= 0.5513208896 YMOM        = 3.073319853e+38
TIME= 0.5513208896 ZMOM        = 2.270576613e+38
TIME= 0.5513208896 ANG MOM X   = 4.770498473e+44
TIME= 0.5513208896 ANG MOM Y   = -4.914516294e+45
TIME= 0.5513208896 ANG MOM Z   = -4.038187063e+45
TIME= 0.5513208896 RHO*e       = 2.616342425e+51
TIME= 0.5513208896 RHO*K       = 3.307933827e+47
TIME= 0.5513208896 RHO*E       = 2.630383735e+51
TIME= 0.5513208896 RHO*PHI     = 0
TIME= 0.5513208896 TOTAL ENERGY= 2.630383735e+51
TIME= 0.5513208896 CENTER OF MASS X-LOC = -335510.5999
TIME= 0.5513208896 CENTER OF MASS X-VEL = -84012.93622
TIME= 0.5513208896 CENTER OF MASS Y-LOC = -241839.1894
TIME= 0.5513208896 CENTER OF MASS Y-VEL = 110800.5433
TIME= 0.5513208896 CENTER OF MASS Z-LOC = -278751.6844
TIME= 0.5513208896 CENTER OF MASS Z-VEL = 81859.72642
TIME= 0.5513208896 MAXIMUM TEMPERATURE  = 0
TIME= 0.5513208896 MAXIMUM DENSITY      = 871041821.3

STEP = 106 TIME = 0.5513208896 DT = 0.009649277268


[STEP 106] Coarse TimeStep time: 2.612442566
[STEP 106] FAB kilobyte spread across MPI nodes: [105462 ... 105462]

...estimated hydro-limited timestep at level 0: 0.00964905418
...hydro-limited CFL timestep constrained at (i,j,k) = (31,32,31)
Castro::estTimeStep (hydro-limited) at level 0:  estdt = 0.00964905418

[Level 0 step 107] ADVANCE at time 0.5513208896 with dt = 0.00964905418

[1m[32m  Beginning subcycle 1 starting at time 0.5513208896 with dt = 0.00964905418[0m
  Estimated number of subcycles remaining: 1

... mhd ...!!! 

Castro::construct_old_gravity() time = 0.028776604 on level 0

Castro::do_old_sources() time = 0.033141794 on level 0

[1m[32m  Subcycle completed[0m

  Subcycling complete

  Zones advanced per microsecond at this level: 0.09194824936

[Level 0 step 107] Advanced 262144 cells
Castro::construct_new_gravity() time = 0.041077706 on level 0

Castro::do_new_sources() time = 0.078334636 on level 0


TIME= 0.5609699438 MASS        = 2.773868995e+33
TIME= 0.5609699438 XMOM        = -2.240280887e+38
TIME= 0.5609699438 YMOM        = 3.027996404e+38
TIME= 0.5609699438 ZMOM        = 2.207865901e+38
TIME= 0.5609699438 ANG MOM X   = 4.367516524e+44
TIME= 0.5609699438 ANG MOM Y   = -4.894090607e+45
TIME= 0.5609699438 ANG MOM Z   = -4.086793795e+45
TIME= 0.5609699438 RHO*e       = 2.616500646e+51
TIME= 0.5609699438 RHO*K       = 3.273043379e+47
TIME= 0.5609699438 RHO*E       = 2.630448675e+51
TIME= 0.5609699438 RHO*PHI     = 0
TIME= 0.5609699438 TOTAL ENERGY= 2.630448675e+51
TIME= 0.5609699438 CENTER OF MASS X-LOC = -336397.7365
TIME= 0.5609699438 CENTER OF MASS X-VEL = -80763.75961
TIME= 0.5609699438 CENTER OF MASS Y-LOC = -241106.4157
TIME= 0.5609699438 CENTER OF MASS Y-VEL = 109161.4784
TIME= 0.5609699438 CENTER OF MASS Z-LOC = -278210.985
TIME= 0.5609699438 CENTER OF MASS Z-VEL = 79595.17573
TIME= 0.5609699438 MAXIMUM TEMPERATURE  = 0
TIME= 0.5609699438 MAXIMUM DENSITY      = 869799813

STEP = 107 TIME = 0.5609699438 DT = 0.00964905418


[STEP 107] Coarse TimeStep time: 2.890494332
[STEP 107] FAB kilobyte spread across MPI nodes: [105462 ... 105462]

...estimated hydro-limited timestep at level 0: 0.009648827457
...hydro-limited CFL timestep constrained at (i,j,k) = (31,32,31)
Castro::estTimeStep (hydro-limited) at level 0:  estdt = 0.009648827457

[Level 0 step 108] ADVANCE at time 0.5609699438 with dt = 0.009648827457

[1m[32m  Beginning subcycle 1 starting at time 0.5609699438 with dt = 0.009648827457[0m
  Estimated number of subcycles remaining: 1

... mhd ...!!! 

Castro::construct_old_gravity() time = 0.067565688 on level 0

Castro::do_old_sources() time = 0.034591482 on level 0

[1m[32m  Subcycle completed[0m

  Subcycling complete

  Zones advanced per microsecond at this level: 0.08174653544

[Level 0 step 108] Advanced 262144 cells
Castro::construct_new_gravity() time = 0.021367894 on level 0

Castro::do_new_sources() time = 0.072999118 on level 0


TIME= 0.5706187713 MASS        = 2.773997269e+33
TIME= 0.5706187713 XMOM        = -2.152793551e+38
TIME= 0.5706187713 YMOM        = 2.981833881e+38
TIME= 0.5706187713 ZMOM        = 2.146428547e+38
TIME= 0.5706187713 ANG MOM X   = 4.088080084e+44
TIME= 0.5706187713 ANG MOM Y   = -4.857988072e+45
TIME= 0.5706187713 ANG MOM Z   = -4.137097674e+45
TIME= 0.5706187713 RHO*e       = 2.616657843e+51
TIME= 0.5706187713 RHO*K       = 3.23995232e+47
TIME= 0.5706187713 RHO*E       = 2.6305152e+51
TIME= 0.5706187713 RHO*PHI     = 0
TIME= 0.5706187713 TOTAL ENERGY= 2.6305152e+51
TIME= 0.5706187713 CENTER OF MASS X-LOC = -337256.3897
TIME= 0.5706187713 CENTER OF MASS X-VEL = -77606.18855
TIME= 0.5706187713 CENTER OF MASS Y-LOC = -240391.4728
TIME= 0.5706187713 CENTER OF MASS Y-VEL = 107492.3149
TIME= 0.5706187713 CENTER OF MASS Z-LOC = -277692.7991
TIME= 0.5706187713 CENTER OF MASS Z-VEL = 77376.73612
TIME= 0.5706187713 MAXIMUM TEMPERATURE  = 0
TIME= 0.5706187713 MAXIMUM DENSITY      = 868559354.9

STEP = 108 TIME = 0.5706187713 DT = 0.009648827457


[STEP 108] Coarse TimeStep time: 3.255139178
[STEP 108] FAB kilobyte spread across MPI nodes: [105462 ... 105462]

...estimated hydro-limited timestep at level 0: 0.00964870692
...hydro-limited CFL timestep constrained at (i,j,k) = (31,32,31)
Castro::estTimeStep (hydro-limited) at level 0:  estdt = 0.00964870692

[Level 0 step 109] ADVANCE at time 0.5706187713 with dt = 0.00964870692

[1m[32m  Beginning subcycle 1 starting at time 0.5706187713 with dt = 0.00964870692[0m
  Estimated number of subcycles remaining: 1

... mhd ...!!! 

Castro::construct_old_gravity() time = 0.026968391 on level 0

Castro::do_old_sources() time = 0.044629641 on level 0

[1m[32m  Subcycle completed[0m

  Subcycling complete

  Zones advanced per microsecond at this level: 0.09084766144

[Level 0 step 109] Advanced 262144 cells
Castro::construct_new_gravity() time = 0.020859404 on level 0

Castro::do_new_sources() time = 0.049894903 on level 0


TIME= 0.5802674782 MASS        = 2.7741256e+33
TIME= 0.5802674782 XMOM        = -2.067622504e+38
TIME= 0.5802674782 YMOM        = 2.934933293e+38
TIME= 0.5802674782 ZMOM        = 2.086521665e+38
TIME= 0.5802674782 ANG MOM X   = 3.759181915e+44
TIME= 0.5802674782 ANG MOM Y   = -4.811537607e+45
TIME= 0.5802674782 ANG MOM Z   = -4.183887933e+45
TIME= 0.5802674782 RHO*e       = 2.616814959e+51
TIME= 0.5802674782 RHO*K       = 3.208537062e+47
TIME= 0.5802674782 RHO*E       = 2.63058376e+51
TIME= 0.5802674782 RHO*PHI     = 0
TIME= 0.5802674782 TOTAL ENERGY= 2.63058376e+51
TIME= 0.5802674782 CENTER OF MASS X-LOC = -338086.2819
TIME= 0.5802674782 CENTER OF MASS X-VEL = -74532.40413
TIME= 0.5802674782 CENTER OF MASS Y-LOC = -239694.6167
TIME= 0.5802674782 CENTER OF MASS Y-VEL = 105796.6983
TIME= 0.5802674782 CENTER OF MASS Z-LOC = -277198.5321
TIME= 0.5802674782 CENTER OF MASS Z-VEL = 75213.66966
TIME= 0.5802674782 MAXIMUM TEMPERATURE  = 0
TIME= 0.5802674782 MAXIMUM DENSITY      = 867353326.6

STEP = 109 TIME = 0.5802674782 DT = 0.00964870692


[STEP 109] Coarse TimeStep time: 2.925252651
[STEP 109] FAB kilobyte spread across MPI nodes: [105462 ... 105462]

...estimated hydro-limited timestep at level 0: 0.009648216507
...hydro-limited CFL timestep constrained at (i,j,k) = (31,32,31)
Castro::estTimeStep (hydro-limited) at level 0:  estdt = 0.009648216507

[Level 0 step 110] ADVANCE at time 0.5802674782 with dt = 0.009648216507

[1m[32m  Beginning subcycle 1 starting at time 0.5802674782 with dt = 0.009648216507[0m
  Estimated number of subcycles remaining: 1

... mhd ...!!! 

Castro::construct_old_gravity() time = 0.024263004 on level 0

Castro::do_old_sources() time = 0.04187948 on level 0

[1m[32m  Subcycle completed[0m

  Subcycling complete

  Zones advanced per microsecond at this level: 0.09565502366

[Level 0 step 110] Advanced 262144 cells
Castro::construct_new_gravity() time = 0.027782448 on level 0

Castro::do_new_sources() time = 0.08014355 on level 0


TIME= 0.5899156947 MASS        = 2.774253985e+33
TIME= 0.5899156947 XMOM        = -1.984581962e+38
TIME= 0.5899156947 YMOM        = 2.887432427e+38
TIME= 0.5899156947 ZMOM        = 2.028293635e+38
TIME= 0.5899156947 ANG MOM X   = 3.307077976e+44
TIME= 0.5899156947 ANG MOM Y   = -4.749541293e+45
TIME= 0.5899156947 ANG MOM Z   = -4.225818589e+45
TIME= 0.5899156947 RHO*e       = 2.616971569e+51
TIME= 0.5899156947 RHO*K       = 3.178666668e+47
TIME= 0.5899156947 RHO*E       = 2.630654794e+51
TIME= 0.5899156947 RHO*PHI     = 0
TIME= 0.5899156947 TOTAL ENERGY= 2.630654794e+51
TIME= 0.5899156947 CENTER OF MASS X-LOC = -338888.375
TIME= 0.5899156947 CENTER OF MASS X-VEL = -71535.69834
TIME= 0.5899156947 CENTER OF MASS Y-LOC = -239015.7578
TIME= 0.5899156947 CENTER OF MASS Y-VEL = 104079.5992
TIME= 0.5899156947 CENTER OF MASS Z-LOC = -276726.1461
TIME= 0.5899156947 CENTER OF MASS Z-VEL = 73111.31734
TIME= 0.5899156947 MAXIMUM TEMPERATURE  = 0
TIME= 0.5899156947 MAXIMUM DENSITY      = 866161805.2

STEP = 110 TIME = 0.5899156947 DT = 0.009648216507


[STEP 110] Coarse TimeStep time: 2.792231884
[STEP 110] FAB kilobyte spread across MPI nodes: [105462 ... 105462]

PLOTFILE: file = plt_seed123ext00110
Write plotfile time = 0.062868295  seconds

...estimated hydro-limited timestep at level 0: 0.009647889653
...hydro-limited CFL timestep constrained at (i,j,k) = (31,32,31)
Castro::estTimeStep (hydro-limited) at level 0:  estdt = 0.009647889653

[Level 0 step 111] ADVANCE at time 0.5899156947 with dt = 0.009647889653

[1m[32m  Beginning subcycle 1 starting at time 0.5899156947 with dt = 0.009647889653[0m
  Estimated number of subcycles remaining: 1

... mhd ...!!! 

Castro::construct_old_gravity() time = 0.032753116 on level 0

Castro::do_old_sources() time = 0.047342059 on level 0

[1m[32m  Subcycle completed[0m

  Subcycling complete

  Zones advanced per microsecond at this level: 0.08663142003

[Level 0 step 111] Advanced 262144 cells
Castro::construct_new_gravity() time = 0.02794448 on level 0

Castro::do_new_sources() time = 0.056133889 on level 0


TIME= 0.5995635844 MASS        = 2.774382425e+33
TIME= 0.5995635844 XMOM        = -1.903505059e+38
TIME= 0.5995635844 YMOM        = 2.839537818e+38
TIME= 0.5995635844 ZMOM        = 1.971761244e+38
TIME= 0.5995635844 ANG MOM X   = 2.794693158e+44
TIME= 0.5995635844 ANG MOM Y   = -4.673654616e+45
TIME= 0.5995635844 ANG MOM Z   = -4.260341253e+45
TIME= 0.5995635844 RHO*e       = 2.617127873e+51
TIME= 0.5995635844 RHO*K       = 3.150272902e+47
TIME= 0.5995635844 RHO*E       = 2.63072767e+51
TIME= 0.5995635844 RHO*PHI     = 0
TIME= 0.5995635844 TOTAL ENERGY= 2.63072767e+51
TIME= 0.5995635844 CENTER OF MASS X-LOC = -339663.5561
TIME= 0.5995635844 CENTER OF MASS X-VEL = -68610.04605
TIME= 0.5995635844 CENTER OF MASS Y-LOC = -238356.734
TIME= 0.5995635844 CENTER OF MASS Y-VEL = 102348.4648
TIME= 0.5995635844 CENTER OF MASS Z-LOC = -276274.7973
TIME= 0.5995635844 CENTER OF MASS Z-VEL = 71070.27589
TIME= 0.5995635844 MAXIMUM TEMPERATURE  = 0
TIME= 0.5995635844 MAXIMUM DENSITY      = 864985968.8

STEP = 111 TIME = 0.5995635844 DT = 0.009647889653


[STEP 111] Coarse TimeStep time: 3.062751842
[STEP 111] FAB kilobyte spread across MPI nodes: [105462 ... 105462]

...estimated hydro-limited timestep at level 0: 0.009648395038
...hydro-limited CFL timestep constrained at (i,j,k) = (31,32,31)
Castro::estTimeStep (hydro-limited) at level 0:  estdt = 0.009648395038

[Level 0 step 112] ADVANCE at time 0.5995635844 with dt = 0.009648395038

[1m[32m  Beginning subcycle 1 starting at time 0.5995635844 with dt = 0.009648395038[0m
  Estimated number of subcycles remaining: 1

... mhd ...!!! 

Castro::construct_old_gravity() time = 0.025351632 on level 0

Castro::do_old_sources() time = 0.040024615 on level 0

[1m[32m  Subcycle completed[0m

  Subcycling complete

  Zones advanced per microsecond at this level: 0.09777287494

[Level 0 step 112] Advanced 262144 cells
Castro::construct_new_gravity() time = 0.017864319 on level 0

Castro::do_new_sources() time = 0.050415561 on level 0


TIME= 0.6092119794 MASS        = 2.77451093e+33
TIME= 0.6092119794 XMOM        = -1.824235334e+38
TIME= 0.6092119794 YMOM        = 2.791493219e+38
TIME= 0.6092119794 ZMOM        = 1.916893668e+38
TIME= 0.6092119794 ANG MOM X   = 2.293953865e+44
TIME= 0.6092119794 ANG MOM Y   = -4.595100767e+45
TIME= 0.6092119794 ANG MOM Z   = -4.303591265e+45
TIME= 0.6092119794 RHO*e       = 2.617283729e+51
TIME= 0.6092119794 RHO*K       = 3.123154424e+47
TIME= 0.6092119794 RHO*E       = 2.630802502e+51
TIME= 0.6092119794 RHO*PHI     = 0
TIME= 0.6092119794 TOTAL ENERGY= 2.630802502e+51
TIME= 0.6092119794 CENTER OF MASS X-LOC = -340412.8975
TIME= 0.6092119794 CENTER OF MASS X-VEL = -65749.79806
TIME= 0.6092119794 CENTER OF MASS Y-LOC = -237717.8644
TIME= 0.6092119794 CENTER OF MASS Y-VEL = 100612.0823
TIME= 0.6092119794 CENTER OF MASS Z-LOC = -275842.8547
TIME= 0.6092119794 CENTER OF MASS Z-VEL = 69089.42571
TIME= 0.6092119794 MAXIMUM TEMPERATURE  = 0
TIME= 0.6092119794 MAXIMUM DENSITY      = 863823175.1

STEP = 112 TIME = 0.6092119794 DT = 0.009648395038


[STEP 112] Coarse TimeStep time: 2.712236134
[STEP 112] FAB kilobyte spread across MPI nodes: [105462 ... 105462]

...estimated hydro-limited timestep at level 0: 0.009648925661
...hydro-limited CFL timestep constrained at (i,j,k) = (31,32,31)
Castro::estTimeStep (hydro-limited) at level 0:  estdt = 0.009648925661

[Level 0 step 113] ADVANCE at time 0.6092119794 with dt = 0.009648925661

[1m[32m  Beginning subcycle 1 starting at time 0.6092119794 with dt = 0.009648925661[0m
  Estimated number of subcycles remaining: 1

... mhd ...!!! 

Castro::construct_old_gravity() time = 0.026641197 on level 0

Castro::do_old_sources() time = 0.041807906 on level 0

[1m[32m  Subcycle completed[0m

  Subcycling complete

  Zones advanced per microsecond at this level: 0.09091061098

[Level 0 step 113] Advanced 262144 cells
Castro::construct_new_gravity() time = 0.017873951 on level 0

Castro::do_new_sources() time = 0.045065842 on level 0


TIME= 0.6188609051 MASS        = 2.774639501e+33
TIME= 0.6188609051 XMOM        = -1.746651757e+38
TIME= 0.6188609051 YMOM        = 2.74356218e+38
TIME= 0.6188609051 ZMOM        = 1.8636714e+38
TIME= 0.6188609051 ANG MOM X   = 1.607912157e+44
TIME= 0.6188609051 ANG MOM Y   = -4.514178299e+45
TIME= 0.6188609051 ANG MOM Z   = -4.331656548e+45
TIME= 0.6188609051 RHO*e       = 2.61744001e+51
TIME= 0.6188609051 RHO*K       = 3.097204553e+47
TIME= 0.6188609051 RHO*E       = 2.6308795e+51
TIME= 0.6188609051 RHO*PHI     = 0
TIME= 0.6188609051 TOTAL ENERGY= 2.6308795e+51
TIME= 0.6188609051 CENTER OF MASS X-LOC = -341137.1025
TIME= 0.6188609051 CENTER OF MASS X-VEL = -62950.58354
TIME= 0.6188609051 CENTER OF MASS Y-LOC = -237099.5203
TIME= 0.6188609051 CENTER OF MASS Y-VEL = 98879.95104
TIME= 0.6188609051 CENTER OF MASS Z-LOC = -275430.3434
TIME= 0.6188609051 CENTER OF MASS Z-VEL = 67168.05551
TIME= 0.6188609051 MAXIMUM TEMPERATURE  = 0
TIME= 0.6188609051 MAXIMUM DENSITY      = 862678628.3

STEP = 113 TIME = 0.6188609051 DT = 0.009648925661


[STEP 113] Coarse TimeStep time: 2.910628382
[STEP 113] FAB kilobyte spread across MPI nodes: [105462 ... 105462]

...estimated hydro-limited timestep at level 0: 0.009649640204
...hydro-limited CFL timestep constrained at (i,j,k) = (31,32,31)
Castro::estTimeStep (hydro-limited) at level 0:  estdt = 0.009649640204

[Level 0 step 114] ADVANCE at time 0.6188609051 with dt = 0.009649640204

[1m[32m  Beginning subcycle 1 starting at time 0.6188609051 with dt = 0.009649640204[0m
  Estimated number of subcycles remaining: 1

... mhd ...!!! 

Castro::construct_old_gravity() time = 0.024320342 on level 0

Castro::do_old_sources() time = 0.050846578 on level 0

[1m[32m  Subcycle completed[0m

  Subcycling complete

  Zones advanced per microsecond at this level: 0.09835516696

[Level 0 step 114] Advanced 262144 cells
Castro::construct_new_gravity() time = 0.03123997 on level 0

Castro::do_new_sources() time = 0.06197921 on level 0


TIME= 0.6285105453 MASS        = 2.77476814e+33
TIME= 0.6285105453 XMOM        = -1.670673193e+38
TIME= 0.6285105453 YMOM        = 2.696022318e+38
TIME= 0.6285105453 ZMOM        = 1.812101756e+38
TIME= 0.6285105453 ANG MOM X   = 8.743636316e+43
TIME= 0.6285105453 ANG MOM Y   = -4.421778e+45
TIME= 0.6285105453 ANG MOM Z   = -4.330622425e+45
TIME= 0.6285105453 RHO*e       = 2.617596477e+51
TIME= 0.6285105453 RHO*K       = 3.072223252e+47
TIME= 0.6285105453 RHO*E       = 2.630958844e+51
TIME= 0.6285105453 RHO*PHI     = 0
TIME= 0.6285105453 TOTAL ENERGY= 2.630958844e+51
TIME= 0.6285105453 CENTER OF MASS X-LOC = -341837.4277
TIME= 0.6285105453 CENTER OF MASS X-VEL = -60209.47007
TIME= 0.6285105453 CENTER OF MASS Y-LOC = -236502.0458
TIME= 0.6285105453 CENTER OF MASS Y-VEL = 97162.07558
TIME= 0.6285105453 CENTER OF MASS Z-LOC = -275035.8951
TIME= 0.6285105453 CENTER OF MASS Z-VEL = 65306.42072
TIME= 0.6285105453 MAXIMUM TEMPERATURE  = 0
TIME= 0.6285105453 MAXIMUM DENSITY      = 861551085.9

STEP = 114 TIME = 0.6285105453 DT = 0.009649640204


[STEP 114] Coarse TimeStep time: 2.691264034
[STEP 114] FAB kilobyte spread across MPI nodes: [105462 ... 105462]

...estimated hydro-limited timestep at level 0: 0.009649800806
...hydro-limited CFL timestep constrained at (i,j,k) = (31,32,31)
Castro::estTimeStep (hydro-limited) at level 0:  estdt = 0.009649800806

[Level 0 step 115] ADVANCE at time 0.6285105453 with dt = 0.009649800806

[1m[32m  Beginning subcycle 1 starting at time 0.6285105453 with dt = 0.009649800806[0m
  Estimated number of subcycles remaining: 1

... mhd ...!!! 

Castro::construct_old_gravity() time = 0.023732065 on level 0

Castro::do_old_sources() time = 0.037333926 on level 0

[1m[32m  Subcycle completed[0m

  Subcycling complete

  Zones advanced per microsecond at this level: 0.09946778108

[Level 0 step 115] Advanced 262144 cells
Castro::construct_new_gravity() time = 0.030095656 on level 0

Castro::do_new_sources() time = 0.06882373 on level 0


TIME= 0.6381603461 MASS        = 2.77489684e+33
TIME= 0.6381603461 XMOM        = -1.59625651e+38
TIME= 0.6381603461 YMOM        = 2.649163436e+38
TIME= 0.6381603461 ZMOM        = 1.76223467e+38
TIME= 0.6381603461 ANG MOM X   = -4.354274319e+42
TIME= 0.6381603461 ANG MOM Y   = -4.324305081e+45
TIME= 0.6381603461 ANG MOM Z   = -4.333936859e+45
TIME= 0.6381603461 RHO*e       = 2.617753071e+51
TIME= 0.6381603461 RHO*K       = 3.048192182e+47
TIME= 0.6381603461 RHO*E       = 2.631040055e+51
TIME= 0.6381603461 RHO*PHI     = 0
TIME= 0.6381603461 TOTAL ENERGY= 2.631040055e+51
TIME= 0.6381603461 CENTER OF MASS X-LOC = -342514.2278
TIME= 0.6381603461 CENTER OF MASS X-VEL = -57524.89559
TIME= 0.6381603461 CENTER OF MASS Y-LOC = -235925.9559
TIME= 0.6381603461 CENTER OF MASS Y-VEL = 95468.89809
TIME= 0.6381603461 CENTER OF MASS Z-LOC = -274659.9489
TIME= 0.6381603461 CENTER OF MASS Z-VEL = 63506.3129
TIME= 0.6381603461 MAXIMUM TEMPERATURE  = 0
TIME= 0.6381603461 MAXIMUM DENSITY      = 860447957.8

STEP = 115 TIME = 0.6381603461 DT = 0.009649800806


[STEP 115] Coarse TimeStep time: 2.676106507
[STEP 115] FAB kilobyte spread across MPI nodes: [105462 ... 105462]

PLOTFILE: file = plt_seed123ext00115
Write plotfile time = 0.062137614  seconds

...estimated hydro-limited timestep at level 0: 0.009650914405
...hydro-limited CFL timestep constrained at (i,j,k) = (31,32,31)
Castro::estTimeStep (hydro-limited) at level 0:  estdt = 0.009650914405

[Level 0 step 116] ADVANCE at time 0.6381603461 with dt = 0.009650914405

[1m[32m  Beginning subcycle 1 starting at time 0.6381603461 with dt = 0.009650914405[0m
  Estimated number of subcycles remaining: 1

... mhd ...!!! 

Castro::construct_old_gravity() time = 0.02892266 on level 0

Castro::do_old_sources() time = 0.03921714 on level 0

[1m[32m  Subcycle completed[0m

  Subcycling complete

  Zones advanced per microsecond at this level: 0.09967133853

[Level 0 step 116] Advanced 262144 cells
Castro::construct_new_gravity() time = 0.016827867 on level 0

Castro::do_new_sources() time = 0.038929208 on level 0


TIME= 0.6478112605 MASS        = 2.775025612e+33
TIME= 0.6478112605 XMOM        = -1.523344418e+38
TIME= 0.6478112605 YMOM        = 2.603213019e+38
TIME= 0.6478112605 ZMOM        = 1.71413e+38
TIME= 0.6478112605 ANG MOM X   = -1.007813761e+44
TIME= 0.6478112605 ANG MOM Y   = -4.222467959e+45
TIME= 0.6478112605 ANG MOM Z   = -4.327772028e+45
TIME= 0.6478112605 RHO*e       = 2.617908992e+51
TIME= 0.6478112605 RHO*K       = 3.02496009e+47
TIME= 0.6478112605 RHO*E       = 2.631122219e+51
TIME= 0.6478112605 RHO*PHI     = 0
TIME= 0.6478112605 TOTAL ENERGY= 2.631122219e+51
TIME= 0.6478112605 CENTER OF MASS X-LOC = -343168.5866
TIME= 0.6478112605 CENTER OF MASS X-VEL = -54894.78768
TIME= 0.6478112605 CENTER OF MASS Y-LOC = -235369.649
TIME= 0.6478112605 CENTER OF MASS Y-VEL = 93808.61234
TIME= 0.6478112605 CENTER OF MASS Z-LOC = -274302.5615
TIME= 0.6478112605 CENTER OF MASS Z-VEL = 61769.88033
TIME= 0.6478112605 MAXIMUM TEMPERATURE  = 0
TIME= 0.6478112605 MAXIMUM DENSITY      = 859354931.6

STEP = 116 TIME = 0.6478112605 DT = 0.009650914405


[STEP 116] Coarse TimeStep time: 2.659202299
[STEP 116] FAB kilobyte spread across MPI nodes: [105462 ... 105462]

...estimated hydro-limited timestep at level 0: 0.009651195709
...hydro-limited CFL timestep constrained at (i,j,k) = (31,32,31)
Castro::estTimeStep (hydro-limited) at level 0:  estdt = 0.009651195709

[Level 0 step 117] ADVANCE at time 0.6478112605 with dt = 0.009651195709

[1m[32m  Beginning subcycle 1 starting at time 0.6478112605 with dt = 0.009651195709[0m
  Estimated number of subcycles remaining: 1

... mhd ...!!! 

Castro::construct_old_gravity() time = 0.0306018 on level 0

Castro::do_old_sources() time = 0.039257697 on level 0

[1m[32m  Subcycle completed[0m

  Subcycling complete

  Zones advanced per microsecond at this level: 0.1172721139

[Level 0 step 117] Advanced 262144 cells
Castro::construct_new_gravity() time = 0.019614211 on level 0

Castro::do_new_sources() time = 0.046427596 on level 0


TIME= 0.6574624562 MASS        = 2.775154447e+33
TIME= 0.6574624562 XMOM        = -1.451898634e+38
TIME= 0.6574624562 YMOM        = 2.55833169e+38
TIME= 0.6574624562 ZMOM        = 1.667871845e+38
TIME= 0.6574624562 ANG MOM X   = -2.016573471e+44
TIME= 0.6574624562 ANG MOM Y   = -4.110384233e+45
TIME= 0.6574624562 ANG MOM Z   = -4.326301887e+45
TIME= 0.6574624562 RHO*e       = 2.61806408e+51
TIME= 0.6574624562 RHO*K       = 3.002595608e+47
TIME= 0.6574624562 RHO*E       = 2.631205374e+51
TIME= 0.6574624562 RHO*PHI     = 0
TIME= 0.6574624562 TOTAL ENERGY= 2.631205374e+51
TIME= 0.6574624562 CENTER OF MASS X-LOC = -343799.6717
TIME= 0.6574624562 CENTER OF MASS X-VEL = -52317.75967
TIME= 0.6574624562 CENTER OF MASS Y-LOC = -234831.7667
TIME= 0.6574624562 CENTER OF MASS Y-VEL = 92187.00216
TIME= 0.6574624562 CENTER OF MASS Z-LOC = -273964.7995
TIME= 0.6574624562 CENTER OF MASS Z-VEL = 60100.14494
TIME= 0.6574624562 MAXIMUM TEMPERATURE  = 0
TIME= 0.6574624562 MAXIMUM DENSITY      = 858304175.9

STEP = 117 TIME = 0.6574624562 DT = 0.009651195709


[STEP 117] Coarse TimeStep time: 2.262811195
[STEP 117] FAB kilobyte spread across MPI nodes: [105462 ... 105462]

...estimated hydro-limited timestep at level 0: 0.009652163315
...hydro-limited CFL timestep constrained at (i,j,k) = (31,32,31)
Castro::estTimeStep (hydro-limited) at level 0:  estdt = 0.009652163315

[Level 0 step 118] ADVANCE at time 0.6574624562 with dt = 0.009652163315

[1m[32m  Beginning subcycle 1 starting at time 0.6574624562 with dt = 0.009652163315[0m
  Estimated number of subcycles remaining: 1

... mhd ...!!! 

Castro::construct_old_gravity() time = 0.029680277 on level 0

Castro::do_old_sources() time = 0.051970497 on level 0

[1m[32m  Subcycle completed[0m

  Subcycling complete

  Zones advanced per microsecond at this level: 0.142163176

[Level 0 step 118] Advanced 262144 cells
Castro::construct_new_gravity() time = 0.028920562 on level 0

Castro::do_new_sources() time = 0.067605807 on level 0


TIME= 0.6671146195 MASS        = 2.775283351e+33
TIME= 0.6671146195 XMOM        = -1.381850955e+38
TIME= 0.6671146195 YMOM        = 2.514621771e+38
TIME= 0.6671146195 ZMOM        = 1.623524547e+38
TIME= 0.6671146195 ANG MOM X   = -3.010723342e+44
TIME= 0.6671146195 ANG MOM Y   = -3.983804821e+45
TIME= 0.6671146195 ANG MOM Z   = -4.320401759e+45
TIME= 0.6671146195 RHO*e       = 2.618219057e+51
TIME= 0.6671146195 RHO*K       = 2.981153643e+47
TIME= 0.6671146195 RHO*E       = 2.631289467e+51
TIME= 0.6671146195 RHO*PHI     = 0
TIME= 0.6671146195 TOTAL ENERGY= 2.631289467e+51
TIME= 0.6671146195 CENTER OF MASS X-LOC = -344407.7349
TIME= 0.6671146195 CENTER OF MASS X-VEL = -49791.34667
TIME= 0.6671146195 CENTER OF MASS Y-LOC = -234311.2377
TIME= 0.6671146195 CENTER OF MASS Y-VEL = 90607.74894
TIME= 0.6671146195 CENTER OF MASS Z-LOC = -273645.2141
TIME= 0.6671146195 CENTER OF MASS Z-VEL = 58499.41579
TIME= 0.6671146195 MAXIMUM TEMPERATURE  = 0
TIME= 0.6671146195 MAXIMUM DENSITY      = 857267273.5

STEP = 118 TIME = 0.6671146195 DT = 0.009652163315


[STEP 118] Coarse TimeStep time: 1.870317417
[STEP 118] FAB kilobyte spread across MPI nodes: [105462 ... 105462]

...estimated hydro-limited timestep at level 0: 0.009652190676
...hydro-limited CFL timestep constrained at (i,j,k) = (31,32,31)
Castro::estTimeStep (hydro-limited) at level 0:  estdt = 0.009652190676

[Level 0 step 119] ADVANCE at time 0.6671146195 with dt = 0.009652190676

[1m[32m  Beginning subcycle 1 starting at time 0.6671146195 with dt = 0.009652190676[0m
  Estimated number of subcycles remaining: 1

... mhd ...!!! 

Castro::construct_old_gravity() time = 0.019111859 on level 0

Castro::do_old_sources() time = 0.049586275 on level 0

[1m[32m  Subcycle completed[0m

  Subcycling complete

  Zones advanced per microsecond at this level: 0.1394790494

[Level 0 step 119] Advanced 262144 cells
Castro::construct_new_gravity() time = 0.024710954 on level 0

Castro::do_new_sources() time = 0.042307179 on level 0


TIME= 0.6767668102 MASS        = 2.775412314e+33
TIME= 0.6767668102 XMOM        = -1.313104891e+38
TIME= 0.6767668102 YMOM        = 2.472143251e+38
TIME= 0.6767668102 ZMOM        = 1.581080318e+38
TIME= 0.6767668102 ANG MOM X   = -4.003778338e+44
TIME= 0.6767668102 ANG MOM Y   = -3.851641212e+45
TIME= 0.6767668102 ANG MOM Z   = -4.31746771e+45
TIME= 0.6767668102 RHO*e       = 2.618374919e+51
TIME= 0.6767668102 RHO*K       = 2.960602577e+47
TIME= 0.6767668102 RHO*E       = 2.63137586e+51
TIME= 0.6767668102 RHO*PHI     = 0
TIME= 0.6767668102 TOTAL ENERGY= 2.63137586e+51
TIME= 0.6767668102 CENTER OF MASS X-LOC = -344993.2321
TIME= 0.6767668102 CENTER OF MASS X-VEL = -47312.06545
TIME= 0.6767668102 CENTER OF MASS Y-LOC = -233807.8138
TIME= 0.6767668102 CENTER OF MASS Y-VEL = 89073.00866
TIME= 0.6767668102 CENTER OF MASS Z-LOC = -273341.8741
TIME= 0.6767668102 CENTER OF MASS Z-VEL = 56967.40301
TIME= 0.6767668102 MAXIMUM TEMPERATURE  = 0
TIME= 0.6767668102 MAXIMUM DENSITY      = 856246350.8

STEP = 119 TIME = 0.6767668102 DT = 0.009652190676


[STEP 119] Coarse TimeStep time: 1.909422039
[STEP 119] FAB kilobyte spread across MPI nodes: [105462 ... 105462]

...estimated hydro-limited timestep at level 0: 0.009653109059
...hydro-limited CFL timestep constrained at (i,j,k) = (31,32,31)
Castro::estTimeStep (hydro-limited) at level 0:  estdt = 0.009653109059

[Level 0 step 120] ADVANCE at time 0.6767668102 with dt = 0.009653109059

[1m[32m  Beginning subcycle 1 starting at time 0.6767668102 with dt = 0.009653109059[0m
  Estimated number of subcycles remaining: 1

... mhd ...!!! 

Castro::construct_old_gravity() time = 0.029191004 on level 0

Castro::do_old_sources() time = 0.042092542 on level 0

[1m[32m  Subcycle completed[0m

  Subcycling complete

  Zones advanced per microsecond at this level: 0.1255731466

[Level 0 step 120] Advanced 262144 cells
Castro::construct_new_gravity() time = 0.015853664 on level 0

Castro::do_new_sources() time = 0.055938651 on level 0


TIME= 0.6864199192 MASS        = 2.775541346e+33
TIME= 0.6864199192 XMOM        = -1.245544198e+38
TIME= 0.6864199192 YMOM        = 2.430899909e+38
TIME= 0.6864199192 ZMOM        = 1.540470935e+38
TIME= 0.6864199192 ANG MOM X   = -4.98264929e+44
TIME= 0.6864199192 ANG MOM Y   = -3.720118456e+45
TIME= 0.6864199192 ANG MOM Z   = -4.313793481e+45
TIME= 0.6864199192 RHO*e       = 2.61853158e+51
TIME= 0.6864199192 RHO*K       = 2.940899751e+47
TIME= 0.6864199192 RHO*E       = 2.631464034e+51
TIME= 0.6864199192 RHO*PHI     = 0
TIME= 0.6864199192 TOTAL ENERGY= 2.631464034e+51
TIME= 0.6864199192 CENTER OF MASS X-LOC = -345555.5077
TIME= 0.6864199192 CENTER OF MASS X-VEL = -44875.72125
TIME= 0.6864199192 CENTER OF MASS Y-LOC = -233320.9481
TIME= 0.6864199192 CENTER OF MASS Y-VEL = 87582.91108
TIME= 0.6864199192 CENTER OF MASS Z-LOC = -273053.9568
TIME= 0.6864199192 CENTER OF MASS Z-VEL = 55501.63889
TIME= 0.6864199192 MAXIMUM TEMPERATURE  = 0
TIME= 0.6864199192 MAXIMUM DENSITY      = 855251701.8

STEP = 120 TIME = 0.6864199192 DT = 0.009653109059


[STEP 120] Coarse TimeStep time: 2.117502364
[STEP 120] FAB kilobyte spread across MPI nodes: [105462 ... 105462]

PLOTFILE: file = plt_seed123ext00120
Write plotfile time = 0.037328893  seconds

...estimated hydro-limited timestep at level 0: 0.009653181902
...hydro-limited CFL timestep constrained at (i,j,k) = (31,32,31)
Castro::estTimeStep (hydro-limited) at level 0:  estdt = 0.009653181902

[Level 0 step 121] ADVANCE at time 0.6864199192 with dt = 0.009653181902

[1m[32m  Beginning subcycle 1 starting at time 0.6864199192 with dt = 0.009653181902[0m
  Estimated number of subcycles remaining: 1

... mhd ...!!! 

Castro::construct_old_gravity() time = 0.01870115 on level 0

Castro::do_old_sources() time = 0.030401414 on level 0

[1m[32m  Subcycle completed[0m

  Subcycling complete

  Zones advanced per microsecond at this level: 0.1312057754

[Level 0 step 121] Advanced 262144 cells
Castro::construct_new_gravity() time = 0.020811519 on level 0

Castro::do_new_sources() time = 0.048795302 on level 0


TIME= 0.6960731011 MASS        = 2.775670437e+33
TIME= 0.6960731011 XMOM        = -1.17911092e+38
TIME= 0.6960731011 YMOM        = 2.390863767e+38
TIME= 0.6960731011 ZMOM        = 1.501655039e+38
TIME= 0.6960731011 ANG MOM X   = -5.781143828e+44
TIME= 0.6960731011 ANG MOM Y   = -3.609363663e+45
TIME= 0.6960731011 ANG MOM Z   = -4.308311101e+45
TIME= 0.6960731011 RHO*e       = 2.618687644e+51
TIME= 0.6960731011 RHO*K       = 2.921917542e+47
TIME= 0.6960731011 RHO*E       = 2.631553035e+51
TIME= 0.6960731011 RHO*PHI     = 0
TIME= 0.6960731011 TOTAL ENERGY= 2.631553035e+51
TIME= 0.6960731011 CENTER OF MASS X-LOC = -346094.5313
TIME= 0.6960731011 CENTER OF MASS X-VEL = -42480.22042
TIME= 0.6960731011 CENTER OF MASS Y-LOC = -232848.6113
TIME= 0.6960731011 CENTER OF MASS Y-VEL = 86136.44239
TIME= 0.6960731011 CENTER OF MASS Z-LOC = -272781.1497
TIME= 0.6960731011 CENTER OF MASS Z-VEL = 54100.62447
TIME= 0.6960731011 MAXIMUM TEMPERATURE  = 0
TIME= 0.6960731011 MAXIMUM DENSITY      = 854310201.5

STEP = 121 TIME = 0.6960731011 DT = 0.009653181902


[STEP 121] Coarse TimeStep time: 2.022518516
[STEP 121] FAB kilobyte spread across MPI nodes: [105462 ... 105462]

...estimated hydro-limited timestep at level 0: 0.009653786793
...hydro-limited CFL timestep constrained at (i,j,k) = (31,32,31)
Castro::estTimeStep (hydro-limited) at level 0:  estdt = 0.009653786793

[Level 0 step 122] ADVANCE at time 0.6960731011 with dt = 0.009653786793

[1m[32m  Beginning subcycle 1 starting at time 0.6960731011 with dt = 0.009653786793[0m
  Estimated number of subcycles remaining: 1

... mhd ...!!! 

Castro::construct_old_gravity() time = 0.021801769 on level 0

Castro::do_old_sources() time = 0.036716877 on level 0

[1m[32m  Subcycle completed[0m

  Subcycling complete

  Zones advanced per microsecond at this level: 0.09745539953

[Level 0 step 122] Advanced 262144 cells
Castro::construct_new_gravity() time = 0.019444745 on level 0

Castro::do_new_sources() time = 0.050726354 on level 0


TIME= 0.7057268879 MASS        = 2.775799592e+33
TIME= 0.7057268879 XMOM        = -1.113762934e+38
TIME= 0.7057268879 YMOM        = 2.351993803e+38
TIME= 0.7057268879 ZMOM        = 1.464577818e+38
TIME= 0.7057268879 ANG MOM X   = -6.579458936e+44
TIME= 0.7057268879 ANG MOM Y   = -3.501746074e+45
TIME= 0.7057268879 ANG MOM Z   = -4.298089348e+45
TIME= 0.7057268879 RHO*e       = 2.618844953e+51
TIME= 0.7057268879 RHO*K       = 2.903620025e+47
TIME= 0.7057268879 RHO*E       = 2.631644272e+51
TIME= 0.7057268879 RHO*PHI     = 0
TIME= 0.7057268879 TOTAL ENERGY= 2.631644272e+51
TIME= 0.7057268879 CENTER OF MASS X-LOC = -346610.8853
TIME= 0.7057268879 CENTER OF MASS X-VEL = -40124.03984
TIME= 0.7057268879 CENTER OF MASS Y-LOC = -232391.6011
TIME= 0.7057268879 CENTER OF MASS Y-VEL = 84732.11862
TIME= 0.7057268879 CENTER OF MASS Z-LOC = -272522.2833
TIME= 0.7057268879 CENTER OF MASS Z-VEL = 52762.37601
TIME= 0.7057268879 MAXIMUM TEMPERATURE  = 0
TIME= 0.7057268879 MAXIMUM DENSITY      = 853351713.8

STEP = 122 TIME = 0.7057268879 DT = 0.009653786793


[STEP 122] Coarse TimeStep time: 2.71877908
[STEP 122] FAB kilobyte spread across MPI nodes: [105462 ... 105462]

...estimated hydro-limited timestep at level 0: 0.009654483434
...hydro-limited CFL timestep constrained at (i,j,k) = (31,32,31)
Castro::estTimeStep (hydro-limited) at level 0:  estdt = 0.009654483434

[Level 0 step 123] ADVANCE at time 0.7057268879 with dt = 0.009654483434

[1m[32m  Beginning subcycle 1 starting at time 0.7057268879 with dt = 0.009654483434[0m
  Estimated number of subcycles remaining: 1

... mhd ...!!! 

Castro::construct_old_gravity() time = 0.038140679 on level 0

Castro::do_old_sources() time = 0.049490681 on level 0

[1m[32m  Subcycle completed[0m

  Subcycling complete

  Zones advanced per microsecond at this level: 0.09856012042

[Level 0 step 123] Advanced 262144 cells
Castro::construct_new_gravity() time = 0.021366483 on level 0

Castro::do_new_sources() time = 0.04684481 on level 0


TIME= 0.7153813714 MASS        = 2.775928814e+33
TIME= 0.7153813714 XMOM        = -1.049451747e+38
TIME= 0.7153813714 YMOM        = 2.314256519e+38
TIME= 0.7153813714 ZMOM        = 1.429180706e+38
TIME= 0.7153813714 ANG MOM X   = -7.303150177e+44
TIME= 0.7153813714 ANG MOM Y   = -3.409587768e+45
TIME= 0.7153813714 ANG MOM Z   = -4.289706024e+45
TIME= 0.7153813714 RHO*e       = 2.619002758e+51
TIME= 0.7153813714 RHO*K       = 2.8860263e+47
TIME= 0.7153813714 RHO*E       = 2.631738004e+51
TIME= 0.7153813714 RHO*PHI     = 0
TIME= 0.7153813714 TOTAL ENERGY= 2.631738004e+51
TIME= 0.7153813714 CENTER OF MASS X-LOC = -347106.4075
TIME= 0.7153813714 CENTER OF MASS X-VEL = -37805.42718
TIME= 0.7153813714 CENTER OF MASS Y-LOC = -231949.7347
TIME= 0.7153813714 CENTER OF MASS Y-VEL = 83368.72715
TIME= 0.7153813714 CENTER OF MASS Z-LOC = -272276.4961
TIME= 0.7153813714 CENTER OF MASS Z-VEL = 51484.77506
TIME= 0.7153813714 MAXIMUM TEMPERATURE  = 0
TIME= 0.7153813714 MAXIMUM DENSITY      = 852414986

STEP = 123 TIME = 0.7153813714 DT = 0.009654483434


[STEP 123] Coarse TimeStep time: 2.688946514
[STEP 123] FAB kilobyte spread across MPI nodes: [105462 ... 105462]

...estimated hydro-limited timestep at level 0: 0.009655464692
...hydro-limited CFL timestep constrained at (i,j,k) = (31,32,31)
Castro::estTimeStep (hydro-limited) at level 0:  estdt = 0.009655464692

[Level 0 step 124] ADVANCE at time 0.7153813714 with dt = 0.009655464692

[1m[32m  Beginning subcycle 1 starting at time 0.7153813714 with dt = 0.009655464692[0m
  Estimated number of subcycles remaining: 1

... mhd ...!!! 

Castro::construct_old_gravity() time = 0.039305217 on level 0

Castro::do_old_sources() time = 0.03231575 on level 0

[1m[32m  Subcycle completed[0m

  Subcycling complete

  Zones advanced per microsecond at this level: 0.1024800686

[Level 0 step 124] Advanced 262144 cells
Castro::construct_new_gravity() time = 0.018097499 on level 0

Castro::do_new_sources() time = 0.045128294 on level 0


TIME= 0.7250368361 MASS        = 2.776058106e+33
TIME= 0.7250368361 XMOM        = -9.861540653e+37
TIME= 0.7250368361 YMOM        = 2.277617217e+38
TIME= 0.7250368361 ZMOM        = 1.395439202e+38
TIME= 0.7250368361 ANG MOM X   = -8.001121136e+44
TIME= 0.7250368361 ANG MOM Y   = -3.327104547e+45
TIME= 0.7250368361 ANG MOM Z   = -4.285154594e+45
TIME= 0.7250368361 RHO*e       = 2.619161013e+51
TIME= 0.7250368361 RHO*K       = 2.869085748e+47
TIME= 0.7250368361 RHO*E       = 2.63183384e+51
TIME= 0.7250368361 RHO*PHI     = 0
TIME= 0.7250368361 TOTAL ENERGY= 2.63183384e+51
TIME= 0.7250368361 CENTER OF MASS X-LOC = -347580.3572
TIME= 0.7250368361 CENTER OF MASS X-VEL = -35523.53833
TIME= 0.7250368361 CENTER OF MASS Y-LOC = -231523.2582
TIME= 0.7250368361 CENTER OF MASS Y-VEL = 82045.01239
TIME= 0.7250368361 CENTER OF MASS Z-LOC = -272043.5001
TIME= 0.7250368361 CENTER OF MASS Z-VEL = 50266.93062
TIME= 0.7250368361 MAXIMUM TEMPERATURE  = 0
TIME= 0.7250368361 MAXIMUM DENSITY      = 851479824.6

STEP = 124 TIME = 0.7250368361 DT = 0.009655464692


[STEP 124] Coarse TimeStep time: 2.583010008
[STEP 124] FAB kilobyte spread across MPI nodes: [105462 ... 105462]

...estimated hydro-limited timestep at level 0: 0.009656650178
...hydro-limited CFL timestep constrained at (i,j,k) = (31,32,31)
Castro::estTimeStep (hydro-limited) at level 0:  estdt = 0.009656650178

[Level 0 step 125] ADVANCE at time 0.7250368361 with dt = 0.009656650178

[1m[32m  Beginning subcycle 1 starting at time 0.7250368361 with dt = 0.009656650178[0m
  Estimated number of subcycles remaining: 1

... mhd ...!!! 

Castro::construct_old_gravity() time = 0.02596132 on level 0

Castro::do_old_sources() time = 0.061851655 on level 0

[1m[32m  Subcycle completed[0m

  Subcycling complete

  Zones advanced per microsecond at this level: 0.1007966962

[Level 0 step 125] Advanced 262144 cells
Castro::construct_new_gravity() time = 0.016935151 on level 0

Castro::do_new_sources() time = 0.04191676 on level 0


TIME= 0.7346934862 MASS        = 2.77618747e+33
TIME= 0.7346934862 XMOM        = -9.238818351e+37
TIME= 0.7346934862 YMOM        = 2.242026545e+38
TIME= 0.7346934862 ZMOM        = 1.363374349e+38
TIME= 0.7346934862 ANG MOM X   = -8.701861878e+44
TIME= 0.7346934862 ANG MOM Y   = -3.246423633e+45
TIME= 0.7346934862 ANG MOM Z   = -4.279884251e+45
TIME= 0.7346934862 RHO*e       = 2.619320573e+51
TIME= 0.7346934862 RHO*K       = 2.85278343e+47
TIME= 0.7346934862 RHO*E       = 2.631931614e+51
TIME= 0.7346934862 RHO*PHI     = 0
TIME= 0.7346934862 TOTAL ENERGY= 2.631931614e+51
TIME= 0.7346934862 CENTER OF MASS X-LOC = -348033.1601
TIME= 0.7346934862 CENTER OF MASS X-VEL = -33278.79853
TIME= 0.7346934862 CENTER OF MASS Y-LOC = -231111.3407
TIME= 0.7346934862 CENTER OF MASS Y-VEL = 80759.19114
TIME= 0.7346934862 CENTER OF MASS Z-LOC = -271823.1872
TIME= 0.7346934862 CENTER OF MASS Z-VEL = 49109.59234
TIME= 0.7346934862 MAXIMUM TEMPERATURE  = 0
TIME= 0.7346934862 MAXIMUM DENSITY      = 850546378.3

STEP = 125 TIME = 0.7346934862 DT = 0.009656650178


[STEP 125] Coarse TimeStep time: 2.630106607
[STEP 125] FAB kilobyte spread across MPI nodes: [105462 ... 105462]

PLOTFILE: file = plt_seed123ext00125
Write plotfile time = 0.109357469  seconds

...estimated hydro-limited timestep at level 0: 0.009658050433
...hydro-limited CFL timestep constrained at (i,j,k) = (31,32,31)
Castro::estTimeStep (hydro-limited) at level 0:  estdt = 0.009658050433

[Level 0 step 126] ADVANCE at time 0.7346934862 with dt = 0.009658050433

[1m[32m  Beginning subcycle 1 starting at time 0.7346934862 with dt = 0.009658050433[0m
  Estimated number of subcycles remaining: 1

... mhd ...!!! 

Castro::construct_old_gravity() time = 0.021822231 on level 0

Castro::do_old_sources() time = 0.035762234 on level 0

[1m[32m  Subcycle completed[0m

  Subcycling complete

  Zones advanced per microsecond at this level: 0.1030715408

[Level 0 step 126] Advanced 262144 cells
Castro::construct_new_gravity() time = 0.018211148 on level 0

Castro::do_new_sources() time = 0.04476882 on level 0


TIME= 0.7443515367 MASS        = 2.77631691e+33
TIME= 0.7443515367 XMOM        = -8.626687541e+37
TIME= 0.7443515367 YMOM        = 2.207406569e+38
TIME= 0.7443515367 ZMOM        = 1.33305717e+38
TIME= 0.7443515367 ANG MOM X   = -9.420772674e+44
TIME= 0.7443515367 ANG MOM Y   = -3.169262226e+45
TIME= 0.7443515367 ANG MOM Z   = -4.272960033e+45
TIME= 0.7443515367 RHO*e       = 2.619480499e+51
TIME= 0.7443515367 RHO*K       = 2.836983843e+47
TIME= 0.7443515367 RHO*E       = 2.63203101e+51
TIME= 0.7443515367 RHO*PHI     = 0
TIME= 0.7443515367 TOTAL ENERGY= 2.63203101e+51
TIME= 0.7443515367 CENTER OF MASS X-LOC = -348465.1589
TIME= 0.7443515367 CENTER OF MASS X-VEL = -31072.41652
TIME= 0.7443515367 CENTER OF MASS Y-LOC = -230713.4047
TIME= 0.7443515367 CENTER OF MASS Y-VEL = 79508.45097
TIME= 0.7443515367 CENTER OF MASS Z-LOC = -271616.0735
TIME= 0.7443515367 CENTER OF MASS Z-VEL = 48015.30998
TIME= 0.7443515367 MAXIMUM TEMPERATURE  = 0
TIME= 0.7443515367 MAXIMUM DENSITY      = 849603387.9

STEP = 126 TIME = 0.7443515367 DT = 0.009658050433


[STEP 126] Coarse TimeStep time: 2.577882277
[STEP 126] FAB kilobyte spread across MPI nodes: [105462 ... 105462]

...estimated hydro-limited timestep at level 0: 0.009659633474
...hydro-limited CFL timestep constrained at (i,j,k) = (31,32,31)
Castro::estTimeStep (hydro-limited) at level 0:  estdt = 0.009659633474

[Level 0 step 127] ADVANCE at time 0.7443515367 with dt = 0.009659633474

[1m[32m  Beginning subcycle 1 starting at time 0.7443515367 with dt = 0.009659633474[0m
  Estimated number of subcycles remaining: 1

... mhd ...!!! 

Castro::construct_old_gravity() time = 0.033650446 on level 0

Castro::do_old_sources() time = 0.042650268 on level 0

[1m[32m  Subcycle completed[0m

  Subcycling complete

  Zones advanced per microsecond at this level: 0.08892869093

[Level 0 step 127] Advanced 262144 cells
Castro::construct_new_gravity() time = 0.018154229 on level 0

Castro::do_new_sources() time = 0.048359989 on level 0


TIME= 0.7540111701 MASS        = 2.776446427e+33
TIME= 0.7540111701 XMOM        = -8.025698635e+37
TIME= 0.7540111701 YMOM        = 2.173693834e+38
TIME= 0.7540111701 ZMOM        = 1.304564352e+38
TIME= 0.7540111701 ANG MOM X   = -1.002206845e+45
TIME= 0.7540111701 ANG MOM Y   = -3.09386604e+45
TIME= 0.7540111701 ANG MOM Z   = -4.266570536e+45
TIME= 0.7540111701 RHO*e       = 2.619640329e+51
TIME= 0.7540111701 RHO*K       = 2.821674183e+47
TIME= 0.7540111701 RHO*E       = 2.632130796e+51
TIME= 0.7540111701 RHO*PHI     = 0
TIME= 0.7540111701 TOTAL ENERGY= 2.632130796e+51
TIME= 0.7540111701 CENTER OF MASS X-LOC = -348876.6509
TIME= 0.7540111701 CENTER OF MASS X-VEL = -28906.36952
TIME= 0.7540111701 CENTER OF MASS Y-LOC = -230330.5259
TIME= 0.7540111701 CENTER OF MASS Y-VEL = 78290.5016
TIME= 0.7540111701 CENTER OF MASS Z-LOC = -271421.7654
TIME= 0.7540111701 CENTER OF MASS Z-VEL = 46986.83683
TIME= 0.7540111701 MAXIMUM TEMPERATURE  = 0
TIME= 0.7540111701 MAXIMUM DENSITY      = 848675592.7

STEP = 127 TIME = 0.7540111701 DT = 0.009659633474


[STEP 127] Coarse TimeStep time: 2.973965957
[STEP 127] FAB kilobyte spread across MPI nodes: [105462 ... 105462]

...estimated hydro-limited timestep at level 0: 0.009661277834
...hydro-limited CFL timestep constrained at (i,j,k) = (31,32,31)
Castro::estTimeStep (hydro-limited) at level 0:  estdt = 0.009661277834

[Level 0 step 128] ADVANCE at time 0.7540111701 with dt = 0.009661277834

[1m[32m  Beginning subcycle 1 starting at time 0.7540111701 with dt = 0.009661277834[0m
  Estimated number of subcycles remaining: 1

... mhd ...!!! 

Castro::construct_old_gravity() time = 0.06314967 on level 0

Castro::do_old_sources() time = 0.060912236 on level 0

[1m[32m  Subcycle completed[0m

  Subcycling complete

  Zones advanced per microsecond at this level: 0.09904609244

[Level 0 step 128] Advanced 262144 cells
Castro::construct_new_gravity() time = 0.019245267 on level 0

Castro::do_new_sources() time = 0.050426735 on level 0


TIME= 0.763672448 MASS        = 2.776576022e+33
TIME= 0.763672448 XMOM        = -7.436312281e+37
TIME= 0.763672448 YMOM        = 2.140857481e+38
TIME= 0.763672448 ZMOM        = 1.277921449e+38
TIME= 0.763672448 ANG MOM X   = -1.053211205e+45
TIME= 0.763672448 ANG MOM Y   = -3.019953728e+45
TIME= 0.763672448 ANG MOM Z   = -4.261863858e+45
TIME= 0.763672448 RHO*e       = 2.619799116e+51
TIME= 0.763672448 RHO*K       = 2.80677281e+47
TIME= 0.763672448 RHO*E       = 2.632230763e+51
TIME= 0.763672448 RHO*PHI     = 0
TIME= 0.763672448 TOTAL ENERGY= 2.632230763e+51
TIME= 0.763672448 CENTER OF MASS X-LOC = -349268.6495
TIME= 0.763672448 CENTER OF MASS X-VEL = -26782.3111
TIME= 0.763672448 CENTER OF MASS Y-LOC = -229961.9434
TIME= 0.763672448 CENTER OF MASS Y-VEL = 77104.22708
TIME= 0.763672448 CENTER OF MASS Z-LOC = -271238.6981
TIME= 0.763672448 CENTER OF MASS Z-VEL = 46025.08411
TIME= 0.763672448 MAXIMUM TEMPERATURE  = 0
TIME= 0.763672448 MAXIMUM DENSITY      = 847766116.2

STEP = 128 TIME = 0.763672448 DT = 0.009661277834


[STEP 128] Coarse TimeStep time: 2.678341055
[STEP 128] FAB kilobyte spread across MPI nodes: [105462 ... 105462]

...estimated hydro-limited timestep at level 0: 0.009663074737
...hydro-limited CFL timestep constrained at (i,j,k) = (31,32,31)
Castro::estTimeStep (hydro-limited) at level 0:  estdt = 0.009663074737

[Level 0 step 129] ADVANCE at time 0.763672448 with dt = 0.009663074737

[1m[32m  Beginning subcycle 1 starting at time 0.763672448 with dt = 0.009663074737[0m
  Estimated number of subcycles remaining: 1

... mhd ...!!! 

Castro::construct_old_gravity() time = 0.060467904 on level 0

Castro::do_old_sources() time = 0.053367415 on level 0

[1m[32m  Subcycle completed[0m

  Subcycling complete

  Zones advanced per microsecond at this level: 0.09240570429

[Level 0 step 129] Advanced 262144 cells
Castro::construct_new_gravity() time = 0.019040062 on level 0

Castro::do_new_sources() time = 0.092271501 on level 0


TIME= 0.7733355227 MASS        = 2.776705697e+33
TIME= 0.7733355227 XMOM        = -6.859095478e+37
TIME= 0.7733355227 YMOM        = 2.108884778e+38
TIME= 0.7733355227 ZMOM        = 1.253097108e+38
TIME= 0.7733355227 ANG MOM X   = -1.103910231e+45
TIME= 0.7733355227 ANG MOM Y   = -2.939322867e+45
TIME= 0.7733355227 ANG MOM Z   = -4.260122379e+45
TIME= 0.7733355227 RHO*e       = 2.619957485e+51
TIME= 0.7733355227 RHO*K       = 2.792244899e+47
TIME= 0.7733355227 RHO*E       = 2.632331492e+51
TIME= 0.7733355227 RHO*PHI     = 0
TIME= 0.7733355227 TOTAL ENERGY= 2.632331492e+51
TIME= 0.7733355227 CENTER OF MASS X-LOC = -349640.1894
TIME= 0.7733355227 CENTER OF MASS X-VEL = -24702.27754
TIME= 0.7733355227 CENTER OF MASS Y-LOC = -229607.495
TIME= 0.7733355227 CENTER OF MASS Y-VEL = 75949.16451
TIME= 0.7733355227 CENTER OF MASS Z-LOC = -271066.204
TIME= 0.7733355227 CENTER OF MASS Z-VEL = 45128.91334
TIME= 0.7733355227 MAXIMUM TEMPERATURE  = 0
TIME= 0.7733355227 MAXIMUM DENSITY      = 846886380.3

STEP = 129 TIME = 0.7733355227 DT = 0.009663074737


[STEP 129] Coarse TimeStep time: 2.8668835
[STEP 129] FAB kilobyte spread across MPI nodes: [105462 ... 105462]

...estimated hydro-limited timestep at level 0: 0.009665006515
...hydro-limited CFL timestep constrained at (i,j,k) = (31,32,31)
Castro::estTimeStep (hydro-limited) at level 0:  estdt = 0.009665006515

[Level 0 step 130] ADVANCE at time 0.7733355227 with dt = 0.009665006515

[1m[32m  Beginning subcycle 1 starting at time 0.7733355227 with dt = 0.009665006515[0m
  Estimated number of subcycles remaining: 1

... mhd ...!!! 

Castro::construct_old_gravity() time = 0.025385694 on level 0

Castro::do_old_sources() time = 0.041027847 on level 0

[1m[32m  Subcycle completed[0m

  Subcycling complete

  Zones advanced per microsecond at this level: 0.08951996573

[Level 0 step 130] Advanced 262144 cells
Castro::construct_new_gravity() time = 0.020586275 on level 0

Castro::do_new_sources() time = 0.058192315 on level 0


TIME= 0.7830005292 MASS        = 2.776835455e+33
TIME= 0.7830005292 XMOM        = -6.294855238e+37
TIME= 0.7830005292 YMOM        = 2.077796231e+38
TIME= 0.7830005292 ZMOM        = 1.230014902e+38
TIME= 0.7830005292 ANG MOM X   = -1.15129819e+45
TIME= 0.7830005292 ANG MOM Y   = -2.856647865e+45
TIME= 0.7830005292 ANG MOM Z   = -4.266694389e+45
TIME= 0.7830005292 RHO*e       = 2.620116696e+51
TIME= 0.7830005292 RHO*K       = 2.778106225e+47
TIME= 0.7830005292 RHO*E       = 2.632433943e+51
TIME= 0.7830005292 RHO*PHI     = 0
TIME= 0.7830005292 TOTAL ENERGY= 2.632433943e+51
TIME= 0.7830005292 CENTER OF MASS X-LOC = -349990.7562
TIME= 0.7830005292 CENTER OF MASS X-VEL = -22669.16906
TIME= 0.7830005292 CENTER OF MASS Y-LOC = -229267.9513
TIME= 0.7830005292 CENTER OF MASS Y-VEL = 74826.04803
TIME= 0.7830005292 CENTER OF MASS Z-LOC = -270903.1433
TIME= 0.7830005292 CENTER OF MASS Z-VEL = 44295.56312
TIME= 0.7830005292 MAXIMUM TEMPERATURE  = 0
TIME= 0.7830005292 MAXIMUM DENSITY      = 846026925.3

STEP = 130 TIME = 0.7830005292 DT = 0.009665006515


[STEP 130] Coarse TimeStep time: 2.95807935
[STEP 130] FAB kilobyte spread across MPI nodes: [105462 ... 105462]

PLOTFILE: file = plt_seed123ext00130
Write plotfile time = 0.078859206  seconds

...estimated hydro-limited timestep at level 0: 0.009667018159
...hydro-limited CFL timestep constrained at (i,j,k) = (31,32,31)
Castro::estTimeStep (hydro-limited) at level 0:  estdt = 0.009667018159

[Level 0 step 131] ADVANCE at time 0.7830005292 with dt = 0.009667018159

[1m[32m  Beginning subcycle 1 starting at time 0.7830005292 with dt = 0.009667018159[0m
  Estimated number of subcycles remaining: 1

... mhd ...!!! 

Castro::construct_old_gravity() time = 0.027222812 on level 0

Castro::do_old_sources() time = 0.044546147 on level 0

[1m[32m  Subcycle completed[0m

  Subcycling complete

  Zones advanced per microsecond at this level: 0.09512623287

[Level 0 step 131] Advanced 262144 cells
Castro::construct_new_gravity() time = 0.019422753 on level 0

Castro::do_new_sources() time = 0.044497644 on level 0


TIME= 0.7926675474 MASS        = 2.776965295e+33
TIME= 0.7926675474 XMOM        = -5.744642453e+37
TIME= 0.7926675474 YMOM        = 2.047629073e+38
TIME= 0.7926675474 ZMOM        = 1.208567026e+38
TIME= 0.7926675474 ANG MOM X   = -1.19388053e+45
TIME= 0.7926675474 ANG MOM Y   = -2.777901252e+45
TIME= 0.7926675474 ANG MOM Z   = -4.284385365e+45
TIME= 0.7926675474 RHO*e       = 2.620275751e+51
TIME= 0.7926675474 RHO*K       = 2.764343136e+47
TIME= 0.7926675474 RHO*E       = 2.632537464e+51
TIME= 0.7926675474 RHO*PHI     = 0
TIME= 0.7926675474 TOTAL ENERGY= 2.632537464e+51
TIME= 0.7926675474 CENTER OF MASS X-LOC = -350318.8108
TIME= 0.7926675474 CENTER OF MASS X-VEL = -20686.76358
TIME= 0.7926675474 CENTER OF MASS Y-LOC = -228943.1629
TIME= 0.7926675474 CENTER OF MASS Y-VEL = 73736.21403
TIME= 0.7926675474 CENTER OF MASS Z-LOC = -270747.6145
TIME= 0.7926675474 CENTER OF MASS Z-VEL = 43521.1426
TIME= 0.7926675474 MAXIMUM TEMPERATURE  = 0
TIME= 0.7926675474 MAXIMUM DENSITY      = 845184892

STEP = 131 TIME = 0.7926675474 DT = 0.009667018159


[STEP 131] Coarse TimeStep time: 2.789265435
[STEP 131] FAB kilobyte spread across MPI nodes: [105462 ... 105462]

...estimated hydro-limited timestep at level 0: 0.009669186087
...hydro-limited CFL timestep constrained at (i,j,k) = (31,32,31)
Castro::estTimeStep (hydro-limited) at level 0:  estdt = 0.009669186087

[Level 0 step 132] ADVANCE at time 0.7926675474 with dt = 0.009669186087

[1m[32m  Beginning subcycle 1 starting at time 0.7926675474 with dt = 0.009669186087[0m
  Estimated number of subcycles remaining: 1

... mhd ...!!! 

Castro::construct_old_gravity() time = 0.028018532 on level 0

Castro::do_old_sources() time = 0.041362016 on level 0

[1m[32m  Subcycle completed[0m

  Subcycling complete

  Zones advanced per microsecond at this level: 0.09606905069

[Level 0 step 132] Advanced 262144 cells
Castro::construct_new_gravity() time = 0.030329517 on level 0

Castro::do_new_sources() time = 0.060427979 on level 0


TIME= 0.8023367335 MASS        = 2.77709522e+33
TIME= 0.8023367335 XMOM        = -5.209339939e+37
TIME= 0.8023367335 YMOM        = 2.018405962e+38
TIME= 0.8023367335 ZMOM        = 1.188660155e+38
TIME= 0.8023367335 ANG MOM X   = -1.239007543e+45
TIME= 0.8023367335 ANG MOM Y   = -2.706931661e+45
TIME= 0.8023367335 ANG MOM Z   = -4.306717453e+45
TIME= 0.8023367335 RHO*e       = 2.620433499e+51
TIME= 0.8023367335 RHO*K       = 2.750987279e+47
TIME= 0.8023367335 RHO*E       = 2.632641018e+51
TIME= 0.8023367335 RHO*PHI     = 0
TIME= 0.8023367335 TOTAL ENERGY= 2.632641018e+51
TIME= 0.8023367335 CENTER OF MASS X-LOC = -350625.2945
TIME= 0.8023367335 CENTER OF MASS X-VEL = -18758.23307
TIME= 0.8023367335 CENTER OF MASS Y-LOC = -228632.566
TIME= 0.8023367335 CENTER OF MASS Y-VEL = 72680.47374
TIME= 0.8023367335 CENTER OF MASS Z-LOC = -270600.2292
TIME= 0.8023367335 CENTER OF MASS Z-VEL = 42802.283
TIME= 0.8023367335 MAXIMUM TEMPERATURE  = 0
TIME= 0.8023367335 MAXIMUM DENSITY      = 844357262.5

STEP = 132 TIME = 0.8023367335 DT = 0.009669186087


[STEP 132] Coarse TimeStep time: 2.761304925
[STEP 132] FAB kilobyte spread across MPI nodes: [105462 ... 105462]

...estimated hydro-limited timestep at level 0: 0.009671589929
...hydro-limited CFL timestep constrained at (i,j,k) = (31,32,31)
Castro::estTimeStep (hydro-limited) at level 0:  estdt = 0.009671589929

[Level 0 step 133] ADVANCE at time 0.8023367335 with dt = 0.009671589929

[1m[32m  Beginning subcycle 1 starting at time 0.8023367335 with dt = 0.009671589929[0m
  Estimated number of subcycles remaining: 1

... mhd ...!!! 

Castro::construct_old_gravity() time = 0.048253583 on level 0

Castro::do_old_sources() time = 0.047073479 on level 0

[1m[32m  Subcycle completed[0m

  Subcycling complete

  Zones advanced per microsecond at this level: 0.08946193397

[Level 0 step 133] Advanced 262144 cells
Castro::construct_new_gravity() time = 0.019321135 on level 0

Castro::do_new_sources() time = 0.053426726 on level 0


TIME= 0.8120083234 MASS        = 2.777225233e+33
TIME= 0.8120083234 XMOM        = -4.689379017e+37
TIME= 0.8120083234 YMOM        = 1.990153288e+38
TIME= 0.8120083234 ZMOM        = 1.170220843e+38
TIME= 0.8120083234 ANG MOM X   = -1.300276464e+45
TIME= 0.8120083234 ANG MOM Y   = -2.632949206e+45
TIME= 0.8120083234 ANG MOM Z   = -4.337329955e+45
TIME= 0.8120083234 RHO*e       = 2.620590545e+51
TIME= 0.8120083234 RHO*K       = 2.738103338e+47
TIME= 0.8120083234 RHO*E       = 2.63274493e+51
TIME= 0.8120083234 RHO*PHI     = 0
TIME= 0.8120083234 TOTAL ENERGY= 2.63274493e+51
TIME= 0.8120083234 CENTER OF MASS X-LOC = -350910.1183
TIME= 0.8120083234 CENTER OF MASS X-VEL = -16885.12318
TIME= 0.8120083234 CENTER OF MASS Y-LOC = -228336.4516
TIME= 0.8120083234 CENTER OF MASS Y-VEL = 71659.77266
TIME= 0.8120083234 CENTER OF MASS Z-LOC = -270460.3592
TIME= 0.8120083234 CENTER OF MASS Z-VEL = 42136.33195
TIME= 0.8120083234 MAXIMUM TEMPERATURE  = 0
TIME= 0.8120083234 MAXIMUM DENSITY      = 843529293.9

STEP = 133 TIME = 0.8120083234 DT = 0.009671589929


[STEP 133] Coarse TimeStep time: 2.961796375
[STEP 133] FAB kilobyte spread across MPI nodes: [105462 ... 105462]

...estimated hydro-limited timestep at level 0: 0.009673989095
...hydro-limited CFL timestep constrained at (i,j,k) = (31,32,31)
Castro::estTimeStep (hydro-limited) at level 0:  estdt = 0.009673989095

[Level 0 step 134] ADVANCE at time 0.8120083234 with dt = 0.009673989095

[1m[32m  Beginning subcycle 1 starting at time 0.8120083234 with dt = 0.009673989095[0m
  Estimated number of subcycles remaining: 1

... mhd ...!!! 

Castro::construct_old_gravity() time = 0.023518541 on level 0

Castro::do_old_sources() time = 0.049867978 on level 0

[1m[32m  Subcycle completed[0m

  Subcycling complete

  Zones advanced per microsecond at this level: 0.09763902914

[Level 0 step 134] Advanced 262144 cells
Castro::construct_new_gravity() time = 0.019252604 on level 0

Castro::do_new_sources() time = 0.047091704 on level 0


TIME= 0.8216823125 MASS        = 2.777355334e+33
TIME= 0.8216823125 XMOM        = -4.184749463e+37
TIME= 0.8216823125 YMOM        = 1.962915902e+38
TIME= 0.8216823125 ZMOM        = 1.153141064e+38
TIME= 0.8216823125 ANG MOM X   = -1.36375627e+45
TIME= 0.8216823125 ANG MOM Y   = -2.561809239e+45
TIME= 0.8216823125 ANG MOM Z   = -4.374764142e+45
TIME= 0.8216823125 RHO*e       = 2.620746566e+51
TIME= 0.8216823125 RHO*K       = 2.725617429e+47
TIME= 0.8216823125 RHO*E       = 2.632848728e+51
TIME= 0.8216823125 RHO*PHI     = 0
TIME= 0.8216823125 TOTAL ENERGY= 2.632848728e+51
TIME= 0.8216823125 CENTER OF MASS X-LOC = -351173.9821
TIME= 0.8216823125 CENTER OF MASS X-VEL = -15067.38951
TIME= 0.8216823125 CENTER OF MASS Y-LOC = -228055.4374
TIME= 0.8216823125 CENTER OF MASS Y-VEL = 70675.72081
TIME= 0.8216823125 CENTER OF MASS Z-LOC = -270327.0497
TIME= 0.8216823125 CENTER OF MASS Z-VEL = 41519.39258
TIME= 0.8216823125 MAXIMUM TEMPERATURE  = 0
TIME= 0.8216823125 MAXIMUM DENSITY      = 842687529.6

STEP = 134 TIME = 0.8216823125 DT = 0.009673989095


[STEP 134] Coarse TimeStep time: 2.711904382
[STEP 134] FAB kilobyte spread across MPI nodes: [105462 ... 105462]

...estimated hydro-limited timestep at level 0: 0.009676658531
...hydro-limited CFL timestep constrained at (i,j,k) = (31,32,31)
Castro::estTimeStep (hydro-limited) at level 0:  estdt = 0.009676658531

[Level 0 step 135] ADVANCE at time 0.8216823125 with dt = 0.009676658531

[1m[32m  Beginning subcycle 1 starting at time 0.8216823125 with dt = 0.009676658531[0m
  Estimated number of subcycles remaining: 1

... mhd ...!!! 

Castro::construct_old_gravity() time = 0.025493988 on level 0

Castro::do_old_sources() time = 0.038597618 on level 0

[1m[32m  Subcycle completed[0m

  Subcycling complete

  Zones advanced per microsecond at this level: 0.09400700471

[Level 0 step 135] Advanced 262144 cells
Castro::construct_new_gravity() time = 0.021021603 on level 0

Castro::do_new_sources() time = 0.049967834 on level 0


TIME= 0.831358971 MASS        = 2.777485526e+33
TIME= 0.831358971 XMOM        = -3.694980728e+37
TIME= 0.831358971 YMOM        = 1.936708907e+38
TIME= 0.831358971 ZMOM        = 1.137280142e+38
TIME= 0.831358971 ANG MOM X   = -1.427053807e+45
TIME= 0.831358971 ANG MOM Y   = -2.495315116e+45
TIME= 0.831358971 ANG MOM Z   = -4.415408686e+45
TIME= 0.831358971 RHO*e       = 2.62090247e+51
TIME= 0.831358971 RHO*K       = 2.713514439e+47
TIME= 0.831358971 RHO*E       = 2.632953745e+51
TIME= 0.831358971 RHO*PHI     = 0
TIME= 0.831358971 TOTAL ENERGY= 2.632953745e+51
TIME= 0.831358971 CENTER OF MASS X-LOC = -351417.7702
TIME= 0.831358971 CENTER OF MASS X-VEL = -13303.33027
TIME= 0.831358971 CENTER OF MASS Y-LOC = -227788.1152
TIME= 0.831358971 CENTER OF MASS Y-VEL = 69728.85687
TIME= 0.831358971 CENTER OF MASS Z-LOC = -270200.8753
TIME= 0.831358971 CENTER OF MASS Z-VEL = 40946.39311
TIME= 0.831358971 MAXIMUM TEMPERATURE  = 0
TIME= 0.831358971 MAXIMUM DENSITY      = 841837508

STEP = 135 TIME = 0.831358971 DT = 0.009676658531


[STEP 135] Coarse TimeStep time: 2.818155537
[STEP 135] FAB kilobyte spread across MPI nodes: [105462 ... 105462]

PLOTFILE: file = plt_seed123ext00135
Write plotfile time = 0.043760451  seconds

...estimated hydro-limited timestep at level 0: 0.009679421506
...hydro-limited CFL timestep constrained at (i,j,k) = (31,32,31)
Castro::estTimeStep (hydro-limited) at level 0:  estdt = 0.009679421506

[Level 0 step 136] ADVANCE at time 0.831358971 with dt = 0.009679421506

[1m[32m  Beginning subcycle 1 starting at time 0.831358971 with dt = 0.009679421506[0m
  Estimated number of subcycles remaining: 1

... mhd ...!!! 

Castro::construct_old_gravity() time = 0.029040022 on level 0

Castro::do_old_sources() time = 0.061465461 on level 0

[1m[32m  Subcycle completed[0m

  Subcycling complete

  Zones advanced per microsecond at this level: 0.09873089666

[Level 0 step 136] Advanced 262144 cells
Castro::construct_new_gravity() time = 0.017109454 on level 0

Castro::do_new_sources() time = 0.043677251 on level 0


TIME= 0.8410383925 MASS        = 2.777615811e+33
TIME= 0.8410383925 XMOM        = -3.21955741e+37
TIME= 0.8410383925 YMOM        = 1.911511905e+38
TIME= 0.8410383925 ZMOM        = 1.122483784e+38
TIME= 0.8410383925 ANG MOM X   = -1.499089689e+45
TIME= 0.8410383925 ANG MOM Y   = -2.441234609e+45
TIME= 0.8410383925 ANG MOM Z   = -4.452262146e+45
TIME= 0.8410383925 RHO*e       = 2.621058212e+51
TIME= 0.8410383925 RHO*K       = 2.701776469e+47
TIME= 0.8410383925 RHO*E       = 2.633059597e+51
TIME= 0.8410383925 RHO*PHI     = 0
TIME= 0.8410383925 TOTAL ENERGY= 2.633059597e+51
TIME= 0.8410383925 CENTER OF MASS X-LOC = -351642.0275
TIME= 0.8410383925 CENTER OF MASS X-VEL = -11591.08253
TIME= 0.8410383925 CENTER OF MASS Y-LOC = -227534.4893
TIME= 0.8410383925 CENTER OF MASS Y-VEL = 68818.44123
TIME= 0.8410383925 CENTER OF MASS Z-LOC = -270081.5853
TIME= 0.8410383925 CENTER OF MASS Z-VEL = 40411.77256
TIME= 0.8410383925 MAXIMUM TEMPERATURE  = 0
TIME= 0.8410383925 MAXIMUM DENSITY      = 840983039.3

STEP = 136 TIME = 0.8410383925 DT = 0.009679421506


[STEP 136] Coarse TimeStep time: 2.681247454
[STEP 136] FAB kilobyte spread across MPI nodes: [105462 ... 105462]

...estimated hydro-limited timestep at level 0: 0.009682333429
...hydro-limited CFL timestep constrained at (i,j,k) = (31,32,31)
Castro::estTimeStep (hydro-limited) at level 0:  estdt = 0.009682333429

[Level 0 step 137] ADVANCE at time 0.8410383925 with dt = 0.009682333429

[1m[32m  Beginning subcycle 1 starting at time 0.8410383925 with dt = 0.009682333429[0m
  Estimated number of subcycles remaining: 1

... mhd ...!!! 

Castro::construct_old_gravity() time = 0.021640782 on level 0

Castro::do_old_sources() time = 0.04359416 on level 0

[1m[32m  Subcycle completed[0m

  Subcycling complete

  Zones advanced per microsecond at this level: 0.09882171961

[Level 0 step 137] Advanced 262144 cells
Castro::construct_new_gravity() time = 0.018724272 on level 0

Castro::do_new_sources() time = 0.04781662 on level 0


TIME= 0.850720726 MASS        = 2.777746191e+33
TIME= 0.850720726 XMOM        = -2.758020711e+37
TIME= 0.850720726 YMOM        = 1.88728605e+38
TIME= 0.850720726 ZMOM        = 1.10859365e+38
TIME= 0.850720726 ANG MOM X   = -1.579875417e+45
TIME= 0.850720726 ANG MOM Y   = -2.39232356e+45
TIME= 0.850720726 ANG MOM Z   = -4.488510938e+45
TIME= 0.850720726 RHO*e       = 2.621214691e+51
TIME= 0.850720726 RHO*K       = 2.690373254e+47
TIME= 0.850720726 RHO*E       = 2.63316665e+51
TIME= 0.850720726 RHO*PHI     = 0
TIME= 0.850720726 TOTAL ENERGY= 2.63316665e+51
TIME= 0.850720726 CENTER OF MASS X-LOC = -351847.6341
TIME= 0.850720726 CENTER OF MASS X-VEL = -9928.987464
TIME= 0.850720726 CENTER OF MASS Y-LOC = -227294.6351
TIME= 0.850720726 CENTER OF MASS Y-VEL = 67943.07039
TIME= 0.850720726 CENTER OF MASS Z-LOC = -269968.1649
TIME= 0.850720726 CENTER OF MASS Z-VEL = 39909.82523
TIME= 0.850720726 MAXIMUM TEMPERATURE  = 0
TIME= 0.850720726 MAXIMUM DENSITY      = 840134447

STEP = 137 TIME = 0.850720726 DT = 0.009682333429


[STEP 137] Coarse TimeStep time: 2.680724316
[STEP 137] FAB kilobyte spread across MPI nodes: [105462 ... 105462]

...estimated hydro-limited timestep at level 0: 0.009683455865
...hydro-limited CFL timestep constrained at (i,j,k) = (32,32,32)
Castro::estTimeStep (hydro-limited) at level 0:  estdt = 0.009683455865

[Level 0 step 138] ADVANCE at time 0.850720726 with dt = 0.009683455865

[1m[32m  Beginning subcycle 1 starting at time 0.850720726 with dt = 0.009683455865[0m
  Estimated number of subcycles remaining: 1

... mhd ...!!! 

Castro::construct_old_gravity() time = 0.030404984 on level 0

Castro::do_old_sources() time = 0.040758748 on level 0

[1m[32m  Subcycle completed[0m

  Subcycling complete

  Zones advanced per microsecond at this level: 0.09905484106

[Level 0 step 138] Advanced 262144 cells
Castro::construct_new_gravity() time = 0.077968632 on level 0

Castro::do_new_sources() time = 0.045097775 on level 0


TIME= 0.8604041818 MASS        = 2.777876641e+33
TIME= 0.8604041818 XMOM        = -2.310157266e+37
TIME= 0.8604041818 YMOM        = 1.863966691e+38
TIME= 0.8604041818 ZMOM        = 1.095471708e+38
TIME= 0.8604041818 ANG MOM X   = -1.663403884e+45
TIME= 0.8604041818 ANG MOM Y   = -2.342888033e+45
TIME= 0.8604041818 ANG MOM Z   = -4.524387565e+45
TIME= 0.8604041818 RHO*e       = 2.62137053e+51
TIME= 0.8604041818 RHO*K       = 2.679333848e+47
TIME= 0.8604041818 RHO*E       = 2.633274549e+51
TIME= 0.8604041818 RHO*PHI     = 0
TIME= 0.8604041818 TOTAL ENERGY= 2.633274549e+51
TIME= 0.8604041818 CENTER OF MASS X-LOC = -352034.6538
TIME= 0.8604041818 CENTER OF MASS X-VEL = -8316.270175
TIME= 0.8604041818 CENTER OF MASS Y-LOC = -227067.2402
TIME= 0.8604041818 CENTER OF MASS Y-VEL = 67100.41274
TIME= 0.8604041818 CENTER OF MASS Z-LOC = -269860.6121
TIME= 0.8604041818 CENTER OF MASS Z-VEL = 39435.57795
TIME= 0.8604041818 MAXIMUM TEMPERATURE  = 0
TIME= 0.8604041818 MAXIMUM DENSITY      = 839289266.8

STEP = 138 TIME = 0.8604041818 DT = 0.009683455865


[STEP 138] Coarse TimeStep time: 2.675919359
[STEP 138] FAB kilobyte spread across MPI nodes: [105462 ... 105462]

...estimated hydro-limited timestep at level 0: 0.009683694762
...hydro-limited CFL timestep constrained at (i,j,k) = (32,32,32)
Castro::estTimeStep (hydro-limited) at level 0:  estdt = 0.009683694762

[Level 0 step 139] ADVANCE at time 0.8604041818 with dt = 0.009683694762

[1m[32m  Beginning subcycle 1 starting at time 0.8604041818 with dt = 0.009683694762[0m
  Estimated number of subcycles remaining: 1

... mhd ...!!! 

Castro::construct_old_gravity() time = 0.024230899 on level 0

Castro::do_old_sources() time = 0.038004519 on level 0

[1m[32m  Subcycle completed[0m

  Subcycling complete

  Zones advanced per microsecond at this level: 0.1019953576

[Level 0 step 139] Advanced 262144 cells
Castro::construct_new_gravity() time = 0.017194959 on level 0

Castro::do_new_sources() time = 0.042131097 on level 0


TIME= 0.8700878766 MASS        = 2.778007149e+33
TIME= 0.8700878766 XMOM        = -1.875753801e+37
TIME= 0.8700878766 YMOM        = 1.841479086e+38
TIME= 0.8700878766 ZMOM        = 1.082996596e+38
TIME= 0.8700878766 ANG MOM X   = -1.749645047e+45
TIME= 0.8700878766 ANG MOM Y   = -2.286762192e+45
TIME= 0.8700878766 ANG MOM Z   = -4.558824421e+45
TIME= 0.8700878766 RHO*e       = 2.621525799e+51
TIME= 0.8700878766 RHO*K       = 2.668715593e+47
TIME= 0.8700878766 RHO*E       = 2.63338261e+51
TIME= 0.8700878766 RHO*PHI     = 0
TIME= 0.8700878766 TOTAL ENERGY= 2.63338261e+51
TIME= 0.8700878766 CENTER OF MASS X-LOC = -352203.4215
TIME= 0.8700878766 CENTER OF MASS X-VEL = -6752.156134
TIME= 0.8700878766 CENTER OF MASS Y-LOC = -226852.1237
TIME= 0.8700878766 CENTER OF MASS Y-VEL = 66287.77349
TIME= 0.8700878766 CENTER OF MASS Z-LOC = -269758.582
TIME= 0.8700878766 CENTER OF MASS Z-VEL = 38984.65834
TIME= 0.8700878766 MAXIMUM TEMPERATURE  = 0
TIME= 0.8700878766 MAXIMUM DENSITY      = 838457387.8

STEP = 139 TIME = 0.8700878766 DT = 0.009683694762


[STEP 139] Coarse TimeStep time: 2.594699488
[STEP 139] FAB kilobyte spread across MPI nodes: [105462 ... 105462]

...estimated hydro-limited timestep at level 0: 0.009683955405
...hydro-limited CFL timestep constrained at (i,j,k) = (32,32,32)
Castro::estTimeStep (hydro-limited) at level 0:  estdt = 0.009683955405

[Level 0 step 140] ADVANCE at time 0.8700878766 with dt = 0.009683955405

[1m[32m  Beginning subcycle 1 starting at time 0.8700878766 with dt = 0.009683955405[0m
  Estimated number of subcycles remaining: 1

... mhd ...!!! 

Castro::construct_old_gravity() time = 0.022417851 on level 0

Castro::do_old_sources() time = 0.03621711 on level 0

[1m[32m  Subcycle completed[0m

  Subcycling complete

  Zones advanced per microsecond at this level: 0.1020799753

[Level 0 step 140] Advanced 262144 cells
Castro::construct_new_gravity() time = 0.018137104 on level 0

Castro::do_new_sources() time = 0.047619318 on level 0


TIME= 0.879771832 MASS        = 2.778137716e+33
TIME= 0.879771832 XMOM        = -1.454647732e+37
TIME= 0.879771832 YMOM        = 1.819749808e+38
TIME= 0.879771832 ZMOM        = 1.07103001e+38
TIME= 0.879771832 ANG MOM X   = -1.838210805e+45
TIME= 0.879771832 ANG MOM Y   = -2.226626385e+45
TIME= 0.879771832 ANG MOM Z   = -4.58781563e+45
TIME= 0.879771832 RHO*e       = 2.621682197e+51
TIME= 0.879771832 RHO*K       = 2.658432157e+47
TIME= 0.879771832 RHO*E       = 2.633492382e+51
TIME= 0.879771832 RHO*PHI     = 0
TIME= 0.879771832 TOTAL ENERGY= 2.633492382e+51
TIME= 0.879771832 CENTER OF MASS X-LOC = -352353.2893
TIME= 0.879771832 CENTER OF MASS X-VEL = -5236.05336
TIME= 0.879771832 CENTER OF MASS Y-LOC = -226649.2896
TIME= 0.879771832 CENTER OF MASS Y-VEL = 65502.50544
TIME= 0.879771832 CENTER OF MASS Z-LOC = -269659.4677
TIME= 0.879771832 CENTER OF MASS Z-VEL = 38552.08489
TIME= 0.879771832 MAXIMUM TEMPERATURE  = 0
TIME= 0.879771832 MAXIMUM DENSITY      = 837641027

STEP = 140 TIME = 0.879771832 DT = 0.009683955405


[STEP 140] Coarse TimeStep time: 2.596116226
[STEP 140] FAB kilobyte spread across MPI nodes: [105462 ... 105462]

PLOTFILE: file = plt_seed123ext00140
Write plotfile time = 0.036639772  seconds

...estimated hydro-limited timestep at level 0: 0.009684147573
...hydro-limited CFL timestep constrained at (i,j,k) = (32,32,32)
Castro::estTimeStep (hydro-limited) at level 0:  estdt = 0.009684147573

[Level 0 step 141] ADVANCE at time 0.879771832 with dt = 0.009684147573

[1m[32m  Beginning subcycle 1 starting at time 0.879771832 with dt = 0.009684147573[0m
  Estimated number of subcycles remaining: 1

... mhd ...!!! 

Castro::construct_old_gravity() time = 0.026889302 on level 0

Castro::do_old_sources() time = 0.038942913 on level 0

[1m[32m  Subcycle completed[0m

  Subcycling complete

  Zones advanced per microsecond at this level: 0.09473280306

[Level 0 step 141] Advanced 262144 cells
Castro::construct_new_gravity() time = 0.019228077 on level 0

Castro::do_new_sources() time = 0.045548806 on level 0


TIME= 0.8894559796 MASS        = 2.77826834e+33
TIME= 0.8894559796 XMOM        = -1.046727605e+37
TIME= 0.8894559796 YMOM        = 1.798686292e+38
TIME= 0.8894559796 ZMOM        = 1.059440316e+38
TIME= 0.8894559796 ANG MOM X   = -1.922305313e+45
TIME= 0.8894559796 ANG MOM Y   = -2.160279793e+45
TIME= 0.8894559796 ANG MOM Z   = -4.610558878e+45
TIME= 0.8894559796 RHO*e       = 2.621839908e+51
TIME= 0.8894559796 RHO*K       = 2.648451173e+47
TIME= 0.8894559796 RHO*E       = 2.633603906e+51
TIME= 0.8894559796 RHO*PHI     = 0
TIME= 0.8894559796 TOTAL ENERGY= 2.633603906e+51
TIME= 0.8894559796 CENTER OF MASS X-LOC = -352485.4821
TIME= 0.8894559796 CENTER OF MASS X-VEL = -3767.554017
TIME= 0.8894559796 CENTER OF MASS Y-LOC = -226457.4791
TIME= 0.8894559796 CENTER OF MASS Y-VEL = 64741.27307
TIME= 0.8894559796 CENTER OF MASS Z-LOC = -269562.9097
TIME= 0.8894559796 CENTER OF MASS Z-VEL = 38133.11697
TIME= 0.8894559796 MAXIMUM TEMPERATURE  = 0
TIME= 0.8894559796 MAXIMUM DENSITY      = 836845809.7

STEP = 141 TIME = 0.8894559796 DT = 0.009684147573


[STEP 141] Coarse TimeStep time: 2.795073372
[STEP 141] FAB kilobyte spread across MPI nodes: [105462 ... 105462]

...estimated hydro-limited timestep at level 0: 0.009684343749
...hydro-limited CFL timestep constrained at (i,j,k) = (32,32,32)
Castro::estTimeStep (hydro-limited) at level 0:  estdt = 0.009684343749

[Level 0 step 142] ADVANCE at time 0.8894559796 with dt = 0.009684343749

[1m[32m  Beginning subcycle 1 starting at time 0.8894559796 with dt = 0.009684343749[0m
  Estimated number of subcycles remaining: 1

... mhd ...!!! 

Castro::construct_old_gravity() time = 0.019295681 on level 0

Castro::do_old_sources() time = 0.035643323 on level 0

[1m[32m  Subcycle completed[0m

  Subcycling complete

  Zones advanced per microsecond at this level: 0.1031281964

[Level 0 step 142] Advanced 262144 cells
Castro::construct_new_gravity() time = 0.016664594 on level 0

Castro::do_new_sources() time = 0.039886062 on level 0


TIME= 0.8991403233 MASS        = 2.778399022e+33
TIME= 0.8991403233 XMOM        = -6.517319083e+36
TIME= 0.8991403233 YMOM        = 1.778161817e+38
TIME= 0.8991403233 ZMOM        = 1.04814054e+38
TIME= 0.8991403233 ANG MOM X   = -2.001831647e+45
TIME= 0.8991403233 ANG MOM Y   = -2.086819224e+45
TIME= 0.8991403233 ANG MOM Z   = -4.628768821e+45
TIME= 0.8991403233 RHO*e       = 2.62199854e+51
TIME= 0.8991403233 RHO*K       = 2.638708199e+47
TIME= 0.8991403233 RHO*E       = 2.633716637e+51
TIME= 0.8991403233 RHO*PHI     = 0
TIME= 0.8991403233 TOTAL ENERGY= 2.633716637e+51
TIME= 0.8991403233 CENTER OF MASS X-LOC = -352600.5478
TIME= 0.8991403233 CENTER OF MASS X-VEL = -2345.710257
TIME= 0.8991403233 CENTER OF MASS Y-LOC = -226275.487
TIME= 0.8991403233 CENTER OF MASS Y-VEL = 63999.51208
TIME= 0.8991403233 CENTER OF MASS Z-LOC = -269469.1243
TIME= 0.8991403233 CENTER OF MASS Z-VEL = 37724.6224
TIME= 0.8991403233 MAXIMUM TEMPERATURE  = 0
TIME= 0.8991403233 MAXIMUM DENSITY      = 836068451.5

STEP = 142 TIME = 0.8991403233 DT = 0.009684343749


[STEP 142] Coarse TimeStep time: 2.566422276
[STEP 142] FAB kilobyte spread across MPI nodes: [105462 ... 105462]

...estimated hydro-limited timestep at level 0: 0.009682645031
...hydro-limited CFL timestep constrained at (i,j,k) = (31,32,33)
Castro::estTimeStep (hydro-limited) at level 0:  estdt = 0.009682645031

[Level 0 step 143] ADVANCE at time 0.8991403233 with dt = 0.009682645031

[1m[32m  Beginning subcycle 1 starting at time 0.8991403233 with dt = 0.009682645031[0m
  Estimated number of subcycles remaining: 1

... mhd ...!!! 

Castro::construct_old_gravity() time = 0.020609507 on level 0

Castro::do_old_sources() time = 0.030634286 on level 0

[1m[32m  Subcycle completed[0m

  Subcycling complete

  Zones advanced per microsecond at this level: 0.1007569252

[Level 0 step 143] Advanced 262144 cells
Castro::construct_new_gravity() time = 0.019204054 on level 0

Castro::do_new_sources() time = 0.043591363 on level 0


TIME= 0.9088229683 MASS        = 2.778529735e+33
TIME= 0.9088229683 XMOM        = -2.694030451e+36
TIME= 0.9088229683 YMOM        = 1.758037816e+38
TIME= 0.9088229683 ZMOM        = 1.03710621e+38
TIME= 0.9088229683 ANG MOM X   = -2.072709188e+45
TIME= 0.9088229683 ANG MOM Y   = -2.00814821e+45
TIME= 0.9088229683 ANG MOM Z   = -4.632866926e+45
TIME= 0.9088229683 RHO*e       = 2.622157933e+51
TIME= 0.9088229683 RHO*K       = 2.629243219e+47
TIME= 0.9088229683 RHO*E       = 2.633830982e+51
TIME= 0.9088229683 RHO*PHI     = 0
TIME= 0.9088229683 TOTAL ENERGY= 2.633830982e+51
TIME= 0.9088229683 CENTER OF MASS X-LOC = -352698.8021
TIME= 0.9088229683 CENTER OF MASS X-VEL = -969.5884903
TIME= 0.9088229683 CENTER OF MASS Y-LOC = -226102.514
TIME= 0.9088229683 CENTER OF MASS Y-VEL = 63272.23326
TIME= 0.9088229683 CENTER OF MASS Z-LOC = -269378.4401
TIME= 0.9088229683 CENTER OF MASS Z-VEL = 37325.71932
TIME= 0.9088229683 MAXIMUM TEMPERATURE  = 0
TIME= 0.9088229683 MAXIMUM DENSITY      = 835303807.7

STEP = 143 TIME = 0.9088229683 DT = 0.009682645031


[STEP 143] Coarse TimeStep time: 2.630093225
[STEP 143] FAB kilobyte spread across MPI nodes: [105462 ... 105462]

...estimated hydro-limited timestep at level 0: 0.009680167959
...hydro-limited CFL timestep constrained at (i,j,k) = (31,32,33)
Castro::estTimeStep (hydro-limited) at level 0:  estdt = 0.009680167959

[Level 0 step 144] ADVANCE at time 0.9088229683 with dt = 0.009680167959

[1m[32m  Beginning subcycle 1 starting at time 0.9088229683 with dt = 0.009680167959[0m
  Estimated number of subcycles remaining: 1

... mhd ...!!! 

Castro::construct_old_gravity() time = 0.031613537 on level 0

Castro::do_old_sources() time = 0.039903864 on level 0

[1m[32m  Subcycle completed[0m

  Subcycling complete

  Zones advanced per microsecond at this level: 0.1013485517

[Level 0 step 144] Advanced 262144 cells
Castro::construct_new_gravity() time = 0.014566248 on level 0

Castro::do_new_sources() time = 0.036693972 on level 0


TIME= 0.9185031363 MASS        = 2.77866047e+33
TIME= 0.9185031363 XMOM        = 1.009350287e+36
TIME= 0.9185031363 YMOM        = 1.738181702e+38
TIME= 0.9185031363 ZMOM        = 1.026389071e+38
TIME= 0.9185031363 ANG MOM X   = -2.14005811e+45
TIME= 0.9185031363 ANG MOM Y   = -1.928774709e+45
TIME= 0.9185031363 ANG MOM Z   = -4.632683576e+45
TIME= 0.9185031363 RHO*e       = 2.62231791e+51
TIME= 0.9185031363 RHO*K       = 2.620009659e+47
TIME= 0.9185031363 RHO*E       = 2.633945923e+51
TIME= 0.9185031363 RHO*PHI     = 0
TIME= 0.9185031363 TOTAL ENERGY= 2.633945923e+51
TIME= 0.9185031363 CENTER OF MASS X-LOC = -352781.9574
TIME= 0.9185031363 CENTER OF MASS X-VEL = 363.2506736
TIME= 0.9185031363 CENTER OF MASS Y-LOC = -225938.1179
TIME= 0.9185031363 CENTER OF MASS Y-VEL = 62554.66332
TIME= 0.9185031363 CENTER OF MASS Z-LOC = -269291.8686
TIME= 0.9185031363 CENTER OF MASS Z-VEL = 36938.2687
TIME= 0.9185031363 MAXIMUM TEMPERATURE  = 0
TIME= 0.9185031363 MAXIMUM DENSITY      = 834551422.9

STEP = 144 TIME = 0.9185031363 DT = 0.009680167959


[STEP 144] Coarse TimeStep time: 2.62099421
[STEP 144] FAB kilobyte spread across MPI nodes: [105462 ... 105462]

...estimated hydro-limited timestep at level 0: 0.00967772613
...hydro-limited CFL timestep constrained at (i,j,k) = (31,32,33)
Castro::estTimeStep (hydro-limited) at level 0:  estdt = 0.00967772613

[Level 0 step 145] ADVANCE at time 0.9185031363 with dt = 0.00967772613

[1m[32m  Beginning subcycle 1 starting at time 0.9185031363 with dt = 0.00967772613[0m
  Estimated number of subcycles remaining: 1

... mhd ...!!! 

Castro::construct_old_gravity() time = 0.026736297 on level 0

Castro::do_old_sources() time = 0.036693629 on level 0

[1m[32m  Subcycle completed[0m

  Subcycling complete

  Zones advanced per microsecond at this level: 0.1479553194

[Level 0 step 145] Advanced 262144 cells
Castro::construct_new_gravity() time = 0.01549025 on level 0

Castro::do_new_sources() time = 0.035979236 on level 0


TIME= 0.9281808624 MASS        = 2.778791227e+33
TIME= 0.9281808624 XMOM        = 4.605274578e+36
TIME= 0.9281808624 YMOM        = 1.718506032e+38
TIME= 0.9281808624 ZMOM        = 1.016104151e+38
TIME= 0.9281808624 ANG MOM X   = -2.206784433e+45
TIME= 0.9281808624 ANG MOM Y   = -1.848701007e+45
TIME= 0.9281808624 ANG MOM Z   = -4.624435267e+45
TIME= 0.9281808624 RHO*e       = 2.622478208e+51
TIME= 0.9281808624 RHO*K       = 2.61103765e+47
TIME= 0.9281808624 RHO*E       = 2.634061598e+51
TIME= 0.9281808624 RHO*PHI     = 0
TIME= 0.9281808624 TOTAL ENERGY= 2.634061598e+51
TIME= 0.9281808624 CENTER OF MASS X-LOC = -352850.9716
TIME= 0.9281808624 CENTER OF MASS X-VEL = 1657.294198
TIME= 0.9281808624 CENTER OF MASS Y-LOC = -225782.7366
TIME= 0.9281808624 CENTER OF MASS Y-VEL = 61843.65402
TIME= 0.9281808624 CENTER OF MASS Z-LOC = -269211.033
TIME= 0.9281808624 CENTER OF MASS Z-VEL = 36566.40848
TIME= 0.9281808624 MAXIMUM TEMPERATURE  = 0
TIME= 0.9281808624 MAXIMUM DENSITY      = 833807818.5

STEP = 145 TIME = 0.9281808624 DT = 0.00967772613


[STEP 145] Coarse TimeStep time: 1.847533251
[STEP 145] FAB kilobyte spread across MPI nodes: [105462 ... 105462]

PLOTFILE: file = plt_seed123ext00145
Write plotfile time = 0.041299791  seconds

...estimated hydro-limited timestep at level 0: 0.00967538242
...hydro-limited CFL timestep constrained at (i,j,k) = (31,32,33)
Castro::estTimeStep (hydro-limited) at level 0:  estdt = 0.00967538242

[Level 0 step 146] ADVANCE at time 0.9281808624 with dt = 0.00967538242

[1m[32m  Beginning subcycle 1 starting at time 0.9281808624 with dt = 0.00967538242[0m
  Estimated number of subcycles remaining: 1

... mhd ...!!! 

Castro::construct_old_gravity() time = 0.079955115 on level 0

Castro::do_old_sources() time = 0.069176616 on level 0

[1m[32m  Subcycle completed[0m

  Subcycling complete

  Zones advanced per microsecond at this level: 0.09901203096

[Level 0 step 146] Advanced 262144 cells
Castro::construct_new_gravity() time = 0.018735536 on level 0

Castro::do_new_sources() time = 0.0452243 on level 0


TIME= 0.9378562449 MASS        = 2.778922006e+33
TIME= 0.9378562449 XMOM        = 8.108666276e+36
TIME= 0.9378562449 YMOM        = 1.698963373e+38
TIME= 0.9378562449 ZMOM        = 1.006386018e+38
TIME= 0.9378562449 ANG MOM X   = -2.27399483e+45
TIME= 0.9378562449 ANG MOM Y   = -1.775440774e+45
TIME= 0.9378562449 ANG MOM Z   = -4.61795603e+45
TIME= 0.9378562449 RHO*e       = 2.622640553e+51
TIME= 0.9378562449 RHO*K       = 2.602350115e+47
TIME= 0.9378562449 RHO*E       = 2.63417947e+51
TIME= 0.9378562449 RHO*PHI     = 0
TIME= 0.9378562449 TOTAL ENERGY= 2.63417947e+51
TIME= 0.9378562449 CENTER OF MASS X-LOC = -352905.9063
TIME= 0.9378562449 CENTER OF MASS X-VEL = 2917.917905
TIME= 0.9378562449 CENTER OF MASS Y-LOC = -225635.7142
TIME= 0.9378562449 CENTER OF MASS Y-VEL = 61137.49753
TIME= 0.9378562449 CENTER OF MASS Z-LOC = -269135.9559
TIME= 0.9378562449 CENTER OF MASS Z-VEL = 36214.97889
TIME= 0.9378562449 MAXIMUM TEMPERATURE  = 0
TIME= 0.9378562449 MAXIMUM DENSITY      = 833075852.6

STEP = 146 TIME = 0.9378562449 DT = 0.00967538242


[STEP 146] Coarse TimeStep time: 2.679135419
[STEP 146] FAB kilobyte spread across MPI nodes: [105462 ... 105462]

...estimated hydro-limited timestep at level 0: 0.009673037062
...hydro-limited CFL timestep constrained at (i,j,k) = (31,32,33)
Castro::estTimeStep (hydro-limited) at level 0:  estdt = 0.009673037062

[Level 0 step 147] ADVANCE at time 0.9378562449 with dt = 0.009673037062

[1m[32m  Beginning subcycle 1 starting at time 0.9378562449 with dt = 0.009673037062[0m
  Estimated number of subcycles remaining: 1

... mhd ...!!! 

Castro::construct_old_gravity() time = 0.028087272 on level 0

Castro::do_old_sources() time = 0.035211233 on level 0

[1m[32m  Subcycle completed[0m

  Subcycling complete

  Zones advanced per microsecond at this level: 0.09799526119

[Level 0 step 147] Advanced 262144 cells
Castro::construct_new_gravity() time = 0.019210407 on level 0

Castro::do_new_sources() time = 0.045564882 on level 0


TIME= 0.9475292819 MASS        = 2.779052807e+33
TIME= 0.9475292819 XMOM        = 1.153423784e+37
TIME= 0.9475292819 YMOM        = 1.679505732e+38
TIME= 0.9475292819 ZMOM        = 9.973607907e+37
TIME= 0.9475292819 ANG MOM X   = -2.336017422e+45
TIME= 0.9475292819 ANG MOM Y   = -1.716638788e+45
TIME= 0.9475292819 ANG MOM Z   = -4.615578459e+45
TIME= 0.9475292819 RHO*e       = 2.622802121e+51
TIME= 0.9475292819 RHO*K       = 2.593961456e+47
TIME= 0.9475292819 RHO*E       = 2.634297189e+51
TIME= 0.9475292819 RHO*PHI     = 0
TIME= 0.9475292819 TOTAL ENERGY= 2.634297189e+51
TIME= 0.9475292819 CENTER OF MASS X-LOC = -352946.4075
TIME= 0.9475292819 CENTER OF MASS X-VEL = 4150.420536
TIME= 0.9475292819 CENTER OF MASS Y-LOC = -225495.8609
TIME= 0.9475292819 CENTER OF MASS Y-VEL = 60434.46629
TIME= 0.9475292819 CENTER OF MASS Z-LOC = -269066.4917
TIME= 0.9475292819 CENTER OF MASS Z-VEL = 35888.51525
TIME= 0.9475292819 MAXIMUM TEMPERATURE  = 0
TIME= 0.9475292819 MAXIMUM DENSITY      = 832358498.3

STEP = 147 TIME = 0.9475292819 DT = 0.009673037062


[STEP 147] Coarse TimeStep time: 2.703103139
[STEP 147] FAB kilobyte spread across MPI nodes: [105462 ... 105462]

...estimated hydro-limited timestep at level 0: 0.009670700324
...hydro-limited CFL timestep constrained at (i,j,k) = (31,32,33)
Castro::estTimeStep (hydro-limited) at level 0:  estdt = 0.009670700324

[Level 0 step 148] ADVANCE at time 0.9475292819 with dt = 0.009670700324

[1m[32m  Beginning subcycle 1 starting at time 0.9475292819 with dt = 0.009670700324[0m
  Estimated number of subcycles remaining: 1

... mhd ...!!! 

Castro::construct_old_gravity() time = 0.028237411 on level 0

Castro::do_old_sources() time = 0.035964131 on level 0

[1m[32m  Subcycle completed[0m

  Subcycling complete

  Zones advanced per microsecond at this level: 0.102162658

[Level 0 step 148] Advanced 262144 cells
Castro::construct_new_gravity() time = 0.018015473 on level 0

Castro::do_new_sources() time = 0.042150591 on level 0


TIME= 0.9571999822 MASS        = 2.779183632e+33
TIME= 0.9571999822 XMOM        = 1.489592094e+37
TIME= 0.9571999822 YMOM        = 1.660088863e+38
TIME= 0.9571999822 ZMOM        = 9.891457414e+37
TIME= 0.9571999822 ANG MOM X   = -2.394450986e+45
TIME= 0.9571999822 ANG MOM Y   = -1.670849833e+45
TIME= 0.9571999822 ANG MOM Z   = -4.611300315e+45
TIME= 0.9571999822 RHO*e       = 2.62296288e+51
TIME= 0.9571999822 RHO*K       = 2.58585464e+47
TIME= 0.9571999822 RHO*E       = 2.634414739e+51
TIME= 0.9571999822 RHO*PHI     = 0
TIME= 0.9571999822 TOTAL ENERGY= 2.634414739e+51
TIME= 0.9571999822 CENTER OF MASS X-LOC = -352972.9566
TIME= 0.9571999822 CENTER OF MASS X-VEL = 5359.818896
TIME= 0.9571999822 CENTER OF MASS Y-LOC = -225362.8328
TIME= 0.9571999822 CENTER OF MASS Y-VEL = 59732.96776
TIME= 0.9571999822 CENTER OF MASS Z-LOC = -269003.0893
TIME= 0.9571999822 CENTER OF MASS Z-VEL = 35591.2337
TIME= 0.9571999822 MAXIMUM TEMPERATURE  = 0
TIME= 0.9571999822 MAXIMUM DENSITY      = 831655936.6

STEP = 148 TIME = 0.9571999822 DT = 0.009670700324


[STEP 148] Coarse TimeStep time: 2.591918568
[STEP 148] FAB kilobyte spread across MPI nodes: [105462 ... 105462]

...estimated hydro-limited timestep at level 0: 0.009668305771
...hydro-limited CFL timestep constrained at (i,j,k) = (31,32,33)
Castro::estTimeStep (hydro-limited) at level 0:  estdt = 0.009668305771

[Level 0 step 149] ADVANCE at time 0.9571999822 with dt = 0.009668305771

[1m[32m  Beginning subcycle 1 starting at time 0.9571999822 with dt = 0.009668305771[0m
  Estimated number of subcycles remaining: 1

... mhd ...!!! 

Castro::construct_old_gravity() time = 0.026926748 on level 0

Castro::do_old_sources() time = 0.040398639 on level 0

[1m[32m  Subcycle completed[0m

  Subcycling complete

  Zones advanced per microsecond at this level: 0.1002000579

[Level 0 step 149] Advanced 262144 cells
Castro::construct_new_gravity() time = 0.017715368 on level 0

Castro::do_new_sources() time = 0.041437538 on level 0


TIME= 0.966868288 MASS        = 2.779314478e+33
TIME= 0.966868288 XMOM        = 1.820489778e+37
TIME= 0.966868288 YMOM        = 1.640694195e+38
TIME= 0.966868288 ZMOM        = 9.818537741e+37
TIME= 0.966868288 ANG MOM X   = -2.454163304e+45
TIME= 0.966868288 ANG MOM Y   = -1.63364706e+45
TIME= 0.966868288 ANG MOM Z   = -4.610201764e+45
TIME= 0.966868288 RHO*e       = 2.623123293e+51
TIME= 0.966868288 RHO*K       = 2.577978166e+47
TIME= 0.966868288 RHO*E       = 2.634532257e+51
TIME= 0.966868288 RHO*PHI     = 0
TIME= 0.966868288 TOTAL ENERGY= 2.634532257e+51
TIME= 0.966868288 CENTER OF MASS X-LOC = -352985.8691
TIME= 0.966868288 CENTER OF MASS X-VEL = 6550.139586
TIME= 0.966868288 CENTER OF MASS Y-LOC = -225236.585
TIME= 0.966868288 CENTER OF MASS Y-VEL = 59032.33362
TIME= 0.966868288 CENTER OF MASS Z-LOC = -268946.7697
TIME= 0.966868288 CENTER OF MASS Z-VEL = 35327.19245
TIME= 0.966868288 MAXIMUM TEMPERATURE  = 0
TIME= 0.966868288 MAXIMUM DENSITY      = 830964832

STEP = 149 TIME = 0.966868288 DT = 0.009668305771


[STEP 149] Coarse TimeStep time: 2.641303426
[STEP 149] FAB kilobyte spread across MPI nodes: [105462 ... 105462]

...estimated hydro-limited timestep at level 0: 0.009666010969
...hydro-limited CFL timestep constrained at (i,j,k) = (31,32,33)
Castro::estTimeStep (hydro-limited) at level 0:  estdt = 0.009666010969

[Level 0 step 150] ADVANCE at time 0.966868288 with dt = 0.009666010969

[1m[32m  Beginning subcycle 1 starting at time 0.966868288 with dt = 0.009666010969[0m
  Estimated number of subcycles remaining: 1

... mhd ...!!! 

Castro::construct_old_gravity() time = 0.030895593 on level 0

Castro::do_old_sources() time = 0.033328639 on level 0

[1m[32m  Subcycle completed[0m

  Subcycling complete

  Zones advanced per microsecond at this level: 0.1044482233

[Level 0 step 150] Advanced 262144 cells
Castro::construct_new_gravity() time = 0.017878188 on level 0

Castro::do_new_sources() time = 0.041317438 on level 0


TIME= 0.976534299 MASS        = 2.779445346e+33
TIME= 0.976534299 XMOM        = 2.14660865e+37
TIME= 0.976534299 YMOM        = 1.621325676e+38
TIME= 0.976534299 ZMOM        = 9.75566193e+37
TIME= 0.976534299 ANG MOM X   = -2.511255915e+45
TIME= 0.976534299 ANG MOM Y   = -1.603333619e+45
TIME= 0.976534299 ANG MOM Z   = -4.612109205e+45
TIME= 0.976534299 RHO*e       = 2.623284084e+51
TIME= 0.976534299 RHO*K       = 2.570301831e+47
TIME= 0.976534299 RHO*E       = 2.634650385e+51
TIME= 0.976534299 RHO*PHI     = 0
TIME= 0.976534299 TOTAL ENERGY= 2.634650385e+51
TIME= 0.976534299 CENTER OF MASS X-LOC = -352984.7127
TIME= 0.976534299 CENTER OF MASS X-VEL = 7723.154741
TIME= 0.976534299 CENTER OF MASS Y-LOC = -225116.5842
TIME= 0.976534299 CENTER OF MASS Y-VEL = 58332.70576
TIME= 0.976534299 CENTER OF MASS Z-LOC = -268897.7548
TIME= 0.976534299 CENTER OF MASS Z-VEL = 35099.31196
TIME= 0.976534299 MAXIMUM TEMPERATURE  = 0
TIME= 0.976534299 MAXIMUM DENSITY      = 830287995.2

STEP = 150 TIME = 0.976534299 DT = 0.009666010969


[STEP 150] Coarse TimeStep time: 2.534432364
[STEP 150] FAB kilobyte spread across MPI nodes: [105462 ... 105462]

CHECKPOINT: file = chk_seed123ext00150
checkPoint() time = 0.017649966 secs.
PLOTFILE: file = plt_seed123ext00150
Write plotfile time = 0.035344186  seconds

...estimated hydro-limited timestep at level 0: 0.009663794533
...hydro-limited CFL timestep constrained at (i,j,k) = (31,32,33)
Castro::estTimeStep (hydro-limited) at level 0:  estdt = 0.009663794533

[Level 0 step 151] ADVANCE at time 0.976534299 with dt = 0.009663794533

[1m[32m  Beginning subcycle 1 starting at time 0.976534299 with dt = 0.009663794533[0m
  Estimated number of subcycles remaining: 1

... mhd ...!!! 

Castro::construct_old_gravity() time = 0.026869927 on level 0

Castro::do_old_sources() time = 0.033938554 on level 0

[1m[32m  Subcycle completed[0m

  Subcycling complete

  Zones advanced per microsecond at this level: 0.1043726608

[Level 0 step 151] Advanced 262144 cells
Castro::construct_new_gravity() time = 0.019479194 on level 0

Castro::do_new_sources() time = 0.040432993 on level 0


TIME= 0.9861980935 MASS        = 2.779576239e+33
TIME= 0.9861980935 XMOM        = 2.467876484e+37
TIME= 0.9861980935 YMOM        = 1.602001941e+38
TIME= 0.9861980935 ZMOM        = 9.703321968e+37
TIME= 0.9861980935 ANG MOM X   = -2.567624837e+45
TIME= 0.9861980935 ANG MOM Y   = -1.576678365e+45
TIME= 0.9861980935 ANG MOM Z   = -4.618676081e+45
TIME= 0.9861980935 RHO*e       = 2.623446846e+51
TIME= 0.9861980935 RHO*K       = 2.562863826e+47
TIME= 0.9861980935 RHO*E       = 2.634771331e+51
TIME= 0.9861980935 RHO*PHI     = 0
TIME= 0.9861980935 TOTAL ENERGY= 2.634771331e+51
TIME= 0.9861980935 CENTER OF MASS X-LOC = -352969.8021
TIME= 0.9861980935 CENTER OF MASS X-VEL = 8878.606926
TIME= 0.9861980935 CENTER OF MASS Y-LOC = -225002.3872
TIME= 0.9861980935 CENTER OF MASS Y-VEL = 57634.75448
TIME= 0.9861980935 CENTER OF MASS Z-LOC = -268856.5387
TIME= 0.9861980935 CENTER OF MASS Z-VEL = 34909.35716
TIME= 0.9861980935 MAXIMUM TEMPERATURE  = 0
TIME= 0.9861980935 MAXIMUM DENSITY      = 829630198.5

STEP = 151 TIME = 0.9861980935 DT = 0.009663794533


[STEP 151] Coarse TimeStep time: 2.537427409
[STEP 151] FAB kilobyte spread across MPI nodes: [105462 ... 105462]

...estimated hydro-limited timestep at level 0: 0.009661727058
...hydro-limited CFL timestep constrained at (i,j,k) = (31,32,33)
Castro::estTimeStep (hydro-limited) at level 0:  estdt = 0.009661727058

[Level 0 step 152] ADVANCE at time 0.9861980935 with dt = 0.009661727058

[1m[32m  Beginning subcycle 1 starting at time 0.9861980935 with dt = 0.009661727058[0m
  Estimated number of subcycles remaining: 1

... mhd ...!!! 

Castro::construct_old_gravity() time = 0.030140328 on level 0

Castro::do_old_sources() time = 0.031721996 on level 0

[1m[32m  Subcycle completed[0m

  Subcycling complete

  Zones advanced per microsecond at this level: 0.1044173571

[Level 0 step 152] Advanced 262144 cells
Castro::construct_new_gravity() time = 0.017182939 on level 0

Castro::do_new_sources() time = 0.039670852 on level 0


TIME= 0.9958598206 MASS        = 2.779707157e+33
TIME= 0.9958598206 XMOM        = 2.783971068e+37
TIME= 0.9958598206 YMOM        = 1.582746693e+38
TIME= 0.9958598206 ZMOM        = 9.661615277e+37
TIME= 0.9958598206 ANG MOM X   = -2.61832479e+45
TIME= 0.9958598206 ANG MOM Y   = -1.545784892e+45
TIME= 0.9958598206 ANG MOM Z   = -4.632314484e+45
TIME= 0.9958598206 RHO*e       = 2.623610985e+51
TIME= 0.9958598206 RHO*K       = 2.555661035e+47
TIME= 0.9958598206 RHO*E       = 2.634893835e+51
TIME= 0.9958598206 RHO*PHI     = 0
TIME= 0.9958598206 TOTAL ENERGY= 2.634893835e+51
TIME= 0.9958598206 CENTER OF MASS X-LOC = -352941.6731
TIME= 0.9958598206 CENTER OF MASS X-VEL = 10015.33943
TIME= 0.9958598206 CENTER OF MASS Y-LOC = -224893.3232
TIME= 0.9958598206 CENTER OF MASS Y-VEL = 56939.33224
TIME= 0.9958598206 CENTER OF MASS Z-LOC = -268822.9162
TIME= 0.9958598206 CENTER OF MASS Z-VEL = 34757.67313
TIME= 0.9958598206 MAXIMUM TEMPERATURE  = 0
TIME= 0.9958598206 MAXIMUM DENSITY      = 828993439

STEP = 152 TIME = 0.9958598206 DT = 0.009661727058


[STEP 152] Coarse TimeStep time: 2.534047439
[STEP 152] FAB kilobyte spread across MPI nodes: [105462 ... 105462]

...estimated hydro-limited timestep at level 0: 0.009659982674
...hydro-limited CFL timestep constrained at (i,j,k) = (31,32,33)
Castro::estTimeStep (hydro-limited) at level 0:  estdt = 0.009659982674

[Level 0 step 153] ADVANCE at time 0.9958598206 with dt = 0.009659982674

[1m[32m  Beginning subcycle 1 starting at time 0.9958598206 with dt = 0.009659982674[0m
  Estimated number of subcycles remaining: 1

... mhd ...!!! 

Castro::construct_old_gravity() time = 0.029269814 on level 0

Castro::do_old_sources() time = 0.033931645 on level 0

[1m[32m  Subcycle completed[0m

  Subcycling complete

  Zones advanced per microsecond at this level: 0.1048055232

[Level 0 step 153] Advanced 262144 cells
Castro::construct_new_gravity() time = 0.017781035 on level 0

Castro::do_new_sources() time = 0.039528873 on level 0


TIME= 1.005519803 MASS        = 2.779838106e+33
TIME= 1.005519803 XMOM        = 3.094425153e+37
TIME= 1.005519803 YMOM        = 1.563584492e+38
TIME= 1.005519803 ZMOM        = 9.630407076e+37
TIME= 1.005519803 ANG MOM X   = -2.668836618e+45
TIME= 1.005519803 ANG MOM Y   = -1.513289234e+45
TIME= 1.005519803 ANG MOM Z   = -4.650816201e+45
TIME= 1.005519803 RHO*e       = 2.623775022e+51
TIME= 1.005519803 RHO*K       = 2.548610055e+47
TIME= 1.005519803 RHO*E       = 2.635016192e+51
TIME= 1.005519803 RHO*PHI     = 0
TIME= 1.005519803 TOTAL ENERGY= 2.635016192e+51
TIME= 1.005519803 CENTER OF MASS X-LOC = -352900.5928
TIME= 1.005519803 CENTER OF MASS X-VEL = 11131.67399
TIME= 1.005519803 CENTER OF MASS Y-LOC = -224789.3704
TIME= 1.005519803 CENTER OF MASS Y-VEL = 56247.32205
TIME= 1.005519803 CENTER OF MASS Z-LOC = -268797.4986
TIME= 1.005519803 CENTER OF MASS Z-VEL = 34643.76956
TIME= 1.005519803 MAXIMUM TEMPERATURE  = 0
TIME= 1.005519803 MAXIMUM DENSITY      = 828376706.5

STEP = 153 TIME = 1.005519803 DT = 0.009659982674


[STEP 153] Coarse TimeStep time: 2.525343642
[STEP 153] FAB kilobyte spread across MPI nodes: [105462 ... 105462]

...estimated hydro-limited timestep at level 0: 0.009658521114
...hydro-limited CFL timestep constrained at (i,j,k) = (31,32,33)
Castro::estTimeStep (hydro-limited) at level 0:  estdt = 0.009658521114

[Level 0 step 154] ADVANCE at time 1.005519803 with dt = 0.009658521114

[1m[32m  Beginning subcycle 1 starting at time 1.005519803 with dt = 0.009658521114[0m
  Estimated number of subcycles remaining: 1

... mhd ...!!! 

Castro::construct_old_gravity() time = 0.027229359 on level 0

Castro::do_old_sources() time = 0.03153578 on level 0

[1m[32m  Subcycle completed[0m

  Subcycling complete

  Zones advanced per microsecond at this level: 0.1049144558

[Level 0 step 154] Advanced 262144 cells
Castro::construct_new_gravity() time = 0.018042599 on level 0

Castro::do_new_sources() time = 0.040906768 on level 0


TIME= 1.015178324 MASS        = 2.779969088e+33
TIME= 1.015178324 XMOM        = 3.398693509e+37
TIME= 1.015178324 YMOM        = 1.544545974e+38
TIME= 1.015178324 ZMOM        = 9.609493243e+37
TIME= 1.015178324 ANG MOM X   = -2.719400342e+45
TIME= 1.015178324 ANG MOM Y   = -1.481758402e+45
TIME= 1.015178324 ANG MOM Z   = -4.676331285e+45
TIME= 1.015178324 RHO*e       = 2.623939516e+51
TIME= 1.015178324 RHO*K       = 2.541604971e+47
TIME= 1.015178324 RHO*E       = 2.635139512e+51
TIME= 1.015178324 RHO*PHI     = 0
TIME= 1.015178324 TOTAL ENERGY= 2.635139512e+51
TIME= 1.015178324 CENTER OF MASS X-LOC = -352846.5711
TIME= 1.015178324 CENTER OF MASS X-VEL = 12225.65216
TIME= 1.015178324 CENTER OF MASS Y-LOC = -224690.2043
TIME= 1.015178324 CENTER OF MASS Y-VEL = 55559.82549
TIME= 1.015178324 CENTER OF MASS Z-LOC = -268779.8625
TIME= 1.015178324 CENTER OF MASS Z-VEL = 34566.90682
TIME= 1.015178324 MAXIMUM TEMPERATURE  = 0
TIME= 1.015178324 MAXIMUM DENSITY      = 827773791.4

STEP = 154 TIME = 1.015178324 DT = 0.009658521114


[STEP 154] Coarse TimeStep time: 2.524285245
[STEP 154] FAB kilobyte spread across MPI nodes: [105462 ... 105462]

...estimated hydro-limited timestep at level 0: 0.009657352372
...hydro-limited CFL timestep constrained at (i,j,k) = (31,32,33)
Castro::estTimeStep (hydro-limited) at level 0:  estdt = 0.009657352372

[Level 0 step 155] ADVANCE at time 1.015178324 with dt = 0.009657352372

[1m[32m  Beginning subcycle 1 starting at time 1.015178324 with dt = 0.009657352372[0m
  Estimated number of subcycles remaining: 1

... mhd ...!!! 

Castro::construct_old_gravity() time = 0.027651068 on level 0

Castro::do_old_sources() time = 0.03396093 on level 0

[1m[32m  Subcycle completed[0m

  Subcycling complete

  Zones advanced per microsecond at this level: 0.1855012178

[Level 0 step 155] Advanced 262144 cells
Castro::construct_new_gravity() time = 0.010986797 on level 0

Castro::do_new_sources() time = 0.028883309 on level 0


TIME= 1.024835677 MASS        = 2.780100107e+33
TIME= 1.024835677 XMOM        = 3.696271135e+37
TIME= 1.024835677 YMOM        = 1.525642624e+38
TIME= 1.024835677 ZMOM        = 9.598611992e+37
TIME= 1.024835677 ANG MOM X   = -2.768238645e+45
TIME= 1.024835677 ANG MOM Y   = -1.444983395e+45
TIME= 1.024835677 ANG MOM Z   = -4.71111243e+45
TIME= 1.024835677 RHO*e       = 2.624104535e+51
TIME= 1.024835677 RHO*K       = 2.534691426e+47
TIME= 1.024835677 RHO*E       = 2.635263316e+51
TIME= 1.024835677 RHO*PHI     = 0
TIME= 1.024835677 TOTAL ENERGY= 2.635263316e+51
TIME= 1.024835677 CENTER OF MASS X-LOC = -352779.5016
TIME= 1.024835677 CENTER OF MASS X-VEL = 13295.46057
TIME= 1.024835677 CENTER OF MASS Y-LOC = -224595.4325
TIME= 1.024835677 CENTER OF MASS Y-VEL = 54877.25494
TIME= 1.024835677 CENTER OF MASS Z-LOC = -268770.0828
TIME= 1.024835677 CENTER OF MASS Z-VEL = 34526.13799
TIME= 1.024835677 MAXIMUM TEMPERATURE  = 0
TIME= 1.024835677 MAXIMUM DENSITY      = 827182853.1

STEP = 155 TIME = 1.024835677 DT = 0.009657352372


[STEP 155] Coarse TimeStep time: 1.432265667
[STEP 155] FAB kilobyte spread across MPI nodes: [105462 ... 105462]

PLOTFILE: file = plt_seed123ext00155
Write plotfile time = 0.020715779  seconds

...estimated hydro-limited timestep at level 0: 0.009656253663
...hydro-limited CFL timestep constrained at (i,j,k) = (31,32,33)
Castro::estTimeStep (hydro-limited) at level 0:  estdt = 0.009656253663

[Level 0 step 156] ADVANCE at time 1.024835677 with dt = 0.009656253663

[1m[32m  Beginning subcycle 1 starting at time 1.024835677 with dt = 0.009656253663[0m
  Estimated number of subcycles remaining: 1

... mhd ...!!! 

Castro::construct_old_gravity() time = 0.009811765 on level 0

Castro::do_old_sources() time = 0.02289576 on level 0

[1m[32m  Subcycle completed[0m

  Subcycling complete

  Zones advanced per microsecond at this level: 0.2485091654

[Level 0 step 156] Advanced 262144 cells
Castro::construct_new_gravity() time = 0.009317148 on level 0

Castro::do_new_sources() time = 0.026676665 on level 0


TIME= 1.03449193 MASS        = 2.780231166e+33
TIME= 1.03449193 XMOM        = 3.986613538e+37
TIME= 1.03449193 YMOM        = 1.506856099e+38
TIME= 1.03449193 ZMOM        = 9.597186279e+37
TIME= 1.03449193 ANG MOM X   = -2.806699986e+45
TIME= 1.03449193 ANG MOM Y   = -1.401245774e+45
TIME= 1.03449193 ANG MOM Z   = -4.757493995e+45
TIME= 1.03449193 RHO*e       = 2.624269707e+51
TIME= 1.03449193 RHO*K       = 2.527859881e+47
TIME= 1.03449193 RHO*E       = 2.635387969e+51
TIME= 1.03449193 RHO*PHI     = 0
TIME= 1.03449193 TOTAL ENERGY= 2.635387969e+51
TIME= 1.03449193 CENTER OF MASS X-LOC = -352698.5393
TIME= 1.03449193 CENTER OF MASS X-VEL = 14339.14412
TIME= 1.03449193 CENTER OF MASS Y-LOC = -224504.2344
TIME= 1.03449193 CENTER OF MASS Y-VEL = 54198.94997
TIME= 1.03449193 CENTER OF MASS Z-LOC = -268765.5038
TIME= 1.03449193 CENTER OF MASS Z-VEL = 34519.38241
TIME= 1.03449193 MAXIMUM TEMPERATURE  = 0
TIME= 1.03449193 MAXIMUM DENSITY      = 826599814

STEP = 156 TIME = 1.03449193 DT = 0.009656253663


[STEP 156] Coarse TimeStep time: 1.068231736
[STEP 156] FAB kilobyte spread across MPI nodes: [105462 ... 105462]

...estimated hydro-limited timestep at level 0: 0.009655214944
...hydro-limited CFL timestep constrained at (i,j,k) = (31,32,33)
Castro::estTimeStep (hydro-limited) at level 0:  estdt = 0.009655214944

[Level 0 step 157] ADVANCE at time 1.03449193 with dt = 0.009655214944

[1m[32m  Beginning subcycle 1 starting at time 1.03449193 with dt = 0.009655214944[0m
  Estimated number of subcycles remaining: 1

... mhd ...!!! 

Castro::construct_old_gravity() time = 0.009974695 on level 0

Castro::do_old_sources() time = 0.022974469 on level 0

[1m[32m  Subcycle completed[0m

  Subcycling complete

  Zones advanced per microsecond at this level: 0.2526205484

[Level 0 step 157] Advanced 262144 cells
Castro::construct_new_gravity() time = 0.009248835 on level 0

Castro::do_new_sources() time = 0.02743462 on level 0


TIME= 1.044147145 MASS        = 2.780362263e+33
TIME= 1.044147145 XMOM        = 4.269244484e+37
TIME= 1.044147145 YMOM        = 1.488164931e+38
TIME= 1.044147145 ZMOM        = 9.604730008e+37
TIME= 1.044147145 ANG MOM X   = -2.842181243e+45
TIME= 1.044147145 ANG MOM Y   = -1.35777895e+45
TIME= 1.044147145 ANG MOM Z   = -4.810786973e+45
TIME= 1.044147145 RHO*e       = 2.624436118e+51
TIME= 1.044147145 RHO*K       = 2.52117784e+47
TIME= 1.044147145 RHO*E       = 2.635514272e+51
TIME= 1.044147145 RHO*PHI     = 0
TIME= 1.044147145 TOTAL ENERGY= 2.635514272e+51
TIME= 1.044147145 CENTER OF MASS X-LOC = -352604.3056
TIME= 1.044147145 CENTER OF MASS X-VEL = 15354.99363
TIME= 1.044147145 CENTER OF MASS Y-LOC = -224416.7414
TIME= 1.044147145 CENTER OF MASS Y-VEL = 53524.13789
TIME= 1.044147145 CENTER OF MASS Z-LOC = -268766.5446
TIME= 1.044147145 CENTER OF MASS Z-VEL = 34544.88696
TIME= 1.044147145 MAXIMUM TEMPERATURE  = 0
TIME= 1.044147145 MAXIMUM DENSITY      = 826031101.2

STEP = 157 TIME = 1.044147145 DT = 0.009655214944


[STEP 157] Coarse TimeStep time: 1.051219405
[STEP 157] FAB kilobyte spread across MPI nodes: [105462 ... 105462]

...estimated hydro-limited timestep at level 0: 0.009654309694
...hydro-limited CFL timestep constrained at (i,j,k) = (31,32,33)
Castro::estTimeStep (hydro-limited) at level 0:  estdt = 0.009654309694

[Level 0 step 158] ADVANCE at time 1.044147145 with dt = 0.009654309694

[1m[32m  Beginning subcycle 1 starting at time 1.044147145 with dt = 0.009654309694[0m
  Estimated number of subcycles remaining: 1

... mhd ...!!! 

Castro::construct_old_gravity() time = 0.010800344 on level 0

Castro::do_old_sources() time = 0.023026091 on level 0

[1m[32m  Subcycle completed[0m

  Subcycling complete

  Zones advanced per microsecond at this level: 0.2492683007

[Level 0 step 158] Advanced 262144 cells
Castro::construct_new_gravity() time = 0.009788445 on level 0

Castro::do_new_sources() time = 0.026766356 on level 0


TIME= 1.053801455 MASS        = 2.780493401e+33
TIME= 1.053801455 XMOM        = 4.543977675e+37
TIME= 1.053801455 YMOM        = 1.469553467e+38
TIME= 1.053801455 ZMOM        = 9.621170474e+37
TIME= 1.053801455 ANG MOM X   = -2.876823769e+45
TIME= 1.053801455 ANG MOM Y   = -1.318624173e+45
TIME= 1.053801455 ANG MOM Z   = -4.863967939e+45
TIME= 1.053801455 RHO*e       = 2.624602888e+51
TIME= 1.053801455 RHO*K       = 2.514674422e+47
TIME= 1.053801455 RHO*E       = 2.635641195e+51
TIME= 1.053801455 RHO*PHI     = 0
TIME= 1.053801455 TOTAL ENERGY= 2.635641195e+51
TIME= 1.053801455 CENTER OF MASS X-LOC = -352497.4213
TIME= 1.053801455 CENTER OF MASS X-VEL = 16342.34296
TIME= 1.053801455 CENTER OF MASS Y-LOC = -224332.9161
TIME= 1.053801455 CENTER OF MASS Y-VEL = 52852.25516
TIME= 1.053801455 CENTER OF MASS Z-LOC = -268772.6889
TIME= 1.053801455 CENTER OF MASS Z-VEL = 34602.38557
TIME= 1.053801455 MAXIMUM TEMPERATURE  = 0
TIME= 1.053801455 MAXIMUM DENSITY      = 825478242

STEP = 158 TIME = 1.053801455 DT = 0.009654309694


[STEP 158] Coarse TimeStep time: 1.064888808
[STEP 158] FAB kilobyte spread across MPI nodes: [105462 ... 105462]

...estimated hydro-limited timestep at level 0: 0.009653215762
...hydro-limited CFL timestep constrained at (i,j,k) = (31,32,33)
Castro::estTimeStep (hydro-limited) at level 0:  estdt = 0.009653215762

[Level 0 step 159] ADVANCE at time 1.053801455 with dt = 0.009653215762

[1m[32m  Beginning subcycle 1 starting at time 1.053801455 with dt = 0.009653215762[0m
  Estimated number of subcycles remaining: 1

... mhd ...!!! 

Castro::construct_old_gravity() time = 0.011412893 on level 0

Castro::do_old_sources() time = 0.028862557 on level 0

[1m[32m  Subcycle completed[0m

  Subcycling complete

  Zones advanced per microsecond at this level: 0.2375164103

[Level 0 step 159] Advanced 262144 cells
Castro::construct_new_gravity() time = 0.010285143 on level 0

Castro::do_new_sources() time = 0.029130008 on level 0


TIME= 1.063454671 MASS        = 2.780624578e+33
TIME= 1.063454671 XMOM        = 4.810975663e+37
TIME= 1.063454671 YMOM        = 1.451012942e+38
TIME= 1.063454671 ZMOM        = 9.646292305e+37
TIME= 1.063454671 ANG MOM X   = -2.906202279e+45
TIME= 1.063454671 ANG MOM Y   = -1.288256166e+45
TIME= 1.063454671 ANG MOM Z   = -4.912687257e+45
TIME= 1.063454671 RHO*e       = 2.624768642e+51
TIME= 1.063454671 RHO*K       = 2.508367142e+47
TIME= 1.063454671 RHO*E       = 2.63576772e+51
TIME= 1.063454671 RHO*PHI     = 0
TIME= 1.063454671 TOTAL ENERGY= 2.63576772e+51
TIME= 1.063454671 CENTER OF MASS X-LOC = -352378.635
TIME= 1.063454671 CENTER OF MASS X-VEL = 17301.78069
TIME= 1.063454671 CENTER OF MASS Y-LOC = -224253.2949
TIME= 1.063454671 CENTER OF MASS Y-VEL = 52182.98629
TIME= 1.063454671 CENTER OF MASS Z-LOC = -268782.2527
TIME= 1.063454671 CENTER OF MASS Z-VEL = 34691.09919
TIME= 1.063454671 MAXIMUM TEMPERATURE  = 0
TIME= 1.063454671 MAXIMUM DENSITY      = 824938401.2

STEP = 159 TIME = 1.063454671 DT = 0.009653215762


[STEP 159] Coarse TimeStep time: 1.118232231
[STEP 159] FAB kilobyte spread across MPI nodes: [105462 ... 105462]

...estimated hydro-limited timestep at level 0: 0.009652097112
...hydro-limited CFL timestep constrained at (i,j,k) = (31,32,33)
Castro::estTimeStep (hydro-limited) at level 0:  estdt = 0.009652097112

[Level 0 step 160] ADVANCE at time 1.063454671 with dt = 0.009652097112

[1m[32m  Beginning subcycle 1 starting at time 1.063454671 with dt = 0.009652097112[0m
  Estimated number of subcycles remaining: 1

... mhd ...!!! 

Castro::construct_old_gravity() time = 0.023212446 on level 0

Castro::do_old_sources() time = 0.025611572 on level 0

[1m[32m  Subcycle completed[0m

  Subcycling complete

  Zones advanced per microsecond at this level: 0.2384122444

[Level 0 step 160] Advanced 262144 cells
Castro::construct_new_gravity() time = 0.010087842 on level 0

Castro::do_new_sources() time = 0.029676746 on level 0


TIME= 1.073106768 MASS        = 2.780755792e+33
TIME= 1.073106768 XMOM        = 5.070507958e+37
TIME= 1.073106768 YMOM        = 1.432539743e+38
TIME= 1.073106768 ZMOM        = 9.679652207e+37
TIME= 1.073106768 ANG MOM X   = -2.929327206e+45
TIME= 1.073106768 ANG MOM Y   = -1.264478493e+45
TIME= 1.073106768 ANG MOM Z   = -4.957137573e+45
TIME= 1.073106768 RHO*e       = 2.624934022e+51
TIME= 1.073106768 RHO*K       = 2.502280788e+47
TIME= 1.073106768 RHO*E       = 2.635894091e+51
TIME= 1.073106768 RHO*PHI     = 0
TIME= 1.073106768 TOTAL ENERGY= 2.635894091e+51
TIME= 1.073106768 CENTER OF MASS X-LOC = -352247.772
TIME= 1.073106768 CENTER OF MASS X-VEL = 18234.27995
TIME= 1.073106768 CENTER OF MASS Y-LOC = -224177.9217
TIME= 1.073106768 CENTER OF MASS Y-VEL = 51516.20099
TIME= 1.073106768 CENTER OF MASS Z-LOC = -268794.634
TIME= 1.073106768 CENTER OF MASS Z-VEL = 34809.42927
TIME= 1.073106768 MAXIMUM TEMPERATURE  = 0
TIME= 1.073106768 MAXIMUM DENSITY      = 824397256.8

STEP = 160 TIME = 1.073106768 DT = 0.009652097112


[STEP 160] Coarse TimeStep time: 1.117354249
[STEP 160] FAB kilobyte spread across MPI nodes: [105462 ... 105462]

PLOTFILE: file = plt_seed123ext00160
Write plotfile time = 0.020987922  seconds

...estimated hydro-limited timestep at level 0: 0.009651050309
...hydro-limited CFL timestep constrained at (i,j,k) = (31,32,33)
Castro::estTimeStep (hydro-limited) at level 0:  estdt = 0.009651050309

[Level 0 step 161] ADVANCE at time 1.073106768 with dt = 0.009651050309

[1m[32m  Beginning subcycle 1 starting at time 1.073106768 with dt = 0.009651050309[0m
  Estimated number of subcycles remaining: 1

... mhd ...!!! 

Castro::construct_old_gravity() time = 0.021283463 on level 0

Castro::do_old_sources() time = 0.025360675 on level 0

[1m[32m  Subcycle completed[0m

  Subcycling complete

  Zones advanced per microsecond at this level: 0.1954419556

[Level 0 step 161] Advanced 262144 cells
Castro::construct_new_gravity() time = 0.010642058 on level 0

Castro::do_new_sources() time = 0.029934011 on level 0


TIME= 1.082757818 MASS        = 2.780887045e+33
TIME= 1.082757818 XMOM        = 5.322811489e+37
TIME= 1.082757818 YMOM        = 1.414130017e+38
TIME= 1.082757818 ZMOM        = 9.720960864e+37
TIME= 1.082757818 ANG MOM X   = -2.954486451e+45
TIME= 1.082757818 ANG MOM Y   = -1.247847442e+45
TIME= 1.082757818 ANG MOM Z   = -5.002482867e+45
TIME= 1.082757818 RHO*e       = 2.625099456e+51
TIME= 1.082757818 RHO*K       = 2.496456556e+47
TIME= 1.082757818 RHO*E       = 2.636020527e+51
TIME= 1.082757818 RHO*PHI     = 0
TIME= 1.082757818 TOTAL ENERGY= 2.636020527e+51
TIME= 1.082757818 CENTER OF MASS X-LOC = -352105.416
TIME= 1.082757818 CENTER OF MASS X-VEL = 19140.69648
TIME= 1.082757818 CENTER OF MASS Y-LOC = -224106.5186
TIME= 1.082757818 CENTER OF MASS Y-VEL = 50851.76039
TIME= 1.082757818 CENTER OF MASS Z-LOC = -268810.4522
TIME= 1.082757818 CENTER OF MASS Z-VEL = 34956.33122
TIME= 1.082757818 MAXIMUM TEMPERATURE  = 0
TIME= 1.082757818 MAXIMUM DENSITY      = 823862610.6

STEP = 161 TIME = 1.082757818 DT = 0.009651050309


[STEP 161] Coarse TimeStep time: 1.355647617
[STEP 161] FAB kilobyte spread across MPI nodes: [105462 ... 105462]

...estimated hydro-limited timestep at level 0: 0.009649926874
...hydro-limited CFL timestep constrained at (i,j,k) = (31,32,33)
Castro::estTimeStep (hydro-limited) at level 0:  estdt = 0.009649926874

[Level 0 step 162] ADVANCE at time 1.082757818 with dt = 0.009649926874

[1m[32m  Beginning subcycle 1 starting at time 1.082757818 with dt = 0.009649926874[0m
  Estimated number of subcycles remaining: 1

... mhd ...!!! 

Castro::construct_old_gravity() time = 0.012129535 on level 0

Castro::do_old_sources() time = 0.027155128 on level 0

[1m[32m  Subcycle completed[0m

  Subcycling complete

  Zones advanced per microsecond at this level: 0.1621753427

[Level 0 step 162] Advanced 262144 cells
Castro::construct_new_gravity() time = 0.010466636 on level 0

Castro::do_new_sources() time = 0.029004592 on level 0


TIME= 1.092407745 MASS        = 2.781018336e+33
TIME= 1.092407745 XMOM        = 5.567761294e+37
TIME= 1.092407745 YMOM        = 1.395805394e+38
TIME= 1.092407745 ZMOM        = 9.770323581e+37
TIME= 1.092407745 ANG MOM X   = -2.979906899e+45
TIME= 1.092407745 ANG MOM Y   = -1.234112426e+45
TIME= 1.092407745 ANG MOM Z   = -5.046755573e+45
TIME= 1.092407745 RHO*e       = 2.625264213e+51
TIME= 1.092407745 RHO*K       = 2.490816612e+47
TIME= 1.092407745 RHO*E       = 2.636146473e+51
TIME= 1.092407745 RHO*PHI     = 0
TIME= 1.092407745 TOTAL ENERGY= 2.636146473e+51
TIME= 1.092407745 CENTER OF MASS X-LOC = -351950.3465
TIME= 1.092407745 CENTER OF MASS X-VEL = 20020.58462
TIME= 1.092407745 CENTER OF MASS Y-LOC = -224040.6785
TIME= 1.092407745 CENTER OF MASS Y-VEL = 50190.44196
TIME= 1.092407745 CENTER OF MASS Z-LOC = -268829.8213
TIME= 1.092407745 CENTER OF MASS Z-VEL = 35132.17965
TIME= 1.092407745 MAXIMUM TEMPERATURE  = 0
TIME= 1.092407745 MAXIMUM DENSITY      = 823335945.4

STEP = 162 TIME = 1.092407745 DT = 0.009649926874


[STEP 162] Coarse TimeStep time: 1.630563335
[STEP 162] FAB kilobyte spread across MPI nodes: [105462 ... 105462]

...estimated hydro-limited timestep at level 0: 0.009649006748
...hydro-limited CFL timestep constrained at (i,j,k) = (31,32,33)
Castro::estTimeStep (hydro-limited) at level 0:  estdt = 0.009649006748

 ... limiting dt to 0.007592254908 to hit the stop_time.
[Level 0 step 163] ADVANCE at time 1.092407745 with dt = 0.007592254908

[1m[32m  Beginning subcycle 1 starting at time 1.092407745 with dt = 0.007592254908[0m
  Estimated number of subcycles remaining: 1

... mhd ...!!! 

Castro::construct_old_gravity() time = 0.011727107 on level 0

Castro::do_old_sources() time = 0.025237338 on level 0

[1m[32m  Subcycle completed[0m

  Subcycling complete

  Zones advanced per microsecond at this level: 0.2566395711

[Level 0 step 163] Advanced 262144 cells
Castro::construct_new_gravity() time = 0.010120815 on level 0

Castro::do_new_sources() time = 0.029117691 on level 0


TIME= 1.1 MASS        = 2.781121677e+33
TIME= 1.1 XMOM        = 5.749331062e+37
TIME= 1.1 YMOM        = 1.38193382e+38
TIME= 1.1 ZMOM        = 9.815477927e+37
TIME= 1.1 ANG MOM X   = -3.020787472e+45
TIME= 1.1 ANG MOM Y   = -1.218357991e+45
TIME= 1.1 ANG MOM Z   = -5.04287416e+45
TIME= 1.1 RHO*e       = 2.625309454e+51
TIME= 1.1 RHO*K       = 2.498709702e+47
TIME= 1.1 RHO*E       = 2.636152132e+51
TIME= 1.1 RHO*PHI     = 0
TIME= 1.1 TOTAL ENERGY= 2.636152132e+51
TIME= 1.1 CENTER OF MASS X-LOC = -351798.9222
TIME= 1.1 CENTER OF MASS X-VEL = 20672.70594
TIME= 1.1 CENTER OF MASS Y-LOC = -224031.5841
TIME= 1.1 CENTER OF MASS Y-VEL = 49689.80076
TIME= 1.1 CENTER OF MASS Z-LOC = -268872.7475
TIME= 1.1 CENTER OF MASS Z-VEL = 35293.23441
TIME= 1.1 MAXIMUM TEMPERATURE  = 0
TIME= 1.1 MAXIMUM DENSITY      = 822163229

STEP = 163 TIME = 1.1 DT = 0.007592254908


[STEP 163] Coarse TimeStep time: 1.035845282
[STEP 163] FAB kilobyte spread across MPI nodes: [105462 ... 105462]

CHECKPOINT: file = chk_seed123ext00163
checkPoint() time = 0.012112149 secs.
PLOTFILE: file = plt_seed123ext00163
Write plotfile time = 0.032870716  seconds


Ending run at 13:22:58 UTC on 2026-07-26.
Run time = 457.0141695
Run time without initialization = 421.6204375

  Average number of zones advanced per microsecond: 0.101
  Average number of zones advanced per microsecond per rank: 0.025

Unused ParmParse Variables:
  [TOP]::amr.ref_ratio(nvals = 4)  :: [2, 2, 2, 2]
  [TOP]::amr.regrid_int(nvals = 1)  :: [2]

AMReX (26.07) finalized
