 WARNING : Adaptive Grid did not find any refinement variables
 Grid_init: resolution based on runtime params:
  lrefine          dx              dy              dz
      1      15312500.000    15312500.000    15312500.000
 MaterialProperties initialized
 Cosmology initialized
 about to open file
 [Eos_init] Cannot open helm_table.bdat!
 [Eos_init] Trying old helm_table.dat!
 Source terms initialized
 [WDHydrostatic] model file: wd_model.dat
 [WDHydrostatic] points read =         2048
 [WDHydrostatic] r range     =    0.0000000000000000        848704895.71000004     
 [WDHydrostatic] rho_c       =    988393849.50000000     
 [WDHydrostatic] T (uniform) =    10000000.000000000     
 [WDHydrostatic] abar, zbar  =    4.0000000000000000        2.0000000000000000     
 [WDHydrostatic] nSubZones   =            8
 [WDHydrostatic] t_dyn       =   0.28796699999999997     
 [WDHydrostatic] damping: timescale/t_dyn =   0.20000000000000001     
 [WDHydrostatic] damping: ramp start, end (t_dyn) =    18.000000000000000        20.000000000000000     
 [WDHydrostatic] sponge: timescale =    1.0000000000000000E-004
 [WDHydrostatic] sponge: dens lower, upper =    10000.000000000000        100000.00000000000     
  iteration, no. not moved =            0           0
 refined: total leaf blocks =          512
 refined: total blocks =          512
 [amr_morton_process]: Initializing surr_blks using standard orrery implementation
 [gr_mpoleInit] using 223 moment array, 892 items                                                                                                                                                                                                                               
  Finished with Grid_initDomain, no restart
 Ready to call Hydro_init
 Hydro initialized
 Gravity initialized
 Initial dt verified
 *** Wrote checkpoint file to wd_hdf5_chk_0000 ****
 *** Wrote plotfile to wd_hdf5_plt_cnt_0000 ****
 Initial plotfile written
 Driver init all done
 [WDHydrostatic] t/t_dyn =   0.0000000000000000       damp factor =  0.99998263705010471       sponge alpha =   9.9999999999999985E-003
       n          t         dt  (         x,          y,          z) |  dt_hydro  dt_Diff  
       1 1.0000E-06 2.0000E-06  ( 1.531E+07,   0.00    ,   0.00    ) |  3.141E-03 9.379E+43
       2 3.0000E-06 4.0000E-06  (  0.00    ,   0.00    ,  1.531E+07) |  1.338E-03 9.379E+43
       3 7.0000E-06 8.0000E-06  (  0.00    ,  1.531E+07,   0.00    ) |  6.174E-04 9.379E+43
       4 1.5000E-05 1.6000E-05  (  0.00    ,  1.531E+07,   0.00    ) |  2.883E-04 9.379E+43
       5 3.1000E-05 3.2000E-05  (  0.00    ,   0.00    ,  1.531E+07) |  1.294E-04 9.379E+43
       6 6.3000E-05 5.0906E-05  ( 1.531E+07,   0.00    ,   0.00    ) |  5.091E-05 9.379E+43
       7 1.1391E-04 1.7313E-05  (  0.00    ,   0.00    ,  1.531E+07) |  1.731E-05 9.379E+43
       8 1.3122E-04 1.3457E-05  ( 1.531E+07,   0.00    ,   0.00    ) |  1.346E-05 9.379E+43
       9 1.4468E-04 1.1312E-05  (  0.00    ,   0.00    ,  1.531E+07) |  1.131E-05 9.379E+43
      10 1.5599E-04 1.0080E-05  ( 1.531E+07,   0.00    ,   0.00    ) |  1.008E-05 9.379E+43
      11 1.6607E-04 9.3200E-06  (  0.00    ,   0.00    ,  1.531E+07) |  9.320E-06 9.379E+43
      12 1.7539E-04 9.0930E-06  (  0.00    ,   0.00    ,  1.531E+07) |  9.093E-06 9.379E+43
      13 1.8448E-04 9.1623E-06  (  0.00    ,   0.00    ,  1.531E+07) |  9.162E-06 9.379E+43
      14 1.9364E-04 9.8795E-06  (  0.00    ,   0.00    ,  1.531E+07) |  9.879E-06 9.379E+43
      15 2.0352E-04 1.1136E-05  ( 1.531E+07,   0.00    ,   0.00    ) |  1.114E-05 9.379E+43
      16 2.1466E-04 1.3270E-05  (  0.00    ,  1.531E+07,   0.00    ) |  1.327E-05 9.379E+43
      17 2.2793E-04 1.6042E-05  (  0.00    ,   0.00    ,  1.531E+07) |  1.604E-05 9.379E+43
      18 2.4397E-04 1.8717E-05  (  0.00    ,  1.531E+07,   0.00    ) |  1.872E-05 9.379E+43
      19 2.6269E-04 1.9637E-05  ( 1.531E+07,   0.00    ,   0.00    ) |  1.964E-05 9.379E+43
      20 2.8233E-04 1.8600E-05  (  0.00    ,   0.00    , -1.531E+07) |  1.860E-05 9.379E+43
 [WDHydrostatic] t/t_dyn =   9.8041036864289803E-004  damp factor =  0.99967709333949972       sponge alpha =  0.18600295702187825     
      21 3.0093E-04 1.6774E-05  (  0.00    ,   0.00    , -1.531E+07) |  1.677E-05 9.379E+43
      22 3.1770E-04 1.5684E-05  (-1.531E+07,   0.00    ,   0.00    ) |  1.568E-05 9.379E+43
      23 3.3338E-04 1.6272E-05  (  0.00    , -1.531E+07,   0.00    ) |  1.627E-05 9.379E+43
      24 3.4966E-04 1.7566E-05  (  0.00    ,  1.531E+07,   0.00    ) |  1.757E-05 9.379E+43
      25 3.6722E-04 1.8142E-05  (  0.00    ,   0.00    ,  1.531E+07) |  1.814E-05 9.379E+43
      26 3.8536E-04 1.7645E-05  (  0.00    ,   0.00    ,  1.531E+07) |  1.764E-05 9.379E+43
      27 4.0301E-04 1.6715E-05  (  0.00    , -1.531E+07,   0.00    ) |  1.671E-05 9.379E+43
      28 4.1972E-04 1.6277E-05  (-1.531E+07,   0.00    ,   0.00    ) |  1.628E-05 9.379E+43
      29 4.3600E-04 1.6658E-05  (  0.00    ,  1.531E+07,   0.00    ) |  1.666E-05 9.379E+43
      30 4.5266E-04 1.7256E-05  (  0.00    ,   0.00    ,  1.531E+07) |  1.726E-05 9.379E+43
      31 4.6991E-04 1.7406E-05  (  0.00    ,   0.00    ,  1.531E+07) |  1.741E-05 9.379E+43
      32 4.8732E-04 1.7047E-05  (  0.00    , -1.531E+07,   0.00    ) |  1.705E-05 9.379E+43
      33 5.0437E-04 1.6618E-05  (  0.00    , -1.531E+07,   0.00    ) |  1.662E-05 9.379E+43
      34 5.2099E-04 1.6545E-05  (  0.00    ,   0.00    , -1.531E+07) |  1.654E-05 9.379E+43
      35 5.3753E-04 1.6802E-05  (-1.531E+07,   0.00    ,   0.00    ) |  1.680E-05 9.379E+43
      36 5.5433E-04 1.7026E-05  (  0.00    , -1.531E+07,   0.00    ) |  1.703E-05 9.379E+43
      37 5.7136E-04 1.6980E-05  (  0.00    ,   0.00    , -1.531E+07) |  1.698E-05 9.379E+43
      38 5.8834E-04 1.6756E-05  (  0.00    , -1.531E+07,   0.00    ) |  1.676E-05 9.379E+43
      39 6.0509E-04 1.6603E-05  (-1.531E+07,   0.00    ,   0.00    ) |  1.660E-05 9.379E+43
      40 6.2170E-04 1.6640E-05  (  0.00    , -1.531E+07,   0.00    ) |  1.664E-05 9.379E+43
 [WDHydrostatic] t/t_dyn =   2.1589171166782849E-003  damp factor =  0.99971111973736415       sponge alpha =  0.16640000117627618     
      41 6.3834E-04 1.6764E-05  (  0.00    , -1.531E+07,   0.00    ) |  1.676E-05 9.379E+43
      42 6.5510E-04 1.6810E-05  (-1.531E+07,   0.00    ,   0.00    ) |  1.681E-05 9.379E+43
      43 6.7191E-04 1.6735E-05  (-1.531E+07,   0.00    ,   0.00    ) |  1.674E-05 9.379E+43
      44 6.8865E-04 1.6629E-05  (  0.00    ,   0.00    , -1.531E+07) |  1.663E-05 9.379E+43
      45 7.0527E-04 1.6588E-05  (  0.00    , -1.531E+07,   0.00    ) |  1.659E-05 9.379E+43
      46 7.2186E-04 1.6617E-05  (  0.00    , -1.531E+07,   0.00    ) |  1.662E-05 9.379E+43
      47 7.3848E-04 1.6654E-05  (  0.00    ,   0.00    , -1.531E+07) |  1.665E-05 9.379E+43
      48 7.5513E-04 1.6645E-05  (  0.00    ,   0.00    , -1.531E+07) |  1.665E-05 9.379E+43
      49 7.7178E-04 1.6599E-05  (  0.00    ,   0.00    , -1.531E+07) |  1.660E-05 9.379E+43
      50 7.8838E-04 1.6547E-05  (  0.00    ,  1.531E+07,   0.00    ) |  1.655E-05 9.379E+43
      51 8.0493E-04 1.6501E-05  (  0.00    ,   0.00    , -1.531E+07) |  1.650E-05 9.379E+43
      52 8.2143E-04 1.6488E-05  (-1.531E+07,   0.00    ,   0.00    ) |  1.649E-05 9.379E+43
      53 8.3791E-04 1.6497E-05  (  0.00    ,   0.00    , -1.531E+07) |  1.650E-05 9.379E+43
      54 8.5441E-04 1.6504E-05  (  0.00    , -1.531E+07,   0.00    ) |  1.650E-05 9.379E+43
      55 8.7091E-04 1.6494E-05  (  0.00    , -1.531E+07,   0.00    ) |  1.649E-05 9.379E+43
      56 8.8741E-04 1.6471E-05  (  0.00    ,   0.00    , -1.531E+07) |  1.647E-05 9.379E+43
      57 9.0388E-04 1.6450E-05  (-1.531E+07,   0.00    ,   0.00    ) |  1.645E-05 9.379E+43
      58 9.2033E-04 1.6438E-05  (-1.531E+07,   0.00    ,   0.00    ) |  1.644E-05 9.379E+43
      59 9.3677E-04 1.6434E-05  (  0.00    , -1.531E+07,   0.00    ) |  1.643E-05 9.379E+43
      60 9.5320E-04 1.6473E-05  (-1.531E+07,   0.00    ,   0.00    ) |  1.647E-05 9.379E+43
 [WDHydrostatic] t/t_dyn =   3.3101087408443442E-003  damp factor =  0.99971401556684725       sponge alpha =  0.16473171499937575     
      61 9.6968E-04 1.6536E-05  (-1.531E+07,   0.00    ,   0.00    ) |  1.654E-05 9.379E+43
      62 9.8621E-04 1.6599E-05  (-1.531E+07,   0.00    ,   0.00    ) |  1.660E-05 9.379E+43
      63 1.0028E-03 1.6646E-05  (  0.00    ,   0.00    , -1.531E+07) |  1.665E-05 9.379E+43
      64 1.0195E-03 1.6670E-05  (  0.00    , -1.531E+07,   0.00    ) |  1.667E-05 9.379E+43
      65 1.0361E-03 1.6667E-05  (  0.00    ,   0.00    , -1.531E+07) |  1.667E-05 9.379E+43
      66 1.0528E-03 1.6638E-05  (  0.00    ,   0.00    , -1.531E+07) |  1.664E-05 9.379E+43
      67 1.0694E-03 1.6588E-05  (  0.00    , -1.531E+07,   0.00    ) |  1.659E-05 9.379E+43
      68 1.0860E-03 1.6525E-05  (  0.00    ,   0.00    , -1.531E+07) |  1.652E-05 9.379E+43
      69 1.1025E-03 1.6457E-05  (  0.00    ,   0.00    , -1.531E+07) |  1.646E-05 9.379E+43
      70 1.1190E-03 1.6391E-05  (  0.00    ,   0.00    , -1.531E+07) |  1.639E-05 9.379E+43
      71 1.1354E-03 1.6334E-05  (  0.00    ,   0.00    , -1.531E+07) |  1.633E-05 9.379E+43
      72 1.1517E-03 1.6289E-05  (  0.00    ,   0.00    , -1.531E+07) |  1.629E-05 9.379E+43
      73 1.1680E-03 1.6258E-05  (  0.00    ,   0.00    , -1.531E+07) |  1.626E-05 9.379E+43
      74 1.1843E-03 1.6239E-05  (  0.00    ,   0.00    , -1.531E+07) |  1.624E-05 9.379E+43
      75 1.2005E-03 1.6229E-05  (  0.00    ,   0.00    , -1.531E+07) |  1.623E-05 9.379E+43
      76 1.2167E-03 1.6225E-05  (  0.00    ,   0.00    , -1.531E+07) |  1.622E-05 9.379E+43
      77 1.2330E-03 1.6219E-05  (  0.00    ,   0.00    , -1.531E+07) |  1.622E-05 9.379E+43
      78 1.2492E-03 1.6205E-05  (  0.00    ,   0.00    , -1.531E+07) |  1.620E-05 9.379E+43
      79 1.2654E-03 1.6180E-05  (  0.00    ,   0.00    , -1.531E+07) |  1.618E-05 9.379E+43
      80 1.2816E-03 1.6149E-05  (  0.00    , -1.531E+07,   0.00    ) |  1.615E-05 9.379E+43
 [WDHydrostatic] t/t_dyn =   4.4504064361144740E-003  damp factor =  0.99971964468186525       sponge alpha =  0.16148879797416660     
      81 1.2977E-03 1.8232E-05  (  0.00    , -1.531E+07,   0.00    ) |  1.823E-05 9.379E+43
      82 1.3160E-03 1.9613E-05  (  0.00    ,   0.00    , -1.531E+07) |  1.961E-05 9.379E+43
      83 1.3356E-03 1.7898E-05  (-1.531E+07,   0.00    ,   0.00    ) |  1.790E-05 9.379E+43
      84 1.3535E-03 1.6198E-05  (-1.531E+07,   0.00    ,   0.00    ) |  1.620E-05 9.379E+43
      85 1.3697E-03 1.6267E-05  (  0.00    , -1.531E+07,   0.00    ) |  1.627E-05 9.379E+43
      86 1.3859E-03 1.7376E-05  (  0.00    ,   0.00    , -1.531E+07) |  1.738E-05 9.379E+43
      87 1.4033E-03 1.7017E-05  (  0.00    ,   0.00    , -1.531E+07) |  1.702E-05 9.379E+43
      88 1.4203E-03 1.6180E-05  (-1.531E+07,   0.00    ,   0.00    ) |  1.618E-05 9.379E+43
      89 1.4365E-03 1.5480E-05  (-1.531E+07,   0.00    ,   0.00    ) |  1.548E-05 9.379E+43
      90 1.4520E-03 1.5236E-05  (-1.531E+07,   0.00    ,   0.00    ) |  1.524E-05 9.379E+43
      91 1.4672E-03 1.5325E-05  (-1.531E+07,   0.00    ,   0.00    ) |  1.533E-05 9.379E+43
      92 1.4825E-03 1.5486E-05  (  0.00    ,   0.00    , -1.531E+07) |  1.549E-05 9.379E+43
      93 1.4980E-03 1.5632E-05  (  0.00    ,   0.00    , -1.531E+07) |  1.563E-05 9.379E+43
      94 1.5137E-03 1.5734E-05  (  0.00    ,   0.00    , -1.531E+07) |  1.573E-05 9.379E+43
      95 1.5294E-03 1.5786E-05  (-1.531E+07,   0.00    ,   0.00    ) |  1.579E-05 9.379E+43
      96 1.5452E-03 1.5800E-05  (-1.531E+07,   0.00    ,   0.00    ) |  1.580E-05 9.379E+43
      97 1.5610E-03 1.5793E-05  (  0.00    , -1.531E+07,   0.00    ) |  1.579E-05 9.379E+43
      98 1.5768E-03 1.6795E-05  (  0.00    , -1.531E+07,   0.00    ) |  1.679E-05 9.379E+43
      99 1.5936E-03 1.7610E-05  (  0.00    , -1.531E+07,   0.00    ) |  1.761E-05 9.379E+43
     100 1.6112E-03 1.6831E-05  (  0.00    , -1.531E+07,   0.00    ) |  1.683E-05 9.379E+43
 [WDHydrostatic] t/t_dyn =   5.5950063476154482E-003  damp factor =  0.99970780429215678       sponge alpha =  0.16831003373340706     
     101 1.6280E-03 1.5785E-05  (-1.531E+07,   0.00    ,   0.00    ) |  1.578E-05 9.379E+43
     102 1.6438E-03 1.5847E-05  (  0.00    , -1.531E+07,   0.00    ) |  1.585E-05 9.379E+43
     103 1.6596E-03 1.6634E-05  (  0.00    , -1.531E+07,   0.00    ) |  1.663E-05 9.379E+43
     104 1.6763E-03 1.6518E-05  (  0.00    , -1.531E+07,   0.00    ) |  1.652E-05 9.379E+43
     105 1.6928E-03 1.5939E-05  (-1.531E+07,   0.00    ,   0.00    ) |  1.594E-05 9.379E+43
     106 1.7087E-03 1.5501E-05  (-1.531E+07,   0.00    ,   0.00    ) |  1.550E-05 9.379E+43
     107 1.7242E-03 1.5424E-05  (  0.00    , -1.531E+07,   0.00    ) |  1.542E-05 9.379E+43
     108 1.7397E-03 1.5419E-05  (  0.00    ,   0.00    , -1.531E+07) |  1.542E-05 9.379E+43
     109 1.7551E-03 1.5457E-05  (-1.531E+07,   0.00    ,   0.00    ) |  1.546E-05 9.379E+43
     110 1.7705E-03 1.5511E-05  (  0.00    , -1.531E+07,   0.00    ) |  1.551E-05 9.379E+43
     111 1.7860E-03 1.6264E-05  (  0.00    , -1.531E+07,   0.00    ) |  1.626E-05 9.379E+43
     112 1.8023E-03 1.6879E-05  (  0.00    , -1.531E+07,   0.00    ) |  1.688E-05 9.379E+43
     113 1.8192E-03 1.6442E-05  (-1.531E+07,   0.00    ,   0.00    ) |  1.644E-05 9.379E+43
     114 1.8356E-03 1.5707E-05  (-1.531E+07,   0.00    ,   0.00    ) |  1.571E-05 9.379E+43
     115 1.8513E-03 1.5332E-05  (  0.00    ,   0.00    , -1.531E+07) |  1.533E-05 9.379E+43
     116 1.8667E-03 1.5293E-05  (  0.00    ,  1.531E+07,   0.00    ) |  1.529E-05 9.379E+43
     117 1.8820E-03 1.5873E-05  (-1.531E+07,   0.00    ,   0.00    ) |  1.587E-05 9.379E+43
     118 1.8978E-03 1.6435E-05  (  0.00    , -1.531E+07,   0.00    ) |  1.643E-05 9.379E+43
     119 1.9143E-03 1.6280E-05  (  0.00    , -1.531E+07,   0.00    ) |  1.628E-05 9.379E+43
     120 1.9305E-03 1.5786E-05  (  0.00    ,   0.00    , -1.531E+07) |  1.579E-05 9.379E+43
 [WDHydrostatic] t/t_dyn =   6.7040629269511671E-003  damp factor =  0.99972594268541337       sponge alpha =  0.15786055782761135     
     121 1.9463E-03 1.5481E-05  (  0.00    ,   0.00    , -1.531E+07) |  1.548E-05 9.379E+43
     122 1.9618E-03 1.5345E-05  ( 1.531E+07,   0.00    ,   0.00    ) |  1.534E-05 9.379E+43
     123 1.9772E-03 1.5733E-05  (  0.00    , -1.531E+07,   0.00    ) |  1.573E-05 9.379E+43
     124 1.9929E-03 1.6147E-05  (-1.531E+07,   0.00    ,   0.00    ) |  1.615E-05 9.379E+43
     125 2.0090E-03 1.6061E-05  (-1.531E+07,   0.00    ,   0.00    ) |  1.606E-05 9.379E+43
     126 2.0251E-03 1.5754E-05  (  0.00    , -1.531E+07,   0.00    ) |  1.575E-05 9.379E+43
     127 2.0409E-03 1.5513E-05  (  0.00    ,   0.00    , -1.531E+07) |  1.551E-05 9.379E+43
     128 2.0564E-03 1.5323E-05  (  0.00    ,   0.00    ,  1.531E+07) |  1.532E-05 9.379E+43
     129 2.0717E-03 1.5650E-05  (-1.531E+07,   0.00    ,   0.00    ) |  1.565E-05 9.379E+43
     130 2.0873E-03 1.6033E-05  (-1.531E+07,   0.00    ,   0.00    ) |  1.603E-05 9.379E+43
     131 2.1034E-03 1.5936E-05  (  0.00    , -1.531E+07,   0.00    ) |  1.594E-05 9.379E+43
     132 2.1193E-03 1.5705E-05  (-1.531E+07,   0.00    ,   0.00    ) |  1.571E-05 9.379E+43
     133 2.1350E-03 1.5451E-05  (  0.00    ,  1.531E+07,   0.00    ) |  1.545E-05 9.379E+43
     134 2.1505E-03 1.5259E-05  ( 1.531E+07,   0.00    ,   0.00    ) |  1.526E-05 9.379E+43
     135 2.1657E-03 1.5563E-05  (-1.531E+07,   0.00    ,   0.00    ) |  1.556E-05 9.379E+43
     136 2.1813E-03 1.5949E-05  (-1.531E+07,   0.00    ,   0.00    ) |  1.595E-05 9.379E+43
     137 2.1972E-03 1.5859E-05  (-1.531E+07,   0.00    ,   0.00    ) |  1.586E-05 9.379E+43
     138 2.2131E-03 1.5640E-05  (  0.00    ,   0.00    , -1.531E+07) |  1.564E-05 9.379E+43
     139 2.2287E-03 1.5390E-05  (  0.00    ,  1.531E+07,   0.00    ) |  1.539E-05 9.379E+43
     140 2.2441E-03 1.5199E-05  (  0.00    ,   0.00    ,  1.531E+07) |  1.520E-05 9.379E+43
 [WDHydrostatic] t/t_dyn =   7.7930019444144190E-003  damp factor =  0.99973612530384059       sponge alpha =  0.15199446388640878     
     141 2.2593E-03 1.5473E-05  (  0.00    , -1.531E+07,   0.00    ) |  1.547E-05 9.379E+43
     142 2.2748E-03 1.5850E-05  (-1.531E+07,   0.00    ,   0.00    ) |  1.585E-05 9.379E+43
     143 2.2906E-03 1.5770E-05  (-1.531E+07,   0.00    ,   0.00    ) |  1.577E-05 9.379E+43
     144 2.3064E-03 1.5571E-05  (  0.00    , -1.531E+07,   0.00    ) |  1.557E-05 9.379E+43
     145 2.3220E-03 1.5333E-05  (  0.00    ,   0.00    ,  1.531E+07) |  1.533E-05 9.379E+43
     146 2.3373E-03 1.5149E-05  (  0.00    ,   0.00    ,  1.531E+07) |  1.515E-05 9.379E+43
     147 2.3525E-03 1.5387E-05  (-1.531E+07,   0.00    ,   0.00    ) |  1.539E-05 9.379E+43
     148 2.3679E-03 1.5745E-05  (  0.00    , -1.531E+07,   0.00    ) |  1.575E-05 9.379E+43
     149 2.3836E-03 1.5676E-05  (  0.00    , -1.531E+07,   0.00    ) |  1.568E-05 9.379E+43
     150 2.3993E-03 1.5500E-05  (  0.00    ,   0.00    , -1.531E+07) |  1.550E-05 9.379E+43
     151 2.4148E-03 1.5279E-05  (  0.00    ,   0.00    ,  1.531E+07) |  1.528E-05 9.379E+43
     152 2.4301E-03 1.5107E-05  (  0.00    ,   0.00    ,  1.531E+07) |  1.511E-05 9.379E+43
     153 2.4452E-03 1.5302E-05  (-1.531E+07,   0.00    ,   0.00    ) |  1.530E-05 9.379E+43
     154 2.4605E-03 1.5623E-05  (-1.531E+07,   0.00    ,   0.00    ) |  1.562E-05 9.379E+43
     155 2.4761E-03 1.5567E-05  (-1.531E+07,   0.00    ,   0.00    ) |  1.557E-05 9.379E+43
     156 2.4917E-03 1.5422E-05  (  0.00    ,   0.00    , -1.531E+07) |  1.542E-05 9.379E+43
     157 2.5071E-03 1.5227E-05  ( 1.531E+07,   0.00    ,   0.00    ) |  1.523E-05 9.379E+43
     158 2.5223E-03 1.5074E-05  (  0.00    ,  1.531E+07,   0.00    ) |  1.507E-05 9.379E+43
     159 2.5374E-03 1.4984E-05  (  0.00    ,   0.00    ,  1.531E+07) |  1.498E-05 9.379E+43
     160 2.5524E-03 1.5237E-05  (  0.00    ,   0.00    , -1.531E+07) |  1.524E-05 9.379E+43
 [WDHydrostatic] t/t_dyn =   8.8633993952128131E-003  damp factor =  0.99973546591040774       sponge alpha =  0.15237433134643757     
     161 2.5676E-03 1.5606E-05  (-1.531E+07,   0.00    ,   0.00    ) |  1.561E-05 9.379E+43
     162 2.5832E-03 1.5576E-05  (-1.531E+07,   0.00    ,   0.00    ) |  1.558E-05 9.379E+43
     163 2.5988E-03 1.5430E-05  (-1.531E+07,   0.00    ,   0.00    ) |  1.543E-05 9.379E+43
     164 2.6142E-03 1.5217E-05  (  0.00    ,   0.00    ,  1.531E+07) |  1.522E-05 9.379E+43
     165 2.6294E-03 1.5041E-05  (  0.00    ,   0.00    ,  1.531E+07) |  1.504E-05 9.379E+43
     166 2.6445E-03 1.4934E-05  (  0.00    ,  1.531E+07,   0.00    ) |  1.493E-05 9.379E+43
     167 2.6594E-03 1.4903E-05  (  0.00    , -1.531E+07,   0.00    ) |  1.490E-05 9.379E+43
     168 2.6743E-03 1.4930E-05  (  0.00    , -1.531E+07,   0.00    ) |  1.493E-05 9.379E+43
     169 2.6892E-03 1.5266E-05  (  0.00    ,   0.00    , -1.531E+07) |  1.527E-05 9.379E+43
     170 2.7045E-03 1.5682E-05  (  0.00    , -1.531E+07,   0.00    ) |  1.568E-05 9.379E+43
     171 2.7202E-03 1.5635E-05  (-1.531E+07,   0.00    ,   0.00    ) |  1.564E-05 9.379E+43
     172 2.7358E-03 1.5451E-05  (-1.531E+07,   0.00    ,   0.00    ) |  1.545E-05 9.379E+43
     173 2.7513E-03 1.5188E-05  (  0.00    ,   0.00    ,  1.531E+07) |  1.519E-05 9.379E+43
     174 2.7665E-03 1.4980E-05  (  0.00    ,   0.00    ,  1.531E+07) |  1.498E-05 9.379E+43
     175 2.7814E-03 1.4861E-05  (  0.00    ,  1.531E+07,   0.00    ) |  1.486E-05 9.379E+43
     176 2.7963E-03 1.4846E-05  (  0.00    ,   0.00    , -1.531E+07) |  1.485E-05 9.379E+43
     177 2.8111E-03 1.4904E-05  (  0.00    ,   0.00    , -1.531E+07) |  1.490E-05 9.379E+43
     178 2.8261E-03 1.4996E-05  (  0.00    , -1.531E+07,   0.00    ) |  1.500E-05 9.379E+43
     179 2.8410E-03 1.5083E-05  (-1.531E+07,   0.00    ,   0.00    ) |  1.508E-05 9.379E+43
     180 2.8561E-03 1.5141E-05  (-1.531E+07,   0.00    ,   0.00    ) |  1.514E-05 9.379E+43
 [WDHydrostatic] t/t_dyn =   9.9182577642284719E-003  damp factor =  0.99973714607691710       sponge alpha =  0.15140641109327335     
     181 2.8713E-03 1.5162E-05  (  0.00    ,   0.00    , -1.531E+07) |  1.516E-05 9.379E+43
     182 2.8864E-03 1.5153E-05  (  0.00    ,   0.00    , -1.531E+07) |  1.515E-05 9.379E+43
     183 2.9016E-03 1.5129E-05  (-1.531E+07,   0.00    ,   0.00    ) |  1.513E-05 9.379E+43
     184 2.9167E-03 1.5104E-05  (-1.531E+07,   0.00    ,   0.00    ) |  1.510E-05 9.379E+43
     185 2.9318E-03 1.5087E-05  (  0.00    ,   0.00    , -1.531E+07) |  1.509E-05 9.379E+43
     186 2.9469E-03 1.5082E-05  (-1.531E+07,   0.00    ,   0.00    ) |  1.508E-05 9.379E+43
     187 2.9620E-03 1.5086E-05  (  0.00    , -1.531E+07,   0.00    ) |  1.509E-05 9.379E+43
     188 2.9771E-03 1.5061E-05  (  0.00    ,   0.00    , -1.531E+07) |  1.506E-05 9.379E+43
     189 2.9921E-03 1.5032E-05  (  0.00    , -1.531E+07,   0.00    ) |  1.503E-05 9.379E+43
     190 3.0072E-03 1.5005E-05  (  0.00    ,   0.00    , -1.531E+07) |  1.501E-05 9.379E+43
     191 3.0222E-03 1.4983E-05  (-1.531E+07,   0.00    ,   0.00    ) |  1.498E-05 9.379E+43
     192 3.0372E-03 1.4966E-05  (  0.00    ,   0.00    , -1.531E+07) |  1.497E-05 9.379E+43
     193 3.0521E-03 1.4954E-05  (  0.00    , -1.531E+07,   0.00    ) |  1.495E-05 9.379E+43
     194 3.0671E-03 1.4943E-05  (  0.00    ,   0.00    , -1.531E+07) |  1.494E-05 9.379E+43
     195 3.0820E-03 1.4931E-05  (  0.00    , -1.531E+07,   0.00    ) |  1.493E-05 9.379E+43
     196 3.0969E-03 1.4918E-05  (  0.00    , -1.531E+07,   0.00    ) |  1.492E-05 9.379E+43
     197 3.1119E-03 1.4903E-05  (-1.531E+07,   0.00    ,   0.00    ) |  1.490E-05 9.379E+43
     198 3.1268E-03 1.4887E-05  (-1.531E+07,   0.00    ,   0.00    ) |  1.489E-05 9.379E+43
     199 3.1417E-03 1.4871E-05  (  0.00    , -1.531E+07,   0.00    ) |  1.487E-05 9.379E+43
     200 3.1565E-03 1.4854E-05  (-1.531E+07,   0.00    ,   0.00    ) |  1.485E-05 9.379E+43
 [WDHydrostatic] t/t_dyn =   1.0961421023245954E-002  damp factor =  0.99974211413287650       sponge alpha =  0.14854439356910615     
     201 3.1714E-03 1.4839E-05  (  0.00    , -1.531E+07,   0.00    ) |  1.484E-05 9.379E+43
     202 3.1862E-03 1.4825E-05  (  0.00    ,   0.00    , -1.531E+07) |  1.482E-05 9.379E+43
     203 3.2010E-03 1.4812E-05  (  0.00    , -1.531E+07,   0.00    ) |  1.481E-05 9.379E+43
     204 3.2159E-03 1.4803E-05  (  0.00    ,   0.00    ,  1.531E+07) |  1.480E-05 9.379E+43
     205 3.2307E-03 1.4797E-05  (  0.00    ,   0.00    ,  1.531E+07) |  1.480E-05 9.379E+43
     206 3.2455E-03 1.4792E-05  ( 1.531E+07,   0.00    ,   0.00    ) |  1.479E-05 9.379E+43
     207 3.2603E-03 1.4788E-05  (  0.00    ,   0.00    ,  1.531E+07) |  1.479E-05 9.379E+43
     208 3.2750E-03 1.4782E-05  (  0.00    , -1.531E+07,   0.00    ) |  1.478E-05 9.379E+43
     209 3.2898E-03 1.4775E-05  (  0.00    ,   0.00    , -1.531E+07) |  1.478E-05 9.379E+43
     210 3.3046E-03 1.4767E-05  (  0.00    , -1.531E+07,   0.00    ) |  1.477E-05 9.379E+43
     211 3.3194E-03 1.4759E-05  ( 1.531E+07,   0.00    ,   0.00    ) |  1.476E-05 9.379E+43
     212 3.3341E-03 1.4750E-05  ( 1.531E+07,   0.00    ,   0.00    ) |  1.475E-05 9.379E+43
     213 3.3489E-03 1.4741E-05  (  0.00    ,   0.00    ,  1.531E+07) |  1.474E-05 9.379E+43
     214 3.3636E-03 1.4733E-05  ( 1.531E+07,   0.00    ,   0.00    ) |  1.473E-05 9.379E+43
     215 3.3783E-03 1.4725E-05  (  0.00    , -1.531E+07,   0.00    ) |  1.472E-05 9.379E+43
     216 3.3931E-03 1.4716E-05  (  0.00    ,   0.00    , -1.531E+07) |  1.472E-05 9.379E+43
     217 3.4078E-03 1.4708E-05  (  0.00    ,   0.00    , -1.531E+07) |  1.471E-05 9.379E+43
     218 3.4225E-03 1.4699E-05  (  0.00    , -1.531E+07,   0.00    ) |  1.470E-05 9.379E+43
     219 3.4372E-03 1.4690E-05  (-1.531E+07,   0.00    ,   0.00    ) |  1.469E-05 9.379E+43
     220 3.4519E-03 1.4681E-05  (  0.00    , -1.531E+07,   0.00    ) |  1.468E-05 9.379E+43
 [WDHydrostatic] t/t_dyn =   1.1987084477107293E-002  damp factor =  0.99974512720502673       sponge alpha =  0.14680861785632701     
     221 3.4666E-03 1.4671E-05  (  0.00    ,   0.00    , -1.531E+07) |  1.467E-05 9.379E+43
     222 3.4812E-03 1.4662E-05  (  0.00    ,   0.00    , -1.531E+07) |  1.466E-05 9.379E+43
     223 3.4959E-03 1.4652E-05  (-1.531E+07,   0.00    ,   0.00    ) |  1.465E-05 9.379E+43
     224 3.5106E-03 1.4642E-05  (  0.00    , -1.531E+07,   0.00    ) |  1.464E-05 9.379E+43
     225 3.5252E-03 1.4631E-05  (-1.531E+07,   0.00    ,   0.00    ) |  1.463E-05 9.379E+43
     226 3.5398E-03 1.4620E-05  (  0.00    ,   0.00    , -1.531E+07) |  1.462E-05 9.379E+43
     227 3.5544E-03 1.4609E-05  (  0.00    , -1.531E+07,   0.00    ) |  1.461E-05 9.379E+43
     228 3.5691E-03 1.4598E-05  (  0.00    ,   0.00    , -1.531E+07) |  1.460E-05 9.379E+43
     229 3.5837E-03 1.4586E-05  (-1.531E+07,   0.00    ,   0.00    ) |  1.459E-05 9.379E+43
     230 3.5982E-03 1.4575E-05  (  0.00    ,   0.00    , -1.531E+07) |  1.457E-05 9.379E+43
     231 3.6128E-03 1.4563E-05  (-1.531E+07,   0.00    ,   0.00    ) |  1.456E-05 9.379E+43
     232 3.6274E-03 1.4551E-05  (  0.00    ,   0.00    , -1.531E+07) |  1.455E-05 9.379E+43
     233 3.6419E-03 1.4538E-05  (  0.00    ,   0.00    , -1.531E+07) |  1.454E-05 9.379E+43
     234 3.6565E-03 1.4525E-05  (  0.00    ,   0.00    , -1.531E+07) |  1.452E-05 9.379E+43
     235 3.6710E-03 1.4795E-05  (-1.531E+07,   0.00    ,   0.00    ) |  1.479E-05 9.379E+43
     236 3.6858E-03 1.5509E-05  (  0.00    ,  1.531E+07,   0.00    ) |  1.551E-05 9.379E+43
     237 3.7013E-03 1.5100E-05  (  0.00    ,  1.531E+07,   0.00    ) |  1.510E-05 9.379E+43
     238 3.7164E-03 1.5016E-05  (  0.00    ,   0.00    , -1.531E+07) |  1.502E-05 9.379E+43
     239 3.7314E-03 1.4295E-05  (  0.00    ,   0.00    , -1.531E+07) |  1.429E-05 9.379E+43
     240 3.7457E-03 1.4385E-05  (  0.00    , -1.531E+07,   0.00    ) |  1.438E-05 9.379E+43
 [WDHydrostatic] t/t_dyn =   1.3007396768320745E-002  damp factor =  0.99975026479192786       sponge alpha =  0.14384896014850801     
     241 3.7601E-03 1.3722E-05  ( 1.531E+07,   0.00    ,   0.00    ) |  1.372E-05 9.379E+43
     242 3.7738E-03 1.4482E-05  (-1.531E+07,   0.00    ,   0.00    ) |  1.448E-05 9.379E+43
     243 3.7883E-03 1.3577E-05  ( 1.531E+07,   0.00    ,   0.00    ) |  1.358E-05 9.379E+43
     244 3.8019E-03 1.5055E-05  (  0.00    , -1.531E+07,   0.00    ) |  1.505E-05 9.379E+43
     245 3.8169E-03 1.3416E-05  ( 1.531E+07,   0.00    ,   0.00    ) |  1.342E-05 9.379E+43
     246 3.8303E-03 1.5582E-05  (  0.00    , -1.531E+07,   0.00    ) |  1.558E-05 9.379E+43
     247 3.8459E-03 1.2384E-05  ( 1.531E+07,   0.00    ,   0.00    ) |  1.238E-05 9.379E+43
     248 3.8583E-03 1.6048E-05  (-1.531E+07,   0.00    ,   0.00    ) |  1.605E-05 9.379E+43
     249 3.8744E-03 2.4498E-05  (-1.531E+07,   0.00    ,   0.00    ) |  2.450E-05 9.379E+43
     250 3.8989E-03 1.9983E-05  (-1.531E+07,   0.00    ,   0.00    ) |  1.998E-05 9.379E+43
     251 3.9188E-03 1.7597E-05  ( 1.531E+07,   0.00    ,   0.00    ) |  1.760E-05 9.379E+43
     252 3.9364E-03 1.7241E-05  (  0.00    , -1.531E+07,   0.00    ) |  1.724E-05 9.379E+43
     253 3.9537E-03 1.6434E-05  (-1.531E+07,   0.00    ,   0.00    ) |  1.643E-05 9.379E+43
     254 3.9701E-03 1.5569E-05  (-1.531E+07,   0.00    ,   0.00    ) |  1.557E-05 9.379E+43
     255 3.9857E-03 1.5108E-05  (-1.531E+07,   0.00    ,   0.00    ) |  1.511E-05 9.379E+43
     256 4.0008E-03 1.5024E-05  (  0.00    , -1.531E+07,   0.00    ) |  1.502E-05 9.379E+43
     257 4.0158E-03 1.5140E-05  (-1.531E+07,   0.00    ,   0.00    ) |  1.514E-05 9.379E+43
     258 4.0309E-03 1.5320E-05  (-1.531E+07,   0.00    ,   0.00    ) |  1.532E-05 9.379E+43
     259 4.0463E-03 1.5472E-05  (-1.531E+07,   0.00    ,   0.00    ) |  1.547E-05 9.379E+43
     260 4.0617E-03 1.5572E-05  (-1.531E+07,   0.00    ,   0.00    ) |  1.557E-05 9.379E+43
 [WDHydrostatic] t/t_dyn =   1.4104874609161907E-002  damp factor =  0.99972966120765172       sponge alpha =  0.15571835133630080     
     261 4.0773E-03 1.5624E-05  (-1.531E+07,   0.00    ,   0.00    ) |  1.562E-05 9.379E+43
     262 4.0929E-03 1.5641E-05  (-1.531E+07,   0.00    ,   0.00    ) |  1.564E-05 9.379E+43
     263 4.1086E-03 1.5637E-05  (-1.531E+07,   0.00    ,   0.00    ) |  1.564E-05 9.379E+43
     264 4.1242E-03 1.5627E-05  (-1.531E+07,   0.00    ,   0.00    ) |  1.563E-05 9.379E+43
     265 4.1398E-03 1.5616E-05  (-1.531E+07,   0.00    ,   0.00    ) |  1.562E-05 9.379E+43
     266 4.1555E-03 1.5608E-05  (-1.531E+07,   0.00    ,   0.00    ) |  1.561E-05 9.379E+43
     267 4.1711E-03 1.5602E-05  (-1.531E+07,   0.00    ,   0.00    ) |  1.560E-05 9.379E+43
     268 4.1867E-03 1.5592E-05  (-1.531E+07,   0.00    ,   0.00    ) |  1.559E-05 9.379E+43
     269 4.2023E-03 1.5576E-05  (-1.531E+07,   0.00    ,   0.00    ) |  1.558E-05 9.379E+43
     270 4.2178E-03 1.5558E-05  (-1.531E+07,   0.00    ,   0.00    ) |  1.556E-05 9.379E+43
     271 4.2334E-03 1.5540E-05  (-1.531E+07,   0.00    ,   0.00    ) |  1.554E-05 9.379E+43
     272 4.2489E-03 1.5524E-05  (-1.531E+07,   0.00    ,   0.00    ) |  1.552E-05 9.379E+43
     273 4.2645E-03 1.5508E-05  (-1.531E+07,   0.00    ,   0.00    ) |  1.551E-05 9.379E+43
     274 4.2800E-03 1.5493E-05  (  0.00    ,   0.00    , -1.531E+07) |  1.549E-05 9.379E+43
     275 4.2955E-03 1.5479E-05  (  0.00    ,   0.00    , -1.531E+07) |  1.548E-05 9.379E+43
     276 4.3109E-03 1.5466E-05  (  0.00    ,   0.00    , -1.531E+07) |  1.547E-05 9.379E+43
     277 4.3264E-03 1.5454E-05  (  0.00    ,   0.00    , -1.531E+07) |  1.545E-05 9.379E+43
     278 4.3419E-03 1.5444E-05  (  0.00    ,   0.00    , -1.531E+07) |  1.544E-05 9.379E+43
     279 4.3573E-03 1.5436E-05  (  0.00    ,   0.00    , -1.531E+07) |  1.544E-05 9.379E+43
     280 4.3727E-03 1.5431E-05  (  0.00    ,   0.00    , -1.531E+07) |  1.543E-05 9.379E+43
 [WDHydrostatic] t/t_dyn =   1.5184854857590821E-002  damp factor =  0.99973210729164930       sponge alpha =  0.15430918916752481     
     281 4.3882E-03 1.5430E-05  (  0.00    ,   0.00    , -1.531E+07) |  1.543E-05 9.379E+43
     282 4.4036E-03 1.5437E-05  (  0.00    ,   0.00    , -1.531E+07) |  1.544E-05 9.379E+43
     283 4.4190E-03 1.5450E-05  (  0.00    ,   0.00    , -1.531E+07) |  1.545E-05 9.379E+43
     284 4.4345E-03 1.5486E-05  (  0.00    ,   0.00    , -1.531E+07) |  1.549E-05 9.379E+43
     285 4.4500E-03 1.5567E-05  (  0.00    ,   0.00    , -1.531E+07) |  1.557E-05 9.379E+43
     286 4.4655E-03 1.5655E-05  (  0.00    ,   0.00    , -1.531E+07) |  1.566E-05 9.379E+43
     287 4.4812E-03 1.5733E-05  (  0.00    ,   0.00    ,  1.531E+07) |  1.573E-05 9.379E+43
     288 4.4969E-03 1.5808E-05  (  0.00    ,   0.00    ,  1.531E+07) |  1.581E-05 9.379E+43
     289 4.5127E-03 1.5881E-05  (  0.00    ,  1.531E+07,   0.00    ) |  1.588E-05 9.379E+43
     290 4.5286E-03 1.5723E-05  ( 1.531E+07,   0.00    ,   0.00    ) |  1.572E-05 9.379E+43
     291 4.5443E-03 1.5363E-05  (-1.531E+07,   0.00    ,   0.00    ) |  1.536E-05 9.379E+43
     292 4.5597E-03 1.5032E-05  ( 1.531E+07,   0.00    ,   0.00    ) |  1.503E-05 9.379E+43
     293 4.5747E-03 1.4727E-05  (  0.00    ,   0.00    , -1.531E+07) |  1.473E-05 9.379E+43
     294 4.5895E-03 1.4447E-05  (  0.00    ,   0.00    , -1.531E+07) |  1.445E-05 9.379E+43
     295 4.6039E-03 1.4315E-05  (  0.00    ,   0.00    ,  1.531E+07) |  1.432E-05 9.379E+43
     296 4.6182E-03 1.4231E-05  (  0.00    ,   0.00    ,  1.531E+07) |  1.423E-05 9.379E+43
     297 4.6325E-03 1.4214E-05  (  0.00    ,   0.00    ,  1.531E+07) |  1.421E-05 9.379E+43
     298 4.6467E-03 1.4281E-05  (  0.00    ,   0.00    , -1.531E+07) |  1.428E-05 9.379E+43
     299 4.6609E-03 1.4311E-05  ( 1.531E+07,   0.00    ,   0.00    ) |  1.431E-05 9.379E+43
     300 4.6753E-03 1.4089E-05  ( 1.531E+07,   0.00    ,   0.00    ) |  1.409E-05 9.379E+43
 [WDHydrostatic] t/t_dyn =   1.6235407043073427E-002  damp factor =  0.99975540538262242       sponge alpha =  0.14088758723997227     
     301 4.6894E-03 1.3884E-05  (-1.531E+07,   0.00    ,   0.00    ) |  1.388E-05 9.379E+43
     302 4.7032E-03 1.3760E-05  (-1.531E+07,   0.00    ,   0.00    ) |  1.376E-05 9.379E+43
     303 4.7170E-03 1.3802E-05  ( 1.531E+07,   0.00    ,   0.00    ) |  1.380E-05 9.379E+43
     304 4.7308E-03 1.4076E-05  ( 1.531E+07,   0.00    ,   0.00    ) |  1.408E-05 9.379E+43
     305 4.7449E-03 1.3953E-05  (  0.00    ,   0.00    , -1.531E+07) |  1.395E-05 9.379E+43
     306 4.7588E-03 1.3755E-05  (  0.00    ,   0.00    , -1.531E+07) |  1.375E-05 9.379E+43
     307 4.7726E-03 1.3639E-05  (  0.00    ,   0.00    , -1.531E+07) |  1.364E-05 9.379E+43
     308 4.7862E-03 1.3658E-05  (  0.00    ,   0.00    , -1.531E+07) |  1.366E-05 9.379E+43
     309 4.7999E-03 1.3801E-05  (  0.00    ,   0.00    ,  1.531E+07) |  1.380E-05 9.379E+43
     310 4.8137E-03 1.4044E-05  (-1.531E+07,   0.00    ,   0.00    ) |  1.404E-05 9.379E+43
     311 4.8277E-03 1.3748E-05  (-1.531E+07,   0.00    ,   0.00    ) |  1.375E-05 9.379E+43
     312 4.8415E-03 1.3570E-05  (-1.531E+07,   0.00    ,   0.00    ) |  1.357E-05 9.379E+43
     313 4.8550E-03 1.3570E-05  (-1.531E+07,   0.00    ,   0.00    ) |  1.357E-05 9.379E+43
     314 4.8686E-03 1.3818E-05  (-1.531E+07,   0.00    ,   0.00    ) |  1.382E-05 9.379E+43
     315 4.8824E-03 1.4315E-05  (  0.00    ,  1.531E+07,   0.00    ) |  1.431E-05 9.379E+43
     316 4.8967E-03 1.4461E-05  (  0.00    , -1.531E+07,   0.00    ) |  1.446E-05 9.379E+43
     317 4.9112E-03 1.4546E-05  (  0.00    , -1.531E+07,   0.00    ) |  1.455E-05 9.379E+43
     318 4.9258E-03 1.4641E-05  (  0.00    , -1.531E+07,   0.00    ) |  1.464E-05 9.379E+43
     319 4.9404E-03 1.3777E-05  (  0.00    ,  1.531E+07,  1.531E+07) |  1.378E-05 9.379E+43
     320 4.9542E-03 1.1480E-05  (  0.00    ,  1.531E+07,  1.531E+07) |  1.148E-05 9.379E+43
 [WDHydrostatic] t/t_dyn =   1.7203950656571505E-002  damp factor =  0.99980069549217987       sponge alpha =  0.11479768263474399     
     321 4.9656E-03 1.0324E-05  (  0.00    , -1.531E+07, -1.531E+07) |  1.032E-05 9.379E+43
     322 4.9760E-03 1.0242E-05  (  0.00    , -1.531E+07, -1.531E+07) |  1.024E-05 9.379E+43
     323 4.9862E-03 1.0072E-05  (  0.00    , -1.531E+07, -1.531E+07) |  1.007E-05 9.379E+43
     324 4.9963E-03 9.8065E-06  (  0.00    , -1.531E+07, -1.531E+07) |  9.806E-06 9.379E+43
     325 5.0061E-03 1.0196E-05  (  0.00    , -1.531E+07, -1.531E+07) |  1.020E-05 9.379E+43
     326 5.0163E-03 9.5841E-06  (  0.00    , -1.531E+07, -1.531E+07) |  9.584E-06 9.379E+43
     327 5.0259E-03 1.0193E-05  ( 1.531E+07, -1.531E+07,   0.00    ) |  1.019E-05 9.379E+43
     328 5.0361E-03 9.3000E-06  (  0.00    ,  1.531E+07,  1.531E+07) |  9.300E-06 9.379E+43
     329 5.0454E-03 9.9450E-06  (-1.531E+07,  1.531E+07,   0.00    ) |  9.945E-06 9.379E+43
     330 5.0553E-03 9.8466E-06  ( 1.531E+07, -1.531E+07,   0.00    ) |  9.847E-06 9.379E+43
     331 5.0652E-03 1.0148E-05  ( 1.531E+07, -1.531E+07,   0.00    ) |  1.015E-05 9.379E+43
     332 5.0753E-03 1.0019E-05  ( 1.531E+07, -1.531E+07,   0.00    ) |  1.002E-05 9.379E+43
     333 5.0853E-03 1.0006E-05  (-1.531E+07,   0.00    , -1.531E+07) |  1.001E-05 9.379E+43
     334 5.0953E-03 9.2520E-06  (-1.531E+07,   0.00    , -1.531E+07) |  9.252E-06 9.379E+43
     335 5.1046E-03 9.0616E-06  (-1.531E+07,   0.00    , -1.531E+07) |  9.062E-06 9.379E+43
     336 5.1136E-03 8.8975E-06  (-1.531E+07,   0.00    , -1.531E+07) |  8.898E-06 9.379E+43
     337 5.1225E-03 9.2904E-06  (-1.531E+07,   0.00    , -1.531E+07) |  9.290E-06 9.379E+43
     338 5.1318E-03 8.1079E-06  (-1.531E+07,   0.00    , -1.531E+07) |  8.108E-06 9.379E+43
     339 5.1399E-03 8.0929E-06  (-1.531E+07,   0.00    , -1.531E+07) |  8.093E-06 9.379E+43
     340 5.1480E-03 2.0512E-06  (-1.531E+07,   0.00    , -1.531E+07) |  2.051E-06 9.379E+43
 [WDHydrostatic] t/t_dyn =   1.7877170376429136E-002  damp factor =  0.99996438598223225       sponge alpha =   2.0511688963032022E-002
     341 5.1501E-03 3.5505E-06  ( 1.531E+07,   0.00    , -1.531E+07) |  3.551E-06 9.379E+43
     342 5.1536E-03 6.4681E-06  ( 1.531E+07, -1.531E+07, -1.531E+07) |  6.468E-06 9.379E+43
     343 5.1601E-03 1.1635E-05  ( 1.531E+07, -1.531E+07,  1.531E+07) |  1.164E-05 9.379E+43
     344 5.1717E-03 1.3452E-05  ( 1.531E+07,   0.00    , -3.062E+07) |  1.345E-05 9.379E+43
     345 5.1852E-03 1.5934E-05  (-1.531E+07,   0.00    , -3.062E+07) |  1.593E-05 9.379E+43
     346 5.2011E-03 1.7423E-05  (-3.062E+07,   0.00    , -1.531E+07) |  1.742E-05 9.379E+43
     347 5.2185E-03 1.8459E-05  (-3.062E+07, -1.531E+07, -1.531E+07) |  1.846E-05 9.379E+43
     348 5.2370E-03 1.9450E-05  (-3.062E+07, -1.531E+07, -1.531E+07) |  1.945E-05 9.379E+43
     349 5.2565E-03 2.0338E-05  ( 3.062E+07,  1.531E+07,  1.531E+07) |  2.034E-05 9.379E+43
     350 5.2768E-03 2.1037E-05  ( 3.062E+07,  1.531E+07,  1.531E+07) |  2.104E-05 9.379E+43
     351 5.2978E-03 2.1812E-05  ( 3.062E+07,  1.531E+07,   0.00    ) |  2.181E-05 9.379E+43
     352 5.3196E-03 2.1957E-05  ( 1.531E+07, -1.531E+07,   0.00    ) |  2.196E-05 9.379E+43
     353 5.3416E-03 2.1771E-05  ( 1.531E+07, -1.531E+07,   0.00    ) |  2.177E-05 9.379E+43
     354 5.3634E-03 2.1750E-05  ( 1.531E+07, -1.531E+07,   0.00    ) |  2.175E-05 9.379E+43
     355 5.3851E-03 2.1771E-05  (-1.531E+07,  1.531E+07,   0.00    ) |  2.177E-05 9.379E+43
     356 5.4069E-03 2.1844E-05  (-1.531E+07,  1.531E+07,   0.00    ) |  2.184E-05 9.379E+43
     357 5.4287E-03 2.2025E-05  (-1.531E+07,  1.531E+07,   0.00    ) |  2.203E-05 9.379E+43
     358 5.4508E-03 2.2399E-05  (-1.531E+07,  1.531E+07,   0.00    ) |  2.240E-05 9.379E+43
     359 5.4732E-03 2.1675E-05  (  0.00    ,   0.00    ,   0.00    ) |  2.167E-05 9.379E+43
     360 5.4948E-03 2.0691E-05  (  0.00    ,   0.00    ,   0.00    ) |  2.069E-05 9.379E+43
 [WDHydrostatic] t/t_dyn =   1.9081481469692341E-002  damp factor =  0.99964080161359459       sponge alpha =  0.20691172688033793     
     361 5.5155E-03 2.0041E-05  (  0.00    ,   0.00    ,   0.00    ) |  2.004E-05 9.379E+43
     362 5.5356E-03 2.0023E-05  (  0.00    ,   0.00    ,   0.00    ) |  2.002E-05 9.379E+43
     363 5.5556E-03 1.9870E-05  (  0.00    ,   0.00    ,   0.00    ) |  1.987E-05 9.379E+43
     364 5.5755E-03 2.3557E-05  (  0.00    ,   0.00    ,   0.00    ) |  2.356E-05 9.379E+43
     365 5.5990E-03 2.3706E-05  (  0.00    ,   0.00    ,  1.531E+07) |  2.371E-05 9.379E+43
     366 5.6227E-03 2.3890E-05  (  0.00    ,   0.00    ,  1.531E+07) |  2.389E-05 9.379E+43
     367 5.6466E-03 2.5838E-05  (  0.00    ,  1.531E+07,   0.00    ) |  2.584E-05 9.379E+43
     368 5.6725E-03 2.6683E-05  (  0.00    ,   0.00    ,   0.00    ) |  2.668E-05 9.379E+43
     369 5.6991E-03 2.6857E-05  (  0.00    ,   0.00    ,   0.00    ) |  2.686E-05 9.379E+43
     370 5.7260E-03 2.7349E-05  (  0.00    ,   0.00    ,   0.00    ) |  2.735E-05 9.379E+43
     371 5.7533E-03 2.7768E-05  (  0.00    ,  1.531E+07,   0.00    ) |  2.777E-05 9.379E+43
     372 5.7811E-03 2.9018E-05  (  0.00    ,  1.531E+07,   0.00    ) |  2.902E-05 9.379E+43
     373 5.8101E-03 2.9591E-05  (  0.00    ,   0.00    ,   0.00    ) |  2.959E-05 9.379E+43
     374 5.8397E-03 2.9843E-05  (  0.00    ,   0.00    ,   0.00    ) |  2.984E-05 9.379E+43
     375 5.8696E-03 3.0183E-05  (  0.00    ,   0.00    ,   0.00    ) |  3.018E-05 9.379E+43
     376 5.8997E-03 3.0601E-05  (  0.00    ,   0.00    ,   0.00    ) |  3.060E-05 9.379E+43
     377 5.9303E-03 3.0915E-05  (  0.00    ,   0.00    ,   0.00    ) |  3.092E-05 9.379E+43
     378 5.9613E-03 3.1251E-05  (  0.00    ,   0.00    ,   0.00    ) |  3.125E-05 9.379E+43
     379 5.9925E-03 3.1438E-05  (  0.00    ,   0.00    ,   0.00    ) |  3.144E-05 9.379E+43
     380 6.0239E-03 3.1548E-05  (  0.00    ,   0.00    ,   0.00    ) |  3.155E-05 9.379E+43
 [WDHydrostatic] t/t_dyn =   2.0918887208526627E-002  damp factor =  0.99945237297260059       sponge alpha =  0.31548341590739032     
     381 6.0555E-03 3.1664E-05  (  0.00    ,   0.00    ,   0.00    ) |  3.166E-05 9.379E+43
     382 6.0872E-03 3.1772E-05  (  0.00    ,   0.00    ,   0.00    ) |  3.177E-05 9.379E+43
     383 6.1189E-03 3.1920E-05  (  0.00    ,   0.00    ,   0.00    ) |  3.192E-05 9.379E+43
     384 6.1509E-03 3.2117E-05  (  0.00    ,   0.00    ,   0.00    ) |  3.212E-05 9.379E+43
     385 6.1830E-03 3.2333E-05  (  0.00    ,   0.00    ,   0.00    ) |  3.233E-05 9.379E+43
     386 6.2153E-03 3.2541E-05  (  0.00    ,   0.00    ,   0.00    ) |  3.254E-05 9.379E+43
     387 6.2478E-03 3.2754E-05  (  0.00    ,   0.00    ,   0.00    ) |  3.275E-05 9.379E+43
     388 6.2806E-03 3.2972E-05  (  0.00    ,   0.00    ,   0.00    ) |  3.297E-05 9.379E+43
     389 6.3136E-03 3.3189E-05  (  0.00    ,   0.00    ,   0.00    ) |  3.319E-05 9.379E+43
     390 6.3468E-03 3.3407E-05  (  0.00    ,   0.00    ,   0.00    ) |  3.341E-05 9.379E+43
     391 6.3802E-03 3.3624E-05  (  0.00    ,   0.00    ,   0.00    ) |  3.362E-05 9.379E+43
     392 6.4138E-03 3.3842E-05  (  0.00    ,   0.00    ,   0.00    ) |  3.384E-05 9.379E+43
     393 6.4476E-03 3.4066E-05  (  0.00    ,   0.00    ,   0.00    ) |  3.407E-05 9.379E+43
     394 6.4817E-03 3.4290E-05  (  0.00    ,   0.00    ,   0.00    ) |  3.429E-05 9.379E+43
     395 6.5160E-03 3.4513E-05  (  0.00    ,   0.00    ,   0.00    ) |  3.451E-05 9.379E+43
     396 6.5505E-03 3.4739E-05  (  0.00    ,   0.00    ,   0.00    ) |  3.474E-05 9.379E+43
     397 6.5852E-03 3.4969E-05  (  0.00    ,   0.00    ,   0.00    ) |  3.497E-05 9.379E+43
     398 6.6202E-03 3.5200E-05  (  0.00    ,   0.00    ,   0.00    ) |  3.520E-05 9.379E+43
     399 6.6554E-03 3.5428E-05  (  0.00    ,   0.00    ,   0.00    ) |  3.543E-05 9.379E+43
     400 6.6908E-03 3.5652E-05  (  0.00    ,   0.00    ,   0.00    ) |  3.565E-05 9.379E+43
 [WDHydrostatic] t/t_dyn =   2.3234729530101750E-002  damp factor =  0.99938115562223728       sponge alpha =  0.35652384563271716     
     401 6.7265E-03 3.5876E-05  (  0.00    ,   0.00    ,   0.00    ) |  3.588E-05 9.379E+43
     402 6.7624E-03 3.6102E-05  (  0.00    ,   0.00    ,   0.00    ) |  3.610E-05 9.379E+43
     403 6.7985E-03 3.6332E-05  (  0.00    ,   0.00    ,   0.00    ) |  3.633E-05 9.379E+43
     404 6.8348E-03 3.6564E-05  (  0.00    ,   0.00    ,   0.00    ) |  3.656E-05 9.379E+43
     405 6.8714E-03 3.6797E-05  (  0.00    ,   0.00    ,   0.00    ) |  3.680E-05 9.379E+43
     406 6.9082E-03 3.7027E-05  (  0.00    ,   0.00    ,   0.00    ) |  3.703E-05 9.379E+43
     407 6.9452E-03 3.7253E-05  (  0.00    ,   0.00    ,   0.00    ) |  3.725E-05 9.379E+43
     408 6.9824E-03 3.7472E-05  (  0.00    ,   0.00    ,   0.00    ) |  3.747E-05 9.379E+43
     409 7.0199E-03 3.7686E-05  (  0.00    ,   0.00    ,   0.00    ) |  3.769E-05 9.379E+43
     410 7.0576E-03 3.7897E-05  (  0.00    ,   0.00    ,   0.00    ) |  3.790E-05 9.379E+43
     411 7.0955E-03 3.8106E-05  (  0.00    ,   0.00    ,   0.00    ) |  3.811E-05 9.379E+43
     412 7.1336E-03 3.8312E-05  (  0.00    ,   0.00    ,   0.00    ) |  3.831E-05 9.379E+43
     413 7.1719E-03 3.8517E-05  (  0.00    ,   0.00    ,   0.00    ) |  3.852E-05 9.379E+43
     414 7.2104E-03 3.8721E-05  (  0.00    ,   0.00    ,   0.00    ) |  3.872E-05 9.379E+43
     415 7.2491E-03 3.8927E-05  (  0.00    ,   0.00    ,   0.00    ) |  3.893E-05 9.379E+43
     416 7.2881E-03 3.9133E-05  (  0.00    ,   0.00    ,   0.00    ) |  3.913E-05 9.379E+43
     417 7.3272E-03 3.9341E-05  (  0.00    ,   0.00    ,   0.00    ) |  3.934E-05 9.379E+43
     418 7.3666E-03 3.9548E-05  (  0.00    ,   0.00    ,   0.00    ) |  3.955E-05 9.379E+43
     419 7.4061E-03 3.9752E-05  (  0.00    ,   0.00    ,   0.00    ) |  3.975E-05 9.379E+43
     420 7.4458E-03 3.9954E-05  (  0.00    ,   0.00    ,   0.00    ) |  3.995E-05 9.379E+43
 [WDHydrostatic] t/t_dyn =   2.5856607766452194E-002  damp factor =  0.99930651411201099       sponge alpha =  0.39954065533406752     
     421 7.4858E-03 4.0155E-05  (  0.00    ,   0.00    ,   0.00    ) |  4.015E-05 9.379E+43
     422 7.5260E-03 4.0353E-05  (  0.00    ,   0.00    ,   0.00    ) |  4.035E-05 9.379E+43
     423 7.5663E-03 4.0550E-05  (  0.00    ,   0.00    ,   0.00    ) |  4.055E-05 9.379E+43
     424 7.6069E-03 4.0746E-05  (  0.00    ,   0.00    ,   0.00    ) |  4.075E-05 9.379E+43
     425 7.6476E-03 4.0939E-05  (  0.00    ,   0.00    ,   0.00    ) |  4.094E-05 9.379E+43
     426 7.6885E-03 4.1130E-05  (  0.00    ,   0.00    ,   0.00    ) |  4.113E-05 9.379E+43
     427 7.7297E-03 4.1319E-05  (  0.00    ,   0.00    ,   0.00    ) |  4.132E-05 9.379E+43
     428 7.7710E-03 4.1506E-05  (  0.00    ,   0.00    ,   0.00    ) |  4.151E-05 9.379E+43
     429 7.8125E-03 4.1691E-05  (  0.00    ,   0.00    ,   0.00    ) |  4.169E-05 9.379E+43
     430 7.8542E-03 4.1873E-05  (  0.00    ,   0.00    ,   0.00    ) |  4.187E-05 9.379E+43
     431 7.8961E-03 4.2053E-05  (  0.00    ,   0.00    ,   0.00    ) |  4.205E-05 9.379E+43
     432 7.9381E-03 4.2232E-05  (  0.00    ,   0.00    ,   0.00    ) |  4.223E-05 9.379E+43
     433 7.9804E-03 4.2409E-05  (  0.00    ,   0.00    ,   0.00    ) |  4.241E-05 9.379E+43
     434 8.0228E-03 4.2583E-05  (  0.00    ,   0.00    ,   0.00    ) |  4.258E-05 9.379E+43
     435 8.0653E-03 4.2755E-05  (  0.00    ,   0.00    ,   0.00    ) |  4.275E-05 9.379E+43
     436 8.1081E-03 2.5442E-05  (-3.062E+07,  2.603E+08, -4.594E+07) |  2.544E-05 9.379E+43
     437 8.1335E-03 3.3245E-05  (-3.062E+07,  2.756E+08, -4.594E+07) |  3.324E-05 9.379E+43
     438 8.1668E-03 3.2398E-05  ( 6.125E+07,  2.603E+08,  3.062E+07) |  3.240E-05 9.379E+43
     439 8.1992E-03 4.3276E-05  (  0.00    ,   0.00    ,   0.00    ) |  4.328E-05 9.379E+43
     440 8.2425E-03 4.3441E-05  (  0.00    ,   0.00    ,   0.00    ) |  4.344E-05 9.379E+43
 [WDHydrostatic] t/t_dyn =   2.8622923983424420E-002  damp factor =  0.99924600593178392       sponge alpha =  0.43441461329313358     
     441 8.2859E-03 4.3605E-05  (  0.00    ,   0.00    ,   0.00    ) |  4.360E-05 9.379E+43
     442 8.3295E-03 3.1930E-05  ( 2.756E+08, -6.125E+07, -1.531E+07) |  3.193E-05 9.379E+43
     443 8.3614E-03 4.2346E-05  ( 2.909E+08, -6.125E+07, -1.531E+07) |  4.235E-05 9.379E+43
     444 8.4038E-03 4.4040E-05  (  0.00    ,   0.00    ,   0.00    ) |  4.404E-05 9.379E+43
     445 8.4478E-03 4.4201E-05  (  0.00    ,   0.00    ,   0.00    ) |  4.420E-05 9.379E+43
     446 8.4920E-03 2.5875E-05  (  0.00    , -2.909E+08,  6.125E+07) |  2.587E-05 9.379E+43
     447 8.5179E-03 3.4567E-05  (  0.00    , -3.062E+08,  6.125E+07) |  3.457E-05 9.379E+43
     448 8.5525E-03 4.4576E-05  (  0.00    ,   0.00    ,   0.00    ) |  4.458E-05 9.379E+43
     449 8.5970E-03 4.4735E-05  (  0.00    ,   0.00    ,   0.00    ) |  4.474E-05 9.379E+43
     450 8.6418E-03 4.4894E-05  (  0.00    ,   0.00    ,   0.00    ) |  4.489E-05 9.379E+43
     451 8.6867E-03 4.5052E-05  (  0.00    ,   0.00    ,   0.00    ) |  4.505E-05 9.379E+43
     452 8.7317E-03 4.5210E-05  (  0.00    ,   0.00    ,   0.00    ) |  4.521E-05 9.379E+43
     453 8.7769E-03 4.5368E-05  (  0.00    ,   0.00    ,   0.00    ) |  4.537E-05 9.379E+43
     454 8.8223E-03 4.5527E-05  (  0.00    ,   0.00    ,   0.00    ) |  4.553E-05 9.379E+43
     455 8.8678E-03 4.1533E-05  (  0.00    , -3.062E+08, -7.656E+07) |  4.153E-05 9.379E+43
     456 8.9094E-03 4.5832E-05  (  0.00    ,   0.00    ,   0.00    ) |  4.583E-05 9.379E+43
     457 8.9552E-03 2.2400E-05  ( 3.216E+08,  6.125E+07,  1.531E+07) |  2.240E-05 9.379E+43
     458 8.9776E-03 2.8934E-05  ( 3.369E+08,  6.125E+07,  1.531E+07) |  2.893E-05 9.379E+43
     459 9.0065E-03 3.8310E-05  ( 3.369E+08,  4.594E+07,  3.062E+07) |  3.831E-05 9.379E+43
     460 9.0448E-03 4.6205E-05  ( 3.369E+08,  4.594E+07,  3.062E+07) |  4.620E-05 9.379E+43
 [WDHydrostatic] t/t_dyn =   3.1409273543621760E-002  damp factor =  0.99919806310393888       sponge alpha =  0.46204801574383969     
     461 9.0910E-03 4.6462E-05  (  0.00    ,   0.00    ,   0.00    ) |  4.646E-05 9.379E+43
     462 9.1375E-03 4.6623E-05  (  0.00    ,   0.00    ,   0.00    ) |  4.662E-05 9.379E+43
     463 9.1841E-03 4.6783E-05  (  0.00    ,   0.00    ,   0.00    ) |  4.678E-05 9.379E+43
     464 9.2309E-03 4.6944E-05  (  0.00    ,   0.00    ,   0.00    ) |  4.694E-05 9.379E+43
     465 9.2779E-03 4.7105E-05  (  0.00    ,   0.00    ,   0.00    ) |  4.710E-05 9.379E+43
     466 9.3250E-03 4.7267E-05  (  0.00    ,   0.00    ,   0.00    ) |  4.727E-05 9.379E+43
     467 9.3722E-03 4.2719E-05  ( 3.062E+07, -3.369E+08,   0.00    ) |  4.272E-05 9.379E+43
     468 9.4149E-03 3.8939E-05  (-3.522E+08,  3.062E+07,  3.062E+07) |  3.894E-05 9.379E+43
     469 9.4539E-03 2.9205E-05  (  0.00    , -3.522E+08,   0.00    ) |  2.920E-05 9.379E+43
     470 9.4831E-03 4.3891E-05  (  0.00    , -3.675E+08,   0.00    ) |  4.389E-05 9.379E+43
     471 9.5270E-03 4.7961E-05  (  0.00    ,   0.00    ,   0.00    ) |  4.796E-05 9.379E+43
     472 9.5749E-03 4.3225E-05  (-3.522E+08, -6.125E+07,  1.531E+07) |  4.323E-05 9.379E+43
     473 9.6182E-03 4.8271E-05  (  0.00    ,   0.00    ,   0.00    ) |  4.827E-05 9.379E+43
     474 9.6664E-03 4.8436E-05  (  0.00    ,   0.00    ,   0.00    ) |  4.844E-05 9.379E+43
     475 9.7149E-03 4.4439E-05  (-6.125E+07, -3.522E+08, -1.531E+07) |  4.444E-05 9.379E+43
     476 9.7593E-03 3.0617E-05  (-1.531E+07,  1.531E+07, -3.675E+08) |  3.062E-05 9.379E+43
     477 9.7899E-03 2.7272E-05  ( 1.531E+07, -3.675E+08,  3.062E+07) |  2.727E-05 9.379E+43
     478 9.8172E-03 3.5555E-05  ( 3.062E+07, -3.675E+08,  3.062E+07) |  3.556E-05 9.379E+43
     479 9.8528E-03 4.4377E-05  ( 3.062E+07, -3.828E+08,  3.062E+07) |  4.438E-05 9.379E+43
     480 9.8971E-03 4.9220E-05  (  0.00    ,   0.00    ,   0.00    ) |  4.922E-05 9.379E+43
 [WDHydrostatic] t/t_dyn =   3.4368966001004614E-002  damp factor =  0.99914575641168046       sponge alpha =  0.49219818531104875     
     481 9.9463E-03 4.9387E-05  (  0.00    ,   0.00    ,   0.00    ) |  4.939E-05 9.379E+43
     482 9.9957E-03 4.9555E-05  (  0.00    ,   0.00    ,   0.00    ) |  4.955E-05 9.379E+43
     483 1.0045E-02 4.9722E-05  (  0.00    ,   0.00    ,   0.00    ) |  4.972E-05 9.379E+43
     484 1.0095E-02 1.9749E-05  ( 3.981E+08,   0.00    , -1.531E+07) |  1.975E-05 9.379E+43
     485 1.0115E-02 2.1633E-05  ( 4.134E+08,   0.00    , -3.062E+07) |  2.163E-05 9.379E+43
     486 1.0136E-02 2.7952E-05  ( 4.134E+08,   0.00    , -3.062E+07) |  2.795E-05 9.379E+43
     487 1.0164E-02 3.4684E-05  ( 4.134E+08,   0.00    , -3.062E+07) |  3.468E-05 9.379E+43
     488 1.0199E-02 4.1187E-05  ( 4.288E+08,   0.00    , -3.062E+07) |  4.119E-05 9.379E+43
     489 1.0240E-02 4.6869E-05  ( 4.288E+08,   0.00    , -3.062E+07) |  4.687E-05 9.379E+43
     490 1.0287E-02 5.0536E-05  (  0.00    ,   0.00    ,   0.00    ) |  5.054E-05 9.379E+43
     491 1.0338E-02 5.0705E-05  (  0.00    ,   0.00    ,   0.00    ) |  5.071E-05 9.379E+43
     492 1.0388E-02 5.3952E-07  ( 4.288E+08,  1.531E+07, -1.531E+07) |  5.395E-07 9.379E+43
     493 1.0389E-02 1.0790E-06  ( 4.288E+08,  1.531E+07, -1.531E+07) |  4.191E-06 9.379E+43
     494 1.0390E-02 2.1581E-06  ( 4.288E+08,  1.531E+07, -1.531E+07) |  1.189E-05 9.379E+43
     495 1.0392E-02 4.3161E-06  ( 4.288E+08,  1.531E+07, -1.531E+07) |  2.415E-05 9.379E+43
     496 1.0396E-02 8.6322E-06  ( 4.441E+08,  1.531E+07, -1.531E+07) |  2.902E-05 9.379E+43
     497 1.0405E-02 1.7264E-05  ( 4.441E+08,  1.531E+07, -1.531E+07) |  2.733E-05 9.379E+43
     498 1.0422E-02 2.8266E-05  ( 4.441E+08,  1.531E+07, -1.531E+07) |  2.827E-05 9.379E+43
     499 1.0451E-02 2.9617E-05  ( 4.441E+08,  1.531E+07, -1.531E+07) |  2.962E-05 9.379E+43
     500 1.0480E-02 3.1887E-05  ( 4.441E+08,  1.531E+07, -1.531E+07) |  3.189E-05 9.379E+43
 [WDHydrostatic] t/t_dyn =   3.6393747503596877E-002  damp factor =  0.99944648782819678       sponge alpha =  0.31887473782316950     
     501 1.0512E-02 3.8282E-05  ( 4.441E+08,  1.531E+07, -1.531E+07) |  3.828E-05 9.379E+43
     502 1.0550E-02 2.8961E-05  ( 4.441E+08,  1.531E+07, -1.531E+07) |  2.896E-05 9.379E+43
     503 1.0579E-02 4.2493E-05  ( 4.441E+08,  1.531E+07, -1.531E+07) |  4.249E-05 9.379E+43
     504 1.0622E-02 1.6416E-06  ( 4.441E+08,  1.531E+07, -1.531E+07) |  1.642E-06 9.379E+43
     505 1.0623E-02 3.2832E-06  ( 4.441E+08,  1.531E+07, -1.531E+07) |  6.053E-06 9.379E+43
     506 1.0627E-02 6.5664E-06  ( 4.441E+08,  3.062E+07, -1.531E+07) |  9.343E-06 9.379E+43
     507 1.0633E-02 9.2282E-06  ( 4.594E+08,  3.062E+07, -1.531E+07) |  9.228E-06 9.379E+43
     508 1.0643E-02 9.6079E-06  ( 4.594E+08,  3.062E+07, -1.531E+07) |  9.608E-06 9.379E+43
     509 1.0652E-02 1.0957E-05  ( 4.594E+08,  3.062E+07, -1.531E+07) |  1.096E-05 9.379E+43
     510 1.0663E-02 1.2896E-05  ( 4.594E+08,  3.062E+07, -1.531E+07) |  1.290E-05 9.379E+43
     511 1.0676E-02 1.3953E-05  ( 4.747E+08,  3.062E+07, -1.531E+07) |  1.395E-05 9.379E+43
     512 1.0690E-02 1.4729E-05  ( 4.747E+08,  3.062E+07, -1.531E+07) |  1.473E-05 9.379E+43
     513 1.0705E-02 1.5740E-05  ( 4.747E+08,  3.062E+07, -1.531E+07) |  1.574E-05 9.379E+43
     514 1.0720E-02 1.6851E-05  ( 4.747E+08,  3.062E+07, -1.531E+07) |  1.685E-05 9.379E+43
     515 1.0737E-02 1.8044E-05  ( 4.747E+08,  3.062E+07, -1.531E+07) |  1.804E-05 9.379E+43
     516 1.0755E-02 1.9199E-05  ( 4.747E+08,  3.062E+07, -1.531E+07) |  1.920E-05 9.379E+43
     517 1.0775E-02 2.0332E-05  ( 4.747E+08,  3.062E+07, -1.531E+07) |  2.033E-05 9.379E+43
     518 1.0795E-02 2.1319E-05  ( 4.747E+08,  3.062E+07, -1.531E+07) |  2.132E-05 9.379E+43
     519 1.0816E-02 2.3555E-05  ( 4.747E+08,  3.062E+07, -1.531E+07) |  2.355E-05 9.379E+43
     520 1.0840E-02 2.6630E-05  ( 4.747E+08,  3.062E+07, -1.531E+07) |  2.663E-05 9.379E+43
 [WDHydrostatic] t/t_dyn =   3.7642243957805389E-002  damp factor =  0.99953772980387734       sponge alpha =  0.26629867884824254     
     521 1.0866E-02 2.9446E-05  ( 4.747E+08,  4.594E+07, -1.531E+07) |  2.945E-05 9.379E+43
     522 1.0896E-02 3.1793E-05  ( 4.747E+08,  4.594E+07, -1.531E+07) |  3.179E-05 9.379E+43
     523 1.0928E-02 3.4509E-05  ( 4.747E+08,  4.594E+07, -1.531E+07) |  3.451E-05 9.379E+43
     524 1.0962E-02 3.8112E-05  ( 4.747E+08,  4.594E+07, -1.531E+07) |  3.811E-05 9.379E+43
     525 1.1000E-02 4.2298E-05  ( 4.747E+08,  6.125E+07, -1.531E+07) |  4.230E-05 9.379E+43
     526 1.1043E-02 4.8011E-05  ( 4.747E+08,  6.125E+07, -3.062E+07) |  4.801E-05 9.379E+43
     527 1.1091E-02 5.0801E-05  ( 4.747E+08,  7.656E+07, -1.531E+07) |  5.080E-05 9.379E+43
     528 1.1141E-02 5.3343E-05  (  0.00    ,   0.00    ,   0.00    ) |  5.334E-05 9.379E+43
     529 1.1195E-02 2.6301E-05  ( 4.747E+08,  4.594E+07, -1.531E+07) |  2.630E-05 9.379E+43
     530 1.1221E-02 4.8118E-05  ( 4.747E+08,  6.125E+07, -1.531E+07) |  4.812E-05 9.379E+43
     531 1.1269E-02 1.0309E-05  ( 1.531E+07,   0.00    ,  4.747E+08) |  1.031E-05 9.379E+43
     532 1.1279E-02 2.0619E-05  ( 3.062E+07,   0.00    ,  4.747E+08) |  3.900E-05 9.379E+43
     533 1.1300E-02 4.1238E-05  (  0.00    ,   0.00    ,   0.00    ) |  5.386E-05 9.379E+43
     534 1.1341E-02 5.3989E-05  (  0.00    ,   0.00    ,   0.00    ) |  5.399E-05 9.379E+43
     535 1.1395E-02 5.4160E-05  (  0.00    ,  1.531E+07,   0.00    ) |  5.416E-05 9.379E+43
     536 1.1449E-02 5.4326E-05  (  0.00    ,  1.531E+07,   0.00    ) |  5.433E-05 9.379E+43
     537 1.1504E-02 5.4491E-05  (  0.00    ,  1.531E+07,   0.00    ) |  5.449E-05 9.379E+43
     538 1.1558E-02 5.4657E-05  (  0.00    ,  1.531E+07,   0.00    ) |  5.466E-05 9.379E+43
     539 1.1613E-02 4.9378E-05  ( 1.531E+07, -4.900E+08,  6.125E+07) |  4.938E-05 9.379E+43
     540 1.1662E-02 5.4973E-05  (  0.00    ,  1.531E+07,   0.00    ) |  5.497E-05 9.379E+43
 [WDHydrostatic] t/t_dyn =   4.0498575776742221E-002  damp factor =  0.99904594865352625       sponge alpha =  0.54973288659810871     
     541 1.1717E-02 5.5140E-05  (  0.00    ,  1.531E+07,   0.00    ) |  5.514E-05 9.379E+43
     542 1.1772E-02 5.5309E-05  (  0.00    ,  1.531E+07,   0.00    ) |  5.531E-05 9.379E+43
     543 1.1828E-02 5.5477E-05  (  0.00    ,  1.531E+07,   0.00    ) |  5.548E-05 9.379E+43
     544 1.1883E-02 5.5646E-05  (  0.00    ,  1.531E+07,   0.00    ) |  5.565E-05 9.379E+43
     545 1.1939E-02 5.5815E-05  (  0.00    ,  1.531E+07,   0.00    ) |  5.582E-05 9.379E+43
     546 1.1995E-02 5.5984E-05  (  0.00    ,  1.531E+07,   0.00    ) |  5.598E-05 9.379E+43
     547 1.2051E-02 5.6153E-05  (  0.00    ,  1.531E+07,   0.00    ) |  5.615E-05 9.379E+43
     548 1.2107E-02 5.6321E-05  (  0.00    ,  1.531E+07,   0.00    ) |  5.632E-05 9.379E+43
     549 1.2163E-02 5.6490E-05  (  0.00    ,  1.531E+07,   0.00    ) |  5.649E-05 9.379E+43
     550 1.2220E-02 5.6660E-05  (  0.00    ,  1.531E+07,   0.00    ) |  5.666E-05 9.379E+43
     551 1.2276E-02 5.6830E-05  (  0.00    ,  1.531E+07,   0.00    ) |  5.683E-05 9.379E+43
     552 1.2333E-02 5.6999E-05  (  0.00    ,  1.531E+07,   0.00    ) |  5.700E-05 9.379E+43
     553 1.2390E-02 5.7169E-05  (  0.00    ,  1.531E+07,   0.00    ) |  5.717E-05 9.379E+43
     554 1.2447E-02 5.7340E-05  (  0.00    ,  1.531E+07,   0.00    ) |  5.734E-05 9.379E+43
     555 1.2505E-02 5.7512E-05  (  0.00    ,  1.531E+07,   0.00    ) |  5.751E-05 9.379E+43
     556 1.2562E-02 5.7684E-05  (  0.00    ,  1.531E+07,   0.00    ) |  5.768E-05 9.379E+43
     557 1.2620E-02 5.7857E-05  (  0.00    ,  1.531E+07,   0.00    ) |  5.786E-05 9.379E+43
     558 1.2678E-02 5.8029E-05  (  0.00    ,  1.531E+07,   0.00    ) |  5.803E-05 9.379E+43
     559 1.2736E-02 5.8201E-05  (  0.00    ,  1.531E+07,   0.00    ) |  5.820E-05 9.379E+43
     560 1.2794E-02 5.8372E-05  (  0.00    ,  1.531E+07,   0.00    ) |  5.837E-05 9.379E+43
 [WDHydrostatic] t/t_dyn =   4.4428158999517096E-002  damp factor =  0.99898698694621668       sponge alpha =  0.58372437026430124     
     561 1.2852E-02 5.8544E-05  (  0.00    ,  1.531E+07,   0.00    ) |  5.854E-05 9.379E+43
     562 1.2911E-02 5.8717E-05  (  0.00    ,  1.531E+07,   0.00    ) |  5.872E-05 9.379E+43
     563 1.2969E-02 5.8889E-05  (  0.00    ,  1.531E+07,   0.00    ) |  5.889E-05 9.379E+43
     564 1.3028E-02 5.9061E-05  (  0.00    ,  1.531E+07,   0.00    ) |  5.906E-05 9.379E+43
     565 1.3087E-02 5.9234E-05  (  0.00    ,  1.531E+07,   0.00    ) |  5.923E-05 9.379E+43
     566 1.3147E-02 5.9408E-05  (  0.00    ,  1.531E+07,   0.00    ) |  5.941E-05 9.379E+43
     567 1.3206E-02 5.9583E-05  (  0.00    ,  1.531E+07,   0.00    ) |  5.958E-05 9.379E+43
     568 1.3266E-02 5.9758E-05  (  0.00    ,  1.531E+07,   0.00    ) |  5.976E-05 9.379E+43
     569 1.3325E-02 5.9933E-05  (  0.00    ,  1.531E+07,   0.00    ) |  5.993E-05 9.379E+43
     570 1.3385E-02 6.0108E-05  (  0.00    ,  1.531E+07,   0.00    ) |  6.011E-05 9.379E+43
     571 1.3445E-02 6.0283E-05  (  0.00    ,  1.531E+07,   0.00    ) |  6.028E-05 9.379E+43
     572 1.3506E-02 6.0457E-05  (  0.00    ,  1.531E+07,   0.00    ) |  6.046E-05 9.379E+43
     573 1.3566E-02 6.0631E-05  (  0.00    ,  1.531E+07,   0.00    ) |  6.063E-05 9.379E+43
     574 1.3627E-02 6.0805E-05  (  0.00    ,  1.531E+07,   0.00    ) |  6.081E-05 9.379E+43
     575 1.3688E-02 6.0980E-05  (  0.00    ,  1.531E+07,   0.00    ) |  6.098E-05 9.379E+43
     576 1.3749E-02 6.1156E-05  (  0.00    ,  1.531E+07,   0.00    ) |  6.116E-05 9.379E+43
     577 1.3810E-02 6.1331E-05  (  0.00    ,  1.531E+07,   0.00    ) |  6.133E-05 9.379E+43
     578 1.3871E-02 6.1507E-05  (  0.00    ,  1.531E+07,   0.00    ) |  6.151E-05 9.379E+43
     579 1.3933E-02 6.1684E-05  (  0.00    ,  1.531E+07,   0.00    ) |  6.168E-05 9.379E+43
     580 1.3994E-02 6.1861E-05  (  0.00    ,  1.531E+07,   0.00    ) |  6.186E-05 9.379E+43
 [WDHydrostatic] t/t_dyn =   4.8596832944748543E-002  damp factor =  0.99892648650593840       sponge alpha =  0.61860502054764965     
     581 1.4056E-02 6.2037E-05  (  0.00    ,  1.531E+07,   0.00    ) |  6.204E-05 9.379E+43
     582 1.4118E-02 6.2214E-05  (  0.00    ,  1.531E+07,   0.00    ) |  6.221E-05 9.379E+43
     583 1.4180E-02 6.2391E-05  (  0.00    ,  1.531E+07,   0.00    ) |  6.239E-05 9.379E+43
     584 1.4243E-02 6.2568E-05  (  0.00    ,  1.531E+07,   0.00    ) |  6.257E-05 9.379E+43
     585 1.4305E-02 6.2745E-05  (  0.00    ,  1.531E+07,   0.00    ) |  6.275E-05 9.379E+43
     586 1.4368E-02 6.2922E-05  (  0.00    ,  1.531E+07,   0.00    ) |  6.292E-05 9.379E+43
     587 1.4431E-02 6.3099E-05  (  0.00    ,  1.531E+07,   0.00    ) |  6.310E-05 9.379E+43
     588 1.4494E-02 6.3276E-05  (  0.00    ,  1.531E+07,   0.00    ) |  6.328E-05 9.379E+43
     589 1.4557E-02 6.3454E-05  (  0.00    ,  1.531E+07,   0.00    ) |  6.345E-05 9.379E+43
     590 1.4621E-02 6.3632E-05  (  0.00    ,  1.531E+07,   0.00    ) |  6.363E-05 9.379E+43
     591 1.4684E-02 6.3810E-05  (  0.00    ,  1.531E+07,   0.00    ) |  6.381E-05 9.379E+43
     592 1.4748E-02 6.3991E-05  (  0.00    ,  1.531E+07,   0.00    ) |  6.399E-05 9.379E+43
     593 1.4812E-02 6.4175E-05  (  0.00    ,  1.531E+07,   0.00    ) |  6.417E-05 9.379E+43
     594 1.4876E-02 6.4360E-05  (  0.00    ,  1.531E+07,   0.00    ) |  6.436E-05 9.379E+43
     595 1.4941E-02 6.4547E-05  (  0.00    ,  1.531E+07,   0.00    ) |  6.455E-05 9.379E+43
     596 1.5005E-02 6.4737E-05  (  0.00    ,  1.531E+07,   0.00    ) |  6.474E-05 9.379E+43
     597 1.5070E-02 6.4928E-05  (  0.00    ,  1.531E+07,   0.00    ) |  6.493E-05 9.379E+43
     598 1.5135E-02 6.5121E-05  (  0.00    ,  1.531E+07,   0.00    ) |  6.512E-05 9.379E+43
     599 1.5200E-02 6.5317E-05  (  0.00    ,  1.531E+07,   0.00    ) |  6.532E-05 9.379E+43
     600 1.5265E-02 6.5515E-05  (  0.00    ,  1.531E+07,   0.00    ) |  6.552E-05 9.379E+43
 [WDHydrostatic] t/t_dyn =   5.3011181275968988E-002  damp factor =  0.99886310065958295       sponge alpha =  0.65515147597183099     
     601 1.5331E-02 6.5716E-05  (  0.00    ,  1.531E+07,   0.00    ) |  6.572E-05 9.379E+43
     602 1.5397E-02 6.5919E-05  (  0.00    ,  1.531E+07,   0.00    ) |  6.592E-05 9.379E+43
     603 1.5463E-02 6.6123E-05  (  0.00    ,  1.531E+07,   0.00    ) |  6.612E-05 9.379E+43
     604 1.5529E-02 6.6328E-05  (  0.00    ,  1.531E+07,   0.00    ) |  6.633E-05 9.379E+43
     605 1.5595E-02 6.6532E-05  (  0.00    ,  1.531E+07,   0.00    ) |  6.653E-05 9.379E+43
     606 1.5662E-02 6.6736E-05  (  0.00    ,  1.531E+07,   0.00    ) |  6.674E-05 9.379E+43
     607 1.5728E-02 6.6939E-05  (  0.00    ,  1.531E+07,   0.00    ) |  6.694E-05 9.379E+43
     608 1.5795E-02 6.7141E-05  (  0.00    ,  1.531E+07,   0.00    ) |  6.714E-05 9.379E+43
     609 1.5862E-02 6.7341E-05  (  0.00    ,  1.531E+07,   0.00    ) |  6.734E-05 9.379E+43
     610 1.5930E-02 6.7540E-05  (  0.00    ,  1.531E+07,   0.00    ) |  6.754E-05 9.379E+43
     611 1.5997E-02 6.7736E-05  (  0.00    ,  1.531E+07,   0.00    ) |  6.774E-05 9.379E+43
     612 1.6065E-02 6.7930E-05  (  0.00    ,  1.531E+07,   0.00    ) |  6.793E-05 9.379E+43
     613 1.6133E-02 6.8120E-05  (  0.00    ,  1.531E+07,   0.00    ) |  6.812E-05 9.379E+43
     614 1.6201E-02 6.8291E-05  (  0.00    ,   0.00    ,   0.00    ) |  6.829E-05 9.379E+43
     615 1.6269E-02 6.8440E-05  (  0.00    ,   0.00    ,   0.00    ) |  6.844E-05 9.379E+43
     616 1.6338E-02 6.8590E-05  (  0.00    ,   0.00    ,   0.00    ) |  6.859E-05 9.379E+43
     617 1.6406E-02 6.8739E-05  (  0.00    ,   0.00    ,   0.00    ) |  6.874E-05 9.379E+43
     618 1.6475E-02 6.8888E-05  (  0.00    ,   0.00    ,   0.00    ) |  6.889E-05 9.379E+43
     619 1.6544E-02 6.9038E-05  (  0.00    ,   0.00    ,   0.00    ) |  6.904E-05 9.379E+43
     620 1.6613E-02 6.9189E-05  (  0.00    ,   0.00    ,   0.00    ) |  6.919E-05 9.379E+43
 [WDHydrostatic] t/t_dyn =   5.7690897836667414E-002  damp factor =  0.99879938433239468       sponge alpha =  0.69189081454474632     
     621 1.6682E-02 6.9341E-05  (  0.00    ,   0.00    ,   0.00    ) |  6.934E-05 9.379E+43
     622 1.6752E-02 6.9494E-05  (  0.00    ,   0.00    ,   0.00    ) |  6.949E-05 9.379E+43
     623 1.6821E-02 6.9647E-05  (  0.00    ,   0.00    ,   0.00    ) |  6.965E-05 9.379E+43
     624 1.6891E-02 6.9798E-05  (  0.00    ,   0.00    ,   0.00    ) |  6.980E-05 9.379E+43
     625 1.6961E-02 6.9947E-05  (  0.00    ,   0.00    ,   0.00    ) |  6.995E-05 9.379E+43
     626 1.7030E-02 7.0094E-05  (  0.00    ,   0.00    ,   0.00    ) |  7.009E-05 9.379E+43
     627 1.7101E-02 7.0237E-05  (  0.00    ,   0.00    ,   0.00    ) |  7.024E-05 9.379E+43
     628 1.7171E-02 7.0378E-05  (  0.00    ,   0.00    ,   0.00    ) |  7.038E-05 9.379E+43
     629 1.7241E-02 7.0517E-05  (  0.00    ,   0.00    ,   0.00    ) |  7.052E-05 9.379E+43
     630 1.7312E-02 7.0654E-05  (  0.00    ,   0.00    ,   0.00    ) |  7.065E-05 9.379E+43
     631 1.7382E-02 7.0791E-05  (  0.00    ,   0.00    ,   0.00    ) |  7.079E-05 9.379E+43
     632 1.7453E-02 7.0927E-05  (  0.00    ,   0.00    ,   0.00    ) |  7.093E-05 9.379E+43
     633 1.7524E-02 7.1064E-05  (  0.00    ,   0.00    ,   0.00    ) |  7.106E-05 9.379E+43
     634 1.7595E-02 7.1200E-05  (  0.00    ,   0.00    ,   0.00    ) |  7.120E-05 9.379E+43
     635 1.7666E-02 7.1337E-05  (  0.00    ,   0.00    ,   0.00    ) |  7.134E-05 9.379E+43
     636 1.7738E-02 7.1474E-05  (  0.00    ,   0.00    ,   0.00    ) |  7.147E-05 9.379E+43
     637 1.7809E-02 7.1609E-05  (  0.00    ,   0.00    ,   0.00    ) |  7.161E-05 9.379E+43
     638 1.7881E-02 7.1744E-05  (  0.00    ,   0.00    ,   0.00    ) |  7.174E-05 9.379E+43
     639 1.7953E-02 7.1876E-05  (  0.00    ,   0.00    ,   0.00    ) |  7.188E-05 9.379E+43
     640 1.8024E-02 7.2007E-05  (  0.00    ,   0.00    ,   0.00    ) |  7.201E-05 9.379E+43
 [WDHydrostatic] t/t_dyn =   6.2591870891970339E-002  damp factor =  0.99875052226259797       sponge alpha =  0.72006665858146990     
     641 1.8096E-02 7.2135E-05  (  0.00    ,   0.00    ,   0.00    ) |  7.214E-05 9.379E+43
     642 1.8169E-02 7.2262E-05  (  0.00    ,   0.00    ,   0.00    ) |  7.226E-05 9.379E+43
     643 1.8241E-02 7.2387E-05  (  0.00    ,   0.00    ,   0.00    ) |  7.239E-05 9.379E+43
     644 1.8313E-02 7.2511E-05  (  0.00    ,   0.00    ,   0.00    ) |  7.251E-05 9.379E+43
     645 1.8386E-02 7.2633E-05  (  0.00    ,   0.00    ,   0.00    ) |  7.263E-05 9.379E+43
     646 1.8458E-02 7.2754E-05  (  0.00    ,   0.00    ,   0.00    ) |  7.275E-05 9.379E+43
     647 1.8531E-02 7.2874E-05  (  0.00    ,   0.00    ,   0.00    ) |  7.287E-05 9.379E+43
     648 1.8604E-02 7.2993E-05  (  0.00    ,   0.00    ,   0.00    ) |  7.299E-05 9.379E+43
     649 1.8677E-02 7.3112E-05  (  0.00    ,   0.00    ,   0.00    ) |  7.311E-05 9.379E+43
     650 1.8750E-02 7.3232E-05  (  0.00    ,   0.00    ,   0.00    ) |  7.323E-05 9.379E+43
     651 1.8823E-02 7.3350E-05  (  0.00    ,   0.00    ,   0.00    ) |  7.335E-05 9.379E+43
     652 1.8897E-02 7.3468E-05  (  0.00    ,   0.00    ,   0.00    ) |  7.347E-05 9.379E+43
     653 1.8970E-02 7.3585E-05  (  0.00    ,   0.00    ,   0.00    ) |  7.359E-05 9.379E+43
     654 1.9044E-02 7.3702E-05  (  0.00    ,   0.00    ,   0.00    ) |  7.370E-05 9.379E+43
     655 1.9117E-02 7.3817E-05  (  0.00    ,   0.00    ,   0.00    ) |  7.382E-05 9.379E+43
     656 1.9191E-02 7.3931E-05  (  0.00    ,   0.00    ,   0.00    ) |  7.393E-05 9.379E+43
     657 1.9265E-02 7.4040E-05  (  0.00    ,   0.00    ,   0.00    ) |  7.404E-05 9.379E+43
     658 1.9339E-02 7.4147E-05  (  0.00    ,   0.00    ,   0.00    ) |  7.415E-05 9.379E+43
     659 1.9413E-02 7.4253E-05  (  0.00    ,   0.00    ,   0.00    ) |  7.425E-05 9.379E+43
     660 1.9488E-02 7.4358E-05  (  0.00    ,   0.00    ,   0.00    ) |  7.436E-05 9.379E+43
 [WDHydrostatic] t/t_dyn =   6.7672989468287620E-002  damp factor =  0.99870974532901635       sponge alpha =  0.74358134155133526     
     661 1.9562E-02 7.4462E-05  (  0.00    ,   0.00    ,   0.00    ) |  7.446E-05 9.379E+43
     662 1.9636E-02 7.4566E-05  (  0.00    ,   0.00    ,   0.00    ) |  7.457E-05 9.379E+43
     663 1.9711E-02 7.4669E-05  (  0.00    ,   0.00    ,   0.00    ) |  7.467E-05 9.379E+43
     664 1.9786E-02 7.4771E-05  (  0.00    ,   0.00    ,   0.00    ) |  7.477E-05 9.379E+43
     665 1.9860E-02 7.4871E-05  (  0.00    ,   0.00    ,   0.00    ) |  7.487E-05 9.379E+43
     666 1.9935E-02 7.4970E-05  (  0.00    ,   0.00    ,   0.00    ) |  7.497E-05 9.379E+43
 *** Wrote plotfile to wd_hdf5_plt_cnt_0001 ****
     667 2.0010E-02 7.5068E-05  (  0.00    ,   0.00    ,   0.00    ) |  7.507E-05 9.379E+43
     668 2.0085E-02 7.5165E-05  (  0.00    ,   0.00    ,   0.00    ) |  7.516E-05 9.379E+43
     669 2.0160E-02 7.5261E-05  (  0.00    ,   0.00    ,   0.00    ) |  7.526E-05 9.379E+43
     670 2.0236E-02 7.5357E-05  (  0.00    ,   0.00    ,   0.00    ) |  7.536E-05 9.379E+43
     671 2.0311E-02 7.5453E-05  (  0.00    ,   0.00    ,   0.00    ) |  7.545E-05 9.379E+43
     672 2.0387E-02 7.5550E-05  (  0.00    ,   0.00    ,   0.00    ) |  7.555E-05 9.379E+43
     673 2.0462E-02 7.5646E-05  (  0.00    ,   0.00    ,   0.00    ) |  7.565E-05 9.379E+43
     674 2.0538E-02 7.5742E-05  (  0.00    ,   0.00    ,   0.00    ) |  7.574E-05 9.379E+43
     675 2.0613E-02 7.5837E-05  (  0.00    ,   0.00    ,   0.00    ) |  7.584E-05 9.379E+43
     676 2.0689E-02 7.5932E-05  (  0.00    ,   0.00    ,   0.00    ) |  7.593E-05 9.379E+43
     677 2.0765E-02 7.6027E-05  (  0.00    ,   0.00    ,   0.00    ) |  7.603E-05 9.379E+43
     678 2.0841E-02 7.6120E-05  (  0.00    ,   0.00    ,   0.00    ) |  7.612E-05 9.379E+43
     679 2.0917E-02 7.6213E-05  (  0.00    ,   0.00    ,   0.00    ) |  7.621E-05 9.379E+43
     680 2.0994E-02 7.6304E-05  (  0.00    ,   0.00    ,   0.00    ) |  7.630E-05 9.379E+43
 [WDHydrostatic] t/t_dyn =   7.2902875043072926E-002  damp factor =  0.99867599907715765       sponge alpha =  0.76304239345309322     
     681 2.1070E-02 7.6395E-05  (  0.00    ,   0.00    ,   0.00    ) |  7.639E-05 9.379E+43
     682 2.1146E-02 7.6484E-05  (  0.00    ,   0.00    ,   0.00    ) |  7.648E-05 9.379E+43
     683 2.1223E-02 7.6572E-05  (  0.00    ,   0.00    ,   0.00    ) |  7.657E-05 9.379E+43
     684 2.1299E-02 7.6658E-05  (  0.00    ,   0.00    ,   0.00    ) |  7.666E-05 9.379E+43
     685 2.1376E-02 7.6743E-05  (  0.00    ,   0.00    ,   0.00    ) |  7.674E-05 9.379E+43
     686 2.1453E-02 7.6827E-05  (  0.00    ,   0.00    ,   0.00    ) |  7.683E-05 9.379E+43
     687 2.1530E-02 7.6909E-05  (  0.00    ,   0.00    ,   0.00    ) |  7.691E-05 9.379E+43
     688 2.1607E-02 7.6991E-05  (  0.00    ,   0.00    ,   0.00    ) |  7.699E-05 9.379E+43
     689 2.1684E-02 7.7072E-05  (  0.00    ,   0.00    ,   0.00    ) |  7.707E-05 9.379E+43
     690 2.1761E-02 7.7152E-05  (  0.00    ,   0.00    ,   0.00    ) |  7.715E-05 9.379E+43
     691 2.1838E-02 7.7232E-05  (  0.00    ,   0.00    ,   0.00    ) |  7.723E-05 9.379E+43
     692 2.1915E-02 7.7311E-05  (  0.00    ,   0.00    ,   0.00    ) |  7.731E-05 9.379E+43
     693 2.1992E-02 7.7390E-05  (  0.00    ,   0.00    ,   0.00    ) |  7.739E-05 9.379E+43
     694 2.2070E-02 7.7470E-05  (  0.00    ,   0.00    ,   0.00    ) |  7.747E-05 9.379E+43
     695 2.2147E-02 7.7548E-05  (  0.00    ,   0.00    ,   0.00    ) |  7.755E-05 9.379E+43
     696 2.2225E-02 7.7627E-05  (  0.00    ,   0.00    ,   0.00    ) |  7.763E-05 9.379E+43
     697 2.2302E-02 7.7706E-05  (  0.00    ,   0.00    ,   0.00    ) |  7.771E-05 9.379E+43
     698 2.2380E-02 7.7784E-05  (  0.00    ,   0.00    ,   0.00    ) |  7.778E-05 9.379E+43
     699 2.2458E-02 7.7861E-05  (  0.00    ,   0.00    ,   0.00    ) |  7.786E-05 9.379E+43
     700 2.2536E-02 7.7938E-05  (  0.00    ,   0.00    ,   0.00    ) |  7.794E-05 9.379E+43
 [WDHydrostatic] t/t_dyn =   7.8257780798299884E-002  damp factor =  0.99864766265539473       sponge alpha =  0.77938417024708673     
     701 2.2614E-02 7.8015E-05  (  0.00    ,   0.00    ,   0.00    ) |  7.801E-05 9.379E+43
     702 2.2692E-02 7.8091E-05  (  0.00    ,   0.00    ,   0.00    ) |  7.809E-05 9.379E+43
     703 2.2770E-02 7.8165E-05  (  0.00    ,   0.00    ,   0.00    ) |  7.817E-05 9.379E+43
     704 2.2848E-02 7.8239E-05  (  0.00    ,   0.00    ,   0.00    ) |  7.824E-05 9.379E+43
     705 2.2926E-02 7.8312E-05  (  0.00    ,   0.00    ,   0.00    ) |  7.831E-05 9.379E+43
     706 2.3004E-02 7.8384E-05  (  0.00    ,   0.00    ,   0.00    ) |  7.838E-05 9.379E+43
     707 2.3083E-02 7.8455E-05  (  0.00    ,   0.00    ,   0.00    ) |  7.845E-05 9.379E+43
     708 2.3161E-02 7.8525E-05  (  0.00    ,   0.00    ,   0.00    ) |  7.853E-05 9.379E+43
     709 2.3240E-02 7.8594E-05  (  0.00    ,   0.00    ,   0.00    ) |  7.859E-05 9.379E+43
     710 2.3318E-02 7.8663E-05  (  0.00    ,   0.00    ,   0.00    ) |  7.866E-05 9.379E+43
     711 2.3397E-02 7.8731E-05  (  0.00    ,   0.00    ,   0.00    ) |  7.873E-05 9.379E+43
     712 2.3476E-02 7.8798E-05  (  0.00    ,   0.00    ,   0.00    ) |  7.880E-05 9.379E+43
     713 2.3555E-02 7.8865E-05  (  0.00    ,   0.00    ,   0.00    ) |  7.887E-05 9.379E+43
     714 2.3633E-02 7.8932E-05  (  0.00    ,   0.00    ,   0.00    ) |  7.893E-05 9.379E+43
     715 2.3712E-02 7.8998E-05  (  0.00    ,   0.00    ,   0.00    ) |  7.900E-05 9.379E+43
     716 2.3791E-02 7.9064E-05  (  0.00    ,   0.00    ,   0.00    ) |  7.906E-05 9.379E+43
     717 2.3870E-02 7.9130E-05  (  0.00    ,   0.00    ,   0.00    ) |  7.913E-05 9.379E+43
     718 2.3950E-02 7.9195E-05  (  0.00    ,   0.00    ,   0.00    ) |  7.919E-05 9.379E+43
     719 2.4029E-02 7.9260E-05  (  0.00    ,   0.00    ,   0.00    ) |  7.926E-05 9.379E+43
     720 2.4108E-02 7.9324E-05  (  0.00    ,   0.00    ,   0.00    ) |  7.932E-05 9.379E+43
 [WDHydrostatic] t/t_dyn =   8.3717973769142667E-002  damp factor =  0.99862362974655716       sponge alpha =  0.79324444989139287     
     721 2.4187E-02 7.9389E-05  (  0.00    ,   0.00    ,   0.00    ) |  7.939E-05 9.379E+43
     722 2.4267E-02 7.9452E-05  (  0.00    ,   0.00    ,   0.00    ) |  7.945E-05 9.379E+43
     723 2.4346E-02 7.9515E-05  (  0.00    ,   0.00    ,   0.00    ) |  7.952E-05 9.379E+43
     724 2.4426E-02 7.9578E-05  (  0.00    ,   0.00    ,   0.00    ) |  7.958E-05 9.379E+43
     725 2.4505E-02 7.9639E-05  (  0.00    ,   0.00    ,   0.00    ) |  7.964E-05 9.379E+43
     726 2.4585E-02 7.9700E-05  (  0.00    ,   0.00    ,   0.00    ) |  7.970E-05 9.379E+43
     727 2.4665E-02 7.9761E-05  (  0.00    ,   0.00    ,   0.00    ) |  7.976E-05 9.379E+43
     728 2.4744E-02 7.9820E-05  (  0.00    ,   0.00    ,   0.00    ) |  7.982E-05 9.379E+43
     729 2.4824E-02 7.9879E-05  (  0.00    ,   0.00    ,   0.00    ) |  7.988E-05 9.379E+43
     730 2.4904E-02 7.9938E-05  (  0.00    ,   0.00    ,   0.00    ) |  7.994E-05 9.379E+43
     731 2.4984E-02 7.9996E-05  (  0.00    ,   0.00    ,   0.00    ) |  8.000E-05 9.379E+43
     732 2.5064E-02 8.0053E-05  (  0.00    ,   0.00    ,   0.00    ) |  8.005E-05 9.379E+43
     733 2.5144E-02 8.0110E-05  (  0.00    ,   0.00    ,   0.00    ) |  8.011E-05 9.379E+43
     734 2.5224E-02 8.0166E-05  (  0.00    ,   0.00    ,   0.00    ) |  8.017E-05 9.379E+43
     735 2.5304E-02 8.0222E-05  (  0.00    ,   0.00    ,   0.00    ) |  8.022E-05 9.379E+43
     736 2.5385E-02 8.0278E-05  (  0.00    ,   0.00    ,   0.00    ) |  8.028E-05 9.379E+43
     737 2.5465E-02 8.0333E-05  (  0.00    ,   0.00    ,   0.00    ) |  8.033E-05 9.379E+43
     738 2.5545E-02 8.0388E-05  (  0.00    ,   0.00    ,   0.00    ) |  8.039E-05 9.379E+43
     739 2.5626E-02 8.0443E-05  (  0.00    ,   0.00    ,   0.00    ) |  8.044E-05 9.379E+43
     740 2.5706E-02 8.0497E-05  (  0.00    ,   0.00    ,   0.00    ) |  8.050E-05 9.379E+43
 [WDHydrostatic] t/t_dyn =   8.9267174605049862E-002  damp factor =  0.99860329158846139       sponge alpha =  0.80497415032755393     
     741 2.5786E-02 8.0552E-05  (  0.00    ,   0.00    ,   0.00    ) |  8.055E-05 9.379E+43
     742 2.5867E-02 8.0605E-05  (  0.00    ,   0.00    ,   0.00    ) |  8.061E-05 9.379E+43
     743 2.5948E-02 8.0659E-05  (  0.00    ,   0.00    ,   0.00    ) |  8.066E-05 9.379E+43
     744 2.6028E-02 8.0712E-05  (  0.00    ,   0.00    ,   0.00    ) |  8.071E-05 9.379E+43
     745 2.6109E-02 8.0765E-05  (  0.00    ,   0.00    ,   0.00    ) |  8.076E-05 9.379E+43
     746 2.6190E-02 8.0817E-05  (  0.00    ,   0.00    ,   0.00    ) |  8.082E-05 9.379E+43
     747 2.6271E-02 8.0869E-05  (  0.00    ,   0.00    ,   0.00    ) |  8.087E-05 9.379E+43
     748 2.6351E-02 8.0920E-05  (  0.00    ,   0.00    ,   0.00    ) |  8.092E-05 9.379E+43
     749 2.6432E-02 8.0971E-05  (  0.00    ,   0.00    ,   0.00    ) |  8.097E-05 9.379E+43
     750 2.6513E-02 8.1022E-05  (  0.00    ,   0.00    ,   0.00    ) |  8.102E-05 9.379E+43
     751 2.6594E-02 8.1072E-05  (  0.00    ,   0.00    ,   0.00    ) |  8.107E-05 9.379E+43
     752 2.6675E-02 8.1122E-05  (  0.00    ,   0.00    ,   0.00    ) |  8.112E-05 9.379E+43
     753 2.6757E-02 8.1171E-05  (  0.00    ,   0.00    ,   0.00    ) |  8.117E-05 9.379E+43
     754 2.6838E-02 8.1220E-05  (  0.00    ,   0.00    ,   0.00    ) |  8.122E-05 9.379E+43
     755 2.6919E-02 8.1268E-05  (  0.00    ,   0.00    ,   0.00    ) |  8.127E-05 9.379E+43
     756 2.7000E-02 8.1317E-05  (  0.00    ,   0.00    ,   0.00    ) |  8.132E-05 9.379E+43
     757 2.7082E-02 8.1365E-05  (  0.00    ,   0.00    ,   0.00    ) |  8.136E-05 9.379E+43
     758 2.7163E-02 8.1412E-05  (  0.00    ,   0.00    ,   0.00    ) |  8.141E-05 9.379E+43
     759 2.7244E-02 8.1459E-05  (  0.00    ,   0.00    ,   0.00    ) |  8.146E-05 9.379E+43
     760 2.7326E-02 8.1506E-05  (  0.00    ,   0.00    ,   0.00    ) |  8.151E-05 9.379E+43
 [WDHydrostatic] t/t_dyn =   9.4892109005288286E-002  damp factor =  0.99858579641813561       sponge alpha =  0.81506439514931051     
     761 2.7407E-02 8.1553E-05  (  0.00    ,   0.00    ,   0.00    ) |  8.155E-05 9.379E+43
     762 2.7489E-02 8.1600E-05  (  0.00    ,   0.00    ,   0.00    ) |  8.160E-05 9.379E+43
     763 2.7570E-02 8.1646E-05  (  0.00    ,   0.00    ,   0.00    ) |  8.165E-05 9.379E+43
     764 2.7652E-02 8.1692E-05  (  0.00    ,   0.00    ,   0.00    ) |  8.169E-05 9.379E+43
     765 2.7734E-02 8.1738E-05  (  0.00    ,   0.00    ,   0.00    ) |  8.174E-05 9.379E+43
     766 2.7816E-02 8.1783E-05  (  0.00    ,   0.00    ,   0.00    ) |  8.178E-05 9.379E+43
     767 2.7897E-02 8.1828E-05  (  0.00    ,   0.00    ,   0.00    ) |  8.183E-05 9.379E+43
     768 2.7979E-02 8.1873E-05  (  0.00    ,   0.00    ,   0.00    ) |  8.187E-05 9.379E+43
     769 2.8061E-02 8.1917E-05  (  0.00    ,   0.00    ,   0.00    ) |  8.192E-05 9.379E+43
     770 2.8143E-02 8.1961E-05  (  0.00    ,   0.00    ,   0.00    ) |  8.196E-05 9.379E+43
     771 2.8225E-02 8.2005E-05  (  0.00    ,   0.00    ,   0.00    ) |  8.200E-05 9.379E+43
     772 2.8307E-02 8.2048E-05  (  0.00    ,   0.00    ,   0.00    ) |  8.205E-05 9.379E+43
     773 2.8389E-02 8.2091E-05  (  0.00    ,   0.00    ,   0.00    ) |  8.209E-05 9.379E+43
     774 2.8471E-02 8.2134E-05  (  0.00    ,   0.00    ,   0.00    ) |  8.213E-05 9.379E+43
     775 2.8553E-02 8.2176E-05  (  0.00    ,   0.00    ,   0.00    ) |  8.218E-05 9.379E+43
     776 2.8635E-02 8.2218E-05  (  0.00    ,   0.00    ,   0.00    ) |  8.222E-05 9.379E+43
     777 2.8718E-02 8.2260E-05  (  0.00    ,   0.00    ,   0.00    ) |  8.226E-05 9.379E+43
     778 2.8800E-02 8.2302E-05  (  0.00    ,   0.00    ,   0.00    ) |  8.230E-05 9.379E+43
     779 2.8882E-02 8.2343E-05  (  0.00    ,   0.00    ,   0.00    ) |  8.234E-05 9.379E+43
     780 2.8964E-02 8.2384E-05  (  0.00    ,   0.00    ,   0.00    ) |  8.238E-05 9.379E+43
 [WDHydrostatic] t/t_dyn =  0.10058260199399886       damp factor =  0.99857058521805608       sponge alpha =  0.82383751616010392     
     781 2.9047E-02 8.2424E-05  (  0.00    ,   0.00    ,   0.00    ) |  8.242E-05 9.379E+43
     782 2.9129E-02 8.2465E-05  (  0.00    ,   0.00    ,   0.00    ) |  8.246E-05 9.379E+43
     783 2.9212E-02 8.2505E-05  (  0.00    ,   0.00    ,   0.00    ) |  8.250E-05 9.379E+43
     784 2.9294E-02 8.2545E-05  (  0.00    ,   0.00    ,   0.00    ) |  8.254E-05 9.379E+43
     785 2.9377E-02 8.2585E-05  (  0.00    ,   0.00    ,   0.00    ) |  8.258E-05 9.379E+43
     786 2.9459E-02 8.2624E-05  (  0.00    ,   0.00    ,   0.00    ) |  8.262E-05 9.379E+43
     787 2.9542E-02 8.2663E-05  (  0.00    ,   0.00    ,   0.00    ) |  8.266E-05 9.379E+43
     788 2.9625E-02 8.2702E-05  (  0.00    ,   0.00    ,   0.00    ) |  8.270E-05 9.379E+43
     789 2.9707E-02 8.2741E-05  (  0.00    ,   0.00    ,   0.00    ) |  8.274E-05 9.379E+43
     790 2.9790E-02 8.2779E-05  (  0.00    ,   0.00    ,   0.00    ) |  8.278E-05 9.379E+43
     791 2.9873E-02 8.2818E-05  (  0.00    ,   0.00    ,   0.00    ) |  8.282E-05 9.379E+43
     792 2.9956E-02 8.2856E-05  (  0.00    ,   0.00    ,   0.00    ) |  8.286E-05 9.379E+43
     793 3.0039E-02 8.2893E-05  (  0.00    ,   0.00    ,   0.00    ) |  8.289E-05 9.379E+43
     794 3.0121E-02 8.2931E-05  (  0.00    ,   0.00    ,   0.00    ) |  8.293E-05 9.379E+43
     795 3.0204E-02 8.2968E-05  (  0.00    ,   0.00    ,   0.00    ) |  8.297E-05 9.379E+43
     796 3.0287E-02 8.3005E-05  (  0.00    ,   0.00    ,   0.00    ) |  8.301E-05 9.379E+43
     797 3.0370E-02 8.3042E-05  (  0.00    ,   0.00    ,   0.00    ) |  8.304E-05 9.379E+43
     798 3.0453E-02 8.3079E-05  (  0.00    ,   0.00    ,   0.00    ) |  8.308E-05 9.379E+43
     799 3.0536E-02 8.3115E-05  (  0.00    ,   0.00    ,   0.00    ) |  8.312E-05 9.379E+43
     800 3.0620E-02 8.3151E-05  (  0.00    ,   0.00    ,   0.00    ) |  8.315E-05 9.379E+43
 [WDHydrostatic] t/t_dyn =  0.10633021847958775       damp factor =  0.99855727960513219       sponge alpha =  0.83151169166866035     
     801 3.0703E-02 8.3187E-05  (  0.00    ,   0.00    ,   0.00    ) |  8.319E-05 9.379E+43
     802 3.0786E-02 8.3223E-05  (  0.00    ,   0.00    ,   0.00    ) |  8.322E-05 9.379E+43
     803 3.0869E-02 8.3258E-05  (  0.00    ,   0.00    ,   0.00    ) |  8.326E-05 9.379E+43
     804 3.0952E-02 8.3294E-05  (  0.00    ,   0.00    ,   0.00    ) |  8.329E-05 9.379E+43
     805 3.1036E-02 8.3329E-05  (  0.00    ,   0.00    ,   0.00    ) |  8.333E-05 9.379E+43
     806 3.1119E-02 8.3364E-05  (  0.00    ,   0.00    ,   0.00    ) |  8.336E-05 9.379E+43
     807 3.1202E-02 8.3399E-05  (  0.00    ,   0.00    ,   0.00    ) |  8.340E-05 9.379E+43
     808 3.1286E-02 8.3433E-05  (  0.00    ,   0.00    ,   0.00    ) |  8.343E-05 9.379E+43
     809 3.1369E-02 8.3468E-05  (  0.00    ,   0.00    ,   0.00    ) |  8.347E-05 9.379E+43
     810 3.1453E-02 8.3502E-05  (  0.00    ,   0.00    ,   0.00    ) |  8.350E-05 9.379E+43
     811 3.1536E-02 8.3536E-05  (  0.00    ,   0.00    ,   0.00    ) |  8.354E-05 9.379E+43
     812 3.1620E-02 8.3570E-05  (  0.00    ,   0.00    ,   0.00    ) |  8.357E-05 9.379E+43
     813 3.1703E-02 8.3603E-05  (  0.00    ,   0.00    ,   0.00    ) |  8.360E-05 9.379E+43
     814 3.1787E-02 8.3637E-05  (  0.00    ,   0.00    ,   0.00    ) |  8.364E-05 9.379E+43
     815 3.1871E-02 8.3670E-05  (  0.00    ,   0.00    ,   0.00    ) |  8.367E-05 9.379E+43
     816 3.1954E-02 8.3703E-05  (  0.00    ,   0.00    ,   0.00    ) |  8.370E-05 9.379E+43
     817 3.2038E-02 8.3736E-05  (  0.00    ,   0.00    ,   0.00    ) |  8.374E-05 9.379E+43
     818 3.2122E-02 8.3769E-05  (  0.00    ,   0.00    ,   0.00    ) |  8.377E-05 9.379E+43
     819 3.2205E-02 8.3801E-05  (  0.00    ,   0.00    ,   0.00    ) |  8.380E-05 9.379E+43
     820 3.2289E-02 8.3833E-05  (  0.00    ,   0.00    ,   0.00    ) |  8.383E-05 9.379E+43
 [WDHydrostatic] t/t_dyn =  0.11212821621737880       damp factor =  0.99854545207756851       sponge alpha =  0.83833344915951169     
     821 3.2373E-02 8.3865E-05  (  0.00    ,   0.00    ,   0.00    ) |  8.387E-05 9.379E+43
     822 3.2457E-02 8.3897E-05  (  0.00    ,   0.00    ,   0.00    ) |  8.390E-05 9.379E+43
     823 3.2541E-02 8.3929E-05  (  0.00    ,   0.00    ,   0.00    ) |  8.393E-05 9.379E+43
     824 3.2625E-02 8.3961E-05  (  0.00    ,   0.00    ,   0.00    ) |  8.396E-05 9.379E+43
     825 3.2709E-02 8.3992E-05  (  0.00    ,   0.00    ,   0.00    ) |  8.399E-05 9.379E+43
     826 3.2793E-02 8.4024E-05  (  0.00    ,   0.00    ,   0.00    ) |  8.402E-05 9.379E+43
     827 3.2877E-02 8.4055E-05  (  0.00    ,   0.00    ,   0.00    ) |  8.405E-05 9.379E+43
     828 3.2961E-02 8.4086E-05  (  0.00    ,   0.00    ,   0.00    ) |  8.409E-05 9.379E+43
     829 3.3045E-02 8.4117E-05  (  0.00    ,   0.00    ,   0.00    ) |  8.412E-05 9.379E+43
     830 3.3129E-02 8.4147E-05  (  0.00    ,   0.00    ,   0.00    ) |  8.415E-05 9.379E+43
     831 3.3213E-02 8.4178E-05  (  0.00    ,   0.00    ,   0.00    ) |  8.418E-05 9.379E+43
     832 3.3297E-02 8.4208E-05  (  0.00    ,   0.00    ,   0.00    ) |  8.421E-05 9.379E+43
     833 3.3382E-02 8.4239E-05  (  0.00    ,   0.00    ,   0.00    ) |  8.424E-05 9.379E+43
     834 3.3466E-02 8.4269E-05  (  0.00    ,   0.00    ,   0.00    ) |  8.427E-05 9.379E+43
     835 3.3550E-02 8.4299E-05  (  0.00    ,   0.00    ,   0.00    ) |  8.430E-05 9.379E+43
     836 3.3634E-02 8.4329E-05  (  0.00    ,   0.00    ,   0.00    ) |  8.433E-05 9.379E+43
     837 3.3719E-02 8.4358E-05  (  0.00    ,   0.00    ,   0.00    ) |  8.436E-05 9.379E+43
     838 3.3803E-02 8.4388E-05  (  0.00    ,   0.00    ,   0.00    ) |  8.439E-05 9.379E+43
     839 3.3887E-02 8.4417E-05  (  0.00    ,   0.00    ,   0.00    ) |  8.442E-05 9.379E+43
     840 3.3972E-02 8.4447E-05  (  0.00    ,   0.00    ,   0.00    ) |  8.445E-05 9.379E+43
 [WDHydrostatic] t/t_dyn =  0.11797122153048814       damp factor =  0.99853481747157513       sponge alpha =  0.84446723482812669     
     841 3.4056E-02 8.4476E-05  (  0.00    ,   0.00    ,   0.00    ) |  8.448E-05 9.379E+43
     842 3.4141E-02 8.4505E-05  (  0.00    ,   0.00    ,   0.00    ) |  8.450E-05 9.379E+43
     843 3.4225E-02 8.4534E-05  (  0.00    ,   0.00    ,   0.00    ) |  8.453E-05 9.379E+43
     844 3.4310E-02 8.4563E-05  (  0.00    ,   0.00    ,   0.00    ) |  8.456E-05 9.379E+43
     845 3.4394E-02 8.4591E-05  (  0.00    ,   0.00    ,   0.00    ) |  8.459E-05 9.379E+43
     846 3.4479E-02 8.4620E-05  (  0.00    ,   0.00    ,   0.00    ) |  8.462E-05 9.379E+43
     847 3.4564E-02 8.4648E-05  (  0.00    ,   0.00    ,   0.00    ) |  8.465E-05 9.379E+43
     848 3.4648E-02 8.4676E-05  (  0.00    ,   0.00    ,   0.00    ) |  8.468E-05 9.379E+43
     849 3.4733E-02 8.4704E-05  (  0.00    ,   0.00    ,   0.00    ) |  8.470E-05 9.379E+43
     850 3.4818E-02 8.4732E-05  (  0.00    ,   0.00    ,   0.00    ) |  8.473E-05 9.379E+43
     851 3.4902E-02 8.4760E-05  (  0.00    ,   0.00    ,   0.00    ) |  8.476E-05 9.379E+43
     852 3.4987E-02 8.4788E-05  (  0.00    ,   0.00    ,   0.00    ) |  8.479E-05 9.379E+43
     853 3.5072E-02 8.4815E-05  (  0.00    ,   0.00    ,   0.00    ) |  8.482E-05 9.379E+43
     854 3.5157E-02 8.4843E-05  (  0.00    ,   0.00    ,   0.00    ) |  8.484E-05 9.379E+43
     855 3.5242E-02 8.4870E-05  (  0.00    ,   0.00    ,   0.00    ) |  8.487E-05 9.379E+43
     856 3.5326E-02 8.4897E-05  (  0.00    ,   0.00    ,   0.00    ) |  8.490E-05 9.379E+43
     857 3.5411E-02 8.4924E-05  (  0.00    ,   0.00    ,   0.00    ) |  8.492E-05 9.379E+43
     858 3.5496E-02 8.4951E-05  (  0.00    ,   0.00    ,   0.00    ) |  8.495E-05 9.379E+43
     859 3.5581E-02 8.4978E-05  (  0.00    ,   0.00    ,   0.00    ) |  8.498E-05 9.379E+43
     860 3.5666E-02 8.5005E-05  (  0.00    ,   0.00    ,   0.00    ) |  8.500E-05 9.379E+43
 [WDHydrostatic] t/t_dyn =  0.12385495477515540       damp factor =  0.99852514371318446       sponge alpha =  0.85004688338482515     
     861 3.5751E-02 8.5031E-05  (  0.00    ,   0.00    ,   0.00    ) |  8.503E-05 9.379E+43
     862 3.5836E-02 8.5058E-05  (  0.00    ,   0.00    ,   0.00    ) |  8.506E-05 9.379E+43
     863 3.5921E-02 8.5084E-05  (  0.00    ,   0.00    ,   0.00    ) |  8.508E-05 9.379E+43
     864 3.6006E-02 8.5110E-05  (  0.00    ,   0.00    ,   0.00    ) |  8.511E-05 9.379E+43
     865 3.6091E-02 8.5136E-05  (  0.00    ,   0.00    ,   0.00    ) |  8.514E-05 9.379E+43
     866 3.6177E-02 8.5162E-05  (  0.00    ,   0.00    ,   0.00    ) |  8.516E-05 9.379E+43
     867 3.6262E-02 8.5188E-05  (  0.00    ,   0.00    ,   0.00    ) |  8.519E-05 9.379E+43
     868 3.6347E-02 8.5214E-05  (  0.00    ,   0.00    ,   0.00    ) |  8.521E-05 9.379E+43
     869 3.6432E-02 8.5240E-05  (  0.00    ,   0.00    ,   0.00    ) |  8.524E-05 9.379E+43
     870 3.6517E-02 8.5265E-05  (  0.00    ,   0.00    ,   0.00    ) |  8.527E-05 9.379E+43
     871 3.6603E-02 8.5291E-05  (  0.00    ,   0.00    ,   0.00    ) |  8.529E-05 9.379E+43
     872 3.6688E-02 8.5316E-05  (  0.00    ,   0.00    ,   0.00    ) |  8.532E-05 9.379E+43
     873 3.6773E-02 8.5341E-05  (  0.00    ,   0.00    ,   0.00    ) |  8.534E-05 9.379E+43
     874 3.6859E-02 8.5366E-05  (  0.00    ,   0.00    ,   0.00    ) |  8.537E-05 9.379E+43
     875 3.6944E-02 8.5391E-05  (  0.00    ,   0.00    ,   0.00    ) |  8.539E-05 9.379E+43
     876 3.7029E-02 8.5416E-05  (  0.00    ,   0.00    ,   0.00    ) |  8.542E-05 9.379E+43
     877 3.7115E-02 8.5441E-05  (  0.00    ,   0.00    ,   0.00    ) |  8.544E-05 9.379E+43
     878 3.7200E-02 8.5465E-05  (  0.00    ,   0.00    ,   0.00    ) |  8.547E-05 9.379E+43
     879 3.7286E-02 8.5490E-05  (  0.00    ,   0.00    ,   0.00    ) |  8.549E-05 9.379E+43
     880 3.7371E-02 8.5514E-05  (  0.00    ,   0.00    ,   0.00    ) |  8.551E-05 9.379E+43
 [WDHydrostatic] t/t_dyn =  0.12977580757494947       damp factor =  0.99851630856461593       sponge alpha =  0.85514288422133611     
     881 3.7457E-02 8.5539E-05  (  0.00    ,   0.00    ,   0.00    ) |  8.554E-05 9.379E+43
     882 3.7542E-02 8.5563E-05  (  0.00    ,   0.00    ,   0.00    ) |  8.556E-05 9.379E+43
     883 3.7628E-02 8.5587E-05  (  0.00    ,   0.00    ,   0.00    ) |  8.559E-05 9.379E+43
     884 3.7713E-02 8.5611E-05  (  0.00    ,   0.00    ,   0.00    ) |  8.561E-05 9.379E+43
     885 3.7799E-02 8.5635E-05  (  0.00    ,   0.00    ,   0.00    ) |  8.563E-05 9.379E+43
     886 3.7885E-02 8.5659E-05  (  0.00    ,   0.00    ,   0.00    ) |  8.566E-05 9.379E+43
     887 3.7970E-02 8.5682E-05  (  0.00    ,   0.00    ,   0.00    ) |  8.568E-05 9.379E+43
     888 3.8056E-02 8.5706E-05  (  0.00    ,   0.00    ,   0.00    ) |  8.571E-05 9.379E+43
     889 3.8142E-02 8.5729E-05  (  0.00    ,   0.00    ,   0.00    ) |  8.573E-05 9.379E+43
     890 3.8227E-02 8.5753E-05  (  0.00    ,   0.00    ,   0.00    ) |  8.575E-05 9.379E+43
     891 3.8313E-02 8.5776E-05  (  0.00    ,   0.00    ,   0.00    ) |  8.578E-05 9.379E+43
     892 3.8399E-02 8.5799E-05  (  0.00    ,   0.00    ,   0.00    ) |  8.580E-05 9.379E+43
     893 3.8485E-02 8.5822E-05  (  0.00    ,   0.00    ,   0.00    ) |  8.582E-05 9.379E+43
     894 3.8571E-02 8.5845E-05  (  0.00    ,   0.00    ,   0.00    ) |  8.585E-05 9.379E+43
     895 3.8656E-02 8.5868E-05  (  0.00    ,   0.00    ,   0.00    ) |  8.587E-05 9.379E+43
     896 3.8742E-02 8.5891E-05  (  0.00    ,   0.00    ,   0.00    ) |  8.589E-05 9.379E+43
     897 3.8828E-02 8.5914E-05  (  0.00    ,   0.00    ,   0.00    ) |  8.591E-05 9.379E+43
     898 3.8914E-02 8.5936E-05  (  0.00    ,   0.00    ,   0.00    ) |  8.594E-05 9.379E+43
     899 3.9000E-02 8.5959E-05  (  0.00    ,   0.00    ,   0.00    ) |  8.596E-05 9.379E+43
     900 3.9086E-02 8.5981E-05  (  0.00    ,   0.00    ,   0.00    ) |  8.598E-05 9.379E+43
 [WDHydrostatic] t/t_dyn =  0.13573061481470164       damp factor =  0.99850821487352603       sponge alpha =  0.85981126142901720     
     901 3.9172E-02 8.6003E-05  (  0.00    ,   0.00    ,   0.00    ) |  8.600E-05 9.379E+43
     902 3.9258E-02 8.6026E-05  (  0.00    ,   0.00    ,   0.00    ) |  8.603E-05 9.379E+43
     903 3.9344E-02 8.6048E-05  (  0.00    ,   0.00    ,   0.00    ) |  8.605E-05 9.379E+43
     904 3.9430E-02 8.6070E-05  (  0.00    ,   0.00    ,   0.00    ) |  8.607E-05 9.379E+43
     905 3.9516E-02 8.6092E-05  (  0.00    ,   0.00    ,   0.00    ) |  8.609E-05 9.379E+43
     906 3.9602E-02 8.6114E-05  (  0.00    ,   0.00    ,   0.00    ) |  8.611E-05 9.379E+43
     907 3.9688E-02 8.6136E-05  (  0.00    ,   0.00    ,   0.00    ) |  8.614E-05 9.379E+43
     908 3.9774E-02 8.6157E-05  (  0.00    ,   0.00    ,   0.00    ) |  8.616E-05 9.379E+43
     909 3.9861E-02 8.6179E-05  (  0.00    ,   0.00    ,   0.00    ) |  8.618E-05 9.379E+43
     910 3.9947E-02 8.6201E-05  (  0.00    ,   0.00    ,   0.00    ) |  8.620E-05 9.379E+43
 *** Wrote plotfile to wd_hdf5_plt_cnt_0002 ****
     911 4.0033E-02 8.6222E-05  (  0.00    ,   0.00    ,   0.00    ) |  8.622E-05 9.379E+43
     912 4.0119E-02 8.6244E-05  (  0.00    ,   0.00    ,   0.00    ) |  8.624E-05 9.379E+43
     913 4.0205E-02 8.6265E-05  (  0.00    ,   0.00    ,   0.00    ) |  8.627E-05 9.379E+43
     914 4.0292E-02 8.6286E-05  (  0.00    ,   0.00    ,   0.00    ) |  8.629E-05 9.379E+43
     915 4.0378E-02 8.6308E-05  (  0.00    ,   0.00    ,   0.00    ) |  8.631E-05 9.379E+43
     916 4.0464E-02 8.6329E-05  (  0.00    ,   0.00    ,   0.00    ) |  8.633E-05 9.379E+43
     917 4.0551E-02 8.6350E-05  (  0.00    ,   0.00    ,   0.00    ) |  8.635E-05 9.379E+43
     918 4.0637E-02 8.6371E-05  (  0.00    ,   0.00    ,   0.00    ) |  8.637E-05 9.379E+43
     919 4.0723E-02 8.6392E-05  (  0.00    ,   0.00    ,   0.00    ) |  8.639E-05 9.379E+43
     920 4.0810E-02 8.6412E-05  (  0.00    ,   0.00    ,   0.00    ) |  8.641E-05 9.379E+43
 [WDHydrostatic] t/t_dyn =  0.14171662326152484       damp factor =  0.99850073627543778       sponge alpha =  0.86412489147949445     
     921 4.0896E-02 8.6433E-05  (  0.00    ,   0.00    ,   0.00    ) |  8.643E-05 9.379E+43
     922 4.0983E-02 8.6454E-05  (  0.00    ,   0.00    ,   0.00    ) |  8.645E-05 9.379E+43
     923 4.1069E-02 8.6475E-05  (  0.00    ,   0.00    ,   0.00    ) |  8.647E-05 9.379E+43
     924 4.1155E-02 8.6495E-05  (  0.00    ,   0.00    ,   0.00    ) |  8.650E-05 9.379E+43
     925 4.1242E-02 8.6516E-05  (  0.00    ,   0.00    ,   0.00    ) |  8.652E-05 9.379E+43
     926 4.1328E-02 8.6536E-05  (  0.00    ,   0.00    ,   0.00    ) |  8.654E-05 9.379E+43
     927 4.1415E-02 8.6556E-05  (  0.00    ,   0.00    ,   0.00    ) |  8.656E-05 9.379E+43
     928 4.1502E-02 8.6577E-05  (  0.00    ,   0.00    ,   0.00    ) |  8.658E-05 9.379E+43
     929 4.1588E-02 8.6597E-05  (  0.00    ,   0.00    ,   0.00    ) |  8.660E-05 9.379E+43
     930 4.1675E-02 8.6617E-05  (  0.00    ,   0.00    ,   0.00    ) |  8.662E-05 9.379E+43
     931 4.1761E-02 8.6637E-05  (  0.00    ,   0.00    ,   0.00    ) |  8.664E-05 9.379E+43
     932 4.1848E-02 8.6657E-05  (  0.00    ,   0.00    ,   0.00    ) |  8.666E-05 9.379E+43
     933 4.1935E-02 8.6677E-05  (  0.00    ,   0.00    ,   0.00    ) |  8.668E-05 9.379E+43
     934 4.2021E-02 8.6696E-05  (  0.00    ,   0.00    ,   0.00    ) |  8.670E-05 9.379E+43
     935 4.2108E-02 8.6716E-05  (  0.00    ,   0.00    ,   0.00    ) |  8.672E-05 9.379E+43
     936 4.2195E-02 8.6736E-05  (  0.00    ,   0.00    ,   0.00    ) |  8.674E-05 9.379E+43
     937 4.2281E-02 8.6755E-05  (  0.00    ,   0.00    ,   0.00    ) |  8.676E-05 9.379E+43
     938 4.2368E-02 8.6774E-05  (  0.00    ,   0.00    ,   0.00    ) |  8.677E-05 9.379E+43
     939 4.2455E-02 8.6794E-05  (  0.00    ,   0.00    ,   0.00    ) |  8.679E-05 9.379E+43
     940 4.2542E-02 8.6813E-05  (  0.00    ,   0.00    ,   0.00    ) |  8.681E-05 9.379E+43
 [WDHydrostatic] t/t_dyn =  0.14773158526035721       damp factor =  0.99849379323535636       sponge alpha =  0.86812964240612278     
     941 4.2629E-02 8.6832E-05  (  0.00    ,   0.00    ,   0.00    ) |  8.683E-05 9.379E+43
     942 4.2715E-02 8.6851E-05  (  0.00    ,   0.00    ,   0.00    ) |  8.685E-05 9.379E+43
     943 4.2802E-02 8.6870E-05  (  0.00    ,   0.00    ,   0.00    ) |  8.687E-05 9.379E+43
     944 4.2889E-02 8.6889E-05  (  0.00    ,   0.00    ,   0.00    ) |  8.689E-05 9.379E+43
     945 4.2976E-02 8.6908E-05  (  0.00    ,   0.00    ,   0.00    ) |  8.691E-05 9.379E+43
     946 4.3063E-02 8.6927E-05  (  0.00    ,   0.00    ,   0.00    ) |  8.693E-05 9.379E+43
     947 4.3150E-02 8.6946E-05  (  0.00    ,   0.00    ,   0.00    ) |  8.695E-05 9.379E+43
     948 4.3237E-02 8.6965E-05  (  0.00    ,   0.00    ,   0.00    ) |  8.696E-05 9.379E+43
     949 4.3324E-02 8.6983E-05  (  0.00    ,   0.00    ,   0.00    ) |  8.698E-05 9.379E+43
     950 4.3411E-02 8.7002E-05  (  0.00    ,   0.00    ,   0.00    ) |  8.700E-05 9.379E+43
     951 4.3498E-02 8.7021E-05  (  0.00    ,   0.00    ,   0.00    ) |  8.702E-05 9.379E+43
     952 4.3585E-02 8.7039E-05  (  0.00    ,   0.00    ,   0.00    ) |  8.704E-05 9.379E+43
     953 4.3672E-02 8.7058E-05  (  0.00    ,   0.00    ,   0.00    ) |  8.706E-05 9.379E+43
     954 4.3759E-02 8.7076E-05  (  0.00    ,   0.00    ,   0.00    ) |  8.708E-05 9.379E+43
     955 4.3846E-02 8.7094E-05  (  0.00    ,   0.00    ,   0.00    ) |  8.709E-05 9.379E+43
     956 4.3933E-02 8.7113E-05  (  0.00    ,   0.00    ,   0.00    ) |  8.711E-05 9.379E+43
     957 4.4020E-02 8.7131E-05  (  0.00    ,   0.00    ,   0.00    ) |  8.713E-05 9.379E+43
     958 4.4107E-02 8.7149E-05  (  0.00    ,   0.00    ,   0.00    ) |  8.715E-05 9.379E+43
     959 4.4194E-02 8.7167E-05  (  0.00    ,   0.00    ,   0.00    ) |  8.717E-05 9.379E+43
     960 4.4282E-02 8.7185E-05  (  0.00    ,   0.00    ,   0.00    ) |  8.719E-05 9.379E+43
 [WDHydrostatic] t/t_dyn =  0.15377337272822211       damp factor =  0.99848733678890833       sponge alpha =  0.87185375073417148     
     961 4.4369E-02 8.7203E-05  (  0.00    ,   0.00    ,   0.00    ) |  8.720E-05 9.379E+43
     962 4.4456E-02 8.7221E-05  (  0.00    ,   0.00    ,   0.00    ) |  8.722E-05 9.379E+43
     963 4.4543E-02 8.7239E-05  (  0.00    ,   0.00    ,   0.00    ) |  8.724E-05 9.379E+43
     964 4.4631E-02 8.7257E-05  (  0.00    ,   0.00    ,   0.00    ) |  8.726E-05 9.379E+43
     965 4.4718E-02 8.7275E-05  (  0.00    ,   0.00    ,   0.00    ) |  8.728E-05 9.379E+43
     966 4.4805E-02 8.7293E-05  (  0.00    ,   0.00    ,   0.00    ) |  8.729E-05 9.379E+43
     967 4.4892E-02 8.7311E-05  (  0.00    ,   0.00    ,   0.00    ) |  8.731E-05 9.379E+43
     968 4.4980E-02 8.7328E-05  (  0.00    ,   0.00    ,   0.00    ) |  8.733E-05 9.379E+43
     969 4.5067E-02 8.7346E-05  (  0.00    ,   0.00    ,   0.00    ) |  8.735E-05 9.379E+43
     970 4.5154E-02 8.7364E-05  (  0.00    ,   0.00    ,   0.00    ) |  8.736E-05 9.379E+43
     971 4.5242E-02 8.7381E-05  (  0.00    ,   0.00    ,   0.00    ) |  8.738E-05 9.379E+43
     972 4.5329E-02 8.7399E-05  (  0.00    ,   0.00    ,   0.00    ) |  8.740E-05 9.379E+43
     973 4.5416E-02 8.7416E-05  (  0.00    ,   0.00    ,   0.00    ) |  8.742E-05 9.379E+43
     974 4.5504E-02 8.7433E-05  (  0.00    ,   0.00    ,   0.00    ) |  8.743E-05 9.379E+43
     975 4.5591E-02 8.7451E-05  (  0.00    ,   0.00    ,   0.00    ) |  8.745E-05 9.379E+43
     976 4.5679E-02 8.7468E-05  (  0.00    ,   0.00    ,   0.00    ) |  8.747E-05 9.379E+43
     977 4.5766E-02 8.7485E-05  (  0.00    ,   0.00    ,   0.00    ) |  8.749E-05 9.379E+43
     978 4.5854E-02 8.7503E-05  (  0.00    ,   0.00    ,   0.00    ) |  8.750E-05 9.379E+43
     979 4.5941E-02 8.7520E-05  (  0.00    ,   0.00    ,   0.00    ) |  8.752E-05 9.379E+43
     980 4.6029E-02 8.7537E-05  (  0.00    ,   0.00    ,   0.00    ) |  8.754E-05 9.379E+43
 [WDHydrostatic] t/t_dyn =  0.15984031560140324       damp factor =  0.99848124116313564       sponge alpha =  0.87536975811907547     
     981 4.6116E-02 8.7554E-05  (  0.00    ,   0.00    ,   0.00    ) |  8.755E-05 9.379E+43
     982 4.6204E-02 8.7571E-05  (  0.00    ,   0.00    ,   0.00    ) |  8.757E-05 9.379E+43
     983 4.6291E-02 8.7588E-05  (  0.00    ,   0.00    ,   0.00    ) |  8.759E-05 9.379E+43
     984 4.6379E-02 8.7605E-05  (  0.00    ,   0.00    ,   0.00    ) |  8.761E-05 9.379E+43
     985 4.6467E-02 8.7622E-05  (  0.00    ,   0.00    ,   0.00    ) |  8.762E-05 9.379E+43
     986 4.6554E-02 8.7639E-05  (  0.00    ,   0.00    ,   0.00    ) |  8.764E-05 9.379E+43
     987 4.6642E-02 8.7656E-05  (  0.00    ,   0.00    ,   0.00    ) |  8.766E-05 9.379E+43
     988 4.6730E-02 8.7672E-05  (  0.00    ,   0.00    ,   0.00    ) |  8.767E-05 9.379E+43
     989 4.6817E-02 8.7689E-05  (  0.00    ,   0.00    ,   0.00    ) |  8.769E-05 9.379E+43
     990 4.6905E-02 8.7706E-05  (  0.00    ,   0.00    ,   0.00    ) |  8.771E-05 9.379E+43
     991 4.6993E-02 8.7723E-05  (  0.00    ,   0.00    ,   0.00    ) |  8.772E-05 9.379E+43
     992 4.7080E-02 8.7739E-05  (  0.00    ,   0.00    ,   0.00    ) |  8.774E-05 9.379E+43
     993 4.7168E-02 8.7756E-05  (  0.00    ,   0.00    ,   0.00    ) |  8.776E-05 9.379E+43
     994 4.7256E-02 8.7772E-05  (  0.00    ,   0.00    ,   0.00    ) |  8.777E-05 9.379E+43
     995 4.7344E-02 8.7789E-05  (  0.00    ,   0.00    ,   0.00    ) |  8.779E-05 9.379E+43
     996 4.7431E-02 8.7805E-05  (  0.00    ,   0.00    ,   0.00    ) |  8.781E-05 9.379E+43
     997 4.7519E-02 8.7821E-05  (  0.00    ,   0.00    ,   0.00    ) |  8.782E-05 9.379E+43
     998 4.7607E-02 8.7838E-05  (  0.00    ,   0.00    ,   0.00    ) |  8.784E-05 9.379E+43
     999 4.7695E-02 8.7854E-05  (  0.00    ,   0.00    ,   0.00    ) |  8.785E-05 9.379E+43
    1000 4.7783E-02 8.7870E-05  (  0.00    ,   0.00    ,   0.00    ) |  8.787E-05 9.379E+43
 [WDHydrostatic] t/t_dyn =  0.16593107004286925       damp factor =  0.99847546007947630       sponge alpha =  0.87870435484243237     
    1001 4.7871E-02 8.7887E-05  (  0.00    ,   0.00    ,   0.00    ) |  8.789E-05 9.379E+43
    1002 4.7958E-02 8.7903E-05  (  0.00    ,   0.00    ,   0.00    ) |  8.790E-05 9.379E+43
    1003 4.8046E-02 8.7919E-05  (  0.00    ,   0.00    ,   0.00    ) |  8.792E-05 9.379E+43
    1004 4.8134E-02 8.7935E-05  (  0.00    ,   0.00    ,   0.00    ) |  8.794E-05 9.379E+43
    1005 4.8222E-02 8.7951E-05  (  0.00    ,   0.00    ,   0.00    ) |  8.795E-05 9.379E+43
    1006 4.8310E-02 8.7967E-05  (  0.00    ,   0.00    ,   0.00    ) |  8.797E-05 9.379E+43
    1007 4.8398E-02 8.7983E-05  (  0.00    ,   0.00    ,   0.00    ) |  8.798E-05 9.379E+43
    1008 4.8486E-02 8.7999E-05  (  0.00    ,   0.00    ,   0.00    ) |  8.800E-05 9.379E+43
    1009 4.8574E-02 8.8015E-05  (  0.00    ,   0.00    ,   0.00    ) |  8.802E-05 9.379E+43
    1010 4.8662E-02 8.8031E-05  (  0.00    ,   0.00    ,   0.00    ) |  8.803E-05 9.379E+43
    1011 4.8750E-02 8.8047E-05  (  0.00    ,   0.00    ,   0.00    ) |  8.805E-05 9.379E+43
    1012 4.8838E-02 8.8063E-05  (  0.00    ,   0.00    ,   0.00    ) |  8.806E-05 9.379E+43
    1013 4.8926E-02 8.8078E-05  (  0.00    ,   0.00    ,   0.00    ) |  8.808E-05 9.379E+43
    1014 4.9014E-02 8.8094E-05  (  0.00    ,   0.00    ,   0.00    ) |  8.809E-05 9.379E+43
    1015 4.9102E-02 8.8110E-05  (  0.00    ,   0.00    ,   0.00    ) |  8.811E-05 9.379E+43
    1016 4.9191E-02 8.8125E-05  (  0.00    ,   0.00    ,   0.00    ) |  8.813E-05 9.379E+43
    1017 4.9279E-02 8.8141E-05  (  0.00    ,   0.00    ,   0.00    ) |  8.814E-05 9.379E+43
    1018 4.9367E-02 8.8157E-05  (  0.00    ,   0.00    ,   0.00    ) |  8.816E-05 9.379E+43
    1019 4.9455E-02 8.8172E-05  (  0.00    ,   0.00    ,   0.00    ) |  8.817E-05 9.379E+43
    1020 4.9543E-02 8.8188E-05  (  0.00    ,   0.00    ,   0.00    ) |  8.819E-05 9.379E+43
 [WDHydrostatic] t/t_dyn =  0.17204443693444721       damp factor =  0.99846996059253301       sponge alpha =  0.88187654120303915     
    1021 4.9631E-02 8.8203E-05  (  0.00    ,   0.00    ,   0.00    ) |  8.820E-05 9.379E+43
    1022 4.9720E-02 8.8219E-05  (  0.00    ,   0.00    ,   0.00    ) |  8.822E-05 9.379E+43
    1023 4.9808E-02 8.8234E-05  (  0.00    ,   0.00    ,   0.00    ) |  8.823E-05 9.379E+43
    1024 4.9896E-02 8.8249E-05  (  0.00    ,   0.00    ,   0.00    ) |  8.825E-05 9.379E+43
    1025 4.9984E-02 8.8265E-05  (  0.00    ,   0.00    ,   0.00    ) |  8.826E-05 9.379E+43
    1026 5.0072E-02 8.8280E-05  (  0.00    ,   0.00    ,   0.00    ) |  8.828E-05 9.379E+43
    1027 5.0161E-02 8.8295E-05  (  0.00    ,   0.00    ,   0.00    ) |  8.830E-05 9.379E+43
    1028 5.0249E-02 8.8310E-05  (  0.00    ,   0.00    ,   0.00    ) |  8.831E-05 9.379E+43
    1029 5.0337E-02 8.8325E-05  (  0.00    ,   0.00    ,   0.00    ) |  8.833E-05 9.379E+43
    1030 5.0426E-02 8.8341E-05  (  0.00    ,   0.00    ,   0.00    ) |  8.834E-05 9.379E+43
    1031 5.0514E-02 8.8356E-05  (  0.00    ,   0.00    ,   0.00    ) |  8.836E-05 9.379E+43
    1032 5.0602E-02 8.8371E-05  (  0.00    ,   0.00    ,   0.00    ) |  8.837E-05 9.379E+43
    1033 5.0691E-02 8.8386E-05  (  0.00    ,   0.00    ,   0.00    ) |  8.839E-05 9.379E+43
    1034 5.0779E-02 8.8401E-05  (  0.00    ,   0.00    ,   0.00    ) |  8.840E-05 9.379E+43
    1035 5.0868E-02 8.8416E-05  (  0.00    ,   0.00    ,   0.00    ) |  8.842E-05 9.379E+43
    1036 5.0956E-02 8.8431E-05  (  0.00    ,   0.00    ,   0.00    ) |  8.843E-05 9.379E+43
    1037 5.1044E-02 8.8446E-05  (  0.00    ,   0.00    ,   0.00    ) |  8.845E-05 9.379E+43
    1038 5.1133E-02 8.8460E-05  (  0.00    ,   0.00    ,   0.00    ) |  8.846E-05 9.379E+43
    1039 5.1221E-02 8.8475E-05  (  0.00    ,   0.00    ,   0.00    ) |  8.848E-05 9.379E+43
    1040 5.1310E-02 8.8490E-05  (  0.00    ,   0.00    ,   0.00    ) |  8.849E-05 9.379E+43
 [WDHydrostatic] t/t_dyn =  0.17817933967503516       damp factor =  0.99846471816835747       sponge alpha =  0.88490046617890517     
    1041 5.1398E-02 8.8505E-05  (  0.00    ,   0.00    ,   0.00    ) |  8.850E-05 9.379E+43
    1042 5.1487E-02 8.8520E-05  (  0.00    ,   0.00    ,   0.00    ) |  8.852E-05 9.379E+43
    1043 5.1575E-02 8.8534E-05  (  0.00    ,   0.00    ,   0.00    ) |  8.853E-05 9.379E+43
    1044 5.1664E-02 8.8549E-05  (  0.00    ,   0.00    ,   0.00    ) |  8.855E-05 9.379E+43
    1045 5.1752E-02 8.8563E-05  (  0.00    ,   0.00    ,   0.00    ) |  8.856E-05 9.379E+43
    1046 5.1841E-02 8.8578E-05  (  0.00    ,   0.00    ,   0.00    ) |  8.858E-05 9.379E+43
    1047 5.1930E-02 8.8593E-05  (  0.00    ,   0.00    ,   0.00    ) |  8.859E-05 9.379E+43
    1048 5.2018E-02 8.8607E-05  (  0.00    ,   0.00    ,   0.00    ) |  8.861E-05 9.379E+43
    1049 5.2107E-02 8.8622E-05  (  0.00    ,   0.00    ,   0.00    ) |  8.862E-05 9.379E+43
    1050 5.2195E-02 8.8636E-05  (  0.00    ,   0.00    ,   0.00    ) |  8.864E-05 9.379E+43
    1051 5.2284E-02 8.8650E-05  (  0.00    ,   0.00    ,   0.00    ) |  8.865E-05 9.379E+43
    1052 5.2373E-02 8.8665E-05  (  0.00    ,   0.00    ,   0.00    ) |  8.866E-05 9.379E+43
    1053 5.2461E-02 8.8679E-05  (  0.00    ,   0.00    ,   0.00    ) |  8.868E-05 9.379E+43
    1054 5.2550E-02 8.8694E-05  (  0.00    ,   0.00    ,   0.00    ) |  8.869E-05 9.379E+43
    1055 5.2639E-02 8.8708E-05  (  0.00    ,   0.00    ,   0.00    ) |  8.871E-05 9.379E+43
    1056 5.2727E-02 8.8722E-05  (  0.00    ,   0.00    ,   0.00    ) |  8.872E-05 9.379E+43
    1057 5.2816E-02 8.8736E-05  (  0.00    ,   0.00    ,   0.00    ) |  8.874E-05 9.379E+43
    1058 5.2905E-02 8.8750E-05  (  0.00    ,   0.00    ,   0.00    ) |  8.875E-05 9.379E+43
    1059 5.2994E-02 8.8765E-05  (  0.00    ,   0.00    ,   0.00    ) |  8.876E-05 9.379E+43
    1060 5.3082E-02 8.8779E-05  (  0.00    ,   0.00    ,   0.00    ) |  8.878E-05 9.379E+43
 [WDHydrostatic] t/t_dyn =  0.18433478580978438       damp factor =  0.99845971356821861       sponge alpha =  0.88778722476682548     
    1061 5.3171E-02 8.8793E-05  (  0.00    ,   0.00    ,   0.00    ) |  8.879E-05 9.379E+43
    1062 5.3260E-02 8.8807E-05  (  0.00    ,   0.00    ,   0.00    ) |  8.881E-05 9.379E+43
    1063 5.3349E-02 8.8821E-05  (  0.00    ,   0.00    ,   0.00    ) |  8.882E-05 9.379E+43
    1064 5.3438E-02 8.8835E-05  (  0.00    ,   0.00    ,   0.00    ) |  8.883E-05 9.379E+43
    1065 5.3526E-02 8.8849E-05  (  0.00    ,   0.00    ,   0.00    ) |  8.885E-05 9.379E+43
    1066 5.3615E-02 8.8863E-05  (  0.00    ,   0.00    ,   0.00    ) |  8.886E-05 9.379E+43
    1067 5.3704E-02 8.8877E-05  (  0.00    ,   0.00    ,   0.00    ) |  8.888E-05 9.379E+43
    1068 5.3793E-02 8.8891E-05  (  0.00    ,   0.00    ,   0.00    ) |  8.889E-05 9.379E+43
    1069 5.3882E-02 8.8904E-05  (  0.00    ,   0.00    ,   0.00    ) |  8.890E-05 9.379E+43
    1070 5.3971E-02 8.8918E-05  (  0.00    ,   0.00    ,   0.00    ) |  8.892E-05 9.379E+43
    1071 5.4060E-02 8.8932E-05  (  0.00    ,   0.00    ,   0.00    ) |  8.893E-05 9.379E+43
    1072 5.4149E-02 8.8946E-05  (  0.00    ,   0.00    ,   0.00    ) |  8.895E-05 9.379E+43
    1073 5.4238E-02 8.8960E-05  (  0.00    ,   0.00    ,   0.00    ) |  8.896E-05 9.379E+43
    1074 5.4327E-02 8.8973E-05  (  0.00    ,   0.00    ,   0.00    ) |  8.897E-05 9.379E+43
    1075 5.4415E-02 8.8987E-05  (  0.00    ,   0.00    ,   0.00    ) |  8.899E-05 9.379E+43
    1076 5.4504E-02 8.9001E-05  (  0.00    ,   0.00    ,   0.00    ) |  8.900E-05 9.379E+43
    1077 5.4593E-02 8.9014E-05  (  0.00    ,   0.00    ,   0.00    ) |  8.901E-05 9.379E+43
    1078 5.4682E-02 8.9028E-05  (  0.00    ,   0.00    ,   0.00    ) |  8.903E-05 9.379E+43
    1079 5.4772E-02 8.9041E-05  (  0.00    ,   0.00    ,   0.00    ) |  8.904E-05 9.379E+43
    1080 5.4861E-02 8.9055E-05  (  0.00    ,   0.00    ,   0.00    ) |  8.905E-05 9.379E+43
 [WDHydrostatic] t/t_dyn =  0.19050985941839940       damp factor =  0.99845492665873925       sponge alpha =  0.89054842834414949     
    1081 5.4950E-02 8.9068E-05  (  0.00    ,   0.00    ,   0.00    ) |  8.907E-05 9.379E+43
    1082 5.5039E-02 8.9082E-05  (  0.00    ,   0.00    ,   0.00    ) |  8.908E-05 9.379E+43
    1083 5.5128E-02 8.9095E-05  (  0.00    ,   0.00    ,   0.00    ) |  8.910E-05 9.379E+43
    1084 5.5217E-02 8.9109E-05  (  0.00    ,   0.00    ,   0.00    ) |  8.911E-05 9.379E+43
    1085 5.5306E-02 8.9122E-05  (  0.00    ,   0.00    ,   0.00    ) |  8.912E-05 9.379E+43
    1086 5.5395E-02 8.9135E-05  (  0.00    ,   0.00    ,   0.00    ) |  8.914E-05 9.379E+43
    1087 5.5484E-02 8.9149E-05  (  0.00    ,   0.00    ,   0.00    ) |  8.915E-05 9.379E+43
    1088 5.5573E-02 8.9162E-05  (  0.00    ,   0.00    ,   0.00    ) |  8.916E-05 9.379E+43
    1089 5.5663E-02 8.9175E-05  (  0.00    ,   0.00    ,   0.00    ) |  8.918E-05 9.379E+43
    1090 5.5752E-02 8.9189E-05  (  0.00    ,   0.00    ,   0.00    ) |  8.919E-05 9.379E+43
    1091 5.5841E-02 8.9202E-05  (  0.00    ,   0.00    ,   0.00    ) |  8.920E-05 9.379E+43
    1092 5.5930E-02 8.9215E-05  (  0.00    ,   0.00    ,   0.00    ) |  8.921E-05 9.379E+43
    1093 5.6019E-02 8.9228E-05  (  0.00    ,   0.00    ,   0.00    ) |  8.923E-05 9.379E+43
    1094 5.6109E-02 8.9241E-05  (  0.00    ,   0.00    ,   0.00    ) |  8.924E-05 9.379E+43
    1095 5.6198E-02 8.9254E-05  (  0.00    ,   0.00    ,   0.00    ) |  8.925E-05 9.379E+43
    1096 5.6287E-02 8.9267E-05  (  0.00    ,   0.00    ,   0.00    ) |  8.927E-05 9.379E+43
    1097 5.6376E-02 8.9281E-05  (  0.00    ,   0.00    ,   0.00    ) |  8.928E-05 9.379E+43
    1098 5.6466E-02 8.9294E-05  (  0.00    ,   0.00    ,   0.00    ) |  8.929E-05 9.379E+43
    1099 5.6555E-02 8.9307E-05  (  0.00    ,   0.00    ,   0.00    ) |  8.931E-05 9.379E+43
    1100 5.6644E-02 8.9320E-05  (  0.00    ,   0.00    ,   0.00    ) |  8.932E-05 9.379E+43
 [WDHydrostatic] t/t_dyn =  0.19670372840412456       damp factor =  0.99845033703684394       sponge alpha =  0.89319584416770081     
    1101 5.6734E-02 8.9333E-05  (  0.00    ,   0.00    ,   0.00    ) |  8.933E-05 9.379E+43
    1102 5.6823E-02 8.9345E-05  (  0.00    ,   0.00    ,   0.00    ) |  8.935E-05 9.379E+43
    1103 5.6912E-02 8.9358E-05  (  0.00    ,   0.00    ,   0.00    ) |  8.936E-05 9.379E+43
    1104 5.7002E-02 8.9371E-05  (  0.00    ,   0.00    ,   0.00    ) |  8.937E-05 9.379E+43
    1105 5.7091E-02 8.9384E-05  (  0.00    ,   0.00    ,   0.00    ) |  8.938E-05 9.379E+43
    1106 5.7180E-02 8.9397E-05  (  0.00    ,   0.00    ,   0.00    ) |  8.940E-05 9.379E+43
    1107 5.7270E-02 8.9410E-05  (  0.00    ,   0.00    ,   0.00    ) |  8.941E-05 9.379E+43
    1108 5.7359E-02 8.9423E-05  (  0.00    ,   0.00    ,   0.00    ) |  8.942E-05 9.379E+43
    1109 5.7449E-02 8.9435E-05  (  0.00    ,   0.00    ,   0.00    ) |  8.944E-05 9.379E+43
    1110 5.7538E-02 8.9448E-05  (  0.00    ,   0.00    ,   0.00    ) |  8.945E-05 9.379E+43
    1111 5.7627E-02 8.9461E-05  (  0.00    ,   0.00    ,   0.00    ) |  8.946E-05 9.379E+43
    1112 5.7717E-02 8.9473E-05  (  0.00    ,   0.00    ,   0.00    ) |  8.947E-05 9.379E+43
    1113 5.7806E-02 8.9486E-05  (  0.00    ,   0.00    ,   0.00    ) |  8.949E-05 9.379E+43
    1114 5.7896E-02 8.9499E-05  (  0.00    ,   0.00    ,   0.00    ) |  8.950E-05 9.379E+43
    1115 5.7985E-02 8.9511E-05  (  0.00    ,   0.00    ,   0.00    ) |  8.951E-05 9.379E+43
    1116 5.8075E-02 8.9524E-05  (  0.00    ,   0.00    ,   0.00    ) |  8.952E-05 9.379E+43
    1117 5.8164E-02 8.9537E-05  (  0.00    ,   0.00    ,   0.00    ) |  8.954E-05 9.379E+43
    1118 5.8254E-02 8.9549E-05  (  0.00    ,   0.00    ,   0.00    ) |  8.955E-05 9.379E+43
    1119 5.8343E-02 8.9562E-05  (  0.00    ,   0.00    ,   0.00    ) |  8.956E-05 9.379E+43
    1120 5.8433E-02 8.9574E-05  (  0.00    ,   0.00    ,   0.00    ) |  8.957E-05 9.379E+43
 [WDHydrostatic] t/t_dyn =  0.20291563969040913       damp factor =  0.99844592532217791       sponge alpha =  0.89574064984677015     
    1121 5.8523E-02 8.9587E-05  (  0.00    ,   0.00    ,   0.00    ) |  8.959E-05 9.379E+43
    1122 5.8612E-02 8.9599E-05  (  0.00    ,   0.00    ,   0.00    ) |  8.960E-05 9.379E+43
    1123 5.8702E-02 8.9611E-05  (  0.00    ,   0.00    ,   0.00    ) |  8.961E-05 9.379E+43
    1124 5.8791E-02 8.9624E-05  (  0.00    ,   0.00    ,   0.00    ) |  8.962E-05 9.379E+43
    1125 5.8881E-02 8.9636E-05  (  0.00    ,   0.00    ,   0.00    ) |  8.964E-05 9.379E+43
    1126 5.8971E-02 8.9649E-05  (  0.00    ,   0.00    ,   0.00    ) |  8.965E-05 9.379E+43
    1127 5.9060E-02 8.9661E-05  (  0.00    ,   0.00    ,   0.00    ) |  8.966E-05 9.379E+43
    1128 5.9150E-02 8.9673E-05  (  0.00    ,   0.00    ,   0.00    ) |  8.967E-05 9.379E+43
    1129 5.9240E-02 8.9686E-05  (  0.00    ,   0.00    ,   0.00    ) |  8.969E-05 9.379E+43
    1130 5.9329E-02 8.9698E-05  (  0.00    ,   0.00    ,   0.00    ) |  8.970E-05 9.379E+43
    1131 5.9419E-02 8.9710E-05  (  0.00    ,   0.00    ,   0.00    ) |  8.971E-05 9.379E+43
    1132 5.9509E-02 8.9722E-05  (  0.00    ,   0.00    ,   0.00    ) |  8.972E-05 9.379E+43
    1133 5.9598E-02 8.9734E-05  (  0.00    ,   0.00    ,   0.00    ) |  8.973E-05 9.379E+43
    1134 5.9688E-02 8.9747E-05  (  0.00    ,   0.00    ,   0.00    ) |  8.975E-05 9.379E+43
    1135 5.9778E-02 8.9759E-05  (  0.00    ,   0.00    ,   0.00    ) |  8.976E-05 9.379E+43
    1136 5.9868E-02 8.9771E-05  (  0.00    ,   0.00    ,   0.00    ) |  8.977E-05 9.379E+43
    1137 5.9957E-02 8.9783E-05  (  0.00    ,   0.00    ,   0.00    ) |  8.978E-05 9.379E+43
 *** Wrote plotfile to wd_hdf5_plt_cnt_0003 ****
    1138 6.0047E-02 8.9795E-05  (  0.00    ,   0.00    ,   0.00    ) |  8.980E-05 9.379E+43
    1139 6.0137E-02 8.9807E-05  (  0.00    ,   0.00    ,   0.00    ) |  8.981E-05 9.379E+43
    1140 6.0227E-02 8.9819E-05  (  0.00    ,   0.00    ,   0.00    ) |  8.982E-05 9.379E+43
 [WDHydrostatic] t/t_dyn =  0.20914491562406673       damp factor =  0.99844167266702588       sponge alpha =  0.89819371600310072     
    1141 6.0317E-02 8.9831E-05  (  0.00    ,   0.00    ,   0.00    ) |  8.983E-05 9.379E+43
    1142 6.0406E-02 8.9843E-05  (  0.00    ,   0.00    ,   0.00    ) |  8.984E-05 9.379E+43
    1143 6.0496E-02 8.9855E-05  (  0.00    ,   0.00    ,   0.00    ) |  8.986E-05 9.379E+43
    1144 6.0586E-02 8.9867E-05  (  0.00    ,   0.00    ,   0.00    ) |  8.987E-05 9.379E+43
    1145 6.0676E-02 8.9879E-05  (  0.00    ,   0.00    ,   0.00    ) |  8.988E-05 9.379E+43
    1146 6.0766E-02 8.9891E-05  (  0.00    ,   0.00    ,   0.00    ) |  8.989E-05 9.379E+43
    1147 6.0856E-02 8.9903E-05  (  0.00    ,   0.00    ,   0.00    ) |  8.990E-05 9.379E+43
    1148 6.0946E-02 8.9915E-05  (  0.00    ,   0.00    ,   0.00    ) |  8.992E-05 9.379E+43
    1149 6.1036E-02 8.9927E-05  (  0.00    ,   0.00    ,   0.00    ) |  8.993E-05 9.379E+43
    1150 6.1126E-02 8.9939E-05  (  0.00    ,   0.00    ,   0.00    ) |  8.994E-05 9.379E+43
    1151 6.1216E-02 8.9951E-05  (  0.00    ,   0.00    ,   0.00    ) |  8.995E-05 9.379E+43
    1152 6.1305E-02 8.9963E-05  (  0.00    ,   0.00    ,   0.00    ) |  8.996E-05 9.379E+43
    1153 6.1395E-02 8.9974E-05  (  0.00    ,   0.00    ,   0.00    ) |  8.997E-05 9.379E+43
    1154 6.1485E-02 8.9986E-05  (  0.00    ,   0.00    ,   0.00    ) |  8.999E-05 9.379E+43
    1155 6.1575E-02 8.9998E-05  (  0.00    ,   0.00    ,   0.00    ) |  9.000E-05 9.379E+43
    1156 6.1665E-02 9.0010E-05  (  0.00    ,   0.00    ,   0.00    ) |  9.001E-05 9.379E+43
    1157 6.1755E-02 9.0021E-05  (  0.00    ,   0.00    ,   0.00    ) |  9.002E-05 9.379E+43
    1158 6.1845E-02 9.0033E-05  (  0.00    ,   0.00    ,   0.00    ) |  9.003E-05 9.379E+43
    1159 6.1935E-02 9.0045E-05  (  0.00    ,   0.00    ,   0.00    ) |  9.004E-05 9.379E+43
    1160 6.2025E-02 9.0057E-05  (  0.00    ,   0.00    ,   0.00    ) |  9.006E-05 9.379E+43
 [WDHydrostatic] t/t_dyn =  0.21539095507957284       damp factor =  0.99843756151383134       sponge alpha =  0.90056516928227059     
    1161 6.2116E-02 9.0068E-05  (  0.00    ,   0.00    ,   0.00    ) |  9.007E-05 9.379E+43
    1162 6.2206E-02 9.0080E-05  (  0.00    ,   0.00    ,   0.00    ) |  9.008E-05 9.379E+43
    1163 6.2296E-02 9.0091E-05  (  0.00    ,   0.00    ,   0.00    ) |  9.009E-05 9.379E+43
    1164 6.2386E-02 9.0103E-05  (  0.00    ,   0.00    ,   0.00    ) |  9.010E-05 9.379E+43
    1165 6.2476E-02 9.0115E-05  (  0.00    ,   0.00    ,   0.00    ) |  9.011E-05 9.379E+43
    1166 6.2566E-02 9.0126E-05  (  0.00    ,   0.00    ,   0.00    ) |  9.013E-05 9.379E+43
    1167 6.2656E-02 9.0138E-05  (  0.00    ,   0.00    ,   0.00    ) |  9.014E-05 9.379E+43
    1168 6.2746E-02 9.0149E-05  (  0.00    ,   0.00    ,   0.00    ) |  9.015E-05 9.379E+43
    1169 6.2836E-02 9.0161E-05  (  0.00    ,   0.00    ,   0.00    ) |  9.016E-05 9.379E+43
    1170 6.2927E-02 9.0172E-05  (  0.00    ,   0.00    ,   0.00    ) |  9.017E-05 9.379E+43
    1171 6.3017E-02 9.0184E-05  (  0.00    ,   0.00    ,   0.00    ) |  9.018E-05 9.379E+43
    1172 6.3107E-02 9.0195E-05  (  0.00    ,   0.00    ,   0.00    ) |  9.020E-05 9.379E+43
    1173 6.3197E-02 9.0207E-05  (  0.00    ,   0.00    ,   0.00    ) |  9.021E-05 9.379E+43
    1174 6.3287E-02 9.0218E-05  (  0.00    ,   0.00    ,   0.00    ) |  9.022E-05 9.379E+43
    1175 6.3378E-02 9.0229E-05  (  0.00    ,   0.00    ,   0.00    ) |  9.023E-05 9.379E+43
    1176 6.3468E-02 9.0241E-05  (  0.00    ,   0.00    ,   0.00    ) |  9.024E-05 9.379E+43
    1177 6.3558E-02 9.0252E-05  (  0.00    ,   0.00    ,   0.00    ) |  9.025E-05 9.379E+43
    1178 6.3648E-02 9.0263E-05  (  0.00    ,   0.00    ,   0.00    ) |  9.026E-05 9.379E+43
    1179 6.3739E-02 9.0275E-05  (  0.00    ,   0.00    ,   0.00    ) |  9.027E-05 9.379E+43
    1180 6.3829E-02 9.0286E-05  (  0.00    ,   0.00    ,   0.00    ) |  9.029E-05 9.379E+43
 [WDHydrostatic] t/t_dyn =  0.22165321119992479       damp factor =  0.99843358477055633       sponge alpha =  0.90285909962983990     
    1181 6.3919E-02 9.0297E-05  (  0.00    ,   0.00    ,   0.00    ) |  9.030E-05 9.379E+43
    1182 6.4009E-02 9.0308E-05  (  0.00    ,   0.00    ,   0.00    ) |  9.031E-05 9.379E+43
    1183 6.4100E-02 9.0320E-05  (  0.00    ,   0.00    ,   0.00    ) |  9.032E-05 9.379E+43
    1184 6.4190E-02 9.0331E-05  (  0.00    ,   0.00    ,   0.00    ) |  9.033E-05 9.379E+43
    1185 6.4280E-02 9.0342E-05  (  0.00    ,   0.00    ,   0.00    ) |  9.034E-05 9.379E+43
    1186 6.4371E-02 9.0353E-05  (  0.00    ,   0.00    ,   0.00    ) |  9.035E-05 9.379E+43
    1187 6.4461E-02 9.0364E-05  (  0.00    ,   0.00    ,   0.00    ) |  9.036E-05 9.379E+43
    1188 6.4551E-02 9.0375E-05  (  0.00    ,   0.00    ,   0.00    ) |  9.038E-05 9.379E+43
    1189 6.4642E-02 9.0387E-05  (  0.00    ,   0.00    ,   0.00    ) |  9.039E-05 9.379E+43
    1190 6.4732E-02 9.0398E-05  (  0.00    ,   0.00    ,   0.00    ) |  9.040E-05 9.379E+43
    1191 6.4823E-02 9.0409E-05  (  0.00    ,   0.00    ,   0.00    ) |  9.041E-05 9.379E+43
    1192 6.4913E-02 9.0420E-05  (  0.00    ,   0.00    ,   0.00    ) |  9.042E-05 9.379E+43
    1193 6.5003E-02 9.0431E-05  (  0.00    ,   0.00    ,   0.00    ) |  9.043E-05 9.379E+43
    1194 6.5094E-02 9.0442E-05  (  0.00    ,   0.00    ,   0.00    ) |  9.044E-05 9.379E+43
    1195 6.5184E-02 9.0453E-05  (  0.00    ,   0.00    ,   0.00    ) |  9.045E-05 9.379E+43
    1196 6.5275E-02 9.0464E-05  (  0.00    ,   0.00    ,   0.00    ) |  9.046E-05 9.379E+43
    1197 6.5365E-02 9.0475E-05  (  0.00    ,   0.00    ,   0.00    ) |  9.047E-05 9.379E+43
    1198 6.5456E-02 9.0486E-05  (  0.00    ,   0.00    ,   0.00    ) |  9.049E-05 9.379E+43
    1199 6.5546E-02 9.0497E-05  (  0.00    ,   0.00    ,   0.00    ) |  9.050E-05 9.379E+43
    1200 6.5637E-02 9.0508E-05  (  0.00    ,   0.00    ,   0.00    ) |  9.051E-05 9.379E+43
 [WDHydrostatic] t/t_dyn =  0.22793113932397532       damp factor =  0.99842974171124421       sponge alpha =  0.90507592488021671     
    1201 6.5727E-02 9.0518E-05  (  0.00    ,   0.00    ,   0.00    ) |  9.052E-05 9.379E+43
    1202 6.5818E-02 9.0529E-05  (  0.00    ,   0.00    ,   0.00    ) |  9.053E-05 9.379E+43
    1203 6.5908E-02 9.0540E-05  (  0.00    ,   0.00    ,   0.00    ) |  9.054E-05 9.379E+43
    1204 6.5999E-02 9.0551E-05  (  0.00    ,   0.00    ,   0.00    ) |  9.055E-05 9.379E+43
    1205 6.6089E-02 9.0562E-05  (  0.00    ,   0.00    ,   0.00    ) |  9.056E-05 9.379E+43
    1206 6.6180E-02 9.0573E-05  (  0.00    ,   0.00    ,   0.00    ) |  9.057E-05 9.379E+43
    1207 6.6270E-02 9.0584E-05  (  0.00    ,   0.00    ,   0.00    ) |  9.058E-05 9.379E+43
    1208 6.6361E-02 9.0594E-05  (  0.00    ,   0.00    ,   0.00    ) |  9.059E-05 9.379E+43
    1209 6.6452E-02 9.0605E-05  (  0.00    ,   0.00    ,   0.00    ) |  9.061E-05 9.379E+43
    1210 6.6542E-02 9.0616E-05  (  0.00    ,   0.00    ,   0.00    ) |  9.062E-05 9.379E+43
    1211 6.6633E-02 9.0627E-05  (  0.00    ,   0.00    ,   0.00    ) |  9.063E-05 9.379E+43
    1212 6.6723E-02 9.0637E-05  (  0.00    ,   0.00    ,   0.00    ) |  9.064E-05 9.379E+43
    1213 6.6814E-02 9.0648E-05  (  0.00    ,   0.00    ,   0.00    ) |  9.065E-05 9.379E+43
    1214 6.6905E-02 9.0659E-05  (  0.00    ,   0.00    ,   0.00    ) |  9.066E-05 9.379E+43
    1215 6.6995E-02 9.0669E-05  (  0.00    ,   0.00    ,   0.00    ) |  9.067E-05 9.379E+43
    1216 6.7086E-02 9.0680E-05  (  0.00    ,   0.00    ,   0.00    ) |  9.068E-05 9.379E+43
    1217 6.7177E-02 9.0691E-05  (  0.00    ,   0.00    ,   0.00    ) |  9.069E-05 9.379E+43
    1218 6.7267E-02 9.0701E-05  (  0.00    ,   0.00    ,   0.00    ) |  9.070E-05 9.379E+43
    1219 6.7358E-02 9.0712E-05  (  0.00    ,   0.00    ,   0.00    ) |  9.071E-05 9.379E+43
    1220 6.7449E-02 9.0723E-05  (  0.00    ,   0.00    ,   0.00    ) |  9.072E-05 9.379E+43
 [WDHydrostatic] t/t_dyn =  0.23422423785987190       damp factor =  0.99842601472842718       sponge alpha =  0.90722580086883886     
    1221 6.7540E-02 9.0733E-05  (  0.00    ,   0.00    ,   0.00    ) |  9.073E-05 9.379E+43
    1222 6.7630E-02 9.0744E-05  (  0.00    ,   0.00    ,   0.00    ) |  9.074E-05 9.379E+43
    1223 6.7721E-02 9.0754E-05  (  0.00    ,   0.00    ,   0.00    ) |  9.075E-05 9.379E+43
    1224 6.7812E-02 9.0765E-05  (  0.00    ,   0.00    ,   0.00    ) |  9.076E-05 9.379E+43
    1225 6.7903E-02 9.0775E-05  (  0.00    ,   0.00    ,   0.00    ) |  9.078E-05 9.379E+43
    1226 6.7993E-02 9.0786E-05  (  0.00    ,   0.00    ,   0.00    ) |  9.079E-05 9.379E+43
    1227 6.8084E-02 9.0796E-05  (  0.00    ,   0.00    ,   0.00    ) |  9.080E-05 9.379E+43
    1228 6.8175E-02 9.0807E-05  (  0.00    ,   0.00    ,   0.00    ) |  9.081E-05 9.379E+43
    1229 6.8266E-02 9.0817E-05  (  0.00    ,   0.00    ,   0.00    ) |  9.082E-05 9.379E+43
    1230 6.8357E-02 9.0828E-05  (  0.00    ,   0.00    ,   0.00    ) |  9.083E-05 9.379E+43
    1231 6.8447E-02 9.0838E-05  (  0.00    ,   0.00    ,   0.00    ) |  9.084E-05 9.379E+43
    1232 6.8538E-02 9.0849E-05  (  0.00    ,   0.00    ,   0.00    ) |  9.085E-05 9.379E+43
    1233 6.8629E-02 9.0859E-05  (  0.00    ,   0.00    ,   0.00    ) |  9.086E-05 9.379E+43
    1234 6.8720E-02 9.0869E-05  (  0.00    ,   0.00    ,   0.00    ) |  9.087E-05 9.379E+43
    1235 6.8811E-02 9.0880E-05  (  0.00    ,   0.00    ,   0.00    ) |  9.088E-05 9.379E+43
    1236 6.8902E-02 9.0890E-05  (  0.00    ,   0.00    ,   0.00    ) |  9.089E-05 9.379E+43
    1237 6.8993E-02 9.0901E-05  (  0.00    ,   0.00    ,   0.00    ) |  9.090E-05 9.379E+43
    1238 6.9083E-02 9.0911E-05  (  0.00    ,   0.00    ,   0.00    ) |  9.091E-05 9.379E+43
    1239 6.9174E-02 9.0921E-05  (  0.00    ,   0.00    ,   0.00    ) |  9.092E-05 9.379E+43
    1240 6.9265E-02 9.0932E-05  (  0.00    ,   0.00    ,   0.00    ) |  9.093E-05 9.379E+43
 [WDHydrostatic] t/t_dyn =  0.24053206603485675       damp factor =  0.99842239215683326       sponge alpha =  0.90931545588843765     
    1241 6.9356E-02 9.0942E-05  (  0.00    ,   0.00    ,   0.00    ) |  9.094E-05 9.379E+43
    1242 6.9447E-02 9.0952E-05  (  0.00    ,   0.00    ,   0.00    ) |  9.095E-05 9.379E+43
    1243 6.9538E-02 9.0962E-05  (  0.00    ,   0.00    ,   0.00    ) |  9.096E-05 9.379E+43
    1244 6.9629E-02 9.0973E-05  (  0.00    ,   0.00    ,   0.00    ) |  9.097E-05 9.379E+43
    1245 6.9720E-02 9.0983E-05  (  0.00    ,   0.00    ,   0.00    ) |  9.098E-05 9.379E+43
    1246 6.9811E-02 9.0993E-05  (  0.00    ,   0.00    ,   0.00    ) |  9.099E-05 9.379E+43
    1247 6.9902E-02 9.1003E-05  (  0.00    ,   0.00    ,   0.00    ) |  9.100E-05 9.379E+43
    1248 6.9993E-02 9.1014E-05  (  0.00    ,   0.00    ,   0.00    ) |  9.101E-05 9.379E+43
    1249 7.0084E-02 9.1024E-05  (  0.00    ,   0.00    ,   0.00    ) |  9.102E-05 9.379E+43
    1250 7.0175E-02 9.1034E-05  (  0.00    ,   0.00    ,   0.00    ) |  9.103E-05 9.379E+43
    1251 7.0266E-02 9.1044E-05  (  0.00    ,   0.00    ,   0.00    ) |  9.104E-05 9.379E+43
    1252 7.0357E-02 9.1054E-05  (  0.00    ,   0.00    ,   0.00    ) |  9.105E-05 9.379E+43
    1253 7.0448E-02 9.1064E-05  (  0.00    ,   0.00    ,   0.00    ) |  9.106E-05 9.379E+43
    1254 7.0539E-02 9.1074E-05  (  0.00    ,   0.00    ,   0.00    ) |  9.107E-05 9.379E+43
    1255 7.0630E-02 9.1085E-05  (  0.00    ,   0.00    ,   0.00    ) |  9.108E-05 9.379E+43
    1256 7.0721E-02 9.1095E-05  (  0.00    ,   0.00    ,   0.00    ) |  9.109E-05 9.379E+43
    1257 7.0813E-02 9.1105E-05  (  0.00    ,   0.00    ,   0.00    ) |  9.110E-05 9.379E+43
    1258 7.0904E-02 9.1115E-05  (  0.00    ,   0.00    ,   0.00    ) |  9.111E-05 9.379E+43
    1259 7.0995E-02 9.1125E-05  (  0.00    ,   0.00    ,   0.00    ) |  9.112E-05 9.379E+43
    1260 7.1086E-02 9.1135E-05  (  0.00    ,   0.00    ,   0.00    ) |  9.113E-05 9.379E+43
 [WDHydrostatic] t/t_dyn =  0.24685422118269465       damp factor =  0.99841886638451882       sponge alpha =  0.91134928020315586     
    1261 7.1177E-02 9.1145E-05  (  0.00    ,   0.00    ,   0.00    ) |  9.114E-05 9.379E+43
    1262 7.1268E-02 9.1155E-05  (  0.00    ,   0.00    ,   0.00    ) |  9.115E-05 9.379E+43
    1263 7.1359E-02 9.1165E-05  (  0.00    ,   0.00    ,   0.00    ) |  9.116E-05 9.379E+43
    1264 7.1450E-02 9.1175E-05  (  0.00    ,   0.00    ,   0.00    ) |  9.117E-05 9.379E+43
    1265 7.1542E-02 9.1185E-05  (  0.00    ,   0.00    ,   0.00    ) |  9.118E-05 9.379E+43
    1266 7.1633E-02 9.1195E-05  (  0.00    ,   0.00    ,   0.00    ) |  9.119E-05 9.379E+43
    1267 7.1724E-02 9.1205E-05  (  0.00    ,   0.00    ,   0.00    ) |  9.120E-05 9.379E+43
    1268 7.1815E-02 9.1215E-05  (  0.00    ,   0.00    ,   0.00    ) |  9.121E-05 9.379E+43
    1269 7.1906E-02 9.1225E-05  (  0.00    ,   0.00    ,   0.00    ) |  9.122E-05 9.379E+43
    1270 7.1998E-02 9.1235E-05  (  0.00    ,   0.00    ,   0.00    ) |  9.123E-05 9.379E+43
    1271 7.2089E-02 9.1245E-05  (  0.00    ,   0.00    ,   0.00    ) |  9.124E-05 9.379E+43
    1272 7.2180E-02 9.1254E-05  (  0.00    ,   0.00    ,   0.00    ) |  9.125E-05 9.379E+43
    1273 7.2271E-02 9.1264E-05  (  0.00    ,   0.00    ,   0.00    ) |  9.126E-05 9.379E+43
    1274 7.2363E-02 9.1274E-05  (  0.00    ,   0.00    ,   0.00    ) |  9.127E-05 9.379E+43
    1275 7.2454E-02 9.1284E-05  (  0.00    ,   0.00    ,   0.00    ) |  9.128E-05 9.379E+43
    1276 7.2545E-02 9.1294E-05  (  0.00    ,   0.00    ,   0.00    ) |  9.129E-05 9.379E+43
    1277 7.2637E-02 9.1304E-05  (  0.00    ,   0.00    ,   0.00    ) |  9.130E-05 9.379E+43
    1278 7.2728E-02 9.1313E-05  (  0.00    ,   0.00    ,   0.00    ) |  9.131E-05 9.379E+43
    1279 7.2819E-02 9.1323E-05  (  0.00    ,   0.00    ,   0.00    ) |  9.132E-05 9.379E+43
    1280 7.2910E-02 9.1333E-05  (  0.00    ,   0.00    ,   0.00    ) |  9.133E-05 9.379E+43
 [WDHydrostatic] t/t_dyn =  0.25319032619124920       damp factor =  0.99841543206090688       sponge alpha =  0.91333035969148313     
    1281 7.3002E-02 9.1343E-05  (  0.00    ,   0.00    ,   0.00    ) |  9.134E-05 9.379E+43
    1282 7.3093E-02 9.1353E-05  (  0.00    ,   0.00    ,   0.00    ) |  9.135E-05 9.379E+43
    1283 7.3184E-02 9.1362E-05  (  0.00    ,   0.00    ,   0.00    ) |  9.136E-05 9.379E+43
    1284 7.3276E-02 9.1372E-05  (  0.00    ,   0.00    ,   0.00    ) |  9.137E-05 9.379E+43
    1285 7.3367E-02 9.1382E-05  (  0.00    ,   0.00    ,   0.00    ) |  9.138E-05 9.379E+43
    1286 7.3459E-02 9.1391E-05  (  0.00    ,   0.00    ,   0.00    ) |  9.139E-05 9.379E+43
    1287 7.3550E-02 9.1401E-05  (  0.00    ,   0.00    ,   0.00    ) |  9.140E-05 9.379E+43
    1288 7.3641E-02 9.1411E-05  (  0.00    ,   0.00    ,   0.00    ) |  9.141E-05 9.379E+43
    1289 7.3733E-02 9.1421E-05  (  0.00    ,   0.00    ,   0.00    ) |  9.142E-05 9.379E+43
    1290 7.3824E-02 9.1430E-05  (  0.00    ,   0.00    ,   0.00    ) |  9.143E-05 9.379E+43
    1291 7.3916E-02 9.1440E-05  (  0.00    ,   0.00    ,   0.00    ) |  9.144E-05 9.379E+43
    1292 7.4007E-02 9.1449E-05  (  0.00    ,   0.00    ,   0.00    ) |  9.145E-05 9.379E+43
    1293 7.4099E-02 9.1459E-05  (  0.00    ,   0.00    ,   0.00    ) |  9.146E-05 9.379E+43
    1294 7.4190E-02 9.1469E-05  (  0.00    ,   0.00    ,   0.00    ) |  9.147E-05 9.379E+43
    1295 7.4281E-02 9.1478E-05  (  0.00    ,   0.00    ,   0.00    ) |  9.148E-05 9.379E+43
    1296 7.4373E-02 9.1488E-05  (  0.00    ,   0.00    ,   0.00    ) |  9.149E-05 9.379E+43
    1297 7.4464E-02 9.1497E-05  (  0.00    ,   0.00    ,   0.00    ) |  9.150E-05 9.379E+43
    1298 7.4556E-02 9.1507E-05  (  0.00    ,   0.00    ,   0.00    ) |  9.151E-05 9.379E+43
    1299 7.4647E-02 9.1517E-05  (  0.00    ,   0.00    ,   0.00    ) |  9.152E-05 9.379E+43
    1300 7.4739E-02 9.1526E-05  (  0.00    ,   0.00    ,   0.00    ) |  9.153E-05 9.379E+43
 [WDHydrostatic] t/t_dyn =  0.25954002230092549       damp factor =  0.99841208542789595       sponge alpha =  0.91526086166985698     
    1301 7.4830E-02 9.1536E-05  (  0.00    ,   0.00    ,   0.00    ) |  9.154E-05 9.379E+43
    1302 7.4922E-02 9.1545E-05  (  0.00    ,   0.00    ,   0.00    ) |  9.155E-05 9.379E+43
    1303 7.5014E-02 9.1555E-05  (  0.00    ,   0.00    ,   0.00    ) |  9.155E-05 9.379E+43
    1304 7.5105E-02 9.1564E-05  (  0.00    ,   0.00    ,   0.00    ) |  9.156E-05 9.379E+43
    1305 7.5197E-02 9.1574E-05  (  0.00    ,   0.00    ,   0.00    ) |  9.157E-05 9.379E+43
    1306 7.5288E-02 9.1583E-05  (  0.00    ,   0.00    ,   0.00    ) |  9.158E-05 9.379E+43
    1307 7.5380E-02 9.1592E-05  (  0.00    ,   0.00    ,   0.00    ) |  9.159E-05 9.379E+43
    1308 7.5471E-02 9.1602E-05  (  0.00    ,   0.00    ,   0.00    ) |  9.160E-05 9.379E+43
    1309 7.5563E-02 9.1611E-05  (  0.00    ,   0.00    ,   0.00    ) |  9.161E-05 9.379E+43
    1310 7.5655E-02 9.1621E-05  (  0.00    ,   0.00    ,   0.00    ) |  9.162E-05 9.379E+43
    1311 7.5746E-02 9.1630E-05  (  0.00    ,   0.00    ,   0.00    ) |  9.163E-05 9.379E+43
    1312 7.5838E-02 9.1640E-05  (  0.00    ,   0.00    ,   0.00    ) |  9.164E-05 9.379E+43
    1313 7.5930E-02 9.1649E-05  (  0.00    ,   0.00    ,   0.00    ) |  9.165E-05 9.379E+43
    1314 7.6021E-02 9.1658E-05  (  0.00    ,   0.00    ,   0.00    ) |  9.166E-05 9.379E+43
    1315 7.6113E-02 9.1668E-05  (  0.00    ,   0.00    ,   0.00    ) |  9.167E-05 9.379E+43
    1316 7.6205E-02 9.1677E-05  (  0.00    ,   0.00    ,   0.00    ) |  9.168E-05 9.379E+43
    1317 7.6296E-02 9.1686E-05  (  0.00    ,   0.00    ,   0.00    ) |  9.169E-05 9.379E+43
    1318 7.6388E-02 9.1696E-05  (  0.00    ,   0.00    ,   0.00    ) |  9.170E-05 9.379E+43
    1319 7.6480E-02 9.1705E-05  (  0.00    ,   0.00    ,   0.00    ) |  9.170E-05 9.379E+43
    1320 7.6571E-02 9.1714E-05  (  0.00    ,   0.00    ,   0.00    ) |  9.171E-05 9.379E+43
 [WDHydrostatic] t/t_dyn =  0.26590296461165058       damp factor =  0.99840882318790769       sponge alpha =  0.91714268784397213     
    1321 7.6663E-02 9.1724E-05  (  0.00    ,   0.00    ,   0.00    ) |  9.172E-05 9.379E+43
    1322 7.6755E-02 9.1733E-05  (  0.00    ,   0.00    ,   0.00    ) |  9.173E-05 9.379E+43
    1323 7.6846E-02 9.1742E-05  (  0.00    ,   0.00    ,   0.00    ) |  9.174E-05 9.379E+43
    1324 7.6938E-02 9.1751E-05  (  0.00    ,   0.00    ,   0.00    ) |  9.175E-05 9.379E+43
    1325 7.7030E-02 9.1761E-05  (  0.00    ,   0.00    ,   0.00    ) |  9.176E-05 9.379E+43
    1326 7.7122E-02 9.1770E-05  (  0.00    ,   0.00    ,   0.00    ) |  9.177E-05 9.379E+43
    1327 7.7213E-02 9.1779E-05  (  0.00    ,   0.00    ,   0.00    ) |  9.178E-05 9.379E+43
    1328 7.7305E-02 9.1788E-05  (  0.00    ,   0.00    ,   0.00    ) |  9.179E-05 9.379E+43
    1329 7.7397E-02 9.1797E-05  (  0.00    ,   0.00    ,   0.00    ) |  9.180E-05 9.379E+43
    1330 7.7489E-02 9.1807E-05  (  0.00    ,   0.00    ,   0.00    ) |  9.181E-05 9.379E+43
    1331 7.7581E-02 9.1816E-05  (  0.00    ,   0.00    ,   0.00    ) |  9.182E-05 9.379E+43
    1332 7.7672E-02 9.1825E-05  (  0.00    ,   0.00    ,   0.00    ) |  9.182E-05 9.379E+43
    1333 7.7764E-02 9.1834E-05  (  0.00    ,   0.00    ,   0.00    ) |  9.183E-05 9.379E+43
    1334 7.7856E-02 9.1843E-05  (  0.00    ,   0.00    ,   0.00    ) |  9.184E-05 9.379E+43
    1335 7.7948E-02 9.1852E-05  (  0.00    ,   0.00    ,   0.00    ) |  9.185E-05 9.379E+43
    1336 7.8040E-02 9.1861E-05  (  0.00    ,   0.00    ,   0.00    ) |  9.186E-05 9.379E+43
    1337 7.8132E-02 9.1871E-05  (  0.00    ,   0.00    ,   0.00    ) |  9.187E-05 9.379E+43
    1338 7.8224E-02 9.1880E-05  (  0.00    ,   0.00    ,   0.00    ) |  9.188E-05 9.379E+43
    1339 7.8315E-02 9.1889E-05  (  0.00    ,   0.00    ,   0.00    ) |  9.189E-05 9.379E+43
    1340 7.8407E-02 9.1898E-05  (  0.00    ,   0.00    ,   0.00    ) |  9.190E-05 9.379E+43
 [WDHydrostatic] t/t_dyn =  0.27227882069308468       damp factor =  0.99840564256577702       sponge alpha =  0.91897743860084302     
    1341 7.8499E-02 9.1907E-05  (  0.00    ,   0.00    ,   0.00    ) |  9.191E-05 9.379E+43
    1342 7.8591E-02 9.1916E-05  (  0.00    ,   0.00    ,   0.00    ) |  9.192E-05 9.379E+43
    1343 7.8683E-02 9.1925E-05  (  0.00    ,   0.00    ,   0.00    ) |  9.192E-05 9.379E+43
    1344 7.8775E-02 9.1934E-05  (  0.00    ,   0.00    ,   0.00    ) |  9.193E-05 9.379E+43
    1345 7.8867E-02 9.1943E-05  (  0.00    ,   0.00    ,   0.00    ) |  9.194E-05 9.379E+43
    1346 7.8959E-02 9.1952E-05  (  0.00    ,   0.00    ,   0.00    ) |  9.195E-05 9.379E+43
    1347 7.9051E-02 9.1961E-05  (  0.00    ,   0.00    ,   0.00    ) |  9.196E-05 9.379E+43
    1348 7.9143E-02 9.1970E-05  (  0.00    ,   0.00    ,   0.00    ) |  9.197E-05 9.379E+43
    1349 7.9235E-02 9.1979E-05  (  0.00    ,   0.00    ,   0.00    ) |  9.198E-05 9.379E+43
    1350 7.9327E-02 9.1988E-05  (  0.00    ,   0.00    ,   0.00    ) |  9.199E-05 9.379E+43
    1351 7.9419E-02 9.1997E-05  (  0.00    ,   0.00    ,   0.00    ) |  9.200E-05 9.379E+43
    1352 7.9511E-02 9.2006E-05  (  0.00    ,   0.00    ,   0.00    ) |  9.201E-05 9.379E+43
    1353 7.9603E-02 9.2015E-05  (  0.00    ,   0.00    ,   0.00    ) |  9.201E-05 9.379E+43
    1354 7.9695E-02 9.2023E-05  (  0.00    ,   0.00    ,   0.00    ) |  9.202E-05 9.379E+43
    1355 7.9787E-02 9.2032E-05  (  0.00    ,   0.00    ,   0.00    ) |  9.203E-05 9.379E+43
    1356 7.9879E-02 9.2041E-05  (  0.00    ,   0.00    ,   0.00    ) |  9.204E-05 9.379E+43
    1357 7.9971E-02 9.2050E-05  (  0.00    ,   0.00    ,   0.00    ) |  9.205E-05 9.379E+43
 *** Wrote plotfile to wd_hdf5_plt_cnt_0004 ****
    1358 8.0063E-02 9.2059E-05  (  0.00    ,   0.00    ,   0.00    ) |  9.206E-05 9.379E+43
    1359 8.0155E-02 9.2068E-05  (  0.00    ,   0.00    ,   0.00    ) |  9.207E-05 9.379E+43
    1360 8.0247E-02 9.2077E-05  (  0.00    ,   0.00    ,   0.00    ) |  9.208E-05 9.379E+43
 [WDHydrostatic] t/t_dyn =  0.27866726606426967       damp factor =  0.99840254193317679       sponge alpha =  0.92076605280010593     
    1361 8.0339E-02 9.2085E-05  (  0.00    ,   0.00    ,   0.00    ) |  9.209E-05 9.379E+43
    1362 8.0431E-02 9.2094E-05  (  0.00    ,   0.00    ,   0.00    ) |  9.209E-05 9.379E+43
    1363 8.0523E-02 9.2103E-05  (  0.00    ,   0.00    ,   0.00    ) |  9.210E-05 9.379E+43
    1364 8.0615E-02 9.2112E-05  (  0.00    ,   0.00    ,   0.00    ) |  9.211E-05 9.379E+43
    1365 8.0707E-02 9.2121E-05  (  0.00    ,   0.00    ,   0.00    ) |  9.212E-05 9.379E+43
    1366 8.0800E-02 9.2129E-05  (  0.00    ,   0.00    ,   0.00    ) |  9.213E-05 9.379E+43
    1367 8.0892E-02 9.2138E-05  (  0.00    ,   0.00    ,   0.00    ) |  9.214E-05 9.379E+43
    1368 8.0984E-02 9.2147E-05  (  0.00    ,   0.00    ,   0.00    ) |  9.215E-05 9.379E+43
    1369 8.1076E-02 9.2156E-05  (  0.00    ,   0.00    ,   0.00    ) |  9.216E-05 9.379E+43
    1370 8.1168E-02 9.2164E-05  (  0.00    ,   0.00    ,   0.00    ) |  9.216E-05 9.379E+43
    1371 8.1260E-02 9.2173E-05  (  0.00    ,   0.00    ,   0.00    ) |  9.217E-05 9.379E+43
    1372 8.1352E-02 9.2182E-05  (  0.00    ,   0.00    ,   0.00    ) |  9.218E-05 9.379E+43
    1373 8.1445E-02 9.2191E-05  (  0.00    ,   0.00    ,   0.00    ) |  9.219E-05 9.379E+43
    1374 8.1537E-02 9.2199E-05  (  0.00    ,   0.00    ,   0.00    ) |  9.220E-05 9.379E+43
    1375 8.1629E-02 9.2208E-05  (  0.00    ,   0.00    ,   0.00    ) |  9.221E-05 9.379E+43
    1376 8.1721E-02 9.2217E-05  (  0.00    ,   0.00    ,   0.00    ) |  9.222E-05 9.379E+43
    1377 8.1813E-02 9.2225E-05  (  0.00    ,   0.00    ,   0.00    ) |  9.223E-05 9.379E+43
    1378 8.1906E-02 9.2234E-05  (  0.00    ,   0.00    ,   0.00    ) |  9.223E-05 9.379E+43
    1379 8.1998E-02 9.2242E-05  (  0.00    ,   0.00    ,   0.00    ) |  9.224E-05 9.379E+43
    1380 8.2090E-02 9.2251E-05  (  0.00    ,   0.00    ,   0.00    ) |  9.225E-05 9.379E+43
 [WDHydrostatic] t/t_dyn =  0.28506798897302799       damp factor =  0.99839951690438122       sponge alpha =  0.92251105994952698     
    1381 8.2182E-02 9.2260E-05  (  0.00    ,   0.00    ,   0.00    ) |  9.226E-05 9.379E+43
    1382 8.2275E-02 9.2268E-05  (  0.00    ,   0.00    ,   0.00    ) |  9.227E-05 9.379E+43
    1383 8.2367E-02 9.2277E-05  (  0.00    ,   0.00    ,   0.00    ) |  9.228E-05 9.379E+43
    1384 8.2459E-02 9.2285E-05  (  0.00    ,   0.00    ,   0.00    ) |  9.229E-05 9.379E+43
    1385 8.2552E-02 9.2294E-05  (  0.00    ,   0.00    ,   0.00    ) |  9.229E-05 9.379E+43
    1386 8.2644E-02 9.2303E-05  (  0.00    ,   0.00    ,   0.00    ) |  9.230E-05 9.379E+43
    1387 8.2736E-02 9.2311E-05  (  0.00    ,   0.00    ,   0.00    ) |  9.231E-05 9.379E+43
    1388 8.2828E-02 9.2320E-05  (  0.00    ,   0.00    ,   0.00    ) |  9.232E-05 9.379E+43
    1389 8.2921E-02 9.2328E-05  (  0.00    ,   0.00    ,   0.00    ) |  9.233E-05 9.379E+43
    1390 8.3013E-02 9.2337E-05  (  0.00    ,   0.00    ,   0.00    ) |  9.234E-05 9.379E+43
    1391 8.3105E-02 9.2345E-05  (  0.00    ,   0.00    ,   0.00    ) |  9.235E-05 9.379E+43
    1392 8.3198E-02 9.2354E-05  (  0.00    ,   0.00    ,   0.00    ) |  9.235E-05 9.379E+43
    1393 8.3290E-02 9.2362E-05  (  0.00    ,   0.00    ,   0.00    ) |  9.236E-05 9.379E+43
    1394 8.3382E-02 9.2371E-05  (  0.00    ,   0.00    ,   0.00    ) |  9.237E-05 9.379E+43
    1395 8.3475E-02 9.2379E-05  (  0.00    ,   0.00    ,   0.00    ) |  9.238E-05 9.379E+43
    1396 8.3567E-02 9.2388E-05  (  0.00    ,   0.00    ,   0.00    ) |  9.239E-05 9.379E+43
    1397 8.3660E-02 9.2396E-05  (  0.00    ,   0.00    ,   0.00    ) |  9.240E-05 9.379E+43
    1398 8.3752E-02 9.2405E-05  (  0.00    ,   0.00    ,   0.00    ) |  9.240E-05 9.379E+43
    1399 8.3844E-02 9.2413E-05  (  0.00    ,   0.00    ,   0.00    ) |  9.241E-05 9.379E+43
    1400 8.3937E-02 9.2421E-05  (  0.00    ,   0.00    ,   0.00    ) |  9.242E-05 9.379E+43
 [WDHydrostatic] t/t_dyn =  0.29148069191720311       damp factor =  0.99839656468137716       sponge alpha =  0.92421407371173747     
    1401 8.4029E-02 9.2430E-05  (  0.00    ,   0.00    ,   0.00    ) |  9.243E-05 9.379E+43
    1402 8.4122E-02 9.2438E-05  (  0.00    ,   0.00    ,   0.00    ) |  9.244E-05 9.379E+43
    1403 8.4214E-02 9.2447E-05  (  0.00    ,   0.00    ,   0.00    ) |  9.245E-05 9.379E+43
    1404 8.4307E-02 9.2455E-05  (  0.00    ,   0.00    ,   0.00    ) |  9.245E-05 9.379E+43
    1405 8.4399E-02 9.2463E-05  (  0.00    ,   0.00    ,   0.00    ) |  9.246E-05 9.379E+43
    1406 8.4491E-02 9.2472E-05  (  0.00    ,   0.00    ,   0.00    ) |  9.247E-05 9.379E+43
    1407 8.4584E-02 9.2480E-05  (  0.00    ,   0.00    ,   0.00    ) |  9.248E-05 9.379E+43
    1408 8.4676E-02 9.2488E-05  (  0.00    ,   0.00    ,   0.00    ) |  9.249E-05 9.379E+43
    1409 8.4769E-02 9.2497E-05  (  0.00    ,   0.00    ,   0.00    ) |  9.250E-05 9.379E+43
    1410 8.4861E-02 9.2505E-05  (  0.00    ,   0.00    ,   0.00    ) |  9.251E-05 9.379E+43
    1411 8.4954E-02 9.2513E-05  (  0.00    ,   0.00    ,   0.00    ) |  9.251E-05 9.379E+43
    1412 8.5046E-02 9.2522E-05  (  0.00    ,   0.00    ,   0.00    ) |  9.252E-05 9.379E+43
    1413 8.5139E-02 9.2530E-05  (  0.00    ,   0.00    ,   0.00    ) |  9.253E-05 9.379E+43
    1414 8.5231E-02 9.2538E-05  (  0.00    ,   0.00    ,   0.00    ) |  9.254E-05 9.379E+43
    1415 8.5324E-02 9.2546E-05  (  0.00    ,   0.00    ,   0.00    ) |  9.255E-05 9.379E+43
    1416 8.5417E-02 9.2555E-05  (  0.00    ,   0.00    ,   0.00    ) |  9.255E-05 9.379E+43
    1417 8.5509E-02 9.2563E-05  (  0.00    ,   0.00    ,   0.00    ) |  9.256E-05 9.379E+43
    1418 8.5602E-02 9.2571E-05  (  0.00    ,   0.00    ,   0.00    ) |  9.257E-05 9.379E+43
    1419 8.5694E-02 9.2579E-05  (  0.00    ,   0.00    ,   0.00    ) |  9.258E-05 9.379E+43
    1420 8.5787E-02 9.2588E-05  (  0.00    ,   0.00    ,   0.00    ) |  9.259E-05 9.379E+43
 [WDHydrostatic] t/t_dyn =  0.29790508900479284       damp factor =  0.99839368212921231       sponge alpha =  0.92587690214471452     
    1421 8.5879E-02 9.2596E-05  (  0.00    ,   0.00    ,   0.00    ) |  9.260E-05 9.379E+43
    1422 8.5972E-02 9.2604E-05  (  0.00    ,   0.00    ,   0.00    ) |  9.260E-05 9.379E+43
    1423 8.6065E-02 9.2612E-05  (  0.00    ,   0.00    ,   0.00    ) |  9.261E-05 9.379E+43
    1424 8.6157E-02 9.2620E-05  (  0.00    ,   0.00    ,   0.00    ) |  9.262E-05 9.379E+43
    1425 8.6250E-02 9.2629E-05  (  0.00    ,   0.00    ,   0.00    ) |  9.263E-05 9.379E+43
    1426 8.6342E-02 9.2637E-05  (  0.00    ,   0.00    ,   0.00    ) |  9.264E-05 9.379E+43
    1427 8.6435E-02 9.2645E-05  (  0.00    ,   0.00    ,   0.00    ) |  9.264E-05 9.379E+43
    1428 8.6528E-02 9.2653E-05  (  0.00    ,   0.00    ,   0.00    ) |  9.265E-05 9.379E+43
    1429 8.6620E-02 9.2661E-05  (  0.00    ,   0.00    ,   0.00    ) |  9.266E-05 9.379E+43
    1430 8.6713E-02 9.2669E-05  (  0.00    ,   0.00    ,   0.00    ) |  9.267E-05 9.379E+43
    1431 8.6806E-02 9.2678E-05  (  0.00    ,   0.00    ,   0.00    ) |  9.268E-05 9.379E+43
    1432 8.6898E-02 9.2686E-05  (  0.00    ,   0.00    ,   0.00    ) |  9.269E-05 9.379E+43
    1433 8.6991E-02 9.2694E-05  (  0.00    ,   0.00    ,   0.00    ) |  9.269E-05 9.379E+43
    1434 8.7084E-02 9.2702E-05  (  0.00    ,   0.00    ,   0.00    ) |  9.270E-05 9.379E+43
    1435 8.7177E-02 9.2710E-05  (  0.00    ,   0.00    ,   0.00    ) |  9.271E-05 9.379E+43
    1436 8.7269E-02 9.2718E-05  (  0.00    ,   0.00    ,   0.00    ) |  9.272E-05 9.379E+43
    1437 8.7362E-02 9.2726E-05  (  0.00    ,   0.00    ,   0.00    ) |  9.273E-05 9.379E+43
    1438 8.7455E-02 9.2734E-05  (  0.00    ,   0.00    ,   0.00    ) |  9.273E-05 9.379E+43
    1439 8.7547E-02 9.2742E-05  (  0.00    ,   0.00    ,   0.00    ) |  9.274E-05 9.379E+43
    1440 8.7640E-02 9.2750E-05  (  0.00    ,   0.00    ,   0.00    ) |  9.275E-05 9.379E+43
 [WDHydrostatic] t/t_dyn =  0.30434090737306785       damp factor =  0.99839086601414573       sponge alpha =  0.92750141032338562     
    1441 8.7733E-02 9.2758E-05  (  0.00    ,   0.00    ,   0.00    ) |  9.276E-05 9.379E+43
    1442 8.7826E-02 9.2766E-05  (  0.00    ,   0.00    ,   0.00    ) |  9.277E-05 9.379E+43
    1443 8.7918E-02 9.2774E-05  (  0.00    ,   0.00    ,   0.00    ) |  9.277E-05 9.379E+43
    1444 8.8011E-02 9.2782E-05  (  0.00    ,   0.00    ,   0.00    ) |  9.278E-05 9.379E+43
    1445 8.8104E-02 9.2790E-05  (  0.00    ,   0.00    ,   0.00    ) |  9.279E-05 9.379E+43
    1446 8.8197E-02 9.2798E-05  (  0.00    ,   0.00    ,   0.00    ) |  9.280E-05 9.379E+43
    1447 8.8290E-02 9.2806E-05  (  0.00    ,   0.00    ,   0.00    ) |  9.281E-05 9.379E+43
    1448 8.8382E-02 9.2814E-05  (  0.00    ,   0.00    ,   0.00    ) |  9.281E-05 9.379E+43
    1449 8.8475E-02 9.2822E-05  (  0.00    ,   0.00    ,   0.00    ) |  9.282E-05 9.379E+43
    1450 8.8568E-02 9.2830E-05  (  0.00    ,   0.00    ,   0.00    ) |  9.283E-05 9.379E+43
    1451 8.8661E-02 9.2838E-05  (  0.00    ,   0.00    ,   0.00    ) |  9.284E-05 9.379E+43
    1452 8.8754E-02 9.2846E-05  (  0.00    ,   0.00    ,   0.00    ) |  9.285E-05 9.379E+43
    1453 8.8847E-02 9.2854E-05  (  0.00    ,   0.00    ,   0.00    ) |  9.285E-05 9.379E+43
    1454 8.8939E-02 9.2862E-05  (  0.00    ,   0.00    ,   0.00    ) |  9.286E-05 9.379E+43
    1455 8.9032E-02 9.2870E-05  (  0.00    ,   0.00    ,   0.00    ) |  9.287E-05 9.379E+43
    1456 8.9125E-02 9.2877E-05  (  0.00    ,   0.00    ,   0.00    ) |  9.288E-05 9.379E+43
    1457 8.9218E-02 9.2885E-05  (  0.00    ,   0.00    ,   0.00    ) |  9.289E-05 9.379E+43
    1458 8.9311E-02 9.2893E-05  (  0.00    ,   0.00    ,   0.00    ) |  9.289E-05 9.379E+43
    1459 8.9404E-02 9.2901E-05  (  0.00    ,   0.00    ,   0.00    ) |  9.290E-05 9.379E+43
    1460 8.9497E-02 9.2909E-05  (  0.00    ,   0.00    ,   0.00    ) |  9.291E-05 9.379E+43
 [WDHydrostatic] t/t_dyn =  0.31078788683255154       damp factor =  0.99838811320261756       sponge alpha =  0.92908940556084552     
    1461 8.9590E-02 9.2917E-05  (  0.00    ,   0.00    ,   0.00    ) |  9.292E-05 9.379E+43
    1462 8.9682E-02 9.2925E-05  (  0.00    ,   0.00    ,   0.00    ) |  9.292E-05 9.379E+43
    1463 8.9775E-02 9.2932E-05  (  0.00    ,   0.00    ,   0.00    ) |  9.293E-05 9.379E+43
    1464 8.9868E-02 9.2940E-05  (  0.00    ,   0.00    ,   0.00    ) |  9.294E-05 9.379E+43
    1465 8.9961E-02 9.2948E-05  (  0.00    ,   0.00    ,   0.00    ) |  9.295E-05 9.379E+43
    1466 9.0054E-02 9.2956E-05  (  0.00    ,   0.00    ,   0.00    ) |  9.296E-05 9.379E+43
    1467 9.0147E-02 9.2964E-05  (  0.00    ,   0.00    ,   0.00    ) |  9.296E-05 9.379E+43
    1468 9.0240E-02 9.2971E-05  (  0.00    ,   0.00    ,   0.00    ) |  9.297E-05 9.379E+43
    1469 9.0333E-02 9.2979E-05  (  0.00    ,   0.00    ,   0.00    ) |  9.298E-05 9.379E+43
    1470 9.0426E-02 9.2987E-05  (  0.00    ,   0.00    ,   0.00    ) |  9.299E-05 9.379E+43
    1471 9.0519E-02 9.2995E-05  (  0.00    ,   0.00    ,   0.00    ) |  9.299E-05 9.379E+43
    1472 9.0612E-02 9.3003E-05  (  0.00    ,   0.00    ,   0.00    ) |  9.300E-05 9.379E+43
    1473 9.0705E-02 9.3010E-05  (  0.00    ,   0.00    ,   0.00    ) |  9.301E-05 9.379E+43
    1474 9.0798E-02 9.3018E-05  (  0.00    ,   0.00    ,   0.00    ) |  9.302E-05 9.379E+43
    1475 9.0891E-02 9.3026E-05  (  0.00    ,   0.00    ,   0.00    ) |  9.303E-05 9.379E+43
    1476 9.0984E-02 9.3033E-05  (  0.00    ,   0.00    ,   0.00    ) |  9.303E-05 9.379E+43
    1477 9.1077E-02 9.3041E-05  (  0.00    ,   0.00    ,   0.00    ) |  9.304E-05 9.379E+43
    1478 9.1170E-02 9.3049E-05  (  0.00    ,   0.00    ,   0.00    ) |  9.305E-05 9.379E+43
    1479 9.1263E-02 9.3057E-05  (  0.00    ,   0.00    ,   0.00    ) |  9.306E-05 9.379E+43
    1480 9.1356E-02 9.3064E-05  (  0.00    ,   0.00    ,   0.00    ) |  9.306E-05 9.379E+43
 [WDHydrostatic] t/t_dyn =  0.31724577981902985       damp factor =  0.99838542053201196       sponge alpha =  0.93064271195880133     
    1481 9.1449E-02 9.3072E-05  (  0.00    ,   0.00    ,   0.00    ) |  9.307E-05 9.379E+43
    1482 9.1542E-02 9.3080E-05  (  0.00    ,   0.00    ,   0.00    ) |  9.308E-05 9.379E+43
    1483 9.1636E-02 9.3087E-05  (  0.00    ,   0.00    ,   0.00    ) |  9.309E-05 9.379E+43
    1484 9.1729E-02 9.3095E-05  (  0.00    ,   0.00    ,   0.00    ) |  9.309E-05 9.379E+43
    1485 9.1822E-02 9.3103E-05  (  0.00    ,   0.00    ,   0.00    ) |  9.310E-05 9.379E+43
    1486 9.1915E-02 9.3110E-05  (  0.00    ,   0.00    ,   0.00    ) |  9.311E-05 9.379E+43
    1487 9.2008E-02 9.3118E-05  (  0.00    ,   0.00    ,   0.00    ) |  9.312E-05 9.379E+43
    1488 9.2101E-02 9.3125E-05  (  0.00    ,   0.00    ,   0.00    ) |  9.313E-05 9.379E+43
    1489 9.2194E-02 9.3133E-05  (  0.00    ,   0.00    ,   0.00    ) |  9.313E-05 9.379E+43
    1490 9.2287E-02 9.3141E-05  (  0.00    ,   0.00    ,   0.00    ) |  9.314E-05 9.379E+43
    1491 9.2380E-02 9.3148E-05  (  0.00    ,   0.00    ,   0.00    ) |  9.315E-05 9.379E+43
    1492 9.2474E-02 9.3156E-05  (  0.00    ,   0.00    ,   0.00    ) |  9.316E-05 9.379E+43
    1493 9.2567E-02 9.3163E-05  (  0.00    ,   0.00    ,   0.00    ) |  9.316E-05 9.379E+43
    1494 9.2660E-02 9.3171E-05  (  0.00    ,   0.00    ,   0.00    ) |  9.317E-05 9.379E+43
    1495 9.2753E-02 9.3179E-05  (  0.00    ,   0.00    ,   0.00    ) |  9.318E-05 9.379E+43
    1496 9.2846E-02 9.3186E-05  (  0.00    ,   0.00    ,   0.00    ) |  9.319E-05 9.379E+43
    1497 9.2939E-02 9.3194E-05  (  0.00    ,   0.00    ,   0.00    ) |  9.319E-05 9.379E+43
    1498 9.3033E-02 9.3201E-05  (  0.00    ,   0.00    ,   0.00    ) |  9.320E-05 9.379E+43
    1499 9.3126E-02 9.3209E-05  (  0.00    ,   0.00    ,   0.00    ) |  9.321E-05 9.379E+43
    1500 9.3219E-02 9.3216E-05  (  0.00    ,   0.00    ,   0.00    ) |  9.322E-05 9.379E+43
 [WDHydrostatic] t/t_dyn =  0.32371435136838678       damp factor =  0.99838278487085375       sponge alpha =  0.93216313568085696     
    1501 9.3312E-02 9.3224E-05  (  0.00    ,   0.00    ,   0.00    ) |  9.322E-05 9.379E+43
    1502 9.3405E-02 9.3231E-05  (  0.00    ,   0.00    ,   0.00    ) |  9.323E-05 9.379E+43
    1503 9.3499E-02 9.3239E-05  (  0.00    ,   0.00    ,   0.00    ) |  9.324E-05 9.379E+43
    1504 9.3592E-02 9.3246E-05  (  0.00    ,   0.00    ,   0.00    ) |  9.325E-05 9.379E+43
    1505 9.3685E-02 9.3254E-05  (  0.00    ,   0.00    ,   0.00    ) |  9.325E-05 9.379E+43
    1506 9.3778E-02 9.3261E-05  (  0.00    ,   0.00    ,   0.00    ) |  9.326E-05 9.379E+43
    1507 9.3872E-02 9.3269E-05  (  0.00    ,   0.00    ,   0.00    ) |  9.327E-05 9.379E+43
    1508 9.3965E-02 9.3276E-05  (  0.00    ,   0.00    ,   0.00    ) |  9.328E-05 9.379E+43
    1509 9.4058E-02 9.3284E-05  (  0.00    ,   0.00    ,   0.00    ) |  9.328E-05 9.379E+43
    1510 9.4152E-02 9.3291E-05  (  0.00    ,   0.00    ,   0.00    ) |  9.329E-05 9.379E+43
    1511 9.4245E-02 9.3299E-05  (  0.00    ,   0.00    ,   0.00    ) |  9.330E-05 9.379E+43
    1512 9.4338E-02 9.3306E-05  (  0.00    ,   0.00    ,   0.00    ) |  9.331E-05 9.379E+43
    1513 9.4431E-02 9.3313E-05  (  0.00    ,   0.00    ,   0.00    ) |  9.331E-05 9.379E+43
    1514 9.4525E-02 9.3321E-05  (  0.00    ,   0.00    ,   0.00    ) |  9.332E-05 9.379E+43
    1515 9.4618E-02 9.3328E-05  (  0.00    ,   0.00    ,   0.00    ) |  9.333E-05 9.379E+43
    1516 9.4711E-02 9.3336E-05  (  0.00    ,   0.00    ,   0.00    ) |  9.334E-05 9.379E+43
    1517 9.4805E-02 9.3343E-05  (  0.00    ,   0.00    ,   0.00    ) |  9.334E-05 9.379E+43
    1518 9.4898E-02 9.3350E-05  (  0.00    ,   0.00    ,   0.00    ) |  9.335E-05 9.379E+43
    1519 9.4991E-02 9.3358E-05  (  0.00    ,   0.00    ,   0.00    ) |  9.336E-05 9.379E+43
    1520 9.5085E-02 9.3365E-05  (  0.00    ,   0.00    ,   0.00    ) |  9.337E-05 9.379E+43
 [WDHydrostatic] t/t_dyn =  0.33019337902756685       damp factor =  0.99838020310747799       sponge alpha =  0.93365247148790675     
    1521 9.5178E-02 9.3373E-05  (  0.00    ,   0.00    ,   0.00    ) |  9.337E-05 9.379E+43
    1522 9.5272E-02 9.3380E-05  (  0.00    ,   0.00    ,   0.00    ) |  9.338E-05 9.379E+43
    1523 9.5365E-02 9.3387E-05  (  0.00    ,   0.00    ,   0.00    ) |  9.339E-05 9.379E+43
    1524 9.5458E-02 9.3395E-05  (  0.00    ,   0.00    ,   0.00    ) |  9.339E-05 9.379E+43
    1525 9.5552E-02 9.3402E-05  (  0.00    ,   0.00    ,   0.00    ) |  9.340E-05 9.379E+43
    1526 9.5645E-02 9.3409E-05  (  0.00    ,   0.00    ,   0.00    ) |  9.341E-05 9.379E+43
    1527 9.5739E-02 9.3417E-05  (  0.00    ,   0.00    ,   0.00    ) |  9.342E-05 9.379E+43
    1528 9.5832E-02 9.3424E-05  (  0.00    ,   0.00    ,   0.00    ) |  9.342E-05 9.379E+43
    1529 9.5925E-02 9.3431E-05  (  0.00    ,   0.00    ,   0.00    ) |  9.343E-05 9.379E+43
    1530 9.6019E-02 9.3439E-05  (  0.00    ,   0.00    ,   0.00    ) |  9.344E-05 9.379E+43
    1531 9.6112E-02 9.3446E-05  (  0.00    ,   0.00    ,   0.00    ) |  9.345E-05 9.379E+43
    1532 9.6206E-02 9.3453E-05  (  0.00    ,   0.00    ,   0.00    ) |  9.345E-05 9.379E+43
    1533 9.6299E-02 9.3460E-05  (  0.00    ,   0.00    ,   0.00    ) |  9.346E-05 9.379E+43
    1534 9.6393E-02 9.3468E-05  (  0.00    ,   0.00    ,   0.00    ) |  9.347E-05 9.379E+43
    1535 9.6486E-02 9.3475E-05  (  0.00    ,   0.00    ,   0.00    ) |  9.348E-05 9.379E+43
    1536 9.6580E-02 9.3482E-05  (  0.00    ,   0.00    ,   0.00    ) |  9.348E-05 9.379E+43
    1537 9.6673E-02 9.3490E-05  (  0.00    ,   0.00    ,   0.00    ) |  9.349E-05 9.379E+43
    1538 9.6766E-02 9.3497E-05  (  0.00    ,   0.00    ,   0.00    ) |  9.350E-05 9.379E+43
    1539 9.6860E-02 9.3504E-05  (  0.00    ,   0.00    ,   0.00    ) |  9.350E-05 9.379E+43
    1540 9.6953E-02 9.3511E-05  (  0.00    ,   0.00    ,   0.00    ) |  9.351E-05 9.379E+43
 [WDHydrostatic] t/t_dyn =  0.33668265316628204       damp factor =  0.99837767192610316       sponge alpha =  0.93511263191308014     
    1541 9.7047E-02 9.3518E-05  (  0.00    ,   0.00    ,   0.00    ) |  9.352E-05 9.379E+43
    1542 9.7141E-02 9.3526E-05  (  0.00    ,   0.00    ,   0.00    ) |  9.353E-05 9.379E+43
    1543 9.7234E-02 9.3533E-05  (  0.00    ,   0.00    ,   0.00    ) |  9.353E-05 9.379E+43
    1544 9.7328E-02 9.3540E-05  (  0.00    ,   0.00    ,   0.00    ) |  9.354E-05 9.379E+43
    1545 9.7421E-02 9.3547E-05  (  0.00    ,   0.00    ,   0.00    ) |  9.355E-05 9.379E+43
    1546 9.7515E-02 9.3555E-05  (  0.00    ,   0.00    ,   0.00    ) |  9.355E-05 9.379E+43
    1547 9.7608E-02 9.3562E-05  (  0.00    ,   0.00    ,   0.00    ) |  9.356E-05 9.379E+43
    1548 9.7702E-02 9.3569E-05  (  0.00    ,   0.00    ,   0.00    ) |  9.357E-05 9.379E+43
    1549 9.7795E-02 9.3576E-05  (  0.00    ,   0.00    ,   0.00    ) |  9.358E-05 9.379E+43
    1550 9.7889E-02 9.3583E-05  (  0.00    ,   0.00    ,   0.00    ) |  9.358E-05 9.379E+43
    1551 9.7983E-02 9.3590E-05  (  0.00    ,   0.00    ,   0.00    ) |  9.359E-05 9.379E+43
    1552 9.8076E-02 9.3598E-05  (  0.00    ,   0.00    ,   0.00    ) |  9.360E-05 9.379E+43
    1553 9.8170E-02 9.3605E-05  (  0.00    ,   0.00    ,   0.00    ) |  9.360E-05 9.379E+43
    1554 9.8263E-02 9.3612E-05  (  0.00    ,   0.00    ,   0.00    ) |  9.361E-05 9.379E+43
    1555 9.8357E-02 9.3619E-05  (  0.00    ,   0.00    ,   0.00    ) |  9.362E-05 9.379E+43
    1556 9.8451E-02 9.3626E-05  (  0.00    ,   0.00    ,   0.00    ) |  9.363E-05 9.379E+43
    1557 9.8544E-02 9.3633E-05  (  0.00    ,   0.00    ,   0.00    ) |  9.363E-05 9.379E+43
    1558 9.8638E-02 9.3640E-05  (  0.00    ,   0.00    ,   0.00    ) |  9.364E-05 9.379E+43
    1559 9.8731E-02 9.3647E-05  (  0.00    ,   0.00    ,   0.00    ) |  9.365E-05 9.379E+43
    1560 9.8825E-02 9.3655E-05  (  0.00    ,   0.00    ,   0.00    ) |  9.365E-05 9.379E+43
 [WDHydrostatic] t/t_dyn =  0.34318197644055087       damp factor =  0.99837518865529074       sponge alpha =  0.93654515781084069     
    1561 9.8919E-02 9.3662E-05  (  0.00    ,   0.00    ,   0.00    ) |  9.366E-05 9.379E+43
    1562 9.9012E-02 9.3669E-05  (  0.00    ,   0.00    ,   0.00    ) |  9.367E-05 9.379E+43
    1563 9.9106E-02 9.3676E-05  (  0.00    ,   0.00    ,   0.00    ) |  9.368E-05 9.379E+43
    1564 9.9200E-02 9.3683E-05  (  0.00    ,   0.00    ,   0.00    ) |  9.368E-05 9.379E+43
    1565 9.9293E-02 9.3690E-05  (  0.00    ,   0.00    ,   0.00    ) |  9.369E-05 9.379E+43
    1566 9.9387E-02 9.3697E-05  (  0.00    ,   0.00    ,   0.00    ) |  9.370E-05 9.379E+43
    1567 9.9481E-02 9.3704E-05  (  0.00    ,   0.00    ,   0.00    ) |  9.370E-05 9.379E+43
    1568 9.9575E-02 9.3711E-05  (  0.00    ,   0.00    ,   0.00    ) |  9.371E-05 9.379E+43
    1569 9.9668E-02 9.3718E-05  (  0.00    ,   0.00    ,   0.00    ) |  9.372E-05 9.379E+43
    1570 9.9762E-02 9.3725E-05  (  0.00    ,   0.00    ,   0.00    ) |  9.373E-05 9.379E+43
    1571 9.9856E-02 9.3732E-05  (  0.00    ,   0.00    ,   0.00    ) |  9.373E-05 9.379E+43
    1572 9.9949E-02 9.3739E-05  (  0.00    ,   0.00    ,   0.00    ) |  9.374E-05 9.379E+43
 *** Wrote plotfile to wd_hdf5_plt_cnt_0005 ****
    1573 1.0004E-01 9.3746E-05  (  0.00    ,   0.00    ,   0.00    ) |  9.375E-05 9.379E+43
    1574 1.0014E-01 9.3753E-05  (  0.00    ,   0.00    ,   0.00    ) |  9.375E-05 9.379E+43
    1575 1.0023E-01 9.3760E-05  (  0.00    ,   0.00    ,   0.00    ) |  9.376E-05 9.379E+43
    1576 1.0032E-01 9.3767E-05  (  0.00    ,   0.00    ,   0.00    ) |  9.377E-05 9.379E+43
    1577 1.0042E-01 9.3774E-05  (  0.00    ,   0.00    ,   0.00    ) |  9.377E-05 9.379E+43
    1578 1.0051E-01 9.3781E-05  (  0.00    ,   0.00    ,   0.00    ) |  9.378E-05 9.379E+43
    1579 1.0061E-01 9.3788E-05  (  0.00    ,   0.00    ,   0.00    ) |  9.379E-05 9.379E+43
    1580 1.0070E-01 9.3795E-05  (  0.00    ,   0.00    ,   0.00    ) |  9.380E-05 9.379E+43
 [WDHydrostatic] t/t_dyn =  0.34969115953781266       damp factor =  0.99837275336930820       sponge alpha =  0.93795000613197377     
    1581 1.0079E-01 9.3802E-05  (  0.00    ,   0.00    ,   0.00    ) |  9.380E-05 9.379E+43
    1582 1.0089E-01 9.3809E-05  (  0.00    ,   0.00    ,   0.00    ) |  9.381E-05 9.379E+43
    1583 1.0098E-01 9.3816E-05  (  0.00    ,   0.00    ,   0.00    ) |  9.382E-05 9.379E+43
    1584 1.0107E-01 9.3823E-05  (  0.00    ,   0.00    ,   0.00    ) |  9.382E-05 9.379E+43
    1585 1.0117E-01 9.3830E-05  (  0.00    ,   0.00    ,   0.00    ) |  9.383E-05 9.379E+43
    1586 1.0126E-01 9.3837E-05  (  0.00    ,   0.00    ,   0.00    ) |  9.384E-05 9.379E+43
    1587 1.0136E-01 9.3843E-05  (  0.00    ,   0.00    ,   0.00    ) |  9.384E-05 9.379E+43
    1588 1.0145E-01 9.3850E-05  (  0.00    ,   0.00    ,   0.00    ) |  9.385E-05 9.379E+43
    1589 1.0154E-01 9.3857E-05  (  0.00    ,   0.00    ,   0.00    ) |  9.386E-05 9.379E+43
    1590 1.0164E-01 9.3864E-05  (  0.00    ,   0.00    ,   0.00    ) |  9.386E-05 9.379E+43
    1591 1.0173E-01 9.3871E-05  (  0.00    ,   0.00    ,   0.00    ) |  9.387E-05 9.379E+43
    1592 1.0183E-01 9.3878E-05  (  0.00    ,   0.00    ,   0.00    ) |  9.388E-05 9.379E+43
    1593 1.0192E-01 9.3885E-05  (  0.00    ,   0.00    ,   0.00    ) |  9.388E-05 9.379E+43
    1594 1.0201E-01 9.3892E-05  (  0.00    ,   0.00    ,   0.00    ) |  9.389E-05 9.379E+43
    1595 1.0211E-01 9.3898E-05  (  0.00    ,   0.00    ,   0.00    ) |  9.390E-05 9.379E+43
    1596 1.0220E-01 9.3905E-05  (  0.00    ,   0.00    ,   0.00    ) |  9.391E-05 9.379E+43
    1597 1.0229E-01 9.3912E-05  (  0.00    ,   0.00    ,   0.00    ) |  9.391E-05 9.379E+43
    1598 1.0239E-01 9.3919E-05  (  0.00    ,   0.00    ,   0.00    ) |  9.392E-05 9.379E+43
    1599 1.0248E-01 9.3926E-05  (  0.00    ,   0.00    ,   0.00    ) |  9.393E-05 9.379E+43
    1600 1.0258E-01 9.3933E-05  (  0.00    ,   0.00    ,   0.00    ) |  9.393E-05 9.379E+43
 [WDHydrostatic] t/t_dyn =  0.35621000118555585       damp factor =  0.99837036928793244       sponge alpha =  0.93932531926817697     
    1601 1.0267E-01 9.3939E-05  (  0.00    ,   0.00    ,   0.00    ) |  9.394E-05 9.379E+43
    1602 1.0276E-01 9.3946E-05  (  0.00    ,   0.00    ,   0.00    ) |  9.395E-05 9.379E+43
    1603 1.0286E-01 9.3953E-05  (  0.00    ,   0.00    ,   0.00    ) |  9.395E-05 9.379E+43
    1604 1.0295E-01 9.3960E-05  (  0.00    ,   0.00    ,   0.00    ) |  9.396E-05 9.379E+43
    1605 1.0305E-01 9.3966E-05  (  0.00    ,   0.00    ,   0.00    ) |  9.397E-05 9.379E+43
    1606 1.0314E-01 9.3973E-05  (  0.00    ,   0.00    ,   0.00    ) |  9.397E-05 9.379E+43
    1607 1.0323E-01 9.3980E-05  (  0.00    ,   0.00    ,   0.00    ) |  9.398E-05 9.379E+43
    1608 1.0333E-01 9.3987E-05  (  0.00    ,   0.00    ,   0.00    ) |  9.399E-05 9.379E+43
    1609 1.0342E-01 9.3994E-05  (  0.00    ,   0.00    ,   0.00    ) |  9.399E-05 9.379E+43
    1610 1.0352E-01 9.4000E-05  (  0.00    ,   0.00    ,   0.00    ) |  9.400E-05 9.379E+43
    1611 1.0361E-01 9.4007E-05  (  0.00    ,   0.00    ,   0.00    ) |  9.401E-05 9.379E+43
    1612 1.0370E-01 9.4014E-05  (  0.00    ,   0.00    ,   0.00    ) |  9.401E-05 9.379E+43
    1613 1.0380E-01 9.4020E-05  (  0.00    ,   0.00    ,   0.00    ) |  9.402E-05 9.379E+43
    1614 1.0389E-01 9.4027E-05  (  0.00    ,   0.00    ,   0.00    ) |  9.403E-05 9.379E+43
    1615 1.0399E-01 9.4034E-05  (  0.00    ,   0.00    ,   0.00    ) |  9.403E-05 9.379E+43
    1616 1.0408E-01 9.4041E-05  (  0.00    ,   0.00    ,   0.00    ) |  9.404E-05 9.379E+43
    1617 1.0417E-01 9.4047E-05  (  0.00    ,   0.00    ,   0.00    ) |  9.405E-05 9.379E+43
    1618 1.0427E-01 9.4054E-05  (  0.00    ,   0.00    ,   0.00    ) |  9.405E-05 9.379E+43
    1619 1.0436E-01 9.4061E-05  (  0.00    ,   0.00    ,   0.00    ) |  9.406E-05 9.379E+43
    1620 1.0446E-01 9.4067E-05  (  0.00    ,   0.00    ,   0.00    ) |  9.407E-05 9.379E+43
 [WDHydrostatic] t/t_dyn =  0.36273830381303795       damp factor =  0.99836803237006611       sponge alpha =  0.94067342821752731     
    1621 1.0455E-01 9.4074E-05  (  0.00    ,   0.00    ,   0.00    ) |  9.407E-05 9.379E+43
    1622 1.0464E-01 9.4081E-05  (  0.00    ,   0.00    ,   0.00    ) |  9.408E-05 9.379E+43
    1623 1.0474E-01 9.4087E-05  (  0.00    ,   0.00    ,   0.00    ) |  9.409E-05 9.379E+43
    1624 1.0483E-01 9.4094E-05  (  0.00    ,   0.00    ,   0.00    ) |  9.409E-05 9.379E+43
    1625 1.0493E-01 9.4101E-05  (  0.00    ,   0.00    ,   0.00    ) |  9.410E-05 9.379E+43
    1626 1.0502E-01 9.4107E-05  (  0.00    ,   0.00    ,   0.00    ) |  9.411E-05 9.379E+43
    1627 1.0512E-01 9.4114E-05  (  0.00    ,   0.00    ,   0.00    ) |  9.411E-05 9.379E+43
    1628 1.0521E-01 9.4121E-05  (  0.00    ,   0.00    ,   0.00    ) |  9.412E-05 9.379E+43
    1629 1.0530E-01 9.4127E-05  (  0.00    ,   0.00    ,   0.00    ) |  9.413E-05 9.379E+43
    1630 1.0540E-01 9.4134E-05  (  0.00    ,   0.00    ,   0.00    ) |  9.413E-05 9.379E+43
    1631 1.0549E-01 9.4140E-05  (  0.00    ,   0.00    ,   0.00    ) |  9.414E-05 9.379E+43
    1632 1.0559E-01 9.4147E-05  (  0.00    ,   0.00    ,   0.00    ) |  9.415E-05 9.379E+43
    1633 1.0568E-01 9.4154E-05  (  0.00    ,   0.00    ,   0.00    ) |  9.415E-05 9.379E+43
    1634 1.0577E-01 9.4160E-05  (  0.00    ,   0.00    ,   0.00    ) |  9.416E-05 9.379E+43
    1635 1.0587E-01 9.4167E-05  (  0.00    ,   0.00    ,   0.00    ) |  9.417E-05 9.379E+43
    1636 1.0596E-01 9.4173E-05  (  0.00    ,   0.00    ,   0.00    ) |  9.417E-05 9.379E+43
    1637 1.0606E-01 9.4180E-05  (  0.00    ,   0.00    ,   0.00    ) |  9.418E-05 9.379E+43
    1638 1.0615E-01 9.4186E-05  (  0.00    ,   0.00    ,   0.00    ) |  9.419E-05 9.379E+43
    1639 1.0625E-01 9.4193E-05  (  0.00    ,   0.00    ,   0.00    ) |  9.419E-05 9.379E+43
    1640 1.0634E-01 9.4200E-05  (  0.00    ,   0.00    ,   0.00    ) |  9.420E-05 9.379E+43
 [WDHydrostatic] t/t_dyn =  0.36927588462752775       damp factor =  0.99836573943183549       sponge alpha =  0.94199616949190834     
    1641 1.0643E-01 9.4206E-05  (  0.00    ,   0.00    ,   0.00    ) |  9.421E-05 9.379E+43
    1642 1.0653E-01 9.4213E-05  (  0.00    ,   0.00    ,   0.00    ) |  9.421E-05 9.379E+43
    1643 1.0662E-01 9.4219E-05  (  0.00    ,   0.00    ,   0.00    ) |  9.422E-05 9.379E+43
    1644 1.0672E-01 9.4226E-05  (  0.00    ,   0.00    ,   0.00    ) |  9.423E-05 9.379E+43
    1645 1.0681E-01 9.4232E-05  (  0.00    ,   0.00    ,   0.00    ) |  9.423E-05 9.379E+43
    1646 1.0690E-01 9.4239E-05  (  0.00    ,   0.00    ,   0.00    ) |  9.424E-05 9.379E+43
    1647 1.0700E-01 9.4245E-05  (  0.00    ,   0.00    ,   0.00    ) |  9.425E-05 9.379E+43
    1648 1.0709E-01 9.4252E-05  (  0.00    ,   0.00    ,   0.00    ) |  9.425E-05 9.379E+43
    1649 1.0719E-01 9.4258E-05  (  0.00    ,   0.00    ,   0.00    ) |  9.426E-05 9.379E+43
    1650 1.0728E-01 9.4265E-05  (  0.00    ,   0.00    ,   0.00    ) |  9.426E-05 9.379E+43
    1651 1.0738E-01 9.4271E-05  (  0.00    ,   0.00    ,   0.00    ) |  9.427E-05 9.379E+43
    1652 1.0747E-01 9.4278E-05  (  0.00    ,   0.00    ,   0.00    ) |  9.428E-05 9.379E+43
    1653 1.0756E-01 9.4284E-05  (  0.00    ,   0.00    ,   0.00    ) |  9.428E-05 9.379E+43
    1654 1.0766E-01 9.4291E-05  (  0.00    ,   0.00    ,   0.00    ) |  9.429E-05 9.379E+43
    1655 1.0775E-01 9.4297E-05  (  0.00    ,   0.00    ,   0.00    ) |  9.430E-05 9.379E+43
    1656 1.0785E-01 9.4304E-05  (  0.00    ,   0.00    ,   0.00    ) |  9.430E-05 9.379E+43
    1657 1.0794E-01 9.4310E-05  (  0.00    ,   0.00    ,   0.00    ) |  9.431E-05 9.379E+43
    1658 1.0804E-01 9.4317E-05  (  0.00    ,   0.00    ,   0.00    ) |  9.432E-05 9.379E+43
    1659 1.0813E-01 9.4323E-05  (  0.00    ,   0.00    ,   0.00    ) |  9.432E-05 9.379E+43
    1660 1.0822E-01 9.4330E-05  (  0.00    ,   0.00    ,   0.00    ) |  9.433E-05 9.379E+43
 [WDHydrostatic] t/t_dyn =  0.37582257269926650       damp factor =  0.99836348791062646       sponge alpha =  0.94329502123227427     
    1661 1.0832E-01 9.4336E-05  (  0.00    ,   0.00    ,   0.00    ) |  9.434E-05 9.379E+43
    1662 1.0841E-01 9.4342E-05  (  0.00    ,   0.00    ,   0.00    ) |  9.434E-05 9.379E+43
    1663 1.0851E-01 9.4349E-05  (  0.00    ,   0.00    ,   0.00    ) |  9.435E-05 9.379E+43
    1664 1.0860E-01 9.4355E-05  (  0.00    ,   0.00    ,   0.00    ) |  9.436E-05 9.379E+43
    1665 1.0870E-01 9.4362E-05  (  0.00    ,   0.00    ,   0.00    ) |  9.436E-05 9.379E+43
    1666 1.0879E-01 9.4368E-05  (  0.00    ,   0.00    ,   0.00    ) |  9.437E-05 9.379E+43
    1667 1.0888E-01 9.4374E-05  (  0.00    ,   0.00    ,   0.00    ) |  9.437E-05 9.379E+43
    1668 1.0898E-01 9.4381E-05  (  0.00    ,   0.00    ,   0.00    ) |  9.438E-05 9.379E+43
    1669 1.0907E-01 9.4387E-05  (  0.00    ,   0.00    ,   0.00    ) |  9.439E-05 9.379E+43
    1670 1.0917E-01 9.4394E-05  (  0.00    ,   0.00    ,   0.00    ) |  9.439E-05 9.379E+43
    1671 1.0926E-01 9.4400E-05  (  0.00    ,   0.00    ,   0.00    ) |  9.440E-05 9.379E+43
    1672 1.0936E-01 9.4406E-05  (  0.00    ,   0.00    ,   0.00    ) |  9.441E-05 9.379E+43
    1673 1.0945E-01 9.4413E-05  (  0.00    ,   0.00    ,   0.00    ) |  9.441E-05 9.379E+43
    1674 1.0955E-01 9.4419E-05  (  0.00    ,   0.00    ,   0.00    ) |  9.442E-05 9.379E+43
    1675 1.0964E-01 9.4425E-05  (  0.00    ,   0.00    ,   0.00    ) |  9.443E-05 9.379E+43
    1676 1.0973E-01 9.4432E-05  (  0.00    ,   0.00    ,   0.00    ) |  9.443E-05 9.379E+43
    1677 1.0983E-01 9.4438E-05  (  0.00    ,   0.00    ,   0.00    ) |  9.444E-05 9.379E+43
    1678 1.0992E-01 9.4444E-05  (  0.00    ,   0.00    ,   0.00    ) |  9.444E-05 9.379E+43
    1679 1.1002E-01 9.4451E-05  (  0.00    ,   0.00    ,   0.00    ) |  9.445E-05 9.379E+43
    1680 1.1011E-01 9.4457E-05  (  0.00    ,   0.00    ,   0.00    ) |  9.446E-05 9.379E+43
 [WDHydrostatic] t/t_dyn =  0.38237820576648396       damp factor =  0.99836127595626500       sponge alpha =  0.94457105060421054     
    1681 1.1021E-01 9.4463E-05  (  0.00    ,   0.00    ,   0.00    ) |  9.446E-05 9.379E+43
    1682 1.1030E-01 9.4470E-05  (  0.00    ,   0.00    ,   0.00    ) |  9.447E-05 9.379E+43
    1683 1.1040E-01 9.4476E-05  (  0.00    ,   0.00    ,   0.00    ) |  9.448E-05 9.379E+43
    1684 1.1049E-01 9.4482E-05  (  0.00    ,   0.00    ,   0.00    ) |  9.448E-05 9.379E+43
    1685 1.1058E-01 9.4489E-05  (  0.00    ,   0.00    ,   0.00    ) |  9.449E-05 9.379E+43
    1686 1.1068E-01 9.4495E-05  (  0.00    ,   0.00    ,   0.00    ) |  9.449E-05 9.379E+43
    1687 1.1077E-01 9.4501E-05  (  0.00    ,   0.00    ,   0.00    ) |  9.450E-05 9.379E+43
    1688 1.1087E-01 9.4508E-05  (  0.00    ,   0.00    ,   0.00    ) |  9.451E-05 9.379E+43
    1689 1.1096E-01 9.4514E-05  (  0.00    ,   0.00    ,   0.00    ) |  9.451E-05 9.379E+43
    1690 1.1106E-01 9.4520E-05  (  0.00    ,   0.00    ,   0.00    ) |  9.452E-05 9.379E+43
    1691 1.1115E-01 9.4526E-05  (  0.00    ,   0.00    ,   0.00    ) |  9.453E-05 9.379E+43
    1692 1.1125E-01 9.4533E-05  (  0.00    ,   0.00    ,   0.00    ) |  9.453E-05 9.379E+43
    1693 1.1134E-01 9.4539E-05  (  0.00    ,   0.00    ,   0.00    ) |  9.454E-05 9.379E+43
    1694 1.1144E-01 9.4545E-05  (  0.00    ,   0.00    ,   0.00    ) |  9.455E-05 9.379E+43
    1695 1.1153E-01 9.4551E-05  (  0.00    ,   0.00    ,   0.00    ) |  9.455E-05 9.379E+43
    1696 1.1162E-01 9.4558E-05  (  0.00    ,   0.00    ,   0.00    ) |  9.456E-05 9.379E+43
    1697 1.1172E-01 9.4564E-05  (  0.00    ,   0.00    ,   0.00    ) |  9.456E-05 9.379E+43
    1698 1.1181E-01 9.4570E-05  (  0.00    ,   0.00    ,   0.00    ) |  9.457E-05 9.379E+43
    1699 1.1191E-01 9.4576E-05  (  0.00    ,   0.00    ,   0.00    ) |  9.458E-05 9.379E+43
    1700 1.1200E-01 9.4583E-05  (  0.00    ,   0.00    ,   0.00    ) |  9.458E-05 9.379E+43
 [WDHydrostatic] t/t_dyn =  0.38894262821348241       damp factor =  0.99835910212306345       sponge alpha =  0.94582509144524274     
    1701 1.1210E-01 9.4589E-05  (  0.00    ,   0.00    ,   0.00    ) |  9.459E-05 9.379E+43
    1702 1.1219E-01 9.4595E-05  (  0.00    ,   0.00    ,   0.00    ) |  9.459E-05 9.379E+43
    1703 1.1229E-01 9.4601E-05  (  0.00    ,   0.00    ,   0.00    ) |  9.460E-05 9.379E+43
    1704 1.1238E-01 9.4607E-05  (  0.00    ,   0.00    ,   0.00    ) |  9.461E-05 9.379E+43
    1705 1.1248E-01 9.4614E-05  (  0.00    ,   0.00    ,   0.00    ) |  9.461E-05 9.379E+43
    1706 1.1257E-01 9.4620E-05  (  0.00    ,   0.00    ,   0.00    ) |  9.462E-05 9.379E+43
    1707 1.1266E-01 9.4626E-05  (  0.00    ,   0.00    ,   0.00    ) |  9.463E-05 9.379E+43
    1708 1.1276E-01 9.4632E-05  (  0.00    ,   0.00    ,   0.00    ) |  9.463E-05 9.379E+43
    1709 1.1285E-01 9.4638E-05  (  0.00    ,   0.00    ,   0.00    ) |  9.464E-05 9.379E+43
    1710 1.1295E-01 9.4644E-05  (  0.00    ,   0.00    ,   0.00    ) |  9.464E-05 9.379E+43
    1711 1.1304E-01 9.4651E-05  (  0.00    ,   0.00    ,   0.00    ) |  9.465E-05 9.379E+43
    1712 1.1314E-01 9.4657E-05  (  0.00    ,   0.00    ,   0.00    ) |  9.466E-05 9.379E+43
    1713 1.1323E-01 9.4663E-05  (  0.00    ,   0.00    ,   0.00    ) |  9.466E-05 9.379E+43
    1714 1.1333E-01 9.4669E-05  (  0.00    ,   0.00    ,   0.00    ) |  9.467E-05 9.379E+43
    1715 1.1342E-01 9.4675E-05  (  0.00    ,   0.00    ,   0.00    ) |  9.468E-05 9.379E+43
    1716 1.1352E-01 9.4681E-05  (  0.00    ,   0.00    ,   0.00    ) |  9.468E-05 9.379E+43
    1717 1.1361E-01 9.4687E-05  (  0.00    ,   0.00    ,   0.00    ) |  9.469E-05 9.379E+43
    1718 1.1371E-01 9.4694E-05  (  0.00    ,   0.00    ,   0.00    ) |  9.469E-05 9.379E+43
    1719 1.1380E-01 9.4700E-05  (  0.00    ,   0.00    ,   0.00    ) |  9.470E-05 9.379E+43
    1720 1.1390E-01 9.4706E-05  (  0.00    ,   0.00    ,   0.00    ) |  9.471E-05 9.379E+43
 [WDHydrostatic] t/t_dyn =  0.39551568934052872       damp factor =  0.99835696542492602       sponge alpha =  0.94705771247244841     
    1721 1.1399E-01 9.4712E-05  (  0.00    ,   0.00    ,   0.00    ) |  9.471E-05 9.379E+43
    1722 1.1408E-01 9.4718E-05  (  0.00    ,   0.00    ,   0.00    ) |  9.472E-05 9.379E+43
    1723 1.1418E-01 9.4724E-05  (  0.00    ,   0.00    ,   0.00    ) |  9.472E-05 9.379E+43
    1724 1.1427E-01 9.4730E-05  (  0.00    ,   0.00    ,   0.00    ) |  9.473E-05 9.379E+43
    1725 1.1437E-01 9.4736E-05  (  0.00    ,   0.00    ,   0.00    ) |  9.474E-05 9.379E+43
    1726 1.1446E-01 9.4742E-05  (  0.00    ,   0.00    ,   0.00    ) |  9.474E-05 9.379E+43
    1727 1.1456E-01 9.4748E-05  (  0.00    ,   0.00    ,   0.00    ) |  9.475E-05 9.379E+43
    1728 1.1465E-01 9.4754E-05  (  0.00    ,   0.00    ,   0.00    ) |  9.475E-05 9.379E+43
    1729 1.1475E-01 9.4761E-05  (  0.00    ,   0.00    ,   0.00    ) |  9.476E-05 9.379E+43
    1730 1.1484E-01 9.4767E-05  (  0.00    ,   0.00    ,   0.00    ) |  9.477E-05 9.379E+43
    1731 1.1494E-01 9.4773E-05  (  0.00    ,   0.00    ,   0.00    ) |  9.477E-05 9.379E+43
    1732 1.1503E-01 9.4779E-05  (  0.00    ,   0.00    ,   0.00    ) |  9.478E-05 9.379E+43
    1733 1.1513E-01 9.4785E-05  (  0.00    ,   0.00    ,   0.00    ) |  9.478E-05 9.379E+43
    1734 1.1522E-01 9.4791E-05  (  0.00    ,   0.00    ,   0.00    ) |  9.479E-05 9.379E+43
    1735 1.1532E-01 9.4797E-05  (  0.00    ,   0.00    ,   0.00    ) |  9.480E-05 9.379E+43
    1736 1.1541E-01 9.4803E-05  (  0.00    ,   0.00    ,   0.00    ) |  9.480E-05 9.379E+43
    1737 1.1551E-01 9.4809E-05  (  0.00    ,   0.00    ,   0.00    ) |  9.481E-05 9.379E+43
    1738 1.1560E-01 9.4815E-05  (  0.00    ,   0.00    ,   0.00    ) |  9.481E-05 9.379E+43
    1739 1.1570E-01 9.4821E-05  (  0.00    ,   0.00    ,   0.00    ) |  9.482E-05 9.379E+43
    1740 1.1579E-01 9.4827E-05  (  0.00    ,   0.00    ,   0.00    ) |  9.483E-05 9.379E+43
 [WDHydrostatic] t/t_dyn =  0.40209724188957663       damp factor =  0.99835486509129601       sponge alpha =  0.94826935806930301     
    1741 1.1589E-01 9.4833E-05  (  0.00    ,   0.00    ,   0.00    ) |  9.483E-05 9.379E+43
    1742 1.1598E-01 9.4839E-05  (  0.00    ,   0.00    ,   0.00    ) |  9.484E-05 9.379E+43
    1743 1.1608E-01 9.4845E-05  (  0.00    ,   0.00    ,   0.00    ) |  9.484E-05 9.379E+43
    1744 1.1617E-01 9.4851E-05  (  0.00    ,   0.00    ,   0.00    ) |  9.485E-05 9.379E+43
    1745 1.1626E-01 9.4857E-05  (  0.00    ,   0.00    ,   0.00    ) |  9.486E-05 9.379E+43
    1746 1.1636E-01 9.4863E-05  (  0.00    ,   0.00    ,   0.00    ) |  9.486E-05 9.379E+43
    1747 1.1645E-01 9.4869E-05  (  0.00    ,   0.00    ,   0.00    ) |  9.487E-05 9.379E+43
    1748 1.1655E-01 9.4875E-05  (  0.00    ,   0.00    ,   0.00    ) |  9.487E-05 9.379E+43
    1749 1.1664E-01 9.4881E-05  (  0.00    ,   0.00    ,   0.00    ) |  9.488E-05 9.379E+43
    1750 1.1674E-01 9.4887E-05  (  0.00    ,   0.00    ,   0.00    ) |  9.489E-05 9.379E+43
    1751 1.1683E-01 9.4893E-05  (  0.00    ,   0.00    ,   0.00    ) |  9.489E-05 9.379E+43
    1752 1.1693E-01 9.4899E-05  (  0.00    ,   0.00    ,   0.00    ) |  9.490E-05 9.379E+43
    1753 1.1702E-01 9.4905E-05  (  0.00    ,   0.00    ,   0.00    ) |  9.490E-05 9.379E+43
    1754 1.1712E-01 9.4911E-05  (  0.00    ,   0.00    ,   0.00    ) |  9.491E-05 9.379E+43
    1755 1.1721E-01 9.4916E-05  (  0.00    ,   0.00    ,   0.00    ) |  9.492E-05 9.379E+43
    1756 1.1731E-01 9.4922E-05  (  0.00    ,   0.00    ,   0.00    ) |  9.492E-05 9.379E+43
    1757 1.1740E-01 9.4928E-05  (  0.00    ,   0.00    ,   0.00    ) |  9.493E-05 9.379E+43
    1758 1.1750E-01 9.4934E-05  (  0.00    ,   0.00    ,   0.00    ) |  9.493E-05 9.379E+43
    1759 1.1759E-01 9.4940E-05  (  0.00    ,   0.00    ,   0.00    ) |  9.494E-05 9.379E+43
    1760 1.1769E-01 9.4946E-05  (  0.00    ,   0.00    ,   0.00    ) |  9.495E-05 9.379E+43
 [WDHydrostatic] t/t_dyn =  0.40868714142824547       damp factor =  0.99835280048651898       sponge alpha =  0.94946039480257760     
    1761 1.1778E-01 9.4952E-05  (  0.00    ,   0.00    ,   0.00    ) |  9.495E-05 9.379E+43
    1762 1.1788E-01 9.4958E-05  (  0.00    ,   0.00    ,   0.00    ) |  9.496E-05 9.379E+43
    1763 1.1797E-01 9.4964E-05  (  0.00    ,   0.00    ,   0.00    ) |  9.496E-05 9.379E+43
    1764 1.1807E-01 9.4970E-05  (  0.00    ,   0.00    ,   0.00    ) |  9.497E-05 9.379E+43
    1765 1.1816E-01 9.4975E-05  (  0.00    ,   0.00    ,   0.00    ) |  9.498E-05 9.379E+43
    1766 1.1826E-01 9.4981E-05  (  0.00    ,   0.00    ,   0.00    ) |  9.498E-05 9.379E+43
    1767 1.1835E-01 9.4987E-05  (  0.00    ,   0.00    ,   0.00    ) |  9.499E-05 9.379E+43
    1768 1.1845E-01 9.4993E-05  (  0.00    ,   0.00    ,   0.00    ) |  9.499E-05 9.379E+43
    1769 1.1854E-01 9.4999E-05  (  0.00    ,   0.00    ,   0.00    ) |  9.500E-05 9.379E+43
    1770 1.1864E-01 9.5005E-05  (  0.00    ,   0.00    ,   0.00    ) |  9.500E-05 9.379E+43
    1771 1.1873E-01 9.5011E-05  (  0.00    ,   0.00    ,   0.00    ) |  9.501E-05 9.379E+43
    1772 1.1883E-01 9.5017E-05  (  0.00    ,   0.00    ,   0.00    ) |  9.502E-05 9.379E+43
    1773 1.1892E-01 9.5022E-05  (  0.00    ,   0.00    ,   0.00    ) |  9.502E-05 9.379E+43
    1774 1.1902E-01 9.5028E-05  (  0.00    ,   0.00    ,   0.00    ) |  9.503E-05 9.379E+43
    1775 1.1911E-01 9.5034E-05  (  0.00    ,   0.00    ,   0.00    ) |  9.503E-05 9.379E+43
    1776 1.1921E-01 9.5040E-05  (  0.00    ,   0.00    ,   0.00    ) |  9.504E-05 9.379E+43
    1777 1.1930E-01 9.5046E-05  (  0.00    ,   0.00    ,   0.00    ) |  9.505E-05 9.379E+43
    1778 1.1940E-01 9.5051E-05  (  0.00    ,   0.00    ,   0.00    ) |  9.505E-05 9.379E+43
    1779 1.1949E-01 9.5057E-05  (  0.00    ,   0.00    ,   0.00    ) |  9.506E-05 9.379E+43
    1780 1.1959E-01 9.5063E-05  (  0.00    ,   0.00    ,   0.00    ) |  9.506E-05 9.379E+43
 [WDHydrostatic] t/t_dyn =  0.41528524591317201       damp factor =  0.99835077104760639       sponge alpha =  0.95063114732424048     
    1781 1.1968E-01 9.5069E-05  (  0.00    ,   0.00    ,   0.00    ) |  9.507E-05 9.379E+43
    1782 1.1978E-01 9.5075E-05  (  0.00    ,   0.00    ,   0.00    ) |  9.507E-05 9.379E+43
    1783 1.1987E-01 9.5081E-05  (  0.00    ,   0.00    ,   0.00    ) |  9.508E-05 9.379E+43
    1784 1.1997E-01 9.5086E-05  (  0.00    ,   0.00    ,   0.00    ) |  9.509E-05 9.379E+43
 *** Wrote plotfile to wd_hdf5_plt_cnt_0006 ****
    1785 1.2006E-01 9.5092E-05  (  0.00    ,   0.00    ,   0.00    ) |  9.509E-05 9.379E+43
    1786 1.2016E-01 9.5098E-05  (  0.00    ,   0.00    ,   0.00    ) |  9.510E-05 9.379E+43
    1787 1.2025E-01 9.5104E-05  (  0.00    ,   0.00    ,   0.00    ) |  9.510E-05 9.379E+43
    1788 1.2035E-01 9.5109E-05  (  0.00    ,   0.00    ,   0.00    ) |  9.511E-05 9.379E+43
    1789 1.2044E-01 9.5115E-05  (  0.00    ,   0.00    ,   0.00    ) |  9.512E-05 9.379E+43
    1790 1.2054E-01 9.5121E-05  (  0.00    ,   0.00    ,   0.00    ) |  9.512E-05 9.379E+43
    1791 1.2063E-01 9.5127E-05  (  0.00    ,   0.00    ,   0.00    ) |  9.513E-05 9.379E+43
    1792 1.2073E-01 9.5132E-05  (  0.00    ,   0.00    ,   0.00    ) |  9.513E-05 9.379E+43
    1793 1.2082E-01 9.5138E-05  (  0.00    ,   0.00    ,   0.00    ) |  9.514E-05 9.379E+43
    1794 1.2092E-01 9.5144E-05  (  0.00    ,   0.00    ,   0.00    ) |  9.514E-05 9.379E+43
    1795 1.2101E-01 9.5150E-05  (  0.00    ,   0.00    ,   0.00    ) |  9.515E-05 9.379E+43
    1796 1.2111E-01 9.5155E-05  (  0.00    ,   0.00    ,   0.00    ) |  9.516E-05 9.379E+43
    1797 1.2121E-01 9.5161E-05  (  0.00    ,   0.00    ,   0.00    ) |  9.516E-05 9.379E+43
    1798 1.2130E-01 9.5167E-05  (  0.00    ,   0.00    ,   0.00    ) |  9.517E-05 9.379E+43
    1799 1.2140E-01 9.5172E-05  (  0.00    ,   0.00    ,   0.00    ) |  9.517E-05 9.379E+43
    1800 1.2149E-01 9.5178E-05  (  0.00    ,   0.00    ,   0.00    ) |  9.518E-05 9.379E+43
 [WDHydrostatic] t/t_dyn =  0.42189141535358232       damp factor =  0.99834877630922281       sponge alpha =  0.95178188395635055     
    1801 1.2159E-01 9.5184E-05  (  0.00    ,   0.00    ,   0.00    ) |  9.518E-05 9.379E+43
    1802 1.2168E-01 9.5190E-05  (  0.00    ,   0.00    ,   0.00    ) |  9.519E-05 9.379E+43
    1803 1.2178E-01 9.5195E-05  (  0.00    ,   0.00    ,   0.00    ) |  9.520E-05 9.379E+43
