  #time                     mass                      x-momentum                y-momentum                z-momentum                E_total                   E_kinetic                 E_internal               
  0.000000000000000000E+00  2.677397283470076024E+33  0.000000000000000000E+00  0.000000000000000000E+00  0.000000000000000000E+00  1.816832955406034614E+51  0.000000000000000000E+00  1.816832955406034614E+51
  9.999999999999999547E-07  2.677397283470077753E+33 -5.718292890049424700E+29 -5.717701683892245957E+29 -5.723479361256274436E+29  1.843719918286162596E+51  2.688252222165260834E+49  1.816837396064508513E+51
  3.000000000000000076E-06  2.677397283470083518E+33 -1.715779526779053005E+30 -1.715634281156053568E+30 -1.715447243262986893E+30  2.059286364615729557E+51  2.422703356536381263E+50  1.817016028962087734E+51
  6.999999999999999895E-06  2.677397283470097353E+33 -4.003659213049617189E+30 -4.004084122030332369E+30 -4.003972180583358721E+30  3.148861287911151816E+51  1.327836345874850409E+51  1.821024942036279142E+51
  1.499999999999999869E-05  2.677397283470096200E+33 -8.580868199472626072E+30 -8.581823403018866749E+30 -8.581339475266907725E+30  8.161681667910544558E+51  6.268015114271113976E+51  1.893666553649131288E+51
  3.099999999999999457E-05  2.677397283470090436E+33 -1.773501876720974670E+31 -1.773620971025779456E+31 -1.775766397798599448E+31  3.223289997706865967E+52  2.930670062859482049E+52  2.926199348522874402E+51
  6.299999999999998635E-05  2.677397283470097353E+33 -3.605437515387622835E+31 -3.606056719636643076E+31 -3.610108743806571343E+31  1.750824149836513611E+53  1.548066675072713758E+53  2.027574747635618677E+52
  1.139063430354466365E-04  2.677397283470119835E+33 -6.515288763074714092E+31 -6.514588795025157222E+31 -6.514967515122220567E+31  9.139390300562827482E+53  6.312489832969661204E+53  2.826900467594632896E+53
  1.312193284809747798E-04  2.677397283470113494E+33 -7.501781117485025666E+31 -7.501080544972558988E+31 -7.501088406768279670E+31  1.269363825661419626E+54  5.471275780225841386E+53  7.222362476390561603E+53
  1.446765619443305274E-04  2.677397283470108306E+33 -8.257268239059624073E+31 -8.257305836652614088E+31 -8.257810064500402604E+31  1.484594032964786494E+54  4.041963784506892502E+53  1.080397654514330167E+54
  1.559889100279643868E-04  2.677397283470126176E+33 -8.889596647223891940E+31 -8.889551100943637958E+31 -8.889881772378448050E+31  1.607317278958184257E+54  2.712060044801095305E+53  1.336111274478313732E+54
  1.660691859487888088E-04  2.677397283470106576E+33 -9.453851674078838770E+31 -9.453795791482827084E+31 -9.454163871615967875E+31  1.677849182424171394E+54  1.779497945046825677E+53  1.499899387919401459E+54
  1.753892289384930249E-04  2.677397283470108882E+33 -9.976601149450857128E+31 -9.976546883793129176E+31 -9.976918175135478319E+31  1.719429464699764002E+54  1.095478929865217864E+53  1.609881571713151402E+54
  1.844822338441898344E-04  2.677397283470109459E+33 -1.048818460060780977E+32 -1.048812391253166511E+32 -1.048849799951497212E+32  1.745457844850766164E+54  6.722472761072893184E+52  1.678233117240117294E+54
  1.936445811935880255E-04  2.677397283470122141E+33 -1.100457570796420587E+32 -1.100451483854918827E+32 -1.100488833618115821E+32  1.762677656572226810E+54  3.906105388688412419E+52  1.723616602685426433E+54
  2.035240563425545757E-04  2.677397283470120988E+33 -1.156218056233382096E+32 -1.156209630020419382E+32 -1.156243930268236398E+32  1.775348252252267916E+54  2.293232092287545999E+52  1.752415931329397433E+54
  2.146602478883157309E-04  2.677397283470131364E+33 -1.218883638832100208E+32 -1.218875865439080086E+32 -1.218909609581020079E+32  1.785760725057544397E+54  1.383600126488472244E+52  1.771924723792675341E+54
  2.279301299106348700E-04  2.677397283470112918E+33 -1.293377043373843850E+32 -1.293368623205510235E+32 -1.293401490876231007E+32  1.795844942067131108E+54  9.680586846866286770E+51  1.786164355220264703E+54
  2.439718875866542117E-04  2.677397283470125600E+33 -1.382970832052309824E+32 -1.382961970626052049E+32 -1.382994919899265646E+32  1.807524751717822018E+54  8.634760974275959816E+51  1.798889990743531547E+54
  2.626888315638248143E-04  2.677397283470140011E+33 -1.486799123838457347E+32 -1.486789827198904511E+32 -1.486820273995671505E+32  1.822903384375040951E+54  9.925450192076701907E+51  1.812977934182977649E+54
  2.823258326269893737E-04  2.677397283470138858E+33 -1.595310854696082924E+32 -1.595301400896173538E+32 -1.595328680307293142E+32  1.842061118829948739E+54  1.251975948639616923E+52  1.829541359343538652E+54
  3.009261283291772256E-04  2.677397283470143470E+33 -1.698448994910328848E+32 -1.698439794984841580E+32 -1.698465702265155922E+32  1.862164998039269678E+54  1.500552896456500438E+52  1.847159469074701587E+54
  3.177002054127067254E-04  2.677397283470139435E+33 -1.792126262999143626E+32 -1.792116712485168670E+32 -1.792144408975696041E+32  1.880262182711488061E+54  1.568335775290775980E+52  1.864578824958576895E+54
  3.333839891118074088E-04  2.677397283470140588E+33 -1.880104533881713080E+32 -1.880093726084885725E+32 -1.880121392352267606E+32  1.896086396579492740E+54  1.395102083982550339E+52  1.882135375739604697E+54
  3.496559634466263919E-04  2.677397283470148082E+33 -1.971270137687696504E+32 -1.971259861818229780E+32 -1.971287183541753070E+32  1.911630319669913061E+54  1.240699718328923961E+52  1.899223322486563025E+54
  3.672217090712732003E-04  2.677397283470148658E+33 -2.069294267810550427E+32 -2.069281066340600235E+32 -2.069305788873611355E+32  1.928592090881135086E+54  1.243677773943668032E+52  1.916155313141681900E+54
  3.853636178867811315E-04  2.677397283470153846E+33 -2.170335030531088734E+32 -2.170321804882622150E+32 -2.170345753703108716E+32  1.947010389972057355E+54  1.349052248028890144E+52  1.933519867491759843E+54
  4.030084096561060763E-04  2.677397283470164223E+33 -2.268725755319482598E+32 -2.268712191171786521E+32 -2.268736430134469795E+32  1.965449757606875113E+54  1.447429027928892750E+52  1.950975467327596466E+54
  4.197231067075583096E-04  2.677397283470159034E+33 -2.362235224504534865E+32 -2.362221829606453535E+32 -2.362243844145628717E+32  1.982594331230201700E+54  1.439120635118705338E+52  1.968203124878963099E+54
  4.360004038722935997E-04  2.677397283470166528E+33 -2.453480327272416147E+32 -2.453467246695047917E+32 -2.453492295638030332E+32  1.998539017230595734E+54  1.336350283870755562E+52  1.985175514391830955E+54
  4.526585153668857115E-04  2.677397283470170564E+33 -2.546864962777335008E+32 -2.546847530067016165E+32 -2.546866486023867722E+32  2.014334536663772032E+54  1.259677552218995202E+52  2.001737761141549038E+54
  4.699149352473844070E-04  2.677397283470163646E+33 -2.643515777347623104E+32 -2.643498054495107554E+32 -2.643511884606483945E+32  2.030708674329939250E+54  1.261975812305123950E+52  2.018088916206843099E+54
  4.873204744759030826E-04  2.677397283470176905E+33 -2.741015185307731494E+32 -2.740998719738068342E+32 -2.741015632610284751E+32  2.047470475598670980E+54  1.306914730267507533E+52  2.034401328295953444E+54
  5.043673248679148274E-04  2.677397283470179787E+33 -2.836648374480100780E+32 -2.836631086840880291E+32 -2.836645884092912374E+32  2.063889925103815851E+54  1.331314733745114843E+52  2.050576777766318938E+54
  5.209850687630617188E-04  2.677397283470187857E+33 -2.930039465648896383E+32 -2.930024184826536454E+32 -2.930038232544560376E+32  2.079551371723091723E+54  1.301189269562096262E+52  2.066539479027450197E+54
  5.375296294126135233E-04  2.677397283470179211E+33 -3.023113020361912007E+32 -3.023097739539552078E+32 -3.023115003000256175E+32  2.094711845289012420E+54  1.247402421879868571E+52  2.082237821070176178E+54
  5.543319367117093130E-04  2.677397283470190163E+33 -3.117668476344611244E+32 -3.117651889882366131E+32 -3.117668972004197286E+32  2.109871011038317134E+54  1.219495780589925935E+52  2.097676053232369501E+54
  5.713581114722479908E-04  2.677397283470189010E+33 -3.213516854312871934E+32 -3.213502830773364404E+32 -3.213517748917978449E+32  2.125219208541685626E+54  1.226122661714278414E+52  2.112957981924507801E+54
  5.883381535012212728E-04  2.677397283470191316E+33 -3.309185489190272321E+32 -3.309169579726486193E+32 -3.309181838234297085E+32  2.140534481921374131E+54  1.241318093570393342E+52  2.128121300985616170E+54
  6.050942513439266056E-04  2.677397283470192469E+33 -3.403714397161972821E+32 -3.403699793338071876E+32 -3.403713695984997444E+32  2.155509573844522693E+54  1.237623251630481081E+52  2.143133341328192199E+54
  6.216968853384955817E-04  2.677397283470204575E+33 -3.497479360729742444E+32 -3.497462919338595685E+32 -3.497476821985521253E+32  2.170091425569093148E+54  1.213085724976306309E+52  2.157960568319314493E+54
  6.383368854561232266E-04  2.677397283470204575E+33 -3.591518605387466234E+32 -3.591499697787647461E+32 -3.591511738688810823E+32  2.184473636595429844E+54  1.188618216099186957E+52  2.172587454434419762E+54
  6.551007175433853176E-04  2.677397283470217257E+33 -3.686321891163186469E+32 -3.686301726280515297E+32 -3.686308810585818239E+32  2.198840928688803457E+54  1.179633289296498374E+52  2.187044595795817266E+54
  6.719102544382844159E-04  2.677397283470196504E+33 -3.781456325899415544E+32 -3.781436161016744372E+32 -3.781443100250948960E+32  2.213195411505321706E+54  1.182188495902245760E+52  2.201373526546274977E+54
  6.886455850407805683E-04  2.677397283470220716E+33 -3.876268267584004221E+32 -3.876247377345841280E+32 -3.876254800150373714E+32  2.227409210364510924E+54  1.182774043980297516E+52  2.215581469924695967E+54
  7.052749228833995673E-04  2.677397283470199963E+33 -3.970588950172534297E+32 -3.970570671214141723E+32 -3.970576957628403719E+32  2.241390824959414840E+54  1.173763299084770996E+52  2.229653191968530715E+54
  7.218626895642933422E-04  2.677397283470220139E+33 -4.064783952832857235E+32 -4.064763497807989356E+32 -4.064771114040652928E+32  2.255169162053862845E+54  1.159448372998967753E+52  2.243574678323836239E+54
  7.384801037055075236E-04  2.677397283470210916E+33 -4.159239841685053011E+32 -4.159216872094480333E+32 -4.159225890681094658E+32  2.268834306916184745E+54  1.148473732117095716E+52  2.257349569594953857E+54
  7.551339467426872393E-04  2.677397283470216104E+33 -4.253999412703135982E+32 -4.253976443112563304E+32 -4.253982898776440046E+32  2.282437376673263174E+54  1.143941831754207270E+52  2.270997958355666404E+54
  7.717793781186244083E-04  2.677397283470210916E+33 -4.348806808826642907E+32 -4.348784564591561998E+32 -4.348792011574610824E+32  2.295958314221396776E+54  1.142244656541814796E+52  2.284535867655937176E+54
  7.883784001803306653E-04  2.677397283470227633E+33 -4.443295290318935494E+32 -4.443272465799461169E+32 -4.443281556921624671E+32  2.309348359223247388E+54  1.138930738500254366E+52  2.297959051838221237E+54
  8.049251889961052875E-04  2.677397283470213798E+33 -4.537413018440868665E+32 -4.537391402847213956E+32 -4.537399696078336512E+32  2.322570884149761312E+54  1.132739669135979611E+52  2.311243487458337977E+54
  8.214262010055176696E-04  2.677397283470214951E+33 -4.631365897438039186E+32 -4.631347086552285983E+32 -4.631356588709228154E+32  2.335606766742822143E+54  1.122807994078335489E+52  2.324378686802011122E+54
  8.379139262200770068E-04  2.677397283470214375E+33 -4.725386766423304834E+32 -4.725366553183600877E+32 -4.725374314487362803E+32  2.348480052127869598E+54  1.111959090041697611E+52  2.337360461227417462E+54
  8.544110312524750162E-04  2.677397283470217833E+33 -4.819624226558412639E+32 -4.819604400174970959E+32 -4.819611919693568962E+32  2.361226649210317704E+54  1.103085999462090332E+52  2.350195789215640689E+54
  8.709148038900882622E-04  2.677397283470201116E+33 -4.914067010654723792E+32 -4.914044331206347822E+32 -4.914052576080437593E+32  2.373864509633648233E+54  1.096728341676688980E+52  2.362897226216828289E+54
  8.874083672106681349E-04  2.677397283470208034E+33 -5.008613520586357880E+32 -5.008593839274014554E+32 -5.008602567718432172E+32  2.386389386977591358E+54  1.091476937731689458E+52  2.375474617600220109E+54
  9.038797350483127003E-04  2.677397283470207457E+33 -5.103211288972743629E+32 -5.103190785590842965E+32 -5.103198063324277045E+32  2.398790243682840967E+54  1.085839212080095025E+52  2.387931851562025006E+54
  9.203300958489492398E-04  2.677397283470203998E+33 -5.197861476382667868E+32 -5.197838265006931267E+32 -5.197848371626783246E+32  2.411064557209115070E+54  1.079474178572326554E+52  2.400269815423353515E+54
  9.367684620699256570E-04  2.677397283470209763E+33 -5.292616888695931365E+32 -5.292595514887440578E+32 -5.292603880654112311E+32  2.423221222362086776E+54  1.073041532515150920E+52  2.412490807036905406E+54
  9.532020837747231601E-04  2.677397283470209186E+33 -5.387530573577498808E+32 -5.387508571127581822E+32 -5.387516864358704378E+32  2.435244204768021141E+54  1.058907666269169422E+52  2.424655128105304442E+54
  9.696752552746607055E-04  2.677397283470202269E+33 -5.482364227569807763E+32 -5.482341354693300655E+32 -5.482351292063537887E+32  2.447161441337587132E+54  1.046005932079170336E+52  2.436701382016744609E+54
  9.862116004740518506E-04  2.677397283470210339E+33 -5.577012093842158342E+32 -5.576989075894552880E+32 -5.576997901053036067E+32  2.459024185617094570E+54  1.035009667699368178E+52  2.448674088940056144E+54
  1.002810345690184190E-03  2.677397283470207457E+33 -5.672016883373491944E+32 -5.671991495931280037E+32 -5.672000441982345185E+32  2.470862234000569081E+54  1.027281398039546321E+52  2.460589420020166033E+54
  1.019456756776595131E-03  2.677397283470202845E+33 -5.767604085007683090E+32 -5.767578697565471183E+32 -5.767586652297364247E+32  2.482697422251814076E+54  1.023659020412451770E+52  2.472460832047645949E+54
  1.036127157858978461E-03  2.677397283470209763E+33 -5.863628192433082963E+32 -5.863602466491641564E+32 -5.863612403861878796E+32  2.494542971575435710E+54  1.024208998850986835E+52  2.484300881586899009E+54
  1.052794133176322526E-03  2.677397283470211492E+33 -5.959810572426786783E+32 -5.959790552615213965E+32 -5.959800804306164297E+32  2.506401898455760871E+54  1.028288142439992858E+52  2.496119017031314284E+54
  1.069431773599355392E-03  2.677397283470203998E+33 -6.055953831580967874E+32 -6.055934295339722901E+32 -6.055948850806591062E+32  2.518267939261992482E+54  1.034905974757514834E+52  2.507918879514363327E+54
  1.086019520242668523E-03  2.677397283470208610E+33 -6.151894087911519276E+32 -6.151874164814012027E+32 -6.151884948432322989E+32  2.530127899948450653E+54  1.042841327206470019E+52  2.519699486676327954E+54
  1.102544274601969208E-03  2.677397283470204575E+33 -6.247554066880051222E+32 -6.247534143782543973E+32 -6.247545120828986074E+32  2.541964081016853114E+54  1.050839174466103834E+52  2.531455689272187833E+54
  1.119000984753829898E-03  2.677397283470205151E+33 -6.342886668736631527E+32 -6.342865294928140741E+32 -6.342875594976123857E+32  2.553756812591765222E+54  1.057746915131068808E+52  2.543179343440412279E+54
  1.135392050178144884E-03  2.677397283470198234E+33 -6.437874678377588878E+32 -6.437850983431524432E+32 -6.437862153906097671E+32  2.565486824383854361E+54  1.062667053430399411E+52  2.554860153849500349E+54
  1.151725879778412375E-03  2.677397283470201116E+33 -6.532604364749410975E+32 -6.532579799376756406E+32 -6.532589180641116616E+32  2.577137581029438007E+54  1.065108161312481815E+52  2.566486499416262283E+54
  1.168014781537061184E-03  2.677397283470200540E+33 -6.627128630445964155E+32 -6.627104451929571862E+32 -6.627111366985260058E+32  2.588697154528906981E+54  1.065039293184397212E+52  2.578046761597029499E+54
  1.184272456711348747E-03  2.677397283470210916E+33 -6.721581327733996148E+32 -6.721559180212980808E+32 -6.721570544115685185E+32  2.600159199254637652E+54  1.062870881158973687E+52  2.589530490443019336E+54
  1.200511438268163540E-03  2.677397283470215528E+33 -6.816130835801662881E+32 -6.816109075136909817E+32 -6.816120245611483057E+32  2.611522964513404671E+54  1.059367665908550689E+52  2.600929287854275724E+54
  1.216740823130752370E-03  2.677397283470209763E+33 -6.910882089410106903E+32 -6.910863423595452053E+32 -6.910874932569254784E+32  2.622792916700823401E+54  1.055340985727334533E+52  2.612239506843527819E+54
  1.232965661052406970E-03  2.677397283470206881E+33 -7.006081322570267322E+32 -7.006059658619579828E+32 -7.006074891084906972E+32  2.633977919169333703E+54  1.051659049393019728E+52  2.623461328675360219E+54
  1.249185150535665843E-03  2.677397283470205728E+33 -7.102192956225007294E+32 -7.102170518561795246E+32 -7.102181253823073424E+32  2.645089162308260371E+54  1.049722744651490009E+52  2.634591934861699304E+54
  1.265390018884213555E-03  2.677397283470202845E+33 -7.200613251338948931E+32 -7.200590620247605745E+32 -7.200608899205998318E+32  2.656131086267418460E+54  1.048913414322157745E+52  2.645641952124194618E+54
  1.281570190188576581E-03  2.677397283470199963E+33 -7.301413969748744557E+32 -7.301390951801139095E+32 -7.301403718057794225E+32  2.667095498874618571E+54  1.047774354439840528E+52  2.656617755330194829E+54
  1.297719069985993259E-03  2.677397283470207457E+33 -7.399099624820622776E+32 -7.399079605009049958E+32 -7.399092032766475596E+32  2.675572732035366028E+54  5.745561531601749985E+51  2.669827170503746334E+54
  1.315950974665052202E-03  2.677397283470199387E+33 -7.507086778586601174E+32 -7.507065791634372664E+32 -7.507079815173880193E+32  2.683768003924794956E+54  6.920015180498413944E+51  2.676847988744243082E+54
  1.335563747404898069E-03  2.677397283470203422E+33 -7.627468903709990010E+32 -7.627441340201302797E+32 -7.627457733235416771E+32  2.695713813604538215E+54  9.288843496486721495E+51  2.686424970108001885E+54
  1.353462227256099076E-03  2.677397283470209763E+33 -7.741685410439278669E+32 -7.741660554924427392E+32 -7.741677044672606935E+32  2.708857441025433738E+54  1.129397809660250315E+52  2.697563462928769383E+54
  1.369660451694378923E-03  2.677397283470220139E+33 -7.844498361697306453E+32 -7.844474763465307575E+32 -7.844488545219651182E+32  2.718888324623181128E+54  7.257620649726226738E+51  2.711630703973397699E+54
  1.385927073839702704E-03  2.677397283470200540E+33 -7.946295525124661241E+32 -7.946267671473777320E+32 -7.946279518946809544E+32  2.726991320432088085E+54  7.758715133779030525E+51  2.719232605298273869E+54
  1.403303222446751182E-03  2.677397283470198810E+33 -8.057244837290892188E+32 -8.057217757352532820E+32 -8.057233038174892749E+32  2.737006211283067063E+54  8.992927301132129885E+51  2.728013283981885881E+54
  1.420320559433936548E-03  2.677397283470206881E+33 -8.167359893927523471E+32 -8.167329912567197028E+32 -8.167348094811524032E+32  2.748018906992392419E+54  1.019370355018114924E+52  2.737825203442157026E+54
  1.436500392051428708E-03  2.677397283470213798E+33 -8.272841669824932510E+32 -8.272812075320868344E+32 -8.272818651877327048E+32  2.758971030105648902E+54  1.086559885357161573E+52  2.748105431252006301E+54
  1.451980398189935736E-03  2.677397283470211492E+33 -8.373898970650683146E+32 -8.373879434409438173E+32 -8.373891958880929381E+32  2.769292717237368595E+54  1.079813389325694097E+52  2.758494583344068956E+54
  1.467216333775674120E-03  2.677397283470205728E+33 -8.472948003904889959E+32 -8.472930305230890801E+32 -8.472938332498333042E+32  2.779029827111750974E+54  1.039024678835233384E+52  2.768639580323356092E+54
  1.482541501658362617E-03  2.677397283470206881E+33 -8.572073344556830848E+32 -8.572056129453159535E+32 -8.572068363782454035E+32  2.788433261861428566E+54  1.006325927124327239E+52  2.778370002590164601E+54
  1.498027119182635848E-03  2.677397283470223022E+33 -8.671931584397654909E+32 -8.671918527998803071E+32 -8.671932793323474524E+32  2.797667501858679424E+54  9.864984316471524357E+51  2.787802517542201045E+54
  1.513659478700887405E-03  2.677397283470208034E+33 -8.772698452884501326E+32 -8.772673790797781188E+32 -8.772677997859633447E+32  2.806825635573518786E+54  9.768097122350871314E+51  2.797057538451150299E+54
  1.529393151390871178E-03  2.677397283470218986E+33 -8.874264856551408074E+32 -8.874238743753704398E+32 -8.874243482742917287E+32  2.815944911422308135E+54  9.732745264234800311E+51  2.806212166158032143E+54
  1.545178926302145581E-03  2.677397283470218410E+33 -8.976401679777041789E+32 -8.976375180123075836E+32 -8.976380257611518217E+32  2.825026416052125532E+54  9.725002348064294336E+51  2.815301413704040361E+54
  1.560978752293057251E-03  2.677397283470210339E+33 -9.078947603500033094E+32 -9.078923328269575232E+32 -9.078927970544722552E+32  2.834054469088365430E+54  9.722474044220872465E+51  2.824331995044094157E+54
  1.576771962661808156E-03  2.677397283470212069E+33 -9.177517805415606945E+32 -9.177491595903837700E+32 -9.177497205319640712E+32  2.841768149918699609E+54  7.180095682313533250E+51  2.834588054236381190E+54
  1.593566826681687551E-03  2.677397283470212645E+33 -9.280624283862637161E+32 -9.280598461207130193E+32 -9.280601556057228406E+32  2.849204155944900131E+54  7.750109039951007603E+51  2.841454046904914033E+54
  1.611177192903777682E-03  2.677397283470214951E+33 -9.394040481699340935E+32 -9.394013788617243844E+32 -9.394019639818210779E+32  2.858283707187822564E+54  8.926642406059375965E+51  2.849357064781720542E+54
  1.628008196277118489E-03  2.677397283470211492E+33 -9.506019508521686838E+32 -9.505996297145950237E+32 -9.505998666640556682E+32  2.867856078762807300E+54  9.897941958208030231E+51  2.857958136804552677E+54
  1.643793049131522582E-03  2.677397283470214951E+33 -9.608038437301391734E+32 -9.608018320775753347E+32 -9.608022963050900667E+32  2.875900528182072948E+54  7.947684422070484597E+51  2.867952843759958015E+54
  1.659640108979494036E-03  2.677397283470227057E+33 -9.707751315901665332E+32 -9.707731489518223653E+32 -9.707734922867551358E+32  2.883034666856075496E+54  8.096880478710796295E+51  2.874937786377316890E+54
  1.676274479176250495E-03  2.677397283470215528E+33 -9.814905471420896466E+32 -9.814884194326471248E+32 -9.814888449745356292E+32  2.891128054292645062E+54  8.695729783026028604E+51  2.882432324509591311E+54
  1.692792483115869613E-03  2.677397283470223022E+33 -9.922693007355540095E+32 -9.922670569692328048E+32 -9.922674196469786892E+32  2.899722677202341522E+54  9.326931145580389035E+51  2.890395746056710256E+54
  1.708731373407598253E-03  2.677397283470220139E+33 -1.002731779991794072E+33 -1.002729961767361371E+33 -1.002730421159172825E+33  2.908208804818806172E+54  9.610779803848511597E+51  2.898598025014916536E+54
  1.724232734594537348E-03  2.677397283470224751E+33 -1.012892047135943590E+33 -1.012890025811973195E+33 -1.012889788862512550E+33  2.916357167678301416E+54  9.506432662158227931E+51  2.906850735016087957E+54
  1.739656867372048332E-03  2.677397283470228210E+33 -1.022941228504380360E+33 -1.022939236194629635E+33 -1.022939584365265684E+33  2.924272632152008850E+54  9.378151761984879613E+51  2.914894480389978805E+54
  1.755076182795660715E-03  2.677397283470225327E+33 -1.032944635105583241E+33 -1.032942758852711199E+33 -1.032943058666314464E+33  2.932012257206968411E+54  9.263332469834645465E+51  2.922748924737094372E+54
  1.770533086899708482E-03  2.677397283470232821E+33 -1.042953747836654704E+33 -1.042951958626441674E+33 -1.042952205247308875E+33  2.939632553257550981E+54  9.179856526706761099E+51  2.930452696730842947E+54
  1.786043824123026511E-03  2.677397283470235127E+33 -1.052555723365899630E+33 -1.052554398383201332E+33 -1.052554301669135763E+33  2.946370690623613620E+54  7.458667560365650281E+51  2.938912023063242249E+54
  1.802307682607365768E-03  2.677397283470232245E+33 -1.062463508770474272E+33 -1.062461410075251421E+33 -1.062461685710338293E+33  2.952899669952584876E+54  7.826722563378786706E+51  2.945072947389183883E+54
  1.819186502658356108E-03  2.677397283470244927E+33 -1.073299101220273637E+33 -1.073297302338654050E+33 -1.073297017032160621E+33  2.960428272004045629E+54  8.555834757713930278E+51  2.951872437246311026E+54
  1.835628979644817697E-03  2.677397283470227633E+33 -1.084146163958249505E+33 -1.084144161977092223E+33 -1.084143934699038135E+33  2.968296706691034881E+54  9.167683679073841717E+51  2.959129023011952350E+54
  1.851336024132437669E-03  2.677397283470235127E+33 -1.094554415637924933E+33 -1.094552568399272562E+33 -1.094552181543010285E+33  2.975916184911854741E+54  9.312956526472506279E+51  2.966603228385331179E+54
  1.866668008120525666E-03  2.677397283470239162E+33 -1.104635744761756895E+33 -1.104634477807497939E+33 -1.104634081279829105E+33  2.983203128917767179E+54  9.171331836262247581E+51  2.974031797081464496E+54
  1.881960604713735479E-03  2.677397283470250692E+33 -1.114120232044148393E+33 -1.114118655604879615E+33 -1.114118771661758298E+33  2.989627708435292506E+54  7.662289033061792371E+51  2.981965419402227741E+54
  1.897833822326002676E-03  2.677397283470242621E+33 -1.123732294850432183E+33 -1.123730998881953556E+33 -1.123730553997251938E+33  2.995746251792251047E+54  7.880479940263612635E+51  2.987865771851962113E+54
  1.914268692193737227E-03  2.677397283470251845E+33 -1.134225770964687164E+33 -1.134224745795592131E+33 -1.134224465324801981E+33  3.002567764242693328E+54  8.358536779282015421E+51  2.994209227463407507E+54
  1.930548888885346651E-03  2.677397283470255880E+33 -1.144915508932201663E+33 -1.144914445077480402E+33 -1.144914067892624682E+33  3.009719953916148793E+54  8.809047706458104032E+51  3.000910906209698115E+54
  1.946334944668107712E-03  2.677397283470252997E+33 -1.155334505544561826E+33 -1.155333306290148769E+33 -1.155332252106834065E+33  3.016783621572732284E+54  8.961725919221282339E+51  3.007821895653480282E+54
  1.961816233633133146E-03  2.677397283470250115E+33 -1.165488070403967401E+33 -1.165486977535026470E+33 -1.165486329550787156E+33  3.023647434228552852E+54  8.935125106684868205E+51  3.014712309121809839E+54
  1.977160847457366810E-03  2.677397283470248962E+33 -1.174969898049555747E+33 -1.174968921237493499E+33 -1.174968921237493499E+33  3.029804506318466612E+54  7.781292843387780936E+51  3.022023213475047381E+54
  1.992893417239727932E-03  2.677397283470267409E+33 -1.184479888831037835E+33 -1.184478834647723131E+33 -1.184478757276470676E+33  3.035663864407639838E+54  7.939597405551596588E+51  3.027724267002058630E+54
  2.009040348504244691E-03  2.677397283470255880E+33 -1.194795382050425872E+33 -1.194794618009307876E+33 -1.194794434252583294E+33  3.041997766443447761E+54  8.272710265204341692E+51  3.033725056178213858E+54
  2.025101170644958305E-03  2.677397283470266256E+33 -1.205344343024097887E+33 -1.205343230812343841E+33 -1.205343482268914321E+33  3.048558709764254550E+54  8.566445275755031542E+51  3.039992264488457930E+54
  2.040855470282141627E-03  2.677397283470263374E+33 -1.215721152961056778E+33 -1.215720756433387944E+33 -1.215720475962597793E+33  3.055092397572710822E+54  8.689231917038422508E+51  3.046403165655645672E+54
  2.056368363807477024E-03  2.677397283470266256E+33 -1.225844688103103125E+33 -1.225844040118863812E+33 -1.225844378618093304E+33  3.061489917909487429E+54  8.708359807098274880E+51  3.052781558102357413E+54
  2.071691314418808768E-03  2.677397283470271444E+33 -1.235259734686415959E+33 -1.235258757874353710E+33 -1.235258786888573381E+33  3.067242680871777103E+54  7.693830675191631682E+51  3.059548850196533910E+54
  2.087341063024587221E-03  2.677397283470275479E+33 -1.244689423779255965E+33 -1.244689075608619916E+33 -1.244688775795016652E+33  3.072707285180343048E+54  7.824315642201651577E+51  3.064882969538124467E+54
  2.103374539010156689E-03  2.677397283470274903E+33 -1.254947130344466423E+33 -1.254946395317568097E+33 -1.254945902075833694E+33  3.078569206857443593E+54  8.115233630477185842E+51  3.070453973226897138E+54
  2.119310989981628476E-03  2.677397283470275479E+33 -1.265425577092931955E+33 -1.265424416524145125E+33 -1.265423362340830421E+33  3.084606912071707592E+54  8.339910221350467684E+51  3.076267001850307552E+54
  2.135016130854091448E-03  2.677397283470274327E+33 -1.275751931301883410E+33 -1.275751834587817841E+33 -1.275751070546699844E+33  3.090638047124527432E+54  8.461071885337461190E+51  3.082176975239145280E+54
  2.150466809232441222E-03  2.677397283470285856E+33 -1.285797969463189181E+33 -1.285796731523149896E+33 -1.285796093210317140E+33  3.096535958415317916E+54  8.475823346267734958E+51  3.088060135069012562E+54
  2.165725639889998048E-03  2.677397283470282973E+33 -1.295145190472318356E+33 -1.295144300702915120E+33 -1.295144233003069221E+33  3.101845941484275472E+54  7.563113776901893782E+51  3.094282827707335458E+54
  2.181288761872978745E-03  2.677397283470283550E+33 -1.304508059817256622E+33 -1.304507460190050093E+33 -1.304507527889895992E+33  3.106886520612696799E+54  7.669637496203601029E+51  3.099216883116473229E+54
  2.197237714970528850E-03  2.677397283470291620E+33 -1.314704043465820835E+33 -1.314703250410483168E+33 -1.314702815197188107E+33  3.112281239461112523E+54  7.927843729763135408E+51  3.104353395731323577E+54
  2.213097192483409661E-03  2.677397283470281821E+33 -1.325119393957909041E+33 -1.325118446160066463E+33 -1.325118136675056642E+33  3.117830717234800447E+54  8.126883001997620993E+51  3.109703834232802381E+54
  2.228737354113793142E-03  2.677397283470291620E+33 -1.335378667290981719E+33 -1.335378261091906329E+33 -1.335378028978148963E+33  3.123372378305689271E+54  8.235064585779235042E+51  3.115137313719875473E+54
  2.244127390927186730E-03  2.677397283470297385E+33 -1.345347450256710838E+33 -1.345346947343569878E+33 -1.345346676544186284E+33  3.128788791567049609E+54  8.245858882019594936E+51  3.120542932684980177E+54
  2.259326837315827653E-03  2.677397283470295079E+33 -1.354632832292315084E+33 -1.354632058579790531E+33 -1.354631033410695498E+33  3.133683457746083457E+54  7.450057407205344009E+51  3.126233400338841720E+54
  2.274799721740075782E-03  2.677397283470301420E+33 -1.363928891560758168E+33 -1.363928736818253257E+33 -1.363927847048850021E+33  3.138332266681959451E+54  7.531861423707897662E+51  3.130800405258226496E+54
  2.290649872049297861E-03  2.677397283470296809E+33 -1.374038393491890429E+33 -1.374037871235936355E+33 -1.374037271608729827E+33  3.143284632115151479E+54  7.752573203472069772E+51  3.135532058911642031E+54
  2.306420333007745075E-03  2.677397283470306608E+33 -1.384369254576297407E+33 -1.384368674291903992E+33 -1.384368345464081057E+33  3.148366584533217950E+54  7.921634433044556605E+51  3.140444950100118940E+54
  2.321991022568293834E-03  2.677397283470310644E+33 -1.394547055980534616E+33 -1.394547055980534616E+33 -1.394546446681921531E+33  3.153439113698916553E+54  8.014245658099681878E+51  3.145424868040763636E+54
  2.337323581000515585E-03  2.677397283470317561E+33 -1.404436862240319950E+33 -1.404436726840628153E+33 -1.404435750028565905E+33  3.158396937207140514E+54  8.020628502685104251E+51  3.150376308704407227E+54
  2.352472699415705457E-03  2.677397283470307185E+33 -1.413678510175473818E+33 -1.413678103976398428E+33 -1.413676991764644382E+33  3.162903570071474955E+54  7.345245979634481059E+51  3.155558324091819760E+54
  2.367860041056570313E-03  2.677397283470319290E+33 -1.422926966780843756E+33 -1.422927082837722439E+33 -1.422925912597529052E+33  3.167190956411637403E+54  7.405165710326113056E+51  3.159785790701312019E+54
  2.383605201412543340E-03  2.677397283470316408E+33 -1.432942907524944402E+33 -1.432942810810878833E+33 -1.432942133812419849E+33  3.171729572288389471E+54  7.588451298465726658E+51  3.164141120989938474E+54
  2.399281311735849010E-03  2.677397283470316408E+33 -1.443165197399343430E+33 -1.443165545569979479E+33 -1.443164549415104116E+33  3.176371783729465277E+54  7.727042081325134196E+51  3.168644741648017459E+54
  2.414781464895961963E-03  2.677397283470341772E+33 -1.453246981079283566E+33 -1.453247058450536022E+33 -1.453245946238781976E+33  3.181002778034301869E+54  7.803278783223142266E+51  3.173199499251054071E+54
  2.430060630106629146E-03  2.677397283470323326E+33 -1.463054444983643309E+33 -1.463054290241138398E+33 -1.463052413988266356E+33  3.185530772813828530E+54  7.804940536939999347E+51  3.177725832276800092E+54
  2.445167619362748849E-03  2.677397283470325632E+33 -1.472280231812043833E+33 -1.472279999698286467E+33 -1.472277214333198075E+33  3.189682436087190703E+54  7.256252612746330190E+51  3.182426183474358260E+54
  2.460469417018093519E-03  2.677397283470330243E+33 -1.481508978090850774E+33 -1.481509055462103229E+33 -1.481506028311850914E+33  3.193643634630954657E+54  7.294159752518452761E+51  3.186349474878331343E+54
  2.476092648653682466E-03  2.677397283470340620E+33 -1.491412401691068247E+33 -1.491412304977002678E+33 -1.491409190784091350E+33  3.197798489465354086E+54  7.436220666150469919E+51  3.190362268799224565E+54
  2.491659379506587849E-03  2.677397283470336584E+33 -1.501500007557755648E+33 -1.501499872158063851E+33 -1.501497454306424622E+33  3.202028270183523173E+54  7.541628831089618017E+51  3.194486641352405939E+54
  2.507081056276544602E-03  2.677397283470340620E+33 -1.511468867894737221E+33 -1.511469022637242132E+33 -1.511466827227953712E+33  3.206244179999348753E+54  7.599818023268355842E+51  3.198644361976043440E+54
  2.522308485158227410E-03  2.677397283470342925E+33 -1.521185865462163562E+33 -1.521184685550563618E+33 -1.521181890514068669E+33  3.210370503700810845E+54  7.597246008206596346E+51  3.202773257692595766E+54
  2.537382653466903337E-03  2.677397283470344078E+33 -1.530694985817055527E+33 -1.530694966474242413E+33 -1.530692287494626147E+33  3.214376567582766436E+54  7.552502827578477426E+51  3.206824064755078262E+54
  2.552366533641247867E-03  2.677397283470347537E+33 -1.539784947411770709E+33 -1.539785392296472327E+33 -1.539784444498629749E+33  3.218061801305377930E+54  7.062837623535664996E+51  3.210998963681788912E+54
  2.567603966775891446E-03  2.677397283470348114E+33 -1.548990153487018113E+33 -1.548991004570795122E+33 -1.548989727945129609E+33  3.221601964311508047E+54  7.092207855341857461E+51  3.214509756456070064E+54
  2.583209736318760677E-03  2.677397283470353878E+33 -1.558892049004999593E+33 -1.558892010319373366E+33 -1.558890375851665247E+33  3.225337053623488392E+54  7.225462099528352658E+51  3.218111591523901616E+54
  2.598785398394511115E-03  2.677397283470349266E+33 -1.568968629468212109E+33 -1.568968571439772768E+33 -1.568965998845628628E+33  3.229161111169489124E+54  7.331970531477183438E+51  3.221829140637951127E+54
  2.614215883689419411E-03  2.677397283470355031E+33 -1.578895980128251395E+33 -1.578895090358848158E+33 -1.578892237293913868E+33  3.232985084716329561E+54  7.395507294477046390E+51  3.225589577421811330E+54
  2.629432399855655654E-03  2.677397283470367713E+33 -1.588547502273287407E+33 -1.588547038045772675E+33 -1.588545422920877670E+33  3.236728616749845962E+54  7.397977519439184141E+51  3.229330639230314766E+54
  2.644473843453765214E-03  2.677397283470363678E+33 -1.597982655710832071E+33 -1.597982462282700933E+33 -1.597981775612835391E+33  3.240356943240989771E+54  7.356284945229654898E+51  3.233000658295719027E+54
  2.659407912742226768E-03  2.677397283470363678E+33 -1.607296703795471020E+33 -1.607297148680172638E+33 -1.607296133182484162E+33  3.243867614110493158E+54  7.290557203773961895E+51  3.236577056906667325E+54
  2.674311175852429369E-03  2.677397283470367713E+33 -1.616615258755565492E+33 -1.616614968613368785E+33 -1.616613788701768841E+33  3.247280420398735116E+54  7.222827936074035631E+51  3.240057592462666211E+54
  2.689240875160280476E-03  2.677397283470361372E+33 -1.625508678026231006E+33 -1.625508639340604778E+33 -1.625507836613860554E+33  3.250450728810453381E+54  6.806590540000140953E+51  3.243644138270371053E+54
  2.704506980228889561E-03  2.677397283470368290E+33 -1.634563919271406855E+33 -1.634564112699537993E+33 -1.634563377672639667E+33  3.253538767938489636E+54  6.849935319422229417E+51  3.246688832619053533E+54
  2.720188640078236193E-03  2.677397283470373478E+33 -1.644577093993232222E+33 -1.644577171364484678E+33 -1.644576523380245364E+33  3.256838683913596552E+54  6.993627011415250314E+51  3.249845056902122760E+54
  2.735823665286114034E-03  2.677397283470377513E+33 -1.654794141965277401E+33 -1.654793658394949555E+33 -1.654792623554447965E+33  3.260239139810146839E+54  7.108711357197957941E+51  3.253130428452909099E+54
  2.751274367095303975E-03  2.677397283470383854E+33 -1.664757334858016621E+33 -1.664756793259249434E+33 -1.664755729404528173E+33  3.263642973091046463E+54  7.177214197602629256E+51  3.256465758893388204E+54
  2.766462403976572160E-03  2.677397283470380972E+33 -1.674323013598453438E+33 -1.674321911058105949E+33 -1.674320334618837172E+33  3.266964195067110747E+54  7.180009035195487233E+51  3.259784186031885041E+54
  2.781442378383939488E-03  2.677397283470387889E+33 -1.683577427790262436E+33 -1.683577853332150941E+33 -1.683576915205714920E+33  3.270165671660492812E+54  7.131077736234439725E+51  3.263034593924177871E+54
  2.796303158655096422E-03  2.677397283470395383E+33 -1.692682496122019522E+33 -1.692681799780747424E+33 -1.692680281369917988E+33  3.273245503520802726E+54  7.055677478369597639E+51  3.266189826042356484E+54
  2.811148932767112106E-03  2.677397283470389042E+33 -1.701813038938647527E+33 -1.701813329080844235E+33 -1.701812342597375429E+33  3.276230181644678129E+54  6.982002239209129783E+51  3.269248179405491878E+54
  2.826052458267790373E-03  2.677397283470402301E+33 -1.711056311670102957E+33 -1.711055808756961998E+33 -1.711054135603627651E+33  3.279153502352424440E+54  6.924873571508417793E+51  3.272228628780936017E+54
  2.841048142017509829E-03  2.677397283470398842E+33 -1.720419277729106793E+33 -1.720418368616890443E+33 -1.720416927577313462E+33  3.282044340593044227E+54  6.889080270016433705E+51  3.275155260323017582E+54
  2.856130933591580039E-03  2.677397283470398842E+33 -1.729867719679260661E+33 -1.729867448879877067E+33 -1.729865679012477151E+33  3.284919411700716897E+54  6.870974299694702045E+51  3.278048437400970000E+54
  2.871271574700907415E-03  2.677397283470398842E+33 -1.739340610945190415E+33 -1.739339605118908496E+33 -1.739337883608541365E+33  3.287782642461887634E+54  6.862945990851328523E+51  3.280919696470991561E+54
  2.886433171105062291E-03  2.677397283470408642E+33 -1.748779439517226708E+33 -1.748779323460348025E+33 -1.748777534250134995E+33  3.290628232280461672E+54  6.856874393082821415E+51  3.283771357887374476E+54
  2.901586114820725246E-03  2.677397283470400571E+33 -1.758153179523134949E+33 -1.758151941583095663E+33 -1.758150490872112126E+33  3.293446143749357177E+54  6.847045252589697079E+51  3.286599098496712824E+54
  2.916715128869658714E-03  2.677397283470417289E+33 -1.767477092442461953E+33 -1.767476299387124286E+33 -1.767474674590822724E+33  3.296227160572613201E+54  6.831178195206099358E+51  3.289395982377344115E+54
  2.931819149652843074E-03  2.677397283470418442E+33 -1.776805202752234660E+33 -1.776803829412503577E+33 -1.776802359358706926E+33  3.298965897651469574E+54  6.809992377160224304E+51  3.292155905274254466E+54
  2.946906348486678755E-03  2.677397283470417289E+33 -1.786177782189356070E+33 -1.786176969791205289E+33 -1.786175016167080792E+33  3.301661358430545846E+54  6.785822169054224728E+51  3.294875536261452049E+54
  2.961988142097590673E-03  2.677397283470424206E+33 -1.795595720523229422E+33 -1.795594559954442592E+33 -1.795593118914865612E+33  3.304315863388276722E+54  6.761287334820398977E+51  3.297554576053430172E+54
  2.977074093961428174E-03  2.677397283470428242E+33 -1.805183720869999603E+33 -1.805182676358091456E+33 -1.805180896819284983E+33  3.306931384684993877E+54  6.741213091306949656E+51  3.300190171593631605E+54
  2.992135577499240202E-03  2.677397283470423630E+33 -1.814856191281637897E+33 -1.814855417569113344E+33 -1.814853918501097022E+33  3.309501115353277007E+54  6.719087337748367031E+51  3.302782028015475529E+54
  3.007167230713020997E-03  2.677397283470431700E+33 -1.824424829472481130E+33 -1.824423514161189390E+33 -1.824422401949435344E+33  3.312021749849774683E+54  6.694095340154860399E+51  3.305327654509600289E+54
  3.022172432056038135E-03  2.677397283470434583E+33 -1.833913330388593749E+33 -1.833912324562311829E+33 -1.833910525680692243E+33  3.314492431269009399E+54  6.667470706664750986E+51  3.307824960562287395E+54
  3.037155318961331889E-03  2.677397283470429394E+33 -1.843355273153541369E+33 -1.843353861128184059E+33 -1.843352594173925103E+33  3.316913668586161835E+54  6.640115967478288997E+51  3.310273552618653258E+54
  3.052121668390676661E-03  2.677397283470442653E+33 -1.852790039734823756E+33 -1.852789033908541837E+33 -1.852787737940063210E+33  3.319287283017786969E+54  6.613154916184109859E+51  3.312674128101520391E+54
  3.067075261061117438E-03  2.677397283470439771E+33 -1.862215637822690186E+33 -1.862214941481418088E+33 -1.862213307013709969E+33  3.321615336587362757E+54  6.587186322192791622E+51  3.315028150265134123E+54
  3.082017811482827378E-03  2.677397283470451300E+33 -1.871581524646474211E+33 -1.871579745107667738E+33 -1.871577598055412102E+33  3.323899632885952752E+54  6.562385270852904679E+51  3.317337247615096935E+54
  3.096948866586276237E-03  2.677397283470444959E+33 -1.880847699268656420E+33 -1.880846151843607313E+33 -1.880842747508499279E+33  3.326141366270653623E+54  6.538520437380994280E+51  3.319602845833245263E+54
  3.111866885598823466E-03  2.677397283470443230E+33 -1.890035728925858740E+33 -1.890033833330173585E+33 -1.890031018950865522E+33  3.328341160626494412E+54  6.515233305380546154E+51  3.321825927321038367E+54
  3.126769994142250455E-03  2.677397283470447841E+33 -1.899208206961317538E+33 -1.899206930335652025E+33 -1.899203845156960368E+33  3.330499235630527772E+54  6.492154485671388460E+51  3.324007081144880450E+54
  3.141656993325545131E-03  2.677397283470452453E+33 -1.908410956499299486E+33 -1.908408499962034029E+33 -1.908405027927080095E+33  3.332615716434828400E+54  6.469074736452421618E+51  3.326146641698331572E+54
  3.156527527801067726E-03  2.677397283470447841E+33 -1.917621694619097447E+33 -1.917619489538402470E+33 -1.917616414031117370E+33  3.334690825291488123E+54  6.445947877056254106E+51  3.328244877414500728E+54
  3.171381967157978297E-03  2.677397283470455335E+33 -1.926773398473271987E+33 -1.926771831705409766E+33 -1.926768959297662362E+33  3.336724973760669064E+54  6.422851036718539270E+51  3.330302122723957769E+54
  3.186221008291818552E-03  2.677397283470459947E+33 -1.935937230271268900E+33 -1.935936185759360753E+33 -1.935933883964600207E+33  3.338718617863474876E+54  6.399646149847274343E+51  3.332318971713620688E+54
  3.201045622693206479E-03  2.677397283470464559E+33 -1.945157001484791022E+33 -1.945155608802246826E+33 -1.945152649351840409E+33  3.340671864298189828E+54  6.375603464192818092E+51  3.334296260834020203E+54
  3.215857999834282558E-03  2.677397283470456488E+33 -1.954304662691024770E+33 -1.954303463436611713E+33 -1.954301403427015089E+33  3.342584938193759044E+54  6.351126756909730675E+51  3.336233811436840860E+54
  3.230661497737833711E-03  2.677397283470465712E+33 -1.963357756883944984E+33 -1.963356112744830308E+33 -1.963353308036928802E+33  3.344458721840399294E+54  6.326778097609267830E+51  3.338131943742765078E+54
  3.245458683929985672E-03  2.677397283470476664E+33 -1.972336942187957238E+33 -1.972334988563832740E+33 -1.972332947897049231E+33  3.346294333231493943E+54  6.302905610104400770E+51  3.339991427621414575E+54
  3.260251114232809878E-03  2.677397283470462253E+33 -1.981288428583590481E+33 -1.981287055243859399E+33 -1.981284782463318523E+33  3.348092882586319064E+54  6.279702675027543358E+51  3.341813179911303162E+54
  3.275038876049680796E-03  2.677397283470474935E+33 -1.990236259187545209E+33 -1.990234789133748558E+33 -1.990232487338988012E+33  3.349855237628951500E+54  6.257139713817147964E+51  3.343598097915114822E+54
  3.289821082996658656E-03  2.677397283470469747E+33 -1.999183083965218019E+33 -1.999180608085139448E+33 -1.999178209576313333E+33  3.351581980849453513E+54  6.235084408712427439E+51  3.345346896440702278E+54
  3.304596351030161458E-03  2.677397283470484735E+33 -2.008116910372478331E+33 -2.008114937405540720E+33 -2.008111320299488433E+33  3.353273454932901998E+54  6.213373726637389114E+51  3.347060081206228772E+54
  3.319363631680475810E-03  2.677397283470480123E+33 -2.017032225707588705E+33 -2.017031123167241216E+33 -2.017028134702615129E+33  3.354929916387637797E+54  6.191925673481778639E+51  3.348737990714155098E+54
  3.334122249422968951E-03  2.677397283470486464E+33 -2.025924735866037868E+33 -2.025922975670044509E+33 -2.025919726077441385E+33  3.356551616989077604E+54  6.170664275994609342E+51  3.350380952713110697E+54
  3.348872084289547264E-03  2.677397283470485311E+33 -2.034797168184474872E+33 -2.034795311274415944E+33 -2.034792197081504616E+33  3.358138885923441099E+54  6.149588837601808428E+51  3.351989297085787502E+54
  3.363613289804408008E-03  2.677397283470491652E+33 -2.043648923035693186E+33 -2.043647356267830966E+33 -2.043644686959621257E+33  3.359692131100827095E+54  6.128733251171378574E+51  3.353563397849643353E+54
  3.378346162780546807E-03  2.677397283470495687E+33 -2.052490387510334942E+33 -2.052488840085285835E+33 -2.052486190119889240E+33  3.361211824015576005E+54  6.108155136279098787E+51  3.355103668879317170E+54
  3.393070821682374685E-03  2.677397283470502605E+33 -2.061318041216413419E+33 -2.061316435762924971E+33 -2.061314133968164425E+33  3.362698443719607054E+54  6.087878285637250977E+51  3.356610565433942122E+54
  3.407787248217915201E-03  2.677397283470500876E+33 -2.070136835914085761E+33 -2.070134804918708808E+33 -2.070132329038630237E+33  3.364152456297569325E+54  6.067909707589991201E+51  3.358084546589966193E+54
  3.422495258575358832E-03  2.677397283470497993E+33 -2.078941568386624345E+33 -2.078939672790939189E+33 -2.078937390338991757E+33  3.365574295863598068E+54  6.048238231768759305E+51  3.359526057631823488E+54
  3.437194582710952160E-03  2.677397283470507793E+33 -2.087737441850756793E+33 -2.087736223253530622E+33 -2.087733902115956961E+33  3.366964363193069252E+54  6.028853813457080374E+51  3.360935509379588524E+54
  3.451884755619155469E-03  2.677397283470505487E+33 -2.096521361456384892E+33 -2.096520549058234111E+33 -2.096518015149716199E+33  3.368323015332495355E+54  6.009704061516393974E+51  3.362313311270939385E+54
  3.466565617404788330E-03  2.677397283470506640E+33 -2.105295474255764277E+33 -2.105294661857613496E+33 -2.105292785604741454E+33  3.369650625850061452E+54  5.990841003166001792E+51  3.363659784846907157E+54
  3.481236982855709112E-03  2.677397283470516440E+33 -2.114066124691596285E+33 -2.114064538580920951E+33 -2.114062352843039088E+33  3.370947563986187027E+54  5.972284578613829708E+51  3.364975279407596696E+54
  3.495898753992019749E-03  2.677397283470512405E+33 -2.122826078551776344E+33 -2.122823970185146936E+33 -2.122821745761638845E+33  3.372214205691971539E+54  5.954049430079735045E+51  3.366260156261862701E+54
  3.510550646148717733E-03  2.677397283470513558E+33 -2.131575161750986427E+33 -2.131574620152219240E+33 -2.131571699387439051E+33  3.373450904681805627E+54  5.936118917622682379E+51  3.367514785764113846E+54
  3.525192355685015204E-03  2.677397283470519899E+33 -2.140322562125455607E+33 -2.140320917986340931E+33 -2.140319641360675418E+33  3.374658002134885362E+54  5.918485509502312808E+51  3.368739516625467726E+54
  3.539823454644673573E-03  2.677397283470524511E+33 -2.149064952711328304E+33 -2.149063869513793930E+33 -2.149060639264003919E+33  3.375835817326401593E+54  5.901124272600217897E+51  3.369934693053787965E+54
  3.554443636588451669E-03  2.677397283470514134E+33 -2.157800263827601338E+33 -2.157798832459430914E+33 -2.157795021925247489E+33  3.376984673129408481E+54  5.884025220817471684E+51  3.371100647908609045E+54
  3.569052656925625951E-03  2.677397283470536616E+33 -2.166533292491926939E+33 -2.166532712207533524E+33 -2.166529559328995969E+33  3.378104899079254052E+54  5.867175906320612591E+51  3.372237723172915503E+54
  3.583650364653898513E-03  2.677397283470536040E+33 -2.175258970887269284E+33 -2.175258622716633235E+33 -2.175255102324646517E+33  3.379196834373534723E+54  5.850593158382423866E+51  3.373346241215177194E+54
  3.598236424300321323E-03  2.677397283470538922E+33 -2.183981593118139642E+33 -2.183981264290316707E+33 -2.183978904467116819E+33  3.380260808750837606E+54  5.834240530725183850E+51  3.374426568220087478E+54
  3.612810990494542008E-03  2.677397283470529122E+33 -2.192700811013901966E+33 -2.192700907727967535E+33 -2.192698721990085672E+33  3.381297196732358224E+54  5.818159200532672750E+51  3.375479037531852496E+54
  3.627373737858350083E-03  2.677397283470537769E+33 -2.201417553029585719E+33 -2.201417669086464402E+33 -2.201416005604536612E+33  3.382306341484739035E+54  5.802321529618992098E+51  3.376504019955131663E+54
  3.641924536683510509E-03  2.677397283470549298E+33 -2.210132534849276113E+33 -2.210133076448043301E+33 -2.210130503853899161E+33  3.383288592785891020E+54  5.786753554229143836E+51  3.377501839231632912E+54
  3.656462649560474065E-03  2.677397283470548145E+33 -2.218840766027189779E+33 -2.218841926595976609E+33 -2.218839179916514445E+33  3.384244233960094017E+54  5.771444820065025772E+51  3.378472789139916861E+54
  3.670987276893902460E-03  2.677397283470538922E+33 -2.227565419253437090E+33 -2.227566618507850148E+33 -2.227564935683109245E+33  3.385118826916660446E+54  5.640757135339925759E+51  3.379478069781270663E+54
  3.685782052853825777E-03  2.677397283470553910E+33 -2.236455337474929000E+33 -2.236456362644024033E+33 -2.236454099534889714E+33  3.385960194921698458E+54  5.644447359024123721E+51  3.380315747562637785E+54
  3.701290896868123913E-03  2.677397283470556216E+33 -2.245753331024683467E+33 -2.245754588307535866E+33 -2.245752151113083523E+33  3.386882502997383549E+54  5.711499967286656424E+51  3.381171003030113179E+54
  3.716390479795112466E-03  2.677397283470556216E+33 -2.254812382804042741E+33 -2.254813466001577116E+33 -2.254810661293675610E+33  3.387806406125672925E+54  5.731156167901920638E+51  3.382075249957789564E+54
  3.731406315217965491E-03  2.677397283470564286E+33 -2.263834683238485731E+33 -2.263835669721954536E+33 -2.263832439472164526E+33  3.388719741403971264E+54  5.763393450590667955E+51  3.382956347953355671E+54
  3.745701025183019450E-03  2.677397283470564863E+33 -2.272438153740574872E+33 -2.272439120881230563E+33 -2.272437341342424091E+33  3.389558556719608853E+54  5.721972952714070623E+51  3.383836583766918359E+54
  3.760085921197870405E-03  2.677397283470568898E+33 -2.281097312201618741E+33 -2.281099169111677669E+33 -2.281097408915684310E+33  3.390356491914425118E+54  5.721887317285394470E+51  3.384634604597135874E+54
  3.773808192178436816E-03  2.677397283470564286E+33 -2.289370658912294075E+33 -2.289372554507979231E+33 -2.289369575714759701E+33  3.391072995907228169E+54  5.640385708845827857E+51  3.385432610198338644E+54
  3.788290291493725138E-03  2.677397283470565439E+33 -2.298092043203125149E+33 -2.298094112884128329E+33 -2.298091288833413709E+33  3.391787653146791376E+54  5.664471618144061953E+51  3.386123181528638404E+54
  3.801867417001940364E-03  2.677397283470571780E+33 -2.306281674218643809E+33 -2.306284014699030583E+33 -2.306282177131784769E+33  3.392428513251499688E+54  5.571333578906397547E+51  3.386857179672580859E+54
  3.816922036275045838E-03  2.677397283470577545E+33 -2.315348869322324008E+33 -2.315351693373038628E+33 -2.315349449606717423E+33  3.393114303013124389E+54  5.644931765342141745E+51  3.387469371247793282E+54
  3.830338381217969056E-03  2.677397283470578121E+33 -2.323439619877204749E+33 -2.323442753412929190E+33 -2.323441109273814514E+33  3.393708341097761317E+54  5.532425749253217071E+51  3.388175915348505137E+54
  3.845920736538325623E-03  2.677397283470576392E+33 -2.332758581036374612E+33 -2.332762526970249834E+33 -2.332760554003312223E+33  3.394370212114858210E+54  5.672774481580234309E+51  3.388697437633282056E+54
  3.858304885505959691E-03  2.677397283470579274E+33 -2.340103511403212139E+33 -2.340106490196431670E+33 -2.340105542398589092E+33  3.394867112032208051E+54  5.472327036536264983E+51  3.389394784995693947E+54
  3.874353314082875678E-03  2.677397283470587921E+33 -2.349797955250547749E+33 -2.349801843155983630E+33 -2.349800547187505003E+33  3.395802283022329629E+54  5.573879704117413908E+51  3.390228403318238948E+54
  3.898850859828654602E-03  2.677397283470591956E+33 -2.364900649644511364E+33 -2.364902893410832569E+33 -2.364900823729829388E+33  3.399114528129874368E+54  6.648697007254099738E+51  3.392465831122631364E+54
  3.918833931813709565E-03  2.677397283470590803E+33 -2.377407151662336170E+33 -2.377410962196519596E+33 -2.377410207826808156E+33  3.403528134293684127E+54  7.413808336432401201E+51  3.396114325957166203E+54
  3.936430497987311421E-03  2.677397283470594262E+33 -2.387966606112122440E+33 -2.387971364444148443E+33 -2.387971461158214012E+33  3.407510231496685036E+54  7.073709510141597956E+51  3.400436521986462909E+54
  3.953671290138723558E-03  2.677397283470591380E+33 -2.398106785744853242E+33 -2.398111795533449725E+33 -2.398113807186013563E+33  3.411425738563461093E+54  7.645060276909930968E+51  3.403780678286529636E+54
  3.970105316373862686E-03  2.677397283470594839E+33 -2.408128819475084745E+33 -2.408135473402795904E+33 -2.408137581769425312E+33  3.415704762261188787E+54  8.072906052327789166E+51  3.407631856208844639E+54
  3.985674129922348735E-03  2.677397283470611556E+33 -2.417601614026948930E+33 -2.417607436213696194E+33 -2.417609428523446919E+33  3.419879320124776403E+54  8.146518451443663591E+51  3.411732801673233339E+54
  4.000782459236094935E-03  2.677397283470606368E+33 -2.426494240242276776E+33 -2.426499172659620804E+33 -2.426500313885594520E+33  3.423825469085133661E+54  8.054366435099166817E+51  3.415771102649974364E+54
  4.015806095773023429E-03  2.677397283470610980E+33 -2.434951923961926950E+33 -2.434957920233992238E+33 -2.434960724941893744E+33  3.427605865986173489E+54  7.905218558575465000E+51  3.419700647427521941E+54
  4.030946383513275486E-03  2.677397283470607521E+33 -2.442956173456562625E+33 -2.442962421185198393E+33 -2.442967701773178470E+33  3.431291377288511139E+54  7.798698680705298315E+51  3.423492678607778537E+54
  4.046266269546150776E-03  2.677397283470604062E+33 -2.450080673125154899E+33 -2.450089183962924986E+33 -2.450096456860655788E+33  3.434948942691298171E+54  7.744745984720571976E+51  3.427204196706546145E+54
  4.061738426576526340E-03  2.677397283470610980E+33 -2.455514610927598076E+33 -2.455526255301092604E+33 -2.455537822303334677E+33  3.438609886259455391E+54  7.724333919867224498E+51  3.430885552339554902E+54
  4.077310261710156807E-03  2.677397283470612133E+33 -2.458099545786504633E+33 -2.458115426236071091E+33 -2.458133743880089892E+33  3.442283118713201125E+54  7.724902953673658970E+51  3.434558215759444598E+54
  4.092934049740659837E-03  2.677397283470620203E+33 -2.455954292412488638E+33 -2.455981623807418486E+33 -2.456010831455220375E+33  3.445969371352060716E+54  7.737124860848908061E+51  3.438232246491169757E+54
  4.108574589011463989E-03  2.677397283470631732E+33 -2.445545363734354226E+33 -2.445595210163748576E+33 -2.445636971297261344E+33  3.449664395259303850E+54  7.751945589301880825E+51  3.441912449669953402E+54
  4.124211999991577414E-03  2.677397283470631156E+33 -2.420859504696898888E+33 -2.420959139527248248E+33 -2.421019547132602751E+33  3.453362145155267694E+54  7.765380327849600372E+51  3.445596764827356272E+54
  4.139838983871318469E-03  2.677397283470636920E+33 -2.371919247411305397E+33 -2.372129387732974090E+33 -2.372216681848556823E+33  3.457057915473689569E+54  7.776483197830184178E+51  3.449281432275837112E+54
  4.155455133163304775E-03  2.677397283470643261E+33 -2.281448132803064349E+33 -2.281889845283331864E+33 -2.282009770724637635E+33  3.460748541965869683E+54  7.783429302893060909E+51  3.452965112662944847E+54
  4.171063040285327185E-03  2.677397283470639803E+33 -2.119289129117033102E+33 -2.120199382559357019E+33 -2.120359115510051061E+33  3.464433082279796202E+54  7.789951155740172083E+51  3.456643131124041501E+54
  4.186664541884633182E-03  2.677397283470636344E+33 -1.833531425886474209E+33 -1.835376401429711044E+33 -1.835567624480154407E+33  3.468113797661636186E+54  7.800367748004288084E+51  3.460313429913602811E+54
  4.202256579180862692E-03  2.677397283470647873E+33 -1.333736887999505711E+33 -1.337434518182785573E+33 -1.337578041856090222E+33  3.471793781113952052E+54  7.815211214752233344E+51  3.463978569899166673E+54
  4.217832905207395504E-03  2.677397283470650179E+33 -4.730427890377032269E+32 -4.803117795202558415E+32 -4.801494739754176598E+32  3.475472330128528579E+54  7.828757066831052760E+51  3.467643573061700218E+54
  4.233391144185238812E-03  2.677397283470644991E+33  9.938894837761884217E+32  9.797930412060326827E+32  9.809434550159779638E+32  3.479147145833874543E+54  7.841464169420879794E+51  3.471305681664431226E+54
  4.248931576981290932E-03  2.677397283470643261E+33  3.489121505268572768E+33  3.462171067043002194E+33  3.465661032784691933E+33  3.482816947265884461E+54  7.853095409245789545E+51  3.474963851856612866E+54
  4.264455321055606041E-03  2.677397283470654214E+33  7.715700816900921171E+33  7.664956126608377440E+33  7.673388993498802564E+33  3.486480817571109531E+54  7.864176346489752985E+51  3.478616641224574317E+54
  4.279963428734220345E-03  2.677397283470665743E+33  1.483794153506369621E+34  1.474350251314453570E+34  1.476206434083608560E+34  3.490138090577356707E+54  7.874756804573544878E+51  3.482263333772716782E+54
  4.295456773329650764E-03  2.677397283470655944E+33  2.679335454393185588E+34  2.661922738740258406E+34  2.665788496655123713E+34  3.493788043756911070E+54  7.884882743114432861E+51  3.485903161013796601E+54
  4.310936164303566867E-03  2.677397283470672661E+33  4.678959105744134783E+34  4.647085608227520994E+34  4.654840650720841965E+34  3.497429859564520337E+54  7.894479707924751896E+51  3.489535379856544822E+54
  4.326402505422274371E-03  2.677397283470678426E+33  8.010939162062624531E+34  7.952804064515331338E+34  7.968009070784979267E+34  3.501062572426825516E+54  7.903444868194180455E+51  3.493159127558589189E+54
  4.341856949716358348E-03  2.677397283470665743E+33  1.354339321931560062E+35  1.343710855419433731E+35  1.346658505742710248E+35  3.504685044088366455E+54  7.911645635085625998E+51  3.496773398453264974E+54
  4.357301033919555588E-03  2.677397283470665743E+33  2.269969422765730984E+35  2.250295253143003367E+35  2.256016354348934524E+35  3.508295853927296669E+54  7.918860277845297962E+51  3.500376993649430748E+54
  4.372737098775855355E-03  2.677397283470673814E+33  3.780932193499041852E+35  3.743426898803790297E+35  3.754739952540769771E+35  3.511893520435312538E+54  7.925052702075636338E+51  3.503968467733192338E+54
  4.388168017692608246E-03  2.677397283470679578E+33  6.268011195085428746E+35  6.192476499213921518E+35  6.215822302279104004E+35  3.515475889018283492E+54  7.929731713645976676E+51  3.507546157304656557E+54
  4.403598314487241691E-03  2.677397283470676696E+33  1.035488213753426756E+36  1.018919214006565082E+36  1.024089065251991672E+36  3.519039477078364688E+54  7.932187448685941770E+51  3.511107289629621050E+54
  4.419035197010869401E-03  2.677397283470687649E+33  1.741166718947574436E+36  1.492025407915228866E+36  1.679676546943888458E+36  3.522577925695581757E+54  7.925617805814634007E+51  3.514652307889676979E+54
  4.434485271217761086E-03  2.677397283470686496E+33  2.803540615250257403E+36  1.989448426467447187E+36  2.464262195735790296E+36  3.526072469775290928E+54  7.887355381739501990E+51  3.518185114393521610E+54
  4.449971752405950526E-03  2.677397283470694566E+33  3.816448796052533925E+36  2.181651595762360894E+36  3.389759059833198108E+36  3.529500794996704822E+54  7.817678207068924284E+51  3.521683116789625034E+54
  4.465539246643199060E-03  2.677397283470691684E+33  4.218477876803844852E+36  1.782743803814025249E+36  4.225167359062044263E+36  3.532876942042943740E+54  7.742392407616524224E+51  3.525134549635275657E+54
  4.481194352995486983E-03  2.677397283470700908E+33  3.804231407580615236E+36  9.864996059535766980E+35  4.329092189126275378E+36  3.536229630633322014E+54  7.673812149683093814E+51  3.528555818483583038E+54
  4.496926989482069245E-03  2.677397283470693414E+33  2.687227760219661290E+36  1.230629587289490026E+35  3.771447649058637602E+36  3.539569231109480056E+54  7.615538267246249858E+51  3.531953692842155983E+54
  4.512735250942737433E-03  2.677397283470696872E+33  1.649710870563373689E+36 -1.013238620906713178E+36  3.021738528089310400E+36  3.542919154116517734E+54  7.603837000806306095E+51  3.535315317115668976E+54
  4.528616738770001836E-03  2.677397283470705519E+33  1.861204601805515174E+36 -1.737965610092003607E+36  1.855343204255304598E+36  3.546364461876371932E+54  7.693521032737340741E+51  3.538670940843596475E+54
  4.544339722068919951E-03  2.677397283470712437E+33  3.018192143791271810E+36 -1.626475323177079172E+36  1.028856407179686089E+36  3.549947546990929287E+54  7.841988497778011605E+51  3.542105558493142606E+54
  4.559702735143738965E-03  2.677397283470713590E+33  3.499356206903890989E+36 -1.260554984408747491E+36  2.084238131189852685E+36  3.553636915744704648E+54  7.975446603211420327E+51  3.545661469141401885E+54
  4.574734871502643928E-03  2.677397283470708401E+33  2.133800134208113516E+36 -4.841259594757824743E+35  4.521328033113499124E+36  3.557387236805364921E+54  8.040248684375287413E+51  3.549346988120898335E+54
  4.589461612864871240E-03  2.677397283470719354E+33  3.130589779186818288E+35  7.292621374698006773E+35  5.468886674862677171E+36  3.561131257609046486E+54  8.056415560883453364E+51  3.553074842048129064E+54
  4.603908644422858264E-03  2.677397283470722237E+33  3.105275228431849247E+36  7.561568394374121782E+35  2.163609992468565978E+36  3.564778893387110238E+54  8.028209551882767832E+51  3.556750683835234039E+54
  4.618223986197577888E-03  2.677397283470717625E+33  7.483379539506764954E+36 -1.350741112453688389E+35 -2.247226569828284993E+36  3.568345682672779432E+54  8.020442534890244779E+51  3.560325240137890438E+54
  4.632455231741068775E-03  2.677397283470717048E+33  7.203067198698443980E+36  3.914184918342050570E+34 -3.109759586918626771E+36  3.571886527539527798E+54  8.026936758210583000E+51  3.563859590781265072E+54
  4.646668984096729085E-03  2.677397283470729154E+33  4.305202509793718263E+36  4.575886335630661783E+35 -1.913775348184332528E+36  3.575419478142451665E+54  8.029805777361996481E+51  3.567389672365016503E+54
  4.660949973026991613E-03  2.677397283470721660E+33  1.902159259027765133E+36  1.203404604273394103E+36 -1.402312865766832282E+36  3.578961375257173095E+54  8.036336440502218809E+51  3.570925038816652542E+54
  4.675261459972724840E-03  2.677397283470729154E+33  1.377396423259327624E+36  2.612275080174799342E+36 -3.662383369699434687E+36  3.582482088174348206E+54  8.036413802508911843E+51  3.574445674371828647E+54
  4.689350218696722306E-03  2.677397283470732036E+33  2.711364198236963225E+36  4.007671412830027497E+36 -6.423419375346373953E+36  3.585939594223221122E+54  8.084178442520527208E+51  3.577855415780645978E+54
  4.703233784317087211E-03  2.677397283470736648E+33  3.999818783562095285E+36  5.169682121752900461E+36 -6.383272042906481836E+36  3.589389378722593395E+54  8.130611529178916317E+51  3.581258767193365798E+54
  4.716994116061247813E-03  2.677397283470736072E+33  3.507324584435922974E+36  5.676629128668053201E+36 -4.691304041673523936E+36  3.592839816216772374E+54  8.142317104836056036E+51  3.584697499111920722E+54
  4.730796081348295073E-03  2.677397283470739530E+33  1.815034045372712317E+36  5.588439995841486216E+36 -2.510508100027397091E+36  3.596274248731205735E+54  8.111183915552374660E+51  3.588163064815570688E+54
  4.744872527895504025E-03  2.677397283470744142E+33  1.976784238684239868E+35  5.046713122750304472E+36 -3.230553801777711809E+35  3.599712580494138924E+54  8.078321066574258472E+51  3.591634259427523420E+54
  4.758825531458390698E-03  2.677397283470748177E+33 -4.380946774870994185E+34  4.317292165194531847E+36  1.391608932998542944E+36  3.603064161735458235E+54  8.087388176628911098E+51  3.594976773558775427E+54
  4.772580150670742601E-03  2.677397283470737801E+33  9.715199389111438544E+35  3.983058881971544816E+36  2.848311739618970641E+36  3.606354772940140734E+54  8.127756656628039393E+51  3.598227016283469566E+54
  4.786219073649114995E-03  2.677397283470747024E+33  2.403982509452882513E+36  4.875507846617310745E+36  4.430267808044247651E+36  3.609613354610782119E+54  8.128181500300401074E+51  3.601485173110396432E+54
  4.799877032771658787E-03  2.677397283470747024E+33  4.165205735862346296E+36  7.065784283208545205E+36  5.255206770467348936E+36  3.612860708727227971E+54  8.113752280591040841E+51  3.604746956446661958E+54
  4.813678455000056783E-03  2.677397283470752789E+33  6.022276430934426287E+36  8.096904094268336109E+36  4.934768547605823750E+36  3.616133020482820177E+54  8.103597154021105974E+51  3.608029423328808069E+54
  4.827722496881479107E-03  2.677397283470749907E+33  7.653010691280169042E+36  6.904055573553344114E+36  5.402571913458034745E+36  3.619438305715749544E+54  8.089867772079015078E+51  3.611348437943673734E+54
  4.841470680341892693E-03  2.677397283470757401E+33  8.754212852820924218E+36  5.100185212517355799E+36  6.383740804724778373E+36  3.622624633770831325E+54  8.099697296287548166E+51  3.614524936474499344E+54
  4.855041089257505077E-03  2.677397283470761436E+33  9.934632147952076859E+36  3.537203422746359794E+36  6.515373186716830732E+36  3.625705604834819983E+54  8.092167562244324974E+51  3.617613437272531392E+54
  4.868611495295955410E-03  2.677397283470770659E+33  1.148248217611013057E+37  2.404778024345294013E+36  5.509391095014149404E+36  3.628689096153326714E+54  8.039341140443639644E+51  3.620649755012908855E+54
  4.882429769093647037E-03  2.677397283470762589E+33  1.303086245890102225E+37  1.729229304290909007E+36  3.060972265925398195E+36  3.631575803092576823E+54  7.957869384066824718E+51  3.623617933708518326E+54
  4.896744338081439329E-03  2.677397283470770083E+33  1.434573698895448776E+37  1.461565190466183220E+36 -4.362352796716055255E+35  3.634427545392359249E+54  7.895906426947052452E+51  3.626531638965442187E+54
  4.911205310863667357E-03  2.677397283470777000E+33  1.515021932066936481E+37  1.371893508907949262E+36 -4.878092873083780209E+36  3.637234619010640595E+54  7.888458831810280050E+51  3.629346160178845939E+54
  4.925751431087055723E-03  2.677397283470767777E+33  1.555919589605097523E+37  1.369471656633369296E+36 -1.000405030336891325E+37  3.640014194876061972E+54  7.888345214643260851E+51  3.632125849661374116E+54
  4.940392899901404310E-03  2.677397283470772965E+33  1.463703286426799828E+37  1.685013899407183737E+36 -1.552921157791826512E+37  3.642760973772478921E+54  7.874545546846915569E+51  3.634886428225606271E+54
  4.954170058720926487E-03  2.677397283470777577E+33  1.173351285803957246E+37  2.142707719226648572E+36 -2.084839187426005860E+37  3.645336281291075804E+54  7.932081066049851241E+51  3.637404200224990928E+54
  4.965649826984401029E-03  2.677397283470775271E+33  8.799741808374854956E+36  2.447364102608512203E+36 -2.505423636429272827E+37  3.647542353032680326E+54  8.077600745661659656E+51  3.639464752286999592E+54
  4.975973534306434888E-03  2.677397283470779306E+33  6.463196575649035432E+36  2.688031954271002593E+36 -2.813440819024526853E+37  3.649599616253762025E+54  8.219131168692782467E+51  3.641380485085104080E+54
  4.986215381802936060E-03  2.677397283470784494E+33  4.244641058241577868E+36  3.014992447560685498E+36 -3.027274046353777055E+37  3.651677368544318156E+54  8.275835967273325285E+51  3.643401532577040148E+54
  4.996287553179921438E-03  2.677397283470794871E+33  2.168152763600981884E+36  3.749098094662118360E+36 -3.172804330763680179E+37  3.653700367074323607E+54  8.270273149924118798E+51  3.645430093924347975E+54
  5.006094033573445234E-03  2.677397283470791412E+33  4.726212005493999615E+35  4.552167372794426016E+36 -3.297851995059328807E+37  3.655617678225431581E+54  8.232270691761838932E+51  3.647385407533689756E+54
  5.016290295857307908E-03  2.677397283470782765E+33 -6.074649267046107749E+35  4.885373084603019542E+36 -3.423220451461529605E+37  3.657507611933662106E+54  8.121087811589268542E+51  3.649386524122079404E+54
  5.025874399600044513E-03  2.677397283470790835E+33 -3.041396813297194872E+35  5.041415784396984332E+36 -3.517591324468173885E+37  3.659184637641333268E+54  8.040895881963938364E+51  3.651143741759375799E+54
  5.036067300318988402E-03  2.677397283470796024E+33  1.883459429881312076E+36  4.576218123136117136E+36 -3.567506824080966245E+37  3.660863402362288986E+54  7.925322557415734826E+51  3.652938079804863247E+54
  5.045367279047508445E-03  2.677397283470793141E+33  2.741719188925759556E+36  1.918122843772872403E+36 -3.623846790348021885E+37  3.662312754815246174E+54  7.841731225027775174E+51  3.654471023590243993E+54
  5.055312319539520885E-03  2.677397283470794871E+33  2.263950925227890235E+36  1.212761547812135255E+35 -3.755225630765214672E+37  3.663800054042472075E+54  7.767657889001241330E+51  3.656032396153442534E+54
  5.065158928115380717E-03  2.677397283470793718E+33  3.072953850592150336E+36  1.483581610149656544E+36 -3.911510857146669010E+37  3.665216572847912538E+54  7.739551986601024728E+51  3.657477020861341558E+54
  5.075307292419560176E-03  2.677397283470804094E+33  3.488395042478124476E+36  4.155073471153999170E+36 -4.067568573195864520E+37  3.666679386572167654E+54  7.750501537485856508E+51  3.658928885034713510E+54
  5.085326668150329590E-03  2.677397283470802365E+33  4.457524414412732436E+36  6.403412966234676951E+36 -4.199735126488953839E+37  3.668150404021765435E+54  7.777749353547907677E+51  3.660372654668181512E+54
  5.095332868496151024E-03  2.677397283470803518E+33  5.697065702716645637E+36  1.121041762619108486E+37 -4.311069030932097714E+37  3.669648304291646183E+54  7.818277551146648885E+51  3.661830026740500890E+54
  5.104584876305531295E-03  2.677397283470809859E+33  5.998122795047899523E+36  1.863439437952235781E+37 -4.303827809601349933E+37  3.671055564881762697E+54  7.864236609465645168E+51  3.663191328272291510E+54
  5.113646458559072995E-03  2.677397283470814470E+33  7.366655236709097073E+36  2.454635861457689046E+37 -4.183954729422208997E+37  3.672387503162882945E+54  7.849987606820150127E+51  3.664537515556036640E+54
  5.122543977891544018E-03  2.677397283470806976E+33  7.761291323297832693E+36  2.741143329773391591E+37 -3.878821118114534067E+37  3.673648596494812800E+54  7.815715312049651383E+51  3.665832881182751593E+54
  5.131834351863227839E-03  2.677397283470809282E+33  6.879902985002776212E+36  2.741748797379860539E+37 -3.539272778061055673E+37  3.674760074629041216E+54  7.631997391494196790E+51  3.667128077237526486E+54
  5.139942271294855279E-03  2.677397283470805823E+33  7.227213857845051528E+36  2.674654624957338787E+37 -3.344853536181047998E+37  3.675399305586241111E+54  7.328151274125200709E+51  3.668071154312084368E+54
  5.148035121789168618E-03  2.677397283470815047E+33  8.633980048798786508E+36  2.609784716309957258E+37  7.975316920708278190E+36  3.857858830156679933E+54  1.536517133447729804E+53  3.704207116811835260E+54
  5.150086290685472121E-03  2.677397283470813317E+33  5.490537850163708405E+36  2.561951734964467215E+37  5.990870006666552636E+36  3.978209070099888083E+54  1.241098211682624586E+53  3.854099248931691703E+54
  5.153636793476557530E-03  2.677397283470818505E+33 -1.156591394929325242E+37  3.670076915617971347E+37 -2.532366491637658508E+37  3.978220841391099411E+54  1.586502695960416485E+53  3.819570571795036559E+54
  5.160104905232205594E-03  2.677397283470818505E+33 -6.352928624651389501E+37  1.434912303618709314E+38 -1.527718392471134768E+37  3.976940735458634670E+54  2.487600236773410608E+53  3.728180711781401223E+54
  5.171740250519113458E-03  2.677397283470816200E+33 -1.335816225750485383E+38  3.265720117778638647E+38  4.882086535818456822E+37  3.974769865673785665E+54  4.861513454854207692E+53  3.488618520188371616E+54
  5.185192259531418851E-03  2.677397283470818505E+33 -1.559162271595190766E+38  3.765751439074390730E+38  7.162335179181678438E+37  3.973984112949913972E+54  6.805999306117494135E+53  3.293384182338162772E+54
  5.201125851349344340E-03  2.677397283470827729E+33 -1.642929377236485067E+38  4.002508003479489562E+38  8.100405854626886957E+37  3.973301284390361883E+54  8.497329124923942348E+53  3.123568371897962374E+54
  5.218549253339041863E-03  2.677397283470825423E+33 -1.667296317136624322E+38  4.082472423943756273E+38  8.336610064694340200E+37  3.972671086408858530E+54  9.475934161424430252E+53  3.025077670266422311E+54
  5.237007858321929277E-03  2.677397283470831188E+33 -1.675045600845844566E+38  4.108836694999736764E+38  8.526411886895456224E+37  3.972014001046620178E+54  9.663854313510865721E+53  3.005628569695537519E+54
  5.256458105694784833E-03  2.677397283470832341E+33 -1.676664254979465434E+38  4.115783549763588745E+38  8.761806861350466860E+37  3.971337415860077297E+54  9.423527009544930147E+53  3.028984714905598064E+54
  5.276795750062810396E-03  2.677397283470832917E+33 -1.676248571845816122E+38  4.116563479639276737E+38  8.892224787497743723E+37  3.970659466856084440E+54  8.738556201495420542E+53  3.096803846706532007E+54
  5.297832915497437123E-03  2.677397283470840411E+33 -1.675179707241565838E+38  4.115180770871587047E+38  8.962673045649423133E+37  3.970014943594098862E+54  7.895018448337936252E+53  3.180513098760310851E+54
  5.319644539331734763E-03  2.677397283470851940E+33 -1.674193096871526873E+38  4.113421930725866474E+38  8.997904194201193348E+37  3.969413551928358331E+54  6.993405965521462214E+53  3.270072955376218574E+54
  5.341601907098693543E-03  2.677397283470843870E+33 -1.673297881372369452E+38  4.111704118611757104E+38  9.011653946928226566E+37  3.968877926728098064E+54  6.153012858900057997E+53  3.353576640838066318E+54
  5.363373073102160882E-03  2.677397283470848481E+33 -1.672474678107996102E+38  4.110109487134782732E+38  9.016616323612722247E+37  3.968410638514766749E+54  5.460712998462185647E+53  3.422339338668552098E+54
  5.385123083826481687E-03  2.677397283470858858E+33 -1.671657668958622843E+38  4.108575842824908781E+38  9.019218402161634100E+37  3.967996067081351435E+54  4.916471971289494088E+53  3.476348869952421422E+54
  5.406894104614781878E-03  2.677397283470858281E+33 -1.670830322537956912E+38  4.107096379916435999E+38  9.021834254155217046E+37  3.967622075106460130E+54  4.499457458550748746E+53  3.517676329251372665E+54
  5.428738442013875815E-03  2.677397283470861740E+33 -1.669984992293088323E+38  4.105676385239657110E+38  9.025182772032408511E+37  3.967278240195622091E+54  4.245454974643865714E+53  3.542732742731228884E+54
  5.450763747047464650E-03  2.677397283470873269E+33 -1.669106789531543993E+38  4.104323652592712646E+38  9.029607656568209160E+37  3.966950748528352480E+54  4.107388173973551650E+53  3.556211931130996379E+54
  5.473162468323491264E-03  2.677397283470864622E+33 -1.668182229213091204E+38  4.103021426819268342E+38  9.035986553415554868E+37  3.966628215255593844E+54  4.057507630090181346E+53  3.560877452246581154E+54
  5.494836974382894153E-03  2.677397283470876728E+33 -1.667265787707746562E+38  4.101828630829146234E+38  9.044196356060517915E+37  3.966319651976077042E+54  4.086176504809089984E+53  3.557702001495185483E+54
  5.515528147070927929E-03  2.677397283470879034E+33 -1.666380429635753486E+38  4.100752720023387417E+38  9.053500401326577180E+37  3.966022828437118538E+54  4.169042414904529743E+53  3.549118586946698741E+54
  5.535568784638432611E-03  2.677397283470880763E+33 -1.665521059245959166E+38  4.099760066577865129E+38  9.063651092741460568E+37  3.965729396142796142E+54  4.282723099589942134E+53  3.537457086183793591E+54
  5.555591488959011649E-03  2.677397283470886528E+33 -1.664668437817437970E+38  4.098809923897351547E+38  9.074533074177918563E+37  3.965428164253921898E+54  4.413356792072805660E+53  3.524092485046636909E+54
  5.575461282813654745E-03  2.677397283470885951E+33 -1.663822790330317789E+38  4.097910613164107891E+38  9.085854230456831791E+37  3.965120072253789818E+54  4.546336727873689143E+53  3.510486399466440385E+54
  5.599018068520753184E-03  2.677397283470889987E+33 -1.662813316235243456E+38  4.096904037851093499E+38  9.099865372706683569E+37  3.964743784942818580E+54  4.689243733728063819E+53  3.495819411570026319E+54
  5.622724183717614857E-03  2.677397283470900363E+33 -1.661798323230162383E+38  4.095980828657537788E+38  9.114533432202120773E+37  3.964353195939452954E+54  4.802297644204383150E+53  3.484123431519016681E+54
  5.646614549747854331E-03  2.677397283470895175E+33 -1.660805558936394127E+38  4.095187499239945894E+38  9.130196265588909606E+37  3.963950069083933390E+54  4.893141611797449114E+53  3.474635907904201069E+54
  5.672452308082292019E-03  2.677397283470910163E+33 -1.659777403756674560E+38  4.094477287282986688E+38  9.148642076541982278E+37  3.963505764736994884E+54  4.984056684997342139E+53  3.465100096237251227E+54
  5.699134997226185974E-03  2.677397283470913622E+33 -1.658740455290785542E+38  4.093837727371098539E+38  9.169191290139647833E+37  3.963038254553109804E+54  5.089752407686574739E+53  3.454063013784457860E+54
  5.725991895754698434E-03  2.677397283470926880E+33 -1.657679208980368995E+38  4.093254782644539092E+38  9.190995581292378120E+37  3.962557584836417460E+54  5.208665180031643444E+53  3.441691066833250223E+54
  5.753341333468705264E-03  2.677397283470920539E+33 -1.656542860573968522E+38  4.092656220292368079E+38  9.213845658038813365E+37  3.962056626196765582E+54  5.329829473608504204E+53  3.429073678835904528E+54
  5.781109316916361630E-03  2.677397283470926304E+33 -1.655331534549549924E+38  4.091989055394611700E+38  9.237624924563074463E+37  3.961536187222099265E+54  5.457239787912471799E+53  3.415812208430857614E+54
  5.810127523920261342E-03  2.677397283470943597E+33 -1.654023735910482267E+38  4.091271287014514495E+38  9.263457868434966938E+37  3.960979353980673882E+54  5.598312256681797548E+53  3.401148128312490129E+54
  5.839718538762039141E-03  2.677397283470935527E+33 -1.652662803783161847E+38  4.090567680213523751E+38  9.290762683832767487E+37  3.960396896119420655E+54  5.747615748490207860E+53  3.385635321270402336E+54
  5.869561360284545823E-03  2.677397283470944750E+33 -1.651275245496782860E+38  4.089902075027371368E+38  9.318965463982555478E+37  3.959793872471088750E+54  5.903717298967960173E+53  3.369422142574300475E+54
  5.899744532178174093E-03  2.677397283470949362E+33 -1.649859426419610132E+38  4.089260974579570430E+38  9.347886037017463751E+37  3.959167481963002576E+54  6.064574782077708766E+53  3.352710003755217748E+54
  5.930345073978331334E-03  2.677397283470953974E+33 -1.648403848013675462E+38  4.088605221743480807E+38  9.377341535394292600E+37  3.958515218620604332E+54  6.227863070352074424E+53  3.335728911585390254E+54
  5.961260408928665579E-03  2.677397283470962044E+33 -1.646905914182543064E+38  4.087917210743218737E+38  9.407196570098478026E+37  3.957838606020334131E+54  6.390950650902595249E+53  3.318743540930080561E+54
  5.992511622744057555E-03  2.677397283470967232E+33 -1.645362910365105094E+38  4.087211131751210739E+38  9.437680123084777651E+37  3.957136842717773511E+54  6.554157149989267452E+53  3.301721127718847447E+54
  6.023949192777786586E-03  2.677397283470977032E+33 -1.643782993803223368E+38  4.086500322234404871E+38  9.468801734630949731E+37  3.956412982242682007E+54  6.717793028025898816E+53  3.284633679440092891E+54
  6.055497534368525954E-03  2.677397283470978185E+33 -1.642172179706350924E+38  4.085785058138920438E+38  9.500556433819715017E+37  3.955668555627818680E+54  6.882636040587120952E+53  3.267404951569119941E+54
  6.087161455580004064E-03  2.677397283470989138E+33 -1.640533155438052945E+38  4.085060577629361128E+38  9.532946351733902637E+37  3.954903195347838216E+54  7.048538125396397822E+53  3.250049382808200305E+54
  6.118933636567486234E-03  2.677397283470996632E+33 -1.638864794212926274E+38  4.084326945734717203E+38  9.565936596785917325E+37  3.954116840334216763E+54  7.214300852039324162E+53  3.232686755130295321E+54
  6.150853283306843659E-03  2.677397283471002973E+33 -1.637164675350638690E+38  4.083584555773297946E+38  9.599528524334411093E+37  3.953308395491719285E+54  7.378760093141899620E+53  3.215432386177531280E+54
  6.182970222608839654E-03  2.677397283471000091E+33 -1.635427537098467815E+38  4.082833684065699524E+38  9.633735565564582672E+37  3.952476552392858975E+54  7.541591984189354140E+53  3.198317353973920158E+54
  6.215303012328418815E-03  2.677397283471008161E+33 -1.633648784600559534E+38  4.082076679231764472E+38  9.668555242987031440E+37  3.951620782713066715E+54  7.703040797095545188E+53  3.181316703003516279E+54
  6.247844297287828697E-03  2.677397283471018537E+33 -1.631827665987841287E+38  4.081315861660112723E+38  9.703977754592526336E+37  3.950741202151536383E+54  7.863632877234502163E+53  3.164377914428098417E+54
  6.280597815872378947E-03  2.677397283471026608E+33 -1.629964759718744930E+38  4.080551317876563326E+38  9.740010511247215540E+37  3.949837575760619439E+54  8.023731166906204266E+53  3.147464459069985061E+54
  6.313569359023294379E-03  2.677397283471029490E+33 -1.628061752703213496E+38  4.079782589292418426E+38  9.776669844722655332E+37  3.948909564814832666E+54  8.182899086470906731E+53  3.130619656167732465E+54
  6.346758549625022665E-03  2.677397283471033525E+33 -1.626119151716760869E+38  4.079009208975264306E+38  9.813977286509949003E+37  3.947957049181041012E+54  8.340538906331756548E+53  3.113903158547857871E+54
  6.380165297765777455E-03  2.677397283471032949E+33 -1.624136141241627368E+38  4.078231937082182088E+38  9.851913494105467727E+37  3.946979972191501962E+54  8.496247697376564723E+53  3.097355202453862164E+54
  6.413788861150318717E-03  2.677397283471054854E+33 -1.622110450301569725E+38  4.077452072837432704E+38  9.890445446294273096E+37  3.945978347069002330E+54  8.649949047453573004E+53  3.080983442323653026E+54
  6.447631273795359323E-03  2.677397283471055431E+33 -1.620040394524421986E+38  4.076669717454993765E+38  9.929533095468506217E+37  3.944952117318282605E+54  8.801887245826260306E+53  3.064763392735652491E+54
  6.481697267343804886E-03  2.677397283471061195E+33 -1.617925798735478894E+38  4.075884478904013630E+38  9.969119179411812906E+37  3.943901115748195795E+54  8.952360289778612689E+53  3.048665086770310706E+54
  6.515987355855306154E-03  2.677397283471071572E+33 -1.615768257859548861E+38  4.075094572130662951E+38  1.000913917904143168E+38  3.942825268758336470E+54  9.101310191135404712E+53  3.032694249644803314E+54
  6.550500124512710805E-03  2.677397283471076760E+33 -1.613569678485224594E+38  4.074298964736276866E+38  1.004954914661940989E+38  3.941724574053097170E+54  9.248373184115020427E+53  3.016887255641581005E+54
  6.585238718282394703E-03  2.677397283471081372E+33 -1.611331281147108424E+38  4.073498187357663515E+38  1.009032517907101397E+38  3.940598931487479395E+54  9.393216049795924398E+53  3.001277326507883553E+54
  6.620207305525858434E-03  2.677397283471090595E+33 -1.609053168148565198E+38  4.072693564856822040E+38  1.013147900674467419E+38  3.939448247368380561E+54  9.536062152633808250E+53  2.985842032104993270E+54
  6.655407259580040091E-03  2.677397283471095783E+33 -1.606735475563964035E+38  4.071887251020401892E+38  1.017304634111567382E+38  3.938272492893559996E+54  9.677402730799752993E+53  2.970532219813584016E+54
  6.690835358594810107E-03  2.677397283471103277E+33 -1.604379483169527848E+38  4.071080225609857462E+38  1.021501202936465301E+38  3.937071737056864197E+54  9.817696015675593174E+53  2.955302135489325977E+54
  6.726487743158081692E-03  2.677397283471114806E+33 -1.601985329701196838E+38  4.070271722631220342E+38  1.025733037664888165E+38  3.935846022168413300E+54  9.957009968310960479E+53  2.940145025337318103E+54
  6.762363374985614142E-03  2.677397283471124606E+33 -1.599553171356055464E+38  4.069459754844104269E+38  1.029993815648069028E+38  3.934595291758239623E+54  1.009495859057927387E+54  2.925099432700318872E+54
  6.798464953983870789E-03  2.677397283471153429E+33 -1.597084899873605659E+38  4.068641392477715267E+38  1.034276233213087711E+38  3.933319409506488385E+54  1.023116770667632099E+54  2.910202638838847268E+54
  6.834796555520846091E-03  2.677397283471165535E+33 -1.594582468525159007E+38  4.067815328607805362E+38  1.038575172109231191E+38  3.932018236413025144E+54  1.036558598918018800E+54  2.895459637495008726E+54
  6.871360925393435459E-03  2.677397283471169570E+33 -1.592046879293193608E+38  4.066981468816687757E+38  1.042889019752476392E+38  3.930691686513313933E+54  1.049877963907159797E+54  2.880813722606157370E+54
  6.908158183816789227E-03  2.677397283471179946E+33 -1.589478641620984127E+38  4.066140034441851777E+38  1.047218615484739050E+38  3.929339698342755838E+54  1.063146296223163030E+54  2.866193402119595870E+54
  6.945185504829930884E-03  2.677397283471180523E+33 -1.586879519597845348E+38  4.065290362312628676E+38  1.051564713979025915E+38  3.927962230889237814E+54  1.076393165043224025E+54  2.851569065846017872E+54
  6.982438011440797627E-03  2.677397283471193781E+33 -1.584252066332745192E+38  4.064429945971820913E+38  1.055926723914708121E+38  3.926559287151437647E+54  1.089591677672686198E+54  2.836967609478750939E+54
  7.019909558144098172E-03  2.677397283471201275E+33 -1.581598104302440394E+38  4.063555578839052029E+38  1.060300501745541975E+38  3.925130960640211536E+54  1.102698390579694822E+54  2.822432570060509568E+54
  7.057595757488065169E-03  2.677397283471208193E+33 -1.578920577148843068E+38  4.062663057841731541E+38  1.064678317947233784E+38  3.923677343445018120E+54  1.115699296148253887E+54  2.807978047296759469E+54
  7.095493238161833596E-03  2.677397283471219722E+33 -1.576222582563123820E+38  4.061749513001569373E+38  1.069051771431587645E+38  3.922198514462195720E+54  1.128632544527996206E+54  2.793565969934202746E+54
  7.133599056731981976E-03  2.677397283471223757E+33 -1.573507023619899676E+38  4.060814552708613497E+38  1.073412940508877567E+38  3.920694492153989423E+54  1.141562674990406268E+54  2.779131817163572946E+54
  7.171910874529605073E-03  2.677397283471228946E+33 -1.570776549560372308E+38  4.059859184336570881E+38  1.077756023090312823E+38  3.919165190474559595E+54  1.154517212541663955E+54  2.764647977932884581E+54
  7.210427676065394795E-03  2.677397283471237016E+33 -1.568033911415363120E+38  4.058883876637627100E+38  1.082077460420144879E+38  3.917610436459845747E+54  1.167471733599654288E+54  2.750138702860196733E+54
  7.249149113034909428E-03  2.677397283471243357E+33 -1.565281404424740149E+38  4.057888114746330117E+38  1.086374684478418039E+38  3.916030063710860539E+54  1.180388321743585095E+54  2.735641741967271871E+54
  7.288075685846299653E-03  2.677397283471249122E+33 -1.562520660156336972E+38  4.056871148613379228E+38  1.090644472870071842E+38  3.914423922606177484E+54  1.193268086817573014E+54  2.721155835788598345E+54
  7.327209119476020549E-03  2.677397283471252580E+33 -1.559755044544361606E+38  4.055831572960190338E+38  1.094881902802746067E+38  3.912791811153613263E+54  1.206161018876098776E+54  2.706630792277499004E+54
  7.366550162517401801E-03  2.677397283471268721E+33 -1.556986172698234805E+38  4.054769197465861807E+38  1.099083137293668348E+38  3.911133498708954052E+54  1.219119147639233786E+54  2.692014351069710057E+54
  7.406097767196430891E-03  2.677397283471272757E+33 -1.554215202475654713E+38  4.053685547260142634E+38  1.103244357526836398E+38  3.909448758350314421E+54  1.232138240171575743E+54  2.677310518178721494E+54
  7.445849768681938458E-03  2.677397283471289474E+33 -1.551444456320221731E+38  4.052579300284967864E+38  1.107360968664965201E+38  3.907737417033835626E+54  1.245178047117588993E+54  2.662559369916252078E+54
  7.485803834215345315E-03  2.677397283471291203E+33 -1.548675825067741565E+38  4.051448873908273674E+38  1.111431270515015104E+38  3.905999366424888997E+54  1.258212876180151840E+54  2.647786490244740220E+54
  7.525958587484024229E-03  2.677397283471292933E+33 -1.545912486064636646E+38  4.050294434082112029E+38  1.115456150036265452E+38  3.904234494637323563E+54  1.271278996156616289E+54  2.632955498480712208E+54
  7.566312033620103614E-03  2.677397283471303885E+33 -1.543156318949545023E+38  4.049115864006840224E+38  1.119433536031236518E+38  3.902442668338113699E+54  1.284436542736780212E+54  2.618006125601332807E+54
  7.606862397240223179E-03  2.677397283471314838E+33 -1.540408677713194964E+38  4.047912784018627609E+38  1.123359001137361502E+38  3.900623661723993050E+54  1.297694847932832461E+54  2.602928813791175221E+54
  7.647608150690344067E-03  2.677397283471320026E+33 -1.537671017993571363E+38  4.046684605935023319E+38  1.127229161618854623E+38  3.898777225086986927E+54  1.311008997881990397E+54  2.587768227205015586E+54
  7.688547240375142103E-03  2.677397283471326367E+33 -1.534943896814174298E+38  4.045430731416278467E+38  1.131038951032793499E+38  3.896903196632568061E+54  1.324336478812349423E+54  2.572566717820231909E+54
  7.729677265166716611E-03  2.677397283471337897E+33 -1.532229377536323047E+38  4.044150619426888582E+38  1.134783061073720575E+38  3.895001492973012528E+54  1.337704560257429949E+54  2.557296932715603336E+54
  7.770996028716335366E-03  2.677397283471340779E+33 -1.529529375513225793E+38  4.042843840550212837E+38  1.138458374398167123E+38  3.893071985016541457E+54  1.351176747545362714E+54  2.541895237471193375E+54
  7.812501604535041291E-03  2.677397283471354614E+33 -1.526842342806088314E+38  4.041509698810171446E+38  1.142064404297627297E+38  3.891114441615749155E+54  1.364771329320114541E+54  2.526343112295643121E+54
  7.854192233869074571E-03  2.677397283471353461E+33 -1.524148697140865277E+38  4.040148843004949298E+38  1.145605509094751908E+38  3.889128597752420109E+54  1.378442832616299073E+54  2.510685765136138731E+54
  7.896065221414783064E-03  2.677397283471367873E+33 -1.522066916456033755E+38  4.038763913184043274E+38  1.149098744619846812E+38  3.887114299396787462E+54  1.392153428325772920E+54  2.494960871071029855E+54
  7.938118556047339333E-03  2.677397283471366143E+33 -1.520565622264518368E+38  4.037326517824001783E+38  1.152598600332597104E+38  3.885071408283856671E+54  1.405923808618433270E+54  2.479147599665442797E+54
  7.980350543426250817E-03  2.677397283471381131E+33 -1.518592364683344870E+38  4.038607451817957154E+38  1.157111003301810454E+38  3.882999758027621490E+54  1.419806657886437754E+54  2.463193100141197858E+54
  8.022759155865233013E-03  2.677397283471392084E+33 -1.511908523290041456E+38  4.038923144007688281E+38  1.162679220386038514E+38  3.880899102543459055E+54  1.433812915182445029E+54  2.447086187361027126E+54
  8.065341937664444530E-03  2.677397283471399001E+33 -1.508010240345174583E+38  4.037330802792515564E+38  1.170473417557973188E+38  3.878769187059150519E+54  1.447897484107670774E+54  2.430871702951501013E+54
  8.108096510366967838E-03  2.677397283471411107E+33 -1.500814971587375389E+38  4.030745380188681519E+38  1.187215033793075931E+38  3.876609868379320183E+54  1.462033571234440436E+54  2.414576297144891316E+54
  8.133538614572718289E-03  2.677397283471410531E+33 -1.500545707781744643E+38  4.022428192970419729E+38  1.196136179027300014E+38  3.875312030179523473E+54  1.470353765778453011E+54  2.404958264401078629E+54
  8.166783413351886081E-03  2.677397283471422060E+33 -1.495026184821373866E+38  4.017641890958117435E+38  1.213127357116134872E+38  3.873606816405917990E+54  1.481351577412732186E+54  2.392255238993193630E+54
  8.199181114288231487E-03  2.677397283471424366E+33 -1.476237672562760347E+38  4.007257034698724248E+38  1.230914816280135494E+38  3.871932639010289891E+54  1.492113661554908176E+54  2.379818977455388181E+54
  8.242457550734778871E-03  2.677397283471439930E+33 -1.445842175520343631E+38  3.992097985597490446E+38  1.246415743642475024E+38  3.869680547684600973E+54  1.506613569355049203E+54  2.363066978329560447E+54
  8.285899012064092128E-03  2.677397283471445695E+33 -1.460089697846508507E+38  3.992746970544203745E+38  1.258786638594977311E+38  3.867397806265143763E+54  1.521167667176755915E+54  2.346230139088400949E+54
  8.329503833277539238E-03  2.677397283471457224E+33 -1.439646526130711135E+38  3.978163288781876824E+38  1.275114259121666316E+38  3.865084118800652689E+54  1.535795636402224165E+54  2.329288482398433968E+54
  8.361433481799017062E-03  2.677397283471461259E+33 -1.442250388009620832E+38  3.971103452168472599E+38  1.296710276060681329E+38  3.863372867222178612E+54  1.546494325553624511E+54  2.316878541668563288E+54
  8.403779330735683742E-03  2.677397283471475094E+33 -1.454761440862151956E+38  4.014244057065510552E+38  1.383227004300044192E+38  3.861087471823683376E+54  1.560796329081295777E+54  2.300291142742403252E+54
  8.447819404661691817E-03  2.677397283471483741E+33 -1.460173768663334551E+38  4.021533503269272319E+38  1.472082621294293066E+38  3.858688290395547730E+54  1.575693763076838525E+54  2.282994527318714990E+54
  8.492020007164433407E-03  2.677397283471497000E+33 -1.426215689046908239E+38  4.035551324261343343E+38  1.587091037722018965E+38  3.856256714967481958E+54  1.590651243864547841E+54  2.265605471102943985E+54
  8.517894841383150464E-03  2.677397283471503341E+33 -1.459847237058240041E+38  4.049162540071793964E+38  1.615861107218678487E+38  3.854817692061495971E+54  1.599382427953381664E+54  2.255435264108115668E+54
  8.552461844150462122E-03  2.677397283471510835E+33 -1.451310271771342309E+38  4.049315164287985814E+38  1.655361975578676904E+38  3.852884296857368113E+54  1.611108602035111034E+54  2.241775694822259121E+54
  8.597038339124790304E-03  2.677397283471528705E+33 -1.409872191895887497E+38  4.044935051750849031E+38  1.655666981999972623E+38  3.850373311940442865E+54  1.626282303386249349E+54  2.224091008554194877E+54
  8.641773783695762962E-03  2.677397283471536199E+33 -1.305769664912544201E+38  4.011251468143147107E+38  1.726395800516049020E+38  3.847828228194814986E+54  1.641498048538812169E+54  2.206330179656007921E+54
  8.686667749570785996E-03  2.677397283471552340E+33 -1.231728421855733842E+38  3.945259217262121308E+38  1.905579389706007593E+38  3.845246880811723106E+54  1.656764051225793486E+54  2.188482829585925537E+54
  8.731719923187294605E-03  2.677397283471565022E+33 -1.262073625968542838E+38  3.926156553622036260E+38  1.930785469468404563E+38  3.842629470955926065E+54  1.672080669624918702E+54  2.170548801331008724E+54
  8.776929898322615234E-03  2.677397283471576551E+33 -1.120407333437142670E+38  3.928778364164556647E+38  2.061616260687151058E+38  3.839976193359501852E+54  1.687423408897631886E+54  2.152552784461871327E+54
  8.822298160908896569E-03  2.677397283471594998E+33 -1.039981266099672049E+38  3.950123158906089755E+38  1.954197145382700165E+38  3.837285342749101089E+54  1.702766069489876095E+54  2.134519273259219890E+54
  8.867825430819993582E-03  2.677397283471612868E+33 -1.110067662793844425E+38  3.867715545000909989E+38  2.093485315967348475E+38  3.834554560856449277E+54  1.718100520664856453E+54  2.116454040191589761E+54
  8.909358449040529621E-03  2.677397283471640539E+33 -1.077636677871503465E+38  3.865011679595969033E+38  2.167754529792354167E+38  3.832037923177415090E+54  1.732024902997241253E+54  2.100013020180164989E+54
  8.955190320352310676E-03  2.677397283471653221E+33 -9.970455789771414537E+37  4.031591294953245882E+38  2.263845590065873953E+38  3.829236733809869242E+54  1.747302798086478541E+54  2.081933935723387979E+54
  8.977590321256263481E-03  2.677397283471660715E+33 -9.173686454713348032E+37  3.991965701262268572E+38  2.297361379449226716E+38  3.827848574207084139E+54  1.754725940190492264E+54  2.073122634016590174E+54
  9.006524498729268080E-03  2.677397283471671667E+33 -8.292290961689674625E+37  3.875692135684044526E+38  2.354610618577016605E+38  3.826049450020565163E+54  1.764275452902141413E+54  2.061773997118422048E+54
  9.044834274536126331E-03  2.677397283471686079E+33 -8.086694364123508033E+37  3.850092678154105718E+38  2.421242530983143827E+38  3.823657436183703185E+54  1.776843951682328218E+54  2.046813484501383814E+54
  9.091039076110510667E-03  2.677397283471695879E+33 -9.117613033540621312E+37  3.974274037828967478E+38  2.525851800371663029E+38  3.820751220488042669E+54  1.791869542430542911E+54  2.028881678057508946E+54
  9.137501450169789596E-03  2.677397283471713749E+33 -7.100698670804335927E+37  3.950051236124852923E+38  2.566837614117565612E+38  3.817795774939756900E+54  1.806816995676669101E+54  2.010978779263094945E+54
  9.184123993916173956E-03  2.677397283471724125E+33 -6.525995130449387379E+37  3.859342603550573467E+38  2.582971367019643529E+38  3.814807667720642732E+54  1.821649128761745454E+54  1.993158538958912250E+54
  9.230907080730559391E-03  2.677397283471733925E+33 -7.848959261916680790E+37  3.828899448150161238E+38  2.569112453167035440E+38  3.811776051245623571E+54  1.836333614207259277E+54  1.975442437038371781E+54
  9.277850705149384009E-03  2.677397283471752948E+33 -4.418369783993582325E+37  3.895508222893691499E+38  2.694945408781245234E+38  3.808704073797693556E+54  1.850862083639123599E+54  1.957841990158585270E+54
  9.324955527873220185E-03  2.677397283471771395E+33 -2.025393463932761231E+37  3.848136692052392921E+38  2.798844789692727196E+38  3.805599369914091359E+54  1.865234044409165681E+54  1.940365325504931123E+54
  9.372222486068894701E-03  2.677397283471781771E+33 -4.166494917659667056E+37  3.892437649802379866E+38  2.733166496703144787E+38  3.802450675825763611E+54  1.879425471236784007E+54  1.923025204588985389E+54
  9.414941379681010178E-03  2.677397283471796759E+33 -1.672921807991829410E+37  3.810119658881292039E+38  2.879887563334115569E+38  3.799579470156720078E+54  1.892049129326857621E+54  1.907530340829866881E+54
  9.453879948931181998E-03  2.677397283471816359E+33 -9.115381995223724477E+36  3.842599223913212663E+38  2.904846732056165946E+38  3.796941879123981944E+54  1.903386042702900473E+54  1.893555836421081471E+54
  9.483084471393435702E-03  2.677397283471832500E+33 -1.807955819604909208E+37  3.811766099846435783E+38  3.043610051345448375E+38  3.794943861275005762E+54  1.911772972746659451E+54  1.883170888528345630E+54
  9.526975528725773260E-03  2.677397283471843453E+33 -1.096283044624509571E+36  3.591092116115829220E+38  3.045929691828701353E+38  3.791936640893677685E+54  1.924222388256426726E+54  1.867714252637253681E+54
  9.574936741296309964E-03  2.677397283471902828E+33  1.675491933064560986E+37  3.538207140723546760E+38  3.022130429360351395E+38  3.788633702112836727E+54  1.937597700843660895E+54  1.851036001269172429E+54
  9.618161746713893914E-03  2.677397283471927040E+33  1.208886000159119525E+37  3.726252961667915626E+38  2.967495148075754293E+38  3.785628498426250859E+54  1.949428676775306620E+54  1.836199821650943558E+54
  9.666433195901741326E-03  2.677397283472059049E+33  1.266076973311633174E+37  3.656771517550733104E+38  3.050891260630432547E+38  3.782250565385300072E+54  1.962405283249476997E+54  1.819845282135818312E+54
  9.714868717632000467E-03  2.677397283472097095E+33  6.236126916735869084E+36  3.491323057054535664E+38  3.158295811855047457E+38  3.778840226551247045E+54  1.975176613417806512E+54  1.803663613133459929E+54
  9.759307301102809404E-03  2.677397283472105166E+33 -2.899834854906283844E+36  3.730410341544924704E+38  3.352752108509907020E+38  3.775679636908380717E+54  1.986655109439763382E+54  1.789024527468625162E+54
  9.789924348974146651E-03  2.677397283472118424E+33  2.251220048798499899E+37  3.530934550856053521E+38  3.433621178248786691E+38  3.773478197262721354E+54  1.994419845991353574E+54  1.779058351271386155E+54
  9.817196388936574175E-03  2.677397283472130530E+33  2.597410993543402632E+37  3.421166873099970625E+38  3.370928271642159059E+38  3.771509091491207923E+54  2.001249590042757298E+54  1.770259501448474445E+54
  9.852751443130818368E-03  2.677397283472136295E+33  4.588593751757784993E+36  3.251832529825743325E+38  3.372415986386586909E+38  3.768938251597214021E+54  2.010043110400820097E+54  1.758895141196408896E+54
  9.897128032411293963E-03  2.677397283472150706E+33 -2.099532872750286629E+37  3.234734168047234749E+38  3.479061466649151499E+38  3.765714283103093253E+54  2.020833564045448117E+54  1.744880719057673039E+54
  9.946347850942399357E-03  2.677397283472169153E+33  3.463294350159046496E+37  3.225444546679776269E+38  3.515283353028626136E+38  3.762125991051873958E+54  2.032570158836739751E+54  1.729555832215153263E+54
  9.995735032787271546E-03  2.677397283472192788E+33  5.073589095284748791E+37  3.144988441408119409E+38  3.585272500099609546E+38  3.758505374576277616E+54  2.044091063967131320E+54  1.714414310609166372E+54
  1.004528980372200453E-02  2.677397283472195670E+33  2.731654891907112599E+37  2.880434946413274685E+38  3.714065986204351128E+38  3.754837607423671531E+54  2.055380019904387533E+54  1.699457587519285359E+54
  1.009501218915378334E-02  2.677397283472222187E+33  7.678845933062785190E+37  2.991183442861681550E+38  4.045527863899391215E+38  3.751140787237590542E+54  2.066458109757821389E+54  1.684682677479767112E+54
  1.011476073826425397E-02  2.677397283472275798E+33  6.685679374021201407E+37  3.002014036850035790E+38  4.036866236515491796E+38  3.749643773476373719E+54  2.070754721508958559E+54  1.678889051967373646E+54
  1.013639352634053588E-02  2.677397283472279834E+33  5.408155245670990750E+37  2.957735519610522983E+38  4.083967599347375533E+38  3.748001327782137386E+54  2.075417017822163511E+54  1.672584309959948694E+54
  1.016434599135161709E-02  2.677397283472312115E+33  5.667367878165148193E+37  2.809023466376279481E+38  4.186298214398551730E+38  3.745880418271737781E+54  2.081379279049946109E+54  1.664501139221786907E+54
  1.019902991052453432E-02  2.677397283472444125E+33  7.815980924145676474E+37  2.769151369521439722E+38  4.262036513022643061E+38  3.743249778804887380E+54  2.088681062384082454E+54  1.654568716420784169E+54
  1.024021642305026833E-02  2.677397283472664909E+33  1.030594458825798425E+38  2.860517278486279101E+38  4.310598181764685643E+38  3.740115903887124097E+54  2.097202417982222245E+54  1.642913485904872587E+54
  1.028708492544089421E-02  2.677397283472681050E+33  1.048945822994294178E+38  2.870361436369413708E+38  4.337121338690771769E+38  3.736531519104754530E+54  2.106698492055602094E+54  1.629833027049117047E+54
  1.033762068099369422E-02  2.677397283472704109E+33  1.016654262257300171E+38  2.454491755913880307E+38  4.413201667248382441E+38  3.732657381967437328E+54  2.116713408872092500E+54  1.615943973095306036E+54
  1.038832585179068346E-02  2.677397283473056326E+33  1.083503504687066549E+38  2.601869256962872692E+38  4.688254004072409024E+38  3.728743521060777180E+54  2.126508117670881990E+54  1.602235403389862183E+54
  1.038886536719853954E-02  2.677397283473054597E+33  1.090709913190672357E+38  2.600387592365660640E+38  4.691181566319456682E+38  3.728700462417793321E+54  2.126609363094271348E+54  1.602091099323492369E+54
  1.038994439801425168E-02  2.677397283473055173E+33  1.105239174465143471E+38  2.597339913267018336E+38  4.696835905295275175E+38  3.728614389480333755E+54  2.126811873374990501E+54  1.601802516105317053E+54
  1.039210245964567424E-02  2.677397283473052291E+33  1.134635245852250836E+38  2.590941661855412971E+38  4.707569136091821246E+38  3.728442421385705148E+54  2.127216803132046527E+54  1.601225618253624593E+54
  1.039641858290851935E-02  2.677397283473054597E+33  1.194168099848346049E+38  2.576787023915891133E+38  4.727067497275287749E+38  3.728099176600104814E+54  2.128026139988479475E+54  1.600073036611581102E+54
  1.040505082943420957E-02  2.677397283473054020E+33  1.311755979854714777E+38  2.547222099698579111E+38  4.756934831749373002E+38  3.727415207420850843E+54  2.129642599407924584E+54  1.597772608012891550E+54
  1.042231532248559002E-02  2.677397283473059785E+33  1.494242870307751289E+38  2.481779923104081433E+38  4.778031320453067447E+38  3.726055466611042015E+54  2.132865350832516946E+54  1.593190115778487298E+54
  1.045058147437953264E-02  2.677397283473081690E+33  1.538702276670400318E+38  2.401950710816871495E+38  4.752815941668856778E+38  3.723839887471244910E+54  2.138100102710156110E+54  1.585739784761052390E+54
  1.048019828736828155E-02  2.677397283473091490E+33  1.425847215389553920E+38  2.357820136770879988E+38  4.844664399178212982E+38  3.721507386328920565E+54  2.143500684034448455E+54  1.578006702294435359E+54
  1.051208576115059828E-02  2.677397283473076502E+33  1.285512499716417448E+38  2.243720986206432266E+38  4.958351641869640823E+38  3.718982453211722529E+54  2.149219155813569275E+54  1.569763297398125010E+54
  1.055036780018499265E-02  2.677397283473089761E+33  1.541011147520969928E+38  2.231193233518012380E+38  5.207458270077504501E+38  3.715947263345981191E+54  2.155972194910470983E+54  1.559975068435472777E+54
  1.057932913239751672E-02  2.677397283473060361E+33  1.828236427473489501E+38  2.324259442950943106E+38  5.305340854967233785E+38  3.713638387062365672E+54  2.160985600456214303E+54  1.552652786606120403E+54
  1.062182186538226762E-02  2.677397283472979080E+33  1.647434540102546682E+38  2.240682645941755325E+38  5.300512663088034039E+38  3.710258696545287030E+54  2.168233271053827581E+54  1.542025425491426782E+54
  1.062346346680425289E-02  2.677397283472973316E+33  1.636683911049100486E+38  2.233772489599335524E+38  5.312016027734929705E+38  3.710123727125861223E+54  2.168505317071107970E+54  1.541618410054727051E+54
  1.062674666964822517E-02  2.677397283472963516E+33  1.616642075718322315E+38  2.220253303043687003E+38  5.335339959913820305E+38  3.709854217574413029E+54  2.169049283015731952E+54  1.540804934558651813E+54
  1.063331307533616800E-02  2.677397283472930081E+33  1.583627106831138329E+38  2.194031392203181765E+38  5.383740201064290267E+38  3.709316811212720438E+54  2.170136154403443070E+54  1.539180656809270902E+54
  1.064254127538633889E-02  2.677397283472768096E+33  1.569897269674936921E+38  2.155306354161279518E+38  5.453247536078424423E+38  3.708563416042047187E+54  2.171659487519475642E+54  1.536903928522566441E+54
  1.065214918093917995E-02  2.677397283471950098E+33  1.625693577350899589E+38  2.117078590827219424E+38  5.524508814510746458E+38  3.707779633686494474E+54  2.173238681426118790E+54  1.534540952260354586E+54
  1.066310595932104879E-02  2.677397283470175752E+33  1.753133232285464646E+38  2.087860046639965992E+38  5.600052014391237032E+38  3.706887175853551131E+54  2.175031796558045663E+54  1.531855379295493898E+54
  1.067600186403435888E-02  2.677397283466919901E+33  1.946368556268149480E+38  2.103285495875844963E+38  5.679791422261862874E+38  3.705838430137599345E+54  2.177131526690622666E+54  1.528706903446969703E+54
  1.068995531516740531E-02  2.677397283461954845E+33  2.166814946814652092E+38  2.176351648399342934E+38  5.756569473162238199E+38  3.704703823365825557E+54  2.179388578213514678E+54  1.525315245152306796E+54
  1.070468459128009510E-02  2.677397283455455250E+33  2.316805422720549069E+38  2.236268334333060653E+38  5.820330630365688606E+38  3.703505151596366225E+54  2.181753314687318662E+54  1.521751836909042119E+54
  1.072042496841850434E-02  2.677397283447683983E+33  2.346566078640203934E+38  2.227869196722138210E+38  5.848048095503026078E+38  3.702222041053330340E+54  2.184259210918038132E+54  1.517962830135290167E+54
  1.073727551254665367E-02  2.677397283438924085E+33  2.247715692146216571E+38  2.207243545538774347E+38  5.846141185120187674E+38  3.700845207798524950E+54  2.186917006204562587E+54  1.513928201593955387E+54
  1.075531951545492977E-02  2.677397283429437847E+33  2.089443661987183798E+38  2.161680987793812785E+38  5.905336044273080397E+38  3.699367792326948808E+54  2.189735517705850171E+54  1.509632274621096425E+54
  1.077451891443046393E-02  2.677397283419579792E+33  2.026134094601883358E+38  2.046374787037462756E+38  6.048319048862513934E+38  3.697793813153359300E+54  2.192705229906728076E+54  1.505088583246634626E+54
  1.079485051035060199E-02  2.677397283409682537E+33  2.107078828931942006E+38  1.880657919093036146E+38  6.192341380805312981E+38  3.696126322877305788E+54  2.195819241781004960E+54  1.500307081096366843E+54
  1.081616934613252590E-02  2.677397283400106371E+33  2.249426109295517566E+38  1.774589851475342244E+38  6.325396057455322618E+38  3.694376360896554261E+54  2.199050028957623345E+54  1.495326331938986382E+54
  1.083972406579734350E-02  2.677397283390634544E+33  2.469536992317462222E+38  1.821717319095457603E+38  6.452346566293449079E+38  3.692439721847131416E+54  2.202577671685626303E+54  1.489862050161570107E+54
  1.086635393368216851E-02  2.677397283381248034E+33  2.638431150853224489E+38  1.952021397943111057E+38  6.514244596812579134E+38  3.690245648862954298E+54  2.206512521944021523E+54  1.483733126919007126E+54
  1.089580012779133023E-02  2.677397283372139954E+33  2.558839161487613697E+38  1.939797327544372370E+38  6.520288209599018227E+38  3.687813545561147265E+54  2.210798172718695824E+54  1.477015372842515074E+54
  1.092759286694786058E-02  2.677397283363389280E+33  2.548082503208138367E+38  1.722111662808586949E+38  6.660414815135012232E+38  3.685185904441635527E+54  2.215355473806563909E+54  1.469830430635181529E+54
  1.096210193351177843E-02  2.677397283354844402E+33  2.628599435332113135E+38  1.595754523910025572E+38  6.856112847452352828E+38  3.682332287296666428E+54  2.220221464547591594E+54  1.462110822749208395E+54
  1.100021365852012038E-02  2.677397283346212479E+33  2.778828721409189428E+38  1.658653752696996931E+38  7.077019127387928390E+38  3.679167546801282445E+54  2.225486140654078131E+54  1.453681406147321031E+54
  1.104251136187502265E-02  2.677397283330671097E+33  2.893895728690985777E+38  1.668431940470711810E+38  7.347052939398338311E+38  3.675646692223326842E+54  2.231205580051429702E+54  1.444441112172031382E+54
  1.109052226872071951E-02  2.677397283289482976E+33  3.190761376701199393E+38  1.653857640622663620E+38  7.344740879168569088E+38  3.671654605215004125E+54  2.237561357688915176E+54  1.434093247526219618E+54
  1.114132310867183701E-02  2.677397283203582830E+33  2.846029036936841526E+38  1.362467606929014564E+38  7.480201179024202920E+38  3.667410038753584259E+54  2.244099721928847410E+54  1.423310316824865646E+54
  1.119466618990201320E-02  2.677397282885638208E+33  3.514858203344285033E+38  1.389396735855149799E+38  7.767647173720309760E+38  3.662934788597037902E+54  2.250769528880500304E+54  1.412165259716666225E+54
  1.122096707090063962E-02  2.677397282160066082E+33  3.593166209124930077E+38  1.347674509324668141E+38  7.834210806621304868E+38  3.660685188091844677E+54  2.253939559186950798E+54  1.406745628905026419E+54
  1.126908507630296902E-02  2.677397278458276091E+33  3.235668172340995287E+38  1.113835260933434783E+38  7.836762177088132277E+38  3.656609436476026736E+54  2.259674801415526360E+54  1.396934635060618114E+54
  1.127939453645394191E-02  2.677397275580879740E+33  3.374881902211505060E+38  1.070744701842224207E+38  7.935701677327197017E+38  3.655706722824024828E+54  2.260853091248929564E+54  1.394853631575220828E+54
  1.130001345675588770E-02  2.677397267887375165E+33  3.683981927015978030E+38  1.016513780611192260E+38  8.076373354980643601E+38  3.653920017934358267E+54  2.263208246583799344E+54  1.390711771350675980E+54
  1.134125129735977927E-02  2.677397245112242674E+33  4.081952179273959430E+38  1.045864794211893139E+38  8.214527384582387940E+38  3.650396420860028995E+54  2.267894206722690011E+54  1.382502214137452978E+54
  1.139524066027568228E-02  2.677397178969692816E+33  4.030017474125721900E+38  1.240292028627387828E+38  8.234930277752612093E+38  3.645791658328645699E+54  2.273890015308899993E+54  1.371901643019852555E+54
  1.144940112353163078E-02  2.677396984053287012E+33  4.155399020617699562E+38  7.076727033009296527E+37  8.652614430060825410E+38  3.641151784387502308E+54  2.279716093110742672E+54  1.361435691276862741E+54
  1.150372690768005149E-02  2.677396442281202865E+33  4.336226577257188782E+38  8.906856804268354504E+37  8.895820381530176796E+38  3.636476802750117984E+54  2.285368327630465066E+54  1.351108475119772527E+54
  1.155821812667859674E-02  2.677395047215190031E+33  3.662596552166678134E+38  3.769741744925748439E+37  8.848002092959221795E+38  3.631757703835752684E+54  2.290844279091333928E+54  1.340913424744524924E+54
  1.161287534611315717E-02  2.677391839077580164E+33  2.528951110049832802E+38 -1.292074766385659552E+37  9.068986062446395594E+38  3.627007001709095625E+54  2.296158188650414020E+54  1.330848813058775864E+54
  1.166225337070112694E-02  2.677385893769440380E+33  7.788320813178879306E+37 -9.796451321610873664E+37  9.407175991802635884E+38  3.622655880823148936E+54  2.300759673454316528E+54  1.321896207368924965E+54
  1.171722665936093810E-02  2.677374487444853772E+33 -2.871867310988592052E+38 -2.838215662210598562E+38  9.240074870497258317E+38  3.617813500842513409E+54  2.305742254196861217E+54  1.312071246645750534E+54
  1.177236705774455799E-02  2.677354540367988097E+33 -9.357351868503230167E+38 -6.278249239000241970E+38  9.203103746212500606E+38  3.612899485309691778E+54  2.310529011123081670E+54  1.302370474186697731E+54
  1.182767560014870607E-02  2.677321540352585778E+33 -1.797983610423481860E+39 -1.123328975817784264E+39  8.630352119854540829E+38  3.607927940101933391E+54  2.315145442103615746E+54  1.292782497998412244E+54
  1.188315284125480466E-02  2.677269500168961603E+33 -3.165643287164162466E+39 -1.933124250198166867E+39  7.567219699072248183E+38  3.602862361568499319E+54  2.319553768354983171E+54  1.283308593213604110E+54
  1.193879909885596849E-02  2.677190820496955582E+33 -4.957629350062829770E+39 -3.146214120715944102E+39  6.036180110820374678E+38  3.597694615580676385E+54  2.323756725702499100E+54  1.273937889878258613E+54
  1.199461439564267033E-02  2.677076165839836236E+33 -7.278885139820331132E+39 -4.772050651704660510E+39  2.891190784681267992E+38  3.592396989684532326E+54  2.327727115038888848E+54  1.264669874645735014E+54
  1.205059852679269197E-02  2.676914640171668737E+33 -1.026832713873821177E+40 -7.049200558631619627E+39 -1.764226930027917147E+38  3.586941484508629093E+54  2.331446296377576664E+54  1.255495188131122868E+54
  1.210675132603950682E-02  2.676693904673450277E+33 -1.383208687537686287E+40 -9.933473588227111636E+39 -8.341712881687031031E+38  3.581302079566593951E+54  2.334890331929888772E+54  1.246411747636777999E+54
  1.216307279589758962E-02  2.676400282098161620E+33 -1.805991663529987849E+40 -1.359920909742533111E+40 -1.780814683236516908E+39  3.575428673300827406E+54  2.338015295570261166E+54  1.237413377730644845E+54
  1.221956319450525838E-02  2.676019089642856518E+33 -2.296594663257933798E+40 -1.807407868266953807E+40 -3.021992734410117418E+39  3.569315317778395279E+54  2.340821611674216580E+54  1.228493706104245734E+54
  1.227622309474662304E-02  2.675535022188152154E+33 -2.839699829840989800E+40 -2.341880598818040984E+40 -4.633546330538860171E+39  3.562886715780340383E+54  2.343236536080236428E+54  1.219650179700171841E+54
  1.233305264608992174E-02  2.674932419685191056E+33 -3.440647460577892189E+40 -2.958689818989526617E+40 -6.691146208553808524E+39  3.556148973442543150E+54  2.345276271763089817E+54  1.210872701679519518E+54
  1.239005175490709432E-02  2.674195824247309818E+33 -4.095182549150884011E+40 -3.664490677012316678E+40 -9.187266219255752484E+39  3.549022572269762652E+54  2.346860620644179046E+54  1.202161951625632777E+54
  1.244722107825084120E-02  2.673310152405017565E+33 -4.788328868933362306E+40 -4.447748599398257576E+40 -1.220822883916502578E+40  3.541511006629815396E+54  2.348003232871372519E+54  1.193507773758498513E+54
  1.250456150513068639E-02  2.672260962564080441E+33 -5.524768918693915774E+40 -5.303935110777919802E+40 -1.580267387800000807E+40  3.533558335995182216E+54  2.348647869508340041E+54  1.184910466486893897E+54
  1.256207371677445575E-02  2.671034834559431568E+33 -6.295350564201830343E+40 -6.228467379310497146E+40 -1.992925311655134814E+40  3.525155226575373751E+54  2.348794583142738164E+54  1.176360643432690713E+54
  1.261975806642022871E-02  2.669619367663678998E+33 -7.088482519896122751E+40 -7.204496395643697352E+40 -2.462649529525412349E+40  3.516258623466326707E+54  2.348397867656866721E+54  1.167860755809511028E+54
  1.267761456661410657E-02  2.668003399818843376E+33 -7.918493211595724043E+40 -8.236026796166033508E+40 -2.991399689835720164E+40  3.506867625875289795E+54  2.347465848723591532E+54  1.159401777151764619E+54
  1.273564312706908924E-02  2.666176768322446676E+33 -8.764047348493787077E+40 -9.305228489392687947E+40 -3.570796409777541986E+40  3.496953482236826434E+54  2.345966396516001236E+54  1.150987085720871987E+54
  1.279384366261393860E-02  2.664130541478552013E+33 -9.629298873979196255E+40 -1.040875132886541356E+41 -4.205755490692439996E+40  3.486511580145968274E+54  2.343902526858785014E+54  1.142609053287247913E+54
  1.285221609964036851E-02  2.661856772791761188E+33 -1.051639579227914458E+41 -1.153957475106742154E+41 -4.890430234260874502E+40  3.475534104728196883E+54  2.341264057058329385E+54  1.134270047669939127E+54
  1.291076049577354751E-02  2.659348413484359289E+33 -1.141615623440767500E+41 -1.269692619150929765E+41 -5.620509647839930051E+40  3.464004886130692550E+54  2.338038793668281525E+54  1.125966092462463599E+54
  1.296947710022434974E-02  2.656599154551494784E+33 -1.233085045438442849E+41 -1.386707133310785406E+41 -6.395548726675163124E+40  3.451941910727234792E+54  2.334244764309367280E+54  1.117697146417917873E+54
  1.302836615764656203E-02  2.653603371073894300E+33 -1.326571528681071495E+41 -1.505815990302703280E+41 -7.214398174462185475E+40  3.439321986181988961E+54  2.329860775478046482E+54  1.109461210703985864E+54
  1.308742740558227480E-02  2.650355911088646300E+33 -1.420600796964087988E+41 -1.625642120199183051E+41 -8.064385288244227555E+40  3.426168595328164669E+54  2.324911014911152840E+54  1.101257580417061340E+54
  1.314666149224055433E-02  2.646851980708031986E+33 -1.516609465357957633E+41 -1.746813597018649922E+41 -8.957633603997592627E+40  3.412460592564075432E+54  2.319375391274560690E+54  1.093085201289559830E+54
  1.320606944669808214E-02  2.643087078643163453E+33 -1.614068102004864677E+41 -1.868965667079425240E+41 -9.878790018720008062E+40  3.398226005859500734E+54  2.313283419790179291E+54  1.084942586069366701E+54
  1.326565218941137478E-02  2.639056845760945012E+33 -1.712308948890086224E+41 -1.991791310675276952E+41 -1.083053536585359499E+41  3.383444514508295375E+54  2.306614856196283222E+54  1.076829658312044991E+54
  1.332541014225680810E-02  2.634757208411262473E+33 -1.812217293248445630E+41 -2.115364877717441714E+41 -1.181342108690299913E+41  3.368143940085420328E+54  2.299400975349707212E+54  1.068742964735758033E+54
  1.338534325537305177E-02  2.630184296683060866E+33 -1.913231803325378260E+41 -2.239860679225741447E+41 -1.282056272382713584E+41  3.352305425026007421E+54  2.291620657642104499E+54  1.060684767383937291E+54
  1.344545124952014302E-02  2.625334423771229999E+33 -2.014780240039954767E+41 -2.364658690508281960E+41 -1.385161008400566850E+41  3.335955963703612088E+54  2.283305441046008310E+54  1.052650522657647504E+54
  1.350573376286509988E-02  2.620204309399148381E+33 -2.117378863154055272E+41 -2.489927595562975128E+41 -1.490847957730733636E+41  3.319086725089055892E+54  2.274444379950430216E+54  1.044642345138665660E+54
  1.356619049848394737E-02  2.614790826423540369E+33 -2.220498885238566235E+41 -2.615539469913323027E+41 -1.598137009089086055E+41  3.301713142641983203E+54  2.265057291140089686E+54  1.036655851501920059E+54
  1.362682133612933347E-02  2.609091352465309237E+33 -2.323283753576590390E+41 -2.740929548025632913E+41 -1.707391502606493837E+41  3.283834438088651267E+54  2.255141023719342001E+54  1.028693414369327301E+54
  1.368762652665181899E-02  2.603103535526667730E+33 -2.426994989392234890E+41 -2.866385774983361312E+41 -1.818501106242053364E+41  3.265465847359438713E+54  2.244715105796805582E+54  1.020750741562670052E+54
  1.374860677636623348E-02  2.596825431866858489E+33 -2.529811278762152069E+41 -2.991209150905741004E+41 -1.930460158789373785E+41  3.246612767780132399E+54  2.233783132634171176E+54  1.012829635145987425E+54
  1.380976243170191006E-02  2.590255602931350745E+33 -2.632541442178933719E+41 -3.115133781743959550E+41 -2.043871673058214668E+41  3.227280178781744229E+54  2.222353436375228627E+54  1.004926742406540272E+54
  1.387109352105340629E-02  2.583393007903192976E+33 -2.735065837736720961E+41 -3.238385532182146236E+41 -2.158097671007888979E+41  3.207487007937224965E+54  2.210443664748236168E+54  9.970433431890056417E+53
  1.393260058497558865E-02  2.576237005936097346E+33 -2.836899678227266535E+41 -3.360448094913328268E+41 -2.272874756454029556E+41  3.187232832173232868E+54  2.198055187265745920E+54  9.891776449075014095E+53
  1.399428419260040184E-02  2.568787202203730446E+33 -2.937696255320893172E+41 -3.480810516307805064E+41 -2.388145089431796588E+41  3.166542805475788640E+54  2.185213822530156756E+54  9.813289829456403905E+53
  1.405614469465516631E-02  2.561043586228748335E+33 -3.038506363792346103E+41 -3.600085129594572088E+41 -2.503780055453911168E+41  3.145411892819082196E+54  2.171914857074759011E+54  9.734970357443328830E+53
  1.411818216015870223E-02  2.553006444498230009E+33 -3.137807035619682961E+41 -3.717554089682683551E+41 -2.619190429235057756E+41  3.123867389975996795E+54  2.158186496348979478E+54  9.656808936270278666E+53
  1.418039661506602378E-02  2.544676313162049718E+33 -3.236493406520700387E+41 -3.833190486858260234E+41 -2.734815875361292166E+41  3.101907677454443627E+54  2.144026752390752354E+54  9.578809250637140716E+53
  1.424278809727780315E-02  2.536053923515200909E+33 -3.334480851807362777E+41 -3.947336865672450301E+41 -2.849950404892301506E+41  3.079558907886347204E+54  2.129463845831268930E+54  9.500950620550866102E+53
  1.430535659123675397E-02  2.527140255232992377E+33 -3.431001563711672370E+41 -4.059391185315733018E+41 -2.964607532293360944E+41  3.056817865526777270E+54  2.114492815709468422E+54  9.423250498173207579E+53
  1.436810198152738485E-02  2.517936316870402611E+33 -3.526960290736582485E+41 -4.169579578953962306E+41 -3.078886912056043511E+41  3.033709313512714994E+54  2.099141125063116191E+54  9.345681884496130954E+53
  1.443102416084202436E-02  2.508443412813701145E+33 -3.621771504244463561E+41 -4.278015480564430644E+41 -3.192395238190997209E+41  3.010237400656193532E+54  2.083410816522270236E+54  9.268265841339338448E+53
  1.449412324519237273E-02  2.498662753746657804E+33 -3.715364121670760072E+41 -4.384194324691744790E+41 -3.305020118812293546E+41  2.986417836626552156E+54  2.067320325255029870E+54  9.190975113715304525E+53
  1.455739969345043114E-02  2.488595677701402287E+33 -3.807932688767258678E+41 -4.488518510665214581E+41 -3.416872738271733591E+41  2.962259385946014893E+54  2.050876696026681976E+54  9.113826899193356387E+53
  1.462085369636572860E-02  2.478243580977434221E+33 -3.899767607666507671E+41 -4.591096122204310643E+41 -3.527737734950002096E+41  2.937772944017897497E+54  2.034092589966069572E+54  9.036803540518396653E+53
  1.468448528257591118E-02  2.467607877296215824E+33 -3.989756790041181090E+41 -4.691366555907371946E+41 -3.637325175943132810E+41  2.912974141997622832E+54  2.016982795333037750E+54  8.959913466645935886E+53
  1.474829570971010473E-02  2.456689894593588688E+33 -4.079312782615342944E+41 -4.789910509688214849E+41 -3.746035705007306462E+41  2.887865658439895814E+54  1.999551458041786942E+54  8.883142003981144868E+53
  1.481228701808825869E-02  2.445490719495794750E+33 -4.167404103008092601E+41 -4.886588647533635523E+41 -3.853209015786139989E+41  2.862465436441353571E+54  1.981816436693181810E+54  8.806489997481869042E+53
  1.487646152372038011E-02  2.434011487393822990E+33 -4.254355537564649169E+41 -4.981217461404977042E+41 -3.959252359985949421E+41  2.836772493334016123E+54  1.963776969022710088E+54  8.729955243113109696E+53
  1.494082140932658301E-02  2.422253214170445452E+33 -4.340254675065123225E+41 -5.074122556883123513E+41 -4.063820449998436019E+41  2.810808530793010496E+54  1.945456256167194698E+54  8.653522746258139264E+53
  1.500536867233849547E-02  2.410217062085788846E+33 -4.425001049039465009E+41 -5.165257260986272762E+41 -4.166980985625452298E+41  2.784569206913042097E+54  1.926849220350751968E+54  8.577199865622880873E+53
  1.507010520136589822E-02  2.397904079983633578E+33 -4.508525804304325809E+41 -5.254478253464441051E+41 -4.268561052384616295E+41  2.758072414725329396E+54  1.907975341474626834E+54  8.500970732507063059E+53
  1.513503292046256693E-02  2.385315413238513407E+33 -4.590985145055075735E+41 -5.342115399865341647E+41 -4.368727627512315144E+41  2.731321123416171894E+54  1.888836594942224659E+54  8.424845284739428110E+53
  1.520015400162726647E-02  2.372452107967628645E+33 -4.672307421311103035E+41 -5.427991391449674429E+41 -4.467157622000305548E+41  2.704327326033254198E+54  1.869446859900933084E+54  8.348804661323117564E+53
  1.526547083849696083E-02  2.359315314838657534E+33 -4.752182501551990874E+41 -5.512042393685177731E+41 -4.563898126482873937E+41  2.677095045846611331E+54  1.849808692531545915E+54  8.272863533150664366E+53
  1.533098598609414394E-02  2.345906239604383426E+33 -4.831164383314321195E+41 -5.594584658649558404E+41 -4.659032932774791595E+41  2.649634208342591940E+54  1.829933372907051273E+54  8.197008354355503646E+53
  1.539670202310160219E-02  2.332226412048832564E+33 -4.908375610543096589E+41 -5.675202434880880976E+41 -4.752064653156416405E+41  2.621956092847947298E+54  1.809830198190934084E+54  8.121258946570161072E+53
  1.546262129846551377E-02  2.318277705127888115E+33 -4.984297756977361022E+41 -5.753914332887318755E+41 -4.843149423443519703E+41  2.594064316496153399E+54  1.789503025661255468E+54  8.045612908349011641E+53
  1.552874470162687003E-02  2.304062760114699059E+33 -5.058367662123741524E+41 -5.830625553870300610E+41 -4.931776172175442732E+41  2.565977318352371583E+54  1.768968289681966973E+54  7.970090286704085239E+53
  1.559507251935316786E-02  2.289585129811198296E+33 -5.130671097656227673E+41 -5.905102163152896191E+41 -5.018024336125738388E+41  2.537699684961100536E+54  1.748228100794540332E+54  7.894715841665482939E+53
  1.566160480110339800E-02  2.274848999723960246E+33 -5.200645397184013457E+41 -5.976922101646279334E+41 -5.101191043046932172E+41  2.509254048796458904E+54  1.727302947337362841E+54  7.819511014591015069E+53
  1.572834112870709691E-02  2.259859398298024593E+33 -5.268338572067719896E+41 -6.046016820662807817E+41 -5.181326831900728531E+41  2.480647024963935335E+54  1.706196264012879114E+54  7.744507609510613247E+53
  1.579528049382272412E-02  2.244622296844269094E+33 -5.333475381479928051E+41 -6.111953650902989399E+41 -5.257893235263687454E+41  2.451902087486138868E+54  1.684929411827816606E+54  7.669726756583241339E+53
  1.586242156424886446E-02  2.229144551459329728E+33 -5.395697622400497716E+41 -6.174497293446731750E+41 -5.330749857608615373E+41  2.423032566495193268E+54  1.663511533252535027E+54  7.595210332426597732E+53
  1.592976281164676725E-02  2.213433581113301286E+33 -5.455142918994641373E+41 -6.233363917009921367E+41 -5.399625380402352238E+41  2.394059784773133572E+54  1.641962753449546516E+54  7.520970313235935216E+53
  1.599730251309360030E-02  2.197497510264103529E+33 -5.511352295406260579E+41 -6.288456590432693983E+41 -5.464328533506929411E+41  2.365001715362990416E+54  1.620297317465574681E+54  7.447043978974151398E+53
  1.606503858888105180E-02  2.181344841351502079E+33 -5.564755901384762899E+41 -6.339663486636781959E+41 -5.524983674624451092E+41  2.335876123415252352E+54  1.598532107240395513E+54  7.373440161748509692E+53
  1.613296840649054015E-02  2.164984479424951750E+33 -5.614853447546887055E+41 -6.386974536632399023E+41 -5.581283409475375437E+41  2.306706589170929820E+54  1.576688013762875800E+54  7.300185754080531692E+53
  1.620108872624574300E-02  2.148425454818334244E+33 -5.662238720721349989E+41 -6.430535286082776252E+41 -5.633681864036054000E+41  2.277506142303038334E+54  1.554777382896506462E+54  7.227287594065274491E+53
  1.626937941458081460E-02  2.131680960053193732E+33 -5.706557963755665006E+41 -6.470486873119077517E+41 -5.681957266193622324E+41  2.248307267946020684E+54  1.532829196537778084E+54  7.154780714082340929E+53
  1.633781988388200573E-02  2.114764106944785201E+33 -5.748309868190460295E+41 -6.507082290996513504E+41 -5.726653624272145466E+41  2.219127916811035319E+54  1.510858772398919744E+54  7.082691444121194034E+53
  1.640640966223558955E-02  2.097682903627028197E+33 -5.787404156864145331E+41 -6.540568063904355499E+41 -5.767665406436804216E+41  2.189989631424207937E+54  1.488887587512684970E+54  7.011020439115225415E+53
  1.647514862835242067E-02  2.080444857805078820E+33 -5.824076261186138157E+41 -6.571228179866650548E+41 -5.805492561628052118E+41  2.160900846807399651E+54  1.466923207595742992E+54  6.939776392116513843E+53
  1.654403674849639141E-02  2.063057169983024021E+33 -5.858528200964756764E+41 -6.599318896513076899E+41 -5.840180355904701979E+41  2.131878426515663135E+54  1.444983168196434114E+54  6.868952583192296159E+53
  1.661307477733160384E-02  2.045526473083836736E+33 -5.890623154054130627E+41 -6.625027154626124139E+41 -5.871944638772493412E+41  2.102932283996559450E+54  1.423076502982555185E+54  6.798557810139957577E+53
  1.668226385878607970E-02  2.027859108804712714E+33 -5.920756234306387281E+41 -6.648575254176066648E+41 -5.901051896571858372E+41  2.074072568478346184E+54  1.401214322582696520E+54  6.728582458956621695E+53
  1.675160517392812118E-02  2.010061184716768172E+33 -5.948577482675828125E+41 -6.670020120368206359E+41 -5.927416211497103796E+41  2.045312250491380487E+54  1.379408879686421215E+54  6.659033708049598679E+53
  1.682109935261268466E-02  1.992138890236047044E+33 -5.974516072874668474E+41 -6.689534741421331955E+41 -5.951429230142960520E+41  2.016656216622217185E+54  1.357665739819127861E+54  6.589904768030842199E+53
  1.689074611680805096E-02  1.974098619266954039E+33 -5.998156888504986723E+41 -6.707036247758673892E+41 -5.972833157331030151E+41  1.988120337478347116E+54  1.336000251709884511E+54  6.521200857684688997E+53
  1.696054418172009137E-02  1.955947053633723693E+33 -6.019815698443408440E+41 -6.722658673552507520E+41 -5.992029668228863958E+41  1.959707600433954379E+54  1.314415307987855928E+54  6.452922924460957289E+53
  1.703049137429016313E-02  1.937691216114742134E+33 -6.039214383478791245E+41 -6.736226332633361980E+41 -6.008738930075631077E+41  1.931434501631207616E+54  1.292927279604961478E+54  6.385072220262520084E+53
  1.710058494330475576E-02  1.919338406185259082E+33 -6.056381706457171202E+41 -6.747821998529191651E+41 -6.023250200079968734E+41  1.903305096920826880E+54  1.271539341260801197E+54  6.317657556600267038E+53
  1.717082197496320323E-02  1.900896160273479982E+33 -6.071315205900119463E+41 -6.757252493395606285E+41 -6.035432332743299271E+41  1.875333545515325916E+54  1.250265890567248559E+54  6.250676549480697850E+53
  1.724119985827791621E-02  1.882372087105791942E+33 -6.083741777353011594E+41 -6.764541485588813862E+41 -6.045343799011626321E+41  1.847526755172746707E+54  1.229112619269549060E+54  6.184141359032016456E+53
  1.731171664653982992E-02  1.863773861166084969E+33 -6.093894840939094913E+41 -6.769514808041556281E+41 -6.053073385961233651E+41  1.819894528524735030E+54  1.208089700042693469E+54  6.118048284820399453E+53
  1.738237109176644229E-02  1.845109094207868979E+33 -6.101338958241590873E+41 -6.772141496116012079E+41 -6.058464249272180769E+41  1.792446694748680565E+54  1.187205958979733735E+54  6.052407357689422358E+53
  1.745316230569841226E-02  1.826385556282339254E+33 -6.106384345299756015E+41 -6.772293898703167346E+41 -6.061760658774036785E+41  1.765189238258190301E+54  1.166467537071933281E+54  5.987217011862622941E+53
  1.752408973077913823E-02  1.807611007800761296E+33 -6.108642448614097244E+41 -6.769893810085094895E+41 -6.062733047828482178E+41  1.738133663268735236E+54  1.145885397684892277E+54  5.922482655838411725E+53
  1.759515332790509423E-02  1.788793303002654940E+33 -6.108322107485628964E+41 -6.764867930318247471E+41 -6.061624149141375488E+41  1.711284248487117560E+54  1.125463555585137927E+54  5.858206929019733377E+53
  1.766635345571810831E-02  1.769940208136390065E+33 -6.105249718926393337E+41 -6.757122293457313152E+41 -6.058295633697765020E+41  1.684651730819265551E+54  1.105212734098318018E+54  5.794389967209480432E+53
  1.773769053370686383E-02  1.751059660378108390E+33 -6.099435882523116917E+41 -6.746629212673942282E+41 -6.052858576597591452E+41  1.658241003253010223E+54  1.085137220956546341E+54  5.731037822964639677E+53
  1.780916419924585131E-02  1.732159774464356945E+33 -6.090941988974270439E+41 -6.733309573906529258E+41 -6.045342032447743676E+41  1.632061028921376444E+54  1.065246109480456143E+54  5.668149194409159622E+53
  1.788077356074808943E-02  1.713248914357930336E+33 -6.079643410041131260E+41 -6.717169395169983974E+41 -6.035713523427403958E+41  1.606118532734488425E+54  1.045545380590259659E+54  5.605731521442306377E+53
  1.795251717939974623E-02  1.694335544343094233E+33 -6.065716550583518560E+41 -6.698161122456721034E+41 -6.024112210841483348E+41  1.580420851143565324E+54  1.026042309808661374E+54  5.543785413349037797E+53
  1.802439328514801944E-02  1.675428203193697972E+33 -6.049059483978327067E+41 -6.676315267857543753E+41 -6.010471844071203945E+41  1.554975343850754876E+54  1.006743705864045222E+54  5.482316379867091429E+53
  1.809639995100616530E-02  1.656535434423822757E+33 -6.029824937597757060E+41 -6.651620321855076119E+41 -5.994921629645171265E+41  1.529788508568552983E+54  9.876557138987611844E+53  5.421327946697971583E+53
  1.816853527594529047E-02  1.637665644094797922E+33 -6.008022437538288967E+41 -6.624127877315497479E+41 -5.977461203657293419E+41  1.504866997063198872E+54  9.687846831215112664E+53  5.360823139416876057E+53
  1.824079746324303725E-02  1.618827131751144760E+33 -5.983749256728440948E+41 -6.593874749108190146E+41 -5.958166777318112384E+41  1.480216757097753512E+54  9.501361655591601101E+53  5.300805915385959544E+53
  1.831318481403500231E-02  1.600027981183253611E+33 -5.957098623874099698E+41 -6.560930656342273668E+41 -5.937098012237007135E+41  1.455843308983767071E+54  9.317154897738378681E+53  5.241278192099280968E+53
  1.838569573986966257E-02  1.581276078930056162E+33 -5.928164210008832667E+41 -6.525375072076610950E+41 -5.914310936465006961E+41  1.431751578835516957E+54  9.135274517132246431E+53  5.182241271222949510E+53
  1.845832878140166167E-02  1.562579044335072023E+33 -5.897060848714523486E+41 -6.487300038678586852E+41 -5.889878263308145040E+41  1.407945919539352153E+54  8.955764043181855449E+53  5.123695152211691602E+53
  1.853108267409681389E-02  1.543944200056821363E+33 -5.863902115466193358E+41 -6.446802454855715100E+41 -5.863867353141053591E+41  1.384430026605883119E+54  8.778661687819586847E+53  5.065638578239230735E+53
  1.860395636919966872E-02  1.525378535214192813E+33 -5.828814024762403852E+41 -6.403993182110165779E+41 -5.836353695249944091E+41  1.361206973651467835E+54  8.604000759347634174E+53  5.008068977167002496E+53
  1.867694922091326509E-02  1.506888627881408879E+33 -5.791926845796004323E+41 -6.358993844164805860E+41 -5.807415922070093436E+41  1.338279168036027700E+54  8.431808637394865478E+53  4.950983042965339214E+53
  1.875006162291479803E-02  1.488480499612886825E+33 -5.753376394193590734E+41 -6.311930147159514453E+41 -5.777136454615983938E+41  1.315648242664237633E+54  8.262105758969844172E+53  4.894376667672540669E+53
  1.882329323002484081E-02  1.470159998461352051E+33 -5.713297243510528157E+41 -6.262938174139407348E+41 -5.745598340278322855E+41  1.293315540438164069E+54  8.094909072244476030E+53  4.838246332137140838E+53
  1.889664346439062087E-02  1.451932706536940322E+33 -5.671825647433982084E+41 -6.212149796483162014E+41 -5.712883596432335708E+41  1.271282040000980234E+54  7.930231465059608097E+53  4.782588934950210406E+53
  1.897011166876777163E-02  1.433803856003526280E+33 -5.629091887552753523E+41 -6.159701591059646150E+41 -5.679068833622179152E+41  1.249548263654945574E+54  7.768080999531883784E+53  4.727401637017568556E+53
  1.904369711603617205E-02  1.415778364073889442E+33 -5.585220099126954870E+41 -6.105718814222611737E+41 -5.644222941431042572E+41  1.228114353917917775E+54  7.608461544813163174E+53  4.672681994366039248E+53
  1.911739896974972916E-02  1.397860855688948118E+33 -5.540319750900072511E+41 -6.050319191075366410E+41 -5.608401789921057819E+41  1.206980117917134801E+54  7.451373164940654057E+53  4.618428014230683744E+53
  1.919121627728044566E-02  1.380055687751607393E+33 -5.494489543889426875E+41 -5.993601484681661212E+41 -5.571648958176368974E+41  1.186145058499118890E+54  7.296812415970630826E+53  4.564638169020543617E+53
  1.926514774026392637E-02  1.362367059179774570E+33 -5.447814763772985709E+41 -5.935652059899350521E+41 -5.533995710788040399E+41  1.165608532802173540E+54  7.144773716663878330E+53  4.511311611357849417E+53
  1.933918753225693718E-02  1.344800011131097023E+33 -5.400371372639924177E+41 -5.876548085502819541E+41 -5.495464443469649500E+41  1.145370908090753656E+54  6.995258006879874604E+53  4.458451074027676421E+53
  1.941333459820424046E-02  1.327358248129640112E+33 -5.352227694316419354E+41 -5.816353408118131374E+41 -5.456071291976277582E+41  1.125431063776415680E+54  6.848254443240281776E+53  4.406056194523870771E+53
  1.948758775821437736E-02  1.310045339093093739E+33 -5.303445342595046550E+41 -5.755123380671088623E+41 -5.415825565345183913E+41  1.105787797737620013E+54  6.703750949543643776E+53  4.354127027832559754E+53
  1.956194589236951234E-02  1.292864696678287496E+33 -5.254081535549418589E+41 -5.692906506868019522E+41 -5.374735683894000772E+41  1.086439804082818536E+54  6.561734156239822822E+53  4.302663884588349775E+53
  1.963640790340610148E-02  1.275819583696837549E+33 -5.204189413088881089E+41 -5.629749362807329048E+41 -5.332810502664635142E+41  1.067385695051146845E+54  6.422189668963186987E+53  4.251667281548241475E+53
  1.971097355727104497E-02  1.258912947194511161E+33 -5.153818417049008426E+41 -5.565695433090433115E+41 -5.290060333106541228E+41  1.048623826270528078E+54  6.285100911942385800E+53  4.201137350762894979E+53
  1.978564226434855952E-02  1.242147688568559076E+33 -5.103018285786512683E+41 -5.500789599069209226E+41 -5.246499876566091339E+41  1.030152583937504080E+54  6.150451229322009745E+53  4.151074610052994473E+53
  1.986041276504130898E-02  1.225526724537775423E+33 -5.051844901762528883E+41 -5.435079037510908775E+41 -5.202149339877695787E+41  1.011970458366297493E+54  6.018224467568328338E+53  4.101480116094605760E+53
  1.993528357771246623E-02  1.209052878604083755E+33 -5.000350345818111553E+41 -5.368614518157144133E+41 -5.157031950183891655E+41  9.940759297125725709E+53  5.888404185331822136E+53  4.052355111793868693E+53
  2.001025334819367743E-02  1.192728798160520251E+33 -4.948583912919826879E+41 -5.301444232115845460E+41 -5.111172806648446914E+41  9.764673632111200580E+53  5.760972871589240709E+53  4.003700760521925843E+53
  2.008532092248363835E-02  1.176556928647596036E+33 -4.896592200981808167E+41 -5.233614876884307890E+41 -5.064596069408742055E+41  9.591429441655922367E+53  5.635911376676196256E+53  3.955518064979726111E+53
  2.016048543632909321E-02  1.160539492657915141E+33 -4.844414820821830258E+41 -5.165171082911999206E+41 -5.017325246082344257E+41  9.421006718947367006E+53  5.513198926650201589E+53  3.907807792297147552E+53
  2.023574635477078804E-02  1.144678480484279455E+33 -4.792081810161850044E+41 -5.096164807827396401E+41 -4.969381768660443355E+41  9.253383689584806754E+53  5.392813237222761677E+53  3.860570452362011900E+53
  2.031110343090740400E-02  1.128975655472810340E+33 -4.739618293328394689E+41 -5.026648451295419451E+41 -4.920785112960678593E+41  9.088536964331738037E+53  5.274730645980600317E+53  3.813806318351150056E+53
  2.038655669374927690E-02  1.113432553087985642E+33 -4.687042934729373497E+41 -4.956667697711810088E+41 -4.871553552050268492E+41  8.926441266038004229E+53  5.158925841935655178E+53  3.767515424102350327E+53
  2.046210620468781605E-02  1.098050529184566551E+33 -4.634365222870991682E+41 -4.886267133581820083E+41 -4.821703832097526992E+41  8.767070142105727467E+53  5.045372440511992481E+53  3.721697701593757104E+53
  2.053775189055854697E-02  1.082830795362929067E+33 -4.581587731924352586E+41 -4.815495899740777652E+41 -4.771253891194462273E+41  8.610396704611449941E+53  4.934043616141646764E+53  3.676353088469825296E+53
  2.061349353241234694E-02  1.067774423224722959E+33 -4.528708167595380550E+41 -4.744403869351936986E+41 -4.720225060582644060E+41  8.456393773292668772E+53  4.824912188798830875E+53  3.631481584493843852E+53
  2.068933074571238304E-02  1.052882350204053157E+33 -4.475729608391483602E+41 -4.673039036074159542E+41 -4.668643324189119265E+41  8.305033743789569469E+53  4.717950442444745301E+53  3.587083301344812683E+53
  2.076526298103221688E-02  1.038155379248514787E+33 -4.422653292338883316E+41 -4.601448019856100472E+41 -4.616543692072849377E+41  8.156288823400862445E+53  4.613130356748650076E+53  3.543158466652201309E+53
  2.084128953235279275E-02  1.023594179889638574E+33 -4.369469384760989569E+41 -4.529679992218799062E+41 -4.563972973191654447E+41  8.010130908032236324E+53  4.510423555812381450E+53  3.499707352219865083E+53
  2.091740957940464371E-02  1.009199282179737599E+33 -4.316169079975195368E+41 -4.457784825980229458E+41 -4.510988245360126138E+41  7.866531333910943556E+53  4.409801198788809629E+53  3.456730135122124570E+53
  2.099362221752857846E-02  9.949710777373740749E+32 -4.262750389358245674E+41 -4.385811807616871046E+41 -4.457651533604177823E+41  7.725460300354663978E+53  4.311233537718596026E+53  3.414226762636072205E+53
  2.106992645687388865E-02  9.809098282554351037E+32 -4.209208791269077773E+41 -4.313808486855809675E+41 -4.404031414373166990E+41  7.586887249818173426E+53  4.214690267136582871E+53  3.372196982681581623E+53
  2.114632118503795288E-02  9.670156781378637164E+32 -4.155528582413271468E+41 -4.241829864807697853E+41 -4.350201865822104710E+41  7.450781057594231577E+53  4.120140655783691183E+53  3.330640401810542947E+53
  2.122280514419517747E-02  9.532886668233563088E+32 -4.101700819068608456E+41 -4.169930178208695937E+41 -4.296241648354345654E+41  7.317110389672627973E+53  4.027553780555198618E+53  3.289556609117413192E+53
  2.129937694947686352E-02  9.397287330558001798E+32 -4.047734233313547427E+41 -4.098158550314934830E+41 -4.242238026663144285E+41  7.185843656879410375E+53  3.936898375128769140E+53  3.248945281750622520E+53
  2.137603515302931995E-02  9.263357056608324626E+32 -3.993636161617286696E+41 -4.026565628157186466E+41 -4.188274800968392674E+41  7.056948792457917100E+53  3.848142712938557568E+53  3.208806079519372292E+53
  2.145277833065019346E-02  9.131092900337666887E+32 -3.939413958778283573E+41 -3.955213318663694955E+41 -4.134426597435371988E+41  6.930393650837112808E+53  3.761255258036884471E+53  3.169138392800216002E+53
  2.152960517024908246E-02  9.000490604547538578E+32 -3.885097864669569409E+41 -3.884156653359337437E+41 -4.080757138670062600E+41  6.806145610179637603E+53  3.676204290360763653E+53  3.129941319818858638E+53
  2.160651453917533313E-02  8.871544560193472527E+32 -3.830728348122458471E+41 -3.813443191079157908E+41 -4.027320962123689877E+41  6.684171902980475358E+53  3.592958130179577990E+53  3.091213772800905874E+53
  2.168350552512321103E-02  8.744247825125815334E+32 -3.776346896591318821E+41 -3.743123982404285519E+41 -3.974166942231100765E+41  6.564439696583241120E+53  3.511485183726221737E+53  3.052954512857013853E+53
  2.176057739198685587E-02  8.618592289749081137E+32 -3.722015779579722581E+41 -3.673263321687897450E+41 -3.921335765849445223E+41  6.446916089734680932E+53  3.431753899515887625E+53  3.015162190218767786E+53
  2.183772943239849565E-02  8.494568906570302122E+32 -3.667812815955564595E+41 -3.603916280317651158E+41 -3.868863028610496102E+41  6.331568022691071811E+53  3.353732752110808489E+53  2.977835270580256091E+53
  2.191496116645496456E-02  8.372167384397367715E+32 -3.613801800568381495E+41 -3.535129513499826595E+41 -3.816784983065719866E+41  6.218361744671977213E+53  3.277389959987333140E+53  2.940971784684664916E+53
  2.199227230920784704E-02  8.251376380797532882E+32 -3.560039935011693858E+41 -3.466953991809215102E+41 -3.765146935137217197E+41  6.107262762343206603E+53  3.202693250767682421E+53  2.904569511575539495E+53
  2.206966269671715303E-02  8.132183695803407672E+32 -3.506588120327250471E+41 -3.399449721782747568E+41 -3.713992919199781355E+41  5.998236273726715269E+53  3.129610184872209841E+53  2.868626088854515636E+53
  2.214713219778079167E-02  8.014576441492052428E+32 -3.453509459257346246E+41 -3.332665055013229630E+41 -3.663363177445718831E+41  5.891247420591008234E+53  3.058108394471003344E+53  2.833139026120016800E+53
  2.222468065048185254E-02  7.898541203173467701E+32 -3.400855510738774211E+41 -3.266646641325956324E+41 -3.613293871418532536E+41  5.786261475377479671E+53  2.988155726141662760E+53  2.798105749235836477E+53
  2.230230782883919904E-02  7.784064134028187651E+32 -3.348659912355072842E+41 -3.201442001743948870E+41 -3.563819545788925579E+41  5.683243547703849726E+53  2.919719935851739117E+53  2.763523611852100825E+53
  2.238001342054004444E-02  7.671131041097029760E+32 -3.296955600631573205E+41 -3.137094538893866315E+41 -3.514964586762883687E+41  5.582159243067903463E+53  2.852769349286178110E+53  2.729389893781713869E+53
  2.245779706892813213E-02  7.559727360960812317E+32 -3.245783116733151804E+41 -3.073643754302296850E+41 -3.466744031738754400E+41  5.482974467444385921E+53  2.787272705367303104E+53  2.695701762077093876E+53
  2.253565836314402188E-02  7.449838225272631806E+32 -3.195167974001726439E+41 -3.011132924722860405E+41 -3.419165659573413557E+41  5.385655267713602325E+53  2.723198968621845785E+53  2.662456299091762070E+53
  2.261359678016873140E-02  7.341448619234387432E+32 -3.145120202743439406E+41 -2.949596732319305397E+41 -3.372222184246243294E+41  5.290167823345035290E+53  2.660517240122215737E+53  2.629650583222803814E+53
  2.269161166921201261E-02  7.234543458479449657E+32 -3.095655841790846625E+41 -2.889058958235697964E+41 -3.325902125588833991E+41  5.196479664937321635E+53  2.599197870960368342E+53  2.597281793976954994E+53
  2.276970225637528836E-02  7.129107650285756391E+32 -3.046802830847982344E+41 -2.829543728982519830E+41 -3.280194627009746201E+41  5.104559685270347184E+53  2.539212330252249550E+53  2.565347355018100611E+53
  2.284786766190756435E-02  7.025126116683223515E+32 -2.998588644625520664E+41 -2.771086849887780835E+41 -3.235072555187558950E+41  5.014377674976152695E+53  2.480532649433341376E+53  2.533845025542810468E+53
  2.292610692373007325E-02  6.922583816160770821E+32 -2.951027696012450368E+41 -2.713701592616323553E+41 -3.190504397821016882E+41  4.925904745924050645E+53  2.423131906740026784E+53  2.502772839184037898E+53
  2.300441903862352269E-02  6.821465697553912108E+32 -2.904135959947274348E+41 -2.657390258877979654E+41 -3.146466845448692645E+41  4.839112693219774372E+53  2.366983694590716983E+53  2.472128998629041651E+53
  2.308280304276539088E-02  6.721756555227383148E+32 -2.857944399747735158E+41 -2.602155121155429262E+41 -3.102935383565708017E+41  4.753973483694650673E+53  2.312061872030007124E+53  2.441911611664634191E+53
  2.316125801146865643E-02  6.623441036361533533E+32 -2.812487674517302251E+41 -2.548000956357857957E+41 -3.059892364435690957E+41  4.670458722812473013E+53  2.258340143416587763E+53  2.412118579395887377E+53
  2.323978307683442768E-02  6.526503632001519695E+32 -2.767785252611923546E+41 -2.494923371957920030E+41 -3.017335354942186440E+41  4.588540389852538685E+53  2.205792860119929191E+53  2.382747529732592480E+53
  2.331837744506749799E-02  6.430928706185826370E+32 -2.723846047024699455E+41 -2.442905064232276436E+41 -2.975272588007655574E+41  4.508190395311082826E+53  2.154394498416872711E+53  2.353795896894197780E+53
  2.339704040762408122E-02  6.336700558226867218E+32 -2.680664287725193711E+41 -2.391921634284692761E+41 -2.933711283351869459E+41  4.429379583511137676E+53  2.104118577501608645E+53  2.325261006009530307E+53
  2.347577134441129754E-02  6.243803519232914587E+32 -2.638215674634404753E+41 -2.341960827911766927E+41 -2.892652922576195971E+41  4.352080060125582001E+53  2.054939831034322834E+53  2.297140229091260018E+53
  2.355456971950297546E-02  6.152222002863928155E+32 -2.596458618284192531E+41 -2.293016025348381883E+41 -2.852108477296124393E+41  4.276265645320034230E+53  2.006834497178890364E+53  2.269431148141149821E+53
  2.363343507161170740E-02  6.061940558498509226E+32 -2.555352943589355287E+41 -2.245048964727849534E+41 -2.812094744961880830E+41  4.201910401104777379E+53  1.959778822318038667E+53  2.242131578786740414E+53
  2.371236700272088757E-02  5.972943961268013315E+32 -2.514871230633286133E+41 -2.198007358833253288E+41 -2.772620052732496369E+41  4.128988486622299245E+53  1.913748916010214488E+53  2.215239570612098794E+53
  2.379136516342363408E-02  5.885217287500172327E+32 -2.474983087526063169E+41 -2.151847854158197151E+41 -2.733689480302749048E+41  4.057476825424775111E+53  1.868723206572656646E+53  2.188753618852107406E+53
  2.387042923405182163E-02  5.798745984024778090E+32 -2.435659152560276838E+41 -2.106532183870634101E+41 -2.695310096079296071E+41  3.987354456937937847E+53  1.824681576398006408E+53  2.162672880539929951E+53
  2.394955890533202736E-02  5.713515904918661967E+32 -2.396885581736372249E+41 -2.062010905084902478E+41 -2.657473380797870436E+41  3.918599836395746441E+53  1.781602923061124813E+53  2.136996913334623968E+53
  2.402875385946928732E-02  5.629513338606314579E+32 -2.358651808213468856E+41 -2.018222663747049977E+41 -2.620164199943361783E+41  3.851192843361527203E+53  1.739467225721899539E+53  2.111725617639623197E+53
  2.410801375237870553E-02  5.546725014749421175E+32 -2.320927044905693018E+41 -1.975104418803006611E+41 -2.583365143541857267E+41  3.785116512465649006E+53  1.698257064826735603E+53  2.086859447638895538E+53
  2.418733819736784349E-02  5.465138181048662095E+32 -2.283650758708914433E+41 -1.932591648119158739E+41 -2.547069984749230714E+41  3.720355438242519156E+53  1.657955745438143919E+53  2.062399692804388635E+53
  2.426672675147518651E-02  5.384740718260673832E+32 -2.246786128735672411E+41 -1.890603969308485488E+41 -2.511266788940746941E+41  3.656894560249354057E+53  1.618546083075397406E+53  2.038348477173955375E+53
  2.434617890776033869E-02  5.305521108017227698E+32 -2.210294725333280620E+41 -1.849059609951285056E+41 -2.475929357165063710E+41  3.594721157946576857E+53  1.580012491312994372E+53  2.014708666633571851E+53
  2.442569409508124623E-02  5.227468365196639952E+32 -2.174128799565479812E+41 -1.807887755691226910E+41 -2.441035417967014559E+41  3.533825036279761206E+53  1.542341183392918147E+53  1.991483852886854544E+53
  2.450527168456800159E-02  5.150571923173297004E+32 -2.138244264090050392E+41 -1.767055171685205972E+41 -2.406567645711936839E+41  3.474196556270534666E+53  1.505518671555403098E+53  1.968677884715121573E+53
  2.458491100841499882E-02  5.074821434109146514E+32 -2.102592503488905464E+41 -1.726538708477873841E+41 -2.372497499493450342E+41  3.415825175582964417E+53  1.469530860570695113E+53  1.946294315012274196E+53
  2.466461137804266610E-02  5.000206602541033358E+32 -2.067124287207349804E+41 -1.686326651244958305E+41 -2.338787298797279231E+41  3.358700187093058162E+53  1.434364119183115217E+53  1.924336067909942732E+53
  2.474437210322871783E-02  4.926717068433951161E+32 -2.031809678897674040E+41 -1.646422173045312060E+41 -2.305400907654219024E+41  3.302811342342946601E+53  1.400005916174465980E+53  1.902805426168487214E+53
  #time                     mass                      x-momentum                y-momentum                z-momentum                E_total                   E_kinetic                 E_internal               
  0.000000000000000000E+00  2.677397283470076024E+33  0.000000000000000000E+00  0.000000000000000000E+00  0.000000000000000000E+00  1.816832955406034614E+51  0.000000000000000000E+00  1.816832955406034614E+51
  9.999999999999999547E-07  2.677397283470077753E+33 -5.718292890049424700E+29 -5.717701683892245957E+29 -5.723479361256274436E+29  1.843719918286162596E+51  2.688252222165260834E+49  1.816837396064508513E+51
  2.482419250968508420E-02  4.854342196888445205E+32 -1.996632946839273747E+41 -1.606845127472023408E+41 -2.272313723491441147E+41  3.248147951942579320E+53  1.366444250602373344E+53  1.881703701340215334E+53
  2.490407195291677311E-02  4.783070933227414605E+32 -1.961590827359693950E+41 -1.567619012583308205E+41 -2.239502738986766735E+41  3.194697321071974783E+53  1.333666491632642432E+53  1.861030829439323632E+53
  3.000000000000000076E-06  2.677397283470083518E+33 -1.715779526779053005E+30 -1.715634281156053568E+30 -1.715447243262986893E+30  2.059286364615729557E+51  2.422703356536381263E+50  1.817016028962087734E+51
  6.999999999999999895E-06  2.677397283470097353E+33 -4.003659213049617189E+30 -4.004084122030332369E+30 -4.003972180583358721E+30  3.148861287911151816E+51  1.327836345874850409E+51  1.821024942036279142E+51
  2.498400982843825002E-02  4.712891792747331883E+32 -1.926682424641059284E+41 -1.528764653911432196E+41 -2.206952987400784003E+41  3.142443030497672193E+53  1.301657623549459592E+53  1.840785406948207709E+53
  1.499999999999999869E-05  2.677397283470096200E+33 -8.580868199472626072E+30 -8.581823403018866749E+30 -8.581339475266907725E+30  8.161681667910544558E+51  6.268015114271113976E+51  1.893666553649131288E+51
  2.506400557933469858E-02  4.643792766317712557E+32 -1.891905517711558803E+41 -1.490301438964462359E+41 -2.174666291122441053E+41  3.091366367036848841E+53  1.270401852471883363E+53  1.820964514564965903E+53
  3.099999999999999457E-05  2.677397283470090436E+33 -1.773501876720974670E+31 -1.773620971025779456E+31 -1.775766397798599448E+31  3.223289997706865967E+52  2.930670062859482049E+52  2.926199348522874402E+51
  2.514405870051375849E-02  4.575761269545252121E+32 -1.857271831394578766E+41 -1.452269042196707952E+41 -2.142655119176993405E+41  3.041447789788482587E+53  1.239883955109888374E+53  1.801563834678602721E+53
  6.299999999999998635E-05  2.677397283470097353E+33 -3.605437515387622835E+31 -3.606056719636643076E+31 -3.610108743806571343E+31  1.750824149836513611E+53  1.548066675072713758E+53  2.027574747635618677E+52
  1.139063430354466365E-04  2.677397283470119835E+33 -6.515288763074714092E+31 -6.514588795025157222E+31 -6.514967515122220567E+31  9.139390300562827482E+53  6.312489832969661204E+53  2.826900467594632896E+53
  2.522416874057991157E-02  4.508784199913463214E+32 -1.822788869183492843E+41 -1.414725794026397760E+41 -2.110922981380948967E+41  2.992667041879691107E+53  1.210089107684070403E+53  1.782577934195612835E+53
  1.312193284809747798E-04  2.677397283470113494E+33 -7.501781117485025666E+31 -7.501080544972558988E+31 -7.501088406768279670E+31  1.269363825661419626E+54  5.471275780225841386E+53  7.222362476390561603E+53
  1.446765619443305274E-04  2.677397283470108306E+33 -8.257268239059624073E+31 -8.257305836652614088E+31 -8.257810064500402604E+31  1.484594032964786494E+54  4.041963784506892502E+53  1.080397654514330167E+54
  2.530433523474887383E-02  4.442848113648559718E+32 -1.788465228616960419E+41 -1.377713534837418804E+41 -2.079472081136494517E+41  2.945002688891343951E+53  1.181002130276693335E+53  1.764000558614654232E+53
  2.538455772210431935E-02  4.377939432419621060E+32 -1.754310044996086822E+41 -1.341254480856305410E+41 -2.048308044753131913E+41  2.898431996503541745E+53  1.152606955011213112E+53  1.745825041492327358E+53
  1.559889100279643868E-04  2.677397283470126176E+33 -8.889596647223891940E+31 -8.889551100943637958E+31 -8.889881772378448050E+31  1.607317278958184257E+54  2.712060044801095305E+53  1.336111274478313732E+54
  1.660691859487888088E-04  2.677397283470106576E+33 -9.453851674078838770E+31 -9.453795791482827084E+31 -9.454163871615967875E+31  1.677849182424171394E+54  1.779497945046825677E+53  1.499899387919401459E+54
  1.753892289384930249E-04  2.677397283470108882E+33 -9.976601149450857128E+31 -9.976546883793129176E+31 -9.976918175135478319E+31  1.719429464699764002E+54  1.095478929865217864E+53  1.609881571713151402E+54
  2.546483580807847036E-02  4.314044500537168165E+32 -1.720352533178682769E+41 -1.305378015916670048E+41 -2.017443175647012785E+41  2.852931652545412439E+53  1.124887192925888001E+53  1.728044459619517846E+53
  1.844822338441898344E-04  2.677397283470109459E+33 -1.048818460060780977E+32 -1.048812391253166511E+32 -1.048849799951497212E+32  1.745457844850766164E+54  6.722472761072893184E+52  1.678233117240117294E+54
  2.554516915572060259E-02  4.251149573954315362E+32 -1.686619771278339137E+41 -1.270126461754747555E+41 -1.986889970313177673E+41  2.808478879304179472E+53  1.097827287380478763E+53  1.710651591923706239E+53
  2.562555746853635574E-02  4.189240864287736726E+32 -1.653131608920977357E+41 -1.235516878001360716E+41 -1.956650854149578070E+41  2.765050788210820646E+53  1.071411706854921538E+53  1.693639081355896981E+53
  1.936445811935880255E-04  2.677397283470122141E+33 -1.100457570796420587E+32 -1.100451483854918827E+32 -1.100488833618115821E+32  1.762677656572226810E+54  3.906105388688412419E+52  1.723616602685426433E+54
  2.570600046949239256E-02  4.128304685114126876E+32 -1.619929098007610625E+41 -1.201550266429582334E+41 -1.926725784544218741E+41  2.722624409790693132E+53  1.045624845985956037E+53  1.676999563804733479E+53
  2.578649788452514954E-02  4.068327509428578423E+32 -1.587066227850640549E+41 -1.168227992320595625E+41 -1.897124124636305495E+41  2.681177588520095109E+53  1.020451759122429866E+53  1.660725829397660989E+53
  2.586704942899405515E-02  4.009295990274269064E+32 -1.554598328552397866E+41 -1.135568996680285875E+41 -1.867863580961201623E+41  2.640689009900702981E+53  9.958781542107523395E+52  1.644810855689948727E+53
  2.035240563425545757E-04  2.677397283470120988E+33 -1.156218056233382096E+32 -1.156209630020419382E+32 -1.156243930268236398E+32  1.775348252252267916E+54  2.293232092287545999E+52  1.752415931329397433E+54
  2.146602478883157309E-04  2.677397283470131364E+33 -1.218883638832100208E+32 -1.218875865439080086E+32 -1.218909609581020079E+32  1.785760725057544397E+54  1.383600126488472244E+52  1.771924723792675341E+54
  2.594765480150111950E-02  3.951196939734804302E+32 -1.522594862864509817E+41 -1.103599431052954627E+41 -1.838953172843861387E+41  2.601138088865192881E+53  9.718904042911581510E+52  1.629247684574028775E+53
  2.279301299106348700E-04  2.677397283470112918E+33 -1.293377043373843850E+32 -1.293368623205510235E+32 -1.293401490876231007E+32  1.795844942067131108E+54  9.680586846866286770E+51  1.786164355220264703E+54
  2.439718875866542117E-04  2.677397283470125600E+33 -1.382970832052309824E+32 -1.382961970626052049E+32 -1.382994919899265646E+32  1.807524751717822018E+54  8.634760974275959816E+51  1.798889990743531547E+54
  2.602831367214142669E-02  3.894017361900230217E+32 -1.491119131331006697E+41 -1.072332991743201180E+41 -1.810398743199859854E+41  2.562504277449293349E+53  9.484748818310319425E+52  1.614029395618258642E+53
  2.626888315638248143E-04  2.677397283470140011E+33 -1.486799123838457347E+32 -1.486789827198904511E+32 -1.486820273995671505E+32  1.822903384375040951E+54  9.925450192076701907E+51  1.812977934182977649E+54
  2.823258326269893737E-04  2.677397283470138858E+33 -1.595310854696082924E+32 -1.595301400896173538E+32 -1.595328680307293142E+32  1.842061118829948739E+54  1.251975948639616923E+52  1.829541359343538652E+54
  2.610902567261731005E-02  3.837744538108439824E+32 -1.460212990578092762E+41 -1.041768544585662948E+41 -1.782211176385253934E+41  2.524766993816906598E+53  9.256177034911474694E+52  1.599149290325752748E+53
  2.618979040600391203E-02  3.782365936511238121E+32 -1.429903961180662123E+41 -1.011923427111505002E+41 -1.754402211242183206E+41  2.487906540239834016E+53  9.033057320219030450E+52  1.584600808217932141E+53
  3.009261283291772256E-04  2.677397283470143470E+33 -1.698448994910328848E+32 -1.698439794984841580E+32 -1.698465702265155922E+32  1.862164998039269678E+54  1.500552896456500438E+52  1.847159469074701587E+54
  3.177002054127067254E-04  2.677397283470139435E+33 -1.792126262999143626E+32 -1.792116712485168670E+32 -1.792144408975696041E+32  1.880262182711488061E+54  1.568335775290775980E+52  1.864578824958576895E+54
  2.627060745464995795E-02  3.727869147328288718E+32 -1.400218449962812966E+41 -9.828286250142577698E+40 -1.726981218248643662E+41  2.451903972433536148E+53  8.815265533615886603E+52  1.570377419071941533E+53
  3.333839891118074088E-04  2.677397283470140588E+33 -1.880104533881713080E+32 -1.880093726084885725E+32 -1.880121392352267606E+32  1.896086396579492740E+54  1.395102083982550339E+52  1.882135375739604697E+54
  3.496559634466263919E-04  2.677397283470148082E+33 -1.971270137687696504E+32 -1.971259861818229780E+32 -1.971287183541753070E+32  1.911630319669913061E+54  1.240699718328923961E+52  1.899223322486563025E+54
  2.635147638753446847E-02  3.674241785576205197E+32 -1.371180533560042988E+41 -9.545116414981173256E+40 -1.699957707265474087E+41  2.416740815751263898E+53  8.602682838002336096E+52  1.556472531951020930E+53
  3.672217090712732003E-04  2.677397283470148658E+33 -2.069294267810550427E+32 -2.069281066340600235E+32 -2.069305788873611355E+32  1.928592090881135086E+54  1.243677773943668032E+52  1.916155313141681900E+54
  2.643239676213367945E-02  3.621471369949675163E+32 -1.342808097443367689E+41 -9.269994452110567265E+40 -1.673344332914953034E+41  2.382398801569959249E+53  8.395194696960271458E+52  1.542879331873934442E+53
  2.651336813057832142E-02  3.569545316420867344E+32 -1.315115916067404373E+41 -9.003066222651103457E+40 -1.647142438197983692E+41  2.348859002085824644E+53  8.192682797268178515E+52  1.529590722359005304E+53
  3.853636178867811315E-04  2.677397283470153846E+33 -2.170335030531088734E+32 -2.170321804882622150E+32 -2.170345753703108716E+32  1.947010389972057355E+54  1.349052248028890144E+52  1.933519867491759843E+54
  2.659439004758585787E-02  3.518450898939138384E+32 -1.288115282920441902E+41 -8.744358463384897337E+40 -1.621346330287241366E+41  2.316102138043166388E+53  7.995029104304256070E+52  1.516599227612746416E+53
  2.667546207787144588E-02  3.468175234724093029E+32 -1.261808222176478784E+41 -8.493842615772884638E+40 -1.595947461212993235E+41  2.284108700029243823E+53  7.802116091436360287E+52  1.503897090885608645E+53
  4.030084096561060763E-04  2.677397283470164223E+33 -2.268725755319482598E+32 -2.268712191171786521E+32 -2.268736430134469795E+32  1.965449757606875113E+54  1.447429027928892750E+52  1.950975467327596466E+54
  2.675658380171450079E-02  3.418705333444371084E+32 -1.236194131551218749E+41 -8.251413401371314578E+40 -1.570932011333750074E+41  2.252859005692226579E+53  7.613826542903877459E+52  1.491476351401834154E+53
  2.683775481726052500E-02  3.370028151766743453E+32 -1.211272245328890236E+41 -8.016952708191643259E+40 -1.546273553436952089E+41  2.222333363576249462E+53  7.430043626537862936E+52  1.479329000922460191E+53
  4.197231067075583096E-04  2.677397283470159034E+33 -2.362235224504534865E+32 -2.362221829606453535E+32 -2.362243844145628717E+32  1.982594331230201700E+54  1.439120635118705338E+52  1.968203124878963099E+54
  4.360004038722935997E-04  2.677397283470166528E+33 -2.453480327272416147E+32 -2.453467246695047917E+32 -2.453492295638030332E+32  1.998539017230595734E+54  1.336350283870755562E+52  1.985175514391830955E+54
  2.691897474001558530E-02  3.322130672449416868E+32 -1.187033473266045890E+41 -7.790315230515573159E+40 -1.521943487816628966E+41  2.192512325816372068E+53  7.250652784679859406E+52  1.467447047348385277E+53
  4.526585153668857115E-04  2.677397283470170564E+33 -2.546864962777335008E+32 -2.546847530067016165E+32 -2.546866486023867722E+32  2.014334536663772032E+54  1.259677552218995202E+52  2.001737761141549038E+54
  4.699149352473844070E-04  2.677397283470163646E+33 -2.643515777347623104E+32 -2.643498054495107554E+32 -2.643511884606483945E+32  2.030708674329939250E+54  1.261975812305123950E+52  2.018088916206843099E+54
  2.700024320502474040E-02  3.274999933230823334E+32 -1.163463009579044772E+41 -7.571365491118465125E+40 -1.497921068466619470E+41  2.163376855788701780E+53  7.075542994716068294E+52  1.455822556317090591E+53
  4.873204744759030826E-04  2.677397283470176905E+33 -2.741015185307731494E+32 -2.740998719738068342E+32 -2.741015632610284751E+32  2.047470475598670980E+54  1.306914730267507533E+52  2.034401328295953444E+54
  5.043673248679148274E-04  2.677397283470179787E+33 -2.836648374480100780E+32 -2.836631086840880291E+32 -2.836645884092912374E+32  2.063889925103815851E+54  1.331314733745114843E+52  2.050576777766318938E+54
  5.209850687630617188E-04  2.677397283470187857E+33 -2.930039465648896383E+32 -2.930024184826536454E+32 -2.930038232544560376E+32  2.079551371723091723E+54  1.301189269562096262E+52  2.066539479027450197E+54
  2.708155986946096661E-02  3.228623090584077419E+32 -1.140544557790541173E+41 -7.359956705474828339E+40 -1.474189072943898067E+41  2.134908174874650548E+53  6.904604403307864731E+52  1.444447734543862905E+53
  5.375296294126135233E-04  2.677397283470179211E+33 -3.023113020361912007E+32 -3.023097739539552078E+32 -3.023115003000256175E+32  2.094711845289012420E+54  1.247402421879868571E+52  2.082237821070176178E+54
  5.543319367117093130E-04  2.677397283470190163E+33 -3.117668476344611244E+32 -3.117651889882366131E+32 -3.117668972004197286E+32  2.109871011038317134E+54  1.219495780589925935E+52  2.097676053232369501E+54
  5.713581114722479908E-04  2.677397283470189010E+33 -3.213516854312871934E+32 -3.213502830773364404E+32 -3.213517748917978449E+32  2.125219208541685626E+54  1.226122661714278414E+52  2.112957981924507801E+54
  5.883381535012212728E-04  2.677397283470191316E+33 -3.309185489190272321E+32 -3.309169579726486193E+32 -3.309181838234297085E+32  2.140534481921374131E+54  1.241318093570393342E+52  2.128121300985616170E+54
  2.716292441324771184E-02  3.182987430638413593E+32 -1.118262567525160433E+41 -7.155888497266576193E+40 -1.450732107680529286E+41  2.107087961698537633E+53  6.737730109204758151E+52  1.433314950778053524E+53
  6.050942513439266056E-04  2.677397283470192469E+33 -3.403714397161972821E+32 -3.403699793338071876E+32 -3.403713695984997444E+32  2.155509573844522693E+54  1.237623251630481081E+52  2.143133341328192199E+54
  2.724433653622609572E-02  3.138080449398613879E+32 -1.096597087055356397E+41 -6.958949825026880778E+40 -1.427535119910478525E+41  2.079898207160409309E+53  6.574814324351998003E+52  1.422416774725215995E+53
  6.216968853384955817E-04  2.677397283470204575E+33 -3.497479360729742444E+32 -3.497462919338595685E+32 -3.497476821985521253E+32  2.170091425569093148E+54  1.213085724976306309E+52  2.157960568319314493E+54
  2.732579595392584798E-02  3.093889886645791361E+32 -1.075519249011808428E+41 -6.768886812822949318E+40 -1.404592521440717936E+41  2.053321266050758196E+53  6.415752560425810907E+52  1.411746010008179020E+53
  6.383368854561232266E-04  2.677397283470204575E+33 -3.591518605387466234E+32 -3.591499697787647461E+32 -3.591511738688810823E+32  2.184473636595429844E+54  1.188618216099186957E+52  2.172587454434419762E+54
  2.740730239344077793E-02  3.050403728292449246E+32 -1.055003362091531835E+41 -6.585435653796931875E+40 -1.381905425285993690E+41  2.027340335616478605E+53  6.260445590084715249E+52  1.401295776607996659E+53
  6.551007175433853176E-04  2.677397283470217257E+33 -3.686321891163186469E+32 -3.686301726280515297E+32 -3.686308810585818239E+32  2.198840928688803457E+54  1.179633289296498374E+52  2.187044595795817266E+54
  2.748885558896815851E-02  3.007610227109373292E+32 -1.035025067619916524E+41 -6.408370205055203017E+40 -1.359477953768460555E+41  2.001939232568497566E+53  6.108796769236358072E+52  1.391059555644861759E+53
  2.757045527656265885E-02  2.965497916914487968E+32 -1.015564152178694196E+41 -6.237536489176106679E+40 -1.337313007432800827E+41  1.977102478023437825E+53  5.960713222575818828E+52  1.381031155765858069E+53
  2.765210118881111442E-02  2.924055675802251665E+32 -9.966004180535797036E+40 -6.072706629702578634E+40 -1.315413417827374097E+41  1.952815347344288243E+53  5.816105447995243784E+52  1.371204802544769501E+53
  2.773379305070601195E-02  2.883272738410883460E+32 -9.781110671528488760E+40 -5.913595505904197410E+40 -1.293789198966268866E+41  1.929063940496593897E+53  5.674888249805695819E+52  1.361575115516019317E+53
  6.719102544382844159E-04  2.677397283470196504E+33 -3.781456325899415544E+32 -3.781436161016744372E+32 -3.781443100250948960E+32  2.213195411505321706E+54  1.182188495902245760E+52  2.201373526546274977E+54
  6.886455850407805683E-04  2.677397283470220716E+33 -3.876268267584004221E+32 -3.876247377345841280E+32 -3.876254800150373714E+32  2.227409210364510924E+54  1.182774043980297516E+52  2.215581469924695967E+54
  2.781553057653094255E-02  2.843138700981631998E+32 -9.600833964487795703E+40 -5.760026742863330316E+40 -1.272455792921801909E+41  1.905835270093953421E+53  5.536981700769420215E+52  1.352137100017015227E+53
  7.052749228833995673E-04  2.677397283470199963E+33 -3.970588950172534297E+32 -3.970570671214141723E+32 -3.970576957628403719E+32  2.241390824959414840E+54  1.173763299084770996E+52  2.229653191968530715E+54
  2.789731346772196183E-02  2.803643474999267124E+32 -9.425128547323004077E+40 -5.611899836605888052E+40 -1.251425538261988960E+41  1.883117029150063027E+53  5.402309208348073833E+52  1.342886108315256708E+53
  7.218626895642933422E-04  2.677397283470220139E+33 -4.064783952832857235E+32 -4.064763497807989356E+32 -4.064771114040652928E+32  2.255169162053862845E+54  1.159448372998967753E+52  2.243574678323836239E+54
  2.797914141287587836E-02  2.764777298318987293E+32 -9.253889721226872861E+40 -5.469027178135961214E+40 -1.230705247522029129E+41  1.860897166952153369E+53  5.270793469346684757E+52  1.333817820017486489E+53
  2.806101408944769449E-02  2.726530700314773782E+32 -9.086921211677396871E+40 -5.331107151067812271E+40 -1.210299774019671353E+41  1.839164052771039158E+53  5.142359244866596748E+52  1.324928128284377676E+53
  7.384801037055075236E-04  2.677397283470210916E+33 -4.159239841685053011E+32 -4.159216872094480333E+32 -4.159225890681094658E+32  2.268834306916184745E+54  1.148473732117095716E+52  2.257349569594953857E+54
  2.814293116599090455E-02  2.688894398587280676E+32 -8.924034654778130443E+40 -5.197905589014717330E+40 -1.190212870604537409E+41  1.817906753990171442E+53  5.016936882615484688E+52  1.316213065728626163E+53
  7.551339467426872393E-04  2.677397283470216104E+33 -4.253999412703135982E+32 -4.253976443112563304E+32 -4.253982898776440046E+32  2.282437376673263174E+54  1.143941831754207270E+52  2.270997958355666404E+54
  2.822489230475040689E-02  2.651859260560188526E+32 -8.765082347788530238E+40 -5.069235198478954491E+40 -1.170444112696306782E+41  1.797114680860850414E+53  4.894458812625692467E+52  1.307668799598282656E+53
  7.717793781186244083E-04  2.677397283470210916E+33 -4.348806808826642907E+32 -4.348784564591561998E+32 -4.348792011574610824E+32  2.295958314221396776E+54  1.142244656541814796E+52  2.284535867655937176E+54
  7.883784001803306653E-04  2.677397283470227633E+33 -4.443295290318935494E+32 -4.443272465799461169E+32 -4.443281556921624671E+32  2.309348359223247388E+54  1.138930738500254366E+52  2.297959051838221237E+54
  8.049251889961052875E-04  2.677397283470213798E+33 -4.537413018440868665E+32 -4.537391402847213956E+32 -4.537399696078336512E+32  2.322570884149761312E+54  1.132739669135979611E+52  2.311243487458337977E+54
  8.214262010055176696E-04  2.677397283470214951E+33 -4.631365897438039186E+32 -4.631347086552285983E+32 -4.631356588709228154E+32  2.335606766742822143E+54  1.122807994078335489E+52  2.324378686802011122E+54
  2.830689716456469274E-02  2.615416293685618069E+32 -8.609920533843563135E+40 -4.944871797596287287E+40 -1.150988141332663856E+41  1.776777259569291214E+53  4.774856623655694343E+52  1.299291597203721779E+53
  8.379139262200770068E-04  2.677397283470214375E+33 -4.725386766423304834E+32 -4.725366553183600877E+32 -4.725374314487362803E+32  2.348480052127869598E+54  1.111959090041697611E+52  2.337360461227417462E+54
  8.544110312524750162E-04  2.677397283470217833E+33 -4.819624226558412639E+32 -4.819604400174970959E+32 -4.819611919693568962E+32  2.361226649210317704E+54  1.103085999462090332E+52  2.350195789215640689E+54
  2.838894540377941839E-02  2.579556636934723214E+32 -8.458364569417786002E+40 -4.824591760263671215E+40 -1.131839475120065322E+41  1.756884166750951927E+53  4.658063591848425300E+52  1.291077807566108971E+53
  2.847103668324564574E-02  2.544271578199901556E+32 -8.310227884716628241E+40 -4.708130144219577687E+40 -1.112996669411286395E+41  1.737425345262467525E+53  4.544014179601338708E+52  1.283023927302331102E+53
  8.709148038900882622E-04  2.677397283470201116E+33 -4.914067010654723792E+32 -4.914044331206347822E+32 -4.914052576080437593E+32  2.373864509633648233E+54  1.096728341676688980E+52  2.362897226216828289E+54
  2.855317066920162392E-02  2.509552537168279459E+32 -8.165373900802929188E+40 -4.595261696927759603E+40 -1.094454313455965571E+41  1.718391104439158479E+53  4.432645530681341389E+52  1.275126551371020937E+53
  8.874083672106681349E-04  2.677397283470208034E+33 -5.008613520586357880E+32 -5.008593839274014554E+32 -5.008602567718432172E+32  2.386389386977591358E+54  1.091476937731689458E+52  2.375474617600220109E+54
  2.863534703566015735E-02  2.475391048435397874E+32 -8.023709032075549239E+40 -4.485824848794840363E+40 -1.076203588478276026E+41  1.699772058939421036E+53  4.323897233105308158E+52  1.267382335628891868E+53
  9.038797350483127003E-04  2.677397283470207457E+33 -5.103211288972743629E+32 -5.103190785590842965E+32 -5.103198063324277045E+32  2.398790243682840967E+54  1.085839212080095025E+52  2.387931851562025006E+54
  2.871756546627362780E-02  2.441778759348700409E+32 -7.885109420979279276E+40 -4.379704721242836482E+40 -1.058232065794890344E+41  1.681558920150833865E+53  4.217708946958767280E+52  1.259788025454959689E+53
  2.879982565564698574E-02  2.408707444805893331E+32 -7.749464976932381247E+40 -4.276761422074836269E+40 -1.040533436754891510E+41  1.663742542144157725E+53  4.114020818562291110E+52  1.252340460287927444E+53
  9.203300958489492398E-04  2.677397283470203998E+33 -5.197861476382667868E+32 -5.197838265006931267E+32 -5.197848371626783246E+32  2.411064557209115070E+54  1.079474178572326554E+52  2.400269815423353515E+54
  2.888212731021510410E-02  2.376169049441755027E+32 -7.616698928413446302E+40 -4.176836454129457579E+40 -1.023102679857737362E+41  1.646314010437902194E+53  4.012774315306392313E+52  1.245036578907267801E+53
  9.367684620699256570E-04  2.677397283470209763E+33 -5.292616888695931365E+32 -5.292595514887440578E+32 -5.292603880654112311E+32  2.423221222362086776E+54  1.073041532515150920E+52  2.412490807036905406E+54
  2.896447014840586656E-02  2.344155653940615954E+32 -7.486713452666146709E+40 -4.079769327658373423E+40 -1.005929791627550026E+41  1.629264701923963300E+53  3.913912881821875265E+52  1.237873413741784812E+53
  9.532020837747231601E-04  2.677397283470209186E+33 -5.387530573577498808E+32 -5.387508571127581822E+32 -5.387516864358704378E+32  2.435244204768021141E+54  1.058907666269169422E+52  2.424655128105304442E+54
  2.904685390002187742E-02  2.312659460302861286E+32 -7.359379510154393538E+40 -3.985462242518509468E+40 -9.890072322565898219E+40  1.612586159075530262E+53  3.817380735989488067E+52  1.230848085476573533E+53
  9.696752552746607055E-04  2.677397283470202269E+33 -5.482364227569807763E+32 -5.482341354693300655E+32 -5.482351292063537887E+32  2.447161441337587132E+54  1.046005932079170336E+52  2.436701382016744609E+54
  2.912927830508148241E-02  2.281672811390587518E+32 -7.234616496097543520E+40 -3.893860171811000284E+40 -9.723308551956502191E+40  1.596270174073237550E+53  3.723123654321148527E+52  1.223957808641121528E+53
  2.921174311217794931E-02  2.251188204474632991E+32 -7.112393864192327272E+40 -3.804867238242035487E+40 -9.558959416289439458E+40  1.580308804894763902E+53  3.631089247398788047E+52  1.217199880154886745E+53
  2.929424807659902069E-02  2.221198256795789332E+32 -6.992701887886442790E+40 -3.718353100190126592E+40 -9.396966407210940671E+40  1.564694412216506682E+53  3.541227340295018109E+52  1.210571678187004073E+53
  2.937679295836506319E-02  2.191695709824788044E+32 -6.875480967349750150E+40 -3.634228312616508916E+40 -9.237320813765446848E+40  1.549419576740278792E+53  3.453489421245402022E+52  1.204070634615741674E+53
  9.862116004740518506E-04  2.677397283470210339E+33 -5.577012093842158342E+32 -5.576989075894552880E+32 -5.576997901053036067E+32  2.459024185617094570E+54  1.035009667699368178E+52  2.448674088940056144E+54
  2.945937752034070642E-02  2.162673441034966821E+32 -6.760658654210438704E+40 -3.552429047845755388E+40 -9.080067976170041954E+40  1.534477151255117566E+53  3.367828728085125108E+52  1.197694278446603301E+53
  1.002810345690184190E-03  2.677397283470207457E+33 -5.672016883373491944E+32 -5.671991495931280037E+32 -5.672000441982345185E+32  2.470862234000569081E+54  1.027281398039546321E+52  2.460589420020166033E+54
  2.954200152646230954E-02  2.134124464139827218E+32 -6.648211830913369218E+40 -3.472863514784514274E+40 -8.925257522083352680E+40  1.519860206620487107E+53  3.284199866311441417E+52  1.191440219989339881E+53
  1.019456756776595131E-03  2.677397283470202845E+33 -5.767604085007683090E+32 -5.767578697565471183E+32 -5.767586652297364247E+32  2.482697422251814076E+54  1.023659020412451770E+52  2.472460832047645949E+54
  2.962466474029192345E-02  2.106041933354852593E+32 -6.538107894500384872E+40 -3.395431162568409666E+40 -8.772878547099467287E+40  1.505561762652342923E+53  3.202556435583498636E+52  1.185306119093993804E+53
  1.036127157858978461E-03  2.677397283470209763E+33 -5.863628192433082963E+32 -5.863602466491641564E+32 -5.863612403861878796E+32  2.494542971575435710E+54  1.024208998850986835E+52  2.484300881586899009E+54
  1.052794133176322526E-03  2.677397283470211492E+33 -5.959810572426786783E+32 -5.959790552615213965E+32 -5.959800804306164297E+32  2.506401898455760871E+54  1.028288142439992858E+52  2.496119017031314284E+54
  2.970736692400664791E-02  2.078419122599585623E+32 -6.430237976300877375E+40 -3.320080558453947381E+40 -8.622910789232885569E+40  1.491575018704567142E+53  3.122853192701760396E+52  1.179289699434384191E+53
  1.069431773599355392E-03  2.677397283470203998E+33 -6.055953831580967874E+32 -6.055934295339722901E+32 -6.055948850806591062E+32  2.518267939261992482E+54  1.034905974757514834E+52  2.507918879514363327E+54
  2.979010783795616596E-02  2.051249381122989964E+32 -6.324505291636841150E+40 -3.246735687583715891E+40 -8.475386012078672100E+40  1.477893474078516973E+53  3.045047424577105510E+52  1.173388731620799882E+53
  2.987288724059844122E-02  2.024526129913456964E+32 -6.220850355604876281E+40 -3.175293268800760222E+40 -8.330350997022879638E+40  1.464510807109012951E+53  2.969097912369898143E+52  1.167601015872022073E+53
  1.086019520242668523E-03  2.677397283470208610E+33 -6.151894087911519276E+32 -6.151874164814012027E+32 -6.151884948432322989E+32  2.530127899948450653E+54  1.042841327206470019E+52  2.519699486676327954E+54
  2.995570488889552629E-02  1.998242846815168026E+32 -6.119180377896300963E+40 -3.105653281351991585E+40 -8.187816214763703669E+40  1.451420693526580451E+53  2.894963410105411397E+52  1.161924352516037929E+53
  1.102544274601969208E-03  2.677397283470204575E+33 -6.247554066880051222E+32 -6.247534143782543973E+32 -6.247545120828986074E+32  2.541964081016853114E+54  1.050839174466103834E+52  2.531455689272187833E+54
  3.003856053896435119E-02  1.972393046459119719E+32 -6.019399588843119356E+40 -3.037724322608938495E+40 -8.047719612474127397E+40  1.438616798049712768E+53  2.822602722946879469E+52  1.156356525755024024E+53
  3.012145394700177850E-02  1.946970272064395955E+32 -5.921423437777912721E+40 -2.971468566767718738E+40 -7.909937743669817930E+40  1.426092919603165134E+53  2.751976128272291383E+52  1.150895306775942961E+53
  1.119000984753829898E-03  2.677397283470205151E+33 -6.342886668736631527E+32 -6.342865294928140741E+32 -6.342875594976123857E+32  2.553756812591765222E+54  1.057746915131068808E+52  2.543179343440412279E+54
  3.020438487032230807E-02  1.921968101157334196E+32 -5.825178782357321163E+40 -2.906830991709431912E+40 -7.774413986237551116E+40  1.413842944203189159E+53  2.683044685945863646E+52  1.145538475608605241E+53
  1.135392050178144884E-03  2.677397283470198234E+33 -6.437874678377588878E+32 -6.437850983431524432E+32 -6.437862153906097671E+32  2.565486824383854361E+54  1.062667053430399411E+52  2.554860153849500349E+54
  1.151725879778412375E-03  2.677397283470201116E+33 -6.532604364749410975E+32 -6.532579799376756406E+32 -6.532589180641116616E+32  2.577137581029438007E+54  1.065108161312481815E+52  2.566486499416262283E+54
  3.028735306949872225E-02  1.897380152398014751E+32 -5.730612757328028563E+40 -2.843756946951806588E+40 -7.641141581017172629E+40  1.401860710741134102E+53  2.615768838857033605E+52  1.140283826855424149E+53
  1.168014781537061184E-03  2.677397283470200540E+33 -6.627128630445964155E+32 -6.627104451929571862E+32 -6.627111366985260058E+32  2.588697154528906981E+54  1.065039293184397212E+52  2.578046761597029499E+54
  1.184272456711348747E-03  2.677397283470210916E+33 -6.721581327733996148E+32 -6.721559180212980808E+32 -6.721570544115685185E+32  2.600159199254637652E+54  1.062870881158973687E+52  2.589530490443019336E+54
  3.037035830862653413E-02  1.873200069524602405E+32 -5.637668006077015706E+40 -2.782192088452314424E+40 -7.510048244991379804E+40  1.390140094070155391E+53  2.550109502593410965E+52  1.135129143810814986E+53
  3.045340036225672661E-02  1.849421538476617315E+32 -5.546255506937926167E+40 -2.722086959010174888E+40 -7.381016092204307410E+40  1.378675083430622147E+53  2.486028541927078199E+52  1.130072229237914647E+53
  1.200511438268163540E-03  2.677397283470215528E+33 -6.816130835801662881E+32 -6.816109075136909817E+32 -6.816120245611483057E+32  2.611522964513404671E+54  1.059367665908550689E+52  2.600929287854275724E+54
  1.216740823130752370E-03  2.677397283470209763E+33 -6.910882089410106903E+32 -6.910863423595452053E+32 -6.910874932569254784E+32  2.622792916700823401E+54  1.055340985727334533E+52  2.612239506843527819E+54
  3.053647900834380313E-02  1.826038324290509939E+32 -5.456330889520634479E+40 -2.663418689625890500E+40 -7.253980056442718795E+40  1.367459839993479642E+53  2.423489021762279420E+52  1.125110937817249041E+53
  1.232965661052406970E-03  2.677397283470206881E+33 -7.006081322570267322E+32 -7.006059658619579828E+32 -7.006074891084906972E+32  2.633977919169333703E+54  1.051659049393019728E+52  2.623461328675360219E+54
  3.061959402491144094E-02  1.803044262796259111E+32 -5.367853247150487855E+40 -2.606182030911454210E+40 -7.128903070567627026E+40  1.356488663842226734E+53  2.362455140055021979E+52  1.120243149836723207E+53
  1.249185150535665843E-03  2.677397283470205728E+33 -7.102192956225007294E+32 -7.102170518561795246E+32 -7.102181253823073424E+32  2.645089162308260371E+54  1.049722744651490009E+52  2.634591934861699304E+54
  3.070274519407830555E-02  1.780433245103674333E+32 -5.280788628569459923E+40 -2.550348609331050712E+40 -7.005750648284169901E+40  1.345755974040682053E+53  2.302892093043566872E+52  1.115466764736322947E+53
  1.265390018884213555E-03  2.677397283470202845E+33 -7.200613251338948931E+32 -7.200590620247605745E+32 -7.200608899205998318E+32  2.656131086267418460E+54  1.048913414322157745E+52  2.645641952124194618E+54
  3.078593230386191676E-02  1.758199244383867365E+32 -5.195090308522861856E+40 -2.495882156644564215E+40 -6.884472554995551746E+40  1.335256313292900909E+53  2.244765756916372278E+52  1.110779737601266818E+53
  1.281570190188576581E-03  2.677397283470199963E+33 -7.301413969748744557E+32 -7.301390951801139095E+32 -7.301403718057794225E+32  2.667095498874618571E+54  1.047774354439840528E+52  2.656617755330194829E+54
  3.086915514992655957E-02  1.736336324484833230E+32 -5.110694798093123027E+40 -2.442782761828060749E+40 -6.765003889342047621E+40  1.324984332243141522E+53  2.188042495338980406E+52  1.106180082709240743E+53
  1.297719069985993259E-03  2.677397283470207457E+33 -7.399099624820622776E+32 -7.399079605009049958E+32 -7.399092032766475596E+32  2.675572732035366028E+54  5.745561531601749985E+51  2.669827170503746334E+54
  3.095241354198895872E-02  1.714838642518523564E+32 -5.027586217740222475E+40 -2.391031235446814311E+40 -6.647295136114389764E+40  1.314934721904527108E+53  2.132688541072563677E+52  1.101665867797269012E+53
  3.103570730241673667E-02  1.693700454521737322E+32 -4.945757589676734807E+40 -2.340574428051103265E+40 -6.531334644571783541E+40  1.305102344401343695E+53  2.078671279960054581E+52  1.097235216405334648E+53
  1.315950974665052202E-03  2.677397283470199387E+33 -7.507086778586601174E+32 -7.507065791634372664E+32 -7.507079815173880193E+32  2.683768003924794956E+54  6.920015180498413944E+51  2.676847988744243082E+54
  3.111903625687911096E-02  1.672916119773811452E+32 -4.865174558457030937E+40 -2.291376458963450421E+40 -6.417104995682174602E+40  1.295482303256838355E+53  2.025959988360157769E+52  1.092886304420821967E+53
  1.335563747404898069E-03  2.677397283470203422E+33 -7.627468903709990010E+32 -7.627441340201302797E+32 -7.627457733235416771E+32  2.695713813604538215E+54  9.288843496486721495E+51  2.686424970108001885E+54
  3.120240022318860468E-02  1.652480119241053720E+32 -4.785812328333836402E+40 -2.243419891464719574E+40 -6.304579280463018855E+40  1.286069754952578807E+53  1.974523642763605265E+52  1.088617390676218494E+53
  1.353462227256099076E-03  2.677397283470209763E+33 -7.741685410439278669E+32 -7.741660554924427392E+32 -7.741677044672606935E+32  2.708857441025433738E+54  1.129397809660250315E+52  2.697563462928769383E+54
  3.128579898656429215E-02  1.632387066607166443E+32 -4.707651934068497965E+40 -2.196680274298155111E+40 -6.193714155984863752E+40  1.276860011801571154E+53  1.924332130175494711E+52  1.084426798784024687E+53
  1.369660451694378923E-03  2.677397283470220139E+33 -7.844498361697306453E+32 -7.844474763465307575E+32 -7.844488545219651182E+32  2.718888324623181128E+54  7.257620649726226738E+51  2.711630703973397699E+54
  3.136923233699757257E-02  1.612631667464254250E+32 -4.630711013411219381E+40 -2.151132133076658231E+40 -6.084495094745659035E+40  1.267848660783700606E+53  1.875357493111978875E+52  1.080312911472502984E+53
  1.385927073839702704E-03  2.677397283470200540E+33 -7.946295525124661241E+32 -7.946267671473777320E+32 -7.946279518946809544E+32  2.726991320432088085E+54  7.758715133779030525E+51  2.719232605298273869E+54
  3.145270007073561191E-02  1.593208706645827187E+32 -4.554976416618730884E+40 -2.106748854350348312E+40 -5.976944824445749099E+40  1.259031452982426852E+53  1.827572974196710738E+52  1.076274155562754688E+53
  1.403303222446751182E-03  2.677397283470198810E+33 -8.057244837290892188E+32 -8.057217757352532820E+32 -8.057233038174892749E+32  2.737006211283067063E+54  8.992927301132129885E+51  2.728013283981885881E+54
  3.153620198881443987E-02  1.574113040052733709E+32 -4.480432695181945493E+40 -2.063499674588789290E+40 -5.871045722429670819E+40  1.250404167475505325E+53  1.780951601543765764E+52  1.072309007321131912E+53
  1.420320559433936548E-03  2.677397283470206881E+33 -8.167359893927523471E+32 -8.167329912567197028E+32 -8.167348094811524032E+32  2.748018906992392419E+54  1.019370355018114924E+52  2.737825203442157026E+54
  1.436500392051428708E-03  2.677397283470213798E+33 -8.272841669824932510E+32 -8.272812075320868344E+32 -8.272818651877327048E+32  2.758971030105648902E+54  1.086559885357161573E+52  2.748105431252006301E+54
  3.161973789770987364E-02  1.555339607479745684E+32 -4.407066232469002802E+40 -2.021342764597465095E+40 -5.766750035644685101E+40  1.241962540415417962E+53  1.735465593806082157E+52  1.068415981034813256E+53
  3.170330760661250330E-02  1.536883436515604335E+32 -4.334858416846173528E+40 -1.980245848430041833E+40 -5.664049282100127360E+40  1.233702399443623169E+53  1.691087738330314223E+52  1.064593625610590311E+53
  1.451980398189935736E-03  2.677397283470211492E+33 -8.373898970650683146E+32 -8.373879434409438173E+32 -8.373891958880929381E+32  2.769292717237368595E+54  1.079813389325694097E+52  2.758494583344068956E+54
  3.178691092598701778E-02  1.518739638537279138E+32 -4.263824879443892528E+40 -1.940174080937565833E+40 -5.562965606477141736E+40  1.225619794043502339E+53  1.647792605124846070E+52  1.060840533531021507E+53
  1.467216333775674120E-03  2.677397283470205728E+33 -8.472948003904889959E+32 -8.472930305230890801E+32 -8.472938332498333042E+32  2.779029827111750974E+54  1.039024678835233384E+52  2.768639580323356092E+54
  3.187054766314691839E-02  1.500903374918054337E+32 -4.193944402348090671E+40 -1.901074182468853810E+40 -5.463509641230229374E+40  1.217710889353884642E+53  1.605555710554035762E+52  1.057155318298485133E+53
  3.195421762671212668E-02  1.483369843060190076E+32 -4.125195268734371221E+40 -1.862913705396524895E+40 -5.365634890465402026E+40  1.209971892029286001E+53  1.564352828846180778E+52  1.053536609144669013E+53
  3.203792062880900932E-02  1.466134283430832690E+32 -4.057558300160410877E+40 -1.825678174251597478E+40 -5.269290809215992064E+40  1.202399059711898465E+53  1.524160041153944658E+52  1.049983055596504185E+53
  3.212165648489824499E-02  1.449192005291487217E+32 -3.991010535314651117E+40 -1.789377150175813980E+40 -5.174470050933950636E+40  1.194988654047302105E+53  1.484953179419053822E+52  1.046493336105394384E+53
  1.482541501658362617E-03  2.677397283470206881E+33 -8.572073344556830848E+32 -8.572056129453159535E+32 -8.572068363782454035E+32  2.788433261861428566E+54  1.006325927124327239E+52  2.778370002590164601E+54
  3.220542501421846254E-02  1.432538393818674809E+32 -3.925520356377554222E+40 -1.753985213581431519E+40 -5.081166180275262160E+40  1.187737028131872926E+53  1.446708634930908430E+52  1.043066164638787479E+53
  1.498027119182635848E-03  2.677397283470223022E+33 -8.671931584397654909E+32 -8.671918527998803071E+32 -8.671932793323474524E+32  2.797667501858679424E+54  9.864984316471524357E+51  2.787802517542201045E+54
  3.228922603946991765E-02  1.416168903259473159E+32 -3.861058212224535014E+40 -1.719467772891344721E+40 -4.989369065606403292E+40  1.180640688531879511E+53  1.409404072409516164E+52  1.039700281290929171E+53
  1.513659478700887405E-03  2.677397283470208034E+33 -8.772698452884501326E+32 -8.772673790797781188E+32 -8.772677997859633447E+32  2.806825635573518786E+54  9.768097122350871314E+51  2.797057538451150299E+54
  3.237305938438586606E-02  1.400079057206810566E+32 -3.797600825250813356E+40 -1.685806382594255505E+40 -4.899049732959932960E+40  1.173696252340412128E+53  1.373017868038420545E+52  1.036394465536566405E+53
  3.245692487189451303E-02  1.384264457097923436E+32 -3.735145566090320710E+40 -1.652982224381890474E+40 -4.810164003799995962E+40  1.166900356201488262E+53  1.337528304652476899E+52  1.033147525736234671E+53
  1.529393151390871178E-03  2.677397283470218986E+33 -8.874264856551408074E+32 -8.874238743753704398E+32 -8.874243482742917287E+32  2.815944911422308135E+54  9.732745264234800311E+51  2.806212166158032143E+54
  3.254082232882721248E-02  1.368720797976715389E+32 -3.673676134718188764E+40 -1.620985745604421906E+40 -4.722662475981080842E+40  1.160249738258180173E+53  1.302914357519374019E+52  1.029958302506244632E+53
  1.545178926302145581E-03  2.677397283470218410E+33 -8.976401679777041789E+32 -8.976375180123075836E+32 -8.976380257611518217E+32  2.825026416052125532E+54  9.725002348064294336E+51  2.815301413704040361E+54
  3.262475158651108320E-02  1.353443852226204709E+32 -3.613173566623649810E+40 -1.589790170095230954E+40 -4.636603678822305192E+40  1.153741273215652175E+53  1.269156057629243723E+52  1.026825667452728574E+53
  1.560978752293057251E-03  2.677397283470210339E+33 -9.078947603500033094E+32 -9.078923328269575232E+32 -9.078927970544722552E+32  2.834054469088365430E+54  9.722474044220872465E+51  2.824331995044094157E+54
  3.270871248068446535E-02  1.338429436031633842E+32 -3.553605609509535449E+40 -1.559375842905876526E+40 -4.552027739136852356E+40  1.147371936089833303E+53  1.236234228616811333E+52  1.023748513228152595E+53
  1.576771962661808156E-03  2.677397283470212069E+33 -9.177517805415606945E+32 -9.177491595903837700E+32 -9.177497205319640712E+32  2.841768149918699609E+54  7.180095682313533250E+51  2.834588054236381190E+54
  3.279270484930646434E-02  1.323673405127440334E+32 -3.494962247038134828E+40 -1.529700763616740504E+40 -4.468894307336484057E+40  1.141138702775001130E+53  1.204129512484092039E+52  1.020725751526594930E+53
  1.593566826681687551E-03  2.677397283470212645E+33 -9.280624283862637161E+32 -9.280598461207130193E+32 -9.280601556057228406E+32  2.849204155944900131E+54  7.750109039951007603E+51  2.841454046904914033E+54
  3.287672853419626451E-02  1.309171678411960733E+32 -3.437253649070062593E+40 -1.500732332774156326E+40 -4.387116787877146960E+40  1.135038514151552076E+53  1.172822023609654345E+52  1.017756311790585126E+53
  1.611177192903777682E-03  2.677397283470214951E+33 -9.394040481699340935E+32 -9.394013788617243844E+32 -9.394019639818210779E+32  2.858283707187822564E+54  8.926642406059375965E+51  2.849357064781720542E+54
  3.296078338105967037E-02  1.294920248618932746E+32 -3.380470363038261268E+40 -1.472466930257683841E+40 -4.306649346122394520E+40  1.129068412065751655E+53  1.142292680614556148E+52  1.014839144004296958E+53
  3.304486923805928511E-02  1.280915184852890688E+32 -3.324600140539989487E+40 -1.444904710775967398E+40 -4.227555482117186786E+40  1.123225575044065410E+53  1.112523468855545812E+52  1.011973228158511826E+53
  1.628008196277118489E-03  2.677397283470211492E+33 -9.506019508521686838E+32 -9.505996297145950237E+32 -9.505998666640556682E+32  2.867856078762807300E+54  9.897941958208030231E+51  2.857958136804552677E+54
  1.643793049131522582E-03  2.677397283470214951E+33 -9.608038437301391734E+32 -9.608018320775753347E+32 -9.608022963050900667E+32  2.875900528182072948E+54  7.947684422070484597E+51  2.867952843759958015E+54
  3.312898595544393893E-02  1.267152598744796942E+32 -3.269624034690797882E+40 -1.417987880895425846E+40 -4.149891231098484331E+40  1.117507280920150720E+53  1.083497188818414102E+52  1.009157562038305070E+53
  1.659640108979494036E-03  2.677397283470227057E+33 -9.707751315901665332E+32 -9.707731489518223653E+32 -9.707734922867551358E+32  2.883034666856075496E+54  8.096880478710796295E+51  2.874937786377316890E+54
  1.676274479176250495E-03  2.677397283470215528E+33 -9.814905471420896466E+32 -9.814884194326471248E+32 -9.814888449745356292E+32  2.891128054292645062E+54  8.695729783026028604E+51  2.882432324509591311E+54
  1.692792483115869613E-03  2.677397283470223022E+33 -9.922693007355540095E+32 -9.922670569692328048E+32 -9.922674196469786892E+32  2.899722677202341522E+54  9.326931145580389035E+51  2.890395746056710256E+54
  3.321313338621353917E-02  1.253628632896081482E+32 -3.215532294868244871E+40 -1.391683286026007375E+40 -4.073625306796087803E+40  1.111910818329688802E+53  1.055196626069422140E+52  1.006391155722744328E+53
  1.708731373407598253E-03  2.677397283470220139E+33 -1.002731779991794072E+33 -1.002729961767361371E+33 -1.002730421159172825E+33  2.908208804818806172E+54  9.610779803848511597E+51  2.898598025014916536E+54
  1.724232734594537348E-03  2.677397283470224751E+33 -1.012892047135943590E+33 -1.012890025811973195E+33 -1.012889788862512550E+33  2.916357167678301416E+54  9.506432662158227931E+51  2.906850735016087957E+54
  1.739656867372048332E-03  2.677397283470228210E+33 -1.022941228504380360E+33 -1.022939236194629635E+33 -1.022939584365265684E+33  2.924272632152008850E+54  9.378151761984879613E+51  2.914894480389978805E+54
  3.329731138529058720E-02  1.240339461061156009E+32 -3.162318573589184549E+40 -1.365995925998795592E+40 -3.998648293651253073E+40  1.106433490822615023E+53  1.027604634686018707E+52  1.003673027354015319E+53
  1.755076182795660715E-03  2.677397283470225327E+33 -1.032944635105583241E+33 -1.032942758852711199E+33 -1.032943058666314464E+33  2.932012257206968411E+54  9.263332469834645465E+51  2.922748924737094372E+54
  3.338151980894723397E-02  1.227281301220427642E+32 -3.109972430862903225E+40 -1.340945597504604924E+40 -3.924895369087604582E+40  1.101072620260952117E+53  1.000704071734021769E+52  1.001002213087553662E+53
  1.770533086899708482E-03  2.677397283470232821E+33 -1.042953747836654704E+33 -1.042951958626441674E+33 -1.042952205247308875E+33  2.939632553257550981E+54  9.179856526706761099E+51  2.930452696730842947E+54
  3.346575851455883127E-02  1.214450440707184401E+32 -3.058471937613078842E+40 -1.316490071270823931E+40 -3.852367278601794745E+40  1.095825588193818037E+53  9.744780721694687522E+51  9.983777809768700058E+52
  1.786043824123026511E-03  2.677397283470235127E+33 -1.052555723365899630E+33 -1.052554398383201332E+33 -1.052554301669135763E+33  2.946370690623613620E+54  7.458667560365650281E+51  2.938912023063242249E+54
  1.802307682607365768E-03  2.677397283470232245E+33 -1.062463508770474272E+33 -1.062461410075251421E+33 -1.062461685710338293E+33  2.952899669952584876E+54  7.826722563378786706E+51  2.945072947389183883E+54
  3.355002736040370998E-02  1.201843240442100071E+32 -3.007791537640961101E+40 -1.292586493950212528E+40 -3.781110474971852539E+40  1.090689825628450814E+53  9.489100378404983707E+51  9.957988218443989700E+52
  1.819186502658356108E-03  2.677397283470244927E+33 -1.073299101220273637E+33 -1.073297302338654050E+33 -1.073297017032160621E+33  2.960428272004045629E+54  8.555834757713930278E+51  2.951872437246311026E+54
  3.363432620535847239E-02  1.189456118677378941E+32 -2.957890990031719485E+40 -1.269213206574069426E+40 -3.711162970823407272E+40  1.085662881941064391E+53  9.239844217704330331E+51  9.932644397640218850E+52
  1.835628979644817697E-03  2.677397283470227633E+33 -1.084146163958249505E+33 -1.084144161977092223E+33 -1.084143934699038135E+33  2.968296706691034881E+54  9.167683679073841717E+51  2.959129023011952350E+54
  1.851336024132437669E-03  2.677397283470235127E+33 -1.094554415637924933E+33 -1.094552568399272562E+33 -1.094552181543010285E+33  2.975916184911854741E+54  9.312956526472506279E+51  2.966603228385331179E+54
  3.371865490820712130E-02  1.177285545153386984E+32 -2.908769794302887994E+40 -1.246398827211934405E+40 -3.642463219848067999E+40  1.080742411363940640E+53  8.996865247161827944E+51  9.907737588923227192E+52
  1.866668008120525666E-03  2.677397283470239162E+33 -1.104635744761756895E+33 -1.104634477807497939E+33 -1.104634081279829105E+33  2.983203128917767179E+54  9.171331836262247581E+51  2.974031797081464496E+54
  1.881960604713735479E-03  2.677397283470250692E+33 -1.114120232044148393E+33 -1.114118655604879615E+33 -1.114118771661758298E+33  2.989627708435292506E+54  7.662289033061792371E+51  2.981965419402227741E+54
  1.897833822326002676E-03  2.677397283470242621E+33 -1.123732294850432183E+33 -1.123730998881953556E+33 -1.123730553997251938E+33  2.995746251792251047E+54  7.880479940263612635E+51  2.987865771851962113E+54
  3.380301332742283865E-02  1.165328029576326243E+32 -2.860419437176855989E+40 -1.224142956355751562E+40 -3.574923556332254482E+40  1.075926112141211396E+53  8.760018500970327903E+51  9.883259271315074261E+52
  1.914268692193737227E-03  2.677397283470251845E+33 -1.134225770964687164E+33 -1.134224745795592131E+33 -1.134224465324801981E+33  3.002567764242693328E+54  8.358536779282015421E+51  2.994209227463407507E+54
  3.388740132172680247E-02  1.153580112996402827E+32 -2.812817875474087478E+40 -1.202423007798831242E+40 -3.508545432263803201E+40  1.071211708996254421E+53  8.529160357530200898E+51  9.859201054209494614E+52
  1.930548888885346651E-03  2.677397283470255880E+33 -1.144915508932201663E+33 -1.144914445077480402E+33 -1.144914067892624682E+33  3.009719953916148793E+54  8.809047706458104032E+51  3.000910906209698115E+54
  3.397181875047007582E-02  1.142038385913835303E+32 -2.765932891103700294E+40 -1.181212470610166591E+40 -3.443380052728535102E+40  1.066596895641023665E+53  8.304142558949708688E+51  9.835554700515273626E+52
  1.946334944668107712E-03  2.677397283470252997E+33 -1.155334505544561826E+33 -1.155333306290148769E+33 -1.155332252106834065E+33  3.016783621572732284E+54  8.961725919221282339E+51  3.007821895653480282E+54
  3.405626547395288611E-02  1.130699500242169732E+32 -2.719766545389825736E+40 -1.160466873736018492E+40 -3.379444735821489897E+40  1.062079394779834443E+53  8.084818035987521814E+51  9.812312144199594238E+52
  3.414074135330235488E-02  1.119560176051194767E+32 -2.674333533813823412E+40 -1.140174561645703458E+40 -3.316660698543077126E+40  1.057657070399691886E+53  7.871051176455132318E+51  9.789465586351403764E+52
  1.961816233633133146E-03  2.677397283470250115E+33 -1.165488070403967401E+33 -1.165486977535026470E+33 -1.165486329550787156E+33  3.023647434228552852E+54  8.935125106684868205E+51  3.014712309121809839E+54
  3.422524625046521884E-02  1.108617205119340691E+32 -2.629632839377872006E+40 -1.120357630641157272E+40 -3.254985142267287975E+40  1.053327857231775858E+53  7.662711177120405404E+51  9.767007454605716973E+52
  1.977160847457366810E-03  2.677397283470248962E+33 -1.174969898049555747E+33 -1.174968921237493499E+33 -1.174968921237493499E+33  3.029804506318466612E+54  7.781292843387780936E+51  3.022023213475047381E+54
  1.992893417239727932E-03  2.677397283470267409E+33 -1.184479888831037835E+33 -1.184478834647723131E+33 -1.184478757276470676E+33  3.035663864407639838E+54  7.939597405551596588E+51  3.027724267002058630E+54
  3.430978002797498844E-02  1.097867422635463197E+32 -2.585643106351683935E+40 -1.101013047630390682E+40 -3.194473786661477976E+40  1.049089780168953240E+53  7.459674707523320018E+51  9.744930330937195081E+52
  2.009040348504244691E-03  2.677397283470255880E+33 -1.194795382050425872E+33 -1.194794618009307876E+33 -1.194794434252583294E+33  3.041997766443447761E+54  8.272710265204341692E+51  3.033725056178213858E+54
  2.025101170644958305E-03  2.677397283470266256E+33 -1.205344343024097887E+33 -1.205343230812343841E+33 -1.205343482268914321E+33  3.048558709764254550E+54  8.566445275755031542E+51  3.039992264488457930E+54
  3.439434254881350989E-02  1.087307681531249969E+32 -2.542350840276440166E+40 -1.082075679286830048E+40 -3.135171069303594888E+40  1.044940878175506262E+53  7.261819190741586918E+51  9.723226862680917619E+52
  2.040855470282141627E-03  2.677397283470263374E+33 -1.215721152961056778E+33 -1.215720756433387944E+33 -1.215720475962597793E+33  3.055092397572710822E+54  8.689231917038422508E+51  3.046403165655645672E+54
  3.447893367654926433E-02  1.076934859063589668E+32 -2.499769945745848839E+40 -1.063533832834202305E+40 -3.077007327561392351E+40  1.040879132937648821E+53  7.069015876232311847E+51  9.701889741753231108E+52
  2.056368363807477024E-03  2.677397283470266256E+33 -1.225844688103103125E+33 -1.225844040118863812E+33 -1.225844378618093304E+33  3.061489917909487429E+54  8.708359807098274880E+51  3.052781558102357413E+54
  2.071691314418808768E-03  2.677397283470271444E+33 -1.235259734686415959E+33 -1.235258757874353710E+33 -1.235258786888573381E+33  3.067242680871777103E+54  7.693830675191631682E+51  3.059548850196533910E+54
  3.456355327574339720E-02  1.066745873450866788E+32 -2.457911848139665447E+40 -1.045406193181078867E+40 -3.019865653888012935E+40  1.036902533115240197E+53  6.881135162378513678E+51  9.680911814914567347E+52
  2.087341063024587221E-03  2.677397283470275479E+33 -1.244689423779255965E+33 -1.244689075608619916E+33 -1.244688775795016652E+33  3.072707285180343048E+54  7.824315642201651577E+51  3.064882969538124467E+54
  3.464820121230301198E-02  1.056737701163939395E+32 -2.416752370000529287E+40 -1.027714951694221273E+40 -2.963748161954181350E+40  1.033009117839454104E+53  6.698050730832972257E+51  9.660286105311273859E+52
  3.473287735378382396E-02  1.046907382192694108E+32 -2.376263881599505757E+40 -1.010417040324005338E+40 -2.908721214036795957E+40  1.029197114507936656E+53  6.519652842426275517E+51  9.640005860836760810E+52
  2.103374539010156689E-03  2.677397283470274903E+33 -1.254947130344466423E+33 -1.254946395317568097E+33 -1.254945902075833694E+33  3.078569206857443593E+54  8.115233630477185842E+51  3.070453973226897138E+54
  3.481758156917035690E-02  1.037252012585235775E+32 -2.336431677509671397E+40 -9.934583585996191529E+39 -2.854804919055253042E+40  1.025464762825685539E+53  6.345830983759707101E+51  9.620064529880891058E+52
  3.490231372856607284E-02  1.027768730785925996E+32 -2.297244724266357553E+40 -9.768366801256128596E+39 -2.801948423781183326E+40  1.021810280160815678E+53  6.176471293691946871E+51  9.600455672238952259E+52
  2.119310989981628476E-03  2.677397283470275479E+33 -1.265425577092931955E+33 -1.265424416524145125E+33 -1.265423362340830421E+33  3.084606912071707592E+54  8.339910221350467684E+51  3.076267001850307552E+54
  3.498707370327185789E-02  1.018454705113775212E+32 -2.258712771032163080E+40 -9.605931875619848099E+39 -2.750052923561174359E+40  1.018231927203110424E+53  6.011463869368851799E+51  9.581172885094193541E+52
  2.135016130854091448E-03  2.677397283470274327E+33 -1.275751931301883410E+33 -1.275751834587817841E+33 -1.275751070546699844E+33  3.090638047124527432E+54  8.461071885337461190E+51  3.082176975239145280E+54
  3.507186136573302304E-02  1.009307117734638022E+32 -2.220803833729667275E+40 -9.447473820449666825E+39 -2.699085885771639445E+40  1.014728015840976461E+53  5.850703328493000006E+51  9.562209825560463614E+52
  2.150466809232441222E-03  2.677397283470285856E+33 -1.285797969463189181E+33 -1.285796731523149896E+33 -1.285796093210317140E+33  3.096535958415317916E+54  8.475823346267734958E+51  3.088060135069012562E+54
  3.515667658961097591E-02  1.000323191876720991E+32 -2.183478945958188531E+40 -9.292677615437809736E+39 -2.649101434350696790E+40  1.011296892443071248E+53  5.694085808114080761E+51  9.543560343619274561E+52
  3.524151924959933319E-02  9.915002225239205191E+31 -2.146732877324988981E+40 -9.141163127674423551E+39 -2.600155227877923957E+40  1.007936902283183306E+53  5.541504962716364162E+51  9.525218526560202561E+52
  2.165725639889998048E-03  2.677397283470282973E+33 -1.295145190472318356E+33 -1.295144300702915120E+33 -1.295144233003069221E+33  3.101845941484275472E+54  7.563113776901893782E+51  3.094282827707335458E+54
  3.532638922128802927E-02  9.828355661350942382E+31 -2.110572870302148224E+40 -8.992520504514657670E+39 -2.552220209974660759E+40  1.004646457000594276E+53  5.392859982508549763E+51  9.507178571755040400E+52
  2.181288761872978745E-03  2.677397283470283550E+33 -1.304508059817256622E+33 -1.304507460190050093E+33 -1.304507527889895992E+33  3.106886520612696799E+54  7.669637496203601029E+51  3.099216883116473229E+54
  3.541128638101515708E-02  9.743266254887188662E+31 -2.075000915872402324E+40 -8.846945284206804426E+39 -2.505178949755709108E+40  1.001424084365252572E+53  5.248060654881349202E+51  9.489434778164377246E+52
  3.549621060580002152E-02  9.659708355061056762E+31 -2.040004215029240570E+40 -8.704991680770683599E+39 -2.458965748366148951E+40  9.982682846330313795E+52  5.107012833322485467E+51  9.471981562998081730E+52
  2.197237714970528850E-03  2.677397283470291620E+33 -1.314704043465820835E+33 -1.314703250410483168E+33 -1.314702815197188107E+33  3.112281239461112523E+54  7.927843729763135408E+51  3.104353395731323577E+54
  3.558116177327880214E-02  9.577656367843986885E+31 -2.005534050760684617E+40 -8.566442241443976645E+39 -2.413654457525565756E+40  9.951775766452415620E+52  4.969623776946545122E+51  9.454813388757725684E+52
  2.213097192483409661E-03  2.677397283470281821E+33 -1.325119393957909041E+33 -1.325118446160066463E+33 -1.325118136675056642E+33  3.117830717234800447E+54  8.126883001997620993E+51  3.109703834232802381E+54
  3.566613976173717282E-02  9.497084942028810991E+31 -1.971602493531230949E+40 -8.430465790558276656E+39 -2.369330518369736466E+40  9.921504924455858031E+52  4.835801717508255968E+51  9.437924752705004388E+52
  2.228737354113793142E-03  2.677397283470291620E+33 -1.335378667290981719E+33 -1.335378261091906329E+33 -1.335378028978148963E+33  3.123372378305689271E+54  8.235064585779235042E+51  3.115137313719875473E+54
  3.575114445007565589E-02  9.417969209289984020E+31 -1.938248643782087653E+40 -8.297113858150382295E+39 -2.325936256303375834E+40  9.891856692533883562E+52  4.705463683752151058E+51  9.421310324158667127E+52
  2.244127390927186730E-03  2.677397283470297385E+33 -1.345347450256710838E+33 -1.345346947343569878E+33 -1.345346676544186284E+33  3.128788791567049609E+54  8.245858882019594936E+51  3.120542932684980177E+54
  3.583617571748887176E-02  9.340284974487028616E+31 -1.905482526378902397E+40 -8.166748542434592316E+39 -2.283327398251560516E+40  9.862817098500778593E+52  4.578520750788130293E+51  9.404965023422012618E+52
  2.259326837315827653E-03  2.677397283470295079E+33 -1.354632832292315084E+33 -1.354632058579790531E+33 -1.354631033410695498E+33  3.133683457746083457E+54  7.450057407205344009E+51  3.126233400338841720E+54
  3.592123344359801629E-02  9.264008767345441332E+31 -1.873252739263976116E+40 -8.039463315812337119E+39 -2.241468787542109036E+40  9.834372356390797168E+52  4.454884118631558131E+51  9.388883944527682561E+52
  2.274799721740075782E-03  2.677397283470301420E+33 -1.363928891560758168E+33 -1.363928736818253257E+33 -1.363927847048850021E+33  3.138332266681959451E+54  7.531861423707897662E+51  3.130800405258226496E+54
  2.290649872049297861E-03  2.677397283470296809E+33 -1.374038393491890429E+33 -1.374037871235936355E+33 -1.374037271608729827E+33  3.143284632115151479E+54  7.752573203472069772E+51  3.135532058911642031E+54
  2.306420333007745075E-03  2.677397283470306608E+33 -1.384369254576297407E+33 -1.384368674291903992E+33 -1.384368345464081057E+33  3.148366584533217950E+54  7.921634433044556605E+51  3.140444950100118940E+54
  2.321991022568293834E-03  2.677397283470310644E+33 -1.394547055980534616E+33 -1.394547055980534616E+33 -1.394546446681921531E+33  3.153439113698916553E+54  8.014245658099681878E+51  3.145424868040763636E+54
  3.600631750862782338E-02  9.189117652878716555E+31 -1.841526398110767782E+40 -7.914828755847532674E+39 -2.200440033218505567E+40  9.806509668446887561E+52  4.334474830480628501E+51  9.373062185398813745E+52
  3.609142779338690016E-02  9.115588755743905442E+31 -1.810304692255571151E+40 -7.792305032297540922E+39 -2.160289172713156751E+40  9.779215958830816906E+52  4.217210721731761188E+51  9.357494886657655010E+52
  2.337323581000515585E-03  2.677397283470317561E+33 -1.404436862240319950E+33 -1.404436726840628153E+33 -1.404435750028565905E+33  3.158396937207140514E+54  8.020628502685104251E+51  3.150376308704407227E+54
  3.617656417929438623E-02  9.043399153196327400E+31 -1.779600343486459472E+40 -7.672242764278959458E+39 -2.120961217605098014E+40  9.752478474123239111E+52  4.103012539885819086E+51  9.342177220134652816E+52
  2.352472699415705457E-03  2.677397283470307185E+33 -1.413678510175473818E+33 -1.413678103976398428E+33 -1.413676991764644382E+33  3.162903570071474955E+54  7.345245979634481059E+51  3.155558324091819760E+54
  3.626172654850962768E-02  8.972526092455081916E+31 -1.749401415273780381E+40 -7.554955887760164659E+39 -2.082349268531491676E+40  9.726284771074080478E+52  3.991803605224156526E+51  9.327104410551674330E+52
  2.367860041056570313E-03  2.677397283470319290E+33 -1.422926966780843756E+33 -1.422927082837722439E+33 -1.422925912597529052E+33  3.167190956411637403E+54  7.405165710326113056E+51  3.159785790701312019E+54
  3.634691478419607713E-02  8.902947301869776631E+31 -1.719663287652747125E+40 -7.440533092023853292E+39 -2.044451945831455602E+40  9.700623331063838049E+52  3.883514756088972762E+51  9.312271855454935987E+52
  2.383605201412543340E-03  2.677397283470316408E+33 -1.432942907524944402E+33 -1.432942810810878833E+33 -1.432942133812419849E+33  3.171729572288389471E+54  7.588451298465726658E+51  3.164141120989938474E+54
  2.399281311735849010E-03  2.677397283470316408E+33 -1.443165197399343430E+33 -1.443165545569979479E+33 -1.443164549415104116E+33  3.176371783729465277E+54  7.727042081325134196E+51  3.168644741648017459E+54
  3.643212877053021714E-02  8.834641263684971311E+31 -1.690340071455696982E+40 -7.328487236425695799E+39 -2.007318329817536646E+40  9.675482225080228444E+52  3.778070180738488549E+51  9.297675207006401455E+52
  3.651736839274306173E-02  8.767587259082960147E+31 -1.661429460960187892E+40 -7.218419475824888242E+39 -1.970971017464804507E+40  9.650849141382463735E+52  3.675389052145171728E+51  9.283310236167957728E+52
  2.414781464895961963E-03  2.677397283470341772E+33 -1.453246981079283566E+33 -1.453247058450536022E+33 -1.453245946238781976E+33  3.181002778034301869E+54  7.803278783223142266E+51  3.173199499251054071E+54
  3.660263353707782219E-02  8.701764800128235155E+31 -1.632948977867926652E+40 -7.110170983737799059E+39 -1.935378069658066365E+40  9.626712690576287680E+52  3.575400003941114719E+51  9.269172690182158330E+52
  2.430060630106629146E-03  2.677397283470323326E+33 -1.463054444983643309E+33 -1.463054290241138398E+33 -1.463052413988266356E+33  3.185530772813828530E+54  7.804940536939999347E+51  3.177725832276800092E+54
  3.668792409070354560E-02  8.637153392475037580E+31 -1.604881166235299891E+40 -7.004165561348957977E+39 -1.900439280968015826E+40  9.603062790477482031E+52  3.478044187188855023E+51  9.255258371758586426E+52
  2.445167619362748849E-03  2.677397283470325632E+33 -1.472280231812043833E+33 -1.472279999698286467E+33 -1.472277214333198075E+33  3.189682436087190703E+54  7.256252612746330190E+51  3.182426183474358260E+54
  3.677323994170036969E-02  8.573732485451403376E+31 -1.577207497516906749E+40 -6.900883699805633661E+39 -1.866129865618670641E+40  9.579889318870024076E+52  3.383261140002666009E+51  9.241563204869736739E+52
  2.460469417018093519E-03  2.677397283470330243E+33 -1.481508978090850774E+33 -1.481509055462103229E+33 -1.481506028311850914E+33  3.193643634630954657E+54  7.294159752518452761E+51  3.186349474878331343E+54
  3.685858097914566228E-02  8.511481811142955973E+31 -1.549882503677510375E+40 -6.799827707318177682E+39 -1.832523583870777841E+40  9.557181586523877354E+52  3.290983804260835668E+51  9.228083206097812131E+52
  2.476092648653682466E-03  2.677397283470340620E+33 -1.491412401691068247E+33 -1.491412304977002678E+33 -1.491409190784091350E+33  3.197798489465354086E+54  7.436220666150469919E+51  3.190362268799224565E+54
  3.694394709308324726E-02  8.450381798392915106E+31 -1.522933617989159497E+40 -6.700281168746995589E+39 -1.799641446574875083E+40  9.534928970976017042E+52  3.201145049228975831E+51  9.214814466053098789E+52
  2.491659379506587849E-03  2.677397283470336584E+33 -1.501500007557755648E+33 -1.501499872158063851E+33 -1.501497454306424622E+33  3.202028270183523173E+54  7.541628831089618017E+51  3.194486641352405939E+54
  3.702933817386771381E-02  8.390413641480326601E+31 -1.496387188859352124E+40 -6.602225038921312191E+39 -1.767424632535752984E+40  9.513121756588737596E+52  3.113685141189341142E+51  9.201753242469773043E+52
  2.507081056276544602E-03  2.677397283470340620E+33 -1.511468867894737221E+33 -1.511469022637242132E+33 -1.511466827227953712E+33  3.206244179999348753E+54  7.599818023268355842E+51  3.198644361976043440E+54
  2.522308485158227410E-03  2.677397283470342925E+33 -1.521185865462163562E+33 -1.521184685550563618E+33 -1.521181890514068669E+33  3.210370503700810845E+54  7.597246008206596346E+51  3.202773257692595766E+54
  3.711475411131484603E-02  8.331558861322046845E+31 -1.470263251848193623E+40 -6.506030301317107261E+39 -1.735770237929511604E+40  9.491749354368346668E+52  3.028534210170392829E+51  9.188895933351329517E+52
  3.720019479612632352E-02  8.273798961819986959E+31 -1.444525264813828049E+40 -6.412004431591793762E+39 -1.704677337507952442E+40  9.470802256340331507E+52  2.945633784905407519E+51  9.176238877849791154E+52
  2.537382653466903337E-03  2.677397283470344078E+33 -1.530694985817055527E+33 -1.530694966474242413E+33 -1.530692287494626147E+33  3.214376567582766436E+54  7.552502827578477426E+51  3.206824064755078262E+54
  3.728566012083927433E-02  8.217115250602000358E+31 -1.419118132513269301E+40 -6.319904583857110353E+39 -1.674241356721579199E+40  9.450272862018495605E+52  2.864944520674963224E+51  9.163778409950998053E+52
  2.552366533641247867E-03  2.677397283470347537E+33 -1.539784947411770709E+33 -1.539785392296472327E+33 -1.539784444498629749E+33  3.218061801305377930E+54  7.062837623535664996E+51  3.210998963681788912E+54
  3.737114997993547238E-02  8.161489168680230565E+31 -1.394059400368732254E+40 -6.228821668249614675E+39 -1.644497663245678782E+40  9.430152487537300508E+52  2.786414205811999171E+51  9.151511066956102784E+52
  2.567603966775891446E-03  2.677397283470348114E+33 -1.548990153487018113E+33 -1.548991004570795122E+33 -1.548989727945129609E+33  3.221601964311508047E+54  7.092207855341857461E+51  3.214509756456070064E+54
  3.745666426835760759E-02  8.106902828141919956E+31 -1.369402071643670435E+40 -6.139012495024639424E+39 -1.615351718380869637E+40  9.410431364584369201E+52  2.709978076035916272E+51  9.139433556980772988E+52
  2.583209736318760677E-03  2.677397283470353878E+33 -1.558892049004999593E+33 -1.558892010319373366E+33 -1.558890375851665247E+33  3.225337053623488392E+54  7.225462099528352658E+51  3.218111591523901616E+54
  3.754220288198721611E-02  8.053339201794650699E+31 -1.345165922960882474E+40 -6.050720742297857407E+39 -1.586665651907098596E+40  9.391099623836714820E+52  2.635570914528628882E+51  9.127542532383824982E+52
  2.598785398394511115E-03  2.677397283470349266E+33 -1.568968629468212109E+33 -1.568968571439772768E+33 -1.568965998845628628E+33  3.229161111169489124E+54  7.331970531477183438E+51  3.221829140637951127E+54
  3.762776572054963437E-02  8.000781778255370556E+31 -1.321305279184376258E+40 -5.964162043921456578E+39 -1.558473375661769370E+40  9.372148855142954599E+52  2.563141561273189494E+51  9.115834699015633722E+52
  3.771335268443254396E-02  7.949213969139757181E+31 -1.297770227414671499E+40 -5.879280181673377218E+39 -1.530890527452032170E+40  9.353571496723098885E+52  2.492645711765198356E+51  9.104306925546577188E+52
  2.614215883689419411E-03  2.677397283470355031E+33 -1.578895980128251395E+33 -1.578895090358848158E+33 -1.578892237293913868E+33  3.232985084716329561E+54  7.395507294477046390E+51  3.225589577421811330E+54
  3.779896366928114926E-02  7.898618775964981079E+31 -1.274551965773277928E+40 -5.795462322354050710E+39 -1.503963681030404594E+40  9.335360258997502733E+52  2.424041441710325017E+51  9.092956114826485152E+52
  3.788459857096615480E-02  7.848979196808348049E+31 -1.251666065999777599E+40 -5.712382208325572492E+39 -1.477610511265346358E+40  9.317507536735825185E+52  2.357284162731393067E+51  9.081779120462701696E+52
  2.629432399855655654E-03  2.677397283470367713E+33 -1.588547502273287407E+33 -1.588547038045772675E+33 -1.588545422920877670E+33  3.236728616749845962E+54  7.397977519439184141E+51  3.229330639230314766E+54
  3.797025728651850368E-02  7.800278850105427700E+31 -1.229121653133956808E+40 -5.630592265970792182E+39 -1.451696376667449658E+40  9.300005192912662154E+52  2.292322804818793192E+51  9.070772912430793901E+52
  2.644473843453765214E-03  2.677397283470363678E+33 -1.597982655710832071E+33 -1.597982462282700933E+33 -1.597981775612835391E+33  3.240356943240989771E+54  7.356284945229654898E+51  3.233000658295719027E+54
  3.805593970044655883E-02  7.752502221740743265E+31 -1.206934081757141391E+40 -5.550564966252531028E+39 -1.426200377993722030E+40  9.282844532722370509E+52  2.229099064239269111E+51  9.059934626298427282E+52
  3.814164567412073326E-02  7.705634390179520600E+31 -1.185069071059431464E+40 -5.471410472783105545E+39 -1.401217749309929191E+40  9.266017186564522678E+52  2.167557975357629269E+51  9.049261389028765135E+52
  2.659407912742226768E-03  2.677397283470363678E+33 -1.607296703795471020E+33 -1.607297148680172638E+33 -1.607296133182484162E+33  3.243867614110493158E+54  7.290557203773961895E+51  3.236577056906667325E+54
  3.822737509828396524E-02  7.659660472178012729E+31 -1.163530987233926565E+40 -5.392917233473085225E+39 -1.376808793453261250E+40  9.249517022571230519E+52  2.107666787255562528E+51  9.038750343845705005E+52
  2.674311175852429369E-03  2.677397283470367713E+33 -1.616615258755565492E+33 -1.616614968613368785E+33 -1.616613788701768841E+33  3.247280420398735116E+54  7.222827936074035631E+51  3.240057592462666211E+54
  3.831312787203725034E-02  7.614565325508647247E+31 -1.142321633472209964E+40 -5.315531851493332365E+39 -1.352917066629363431E+40  9.233339216044237478E+52  2.049404500827132962E+51  9.028398765961526508E+52
  2.689240875160280476E-03  2.677397283470361372E+33 -1.625508678026231006E+33 -1.625508639340604778E+33 -1.625507836613860554E+33  3.250450728810453381E+54  6.806590540000140953E+51  3.243644138270371053E+54
  3.839890389798705783E-02  7.570333616158956029E+31 -1.121419502629859487E+40 -5.239413937842811882E+39 -1.329433649436352360E+40  9.217476130410615775E+52  1.992721503398683659E+51  9.018203980070753656E+52
  2.704506980228889561E-03  2.677397283470368290E+33 -1.634563919271406855E+33 -1.634564112699537993E+33 -1.634563377672639667E+33  3.253538767938489636E+54  6.849935319422229417E+51  3.246688832619053533E+54
  2.720188640078236193E-03  2.677397283470373478E+33 -1.644577093993232222E+33 -1.644577171364484678E+33 -1.644576523380245364E+33  3.256838683913596552E+54  6.993627011415250314E+51  3.249845056902122760E+54
  3.848470308030571552E-02  7.526950425174180780E+31 -1.100805490397810121E+40 -5.164573994916875121E+39 -1.306355343216586104E+40  9.201919822793130635E+52  1.937566139785330573E+51  9.008163208814571226E+52
  2.735823665286114034E-03  2.677397283470377513E+33 -1.654794141965277401E+33 -1.654793658394949555E+33 -1.654792623554447965E+33  3.260239139810146839E+54  7.108711357197957941E+51  3.253130428452909099E+54
  2.751274367095303975E-03  2.677397283470383854E+33 -1.664757334858016621E+33 -1.664756793259249434E+33 -1.664755729404528173E+33  3.263642973091046463E+54  7.177214197602629256E+51  3.256465758893388204E+54
  3.857052532471712258E-02  7.484401534754033735E+31 -1.080480041006424405E+40 -5.090602114974266525E+39 -1.283744908594949682E+40  9.186664072300487572E+52  1.883902742666788442E+51  8.998273798033827736E+52
  2.766462403976572160E-03  2.677397283470380972E+33 -1.674323013598453438E+33 -1.674321911058105949E+33 -1.674320334618837172E+33  3.266964195067110747E+54  7.180009035195487233E+51  3.259784186031885041E+54
  3.865637053838367337E-02  7.442673368516227119E+31 -1.060509450532886915E+40 -5.017059073860021136E+39 -1.261644589765761611E+40  9.171702365777054750E+52  1.831690024056360936E+51  8.988533363371431815E+52
  2.781442378383939488E-03  2.677397283470387889E+33 -1.683577427790262436E+33 -1.683577853332150941E+33 -1.683576915205714920E+33  3.270165671660492812E+54  7.131077736234439725E+51  3.263034593924177871E+54
  3.874223862950176844E-02  7.401752556297456122E+31 -1.040902419180602549E+40 -4.944432492566165217E+39 -1.240008763139940273E+40  9.157028489686424152E+52  1.780889285868439656E+51  8.978939561099606871E+52
  2.796303158655096422E-03  2.677397283470395383E+33 -1.692682496122019522E+33 -1.692681799780747424E+33 -1.692680281369917988E+33  3.273245503520802726E+54  7.055677478369597639E+51  3.266189826042356484E+54
  3.882812950671520741E-02  7.361625356834103776E+31 -1.021609084632783322E+40 -4.873038778392618679E+39 -1.218714365746422292E+40  9.142637219624539135E+52  1.731473759694411606E+51  8.969489843655089068E+52
  2.811148932767112106E-03  2.677397283470389042E+33 -1.701813038938647527E+33 -1.701813329080844235E+33 -1.701812342597375429E+33  3.276230181644678129E+54  6.982002239209129783E+51  3.269248179405491878E+54
  2.826052458267790373E-03  2.677397283470402301E+33 -1.711056311670102957E+33 -1.711055808756961998E+33 -1.711054135603627651E+33  3.279153502352424440E+54  6.924873571508417793E+51  3.272228628780936017E+54
  3.891404307968993059E-02  7.322277990811077814E+31 -1.002519789881144617E+40 -4.802743871953843284E+39 -1.197774954273346898E+40  9.128522760561115005E+52  1.683410606009011020E+51  8.960181699960205695E+52
  2.841048142017509829E-03  2.677397283470398842E+33 -1.720419277729106793E+33 -1.720418368616890443E+33 -1.720416927577313462E+33  3.282044340593044227E+54  6.889080270016433705E+51  3.275155260323017582E+54
  3.899997925905175633E-02  7.283696986721326715E+31 -9.836564035398007930E+39 -4.733189526969294103E+39 -1.177293364385569264E+40  9.114678317760059953E+52  1.636655646375308496E+51  8.951012753122530133E+52
  2.856130933591580039E-03  2.677397283470398842E+33 -1.729867719679260661E+33 -1.729867448879877067E+33 -1.729865679012477151E+33  3.284919411700716897E+54  6.870974299694702045E+51  3.278048437400970000E+54
  3.908593795634518475E-02  7.245869272615105155E+31 -9.651156231715029014E+39 -4.664140368709922443E+39 -1.157284676018606861E+40  9.101097971348058440E+52  1.591173159176779062E+51  8.941980655430400206E+52
  2.871271574700907415E-03  2.677397283470398842E+33 -1.739340610945190415E+33 -1.739339605118908496E+33 -1.739337883608541365E+33  3.287782642461887634E+54  6.862945990851328523E+51  3.280919696470991561E+54
  2.886433171105062291E-03  2.677397283470408642E+33 -1.748779439517226708E+33 -1.748779323460348025E+33 -1.748777534250134995E+33  3.290628232280461672E+54  6.856874393082821415E+51  3.283771357887374476E+54
  3.917191908248808530E-02  7.208782099808004632E+31 -9.469589731209573864E+39 -4.595658545843017945E+39 -1.137668057473836294E+40  9.087776748794836576E+52  1.546936747722338082E+51  8.933083074022584524E+52
  2.901586114820725246E-03  2.677397283470400571E+33 -1.758153179523134949E+33 -1.758151941583095663E+33 -1.758150490872112126E+33  3.293446143749357177E+54  6.847045252589697079E+51  3.286599098496712824E+54
  3.925792254901991352E-02  7.172423029691373823E+31 -9.291315273174114867E+39 -4.528688262402218949E+39 -1.118343247336235238E+40  9.074709502892885863E+52  1.503916396387431241E+51  8.924317863254161880E+52
  2.916715128869658714E-03  2.677397283470417289E+33 -1.767477092442461953E+33 -1.767476299387124286E+33 -1.767474674590822724E+33  3.296227160572613201E+54  6.831178195206099358E+51  3.289395982377344115E+54
  3.934394826907804121E-02  7.136779588347880959E+31 -9.115037395554198583E+39 -4.463407873735674455E+39 -1.099357995894681588E+40  9.061889925049330195E+52  1.462070905587061107E+51  8.915682834490607403E+52
  2.931819149652843074E-03  2.677397283470418442E+33 -1.776805202752234660E+33 -1.776803829412503577E+33 -1.776802359358706926E+33  3.298965897651469574E+54  6.809992377160224304E+51  3.292155905274254466E+54
  3.942999615722465184E-02  7.101839230537022943E+31 -8.940003420811524890E+39 -4.398753512938970543E+39 -1.080830131671814892E+40  9.049312384098289984E+52  1.421367197947902170E+51  8.907175664303522148E+52
  2.946906348486678755E-03  2.677397283470417289E+33 -1.786177782189356070E+33 -1.786176969791205289E+33 -1.786175016167080792E+33  3.301661358430545846E+54  6.785822169054224728E+51  3.294875536261452049E+54
  2.961988142097590673E-03  2.677397283470424206E+33 -1.795595720523229422E+33 -1.795594559954442592E+33 -1.795593118914865612E+33  3.304315863388276722E+54  6.761287334820398977E+51  3.297554576053430172E+54
  2.977074093961428174E-03  2.677397283470428242E+33 -1.805183720869999603E+33 -1.805182676358091456E+33 -1.805180896819284983E+33  3.306931384684993877E+54  6.741213091306949656E+51  3.300190171593631605E+54
  3.951606612914037447E-02  7.067589635722607852E+31 -8.767275024567483792E+39 -4.333969586946236206E+39 -1.062755275311078158E+40  9.036972765172326379E+52  1.381786245718470902E+51  8.898794140600479273E+52
  2.992135577499240202E-03  2.677397283470423630E+33 -1.814856191281637897E+33 -1.814855417569113344E+33 -1.814853918501097022E+33  3.309501115353277007E+54  6.719087337748367031E+51  3.302782028015475529E+54
  3.960215810135508246E-02  7.034018824469694232E+31 -8.598161479640021772E+39 -4.269712255111393930E+39 -1.045004447658419272E+40  9.024866811783759113E+52  1.343304927008949029E+51  8.890536319082851649E+52
  3.968827199116793658E-02  7.001115241649103123E+31 -8.432754529615831191E+39 -4.207036507145109903E+39 -1.027465641401511796E+40  9.012987962175264891E+52  1.305877506835043617E+51  8.882400211491732832E+52
  3.007167230713020997E-03  2.677397283470431700E+33 -1.824424829472481130E+33 -1.824423514161189390E+33 -1.824422401949435344E+33  3.312021749849774683E+54  6.694095340154860399E+51  3.305327654509600289E+54
  3.977440771665349817E-02  6.968867382738230779E+31 -8.269759968913040569E+39 -4.146473113240845175E+39 -1.010177082430869786E+40  9.001331095764909789E+52  1.269474843244514644E+51  8.874383611440491156E+52
  3.022172432056038135E-03  2.677397283470434583E+33 -1.833913330388593749E+33 -1.833912324562311829E+33 -1.833910525680692243E+33  3.314492431269009399E+54  6.667470706664750986E+51  3.307824960562287395E+54
  3.986056519666684311E-02  6.937263672472977143E+31 -8.108066563305998764E+39 -4.087004064201666329E+39 -9.932960483728963366E+39  8.989892601640182163E+52  1.234081682987796303E+51  8.866484433341415559E+52
  3.037155318961331889E-03  2.677397283470429394E+33 -1.843355273153541369E+33 -1.843353861128184059E+33 -1.843352594173925103E+33  3.316913668586161835E+54  6.640115967478288997E+51  3.310273552618653258E+54
  3.994674435084258346E-02  6.906292567751125139E+31 -7.948244646917395041E+39 -4.027243190737624617E+39 -9.768877887485648873E+39  8.978668024903715781E+52  1.199671869079269417E+51  8.858700837995758733E+52
  3.052121668390676661E-03  2.677397283470442653E+33 -1.852790039734823756E+33 -1.852789033908541837E+33 -1.852787737940063210E+33  3.319287283017786969E+54  6.613154916184109859E+51  3.312674128101520391E+54
  4.003294509959955810E-02  6.875942753593361270E+31 -7.791436493087557996E+39 -3.967606150969302452E+39 -9.608308833302494409E+39  8.967652635514438042E+52  1.166216747450733744E+51  8.851030960769340625E+52
  4.011916736414592594E-02  6.846203105449152847E+31 -7.638338204855627809E+39 -3.909264472054350518E+39 -9.449202052018457802E+39  8.956842594781281997E+52  1.133697201131876579E+51  8.843472874668110041E+52
  3.067075261061117438E-03  2.677397283470439771E+33 -1.862215637822690186E+33 -1.862214941481418088E+33 -1.862213307013709969E+33  3.321615336587362757E+54  6.587186322192791622E+51  3.315028150265134123E+54
  3.082017811482827378E-03  2.677397283470451300E+33 -1.871581524646474211E+33 -1.871579745107667738E+33 -1.871577598055412102E+33  3.323899632885952752E+54  6.562385270852904679E+51  3.317337247615096935E+54
  4.020541106648831825E-02  6.817062839252379421E+31 -7.488295489150854707E+39 -3.852612239053103932E+39 -9.291616906599354273E+39  8.946233087549116496E+52  1.102083565460175248E+51  8.836024731003097542E+52
  3.096948866586276237E-03  2.677397283470444959E+33 -1.880847699268656420E+33 -1.880846151843607313E+33 -1.880842747508499279E+33  3.326141366270653623E+54  6.538520437380994280E+51  3.319602845833245263E+54
  4.029167612942947257E-02  6.788511567940846085E+31 -7.340229979271931583E+39 -3.797159326987388102E+39 -9.137075894186637637E+39  8.935819008608100843E+52  1.071342580889537809E+51  8.828684750519163761E+52
  3.111866885598823466E-03  2.677397283470443230E+33 -1.890035728925858740E+33 -1.890033833330173585E+33 -1.890031018950865522E+33  3.328341160626494412E+54  6.515233305380546154E+51  3.321825927321038367E+54
  4.037796247650408260E-02  6.760538985382489092E+31 -7.193977693402428590E+39 -3.742101091576424103E+39 -8.986787770447339323E+39  8.925596356615843041E+52  1.041452463193084508E+51  8.821451110296566674E+52
  3.126769994142250455E-03  2.677397283470447841E+33 -1.899208206961317538E+33 -1.899206930335652025E+33 -1.899203845156960368E+33  3.330499235630527772E+54  6.492154485671388460E+51  3.324007081144880450E+54
  4.046427003197294869E-02  6.733134553116650098E+31 -7.050376251370977267E+39 -3.687181278949742490E+39 -8.840170032914283684E+39  8.915562484549998554E+52  1.012404744884819229E+51  8.814322010061543996E+52
  3.141656993325545131E-03  2.677397283470452453E+33 -1.908410956499299486E+33 -1.908408499962034029E+33 -1.908405027927080095E+33  3.332615716434828400E+54  6.469074736452421618E+51  3.326146641698331572E+54
  4.055059872087340977E-02  6.706287613820607846E+31 -6.910014367737701305E+39 -3.632904504719256245E+39 -8.695297583883740489E+39  8.905714130944048154E+52  9.841836014336042244E+50  8.807295770800666297E+52
  3.156527527801067726E-03  2.677397283470447841E+33 -1.917621694619097447E+33 -1.917619489538402470E+33 -1.917616414031117370E+33  3.334690825291488123E+54  6.445947877056254106E+51  3.328244877414500728E+54
  4.063694846906544533E-02  6.679987760590057770E+31 -6.772581580355202953E+39 -3.580141230396609948E+39 -8.551600326747801428E+39  8.896046090074917144E+52  9.567541524025643217E+50  8.800370674834640956E+52
  3.171381967157978297E-03  2.677397283470455335E+33 -1.926773398473271987E+33 -1.926771831705409766E+33 -1.926768959297662362E+33  3.336724973760669064E+54  6.422851036718539270E+51  3.330302122723957769E+54
  4.072331920321071302E-02  6.654224990277988259E+31 -6.637570088928027301E+39 -3.528826225889694133E+39 -8.410385749727746187E+39  8.886554450641486313E+52  9.300946046533433110E+50  8.793544990176162100E+52
  3.186221008291818552E-03  2.677397283470459947E+33 -1.935937230271268900E+33 -1.935936185759360753E+33 -1.935933883964600207E+33  3.338718617863474876E+54  6.399646149847274343E+51  3.332318971713620688E+54
  3.201045622693206479E-03  2.677397283470464559E+33 -1.945157001484791022E+33 -1.945155608802246826E+33 -1.945152649351840409E+33  3.340671864298189828E+54  6.375603464192818092E+51  3.334296260834020203E+54
  3.215857999834282558E-03  2.677397283470456488E+33 -1.954304662691024770E+33 -1.954303463436611713E+33 -1.954301403427015089E+33  3.342584938193759044E+54  6.351126756909730675E+51  3.336233811436840860E+54
  4.080971085075151689E-02  6.628989841123155850E+31 -6.504870230023268173E+39 -3.477942842789651066E+39 -8.272775442681278937E+39  8.877235596179965743E+52  9.041850778878246051E+50  8.786817088391185226E+52
  3.230661497737833711E-03  2.677397283470465712E+33 -1.963357756883944984E+33 -1.963356112744830308E+33 -1.963353308036928802E+33  3.344458721840399294E+54  6.326778097609267830E+51  3.338131943742765078E+54
  4.089612333989946918E-02  6.604272985135015132E+31 -6.374537617712599728E+39 -3.426997321623802323E+39 -8.138587942568294424E+39  8.868086646984267198E+52  8.790117731680736182E+50  8.780185469667457926E+52
  3.245458683929985672E-03  2.677397283470476664E+33 -1.972336942187957238E+33 -1.972334988563832740E+33 -1.972332947897049231E+33  3.346294333231493943E+54  6.302905610104400770E+51  3.339991427621414575E+54
  4.098255659961384106E-02  6.580065091290924509E+31 -6.246768510439738323E+39 -3.376514032022781859E+39 -8.006106681297261156E+39  8.859103052686295539E+52  8.545450871112143756E+50  8.773648543975169598E+52
  3.260251114232809878E-03  2.677397283470462253E+33 -1.981288428583590481E+33 -1.981287055243859399E+33 -1.981284782463318523E+33  3.348092882586319064E+54  6.279702675027543358E+51  3.341813179911303162E+54
  4.106901055959501917E-02  6.556356645513465555E+31 -6.121481429384171009E+39 -3.327636171616709877E+39 -7.874435945340764344E+39  8.850281215566722472E+52  8.307660596809469806E+50  8.767204609598618802E+52
  3.275038876049680796E-03  2.677397283470474935E+33 -1.990236259187545209E+33 -1.990234789133748558E+33 -1.990232487338988012E+33  3.349855237628951500E+54  6.257139713817147964E+51  3.343598097915114822E+54
  3.289821082996658656E-03  2.677397283470469747E+33 -1.999183083965218019E+33 -1.999180608085139448E+33 -1.999178209576313333E+33  3.351581980849453513E+54  6.235084408712427439E+51  3.345346896440702278E+54
  4.115548515028844695E-02  6.533138101673808366E+31 -5.998336457541049011E+39 -3.280288982122694398E+39 -7.744591943561125590E+39  8.841618965944394734E+52  8.076686880319009395E+50  8.760852097141209791E+52
  3.304596351030161458E-03  2.677397283470484735E+33 -2.008116910372478331E+33 -2.008114937405540720E+33 -2.008111320299488433E+33  3.353273454932901998E+54  6.213373726637389114E+51  3.347060081206228772E+54
  3.319363631680475810E-03  2.677397283470480123E+33 -2.017032225707588705E+33 -2.017031123167241216E+33 -2.017028134702615129E+33  3.354929916387637797E+54  6.191925673481778639E+51  3.348737990714155098E+54
  4.124198030309529639E-02  6.510400161652097712E+31 -5.877706941194517984E+39 -3.233741735844160872E+39 -7.617769757847887643E+39  8.833113555946932936E+52  7.852393713541041045E+50  8.754589618811520931E+52
  3.334122249422968951E-03  2.677397283470486464E+33 -2.025924735866037868E+33 -2.025922975670044509E+33 -2.025919726077441385E+33  3.356551616989077604E+54  6.170664275994609342E+51  3.350380952713110697E+54
  4.132849594980815555E-02  6.488134061581770580E+31 -5.759867132730875796E+39 -3.187560330980453301E+39 -7.494135018640774109E+39  8.824761078852339192E+52  7.634532188374780581E+50  8.748415756968592200E+52
  3.348872084289547264E-03  2.677397283470485311E+33 -2.034797168184474872E+33 -2.034795311274415944E+33 -2.034792197081504616E+33  3.358138885923441099E+54  6.149588837601808428E+51  3.351989297085787502E+54
  3.363613289804408008E-03  2.677397283470491652E+33 -2.043648923035693186E+33 -2.043647356267830966E+33 -2.043644686959621257E+33  3.359692131100827095E+54  6.128733251171378574E+51  3.353563397849643353E+54
  3.378346162780546807E-03  2.677397283470495687E+33 -2.052490387510334942E+33 -2.052488840085285835E+33 -2.052486190119889240E+33  3.361211824015576005E+54  6.108155136279098787E+51  3.355103668879317170E+54
  4.141503202274433165E-02  6.466331371061043363E+31 -5.644485412922235363E+39 -3.141637167418366307E+39 -7.372471970673108533E+39  8.816557441864042096E+52  7.422844894259909760E+50  8.742328992921463917E+52
  4.150158845503469640E-02  6.444983638058592744E+31 -5.530756572993235910E+39 -3.096503859861484121E+39 -7.251796533678696551E+39  8.808499108451530387E+52  7.217133839608304164E+50  8.736327770055438216E+52
  4.158816518071060259E-02  6.424082320284789843E+31 -5.418793517610290920E+39 -3.052383322187097572E+39 -7.132354273361794776E+39  8.800583903456762505E+52  7.017323729715873746E+50  8.730410666159614991E+52
  3.393070821682374685E-03  2.677397283470502605E+33 -2.061318041216413419E+33 -2.061316435762924971E+33 -2.061314133968164425E+33  3.362698443719607054E+54  6.087878285637250977E+51  3.356610565433942122E+54
  4.167476213460148682E-02  6.403618972494255097E+31 -5.309415482841395829E+39 -3.009334465927430075E+39 -7.015378555821368198E+39  8.792809712109891182E+52  6.823335321170269902E+50  8.724576358898179602E+52
  3.407787248217915201E-03  2.677397283470500876E+33 -2.070136835914085761E+33 -2.070134804918708808E+33 -2.070132329038630237E+33  3.364152456297569325E+54  6.067909707589991201E+51  3.358084546589966193E+54
  3.422495258575358832E-03  2.677397283470497993E+33 -2.078941568386624345E+33 -2.078939672790939189E+33 -2.078937390338991757E+33  3.365574295863598068E+54  6.048238231768759305E+51  3.359526057631823488E+54
  3.437194582710952160E-03  2.677397283470507793E+33 -2.087737441850756793E+33 -2.087736223253530622E+33 -2.087733902115956961E+33  3.366964363193069252E+54  6.028853813457080374E+51  3.360935509379588524E+54
  4.176137925225506531E-02  6.383585365316157285E+31 -5.203139140510159901E+39 -2.967240656427728022E+39 -6.901226775071982227E+39  8.785174234183662577E+52  6.635068890821383396E+50  8.718823545275474156E+52
  3.451884755619155469E-03  2.677397283470505487E+33 -2.096521361456384892E+33 -2.096520549058234111E+33 -2.096518015149716199E+33  3.368323015332495355E+54  6.009704061516393974E+51  3.362313311270939385E+54
  4.184801646989962792E-02  6.363973538893669457E+31 -5.099518446947138034E+39 -2.925868794789127122E+39 -6.789260137868818004E+39  8.777673522257898316E+52  6.452266274726856817E+50  8.713150859510638986E+52
  4.193467350938440835E-02  6.344775547648031004E+31 -4.997529299329707925E+39 -2.885101539963453596E+39 -6.678789090973252644E+39  8.770303559183707639E+52  6.274672828499925600E+50  8.707556830898683003E+52
  3.466565617404788330E-03  2.677397283470506640E+33 -2.105295474255764277E+33 -2.105294661857613496E+33 -2.105292785604741454E+33  3.369650625850061452E+54  5.990841003166001792E+51  3.363659784846907157E+54
  3.481236982855709112E-03  2.677397283470516440E+33 -2.114066124691596285E+33 -2.114064538580920951E+33 -2.114062352843039088E+33  3.370947563986187027E+54  5.972284578613829708E+51  3.364975279407596696E+54
  4.202135027598039724E-02  6.325983468205790029E+31 -4.896798151006573767E+39 -2.844828626664818444E+39 -6.569727727001531499E+39  8.763062262896880040E+52  6.102218035106743630E+50  8.702040082545797559E+52
  3.495898753992019749E-03  2.677397283470512405E+33 -2.122826078551776344E+33 -2.122823970185146936E+33 -2.122821745761638845E+33  3.372214205691971539E+54  5.954049430079735045E+51  3.366260156261862701E+54
  4.210804670946786260E-02  6.307589477176548974E+31 -4.797970125558244754E+39 -2.804954611176715386E+39 -6.462660368542590990E+39  8.755948514230031532E+52  5.934907887341799013E+50  8.696599435356604370E+52
  3.510550646148717733E-03  2.677397283470513558E+33 -2.131575161750986427E+33 -2.131574620152219240E+33 -2.131571699387439051E+33  3.373450904681805627E+54  5.936118917622682379E+51  3.367514785764113846E+54
  4.219476274002893768E-02  6.289585884750757293E+31 -4.702018355588205834E+39 -2.765862100550621602E+39 -6.357911940399574721E+39  8.748960366371294497E+52  5.772659650487606737E+50  8.691233769866446650E+52
  3.525192355685015204E-03  2.677397283470519899E+33 -2.140322562125455607E+33 -2.140320917986340931E+33 -2.140319641360675418E+33  3.374658002134885362E+54  5.918485509502312808E+51  3.368739516625467726E+54
  4.228149829527563103E-02  6.271965233968472368E+31 -4.609173378422379614E+39 -2.727852475011334149E+39 -6.255016906833302983E+39  8.742093853385973681E+52  5.615204726019931392E+50  8.685941806125777898E+52
  4.236825330482763691E-02  6.254720379459057810E+31 -4.518142102915060076E+39 -2.690978056369162896E+39 -6.153690521237672383E+39  8.735344593194733572E+52  5.462247244162705240E+50  8.680722120753112841E+52
  3.539823454644673573E-03  2.677397283470524511E+33 -2.149064952711328304E+33 -2.149063869513793930E+33 -2.149060639264003919E+33  3.375835817326401593E+54  5.901124272600217897E+51  3.369934693053787965E+54
  3.554443636588451669E-03  2.677397283470514134E+33 -2.157800263827601338E+33 -2.157798832459430914E+33 -2.157795021925247489E+33  3.376984673129408481E+54  5.884025220817471684E+51  3.371100647908609045E+54
  3.569052656925625951E-03  2.677397283470536616E+33 -2.166533292491926939E+33 -2.166532712207533524E+33 -2.166529559328995969E+33  3.378104899079254052E+54  5.867175906320612591E+51  3.372237723172915503E+54
  4.245502769983069274E-02  6.237844242704485539E+31 -4.428002860358870299E+39 -2.654838814291745831E+39 -6.054070575613108575E+39  8.728710444726930581E+52  5.313705662246281714E+50  8.675573388104507375E+52
  3.583650364653898513E-03  2.677397283470536040E+33 -2.175258970887269284E+33 -2.175258622716633235E+33 -2.175255102324646517E+33  3.379196834373534723E+54  5.850593158382423866E+51  3.373346241215177194E+54
  3.598236424300321323E-03  2.677397283470538922E+33 -2.183981593118139642E+33 -2.183981264290316707E+33 -2.183978904467116819E+33  3.380260808750837606E+54  5.834240530725183850E+51  3.374426568220087478E+54
  4.254182141266928119E-02  6.221329503427154805E+31 -4.339040967702507348E+39 -2.618784938028930077E+39 -5.956325623662153834E+39  8.722190731935897028E+52  5.169626926570311379E+50  8.670494462670239092E+52
  3.612810990494542008E-03  2.677397283470529122E+33 -2.192700811013901966E+33 -2.192700907727967535E+33 -2.192698721990085672E+33  3.381297196732358224E+54  5.818159200532672750E+51  3.375479037531852496E+54
  3.627373737858350083E-03  2.677397283470537769E+33 -2.201417553029585719E+33 -2.201417669086464402E+33 -2.201416005604536612E+33  3.382306341484739035E+54  5.802321529618992098E+51  3.376504019955131663E+54
  4.262863437690989077E-02  6.205168679991344888E+31 -4.252186078196676133E+39 -2.582899111569905014E+39 -5.860480243781627992E+39  8.715784540857550060E+52  5.030024863689437102E+50  8.665484292220625532E+52
  3.641924536683510509E-03  2.677397283470549298E+33 -2.210132534849276113E+33 -2.210133076448043301E+33 -2.210130503853899161E+33  3.383288592785891020E+54  5.786753554229143836E+51  3.377501839231632912E+54
  4.271546652797087590E-02  6.189354453277925880E+31 -4.168197314816922390E+39 -2.547788800776084055E+39 -5.766146927181729172E+39  8.709488695646549679E+52  4.894697508455475177E+50  8.660541720561980779E+52
  3.656462649560474065E-03  2.677397283470548145E+33 -2.218840766027189779E+33 -2.218841926595976609E+33 -2.218839179916514445E+33  3.384244233960094017E+54  5.771444820065025772E+51  3.378472789139916861E+54
  4.280231780216790793E-02  6.173879904632552998E+31 -4.086597277463895164E+39 -2.513973780918929378E+39 -5.673091280160595108E+39  8.703299131133633987E+52  4.763365820686188559E+50  8.655665472926788766E+52
  3.670987276893902460E-03  2.677397283470538922E+33 -2.227565419253437090E+33 -2.227566618507850148E+33 -2.227564935683109245E+33  3.385118826916660446E+54  5.640757135339925759E+51  3.379478069781270663E+54
  4.288918813628710136E-02  6.158738517537046984E+31 -4.006281973133195481E+39 -2.481199303708948776E+39 -5.581727748233283158E+39  8.697212950104556383E+52  4.635865182032264197E+50  8.650854298284225549E+52
  4.297607746772819787E-02  6.143924090977075315E+31 -3.926996749661279680E+39 -2.448879411092291067E+39 -5.492464617515928992E+39  8.691228401443556668E+52  4.512131382295520587E+50  8.646107087620588435E+52
  3.685782052853825777E-03  2.677397283470553910E+33 -2.236455337474929000E+33 -2.236456362644024033E+33 -2.236454099534889714E+33  3.385960194921698458E+54  5.644447359024123721E+51  3.380315747562637785E+54
  4.306298573465840163E-02  6.129430208311608224E+31 -3.849013299214262924E+39 -2.416634356934508664E+39 -5.404880159648064494E+39  8.685344711047252836E+52  4.392189114989377880E+50  8.641422819897335929E+52
  3.701290896868123913E-03  2.677397283470556216E+33 -2.245753331024683467E+33 -2.245754588307535866E+33 -2.245752151113083523E+33  3.386882502997383549E+54  5.711499967286656424E+51  3.381171003030113179E+54
  3.716390479795112466E-03  2.677397283470556216E+33 -2.254812382804042741E+33 -2.254813466001577116E+33 -2.254810661293675610E+33  3.387806406125672925E+54  5.731156167901920638E+51  3.382075249957789564E+54
  4.314991287615393967E-02  6.115250020845515678E+31 -3.773057588150090412E+39 -2.384637707540029182E+39 -5.318668932864069457E+39  8.679560182750989902E+52  4.275977275163566953E+50  8.636800409999347861E+52
  3.731406315217965491E-03  2.677397283470564286E+33 -2.263834683238485731E+33 -2.263835669721954536E+33 -2.263832439472164526E+33  3.388719741403971264E+54  5.763393450590667955E+51  3.382956347953355671E+54
  4.323685883224295812E-02  6.101376534703096334E+31 -3.699509457961380369E+39 -2.353627854250942792E+39 -5.233658320686335317E+39  8.673872413187762722E+52  4.163370503793078816E+50  8.632238708149853459E+52
  4.332382354311071354E-02  6.087803178899582996E+31 -3.627865897579306124E+39 -2.323674753030589109E+39 -5.150184845121092188E+39  8.668278883937368613E+52  4.054226315987106857E+50  8.627736620777493490E+52
  3.745701025183019450E-03  2.677397283470564863E+33 -2.272438153740574872E+33 -2.272439120881230563E+33 -2.272437341342424091E+33  3.389558556719608853E+54  5.721972952714070623E+51  3.383836583766918359E+54
  4.341080694907635540E-02  6.074523986806267674E+31 -3.557514050841757732E+39 -2.294387317991596394E+39 -5.068855807417522570E+39  8.662777293814915144E+52  3.948415760380020892E+50  8.623293136211109842E+52
  3.760085921197870405E-03  2.677397283470568898E+33 -2.281097312201618741E+33 -2.281099169111677669E+33 -2.281097408915684310E+33  3.390356491914425118E+54  5.721887317285394470E+51  3.384634604597135874E+54
  4.349780899166045406E-02  6.061533378737887500E+31 -3.488287250929462806E+39 -2.265133373436032078E+39 -4.989322800054174157E+39  8.657365415779774115E+52  3.845815848571661140E+50  8.618907257294063327E+52
  4.358482961369678638E-02  6.048825623614270406E+31 -3.420454928482409551E+39 -2.235840521597584682E+39 -4.910946926088877480E+39  8.652041214975721355E+52  3.746329275842957550E+50  8.614577922217270919E+52
  3.773808192178436816E-03  2.677397283470564286E+33 -2.289370658912294075E+33 -2.289372554507979231E+33 -2.289369575714759701E+33  3.391072995907228169E+54  5.640385708845827857E+51  3.385432610198338644E+54
  4.367186875895685133E-02  6.036394574192677211E+31 -3.354350634327856161E+39 -2.207126795094019685E+39 -4.833623083740231166E+39  8.646803386021182570E+52  3.649930402952860515E+50  8.610304081991690997E+52
  4.375892637187811518E-02  6.024234001249353223E+31 -3.290180455629390589E+39 -2.179294156338136005E+39 -4.757754103581728183E+39  8.641650915941794747E+52  3.556613532682031826E+50  8.606084780614975089E+52
  4.384600239736301253E-02  6.012337979164270682E+31 -3.227426765743881676E+39 -2.152340299377810186E+39 -4.683816820165726605E+39  8.636582219634448970E+52  3.466308783164113762E+50  8.601919131802772470E+52
  3.788290291493725138E-03  2.677397283470565439E+33 -2.298092043203125149E+33 -2.298094112884128329E+33 -2.298091288833413709E+33  3.391787653146791376E+54  5.664471618144061953E+51  3.386123181528638404E+54
  4.393309678089239723E-02  6.000700951161687089E+31 -3.165806823137604213E+39 -2.125686358817826856E+39 -4.611683248647450813E+39  8.631594783941498685E+52  3.378857277283501294E+50  8.597806211168655431E+52
  3.801867417001940364E-03  2.677397283470571780E+33 -2.306281674218643809E+33 -2.306284014699030583E+33 -2.306282177131784769E+33  3.392428513251499688E+54  5.571333578906397547E+51  3.386857179672580859E+54
  4.402020946852456401E-02  5.989317632345862708E+31 -3.105326354755607577E+39 -2.098963043550021393E+39 -4.540604726164500487E+39  8.626685698117975102E+52  3.294069265130568362E+50  8.593745005466672031E+52
  3.816922036275045838E-03  2.677397283470577545E+33 -2.315348869322324008E+33 -2.315351693373038628E+33 -2.315349449606717423E+33  3.393114303013124389E+54  5.644931765342141745E+51  3.387469371247793282E+54
  4.410734040683530338E-02  5.978182717453243858E+31 -3.046202364958900643E+39 -2.072354557057795955E+39 -4.470402738424239769E+39  8.621853414796383446E+52  3.211888301127570035E+50  8.589734531785109046E+52
  3.830338381217969056E-03  2.677397283470578121E+33 -2.323439619877204749E+33 -2.323442753412929190E+33 -2.323441109273814514E+33  3.393708341097761317E+54  5.532425749253217071E+51  3.388175915348505137E+54
  3.845920736538325623E-03  2.677397283470576392E+33 -2.332758581036374612E+33 -2.332762526970249834E+33 -2.332760554003312223E+33  3.394370212114858210E+54  5.672774481580234309E+51  3.388697437633282056E+54
  3.858304885505959691E-03  2.677397283470579274E+33 -2.340103511403212139E+33 -2.340106490196431670E+33 -2.340105542398589092E+33  3.394867112032208051E+54  5.472327036536264983E+51  3.389394784995693947E+54
  4.419448954292036491E-02  5.967290818878322160E+31 -2.988591711247020348E+39 -2.046241681630087240E+39 -4.401485586756846835E+39  8.617097368437415058E+52  3.132341818759680982E+50  8.585773950249816458E+52
  3.874353314082875678E-03  2.677397283470587921E+33 -2.349797955250547749E+33 -2.349801843155983630E+33 -2.349800547187505003E+33  3.395802283022329629E+54  5.573879704117413908E+51  3.390228403318238948E+54
  3.898850859828654602E-03  2.677397283470591956E+33 -2.364900649644511364E+33 -2.364902893410832569E+33 -2.364900823729829388E+33  3.399114528129874368E+54  6.648697007254099738E+51  3.392465831122631364E+54
  4.428165682442793127E-02  5.956636622546985349E+31 -2.932331226870414341E+39 -2.020883053539513743E+39 -4.334233540127185552E+39  8.612416623040570035E+52  3.055412391466877767E+50  8.581862499125923423E+52
  3.918833931813709565E-03  2.677397283470590803E+33 -2.377407151662336170E+33 -2.377410962196519596E+33 -2.377410207826808156E+33  3.403528134293684127E+54  7.413808336432401201E+51  3.396114325957166203E+54
  4.436884219950135155E-02  5.946214931074572855E+31 -2.877121091594941072E+39 -1.996184666750484277E+39 -4.268528413566186989E+39  8.607809114046455089E+52  2.980977660527863195E+50  8.577999337441147251E+52
  3.936430497987311421E-03  2.677397283470594262E+33 -2.387966606112122440E+33 -2.387971364444148443E+33 -2.387971461158214012E+33  3.407510231496685036E+54  7.073709510141597956E+51  3.400436521986462909E+54
  3.953671290138723558E-03  2.677397283470591380E+33 -2.398106785744853242E+33 -2.398111795533449725E+33 -2.398113807186013563E+33  3.411425738563461093E+54  7.645060276909930968E+51  3.403780678286529636E+54
  4.445604561666856303E-02  5.936020640109513593E+31 -2.823138831743526281E+39 -1.971804208704560043E+39 -4.203864707188574042E+39  8.603272226375530193E+52  2.908871128820486737E+50  8.574183515087296893E+52
  3.970105316373862686E-03  2.677397283470594839E+33 -2.408128819475084745E+33 -2.408135473402795904E+33 -2.408137581769425312E+33  3.415704762261188787E+54  8.072906052327789166E+51  3.407631856208844639E+54
  4.454326702487163697E-02  5.926048649781801794E+31 -2.770489484686350630E+39 -1.947526388154948692E+39 -4.140093068518991058E+39  8.598804419183198790E+52  2.839030088168330261E+50  8.570414118301510154E+52
  3.985674129922348735E-03  2.677397283470611556E+33 -2.417601614026948930E+33 -2.417607436213696194E+33 -2.417609428523446919E+33  3.419879320124776403E+54  8.146518451443663591E+51  3.411732801673233339E+54
  4.463050637359224776E-02  5.916294028612318792E+31 -2.719235628273812761E+39 -1.923261952319543019E+39 -4.077576420241705802E+39  8.594405011235992432E+52  2.771462522790349609E+50  8.566690386008070784E+52
  4.471776361290474150E-02  5.906752038527974475E+31 -2.669165828001971386E+39 -1.899230587946234315E+39 -4.016555827874374151E+39  8.590073044479208040E+52  2.706141645554806811E+50  8.563011628023666177E+52
  4.000782459236094935E-03  2.677397283470606368E+33 -2.426494240242276776E+33 -2.426499172659620804E+33 -2.426500313885594520E+33  3.423825469085133661E+54  8.054366435099166817E+51  3.415771102649974364E+54
  4.480503869329393457E-02  5.897418033487457692E+31 -2.620119627515914668E+39 -1.875614753481944683E+39 -3.956908833976583711E+39  8.585806545104120264E+52  2.642947111513791657E+50  8.559377073988971028E+52
  4.489233156556354104E-02  5.888287368263087507E+31 -2.572257233503088396E+39 -1.852477616765912075E+39 -3.898279638609742313E+39  8.581603101227200685E+52  2.581727633531171110E+50  8.555785824891854389E+52
  4.015806095773023429E-03  2.677397283470610980E+33 -2.434951923961926950E+33 -2.434957920233992238E+33 -2.434960724941893744E+33  3.427605865986173489E+54  7.905218558575465000E+51  3.419700647427521941E+54
  4.497964218085895999E-02  5.879355330996629161E+31 -2.525655072432984984E+39 -1.829581140282851547E+39 -3.840727105816041079E+39  8.577461579719883803E+52  2.522454612059445884E+50  8.552237033599262789E+52
  4.506697049065908761E-02  5.870617344186037319E+31 -2.480361051085300577E+39 -1.806760304448943068E+39 -3.784420009918052820E+39  8.573381497752240786E+52  2.465149759808698436E+50  8.548730000154114830E+52
  4.030946383513275486E-03  2.677397283470607521E+33 -2.442956173456562625E+33 -2.442962421185198393E+33 -2.442967701773178470E+33  3.431291377288511139E+54  7.798698680705298315E+51  3.423492678607778537E+54
  4.515431644664717747E-02  5.862068961102082358E+31 -2.436132501087769460E+39 -1.784034241649126916E+39 -3.729289866661055755E+39  8.569362071087175466E+52  2.409798255235602338E+50  8.545264088534795882E+52
  4.524168000075120405E-02  5.853705831116116823E+31 -2.392962706185151615E+39 -1.761491046339320151E+39 -3.675091384293267571E+39  8.565401355505197634E+52  2.356279458704863937E+50  8.541838560918176983E+52
  4.046266269546150776E-03  2.677397283470604062E+33 -2.450080673125154899E+33 -2.450089183962924986E+33 -2.450096456860655788E+33  3.434948942691298171E+54  7.744745984720571976E+51  3.427204196706546145E+54
  4.061738426576526340E-03  2.677397283470610980E+33 -2.455514610927598076E+33 -2.455526255301092604E+33 -2.455537822303334677E+33  3.438609886259455391E+54  7.724333919867224498E+51  3.430885552339554902E+54
  4.532906110519507870E-02  5.845523642368104647E+31 -2.350880876199184073E+39 -1.739363417798168719E+39 -3.621824120782593400E+39  8.561497117151202489E+52  2.304453541428901823E+50  8.538452581736928046E+52
  4.541645971260841602E-02  5.837518126868600559E+31 -2.309897577196475337E+39 -1.717431036039272651E+39 -3.569725874320169390E+39  8.557648345710689862E+52  2.254296241587380019E+50  8.535105383294835245E+52
  4.077310261710156807E-03  2.677397283470612133E+33 -2.458099545786504633E+33 -2.458115426236071091E+33 -2.458133743880089892E+33  3.442283118713201125E+54  7.724902953673658970E+51  3.434558215759444598E+54
  4.550387577612918788E-02  5.829685143088263142E+31 -2.269999850968861635E+39 -1.695567379364932836E+39 -3.519008531096336787E+39  8.553854631287062070E+52  2.205828463917058103E+50  8.531796346647930884E+52
  4.092934049740659837E-03  2.677397283470620203E+33 -2.455954292412488638E+33 -2.455981623807418486E+33 -2.456010831455220375E+33  3.445969371352060716E+54  7.737124860848908061E+51  3.438232246491169757E+54
  4.559130924939615304E-02  5.822020722943133331E+31 -2.231076295979746154E+39 -1.673749107092631449E+39 -3.469349050829226835E+39  8.550114869017495577E+52  2.158997782058370578E+50  8.528524891196899858E+52
  4.567876008643872998E-02  5.814520796016916593E+31 -2.193094813866561435E+39 -1.652084016829995911E+39 -3.420389188550579955E+39  8.546427414300692512E+52  2.113709718547760330E+50  8.525290317115223923E+52
  4.576622824160628267E-02  5.807181224384813944E+31 -2.155995375768740685E+39 -1.630654429720045798E+39 -3.372268950165896712E+39  8.542790736792152505E+52  2.069888075149887552E+50  8.522091856040639689E+52
  4.108574589011463989E-03  2.677397283470631732E+33 -2.445545363734354226E+33 -2.445595210163748576E+33 -2.445636971297261344E+33  3.449664395259303850E+54  7.751945589301880825E+51  3.441912449669953402E+54
  4.585371366947379318E-02  5.799997938696365348E+31 -2.119879467614569751E+39 -1.609338433616026058E+39 -3.325331349108524241E+39  8.539204181928878751E+52  2.027535023855899582E+50  8.518928831690342655E+52
  4.124211999991577414E-03  2.677397283470631156E+33 -2.420859504696898888E+33 -2.420959139527248248E+33 -2.421019547132602751E+33  3.453362145155267694E+54  7.765380327849600372E+51  3.445596764827356272E+54
  4.594121632484512302E-02  5.792967119848032188E+31 -2.084877780465612374E+39 -1.588053309543565040E+39 -3.279563787858636324E+39  8.535666806136317510E+52  1.986614233191634172E+50  8.515800663804379191E+52
  4.139838983871318469E-03  2.677397283470636920E+33 -2.371919247411305397E+33 -2.372129387732974090E+33 -2.372216681848556823E+33  3.457057915473689569E+54  7.776483197830184178E+51  3.449281432275837112E+54
  4.602873616278928270E-02  5.786085172714466252E+31 -2.050939600790549768E+39 -1.566825774288411979E+39 -3.234716832906778854E+39  8.532177038773924056E+52  1.947030113088305009E+50  8.512706737643010654E+52
  4.155455133163304775E-03  2.677397283470643261E+33 -2.281448132803064349E+33 -2.281889845283331864E+33 -2.282009770724637635E+33  3.460748541965869683E+54  7.783429302893060909E+51  3.452965112662944847E+54
  4.611627313860119232E-02  5.779348440533884589E+31 -2.017938997043427305E+39 -1.545799041722645997E+39 -3.190542923925887379E+39  8.528733398407390531E+52  1.908704129686201986E+50  8.509646357110515124E+52
  4.620382720780226438E-02  5.772753160717776292E+31 -1.985655673861998665E+39 -1.525047930036309639E+39 -3.147179083844012254E+39  8.525335136948208994E+52  1.871627610809399766E+50  8.506618860840113630E+52
  4.171063040285327185E-03  2.677397283470639803E+33 -2.119289129117033102E+33 -2.120199382559357019E+33 -2.120359115510051061E+33  3.464433082279796202E+54  7.789951155740172083E+51  3.456643131124041501E+54
  4.629139832608306776E-02  5.766295475967602226E+31 -1.954186628503615378E+39 -1.504347239688619955E+39 -3.104930800919390793E+39  8.521982012135263048E+52  1.835832261646341549E+50  8.503623689518793916E+52
  4.186664541884633182E-03  2.677397283470636344E+33 -1.833531425886474209E+33 -1.835376401429711044E+33 -1.835567624480154407E+33  3.468113797661636186E+54  7.800367748004288084E+51  3.460313429913602811E+54
  4.637898644928842989E-02  5.759971690396239724E+31 -1.923700875972528449E+39 -1.483531326445311583E+39 -3.063770388116867741E+39  8.518672880856464096E+52  1.801257176470258692E+50  8.500660309091737207E+52
  4.202256579180862692E-03  2.677397283470647873E+33 -1.333736887999505711E+33 -1.337434518182785573E+33 -1.337578041856090222E+33  3.471793781113952052E+54  7.815211214752233344E+51  3.463978569899166673E+54
  4.646659153353521060E-02  5.753778358350170395E+31 -1.894120492538121708E+39 -1.462700799746524980E+39 -3.023443095108660254E+39  8.515405861346431087E+52  1.767774756348220231E+50  8.497728113782930412E+52
  4.217832905207395504E-03  2.677397283470650179E+33 -4.730427890377032269E+32 -4.803117795202558415E+32 -4.801494739754176598E+32  3.475472330128528579E+54  7.828757066831052760E+51  3.467643573061700218E+54
  4.233391144185238812E-03  2.677397283470644991E+33  9.938894837761884217E+32  9.797930412060326827E+32  9.809434550159779638E+32  3.479147145833874543E+54  7.841464169420879794E+51  3.471305681664431226E+54
  4.248931576981290932E-03  2.677397283470643261E+33  3.489121505268572768E+33  3.462171067043002194E+33  3.465661032784691933E+33  3.482816947265884461E+54  7.853095409245789545E+51  3.474963851856612866E+54
  4.655421353528764461E-02  5.747712138047505637E+31 -1.865295284050789123E+39 -1.441988883310826730E+39 -2.983902546408370501E+39  8.512179545456668800E+52  1.735309991978015040E+50  8.494826445536885466E+52
  4.264455321055606041E-03  2.677397283470654214E+33  7.715700816900921171E+33  7.664956126608377440E+33  7.673388993498802564E+33  3.486480817571109531E+54  7.864176346489752985E+51  3.478616641224574317E+54
  4.279963428734220345E-03  2.677397283470665743E+33  1.483794153506369621E+34  1.474350251314453570E+34  1.476206434083608560E+34  3.490138090577356707E+54  7.874756804573544878E+51  3.482263333772716782E+54
  4.295456773329650764E-03  2.677397283470655944E+33  2.679335454393185588E+34  2.661922738740258406E+34  2.665788496655123713E+34  3.493788043756911070E+54  7.884882743114432861E+51  3.485903161013796601E+54
  4.664185240627572587E-02  5.741769643070141512E+31 -1.837175179618373698E+39 -1.421469088640214351E+39 -2.945358525120710546E+39  8.508993541032742655E+52  1.703883406949228707E+50  8.491954706963287808E+52
  4.672950809779478909E-02  5.735947378398031656E+31 -1.809882214393479458E+39 -1.401079936701256388E+39 -2.907838586758160487E+39  8.505847587865318352E+52  1.673520747532807645E+50  8.489112380390012241E+52
  4.310936164303566867E-03  2.677397283470672661E+33  4.678959105744134783E+34  4.647085608227520994E+34  4.654840650720841965E+34  3.497429859564520337E+54  7.894479707924751896E+51  3.489535379856544822E+54
  4.326402505422274371E-03  2.677397283470678426E+33  8.010939162062624531E+34  7.952804064515331338E+34  7.968009070784979267E+34  3.501062572426825516E+54  7.903444868194180455E+51  3.493159127558589189E+54
  4.341856949716358348E-03  2.677397283470665743E+33  1.354339321931560062E+35  1.343710855419433731E+35  1.346658505742710248E+35  3.504685044088366455E+54  7.911645635085625998E+51  3.496773398453264974E+54
  4.357301033919555588E-03  2.677397283470665743E+33  2.269969422765730984E+35  2.250295253143003367E+35  2.256016354348934524E+35  3.508295853927296669E+54  7.918860277845297962E+51  3.500376993649430748E+54
  4.372737098775855355E-03  2.677397283470673814E+33  3.780932193499041852E+35  3.743426898803790297E+35  3.754739952540769771E+35  3.511893520435312538E+54  7.925052702075636338E+51  3.503968467733192338E+54
  4.681718056328629946E-02  5.730241853922238445E+31 -1.783513596463931172E+39 -1.380699358413774747E+39 -2.871138722719272738E+39  8.502740653952425485E+52  1.644171571151692431E+50  8.486298938240921697E+52
  4.388168017692608246E-03  2.677397283470679578E+33  6.268011195085428746E+35  6.192476499213921518E+35  6.215822302279104004E+35  3.515475889018283492E+54  7.929731713645976676E+51  3.507546157304656557E+54
  4.403598314487241691E-03  2.677397283470676696E+33  1.035488213753426756E+36  1.018919214006565082E+36  1.024089065251991672E+36  3.519039477078364688E+54  7.932187448685941770E+51  3.511107289629621050E+54
  4.690486975777022338E-02  5.724649717255751839E+31 -1.758033548908083927E+39 -1.360360531184057755E+39 -2.835053621055825578E+39  8.499671362091577826E+52  1.615756423746051265E+50  8.483513797854130545E+52
  4.419035197010869401E-03  2.677397283470687649E+33  1.741166718947574436E+36  1.492025407915228866E+36  1.679676546943888458E+36  3.522577925695581757E+54  7.925617805814634007E+51  3.514652307889676979E+54
  4.699257563746998823E-02  5.719167827186485035E+31 -1.733309740030279801E+39 -1.340163559446271164E+39 -2.799527272474166067E+39  8.496638416374396330E+52  1.588203988523884166E+50  8.480756376489161750E+52
  4.434485271217761086E-03  2.677397283470686496E+33  2.803540615250257403E+36  1.989448426467447187E+36  2.464262195735790296E+36  3.526072469775290928E+54  7.887355381739501990E+51  3.518185114393521610E+54
  4.708029815946324775E-02  5.713793145782670099E+31 -1.709331773554630562E+39 -1.320072859391341339E+39 -2.764822406790016970E+39  8.493641074539813864E+52  1.561493039181338940E+50  8.478026144148011013E+52
  4.449971752405950526E-03  2.677397283470694566E+33  3.816448796052533925E+36  2.181651595762360894E+36  3.389759059833198108E+36  3.529500794996704822E+54  7.817678207068924284E+51  3.521683116789625034E+54
  4.716803728140731011E-02  5.708522523350349658E+31 -1.686110104167334436E+39 -1.300030109663618870E+39 -2.731137634164557528E+39  8.490678963633639119E+52  1.535635411979530088E+50  8.475322609513850996E+52
  4.465539246643199060E-03  2.677397283470691684E+33  4.218477876803844852E+36  1.782743803814025249E+36  4.225167359062044263E+36  3.532876942042943740E+54  7.742392407616524224E+51  3.525134549635275657E+54
  4.725579296122883050E-02  5.703352823750019509E+31 -1.663602949333279379E+39 -1.280022202991824109E+39 -2.698402370552330851E+39  8.487751270571264898E+52  1.510597872098623928E+50  8.472645291850264629E+52
  4.481194352995486983E-03  2.677397283470700908E+33  3.804231407580615236E+36  9.864996059535766980E+35  4.329092189126275378E+36  3.536229630633322014E+54  7.673812149683093814E+51  3.528555818483583038E+54
  4.734356515726601683E-02  5.698281043535575548E+31 -1.641746155193211227E+39 -1.260066664333793963E+39 -2.666450667157447819E+39  8.484856849575126163E+52  1.486315824055979278E+50  8.469993691334582974E+52
  4.496926989482069245E-03  2.677397283470693414E+33  2.687227760219661290E+36  1.230629587289490026E+35  3.771447649058637602E+36  3.539569231109480056E+54  7.615538267246249858E+51  3.531953692842155983E+54
  4.743135382831045743E-02  5.693304199767799666E+31 -1.620541850782291435E+39 -1.240168246168223946E+39 -2.635180332599527064E+39  8.481994868124323887E+52  1.462757881020378021E+50  8.467367289314119972E+52
  4.512735250942737433E-03  2.677397283470696872E+33  1.649710870563373689E+36 -1.013238620906713178E+36  3.021738528089310400E+36  3.542919154116517734E+54  7.603837000806306095E+51  3.535315317115668976E+54
  4.751915893350436987E-02  5.688419341237739854E+31 -1.600068982174830726E+39 -1.220289931212494856E+39 -2.604590661342539158E+39  8.479164685237319559E+52  1.439909867087123120E+50  8.464765586566438197E+52
  4.528616738770001836E-03  2.677397283470705519E+33  1.861204601805515174E+36 -1.737965610092003607E+36  1.855343204255304598E+36  3.546364461876371932E+54  7.693521032737340741E+51  3.538670940843596475E+54
  4.760698043209520697E-02  5.683623608415212913E+31 -1.580354499112196583E+39 -1.200470098599725537E+39 -2.574685490999470100E+39  8.476365559464121829E+52  1.417745503005499202E+50  8.462188104434076762E+52
  4.769481828342870405E-02  5.678914316414238382E+31 -1.561348195836969445E+39 -1.180774751320510139E+39 -2.545377280646884795E+39  8.473596561655278181E+52  1.396218792899959618E+50  8.459634373726249371E+52
  4.544339722068919951E-03  2.677397283470712437E+33  3.018192143791271810E+36 -1.626475323177079172E+36  1.028856407179686089E+36  3.549947546990929287E+54  7.841988497778011605E+51  3.542105558493142606E+54
  4.559702735143738965E-03  2.677397283470713590E+33  3.499356206903890989E+36 -1.260554984408747491E+36  2.084238131189852685E+36  3.553636915744704648E+54  7.975446603211420327E+51  3.545661469141401885E+54
  4.778267244703492123E-02  5.674288957857994436E+31 -1.542938687819306873E+39 -1.161289456990215085E+39 -2.516598765341958034E+39  8.470856786582061439E+52  1.375285873475663454E+50  8.457103927847326817E+52
  4.574734871502643928E-03  2.677397283470708401E+33  2.133800134208113516E+36 -4.841259594757824743E+35  4.521328033113499124E+36  3.557387236805364921E+54  8.040248684375287413E+51  3.549346988120898335E+54
  4.787054288251916395E-02  5.669745117912672433E+31 -1.525082880941891516E+39 -1.142005291822276135E+39 -2.488342491040376606E+39  8.468145564074568659E+52  1.354924875030983427E+50  8.454596315324250444E+52
  4.795842954978191824E-02  5.665280364891317482E+31 -1.507819183726790205E+39 -1.122815510018209843E+39 -2.460669269868603733E+39  8.465462433452247977E+52  1.335132714548096535E+50  8.452111106306753726E+52
  4.589461612864871240E-03  2.677397283470719354E+33  3.130589779186818288E+35  7.292621374698006773E+35  5.468886674862677171E+36  3.561131257609046486E+54  8.056415560883453364E+51  3.553074842048129064E+54
  4.804633240893184387E-02  5.660892246148023667E+31 -1.491197294410189981E+39 -1.103605253274552393E+39 -2.433639585649096377E+39  8.462806901110787647E+52  1.315900438509957853E+50  8.449647896725697863E+52
  4.813425142019284869E-02  5.656578373421122668E+31 -1.475193135588949068E+39 -1.084351759127784620E+39 -2.407251986310627565E+39  8.460178317616662559E+52  1.297203051372082758E+50  8.447206287102928477E+52
  4.603908644422858264E-03  2.677397283470722237E+33  3.105275228431849247E+36  7.561568394374121782E+35  2.163609992468565978E+36  3.564778893387110238E+54  8.028209551882767832E+51  3.556750683835234039E+54
  4.618223986197577888E-03  2.677397283470717625E+33  7.483379539506764954E+36 -1.350741112453688389E+35 -2.247226569828284993E+36  3.568345682672779432E+54  8.020442534890244779E+51  3.560325240137890438E+54
  4.822218654384210351E-02  5.652336518183084318E+31 -1.459752688017753449E+39 -1.065101639421521907E+39 -2.381460440082058488E+39  8.457575931035046842E+52  1.279004885669038984E+50  8.444785882178358034E+52
  4.632455231741068775E-03  2.677397283470717048E+33  7.203067198698443980E+36  3.914184918342050570E+34 -3.109759586918626771E+36  3.571886527539527798E+54  8.026936758210583000E+51  3.563859590781265072E+54
  4.831013774018008688E-02  5.648164617757968554E+31 -1.444810237705751442E+39 -1.045954997612071618E+39 -2.356220390535667458E+39  8.454999037059857975E+52  1.261274377216555776E+50  8.442386293287663368E+52
  4.646668984096729085E-03  2.677397283470729154E+33  4.305202509793718263E+36  4.575886335630661783E+35 -1.913775348184332528E+36  3.575419478142451665E+54  8.029805777361996481E+51  3.567389672365016503E+54
  4.839810496973087628E-02  5.644060713951759597E+31 -1.430341131683499576E+39 -1.026983043181645504E+39 -2.331466097776814461E+39  8.452447063647721589E+52  1.243992261034255561E+50  8.440007141037345318E+52
  4.660949973026991613E-03  2.677397283470721660E+33  1.902159259027765133E+36  1.203404604273394103E+36 -1.402312865766832282E+36  3.578961375257173095E+54  8.036336440502218809E+51  3.570925038816652542E+54
  4.848608819327167307E-02  5.640022955516963555E+31 -1.416337449083998470E+39 -1.008222042961646214E+39 -2.307086305409227150E+39  8.449919469457925746E+52  1.227141127397672030E+50  8.437648058183937596E+52
  4.675261459972724840E-03  2.677397283470729154E+33  1.377396423259327624E+36  2.612275080174799342E+36 -3.662383369699434687E+36  3.582482088174348206E+54  8.036413802508911843E+51  3.574445674371828647E+54
  4.689350218696722306E-03  2.677397283470732036E+33  2.711364198236963225E+36  4.007671412830027497E+36 -6.423419375346373953E+36  3.585939594223221122E+54  8.084178442520527208E+51  3.577855415780645978E+54
  4.703233784317087211E-03  2.677397283470736648E+33  3.999818783562095285E+36  5.169682121752900461E+36 -6.383272042906481836E+36  3.589389378722593395E+54  8.130611529178916317E+51  3.581258767193365798E+54
  4.857408737183224051E-02  5.636049616512890585E+31 -1.402805779241685227E+39 -9.896764151781703670E+38 -2.282965417816466476E+39  8.447415713797214835E+52  1.210702141898714631E+50  8.435308692378188408E+52
  4.716994116061247813E-03  2.677397283470736072E+33  3.507324584435922974E+36  5.676629128668053201E+36 -4.691304041673523936E+36  3.592839816216772374E+54  8.142317104836056036E+51  3.584697499111920722E+54
  4.866210246663226630E-02  5.632139042884929795E+31 -1.389752175724939604E+39 -9.713194657080785814E+38 -2.259067377274229103E+39  8.444935341654534676E+52  1.194664072504023562E+50  8.432988700929451500E+52
  4.730796081348295073E-03  2.677397283470739530E+33  1.815034045372712317E+36  5.588439995841486216E+36 -2.510508100027397091E+36  3.596274248731205735E+54  8.111183915552374660E+51  3.588163064815570688E+54
  4.875013343899287088E-02  5.628289627259886414E+31 -1.377169778473484700E+39 -9.531118566158073420E+38 -2.235425420272580539E+39  8.442477960112928945E+52  1.179020233084199191E+50  8.430687757782066986E+52
  4.744872527895504025E-03  2.677397283470744142E+33  1.976784238684239868E+35  5.046713122750304472E+36 -3.230553801777711809E+35  3.599712580494138924E+54  8.078321066574258472E+51  3.591634259427523420E+54
  4.883818025034269983E-02  5.624499801934213141E+31 -1.365034792210667750E+39 -9.350178460024577494E+38 -2.212106852737697134E+39  8.440043175980879176E+52  1.163762724501987258E+50  8.428405548735866876E+52
  4.758825531458390698E-03  2.677397283470748177E+33 -4.380946774870994185E+34  4.317292165194531847E+36  1.391608932998542944E+36  3.603064161735458235E+54  8.087388176628911098E+51  3.594976773558775427E+54
  4.892624286225634445E-02  5.620768048253427405E+31 -1.353314570471106605E+39 -9.170244979274720647E+38 -2.189165258700733459E+39  8.437630556268269641E+52  1.148879141323180759E+50  8.426141764855027918E+52
  4.772580150670742601E-03  2.677397283470737801E+33  9.715199389111438544E+35  3.983058881971544816E+36  2.848311739618970641E+36  3.606354772940140734E+54  8.127756656628039393E+51  3.598227016283469566E+54
  4.901432123647685157E-02  5.617092939542565828E+31 -1.341956743439086169E+39 -8.991648657242669331E+38 -2.166603379212153090E+39  8.435239617863326255E+52  1.134351112627920063E+50  8.423896106737009593E+52
  4.786219073649114995E-03  2.677397283470747024E+33  2.403982509452882513E+36  4.875507846617310745E+36  4.430267808044247651E+36  3.609613354610782119E+54  8.128181500300401074E+51  3.601485173110396432E+54
  4.799877032771658787E-03  2.677397283470747024E+33  4.165205735862346296E+36  7.065784283208545205E+36  5.255206770467348936E+36  3.612860708727227971E+54  8.113752280591040841E+51  3.604746956446661958E+54
  4.910241533492890054E-02  5.613473169588282231E+31 -1.330907874272939454E+39 -8.814929231009073969E+38 -2.144368773175234580E+39  8.432869870250319748E+52  1.120158708237439600E+50  8.421668283167949616E+52
  4.813678455000056783E-03  2.677397283470752789E+33  6.022276430934426287E+36  8.096904094268336109E+36  4.934768547605823750E+36  3.616133020482820177E+54  8.103597154021105974E+51  3.608029423328808069E+54
  4.919052511972914210E-02  5.609907523315861823E+31 -1.320144291808737620E+39 -8.640457487143506558E+38 -2.122384466910512106E+39  8.430520884873579350E+52  1.106287393861943016E+50  8.419458010934947160E+52
  4.827722496881479107E-03  2.677397283470749907E+33  7.653010691280169042E+36  6.904055573553344114E+36  5.402571913458034745E+36  3.619438305715749544E+54  8.089867772079015078E+51  3.611348437943673734E+54
  4.841470680341892693E-03  2.677397283470757401E+33  8.754212852820924218E+36  5.100185212517355799E+36  6.383740804724778373E+36  3.622624633770831325E+54  8.099697296287548166E+51  3.614524936474499344E+54
  4.927865055317433990E-02  5.606394843265290268E+31 -1.309661065540899290E+39 -8.468446617352571191E+38 -2.100569093160546851E+39  8.428192292964798395E+52  1.092728155956779537E+50  8.417265011405236129E+52
  4.855041089257505077E-03  2.677397283470761436E+33  9.934632147952076859E+36  3.537203422746359794E+36  6.515373186716830732E+36  3.625705604834819983E+54  8.092167562244324974E+51  3.617613437272531392E+54
  4.936679159771539815E-02  5.602934012033086027E+31 -1.299474124731684168E+39 -8.299026417475091542E+38 -2.078863727685382242E+39  8.425883754062857508E+52  1.079474263321091218E+50  8.415089011429649728E+52
  4.945494821596669449E-02  5.599523949235134922E+31 -1.289591750022303561E+39 -8.132162829294213316E+38 -2.057237257551424407E+39  8.423594938241724097E+52  1.066519489695010534E+50  8.412929743344768494E+52
  4.868611495295955410E-03  2.677397283470770659E+33  1.148248217611013057E+37  2.404778024345294013E+36  5.509391095014149404E+36  3.628689096153326714E+54  8.039341140443639644E+51  3.620649755012908855E+54
  4.954312037070195823E-02  5.596163606508502494E+31 -1.280009719807790540E+39 -7.967735919449749543E+38 -2.035684174175598683E+39  8.421325514793260579E+52  1.053857009018449314E+50  8.410786944703031719E+52
  4.882429769093647037E-03  2.677397283470762589E+33  1.303086245890102225E+37  1.729229304290909007E+36  3.060972265925398195E+36  3.631575803092576823E+54  7.957869384066824718E+51  3.623617933708518326E+54
  4.963130802482226128E-02  5.592851969329293077E+31 -1.270709832930127109E+39 -7.805601424056124267E+38 -2.014217985105134707E+39  8.419075154292705381E+52  1.041479847759919591E+50  8.408660355815101222E+52
  4.896744338081439329E-03  2.677397283470770083E+33  1.434573698895448776E+37  1.461565190466183220E+36 -4.362352796716055255E+35  3.634427545392359249E+54  7.895906426947052452E+51  3.626531638965442187E+54
  4.971951114132425187E-02  5.589588060720982188E+31 -1.261658065812948084E+39 -7.645655658769938418E+38 -1.992863754555556110E+39  8.416843528214208099E+52  1.029380616105691391E+50  8.406549722053184840E+52
  4.911205310863667357E-03  2.677397283470777000E+33  1.515021932066936481E+37  1.371893508907949262E+36 -4.878092873083780209E+36  3.637234619010640595E+54  7.888458831810280050E+51  3.629346160178845939E+54
  4.925751431087055723E-03  2.677397283470767777E+33  1.555919589605097523E+37  1.369471656633369296E+36 -1.000405030336891325E+37  3.640014194876061972E+54  7.888345214643260851E+51  3.632125849661374116E+54
  4.980772968349975183E-02  5.586370940743726343E+31 -1.252818116944865494E+39 -7.487803553845254307E+38 -1.971639052430463686E+39  8.414630310298425392E+52  1.017550916651419904E+50  8.404454801131897661E+52
  4.989596361464036095E-02  5.583199703282138192E+31 -1.244153377650779308E+39 -7.332008879128227412E+38 -1.950547790243963782E+39  8.412435180541489535E+52  1.005982305251106467E+50  8.402375357488994274E+52
  4.940392899901404310E-03  2.677397283470772965E+33  1.463703286426799828E+37  1.685013899407183737E+36 -1.552921157791826512E+37  3.642760973772478921E+54  7.874545546846915569E+51  3.634886428225606271E+54
  4.954170058720926487E-03  2.677397283470777577E+33  1.173351285803957246E+37  2.142707719226648572E+36 -2.084839187426005860E+37  3.645336281291075804E+54  7.932081066049851241E+51  3.637404200224990928E+54
  4.998421289805385359E-02  5.580073472889088249E+31 -1.235633432448746775E+39 -7.178348264110250628E+38 -1.929580163422534701E+39  8.410257831533008896E+52  9.946668634107173571E+49  8.400311162898898934E+52
  4.965649826984401029E-03  2.677397283470775271E+33  8.799741808374854956E+36  2.447364102608512203E+36 -2.505423636429272827E+37  3.647542353032680326E+54  8.077600745661659656E+51  3.639464752286999592E+54
  5.007247749716226687E-02  5.576991400418973251E+31 -1.227242313265277592E+39 -7.027075462723403140E+38 -1.908721365392352500E+39  8.408097968961037392E+52  9.835975992898976104E+49  8.398261992968165117E+52
  4.975973534306434888E-03  2.677397283470779306E+33  6.463196575649035432E+36  2.688031954271002593E+36 -2.813440819024526853E+37  3.649599616253762025E+54  8.219131168692782467E+51  3.641380485085104080E+54
  5.016075737546164814E-02  5.573952661740409950E+31 -1.218978365365117176E+39 -6.878527126827120480E+38 -1.887947046745227068E+39  8.405955309555451463E+52  9.727684855575253290E+49  8.396227624699859817E+52
  4.986215381802936060E-03  2.677397283470784494E+33  4.244641058241577868E+36  3.014992447560685498E+36 -3.027274046353777055E+37  3.651677368544318156E+54  8.275835967273325285E+51  3.643401532577040148E+54
  5.024905249661192064E-02  5.570956450446714154E+31 -1.210853157076901718E+39 -6.733048718715753365E+38 -1.867228948072932730E+39  8.403829576159954253E+52  9.621738780849013984E+49  8.394207837379105868E+52
  4.996287553179921438E-03  2.677397283470794871E+33  2.168152763600981884E+36  3.749098094662118360E+36 -3.172804330763680179E+37  3.653700367074323607E+54  8.270273149924118798E+51  3.645430093924347975E+54
  5.033736282450569643E-02  5.568001973251487126E+31 -1.202885450969271577E+39 -6.590771143912837694E+38 -1.846547474374735640E+39  8.401720498525049430E+52  9.518087343543087530E+49  8.392202411181479131E+52
  5.006094033573445234E-03  2.677397283470791412E+33  4.726212005493999615E+35  4.552167372794426016E+36 -3.297851995059328807E+37  3.655617678225431581E+54  8.232270691761838932E+51  3.647385407533689756E+54
  5.042568832326380784E-02  5.565088453501228736E+31 -1.195092198353782185E+39 -6.451673319184657226E+38 -1.825892338898521603E+39  8.399627807465696013E+52  9.416678282184206256E+49  8.390211129183496670E+52
  5.016290295857307908E-03  2.677397283470782765E+33 -6.074649267046107749E+35  4.885373084603019542E+36 -3.423220451461529605E+37  3.657507611933662106E+54  8.121087811589268542E+51  3.649386524122079404E+54
  5.025874399600044513E-03  2.677397283470790835E+33 -3.041396813297194872E+35  5.041415784396984332E+36 -3.517591324468173885E+37  3.659184637641333268E+54  8.040895881963938364E+51  3.651143741759375799E+54
  5.036067300318988402E-03  2.677397283470796024E+33  1.883459429881312076E+36  4.576218123136117136E+36 -3.567506824080966245E+37  3.660863402362288986E+54  7.925322557415734826E+51  3.652938079804863247E+54
  5.051402895724205894E-02  5.562215128281390094E+31 -1.187473770622910999E+39 -6.315624430234705387E+38 -1.805262940766787621E+39  8.397551236465856702E+52  9.317460379621051928E+49  8.388233776086227171E+52
  5.045367279047508445E-03  2.677397283470793141E+33  2.741719188925759556E+36  1.918122843772872403E+36 -3.623846790348021885E+37  3.662312754815246174E+54  7.841731225027775174E+51  3.654471023590243993E+54
  5.055312319539520885E-03  2.677397283470794871E+33  2.263950925227890235E+36  1.212761547812135255E+35 -3.755225630765214672E+37  3.663800054042472075E+54  7.767657889001241330E+51  3.656032396153442534E+54
  5.060238469100734882E-02  5.559381244896937441E+31 -1.180015827193549588E+39 -6.182426122048653936E+38 -1.784669466191452992E+39  8.395490525366496247E+52  9.220387743684147883E+49  8.386270137622825305E+52
  5.065158928115380717E-03  2.677397283470793718E+33  3.072953850592150336E+36  1.483581610149656544E+36 -3.911510857146669010E+37  3.665216572847912538E+54  7.739551986601024728E+51  3.657477020861341558E+54
  5.069075548902921696E-02  5.556586060397497109E+31 -1.172693729628694336E+39 -6.051840320949138516E+38 -1.764125995351817437E+39  8.393445421377447226E+52  9.125413089876008947E+49  8.384320008287525707E+52
  5.075307292419560176E-03  2.677397283470804094E+33  3.488395042478124476E+36  4.155073471153999170E+36 -4.067568573195864520E+37  3.666679386572167654E+54  7.750501537485856508E+51  3.658928885034713510E+54
  5.085326668150329590E-03  2.677397283470802365E+33  4.457524414412732436E+36  6.403412966234676951E+36 -4.199735126488953839E+37  3.668150404021765435E+54  7.777749353547907677E+51  3.660372654668181512E+54
  5.095332868496151024E-03  2.677397283470803518E+33  5.697065702716645637E+36  1.121041762619108486E+37 -4.311069030932097714E+37  3.669648304291646183E+54  7.818277551146648885E+51  3.661830026740500890E+54
  5.077914131575241713E-02  5.553828843864802225E+31 -1.165472062180135691E+39 -5.923699032373198923E+38 -1.743651330212594561E+39  8.391415679478354118E+52  9.032490496395443051E+49  8.382383188981930042E+52
  5.104584876305531295E-03  2.677397283470809859E+33  5.998122795047899523E+36  1.863439437952235781E+37 -4.303827809601349933E+37  3.671055564881762697E+54  7.864236609465645168E+51  3.663191328272291510E+54
  5.086754213569878724E-02  5.551108868432446582E+31 -1.158313989815323799E+39 -5.798019564446101550E+38 -1.723273361237231996E+39  8.389401057502452318E+52  8.941573532740731999E+49  8.380459483969676550E+52
  5.113646458559072995E-03  2.677397283470814470E+33  7.366655236709097073E+36  2.454635861457689046E+37 -4.183954729422208997E+37  3.672387503162882945E+54  7.849987606820150127E+51  3.664537515556036640E+54
  5.122543977891544018E-03  2.677397283470806976E+33  7.761291323297832693E+36  2.741143329773391591E+37 -3.878821118114534067E+37  3.673648596494812800E+54  7.815715312049651383E+51  3.665832881182751593E+54
  5.095595791362354798E-02  5.548425412238843611E+31 -1.151201339003494197E+39 -5.674957578958531496E+38 -1.703020229779108607E+39  8.387401316770833201E+52  8.852617413243202134E+49  8.378548699357572684E+52
  5.131834351863227839E-03  2.677397283470809282E+33  6.879902985002776212E+36  2.741748797379860539E+37 -3.539272778061055673E+37  3.674760074629041216E+54  7.631997391494196790E+51  3.667128077237526486E+54
  5.139942271294855279E-03  2.677397283470805823E+33  7.227213857845051528E+36  2.674654624957338787E+37 -3.344853536181047998E+37  3.675399305586241111E+54  7.328151274125200709E+51  3.668071154312084368E+54
  5.104438861454285020E-02  5.545777768465415789E+31 -1.144143484470207202E+39 -5.554732429841288688E+38 -1.682914440932674737E+39  8.385416220129577393E+52  8.765572920674323288E+49  8.376650647208893275E+52
  5.148035121789168618E-03  2.677397283470815047E+33  8.633980048798786508E+36  2.609784716309957258E+37  7.975316920708278190E+36  3.857858830156679933E+54  1.536517133447729804E+53  3.704207116811835260E+54
  5.113283420368136545E-02  5.543165240838549746E+31 -1.137165959170121064E+39 -5.437573683645750475E+38 -1.662958847883374030E+39  8.383445529683667741E+52  8.680393196653705767E+49  8.374765136487036493E+52
  5.150086290685472121E-03  2.677397283470813317E+33  5.490537850163708405E+36  2.561951734964467215E+37  5.990870006666552636E+36  3.978209070099888083E+54  1.241098211682624586E+53  3.854099248931691703E+54
  5.153636793476557530E-03  2.677397283470818505E+33 -1.156591394929325242E+37  3.670076915617971347E+37 -2.532366491637658508E+37  3.978220841391099411E+54  1.586502695960416485E+53  3.819570571795036559E+54
  5.122129464639377239E-02  5.540587152453093698E+31 -1.130296613519139387E+39 -5.323610487854043259E+38 -1.643127949329177182E+39  8.381489007424652905E+52  8.597032410612917300E+49  8.372891975014050917E+52
  5.160104905232205594E-03  2.677397283470818505E+33 -6.352928624651389501E+37  1.434912303618709314E+38 -1.527718392471134768E+37  3.976940735458634670E+54  2.487600236773410608E+53  3.728180711781401223E+54
  5.130976990820084599E-02  5.538042840835380925E+31 -1.123544622469875696E+39 -5.212787240756483534E+38 -1.623379715039788180E+39  8.379546413817736480E+52  8.515437713547224028E+49  8.371030976104174426E+52
  5.139825995481873966E-02  5.535531646186145196E+31 -1.116901419786147145E+39 -5.104841459937973494E+38 -1.603677679132807530E+39  8.377617508217823230E+52  8.435557834083839119E+49  8.369181950383731092E+52
  5.148676475215099163E-02  5.533052912453222357E+31 -1.110343577109349334E+39 -4.999465790963276419E+38 -1.584005546375879752E+39  8.375702056834914671E+52  8.357348558176398031E+49  8.367344708276718405E+52
  5.171740250519113458E-03  2.677397283470816200E+33 -1.335816225750485383E+38  3.265720117778638647E+38  4.882086535818456822E+37  3.974769865673785665E+54  4.861513454854207692E+53  3.488618520188371616E+54
  5.157528426628710250E-02  5.530605992062642984E+31 -1.103841577431252776E+39 -4.896382941222683936E+38 -1.564378717889317231E+39  8.373799839238434237E+52  8.280775636908859849E+49  8.365519063601501510E+52
  5.185192259531418851E-03  2.677397283470818505E+33 -1.559162271595190766E+38  3.765751439074390730E+38  7.162335179181678438E+37  3.973984112949913972E+54  6.805999306117494135E+53  3.293384182338162772E+54
  5.201125851349344340E-03  2.677397283470827729E+33 -1.642929377236485067E+38  4.002508003479489562E+38  8.100405854626886957E+37  3.973301284390361883E+54  8.497329124923942348E+53  3.123568371897962374E+54
  5.166381846348060136E-02  5.528190239145559924E+31 -1.097365202724097665E+39 -4.795486403991814431E+38 -1.544832643961168295E+39  8.371910647325180642E+52  8.205813776183620468E+49  8.363704833548995786E+52
  5.175236731010288138E-02  5.525805008437487474E+31 -1.090893180754825139E+39 -4.696854685341506015E+38 -1.525413730378840155E+39  8.370034280433805675E+52  8.132441124514533860E+49  8.361901839309302146E+52
  5.218549253339041863E-03  2.677397283470825423E+33 -1.667296317136624322E+38  4.082472423943756273E+38  8.336610064694340200E+37  3.972671086408858530E+54  9.475934161424430252E+53  3.025077670266422311E+54
  5.237007858321929277E-03  2.677397283470831188E+33 -1.675045600845844566E+38  4.108836694999736764E+38  8.526411886895456224E+37  3.972014001046620178E+54  9.663854313510865721E+53  3.005628569695537519E+54
  5.184093077261758137E-02  5.523449657452428514E+31 -1.084420757350504499E+39 -4.600691309054563990E+38 -1.506163819676674463E+39  8.368170541275396517E+52  8.060636840404590759E+49  8.360109904435017965E+52
  5.256458105694784833E-03  2.677397283470832341E+33 -1.676664254979465434E+38  4.115783549763588745E+38  8.761806861350466860E+37  3.971337415860077297E+54  9.423527009544930147E+53  3.028984714905598064E+54
  5.192950881760773074E-02  5.521123565087113067E+31 -1.077962153838981173E+39 -4.507226190637068727E+38 -1.487105891622384624E+39  8.366319232849188265E+52  7.990371385953979290E+49  8.358328861463224464E+52
  5.276795750062810396E-03  2.677397283470832917E+33 -1.676248571845816122E+38  4.116563479639276737E+38  8.892224787497743723E+37  3.970659466856084440E+54  8.738556201495420542E+53  3.096803846706532007E+54
  5.297832915497437123E-03  2.677397283470840411E+33 -1.675179707241565838E+38  4.115180770871587047E+38  8.962673045649423133E+37  3.970014943594098862E+54  7.895018448337936252E+53  3.180513098760310851E+54
  5.201810141182835329E-02  5.518826129464694609E+31 -1.071540656650114234E+39 -4.416673118974266450E+38 -1.468235070435943526E+39  8.364480152109802748E+52  7.921603195392650912E+49  8.356558548914390823E+52
  5.319644539331734763E-03  2.677397283470851940E+33 -1.674193096871526873E+38  4.113421930725866474E+38  8.997904194201193348E+37  3.969413551928358331E+54  6.993405965521462214E+53  3.270072955376218574E+54
  5.341601907098693543E-03  2.677397283470843870E+33 -1.673297881372369452E+38  4.111704118611757104E+38  9.011653946928226566E+37  3.968877926728098064E+54  6.153012858900057997E+53  3.353576640838066318E+54
  5.210670852220899291E-02  5.516556761940776018E+31 -1.065178305119803048E+39 -4.329118229819992216E+38 -1.449525431853270783E+39  8.362653086235326085E+52  7.854285447706901157E+49  8.354798800787588485E+52
  5.363373073102160882E-03  2.677397283470848481E+33 -1.672474678107996102E+38  4.110109487134782732E+38  9.016616323612722247E+37  3.968410638514766749E+54  5.460712998462185647E+53  3.422339338668552098E+54
  5.219533011582462578E-02  5.514314881619768125E+31 -1.058884186578516229E+39 -4.244500751533304335E+38 -1.430936449344084775E+39  8.360837816677033588E+52  7.788369293384527269E+49  8.353049447383642708E+52
  5.385123083826481687E-03  2.677397283470858858E+33 -1.671657668958622843E+38  4.108575842824908781E+38  9.019218402161634100E+37  3.967996067081351435E+54  4.916471971289494088E+53  3.476348869952421422E+54
  5.228396615887048043E-02  5.512099913075072102E+31 -1.052653627896843660E+39 -4.162664993726661545E+38 -1.412434472423951890E+39  8.359034130089243437E+52  7.723809512488806309E+49  8.351310320576712554E+52
  5.406894104614781878E-03  2.677397283470858281E+33 -1.670830322537956912E+38  4.107096379916435999E+38  9.021834254155217046E+37  3.967622075106460130E+54  4.499457458550748746E+53  3.517676329251372665E+54
  5.237261661713294575E-02  5.509911285776326075E+31 -1.046468418615564703E+39 -4.083442809268198996E+38 -1.394007546720862031E+39  8.357241830859589577E+52  7.660576918054213483E+49  8.349581253941533099E+52
  5.428738442013875815E-03  2.677397283470861740E+33 -1.669984992293088323E+38  4.105676385239657110E+38  9.025182772032408511E+37  3.967278240195622091E+54  4.245454974643865714E+53  3.542732742731228884E+54
  5.246128145671942467E-02  5.507748437396021830E+31 -1.040303985165576035E+39 -4.006657533771708494E+38 -1.375678387486824679E+39  8.355460740486215659E+52  7.598658866830617621E+49  8.347862081619375535E+52
  5.254996064430920294E-02  5.505610814530520302E+31 -1.034137296259241211E+39 -3.932203134213544458E+38 -1.357497587461329746E+39  8.353690689700542372E+52  7.538043144386766662E+49  8.346152646556147156E+52
  5.450763747047464650E-03  2.677397283470873269E+33 -1.669106789531543993E+38  4.104323652592712646E+38  9.029607656568209160E+37  3.966950748528352480E+54  4.107388173973551650E+53  3.556211931130996379E+54
  5.473162468323491264E-03  2.677397283470864622E+33 -1.668182229213091204E+38  4.103021426819268342E+38  9.035986553415554868E+37  3.966628215255593844E+54  4.057507630090181346E+53  3.560877452246581154E+54
  5.263865414711956653E-02  5.503497869523607819E+31 -1.027960149997815215E+39 -3.860154631412719402E+38 -1.339529458358749755E+39  8.351931514189505503E+52  7.478720635949939431E+49  8.344452793553545755E+52
  5.272736193277814676E-02  5.501409064438970004E+31 -1.021781815496727187E+39 -3.790756566666442504E+38 -1.321831537223005027E+39  8.350183049203262899E+52  7.420676767545550920E+49  8.342762372435700749E+52
  5.494836974382894153E-03  2.677397283470876728E+33 -1.667265787707746562E+38  4.101828630829146234E+38  9.044196356060517915E+37  3.966319651976077042E+54  4.086176504809089984E+53  3.557702001495185483E+54
  5.281608396920482035E-02  5.499343876324307978E+31 -1.015620544893776755E+39 -3.724325424127022419E+38 -1.304423659398896328E+39  8.348445124187789897E+52  7.363888774528819647E+49  8.341081235413266212E+52
  5.515528147070927929E-03  2.677397283470879034E+33 -1.666380429635753486E+38  4.100752720023387417E+38  9.053500401326577180E+37  3.966022828437118538E+54  4.169042414904529743E+53  3.549118586946698741E+54
  5.290482022453606853E-02  5.497301797970818182E+31 -1.009489740778733624E+39 -3.661080322931742338E+38 -1.287283588438764750E+39  8.346717564361715915E+52  7.308328524334678068E+49  8.339409235837403609E+52
  5.299357066707791053E-02  5.495282327282665245E+31 -1.003392257624245807E+39 -3.601092144378652802E+38 -1.270367141046137471E+39  8.345000185658207837E+52  7.253957919696786965E+49  8.337746227738525866E+52
  5.535568784638432611E-03  2.677397283470880763E+33 -1.665521059245959166E+38  4.099760066577865129E+38  9.063651092741460568E+37  3.965729396142796142E+54  4.282723099589942134E+53  3.537457086183793591E+54
  5.308233526528617630E-02  5.493284962866166408E+31 -9.973218687458742152E+38 -3.544216336452008476E+38 -1.253628060593912335E+39  8.343292802009267040E+52  7.200737168232891030E+49  8.336092064841031035E+52
  5.317111398776285663E-02  5.491309209357604830E+31 -9.912691883852697282E+38 -3.490173320590168237E+38 -1.237037652871523593E+39  8.341595233427471764E+52  7.148635717252799487E+49  8.334446597710223938E+52
  5.555591488959011649E-03  2.677397283470886528E+33 -1.664668437817437970E+38  4.098809923897351547E+38  9.074533074177918563E+37  3.965428164253921898E+54  4.413356792072805660E+53  3.524092485046636909E+54
  5.575461282813654745E-03  2.677397283470885951E+33 -1.663822790330317789E+38  4.097910613164107891E+38  9.085854230456831791E+37  3.965120072253789818E+54  4.546336727873689143E+53  3.510486399466440385E+54
  5.599018068520753184E-03  2.677397283470889987E+33 -1.662813316235243456E+38  4.096904037851093499E+38  9.099865372706683569E+37  3.964743784942818580E+54  4.689243733728063819E+53  3.495819411570026319E+54
  5.325990680325647098E-02  5.489354576667699411E+31 -9.852273447180759265E+38 -3.438635620576276681E+38 -1.220591029096077123E+39  8.339907309887585509E+52  7.097629832615183254E+49  8.332809680054963424E+52
  5.622724183717614857E-03  2.677397283470900363E+33 -1.661798323230162383E+38  4.095980828657537788E+38  9.114533432202120773E+37  3.964353195939452954E+54  4.802297644204383150E+53  3.484123431519016681E+54
  5.334871368066256003E-02  5.487420586581111229E+31 -9.791965914109694895E+38 -3.389348365022391935E+38 -1.204304772737805213E+39  8.338228869105345817E+52  7.047697967508483094E+49  8.331181171137826010E+52
  5.646614549747854331E-03  2.677397283470895175E+33 -1.660805558936394127E+38  4.095187499239945894E+38  9.130196265588909606E+37  3.963950069083933390E+54  4.893141611797449114E+53  3.474635907904201069E+54
  5.343753458903894443E-02  5.485506773045373776E+31 -9.731844386351460722E+38 -3.342239320994432543E+38 -1.188203359847600803E+39  8.336559751811203777E+52  6.998818663738611296E+49  8.329560933147424186E+52
  5.352636949760618268E-02  5.483612686640175158E+31 -9.672022758805459940E+38 -3.297393510937294712E+38 -1.172313218356810141E+39  8.334899798087508686E+52  6.950965230993201199E+49  8.327948832856474774E+52
  5.672452308082292019E-03  2.677397283470910163E+33 -1.659777403756674560E+38  4.094477287282986688E+38  9.148642076541982278E+37  3.963505764736994884E+54  4.984056684997342139E+53  3.465100096237251227E+54
  5.361521837560683651E-02  5.481737894778313211E+31 -9.612641305806727889E+38 -3.254972947310774106E+38 -1.156657862495767964E+39  8.333248848760803122E+52  6.904105824773087744E+49  8.326344742936043870E+52
  5.370408119236329270E-02  5.479881968706504637E+31 -9.553888918852283285E+38 -3.215118379389168466E+38 -1.141258861380482604E+39  8.331606737769136328E+52  6.858204935405358213E+49  8.324748532833747371E+52
  5.699134997226185974E-03  2.677397283470913622E+33 -1.658740455290785542E+38  4.093837727371098539E+38  9.169191290139647833E+37  3.963038254553109804E+54  5.089752407686574739E+53  3.454063013784457860E+54
  5.379295791734783894E-02  5.478044485910236952E+31 -9.495885157640484821E+38 -3.177861596890111334E+38 -1.126132811774011804E+39  8.329973298611683684E+52  6.813226511737381461E+49  8.323160072099997287E+52
  5.725991895754698434E-03  2.677397283470926880E+33 -1.657679208980368995E+38  4.093254782644539092E+38  9.190995581292378120E+37  3.962557584836417460E+54  5.208665180031643444E+53  3.441691066833250223E+54
  5.388184852024367061E-02  5.476225029802025711E+31 -9.438641697665980750E+38 -3.143250564990328193E+38 -1.111278783602203285E+39  8.328348368429389452E+52  6.769134761126377879E+49  8.321579233668222735E+52
  5.397075297242053676E-02  5.474423184722327053E+31 -9.382141665461358770E+38 -3.111318272612692583E+38 -1.096675662178416735E+39  8.326731789608681417E+52  6.725898809781406481E+49  8.320005890798888646E+52
  5.753341333468705264E-03  2.677397283470920539E+33 -1.656542860573968522E+38  4.092656220292368079E+38  9.213845658038813365E+37  3.962056626196765582E+54  5.329829473608504204E+53  3.429073678835904528E+54
  5.781109316916361630E-03  2.677397283470926304E+33 -1.655331534549549924E+38  4.091989055394611700E+38  9.237624924563074463E+37  3.961536187222099265E+54  5.457239787912471799E+53  3.415812208430857614E+54
  5.405967124480635932E-02  5.472638537844323453E+31 -9.326382489094960046E+38 -3.082023694348019369E+38 -1.082299191877560102E+39  8.325123416802919990E+52  6.683499491919197956E+49  8.318439917310990921E+52
  5.810127523920261342E-03  2.677397283470943597E+33 -1.654023735910482267E+38  4.091271287014514495E+38  9.263457868434966938E+37  3.960979353980673882E+54  5.598312256681797548E+53  3.401148128312490129E+54
  5.839718538762039141E-03  2.677397283470935527E+33 -1.652662803783161847E+38  4.090567680213523751E+38  9.290762683832767487E+37  3.960396896119420655E+54  5.747615748490207860E+53  3.385635321270402336E+54
  5.414860330766370355E-02  5.470870679629025071E+31 -9.271370265764111815E+38 -3.055394778900200008E+38 -1.068129809252787655E+39  8.323523112835825984E+52  6.641923049637957787E+49  8.316881189786163151E+52
  5.869561360284545823E-03  2.677397283470944750E+33 -1.651275245496782860E+38  4.089902075027371368E+38  9.318965463982555478E+37  3.959793872471088750E+54  5.903717298967960173E+53  3.369422142574300475E+54
  5.899744532178174093E-03  2.677397283470949362E+33 -1.649859426419610132E+38  4.089260974579570430E+38  9.347886037017463751E+37  3.959167481963002576E+54  6.064574782077708766E+53  3.352710003755217748E+54
  5.423754913093356556E-02  5.469119216059697166E+31 -9.217208443673675763E+38 -3.031452384359436529E+38 -1.054161841129902266E+39  8.321930749725356232E+52  6.601163500353058959E+49  8.315329586225002576E+52
  5.930345073978331334E-03  2.677397283470953974E+33 -1.648403848013675462E+38  4.088605221743480807E+38  9.377341535394292600E+37  3.958515218620604332E+54  6.227863070352074424E+53  3.335728911585390254E+54
  5.432650868454112769E-02  5.467383768768236496E+31 -9.164109312972991846E+38 -3.010230132148140132E+38 -1.040410392845095189E+39  8.320346206245781405E+52  6.561216046354789895E+49  8.313784990199384802E+52
  5.961260408928665579E-03  2.677397283470962044E+33 -1.646905914182543064E+38  4.087917210743218737E+38  9.407196570098478026E+37  3.957838606020334131E+54  6.390950650902595249E+53  3.318743540930080561E+54
  5.441548193859112315E-02  5.465663971780298280E+31 -9.112314950300488487E+38 -2.991877591138800642E+38 -1.026893214947474655E+39  8.318769357286518328E+52  6.522068297825572060E+49  8.312247288988718143E+52
  5.450446886345006181E-02  5.463959464626989220E+31 -9.062037576623613404E+38 -2.976545446229037091E+38 -1.013622604815010640E+39  8.317200073748093964E+52  6.483703425425008903E+49  8.310716370322688490E+52
  5.992511622744057555E-03  2.677397283470967232E+33 -1.645362910365105094E+38  4.087211131751210739E+38  9.437680123084777651E+37  3.957136842717773511E+54  6.554157149989267452E+53  3.301721127718847447E+54
  5.459346942975398104E-02  5.462269889030393819E+31 -9.013413236392891949E+38 -2.964262556622526074E+38 -1.000599890229149337E+39  8.315638222949152898E+52  6.446101896379027499E+49  8.309192121052783127E+52
  5.468248360838121047E-02  5.460594891316191430E+31 -8.966522952799188262E+38 -2.954987875286419220E+38 -9.878175530089371285E+38  8.314083665825585730E+52  6.409236547099937410E+49  8.307674429278503633E+52
  6.023949192777786586E-03  2.677397283470977032E+33 -1.643782993803223368E+38  4.086500322234404871E+38  9.468801734630949731E+37  3.956412982242682007E+54  6.717793028025898816E+53  3.284633679440092891E+54
  5.477151137041923884E-02  5.458934122782388477E+31 -8.921366786044946940E+38 -2.948657216032072516E+38 -9.752663401868686733E+38  8.312536265878869617E+52  6.373082226761333364E+49  8.306163183652109451E+52
  5.486055268713821431E-02  5.457287242136259451E+31 -8.877921165611705488E+38 -2.945158699450575048E+38 -9.629443665451870092E+38  8.310995891385231371E+52  6.337616295084796577E+49  8.304658275090177586E+52
  6.055497534368525954E-03  2.677397283470978185E+33 -1.642172179706350924E+38  4.085785058138920438E+38  9.500556433819715017E+37  3.955668555627818680E+54  6.882636040587120952E+53  3.267404951569119941E+54
  5.494960752997262582E-02  5.455653918412531742E+31 -8.836154198108655851E+38 -2.944304020639888249E+38 -9.508533002840923817E+38  8.309462419243786969E+52  6.302822364886127553E+49  8.303159596878881712E+52
  6.087161455580004064E-03  2.677397283470989138E+33 -1.640533155438052945E+38  4.085060577629361128E+38  9.532946351733902637E+37  3.954903195347838216E+54  7.048538125396397822E+53  3.250049382808200305E+54
  6.118933636567486234E-03  2.677397283470996632E+33 -1.638864794212926274E+38  4.084326945734717203E+38  9.565936596785917325E+37  3.954116840334216763E+54  7.214300852039324162E+53  3.232686755130295321E+54
  5.503867587051291393E-02  5.454033829257196237E+31 -8.796008677275197999E+38 -2.946011015174234256E+38 -9.389899194935997703E+38  8.307935735790878729E+52  6.268693222206844317E+49  8.301667042568670488E+52
  6.150853283306843659E-03  2.677397283471002973E+33 -1.637164675350638690E+38  4.083584555773297946E+38  9.599528524334411093E+37  3.953308395491719285E+54  7.378760093141899620E+53  3.215432386177531280E+54
  5.512775768049868463E-02  5.452426655756654363E+31 -8.757427007591614713E+38 -2.950251380751903236E+38 -9.273404513071488266E+38  8.306415729439333851E+52  6.235223892699583966E+49  8.300180505546602803E+52
  6.182970222608839654E-03  2.677397283471000091E+33 -1.635427537098467815E+38  4.082833684065699524E+38  9.633735565564582672E+37  3.952476552392858975E+54  7.541591984189354140E+53  3.198317353973920158E+54
  5.521685293181109039E-02  5.450832089059730821E+31 -8.720428861716383535E+38 -2.956998345086771788E+38 -9.158816408797086333E+38  8.304902286698281531E+52  6.202406212298352395E+49  8.298699880485938963E+52
  5.530596159646948562E-02  5.449249833355887804E+31 -8.685067386091693572E+38 -2.966245881544475727E+38 -9.045900679592302364E+38  8.303395289659528589E+52  6.170223556850556044E+49  8.297225066102670317E+52
  6.215303012328418815E-03  2.677397283471008161E+33 -1.633648784600559534E+38  4.082076679231764472E+38  9.668555242987031440E+37  3.951620782713066715E+54  7.703040797095545188E+53  3.181316703003516279E+54
  6.247844297287828697E-03  2.677397283471018537E+33 -1.631827665987841287E+38  4.081315861660112723E+38  9.703977754592526336E+37  3.950741202151536383E+54  7.863632877234502163E+53  3.164377914428098417E+54
  5.539508364661005491E-02  5.447679594115465283E+31 -8.651435352708794899E+38 -2.977948942785879537E+38 -8.934539398213134679E+38  8.301894616715770062E+52  6.138655472531328228E+49  8.295755961243241836E+52
  6.280597815872378947E-03  2.677397283471026608E+33 -1.629964759718744930E+38  4.080551317876563326E+38  9.740010511247215540E+37  3.949837575760619439E+54  8.023731166906204266E+53  3.147464459069985061E+54
  5.548421905450351410E-02  5.446121072635162529E+31 -8.619594948580680040E+38 -2.991991010576600855E+38 -8.824785700307715001E+38  8.300400148387619555E+52  6.107686482451369381E+49  8.294292461905137546E+52
  6.313569359023294379E-03  2.677397283471029490E+33 -1.628061752703213496E+38  4.079782589292418426E+38  9.776669844722655332E+37  3.948909564814832666E+54  8.182899086470906731E+53  3.130619656167732465E+54
  5.557336779257403270E-02  5.444573966988865991E+31 -8.589588180834284375E+38 -3.008279691761365989E+38 -8.716768980480964801E+38  8.298911764056988897E+52  6.077301185152581589E+49  8.292834462871818198E+52
  6.346758549625022665E-03  2.677397283471033525E+33 -1.626119151716760869E+38  4.079009208975264306E+38  9.813977286509949003E+37  3.947957049181041012E+54  8.340538906331756548E+53  3.113903158547857871E+54
  5.566252983340111427E-02  5.443037980170162826E+31 -8.561435374652584702E+38 -3.026711500752377132E+38 -8.610646971339070658E+38  8.297429346500417037E+52  6.047488282836389461E+49  8.291381858217585456E+52
  6.380165297765777455E-03  2.677397283471032949E+33 -1.624136141241627368E+38  4.078231937082182088E+38  9.851913494105467727E+37  3.946979972191501962E+54  8.496247697376564723E+53  3.097355202453862164E+54
  5.575170514970273494E-02  5.441512827851110811E+31 -8.535085524930354022E+38 -3.047134835124212398E+38 -8.506490634794121919E+38  8.295952782149718891E+52  6.018235673029137645E+49  8.289934546476683729E+52
  6.413788861150318717E-03  2.677397283471054854E+33 -1.622110450301569725E+38  4.077452072837432704E+38  9.890445446294273096E+37  3.945978347069002330E+54  8.649949047453573004E+53  3.080983442323653026E+54
  5.584089371432972987E-02  5.439998235057607239E+31 -8.510460037068337469E+38 -3.069345313507338465E+38 -8.404269515666569287E+38  8.294481962389891408E+52  5.989532915940112779E+49  8.288492429473962351E+52
  6.447631273795359323E-03  2.677397283471055431E+33 -1.620040394524421986E+38  4.076669717454993765E+38  9.929533095468506217E+37  3.944952117318282605E+54  8.801887245826260306E+53  3.064763392735652491E+54
  5.593009550026593196E-02  5.438493926225427434E+31 -8.487464005445055711E+38 -3.093190475558190505E+38 -8.303814077402917911E+38  8.293016781608651200E+52  5.961369095735790768E+49  8.287055412512901790E+52
  6.481697267343804886E-03  2.677397283471061195E+33 -1.617925798735478894E+38  4.075884478904013630E+38  9.969119179411812906E+37  3.943901115748195795E+54  8.952360289778612689E+53  3.048665086770310706E+54
  6.515987355855306154E-03  2.677397283471071572E+33 -1.615768257859548861E+38  4.075094572130662951E+38  1.000913917904143168E+38  3.942825268758336470E+54  9.101310191135404712E+53  3.032694249644803314E+54
  6.550500124512710805E-03  2.677397283471076760E+33 -1.613569678485224594E+38  4.074298964736276866E+38  1.004954914661940989E+38  3.941724574053097170E+54  9.248373184115020427E+53  3.016887255641581005E+54
  6.585238718282394703E-03  2.677397283471081372E+33 -1.611331281147108424E+38  4.073498187357663515E+38  1.009032517907101397E+38  3.940598931487479395E+54  9.393216049795924398E+53  3.001277326507883553E+54
  6.620207305525858434E-03  2.677397283471090595E+33 -1.609053168148565198E+38  4.072693564856822040E+38  1.013147900674467419E+38  3.939448247368380561E+54  9.536062152633808250E+53  2.985842032104993270E+54
  5.601931048063096830E-02  5.436999633333001495E+31 -8.466051747473856516E+38 -3.118582547446793331E+38 -8.204885644101092845E+38  8.291557135232201368E+52  5.933731653626886213E+49  8.285623403578585154E+52
  6.655407259580040091E-03  2.677397283471095783E+33 -1.606735475563964035E+38  4.071887251020401892E+38  1.017304634111567382E+38  3.938272492893559996E+54  9.677402730799752993E+53  2.970532219813584016E+54
  6.690835358594810107E-03  2.677397283471103277E+33 -1.604379483169527848E+38  4.071080225609857462E+38  1.021501202936465301E+38  3.937071737056864197E+54  9.817696015675593174E+53  2.955302135489325977E+54
  6.726487743158081692E-03  2.677397283471114806E+33 -1.601985329701196838E+38  4.070271722631220342E+38  1.025733037664888165E+38  3.935846022168413300E+54  9.957009968310960479E+53  2.940145025337318103E+54
  5.610853862868003805E-02  5.435515091980675938E+31 -8.446209524784023087E+38 -3.145438735801372155E+38 -8.107248664413724341E+38  8.290102922150814189E+52  5.906609594289282723E+49  8.284196312556509828E+52
  6.762363374985614142E-03  2.677397283471124606E+33 -1.599553171356055464E+38  4.069459754844104269E+38  1.029993815648069028E+38  3.934595291758239623E+54  1.009495859057927387E+54  2.925099432700318872E+54
  6.798464953983870789E-03  2.677397283471153429E+33 -1.597084899873605659E+38  4.068641392477715267E+38  1.034276233213087711E+38  3.933319409506488385E+54  1.023116770667632099E+54  2.910202638838847268E+54
  5.619777991780872811E-02  5.434040048477834777E+31 -8.427897689832766942E+38 -3.173692886760213381E+38 -8.010702139630933494E+38  8.288654046963318726E+52  5.879994241751038175E+49  8.282774052721564221E+52
  6.834796555520846091E-03  2.677397283471165535E+33 -1.594582468525159007E+38  4.067815328607805362E+38  1.038575172109231191E+38  3.932018236413025144E+54  1.036558598918018800E+54  2.895459637495008726E+54
  5.628703432155360287E-02  5.432574258304753614E+31 -8.411039204153599705E+38 -3.203350159021260655E+38 -7.915185030832907900E+38  8.287210417555700415E+52  5.853875124534649051E+49  8.281356542431130329E+52
  6.871360925393435459E-03  2.677397283471169570E+33 -1.592046879293193608E+38  4.066981468816687757E+38  1.042889019752476392E+38  3.930691686513313933E+54  1.049877963907159797E+54  2.880813722606157370E+54
  5.637630181355236109E-02  5.431117473608643509E+31 -8.395567515216645114E+38 -3.234506666212303945E+38 -7.820752485478742625E+38  8.285771944193422313E+52  5.828243406733222895E+49  8.279943700786728135E+52
  5.646558236754747884E-02  5.429669451484445732E+31 -8.381422900789400007E+38 -3.267257170958615703E+38 -7.727536451506473998E+38  8.284338538429950266E+52  5.803087844875672346E+49  8.278535450585097423E+52
  6.908158183816789227E-03  2.677397283471179946E+33 -1.589478641620984127E+38  4.066140034441851777E+38  1.047218615484739050E+38  3.929339698342755838E+54  1.063146296223163030E+54  2.866193402119595870E+54
  5.655487595741350709E-02  5.428229962029707948E+31 -8.368500850954909026E+38 -3.301604124890921098E+38 -7.635658617162801041E+38  8.282910114473656537E+52  5.778392904563432601E+49  8.277131721569122585E+52
  6.945185504829930884E-03  2.677397283471180523E+33 -1.586879519597845348E+38  4.065290362312628676E+38  1.051564713979025915E+38  3.927962230889237814E+54  1.076393165043224025E+54  2.851569065846017872E+54
  5.664418255735053503E-02  5.426798782594282829E+31 -8.356693737892018065E+38 -3.337394683250480221E+38 -7.545152142336010233E+38  8.281486587663608959E+52  5.754142035344347863E+49  8.275732445628281702E+52
  6.982438011440797627E-03  2.677397283471193781E+33 -1.584252066332745192E+38  4.064429945971820913E+38  1.055926723914708121E+38  3.926559287151437647E+54  1.089591677672686198E+54  2.836967609478750939E+54
  5.673350214176730438E-02  5.425375694905394882E+31 -8.345932649811445619E+38 -3.374384594580786588E+38 -7.455881452238209878E+38  8.280067875090221507E+52  5.730319038079619276E+49  8.274337556052158474E+52
  7.019909558144098172E-03  2.677397283471201275E+33 -1.581598104302440394E+38  4.063555578839052029E+38  1.060300501745541975E+38  3.925130960640211536E+54  1.102698390579694822E+54  2.822432570060509568E+54
  5.682283468519781083E-02  5.423960470349132876E+31 -8.336143428017655209E+38 -3.412324239345893010E+38 -7.367622992034139441E+38  8.278653891193036209E+52  5.706908486760331727E+49  8.272946982706303771E+52
  5.691218016225967763E-02  5.422552873533094379E+31 -8.327261135158918759E+38 -3.450995023413531417E+38 -7.280182937795539576E+38  8.277244548014744995E+52  5.683894778656701833E+49  8.271560653236102541E+52
  5.700153854763682915E-02  5.421152659149454784E+31 -8.319244949693208366E+38 -3.490195955371509658E+38 -7.193532350813146875E+38  8.275839751842017875E+52  5.661257071670016201E+49  8.270178494770369832E+52
  7.057595757488065169E-03  2.677397283471208193E+33 -1.578920577148843068E+38  4.062663057841731541E+38  1.064678317947233784E+38  3.923677343445018120E+54  1.115699296148253887E+54  2.807978047296759469E+54
  5.709090981608844900E-02  5.419759572906762971E+31 -8.312058080651407780E+38 -3.529838252514895451E+38 -7.107838283569965637E+38  8.274439403310174858E+52  5.638972263780402474E+49  8.268800431046392269E+52
  7.095493238161833596E-03  2.677397283471219722E+33 -1.576222582563123820E+38  4.061749513001569373E+38  1.069051771431587645E+38  3.922198514462195720E+54  1.128632544527996206E+54  2.793565969934202746E+54
  7.133599056731981976E-03  2.677397283471223757E+33 -1.573507023619899676E+38  4.060814552708613497E+38  1.073412940508877567E+38  3.920694492153989423E+54  1.141562674990406268E+54  2.779131817163572946E+54
  5.718029394246859631E-02  5.418373361975694763E+31 -8.305684023526075919E+38 -3.569880822009059745E+38 -7.023370762105835718E+38  8.273043403129469322E+52  5.617018037622643261E+49  8.267426385091851833E+52
  5.726969090174556520E-02  5.416993776284366547E+31 -8.300112798496131723E+38 -3.610290345198975148E+38 -6.940389898705540878E+38  8.271651653995314120E+52  5.595373884235985803E+49  8.266056280111063639E+52
  7.171910874529605073E-03  2.677397283471228946E+33 -1.570776549560372308E+38  4.059859184336570881E+38  1.077756023090312823E+38  3.919165190474559595E+54  1.154517212541663955E+54  2.764647977932884581E+54
  5.735910066901348664E-02  5.415620570126176180E+31 -8.295294730074182932E+38 -3.651068154782589691E+38 -6.859101068179100751E+38  8.270264061870702674E+52  5.574021091097274714E+49  8.264690040779574885E+52
  7.210427676065394795E-03  2.677397283471237016E+33 -1.568033911415363120E+38  4.058883876637627100E+38  1.082077460420144879E+38  3.917610436459845747E+54  1.167471733599654288E+54  2.750138702860196733E+54
  7.249149113034909428E-03  2.677397283471243357E+33 -1.565281404424740149E+38  4.057888114746330117E+38  1.086374684478418039E+38  3.916030063710860539E+54  1.180388321743585095E+54  2.735641741967271871E+54
  5.744852321949697055E-02  5.414253500281527230E+31 -8.291110315728340040E+38 -3.692175991625102906E+38 -6.779600301209427294E+38  8.268880534039764063E+52  5.552941948194241165E+49  8.263327592091569982E+52
  5.753795852855429771E-02  5.412892326487272488E+31 -8.287414776355801816E+38 -3.733540265098311937E+38 -6.701822570945348325E+38  8.267500979284206872E+52  5.532120674867832332E+49  8.261968858609346967E+52
  5.762740657167932795E-02  5.411536815480913109E+31 -8.284096175974837226E+38 -3.775130278585656067E+38 -6.625622947757589786E+38  8.266125307243860569E+52  5.511540950993036608E+49  8.260613766292857334E+52
  7.288075685846299653E-03  2.677397283471249122E+33 -1.562520660156336972E+38  4.056871148613379228E+38  1.090644472870071842E+38  3.914423922606177484E+54  1.193268086817573014E+54  2.721155835788598345E+54
  5.771686732450209689E-02  5.410186729288561738E+31 -8.281076634491700881E+38 -3.816871491132458305E+38 -6.550873259475133579E+38  8.264753429379146100E+52  5.491191003657562929E+49  8.259262238375476315E+52
  5.780634076278930167E-02  5.408841832516623392E+31 -8.278295413167140982E+38 -3.858598179272501397E+38 -6.477608143163077944E+38  8.263385260355805008E+52  5.471061655477586143E+49  8.257914198700315159E+52
  5.789582686244095638E-02  5.407501893493912827E+31 -8.275767435711218746E+38 -3.900129454160847131E+38 -6.406037908163917109E+38  8.262020714787808062E+52  5.451144934945403830E+49  8.256569569852835519E+52
  7.327209119476020549E-03  2.677397283471252580E+33 -1.559755044544361606E+38  4.055831572960190338E+38  1.094881902802746067E+38  3.912791811153613263E+54  1.206161018876098776E+54  2.706630792277499004E+54
  7.366550162517401801E-03  2.677397283471268721E+33 -1.556986172698234805E+38  4.054769197465861807E+38  1.099083137293668348E+38  3.911133498708954052E+54  1.219119147639233786E+54  2.692014351069710057E+54
  7.406097767196430891E-03  2.677397283471272757E+33 -1.554215202475654713E+38  4.053685547260142634E+38  1.103244357526836398E+38  3.909448758350314421E+54  1.232138240171575743E+54  2.677310518178721494E+54
  5.798532559948550019E-02  5.406166676010697238E+31 -8.273497042704601214E+38 -3.941355312136065196E+38 -6.336429142285166767E+38  8.260659705734966073E+52  5.431433172155296393E+49  8.255228272562803187E+52
  7.445849768681938458E-03  2.677397283471289474E+33 -1.551444456320221731E+38  4.052579300284967864E+38  1.107360968664965201E+38  3.907737417033835626E+54  1.245178047117588993E+54  2.662559369916252078E+54
  7.485803834215345315E-03  2.677397283471291203E+33 -1.548675825067741565E+38  4.051448873908273674E+38  1.111431270515015104E+38  3.905999366424888997E+54  1.258212876180151840E+54  2.647786490244740220E+54
  7.525958587484024229E-03  2.677397283471292933E+33 -1.545912486064636646E+38  4.050294434082112029E+38  1.115456150036265452E+38  3.904234494637323563E+54  1.271278996156616289E+54  2.632955498480712208E+54
  7.566312033620103614E-03  2.677397283471303885E+33 -1.543156318949545023E+38  4.049115864006840224E+38  1.119433536031236518E+38  3.902442668338113699E+54  1.284436542736780212E+54  2.618006125601332807E+54
  7.606862397240223179E-03  2.677397283471314838E+33 -1.540408677713194964E+38  4.047912784018627609E+38  1.123359001137361502E+38  3.900623661723993050E+54  1.297694847932832461E+54  2.602928813791175221E+54
  7.647608150690344067E-03  2.677397283471320026E+33 -1.537671017993571363E+38  4.046684605935023319E+38  1.127229161618854623E+38  3.898777225086986927E+54  1.311008997881990397E+54  2.587768227205015586E+54
  7.688547240375142103E-03  2.677397283471326367E+33 -1.534943896814174298E+38  4.045430731416278467E+38  1.131038951032793499E+38  3.896903196632568061E+54  1.324336478812349423E+54  2.572566717820231909E+54
  7.729677265166716611E-03  2.677397283471337897E+33 -1.532229377536323047E+38  4.044150619426888582E+38  1.134783061073720575E+38  3.895001492973012528E+54  1.337704560257429949E+54  2.557296932715603336E+54
  5.807483695006072921E-02  5.404835941491496632E+31 -8.271482155684648053E+38 -3.982183859672223700E+38 -6.269015766174637791E+38  8.259302147811463551E+52  5.411920591989027360E+49  8.253890227219470833E+52
  7.770996028716335366E-03  2.677397283471340779E+33 -1.529529375513225793E+38  4.042843840550212837E+38  1.138458374398167123E+38  3.893071985016541457E+54  1.351176747545362714E+54  2.541895237471193375E+54
  7.812501604535041291E-03  2.677397283471354614E+33 -1.526842342806088314E+38  4.041509698810171446E+38  1.142064404297627297E+38  3.891114441615749155E+54  1.364771329320114541E+54  2.526343112295643121E+54
  5.816436089041053525E-02  5.403509452877804599E+31 -8.269630885160966828E+38 -4.022558320099200929E+38 -6.204028482922282943E+38  8.257947958380603916E+52  5.392601826178542054E+49  8.252555356554413104E+52
  7.854192233869074571E-03  2.677397283471353461E+33 -1.524148697140865277E+38  4.040148843004949298E+38  1.145605509094751908E+38  3.889128597752420109E+54  1.378442832616299073E+54  2.510685765136138731E+54
  7.896065221414783064E-03  2.677397283471367873E+33 -1.522066916456033755E+38  4.038763913184043274E+38  1.149098744619846812E+38  3.887114299396787462E+54  1.392153428325772920E+54  2.494960871071029855E+54
  7.938118556047339333E-03  2.677397283471366143E+33 -1.520565622264518368E+38  4.037326517824001783E+38  1.152598600332597104E+38  3.885071408283856671E+54  1.405923808618433270E+54  2.479147599665442797E+54
  7.980350543426250817E-03  2.677397283471381131E+33 -1.518592364683344870E+38  4.038607451817957154E+38  1.157111003301810454E+38  3.882999758027621490E+54  1.419806657886437754E+54  2.463193100141197858E+54
  5.825389739689890850E-02  5.402186975220761121E+31 -8.267841025960972476E+38 -4.062446127432789568E+38 -6.141700845358298197E+38  8.256597055297912221E+52  5.373469178488256621E+49  8.251223586119436193E+52
  5.834344644608825681E-02  5.400868283000526090E+31 -8.266052047820584624E+38 -4.101834358282495724E+38 -6.082190588923637974E+38  8.255249360228862713E+52  5.354516215101517392E+49  8.249894844013773463E+52
  5.843300801472803979E-02  5.399553151478763633E+31 -8.264288513674036329E+38 -4.140703909194569160E+38 -6.025645457070518601E+38  8.253904796749265272E+52  5.335737716500697937E+49  8.248569059032769663E+52
  5.852258207971271914E-02  5.398241358228441053E+31 -8.262581487859079283E+38 -4.179001905522534531E+38 -5.972131506992454749E+38  8.252563289567223610E+52  5.317128975581603515E+49  8.247246160591632156E+52
  8.022759155865233013E-03  2.677397283471392084E+33 -1.511908523290041456E+38  4.038923144007688281E+38  1.162679220386038514E+38  3.880899102543459055E+54  1.433812915182445029E+54  2.447086187361027126E+54
  5.861216861804903477E-02  5.396932689546707897E+31 -8.260934268927968695E+38 -4.216620638749288157E+38 -5.921740175475218705E+38  8.251224765566864230E+52  5.298684775080269109E+49  8.245926080791751991E+52
  8.065341937664444530E-03  2.677397283471399001E+33 -1.508010240345174583E+38  4.037330802792515564E+38  1.170473417557973188E+38  3.878769187059150519E+54  1.447897484107670774E+54  2.430871702951501013E+54
  5.870176760684268913E-02  5.395626941002622846E+31 -8.259327929301283091E+38 -4.253414059891492370E+38 -5.874571217840547668E+38  8.249889155194288433E+52  5.280398040495536612E+49  8.244608757153815721E+52
  8.108096510366967838E-03  2.677397283471411107E+33 -1.500814971587375389E+38  4.030745380188681519E+38  1.187215033793075931E+38  3.876609868379320183E+54  1.462033571234440436E+54  2.414576297144891316E+54
  5.879137902329966553E-02  5.394323918389942453E+31 -8.257743664142709889E+38 -4.289219924369748983E+38 -5.830639802091631745E+38  8.248556392378602347E+52  5.262264144332611641E+49  8.243294128234266684E+52
  8.133538614572718289E-03  2.677397283471410531E+33 -1.500545707781744643E+38  4.022428192970419729E+38  1.196136179027300014E+38  3.875312030179523473E+54  1.470353765778453011E+54  2.404958264401078629E+54
  5.888100284473447160E-02  5.393023432756189290E+31 -8.256165750663812526E+38 -4.323864047838627919E+38 -5.789929589365065657E+38  8.247226413680278425E+52  5.244280656813901485E+49  8.241982133023445456E+52
  8.166783413351886081E-03  2.677397283471422060E+33 -1.495026184821373866E+38  4.017641890958117435E+38  1.213127357116134872E+38  3.873606816405917990E+54  1.481351577412732186E+54  2.392255238993193630E+54
  5.897063904857914596E-02  5.391725307432554794E+31 -8.254573168824425485E+38 -4.357271950370335837E+38 -5.752391483678280787E+38  8.245899162290629153E+52  5.226449382322820053E+49  8.240672712908274736E+52
  5.906028761238758112E-02  5.390429380455549638E+31 -8.252920422061091064E+38 -4.389462013019734593E+38 -5.717942848951027350E+38  8.244574587358341457E+52  5.208774359500177031E+49  8.239365812998805497E+52
  8.199181114288231487E-03  2.677397283471424366E+33 -1.476237672562760347E+38  4.007257034698724248E+38  1.230914816280135494E+38  3.871932639010289891E+54  1.492113661554908176E+54  2.379818977455388181E+54
  8.242457550734778871E-03  2.677397283471439930E+33 -1.445842175520343631E+38  3.992097985597490446E+38  1.246415743642475024E+38  3.869680547684600973E+54  1.506613569355049203E+54  2.363066978329560447E+54
  5.914994851383804236E-02  5.389135508753053647E+31 -8.251121655213929719E+38 -4.420479273712314265E+38 -5.686496750322201609E+38  8.243252643368485843E+52  5.191260526731714703E+49  8.238061382841806118E+52
  8.285899012064092128E-03  2.677397283471445695E+33 -1.460089697846508507E+38  3.992746970544203745E+38  1.258786638594977311E+38  3.867397806265143763E+54  1.521167667176755915E+54  2.346230139088400949E+54
  8.329503833277539238E-03  2.677397283471457224E+33 -1.439646526130711135E+38  3.978163288781876824E+38  1.275114259121666316E+38  3.865084118800652689E+54  1.535795636402224165E+54  2.329288482398433968E+54
  5.923962173068931386E-02  5.387843571329999145E+31 -8.249126384744266486E+38 -4.450372044467836362E+38 -5.657958549735293286E+38  8.241933291279261541E+52  5.173913340250236669E+49  8.236759377938998097E+52
  8.361433481799017062E-03  2.677397283471461259E+33 -1.442250388009620832E+38  3.971103452168472599E+38  1.296710276060681329E+38  3.863372867222178612E+54  1.546494325553624511E+54  2.316878541668563288E+54
  5.932930724082717544E-02  5.386553460866678868E+31 -8.246940217470327782E+38 -4.479147741609594615E+38 -5.632268898962085957E+38  8.240616495642469696E+52  5.156736676019269927E+49  8.235459758966455745E+52
  8.403779330735683742E-03  2.677397283471475094E+33 -1.454761440862151956E+38  4.014244057065510552E+38  1.383227004300044192E+38  3.861087471823683376E+54  1.560796329081295777E+54  2.300291142742403252E+54
  5.941900502279320873E-02  5.385265091371166976E+31 -8.244614004677886825E+38 -4.506708245147476471E+38 -5.609302392512012286E+38  8.239302229075683947E+52  5.139735235963345218E+49  8.234162493839722448E+52
  8.447819404661691817E-03  2.677397283471483741E+33 -1.460173768663334551E+38  4.021533503269272319E+38  1.472082621294293066E+38  3.858688290395547730E+54  1.575693763076838525E+54  2.282994527318714990E+54
  5.950871505612567031E-02  5.383978385289299944E+31 -8.242143125005777761E+38 -4.532888602849702860E+38 -5.588857180893539014E+38  8.237990467801264504E+52  5.122914235740253871E+49  8.232867553565538921E+52
  8.492020007164433407E-03  2.677397283471497000E+33 -1.426215689046908239E+38  4.035551324261343343E+38  1.587091037722018965E+38  3.856256714967481958E+54  1.590651243864547841E+54  2.265605471102943985E+54
  5.959843732060629562E-02  5.382693265489319468E+31 -8.239453221666798862E+38 -4.557521635122051684E+38 -5.570666387920800687E+38  8.236681190562362082E+52  5.106281305548335564E+49  8.231574909256789521E+52
  5.968817179590380634E-02  5.381409651116151380E+31 -8.236446318138483211E+38 -4.580446302271560533E+38 -5.554418049243232385E+38  8.235374372477987266E+52  5.089842270176174480E+49  8.230284530207849229E+52
  8.517894841383150464E-03  2.677397283471503341E+33 -1.459847237058240041E+38  4.049162540071793964E+38  1.615861107218678487E+38  3.854817692061495971E+54  1.599382427953381664E+54  2.255435264108115668E+54
  5.977791846148392679E-02  5.380127456034575205E+31 -8.233042539210063869E+38 -4.601454736276088137E+38 -5.539788986337524770E+38  8.234069985950625463E+52  5.073602464751563789E+49  8.228996383485840719E+52
  8.552461844150462122E-03  2.677397283471510835E+33 -1.451310271771342309E+38  4.049315164287985814E+38  1.655361975578676904E+38  3.852884296857368113E+54  1.611108602035111034E+54  2.241775694822259121E+54
  8.597038339124790304E-03  2.677397283471528705E+33 -1.409872191895887497E+38  4.044935051750849031E+38  1.655666981999972623E+38  3.850373311940442865E+54  1.626282303386249349E+54  2.224091008554194877E+54
  5.986767729664974752E-02  5.378846590691307690E+31 -8.229204355676456848E+38 -4.620391537223983692E+38 -5.526448969189422656E+38  8.232768002286969917E+52  5.057567324608890656E+49  8.227710434962374758E+52
  8.641773783695762962E-03  2.677397283471536199E+33 -1.305769664912544201E+38  4.011251468143147107E+38  1.726395800516049020E+38  3.847828228194814986E+54  1.641498048538812169E+54  2.206330179656007921E+54
  8.686667749570785996E-03  2.677397283471552340E+33 -1.231728421855733842E+38  3.945259217262121308E+38  1.905579389706007593E+38  3.845246880811723106E+54  1.656764051225793486E+54  2.188482829585925537E+54
  5.995744828061851800E-02  5.377566967195756732E+31 -8.224928594035726582E+38 -4.637203035539006791E+38 -5.514147966970989125E+38  8.231468393029598669E+52  5.041741069123829509E+49  8.226426651960496134E+52
  8.731719923187294605E-03  2.677397283471565022E+33 -1.262073625968542838E+38  3.926156553622036260E+38  1.930785469468404563E+38  3.842629470955926065E+54  1.672080669624918702E+54  2.170548801331008724E+54
  6.004723139259005027E-02  5.376288492717203895E+31 -8.220270169538267782E+38 -4.651988571185112082E+38 -5.502721793522727732E+38  8.230171131425771498E+52  5.026130752961974805E+49  8.225145000672812476E+52
  8.776929898322615234E-03  2.677397283471576551E+33 -1.120407333437142670E+38  3.928778364164556647E+38  2.061616260687151058E+38  3.839976193359501852E+54  1.687423408897631886E+54  2.152552784461871327E+54
  6.013702661179322340E-02  5.375011068526505063E+31 -8.215319109277063393E+38 -4.664863425674333172E+38 -5.492093639753176691E+38  8.228876190970552435E+52  5.010743598578947287E+49  8.223865447371990283E+52
  6.022683391751561949E-02  5.373734596806005953E+31 -8.210142974870872240E+38 -4.675971608083173127E+38 -5.482245056211818905E+38  8.227583545227205541E+52  4.995585727669633293E+49  8.222587959499526636E+52
  6.031665328911593044E-02  5.372458982327393283E+31 -8.204858785627552914E+38 -4.685425203889589223E+38 -5.473195088241298922E+38  8.226293166776475269E+52  4.980659631527697987E+49  8.221312507144970477E+52
  8.822298160908896569E-03  2.677397283471594998E+33 -1.039981266099672049E+38  3.950123158906089755E+38  1.954197145382700165E+38  3.837285342749101089E+54  1.702766069489876095E+54  2.134519273259219890E+54
  6.040648470603453973E-02  5.371184135508345491E+31 -8.199629317649182357E+38 -4.693298402864725385E+38 -5.464948952987533256E+38  8.225005028333392128E+52  4.965964776613536257E+49  8.220039063556791713E+52
  6.049632814780502715E-02  5.369909973203871927E+31 -8.194510430141451321E+38 -4.699593988097268730E+38 -5.457433712161411399E+38  8.223719102470273262E+52  4.951497997439618421E+49  8.218767604472844823E+52
  8.867825430819993582E-03  2.677397283471612868E+33 -1.110067662793844425E+38  3.867715545000909989E+38  2.093485315967348475E+38  3.834554560856449277E+54  1.718100520664856453E+54  2.116454040191589761E+54
  6.058618359406325177E-02  5.368636419553121094E+31 -8.189427043861510627E+38 -4.704236194022578464E+38 -5.450525313035000945E+38  8.222435363328215160E+52  4.937255339885390824E+49  8.217498107988298888E+52
  6.067605102455302102E-02  5.367363405830012459E+31 -8.184238749278161846E+38 -4.707120561148424331E+38 -5.444042620682747298E+38  8.221153786096262769E+52  4.923232103005498531E+49  8.216230553993260370E+52
  6.076593041912888710E-02  5.366090864860303239E+31 -8.178845587672746423E+38 -4.708177280366639766E+38 -5.437757459194352630E+38  8.219874344624402073E+52  4.909422222341680201E+49  8.214964922402048947E+52
  8.909358449040529621E-03  2.677397283471640539E+33 -1.077636677871503465E+38  3.865011679595969033E+38  2.167754529792354167E+38  3.832037923177415090E+54  1.732024902997241253E+54  2.100013020180164989E+54
  6.085582175775677838E-02  5.364818731892411629E+31 -8.173281974183370818E+38 -4.707356095199087916E+38 -5.431423488003787373E+38  8.218597012249458361E+52  4.895817387807474672E+49  8.213701194861679780E+52
  6.094572502051719132E-02  5.363546943885016699E+31 -8.167659061718553070E+38 -4.704606182672457973E+38 -5.424829335440800015E+38  8.217321760690405672E+52  4.882406796376843206E+49  8.212439353894035058E+52
  6.103564018760588433E-02  5.362275436668402617E+31 -8.162036026308209934E+38 -4.699879023333989641E+38 -5.417930549421883048E+38  8.216048563888600061E+52  4.869182476879405106E+49  8.211179381411727771E+52
  8.955190320352310676E-03  2.677397283471653221E+33 -9.970455789771414537E+37  4.031591294953245882E+38  2.263845590065873953E+38  3.829236733809869242E+54  1.747302798086478541E+54  2.081933935723387979E+54
  8.977590321256263481E-03  2.677397283471660715E+33 -9.173686454713348032E+37  3.991965701262268572E+38  2.297361379449226716E+38  3.827848574207084139E+54  1.754725940190492264E+54  2.073122634016590174E+54
  9.006524498729268080E-03  2.677397283471671667E+33 -8.292290961689674625E+37  3.875692135684044526E+38  2.354610618577016605E+38  3.826049450020565163E+54  1.764275452902141413E+54  2.061773997118422048E+54
  6.112556723933569580E-02  5.361004143693669423E+31 -8.156457566768287887E+38 -4.693219593368376338E+38 -5.410894008474319593E+38  8.214777399195526685E+52  4.856140644023049800E+49  8.209921258551517545E+52
  9.044834274536126331E-03  2.677397283471686079E+33 -8.086694364123508033E+37  3.850092678154105718E+38  2.421242530983143827E+38  3.823657436183703185E+54  1.776843951682328218E+54  2.046813484501383814E+54
  9.091039076110510667E-03  2.677397283471695879E+33 -9.117613033540621312E+37  3.974274037828967478E+38  2.525851800371663029E+38  3.820751220488042669E+54  1.791869542430542911E+54  2.028881678057508946E+54
  6.121550615613860491E-02  5.359732996764288742E+31 -8.150892681825394104E+38 -4.684771811638334843E+38 -5.404051888634304390E+38  8.213508245767798478E+52  4.843277530409436998E+49  8.208664968237375909E+52
  9.137501450169789596E-03  2.677397283471713749E+33 -7.100698670804335927E+37  3.950051236124852923E+38  2.566837614117565612E+38  3.817795774939756900E+54  1.806816995676669101E+54  2.010978779263094945E+54
  6.130545691853794138E-02  5.358461926514953522E+31 -8.145267135288377449E+38 -4.674692787982632887E+38 -5.397751124653964020E+38  8.212241083551210173E+52  4.830589773583660761E+49  8.207410493777649912E+52
  9.184123993916173956E-03  2.677397283471724125E+33 -6.525995130449387379E+37  3.859342603550573467E+38  2.582971367019643529E+38  3.814807667720642732E+54  1.821649128761745454E+54  1.993158538958912250E+54
  6.139541950710331736E-02  5.357190860601635384E+31 -8.139509346063887280E+38 -4.663117873447959591E+38 -5.392294419300149113E+38  8.210975889760416201E+52  4.818070952382952401E+49  8.206157818808039305E+52
  9.230907080730559391E-03  2.677397283471733925E+33 -7.848959261916680790E+37  3.828899448150161238E+38  2.569112453167035440E+38  3.811776051245623571E+54  1.836333614207259277E+54  1.975442437038371781E+54
  9.277850705149384009E-03  2.677397283471752948E+33 -4.418369783993582325E+37  3.895508222893691499E+38  2.694945408781245234E+38  3.808704073797693556E+54  1.850862083639123599E+54  1.957841990158585270E+54
  6.148539390252902304E-02  5.355919723524999383E+31 -8.133525209100990710E+38 -4.650058547357362304E+38 -5.387852383542427036E+38  8.209712635223242125E+52  4.805708234976696261E+49  8.204906926988275214E+52
  9.324955527873220185E-03  2.677397283471771395E+33 -2.025393463932761231E+37  3.848136692052392921E+38  2.798844789692727196E+38  3.805599369914091359E+54  1.865234044409165681E+54  1.940365325504931123E+54
  6.157538008573355814E-02  5.354648436213042821E+31 -8.127232369979732527E+38 -4.635510891653713216E+38 -5.384388310540895816E+38  8.208451288586168488E+52  4.793487838597797744E+49  8.203657800747573496E+52
  6.166537803783121025E-02  5.353376918004739025E+31 -8.120608640481335030E+38 -4.619493594162603751E+38 -5.381766460655540857E+38  8.207191817711136759E+52  4.781396561273192305E+49  8.202410421149846765E+52
  9.372222486068894701E-03  2.677397283471781771E+33 -4.166494917659667056E+37  3.892437649802379866E+38  2.733166496703144787E+38  3.802450675825763611E+54  1.879425471236784007E+54  1.923025204588985389E+54
  6.175538774007241494E-02  5.352105088489130900E+31 -8.113644574631150816E+38 -4.602010205340627588E+38 -5.379787861347351584E+38  8.205934195191528628E+52  4.769427531346569406E+49  8.201164767660185615E+52
  6.184540917380231678E-02  5.350832870438666776E+31 -8.106471257983549122E+38 -4.583103768516260605E+38 -5.378238968574568100E+38  8.204678390935605477E+52  4.757572602083791743E+49  8.199920818333499472E+52
  6.193544232042005881E-02  5.349560189151270438E+31 -8.099384054715327961E+38 -4.562875295386025905E+38 -5.376942019408733745E+38  8.203424371823430386E+52  4.745820915196185344E+49  8.198678550908258552E+52
  9.414941379681010178E-03  2.677397283471796759E+33 -1.672921807991829410E+37  3.810119658881292039E+38  2.879887563334115569E+38  3.799579470156720078E+54  1.892049129326857621E+54  1.907530340829866881E+54
  6.202548716139934942E-02  5.348286973876106913E+31 -8.092648889587829461E+38 -4.541418679891707601E+38 -5.375796420343125505E+38  8.202172108444869460E+52  4.734164363309832740E+49  8.197437944081545718E+52
  6.211554367832757689E-02  5.347013154727754731E+31 -8.086572937928719696E+38 -4.518838333790942797E+38 -5.374863930330624695E+38  8.200921572396918273E+52  4.722595292651154596E+49  8.196198977104252324E+52
  9.453879948931181998E-03  2.677397283471816359E+33 -9.115381995223724477E+36  3.842599223913212663E+38  2.904846732056165946E+38  3.796941879123981944E+54  1.903386042702900473E+54  1.893555836421081471E+54
  6.220561185302250773E-02  5.345738663667594333E+31 -8.081358025063570230E+38 -4.495135471300215487E+38 -5.374397461368913792E+38  8.199672735033308787E+52  4.711104714673044902E+49  8.194961630318658421E+52
  9.483084471393435702E-03  2.677397283471832500E+33 -1.807955819604909208E+37  3.811766099846435783E+38  3.043610051345448375E+38  3.794943861275005762E+54  1.911772972746659451E+54  1.883170888528345630E+54
  6.229569166745019954E-02  5.344463434758669470E+31 -8.077008432235082182E+38 -4.470315993192864559E+38 -5.374763417327650185E+38  8.198425570692103555E+52  4.699687090995207383E+49  8.193725883601124125E+52
  9.526975528725773260E-03  2.677397283471843453E+33 -1.096283044624509571E+36  3.591092116115829220E+38  3.045929691828701353E+38  3.791936640893677685E+54  1.924222388256426726E+54  1.867714252637253681E+54
  6.238578310366311996E-02  5.343187403849734473E+31 -8.073318258965185435E+38 -4.444407884156996467E+38 -5.376296791129346593E+38  8.197180054193904667E+52  4.688335480819800998E+49  8.192491718713090923E+52
  9.574936741296309964E-03  2.677397283471902828E+33  1.675491933064560986E+37  3.538207140723546760E+38  3.022130429360351395E+38  3.788633702112836727E+54  1.937597700843660895E+54  1.851036001269172429E+54
  6.247588614377831695E-02  5.341910509279800080E+31 -8.069953581494953287E+38 -4.417514554652681097E+38 -5.379254044426598146E+38  8.195936161841850051E+52  4.677044666375549441E+49  8.191259117175514245E+52
  9.618161746713893914E-03  2.677397283471927040E+33  1.208886000159119525E+37  3.726252961667915626E+38  2.967495148075754293E+38  3.785628498426250859E+54  1.949428676775306620E+54  1.836199821650943558E+54
  6.256600076998952709E-02  5.340632692366949636E+31 -8.066684074540313890E+38 -4.389752189150131524E+38 -5.383686746038847241E+38  8.194693869860825447E+52  4.665808633793143108E+49  8.190028061227024175E+52
  9.666433195901741326E-03  2.677397283472059049E+33  1.266076973311633174E+37  3.656771517550733104E+38  3.050891260630432547E+38  3.782250565385300072E+54  1.962405283249476997E+54  1.819845282135818312E+54
  6.265612696239890311E-02  5.339353899148905588E+31 -8.063385471540947675E+38 -4.361228780043009263E+38 -5.389422254776856812E+38  8.193453148997235358E+52  4.654615283689864100E+49  8.188798533713550610E+52
  9.714868717632000467E-03  2.677397283472097095E+33  6.236126916735869084E+36  3.491323057054535664E+38  3.158295811855047457E+38  3.778840226551247045E+54  1.975176613417806512E+54  1.803663613133459929E+54
  6.274626469863195388E-02  5.338074081888844051E+31 -8.060040967883945380E+38 -4.332056654675530259E+38 -5.396219433590685167E+38  8.192213969472179760E+52  4.643451958119577853E+49  8.187570517514032962E+52
  9.759307301102809404E-03  2.677397283472105166E+33 -2.899834854906283844E+36  3.730410341544924704E+38  3.352752108509907020E+38  3.775679636908380717E+54  1.986655109439763382E+54  1.789024527468625162E+54
  9.789924348974146651E-03  2.677397283472118424E+33  2.251220048798499899E+37  3.530934550856053521E+38  3.433621178248786691E+38  3.773478197262721354E+54  1.994419845991353574E+54  1.779058351271386155E+54
  6.283641395690083009E-02  5.336793199686063101E+31 -8.056686671252510332E+38 -4.302312927566878085E+38 -5.403794883287601620E+38  8.190976303697836793E+52  4.632308913478120732E+49  8.186343994784380799E+52
  9.817196388936574175E-03  2.677397283472130530E+33  2.597410993543402632E+37  3.421166873099970625E+38  3.370928271642159059E+38  3.771509091491207923E+54  2.001249590042757298E+54  1.770259501448474445E+54
  9.852751443130818368E-03  2.677397283472136295E+33  4.588593751757784993E+36  3.251832529825743325E+38  3.372415986386586909E+38  3.768938251597214021E+54  2.010043110400820097E+54  1.758895141196408896E+54
  6.292657471575971440E-02  5.335511218556846705E+31 -8.053422380590606186E+38 -4.271896245134234544E+38 -5.411857052009329829E+38  8.189740126458504671E+52  4.621180244826606905E+49  8.185118946213697403E+52
  9.897128032411293963E-03  2.677397283472150706E+33 -2.099532872750286629E+37  3.234734168047234749E+38  3.479061466649151499E+38  3.765714283103093253E+54  2.020833564045448117E+54  1.744880719057673039E+54
  9.946347850942399357E-03  2.677397283472169153E+33  3.463294350159046496E+37  3.225444546679776269E+38  3.515283353028626136E+38  3.762125991051873958E+54  2.032570158836739751E+54  1.729555832215153263E+54
  6.301674695399479831E-02  5.334228109209987352E+31 -8.050458728413370414E+38 -4.240792549925969924E+38 -5.420116455360012233E+38  8.188505418739039907E+52  4.610067450225105695E+49  8.183895351288832299E+52
  9.995735032787271546E-03  2.677397283472192788E+33  5.073589095284748791E+37  3.144988441408119409E+38  3.585272500099609546E+38  3.758505374576277616E+54  2.044091063967131320E+54  1.714414310609166372E+54
  6.310693065057915163E-02  5.332943843835935685E+31 -8.048052998153901319E+38 -4.209031711487761489E+38 -5.428440807031955679E+38  8.187272163887820580E+52  4.598975468315227468E+49  8.182673188419512655E+52
  1.004528980372200453E-02  2.677397283472195670E+33  2.731654891907112599E+37  2.880434946413274685E+38  3.714065986204351128E+38  3.754837607423671531E+54  2.055380019904387533E+54  1.699457587519285359E+54
  6.319712578465916386E-02  5.331658396674286483E+31 -8.046398766078186077E+38 -4.176594601528744001E+38 -5.436988070091849698E+38  8.186040345235657691E+52  4.587909935866082459E+49  8.181452435299796520E+52
  6.328733233555632054E-02  5.330371746574119183E+31 -8.045656016700612127E+38 -4.143479205041511937E+38 -5.446072989632657054E+38  8.184809949448140073E+52  4.576879444314582599E+49  8.180233070003827780E+52
  1.009501218915378334E-02  2.677397283472222187E+33  7.678845933062785190E+37  2.991183442861681550E+38  4.045527863899391215E+38  3.751140787237590542E+54  2.066458109757821389E+54  1.684682677479767112E+54
  1.011476073826425397E-02  2.677397283472275798E+33  6.685679374021201407E+37  3.002014036850035790E+38  4.036866236515491796E+38  3.749643773476373719E+54  2.070754721508958559E+54  1.678889051967373646E+54
  6.337755028279264125E-02  5.329083877016402391E+31 -8.045937651378613077E+38 -4.109804715742629439E+38 -5.456035239231981077E+38  8.183580970089832714E+52  4.565897207847715410E+49  8.179015072881988398E+52
  1.013639352634053588E-02  2.677397283472279834E+33  5.408155245670990750E+37  2.957735519610522983E+38  4.083967599347375533E+38  3.748001327782137386E+54  2.075417017822163511E+54  1.672584309959948694E+54
  6.346777960636240667E-02  5.327794771788490897E+31 -8.047133497981312057E+38 -4.075706004218334828E+38 -5.467106747379741134E+38  8.182353402621308228E+52  4.554977229630275434E+49  8.177798425391670119E+52
  1.016434599135161709E-02  2.677397283472312115E+33  5.667367878165148193E+37  2.809023466376279481E+38  4.186298214398551730E+38  3.745880418271737781E+54  2.081379279049946109E+54  1.664501139221786907E+54
  6.355802028650434088E-02  5.326504412223165108E+31 -8.049005920744829994E+38 -4.041362181562265472E+38 -5.479346889099619673E+38  8.181127237396366492E+52  4.544126749571711941E+49  8.176583110646812424E+52
  1.019902991052453432E-02  2.677397283472444125E+33  7.815980924145676474E+37  2.769151369521439722E+38  4.262036513022643061E+38  3.743249778804887380E+54  2.088681062384082454E+54  1.654568716420784169E+54
  6.364827230352462784E-02  5.325212781184393273E+31 -8.051298393728822273E+38 -4.006852208601759200E+38 -5.492631657873012001E+38  8.179902461740567608E+52  4.533346484280968066E+49  8.175369115256283328E+52
  1.024021642305026833E-02  2.677397283472664909E+33  1.030594458825798425E+38  2.860517278486279101E+38  4.310598181764685643E+38  3.740115903887124097E+54  2.097202417982222245E+54  1.642913485904872587E+54
  1.028708492544089421E-02  2.677397283472681050E+33  1.048945822994294178E+38  2.870361436369413708E+38  4.337121338690771769E+38  3.736531519104754530E+54  2.106698492055602094E+54  1.629833027049117047E+54
  6.373853563776149533E-02  5.323919864164478610E+31 -8.053647208219751178E+38 -3.972154087919620946E+38 -5.506763498255399616E+38  8.178679061782172220E+52  4.522633157683845270E+49  8.174156428624457685E+52
  1.033762068099369422E-02  2.677397283472704109E+33  1.016654262257300171E+38  2.454491755913880307E+38  4.413201667248382441E+38  3.732657381967437328E+54  2.116713408872092500E+54  1.615943973095306036E+54
  6.382881026960873783E-02  5.322625647898645781E+31 -8.055787140141066034E+38 -3.937360921312189126E+38 -5.521506576816338698E+38  8.177457016454089506E+52  4.511975430300046441E+49  8.172945041023756847E+52
  1.038832585179068346E-02  2.677397283473056326E+33  1.083503504687066549E+38  2.601869256962872692E+38  4.688254004072409024E+38  3.728743521060777180E+54  2.126508117670881990E+54  1.602235403389862183E+54
  1.038886536719853954E-02  2.677397283473054597E+33  1.090709913190672357E+38  2.600387592365660640E+38  4.691181566319456682E+38  3.728700462417793321E+54  2.126609363094271348E+54  1.602091099323492369E+54
  6.391909617957172718E-02  5.321330121544318352E+31 -8.057592823304927964E+38 -3.902544612455060573E+38 -5.536652901321311094E+38  8.176236302791870523E+52  4.501360307166658759E+49  8.171734942484692239E+52
  6.400939334830058058E-02  5.320033274447013633E+31 -8.059117188196826547E+38 -3.867890068865655121E+38 -5.552039361412207013E+38  8.175016901793006895E+52  4.490780314794301705E+49  8.170526121478221853E+52
  1.038994439801425168E-02  2.677397283473055173E+33  1.105239174465143471E+38  2.597339913267018336E+38  4.696835905295275175E+38  3.728614389480333755E+54  2.126811873374990501E+54  1.601802516105317053E+54
  6.409970175660488489E-02  5.318735097056581099E+31 -8.060668451951406796E+38 -3.833668348782279373E+38 -5.567500325215846863E+38  8.173798795245275835E+52  4.480230435737753992E+49  8.169318564809514096E+52
  1.039210245964567424E-02  2.677397283473052291E+33  1.134635245852250836E+38  2.590941661855412971E+38  4.707569136091821246E+38  3.728442421385705148E+54  2.127216803132046527E+54  1.601225618253624593E+54
  1.039641858290851935E-02  2.677397283473054597E+33  1.194168099848346049E+38  2.576787023915891133E+38  4.727067497275287749E+38  3.728099176600104814E+54  2.128026139988479475E+54  1.600073036611581102E+54
  6.419002138545930325E-02  5.317435581078862014E+31 -8.062712502700996396E+38 -3.799930171639538443E+38 -5.582969304894634627E+38  8.172581966585540535E+52  4.469708550471695972E+49  8.168112258035056337E+52
  1.040505082943420957E-02  2.677397283473054020E+33  1.311755979854714777E+38  2.547222099698579111E+38  4.756934831749373002E+38  3.727415207420850843E+54  2.129642599407924584E+54  1.597772608012891550E+54
  1.042231532248559002E-02  2.677397283473059785E+33  1.494242870307751289E+38  2.481779923104081433E+38  4.778031320453067447E+38  3.726055466611042015E+54  2.132865350832516946E+54  1.593190115778487298E+54
  6.428035221602362848E-02  5.316134717488881416E+31 -8.065628744577313774E+38 -3.766694581480155211E+38 -5.598452272435763952E+38  8.171366407678424809E+52  4.459223232952388681E+49  8.166907184445466917E+52
  1.045058147437953264E-02  2.677397283473081690E+33  1.538702276670400318E+38  2.401950710816871495E+38  4.752815941668856778E+38  3.723839887471244910E+54  2.138100102710156110E+54  1.585739784761052390E+54
  1.048019828736828155E-02  2.677397283473091490E+33  1.425847215389553920E+38  2.357820136770879988E+38  4.844664399178212982E+38  3.721507386328920565E+54  2.143500684034448455E+54  1.578006702294435359E+54
  1.051208576115059828E-02  2.677397283473076502E+33  1.285512499716417448E+38  2.243720986206432266E+38  4.958351641869640823E+38  3.718982453211722529E+54  2.149219155813569275E+54  1.569763297398125010E+54
  1.055036780018499265E-02  2.677397283473089761E+33  1.541011147520969928E+38  2.231193233518012380E+38  5.207458270077504501E+38  3.715947263345981191E+54  2.155972194910470983E+54  1.559975068435472777E+54
  6.437069422962926613E-02  5.314832496236794585E+31 -8.069746629614466574E+38 -3.734059582604169779E+38 -5.614048776729211659E+38  8.170152111541969326E+52  4.448784349741317069E+49  8.165703327192209950E+52
  1.057932913239751672E-02  2.677397283473060361E+33  1.828236427473489501E+38  2.324259442950943106E+38  5.305340854967233785E+38  3.713638387062365672E+54  2.160985600456214303E+54  1.552652786606120403E+54
  6.446104740771012309E-02  5.313528907542950263E+31 -8.075213738474195914E+38 -3.701891916420190855E+38 -5.629938004276463235E+38  8.168939069184419900E+52  4.438400259573298004E+49  8.164500668924832000E+52
  1.062182186538226762E-02  2.677397283472979080E+33  1.647434540102546682E+38  2.240682645941755325E+38  5.300512663088034039E+38  3.710258696545287030E+54  2.168233271053827581E+54  1.542025425491426782E+54
  6.455141173170213242E-02  5.312223942857884253E+31 -8.081970196151510880E+38 -3.670013250348795778E+38 -5.646288240268434075E+38  8.167727276178262696E+52  4.428081468236230453E+49  8.163299194710048839E+52
  1.062346346680425289E-02  2.677397283472973316E+33  1.636683911049100486E+38  2.233772489599335524E+38  5.312016027734929705E+38  3.710123727125861223E+54  2.168505317071107970E+54  1.541618410054727051E+54
  6.464178718273015656E-02  5.310917595626549652E+31 -8.089903861649466800E+38 -3.638313896855402512E+38 -5.663247335591622273E+38  8.166516731835788116E+52  4.417839664296238851E+49  8.162098892171467513E+52
  1.062674666964822517E-02  2.677397283472963516E+33  1.616642075718322315E+38  2.220253303043687003E+38  5.335339959913820305E+38  3.709854217574413029E+54  2.169049283015731952E+54  1.540804934558651813E+54
  1.063331307533616800E-02  2.677397283472930081E+33  1.583627106831138329E+38  2.194031392203181765E+38  5.383740201064290267E+38  3.709316811212720438E+54  2.170136154403443070E+54  1.539180656809270902E+54
  6.473217374218566411E-02  5.309609860518847129E+31 -8.098830101493073703E+38 -3.606772451551802108E+38 -5.680852649740847973E+38  8.165307431157442144E+52  4.407678952358127249E+49  8.160899752205082126E+52
  1.064254127538633889E-02  2.677397283472768096E+33  1.569897269674936921E+38  2.155306354161279518E+38  5.453247536078424423E+38  3.708563416042047187E+54  2.171659487519475642E+54  1.536903928522566441E+54
  6.482257139183103534E-02  5.308300734403477906E+31 -8.108503381829636292E+38 -3.575512940574968882E+38 -5.698988704850926230E+38  8.164099366681767188E+52  4.397597219441895073E+49  8.159701769462333372E+52
  1.065214918093917995E-02  2.677397283471950098E+33  1.625693577350899589E+38  2.117078590827219424E+38  5.524508814510746458E+38  3.707779633686494474E+54  2.173238681426118790E+54  1.534540952260354586E+54
  6.491298011376661625E-02  5.306990218452654207E+31 -8.118585224866788452E+38 -3.544807981130399227E+38 -5.717483888665288469E+38  8.162892525377393730E+52  4.387582598766022774E+49  8.158504942778635688E+52
  1.066310595932104879E-02  2.677397283470175752E+33  1.753133232285464646E+38  2.087860046639965992E+38  5.600052014391237032E+38  3.706887175853551131E+54  2.175031796558045663E+54  1.531855379295493898E+54
  6.500339989031397869E-02  5.305678315694510853E+31 -8.128778523101869455E+38 -3.514812550472231556E+38 -5.736124612968539140E+38  8.161686891635692953E+52  4.377619141548508951E+49  8.157309272494144899E+52
  6.509383070394247905E-02  5.304365029044526921E+31 -8.138826713377112599E+38 -3.485626138236327862E+38 -5.754626242414235199E+38  8.160482452422686864E+52  4.367694171615049266E+49  8.156114758251085997E+52
  6.518427253723342585E-02  5.303050361520341144E+31 -8.148578660166602756E+38 -3.457391770341205323E+38 -5.772780827619769504E+38  8.159279195374743097E+52  4.357796600078014009E+49  8.154921398774650644E+52
  6.527472537289116805E-02  5.301734315463662297E+31 -8.158130330631798164E+38 -3.430285191287265515E+38 -5.790619026987104267E+38  8.158077109153471349E+52  4.347917501211236403E+49  8.153729191652248556E+52
  6.536518919376885228E-02  5.300416895249695084E+31 -8.167724812612486785E+38 -3.404434323552615619E+38 -5.808393291898181921E+38  8.156876182969157921E+52  4.338050198640260318E+49  8.152538132770517770E+52
  6.545566398278777898E-02  5.299098106448752733E+31 -8.177626037126274530E+38 -3.379690795786866747E+38 -5.826433425219069412E+38  8.155676412983698447E+52  4.328196826987379770E+49  8.151348216156720097E+52
  6.554614972302504061E-02  5.297777953184477881E+31 -8.188132940539636195E+38 -3.355942008136399834E+38 -5.845010995404492338E+38  8.154477799913557450E+52  4.318365458978750407E+49  8.150159434454580287E+52
  1.067600186403435888E-02  2.677397283466919901E+33  1.946368556268149480E+38  2.103285495875844963E+38  5.679791422261862874E+38  3.705838430137599345E+54  2.177131526690622666E+54  1.528706903446969703E+54
  6.563664639770719345E-02  5.296456438539837574E+31 -8.199405481676433261E+38 -3.333233234975156519E+38 -5.864219279002968758E+38  8.153280349326680660E+52  4.308569413371016910E+49  8.148971779913323107E+52
  1.068995531516740531E-02  2.677397283461954845E+33  2.166814946814652092E+38  2.176351648399342934E+38  5.756569473162238199E+38  3.704703823365825557E+54  2.179388578213514678E+54  1.525315245152306796E+54
  6.572715399019521398E-02  5.295133563507604415E+31 -8.211382883661945665E+38 -3.311541076567086099E+38 -5.883919208670209791E+38  8.152084075260985390E+52  4.298830194249160510E+49  8.147785245066738709E+52
  6.581767248395406500E-02  5.293809327667678125E+31 -8.223873178046042668E+38 -3.290804887736571882E+38 -5.903973304609107994E+38  8.150888986169699206E+52  4.289161306878217873E+49  8.146599824862795156E+52
  1.070468459128009510E-02  2.677397283455455250E+33  2.316805422720549069E+38  2.236268334333060653E+38  5.820330630365688606E+38  3.703505151596366225E+54  2.181753314687318662E+54  1.521751836909042119E+54
  1.072042496841850434E-02  2.677397283447683983E+33  2.346566078640203934E+38  2.227869196722138210E+38  5.848048095503026078E+38  3.702222041053330340E+54  2.184259210918038132E+54  1.517962830135290167E+54
  6.590820186252274726E-02  5.292483733301488602E+31 -8.236835435102288218E+38 -3.271083672390051379E+38 -5.924215711783177964E+38  8.149695085504885700E+52  4.279565986787106424E+49  8.145415519518101317E+52
  6.599874210951471587E-02  5.291156784965480710E+31 -8.250263907156893970E+38 -3.252483471102036212E+38 -5.944466073353234915E+38  8.148502366402307289E+52  4.270034064336861838E+49  8.144232332337960188E+52
  1.073727551254665367E-02  2.677397283438924085E+33  2.247715692146216571E+38  2.207243545538774347E+38  5.846141185120187674E+38  3.700845207798524950E+54  2.186917006204562587E+54  1.513928201593955387E+54
  1.075531951545492977E-02  2.677397283429437847E+33  2.089443661987183798E+38  2.161680987793812785E+38  5.905336044273080397E+38  3.699367792326948808E+54  2.189735517705850171E+54  1.509632274621096425E+54
  6.608929320862966250E-02  5.289828488420682512E+31 -8.264121892510636945E+38 -3.235096080519712830E+38 -5.964621265923275012E+38  8.147310817882274884E+52  4.260549109038147668E+49  8.143050268773236968E+52
  6.617985514365687383E-02  5.288498848915314294E+31 -8.278245866170725646E+38 -3.218882308976892462E+38 -5.984596063789086674E+38  8.146120428625434851E+52  4.251093968811875434E+49  8.141869334656610689E+52
  1.077451891443046393E-02  2.677397283419579792E+33  2.026134094601883358E+38  2.046374787037462756E+38  6.048319048862513934E+38  3.697793813153359300E+54  2.192705229906728076E+54  1.505088583246634626E+54
  6.627042789849778293E-02  5.287167867707947504E+31 -8.292478479147852546E+38 -3.203895308397330071E+38 -6.004224784943620666E+38  8.144931195291891301E+52  4.241661725376343442E+49  8.140689533566538572E+52
  6.636101145712416938E-02  5.285835541657473624E+31 -8.306649948892984562E+38 -3.190281490431917963E+38 -6.023462788663424789E+38  8.143743115291771090E+52  4.232248490183334335E+49  8.139510866801643405E+52
  1.079485051035060199E-02  2.677397283409682537E+33  2.107078828931942006E+38  1.880657919093036146E+38  6.192341380805312981E+38  3.696126322877305788E+54  2.195819241781004960E+54  1.500307081096366843E+54
  6.645160580349222801E-02  5.284501866697323235E+31 -8.320702760297627840E+38 -3.178130873537357126E+38 -6.042414854356713770E+38  8.142556179220487339E+52  4.222845769314511845E+49  8.138333333451207285E+52
  1.081616934613252590E-02  2.677397283400106371E+33  2.249426109295517566E+38  1.774589851475342244E+38  6.325396057455322618E+38  3.694376360896554261E+54  2.199050028957623345E+54  1.495326331938986382E+54
  6.654221092161177742E-02  5.283166841061899735E+31 -8.334618616414458763E+38 -3.167506597574582891E+38 -6.061287880613823014E+38  8.141370376109561132E+52  4.213444770315861562E+49  8.137156931339258462E+52
  1.083972406579734350E-02  2.677397283390634544E+33  2.469536992317462222E+38  1.821717319095457603E+38  6.452346566293449079E+38  3.692439721847131416E+54  2.202577671685626303E+54  1.489862050161570107E+54
  1.086635393368216851E-02  2.677397283381248034E+33  2.638431150853224489E+38  1.952021397943111057E+38  6.514244596812579134E+38  3.690245648862954298E+54  2.206512521944021523E+54  1.483733126919007126E+54
  6.663282679556271904E-02  5.281830463676269553E+31 -8.348475575205801564E+38 -3.158409961907704726E+38 -6.080318780128481109E+38  8.140185700500766538E+52  4.204044223227510787E+49  8.135981656277517556E+52
  1.089580012779133023E-02  2.677397283372139954E+33  2.558839161487613697E+38  1.939797327544372370E+38  6.520288209599018227E+38  3.687813545561147265E+54  2.210798172718695824E+54  1.477015372842515074E+54
  1.092759286694786058E-02  2.677397283363389280E+33  2.548082503208138367E+38  1.722111662808586949E+38  6.660414815135012232E+38  3.685185904441635527E+54  2.215355473806563909E+54  1.469830430635181529E+54
  6.672345340955118664E-02  5.280492734008585495E+31 -8.362372218076421423E+38 -3.150703771707681924E+38 -6.099661416510217274E+38  8.139002150954532622E+52  4.194648547207676465E+49  8.134807502407373894E+52
  1.096210193351177843E-02  2.677397283354844402E+33  2.628599435332113135E+38  1.595754523910025572E+38  6.856112847452352828E+38  3.682332287296666428E+54  2.220221464547591594E+54  1.462110822749208395E+54
  6.681409074792590830E-02  5.279153651486367091E+31 -8.376402569534931947E+38 -3.144333641704070159E+38 -6.119311690057257150E+38  8.137819732562418307E+52  4.185269176345819212E+49  8.133634463386099207E+52
  1.100021365852012038E-02  2.677397283346212479E+33  2.778828721409189428E+38  1.658653752696996931E+38  7.077019127387928390E+38  3.679167546801282445E+54  2.225486140654078131E+54  1.453681406147321031E+54
  1.104251136187502265E-02  2.677397283330671097E+33  2.893895728690985777E+38  1.668431940470711810E+38  7.347052939398338311E+38  3.675646692223326842E+54  2.231205580051429702E+54  1.444441112172031382E+54
  1.109052226872071951E-02  2.677397283289482976E+33  3.190761376701199393E+38  1.653857640622663620E+38  7.344740879168569088E+38  3.671654605215004125E+54  2.237561357688915176E+54  1.434093247526219618E+54
  6.690473879515307365E-02  5.277813212916921592E+31 -8.390516702506600889E+38 -3.139299049061295874E+38 -6.139213471615585990E+38  8.136638451227227374E+52  4.175918015227529390E+49  8.132462533212017480E+52
  1.114132310867183701E-02  2.677397283203582830E+33  2.846029036936841526E+38  1.362467606929014564E+38  7.480201179024202920E+38  3.667410038753584259E+54  2.244099721928847410E+54  1.423310316824865646E+54
  6.699539753578598322E-02  5.276471414077012859E+31 -8.404613308278133632E+38 -3.135617325893274008E+38 -6.159254319278927810E+38  8.135458311161247189E+52  4.166603255110995270E+49  8.131291707906144257E+52
  1.119466618990201320E-02  2.677397282885638208E+33  3.514858203344285033E+38  1.389396735855149799E+38  7.767647173720309760E+38  3.662934788597037902E+54  2.250769528880500304E+54  1.412165259716666225E+54
  6.708606695444378765E-02  5.275128252283415149E+31 -8.418610037774411310E+38 -3.133326044543496848E+38 -6.179363024841588326E+38  8.134279312219597215E+52  4.157325665445354044E+49  8.130121986554159960E+52
  1.122096707090063962E-02  2.677397282160066082E+33  3.593166209124930077E+38  1.347674509324668141E+38  7.834210806621304868E+38  3.660685188091844677E+54  2.253939559186950798E+54  1.406745628905026419E+54
  6.717674703580425732E-02  5.273783722905238194E+31 -8.432504288325216162E+38 -3.132385870402543871E+38 -6.199375103954182138E+38  8.133101447217403494E+52  4.148076975464163028E+49  8.128953370241915192E+52
  1.126908507630296902E-02  2.677397278458276091E+33  3.235668172340995287E+38  1.113835260933434783E+38  7.836762177088132277E+38  3.656609436476026736E+54  2.259674801415526360E+54  1.396934635060618114E+54
  6.726743776460741842E-02  5.272437821108973878E+31 -8.446373867044959825E+38 -3.132767205468934560E+38 -6.219168841860074346E+38  8.131924708051866559E+52  4.138847697643792791E+49  8.127785860354210311E+52
  1.127939453645394191E-02  2.677397275580879740E+33  3.374881902211505060E+38  1.070744701842224207E+38  7.935701677327197017E+38  3.655706722824024828E+54  2.260853091248929564E+54  1.394853631575220828E+54
  6.735813912565613570E-02  5.271090543661666371E+31 -8.460127909246832218E+38 -3.134524010692953082E+38 -6.238701608921281577E+38  8.130749086491320946E+52  4.129628107884808886E+49  8.126619458383402555E+52
  1.130001345675588770E-02  2.677397267887375165E+33  3.683981927015978030E+38  1.016513780611192260E+38  8.076373354980643601E+38  3.653920017934358267E+54  2.263208246583799344E+54  1.390711771350675980E+54
  1.134125129735977927E-02  2.677397245112242674E+33  4.081952179273959430E+38  1.045864794211893139E+38  8.214527384582387940E+38  3.650396420860028995E+54  2.267894206722690011E+54  1.382502214137452978E+54
  6.744885110379372772E-02  5.269741886856816251E+31 -8.473603945695136182E+38 -3.137803419914256731E+38 -6.257960954813934159E+38  8.129574568876015769E+52  4.120403911826005067E+49  8.125454164964216369E+52
  1.139524066027568228E-02  2.677397178969692816E+33  4.030017474125721900E+38  1.240292028627387828E+38  8.234930277752612093E+38  3.645791658328645699E+54  2.273890015308899993E+54  1.371901643019852555E+54
  1.144940112353163078E-02  2.677396984053287012E+33  4.155399020617699562E+38  7.076727033009296527E+37  8.652614430060825410E+38  3.641151784387502308E+54  2.279716093110742672E+54  1.361435691276862741E+54
  6.753957368388061044E-02  5.268391843527959821E+31 -8.486798251818407823E+38 -3.142606532149422062E+38 -6.276918324608417507E+38  8.128401148605754486E+52  4.111171128398765444E+49  8.124289977477365451E+52
  1.150372690768005149E-02  2.677396442281202865E+33  4.336226577257188782E+38  8.906856804268354504E+37  8.895820381530176796E+38  3.636476802750117984E+54  2.285368327630465066E+54  1.351108475119772527E+54
  1.155821812667859674E-02  2.677395047215190031E+33  3.662596552166678134E+38  3.769741744925748439E+37  8.848002092959221795E+38  3.631757703835752684E+54  2.290844279091333928E+54  1.340913424744524924E+54
  6.763030685084898963E-02  5.267040402471177038E+31 -8.499735589578108958E+38 -3.148748212617554795E+38 -6.295640977172608476E+38  8.127228825273321188E+52  4.101934968201428366E+49  8.123126890305129270E+52
  1.161287534611315717E-02  2.677391839077580164E+33  2.528951110049832802E+38 -1.292074766385659552E+37  9.068986062446395594E+38  3.627007001709095625E+54  2.296158188650414020E+54  1.330848813058775864E+54
  6.772105058975712299E-02  5.265687549398780068E+31 -8.512444884505111440E+38 -3.156149318839102676E+38 -6.314325112893795031E+38  8.126057594992978359E+52  4.092698618931333963E+49  8.121964896374060390E+52
  1.166225337070112694E-02  2.677385893769440380E+33  7.788320813178879306E+37 -9.796451321610873664E+37  9.407175991802635884E+38  3.622655880823148936E+54  2.300759673454316528E+54  1.321896207368924965E+54
  6.781180488570690001E-02  5.264333271223425488E+31 -8.524820362073825319E+38 -3.164717002442187214E+38 -6.333262721114352524E+38  8.124887448456182752E+52  4.083459674689514568E+49  8.120803988781494845E+52
  1.171722665936093810E-02  2.677374487444853772E+33 -2.871867310988592052E+38 -2.838215662210598562E+38  9.240074870497258317E+38  3.617813500842513409E+54  2.305742254196861217E+54  1.312071246645750534E+54
  6.790256972382235912E-02  5.262977557814494719E+31 -8.536630753228234444E+38 -3.174627923048168471E+38 -6.352623013707191030E+38  8.123718380664284228E+52  4.074220480407969999E+49  8.119644160183841409E+52
  1.177236705774455799E-02  2.677354540367988097E+33 -9.357351868503230167E+38 -6.278249239000241970E+38  9.203103746212500606E+38  3.612899485309691778E+54  2.310529011123081670E+54  1.302370474186697731E+54
  6.799334508928406295E-02  5.261620400281682137E+31 -8.547936268845357899E+38 -3.186131980681319256E+38 -6.372362886769409640E+38  8.122550393367090219E+52  4.064989673606822147E+49  8.118485403693491482E+52
  6.808413096736061487E-02  5.260261790965317737E+31 -8.558926492067317437E+38 -3.199295625605283141E+38 -6.392305159987119403E+38  8.121383487018236465E+52  4.055773814738656437E+49  8.117327713203492066E+52
  1.182767560014870607E-02  2.677321540352585778E+33 -1.797983610423481860E+39 -1.123328975817784264E+39  8.630352119854540829E+38  3.607927940101933391E+54  2.315145442103615746E+54  1.292782497998412244E+54
  6.817492734341437655E-02  5.258901724378817415E+31 -8.569725443275578930E+38 -3.214007225412483504E+38 -6.412085698474554134E+38  8.120217657939823537E+52  4.046573226903730910E+49  8.116171084712909428E+52
  1.188315284125480466E-02  2.677269500168961603E+33 -3.165643287164162466E+39 -1.933124250198166867E+39  7.567219699072248183E+38  3.602862361568499319E+54  2.319553768354983171E+54  1.283308593213604110E+54
  6.826573420290454886E-02  5.257540199677513045E+31 -8.580446535842816155E+38 -3.230133828042667663E+38 -6.431425913108277109E+38  8.119052901356116023E+52  4.037384844014653233E+49  8.115015516512085204E+52
  1.193879909885596849E-02  2.677190820496955582E+33 -4.957629350062829770E+39 -3.146214120715944102E+39  6.036180110820374678E+38  3.597694615580676385E+54  2.323756725702499100E+54  1.273937889878258613E+54
  6.835655153137148998E-02  5.256177218645107502E+31 -8.591235012206656117E+38 -3.247598027409645590E+38 -6.450211820168204516E+38  8.117889210354227659E+52  4.028202348852024301E+49  8.113861008005364681E+52
  1.199461439564267033E-02  2.677076165839836236E+33 -7.278885139820331132E+39 -4.772050651704660510E+39  2.891190784681267992E+38  3.592396989684532326E+54  2.327727115038888848E+54  1.264669874645735014E+54
  6.844737931440345036E-02  5.254812780314393319E+31 -8.602159050603658227E+38 -3.266382691738524421E+38 -6.468451863211727581E+38  8.116726580753928870E+52  4.019023581196746778E+49  8.112707557172716883E+52
  1.205059852679269197E-02  2.676914640171668737E+33 -1.026832713873821177E+40 -7.049200558631619627E+39 -1.764226930027917147E+38  3.586941484508629093E+54  2.331446296377576664E+54  1.255495188131122868E+54
  6.853821753762778801E-02  5.253446880863184407E+31 -8.613074124442784502E+38 -3.286282886577030430E+38 -6.486278815656457030E+38  8.115565012136039633E+52  4.009851598200337081E+49  8.111555160537836291E+52
  1.210675132603950682E-02  2.676693904673450277E+33 -1.383208687537686287E+40 -9.933473588227111636E+39 -8.341712881687031031E+38  3.581302079566593951E+54  2.334890331929888772E+54  1.246411747636777999E+54
  6.862906618671385517E-02  5.252079515871268888E+31 -8.623733907891293139E+38 -3.307154136759756692E+38 -6.503827806590410306E+38  8.114404497718848284E+52  4.000683435785545861E+49  8.110403814283054622E+52
  1.216307279589758962E-02  2.676400282098161620E+33 -1.805991663529987849E+40 -1.359920909742533111E+40 -1.780814683236516908E+39  3.575428673300827406E+54  2.338015295570261166E+54  1.237413377730644845E+54
  1.221956319450525838E-02  2.676019089642856518E+33 -2.296594663257933798E+40 -1.807407868266953807E+40 -3.021992734410117418E+39  3.569315317778395279E+54  2.340821611674216580E+54  1.228493706104245734E+54
  6.871992524736475483E-02  5.250710681394588765E+31 -8.633963573142015568E+38 -3.329000642228496181E+38 -6.521221097989539507E+38  8.113245032882009352E+52  3.991517978955700338E+49  8.109253514903057285E+52
  1.227622309474662304E-02  2.675535022188152154E+33 -2.839699829840989800E+40 -2.341880598818040984E+40 -4.633546330538860171E+39  3.562886715780340383E+54  2.343236536080236428E+54  1.219650179700171841E+54
  6.881079470532791564E-02  5.249340374198816410E+31 -8.643758417442238576E+38 -3.351840149728907857E+38 -6.538521991445009093E+38  8.112086618244105138E+52  3.982358918861120759E+49  8.108104259325250823E+52
  1.233305264608992174E-02  2.674932419685191056E+33 -3.440647460577892189E+40 -2.958689818989526617E+40 -6.691146208553808524E+39  3.556148973442543150E+54  2.345276271763089817E+54  1.210872701679519518E+54
  1.239005175490709432E-02  2.674195824247309818E+33 -4.095182549150884011E+40 -3.664490677012316678E+40 -9.187266219255752484E+39  3.549022572269762652E+54  2.346860620644179046E+54  1.202161951625632777E+54
  6.890167454640791500E-02  5.247968589021559611E+31 -8.653147398287491552E+38 -3.375609935498856066E+38 -6.555822511324067058E+38  8.110929254001427524E+52  3.973210631581968587E+49  8.106956043369892691E+52
  1.244722107825084120E-02  2.673310152405017565E+33 -4.788328868933362306E+40 -4.447748599398257576E+40 -1.220822883916502578E+40  3.541511006629815396E+54  2.348003232871372519E+54  1.193507773758498513E+54
  1.250456150513068639E-02  2.672260962564080441E+33 -5.524768918693915774E+40 -5.303935110777919802E+40 -1.580267387800000807E+40  3.533558335995182216E+54  2.348647869508340041E+54  1.184910466486893897E+54
  1.256207371677445575E-02  2.671034834559431568E+33 -6.295350564201830343E+40 -6.228467379310497146E+40 -1.992925311655134814E+40  3.525155226575373751E+54  2.348794583142738164E+54  1.176360643432690713E+54
  6.899256475646330100E-02  5.246595317683605904E+31 -8.662218102908187678E+38 -3.400324294759101004E+38 -6.573216421365518424E+38  8.109772936782389700E+52  3.964074587366286463E+49  8.105808862195043414E+52
  1.261975806642022871E-02  2.669619367663678998E+33 -7.088482519896122751E+40 -7.204496395643697352E+40 -2.462649529525412349E+40  3.516258623466326707E+54  2.348397867656866721E+54  1.167860755809511028E+54
  6.908346532140284546E-02  5.245220551655406911E+31 -8.671186628618048195E+38 -3.426110301416350395E+38 -6.590687400653398621E+38  8.108617665942748884E+52  3.954953166969085941E+49  8.104662712775739496E+52
  1.267761456661410657E-02  2.668003399818843376E+33 -7.918493211595724043E+40 -8.236026796166033508E+40 -2.991399689835720164E+40  3.506867625875289795E+54  2.347465848723591532E+54  1.159401777151764619E+54
  6.917437622719255219E-02  5.243844284931269313E+31 -8.680073195562348726E+38 -3.453136519373099063E+38 -6.608239708341375582E+38  8.107463438401267384E+52  3.945843809794687842E+49  8.103517594591468016E+52
  6.926529745985958442E-02  5.242466515202308370E+31 -8.688862432088475512E+38 -3.481581036641329469E+38 -6.625935068256301848E+38  8.106310243214842846E+52  3.936734145160897086E+49  8.102373509069704996E+52
  1.273564312706908924E-02  2.666176768322446676E+33 -8.764047348493787077E+40 -9.305228489392687947E+40 -3.570796409777541986E+40  3.496953482236826434E+54  2.345966396516001236E+54  1.150987085720871987E+54
  6.935622900544842484E-02  5.241087241698345496E+31 -8.697528706928960180E+38 -3.511470782607323100E+38 -6.643782406802052154E+38  8.105158078305858945E+52  3.927621593315355868E+49  8.101230456712578539E+52
  1.279384366261393860E-02  2.664130541478552013E+33 -9.629298873979196255E+40 -1.040875132886541356E+41 -4.205755490692439996E+40  3.486511580145968274E+54  2.343902526858785014E+54  1.142609053287247913E+54
  6.944717084999357803E-02  5.239706463898562812E+31 -8.706166941115882609E+38 -3.542670264209408599E+38 -6.661603551815910885E+38  8.104006947324662873E+52  3.918511196140422008E+49  8.100088436128549632E+52
  1.285221609964036851E-02  2.661856772791761188E+33 -1.051639579227914458E+41 -1.153957475106742154E+41 -4.890430234260874502E+40  3.475534104728196883E+54  2.341264057058329385E+54  1.134270047669939127E+54
  6.953812297956980804E-02  5.238324181630558021E+31 -8.714776738619065075E+38 -3.574901468433342044E+38 -6.679103079263415030E+38  8.102856853424151533E+52  3.909408253473887501E+49  8.098947445170688560E+52
  1.291076049577354751E-02  2.659348413484359289E+33 -1.141615623440767500E+41 -1.269692619150929765E+41 -5.620509647839930051E+40  3.464004886130692550E+54  2.338038793668281525E+54  1.125966092462463599E+54
  6.962908538030074257E-02  5.236940397317537038E+31 -8.723342701918502012E+38 -3.607878156635540839E+38 -6.696087998430762330E+38  8.101707797345996929E+52  3.900314976198471840E+49  8.097807482369804938E+52
  1.296947710022434974E-02  2.656599154551494784E+33 -1.233085045438442849E+41 -1.386707133310785406E+41 -6.395548726675163124E+40  3.451941910727234792E+54  2.334244764309367280E+54  1.117697146417917873E+54
  1.302836615764656203E-02  2.653603371073894300E+33 -1.326571528681071495E+41 -1.505815990302703280E+41 -7.214398174462185475E+40  3.439321986181988961E+54  2.329860775478046482E+54  1.109461210703985864E+54
  6.972005803835415461E-02  5.235555113599462227E+31 -8.731952853106575734E+38 -3.641387869814841276E+38 -6.712583455023744656E+38  8.100559781608981901E+52  3.891235064765173136E+49  8.096668546544211887E+52
  1.308742740558227480E-02  2.650355911088646300E+33 -1.420600796964087988E+41 -1.625642120199183051E+41 -8.064385288244227555E+40  3.426168595328164669E+54  2.324911014911152840E+54  1.101257580417061340E+54
  6.981104093993269200E-02  5.234168333449270489E+31 -8.740726490998844098E+38 -3.675297975098651740E+38 -6.728903309413996817E+38  8.099412808868642393E+52  3.882171420693302247E+49  8.095530637447932044E+52
  1.314666149224055433E-02  2.646851980708031986E+33 -1.516609465357957633E+41 -1.746813597018649922E+41 -8.957633603997592627E+40  3.412460592564075432E+54  2.319375391274560690E+54  1.093085201289559830E+54
  6.990203407128299518E-02  5.232780061007721742E+31 -8.749672804717458480E+38 -3.709739298965153334E+38 -6.745377406637100455E+38  8.098266874702843159E+52  3.873117723789593332E+49  8.094393756979059388E+52
  1.320606944669808214E-02  2.643087078643163453E+33 -1.614068102004864677E+41 -1.868965667079425240E+41 -9.878790018720008062E+40  3.398226005859500734E+54  2.313283419790179291E+54  1.084942586069366701E+54
  6.999303741870761819E-02  5.231390302746240954E+31 -8.758515382240594153E+38 -3.744924396002505882E+38 -6.762145111883602286E+38  8.097121977284973975E+52  3.864069067135745161E+49  8.093257908217827779E+52
  1.326565218941137478E-02  2.639056845760945012E+33 -1.712308948890086224E+41 -1.991791310675276952E+41 -1.083053536585359499E+41  3.383444514508295375E+54  2.306614856196283222E+54  1.076829658312044991E+54
  1.332541014225680810E-02  2.634757208411262473E+33 -1.812217293248445630E+41 -2.115364877717441714E+41 -1.181342108690299913E+41  3.368143940085420328E+54  2.299400975349707212E+54  1.068742964735758033E+54
  1.338534325537305177E-02  2.630184296683060866E+33 -1.913231803325378260E+41 -2.239860679225741447E+41 -1.282056272382713584E+41  3.352305425026007421E+54  2.291620657642104499E+54  1.060684767383937291E+54
  7.008405096857124594E-02  5.229999065907107217E+31 -8.767162092740462747E+38 -3.780847075561844688E+38 -6.779121911895594540E+38  8.095978117761318529E+52  3.855023402307130193E+49  8.092123094359010119E+52
  1.344545124952014302E-02  2.625334423771229999E+33 -2.014780240039954767E+41 -2.364658690508281960E+41 -1.385161008400566850E+41  3.335955963703612088E+54  2.283305441046008310E+54  1.052650522657647504E+54
  7.017507470728973074E-02  5.228606354213173425E+31 -8.775764917343709614E+38 -3.817479408857413160E+38 -6.796233658304723059E+38  8.094835297599852824E+52  3.845979681025048114E+49  8.090989317918846702E+52
  1.350573376286509988E-02  2.620204309399148381E+33 -2.117378863154055272E+41 -2.489927595562975128E+41 -1.490847957730733636E+41  3.319086725089055892E+54  2.274444379950430216E+54  1.044642345138665660E+54
  1.356619049848394737E-02  2.614790826423540369E+33 -2.220498885238566235E+41 -2.615539469913323027E+41 -1.598137009089086055E+41  3.301713142641983203E+54  2.265057291140089686E+54  1.036655851501920059E+54
  1.362682133612933347E-02  2.609091352465309237E+33 -2.323283753576590390E+41 -2.740929548025632913E+41 -1.707391502606493837E+41  3.283834438088651267E+54  2.255141023719342001E+54  1.028693414369327301E+54
  1.368762652665181899E-02  2.603103535526667730E+33 -2.426994989392234890E+41 -2.866385774983361312E+41 -1.818501106242053364E+41  3.265465847359438713E+54  2.244715105796805582E+54  1.020750741562670052E+54
  7.026610862128444823E-02  5.227212167909810998E+31 -8.784471053171232208E+38 -3.854841384498197151E+38 -6.813271506349628152E+38  8.093693520995432198E+52  3.836940681918797770E+49  8.089856580313537443E+52
  1.374860677636623348E-02  2.596825431866858489E+33 -2.529811278762152069E+41 -2.991209150905741004E+41 -1.930460158789373785E+41  3.246612767780132399E+54  2.233783132634171176E+54  1.012829635145987425E+54
  7.035715269699342744E-02  5.225816507102187994E+31 -8.793248784865142693E+38 -3.892999129159072630E+38 -6.830006872722026734E+38  8.092552791733173734E+52  3.827909205090284589E+49  8.088724882528074315E+52
  1.380976243170191006E-02  2.590255602931350745E+33 -2.632541442178933719E+41 -3.115133781743959550E+41 -2.043871673058214668E+41  3.227280178781744229E+54  2.222353436375228627E+54  1.004926742406540272E+54
  1.387109352105340629E-02  2.583393007903192976E+33 -2.735065837736720961E+41 -3.238385532182146236E+41 -2.158097671007888979E+41  3.207487007937224965E+54  2.210443664748236168E+54  9.970433431890056417E+53
  7.044820692089728831E-02  5.224419373522025840E+31 -8.802085209584177588E+38 -3.931839283416272894E+38 -6.846424478020082982E+38  8.091413111302345542E+52  3.818885235364533965E+49  8.087594226066980712E+52
  7.053927127952563936E-02  5.223020771207463631E+31 -8.810852523782979714E+38 -3.971143561756731200E+38 -6.862621018398900354E+38  8.090274478754667864E+52  3.809865987815245939E+49  8.086464612766884984E+52
  1.393260058497558865E-02  2.576237005936097346E+33 -2.836899678227266535E+41 -3.360448094913328268E+41 -2.272874756454029556E+41  3.187232832173232868E+54  2.198055187265745920E+54  9.891776449075014095E+53
  1.399428419260040184E-02  2.568787202203730446E+33 -2.937696255320893172E+41 -3.480810516307805064E+41 -2.388145089431796588E+41  3.166542805475788640E+54  2.185213822530156756E+54  9.813289829456403905E+53
  7.063034575944943105E-02  5.221620701626519022E+31 -8.819365294495891687E+38 -4.010735286525728422E+38 -6.878841645664272652E+38  8.089136897047846320E+52  3.800854652895016106E+49  8.085336042394940413E+52
  1.405614469465516631E-02  2.561043586228748335E+33 -3.038506363792346103E+41 -3.600085129594572088E+41 -2.503780055453911168E+41  3.145411892819082196E+54  2.171914857074759011E+54  9.734970357443328830E+53
  1.411818216015870223E-02  2.553006444498230009E+33 -3.137807035619682961E+41 -3.717554089682683551E+41 -2.619190429235057756E+41  3.123867389975996795E+54  2.158186496348979478E+54  9.656808936270278666E+53
  1.418039661506602378E-02  2.544676313162049718E+33 -3.236493406520700387E+41 -3.833190486858260234E+41 -2.734815875361292166E+41  3.101907677454443627E+54  2.144026752390752354E+54  9.578809250637140716E+53
  7.072143034727318422E-02  5.220219161744062199E+31 -8.827657422229718727E+38 -4.050413883734413528E+38 -6.895299827746353621E+38  8.088000371209325319E+52  3.791857077816071377E+49  8.084208514131503547E+52
  1.424278809727780315E-02  2.536053923515200909E+33 -3.334480851807362777E+41 -3.947336865672450301E+41 -2.849950404892301506E+41  3.079558907886347204E+54  2.129463845831268930E+54  9.500950620550866102E+53
  1.430535659123675397E-02  2.527140255232992377E+33 -3.431001563711672370E+41 -4.059391185315733018E+41 -2.964607532293360944E+41  3.056817865526777270E+54  2.114492815709468422E+54  9.423250498173207579E+53
  7.081252502964696660E-02  5.218816146012374495E+31 -8.835922554933795153E+38 -4.090168903702071297E+38 -6.912055561815721068E+38  8.086864909986852132E+52  3.782882746987061837E+49  8.083082027239882202E+52
  1.436810198152738485E-02  2.517936316870402611E+33 -3.526960290736582485E+41 -4.169579578953962306E+41 -3.078886912056043511E+41  3.033709313512714994E+54  2.099141125063116191E+54  9.345681884496130954E+53
  7.090362979327494153E-02  5.217411648650410247E+31 -8.844363564921662093E+38 -4.130235516292819561E+38 -6.929175975813694387E+38  8.085730511047207337E+52  3.773927883184765944E+49  8.081956583164043334E+52
  1.443102416084202436E-02  2.508443412813701145E+33 -3.621771504244463561E+41 -4.278015480564430644E+41 -3.192395238190997209E+41  3.010237400656193532E+54  2.083410816522270236E+54  9.268265841339338448E+53
  7.099474462490297511E-02  5.216005667293123928E+31 -8.853108288486186265E+38 -4.170771145353154301E+38 -6.946584442243711048E+38  8.084597170792658841E+52  3.764985517715053825E+49  8.080832185274921900E+52
  1.449412324519237273E-02  2.498662753746657804E+33 -3.715364121670760072E+41 -4.384194324691744790E+41 -3.305020118812293546E+41  2.986417836626552156E+54  2.067320325255029870E+54  9.190975113715304525E+53
  7.108586951131702636E-02  5.214598202340578399E+31 -8.862245807139321354E+38 -4.211863195074606137E+38 -6.964129395312469815E+38  8.083464888418519665E+52  3.756051083909422489E+49  8.079708837334603186E+52
  1.455739969345043114E-02  2.488595677701402287E+33 -3.807932688767258678E+41 -4.488518510665214581E+41 -3.416872738271733591E+41  2.962259385946014893E+54  2.050876696026681976E+54  9.113826899193356387E+53
  7.117700443933734633E-02  5.213189257504016273E+31 -8.871746329308953575E+38 -4.253463914658443108E+38 -6.981700745006957767E+38  8.082333669167669108E+52  3.747125751825105100E+49  8.078586543415834328E+52
  7.126814939581414821E-02  5.211778839382892650E+31 -8.881554377744004272E+38 -4.295541565596488661E+38 -6.999319687719170704E+38  8.081203515891251242E+52  3.738207796904796925E+49  8.077465308094389123E+52
  1.462085369636572860E-02  2.478243580977434221E+33 -3.899767607666507671E+41 -4.591096122204310643E+41 -3.527737734950002096E+41  2.937772944017897497E+54  2.034092589966069572E+54  9.036803540518396653E+53
  7.135930436762773221E-02  5.210366954255597406E+31 -8.891471472504550440E+38 -4.337992002938791521E+38 -7.017118603720416037E+38  8.080074429414390195E+52  3.729293384470931667E+49  8.076345136029907149E+52
  7.145046934168738928E-02  5.208953603614088430E+31 -8.901113172659434961E+38 -4.380649834507054921E+38 -7.035089590682761023E+38  8.078946405414531166E+52  3.720374604311114842E+49  8.075226030810236358E+52
  7.154164430493417659E-02  5.207538785353064403E+31 -8.910260390827002862E+38 -4.423310438755220623E+38 -7.053234392807536189E+38  8.077819447319873317E+52  3.711452125877402460E+49  8.074107995193994856E+52
  1.468448528257591118E-02  2.467607877296215824E+33 -3.989756790041181090E+41 -4.691366555907371946E+41 -3.637325175943132810E+41  2.912974141997622832E+54  2.016982795333037750E+54  8.959913466645935886E+53
  7.163282924434455357E-02  5.206122498841056704E+31 -8.918945343510331688E+38 -4.465900622822713551E+38 -7.071680226378698207E+38  8.076693558037055458E+52  3.702525528540455763E+49  8.072991032508493403E+52
  1.474829570971010473E-02  2.456689894593588688E+33 -4.079312782615342944E+41 -4.789910509688214849E+41 -3.746035705007306462E+41  2.887865658439895814E+54  1.999551458041786942E+54  8.883142003981144868E+53
  7.172402414692972961E-02  5.204704746799297856E+31 -8.927497327907574205E+38 -4.508429389943249513E+38 -7.090594567201896619E+38  8.075568735663692862E+52  3.693589208581581113E+49  8.071875146455171521E+52
  7.181522899972925256E-02  5.203285532081386575E+31 -8.936184579683569300E+38 -4.550852958382004932E+38 -7.109999213074409760E+38  8.074444981569477350E+52  3.684641120383014748E+49  8.070760340449093475E+52
  1.481228701808825869E-02  2.445490719495794750E+33 -4.167404103008092601E+41 -4.886588647533635523E+41 -3.853209015786139989E+41  2.862465436441353571E+54  1.981816436693181810E+54  8.806489997481869042E+53
  7.190644378980250162E-02  5.201864854146817950E+31 -8.945214851762910552E+38 -4.593194955587155461E+38 -7.129864246354812719E+38  8.073322302590112766E+52  3.675685325497070550E+49  8.069646617264603733E+52
  7.199766850422728570E-02  5.200442707227758077E+31 -8.954682150348052344E+38 -4.635570624283075140E+38 -7.150117591734968146E+38  8.072200702875018243E+52  3.666724454071942000E+49  8.068533978420946091E+52
  1.487646152372038011E-02  2.434011487393822990E+33 -4.254355537564649169E+41 -4.981217461404977042E+41 -3.959252359985949421E+41  2.836772493334016123E+54  1.963776969022710088E+54  8.729955243113109696E+53
  7.208890313011687145E-02  5.199019080227128507E+31 -8.964558861926161606E+38 -4.678094681203993422E+38 -7.170660998102668321E+38  8.071080185967456234E+52  3.657762142643168414E+49  8.067422423824825759E+52
  1.494082140932658301E-02  2.422253214170445452E+33 -4.340254675065123225E+41 -5.074122556883123513E+41 -4.063820449998436019E+41  2.810808530793010496E+54  1.945456256167194698E+54  8.653522746258139264E+53
  7.218014765461100435E-02  5.197593957669931319E+31 -8.974704299587808942E+38 -4.720934390192377515E+38 -7.191365139062496617E+38  8.069960753425373404E+52  3.648800965696398376E+49  8.066311952459714031E+52
  1.500536867233849547E-02  2.410217062085788846E+33 -4.425001049039465009E+41 -5.165257260986272762E+41 -4.166980985625452298E+41  2.784569206913042097E+54  1.926849220350751968E+54  8.577199865622880873E+53
  7.227140206486347418E-02  5.196167322418726035E+31 -8.984959847405929706E+38 -4.764168032495414956E+38 -7.212089594320417728E+38  8.068842411516056356E+52  3.639848390202598254E+49  8.065202563125861416E+52
  1.507010520136589822E-02  2.397904079983633578E+33 -4.508525804304325809E+41 -5.254478253464441051E+41 -4.268561052384616295E+41  2.758072414725329396E+54  1.907975341474626834E+54  8.500970732507063059E+53
  1.513503292046256693E-02  2.385315413238513407E+33 -4.590985145055075735E+41 -5.342115399865341647E+41 -4.368727627512315144E+41  2.731321123416171894E+54  1.888836594942224659E+54  8.424845284739428110E+53
  7.236266634804570941E-02  5.194739161662037228E+31 -8.995133368987161788E+38 -4.807742669887583451E+38 -7.232803648348874037E+38  8.067725161224444960E+52  3.630904927850181155E+49  8.064094256296590052E+52
  1.520015400162726647E-02  2.372452107967628645E+33 -4.672307421311103035E+41 -5.427991391449674429E+41 -4.467157622000305548E+41  2.704327326033254198E+54  1.869446859900933084E+54  8.348804661323117564E+53
  1.526547083849696083E-02  2.359315314838657534E+33 -4.752182501551990874E+41 -5.512042393685177731E+41 -4.563898126482873937E+41  2.677095045846611331E+54  1.849808692531545915E+54  8.272863533150664366E+53
  7.245394049134717962E-02  5.193309466016589853E+31 -9.005080734617068297E+38 -4.851451338100200959E+38 -7.253700533003308424E+38  8.066608997502910745E+52  3.621963271352444875E+49  8.062987034231559884E+52
  1.533098598609414394E-02  2.345906239604383426E+33 -4.831164383314321195E+41 -5.594584658649558404E+41 -4.659032932774791595E+41  2.649634208342591940E+54  1.829933372907051273E+54  8.197008354355503646E+53
  7.254522448196581985E-02  5.191878229286469353E+31 -9.014774537507964703E+38 -4.895079049286162204E+38 -7.275102522966286554E+38  8.065493914883650958E+52  3.613013510491796804E+49  8.061880901373177416E+52
  7.263651830711817525E-02  5.190445449654579564E+31 -9.024211744088407335E+38 -4.938684496146563208E+38 -7.297280519366950445E+38  8.064379910203812243E+52  3.604047323934004767E+49  8.060775862879897894E+52
  1.539670202310160219E-02  2.332226412048832564E+33 -4.908375610543096589E+41 -5.675202434880880976E+41 -4.752064653156416405E+41  2.621956092847947298E+54  1.809830198190934084E+54  8.121258946570161072E+53
  1.546262129846551377E-02  2.318277705127888115E+33 -4.984297756977361022E+41 -5.753914332887318755E+41 -4.843149423443519703E+41  2.594064316496153399E+54  1.789503025661255468E+54  8.045612908349011641E+53
  7.272782195404432770E-02  5.189011130764030843E+31 -9.033488296794831032E+38 -4.982281947951277899E+38 -7.320314021549031129E+38  8.063266979698292501E+52  3.595055351835892466E+49  8.059671924346479171E+52
  1.552874470162687003E-02  2.304062760114699059E+33 -5.058367662123741524E+41 -5.830625553870300610E+41 -4.931776172175442732E+41  2.565977318352371583E+54  1.768968289681966973E+54  7.970090286704085239E+53
  7.281913541001056034E-02  5.187575276073485923E+31 -9.042748097180867007E+38 -5.025806683340270088E+38 -7.343990801005240247E+38  8.062155119982902774E+52  3.586029958935428770E+49  8.058569090023975279E+52
  7.291045866231544992E-02  5.186137884392289438E+31 -9.052136668478489321E+38 -5.069197614810879331E+38 -7.368072654564045695E+38  8.061044329115472947E+52  3.576967105037526272E+49  8.057467362010435433E+52
  1.559507251935316786E-02  2.289585129811198296E+33 -5.130671097656227673E+41 -5.905102163152896191E+41 -5.018024336125738388E+41  2.537699684961100536E+54  1.748228100794540332E+54  7.894715841665482939E+53
  7.300179169828459325E-02  5.184698947985407248E+31 -9.061683905965959728E+38 -5.112453581458799572E+38 -7.392364760815583169E+38  8.059934610335097702E+52  3.567870829809158155E+49  8.056366739505313463E+52
  7.309313450526291889E-02  5.183258451879268609E+31 -9.071335670699587584E+38 -5.155557475110005403E+38 -7.416750432983464019E+38  8.058825969824158939E+52  3.558749994710774075E+49  8.055267219829462083E+52
  1.566160480110339800E-02  2.274848999723960246E+33 -5.200645397184013457E+41 -5.976922101646279334E+41 -5.101191043046932172E+41  2.509254048796458904E+54  1.727302947337362841E+54  7.819511014591015069E+53
  7.318448707061321612E-02  5.181816375112741854E+31 -9.080945914976964662E+38 -5.198616445884011162E+38 -7.441156691992001641E+38  8.057718409486675805E+52  3.549610474110023786E+49  8.054168799012574037E+52
  7.327584938172269913E-02  5.180372698371792302E+31 -9.090372544958062203E+38 -5.241772994020082846E+38 -7.465710619372743972E+38  8.056611927089873852E+52  3.540452531873884112E+49  8.053071474557965698E+52
  1.572834112870709691E-02  2.259859398298024593E+33 -5.268338572067719896E+41 -6.046016820662807817E+41 -5.181326831900728531E+41  2.480647024963935335E+54  1.706196264012879114E+54  7.744507609510613247E+53
  7.336722142600776708E-02  5.178927408655897824E+31 -9.099527340261409019E+38 -5.285069956457707752E+38 -7.490688758228549744E+38  8.055506519049662058E+52  3.531273002055105119E+49  8.051975246047639523E+52
  1.579528049382272412E-02  2.244622296844269094E+33 -5.333475381479928051E+41 -6.111953650902989399E+41 -5.257893235263687454E+41  2.451902087486138868E+54  1.684929411827816606E+54  7.669726756583241339E+53
  7.345860319091675195E-02  5.177480498308337374E+31 -9.108354964132781962E+38 -5.328507043628306340E+38 -7.516350401163138256E+38  8.054402181571864384E+52  3.522066185389957619E+49  8.050880115386483442E+52
  1.586242156424886446E-02  2.229144551459329728E+33 -5.395697622400497716E+41 -6.174497293446731750E+41 -5.330749857608615373E+41  2.423032566495193268E+54  1.663511533252535027E+54  7.595210332426597732E+53
  7.354999466393101482E-02  5.176031963418294021E+31 -9.116894330777605467E+38 -5.372037740228532411E+38 -7.542687889207459875E+38  8.053298908872135718E+52  3.512823129911888913E+49  8.049786085742204086E+52
  1.592976281164676725E-02  2.213433581113301286E+33 -5.455142918994641373E+41 -6.233363917009921367E+41 -5.399625380402352238E+41  2.394059784773133572E+54  1.641962753449546516E+54  7.520970313235935216E+53
  7.364139583256487653E-02  5.174581799206931547E+31 -9.125232590830536581E+38 -5.415532752026380321E+38 -7.569457626200697810E+38  8.052196697286618599E+52  3.503537694926789919E+49  8.048693159591685965E+52
  1.599730251309360030E-02  2.197497510264103529E+33 -5.511352295406260579E+41 -6.288456590432693983E+41 -5.464328533506929411E+41  2.365001715362990416E+54  1.620297317465574681E+54  7.447043978974151398E+53
  7.373280668436490992E-02  5.173129997087666188E+31 -9.133398221256403212E+38 -5.458841867859784139E+38 -7.596470394526312520E+38  8.051095545304458254E+52  3.494207280484727571E+49  8.047601338023992162E+52
  1.606503858888105180E-02  2.181344841351502079E+33 -5.564755901384762899E+41 -6.339663486636781959E+41 -5.524983674624451092E+41  2.335876123415252352E+54  1.598532107240395513E+54  7.373440161748509692E+53
  7.382422720689919837E-02  5.171676549045040864E+31 -9.141381513400441059E+38 -5.501830279036225275E+38 -7.623552968283127782E+38  8.049995451506253987E+52  3.484830847691563050E+49  8.046510620658562573E+52
  7.391565738775510153E-02  5.170221448601642625E+31 -9.149237379985392507E+38 -5.544467742193618890E+38 -7.650543374794733204E+38  8.048896415918336208E+52  3.475409249943244527E+49  8.045421006668394076E+52
  1.613296840649054015E-02  2.164984479424951750E+33 -5.614853447546887055E+41 -6.386974536632399023E+41 -5.581283409475375437E+41  2.306706589170929820E+54  1.576688013762875800E+54  7.300185754080531692E+53
  7.400709721453570256E-02  5.168764690816546197E+31 -9.156898049095252444E+38 -5.586752948894075393E+38 -7.677417542750531280E+38  8.047798440155586138E+52  3.465945246770980023E+49  8.044332494908817196E+52
  1.620108872624574300E-02  2.148425454818334244E+33 -5.662238720721349989E+41 -6.430535286082776252E+41 -5.633681864036054000E+41  2.277506142303038334E+54  1.554777382896506462E+54  7.227287594065274491E+53
  1.626937941458081460E-02  2.131680960053193732E+33 -5.706557963755665006E+41 -6.470486873119077517E+41 -5.681957266193622324E+41  2.248307267946020684E+54  1.532829196537778084E+54  7.154780714082340929E+53
  1.633781988388200573E-02  2.114764106944785201E+33 -5.748309868190460295E+41 -6.507082290996513504E+41 -5.726653624272145466E+41  2.219127916811035319E+54  1.510858772398919744E+54  7.082691444121194034E+53
  7.409854667486200086E-02  5.167306273738481473E+31 -9.164142809826912879E+38 -5.628772364203633084E+38 -7.704117781119705036E+38  8.046701524122309994E+52  3.456439190573381428E+49  8.043245084931705578E+52
  1.640640966223558955E-02  2.097682903627028197E+33 -5.787404156864145331E+41 -6.540568063904355499E+41 -5.767665406436804216E+41  2.189989631424207937E+54  1.488887587512684970E+54  7.011020439115225415E+53
  7.419000575637785255E-02  5.165846206173852919E+31 -9.170711551561320581E+38 -5.670702821926403424E+38 -7.730676861301346302E+38  8.045605662841118904E+52  3.446883589593485282E+49  8.042158779251525793E+52
  1.647514862835242067E-02  2.080444857805078820E+33 -5.824076261186138157E+41 -6.571228179866650548E+41 -5.805492561628052118E+41  2.160900846807399651E+54  1.466923207595742992E+54  6.939776392116513843E+53
  7.428147444675452238E-02  5.164384503055861009E+31 -9.176517707749939077E+38 -5.712539272606546161E+38 -7.757245665051707554E+38  8.044510851805926774E+52  3.437269986951152479E+49  8.041073581818964628E+52
  1.654403674849639141E-02  2.063057169983024021E+33 -5.858528200964756764E+41 -6.599318896513076899E+41 -5.840180355904701979E+41  2.131878426515663135E+54  1.444983168196434114E+54  6.868952583192296159E+53
  7.437295273368887960E-02  5.162921182373381454E+31 -9.181652101660785525E+38 -5.754165470342488212E+38 -7.783987320554388902E+38  8.043417090472089343E+52  3.427593528428251540E+49  8.039989496943639774E+52
  1.661307477733160384E-02  2.045526473083836736E+33 -5.890623154054130627E+41 -6.625027154626124139E+41 -5.871944638772493412E+41  2.102932283996559450E+54  1.423076502982555185E+54  6.798557810139957577E+53
  7.446444060490496619E-02  5.161456259037331820E+31 -9.186259183425009293E+38 -5.795470518290791872E+38 -7.810964784003629799E+38  8.042324384312635891E+52  3.417857061280436276E+49  8.038906527251330544E+52
  1.668226385878607970E-02  2.027859108804712714E+33 -5.920756234306387281E+41 -6.648575254176066648E+41 -5.901051896571858372E+41  2.074072568478346184E+54  1.401214322582696520E+54  6.728582458956621695E+53
  7.455593804815638381E-02  5.159989745491350630E+31 -9.190498444667798276E+38 -5.836408385491153945E+38 -7.838174451236518595E+38  8.041232740214483820E+52  3.408066720642551252E+49  8.037824673493849358E+52
  1.675160517392812118E-02  2.010061184716768172E+33 -5.948577482675828125E+41 -6.670020120368206359E+41 -5.927416211497103796E+41  2.045312250491380487E+54  1.379408879686421215E+54  6.659033708049598679E+53
  7.464744505122752893E-02  5.158521655161116032E+31 -9.194519848504151191E+38 -5.876928648306297361E+38 -7.865461813457690110E+38  8.040142162416066940E+52  3.398226152426117010E+49  8.036743936263656526E+52
  7.473896160193060911E-02  5.157052001491677056E+31 -9.198399883374872065E+38 -5.917014919564945022E+38 -7.892545978749201690E+38  8.039052649256681821E+52  3.388332956384770243E+49  8.035664316300300477E+52
  1.682109935261268466E-02  1.992138890236047044E+33 -5.974516072874668474E+41 -6.689534741421331955E+41 -5.951429230142960520E+41  2.016656216622217185E+54  1.357665739819127861E+54  6.589904768030842199E+53
  7.483048768809759388E-02  5.155580795653127210E+31 -9.202043635107292873E+38 -5.956674327937378260E+38 -7.919236949063565338E+38  8.037964199541480101E+52  3.378385249082514450E+49  8.034585814292401068E+52
  7.492202329757784163E-02  5.154108044992894730E+31 -9.205345729266952469E+38 -5.995933516376104121E+38 -7.945396741114552035E+38  8.036876816455059176E+52  3.368385981159364632E+49  8.033508430473869460E+52
  1.689074611680805096E-02  1.974098619266954039E+33 -5.998156888504986723E+41 -6.707036247758673892E+41 -5.972833157331030151E+41  1.988120337478347116E+54  1.336000251709884511E+54  6.521200857684688997E+53
  7.501356841823320076E-02  5.152633760230351973E+31 -9.208172676305130415E+38 -6.034858170350977010E+38 -7.971020828944906272E+38  8.035790503713908622E+52  3.358337429304079786E+49  8.032432166284594538E+52
  7.510512303793788480E-02  5.151157966411640466E+31 -9.210253390152896237E+38 -6.073456568362606201E+38 -7.996241230473789568E+38  8.034705260069705766E+52  3.348234108550847532E+49  8.031357025961161953E+52
  7.519668714458425940E-02  5.149680699356563182E+31 -9.211390115409020058E+38 -6.111629865596232744E+38 -8.021204435005534150E+38  8.033621087369523500E+52  3.338072129143698901E+49  8.030283015240393194E+52
  1.696054418172009137E-02  1.955947053633723693E+33 -6.019815698443408440E+41 -6.722658673552507520E+41 -5.992029668228863958E+41  1.959707600433954379E+54  1.314415307987855928E+54  6.452922924460957289E+53
  1.703049137429016313E-02  1.937691216114742134E+33 -6.039214383478791245E+41 -6.736226332633361980E+41 -6.008738930075631077E+41  1.931434501631207616E+54  1.292927279604961478E+54  6.385072220262520084E+53
  1.710058494330475576E-02  1.919338406185259082E+33 -6.056381706457171202E+41 -6.747821998529191651E+41 -6.023250200079968734E+41  1.903305096920826880E+54  1.271539341260801197E+54  6.317657556600267038E+53
  7.528826072608336972E-02  5.148201999827377790E+31 -9.211590173653947059E+38 -6.149210444751534439E+38 -8.045951242530423685E+38  8.032537990548883202E+52  3.327850455372927101E+49  8.029210140093538776E+52
  1.717082197496320323E-02  1.900896160273479982E+33 -6.071315205900119463E+41 -6.757252493395606285E+41 -6.035432332743299271E+41  1.875333545515325916E+54  1.250265890567248559E+54  6.250676549480697850E+53
  7.537984377036785477E-02  5.146721911001651264E+31 -9.210912211387802252E+38 -6.186123925931217630E+38 -8.070442014881499927E+38  8.031455976554519662E+52  3.317570168023872776E+49  8.028138406386526508E+52
  1.724119985827791621E-02  1.882372087105791942E+33 -6.083741777353011594E+41 -6.764541485588813862E+41 -6.045343799011626321E+41  1.847526755172746707E+54  1.229112619269549060E+54  6.184141359032016456E+53
  7.547143626539604133E-02  5.145240481552901267E+31 -9.209520252294749660E+38 -6.222382199099627156E+38 -8.094535139258490083E+38  8.030375052155062813E+52  3.307231541071979082E+49  8.027067820613980327E+52
  1.731171664653982992E-02  1.863773861166084969E+33 -6.093894840939094913E+41 -6.769514808041556281E+41 -6.053073385961233651E+41  1.819894528524735030E+54  1.208089700042693469E+54  6.118048284820399453E+53
  1.738237109176644229E-02  1.845109094207868979E+33 -6.101338958241590873E+41 -6.772141496116012079E+41 -6.058464249272180769E+41  1.792446694748680565E+54  1.187205958979733735E+54  6.052407357689422358E+53
  7.556303819915159703E-02  5.143757763054680797E+31 -9.207649167893595637E+38 -6.257903032121606879E+38 -8.118043350346371950E+38  8.029295223299533162E+52  3.296834137838279345E+49  8.025998389161723139E+52
  1.745316230569841226E-02  1.826385556282339254E+33 -6.106384345299756015E+41 -6.772293898703167346E+41 -6.061760658774036785E+41  1.765189238258190301E+54  1.166467537071933281E+54  5.987217011862622941E+53
  7.565464955963956128E-02  5.142273803883143842E+31 -9.205448034372331828E+38 -6.292562040524662401E+38 -8.140896326289806746E+38  8.028216498293157778E+52  3.286380818800972192E+49  8.024930117474330236E+52
  1.752408973077913823E-02  1.807611007800761296E+33 -6.108642448614097244E+41 -6.769893810085094895E+41 -6.062733047828482178E+41  1.738133663268735236E+54  1.145885397684892277E+54  5.922482655838411725E+53
  7.574627033488375016E-02  5.140788648762084539E+31 -9.202950631431139141E+38 -6.326401084700695473E+38 -8.163041549770296250E+38  8.027138887351395154E+52  3.275876756688081833E+49  8.023863010594715050E+52
  1.759515332790509423E-02  1.788793303002654940E+33 -6.108322107485628964E+41 -6.764867930318247471E+41 -6.061624149141375488E+41  1.711284248487117560E+54  1.125463555585137927E+54  5.858206929019733377E+53
  1.766635345571810831E-02  1.769940208136390065E+33 -6.105249718926393337E+41 -6.757122293457313152E+41 -6.058295633697765020E+41  1.684651730819265551E+54  1.105212734098318018E+54  5.794389967209480432E+53
  1.773769053370686383E-02  1.751059660378108390E+33 -6.099435882523116917E+41 -6.746629212673942282E+41 -6.052858576597591452E+41  1.658241003253010223E+54  1.085137220956546341E+54  5.731037822964639677E+53
  7.583790051292649270E-02  5.139302343096525917E+31 -9.200045919856490781E+38 -6.359577921909105878E+38 -8.184401250291048415E+38  8.026062398339400059E+52  3.265324719197891653E+49  8.022797073620211733E+52
  1.780916419924585131E-02  1.732159774464356945E+33 -6.090941988974270439E+41 -6.733309573906529258E+41 -6.045342032447743676E+41  1.632061028921376444E+54  1.065246109480456143E+54  5.668149194409159622E+53
  1.788077356074808943E-02  1.713248914357930336E+33 -6.079643410041131260E+41 -6.717169395169983974E+41 -6.035713523427403958E+41  1.606118532734488425E+54  1.045545380590259659E+54  5.605731521442306377E+53
  7.592954008183055992E-02  5.137814938780469200E+31 -9.196594762268531727E+38 -6.392152901451203916E+38 -8.205003912232448171E+38  8.024987039367024313E+52  3.254727111308157723E+49  8.021732312255699891E+52
  1.795251717939974623E-02  1.694335544343094233E+33 -6.065716550583518560E+41 -6.698161122456721034E+41 -6.024112210841483348E+41  1.580420851143565324E+54  1.026042309808661374E+54  5.543785413349037797E+53
  1.802439328514801944E-02  1.675428203193697972E+33 -6.049059483978327067E+41 -6.676315267857543753E+41 -6.010471844071203945E+41  1.554975343850754876E+54  1.006743705864045222E+54  5.482316379867091429E+53
  7.602118902968099667E-02  5.136326500149629301E+31 -9.192476266054143474E+38 -6.424147123280560949E+38 -8.224950540465659181E+38  8.023912819211586788E+52  3.244085090854891938E+49  8.020668734120732307E+52
  1.809639995100616530E-02  1.656535434423822757E+33 -6.029824937597757060E+41 -6.651620321855076119E+41 -5.994921629645171265E+41  1.529788508568552983E+54  9.876557138987611844E+53  5.421327946697971583E+53
  7.611284734458589885E-02  5.134837095309118725E+31 -9.187629025675775731E+38 -6.455512029475986065E+38 -8.244288931891013738E+38  8.022839749144498522E+52  3.233401776904898107E+49  8.019606347367570615E+52
  1.816853527594529047E-02  1.637665644094797922E+33 -6.008022437538288967E+41 -6.624127877315497479E+41 -5.977461203657293419E+41  1.504866997063198872E+54  9.687846831215112664E+53  5.360823139416876057E+53
  7.620451501467657984E-02  5.133346798156396075E+31 -9.182051255293150589E+38 -6.486135623994760043E+38 -8.263002192127347770E+38  8.021767840084698632E+52  3.222679125382351966E+49  8.018545160959292771E+52
  1.824079746324303725E-02  1.618827131751144760E+33 -5.983749256728440948E+41 -6.593874749108190146E+41 -5.958166777318112384E+41  1.480216757097753512E+54  9.501361655591601101E+53  5.300805915385959544E+53
  7.629619202810751510E-02  5.131855690264357057E+31 -9.175777792202361777E+38 -6.515875586141301478E+38 -8.281042263319198119E+38  8.020697102410151710E+52  3.211917683756849214E+49  8.017485184726412838E+52
  1.831318481403500231E-02  1.600027981183253611E+33 -5.957098623874099698E+41 -6.560930656342273668E+41 -5.937098012237007135E+41  1.455843308983767071E+54  9.317154897738378681E+53  5.241278192099280968E+53
  7.638787837305532902E-02  5.130363855707996451E+31 -9.168860108185963640E+38 -6.544631942795955442E+38 -8.298404358303725248E+38  8.019627549391903030E+52  3.201120569628581124E+49  8.016426428822260132E+52
  1.838569573986966257E-02  1.581276078930056162E+33 -5.928164210008832667E+41 -6.525375072076610950E+41 -5.914310936465006961E+41  1.431751578835516957E+54  9.135274517132246431E+53  5.182241271222949510E+53
  7.647957403771962759E-02  5.128871381345359769E+31 -9.161388920109352596E+38 -6.572318213688334900E+38 -8.315058994114434416E+38  8.018559195133059501E+52  3.190291393832866639E+49  8.015368903739256406E+52
  1.845832878140166167E-02  1.562579044335072023E+33 -5.897060848714523486E+41 -6.487300038678586852E+41 -5.889878263308145040E+41  1.407945919539352153E+54  8.955764043181855449E+53  5.123695152211691602E+53
  7.657127901032317885E-02  5.127378356479028384E+31 -9.153443702962512511E+38 -6.598889825398076186E+38 -8.330945255792076901E+38  8.017492053474391595E+52  3.179433247022549255E+49  8.014312620227394838E+52
  1.853108267409681389E-02  1.543944200056821363E+33 -5.863902115466193358E+41 -6.446802454855715100E+41 -5.863867353141053591E+41  1.384430026605883119E+54  8.778661687819586847E+53  5.065638578239230735E+53
  7.666299327910758299E-02  5.125884875131020112E+31 -9.145025401735217248E+38 -6.624399454221853513E+38 -8.345992580287949410E+38  8.016426138103572491E+52  3.168548009628150633E+49  8.013257590093922728E+52
  1.860395636919966872E-02  1.525378535214192813E+33 -5.828814024762403852E+41 -6.403993182110165779E+41 -5.836353695249944091E+41  1.361206973651467835E+54  8.604000759347634174E+53  5.008068977167002496E+53
  1.867694922091326509E-02  1.506888627881408879E+33 -5.791926845796004323E+41 -6.358993844164805860E+41 -5.807415922070093436E+41  1.338279168036027700E+54  8.431808637394865478E+53  4.950983042965339214E+53
  7.675471683232880371E-02  5.124391035210561827E+31 -9.136114207591480641E+38 -6.648919726288744160E+38 -8.360147395133624245E+38  8.015361463349484323E+52  3.157637520038331956E+49  8.012203825829469008E+52
  7.684644965825827845E-02  5.122896938937486377E+31 -9.126679921654532715E+38 -6.672531925295439811E+38 -8.373410766785038130E+38  8.014298044587196725E+52  3.146703932794341256E+49  8.011151340654406657E+52
  1.875006162291479803E-02  1.488480499612886825E+33 -5.753376394193590734E+41 -6.311930147159514453E+41 -5.777136454615983938E+41  1.315648242664237633E+54  8.262105758969844172E+53  4.894376667672540669E+53
  7.693819174518634618E-02  5.121402686510617361E+31 -9.116729016208205748E+38 -6.695270915998596801E+38 -8.385819685472426955E+38  8.013235898022337345E+52  3.135750807500863002E+49  8.010100147214846002E+52
  1.882329323002484081E-02  1.470159998461352051E+33 -5.713297243510528157E+41 -6.262938174139407348E+41 -5.745598340278322855E+41  1.293315540438164069E+54  8.094909072244476030E+53  4.838246332137140838E+53
  7.702994308142510627E-02  5.119908371920377139E+31 -9.106286240310845431E+38 -6.717171870419958004E+38 -8.397388940288389544E+38  8.012175039905532981E+52  3.124782962063140862E+49  8.009050256943433435E+52
  1.889664346439062087E-02  1.451932706536940322E+33 -5.671825647433982084E+41 -6.212149796483162014E+41 -5.712883596432335708E+41  1.271282040000980234E+54  7.930231465059608097E+53  4.782588934950210406E+53
  7.712170365531025029E-02  5.118414085099743849E+31 -9.095354452144457751E+38 -6.738226531482488069E+38 -8.408150790904912938E+38  8.011115486220975720E+52  3.113805724547821239E+49  8.008001680496422849E+52
  7.721347345520228334E-02  5.116919915617781358E+31 -9.083930137600142685E+38 -6.758360855732407942E+38 -8.418109979294482317E+38  8.010057251536099458E+52  3.102823173098215571E+49  8.006954428362976731E+52
  1.897011166876777163E-02  1.433803856003526280E+33 -5.629091887552753523E+41 -6.159701591059646150E+41 -5.679068833622179152E+41  1.249548263654945574E+54  7.768080999531883784E+53  4.727401637017568556E+53
  7.730525246948623252E-02  5.115425955005685423E+31 -9.072064369409134961E+38 -6.777485590819291231E+38 -8.427246252830814172E+38  8.009000350008739141E+52  3.091838915676028411E+49  8.005908511093066029E+52
  7.739704068656963476E-02  5.113932302135093150E+31 -9.059808274435481202E+38 -6.795503411370736466E+38 -8.435533640633137137E+38  8.007944795481225223E+52  3.080854849455303731E+49  8.004863940631809824E+52
  7.748883809488073260E-02  5.112439057208756180E+31 -9.047195040143682385E+38 -6.812379534844952441E+38 -8.442969600268416534E+38  8.006890602546144845E+52  3.069873432687934231E+49  8.003820729113421046E+52
  1.904369711603617205E-02  1.415778364073889442E+33 -5.585220099126954870E+41 -6.105718814222611737E+41 -5.644222941431042572E+41  1.228114353917917775E+54  7.608461544813163174E+53  4.672681994366039248E+53
  7.758064468286769710E-02  5.110946320857365393E+31 -9.034219394366754880E+38 -6.828133573841368838E+38 -8.449572810541475064E+38  8.005837785989455924E+52  3.058897509218455359E+49  8.002778888480243347E+52
  1.911739896974972916E-02  1.397860855688948118E+33 -5.540319750900072511E+41 -6.050319191075366410E+41 -5.608401789921057819E+41  1.206980117917134801E+54  7.451373164940654057E+53  4.618428014230683744E+53
  7.767246043899740660E-02  5.109454197100624433E+31 -9.020861535305531218E+38 -6.842824689921426824E+38 -8.455347109859997598E+38  8.004786359899691710E+52  3.047928964782954030E+49  8.001738430934927885E+52
  1.919121627728044566E-02  1.380055687751607393E+33 -5.494489543889426875E+41 -5.993601484681661212E+41 -5.571648958176368974E+41  1.186145058499118890E+54  7.296812415970630826E+53  4.564638169020543617E+53
  7.776428535175888834E-02  5.107962785663815108E+31 -9.007143306933897865E+38 -6.856506985595885054E+38 -8.460331641593501787E+38  8.003736339044902761E+52  3.036971244223697396E+49  8.000699367800692623E+52
  1.926514774026392637E-02  1.362367059179774570E+33 -5.447814763772985709E+41 -5.935652059899350521E+41 -5.533995710788040399E+41  1.165608532802173540E+54  7.144773716663878330E+53  4.511311611357849417E+53
  1.933918753225693718E-02  1.344800011131097023E+33 -5.400371372639924177E+41 -5.876548085502819541E+41 -5.495464443469649500E+41  1.145370908090753656E+54  6.995258006879874604E+53  4.458451074027676421E+53
  7.785611940966390143E-02  5.106472181388994071E+31 -8.993091274527087976E+38 -6.869227062271105104E+38 -8.464573944744864683E+38  8.002687738002329482E+52  3.026028661252707129E+49  7.999661709341117300E+52
  1.941333459820424046E-02  1.327358248129640112E+33 -5.352227694316419354E+41 -5.816353408118131374E+41 -5.456071291976277582E+41  1.125431063776415680E+54  6.848254443240281776E+53  4.406056194523870771E+53
  1.948758775821437736E-02  1.310045339093093739E+33 -5.303445342595046550E+41 -5.755123380671088623E+41 -5.415825565345183913E+41  1.105787797737620013E+54  6.703750949543643776E+53  4.354127027832559754E+53
  7.794796260124452203E-02  5.104982476690966027E+31 -8.978729231966536045E+38 -6.881022658376048275E+38 -8.468113255790434333E+38  8.001640571015366569E+52  3.015105679001213442E+49  7.998625465336371203E+52
  1.956194589236951234E-02  1.292864696678287496E+33 -5.254081535549418589E+41 -5.692906506868019522E+41 -5.374735683894000772E+41  1.086439804082818536E+54  6.561734156239822822E+53  4.302663884588349775E+53
  1.963640790340610148E-02  1.275819583696837549E+33 -5.204189413088881089E+41 -5.629749362807329048E+41 -5.332810502664635142E+41  1.067385695051146845E+54  6.422189668963186987E+53  4.251667281548241475E+53
  7.803981491505243562E-02  5.103493764080410113E+31 -8.964077755554653186E+38 -6.891909634631690617E+38 -8.470969417252008174E+38  8.000594851752390003E+52  3.004206031379749249E+49  7.997590645720999100E+52
  1.971097355727104497E-02  1.258912947194511161E+33 -5.153818417049008426E+41 -5.565695433090433115E+41 -5.290060333106541228E+41  1.048623826270528078E+54  6.285100911942385800E+53  4.201137350762894979E+53
  7.813167633965963088E-02  5.102006136182249175E+31 -8.949161238713451819E+38 -6.901879706740662840E+38 -8.473134437793244800E+38  7.999550592681231924E+52  2.993332243214166172E+49  7.996557260438007089E+52
  1.978564226434855952E-02  1.242147688568559076E+33 -5.103018285786512683E+41 -5.500789599069209226E+41 -5.246499876566091339E+41  1.030152583937504080E+54  6.150451229322009745E+53  4.151074610052994473E+53
  1.986041276504130898E-02  1.225526724537775423E+33 -5.051844901762528883E+41 -5.435079037510908775E+41 -5.202149339877695787E+41  1.011970458366297493E+54  6.018224467568328338E+53  4.101480116094605760E+53
  1.993528357771246623E-02  1.209052878604083755E+33 -5.000350345818111553E+41 -5.368614518157144133E+41 -5.157031950183891655E+41  9.940759297125725709E+53  5.888404185331822136E+53  4.052355111793868693E+53
  7.822354686365984300E-02  5.100519686216681054E+31 -8.934029765107199214E+38 -6.910943569747412608E+38 -8.474601442809790939E+38  7.998507806244847709E+52  2.982486757332003036E+49  7.995525319487516601E+52
  2.001025334819367743E-02  1.192728798160520251E+33 -4.948583912919826879E+41 -5.301444232115845460E+41 -5.111172806648446914E+41  9.764673632111200580E+53  5.760972871589240709E+53  4.003700760521925843E+53
  7.831542647517111821E-02  5.099034504079136473E+31 -8.918718954255907528E+38 -6.919132045448949053E+38 -8.475397969864609650E+38  7.997466505029727023E+52  2.971672753107259838E+49  7.994494832276625164E+52
  7.840731515852550348E-02  5.097550676723498444E+31 -8.903256492898702953E+38 -6.926470959781326294E+38 -8.475555797730729554E+38  7.996426701202810516E+52  2.960893535966197048E+49  7.993465807666842823E+52
  2.008532092248363835E-02  1.176556928647596036E+33 -4.896592200981808167E+41 -5.233614876884307890E+41 -5.064596069408742055E+41  9.591429441655922367E+53  5.635911376676196256E+53  3.955518064979726111E+53
  2.016048543632909321E-02  1.160539492657915141E+33 -4.844414820821830258E+41 -5.165171082911999206E+41 -5.017325246082344257E+41  9.421006718947367006E+53  5.513198926650201589E+53  3.907807792297147552E+53
  7.849921290238558169E-02  5.096068290543798502E+31 -8.887662164333291770E+38 -6.932974225203728402E+38 -8.475105917568238265E+38  7.995388406478397359E+52  2.950151797507136870E+49  7.992438254680893715E+52
  2.023574635477078804E-02  1.144678480484279455E+33 -4.792081810161850044E+41 -5.096164807827396401E+41 -4.969381768660443355E+41  9.253383689584806754E+53  5.392813237222761677E+53  3.860570452362011900E+53
  7.859111969543762510E-02  5.094587431634949904E+31 -8.871945332369832190E+38 -6.938642125896579740E+38 -8.474076150332064807E+38  7.994351631937942338E+52  2.939449666467779734E+49  7.991412182271498448E+52
  2.031110343090740400E-02  1.128975655472810340E+33 -4.739618293328394689E+41 -5.026648451295419451E+41 -4.920785112960678593E+41  9.088536964331738037E+53  5.274730645980600317E+53  3.813806318351150056E+53
  2.038655669374927690E-02  1.113432553087985642E+33 -4.687042934729373497E+41 -4.956667697711810088E+41 -4.871553552050268492E+41  8.926441266038004229E+53  5.158925841935655178E+53  3.767515424102350327E+53
  7.868303552639033249E-02  5.093108184534615729E+31 -8.856122088367627133E+38 -6.943491882544657404E+38 -8.472497198268247823E+38  7.993316388566718365E+52  2.928789218469545644E+49  7.990387599348247904E+52
  7.877496038397283074E-02  5.091630629358314236E+31 -8.840214724256205253E+38 -6.947554752635546479E+38 -8.470401790225184089E+38  7.992282686885754310E+52  2.918172747635062414E+49  7.989364514138103142E+52
  2.046210620468781605E-02  1.098050529184566551E+33 -4.634365222870991682E+41 -4.886267133581820083E+41 -4.821703832097526992E+41  8.767070142105727467E+53  5.045372440511992481E+53  3.721697701593757104E+53
  2.053775189055854697E-02  1.082830795362929067E+33 -4.581587731924352586E+41 -4.815495899740777652E+41 -4.771253891194462273E+41  8.610396704611449941E+53  4.934043616141646764E+53  3.676353088469825296E+53
  7.886689425693316213E-02  5.090154841899957219E+31 -8.824244141969349349E+38 -6.950863138571818726E+38 -8.467822050679531715E+38  7.991250536730166556E+52  2.907602486660873097E+49  7.988342934243493298E+52
  2.061349353241234694E-02  1.067774423224722959E+33 -4.528708167595380550E+41 -4.744403869351936986E+41 -4.720225060582644060E+41  8.456393773292668772E+53  4.824912188798830875E+53  3.631481584493843852E+53
  7.895883713403781257E-02  5.088680893510432060E+31 -8.808230096174727546E+38 -6.953450379823378288E+38 -8.464789783296996555E+38  7.990219947243785733E+52  2.897080582196564326E+49  7.987322866661550040E+52
  2.068933074571238304E-02  1.052882350204053157E+33 -4.475729608391483602E+41 -4.673039036074159542E+41 -4.668643324189119265E+41  8.305033743789569469E+53  4.717950442444745301E+53  3.587083301344812683E+53
  7.905078900407230824E-02  5.087208851499520077E+31 -8.792191345218829746E+38 -6.955350095146172151E+38 -8.461336332768655174E+38  7.989190926881731164E+52  2.886609102013272120E+49  7.986304317779718996E+52
  2.076526298103221688E-02  1.038155379248514787E+33 -4.422653292338883316E+41 -4.601448019856100472E+41 -4.616543692072849377E+41  8.156288823400862445E+53  4.613130356748650076E+53  3.543158466652201309E+53
  7.914274985584290878E-02  5.085738779453930816E+31 -8.776145410974037928E+38 -6.956596102582684605E+38 -8.457491922776537353E+38  7.988163483467017903E+52  2.876189893332959754E+49  7.985287293573687114E+52
  2.084128953235279275E-02  1.023594179889638574E+33 -4.369469384760989569E+41 -4.529679992218799062E+41 -4.563972973191654447E+41  8.010130908032236324E+53  4.510423555812381450E+53  3.499707352219865083E+53
  7.923471967817771744E-02  5.084270736459163808E+31 -8.760108472340152697E+38 -6.957221550219801262E+38 -8.453285411932961533E+38  7.987137624068699486E+52  2.865824713121984110E+49  7.984271799355588599E+52
  7.932669845992676438E-02  5.082804777332063643E+31 -8.744095637802032551E+38 -6.957258802530182297E+38 -8.448744228305106387E+38  7.986113354992493159E+52  2.855515178797221683E+49  7.983257839813708424E+52
  2.091740957940464371E-02  1.009199282179737599E+33 -4.316169079975195368E+41 -4.457784825980229458E+41 -4.510988245360126138E+41  7.866531333910943556E+53  4.409801198788809629E+53  3.456730135122124570E+53
  2.099362221752857846E-02  9.949710777373740749E+32 -4.262750389358245674E+41 -4.385811807616871046E+41 -4.457651533604177823E+41  7.725460300354663978E+53  4.311233537718596026E+53  3.414226762636072205E+53
  7.941868618996023033E-02  5.081340952833252960E+31 -8.728120839177091504E+38 -6.956739167959960253E+38 -8.443894426577224586E+38  7.985090681804250852E+52  2.845262786227425850E+49  7.982245419018056579E+52
  7.951068285716825224E-02  5.079879309280838897E+31 -8.712196773674648911E+38 -6.955693164921872808E+38 -8.438760089301327978E+38  7.984069609276389161E+52  2.835068895132670349E+49  7.981234540381267498E+52
  7.960268845046140906E-02  5.078419888815097742E+31 -8.696334979415258691E+38 -6.954149981796318510E+38 -8.433363800479872014E+38  7.983050141446358371E+52  2.824934701755417019E+49  7.980225206744627698E+52
  2.106992645687388865E-02  9.809098282554351037E+32 -4.209208791269077773E+41 -4.313808486855809675E+41 -4.404031414373166990E+41  7.586887249818173426E+53  4.214690267136582871E+53  3.372196982681581623E+53
  2.114632118503795288E-02  9.670156781378637164E+32 -4.155528582413271468E+41 -4.241829864807697853E+41 -4.350201865822104710E+41  7.450781057594231577E+53  4.120140655783691183E+53  3.330640401810542947E+53
  7.969470295877052746E-02  5.076962730050760994E+31 -8.680546061138819094E+38 -6.952137884254787575E+38 -8.427726240051651686E+38  7.982032281769322895E+52  2.814861273423460409E+49  7.979217420495891105E+52
  2.122280514419517747E-02  9.532886668233563088E+32 -4.101700819068608456E+41 -4.169930178208695937E+41 -4.296241648354345654E+41  7.317110389672627973E+53  4.027553780555198618E+53  3.289556609117413192E+53
  7.978672637104566867E-02  5.075507867954786768E+31 -8.664839803472849398E+38 -6.949684185961750169E+38 -8.421866178233212663E+38  7.981016033031525388E+52  2.804849558832544268E+49  7.978211183472705852E+52
  7.987875867625755799E-02  5.074055334274153119E+31 -8.649225084632404515E+38 -6.946814975031531042E+38 -8.415801031428646593E+38  7.980001397376970198E+52  2.794900396212668970E+49  7.977206496980774726E+52
  2.129937694947686352E-02  9.397287330558001798E+32 -4.047734233313547427E+41 -4.098158550314934830E+41 -4.242238026663144285E+41  7.185843656879410375E+53  3.936898375128769140E+53  3.248945281750622520E+53
  2.137603515302931995E-02  9.263357056608324626E+32 -3.993636161617286696E+41 -4.026565628157186466E+41 -4.188274800968392674E+41  7.056948792457917100E+53  3.848142712938557568E+53  3.208806079519372292E+53
  7.997079986340110969E-02  5.072605157787975859E+31 -8.633710374313734793E+38 -6.943555542615306877E+38 -8.409546726026495562E+38  7.978988376425806540E+52  2.785014469602535837E+49  7.976203361956209202E+52
  2.145277833065019346E-02  9.131092900337666887E+32 -3.939413958778283573E+41 -3.955213318663694955E+41 -4.134426597435371988E+41  6.930393650837112808E+53  3.761255258036884471E+53  3.169138392800216002E+53
  8.006284992149620416E-02  5.071157363385167742E+31 -8.618303376266312589E+38 -6.939929537020899620E+38 -8.403117745860082286E+38  7.977976970994343102E+52  2.775192337004592535E+49  7.975201778657324005E+52
  8.015490883958512058E-02  5.069711972701508668E+31 -8.603010780737447278E+38 -6.935959512335958786E+38 -8.396527171554575921E+38  7.976967181210602616E+52  2.765434440001873005E+49  7.974201746770590405E+52
  8.024697660672953925E-02  5.068269005072313725E+31 -8.587838477798975727E+38 -6.931667140381472382E+38 -8.389786835346275855E+38  7.975959006720426640E+52  2.755741111737633505E+49  7.973203265608650783E+52
  2.152960517024908246E-02  9.000490604547538578E+32 -3.885097864669569409E+41 -3.884156653359337437E+41 -4.080757138670062600E+41  6.806145610179637603E+53  3.676204290360763653E+53  3.129941319818858638E+53
  8.033905321200955629E-02  5.066828476961525379E+31 -8.572791696856779013E+38 -6.927073424921677432E+38 -8.382906925347750383E+38  7.974952446596499997E+52  2.746112569933339048E+49  7.972206334026573008E+52
  2.160651453917533313E-02  8.871544560193472527E+32 -3.830728348122458471E+41 -3.813443191079157908E+41 -4.027320962123689877E+41  6.684171902980475358E+53  3.592958130179577990E+53  3.091213772800905874E+53
  8.043113864452400286E-02  5.065390401739023979E+31 -8.557874876133041372E+38 -6.922198652121744936E+38 -8.375895820087388375E+38  7.973947499277645471E+52  2.736548899367880202E+49  7.971210950378294300E+52
  2.168350552512321103E-02  8.744247825125815334E+32 -3.776346896591318821E+41 -3.743123982404285519E+41 -3.974166942231100765E+41  6.564439696583241120E+53  3.511485183726221737E+53  3.052954512857013853E+53
  8.052323289338962631E-02  5.063954790179278918E+31 -8.543091529433137820E+38 -6.917062440369610648E+38 -8.368760861760089995E+38  7.972944162697820592E+52  2.727050087314718252E+49  7.970217112610456216E+52
  2.176057739198685587E-02  8.618592289749081137E+32 -3.722015779579722581E+41 -3.673263321687897450E+41 -3.921335765849445223E+41  6.446916089734680932E+53  3.431753899515887625E+53  3.015162190218767786E+53
  8.061533594774145106E-02  5.062521650848495175E+31 -8.528444491919848301E+38 -6.911682736485862735E+38 -8.361508645017298007E+38  7.971942434349585621E+52  2.717616032059714752E+49  7.969224818317525077E+52
  8.070744779673581781E-02  5.061090990414165529E+31 -8.513936018585104676E+38 -6.906076041599786461E+38 -8.354144888237372852E+38  7.970942311332776683E+52  2.708246547345285389E+49  7.968234064785426802E+52
  2.183772943239849565E-02  8.494568906570302122E+32 -3.667812815955564595E+41 -3.603916280317651158E+41 -3.868863028610496102E+41  6.331568022691071811E+53  3.353732752110808489E+53  2.977835270580256091E+53
  8.079956842955217378E-02  5.059662814118079125E+31 -8.499567688765351337E+38 -6.900258030850968307E+38 -8.346674628528706301E+38  7.969943790433817085E+52  2.698941388520079591E+49  7.967244849045298761E+52
  2.191496116645496456E-02  8.372167384397367715E+32 -3.613801800568381495E+41 -3.535129513499826595E+41 -3.816784983065719866E+41  6.218361744671977213E+53  3.277389959987333140E+53  2.940971784684664916E+53
  2.199227230920784704E-02  8.251376380797532882E+32 -3.560039935011693858E+41 -3.466953991809215102E+41 -3.765146935137217197E+41  6.107262762343206603E+53  3.202693250767682421E+53  2.904569511575539495E+53
  8.089169783539411351E-02  5.058237126342051953E+31 -8.485340454587494488E+38 -6.894243757775571999E+38 -8.339102653127791696E+38  7.968946868210757065E+52  2.689700268827363236E+49  7.966257167941922686E+52
  2.206966269671715303E-02  8.132183695803407672E+32 -3.506588120327250471E+41 -3.399449721782747568E+41 -3.713992919199781355E+41  5.998236273726715269E+53  3.129610184872209841E+53  2.868626088854515636E+53
  8.098383600348232902E-02  5.056813931032030820E+31 -8.471254711737920549E+38 -6.888047279166450324E+38 -8.331433645375541784E+38  7.967951541095312779E+52  2.680522855896898317E+49  7.965271018239414247E+52
  2.214713219778079167E-02  8.014576441492052428E+32 -3.453509459257346246E+41 -3.332665055013229630E+41 -3.663363177445718831E+41  5.891247420591008234E+53  3.058108394471003344E+53  2.833139026120016800E+53
  8.107598292306124332E-02  5.055393231061338408E+31 -8.457310269836188286E+38 -6.881681524100581999E+38 -8.323672481786506453E+38  7.966957805272307451E+52  2.671408777348767232E+49  7.964286396494957025E+52
  2.222468065048185254E-02  7.898541203173467701E+32 -3.400855510738774211E+41 -3.266646641325956324E+41 -3.613293871418532536E+41  5.786261475377479671E+53  2.988155726141662760E+53  2.798105749235836477E+53
  2.230230782883919904E-02  7.784064134028187651E+32 -3.348659912355072842E+41 -3.201442001743948870E+41 -3.563819545788925579E+41  5.683243547703849726E+53  2.919719935851739117E+53  2.763523611852100825E+53
  8.116813858339622101E-02  5.053975028184919408E+31 -8.443506355535016834E+38 -6.875158375479788384E+38 -8.315823727214089780E+38  7.965965656656332250E+52  2.662357623994468967E+49  7.963303299032333865E+52
  2.238001342054004444E-02  7.671131041097029760E+32 -3.296955600631573205E+41 -3.137094538893866315E+41 -3.514964586762883687E+41  5.582159243067903463E+53  2.852769349286178110E+53  2.729389893781713869E+53
  8.126030297377105638E-02  5.052559323639232592E+31 -8.429841786056908570E+38 -6.868489164141637193E+38 -8.307891829336968791E+38  7.964975091019702035E+52  2.653368960531496574E+49  7.962321722059163716E+52
  2.245779706892813213E-02  7.559727360960812317E+32 -3.245783116733151804E+41 -3.073643754302296850E+41 -3.466744031738754400E+41  5.482974467444385921E+53  2.787272705367303104E+53  2.695701762077093876E+53
  8.135247608348676607E-02  5.051146117938808813E+31 -8.416314980387529798E+38 -6.861684769787947382E+38 -8.299881191990103732E+38  7.963986103944282006E+52  2.644442322068935609E+49  7.961341661622205547E+52
  2.253565836314402188E-02  7.449838225272631806E+32 -3.195167974001726439E+41 -3.011132924722860405E+41 -3.419165659573413557E+41  5.385655267713602325E+53  2.723198968621845785E+53  2.662456299091762070E+53
  8.144465790186290743E-02  5.049735410714473600E+31 -8.402923809889007146E+38 -6.854755642172087594E+38 -8.291796059388024927E+38  7.962998690800394447E+52  2.635577211787526478E+49  7.960363113588666209E+52
  2.261359678016873140E-02  7.341448619234387432E+32 -3.145120202743439406E+41 -2.949596732319305397E+41 -3.372222184246243294E+41  5.290167823345035290E+53  2.660517240122215737E+53  2.629650583222803814E+53
  2.269161166921201261E-02  7.234543458479449657E+32 -3.095655841790846625E+41 -2.889058958235697964E+41 -3.325902125588833991E+41  5.196479664937321635E+53  2.599197870960368342E+53  2.597281793976954994E+53
  8.153684841823967411E-02  5.048327201166757853E+31 -8.389665794919118139E+38 -6.847711273734947811E+38 -8.283640458300871150E+38  7.962012846859555342E+52  2.626773118161418062E+49  7.959386073741401871E+52
  8.162904762197997766E-02  5.046921488308263568E+31 -8.376538192619240887E+38 -6.840560561273909183E+38 -8.275418161888956647E+38  7.961028567328220811E+52  2.618029514515632926E+49  7.958410537813695941E+52
  2.276970225637528836E-02  7.129107650285756391E+32 -3.046802830847982344E+41 -2.829543728982519830E+41 -3.280194627009746201E+41  5.104559685270347184E+53  2.539212330252249550E+53  2.565347355018100611E+53
  2.284786766190756435E-02  7.025126116683223515E+32 -2.998588644625520664E+41 -2.771086849887780835E+41 -3.235072555187558950E+41  5.014377674976152695E+53  2.480532649433341376E+53  2.533845025542810468E+53
  8.172125550247048842E-02  5.045518270802057563E+31 -8.363538006411164558E+38 -6.833311965192466180E+38 -8.267132753644532103E+38  7.960045847313768447E+52  2.609345859490619525E+49  7.957436501454296118E+52
  2.292610692373007325E-02  6.922583816160770821E+32 -2.951027696012450368E+41 -2.713701592616323553E+41 -3.190504397821016882E+41  4.925904745924050645E+53  2.423131906740026784E+53  2.502772839184037898E+53
  8.181347204912188531E-02  5.044117547105563292E+31 -8.350662007349611703E+38 -6.825973395646730057E+38 -8.258787657664780185E+38  7.959064681866414787E+52  2.600721596452496589E+49  7.956463960269958191E+52
  8.190569725136846724E-02  5.042719315256067000E+31 -8.337906630635208097E+38 -6.818552155519004664E+38 -8.250386120524184441E+38  7.958085065948972713E+52  2.592156161168480279E+49  7.955492909787817194E+52
  2.300441903862352269E-02  6.821465697553912108E+32 -2.904135959947274348E+41 -2.657390258877979654E+41 -3.146466845448692645E+41  4.839112693219774372E+53  2.366983694590716983E+53  2.472128998629041651E+53
  8.199793109869084329E-02  5.041323572745147462E+31 -8.325268066716965506E+38 -6.811054928971205299E+38 -8.241931222899916614E+38  7.957106994435730651E+52  2.583648978925321431E+49  7.954523345456826161E+52
  2.308280304276539088E-02  6.721756555227383148E+32 -2.857944399747735158E+41 -2.602155121155429262E+41 -3.102935383565708017E+41  4.753973483694650673E+53  2.312061872030007124E+53  2.441911611664634191E+53
  2.316125801146865643E-02  6.623441036361533533E+32 -2.812487674517302251E+41 -2.548000956357857957E+41 -3.059892364435690957E+41  4.670458722812473013E+53  2.258340143416587763E+53  2.412118579395887377E+53
  8.209017358059593483E-02  5.039930316851058747E+31 -8.312742422577091164E+38 -6.803487874103310608E+38 -8.233425823841199581E+38  7.956130462193198384E+52  2.575199471365322640E+49  7.953555262721816454E+52
  8.218242468659088529E-02  5.038539544137594871E+31 -8.300325722001690443E+38 -6.795856368340235414E+38 -8.224872303331936042E+38  7.955155463959269594E+52  2.566807051452621416E+49  7.952588656907830473E+52
  2.323978307683442768E-02  6.526503632001519695E+32 -2.767785252611923546E+41 -2.494923371957920030E+41 -3.017335354942186440E+41  4.588540389852538685E+53  2.205792860119929191E+53  2.382747529732592480E+53
  8.227468440617574652E-02  5.037151250667631579E+31 -8.288013949919931653E+38 -6.788165342598412116E+38 -8.216272739839741058E+38  7.954181994368684554E+52  2.558471124647987846E+49  7.951623523244041376E+52
  2.331837744506749799E-02  6.430928706185826370E+32 -2.723846047024699455E+41 -2.442905064232276436E+41 -2.975272588007655574E+41  4.508190395311082826E+53  2.154394498416872711E+53  2.353795896894197780E+53
  8.236695272884815566E-02  5.035765432199670635E+31 -8.275802927445344850E+38 -6.780419365562693391E+38 -8.207629053735236711E+38  7.953210048012841133E+52  2.550191097483840033E+49  7.950659856915384553E+52
  2.339704040762408122E-02  6.336700558226867218E+32 -2.680664287725193711E+41 -2.391921634284692761E+41 -2.933711283351869459E+41  4.429379583511137676E+53  2.104118577501608645E+53  2.325261006009530307E+53
  8.245922964411200873E-02  5.034382084155666108E+31 -8.263688327278700360E+38 -6.772622563116774660E+38 -8.198942926462625017E+38  7.952239619449773579E+52  2.541966382315566967E+49  7.949697653067445988E+52
  8.255151514148653669E-02  5.033001201710574848E+31 -8.251665965392332427E+38 -6.764778655833519088E+38 -8.190215794889748942E+38  7.951270703213867577E+52  2.533796398587373638E+49  7.948736906815291530E+52
  2.347577134441129754E-02  6.243803519232914587E+32 -2.638215674634404753E+41 -2.341960827911766927E+41 -2.892652922576195971E+41  4.352080060125582001E+53  2.054939831034322834E+53  2.297140229091260018E+53
  8.264380921051391049E-02  5.031622779733425984E+31 -8.239731525889415349E+38 -6.756891069677733504E+38 -8.181448704150644969E+38  7.950303293793976906E+52  2.525680567168441061E+49  7.947777613226784546E+52
  2.355456971950297546E-02  6.152222002863928155E+32 -2.596458618284192531E+41 -2.293016025348381883E+41 -2.852108477296124393E+41  4.276265645320034230E+53  2.006834497178890364E+53  2.269431148141149821E+53
  8.273611184076368197E-02  5.030246812735759212E+31 -8.227880668392200281E+38 -6.748962950313929398E+38 -8.172642503690264223E+38  7.949337385614399526E+52  2.517618321559191107E+49  7.946819767292851622E+52
  8.282842302183428262E-02  5.028873294893447435E+31 -8.216109167783422069E+38 -6.740997128052140603E+38 -8.163797915074959253E+38  7.948372973056579086E+52  2.509609112734007823E+49  7.945863363943849084E+52
  2.363343507161170740E-02  6.061940558498509226E+32 -2.555352943589355287E+41 -2.245048964727849534E+41 -2.812094744961880830E+41  4.201910401104777379E+53  1.959778822318038667E+53  2.242131578786740414E+53
  8.292074274335199668E-02  5.027502220146174977E+31 -8.204412864116543305E+38 -6.732996254168172811E+38 -8.154915508719093427E+38  7.947410050477078214E+52  2.501652407748276069E+49  7.944908398069339782E+52
  2.371236700272088757E-02  5.972943961268013315E+32 -2.514871230633286133E+41 -2.198007358833253288E+41 -2.772620052732496369E+41  4.128988486622299245E+53  1.913748916010214488E+53  2.215239570612098794E+53
  8.301307099496969821E-02  5.026133582165989847E+31 -8.192787795096473580E+38 -6.724962828552006056E+38 -8.145995774572073018E+38  7.946448612184237273E+52  2.493747676083522429E+49  7.943954864508147275E+52
  2.379136516342363408E-02  5.885217287500172327E+32 -2.474983087526063169E+41 -2.151847854158197151E+41 -2.733689480302749048E+41  4.057476825424775111E+53  1.868723206572656646E+53  2.188753618852107406E+53
  8.310540776636697602E-02  5.024767374297415770E+31 -8.181230131852308601E+38 -6.716899190606647534E+38 -8.137039076342301528E+38  7.945488652445792433E+52  2.485894398183017483E+49  7.943002758047608273E+52
  2.387042923405182163E-02  5.798745984024778090E+32 -2.435659152560276838E+41 -2.106532183870634101E+41 -2.695310096079296071E+41  3.987354456937937847E+53  1.824681576398006408E+53  2.162672880539929951E+53
  8.319775304725116061E-02  5.023403589756263594E+31 -8.169736180121170799E+38 -6.708807472109396832E+38 -8.128045569997237021E+38  7.944530165558986598E+52  2.478092075144210906E+49  7.942052073483867483E+52
  8.329010682735743520E-02  5.022042221431890841E+31 -8.158302345981451778E+38 -6.700689608029208385E+38 -8.119015158486560278E+38  7.943573145800605323E+52  2.470340213161921065E+49  7.941102805587464426E+52
  2.394955890533202736E-02  5.713515904918661967E+32 -2.396885581736372249E+41 -2.062010905084902478E+41 -2.657473380797870436E+41  3.918599836395746441E+53  1.781602923061124813E+53  2.136996913334623968E+53
  8.338246909644629612E-02  5.020683261947573357E+31 -8.146925234487437890E+38 -6.692547415605007633E+38 -8.109947836478663628E+38  7.942617587389877525E+52  2.462638336389488185E+49  7.940154949053483136E+52
  2.402875385946928732E-02  5.629513338606314579E+32 -2.358651808213468856E+41 -2.018222663747049977E+41 -2.620164199943361783E+41  3.851192843361527203E+53  1.739467225721899539E+53  2.111725617639623197E+53
  2.410801375237870553E-02  5.546725014749421175E+32 -2.320927044905693018E+41 -1.975104418803006611E+41 -2.583365143541857267E+41  3.785116512465649006E+53  1.698257064826735603E+53  2.086859447638895538E+53
  8.347483984430183190E-02  5.019326703983026101E+31 -8.135601612125124563E+38 -6.684382619019029815E+38 -8.100843518889728697E+38  7.941663484567534777E+52  2.454985985305826580E+49  7.939208498582243742E+52
  2.418733819736784349E-02  5.465138181048662095E+32 -2.283650758708914433E+41 -1.932591648119158739E+41 -2.547069984749230714E+41  3.720355438242519156E+53  1.657955745438143919E+53  2.062399692804388635E+53
  2.426672675147518651E-02  5.384740718260673832E+32 -2.246786128735672411E+41 -1.890603969308485488E+41 -2.511266788940746941E+41  3.656894560249354057E+53  1.618546083075397406E+53  2.038348477173955375E+53
  8.356721906073227846E-02  5.017972540338242568E+31 -8.124328353052388250E+38 -6.676196908817733323E+38 -8.091702093856912480E+38  7.940710831644059096E+52  2.447382713405642270E+49  7.938263448930662773E+52
  2.434617890776033869E-02  5.305521108017227698E+32 -2.210294725333280620E+41 -1.849059609951285056E+41 -2.475929357165063710E+41  3.594721157946576857E+53  1.580012491312994372E+53  2.014708666633571851E+53
  8.365960673557343297E-02  5.016620763847984041E+31 -8.113102367497129952E+38 -6.667991829044043144E+38 -8.082523410959066786E+38  7.939759622978759826E+52  2.439828091652502022E+49  7.937319794887094596E+52
  2.442569409508124623E-02  5.227468365196639952E+32 -2.174128799565479812E+41 -1.807887755691226910E+41 -2.441035417967014559E+41  3.533825036279761206E+53  1.542341183392918147E+53  1.991483852886854544E+53
  2.450527168456800159E-02  5.150571923173297004E+32 -2.138244264090050392E+41 -1.767055171685205972E+41 -2.406567645711936839E+41  3.474196556270534666E+53  1.505518671555403098E+53  1.968677884715121573E+53
  8.375200285868872330E-02  5.015271367435040063E+31 -8.101920643120898806E+38 -6.659768808781915745E+38 -8.073307520289350681E+38  7.938809852991476165E+52  2.432321711054678855E+49  7.936377531280416956E+52
  8.384440741996716795E-02  5.013924344180077464E+31 -8.090780353222606786E+38 -6.651529299890596586E+38 -8.064054644916314370E+38  7.937861516138159775E+52  2.424863173354045447E+49  7.935436652964806526E+52
  2.458491100841499882E-02  5.074821434109146514E+32 -2.102592503488905464E+41 -1.726538708477873841E+41 -2.372497499493450342E+41  3.415825175582964417E+53  1.469530860570695113E+53  1.946294315012274196E+53
  8.393682040932122501E-02  5.012579687179994048E+31 -8.079678767744633185E+38 -6.643274675819402852E+38 -8.054765150820664371E+38  7.936914606912247615E+52  2.417452092261639854E+49  7.934497154819998376E+52
  8.402924181669239878E-02  5.011237389658617970E+31 -8.068613392984921044E+38 -6.635006104821963599E+38 -8.045439446669912193E+38  7.935969119874410055E+52  2.410088099265249016E+49  7.933559031775142955E+52
  2.466461137804266610E-02  5.000206602541033358E+32 -2.067124287207349804E+41 -1.686326651244958305E+41 -2.338787298797279231E+41  3.358700187093058162E+53  1.434364119183115217E+53  1.924336067909942732E+53
  8.412167163204851972E-02  5.009897444873530064E+31 -8.057581917990301865E+38 -6.626724666258785410E+38 -8.036077865127687547E+38  7.935025049655627248E+52  2.402770836728323897E+49  7.932622278818893340E+52
  2.474437210322871783E-02  4.926717068433951161E+32 -2.031809678897674040E+41 -1.646422173045312060E+41 -2.305400907654219024E+41  3.302811342342946601E+53  1.400005916174465980E+53  1.902805426168487214E+53
  8.421410984537271160E-02  5.008559846152806010E+31 -8.046582092119299352E+38 -6.618431094100095930E+38 -8.026680882263749594E+38  7.934082390957911165E+52  2.395499954099844730E+49  7.931686891003777859E+52
  8.430655644666409931E-02  5.007224586884824684E+31 -8.035611828659107008E+38 -6.610125969599381646E+38 -8.017249143443124302E+38  7.933141138496154527E+52  2.388275123764568378E+49  7.930752863372408801E+52
  2.482419250968508420E-02  4.854342196888445205E+32 -1.996632946839273747E+41 -1.606845127472023408E+41 -2.272313723491441147E+41  3.248147951942579320E+53  1.366444250602373344E+53  1.881703701340215334E+53
  2.490407195291677311E-02  4.783070933227414605E+32 -1.961590827359693950E+41 -1.567619012583308205E+41 -2.239502738986766735E+41  3.194697321071974783E+53  1.333666491632642432E+53  1.861030829439323632E+53
  8.439901142594380401E-02  5.005891660647228739E+31 -8.024669225454822237E+38 -6.601810006230536339E+38 -8.007783469829236794E+38  7.932201287026078620E+52  2.381096023395560877E+49  7.929820191002664468E+52
  8.449147477325946731E-02  5.004561060859345789E+31 -8.013752567374630452E+38 -6.593483992964076361E+38 -7.998284753744859508E+38  7.931262831302021274E+52  2.373962338619212864E+49  7.928888868963390790E+52
  2.498400982843825002E-02  4.712891792747331883E+32 -1.926682424641059284E+41 -1.528764653911432196E+41 -2.206952987400784003E+41  3.142443030497672193E+53  1.301657623549459592E+53  1.840785406948207709E+53
  8.458394647868618110E-02  5.003232780876617187E+31 -8.002860351066677621E+38 -6.585148828215325065E+38 -7.988753958823641980E+38  7.930325766107329387E+52  2.366873764820967765E+49  7.927958892342474627E+52
  8.467642653232507199E-02  5.001906814313041341E+31 -7.991991315681278474E+38 -6.576805367966376029E+38 -7.979192201952048882E+38  7.929390086290811680E+52  2.359830015788446670E+49  7.927030256275055295E+52
  2.506400557933469858E-02  4.643792766317712557E+32 -1.891905517711558803E+41 -1.490301438964462359E+41 -2.174666291122441053E+41  3.091366367036848841E+53  1.270401852471883363E+53  1.820964514564965903E+53
  8.476891492430209396E-02  5.000583154837250731E+31 -7.981144338907082971E+38 -6.568454399219955890E+38 -7.969600776892006280E+38  7.928455786731661959E+52  2.352830808421017808E+49  7.926102955923215031E+52
  2.514405870051375849E-02  4.575761269545252121E+32 -1.857271831394578766E+41 -1.452269042196707952E+41 -2.142655119176993405E+41  3.041447789788482587E+53  1.239883955109888374E+53  1.801563834678602721E+53
  8.486141164476705689E-02  4.999261795987363518E+31 -7.970318383842095970E+38 -6.560096573042795816E+38 -7.959981047313863649E+38  7.927522862302675663E+52  2.345875858312406384E+49  7.925176986444367823E+52
  2.522416874057991157E-02  4.508784199913463214E+32 -1.822788869183492843E+41 -1.414725794026397760E+41 -2.110922981380948967E+41  2.992667041879691107E+53  1.210089107684070403E+53  1.782577934195612835E+53
  8.495391668389269679E-02  4.997942731228031543E+31 -7.959512507714992001E+38 -6.551732457962104813E+38 -7.950334523781971795E+38  7.926591307869978692E+52  2.338964890082919826E+49  7.924252342979933326E+52
  8.504643003187437045E-02  4.996625953916149918E+31 -7.948725795929873239E+38 -6.543362553329752029E+38 -7.940662717296487192E+38  7.925661118298080608E+52  2.332097625599640807E+49  7.923329020672450935E+52
  2.530433523474887383E-02  4.442848113648559718E+32 -1.788465228616960419E+41 -1.377713534837418804E+41 -2.079472081136494517E+41  2.945002688891343951E+53  1.181002130276693335E+53  1.764000558614654232E+53
  2.538455772210431935E-02  4.377939432419621060E+32 -1.754310044996086822E+41 -1.341254480856305410E+41 -2.048308044753131913E+41  2.898431996503541745E+53  1.152606955011213112E+53  1.745825041492327358E+53
  8.513895167892986116E-02  4.995311457334495318E+31 -7.937957319575887763E+38 -6.534987429346825161E+38 -7.930967136008025398E+38  7.924732288474301587E+52  2.325273786692009407E+49  7.922407014687588612E+52
  2.546483580807847036E-02  4.314044500537168165E+32 -1.720352533178682769E+41 -1.305378015916670048E+41 -2.017443175647012785E+41  2.852931652545412439E+53  1.124887192925888001E+53  1.728044459619517846E+53
  2.554516915572060259E-02  4.251149573954315362E+32 -1.686619771278339137E+41 -1.270126461754747555E+41 -1.986889970313177673E+41  2.808478879304179472E+53  1.097827287380478763E+53  1.710651591923706239E+53
  8.523148161529889300E-02  4.993999234865727947E+31 -7.927206115871896347E+38 -6.526607726060279450E+38 -7.921249323444255128E+38  7.923804813345019937E+52  2.318493097775870267E+49  7.921486320247250235E+52
  8.532401983124468514E-02  4.992689279783566840E+31 -7.916471234641056626E+38 -6.518224211028959199E+38 -7.911510900282728123E+38  7.922878687880695324E+52  2.311755282930594214E+49  7.920566932597752814E+52
  8.541656631705349390E-02  4.991381585092808485E+31 -7.905751757609791497E+38 -6.509837906961647305E+38 -7.901753601322940677E+38  7.921953907001760590E+52  2.305060066378005595E+49  7.919648846935373773E+52
  2.562555746853635574E-02  4.189240864287736726E+32 -1.653131608920977357E+41 -1.235516878001360716E+41 -1.956650854149578070E+41  2.765050788210820646E+53  1.071411706854921538E+53  1.693639081355896981E+53
  8.550912106303444615E-02  4.990076143782929926E+31 -7.895046790588345089E+38 -6.501450028153864307E+38 -7.891979184006947085E+38  7.921030465657098307E+52  2.298407170312165747E+49  7.918732058486789451E+52
  2.570600046949239256E-02  4.128304685114126876E+32 -1.619929098007610625E+41 -1.201550266429582334E+41 -1.926725784544218741E+41  2.722624409790693132E+53  1.045624845985956037E+53  1.676999563804733479E+53
  8.560168405951965043E-02  4.988772949145351144E+31 -7.884355570700184848E+38 -6.493061812153891033E+38 -7.882189452490124483E+38  7.920108358880156536E+52  2.291796325404705009E+49  7.917816562554763322E+52
  2.578649788452514954E-02  4.068327509428578423E+32 -1.587066227850640549E+41 -1.168227992320595625E+41 -1.897124124636305495E+41  2.681177588520095109E+53  1.020451759122429866E+53  1.660725829397660989E+53
  8.569425529686362786E-02  4.987471994473183671E+31 -7.873677413455948466E+38 -6.484674675874895798E+38 -7.872386199598761346E+38  7.919187581723997421E+52  2.285227260831111037E+49  7.916902354463156367E+52
  2.586704942899405515E-02  4.009295990274269064E+32 -1.554598328552397866E+41 -1.135568996680285875E+41 -1.867863580961201623E+41  2.640689009900702981E+53  9.958781542107523395E+52  1.644810855689948727E+53
  8.578683476544317343E-02  4.986173272901161854E+31 -7.863011605371154993E+38 -6.476290235160492095E+38 -7.862571235519242333E+38  7.918268129220666422E+52  2.278699701142694720E+49  7.915989429519553436E+52
  2.594765480150111950E-02  3.951196939734804302E+32 -1.522594862864509817E+41 -1.103599431052954627E+41 -1.838953172843861387E+41  2.601138088865192881E+53  9.718904042911581510E+52  1.629247684574028775E+53
  2.602831367214142669E-02  3.894017361900230217E+32 -1.491119131331006697E+41 -1.072332991743201180E+41 -1.810398743199859854E+41  2.562504277449293349E+53  9.484748818310319425E+52  1.614029395618258642E+53
  2.610902567261731005E-02  3.837744538108439824E+32 -1.460212990578092762E+41 -1.041768544585662948E+41 -1.782211176385253934E+41  2.524766993816906598E+53  9.256177034911474694E+52  1.599149290325752748E+53
  2.618979040600391203E-02  3.782365936511238121E+32 -1.429903961180662123E+41 -1.011923427111505002E+41 -1.754402211242183206E+41  2.487906540239834016E+53  9.033057320219030450E+52  1.584600808217932141E+53
  8.587942245565764743E-02  4.984876777396162773E+31 -7.852357402053312444E+38 -6.467910197535655202E+38 -7.852746324435855441E+38  7.917349996390781888E+52  2.272213363244263479E+49  7.915077783027517669E+52
  2.627060745464995795E-02  3.727869147328288718E+32 -1.400218449962812966E+41 -9.828286250142577698E+40 -1.726981218248643662E+41  2.451903972433536148E+53  8.815265533615886603E+52  1.570377419071941533E+53
  8.597201835792910030E-02  4.983582500652246251E+31 -7.841714004936448676E+38 -6.459536174778260190E+38 -7.842913283508516762E+38  7.916433178226634726E+52  2.265767955327879472E+49  7.914167410271269277E+52
  2.635147638753446847E-02  3.674241785576205197E+32 -1.371180533560042988E+41 -9.545116414981173256E+40 -1.699957707265474087E+41  2.416740815751263898E+53  8.602682838002336096E+52  1.556472531951020930E+53
  8.606462246270121796E-02  4.982290435140071954E+31 -7.831080634283046016E+38 -6.451169766994329751E+38 -7.833073962753703080E+38  7.915517669700451943E+52  2.259363181074728682E+49  7.913258306519419083E+52
  8.615723476043862794E-02  4.981000573162766541E+31 -7.820456480718721966E+38 -6.442812693939695816E+38 -7.823230167062519607E+38  7.914603465772820762E+52  2.252998738017948701E+49  7.912350467034814376E+52
  2.643239676213367945E-02  3.621471369949675163E+32 -1.342808097443367689E+41 -9.269994452110567265E+40 -1.673344332914953034E+41  2.382398801569959249E+53  8.395194696960271458E+52  1.542879331873934442E+53
  8.624985524162764872E-02  4.979712906780479367E+31 -7.809840684369624061E+38 -6.434466751020606384E+38 -7.813383756115466169E+38  7.913690561364062370E+52  2.246674318479960585E+49  7.911443887045613849E+52
  2.651336813057832142E-02  3.569545316420867344E+32 -1.315115916067404373E+41 -9.003066222651103457E+40 -1.647142438197983692E+41  2.348859002085824644E+53  8.192682797268178515E+52  1.529590722359005304E+53
  2.659439004758585787E-02  3.518450898939138384E+32 -1.288115282920441902E+41 -8.744358463384897337E+40 -1.621346330287241366E+41  2.316102138043166388E+53  7.995029104304256070E+52  1.516599227612746416E+53
  8.634248389677698365E-02  4.978427427859178078E+31 -7.799232337081803091E+38 -6.426133676025699373E+38 -7.803536560556793273E+38  7.912778951374655238E+52  2.240389608276337085E+49  7.910538561766363836E+52
  2.667546207787144588E-02  3.468175234724093029E+32 -1.261808222176478784E+41 -8.493842615772884638E+40 -1.595947461212993235E+41  2.284108700029243823E+53  7.802116091436360287E+52  1.503897090885608645E+53
  8.643512071641722139E-02  4.977144128169326991E+31 -7.788630524574395211E+38 -6.417815129546499962E+38 -7.793690357370003908E+38  7.911868630711601685E+52  2.234144288492656735E+49  7.909634486423094138E+52
  2.675658380171450079E-02  3.418705333444371084E+32 -1.236194131551218749E+41 -8.251413401371314578E+40 -1.570932011333750074E+41  2.252859005692226579E+53  7.613826542903877459E+52  1.491476351401834154E+53
  2.683775481726052500E-02  3.370028151766743453E+32 -1.211272245328890236E+41 -8.016952708191643259E+40 -1.546273553436952089E+41  2.222333363576249462E+53  7.430043626537862936E+52  1.479329000922460191E+53
  8.652776569110107174E-02  4.975862999202548246E+31 -7.778034402439266455E+38 -6.409512558210905181E+38 -7.783846802874874806E+38  7.910959594248456404E+52  2.227938033106630755E+49  7.908731656215347828E+52
  2.691897474001558530E-02  3.322130672449416868E+32 -1.187033473266045890E+41 -7.790315230515573159E+40 -1.521943487816628966E+41  2.192512325816372068E+53  7.250652784679859406E+52  1.467447047348385277E+53
  2.700024320502474040E-02  3.274999933230823334E+32 -1.163463009579044772E+41 -7.571365491118465125E+40 -1.497921068466619470E+41  2.163376855788701780E+53  7.075542994716068294E+52  1.455822556317090591E+53
  8.662041881140405963E-02  4.974584032338067650E+31 -7.767443180332210154E+38 -6.401227315844092996E+38 -7.774007459271042768E+38  7.910051836857974423E+52  2.221770511040207286E+49  7.907830066346911937E+52
  2.708155986946096661E-02  3.228623090584077419E+32 -1.140544557790541173E+41 -7.359956705474828339E+40 -1.474189072943898067E+41  2.134908174874650548E+53  6.904604403307864731E+52  1.444447734543862905E+53
  8.671308006792532996E-02  4.973307219038239352E+31 -7.756856039710277857E+38 -6.392960881029263907E+38 -7.764173684796884577E+38  7.909145353475724768E+52  2.215641387971394310E+49  7.906929712087758415E+52
  8.680574945128791131E-02  4.972032550623436118E+31 -7.746272180770303895E+38 -6.384714841684893717E+38 -7.754346764794420905E+38  7.908240139045365615E+52  2.209550326792628078E+49  7.906030588718616393E+52
  2.716292441324771184E-02  3.182987430638413593E+32 -1.118262567525160433E+41 -7.155888497266576193E+40 -1.450732107680529286E+41  2.107087961698537633E+53  6.737730109204758151E+52  1.433314950778053524E+53
  8.689842695213832735E-02  4.970760018305217442E+31 -7.735690869874551490E+38 -6.376490818603847558E+38 -7.744527913521323847E+38  7.907336188514196160E+52  2.203496983601549925E+49  7.905132691530587228E+52
  2.724433653622609572E-02  3.138080449398613879E+32 -1.096597087055356397E+41 -6.958949825026880778E+40 -1.427535119910478525E+41  2.079898207160409309E+53  6.574814324351998003E+52  1.422416774725215995E+53
  8.699111256114612500E-02  4.969489613107470617E+31 -7.725111269087490625E+38 -6.368290486257421637E+38 -7.734718219750769215E+38  7.906433496825806524E+52  2.197481013273992465E+49  7.904236015812550876E+52
  2.732579595392584798E-02  3.093889886645791361E+32 -1.075519249011808428E+41 -6.768886812822949318E+40 -1.404592521440717936E+41  2.053321266050758196E+53  6.415752560425810907E+52  1.411746010008179020E+53
  8.708380626900329158E-02  4.968221326052554413E+31 -7.714532553984785005E+38 -6.360115508635555530E+38 -7.724918706046846598E+38  7.905532058964601569E+52  2.191502068662595563E+49  7.903340556895934284E+52
  2.740730239344077793E-02  3.050403728292449246E+32 -1.055003362091531835E+41 -6.585435653796931875E+40 -1.381905425285993690E+41  2.027340335616478605E+53  6.260445590084715249E+52  1.401295776607996659E+53
  8.717650806642378292E-02  4.966955148094249488E+31 -7.703953870370695177E+38 -6.351967348110017437E+38 -7.715130309702815452E+38  7.904631869937573463E+52  2.185559800746701193E+49  7.902446310136827427E+52
  2.748885558896815851E-02  3.007610227109373292E+32 -1.035025067619916524E+41 -6.408370205055203017E+40 -1.359477953768460555E+41  2.001939232568497566E+53  6.108796769236358072E+52  1.391059555644861759E+53
  8.726921794414305156E-02  4.965691070241588459E+31 -7.693374395811967539E+38 -6.343847408921392633E+38 -7.705353924649141239E+38  7.903732924781162623E+52  2.179653858910445591E+49  7.901553270922229615E+52
  2.757045527656265885E-02  2.965497916914487968E+32 -1.015564152178694196E+41 -6.237536489176106679E+40 -1.337313007432800827E+41  1.977102478023437825E+53  5.960713222575818828E+52  1.381031155765858069E+53
  8.736193589291865735E-02  4.964429083686795968E+31 -7.682793441694294216E+38 -6.335756995926520870E+38 -7.695590350437013219E+38  7.902835218597850829E+52  2.173783892241750170E+49  7.900661434705614321E+52
  2.765210118881111442E-02  2.924055675802251665E+32 -9.966004180535797036E+40 -6.072706629702578634E+40 -1.315413417827374097E+41  1.952815347344288243E+53  5.816105447995243784E+52  1.371204802544769501E+53
  8.745466190353072544E-02  4.963169179667357832E+31 -7.672210445601063358E+38 -6.327697322680392154E+38 -7.685840288735654162E+38  7.901938746541284507E+52  2.167949550666707535E+49  7.899770796990650919E+52
  2.773379305070601195E-02  2.883272738410883460E+32 -9.781110671528488760E+40 -5.913595505904197410E+40 -1.293789198966268866E+41  1.929063940496593897E+53  5.674888249805695819E+52  1.361575115516019317E+53
  8.754739596678252911E-02  4.961911349535108062E+31 -7.661625004549848949E+38 -6.319669531762212474E+38 -7.676104326317979963E+38  7.901043503824868981E+52  2.162150484374694790E+49  7.898881353340517788E+52
  2.781553057653094255E-02  2.843138700981631998E+32 -9.600833964487795703E+40 -5.760026742863330316E+40 -1.272455792921801909E+41  1.905835270093953421E+53  5.536981700769420215E+52  1.352137100017015227E+53
  8.764013807350022611E-02  4.960655584680653062E+31 -7.651036797536370339E+38 -6.311674717374875690E+38 -7.666382979765766737E+38  7.900149485716368621E+52  2.156386345225362410E+49  7.897993099371137076E+52
  8.773288821453256725E-02  4.959401876480169700E+31 -7.640445586242696102E+38 -6.303713709646466380E+38 -7.656676692704441544E+38  7.899256687516264883E+52  2.150656782845580798E+49  7.897106030733427908E+52
  2.789731346772196183E-02  2.803643474999267124E+32 -9.425128547323004077E+40 -5.611899836605888052E+40 -1.251425538261988960E+41  1.883117029150063027E+53  5.402309208348073833E+52  1.342886108315256708E+53
  8.782564638075072982E-02  4.958150216414929046E+31 -7.629851221197488753E+38 -6.295787121452676150E+38 -7.646985836552492484E+38  7.898365104595841351E+52  2.144961448470958258E+49  7.896220143147393108E+52
  2.797914141287587836E-02  2.764777298318987293E+32 -9.253889721226872861E+40 -5.469027178135961214E+40 -1.230705247522029129E+41  1.860897166952153369E+53  5.270793469346684757E+52  1.333817820017486489E+53
  8.791841256304812335E-02  4.956900595952192370E+31 -7.619253626497775534E+38 -6.287895433544034526E+38 -7.637310673058359637E+38  7.897474732366233987E+52  2.139299992272483636E+49  7.895335432373966155E+52
  2.806101408944769449E-02  2.726530700314773782E+32 -9.086921211677396871E+40 -5.331107151067812271E+40 -1.210299774019671353E+41  1.839164052771039158E+53  5.142359244866596748E+52  1.324928128284377676E+53
  8.801118675233590705E-02  4.955653006538380086E+31 -7.608652823558444235E+38 -6.280039078083749974E+38 -7.627651378694777959E+38  7.896585566275379234E+52  2.133672066345719934E+49  7.894451894209053047E+52
  8.810396893954906827E-02  4.954407439546444486E+31 -7.598048909142077641E+38 -6.272218567556536914E+38 -7.618008064676718043E+38  7.895697601774964078E+52  2.128077322975995622E+49  7.893569524452015773E+52
  2.814293116599090455E-02  2.688894398587280676E+32 -8.924034654778130443E+40 -5.197905589014717330E+40 -1.190212870604537409E+41  1.817906753990171442E+53  5.016936882615484688E+52  1.316213065728626163E+53
  8.819675911564710258E-02  4.953163886480897914E+31 -7.587442063727848299E+38 -6.264434354306976231E+38 -7.608380789270587211E+38  7.894810834371120689E+52  2.122515417627204166E+49  7.892688318953455405E+52
  2.822489230475040689E-02  2.651859260560188526E+32 -8.765082347788530238E+40 -5.069235198478954491E+40 -1.170444112696306782E+41  1.797114680860850414E+53  4.894458812625692467E+52  1.307668799598282656E+53
  8.828955727161240385E-02  4.951922338927127458E+31 -7.576832565040979108E+38 -6.256686767282320641E+38 -7.598769527921185919E+38  7.893925259616698813E+52  2.116986006925257671E+49  7.891808273609797351E+52
  2.830689716456469274E-02  2.615416293685618069E+32 -8.609920533843563135E+40 -4.944871797596287287E+40 -1.150988141332663856E+41  1.776777259569291214E+53  4.774856623655694343E+52  1.299291597203721779E+53
  8.838236339845140233E-02  4.950682788591052743E+31 -7.566220829878605746E+38 -6.248976052489913537E+38 -7.589174192256547524E+38  7.893040873131960260E+52  2.111488751220641934E+49  7.890929384380720197E+52
  2.838894540377941839E-02  2.579556636934723214E+32 -8.458364569417786002E+40 -4.824591760263671215E+40 -1.131839475120065322E+41  1.756884166750951927E+53  4.658063591848425300E+52  1.291077807566108971E+53
  8.847517748719549435E-02  4.949445227360502789E+31 -7.555607405317730663E+38 -6.241302375635442915E+38 -7.579594666578209627E+38  7.892157670630871034E+52  2.106023316508989158E+49  7.890051647314373815E+52
  8.856799952889990446E-02  4.948209647210897128E+31 -7.544992965831019240E+38 -6.233665758811345084E+38 -7.570030823186264979E+38  7.891275647893193925E+52  2.100589373684688648E+49  7.889175058519527254E+52
  8.866082951464350492E-02  4.946976040146489137E+31 -7.534378287470732926E+38 -6.226066166425199778E+38 -7.560482457300883843E+38  7.890394800758089073E+52  2.095186596749036854E+49  7.888299614161325844E+52
  2.847103668324564574E-02  2.544271578199901556E+32 -8.310227884716628241E+40 -4.708130144219577687E+40 -1.112996669411286395E+41  1.737425345262467525E+53  4.544014179601338708E+52  1.283023927302331102E+53
  8.875366743552785820E-02  4.945744398231676865E+31 -7.523764226456691496E+38 -6.218503487983834629E+38 -7.550949277073210800E+38  7.889515125127359412E+52  2.089814664117320737E+49  7.887425310463276533E+52
  2.855317066920162392E-02  2.509552537168279459E+32 -8.165373900802929188E+40 -4.595261696927759603E+40 -1.094454313455965571E+41  1.718391104439158479E+53  4.432645530681341389E+52  1.275126551371020937E+53
  8.884651328267727244E-02  4.944514713729042866E+31 -7.513151762850075298E+38 -6.210977595183499057E+38 -7.541430940308251545E+38  7.888636616984223620E+52  2.084473257636365365E+49  7.886552143726591873E+52
  2.863534703566015735E-02  2.475391048435397874E+32 -8.023709032075549239E+40 -4.485824848794840363E+40 -1.076203588478276026E+41  1.699772058939421036E+53  4.323897233105308158E+52  1.267382335628891868E+53
  2.871756546627362780E-02  2.441778759348700409E+32 -7.885109420979279276E+40 -4.379704721242836482E+40 -1.058232065794890344E+41  1.681558920150833865E+53  4.217708946958767280E+52  1.259788025454959689E+53
  2.879982565564698574E-02  2.408707444805893331E+32 -7.749464976932381247E+40 -4.276761422074836269E+40 -1.040533436754891510E+41  1.663742542144157725E+53  4.114020818562291110E+52  1.252340460287927444E+53
  8.893936704723910680E-02  4.943286978948584491E+31 -7.502541986341260075E+38 -6.203488466904500776E+38 -7.531927010999419940E+38  7.887759272326033795E+52  2.079162061889398561E+49  7.885680110264170988E+52
  2.888212731021510410E-02  2.376169049441755027E+32 -7.616698928413446302E+40 -4.176836454129457579E+40 -1.023102679857737362E+41  1.646314010437902194E+53  4.012774315306392313E+52  1.245036578907267801E+53
  8.903222872038393798E-02  4.942061186251836483E+31 -7.491936079861289120E+38 -6.196036096627465519E+38 -7.522437015935894116E+38  7.886883087202376439E+52  2.073880764386703732E+49  7.884809206438031699E+52
  8.912509829330675371E-02  4.940837328088215931E+31 -7.481335319503800850E+38 -6.188620462388081957E+38 -7.512960453361064088E+38  7.886008057735559585E+52  2.068629057129495808E+49  7.883939428678430138E+52
  8.921797575722693885E-02  4.939615396925398412E+31 -7.470741021928214588E+38 -6.181241516888871274E+38 -7.503496771635432295E+38  7.885134180079491803E+52  2.063406635042657072E+49  7.883070773444476257E+52
  2.896447014840586656E-02  2.344155653940615954E+32 -7.486713452666146709E+40 -4.079769327658373423E+40 -1.005929791627550026E+41  1.629264701923963300E+53  3.913912881821875265E+52  1.237873413741784812E+53
  8.931086110338722073E-02  4.938395385285434168E+31 -7.460154599049999310E+38 -6.173899227034165382E+38 -7.494045361710660499E+38  7.884261450437306695E+52  2.058213197872514649E+49  7.882203237239438023E+52
  8.940375432305253112E-02  4.937177285785896590E+31 -7.449577516209304562E+38 -6.166593541944927877E+38 -7.484605534181201897E+38  7.883389865059157446E+52  2.053048447401825917E+49  7.881336816611721859E+52
  2.904685390002187742E-02  2.312659460302861286E+32 -7.359379510154393538E+40 -3.985462242518509468E+40 -9.890072322565898219E+40  1.612586159075530262E+53  3.817380735989488067E+52  1.230848085476573533E+53
  8.949665540750935400E-02  4.935961091109723411E+31 -7.439011328519566851E+38 -6.159324421451633511E+38 -7.475176555577445026E+38  7.882519420236913729E+52  2.047912089398508524E+49  7.880471508147506597E+52
  8.958956434806543412E-02  4.934746794128623445E+31 -7.428457653020671060E+38 -6.152091801986596218E+38 -7.465757656586321685E+38  7.881650112372101210E+52  2.042803834985702426E+49  7.879607308537127246E+52
  2.912927830508148241E-02  2.281672811390587518E+32 -7.234616496097543520E+40 -3.893860171811000284E+40 -9.723308551956502191E+40  1.596270174073237550E+53  3.723123654321148527E+52  1.223957808641121528E+53
  8.968248113604979088E-02  4.933534387772744218E+31 -7.417918100228068451E+38 -6.144895576331808037E+38 -7.456348052997856861E+38  7.880781937908308712E+52  2.037723398611715256E+49  7.878744214509723763E+52
  2.921174311217794931E-02  2.251188204474632991E+32 -7.112393864192327272E+40 -3.804867238242035487E+40 -9.558959416289439458E+40  1.580308804894763902E+53  3.631089247398788047E+52  1.217199880154886745E+53
  8.977540576281284324E-02  4.932323864985837725E+31 -7.407394270716835865E+38 -6.137735618536462798E+38 -7.446946881697929329E+38  7.879914893331102076E+52  2.032670497982871388E+49  7.877882222833102821E+52
  2.929424807659902069E-02  2.221198256795789332E+32 -6.992701887886442790E+40 -3.718353100190126592E+40 -9.396966407210940671E+40  1.564694412216506682E+53  3.541227340295018109E+52  1.210571678187004073E+53
  8.986833821972671499E-02  4.931115218817250965E+31 -7.396887756165812870E+38 -6.130611822743307357E+38 -7.437553320288036055E+38  7.879048975184674604E+52  2.027644854715395460E+49  7.877021330329938430E+52
  2.937679295836506319E-02  2.191695709824788044E+32 -6.875480967349750150E+40 -3.634228312616508916E+40 -9.237320813765446848E+40  1.549419576740278792E+53  3.453489421245402022E+52  1.204070634615741674E+53
  2.945937752034070642E-02  2.162673441034966821E+32 -6.760658654210438704E+40 -3.552429047845755388E+40 -9.080067976170041954E+40  1.534477151255117566E+53  3.367828728085125108E+52  1.197694278446603301E+53
  8.996127849818565114E-02  4.929908442444035905E+31 -7.386400129336090279E+38 -6.123524054182349151E+38 -7.428166619022915138E+38  7.878184180076928965E+52  2.022646194599595662E+49  7.876161533882354058E+52
  9.005422658960626769E-02  4.928703529014937591E+31 -7.375932985108671081E+38 -6.116472065580656616E+38 -7.418786072371617661E+38  7.877320504635881706E+52  2.017674245862720068E+49  7.875302830390021110E+52
  2.954200152646230954E-02  2.134124464139827218E+32 -6.648211830913369218E+40 -3.472863514784514274E+40 -8.925257522083352680E+40  1.519860206620487107E+53  3.284199866311441417E+52  1.191440219989339881E+53
  2.962466474029192345E-02  2.106041933354852593E+32 -6.538107894500384872E+40 -3.395431162568409666E+40 -8.772878547099467287E+40  1.505561762652342923E+53  3.202556435583498636E+52  1.185306119093993804E+53
  9.014718248542746837E-02  4.927500471742474737E+31 -7.365487942028794588E+38 -6.109455598211641807E+38 -7.409411004956110673E+38  7.876457945535330114E+52  2.012728739271262802E+49  7.874445216796070365E+52
  2.970736692400664791E-02  2.078419122599585623E+32 -6.430237976300877375E+40 -3.320080558453947381E+40 -8.622910789232885569E+40  1.491575018704567142E+53  3.122853192701760396E+52  1.179289699434384191E+53
  9.024014617711054176E-02  4.926299263931439414E+31 -7.355066624280453525E+38 -6.102474407797900934E+38 -7.400040762460937809E+38  7.875596499515378684E+52  2.007809409804914332E+49  7.873588690105621416E+52
  9.033311765613952216E-02  4.925099898950663976E+31 -7.344670641404774454E+38 -6.095528242931704121E+38 -7.390674719422808890E+38  7.874736163371857401E+52  2.002915996484846240E+49  7.872733247375380662E+52
  2.979010783795616596E-02  2.051249381122989964E+32 -6.324505291636841150E+40 -3.246735687583715891E+40 -8.475386012078672100E+40  1.477893474078516973E+53  3.045047424577105510E+52  1.173388731620799882E+53
  9.042609691401658212E-02  4.923902370151895921E+31 -7.334301567795203301E+38 -6.088616799936902907E+38 -7.381312296119269444E+38  7.873876933928212295E+52  1.998048239735579440E+49  7.871878885688456161E+52
  9.051908394226831911E-02  4.922706670957874792E+31 -7.323960955886239270E+38 -6.081739788758778458E+38 -7.371952972949489885E+38  7.873018808066329697E+52  1.993205883160398445E+49  7.871025602183169976E+52
  2.987288724059844122E-02  2.024526129913456964E+32 -6.220850355604876281E+40 -3.175293268800760222E+40 -8.330350997022879638E+40  1.464510807109012951E+53  2.969097912369898143E+52  1.167601015872022073E+53
  9.061207873244625510E-02  4.921512794823160763E+31 -7.313650372667606648E+38 -6.074896970579686838E+38 -7.362596282224604410E+38  7.872161782715282473E+52  1.988388673638501056E+49  7.870173394041649143E+52
  9.070508127612603166E-02  4.920320735208522672E+31 -7.303371382397782198E+38 -6.068088103672066416E+38 -7.353241802344088649E+38  7.871305854831107673E+52  1.983596360395818931E+49  7.869322258470703930E+52
  2.995570488889552629E-02  1.998242846815168026E+32 -6.119180377896300963E+40 -3.105653281351991585E+40 -8.187816214763703669E+40  1.451420693526580451E+53  2.894963410105411397E+52  1.161924352516037929E+53
  9.079809156490652178E-02  4.919130485561261792E+31 -7.293125509410328463E+38 -6.061312882912690572E+38 -7.343889176877638235E+38  7.870451021404608574E+52  1.978828693497917068E+49  7.868472192711113294E+52
  3.003856053896435119E-02  1.972393046459119719E+32 -6.019399588843119356E+40 -3.037724322608938495E+40 -8.047719612474127397E+40  1.438616798049712768E+53  2.822602722946879469E+52  1.156356525755024024E+53
  9.089110959040933024E-02  4.917942039336017561E+31 -7.282914260554228706E+38 -6.054570971913099183E+38 -7.334538150268728640E+38  7.869597279464695823E+52  1.974085424857927930E+49  7.867623194039808001E+52
  3.012145394700177850E-02  1.946970272064395955E+32 -5.921423437777912721E+40 -2.971468566767718738E+40 -7.909937743669817930E+40  1.426092919603165134E+53  2.751976128272291383E+52  1.150895306775942961E+53
  9.098413534427872429E-02  4.916755390019541885E+31 -7.272739136481866049E+38 -6.047862079615436993E+38 -7.325188508221210619E+38  7.868744626085163311E+52  1.969366308808639489E+49  7.866775259776354073E+52
  9.107716881818188337E-02  4.915570531072943172E+31 -7.262601603701402786E+38 -6.041185905536866603E+38 -7.315840099622209786E+38  7.867893058360086821E+52  1.964671101541559712E+49  7.865928387258531144E+52
  3.020438487032230807E-02  1.921968101157334196E+32 -5.825178782357321163E+40 -2.906830991709431912E+40 -7.774413986237551116E+40  1.413842944203189159E+53  2.683044685945863646E+52  1.145538475608605241E+53
  9.117021000381322904E-02  4.914387455940782705E+31 -7.252503083638655306E+38 -6.034542161758605362E+38 -7.306492794098962487E+38  7.867042573395849727E+52  1.959999560496027003E+49  7.865082573835382195E+52
  3.028735306949872225E-02  1.897380152398014751E+32 -5.730612757328028563E+40 -2.843756946951806588E+40 -7.641141581017172629E+40  1.401860710741134102E+53  2.615768838857033605E+52  1.140283826855424149E+53
  9.126325889288923465E-02  4.913206158055704343E+31 -7.242444962483178344E+38 -6.027930537757043187E+38 -7.297146462866073025E+38  7.866193168315601749E+52  1.955351444328540860E+49  7.864237816871275675E+52
  3.037035830862653413E-02  1.873200069524602405E+32 -5.637668006077015706E+40 -2.782192088452314424E+40 -7.510048244991379804E+40  1.390140094070155391E+53  2.550109502593410965E+52  1.135129143810814986E+53
  9.135631547714656575E-02  4.912026630873196902E+31 -7.232428588440678822E+38 -6.021350761180293946E+38 -7.287801008513920359E+38  7.865344840277314129E+52  1.950726514567326730E+49  7.863394113762770744E+52
  3.045340036225672661E-02  1.849421538476617315E+32 -5.546255506937926167E+40 -2.722086959010174888E+40 -7.381016092204307410E+40  1.378675083430622147E+53  2.486028541927078199E+52  1.130072229237914647E+53
  9.144937974834244088E-02  4.910848867851136108E+31 -7.222455256650155096E+38 -6.014802544830203581E+38 -7.278456386961270059E+38  7.864497586466803841E+52  1.946124533525521791E+49  7.862551461933257826E+52
  9.154245169825570017E-02  4.909672862480263154E+31 -7.212526218048034225E+38 -6.008285596240817461E+38 -7.269112637709888127E+38  7.863651404090698253E+52  1.941545265871032151E+49  7.861709858824816293E+52
  3.053647900834380313E-02  1.826038324290509939E+32 -5.456330889520634479E+40 -2.663418689625890500E+40 -7.253980056442718795E+40  1.367459839993479642E+53  2.423489021762279420E+52  1.125110937817249041E+53
  9.163553131868772128E-02  4.908498608328737913E+31 -7.202642700354574140E+38 -6.001799619693774582E+38 -7.259769802608198566E+38  7.862806290401831884E+52  1.936988478369385130E+49  7.860869301923474044E+52
  9.172861860146273860E-02  4.907326099052916951E+31 -7.192805885997385158E+38 -5.995344277228267766E+38 -7.250427946935968188E+38  7.861962242697406763E+52  1.932453940742833972E+49  7.860029788756671346E+52
  3.061959402491144094E-02  1.803044262796259111E+32 -5.367853247150487855E+40 -2.606182030911454210E+40 -7.128903070567627026E+40  1.356488663842226734E+53  2.362455140055021979E+52  1.120243149836723207E+53
  9.182171353842769057E-02  4.906155328397023865E+31 -7.183016894975804109E+38 -5.988919195814543514E+38 -7.241087177334269284E+38  7.861119258320378005E+52  1.927941425850065841E+49  7.859191316894516683E+52
  3.070274519407830555E-02  1.780433245103674333E+32 -5.280788628569459923E+40 -2.550348609331050712E+40 -7.005750648284169901E+40  1.345755974040682053E+53  2.302892093043566872E+52  1.115466764736322947E+53
  9.191481612145185887E-02  4.904986290179906898E+31 -7.173276779423671890E+38 -5.982524008036023888E+38 -7.231747627566709003E+38  7.860277334648939094E+52  1.923450708576886545E+49  7.858353883940367317E+52
  3.078593230386191676E-02  1.758199244383867365E+32 -5.195090308522861856E+40 -2.495882156644564215E+40 -6.884472554995551746E+40  1.335256313292900909E+53  2.244765756916372278E+52  1.110779737601266818E+53
  9.200792634242688228E-02  4.903818978278159445E+31 -7.163586544649968040E+38 -5.976158332532540732E+38 -7.222409451140511855E+38  7.859436469095378742E+52  1.918981566043742625E+49  7.857517487529356501E+52
  3.086915514992655957E-02  1.736336324484833230E+32 -5.110694798093123027E+40 -2.442782761828060749E+40 -6.765003889342047621E+40  1.324984332243141522E+53  2.188042495338980406E+52  1.106180082709240743E+53
  9.210104419326699265E-02  4.902653386610835743E+31 -7.153947147084165753E+38 -5.969821762356754019E+38 -7.213072828762010569E+38  7.858596659092164405E+52  1.914533776606662168E+49  7.856682125315583979E+52
  9.219416966590911200E-02  4.901489509124782640E+31 -7.144359508293611907E+38 -5.963513883885620233E+38 -7.203737971880875079E+38  7.857757902102512306E+52  1.910107120127705195E+49  7.855847794982395699E+52
  3.095241354198895872E-02  1.714838642518523564E+32 -5.027586217740222475E+40 -2.391031235446814311E+40 -6.647295136114389764E+40  1.314934721904527108E+53  2.132688541072563677E+52  1.101665867797269012E+53
  9.228730275231274149E-02  4.900327339809833842E+31 -7.134824512359828605E+38 -5.957234279476042746E+38 -7.194405127371913500E+38  7.856920195609049650E+52  1.905701378381973016E+49  7.855014494230648328E+52
  3.103570730241673667E-02  1.693700454521737322E+32 -4.945757589676734807E+40 -2.340574428051103265E+40 -6.531334644571783541E+40  1.305102344401343695E+53  2.078671279960054581E+52  1.097235216405334648E+53
  9.238044344445994760E-02  4.899166872751910959E+31 -7.125343016063616490E+38 -5.950982517888970390E+38 -7.185074592108875376E+38  7.856083537136313667E+52  1.901316335642267083E+49  7.854182220800667034E+52
  9.247359173435551472E-02  4.898008102037850730E+31 -7.115915809559686132E+38 -5.944758147234203096E+38 -7.175746685019149113E+38  7.855247924214278665E+52  1.896951776179107614E+49  7.853350972438094960E+52
  3.111903625687911096E-02  1.672916119773811452E+32 -4.865174558457030937E+40 -2.291376458963450421E+40 -6.417104995682174602E+40  1.295482303256838355E+53  2.025959988360157769E+52  1.092886304420821967E+53
  9.256674761402698681E-02  4.896851021751957070E+31 -7.106543619955906565E+38 -5.938560713347527150E+38 -7.166421748895388693E+38  7.854413354380746506E+52  1.892607485126535592E+49  7.852520746895598889E+52
  9.265991107552451478E-02  4.895695625997517468E+31 -7.097227113226850500E+38 -5.932389780050924687E+38 -7.157100130014852858E+38  7.853579825205829928E+52  1.888283249126600383E+49  7.851691541956723041E+52
  3.120240022318860468E-02  1.652480119241053720E+32 -4.785812328333836402E+40 -2.243419891464719574E+40 -6.304579280463018855E+40  1.286069754952578807E+53  1.974523642763605265E+52  1.088617390676218494E+53
  9.275308211092085642E-02  4.894541908921467398E+31 -7.087966891567114185E+38 -5.926244910015595308E+38 -7.147782169140161310E+38  7.852747334300581890E+52  1.883978856221391374E+49  7.850863355444401444E+52
  3.128579898656429215E-02  1.632387066607166443E+32 -4.707651934068497965E+40 -2.196680274298155111E+40 -6.193714155984863752E+40  1.276860011801571154E+53  1.924332130175494711E+52  1.084426798784024687E+53
  9.284626071231132094E-02  4.893389864676883445E+31 -7.078763474033432006E+38 -5.920125702972290104E+38 -7.138468218093099502E+38  7.851915879286611551E+52  1.879694095957991945E+49  7.850036185190650476E+52
  9.293944687181324160E-02  4.892239487407074785E+31 -7.069617302335098711E+38 -5.914031759158312172E+38 -7.129158625386816346E+38  7.851085457798013239E+52  1.875428759133339611E+49  7.849210029038875343E+52
  9.303264058156660021E-02  4.891090771267178850E+31 -7.060528734836739271E+38 -5.907962685361353867E+38 -7.119853753411886464E+38  7.850256067484862859E+52  1.871182637723354280E+49  7.848384884847149543E+52
  3.136923233699757257E-02  1.612631667464254250E+32 -4.630711013411219381E+40 -2.151132133076658231E+40 -6.084495094745659035E+40  1.267848660783700606E+53  1.875357493111978875E+52  1.080312911472502984E+53
  9.312584183373424918E-02  4.889943710406128010E+31 -7.051498045382308153E+38 -5.901918051221878715E+38 -7.110553935599232698E+38  7.849427706018163680E+52  1.866955525326237352E+49  7.847560750492842715E+52
  3.145270007073561191E-02  1.593208706645827187E+32 -4.554976416618730884E+40 -2.106748854350348312E+40 -5.976944824445749099E+40  1.259031452982426852E+53  1.827572974196710738E+52  1.076274155562754688E+53
  9.321905062050023227E-02  4.888798299001901053E+31 -7.042525452878779542E+38 -5.895897385158551779E+38 -7.101259498884074390E+38  7.848600371094752782E+52  1.862747216435390234E+49  7.846737623878358644E+52
  3.153620198881443987E-02  1.574113040052733709E+32 -4.480432695181945493E+40 -2.063499674588789290E+40 -5.871045722429670819E+40  1.250404167475505325E+53  1.780951601543765764E+52  1.072309007321131912E+53
  9.331226693406831363E-02  4.887654531301295371E+31 -7.033611096285938348E+38 -5.889900162385702420E+38 -7.091970751708227181E+38  7.847774060462120405E+52  1.858557508119151450E+49  7.845915502953997987E+52
  3.161973789770987364E-02  1.555339607479745684E+32 -4.407066232469002802E+40 -2.021342764597465095E+40 -5.766750035644685101E+40  1.241962540415417962E+53  1.735465593806082157E+52  1.068415981034813256E+53
  3.170330760661250330E-02  1.536883436515604335E+32 -4.334858416846173528E+40 -1.980245848430041833E+40 -5.664049282100127360E+40  1.233702399443623169E+53  1.691087738330314223E+52  1.064593625610590311E+53
  9.340549076666197770E-02  4.886512401584535876E+31 -7.024755041318332486E+38 -5.883925840034169797E+38 -7.082687988457797691E+38  7.846948771903238667E+52  1.854386198979032375E+49  7.845094385704284234E+52
  3.178691092598701778E-02  1.518739638537279138E+32 -4.263824879443892528E+40 -1.940174080937565833E+40 -5.562965606477141736E+40  1.225619794043502339E+53  1.647792605124846070E+52  1.060840533531021507E+53
  9.349872211052598359E-02  4.885371904153181930E+31 -7.015957273158514820E+38 -5.877973840326645971E+38 -7.073411495645185875E+38  7.846124503223154441E+52  1.850233088737588532E+49  7.844274270134419411E+52
  9.359196095792711445E-02  4.884233033345505339E+31 -7.007217680882569693E+38 -5.872043590970577398E+38 -7.064141583997355229E+38  7.845301252251918977E+52  1.846097979283294571E+49  7.843455154272618203E+52
  3.187054766314691839E-02  1.500903374918054337E+32 -4.193944402348090671E+40 -1.901074182468853810E+40 -5.463509641230229374E+40  1.217710889353884642E+53  1.605555710554035762E+52  1.057155318298485133E+53
  9.368520730115534323E-02  4.883095783499066340E+31 -6.998536085235283369E+38 -5.866134519192614691E+38 -7.054878559664206580E+38  7.844479016842722722E+52  1.841980674590530715E+49  7.842637036168130060E+52
  3.195421762671212668E-02  1.483369843060190076E+32 -4.125195268734371221E+40 -1.862913705396524895E+40 -5.365634890465402026E+40  1.209971892029286001E+53  1.564352828846180778E+52  1.053536609144669013E+53
  3.203792062880900932E-02  1.466134283430832690E+32 -4.057558300160410877E+40 -1.825678174251597478E+40 -5.269290809215992064E+40  1.202399059711898465E+53  1.524160041153944658E+52  1.049983055596504185E+53
  9.377846113252423510E-02  4.881960148977014624E+31 -6.989912248368123118E+38 -5.860246081363593705E+38 -7.045622736849764486E+38  7.843657794884114652E+52  1.837880980840857413E+49  7.841819913903291577E+52
  3.212165648489824499E-02  1.449192005291487217E+32 -3.991010535314651117E+40 -1.789377150175813980E+40 -5.174470050933950636E+40  1.194988654047302105E+53  1.484953179419053822E+52  1.046493336105394384E+53
  9.387172244437104462E-02  4.880826124174116052E+31 -6.981345867210400753E+38 -5.854377737171023167E+38 -7.036374398120921174E+38  7.842837584310070378E+52  1.833798706187940341E+49  7.841003785603884899E+52
  3.220542501421846254E-02  1.432538393818674809E+32 -3.925520356377554222E+40 -1.753985213581431519E+40 -5.081166180275262160E+40  1.187737028131872926E+53  1.446708634930908430E+52  1.043066164638787479E+53
  9.396499122905634105E-02  4.879693703494486857E+31 -6.972836586861731710E+38 -5.848528941138358231E+38 -7.027133843935341184E+38  7.842018383086934868E+52  1.829733661330043698E+49  7.840188649425630641E+52
  3.228922603946991765E-02  1.416168903259473159E+32 -3.861058212224535014E+40 -1.719467772891344721E+40 -4.989369065606403292E+40  1.180640688531879511E+53  1.409404072409516164E+52  1.039700281290929171E+53
  3.237305938438586606E-02  1.400079057206810566E+32 -3.797600825250813356E+40 -1.685806382594255505E+40 -4.899049732959932960E+40  1.173696252340412128E+53  1.373017868038420545E+52  1.036394465536566405E+53
  3.245692487189451303E-02  1.384264457097923436E+32 -3.735145566090320710E+40 -1.652982224381890474E+40 -4.810164003799995962E+40  1.166900356201488262E+53  1.337528304652476899E+52  1.033147525736234671E+53
  9.405826747896349482E-02  4.878562881368102943E+31 -6.964383997269350785E+38 -5.842699159372437236E+38 -7.017901405252286430E+38  7.841200189214734666E+52  1.825685658609988389E+49  7.839374503556098781E+52
  3.254082232882721248E-02  1.368720797976715389E+32 -3.673676134718188764E+40 -1.620985745604421906E+40 -4.722662475981080842E+40  1.160249738258180173E+53  1.302914357519374019E+52  1.029958302506244632E+53
  9.415155118649856658E-02  4.877433652253406566E+31 -6.955987632731763463E+38 -5.836887891886463196E+38 -7.008677426358999840E+38  7.840383000733447592E+52  1.821654512898148314E+49  7.838561346220527495E+52
  3.262475158651108320E-02  1.353443852226204709E+32 -3.613173566623649810E+40 -1.589790170095230954E+40 -4.636603678822305192E+40  1.153741273215652175E+53  1.269156057629243723E+52  1.026825667452728574E+53
  9.424484234409308270E-02  4.876306010600273233E+31 -6.947646965808537293E+38 -5.831094636089528282E+38 -6.999462260409974600E+38  7.839566815702434801E+52  1.817640040769814527E+49  7.837749175661656104E+52
  3.270871248068446535E-02  1.338429436031633842E+32 -3.553605609509535449E+40 -1.559375842905876526E+40 -4.552027739136852356E+40  1.147371936089833303E+53  1.236234228616811333E+52  1.023748513228152595E+53
  9.433814094420905905E-02  4.875179950856635602E+31 -6.939361419695383393E+38 -5.825318928344357662E+38 -6.990256254847305750E+38  7.838751632184633601E+52  1.813642060783544923E+49  7.836937990123843462E+52
  9.443144697933002207E-02  4.874055467486097051E+31 -6.931130379850142186E+38 -5.819560308289572307E+38 -6.981059779580016609E+38  7.837937448252619800E+52  1.809660393645220573E+49  7.836127787858962282E+52
  3.279270484930646434E-02  1.323673405127440334E+32 -3.494962247038134828E+40 -1.529700763616740504E+40 -4.468894307336484057E+40  1.141138702775001130E+53  1.204129512484092039E+52  1.020725751526594930E+53
  9.452476044196084226E-02  4.872932554877253511E+31 -6.922953160522889299E+38 -5.813818376461022567E+38 -6.971873255478540089E+38  7.837124261947967356E+52  1.805694861219173822E+49  7.835318567086751988E+52
  3.287672853419626451E-02  1.309171678411960733E+32 -3.437253649070062593E+40 -1.500732332774156326E+40 -4.387116787877146960E+40  1.135038514151552076E+53  1.172822023609654345E+52  1.017756311790585126E+53
  3.296078338105967037E-02  1.294920248618932746E+32 -3.380470363038261268E+40 -1.472466930257683841E+40 -4.306649346122394520E+40  1.129068412065751655E+53  1.142292680614556148E+52  1.014839144004296958E+53
  9.461808132462781740E-02  4.871811207407148278E+31 -6.914829030950991606E+38 -5.808092793120783333E+38 -6.962697098273790674E+38  7.836312071313004163E+52  1.801745286959275361E+49  7.834510326026035368E+52
  9.471140961987849216E-02  4.870691419422939659E+31 -6.906757229189215582E+38 -5.802383309175975887E+38 -6.953531723843104919E+38  7.835500874373138639E+52  1.797811496376546255E+49  7.833703062876797392E+52
  3.304486923805928511E-02  1.280915184852890688E+32 -3.324600140539989487E+40 -1.444904710775967398E+40 -4.227555482117186786E+40  1.123225575044065410E+53  1.112523468855545812E+52  1.011973228158511826E+53
  9.480474532028074219E-02  4.869573185265623238E+31 -6.898736966050559507E+38 -5.796689750272380835E+38 -6.944377599203799403E+38  7.834690669144661762E+52  1.793893317289028915E+49  7.832896775827377928E+52
  3.312898595544393893E-02  1.267152598744796942E+32 -3.269624034690797882E+40 -1.417987880895425846E+40 -4.149891231098484331E+40  1.117507280920150720E+53  1.083497188818414102E+52  1.009157562038305070E+53
  9.489808841842641007E-02  4.868456499289886442E+31 -6.890767431583641747E+38 -5.791011939863101665E+38 -6.935235210295104205E+38  7.833881453650996614E+52  1.789990578985191255E+49  7.832091463071994160E+52
  3.321313338621353917E-02  1.253628632896081482E+32 -3.215532294868244871E+40 -1.391683286026007375E+40 -4.073625306796087803E+40  1.111910818329688802E+53  1.055196626069422140E+52  1.006391155722744328E+53
  9.499143890693130532E-02  4.867341355859815709E+31 -6.882847800794667543E+38 -5.785349726012931493E+38 -6.926105039961907054E+38  7.833073225921684981E+52  1.786103114381063820E+49  7.831287122807327128E+52
  3.329731138529058720E-02  1.240339461061156009E+32 -3.162318573589184549E+40 -1.365995925998795592E+40 -3.998648293651253073E+40  1.106433490822615023E+53  1.027604634686018707E+52  1.003673027354015319E+53
  3.338151980894723397E-02  1.227281301220427642E+32 -3.109972430862903225E+40 -1.340945597504604924E+40 -3.924895369087604582E+40  1.101072620260952117E+53  1.000704071734021769E+52  1.001002213087553662E+53
  9.508479677843133249E-02  4.866227749326452354E+31 -6.874977217783735161E+38 -5.779702976129425168E+38 -6.916987580391106219E+38  7.832265983987168269E+52  1.782230758061182547E+49  7.830483753229107208E+52
  3.346575851455883127E-02  1.214450440707184401E+32 -3.058471937613078842E+40 -1.316490071270823931E+40 -3.852367278601794745E+40  1.095825588193818037E+53  9.744780721694687522E+51  9.983777809768700058E+52
  9.517816202558011807E-02  4.865115674051751710E+31 -6.867154807634186116E+38 -5.774071507593227608E+38 -6.907883321151580435E+38  7.831459725881190750E+52  1.778373346486804029E+49  7.829681352534718336E+52
  3.355002736040370998E-02  1.201843240442100071E+32 -3.007791537640961101E+40 -1.292586493950212528E+40 -3.781110474971852539E+40  1.090689825628450814E+53  9.489100378404983707E+51  9.957988218443989700E+52
  9.527153464104795577E-02  4.864005124403909303E+31 -6.859379666247158985E+38 -5.768455096602995200E+38 -6.898792768455620156E+38  7.830654449642041595E+52  1.774530718838978747E+49  7.828879918923173549E+52
  9.536491461752269472E-02  4.862896094765990640E+31 -6.851650870425294071E+38 -5.762853518282380291E+38 -6.889716470439809002E+38  7.829850153320021938E+52  1.770702716465182039E+49  7.828079450603560371E+52
  3.363432620535847239E-02  1.189456118677378941E+32 -2.957890990031719485E+40 -1.269213206574069426E+40 -3.711162970823407272E+40  1.085662881941064391E+53  9.239844217704330331E+51  9.932644397640218850E+52
  9.545830194790960732E-02  4.861788579541707533E+31 -6.843967490244299962E+38 -5.757266489840401143E+38 -6.880654983983135079E+38  7.829046834976074184E+52  1.766889183571780615E+49  7.827279945792502515E+52
  3.371865490820712130E-02  1.177285545153386984E+32 -2.908769794302887994E+40 -1.246398827211934405E+40 -3.642463219848067999E+40  1.080742411363940640E+53  8.996865247161827944E+51  9.907737588923227192E+52
  9.555169662521860452E-02  4.860682573194032858E+31 -6.836328596556109310E+38 -5.751693718187729594E+38 -6.871608880873407267E+38  7.828244492702192566E+52  1.763089967328718086E+49  7.826481402734846927E+52
  3.380301332742283865E-02  1.165328029576326243E+32 -2.860419437176855989E+40 -1.224142956355751562E+40 -3.574923556332254482E+40  1.075926112141211396E+53  8.760018500970327903E+51  9.883259271315074261E+52
  3.388740132172680247E-02  1.153580112996402827E+32 -2.812817875474087478E+40 -1.202423007798831242E+40 -3.508545432263803201E+40  1.071211708996254421E+53  8.529160357530200898E+51  9.859201054209494614E+52
  3.397181875047007582E-02  1.142038385913835303E+32 -2.765932891103700294E+40 -1.181212470610166591E+40 -3.443380052728535102E+40  1.066596895641023665E+53  8.304142558949708688E+51  9.835554700515273626E+52
  9.564509864239781334E-02  4.859578070210145440E+31 -6.828733245438387440E+38 -5.746134900782098936E+38 -6.862578748554588984E+38  7.827443124597499171E+52  1.759304916744736775E+49  7.825683819680775542E+52
  9.573850799234762121E-02  4.858475065102408232E+31 -6.821180477830382732E+38 -5.740589759060694103E+38 -6.853565210708781418E+38  7.826642728765934268E+52  1.755533883149018290E+49  7.824887194882781026E+52
  9.583192466793732933E-02  4.857373552443464868E+31 -6.813669314963930515E+38 -5.735058041675273436E+38 -6.844568911676956676E+38  7.825843303335915066E+52  1.751776721111486206E+49  7.824091526614803403E+52
  3.405626547395288611E-02  1.130699500242169732E+32 -2.719766545389825736E+40 -1.160466873736018492E+40 -3.379444735821489897E+40  1.062079394779834443E+53  8.084818035987521814E+51  9.812312144199594238E+52
  9.592534866202206967E-02  4.856273526840958257E+31 -6.806198782126875712E+38 -5.729539530836952904E+38 -6.835590561036453240E+38  7.825044846441161860E+52  1.748033287640414993E+49  7.823296813153497513E+52
  3.414074135330235488E-02  1.119560176051194767E+32 -2.674333533813823412E+40 -1.140174561645703458E+40 -3.316660698543077126E+40  1.057657070399691886E+53  7.871051176455132318E+51  9.789465586351403764E+52
  9.601877996745598887E-02  4.855174982957633749E+31 -6.798767910734966175E+38 -5.724034015052087896E+38 -6.826630913484979238E+38  7.824247356236133028E+52  1.744303442665681493E+49  7.822503052793481916E+52
  3.422524625046521884E-02  1.108617205119340691E+32 -2.629632839377872006E+40 -1.120357630641157272E+40 -3.254985142267287975E+40  1.053327857231775858E+53  7.662711177120405404E+51  9.767007454605716973E+52
  3.430978002797498844E-02  1.097867422635463197E+32 -2.585643106351683935E+40 -1.101013047630390682E+40 -3.194473786661477976E+40  1.049089780168953240E+53  7.459674707523320018E+51  9.744930330937195081E+52
  9.611221857710121330E-02  4.854077915519971637E+31 -6.791375748827728521E+38 -5.718541324724642951E+38 -6.817690743921698493E+38  7.823450830895541193E+52  1.740587048699218568E+49  7.821710243846860366E+52
  3.439434254881350989E-02  1.087307681531249969E+32 -2.542350840276440166E+40 -1.082075679286830048E+40 -3.135171069303594888E+40  1.044940878175506262E+53  7.261819190741586918E+51  9.723226862680917619E+52
  9.620566448383376101E-02  4.852982319319571563E+31 -6.784021356806375973E+38 -5.713061285807012484E+38 -6.808770870145075737E+38  7.822655268621842626E+52  1.736883971076389918E+49  7.820918384650778212E+52
  3.447893367654926433E-02  1.076934859063589668E+32 -2.499769945745848839E+40 -1.063533832834202305E+40 -3.077007327561392351E+40  1.040879132937648821E+53  7.069015876232311847E+51  9.701889741753231108E+52
  9.629911768054713606E-02  4.851888189179715989E+31 -6.776703797991390489E+38 -5.707593686590462827E+38 -6.799872135151549011E+38  7.821860667624220554E+52  1.733194077139567083E+49  7.820127473547095839E+52
  3.456355327574339720E-02  1.066745873450866788E+32 -2.457911848139665447E+40 -1.045406193181078867E+40 -3.019865653888012935E+40  1.036902533115240197E+53  6.881135162378513678E+51  9.680911814914567347E+52
  3.464820121230301198E-02  1.056737701163939395E+32 -2.416752370000529287E+40 -1.027714951694221273E+40 -2.963748161954181350E+40  1.033009117839454104E+53  6.698050730832972257E+51  9.660286105311273859E+52
  9.639257816015439628E-02  4.850795519921915666E+31 -6.769422139190566781E+38 -5.702138347705990101E+38 -6.790995440277699088E+38  7.821067026094050801E+52  1.729517235977227953E+49  7.819337508858116967E+52
  3.473287735378382396E-02  1.046907382192694108E+32 -2.376263881599505757E+40 -1.010417040324005338E+40 -2.908721214036795957E+40  1.029197114507936656E+53  6.519652842426275517E+51  9.640005860836760810E+52
  9.648604591558919419E-02  4.849704306385306628E+31 -6.762175463979818021E+38 -5.696695133700035798E+38 -6.782141724799036914E+38  7.820274342209617894E+52  1.725853319481375548E+49  7.818548488890158423E+52
  9.657952093980626262E-02  4.848614543438471247E+31 -6.754962863003190280E+38 -5.691263947565306369E+38 -6.773311995370179223E+38  7.819482614135250525E+52  1.722202201308047455E+49  7.817760411933907443E+52
  9.667300322578159522E-02  4.847526226003836933E+31 -6.747783436053922545E+38 -5.685844743262681793E+38 -6.764507296640655255E+38  7.818691840047337209E+52  1.718563757765234423E+49  7.816973276289588738E+52
  9.676649276651240472E-02  4.846439349023208280E+31 -6.740636303672439772E+38 -5.680437509005189730E+38 -6.755728728936809932E+38  7.817902018107220662E+52  1.714937867879969767E+49  7.816187080239334629E+52
  3.481758156917035690E-02  1.037252012585235775E+32 -2.336431677509671397E+40 -9.934583585996191529E+39 -2.854804919055253042E+40  1.025464762825685539E+53  6.345830983759707101E+51  9.620064529880891058E+52
  9.685998955501701202E-02  4.845353907472949610E+31 -6.733520613761244384E+38 -5.675042271470492430E+38 -6.746977420735853471E+38  7.817113146465130191E+52  1.711324412332509708E+49  7.815401822052826296E+52
  3.490231372856607284E-02  1.027768730785925996E+32 -2.297244724266357553E+40 -9.768366801256128596E+39 -2.801948423781183326E+40  1.021810280160815678E+53  6.176471293691946871E+51  9.600455672238952259E+52
  9.695349358433473508E-02  4.844269896399250851E+31 -6.726435537225771552E+38 -5.669659110035087603E+38 -6.738254519840736149E+38  7.816325223284140762E+52  1.707723274650335008E+49  7.814617500009471675E+52
  9.704700484752604162E-02  4.843187310908475427E+31 -6.719380270660462183E+38 -5.664288141173722166E+38 -6.729561173120664162E+38  7.815538246740853567E+52  1.704134340801203143E+49  7.813834112400039881E+52
  3.498707370327185789E-02  1.018454705113775212E+32 -2.258712771032163080E+40 -9.605931875619848099E+39 -2.750052923561174359E+40  1.018231927203110424E+53  6.011463869368851799E+51  9.581172885094193541E+52
  9.714052333767286829E-02  4.842106146181338492E+31 -6.712354038851160783E+38 -5.658929513637325640E+38 -6.720898534029297474E+38  7.814752215031920932E+52  1.700557499645284172E+49  7.813051657532298197E+52
  9.723404904787875946E-02  4.841026397469085171E+31 -6.705356095676596334E+38 -5.653583422258737497E+38 -6.712267741483235076E+38  7.813967126371833428E+52  1.696992642669893296E+49  7.812270133729158596E+52
  3.507186136573302304E-02  1.009307117734638022E+32 -2.220803833729667275E+40 -9.447473820449666825E+39 -2.699085885771639445E+40  1.014728015840976461E+53  5.850703328493000006E+51  9.562209825560463614E+52
  3.515667658961097591E-02  1.000323191876720991E+32 -2.183478945958188531E+40 -9.292677615437809736E+39 -2.649101434350696790E+40  1.011296892443071248E+53  5.694085808114080761E+51  9.543560343619274561E+52
  9.732758197126875621E-02  4.839948060100478348E+31 -6.698385718996593601E+38 -5.648250128461130281E+38 -6.703669904306971982E+38  7.813182978994064062E+52  1.693439664568042277E+49  7.811489539329493360E+52
  3.524151924959933319E-02  9.915002225239205191E+31 -2.146732877324988981E+40 -9.141163127674423551E+39 -2.600155227877923957E+40  1.007936902283183306E+53  5.541504962716364162E+51  9.525218526560202561E+52
  3.532638922128802927E-02  9.828355661350942382E+31 -2.110572870302148224E+40 -8.992520504514657670E+39 -2.552220209974660759E+40  1.004646457000594276E+53  5.392859982508549763E+51  9.507178571755040400E+52
  9.742112210098918812E-02  4.838871129482324684E+31 -6.691442213511666266E+38 -5.642929926174555435E+38 -6.695106102078618399E+38  7.812399771152624010E+52  1.689898462485804067E+49  7.810709872690148058E+52
  9.751466943020743738E-02  4.837795601121172964E+31 -6.684524912868986864E+38 -5.637623107619138565E+38 -6.686577381758921905E+38  7.811617501131485244E+52  1.686368936645471247E+49  7.809931132194860139E+52
  3.541128638101515708E-02  9.743266254887188662E+31 -2.075000915872402324E+40 -8.846945284206804426E+39 -2.505178949755709108E+40  1.001424084365252572E+53  5.248060654881349202E+51  9.489434778164377246E+52
  3.549621060580002152E-02  9.659708355061056762E+31 -2.040004215029240570E+40 -8.704991680770683599E+39 -2.458965748366148951E+40  9.982682846330313795E+52  5.107012833322485467E+51  9.471981562998081730E+52
  9.760822395211184166E-02  4.836721470612579314E+31 -6.677633151617719571E+38 -5.632330014275429038E+38 -6.678084744930438869E+38  7.810836167235971396E+52  1.682850990215870366E+49  7.809153316245769944E+52
  9.770178565991174957E-02  4.835648733648855193E+31 -6.670766278326345898E+38 -5.627051032298297571E+38 -6.669629143028542723E+38  7.810055767796025524E+52  1.679344529399164422E+49  7.808376423266608733E+52
  3.558116177327880214E-02  9.577656367843986885E+31 -2.005534050760684617E+40 -8.566442241443976645E+39 -2.413654457525565756E+40  9.951775766452415620E+52  4.969623776946545122E+51  9.454813388757725684E+52
  9.779535454683786766E-02  4.834577385999875757E+31 -6.663923659794713362E+38 -5.621786571669206922E+38 -6.661211469073973181E+38  7.809276301154909550E+52  1.675849462378125320E+49  7.807600451692527430E+52
  3.566613976173717282E-02  9.497084942028810991E+31 -1.971602493531230949E+40 -8.430465790558276656E+39 -2.369330518369736466E+40  9.921504924455858031E+52  4.835801717508255968E+51  9.437924752705004388E+52
  3.575114445007565589E-02  9.417969209289984020E+31 -1.938248643782087653E+40 -8.297113858150382295E+39 -2.325936256303375834E+40  9.891856692533883562E+52  4.705463683752151058E+51  9.421310324158667127E+52
  9.788893060614198283E-02  4.833507423503588970E+31 -6.657104694220546322E+38 -5.616537049255492070E+38 -6.652832572527956532E+38  7.808497765669547736E+52  1.672365700275900348E+49  7.806825399969281007E+52
  3.583617571748887176E-02  9.340284974487028616E+31 -1.905482526378902397E+40 -8.166748542434592316E+39 -2.283327398251560516E+40  9.862817098500778593E+52  4.578520750788130293E+51  9.404965023422012618E+52
  3.592123344359801629E-02  9.264008767345441332E+31 -1.873252739263976116E+40 -8.039463315812337119E+39 -2.241468787542109036E+40  9.834372356390797168E+52  4.454884118631558131E+51  9.388883944527682561E+52
  9.798251383109637946E-02  4.832438842082352862E+31 -6.650308805853098481E+38 -5.611302886523136028E+38 -6.644493221721021627E+38  7.807720159716529473E+52  1.668893157309000610E+49  7.806051266559222770E+52
  3.600631750862782338E-02  9.189117652878716555E+31 -1.841526398110767782E+40 -7.914828755847532674E+39 -2.200440033218505567E+40  9.806509668446887561E+52  4.334474830480628501E+51  9.373062185398813745E+52
  3.609142779338690016E-02  9.115588755743905442E+31 -1.810304692255571151E+40 -7.792305032297540922E+39 -2.160289172713156751E+40  9.779215958830816906E+52  4.217210721731761188E+51  9.357494886657655010E+52
  9.807610421499339537E-02  4.831371637756791307E+31 -6.643535457228385852E+38 -5.606084497482924110E+38 -6.636194109202285077E+38  7.806943481697005094E+52  1.665431750157303289E+49  7.805278049946833954E+52
  9.816970175114525521E-02  4.830305806642749586E+31 -6.636784123919051318E+38 -5.600882298002043942E+38 -6.627935885571191951E+38  7.806167730038445774E+52  1.661981397913315125E+49  7.804505748640538908E+52
  3.617656417929438623E-02  9.043399153196327400E+31 -1.779600343486459472E+40 -7.672242764278959458E+39 -2.120961217605098014E+40  9.752478474123239111E+52  4.103012539885819086E+51  9.342177220134652816E+52
  3.626172654850962768E-02  8.972526092455081916E+31 -1.749401415273780381E+40 -7.554955887760164659E+39 -2.082349268531491676E+40  9.726284771074080478E+52  3.991803605224156526E+51  9.327104410551674330E+52
  9.826330643288376521E-02  4.829241344949455118E+31 -6.630054318713956966E+38 -5.595696688461736300E+38 -6.619719112665221209E+38  7.805392903194316009E+52  1.658542022627980681E+49  7.803734361171690633E+52
  3.634691478419607713E-02  8.902947301869776631E+31 -1.719663287652747125E+40 -7.440533092023853292E+39 -2.044451945831455602E+40  9.700623331063838049E+52  3.883514756088972762E+51  9.312271855454935987E+52
  9.835691825355970253E-02  4.828178248965915689E+31 -6.623345598244049613E+38 -5.590528039809473650E+38 -6.611544322047133542E+38  7.804618999632583765E+52  1.655113547920018836E+49  7.802963886084689834E+52
  3.643212877053021714E-02  8.834641263684971311E+31 -1.690340071455696982E+40 -7.328487236425695799E+39 -2.007318329817536646E+40  9.675482225080228444E+52  3.778070180738488549E+51  9.297675207006401455E+52
  9.845053720654298179E-02  4.827116515054389233E+31 -6.616657561029341139E+38 -5.585376718848252696E+38 -6.603411995536810790E+38  7.803846017834708143E+52  1.651695899785837760E+49  7.802194321934921954E+52
  3.651736839274306173E-02  8.767587259082960147E+31 -1.661429460960187892E+40 -7.218419475824888242E+39 -1.970971017464804507E+40  9.650849141382463735E+52  3.675389052145171728E+51  9.283310236167957728E+52
  9.854416328522344615E-02  4.826056139662677757E+31 -6.609989842207163805E+38 -5.580243059927819192E+38 -6.595322558082942714E+38  7.803073956306172175E+52  1.648289006824961594E+49  7.801425667299327197E+52
  3.660263353707782219E-02  8.701764800128235155E+31 -1.632948977867926652E+40 -7.110170983737799059E+39 -1.935378069658066365E+40  9.626712690576287680E+52  3.575400003941114719E+51  9.269172690182158330E+52
  9.863779648301150560E-02  4.824997119315105731E+31 -6.603342106875761213E+38 -5.575127386403581790E+38 -6.587276385431234402E+38  7.802302813571286083E+52  1.644892799681179386E+49  7.800657920771614247E+52
  3.668792409070354560E-02  8.637153392475037580E+31 -1.604881166235299891E+40 -7.004165561348957977E+39 -1.900439280968015826E+40  9.603062790477482031E+52  3.478044187188855023E+51  9.255258371758586426E+52
  9.873143679333840073E-02  4.823939450602671614E+31 -6.596714046886131646E+38 -5.570030032879671437E+38 -6.579273785789108916E+38  7.801532588170618140E+52  1.641507211370654900E+49  7.799891080959236002E+52
  9.882508420965610552E-02  4.822883130172166262E+31 -6.590105394862765880E+38 -5.564951331842431897E+38 -6.571315030524933807E+38  7.800763278653441468E+52  1.638132176404693508E+49  7.799125146477057137E+52
  3.677323994170036969E-02  8.573732485451403376E+31 -1.577207497516906749E+40 -6.900883699805633661E+39 -1.866129865618670641E+40  9.579889318870024076E+52  3.383261140002666009E+51  9.241563204869736739E+52
  9.891873872543718860E-02  4.821828154716314541E+31 -6.583515902655783605E+38 -5.559891619757283510E+38 -6.563400379977006701E+38  7.799994883569835231E+52  1.634767631035140789E+49  7.798360115938825775E+52
  9.901240033417484099E-02  4.820774520989838775E+31 -6.576945345202109510E+38 -5.554851243640746179E+38 -6.555530040929106017E+38  7.799227401480456062E+52  1.631413512887592965E+49  7.797595987967535086E+52
  3.685858097914566228E-02  8.511481811142955973E+31 -1.549882503677510375E+40 -6.799827707318177682E+39 -1.832523583870777841E+40  9.557181586523877354E+52  3.290983804260835668E+51  9.228083206097812131E+52
  9.910606902938293161E-02  4.819722225799830042E+31 -6.570393522164471436E+38 -5.549830540528037207E+38 -6.547704155643699245E+38  7.798460830953536125E+52  1.628069761851926176E+49  7.796832761191681244E+52
  3.694394709308324726E-02  8.450381798392915106E+31 -1.522933617989159497E+40 -6.700281168746995589E+39 -1.799641446574875083E+40  9.534928970976017042E+52  3.201145049228975831E+51  9.214814466053098789E+52
  9.919974480459595179E-02  4.818671265994854870E+31 -6.563860256361256596E+38 -5.544829838273229072E+38 -6.539922838454963907E+38  7.797695170559700198E+52  1.624736318796034486E+49  7.796070434240923762E+52
  9.929342765336890420E-02  4.817621638463106061E+31 -6.557345389780550158E+38 -5.539849444904068233E+38 -6.532186192059449839E+38  7.796930418870932060E+52  1.621413125992627853E+49  7.795309005744897697E+52
  3.702933817386771381E-02  8.390413641480326601E+31 -1.496387188859352124E+40 -6.602225038921312191E+39 -1.767424632535752984E+40  9.513121756588737596E+52  3.113685141189341142E+51  9.201753242469773043E+52
  9.938711756927712249E-02  4.816573340127977452E+31 -6.550848780212052807E+38 -5.534889652099761551E+38 -6.524494319528812381E+38  7.796166574457358826E+52  1.618100127079771712E+49  7.794548474330282965E+52
  3.711475411131484603E-02  8.331558861322046845E+31 -1.470263251848193623E+40 -6.506030301317107261E+39 -1.735770237929511604E+40  9.491749354368346668E+52  3.028534210170392829E+51  9.188895933351329517E+52
  3.720019479612632352E-02  8.273798961819986959E+31 -1.444525264813828049E+40 -6.412004431591793762E+39 -1.704677337507952442E+40  9.470802256340331507E+52  2.945633784905407519E+51  9.176238877849791154E+52
  9.948081454546287006E-02  4.815526367939087341E+31 -6.544370297987408717E+38 -5.529950735465771171E+38 -6.516847294527383813E+38  7.795403635883641823E+52  1.614797265815141510E+49  7.793788838617805605E+52
  3.728566012083927433E-02  8.217115250602000358E+31 -1.419118132513269301E+40 -6.319904583857110353E+39 -1.674241356721579199E+40  9.450272862018495605E+52  2.864944520674963224E+51  9.163778409950998053E+52
  9.957451857385257732E-02  4.814480718874239353E+31 -6.537909827864107905E+38 -5.525032938592187265E+38 -6.509245201099608535E+38  7.794641601712316679E+52  1.611504486039967135E+49  7.793030097226241412E+52
  3.737114997993547238E-02  8.161489168680230565E+31 -1.394059400368732254E+40 -6.228821668249614675E+39 -1.644497663245678782E+40  9.430152487537300508E+52  2.786414205811999171E+51  9.151511066956102784E+52
  3.745666426835760759E-02  8.106902828141919956E+31 -1.369402071643670435E+40 -6.139012495024639424E+39 -1.615351718380869637E+40  9.410431364584369201E+52  2.709978076035916272E+51  9.139433556980772988E+52
  9.966822964643931582E-02  4.813436389927336581E+31 -6.531467272135308874E+38 -5.520136500305753958E+38 -6.501688119337190820E+38  7.793880470495816888E+52  1.608221733036654206E+49  7.792272248762794454E+52
  3.754220288198721611E-02  8.053339201794650699E+31 -1.345165922960882474E+40 -6.050720742297857407E+39 -1.586665651907098596E+40  9.391099623836714820E+52  2.635570914528628882E+51  9.127542532383824982E+52
  3.762776572054963437E-02  8.000781778255370556E+31 -1.321305279184376258E+40 -5.964162043921456578E+39 -1.558473375661769370E+40  9.372148855142954599E+52  2.563141561273189494E+51  9.115834699015633722E+52
  9.976194775531466163E-02  4.812393378101027208E+31 -6.525042540769748959E+38 -5.515261654289571491E+38 -6.494176152111158720E+38  7.793120240771663069E+52  1.604948953901572820E+49  7.791515291817750385E+52
  3.771335268443254396E-02  7.949213969139757181E+31 -1.297770227414671499E+40 -5.879280181673377218E+39 -1.530890527452032170E+40  9.353571496723098885E+52  2.492645711765198356E+51  9.104306925546577188E+52
  3.779896366928114926E-02  7.898618775964981079E+31 -1.274551965773277928E+40 -5.795462322354050710E+39 -1.503963681030404594E+40  9.335360258997502733E+52  2.424041441710325017E+51  9.092956114826485152E+52
  9.985567289264152269E-02  4.811351680401563199E+31 -6.518635571672781937E+38 -5.510408633227191169E+38 -6.486709395342075166E+38  7.792360911059595025E+52  1.601686096634585177E+49  7.790759224962932414E+52
  3.788459857096615480E-02  7.848979196808348049E+31 -1.251666065999777599E+40 -5.712382208325572492E+39 -1.477610511265346358E+40  9.317507536735825185E+52  2.357284162731393067E+51  9.081779120462701696E+52
  9.994940505063699965E-02  4.810311293847947107E+31 -6.512246329288010506E+38 -5.505577659631147989E+38 -6.479287944322299896E+38  7.791602479869236601E+52  1.598433109987355226E+49  7.790004046759250255E+52
  3.797025728651850368E-02  7.800278850105427700E+31 -1.229121653133956808E+40 -5.630592265970792182E+39 -1.451696376667449658E+40  9.300005192912662154E+52  2.292322804818793192E+51  9.070772912430793901E+52
  1.000431442215633793E-01  4.809272215463940892E+31 -6.505874780157354797E+38 -5.500768967700608447E+38 -6.471911897628015986E+38  7.790844945697290484E+52  1.595189943768041212E+49  7.789249755753515301E+52
  3.805593970044655883E-02  7.752502221740743265E+31 -1.206934081757141391E+40 -5.550564966252531028E+39 -1.426200377993722030E+40  9.282844532722370509E+52  2.229099064239269111E+51  9.059934626298427282E+52
  1.001368903977244429E-01  4.808234442280614954E+31 -6.499520879406156319E+38 -5.495982791146777284E+38 -6.464581374663632824E+38  7.790088307028044371E+52  1.591956548107568054E+49  7.788496350479912341E+52
  3.814164567412073326E-02  7.705634390179520600E+31 -1.185069071059431464E+40 -5.471410472783105545E+39 -1.401217749309929191E+40  9.266017186564522678E+52  2.167557975357629269E+51  9.049261389028765135E+52
  3.822737509828396524E-02  7.659660472178012729E+31 -1.163530987233926565E+40 -5.392917233473085225E+39 -1.376808793453261250E+40  9.249517022571230519E+52  2.107666787255562528E+51  9.038750343845705005E+52
  3.831312787203725034E-02  7.614565325508647247E+31 -1.142321633472209964E+40 -5.315531851493332365E+39 -1.352917066629363431E+40  9.233339216044237478E+52  2.049404500827132962E+51  9.028398765961526508E+52
  3.839890389798705783E-02  7.570333616158956029E+31 -1.121419502629859487E+40 -5.239413937842811882E+39 -1.329433649436352360E+40  9.217476130410615775E+52  1.992721503398683659E+51  9.018203980070753656E+52
  1.002306435714641064E-01  4.807197971328757768E+31 -6.493184574536636060E+38 -5.491219353889938282E+38 -6.457296524937571695E+38  7.789332562330011742E+52  1.588732873598200657E+49  7.787743829456407454E+52
  3.848470308030571552E-02  7.526950425174180780E+31 -1.100805490397810121E+40 -5.164573994916875121E+39 -1.306355343216586104E+40  9.201919822793130635E+52  1.937566139785330573E+51  9.008163208814571226E+52
  3.857052532471712258E-02  7.484401534754033735E+31 -1.080480041006424405E+40 -5.090602114974266525E+39 -1.283744908594949682E+40  9.186664072300487572E+52  1.883902742666788442E+51  8.998273798033827736E+52
  3.865637053838367337E-02  7.442673368516227119E+31 -1.060509450532886915E+40 -5.017059073860021136E+39 -1.261644589765761611E+40  9.171702365777054750E+52  1.831690024056360936E+51  8.988533363371431815E+52
  1.003244037351658652E-01  4.806162799643670416E+31 -6.486865807798803540E+38 -5.486478881807459893E+38 -6.450057506365716408E+38  7.788577710060945715E+52  1.585518871051100261E+49  7.786992191189893721E+52
  3.874223862950176844E-02  7.401752556297456122E+31 -1.040902419180602549E+40 -4.944432492566165217E+39 -1.240008763139940273E+40  9.157028489686424152E+52  1.780889285868439656E+51  8.978939561099606871E+52
  1.004181708812526413E-01  4.805128924258193213E+31 -6.480564532164404701E+38 -5.481761611454106618E+38 -6.442864477352725524E+38  7.787823748663594017E+52  1.582314492069520519E+49  7.786241434171518719E+52
  3.882812950671520741E-02  7.361625356834103776E+31 -1.021609084632783322E+40 -4.873038778392618679E+39 -1.218714365746422292E+40  9.142637219624539135E+52  1.731473759694411606E+51  8.969489843655089068E+52
  1.005119450021866728E-01  4.804096342197472524E+31 -6.474280708787274010E+38 -5.477067779780895591E+38 -6.435717607275954934E+38  7.787070676563391444E+52  1.579119688434793732E+49  7.785491556874953333E+52
  3.891404307968993059E-02  7.322277990811077814E+31 -1.002519789881144617E+40 -4.802743871953843284E+39 -1.197774954273346898E+40  9.128522760561115005E+52  1.683410606009011020E+51  8.960181699960205695E+52
  1.006057260904665296E-01  4.803065050482685243E+31 -6.468014310971832938E+38 -5.472397622492619746E+38 -6.428617058494432357E+38  7.786318492170896075E+52  1.575934412605267740E+49  7.784742557758330308E+52
  3.899997925905175633E-02  7.283696986721326715E+31 -9.836564035398007930E+39 -4.733189526969294103E+39 -1.177293364385569264E+40  9.114678317760059953E+52  1.636655646375308496E+51  8.951012753122530133E+52
  3.908593795634518475E-02  7.245869272615105155E+31 -9.651156231715029014E+39 -4.664140368709922443E+39 -1.157284676018606861E+40  9.101097971348058440E+52  1.591173159176779062E+51  8.941980655430400206E+52
  1.006995141386252957E-01  4.802035046128541092E+31 -6.461765307855909897E+38 -5.467751380669276575E+38 -6.421562999705444553E+38  7.785567193881897734E+52  1.572758617236521598E+49  7.783994435264638757E+52
  3.917191908248808530E-02  7.208782099808004632E+31 -9.469589731209573864E+39 -4.595658545843017945E+39 -1.137668057473836294E+40  9.087776748794836576E+52  1.546936747722338082E+51  8.933083074022584524E+52
  1.007933091392384933E-01  4.801006326140674141E+31 -6.455533654303361783E+38 -5.463129309334136449E+38 -6.414555587741623395E+38  7.784816780076745932E+52  1.569592255561763364E+49  7.783247187821170145E+52
  3.925792254901991352E-02  7.172423029691373823E+31 -9.291315273174114867E+39 -4.528688262402218949E+39 -1.118343247336235238E+40  9.074709502892885863E+52  1.503916396387431241E+51  8.924317863254161880E+52
  1.008871110849232228E-01  4.799978887519219566E+31 -6.449319316279922593E+38 -5.458531649594207285E+38 -6.407594977165766971E+38  7.784067249124544912E+52  1.566435281568614573E+49  7.782500813842972150E+52
  3.934394826907804121E-02  7.136779588347880959E+31 -9.115037395554198583E+39 -4.463407873735674455E+39 -1.099357995894681588E+40  9.061889925049330195E+52  1.462070905587061107E+51  8.915682834490607403E+52
  1.009809199682633607E-01  4.798952727271273304E+31 -6.443122261423177042E+38 -5.453958639727066566E+38 -6.400681311806763063E+38  7.783318599392637953E+52  1.563287649913047135E+49  7.781755311742695588E+52
  3.942999615722465184E-02  7.101839230537022943E+31 -8.940003420811524890E+39 -4.398753512938970543E+39 -1.080830131671814892E+40  9.049312384098289984E+52  1.421367197947902170E+51  8.907175664303522148E+52
  3.951606612914037447E-02  7.067589635722607852E+31 -8.767275024567483792E+39 -4.333969586946236206E+39 -1.062755275311078158E+40  9.036972765172326379E+52  1.381786245718470902E+51  8.898794140600479273E+52
  1.010747357817780162E-01  4.797927842408956409E+31 -6.436942454506090601E+38 -5.449410514669914886E+38 -6.393814734511452746E+38  7.782570829242776009E+52  1.560149315544540518E+49  7.781010679927228803E+52
  3.960215810135508246E-02  7.034018824469694232E+31 -8.598161479640021772E+39 -4.269712255111393930E+39 -1.045004447658419272E+40  9.024866811783759113E+52  1.343304927008949029E+51  8.890536319082851649E+52
  1.011685585180349262E-01  4.796904229941681471E+31 -6.430779857766707747E+38 -5.444887518571991767E+38 -6.386995374520924215E+38  7.781823937028228496E+52  1.557020234065547060E+49  7.780266916794133214E+52
  3.968827199116793658E-02  7.001115241649103123E+31 -8.432754529615831191E+39 -4.207036507145109903E+39 -1.027465641401511796E+40  9.012987962175264891E+52  1.305877506835043617E+51  8.882400211491732832E+52
  1.012623881696682743E-01  4.795881886877312744E+31 -6.424634422236116027E+38 -5.440389897787511640E+38 -6.380223342377208570E+38  7.781077921091821349E+52  1.553900361683456991E+49  7.779524020730141816E+52
  3.977440771665349817E-02  6.968867382738230779E+31 -8.269759968913040569E+39 -4.146473113240845175E+39 -1.010177082430869786E+40  9.001331095764909789E+52  1.269474843244514644E+51  8.874383611440491156E+52
  3.986056519666684311E-02  6.937263672472977143E+31 -8.108066563305998764E+39 -4.087004064201666329E+39 -9.932960483728963366E+39  8.989892601640182163E+52  1.234081682987796303E+51  8.866484433341415559E+52
  1.013562247293876423E-01  4.794860810209692070E+31 -6.418506102880513952E+38 -5.435917893613271688E+38 -6.373498758370827605E+38  7.780332779758747498E+52  1.550789654372480199E+49  7.778781990104381184E+52
  3.994674435084258346E-02  6.906292567751125139E+31 -7.948244646917395041E+39 -4.027243190737624617E+39 -9.768877887485648873E+39  8.978668024903715781E+52  1.199671869079269417E+51  8.858700837995758733E+52
  4.003294509959955810E-02  6.875942753593361270E+31 -7.791436493087557996E+39 -3.967606150969302452E+39 -9.608308833302494409E+39  8.967652635514438042E+52  1.166216747450733744E+51  8.851030960769340625E+52
  1.014500681899701273E-01  4.793840996916832043E+31 -6.412394868168882657E+38 -5.431471731723017968E+38 -6.366821710635299432E+38  7.779588511333301219E+52  1.547688068594354432E+49  7.778040823264726193E+52
  4.011916736414592594E-02  6.846203105449152847E+31 -7.638338204855627809E+39 -3.909264472054350518E+39 -9.449202052018457802E+39  8.956842594781281997E+52  1.133697201131876579E+51  8.843472874668110041E+52
  1.015439185442489345E-01  4.792822443946270296E+31 -6.406300706712751043E+38 -5.427051645618895680E+38 -6.360192294203366971E+38  7.778845114093153945E+52  1.544595561009026879E+49  7.777300518532152399E+52
  4.020541106648831825E-02  6.817062839252379421E+31 -7.488295489150854707E+39 -3.852612239053103932E+39 -9.291616906599354273E+39  8.946233087549116496E+52  1.102083565460175248E+51  8.836024731003097542E+52
  4.029167612942947257E-02  6.788511567940846085E+31 -7.340229979271931583E+39 -3.797159326987388102E+39 -9.137075894186637637E+39  8.935819008608100843E+52  1.071342580889537809E+51  8.828684750519163761E+52
  4.037796247650408260E-02  6.760538985382489092E+31 -7.193977693402428590E+39 -3.742101091576424103E+39 -8.986787770447339323E+39  8.925596356615843041E+52  1.041452463193084508E+51  8.821451110296566674E+52
  1.016377757851033431E-01  4.791805148224158672E+31 -6.400223599389109865E+38 -5.422657878386857817E+38 -6.353610614771892157E+38  7.778102586295830267E+52  1.541512088390521048E+49  7.776561074207454484E+52
  4.046427003197294869E-02  6.733134553116650098E+31 -7.050376251370977267E+39 -3.687181278949742490E+39 -8.840170032914283684E+39  8.915562484549998554E+52  1.012404744884819229E+51  8.814322010061543996E+52
  4.055059872087340977E-02  6.706287613820607846E+31 -6.910014367737701305E+39 -3.632904504719256245E+39 -8.695297583883740489E+39  8.905714130944048154E+52  9.841836014336042244E+50  8.807295770800666297E+52
  1.017316399054513237E-01  4.790789106655618102E+31 -6.394163516990528929E+38 -5.418290672883004307E+38 -6.347076786194235513E+38  7.777360926180999522E+52  1.538437607396038960E+49  7.775822488573605908E+52
  1.018255108982448198E-01  4.789774316143331269E+31 -6.388120441691001101E+38 -5.413950266425113180E+38 -6.340590877546447824E+38  7.776620131983484150E+52  1.535372075431302077E+49  7.775084759908067553E+52
  1.019193887564671247E-01  4.788760773584396392E+31 -6.382094339033505063E+38 -5.409636899450807103E+38 -6.334152939921460741E+38  7.775880201932022980E+52  1.532315450022560384E+49  7.774347886482017842E+52
  4.063694846906544533E-02  6.679987760590057770E+31 -6.772581580355202953E+39 -3.580141230396609948E+39 -8.551600326747801428E+39  8.896046090074917144E+52  9.567541524025643217E+50  8.800370674834640956E+52
  1.020132734731321461E-01  4.787748475874991155E+31 -6.376085157750355917E+38 -5.405350830606250232E+38 -6.327762990147820881E+38  7.775141134254017106E+52  1.529267689214394510E+49  7.773611866564806177E+52
  4.072331920321071302E-02  6.654224990277988259E+31 -6.637570088928027301E+39 -3.528826225889694133E+39 -8.410385749727746187E+39  8.886554450641486313E+52  9.300946046533433110E+50  8.793544990176162100E+52
  1.021071650412626042E-01  4.786737419915123103E+31 -6.370092847954452979E+38 -5.401092319106614860E+38 -6.321421010941857322E+38  7.774402927177483321E+52  1.526228751579244623E+49  7.772876698425909567E+52
  1.022010634538955548E-01  4.785727602601592316E+31 -6.364117368173976821E+38 -5.396861620708563182E+38 -6.315126948446311659E+38  7.773665578927858652E+52  1.523198595950466406E+49  7.772142380331876466E+52
  4.080971085075151689E-02  6.628989841123155850E+31 -6.504870230023268173E+39 -3.477942842789651066E+39 -8.272775442681278937E+39  8.877235596179965743E+52  9.041850778878246051E+50  8.786817088391185226E+52
  1.022949687041002365E-01  4.784719020830803460E+31 -6.358158643851458898E+38 -5.392658990139771116E+38 -6.308880717098225902E+38  7.772929087728724524E+52  1.520177181239656967E+49  7.771408910547457147E+52
  4.089612333989946918E-02  6.604272985135015132E+31 -6.374537617712599728E+39 -3.426997321623802323E+39 -8.138587942568294424E+39  8.868086646984267198E+52  8.790117731680736182E+50  8.780185469667457926E+52
  1.023888807849828858E-01  4.783711671490937627E+31 -6.352216584479074967E+38 -5.388484676860869592E+38 -6.302682229437465709E+38  7.772193451798583647E+52  1.517164466139302118E+49  7.770676287332427383E+52
  4.098255659961384106E-02  6.580065091290924509E+31 -6.246768510439738323E+39 -3.376514032022781859E+39 -8.006106681297261156E+39  8.859103052686295539E+52  8.545450871112143756E+50  8.773648543975169598E+52
  1.024827996896898324E-01  4.782705551455184327E+31 -6.346291085944728836E+38 -5.384338911736532663E+38 -6.296531378177866906E+38  7.771458669346910615E+52  1.514160410002157276E+49  7.769944508936907432E+52
  1.025767254114009486E-01  4.781700657580306639E+31 -6.340382036466823360E+38 -5.380221900976963894E+38 -6.290428030319521938E+38  7.770724738572201661E+52  1.511164972270968929E+49  7.769213573599922221E+52
  4.106901055959501917E-02  6.556356645513465555E+31 -6.121481429384171009E+39 -3.327636171616709877E+39 -7.874435945340764344E+39  8.850281215566722472E+52  8.307660596809469806E+50  8.767204609598618802E+52
  4.115548515028844695E-02  6.533138101673808366E+31 -5.998336457541049011E+39 -3.280288982122694398E+39 -7.744591943561125590E+39  8.841618965944394734E+52  8.076686880319009395E+50  8.760852097141209791E+52
  1.026706579433277616E-01  4.780696986708623700E+31 -6.334489307265433232E+38 -5.376133819548579693E+38 -6.284372023584386008E+38  7.769991657663002951E+52  1.508178112469277004E+49  7.768483479550549800E+52
  4.124198030309529639E-02  6.510400161652097712E+31 -5.877706941194517984E+39 -3.233741735844160872E+39 -7.617769757847887643E+39  8.833113555946932936E+52  7.852393713541041045E+50  8.754589618811520931E+52
  4.132849594980815555E-02  6.488134061581770580E+31 -5.759867132730875796E+39 -3.187560330980453301E+39 -7.494135018640774109E+39  8.824761078852339192E+52  7.634532188374780581E+50  8.748415756968592200E+52
  1.027645972787193246E-01  4.779694535668554735E+31 -6.328612753086607044E+38 -5.372074835087925084E+38 -6.278363173063477112E+38  7.769259424800408465E+52  1.505199790462139299E+49  7.767754225009936446E+52
  4.141503202274433165E-02  6.466331371061043363E+31 -5.644485412922235363E+39 -3.141637167418366307E+39 -7.372471970673108533E+39  8.816557441864042096E+52  7.422844894259909760E+50  8.742328992921463917E+52
  4.150158845503469640E-02  6.444983638058592744E+31 -5.530756572993235910E+39 -3.096503859861484121E+39 -7.251796533678696551E+39  8.808499108451530387E+52  7.217133839608304164E+50  8.736327770055438216E+52
  1.028585434108624935E-01  4.778693301284034286E+31 -6.322752211444168309E+38 -5.368045109022722712E+38 -6.272401278002561556E+38  7.768528038165221882E+52  1.502229966600803418E+49  7.767025808198607423E+52
  4.158816518071060259E-02  6.424082320284789843E+31 -5.418793517610290920E+39 -3.052383322187097572E+39 -7.132354273361794776E+39  8.800583903456762505E+52  7.017323729715873746E+50  8.730410666159614991E+52
  4.167476213460148682E-02  6.403618972494255097E+31 -5.309415482841395829E+39 -3.009334465927430075E+39 -7.015378555821368198E+39  8.792809712109891182E+52  6.823335321170269902E+50  8.724576358898179602E+52
  1.029524963330744336E-01  4.777693280371108389E+31 -6.316907508957481861E+38 -5.364044800388560456E+38 -6.266486128097653293E+38  7.767797495933966764E+52  1.499268601623460684E+49  7.766298227332336803E+52
  4.176137925225506531E-02  6.383585365316157285E+31 -5.203139140510159901E+39 -2.967240656427728022E+39 -6.901226775071982227E+39  8.785174234183662577E+52  6.635068890821383396E+50  8.718823545275474156E+52
  1.030464560387080175E-01  4.776694469721375739E+31 -6.311078463864753217E+38 -5.360074068226049284E+38 -6.260617483870654079E+38  7.767067796267247841E+52  1.496315655917682970E+49  7.765571480611348816E+52
  4.184801646989962792E-02  6.363973538893669457E+31 -5.099518446947138034E+39 -2.925868794789127122E+39 -6.789260137868818004E+39  8.777673522257898316E+52  6.452266274726856817E+50  8.713150859510638986E+52
  1.031404225211546288E-01  4.775696866108384606E+31 -6.305264891799378897E+38 -5.356133062539001079E+38 -6.254795085582966029E+38  7.766338937315767625E+52  1.493371089973372973E+49  7.764845566225780447E+52
  4.193467350938440835E-02  6.344775547648031004E+31 -4.997529299329707925E+39 -2.885101539963453596E+39 -6.678789090973252644E+39  8.770303559183707639E+52  6.274672828499925600E+50  8.707556830898683003E+52
  1.032343957738266621E-01  4.774700466291508628E+31 -6.299466606057116012E+38 -5.352221921338091221E+38 -6.249018620384491993E+38  7.765610917222809409E+52  1.490434864566343844E+49  7.764120482358288848E+52
  4.202135027598039724E-02  6.325983468205790029E+31 -4.896798151006573767E+39 -2.844828626664818444E+39 -6.569727727001531499E+39  8.763062262896880040E+52  6.102218035106743630E+50  8.702040082545797559E+52
  1.033283757901546501E-01  4.773705267014178703E+31 -6.293683411757623372E+38 -5.348340787786270708E+38 -6.243287731229696184E+38  7.764883734124076696E+52  1.487506940929254787E+49  7.763396227183116629E+52
  4.210804670946786260E-02  6.307589477176548974E+31 -4.797970125558244754E+39 -2.804954611176715386E+39 -6.462660368542590990E+39  8.755948514230031532E+52  5.934907887341799013E+50  8.696599435356604370E+52
  1.034223625635745519E-01  4.772711265007294009E+31 -6.287915111822920030E+38 -5.344489792198806682E+38 -6.237602040774767272E+38  7.764157386148486483E+52  1.484587280341833440E+49  7.762672798868130356E+52
  1.035163560875243249E-01  4.771718456986600016E+31 -6.282161510829134770E+38 -5.340669049351137613E+38 -6.231961146203304046E+38  7.763431871417479125E+52  1.481675844374714177E+49  7.761950195573102131E+52
  4.219476274002893768E-02  6.289585884750757293E+31 -4.702018355588205834E+39 -2.765862100550621602E+39 -6.357911940399574721E+39  8.748960366371294497E+52  5.772659650487606737E+50  8.691233769866446650E+52
  1.036103563552085993E-01  4.770726839657704589E+31 -6.276422414122533503E+38 -5.336878656963832350E+38 -6.226364638498953408E+38  7.762707188047201461E+52  1.478772593790391647E+49  7.761228415453454819E+52
  1.037043633597718173E-01  4.769736409707422972E+31 -6.270697627100308139E+38 -5.333118704992644052E+38 -6.220812107450254461E+38  7.761983334143441921E+52  1.475877489494688661E+49  7.760507456653895583E+52
  4.228149829527563103E-02  6.271965233968472368E+31 -4.609173378422379614E+39 -2.727852475011334149E+39 -6.255016906833302983E+39  8.742093853385973681E+52  5.615204726019931392E+50  8.685941806125777898E+52
  4.236825330482763691E-02  6.254720379459057810E+31 -4.518142102915060076E+39 -2.690978056369162896E+39 -6.153690521237672383E+39  8.735344593194733572E+52  5.462247244162705240E+50  8.680722120753112841E+52
  4.245502769983069274E-02  6.237844242704485539E+31 -4.428002860358870299E+39 -2.654838814291745831E+39 -6.054070575613108575E+39  8.728710444726930581E+52  5.313705662246281714E+50  8.675573388104507375E+52
  1.037983770944227446E-01  4.768747163810525083E+31 -6.264986955990209827E+38 -5.329389282908235326E+38 -6.215303144982628477E+38  7.761260307807313240E+52  1.472990492883714554E+49  7.759787317314428244E+52
  4.254182141266928119E-02  6.221329503427154805E+31 -4.339040967702507348E+39 -2.618784938028930077E+39 -5.956325623662153834E+39  8.722190731935897028E+52  5.169626926570311379E+50  8.670494462670239092E+52
  1.038923975525191945E-01  4.767759098631487412E+31 -6.259290212094869902E+38 -5.325690469734822898E+38 -6.209837323244739692E+38  7.760538107136849666E+52  1.470111565876733206E+49  7.759067995570978554E+52
  1.039864247276143794E-01  4.766772210822435777E+31 -6.253607214164171733E+38 -5.322022335079804630E+38 -6.204414195917220970E+38  7.759816730224525017E+52  1.467240670674930223E+49  7.758349489553838461E+52
  1.040804586133143583E-01  4.765786497017414945E+31 -6.247937776098988160E+38 -5.318384939760965339E+38 -6.199033337251566296E+38  7.759096175153183120E+52  1.464377769342940298E+49  7.757631797383862399E+52
  4.262863437690989077E-02  6.205168679991344888E+31 -4.252186078196676133E+39 -2.582899111569905014E+39 -5.860480243781627992E+39  8.715784540857550060E+52  5.030024863689437102E+50  8.665484292220625532E+52
  1.041744992032158229E-01  4.764801953844799651E+31 -6.242281717278974324E+38 -5.314778344349695650E+38 -6.193694306619789511E+38  7.758376440003688849E+52  1.461522823867892706E+49  7.756914917179826950E+52
  1.042685464909112458E-01  4.763818577932008063E+31 -6.236638853872956969E+38 -5.311202597975752575E+38 -6.188396633995696696E+38  7.757657522859829252E+52  1.458675796038296050E+49  7.756198847063815814E+52
  4.271546652797087590E-02  6.189354453277925880E+31 -4.168197314816922390E+39 -2.547788800776084055E+39 -5.766146927181729172E+39  8.709488695646549679E+52  4.894697508455475177E+50  8.660541720561980779E+52
  4.280231780216790793E-02  6.173879904632552998E+31 -4.086597277463895164E+39 -2.513973780918929378E+39 -5.673091280160595108E+39  8.703299131133633987E+52  4.763365820686188559E+50  8.655665472926788766E+52
  1.043626004700043963E-01  4.762836365899464264E+31 -6.231008995546089495E+38 -5.307657741941313030E+38 -6.183139824692506283E+38  7.756939421802072561E+52  1.455836647988168646E+49  7.755483585154086644E+52
  4.288918813628710136E-02  6.158738517537046984E+31 -4.006281973133195481E+39 -2.481199303708948776E+39 -5.581727748233283158E+39  8.697212950104556383E+52  4.635865182032264197E+50  8.650854298284225549E+52
  1.044566611341290890E-01  4.761855314368040890E+31 -6.225391959178829810E+38 -5.304143810786614739E+38 -6.177923337849678615E+38  7.756222134911981227E+52  1.453005342754065013E+49  7.754769129569240565E+52
  4.297607746772819787E-02  6.143924090977075315E+31 -3.926996749661279680E+39 -2.448879411092291067E+39 -5.492464617515928992E+39  8.691228401443556668E+52  4.512131382295520587E+50  8.646107087620588435E+52
  1.045507284769508355E-01  4.760875419946142815E+31 -6.219787564007088751E+38 -5.300660824833848824E+38 -6.172746655838683111E+38  7.755505660263890956E+52  1.450181843532694249E+49  7.754055478420345699E+52
  4.306298573465840163E-02  6.129430208311608224E+31 -3.849013299214262924E+39 -2.416634356934508664E+39 -5.404880159648064494E+39  8.685344711047252836E+52  4.392189114989377880E+50  8.641422819897335929E+52
  1.046448024921567410E-01  4.759896679242259580E+31 -6.214195623483925834E+38 -5.297208784595215999E+38 -6.167609237419498299E+38  7.754789995934136612E+52  1.447366113840031218E+49  7.753342629820324709E+52
  4.314991287615393967E-02  6.115250020845515678E+31 -3.773057588150090412E+39 -2.384637707540029182E+39 -5.318668932864069457E+39  8.679560182750989902E+52  4.275977275163566953E+50  8.636800409999347861E+52
  1.047388831734541309E-01  4.758919088856177969E+31 -6.208615952673974249E+38 -5.293787672287719689E+38 -6.162510525860501107E+38  7.754075139993610668E+52  1.444558116993406228E+49  7.752630581876571732E+52
  1.048329705145828045E-01  4.757942645403351891E+31 -6.203048371664790763E+38 -5.290397458900216939E+38 -6.157449928598534757E+38  7.753361090524357289E+52  1.441757816704246477E+49  7.751919332707657055E+52
  4.323685883224295812E-02  6.101376534703096334E+31 -3.699509457961380369E+39 -2.353627854250942792E+39 -5.233658320686335317E+39  8.673872413187762722E+52  4.163370503793078816E+50  8.632238708149853459E+52
  1.049270645093089149E-01  4.756967345496946523E+31 -6.197492700921065618E+38 -5.287038107641453168E+38 -6.152426826600691286E+38  7.752647845608165427E+52  1.438965176729608547E+49  7.751208880431451258E+52
  1.050211651513979633E-01  4.755993185740332614E+31 -6.191948759816892897E+38 -5.283709571981683948E+38 -6.147440630629726004E+38  7.751935403320955226E+52  1.436180161106519485E+49  7.750499223159855093E+52
  1.051152724346366280E-01  4.755020162729239207E+31 -6.186416367262489756E+38 -5.280411787546271269E+38 -6.142490763470257829E+38  7.751223761734251874E+52  1.433402734577533299E+49  7.749790358999661886E+52
  4.332382354311071354E-02  6.087803178899582996E+31 -3.627865897579306124E+39 -2.323674753030589109E+39 -5.150184845121092188E+39  8.668278883937368613E+52  4.054226315987106857E+50  8.627736620777493490E+52
  1.052093863528398565E-01  4.754048273051537462E+31 -6.180895345808708121E+38 -5.277144658863511249E+38 -6.137576631787094843E+38  7.750512918915205800E+52  1.430632861846695584E+49  7.749082286053324236E+52
  4.341080694907635540E-02  6.074523986806267674E+31 -3.557514050841757732E+39 -2.294387317991596394E+39 -5.068855807417522570E+39  8.662777293814915144E+52  3.948415760380020892E+50  8.623293136211109842E+52
  1.053035068998438989E-01  4.753077513290177907E+31 -6.175385509955585625E+38 -5.273908089737777089E+38 -6.132697614351445289E+38  7.749802872927882561E+52  1.427870507279621406E+49  7.748375002420610766E+52
  4.349780899166045406E-02  6.061533378737887500E+31 -3.488287250929462806E+39 -2.265133373436032078E+39 -4.989322800054174157E+39  8.657365415779774115E+52  3.845815848571661140E+50  8.618907257294063327E+52
  1.053976340694961489E-01  4.752107880046075029E+31 -6.169886664463841935E+38 -5.270701982118299985E+38 -6.127853065389732765E+38  7.749093621848362875E+52  1.425115635690944494E+49  7.747668506212675732E+52
  4.358482961369678638E-02  6.048825623614270406E+31 -3.420454928482409551E+39 -2.235840521597584682E+39 -4.910946926088877480E+39  8.652041214975721355E+52  3.746329275842957550E+50  8.614577922217270919E+52
  4.367186875895685133E-02  6.036394574192677211E+31 -3.354350634327856161E+39 -2.207126795094019685E+39 -4.833623083740231166E+39  8.646803386021182570E+52  3.649930402952860515E+50  8.610304081991690997E+52
  1.054917678556556715E-01  4.751139369907571065E+31 -6.164398608590501479E+38 -5.267526237119650615E+38 -6.123042332645343887E+38  7.748385163744548983E+52  1.422368212157869400E+49  7.746962795532370503E+52
  4.375892637187811518E-02  6.024234001249353223E+31 -3.290180455629390589E+39 -2.179294156338136005E+39 -4.757754103581728183E+39  8.641650915941794747E+52  3.556613532682031826E+50  8.606084780614975089E+52
  1.055859082521984349E-01  4.750171979461830111E+31 -6.158921151857450880E+38 -5.264380741617278451E+38 -6.118264755384759028E+38  7.747677496682257834E+52  1.419628201864271997E+49  7.746257868480384590E+52
  4.384600239736301253E-02  6.012337979164270682E+31 -3.227426765743881676E+39 -2.152340299377810186E+39 -4.683816820165726605E+39  8.636582219634448970E+52  3.466308783164113762E+50  8.601919131802772470E+52
  4.393309678089239723E-02  6.000700951161687089E+31 -3.165806823137604213E+39 -2.125686358817826856E+39 -4.611683248647450813E+39  8.631594783941498685E+52  3.378857277283501294E+50  8.597806211168655431E+52
  1.056800552530161724E-01  4.749205705286022776E+31 -6.153454102809247885E+38 -5.261265374327816261E+38 -6.113519661100040914E+38  7.746970618721596012E+52  1.416895570163457220E+49  7.745553723151428104E+52
  4.402020946852456401E-02  5.989317632345862708E+31 -3.105326354755607577E+39 -2.098963043550021393E+39 -4.540604726164500487E+39  8.626685698117975102E+52  3.294069265130568362E+50  8.593745005466672031E+52
  1.057742088520114560E-01  4.748240543946720896E+31 -6.147997262704882968E+38 -5.258179995093013548E+38 -6.108806381205645341E+38  7.746264527914485251E+52  1.414170282634691236E+49  7.744850357631831705E+52
  4.410734040683530338E-02  5.978182717453243858E+31 -3.046202364958900643E+39 -2.072354557057795955E+39 -4.470402738424239769E+39  8.621853414796383446E+52  3.211888301127570035E+50  8.589734531785109046E+52
  4.419448954292036491E-02  5.967290818878322160E+31 -2.988591711247020348E+39 -2.046241681630087240E+39 -4.401485586756846835E+39  8.617097368437415058E+52  3.132341818759680982E+50  8.585773950249816458E+52
  4.428165682442793127E-02  5.956636622546985349E+31 -2.932331226870414341E+39 -2.020883053539513743E+39 -4.334233540127185552E+39  8.612416623040570035E+52  3.055412391466877767E+50  8.581862499125923423E+52
  1.058683690431050928E-01  4.747276492003667050E+31 -6.142550427233099994E+38 -5.255124436624184624E+38 -6.104124261326911822E+38  7.745559222306772176E+52  1.411452304891336724E+49  7.744147770001873279E+52
  4.436884219950135155E-02  5.946214931074572855E+31 -2.877121091594941072E+39 -1.996184666750484277E+39 -4.268528413566186989E+39  8.607809114046455089E+52  2.980977660527863195E+50  8.577999337441147251E+52
  1.059625358202409551E-01  4.746313546012718111E+31 -6.137113395989347062E+38 -5.252098528110462607E+38 -6.099472661122738351E+38  7.744854699940138146E+52  1.408741603116749320E+49  7.743445958337006145E+52
  4.445604561666856303E-02  5.936020640109513593E+31 -2.823138831743526281E+39 -1.971804208704560043E+39 -4.203864707188574042E+39  8.603272226375530193E+52  2.908871128820486737E+50  8.574183515087296893E+52
  1.060567091773795823E-01  4.745351702534611952E+31 -6.131685959681823358E+38 -5.249102087330682356E+38 -6.094850934747529792E+38  7.744150958858389159E+52  1.406038143411482583E+49  7.742744920714965643E+52
  4.454326702487163697E-02  5.926048649781801794E+31 -2.770489484686350630E+39 -1.947526388154948692E+39 -4.140093068518991058E+39  8.598804419183198790E+52  2.839030088168330261E+50  8.570414118301510154E+52
  1.061508891084876893E-01  4.744390958137444430E+31 -6.126267904451853624E+38 -5.246134915407875524E+38 -6.090258450688056661E+38  7.743447997109317832E+52  1.403341892191558451E+49  7.742044655217132387E+52
  4.463050637359224776E-02  5.916294028612318792E+31 -2.719235628273812761E+39 -1.923261952319543019E+39 -4.077576420241705802E+39  8.594405011235992432E+52  2.771462522790349609E+50  8.566690386008070784E+52
  1.062450756075415809E-01  4.743431309391150667E+31 -6.120859009101791029E+38 -5.243196796967056533E+38 -6.085694590223081136E+38  7.742745812739090869E+52  1.400652816065450568E+49  7.741345159923029260E+52
  4.471776361290474150E-02  5.906752038527974475E+31 -2.669165828001971386E+39 -1.899230587946234315E+39 -4.016555827874374151E+39  8.590073044479208040E+52  2.706141645554806811E+50  8.563011628023666177E+52
  1.063392686685352695E-01  4.742472752866786287E+31 -6.115459058984178531E+38 -5.240287503103546492E+38 -6.081158750406735132E+38  7.742044403792185263E+52  1.397970881983868544E+49  7.740646432910214017E+52
  4.480503869329393457E-02  5.897418033487457692E+31 -2.620119627515914668E+39 -1.875614753481944683E+39 -3.956908833976583711E+39  8.585806545104120264E+52  2.642947111513791657E+50  8.559377073988971028E+52
  4.489233156556354104E-02  5.888287368263087507E+31 -2.572257233503088396E+39 -1.852477616765912075E+39 -3.898279638609742313E+39  8.581603101227200685E+52  2.581727633531171110E+50  8.555785824891854389E+52
  4.497964218085895999E-02  5.879355330996629161E+31 -2.525655072432984984E+39 -1.829581140282851547E+39 -3.840727105816041079E+39  8.577461579719883803E+52  2.522454612059445884E+50  8.552237033599262789E+52
  1.064334682854844588E-01  4.741515285145636385E+31 -6.110067834907723746E+38 -5.237406785506765605E+38 -6.076650326058992180E+38  7.741343768317058244E+52  1.395296057188177942E+49  7.739948472259876927E+52
  4.506697049065908761E-02  5.870617344186037319E+31 -2.480361051085300577E+39 -1.806760304448943068E+39 -3.784420009918052820E+39  8.573381497752240786E+52  2.465149759808698436E+50  8.548730000154114830E+52
  1.065276744524262659E-01  4.740558902817719439E+31 -6.104685125122782954E+38 -5.234554383290905832E+38 -6.072168701018771777E+38  7.740643904364477774E+52  1.392628309233570642E+49  7.739251276055265901E+52
  4.515431644664717747E-02  5.862068961102082358E+31 -2.436132501087769460E+39 -1.784034241649126916E+39 -3.729289866661055755E+39  8.569362071087175466E+52  2.409798255235602338E+50  8.545264088534795882E+52
  1.066218871634120186E-01  4.739603602494562218E+31 -6.099310714739294902E+38 -5.231730038367287072E+38 -6.067713282886702416E+38  7.739944809998152114E+52  1.389967606445824702E+49  7.738554842391691864E+52
  4.524168000075120405E-02  5.853705831116116823E+31 -2.392962706185151615E+39 -1.761491046339320151E+39 -3.675091384293267571E+39  8.565401355505197634E+52  2.356279458704863937E+50  8.541838560918176983E+52
  1.067161064125033698E-01  4.738649380794034359E+31 -6.093944390471793484E+38 -5.228933484708848051E+38 -6.063283504141643157E+38  7.739246483283456910E+52  1.387313917103481783E+49  7.737859169366325595E+52
  1.068103321937841493E-01  4.737696234331977980E+31 -6.088585947002869877E+38 -5.226164437690923458E+38 -6.058878800042725548E+38  7.738548922280747578E+52  1.384667210221598388E+49  7.737164255070499902E+52
  4.532906110519507870E-02  5.845523642368104647E+31 -2.350880876199184073E+39 -1.739363417798168719E+39 -3.621824120782593400E+39  8.561497117151202489E+52  2.304453541428901823E+50  8.538452581736928046E+52
  1.069045645013568802E-01  4.736744159747720570E+31 -6.083235180846105944E+38 -5.223422606765072174E+38 -6.054498595551804615E+38  7.737852125064149274E+52  1.382027455125947675E+49  7.736470097608998319E+52
  4.541645971260841602E-02  5.837518126868600559E+31 -2.309897577196475337E+39 -1.717431036039272651E+39 -3.569725874320169390E+39  8.557648345710689862E+52  2.254296241587380019E+50  8.535105383294835245E+52
  4.550387577612918788E-02  5.829685143088263142E+31 -2.269999850968861635E+39 -1.695567379364932836E+39 -3.519008531096336787E+39  8.553854631287062070E+52  2.205828463917058103E+50  8.531796346647930884E+52
  1.069988033293325091E-01  4.735793153700476613E+31 -6.077891891196366168E+38 -5.220707695531219924E+38 -6.050142282746792524E+38  7.737156089717005616E+52  1.379394621272696172E+49  7.735776695095749468E+52
  4.559130924939615304E-02  5.822020722943133331E+31 -2.231076295979746154E+39 -1.673749107092631449E+39 -3.469349050829226835E+39  8.550114869017495577E+52  2.158997782058370578E+50  8.528524891196899858E+52
  1.070930486718450064E-01  4.734843212861440169E+31 -6.072555886407980797E+38 -5.218019403786108519E+38 -6.045809262902625504E+38  7.736460814326703201E+52  1.376768678794681177E+49  7.735084045647925289E+52
  1.071873005230535580E-01  4.733894333920056584E+31 -6.067226978555737197E+38 -5.215357421642458070E+38 -6.041498928960763523E+38  7.735766296988053162E+52  1.374149598307057636E+49  7.734392147389758577E+52
  1.072815588771059148E-01  4.732946513574235271E+31 -6.061904968970974007E+38 -5.212721433542833431E+38 -6.037210654008607771E+38  7.735072535795327498E+52  1.371537350640884767E+49  7.733700998444694165E+52
  4.567876008643872998E-02  5.814520796016916593E+31 -2.193094813866561435E+39 -1.652084016829995911E+39 -3.420389188550579955E+39  8.546427414300692512E+52  2.113709718547760330E+50  8.525290317115223923E+52
  1.073758237281386974E-01  4.731999748537927464E+31 -6.056589661623997060E+38 -5.210111129138172253E+38 -6.032943785400829880E+38  7.734379528847459013E+52  1.368931906827585254E+49  7.733010596940644153E+52
  4.576622824160628267E-02  5.807181224384813944E+31 -2.155995375768740685E+39 -1.630654429720045798E+39 -3.372268950165896712E+39  8.542790736792152505E+52  2.069888075149887552E+50  8.522091856040639689E+52
  4.585371366947379318E-02  5.799997938696365348E+31 -2.119879467614569751E+39 -1.609338433616026058E+39 -3.325331349108524241E+39  8.539204181928878751E+52  2.027535023855899582E+50  8.518928831690342655E+52
  4.594121632484512302E-02  5.792967119848032188E+31 -2.084877780465612374E+39 -1.588053309543565040E+39 -3.279563787858636324E+39  8.535666806136317510E+52  1.986614233191634172E+50  8.515800663804379191E+52
  1.074700950702965063E-01  4.731054035552752711E+31 -6.051280881305625553E+38 -5.207526213313947796E+38 -6.028697691032872436E+38  7.733687274256935445E+52  1.366333238430417842E+49  7.732320941018523681E+52
  4.602873616278928270E-02  5.786085172714466252E+31 -2.050939600790549768E+39 -1.566825774288411979E+39 -3.234716832906778854E+39  8.532177038773924056E+52  1.947030113088305009E+50  8.512706737643010654E+52
  1.075643728977446478E-01  4.730109371384847257E+31 -6.045978462844353499E+38 -5.204966381843563500E+38 -6.024471709009344405E+38  7.732995770149729285E+52  1.363741317723119355E+49  7.731632028832012733E+52
  1.076586572046738244E-01  4.729165752832052688E+31 -6.040682235312661739E+38 -5.202431324122305470E+38 -6.020265184065522734E+38  7.732305014670904993E+52  1.361156117541255462E+49  7.730943858553382405E+52
  4.611627313860119232E-02  5.779348440533884589E+31 -2.017938997043427305E+39 -1.545799041722645997E+39 -3.190542923925887379E+39  8.528733398407390531E+52  1.908704129686201986E+50  8.509646357110515124E+52
  1.077529479852998018E-01  4.728223176712089477E+31 -6.035392036962571089E+38 -5.199920719906044455E+38 -6.016077487885484500E+38  7.731615005971906257E+52  1.358577610392205959E+49  7.730256428361493576E+52
  4.620382720780226438E-02  5.772753160717776292E+31 -1.985655673861998665E+39 -1.525047930036309639E+39 -3.147179083844012254E+39  8.525335136948208994E+52  1.871627610809399766E+50  8.506618860840113630E+52
  1.078472452338563731E-01  4.727281639856412277E+31 -6.030107703197806645E+38 -5.197434239580255088E+38 -6.011907990425473733E+38  7.730925742207627444E+52  1.356005769643873635E+49  7.729569736437989994E+52
  4.629139832608306776E-02  5.766295475967602226E+31 -1.954186628503615378E+39 -1.504347239688619955E+39 -3.104930800919390793E+39  8.521982012135263048E+52  1.835832261646341549E+50  8.503623689518793916E+52
  1.079415489445905985E-01  4.726341139106423292E+31 -6.024829070543326864E+38 -5.194971556222707937E+38 -6.007756067759869269E+38  7.730237221533263855E+52  1.353440568963911019E+49  7.728883780964326129E+52
  1.080358591117587530E-01  4.725401671320581656E+31 -6.019555972846416227E+38 -5.192532331979576690E+38 -6.003621104454200360E+38  7.729549442108505712E+52  1.350881982286794988E+49  7.728198560126209977E+52
  4.637898644928842989E-02  5.759971690396239724E+31 -1.923700875972528449E+39 -1.483531326445311583E+39 -3.063770388116867741E+39  8.518672880856464096E+52  1.801257176470258692E+50  8.500660309091737207E+52
  4.646659153353521060E-02  5.753778358350170395E+31 -1.894120492538121708E+39 -1.462700799746524980E+39 -3.023443095108660254E+39  8.515405861346431087E+52  1.767774756348220231E+50  8.497728113782930412E+52
  1.081301757296322247E-01  4.724463233384155533E+31 -6.014288261551698031E+38 -5.190116233961232020E+38 -5.999502482791302526E+38  7.728862402104702159E+52  1.348329984207078608E+49  7.727514072120501226E+52
  4.655421353528764461E-02  5.747712138047505637E+31 -1.865295284050789123E+39 -1.441988883310826730E+39 -2.983902546408370501E+39  8.512179545456668800E+52  1.735309991978015040E+50  8.494826445536885466E+52
  1.082244987924896595E-01  4.723525822204142956E+31 -6.009025789657531213E+38 -5.187722927902371642E+38 -5.995399571850730968E+38  7.728176099701114968E+52  1.345784549315762896E+49  7.726830315151813750E+52
  4.664185240627572587E-02  5.741769643070141512E+31 -1.837175179618373698E+39 -1.421469088640214351E+39 -2.945358525120710546E+39  8.508993541032742655E+52  1.703883406949228707E+50  8.491954706963287808E+52
  4.672950809779478909E-02  5.735947378398031656E+31 -1.809882214393479458E+39 -1.401079936701256388E+39 -2.907838586758160487E+39  8.505847587865318352E+52  1.673520747532807645E+50  8.489112380390012241E+52
  1.083188282946128816E-01  4.722589434707746006E+31 -6.003768410477958489E+38 -5.185352088947983939E+38 -5.991311756891630083E+38  7.727490533083455328E+52  1.343245652649404014E+49  7.726147287430790799E+52
  4.681718056328629946E-02  5.730241853922238445E+31 -1.783513596463931172E+39 -1.380699358413774747E+39 -2.871138722719272738E+39  8.502740653952425485E+52  1.644171571151692431E+50  8.486298938240921697E+52
  4.690486975777022338E-02  5.724649717255751839E+31 -1.758033548908083927E+39 -1.360360531184057755E+39 -2.835053621055825578E+39  8.499671362091577826E+52  1.615756423746051265E+50  8.483513797854130545E+52
  1.084131642302912368E-01  4.721654067838791351E+31 -5.998515970540992516E+38 -5.183003398096978344E+38 -5.987238402033867384E+38  7.726805700441921900E+52  1.340713269513669680E+49  7.725464987172384451E+52
  4.699257563746998823E-02  5.719167827186485035E+31 -1.733309740030279801E+39 -1.340163559446271164E+39 -2.799527272474166067E+39  8.496638416374396330E+52  1.588203988523884166E+50  8.480756376489161750E+52
  1.085075065938270744E-01  4.720719718569845830E+31 -5.993268308599252158E+38 -5.180676540355400035E+38 -5.983178868008506953E+38  7.726121599978970952E+52  1.338187375722429118E+49  7.724783412603215275E+52
  4.708029815946324775E-02  5.713793145782670099E+31 -1.709331773554630562E+39 -1.320072859391341339E+39 -2.764822406790016970E+39  8.493641074539813864E+52  1.561493039181338940E+50  8.478026144148011013E+52
  4.716803728140731011E-02  5.708522523350349658E+31 -1.686110104167334436E+39 -1.300030109663618870E+39 -2.731137634164557528E+39  8.490678963633639119E+52  1.535635411979530088E+50  8.475322609513850996E+52
  1.086018553795387448E-01  4.719786383904899699E+31 -5.988025268882684848E+38 -5.178371207081464951E+38 -5.979132500571500648E+38  7.725438229910581791E+52  1.335667947372827691E+49  7.724102561963214203E+52
  4.725579296122883050E-02  5.703352823750019509E+31 -1.663602949333279379E+39 -1.280022202991824109E+39 -2.698402370552330851E+39  8.487751270571264898E+52  1.510597872098623928E+50  8.472645291850264629E+52
  1.086962105817602109E-01  4.718854060878363229E+31 -5.982786708994952697E+38 -5.176087088568926822E+38 -5.975098637366487977E+38  7.724755588465601708E+52  1.333154961041589476E+49  7.723422433504576151E+52
  4.734356515726601683E-02  5.698281043535575548E+31 -1.641746155193211227E+39 -1.260066664333793963E+39 -2.666450667157447819E+39  8.484856849575126163E+52  1.486315824055979278E+50  8.469993691334582974E+52
  1.087905721948413673E-01  4.717922746559802689E+31 -5.977552499423775227E+38 -5.173823876433004104E+38 -5.971076609866188916E+38  7.724073673888347024E+52  1.330648393803872564E+49  7.722743025494503553E+52
  4.743135382831045743E-02  5.693304199767799666E+31 -1.620541850782291435E+39 -1.240168246168223946E+39 -2.635180332599527064E+39  8.481994868124323887E+52  1.462757881020378021E+50  8.467367289314119972E+52
  1.088849402131476518E-01  4.716992438040728586E+31 -5.972322522800389767E+38 -5.171581270410267346E+38 -5.967065766490946228E+38  7.723392484430426731E+52  1.328148222884562456E+49  7.722064336207560641E+52
  4.751915893350436987E-02  5.688419341237739854E+31 -1.600068982174830726E+39 -1.220289931212494856E+39 -2.604590661342539158E+39  8.479164685237319559E+52  1.439909867087123120E+50  8.464765586566438197E+52
  1.089793146310562705E-01  4.716063132452193937E+31 -5.967096661910603881E+38 -5.169358973517247919E+38 -5.963065431130580330E+38  7.722712018363398880E+52  1.325654426176380213E+49  7.721386363937205822E+52
  1.090736954429534777E-01  4.715134826959981713E+31 -5.961874804357326063E+38 -5.167156686082642194E+38 -5.959074956537256983E+38  7.722032273974407512E+52  1.323166981910158880E+49  7.720709106992511150E+52
  4.760698043209520697E-02  5.683623608415212913E+31 -1.580354499112196583E+39 -1.200470098599725537E+39 -2.574685490999470100E+39  8.476365559464121829E+52  1.417745503005499202E+50  8.462188104434076762E+52
  4.769481828342870405E-02  5.678914316414238382E+31 -1.561348195836969445E+39 -1.180774751320510139E+39 -2.545377280646884795E+39  8.473596561655278181E+52  1.396218792899959618E+50  8.459634373726249371E+52
  1.091680826432350759E-01  4.714207518757040600E+31 -5.956656824958079924E+38 -5.164974099581560167E+38 -5.955093726381048040E+38  7.721353249562750070E+52  1.320685868766748912E+49  7.720032563693993860E+52
  4.778267244703492123E-02  5.674288957857994436E+31 -1.542938687819306873E+39 -1.161289456990215085E+39 -2.516598765341958034E+39  8.470856786582061439E+52  1.375285873475663454E+50  8.457103927847326817E+52
  4.787054288251916395E-02  5.669745117912672433E+31 -1.525082880941891516E+39 -1.142005291822276135E+39 -2.488342491040376606E+39  8.468145564074568659E+52  1.354924875030983427E+50  8.454596315324250444E+52
  1.092624762263054022E-01  4.713281205070126908E+31 -5.951442598991391782E+38 -5.162810905577070258E+38 -5.951121125708813544E+38  7.720674943444161761E+52  1.318211066105524404E+49  7.719356732378064505E+52
  4.795842954978191824E-02  5.665280364891317482E+31 -1.507819183726790205E+39 -1.122815510018209843E+39 -2.460669269868603733E+39  8.465462433452247977E+52  1.335132714548096535E+50  8.452111106306753726E+52
  1.093568761865782724E-01  4.712355883140998433E+31 -5.946232019560894437E+38 -5.160666809155375771E+38 -5.947156551306844871E+38  7.719997353934707440E+52  1.315742553354293405E+49  7.718681611381387782E+52
  1.094512825184729005E-01  4.711431550233591401E+31 -5.941024978668496367E+38 -5.158541507714325858E+38 -5.943199417803887967E+38  7.719320479357617031E+52  1.313280310030397336E+49  7.718007199047610560E+52
  1.095456952164132192E-01  4.710508203639122141E+31 -5.935821377313022667E+38 -5.156434707588539204E+38 -5.939249129761504085E+38  7.718644318046701117E+52  1.310824315888713773E+49  7.717333493730825310E+52
  1.096401142748300445E-01  4.709585840672670655E+31 -5.930621125027695147E+38 -5.154346116287891733E+38 -5.935305087440957245E+38  7.717968868344589970E+52  1.308374551322546426E+49  7.716660493793280651E+52
  4.804633240893184387E-02  5.660892246148023667E+31 -1.491197294410189981E+39 -1.103605253274552393E+39 -2.433639585649096377E+39  8.462806901110787647E+52  1.315900438509957853E+50  8.449647896725697863E+52
  4.813425142019284869E-02  5.656578373421122668E+31 -1.475193135588949068E+39 -1.084351759127784620E+39 -2.407251986310627565E+39  8.460178317616662559E+52  1.297203051372082758E+50  8.447206287102928477E+52
  1.097345396881538454E-01  4.708664458673429220E+31 -5.925424127355394873E+38 -5.152275416063682603E+38 -5.931366693031170886E+38  7.717294128602213565E+52  1.305930996855379490E+49  7.715988197605352628E+52
  1.098289714508377951E-01  4.707744055000109612E+31 -5.920230302414705655E+38 -5.150222282831146127E+38 -5.927433371961316357E+38  7.716620097175296666E+52  1.303493633550221976E+49  7.715316603541761206E+52
  4.822218654384210351E-02  5.652336518183084318E+31 -1.459752688017753449E+39 -1.065101639421521907E+39 -2.381460440082058488E+39  8.457575931035046842E+52  1.279004885669038984E+50  8.444785882178358034E+52
  4.831013774018008688E-02  5.648164617757968554E+31 -1.444810237705751442E+39 -1.045954997612071618E+39 -2.356220390535667458E+39  8.454999037059857975E+52  1.261274377216555776E+50  8.442386293287663368E+52
  1.099234095573668191E-01  4.706824627034195608E+31 -5.915039570112176323E+38 -5.148186394433218351E+38 -5.923504562543930303E+38  7.715946772425709326E+52  1.301062442301577287E+49  7.714645709983417363E+52
  1.100178540022400259E-01  4.705906172186679474E+31 -5.909851849181664419E+38 -5.146167426931102313E+38 -5.919579707617293136E+38  7.715274152727506894E+52  1.298637404283200156E+49  7.713975515323214269E+52
  4.839810496973087628E-02  5.644060713951759597E+31 -1.430341131683499576E+39 -1.026983043181645504E+39 -2.331466097776814461E+39  8.452447063647721589E+52  1.243992261034255561E+50  8.440007141037345318E+52
  1.101123047799570792E-01  4.704988687902452966E+31 -5.904667052448707791E+38 -5.144165047243853154E+38 -5.915658205925391415E+38  7.714602236469066357E+52  1.296218501220813213E+49  7.713306017967857367E+52
  4.848608819327167307E-02  5.640022955516963555E+31 -1.416337449083998470E+39 -1.008222042961646214E+39 -2.307086305409227150E+39  8.449919469457925746E+52  1.227141127397672030E+50  8.437648058183937596E+52
  4.857408737183224051E-02  5.636049616512890585E+31 -1.402805779241685227E+39 -9.896764151781703670E+38 -2.282965417816466476E+39  8.447415713797214835E+52  1.210702141898714631E+50  8.435308692378188408E+52
  1.102067618850175040E-01  4.704072171657533122E+31 -5.899485092602420034E+38 -5.142178907121695516E+38 -5.911739478964186556E+38  7.713931022052558894E+52  1.293805715454223988E+49  7.712637216337111500E+52
  4.866210246663226630E-02  5.632139042884929795E+31 -1.389752175724939604E+39 -9.713194657080785814E+38 -2.259067377274229103E+39  8.444935341654534676E+52  1.194664072504023562E+50  8.432988700929451500E+52
  1.103012253119254882E-01  4.703156620947270030E+31 -5.894305884961669921E+38 -5.140208647411941956E+38 -5.907822984416244262E+38  7.713260507884618704E+52  1.291399029487938371E+49  7.711969108855122647E+52
  4.875013343899287088E-02  5.628289627259886414E+31 -1.377169778473484700E+39 -9.531118566158073420E+38 -2.235425420272580539E+39  8.442477960112928945E+52  1.179020233084199191E+50  8.430687757782066986E+52
  1.103956950551929633E-01  4.702242033292515863E+31 -5.889129347744188291E+38 -5.138253915646587815E+38 -5.903908176227824098E+38  7.712590692381952342E+52  1.288998425785711806E+49  7.711301693956164440E+52
  4.883818025034269983E-02  5.624499801934213141E+31 -1.365034792210667750E+39 -9.350178460024577494E+38 -2.212106852737697134E+39  8.440043175980879176E+52  1.163762724501987258E+50  8.428405548735866876E+52
  4.892624286225634445E-02  5.620768048253427405E+31 -1.353314570471106605E+39 -9.170244979274720647E+38 -2.189165258700733459E+39  8.437630556268269641E+52  1.148879141323180759E+50  8.426141764855027918E+52
  1.104901711093412009E-01  4.701328406244169008E+31 -5.883955407082649106E+38 -5.136314366471800246E+38 -5.899994512172466457E+38  7.711921573974388501E+52  1.286603887150447590E+49  7.710634970087251960E+52
  4.901432123647685157E-02  5.617092939542565828E+31 -1.341956743439086169E+39 -8.991648657242669331E+38 -2.166603379212153090E+39  8.435239617863326255E+52  1.134351112627920063E+50  8.423896106737009593E+52
  1.105846534689007149E-01  4.700415737375750333E+31 -5.878783991163803122E+38 -5.134389661341401125E+38 -5.896081499436251605E+38  7.711253151099268672E+52  1.284215397017196102E+49  7.709968935702244215E+52
  4.910241533492890054E-02  5.613473169588282231E+31 -1.330907874272939454E+39 -8.814929231009073969E+38 -2.144368773175234580E+39  8.432869870250319748E+52  1.120158708237439600E+50  8.421668283167949616E+52
  4.919052511972914210E-02  5.609907523315861823E+31 -1.320144291808737620E+39 -8.640457487143506558E+38 -2.122384466910512106E+39  8.430520884873579350E+52  1.106287393861943016E+50  8.419458010934947160E+52
  1.106791421284132326E-01  4.699504024283803110E+31 -5.873615034154020204E+38 -5.132479462880371302E+38 -5.892168672452646483E+38  7.710585422201743826E+52  1.281832938888144899E+49  7.709303589262853295E+52
  4.927865055317433990E-02  5.606394843265290268E+31 -1.309661065540899290E+39 -8.468446617352571191E+38 -2.100569093160546851E+39  8.428192292964798395E+52  1.092728155956779537E+50  8.417265011405236129E+52
  4.936679159771539815E-02  5.602934012033086027E+31 -1.299474124731684168E+39 -8.299026417475091542E+38 -2.078863727685382242E+39  8.425883754062857508E+52  1.079474263321091218E+50  8.415089011429649728E+52
  1.107736370823995953E-01  4.698593264593899910E+31 -5.868448478742548892E+38 -5.130583443218665366E+38 -5.888255579108999605E+38  7.709918385739692559E+52  1.279456496300301083E+49  7.708638929243395560E+52
  4.945494821596669449E-02  5.599523949235134922E+31 -1.289591750022303561E+39 -8.132162829294213316E+38 -2.057237257551424407E+39  8.423594938241724097E+52  1.066519489695010534E+50  8.412929743344768494E+52
  1.108681383253993930E-01  4.697683455956788429E+31 -5.863284276029587997E+38 -5.128701266075553598E+38 -5.884341797138737988E+38  7.709252040180559653E+52  1.277086053037165662E+49  7.707974954127510042E+52
  4.954312037070195823E-02  5.596163606508502494E+31 -1.280009719807790540E+39 -7.967735919449749543E+38 -2.035684174175598683E+39  8.421325514793260579E+52  1.053857009018449314E+50  8.410786944703031719E+52
  1.109626458519862441E-01  4.696774596056659191E+31 -5.858122374738778578E+38 -5.126832606105777760E+38 -5.880426922035904986E+38  7.708586384007766147E+52  1.274721593556468478E+49  7.707311662414205904E+52
  4.963130802482226128E-02  5.592851969329293077E+31 -1.270709832930127109E+39 -7.805601424056124267E+38 -2.014217985105134707E+39  8.419075154292705381E+52  1.041479847759919591E+50  8.408660355815101222E+52
  1.110571596567585806E-01  4.695866682592615041E+31 -5.852962741564456088E+38 -5.124977127756191069E+38 -5.876510583171416880E+38  7.707921415705296676E+52  1.272363102185258348E+49  7.706649052603134592E+52
  4.971951114132425187E-02  5.589588060720982188E+31 -1.261658065812948084E+39 -7.645655658769938418E+38 -1.992863754555556110E+39  8.416843528214208099E+52  1.029380616105691391E+50  8.406549722053184840E+52
  1.111516797343249374E-01  4.694959713287895413E+31 -5.847805333312169451E+38 -5.123134494344358911E+38 -5.872592408796479837E+38  7.707257133765997036E+52  1.270010563605055447E+49  7.705987123202397189E+52
  4.980772968349975183E-02  5.586370940743726343E+31 -1.252818116944865494E+39 -7.487803553845254307E+38 -1.971639052430463686E+39  8.414630310298425392E+52  1.017550916651419904E+50  8.404454801131897661E+52
  1.112462060792973467E-01  4.694053685896965903E+31 -5.842650108174737170E+38 -5.121304382047420310E+38 -5.868672023728727041E+38  7.706593536697014457E+52  1.267663962710495956E+49  7.705325872734297311E+52
  4.989596361464036095E-02  5.583199703282138192E+31 -1.244153377650779308E+39 -7.332008879128227412E+38 -1.950547790243963782E+39  8.412435180541489535E+52  1.005982305251106467E+50  8.402375357488994274E+52
  1.113407386862844128E-01  4.693148598201538882E+31 -5.837497028867481593E+38 -5.119486462047689175E+38 -5.864749059538458409E+38  7.705930623017375210E+52  1.265323284358619411E+49  7.704665299732980402E+52
  4.998421289805385359E-02  5.580073472889088249E+31 -1.235633432448746775E+39 -7.178348264110250628E+38 -1.929580163422534701E+39  8.410257831533008896E+52  9.946668634107173571E+49  8.400311162898898934E+52
  1.114352775498900633E-01  4.692244448009518756E+31 -5.832346052017281473E+38 -5.117680396781445126E+38 -5.860823188086089449E+38  7.705268391258195164E+52  1.262988513605615639E+49  7.704005402744582606E+52
  1.115298226647188085E-01  4.691341233156889876E+31 -5.827197122858585235E+38 -5.115885851827646007E+38 -5.856894110160506238E+38  7.704606839964076001E+52  1.260659636281904338E+49  7.703346180327801802E+52
  5.007247749716226687E-02  5.576991400418973251E+31 -1.227242313265277592E+39 -7.027075462723403140E+38 -1.908721365392352500E+39  8.408097968961037392E+52  9.835975992898976104E+49  8.398261992968165117E+52
  5.016075737546164814E-02  5.573952661740409950E+31 -1.218978365365117176E+39 -6.878527126827120480E+38 -1.887947046745227068E+39  8.405955309555451463E+52  9.727684855575253290E+49  8.396227624699859817E+52
  1.116243740253811539E-01  4.690438951497990562E+31 -5.822050196903040586E+38 -5.114102487339910951E+38 -5.852961556271383304E+38  7.703945967683882503E+52  1.258336638038150228E+49  7.702687631045847803E+52
  5.024905249661192064E-02  5.570956450446714154E+31 -1.210853157076901718E+39 -6.733048718715753365E+38 -1.867228948072932730E+39  8.403829576159954253E+52  9.621738780849013984E+49  8.394207837379105868E+52
  5.033736282450569643E-02  5.568001973251487126E+31 -1.202885450969271577E+39 -6.590771143912837694E+38 -1.846547474374735640E+39  8.401720498525049430E+52  9.518087343543087530E+49  8.392202411181479131E+52
  1.117189316264938503E-01  4.689537600908768306E+31 -5.816905225896563843E+38 -5.112329962680076147E+38 -5.849025253648881659E+38  7.703285772975173669E+52  1.256019504971606182E+49  7.702029753470205661E+52
  5.042568832326380784E-02  5.565088453501228736E+31 -1.195092198353782185E+39 -6.451673319184657226E+38 -1.825892338898521603E+39  8.399627807465696013E+52  9.416678282184206256E+49  8.390211129183496670E+52
  1.118134954626777838E-01  4.688637179293028066E+31 -5.811762165329199209E+38 -5.110567961713127027E+38 -5.845084930578735895E+38  7.702626254407399238E+52  1.253708222788498130E+49  7.701372546184631862E+52
  5.051402895724205894E-02  5.562215128281390094E+31 -1.187473770622910999E+39 -6.315624430234705387E+38 -1.805262940766787621E+39  8.397551236465856702E+52  9.317460379621051928E+49  8.388233776086227171E+52
  5.060238469100734882E-02  5.559381244896937441E+31 -1.180015827193549588E+39 -6.182426122048653936E+38 -1.784669466191452992E+39  8.395490525366496247E+52  9.220387743684147883E+49  8.386270137622825305E+52
  1.119080655285555337E-01  4.687737684579926462E+31 -5.806620973976488588E+38 -5.108816170740394205E+38 -5.841140322198037989E+38  7.701967410559576200E+52  1.251402777867777925E+49  7.700716007781714284E+52
  1.120026418187518719E-01  4.686839114729850778E+31 -5.801481605638137970E+38 -5.107074272647983787E+38 -5.837191136081489490E+38  7.701309240026115070E+52  1.249103156673747876E+49  7.700060136869436454E+52
  5.069075548902921696E-02  5.556586060397497109E+31 -1.172693729628694336E+39 -6.051840320949138516E+38 -1.764125995351817437E+39  8.393445421377447226E+52  9.125413089876008947E+49  8.384320008287525707E+52
  1.120972243278963998E-01  4.685941467728063477E+31 -5.796344016234505682E+38 -5.105341954029520472E+38 -5.833237116451522851E+38  7.700651741412438750E+52  1.246809346050857559E+49  7.699404932066367869E+52
  5.077914131575241713E-02  5.553828843864802225E+31 -1.165472062180135691E+39 -5.923699032373198923E+38 -1.743651330212594561E+39  8.391415679478354118E+52  9.032490496395443051E+49  8.382383188981930042E+52
  1.121918130506267125E-01  4.685044741589455307E+31 -5.791208162997770570E+38 -5.103618907872123823E+38 -5.829278020637704973E+38  7.699994913338008916E+52  1.244521332881853370E+49  7.698750392005145517E+52
  1.122864079815894811E-01  4.684148934350755869E+31 -5.786074004794349491E+38 -5.101904838548891097E+38 -5.825313624473246057E+38  7.699338754431017616E+52  1.242239104196241460E+49  7.698096515326831558E+52
  1.123810091154393287E-01  4.683254044070913723E+31 -5.780941502526275800E+38 -5.100199456413487667E+38 -5.821343714771990232E+38  7.698683263329785613E+52  1.239962647373504883E+49  7.697443300682414833E+52
  5.086754213569878724E-02  5.551108868432446582E+31 -1.158313989815323799E+39 -5.798019564446101550E+38 -1.723273361237231996E+39  8.389401057502452318E+52  8.941573532740731999E+49  8.380459483969676550E+52
  1.124756164468380115E-01  4.682360068836412438E+31 -5.775810632152252229E+38 -5.098502476856163343E+38 -5.817368067595837176E+38  7.698028438686231141E+52  1.237691949760742856E+49  7.696790746736494410E+52
  5.095595791362354798E-02  5.548425412238843611E+31 -1.151201339003494197E+39 -5.674957578958531496E+38 -1.703020229779108607E+39  8.387401316770833201E+52  8.852617413243202134E+49  8.378548699357572684E+52
  1.125702299704530174E-01  4.681467006761901996E+31 -5.770681370202779244E+38 -5.096813625178156390E+38 -5.813386479205349644E+38  7.697374279166279307E+52  1.235426999245611642E+49  7.696138852167007364E+52
  5.104438861454285020E-02  5.545777768465415789E+31 -1.144143484470207202E+39 -5.554732429841288688E+38 -1.682914440932674737E+39  8.385416220129577393E+52  8.765572920674323288E+49  8.376650647208893275E+52
  1.126648496809552896E-01  4.680574855984206301E+31 -5.765553702187490634E+38 -5.095132637419901404E+38 -5.809398773650961374E+38  7.696720783445796781E+52  1.233167783622297593E+49  7.695487615662210895E+52
  5.113283420368136545E-02  5.543165240838549746E+31 -1.137165959170121064E+39 -5.437573683645750475E+38 -1.662958847883374030E+39  8.383445529683667741E+52  8.680393196653705767E+49  8.374765136487036493E+52
  1.127594755730183390E-01  4.679683614661983610E+31 -5.760427613763004410E+38 -5.093459251487456373E+38 -5.805404767339358287E+38  7.696067950211111788E+52  1.230914290649542107E+49  7.694837035920472846E+52
  5.122129464639377239E-02  5.540587152453093698E+31 -1.130296613519139387E+39 -5.323610487854043259E+38 -1.643127949329177182E+39  8.381489007424652905E+52  8.597032410612917300E+49  8.372891975014050917E+52
  1.128541076413214911E-01  4.678793280975795886E+31 -5.755303097454508049E+38 -5.091793228696682061E+38 -5.801404267439431217E+38  7.695415778158941799E+52  1.228666508211733675E+49  7.694187111650730013E+52
  1.129487458805573247E-01  4.677903853132184557E+31 -5.750180154572437850E+38 -5.090134332352421415E+38 -5.797397114530872797E+38  7.694764266001127710E+52  1.226424424911744086E+49  7.693537841576217436E+52
  5.130976990820084599E-02  5.538042840835380925E+31 -1.123544622469875696E+39 -5.212787240756483534E+38 -1.623379715039788180E+39  8.379546413817736480E+52  8.515437713547224028E+49  8.371030976104174426E+52
  1.130433902854343087E-01  4.677015329359138995E+31 -5.745058801662143514E+38 -5.088482340610379227E+38 -5.793383175116054670E+38  7.694113412458633175E+52  1.224188029126675495E+49  7.692889224429472622E+52
  1.131380408506671292E-01  4.676127707901022758E+31 -5.739939064927149604E+38 -5.086837022623078415E+38 -5.789362339848546168E+38  7.693463216258250245E+52  1.221957309341340102E+49  7.692241258948913582E+52
  5.139825995481873966E-02  5.535531646186145196E+31 -1.116901419786147145E+39 -5.104841459937973494E+38 -1.603677679132807530E+39  8.377617508217823230E+52  8.435557834083839119E+49  8.369181950383731092E+52
  1.132326975709705558E-01  4.675240987026285557E+31 -5.734820971001007689E+38 -5.085198160424282509E+38 -5.785334489007244671E+38  7.692813676139294428E+52  1.219732253987210160E+49  7.691593943885315896E+52
  1.133273604410626467E-01  4.674355165028585551E+31 -5.729704542111544703E+38 -5.083565525094868976E+38 -5.781299506771951971E+38  7.692164790854212939E+52  1.217512851891712616E+49  7.690947278002333766E+52
  5.148676475215099163E-02  5.533052912453222357E+31 -1.110343577109349334E+39 -4.999465790963276419E+38 -1.584005546375879752E+39  8.375702056834914671E+52  8.357348558176398031E+49  8.367344708276718405E+52
  1.134220294556712860E-01  4.673470240226861403E+31 -5.724589804528041708E+38 -5.081938895130628556E+38 -5.777257275663137571E+38  7.691516559169829924E+52  1.215299092151720872E+49  7.690301260077681438E+52
  1.135167046095326704E-01  4.672586210959017338E+31 -5.719476794028075028E+38 -5.080318063225717280E+38 -5.773207685964373010E+38  7.690868979862301773E+52  1.213090963410225001E+49  7.689655888898907317E+52
  5.157528426628710250E-02  5.530605992062642984E+31 -1.103841577431252776E+39 -4.896382941222683936E+38 -1.564378717889317231E+39  8.373799839238434237E+52  8.280775636908859849E+49  8.365519063601501510E+52
  1.136113858973880064E-01  4.671703075584286628E+31 -5.714365549001144513E+38 -5.078702832355002394E+38 -5.769150629144503016E+38  7.690222051719285357E+52  1.210888454595473114E+49  7.689011163264693422E+52
  5.166381846348060136E-02  5.528190239145559924E+31 -1.097365202724097665E+39 -4.795486403991814431E+38 -1.544832643961168295E+39  8.371910647325180642E+52  8.205813776183620468E+49  8.363704833548995786E+52
  1.137060733139774876E-01  4.670820832485890517E+31 -5.709256118247967789E+38 -5.077093008993263926E+38 -5.765086020680357632E+38  7.689575773541764918E+52  1.208691554744375891E+49  7.688367081987023623E+52
  5.175236731010288138E-02  5.525805008437487474E+31 -1.090893180754825139E+39 -4.696854685341506015E+38 -1.525413730378840155E+39  8.370034280433805675E+52  8.132441124514533860E+49  8.361901839309302146E+52
  1.138007668540417100E-01  4.669939480068581960E+31 -5.704148551318482172E+38 -5.075488392119833021E+38 -5.761013800284266011E+38  7.688930144143705406E+52  1.206500253021687192E+49  7.687723643890680660E+52
  5.184093077261758137E-02  5.523449657452428514E+31 -1.084420757350504499E+39 -4.600691309054563990E+38 -1.506163819676674463E+39  8.368170541275396517E+52  8.060636840404590759E+49  8.360109904435017965E+52
  1.138954665123240173E-01  4.669059016747111000E+31 -5.699042902435579637E+38 -5.073888786661239567E+38 -5.756933957794689824E+38  7.688285162341930145E+52  1.204314538369650185E+49  7.687080847803572553E+52
  5.192950881760773074E-02  5.521123565087113067E+31 -1.077962153838981173E+39 -4.507226190637068727E+38 -1.487105891622384624E+39  8.366319232849188265E+52  7.990371385953979290E+49  8.358328861463224464E+52
  5.201810141182835329E-02  5.518826129464694609E+31 -1.071540656650114234E+39 -4.416673118974266450E+38 -1.468235070435943526E+39  8.364480152109802748E+52  7.921603195392650912E+49  8.356558548914390823E+52
  5.210670852220899291E-02  5.516556761940776018E+31 -1.065178305119803048E+39 -4.329118229819992216E+38 -1.449525431853270783E+39  8.362653086235326085E+52  7.854285447706901157E+49  8.354798800787588485E+52
  1.139901722835712644E-01  4.668179440950584259E+31 -5.693939225565881045E+38 -5.072293991106438128E+38 -5.752846498844041665E+38  7.687640826959021736E+52  1.202134399793108186E+49  7.686438692559243251E+52
  5.219533011582462578E-02  5.514314881619768125E+31 -1.058884186578516229E+39 -4.244500751533304335E+38 -1.430936449344084775E+39  8.360837816677033588E+52  7.788369293384527269E+49  8.353049447383642708E+52
  1.140848841625338450E-01  4.667300751119946517E+31 -5.688837577107323306E+38 -5.070703813487686000E+38 -5.748751433984953411E+38  7.686997136822423503E+52  1.199959826297585481E+49  7.685797176996125071E+52
  5.228396615887048043E-02  5.512099913075072102E+31 -1.052653627896843660E+39 -4.162664993726661545E+38 -1.412434472423951890E+39  8.359034130089243437E+52  7.723809512488806309E+49  8.351310320576712554E+52
  5.237261661713294575E-02  5.509911285776326075E+31 -1.046468418615564703E+39 -4.083442809268198996E+38 -1.394007546720862031E+39  8.357241830859589577E+52  7.660576918054213483E+49  8.349581253941533099E+52
  1.141796021439682590E-01  4.666422945708462604E+31 -5.683738014085565972E+38 -5.069118071627227548E+38 -5.744648785648587275E+38  7.686354090764372495E+52  1.197790806669069036E+49  7.685156299957706711E+52
  5.246128145671942467E-02  5.507748437396021830E+31 -1.040303985165576035E+39 -4.006657533771708494E+38 -1.375678387486824679E+39  8.355460740486215659E+52  7.598658866830617621E+49  8.347862081619375535E+52
  1.142743262226397077E-01  4.665546023183671958E+31 -5.678640591417315639E+38 -5.067536592135402977E+38 -5.740538573454482514E+38  7.685711687623712559E+52  1.195627329849407924E+49  7.684516060293861420E+52
  5.254996064430920294E-02  5.505610814530520302E+31 -1.034137296259241211E+39 -3.932203134213544458E+38 -1.357497587461329746E+39  8.353690689700542372E+52  7.538043144386766662E+49  8.346152646556147156E+52
  1.143690563933213861E-01  4.664669982021025040E+31 -5.673545365407869229E+38 -5.065959207757787556E+38 -5.736420817641728688E+38  7.685069926241934299E+52  1.193469384697601630E+49  7.683876456857248507E+52
  5.263865414711956653E-02  5.503497869523607819E+31 -1.027960149997815215E+39 -3.860154631412719402E+38 -1.339529458358749755E+39  8.351931514189505503E+52  7.478720635949939431E+49  8.344452793553545755E+52
  1.144637926507927755E-01  4.663794820707990618E+31 -5.668452389035798575E+38 -5.064385756815060023E+38 -5.732295534171984956E+38  7.684428805466656592E+52  1.191316960076827883E+49  7.683237488506577928E+52
  5.272736193277814676E-02  5.501409064438970004E+31 -1.021781815496727187E+39 -3.790756566666442504E+38 -1.321831537223005027E+39  8.350183049203262899E+52  7.420676767545550920E+49  8.342762372435700749E+52
  5.281608396920482035E-02  5.499343876324307978E+31 -1.015620544893776755E+39 -3.724325424127022419E+38 -1.304423659398896328E+39  8.348445124187789897E+52  7.363888774528819647E+49  8.341081235413266212E+52
  1.145585349898386313E-01  4.662920537746156243E+31 -5.663361716121314553E+38 -5.062816078553836554E+38 -5.728162737953872618E+38  7.683788324153269514E+52  1.189170044587032094E+49  7.682599154108667929E+52
  5.290482022453606853E-02  5.497301797970818182E+31 -1.009489740778733624E+39 -3.661080322931742338E+38 -1.287283588438764750E+39  8.346717564361715915E+52  7.308328524334678068E+49  8.339409235837403609E+52
  1.146532834052475802E-01  4.662047131649313322E+31 -5.658273395273102968E+38 -5.061250012710886257E+38 -5.724022457580847736E+38  7.683148481162908594E+52  1.187028626928709021E+49  7.681961452536014155E+52
  1.147480378918119964E-01  4.661174600945431494E+31 -5.653187471550117010E+38 -5.059687402629808422E+38 -5.719874730857652738E+38  7.682509275364825099E+52  1.184892695613036570E+49  7.681324382669202464E+52
  5.299357066707791053E-02  5.495282327282665245E+31 -1.003392257624245807E+39 -3.601092144378652802E+38 -1.270367141046137471E+39  8.345000185658207837E+52  7.253957919696786965E+49  8.337746227738525866E+52
  1.148427984443282646E-01  4.660302944176355087E+31 -5.648104000476832594E+38 -5.058128091343478179E+38 -5.715719628102727296E+38  7.681870705636303085E+52  1.182762239692519187E+49  7.680687943396594166E+52
  5.308233526528617630E-02  5.493284962866166408E+31 -9.973218687458742152E+38 -3.544216336452008476E+38 -1.253628060593912335E+39  8.343292802009267040E+52  7.200737168232891030E+49  8.336092064841031035E+52
  1.149375650575970575E-01  4.659432159903373172E+31 -5.643023042444008694E+38 -5.056571924683990037E+38 -5.711557229971709353E+38  7.681232770866591785E+52  1.180637248037271250E+49  7.680052133618555096E+52
  1.150323377264240166E-01  4.658562246703837357E+31 -5.637944660225725979E+38 -5.055018764447817747E+38 -5.707387617983467311E+38  7.680595469954821383E+52  1.178517709406948288E+49  7.679416952245469212E+52
  1.151271164456190710E-01  4.657693203171732845E+31 -5.632868914112768278E+38 -5.053468469849937177E+38 -5.703210894618014257E+38  7.679958801811749087E+52  1.176403612538690475E+49  7.678782398199192244E+52
  5.317111398776285663E-02  5.491309209357604830E+31 -9.912691883852697282E+38 -3.490173320590168237E+38 -1.237037652871523593E+39  8.341595233427471764E+52  7.148635717252799487E+49  8.334446597710223938E+52
  1.152219012099965217E-01  4.656825027908874799E+31 -5.627795859387533180E+38 -5.051920894154247820E+38 -5.699027179752766920E+38  7.679322765351607237E+52  1.174294946070769641E+49  7.678148470405536767E+52
  5.325990680325647098E-02  5.489354576667699411E+31 -9.852273447180759265E+38 -3.438635620576276681E+38 -1.220591029096077123E+39  8.339907309887585509E+52  7.097629832615183254E+49  8.332809680054963424E+52
  5.334871368066256003E-02  5.487420586581111229E+31 -9.791965914109694895E+38 -3.389348365022391935E+38 -1.204304772737805213E+39  8.338228869105345817E+52  7.047697967508483094E+49  8.331181171137826010E+52
  1.153166920143746388E-01  4.655957719527633918E+31 -5.622725553456180572E+38 -5.050375888128199220E+38 -5.694836573712281074E+38  7.678687359494477840E+52  1.172191698439135877E+49  7.677515167796035290E+52
  1.154114888535759664E-01  4.655091276643162322E+31 -5.617658053575979037E+38 -5.048833297865201246E+38 -5.690639178550568526E+38  7.678052583160433332E+52  1.170093858279018589E+49  7.676882489302144820E+52
  1.155062917224275454E-01  4.654225697879894053E+31 -5.612593419619541942E+38 -5.047292965333310190E+38 -5.686435117907041816E+38  7.677418435275881783E+52  1.168001413945841831E+49  7.676250433861937669E+52
  5.343753458903894443E-02  5.485506773045373776E+31 -9.731844386351460722E+38 -3.342239320994432543E+38 -1.188203359847600803E+39  8.336559751811203777E+52  6.998818663738611296E+49  8.329560933147424186E+52
  5.352636949760618268E-02  5.483612686640175158E+31 -9.672022758805459940E+38 -3.297393510937294712E+38 -1.172313218356810141E+39  8.334899798087508686E+52  6.950965230993201199E+49  8.327948832856474774E+52
  1.156011006157604132E-01  4.653360981869597714E+31 -5.607531716785861723E+38 -5.045754734406088197E+38 -5.682224535174677277E+38  7.676784914772381223E+52  1.165914354002439722E+49  7.675619000418366009E+52
  1.156959155284097845E-01  4.652497127253213037E+31 -5.602473008352959775E+38 -5.044218442755912421E+38 -5.678007575432110917E+38  7.676152020586046274E+52  1.163832666717854543E+49  7.674988187919343755E+52
  5.361521837560683651E-02  5.481737894778313211E+31 -9.612641305806727889E+38 -3.254972947310774106E+38 -1.156657862495767964E+39  8.333248848760803122E+52  6.904105824773087744E+49  8.326344742936043870E+52
  1.157907364552157037E-01  4.651634132674926852E+31 -5.597417348155801914E+38 -5.042683935958361446E+38 -5.673784388457708087E+38  7.675519751654809945E+52  1.161756340375648052E+49  7.674357995314440506E+52
  1.158855633910226279E-01  4.650771996787440492E+31 -5.592364785556089660E+38 -5.041151069662460785E+38 -5.669555143316918798E+38  7.674888106922342191E+52  1.159685363120392919E+49  7.673728421559225469E+52
  1.159803963306793723E-01  4.649910718253290253E+31 -5.587315379852057590E+38 -5.039619714999976120E+38 -5.665320018158182173E+38  7.674257085337570330E+52  1.157619722995543518E+49  7.673099465614578379E+52
  5.370408119236329270E-02  5.479881968706504637E+31 -9.553888918852283285E+38 -3.215118379389168466E+38 -1.141258861380482604E+39  8.331606737769136328E+52  6.858204935405358213E+49  8.324748532833747371E+52
  1.160752352690410660E-01  4.649050295731854504E+31 -5.582269195464542811E+38 -5.038089742930579523E+38 -5.661079217448276608E+38  7.673626685844140923E+52  1.155559408174234564E+49  7.672471126435978053E+52
  1.161700802009654754E-01  4.648190727887712375E+31 -5.577226297757120918E+38 -5.036561030350509308E+38 -5.656832938543610755E+38  7.672996907388608881E+52  1.153504406307528825E+49  7.671843402982283800E+52
  5.379295791734783894E-02  5.478044485910236952E+31 -9.495885157640484821E+38 -3.177861596890111334E+38 -1.126132811774011804E+39  8.329973298611683684E+52  6.813226511737381461E+49  8.323160072099997287E+52
  1.162649311213095615E-01  4.647332013398867322E+31 -5.572186748999173252E+38 -5.035033454852547554E+38 -5.652581390404361964E+38  7.672367748927460046E+52  1.151454705011982879E+49  7.671216294222476204E+52
  1.163597880249374467E-01  4.646474150951501340E+31 -5.567150605383645217E+38 -5.033506895546590598E+38 -5.648324795888014081E+38  7.671739209423267057E+52  1.149410292131599012E+49  7.670589799131135619E+52
  5.388184852024367061E-02  5.476225029802025711E+31 -9.438641697665980750E+38 -3.143250564990328193E+38 -1.111278783602203285E+39  8.328348368429389452E+52  6.769134761126377879E+49  8.321579233668222735E+52
  1.164546509067250629E-01  4.645617139246733061E+31 -5.562117924409986482E+38 -5.031981234063725394E+38 -5.644063365745118262E+38  7.671111287849865902E+52  1.147371155361641883E+49  7.669963916694481122E+52
  1.165495197615576684E-01  4.644760976999844039E+31 -5.557088768692067845E+38 -5.030456358363203412E+38 -5.639797312855255855E+38  7.670483983191574328E+52  1.145337282462813372E+49  7.669338645909083814E+52
  5.397075297242053676E-02  5.474423184722327053E+31 -9.382141665461358770E+38 -3.111318272612692583E+38 -1.096675662178416735E+39  8.326731789608681417E+52  6.725898809781406481E+49  8.320005890798888646E+52
  5.405967124480635932E-02  5.472638537844323453E+31 -9.326382489094960046E+38 -3.082023694348019369E+38 -1.082299191877560102E+39  8.325123416802919990E+52  6.683499491919197956E+49  8.318439917310990921E+52
  1.166443945843236019E-01  4.643905662933967402E+31 -5.552063204593618298E+38 -5.028932170785149924E+38 -5.635526844923044077E+38  7.669857294437742009E+52  1.143308661200802948E+49  7.668713985776524394E+52
  5.414860330766370355E-02  5.470870679629025071E+31 -9.271370265764111815E+38 -3.055394778900200008E+38 -1.068129809252787655E+39  8.323523112835825984E+52  6.641923049637957787E+49  8.316881189786163151E+52
  1.167392753699091207E-01  4.643051195776123787E+31 -5.547041301290953912E+38 -5.027408570079775912E+38 -5.631252184043705800E+38  7.669231220578280084E+52  1.141285279252538804E+49  7.668089935299033284E+52
  5.423754913093356556E-02  5.469119216059697166E+31 -9.217208443673675763E+38 -3.031452384359436529E+38 -1.054161841129902266E+39  8.321930749725356232E+52  6.601163500353058959E+49  8.315329586225002576E+52
  5.432650868454112769E-02  5.467383768768236496E+31 -9.164109312972991846E+38 -3.010230132148140132E+38 -1.040410392845095189E+39  8.320346206245781405E+52  6.561216046354789895E+49  8.313784990199384802E+52
  1.168341621131920166E-01  4.642197574259081322E+31 -5.542023131120184347E+38 -5.025885457577820080E+38 -5.626973555074502760E+38  7.668605760607012938E+52  1.139267124251488829E+49  7.667466493482737143E+52
  5.441548193859112315E-02  5.465663971780298280E+31 -9.112314950300488487E+38 -2.991877591138800642E+38 -1.026893214947474655E+39  8.318769357286518328E+52  6.522068297825572060E+49  8.312247288988718143E+52
  1.169290548090467230E-01  4.641344797119001149E+31 -5.537008781417725501E+38 -5.024362745244787427E+38 -5.622691184850786454E+38  7.667980913517855346E+52  1.137254183931030181E+49  7.666843659333923199E+52
  1.170239534523514896E-01  4.640492863094604257E+31 -5.531998348683871614E+38 -5.022840341459254711E+38 -5.618405325794158442E+38  7.667356678307357142E+52  1.135246445436526415E+49  7.666221431861915698E+52
  5.450446886345006181E-02  5.463959464626989220E+31 -9.062037576623613404E+38 -2.976545446229037091E+38 -1.013622604815010640E+39  8.317200073748093964E+52  6.483703425425008903E+49  8.310716370322688490E+52
  1.171188580379938088E-01  4.639641770934547473E+31 -5.526991945374229220E+38 -5.021318154080688966E+38 -5.614116244508597533E+38  7.666733053980628391E+52  1.133243896049705343E+49  7.665599810084581040E+52
  1.172137685608712482E-01  4.638791519393888144E+31 -5.521989676101625540E+38 -5.019796097469250568E+38 -5.609824194887684298E+38  7.666110039547935496E+52  1.131246522837517104E+49  7.664978793025116360E+52
  5.459346942975398104E-02  5.462269889030393819E+31 -9.013413236392891949E+38 -2.964262556622526074E+38 -1.000599890229149337E+39  8.315638222949152898E+52  6.446101896379027499E+49  8.309192121052783127E+52
  1.173086850158894801E-01  4.637942107239498356E+31 -5.516991631428380173E+38 -5.018274098930223165E+38 -5.605529431598690676E+38  7.665487634029305650E+52  1.129254313100528460E+49  7.664358379716196720E+52
  5.468248360838121047E-02  5.460594891316191430E+31 -8.966522952799188262E+38 -2.954987875286419220E+38 -9.878175530089371285E+38  8.314083665825585730E+52  6.409236547099937410E+49  8.307674429278503633E+52
  5.477151137041923884E-02  5.458934122782388477E+31 -8.921366786044946940E+38 -2.948657216032072516E+38 -9.752663401868686733E+38  8.312536265878869617E+52  6.373082226761333364E+49  8.306163183652109451E+52
  5.486055268713821431E-02  5.457287242136259451E+31 -8.877921165611705488E+38 -2.945158699450575048E+38 -9.629443665451870092E+38  8.310995891385231371E+52  6.337616295084796577E+49  8.304658275090177586E+52
  1.174036073979600053E-01  4.637093533236800041E+31 -5.511997892068688406E+38 -5.016752086062354129E+38 -5.601232216495097289E+38  7.664865836444298156E+52  1.127267254134471884E+49  7.663738569190197307E+52
  5.494960752997262582E-02  5.455653918412531742E+31 -8.836154198108655851E+38 -2.944304020639888249E+38 -9.508533002840923817E+38  8.309462419243786969E+52  6.302822364886127553E+49  8.303159596878881712E+52
  5.503867587051291393E-02  5.454033829257196237E+31 -8.796008677275197999E+38 -2.946011015174234256E+38 -9.389899194935997703E+38  8.307935735790878729E+52  6.268693222206844317E+49  8.301667042568670488E+52
  1.174985357019989463E-01  4.636245796152702214E+31 -5.507008519546332625E+38 -5.015229993369787199E+38 -5.596932811051616211E+38  7.664244645814234343E+52  1.125285332646837529E+49  7.663119360481543512E+52
  1.175934699229267688E-01  4.635398894757030425E+31 -5.502023567180336306E+38 -5.013707761969073272E+38 -5.592631485083226919E+38  7.663624061162914283E+52  1.123308535297484014E+49  7.662500752627641385E+52
  5.512775768049868463E-02  5.452426655756654363E+31 -8.757427007591614713E+38 -2.950251380751903236E+38 -9.273404513071488266E+38  8.306415729439333851E+52  6.235223892699583966E+49  8.300180505546602803E+52
  1.176884100556675472E-01  4.634552827812600820E+31 -5.497043090658909255E+38 -5.012185342735306148E+38 -5.588328509829585655E+38  7.663004081508730748E+52  1.121336849101064145E+49  7.661882744659624082E+52
  5.521685293181109039E-02  5.450832089059730821E+31 -8.720428861716383535E+38 -2.956998345086771788E+38 -9.158816408797086333E+38  8.304902286698281531E+52  6.202406212298352395E+49  8.298699880485938963E+52
  1.177833560951477981E-01  4.633707594091446613E+31 -5.492067138585807884E+38 -5.010662674612237371E+38 -5.584024161888044955E+38  7.662384705878007219E+52  1.119370260568724743E+49  7.661265335617461470E+52
  5.530596159646948562E-02  5.449249833355887804E+31 -8.685067386091693572E+38 -2.966245881544475727E+38 -9.045900679592302364E+38  8.303395289659528589E+52  6.170223556850556044E+49  8.297225066102670317E+52
  1.178783080362965502E-01  4.632863192365917169E+31 -5.487095757671018396E+38 -5.009139702138762916E+38 -5.579718709095524758E+38  7.661765933296895969E+52  1.117408756125702186E+49  7.660648524540789512E+52
  5.539508364661005491E-02  5.447679594115465283E+31 -8.651435352708794899E+38 -2.977948942785879537E+38 -8.934539398213134679E+38  8.301894616715770062E+52  6.138655472531328228E+49  8.295755961243241836E+52
  1.179732658740461210E-01  4.632019621403191723E+31 -5.482128997274743242E+38 -5.007616371206412611E+38 -5.575412424221456040E+38  7.661147762787627519E+52  1.115452322126927333E+49  7.660032310465474479E+52
  5.548421905450351410E-02  5.446121072635162529E+31 -8.619594948580680040E+38 -2.991991010576600855E+38 -8.824785700307715001E+38  8.300400148387619555E+52  6.107686482451369381E+49  8.294292461905137546E+52
  5.557336779257403270E-02  5.444573966988865991E+31 -8.589588180834284375E+38 -3.008279691761365989E+38 -8.716768980480964801E+38  8.298911764056988897E+52  6.077301185152581589E+49  8.292834462871818198E+52
  1.180682296033332274E-01  4.631176879966904275E+31 -5.477166910943084481E+38 -5.006092628650183152E+38 -5.571105569590066069E+38  7.660530193369121015E+52  1.113500944622796343E+49  7.659416692424491309E+52
  5.566252983340111427E-02  5.443037980170162826E+31 -8.561435374652584702E+38 -3.026711500752377132E+38 -8.610646971339070658E+38  8.297429346500417037E+52  6.047488282836389461E+49  8.291381858217585456E+52
  1.181631992191003316E-01  4.630334966821643586E+31 -5.472209559272076690E+38 -5.004568429688071144E+38 -5.566798400368750331E+38  7.659913224062485110E+52  1.111554609556227816E+49  7.658801669452917244E+52
  5.575170514970273494E-02  5.441512827851110811E+31 -8.535085524930354022E+38 -3.047134835124212398E+38 -8.506490634794121919E+38  8.295952782149718891E+52  6.018235673029137645E+49  8.289934546476683729E+52
  5.584089371432972987E-02  5.439998235057607239E+31 -8.510460037068337469E+38 -3.069345313507338465E+38 -8.404269515666569287E+38  8.294481962389891408E+52  5.989532915940112779E+49  8.288492429473962351E+52
  5.593009550026593196E-02  5.438493926225427434E+31 -8.487464005445055711E+38 -3.093190475558190505E+38 -8.303814077402917911E+38  8.293016781608651200E+52  5.961369095735790768E+49  8.287055412512901790E+52
  1.182581747162969876E-01  4.629493880721015043E+31 -5.467257009037148550E+38 -5.003043746550352355E+38 -5.562491206415354089E+38  7.659296853881516638E+52  1.109613302892719833E+49  7.658187240578622984E+52
  5.601931048063096830E-02  5.436999633333001495E+31 -8.466051747473856516E+38 -3.118582547446793331E+38 -8.204885644101092845E+38  8.291557135232201368E+52  5.933731653626886213E+49  8.285623403578585154E+52
  1.183531560898997831E-01  4.628653620418544766E+31 -5.462309313399821659E+38 -5.001518557661230969E+38 -5.558184278098378921E+38  7.658681081841643662E+52  1.107677010313633193E+49  7.657573404831312501E+52
  5.610853862868003805E-02  5.435515091980675938E+31 -8.446209524784023087E+38 -3.145438735801372155E+38 -8.107248664413724341E+38  8.290102922150814189E+52  5.906609594289282723E+49  8.284196312556509828E+52
  5.619777991780872811E-02  5.434040048477834777E+31 -8.427897689832766942E+38 -3.173692886760213381E+38 -8.010702139630933494E+38  8.288654046963318726E+52  5.879994241751038175E+49  8.282774052721564221E+52
  1.184481433348801016E-01  4.627814184665390883E+31 -5.457366529552705204E+38 -4.999992838939182711E+38 -5.553877902770192487E+38  7.658065906958524998E+52  1.105745717359016442E+49  7.656960161241149148E+52
  1.185431364462005838E-01  4.626975572206533485E+31 -5.452428724399939176E+38 -4.998466557285329799E+38 -5.549572385022659220E+38  7.657451328244736719E+52  1.103819409540574415E+49  7.656347508835180566E+52
  5.628703432155360287E-02  5.432574258304753614E+31 -8.411039204153599705E+38 -3.203350159021260655E+38 -7.915185030832907900E+38  8.287210417555700415E+52  5.853875124534649051E+49  8.281356542431130329E+52
  1.186381354188306841E-01  4.626137781786586070E+31 -5.447495963323873787E+38 -4.996939680766752022E+38 -5.545268042904568595E+38  7.656837344713826826E+52  1.101898072298927198E+49  7.655735446641569888E+52
  5.637630181355236109E-02  5.431117473608643509E+31 -8.395567515216645114E+38 -3.234506666212303945E+38 -7.820752485478742625E+38  8.285771944193422313E+52  5.828243406733222895E+49  8.279943700786728135E+52
  5.646558236754747884E-02  5.429669451484445732E+31 -8.381422900789400007E+38 -3.267257170958615703E+38 -7.727536451506473998E+38  8.284338538429950266E+52  5.803087844875672346E+49  8.278535450585097423E+52
  1.187331402477347780E-01  4.625300812147604089E+31 -5.442568315667324416E+38 -4.995412175575095345E+38 -5.540965224545737280E+38  7.656223955379238048E+52  1.099981691120945779E+49  7.655123973688139960E+52
  5.655487595741350709E-02  5.428229962029707948E+31 -8.368500850954909026E+38 -3.301604124890921098E+38 -7.635658617162801041E+38  8.282910114473656537E+52  5.778392904563432601E+49  8.277131721569122585E+52
  1.188281509279035669E-01  4.624464662030553125E+31 -5.437645841847341150E+38 -4.993884005064451317E+38 -5.536664258957258343E+38  7.655611159254861861E+52  1.098070251336683916E+49  7.654513089003507977E+52
  5.664418255735053503E-02  5.426798782594282829E+31 -8.356693737892018065E+38 -3.337394683250480221E+38 -7.545152142336010233E+38  8.281486587663608959E+52  5.754142035344347863E+49  8.275732445628281702E+52
  1.189231674543210632E-01  4.623629330178037169E+31 -5.432728600741621630E+38 -4.992355126109310880E+38 -5.532365470281067573E+38  7.654998955357529992E+52  1.096163738179385641E+49  7.653902791619336662E+52
  5.673350214176730438E-02  5.425375694905394882E+31 -8.345932649811445619E+38 -3.374384594580786588E+38 -7.455881452238209878E+38  8.280067875090221507E+52  5.730319038079619276E+49  8.274337556052158474E+52
  1.190181898219404288E-01  4.622794815331799123E+31 -5.427816661512503719E+38 -4.990825501190860694E+38 -5.528069198429102863E+38  7.654387342703631801E+52  1.094262136807959728E+49  7.653293080566841053E+52
  5.682283468519781083E-02  5.423960470349132876E+31 -8.336143428017655209E+38 -3.412324239345893010E+38 -7.367622992034139441E+38  8.278653891193036209E+52  5.706908486760331727E+49  8.272946982706303771E+52
  1.191132180256983253E-01  4.621961116238689875E+31 -5.422910097877905337E+38 -4.989295102471229379E+38 -5.523775777841313966E+38  7.653776320314204694E+52  1.092365432391488997E+49  7.652683954881808731E+52
  5.691218016225967763E-02  5.422552873533094379E+31 -8.327261135158918759E+38 -3.450995023413531417E+38 -7.280182937795539576E+38  8.277244548014744995E+52  5.683894778656701833E+49  8.271560653236102541E+52
  1.192082520605324547E-01  4.621128231646580824E+31 -5.418008980693866397E+38 -4.987763905581685133E+38 -5.519485517477849514E+38  7.653165887211473874E+52  1.090473609916302605E+49  7.652075413601611720E+52
  5.700153854763682915E-02  5.421152659149454784E+31 -8.319244949693208366E+38 -3.490195955371509658E+38 -7.193532350813146875E+38  8.275839751842017875E+52  5.661257071670016201E+49  8.270178494770369832E+52
  1.193032919213962983E-01  4.620296160304633204E+31 -5.413113382726952735E+38 -4.986231880955157441E+38 -5.515198730970350003E+38  7.652556042419915725E+52  1.088586654525304332E+49  7.651467455765389381E+52
  5.709090981608844900E-02  5.419759572906762971E+31 -8.312058080651407780E+38 -3.529838252514895451E+38 -7.107838283569965637E+38  8.274439403310174858E+52  5.638972263780402474E+49  8.268800431046392269E+52
  5.718029394246859631E-02  5.418373361975694763E+31 -8.305684023526075919E+38 -3.569880822009059745E+38 -7.023370762105835718E+38  8.273043403129469322E+52  5.617018037622643261E+49  8.267426385091851833E+52
  1.193983376032574789E-01  4.619464900966456001E+31 -5.408223368804040350E+38 -4.984698997242177871E+38 -5.510915743201991998E+38  7.651946784968226131E+52  1.086704551137860099E+49  7.650860080417087569E+52
  5.726969090174556520E-02  5.416993776284366547E+31 -8.300112798496131723E+38 -3.610290345198975148E+38 -6.940389898705540878E+38  8.271651653995314120E+52  5.595373884235985803E+49  8.266056280111063639E+52
  5.735910066901348664E-02  5.415620570126176180E+31 -8.295294730074182932E+38 -3.651068154782589691E+38 -6.859101068179100751E+38  8.270264061870702674E+52  5.574021091097274714E+49  8.264690040779574885E+52
  1.194933891010906135E-01  4.618634452398365560E+31 -5.403338990749645377E+38 -4.983165225318756289E+38 -5.506636865611675407E+38  7.651338113896424938E+52  1.084827285018301647E+49  7.650253286611378472E+52
  1.195884464098783961E-01  4.617804813372955341E+31 -5.398460302142139124E+38 -4.981630535516091071E+38 -5.502362362111001505E+38  7.650730028249529886E+52  1.082954841215539203E+49  7.649647073408312870E+52
  5.744852321949697055E-02  5.414253500281527230E+31 -8.291110315728340040E+38 -3.692175991625102906E+38 -6.779600301209427294E+38  8.268880534039764063E+52  5.552941948194241165E+49  8.263327592091569982E+52
  1.196835095246108205E-01  4.616975982669382352E+31 -5.393587370158842550E+38 -4.980094903206894427E+38 -5.498092471356110803E+38  7.650122527078690180E+52  1.081087204701693850E+49  7.649041439874014517E+52
  5.753795852855429771E-02  5.412892326487272488E+31 -8.287414776355801816E+38 -3.733540265098311937E+38 -6.701822570945348325E+38  8.267500979284206872E+52  5.532120674867832332E+49  8.261968858609346967E+52
  1.197785784402850690E-01  4.616147959077239342E+31 -5.388720250573926132E+38 -4.978558317910000131E+38 -5.493827422490674738E+38  7.649515609444406409E+52  1.079224360776921714E+49  7.648436385083621461E+52
  5.762740657167932795E-02  5.411536815480913109E+31 -8.284096175974837226E+38 -3.775130278585656067E+38 -6.625622947757589786E+38  8.266125307243860569E+52  5.511540950993036608E+49  8.260613766292857334E+52
  5.771686732450209689E-02  5.410186729288561738E+31 -8.281076634491700881E+38 -3.816871491132458305E+38 -6.550873259475133579E+38  8.264753429379146100E+52  5.491191003657562929E+49  8.259262238375476315E+52
  1.198736531519042220E-01  4.615320741398907480E+31 -5.383858995147210339E+38 -4.977020782574507161E+38 -5.489567451491914654E+38  7.648909274419389982E+52  1.077366294633969118E+49  7.647831908124756924E+52
  5.780634076278930167E-02  5.408841832516623392E+31 -8.278295413167140982E+38 -3.858598179272501397E+38 -6.477608143163077944E+38  8.263385260355805008E+52  5.471061655477586143E+49  8.257914198700315159E+52
  1.199687336544756483E-01  4.614494328436824681E+31 -5.379003658821983020E+38 -4.975482311956966039E+38 -5.485312781847708764E+38  7.648303521075610068E+52  1.075512991482484738E+49  7.647228008084091334E+52
  5.789582686244095638E-02  5.407501893493912827E+31 -8.275767435711218746E+38 -3.900129454160847131E+38 -6.406037908163917109E+38  8.262020714787808062E+52  5.451144934945403830E+49  8.256569569852835519E+52
  1.200638199430110742E-01  4.613668718999720389E+31 -5.374154294998114566E+38 -4.973942913008358706E+38 -5.481063632462365575E+38  7.647698348491584144E+52  1.073664436600965552E+49  7.646624684054943390E+52
  5.798532559948550019E-02  5.406166676010697238E+31 -8.273497042704601214E+38 -3.941355312136065196E+38 -6.336429142285166767E+38  8.260659705734966073E+52  5.431433172155296393E+49  8.255228272562803187E+52
  1.201589120125263199E-01  4.612843911912372174E+31 -5.369310956477954716E+38 -4.972402594150533904E+38 -5.476820198614162344E+38  7.647093755760518187E+52  1.071820615161437502E+49  7.646021935145366013E+52
  5.807483695006072921E-02  5.404835941491496632E+31 -8.271482155684648053E+38 -3.982183859672223700E+38 -6.269015766174637791E+38  8.259302147811463551E+52  5.411920591989027360E+49  8.253890227219470833E+52
  1.202540098580400507E-01  4.612019906005139370E+31 -5.364473692409835625E+38 -4.970861360975674197E+38 -5.472582655670936275E+38  7.646489741980265159E+52  1.069981512518823762E+49  7.645419760467753918E+52
  1.203491134745748037E-01  4.611196700110944757E+31 -5.359642558432379986E+38 -4.969319224232541543E+38 -5.468351158037424448E+38  7.645886306249783934E+52  1.068147113946726268E+49  7.644818159135836363E+52
  1.204442228571570295E-01  4.610374293075783264E+31 -5.354817611647216251E+38 -4.967776197012197719E+38 -5.464125819269500967E+38  7.645283447680153823E+52  1.066317404747024080E+49  7.644217130275414123E+52
  5.816436089041053525E-02  5.403509452877804599E+31 -8.269630885160966828E+38 -4.022558320099200929E+38 -6.204028482922282943E+38  8.257947958380603916E+52  5.392601826178542054E+49  8.252555356554413104E+52
  1.205393380008159682E-01  4.609552683755909922E+31 -5.349998909131664395E+38 -4.966232293943860113E+38 -5.459906744281178786E+38  7.644681165390889948E+52  1.064492370253498763E+49  7.643616673020651477E+52
  5.825389739689890850E-02  5.402186975220761121E+31 -8.267841025960972476E+38 -4.062446127432789568E+38 -6.141700845358298197E+38  8.256597055297912221E+52  5.373469178488256621E+49  8.251223586119436193E+52
  1.206344589005822476E-01  4.608731871013045328E+31 -5.345186504198760688E+38 -4.964687533380842100E+38 -5.455694022101363904E+38  7.644079458506965773E+52  1.062671996121762258E+49  7.643016786510848838E+52
  5.834344644608825681E-02  5.400868283000526090E+31 -8.266052047820584624E+38 -4.101834358282495724E+38 -6.082190588923637974E+38  8.255249360228862713E+52  5.354516215101517392E+49  8.249894844013773463E+52
  1.207295855514881333E-01  4.607911853717465120E+31 -5.340380446505964309E+38 -4.963141930906073579E+38 -5.451487736752489204E+38  7.643478326161622559E+52  1.060856267742707763E+49  7.642417469893864725E+52
  5.843300801472803979E-02  5.399553151478763633E+31 -8.264288513674036329E+38 -4.140703909194569160E+38 -6.025645457070518601E+38  8.253904796749265272E+52  5.335737716500697937E+49  8.248569059032769663E+52
  5.852258207971271914E-02  5.398241358228441053E+31 -8.262581487859079283E+38 -4.179001905522534531E+38 -5.972131506992454749E+38  8.252563289567223610E+52  5.317128975581603515E+49  8.247246160591632156E+52
  1.208247179485686662E-01  4.607092630747349651E+31 -5.335580778305764580E+38 -4.961595493711723239E+38 -5.447287957603325701E+38  7.642877767495872768E+52  1.059045170366425846E+49  7.641818722325510690E+52
  5.861216861804903477E-02  5.396932689546707897E+31 -8.260934268927968695E+38 -4.216620638749288157E+38 -5.921740175475218705E+38  8.251224765566864230E+52  5.298684775080269109E+49  8.245926080791751991E+52
  1.209198560868631755E-01  4.606274200985129774E+31 -5.330787547262845490E+38 -4.960048224776823061E+38 -5.443094748839190596E+38  7.642277781655581073E+52  1.057238689420002353E+49  7.641220542966161260E+52
  5.870176760684268913E-02  5.395626941002622846E+31 -8.259327929301283091E+38 -4.253414059891492370E+38 -5.874571217840547668E+38  8.249889155194288433E+52  5.280398040495536612E+49  8.244608757153815721E+52
  1.210149999614174993E-01  4.605456563315785377E+31 -5.326000793024902481E+38 -4.958500143838894394E+38 -5.438908165563285426E+38  7.641678367790853983E+52  1.055436810234731999E+49  7.640622930980605063E+52
  1.211101495672845807E-01  4.604639716630344684E+31 -5.321220551341132341E+38 -4.956951266872559105E+38 -5.434728250867142389E+38  7.641079525059447975E+52  1.053639518245456753E+49  7.640025885541155220E+52
  5.879137902329966553E-02  5.394323918389942453E+31 -8.257743664142709889E+38 -4.289219924369748983E+38 -5.830639802091631745E+38  8.248556392378602347E+52  5.262264144332611641E+49  8.243294128234266684E+52
  5.888100284473447160E-02  5.393023432756189290E+31 -8.256165750663812526E+38 -4.323864047838627919E+38 -5.789929589365065657E+38  8.247226413680278425E+52  5.244280656813901485E+49  8.241982133023445456E+52
  1.212053048995234972E-01  4.603823659822654271E+31 -5.316446861693420292E+38 -4.955401606192262001E+38 -5.430555053630947851E+38  7.640481252623721850E+52  1.051846798986071509E+49  7.639429405824755884E+52
  5.897063904857914596E-02  5.391725307432554794E+31 -8.254573168824425485E+38 -4.357271950370335837E+38 -5.752391483678280787E+38  8.245899162290629153E+52  5.226449382322820053E+49  8.240672712908274736E+52
  5.906028761238758112E-02  5.390429380455549638E+31 -8.252920422061091064E+38 -4.389462013019734593E+38 -5.717942848951027350E+38  8.244574587358341457E+52  5.208774359500177031E+49  8.239365812998805497E+52
  1.213004659531978502E-01  4.603008391783666701E+31 -5.311679763439144281E+38 -4.953851172014650296E+38 -5.426388639008637582E+38  7.639883549645769624E+52  1.050058637797865636E+49  7.638833491007934360E+52
  5.914994851383804236E-02  5.389135508753053647E+31 -8.251121655213929719E+38 -4.420479273712314265E+38 -5.686496750322201609E+38  8.243252643368485843E+52  5.191260526731714703E+49  8.238061382841806118E+52
  5.923962173068931386E-02  5.387843571329999145E+31 -8.249126384744266486E+38 -4.450372044467836362E+38 -5.657958549735293286E+38  8.241933291279261541E+52  5.173913340250236669E+49  8.236759377938998097E+52
  5.932930724082717544E-02  5.386553460866678868E+31 -8.246940217470327782E+38 -4.479147741609594615E+38 -5.632268898962085957E+38  8.240616495642469696E+52  5.156736676019269927E+49  8.235459758966455745E+52
  1.213956327233749605E-01  4.602193911405834235E+31 -5.306919291463720578E+38 -4.952299978319331133E+38 -5.422229081232742020E+38  7.639286415290682989E+52  1.048275020011144460E+49  7.638238140270653742E+52
  5.941900502279320873E-02  5.385265091371166976E+31 -8.244614004677886825E+38 -4.506708245147476471E+38 -5.609302392512012286E+38  8.239302229075683947E+52  5.139735235963345218E+49  8.234162493839722448E+52
  1.214908052051250353E-01  4.601380217579608637E+31 -5.302165489354002470E+38 -4.950748040425788319E+38 -5.418076425015539765E+38  7.638689848723054909E+52  1.046495930830250908E+49  7.637643352792241222E+52
  5.950871505612567031E-02  5.383978385289299944E+31 -8.242143125005777761E+38 -4.532888602849702860E+38 -5.588857180893539014E+38  8.237990467801264504E+52  5.122914235740253871E+49  8.232867553565538921E+52
  1.215859833935206691E-01  4.600567309194441870E+31 -5.297418407182285984E+38 -4.949195378235135046E+38 -5.413930711520462337E+38  7.638093849108574697E+52  1.044721355508093930E+49  7.637049127753050157E+52
  5.959843732060629562E-02  5.382693265489319468E+31 -8.239453221666798862E+38 -4.557521635122051684E+38 -5.570666387920800687E+38  8.236681190562362082E+52  5.106281305548335564E+49  8.231574909256789521E+52
  1.216811672836375091E-01  4.599755185135022890E+31 -5.292678097044772174E+38 -4.947642023874049088E+38 -5.409791993282822872E+38  7.637498415611249395E+52  1.042951279378530251E+49  7.636455464331845208E+52
  5.968817179590380634E-02  5.381409651116151380E+31 -8.236446318138483211E+38 -4.580446302271560533E+38 -5.554418049243232385E+38  8.235374372477987266E+52  5.089842270176174480E+49  8.230284530207849229E+52
  1.217763568705547694E-01  4.598943844281921663E+31 -5.287944616379119490E+38 -4.946088008684978038E+38 -5.405660303293321449E+38  7.636903547394168346E+52  1.041185687671516401E+49  7.635862361706496733E+52
