# 1D hydrostatic white dwarf, ztwd structure, isothermal T
# rho_c=9.8839384950e+08 R=2.4562141156e+08 M_msun=1.3461439553 t_dyn=0.2879669941 T_iso=1.0000000000e+07
# r density temperature
0.0000000000e+00 9.8839384950e+08 1.0000000000e+07
4.1460913322e+05 9.8835739967e+08 1.0000000000e+07
8.2921826645e+05 9.8824805970e+08 1.0000000000e+07
1.2438273997e+06 9.8806586032e+08 1.0000000000e+07
1.6584365329e+06 9.8781085238e+08 1.0000000000e+07
2.0730456661e+06 9.8748310700e+08 1.0000000000e+07
2.4876547993e+06 9.8708271558e+08 1.0000000000e+07
2.9022639326e+06 9.8660978971e+08 1.0000000000e+07
3.3168730658e+06 9.8606446111e+08 1.0000000000e+07
3.7314821990e+06 9.8544688159e+08 1.0000000000e+07
4.1460913322e+06 9.8475722292e+08 1.0000000000e+07
4.5607004655e+06 9.8399567676e+08 1.0000000000e+07
4.9753095987e+06 9.8316245452e+08 1.0000000000e+07
5.3899187319e+06 9.8225778730e+08 1.0000000000e+07
5.8045278651e+06 9.8128192569e+08 1.0000000000e+07
6.2191369984e+06 9.8023513967e+08 1.0000000000e+07
6.6337461316e+06 9.7911771847e+08 1.0000000000e+07
7.0483552648e+06 9.7792997036e+08 1.0000000000e+07
7.4629643980e+06 9.7667222250e+08 1.0000000000e+07
7.8775735312e+06 9.7534482080e+08 1.0000000000e+07
8.2921826645e+06 9.7394812963e+08 1.0000000000e+07
8.7067917977e+06 9.7248253173e+08 1.0000000000e+07
9.1214009309e+06 9.7094842790e+08 1.0000000000e+07
9.5360100641e+06 9.6934623683e+08 1.0000000000e+07
9.9506191974e+06 9.6767639489e+08 1.0000000000e+07
1.0365228331e+07 9.6593935580e+08 1.0000000000e+07
1.0779837464e+07 9.6413559048e+08 1.0000000000e+07
1.1194446597e+07 9.6226558673e+08 1.0000000000e+07
1.1609055730e+07 9.6032984900e+08 1.0000000000e+07
1.2023664863e+07 9.5832889807e+08 1.0000000000e+07
1.2438273997e+07 9.5626327083e+08 1.0000000000e+07
1.2852883130e+07 9.5413351993e+08 1.0000000000e+07
1.3267492263e+07 9.5194021352e+08 1.0000000000e+07
1.3682101396e+07 9.4968393492e+08 1.0000000000e+07
1.4096710530e+07 9.4736528233e+08 1.0000000000e+07
1.4511319663e+07 9.4498486851e+08 1.0000000000e+07
1.4925928796e+07 9.4254332044e+08 1.0000000000e+07
1.5340537929e+07 9.4004127900e+08 1.0000000000e+07
1.5755147062e+07 9.3747939862e+08 1.0000000000e+07
1.6169756196e+07 9.3485834697e+08 1.0000000000e+07
1.6584365329e+07 9.3217880458e+08 1.0000000000e+07
1.6998974462e+07 9.2944146450e+08 1.0000000000e+07
1.7413583595e+07 9.2664703194e+08 1.0000000000e+07
1.7828192729e+07 9.2379622393e+08 1.0000000000e+07
1.8242801862e+07 9.2088976892e+08 1.0000000000e+07
1.8657410995e+07 9.1792840644e+08 1.0000000000e+07
1.9072020128e+07 9.1491288671e+08 1.0000000000e+07
1.9486629262e+07 9.1184397029e+08 1.0000000000e+07
1.9901238395e+07 9.0872242766e+08 1.0000000000e+07
2.0315847528e+07 9.0554903888e+08 1.0000000000e+07
2.0730456661e+07 9.0232459318e+08 1.0000000000e+07
2.1145065794e+07 8.9904988862e+08 1.0000000000e+07
2.1559674928e+07 8.9572573162e+08 1.0000000000e+07
2.1974284061e+07 8.9235293667e+08 1.0000000000e+07
2.2388893194e+07 8.8893232587e+08 1.0000000000e+07
2.2803502327e+07 8.8546472857e+08 1.0000000000e+07
2.3218111461e+07 8.8195098098e+08 1.0000000000e+07
2.3632720594e+07 8.7839192579e+08 1.0000000000e+07
2.4047329727e+07 8.7478841175e+08 1.0000000000e+07
2.4461938860e+07 8.7114129330e+08 1.0000000000e+07
2.4876547993e+07 8.6745143018e+08 1.0000000000e+07
2.5291157127e+07 8.6371968705e+08 1.0000000000e+07
2.5705766260e+07 8.5994693310e+08 1.0000000000e+07
2.6120375393e+07 8.5613404164e+08 1.0000000000e+07
2.6534984526e+07 8.5228188976e+08 1.0000000000e+07
2.6949593660e+07 8.4839135791e+08 1.0000000000e+07
2.7364202793e+07 8.4446332955e+08 1.0000000000e+07
2.7778811926e+07 8.4049869076e+08 1.0000000000e+07
2.8193421059e+07 8.3649832986e+08 1.0000000000e+07
2.8608030192e+07 8.3246313706e+08 1.0000000000e+07
2.9022639326e+07 8.2839400407e+08 1.0000000000e+07
2.9437248459e+07 8.2429182373e+08 1.0000000000e+07
2.9851857592e+07 8.2015748971e+08 1.0000000000e+07
3.0266466725e+07 8.1599189606e+08 1.0000000000e+07
3.0681075859e+07 8.1179593693e+08 1.0000000000e+07
3.1095684992e+07 8.0757050620e+08 1.0000000000e+07
3.1510294125e+07 8.0331649712e+08 1.0000000000e+07
3.1924903258e+07 7.9903480198e+08 1.0000000000e+07
3.2339512391e+07 7.9472631180e+08 1.0000000000e+07
3.2754121525e+07 7.9039191596e+08 1.0000000000e+07
3.3168730658e+07 7.8603250189e+08 1.0000000000e+07
3.3583339791e+07 7.8164895478e+08 1.0000000000e+07
3.3997948924e+07 7.7724215720e+08 1.0000000000e+07
3.4412558058e+07 7.7281298887e+08 1.0000000000e+07
3.4827167191e+07 7.6836232630e+08 1.0000000000e+07
3.5241776324e+07 7.6389104251e+08 1.0000000000e+07
3.5656385457e+07 7.5940000673e+08 1.0000000000e+07
3.6070994590e+07 7.5489008416e+08 1.0000000000e+07
3.6485603724e+07 7.5036213562e+08 1.0000000000e+07
3.6900212857e+07 7.4581701732e+08 1.0000000000e+07
3.7314821990e+07 7.4125558059e+08 1.0000000000e+07
3.7729431123e+07 7.3667867162e+08 1.0000000000e+07
3.8144040257e+07 7.3208713117e+08 1.0000000000e+07
3.8558649390e+07 7.2748179441e+08 1.0000000000e+07
3.8973258523e+07 7.2286349055e+08 1.0000000000e+07
3.9387867656e+07 7.1823304275e+08 1.0000000000e+07
3.9802476789e+07 7.1359126777e+08 1.0000000000e+07
4.0217085923e+07 7.0893897582e+08 1.0000000000e+07
4.0631695056e+07 7.0427697032e+08 1.0000000000e+07
4.1046304189e+07 6.9960604770e+08 1.0000000000e+07
4.1460913322e+07 6.9492699720e+08 1.0000000000e+07
4.1875522456e+07 6.9024060066e+08 1.0000000000e+07
4.2290131589e+07 6.8554763237e+08 1.0000000000e+07
4.2704740722e+07 6.8084885884e+08 1.0000000000e+07
4.3119349855e+07 6.7614503867e+08 1.0000000000e+07
4.3533958988e+07 6.7143692238e+08 1.0000000000e+07
4.3948568122e+07 6.6672525220e+08 1.0000000000e+07
4.4363177255e+07 6.6201076199e+08 1.0000000000e+07
4.4777786388e+07 6.5729417703e+08 1.0000000000e+07
4.5192395521e+07 6.5257621395e+08 1.0000000000e+07
4.5607004655e+07 6.4785758049e+08 1.0000000000e+07
4.6021613788e+07 6.4313897551e+08 1.0000000000e+07
4.6436222921e+07 6.3842108876e+08 1.0000000000e+07
4.6850832054e+07 6.3370460082e+08 1.0000000000e+07
4.7265441187e+07 6.2899018298e+08 1.0000000000e+07
4.7680050321e+07 6.2427849713e+08 1.0000000000e+07
4.8094659454e+07 6.1957019572e+08 1.0000000000e+07
4.8509268587e+07 6.1486592157e+08 1.0000000000e+07
4.8923877720e+07 6.1016630789e+08 1.0000000000e+07
4.9338486854e+07 6.0547197818e+08 1.0000000000e+07
4.9753095987e+07 6.0078354609e+08 1.0000000000e+07
5.0167705120e+07 5.9610161548e+08 1.0000000000e+07
5.0582314253e+07 5.9142678025e+08 1.0000000000e+07
5.0996923387e+07 5.8675962436e+08 1.0000000000e+07
5.1411532520e+07 5.8210072175e+08 1.0000000000e+07
5.1826141653e+07 5.7745063633e+08 1.0000000000e+07
5.2240750786e+07 5.7280992192e+08 1.0000000000e+07
5.2655359919e+07 5.6817912221e+08 1.0000000000e+07
5.3069969053e+07 5.6355877081e+08 1.0000000000e+07
5.3484578186e+07 5.5894939112e+08 1.0000000000e+07
5.3899187319e+07 5.5435149642e+08 1.0000000000e+07
5.4313796452e+07 5.4976558982e+08 1.0000000000e+07
5.4728405586e+07 5.4519216423e+08 1.0000000000e+07
5.5143014719e+07 5.4063170242e+08 1.0000000000e+07
5.5557623852e+07 5.3608467698e+08 1.0000000000e+07
5.5972232985e+07 5.3155155037e+08 1.0000000000e+07
5.6386842118e+07 5.2703277490e+08 1.0000000000e+07
5.6801451252e+07 5.2252879279e+08 1.0000000000e+07
5.7216060385e+07 5.1804003616e+08 1.0000000000e+07
5.7630669518e+07 5.1356692706e+08 1.0000000000e+07
5.8045278651e+07 5.0910987755e+08 1.0000000000e+07
5.8459887785e+07 5.0466928968e+08 1.0000000000e+07
5.8874496918e+07 5.0024555558e+08 1.0000000000e+07
5.9289106051e+07 4.9583905746e+08 1.0000000000e+07
5.9703715184e+07 4.9145016769e+08 1.0000000000e+07
6.0118324317e+07 4.8707924887e+08 1.0000000000e+07
6.0532933451e+07 4.8272665380e+08 1.0000000000e+07
6.0947542584e+07 4.7839272566e+08 1.0000000000e+07
6.1362151717e+07 4.7407779799e+08 1.0000000000e+07
6.1776760850e+07 4.6978219477e+08 1.0000000000e+07
6.2191369984e+07 4.6550623051e+08 1.0000000000e+07
6.2605979117e+07 4.6125021029e+08 1.0000000000e+07
6.3020588250e+07 4.5701442988e+08 1.0000000000e+07
6.3435197383e+07 4.5279917577e+08 1.0000000000e+07
6.3849806516e+07 4.4860472527e+08 1.0000000000e+07
6.4264415650e+07 4.4443134660e+08 1.0000000000e+07
6.4679024783e+07 4.4027929895e+08 1.0000000000e+07
6.5093633916e+07 4.3614883260e+08 1.0000000000e+07
6.5508243049e+07 4.3204018897e+08 1.0000000000e+07
6.5922852183e+07 4.2795360075e+08 1.0000000000e+07
6.6337461316e+07 4.2388929195e+08 1.0000000000e+07
6.6752070449e+07 4.1984747805e+08 1.0000000000e+07
6.7166679582e+07 4.1582836603e+08 1.0000000000e+07
6.7581288715e+07 4.1183215451e+08 1.0000000000e+07
6.7995897849e+07 4.0785903387e+08 1.0000000000e+07
6.8410506982e+07 4.0390918626e+08 1.0000000000e+07
6.8825116115e+07 3.9998278582e+08 1.0000000000e+07
6.9239725248e+07 3.9607999870e+08 1.0000000000e+07
6.9654334382e+07 3.9220098318e+08 1.0000000000e+07
7.0068943515e+07 3.8834588981e+08 1.0000000000e+07
7.0483552648e+07 3.8451486147e+08 1.0000000000e+07
7.0898161781e+07 3.8070803352e+08 1.0000000000e+07
7.1312770914e+07 3.7692553387e+08 1.0000000000e+07
7.1727380048e+07 3.7316748309e+08 1.0000000000e+07
7.2141989181e+07 3.6943399458e+08 1.0000000000e+07
7.2556598314e+07 3.6572517459e+08 1.0000000000e+07
7.2971207447e+07 3.6204112240e+08 1.0000000000e+07
7.3385816581e+07 3.5838193040e+08 1.0000000000e+07
7.3800425714e+07 3.5474768421e+08 1.0000000000e+07
7.4215034847e+07 3.5113846279e+08 1.0000000000e+07
7.4629643980e+07 3.4755433852e+08 1.0000000000e+07
7.5044253113e+07 3.4399537740e+08 1.0000000000e+07
7.5458862247e+07 3.4046163905e+08 1.0000000000e+07
7.5873471380e+07 3.3695317691e+08 1.0000000000e+07
7.6288080513e+07 3.3347003830e+08 1.0000000000e+07
7.6702689646e+07 3.3001226456e+08 1.0000000000e+07
7.7117298780e+07 3.2657989115e+08 1.0000000000e+07
7.7531907913e+07 3.2317294775e+08 1.0000000000e+07
7.7946517046e+07 3.1979145840e+08 1.0000000000e+07
7.8361126179e+07 3.1643544160e+08 1.0000000000e+07
7.8775735312e+07 3.1310491039e+08 1.0000000000e+07
7.9190344446e+07 3.0979987251e+08 1.0000000000e+07
7.9604953579e+07 3.0652033047e+08 1.0000000000e+07
8.0019562712e+07 3.0326628168e+08 1.0000000000e+07
8.0434171845e+07 3.0003771855e+08 1.0000000000e+07
8.0848780979e+07 2.9683462860e+08 1.0000000000e+07
8.1263390112e+07 2.9365699458e+08 1.0000000000e+07
8.1677999245e+07 2.9050479453e+08 1.0000000000e+07
8.2092608378e+07 2.8737800197e+08 1.0000000000e+07
8.2507217512e+07 2.8427658591e+08 1.0000000000e+07
8.2921826645e+07 2.8120051103e+08 1.0000000000e+07
8.3336435778e+07 2.7814973772e+08 1.0000000000e+07
8.3751044911e+07 2.7512422225e+08 1.0000000000e+07
8.4165654044e+07 2.7212391683e+08 1.0000000000e+07
8.4580263178e+07 2.6914876968e+08 1.0000000000e+07
8.4994872311e+07 2.6619872523e+08 1.0000000000e+07
8.5409481444e+07 2.6327372410e+08 1.0000000000e+07
8.5824090577e+07 2.6037370329e+08 1.0000000000e+07
8.6238699711e+07 2.5749859624e+08 1.0000000000e+07
8.6653308844e+07 2.5464833289e+08 1.0000000000e+07
8.7067917977e+07 2.5182283987e+08 1.0000000000e+07
8.7482527110e+07 2.4902204049e+08 1.0000000000e+07
8.7897136243e+07 2.4624585491e+08 1.0000000000e+07
8.8311745377e+07 2.4349420017e+08 1.0000000000e+07
8.8726354510e+07 2.4076699033e+08 1.0000000000e+07
8.9140963643e+07 2.3806413654e+08 1.0000000000e+07
8.9555572776e+07 2.3538554713e+08 1.0000000000e+07
8.9970181910e+07 2.3273112769e+08 1.0000000000e+07
9.0384791043e+07 2.3010078117e+08 1.0000000000e+07
9.0799400176e+07 2.2749440793e+08 1.0000000000e+07
9.1214009309e+07 2.2491190590e+08 1.0000000000e+07
9.1628618442e+07 2.2235317056e+08 1.0000000000e+07
9.2043227576e+07 2.1981809511e+08 1.0000000000e+07
9.2457836709e+07 2.1730657049e+08 1.0000000000e+07
9.2872445842e+07 2.1481848550e+08 1.0000000000e+07
9.3287054975e+07 2.1235372685e+08 1.0000000000e+07
9.3701664109e+07 2.0991217926e+08 1.0000000000e+07
9.4116273242e+07 2.0749372550e+08 1.0000000000e+07
9.4530882375e+07 2.0509824651e+08 1.0000000000e+07
9.4945491508e+07 2.0272562142e+08 1.0000000000e+07
9.5360100641e+07 2.0037572768e+08 1.0000000000e+07
9.5774709775e+07 1.9804844108e+08 1.0000000000e+07
9.6189318908e+07 1.9574363585e+08 1.0000000000e+07
9.6603928041e+07 1.9346118471e+08 1.0000000000e+07
9.7018537174e+07 1.9120095895e+08 1.0000000000e+07
9.7433146308e+07 1.8896282849e+08 1.0000000000e+07
9.7847755441e+07 1.8674666194e+08 1.0000000000e+07
9.8262364574e+07 1.8455232667e+08 1.0000000000e+07
9.8676973707e+07 1.8237968887e+08 1.0000000000e+07
9.9091582840e+07 1.8022861360e+08 1.0000000000e+07
9.9506191974e+07 1.7809896488e+08 1.0000000000e+07
9.9920801107e+07 1.7599060570e+08 1.0000000000e+07
1.0033541024e+08 1.7390339814e+08 1.0000000000e+07
1.0075001937e+08 1.7183720335e+08 1.0000000000e+07
1.0116462851e+08 1.6979188169e+08 1.0000000000e+07
1.0157923764e+08 1.6776729270e+08 1.0000000000e+07
1.0199384677e+08 1.6576329523e+08 1.0000000000e+07
1.0240845591e+08 1.6377974742e+08 1.0000000000e+07
1.0282306504e+08 1.6181650682e+08 1.0000000000e+07
1.0323767417e+08 1.5987343036e+08 1.0000000000e+07
1.0365228331e+08 1.5795037448e+08 1.0000000000e+07
1.0406689244e+08 1.5604719513e+08 1.0000000000e+07
1.0448150157e+08 1.5416374782e+08 1.0000000000e+07
1.0489611071e+08 1.5229988768e+08 1.0000000000e+07
1.0531071984e+08 1.5045546948e+08 1.0000000000e+07
1.0572532897e+08 1.4863034770e+08 1.0000000000e+07
1.0613993811e+08 1.4682437657e+08 1.0000000000e+07
1.0655454724e+08 1.4503741007e+08 1.0000000000e+07
1.0696915637e+08 1.4326930203e+08 1.0000000000e+07
1.0738376550e+08 1.4151990612e+08 1.0000000000e+07
1.0779837464e+08 1.3978907594e+08 1.0000000000e+07
1.0821298377e+08 1.3807666498e+08 1.0000000000e+07
1.0862759290e+08 1.3638252674e+08 1.0000000000e+07
1.0904220204e+08 1.3470651470e+08 1.0000000000e+07
1.0945681117e+08 1.3304848239e+08 1.0000000000e+07
1.0987142030e+08 1.3140828342e+08 1.0000000000e+07
1.1028602944e+08 1.2978577151e+08 1.0000000000e+07
1.1070063857e+08 1.2818080049e+08 1.0000000000e+07
1.1111524770e+08 1.2659322440e+08 1.0000000000e+07
1.1152985684e+08 1.2502289744e+08 1.0000000000e+07
1.1194446597e+08 1.2346967406e+08 1.0000000000e+07
1.1235907510e+08 1.2193340896e+08 1.0000000000e+07
1.1277368424e+08 1.2041395713e+08 1.0000000000e+07
1.1318829337e+08 1.1891117384e+08 1.0000000000e+07
1.1360290250e+08 1.1742491474e+08 1.0000000000e+07
1.1401751164e+08 1.1595503581e+08 1.0000000000e+07
1.1443212077e+08 1.1450139341e+08 1.0000000000e+07
1.1484672990e+08 1.1306384434e+08 1.0000000000e+07
1.1526133904e+08 1.1164224579e+08 1.0000000000e+07
1.1567594817e+08 1.1023645543e+08 1.0000000000e+07
1.1609055730e+08 1.0884633140e+08 1.0000000000e+07
1.1650516644e+08 1.0747173231e+08 1.0000000000e+07
1.1691977557e+08 1.0611251733e+08 1.0000000000e+07
1.1733438470e+08 1.0476854611e+08 1.0000000000e+07
1.1774899384e+08 1.0343967889e+08 1.0000000000e+07
1.1816360297e+08 1.0212577646e+08 1.0000000000e+07
1.1857821210e+08 1.0082670021e+08 1.0000000000e+07
1.1899282124e+08 9.9542312119e+07 1.0000000000e+07
1.1940743037e+08 9.8272474794e+07 1.0000000000e+07
1.1982203950e+08 9.7017051471e+07 1.0000000000e+07
1.2023664863e+08 9.5775906039e+07 1.0000000000e+07
1.2065125777e+08 9.4548903048e+07 1.0000000000e+07
1.2106586690e+08 9.3335907724e+07 1.0000000000e+07
1.2148047603e+08 9.2136785984e+07 1.0000000000e+07
1.2189508517e+08 9.0951404447e+07 1.0000000000e+07
1.2230969430e+08 8.9779630446e+07 1.0000000000e+07
1.2272430343e+08 8.8621332038e+07 1.0000000000e+07
1.2313891257e+08 8.7476378018e+07 1.0000000000e+07
1.2355352170e+08 8.6344637929e+07 1.0000000000e+07
1.2396813083e+08 8.5225982067e+07 1.0000000000e+07
1.2438273997e+08 8.4120281498e+07 1.0000000000e+07
1.2479734910e+08 8.3027408061e+07 1.0000000000e+07
1.2521195823e+08 8.1947234379e+07 1.0000000000e+07
1.2562656737e+08 8.0879633866e+07 1.0000000000e+07
1.2604117650e+08 7.9824480737e+07 1.0000000000e+07
1.2645578563e+08 7.8781650013e+07 1.0000000000e+07
1.2687039477e+08 7.7751017527e+07 1.0000000000e+07
1.2728500390e+08 7.6732459932e+07 1.0000000000e+07
1.2769961303e+08 7.5725854709e+07 1.0000000000e+07
1.2811422217e+08 7.4731080166e+07 1.0000000000e+07
1.2852883130e+08 7.3748015452e+07 1.0000000000e+07
1.2894344043e+08 7.2776540554e+07 1.0000000000e+07
1.2935804957e+08 7.1816536305e+07 1.0000000000e+07
1.2977265870e+08 7.0867884390e+07 1.0000000000e+07
1.3018726783e+08 6.9930467346e+07 1.0000000000e+07
1.3060187697e+08 6.9004168567e+07 1.0000000000e+07
1.3101648610e+08 6.8088872307e+07 1.0000000000e+07
1.3143109523e+08 6.7184463685e+07 1.0000000000e+07
1.3184570437e+08 6.6290828683e+07 1.0000000000e+07
1.3226031350e+08 6.5407854153e+07 1.0000000000e+07
1.3267492263e+08 6.4535427815e+07 1.0000000000e+07
1.3308953176e+08 6.3673438260e+07 1.0000000000e+07
1.3350414090e+08 6.2821774954e+07 1.0000000000e+07
1.3391875003e+08 6.1980328235e+07 1.0000000000e+07
1.3433335916e+08 6.1148989315e+07 1.0000000000e+07
1.3474796830e+08 6.0327650283e+07 1.0000000000e+07
1.3516257743e+08 5.9516204101e+07 1.0000000000e+07
1.3557718656e+08 5.8714544610e+07 1.0000000000e+07
1.3599179570e+08 5.7922566523e+07 1.0000000000e+07
1.3640640483e+08 5.7140165430e+07 1.0000000000e+07
1.3682101396e+08 5.6367237794e+07 1.0000000000e+07
1.3723562310e+08 5.5603680954e+07 1.0000000000e+07
1.3765023223e+08 5.4849393119e+07 1.0000000000e+07
1.3806484136e+08 5.4104273372e+07 1.0000000000e+07
1.3847945050e+08 5.3368221665e+07 1.0000000000e+07
1.3889405963e+08 5.2641138817e+07 1.0000000000e+07
1.3930866876e+08 5.1922926517e+07 1.0000000000e+07
1.3972327790e+08 5.1213487316e+07 1.0000000000e+07
1.4013788703e+08 5.0512724628e+07 1.0000000000e+07
1.4055249616e+08 4.9820542731e+07 1.0000000000e+07
1.4096710530e+08 4.9136846755e+07 1.0000000000e+07
1.4138171443e+08 4.8461542692e+07 1.0000000000e+07
1.4179632356e+08 4.7794537383e+07 1.0000000000e+07
1.4221093270e+08 4.7135738519e+07 1.0000000000e+07
1.4262554183e+08 4.6485054639e+07 1.0000000000e+07
1.4304015096e+08 4.5842395126e+07 1.0000000000e+07
1.4345476010e+08 4.5207670204e+07 1.0000000000e+07
1.4386936923e+08 4.4580790931e+07 1.0000000000e+07
1.4428397836e+08 4.3961669204e+07 1.0000000000e+07
1.4469858750e+08 4.3350217747e+07 1.0000000000e+07
1.4511319663e+08 4.2746350109e+07 1.0000000000e+07
1.4552780576e+08 4.2149980667e+07 1.0000000000e+07
1.4594241489e+08 4.1561024611e+07 1.0000000000e+07
1.4635702403e+08 4.0979397948e+07 1.0000000000e+07
1.4677163316e+08 4.0405017498e+07 1.0000000000e+07
1.4718624229e+08 3.9837800884e+07 1.0000000000e+07
1.4760085143e+08 3.9277666534e+07 1.0000000000e+07
1.4801546056e+08 3.8724533671e+07 1.0000000000e+07
1.4843006969e+08 3.8178322315e+07 1.0000000000e+07
1.4884467883e+08 3.7638953272e+07 1.0000000000e+07
1.4925928796e+08 3.7106348135e+07 1.0000000000e+07
1.4967389709e+08 3.6580429275e+07 1.0000000000e+07
1.5008850623e+08 3.6061119838e+07 1.0000000000e+07
1.5050311536e+08 3.5548343744e+07 1.0000000000e+07
1.5091772449e+08 3.5042025673e+07 1.0000000000e+07
1.5133233363e+08 3.4542091070e+07 1.0000000000e+07
1.5174694276e+08 3.4048466136e+07 1.0000000000e+07
1.5216155189e+08 3.3561077819e+07 1.0000000000e+07
1.5257616103e+08 3.3079853820e+07 1.0000000000e+07
1.5299077016e+08 3.2604722572e+07 1.0000000000e+07
1.5340537929e+08 3.2135613252e+07 1.0000000000e+07
1.5381998843e+08 3.1672455764e+07 1.0000000000e+07
1.5423459756e+08 3.1215180737e+07 1.0000000000e+07
1.5464920669e+08 3.0763719523e+07 1.0000000000e+07
1.5506381583e+08 3.0318004187e+07 1.0000000000e+07
1.5547842496e+08 2.9877967508e+07 1.0000000000e+07
1.5589303409e+08 2.9443542964e+07 1.0000000000e+07
1.5630764323e+08 2.9014664737e+07 1.0000000000e+07
1.5672225236e+08 2.8591267702e+07 1.0000000000e+07
1.5713686149e+08 2.8173287424e+07 1.0000000000e+07
1.5755147062e+08 2.7760660151e+07 1.0000000000e+07
1.5796607976e+08 2.7353322809e+07 1.0000000000e+07
1.5838068889e+08 2.6951212998e+07 1.0000000000e+07
1.5879529802e+08 2.6554268985e+07 1.0000000000e+07
1.5920990716e+08 2.6162429700e+07 1.0000000000e+07
1.5962451629e+08 2.5775634731e+07 1.0000000000e+07
1.6003912542e+08 2.5393824315e+07 1.0000000000e+07
1.6045373456e+08 2.5016939338e+07 1.0000000000e+07
1.6086834369e+08 2.4644921325e+07 1.0000000000e+07
1.6128295282e+08 2.4277712439e+07 1.0000000000e+07
1.6169756196e+08 2.3915255472e+07 1.0000000000e+07
1.6211217109e+08 2.3557493839e+07 1.0000000000e+07
1.6252678022e+08 2.3204371579e+07 1.0000000000e+07
1.6294138936e+08 2.2855833340e+07 1.0000000000e+07
1.6335599849e+08 2.2511824384e+07 1.0000000000e+07
1.6377060762e+08 2.2172290573e+07 1.0000000000e+07
1.6418521676e+08 2.1837178368e+07 1.0000000000e+07
1.6459982589e+08 2.1506434824e+07 1.0000000000e+07
1.6501443502e+08 2.1180007584e+07 1.0000000000e+07
1.6542904416e+08 2.0857844871e+07 1.0000000000e+07
1.6584365329e+08 2.0539895488e+07 1.0000000000e+07
1.6625826242e+08 2.0226108807e+07 1.0000000000e+07
1.6667287156e+08 1.9916434771e+07 1.0000000000e+07
1.6708748069e+08 1.9610823878e+07 1.0000000000e+07
1.6750208982e+08 1.9309227189e+07 1.0000000000e+07
1.6791669896e+08 1.9011596312e+07 1.0000000000e+07
1.6833130809e+08 1.8717883402e+07 1.0000000000e+07
1.6874591722e+08 1.8428041155e+07 1.0000000000e+07
1.6916052636e+08 1.8142022802e+07 1.0000000000e+07
1.6957513549e+08 1.7859782106e+07 1.0000000000e+07
1.6998974462e+08 1.7581273354e+07 1.0000000000e+07
1.7040435375e+08 1.7306451355e+07 1.0000000000e+07
1.7081896289e+08 1.7035271432e+07 1.0000000000e+07
1.7123357202e+08 1.6767689420e+07 1.0000000000e+07
1.7164818115e+08 1.6503661659e+07 1.0000000000e+07
1.7206279029e+08 1.6243144988e+07 1.0000000000e+07
1.7247739942e+08 1.5986096745e+07 1.0000000000e+07
1.7289200855e+08 1.5732474756e+07 1.0000000000e+07
1.7330661769e+08 1.5482237334e+07 1.0000000000e+07
1.7372122682e+08 1.5235343273e+07 1.0000000000e+07
1.7413583595e+08 1.4991751845e+07 1.0000000000e+07
1.7455044509e+08 1.4751422790e+07 1.0000000000e+07
1.7496505422e+08 1.4514316319e+07 1.0000000000e+07
1.7537966335e+08 1.4280393101e+07 1.0000000000e+07
1.7579427249e+08 1.4049614267e+07 1.0000000000e+07
1.7620888162e+08 1.3821941396e+07 1.0000000000e+07
1.7662349075e+08 1.3597336520e+07 1.0000000000e+07
1.7703809989e+08 1.3375762110e+07 1.0000000000e+07
1.7745270902e+08 1.3157181081e+07 1.0000000000e+07
1.7786731815e+08 1.2941556777e+07 1.0000000000e+07
1.7828192729e+08 1.2728852977e+07 1.0000000000e+07
1.7869653642e+08 1.2519033884e+07 1.0000000000e+07
1.7911114555e+08 1.2312064121e+07 1.0000000000e+07
1.7952575469e+08 1.2107908729e+07 1.0000000000e+07
1.7994036382e+08 1.1906533160e+07 1.0000000000e+07
1.8035497295e+08 1.1707903278e+07 1.0000000000e+07
1.8076958209e+08 1.1511985346e+07 1.0000000000e+07
1.8118419122e+08 1.1318746029e+07 1.0000000000e+07
1.8159880035e+08 1.1128152389e+07 1.0000000000e+07
1.8201340949e+08 1.0940171876e+07 1.0000000000e+07
1.8242801862e+08 1.0754772329e+07 1.0000000000e+07
1.8284262775e+08 1.0571921970e+07 1.0000000000e+07
1.8325723688e+08 1.0391589398e+07 1.0000000000e+07
1.8367184602e+08 1.0213743589e+07 1.0000000000e+07
1.8408645515e+08 1.0038353889e+07 1.0000000000e+07
1.8450106428e+08 9.8653900118e+06 1.0000000000e+07
1.8491567342e+08 9.6948220313e+06 1.0000000000e+07
1.8533028255e+08 9.5266203831e+06 1.0000000000e+07
1.8574489168e+08 9.3607558571e+06 1.0000000000e+07
1.8615950082e+08 9.1971995933e+06 1.0000000000e+07
1.8657410995e+08 9.0359230818e+06 1.0000000000e+07
1.8698871908e+08 8.8768981532e+06 1.0000000000e+07
1.8740332822e+08 8.7200969805e+06 1.0000000000e+07
1.8781793735e+08 8.5654920719e+06 1.0000000000e+07
1.8823254648e+08 8.4130562676e+06 1.0000000000e+07
1.8864715562e+08 8.2627627386e+06 1.0000000000e+07
1.8906176475e+08 8.1145849786e+06 1.0000000000e+07
1.8947637388e+08 7.9684968060e+06 1.0000000000e+07
1.8989098302e+08 7.8244723549e+06 1.0000000000e+07
1.9030559215e+08 7.6824860754e+06 1.0000000000e+07
1.9072020128e+08 7.5425127293e+06 1.0000000000e+07
1.9113481042e+08 7.4045273844e+06 1.0000000000e+07
1.9154941955e+08 7.2685054156e+06 1.0000000000e+07
1.9196402868e+08 7.1344224962e+06 1.0000000000e+07
1.9237863782e+08 7.0022545994e+06 1.0000000000e+07
1.9279324695e+08 6.8719779920e+06 1.0000000000e+07
1.9320785608e+08 6.7435692312e+06 1.0000000000e+07
1.9362246522e+08 6.6170051644e+06 1.0000000000e+07
1.9403707435e+08 6.4922629209e+06 1.0000000000e+07
1.9445168348e+08 6.3693199147e+06 1.0000000000e+07
1.9486629262e+08 6.2481538360e+06 1.0000000000e+07
1.9528090175e+08 6.1287426511e+06 1.0000000000e+07
1.9569551088e+08 6.0110645999e+06 1.0000000000e+07
1.9611012001e+08 5.8950981891e+06 1.0000000000e+07
1.9652472915e+08 5.7808221949e+06 1.0000000000e+07
1.9693933828e+08 5.6682156541e+06 1.0000000000e+07
1.9735394741e+08 5.5572578657e+06 1.0000000000e+07
1.9776855655e+08 5.4479283862e+06 1.0000000000e+07
1.9818316568e+08 5.3402070252e+06 1.0000000000e+07
1.9859777481e+08 5.2340738471e+06 1.0000000000e+07
1.9901238395e+08 5.1295091623e+06 1.0000000000e+07
1.9942699308e+08 5.0264935301e+06 1.0000000000e+07
1.9984160221e+08 4.9250077522e+06 1.0000000000e+07
2.0025621135e+08 4.8250328707e+06 1.0000000000e+07
2.0067082048e+08 4.7265501683e+06 1.0000000000e+07
2.0108542961e+08 4.6295411599e+06 1.0000000000e+07
2.0150003875e+08 4.5339875972e+06 1.0000000000e+07
2.0191464788e+08 4.4398714593e+06 1.0000000000e+07
2.0232925701e+08 4.3471749551e+06 1.0000000000e+07
2.0274386615e+08 4.2558805188e+06 1.0000000000e+07
2.0315847528e+08 4.1659708061e+06 1.0000000000e+07
2.0357308441e+08 4.0774286960e+06 1.0000000000e+07
2.0398769355e+08 3.9902372826e+06 1.0000000000e+07
2.0440230268e+08 3.9043798784e+06 1.0000000000e+07
2.0481691181e+08 3.8198400081e+06 1.0000000000e+07
2.0523152095e+08 3.7366014070e+06 1.0000000000e+07
2.0564613008e+08 3.6546480216e+06 1.0000000000e+07
2.0606073921e+08 3.5739640017e+06 1.0000000000e+07
2.0647534835e+08 3.4945337051e+06 1.0000000000e+07
2.0688995748e+08 3.4163416893e+06 1.0000000000e+07
2.0730456661e+08 3.3393727128e+06 1.0000000000e+07
2.0771917575e+08 3.2636117333e+06 1.0000000000e+07
2.0813378488e+08 3.1890439016e+06 1.0000000000e+07
2.0854839401e+08 3.1156545664e+06 1.0000000000e+07
2.0896300314e+08 3.0434292644e+06 1.0000000000e+07
2.0937761228e+08 2.9723537252e+06 1.0000000000e+07
2.0979222141e+08 2.9024138654e+06 1.0000000000e+07
2.1020683054e+08 2.8335957863e+06 1.0000000000e+07
2.1062143968e+08 2.7658857772e+06 1.0000000000e+07
2.1103604881e+08 2.6992703052e+06 1.0000000000e+07
2.1145065794e+08 2.6337360222e+06 1.0000000000e+07
2.1186526708e+08 2.5692697566e+06 1.0000000000e+07
2.1227987621e+08 2.5058585141e+06 1.0000000000e+07
2.1269448534e+08 2.4434894781e+06 1.0000000000e+07
2.1310909448e+08 2.3821500019e+06 1.0000000000e+07
2.1352370361e+08 2.3218276160e+06 1.0000000000e+07
2.1393831274e+08 2.2625100173e+06 1.0000000000e+07
2.1435292188e+08 2.2041850743e+06 1.0000000000e+07
2.1476753101e+08 2.1468408235e+06 1.0000000000e+07
2.1518214014e+08 2.0904654647e+06 1.0000000000e+07
2.1559674928e+08 2.0350473676e+06 1.0000000000e+07
2.1601135841e+08 1.9805750600e+06 1.0000000000e+07
2.1642596754e+08 1.9270372365e+06 1.0000000000e+07
2.1684057668e+08 1.8744227504e+06 1.0000000000e+07
2.1725518581e+08 1.8227206141e+06 1.0000000000e+07
2.1766979494e+08 1.7719200025e+06 1.0000000000e+07
2.1808440408e+08 1.7220102421e+06 1.0000000000e+07
2.1849901321e+08 1.6729808226e+06 1.0000000000e+07
2.1891362234e+08 1.6248213840e+06 1.0000000000e+07
2.1932823148e+08 1.5775217233e+06 1.0000000000e+07
2.1974284061e+08 1.5310717926e+06 1.0000000000e+07
2.2015744974e+08 1.4854616923e+06 1.0000000000e+07
2.2057205887e+08 1.4406816821e+06 1.0000000000e+07
2.2098666801e+08 1.3967221663e+06 1.0000000000e+07
2.2140127714e+08 1.3535737053e+06 1.0000000000e+07
2.2181588627e+08 1.3112270089e+06 1.0000000000e+07
2.2223049541e+08 1.2696729337e+06 1.0000000000e+07
2.2264510454e+08 1.2289024935e+06 1.0000000000e+07
2.2305971367e+08 1.1889068429e+06 1.0000000000e+07
2.2347432281e+08 1.1496772943e+06 1.0000000000e+07
2.2388893194e+08 1.1112053045e+06 1.0000000000e+07
2.2430354107e+08 1.0734824807e+06 1.0000000000e+07
2.2471815021e+08 1.0365005846e+06 1.0000000000e+07
2.2513275934e+08 1.0002515192e+06 1.0000000000e+07
2.2554736847e+08 9.6472735011e+05 1.0000000000e+07
2.2596197761e+08 9.2992028411e+05 1.0000000000e+07
2.2637658674e+08 8.9582268659e+05 1.0000000000e+07
2.2679119587e+08 8.6242707700e+05 1.0000000000e+07
2.2720580501e+08 8.2972612202e+05 1.0000000000e+07
2.2762041414e+08 7.9771265814e+05 1.0000000000e+07
2.2803502327e+08 7.6637966457e+05 1.0000000000e+07
2.2844963241e+08 7.3572029394e+05 1.0000000000e+07
2.2886424154e+08 7.0572785458e+05 1.0000000000e+07
2.2927885067e+08 6.7639581746e+05 1.0000000000e+07
2.2969345981e+08 6.4771783394e+05 1.0000000000e+07
2.3010806894e+08 6.1968770744e+05 1.0000000000e+07
2.3052267807e+08 5.9229943902e+05 1.0000000000e+07
2.3093728721e+08 5.6554719165e+05 1.0000000000e+07
2.3135189634e+08 5.3942532092e+05 1.0000000000e+07
2.3176650547e+08 5.1392837892e+05 1.0000000000e+07
2.3218111461e+08 4.8905109353e+05 1.0000000000e+07
2.3259572374e+08 4.6478842821e+05 1.0000000000e+07
2.3301033287e+08 4.4113552427e+05 1.0000000000e+07
2.3342494200e+08 4.1808777037e+05 1.0000000000e+07
2.3383955114e+08 3.9564077695e+05 1.0000000000e+07
2.3425416027e+08 3.7379038280e+05 1.0000000000e+07
2.3466876940e+08 3.5253272146e+05 1.0000000000e+07
2.3508337854e+08 3.3186414181e+05 1.0000000000e+07
2.3549798767e+08 3.1178134090e+05 1.0000000000e+07
2.3591259680e+08 2.9228127979e+05 1.0000000000e+07
2.3632720594e+08 2.7336126128e+05 1.0000000000e+07
2.3674181507e+08 2.5501898084e+05 1.0000000000e+07
2.3715642420e+08 2.3725243715e+05 1.0000000000e+07
2.3757103334e+08 2.2006017377e+05 1.0000000000e+07
2.3798564247e+08 2.0344107704e+05 1.0000000000e+07
2.3840025160e+08 1.8739463432e+05 1.0000000000e+07
2.3881486074e+08 1.7192088889e+05 1.0000000000e+07
2.3922946987e+08 1.5702046456e+05 1.0000000000e+07
2.3964407900e+08 1.4269485729e+05 1.0000000000e+07
2.4005868814e+08 1.2894619336e+05 1.0000000000e+07
2.4047329727e+08 1.1577781272e+05 1.0000000000e+07
2.4088790640e+08 1.0319389711e+05 1.0000000000e+07
2.4130251554e+08 9.1200267234e+04 1.0000000000e+07
2.4171712467e+08 7.9803992840e+04 1.0000000000e+07
2.4213173380e+08 6.9014460489e+04 1.0000000000e+07
2.4254634294e+08 5.8843046248e+04 1.0000000000e+07
2.4296095207e+08 4.9304559999e+04 1.0000000000e+07
2.4337556120e+08 4.0417509932e+04 1.0000000000e+07
2.4379017034e+08 3.2205708107e+04 1.0000000000e+07
2.4420477947e+08 2.4700486169e+04 1.0000000000e+07
2.4461938860e+08 1.7943930945e+04 1.0000000000e+07
2.4503399774e+08 1.1995175354e+04 1.0000000000e+07
2.4544860687e+08 1.0000000000e+04 1.0000000000e+07
2.4586321600e+08 1.0000000000e+04 1.0000000000e+07
2.4627782513e+08 1.0000000000e+04 1.0000000000e+07
2.4669243427e+08 1.0000000000e+04 1.0000000000e+07
2.4710704340e+08 1.0000000000e+04 1.0000000000e+07
2.4752165253e+08 1.0000000000e+04 1.0000000000e+07
2.4793626167e+08 1.0000000000e+04 1.0000000000e+07
2.4835087080e+08 1.0000000000e+04 1.0000000000e+07
2.4876547993e+08 1.0000000000e+04 1.0000000000e+07
2.4918008907e+08 1.0000000000e+04 1.0000000000e+07
2.4959469820e+08 1.0000000000e+04 1.0000000000e+07
2.5000930733e+08 1.0000000000e+04 1.0000000000e+07
2.5042391647e+08 1.0000000000e+04 1.0000000000e+07
2.5083852560e+08 1.0000000000e+04 1.0000000000e+07
2.5125313473e+08 1.0000000000e+04 1.0000000000e+07
2.5166774387e+08 1.0000000000e+04 1.0000000000e+07
2.5208235300e+08 1.0000000000e+04 1.0000000000e+07
2.5249696213e+08 1.0000000000e+04 1.0000000000e+07
2.5291157127e+08 1.0000000000e+04 1.0000000000e+07
2.5332618040e+08 1.0000000000e+04 1.0000000000e+07
2.5374078953e+08 1.0000000000e+04 1.0000000000e+07
2.5415539867e+08 1.0000000000e+04 1.0000000000e+07
2.5457000780e+08 1.0000000000e+04 1.0000000000e+07
2.5498461693e+08 1.0000000000e+04 1.0000000000e+07
2.5539922607e+08 1.0000000000e+04 1.0000000000e+07
2.5581383520e+08 1.0000000000e+04 1.0000000000e+07
2.5622844433e+08 1.0000000000e+04 1.0000000000e+07
2.5664305347e+08 1.0000000000e+04 1.0000000000e+07
2.5705766260e+08 1.0000000000e+04 1.0000000000e+07
2.5747227173e+08 1.0000000000e+04 1.0000000000e+07
2.5788688087e+08 1.0000000000e+04 1.0000000000e+07
2.5830149000e+08 1.0000000000e+04 1.0000000000e+07
2.5871609913e+08 1.0000000000e+04 1.0000000000e+07
2.5913070826e+08 1.0000000000e+04 1.0000000000e+07
2.5954531740e+08 1.0000000000e+04 1.0000000000e+07
2.5995992653e+08 1.0000000000e+04 1.0000000000e+07
2.6037453566e+08 1.0000000000e+04 1.0000000000e+07
2.6078914480e+08 1.0000000000e+04 1.0000000000e+07
2.6120375393e+08 1.0000000000e+04 1.0000000000e+07
2.6161836306e+08 1.0000000000e+04 1.0000000000e+07
2.6203297220e+08 1.0000000000e+04 1.0000000000e+07
2.6244758133e+08 1.0000000000e+04 1.0000000000e+07
2.6286219046e+08 1.0000000000e+04 1.0000000000e+07
2.6327679960e+08 1.0000000000e+04 1.0000000000e+07
2.6369140873e+08 1.0000000000e+04 1.0000000000e+07
2.6410601786e+08 1.0000000000e+04 1.0000000000e+07
2.6452062700e+08 1.0000000000e+04 1.0000000000e+07
2.6493523613e+08 1.0000000000e+04 1.0000000000e+07
2.6534984526e+08 1.0000000000e+04 1.0000000000e+07
2.6576445440e+08 1.0000000000e+04 1.0000000000e+07
2.6617906353e+08 1.0000000000e+04 1.0000000000e+07
2.6659367266e+08 1.0000000000e+04 1.0000000000e+07
2.6700828180e+08 1.0000000000e+04 1.0000000000e+07
2.6742289093e+08 1.0000000000e+04 1.0000000000e+07
2.6783750006e+08 1.0000000000e+04 1.0000000000e+07
2.6825210920e+08 1.0000000000e+04 1.0000000000e+07
2.6866671833e+08 1.0000000000e+04 1.0000000000e+07
2.6908132746e+08 1.0000000000e+04 1.0000000000e+07
2.6949593660e+08 1.0000000000e+04 1.0000000000e+07
2.6991054573e+08 1.0000000000e+04 1.0000000000e+07
2.7032515486e+08 1.0000000000e+04 1.0000000000e+07
2.7073976400e+08 1.0000000000e+04 1.0000000000e+07
2.7115437313e+08 1.0000000000e+04 1.0000000000e+07
2.7156898226e+08 1.0000000000e+04 1.0000000000e+07
2.7198359139e+08 1.0000000000e+04 1.0000000000e+07
2.7239820053e+08 1.0000000000e+04 1.0000000000e+07
2.7281280966e+08 1.0000000000e+04 1.0000000000e+07
2.7322741879e+08 1.0000000000e+04 1.0000000000e+07
2.7364202793e+08 1.0000000000e+04 1.0000000000e+07
2.7405663706e+08 1.0000000000e+04 1.0000000000e+07
2.7447124619e+08 1.0000000000e+04 1.0000000000e+07
2.7488585533e+08 1.0000000000e+04 1.0000000000e+07
2.7530046446e+08 1.0000000000e+04 1.0000000000e+07
2.7571507359e+08 1.0000000000e+04 1.0000000000e+07
2.7612968273e+08 1.0000000000e+04 1.0000000000e+07
2.7654429186e+08 1.0000000000e+04 1.0000000000e+07
2.7695890099e+08 1.0000000000e+04 1.0000000000e+07
2.7737351013e+08 1.0000000000e+04 1.0000000000e+07
2.7778811926e+08 1.0000000000e+04 1.0000000000e+07
2.7820272839e+08 1.0000000000e+04 1.0000000000e+07
2.7861733753e+08 1.0000000000e+04 1.0000000000e+07
2.7903194666e+08 1.0000000000e+04 1.0000000000e+07
2.7944655579e+08 1.0000000000e+04 1.0000000000e+07
2.7986116493e+08 1.0000000000e+04 1.0000000000e+07
2.8027577406e+08 1.0000000000e+04 1.0000000000e+07
2.8069038319e+08 1.0000000000e+04 1.0000000000e+07
2.8110499233e+08 1.0000000000e+04 1.0000000000e+07
2.8151960146e+08 1.0000000000e+04 1.0000000000e+07
2.8193421059e+08 1.0000000000e+04 1.0000000000e+07
2.8234881973e+08 1.0000000000e+04 1.0000000000e+07
2.8276342886e+08 1.0000000000e+04 1.0000000000e+07
2.8317803799e+08 1.0000000000e+04 1.0000000000e+07
2.8359264712e+08 1.0000000000e+04 1.0000000000e+07
2.8400725626e+08 1.0000000000e+04 1.0000000000e+07
2.8442186539e+08 1.0000000000e+04 1.0000000000e+07
2.8483647452e+08 1.0000000000e+04 1.0000000000e+07
2.8525108366e+08 1.0000000000e+04 1.0000000000e+07
2.8566569279e+08 1.0000000000e+04 1.0000000000e+07
2.8608030192e+08 1.0000000000e+04 1.0000000000e+07
2.8649491106e+08 1.0000000000e+04 1.0000000000e+07
2.8690952019e+08 1.0000000000e+04 1.0000000000e+07
2.8732412932e+08 1.0000000000e+04 1.0000000000e+07
2.8773873846e+08 1.0000000000e+04 1.0000000000e+07
2.8815334759e+08 1.0000000000e+04 1.0000000000e+07
2.8856795672e+08 1.0000000000e+04 1.0000000000e+07
2.8898256586e+08 1.0000000000e+04 1.0000000000e+07
2.8939717499e+08 1.0000000000e+04 1.0000000000e+07
2.8981178412e+08 1.0000000000e+04 1.0000000000e+07
2.9022639326e+08 1.0000000000e+04 1.0000000000e+07
2.9064100239e+08 1.0000000000e+04 1.0000000000e+07
2.9105561152e+08 1.0000000000e+04 1.0000000000e+07
2.9147022066e+08 1.0000000000e+04 1.0000000000e+07
2.9188482979e+08 1.0000000000e+04 1.0000000000e+07
2.9229943892e+08 1.0000000000e+04 1.0000000000e+07
2.9271404806e+08 1.0000000000e+04 1.0000000000e+07
2.9312865719e+08 1.0000000000e+04 1.0000000000e+07
2.9354326632e+08 1.0000000000e+04 1.0000000000e+07
2.9395787546e+08 1.0000000000e+04 1.0000000000e+07
2.9437248459e+08 1.0000000000e+04 1.0000000000e+07
2.9478709372e+08 1.0000000000e+04 1.0000000000e+07
2.9520170286e+08 1.0000000000e+04 1.0000000000e+07
2.9561631199e+08 1.0000000000e+04 1.0000000000e+07
2.9603092112e+08 1.0000000000e+04 1.0000000000e+07
2.9644553025e+08 1.0000000000e+04 1.0000000000e+07
2.9686013939e+08 1.0000000000e+04 1.0000000000e+07
2.9727474852e+08 1.0000000000e+04 1.0000000000e+07
2.9768935765e+08 1.0000000000e+04 1.0000000000e+07
2.9810396679e+08 1.0000000000e+04 1.0000000000e+07
2.9851857592e+08 1.0000000000e+04 1.0000000000e+07
2.9893318505e+08 1.0000000000e+04 1.0000000000e+07
2.9934779419e+08 1.0000000000e+04 1.0000000000e+07
2.9976240332e+08 1.0000000000e+04 1.0000000000e+07
3.0017701245e+08 1.0000000000e+04 1.0000000000e+07
3.0059162159e+08 1.0000000000e+04 1.0000000000e+07
3.0100623072e+08 1.0000000000e+04 1.0000000000e+07
3.0142083985e+08 1.0000000000e+04 1.0000000000e+07
3.0183544899e+08 1.0000000000e+04 1.0000000000e+07
3.0225005812e+08 1.0000000000e+04 1.0000000000e+07
3.0266466725e+08 1.0000000000e+04 1.0000000000e+07
3.0307927639e+08 1.0000000000e+04 1.0000000000e+07
3.0349388552e+08 1.0000000000e+04 1.0000000000e+07
3.0390849465e+08 1.0000000000e+04 1.0000000000e+07
3.0432310379e+08 1.0000000000e+04 1.0000000000e+07
3.0473771292e+08 1.0000000000e+04 1.0000000000e+07
3.0515232205e+08 1.0000000000e+04 1.0000000000e+07
3.0556693119e+08 1.0000000000e+04 1.0000000000e+07
3.0598154032e+08 1.0000000000e+04 1.0000000000e+07
3.0639614945e+08 1.0000000000e+04 1.0000000000e+07
3.0681075859e+08 1.0000000000e+04 1.0000000000e+07
3.0722536772e+08 1.0000000000e+04 1.0000000000e+07
3.0763997685e+08 1.0000000000e+04 1.0000000000e+07
3.0805458599e+08 1.0000000000e+04 1.0000000000e+07
3.0846919512e+08 1.0000000000e+04 1.0000000000e+07
3.0888380425e+08 1.0000000000e+04 1.0000000000e+07
3.0929841338e+08 1.0000000000e+04 1.0000000000e+07
3.0971302252e+08 1.0000000000e+04 1.0000000000e+07
3.1012763165e+08 1.0000000000e+04 1.0000000000e+07
3.1054224078e+08 1.0000000000e+04 1.0000000000e+07
3.1095684992e+08 1.0000000000e+04 1.0000000000e+07
3.1137145905e+08 1.0000000000e+04 1.0000000000e+07
3.1178606818e+08 1.0000000000e+04 1.0000000000e+07
3.1220067732e+08 1.0000000000e+04 1.0000000000e+07
3.1261528645e+08 1.0000000000e+04 1.0000000000e+07
3.1302989558e+08 1.0000000000e+04 1.0000000000e+07
3.1344450472e+08 1.0000000000e+04 1.0000000000e+07
3.1385911385e+08 1.0000000000e+04 1.0000000000e+07
3.1427372298e+08 1.0000000000e+04 1.0000000000e+07
3.1468833212e+08 1.0000000000e+04 1.0000000000e+07
3.1510294125e+08 1.0000000000e+04 1.0000000000e+07
3.1551755038e+08 1.0000000000e+04 1.0000000000e+07
3.1593215952e+08 1.0000000000e+04 1.0000000000e+07
3.1634676865e+08 1.0000000000e+04 1.0000000000e+07
3.1676137778e+08 1.0000000000e+04 1.0000000000e+07
3.1717598692e+08 1.0000000000e+04 1.0000000000e+07
3.1759059605e+08 1.0000000000e+04 1.0000000000e+07
3.1800520518e+08 1.0000000000e+04 1.0000000000e+07
3.1841981432e+08 1.0000000000e+04 1.0000000000e+07
3.1883442345e+08 1.0000000000e+04 1.0000000000e+07
3.1924903258e+08 1.0000000000e+04 1.0000000000e+07
3.1966364172e+08 1.0000000000e+04 1.0000000000e+07
3.2007825085e+08 1.0000000000e+04 1.0000000000e+07
3.2049285998e+08 1.0000000000e+04 1.0000000000e+07
3.2090746912e+08 1.0000000000e+04 1.0000000000e+07
3.2132207825e+08 1.0000000000e+04 1.0000000000e+07
3.2173668738e+08 1.0000000000e+04 1.0000000000e+07
3.2215129651e+08 1.0000000000e+04 1.0000000000e+07
3.2256590565e+08 1.0000000000e+04 1.0000000000e+07
3.2298051478e+08 1.0000000000e+04 1.0000000000e+07
3.2339512391e+08 1.0000000000e+04 1.0000000000e+07
3.2380973305e+08 1.0000000000e+04 1.0000000000e+07
3.2422434218e+08 1.0000000000e+04 1.0000000000e+07
3.2463895131e+08 1.0000000000e+04 1.0000000000e+07
3.2505356045e+08 1.0000000000e+04 1.0000000000e+07
3.2546816958e+08 1.0000000000e+04 1.0000000000e+07
3.2588277871e+08 1.0000000000e+04 1.0000000000e+07
3.2629738785e+08 1.0000000000e+04 1.0000000000e+07
3.2671199698e+08 1.0000000000e+04 1.0000000000e+07
3.2712660611e+08 1.0000000000e+04 1.0000000000e+07
3.2754121525e+08 1.0000000000e+04 1.0000000000e+07
3.2795582438e+08 1.0000000000e+04 1.0000000000e+07
3.2837043351e+08 1.0000000000e+04 1.0000000000e+07
3.2878504265e+08 1.0000000000e+04 1.0000000000e+07
3.2919965178e+08 1.0000000000e+04 1.0000000000e+07
3.2961426091e+08 1.0000000000e+04 1.0000000000e+07
3.3002887005e+08 1.0000000000e+04 1.0000000000e+07
3.3044347918e+08 1.0000000000e+04 1.0000000000e+07
3.3085808831e+08 1.0000000000e+04 1.0000000000e+07
3.3127269745e+08 1.0000000000e+04 1.0000000000e+07
3.3168730658e+08 1.0000000000e+04 1.0000000000e+07
3.3210191571e+08 1.0000000000e+04 1.0000000000e+07
3.3251652485e+08 1.0000000000e+04 1.0000000000e+07
3.3293113398e+08 1.0000000000e+04 1.0000000000e+07
3.3334574311e+08 1.0000000000e+04 1.0000000000e+07
3.3376035225e+08 1.0000000000e+04 1.0000000000e+07
3.3417496138e+08 1.0000000000e+04 1.0000000000e+07
3.3458957051e+08 1.0000000000e+04 1.0000000000e+07
3.3500417964e+08 1.0000000000e+04 1.0000000000e+07
3.3541878878e+08 1.0000000000e+04 1.0000000000e+07
3.3583339791e+08 1.0000000000e+04 1.0000000000e+07
3.3624800704e+08 1.0000000000e+04 1.0000000000e+07
3.3666261618e+08 1.0000000000e+04 1.0000000000e+07
3.3707722531e+08 1.0000000000e+04 1.0000000000e+07
3.3749183444e+08 1.0000000000e+04 1.0000000000e+07
3.3790644358e+08 1.0000000000e+04 1.0000000000e+07
3.3832105271e+08 1.0000000000e+04 1.0000000000e+07
3.3873566184e+08 1.0000000000e+04 1.0000000000e+07
3.3915027098e+08 1.0000000000e+04 1.0000000000e+07
3.3956488011e+08 1.0000000000e+04 1.0000000000e+07
3.3997948924e+08 1.0000000000e+04 1.0000000000e+07
3.4039409838e+08 1.0000000000e+04 1.0000000000e+07
3.4080870751e+08 1.0000000000e+04 1.0000000000e+07
3.4122331664e+08 1.0000000000e+04 1.0000000000e+07
3.4163792578e+08 1.0000000000e+04 1.0000000000e+07
3.4205253491e+08 1.0000000000e+04 1.0000000000e+07
3.4246714404e+08 1.0000000000e+04 1.0000000000e+07
3.4288175318e+08 1.0000000000e+04 1.0000000000e+07
3.4329636231e+08 1.0000000000e+04 1.0000000000e+07
3.4371097144e+08 1.0000000000e+04 1.0000000000e+07
3.4412558058e+08 1.0000000000e+04 1.0000000000e+07
3.4454018971e+08 1.0000000000e+04 1.0000000000e+07
3.4495479884e+08 1.0000000000e+04 1.0000000000e+07
3.4536940798e+08 1.0000000000e+04 1.0000000000e+07
3.4578401711e+08 1.0000000000e+04 1.0000000000e+07
3.4619862624e+08 1.0000000000e+04 1.0000000000e+07
3.4661323537e+08 1.0000000000e+04 1.0000000000e+07
3.4702784451e+08 1.0000000000e+04 1.0000000000e+07
3.4744245364e+08 1.0000000000e+04 1.0000000000e+07
3.4785706277e+08 1.0000000000e+04 1.0000000000e+07
3.4827167191e+08 1.0000000000e+04 1.0000000000e+07
3.4868628104e+08 1.0000000000e+04 1.0000000000e+07
3.4910089017e+08 1.0000000000e+04 1.0000000000e+07
3.4951549931e+08 1.0000000000e+04 1.0000000000e+07
3.4993010844e+08 1.0000000000e+04 1.0000000000e+07
3.5034471757e+08 1.0000000000e+04 1.0000000000e+07
3.5075932671e+08 1.0000000000e+04 1.0000000000e+07
3.5117393584e+08 1.0000000000e+04 1.0000000000e+07
3.5158854497e+08 1.0000000000e+04 1.0000000000e+07
3.5200315411e+08 1.0000000000e+04 1.0000000000e+07
3.5241776324e+08 1.0000000000e+04 1.0000000000e+07
3.5283237237e+08 1.0000000000e+04 1.0000000000e+07
3.5324698151e+08 1.0000000000e+04 1.0000000000e+07
3.5366159064e+08 1.0000000000e+04 1.0000000000e+07
3.5407619977e+08 1.0000000000e+04 1.0000000000e+07
3.5449080891e+08 1.0000000000e+04 1.0000000000e+07
3.5490541804e+08 1.0000000000e+04 1.0000000000e+07
3.5532002717e+08 1.0000000000e+04 1.0000000000e+07
3.5573463631e+08 1.0000000000e+04 1.0000000000e+07
3.5614924544e+08 1.0000000000e+04 1.0000000000e+07
3.5656385457e+08 1.0000000000e+04 1.0000000000e+07
3.5697846371e+08 1.0000000000e+04 1.0000000000e+07
3.5739307284e+08 1.0000000000e+04 1.0000000000e+07
3.5780768197e+08 1.0000000000e+04 1.0000000000e+07
3.5822229111e+08 1.0000000000e+04 1.0000000000e+07
3.5863690024e+08 1.0000000000e+04 1.0000000000e+07
3.5905150937e+08 1.0000000000e+04 1.0000000000e+07
3.5946611850e+08 1.0000000000e+04 1.0000000000e+07
3.5988072764e+08 1.0000000000e+04 1.0000000000e+07
3.6029533677e+08 1.0000000000e+04 1.0000000000e+07
3.6070994590e+08 1.0000000000e+04 1.0000000000e+07
3.6112455504e+08 1.0000000000e+04 1.0000000000e+07
3.6153916417e+08 1.0000000000e+04 1.0000000000e+07
3.6195377330e+08 1.0000000000e+04 1.0000000000e+07
3.6236838244e+08 1.0000000000e+04 1.0000000000e+07
3.6278299157e+08 1.0000000000e+04 1.0000000000e+07
3.6319760070e+08 1.0000000000e+04 1.0000000000e+07
3.6361220984e+08 1.0000000000e+04 1.0000000000e+07
3.6402681897e+08 1.0000000000e+04 1.0000000000e+07
3.6444142810e+08 1.0000000000e+04 1.0000000000e+07
3.6485603724e+08 1.0000000000e+04 1.0000000000e+07
3.6527064637e+08 1.0000000000e+04 1.0000000000e+07
3.6568525550e+08 1.0000000000e+04 1.0000000000e+07
3.6609986464e+08 1.0000000000e+04 1.0000000000e+07
3.6651447377e+08 1.0000000000e+04 1.0000000000e+07
3.6692908290e+08 1.0000000000e+04 1.0000000000e+07
3.6734369204e+08 1.0000000000e+04 1.0000000000e+07
3.6775830117e+08 1.0000000000e+04 1.0000000000e+07
3.6817291030e+08 1.0000000000e+04 1.0000000000e+07
3.6858751944e+08 1.0000000000e+04 1.0000000000e+07
3.6900212857e+08 1.0000000000e+04 1.0000000000e+07
3.6941673770e+08 1.0000000000e+04 1.0000000000e+07
3.6983134684e+08 1.0000000000e+04 1.0000000000e+07
3.7024595597e+08 1.0000000000e+04 1.0000000000e+07
3.7066056510e+08 1.0000000000e+04 1.0000000000e+07
3.7107517424e+08 1.0000000000e+04 1.0000000000e+07
3.7148978337e+08 1.0000000000e+04 1.0000000000e+07
3.7190439250e+08 1.0000000000e+04 1.0000000000e+07
3.7231900163e+08 1.0000000000e+04 1.0000000000e+07
3.7273361077e+08 1.0000000000e+04 1.0000000000e+07
3.7314821990e+08 1.0000000000e+04 1.0000000000e+07
3.7356282903e+08 1.0000000000e+04 1.0000000000e+07
3.7397743817e+08 1.0000000000e+04 1.0000000000e+07
3.7439204730e+08 1.0000000000e+04 1.0000000000e+07
3.7480665643e+08 1.0000000000e+04 1.0000000000e+07
3.7522126557e+08 1.0000000000e+04 1.0000000000e+07
3.7563587470e+08 1.0000000000e+04 1.0000000000e+07
3.7605048383e+08 1.0000000000e+04 1.0000000000e+07
3.7646509297e+08 1.0000000000e+04 1.0000000000e+07
3.7687970210e+08 1.0000000000e+04 1.0000000000e+07
3.7729431123e+08 1.0000000000e+04 1.0000000000e+07
3.7770892037e+08 1.0000000000e+04 1.0000000000e+07
3.7812352950e+08 1.0000000000e+04 1.0000000000e+07
3.7853813863e+08 1.0000000000e+04 1.0000000000e+07
3.7895274777e+08 1.0000000000e+04 1.0000000000e+07
3.7936735690e+08 1.0000000000e+04 1.0000000000e+07
3.7978196603e+08 1.0000000000e+04 1.0000000000e+07
3.8019657517e+08 1.0000000000e+04 1.0000000000e+07
3.8061118430e+08 1.0000000000e+04 1.0000000000e+07
3.8102579343e+08 1.0000000000e+04 1.0000000000e+07
3.8144040257e+08 1.0000000000e+04 1.0000000000e+07
3.8185501170e+08 1.0000000000e+04 1.0000000000e+07
3.8226962083e+08 1.0000000000e+04 1.0000000000e+07
3.8268422997e+08 1.0000000000e+04 1.0000000000e+07
3.8309883910e+08 1.0000000000e+04 1.0000000000e+07
3.8351344823e+08 1.0000000000e+04 1.0000000000e+07
3.8392805737e+08 1.0000000000e+04 1.0000000000e+07
3.8434266650e+08 1.0000000000e+04 1.0000000000e+07
3.8475727563e+08 1.0000000000e+04 1.0000000000e+07
3.8517188476e+08 1.0000000000e+04 1.0000000000e+07
3.8558649390e+08 1.0000000000e+04 1.0000000000e+07
3.8600110303e+08 1.0000000000e+04 1.0000000000e+07
3.8641571216e+08 1.0000000000e+04 1.0000000000e+07
3.8683032130e+08 1.0000000000e+04 1.0000000000e+07
3.8724493043e+08 1.0000000000e+04 1.0000000000e+07
3.8765953956e+08 1.0000000000e+04 1.0000000000e+07
3.8807414870e+08 1.0000000000e+04 1.0000000000e+07
3.8848875783e+08 1.0000000000e+04 1.0000000000e+07
3.8890336696e+08 1.0000000000e+04 1.0000000000e+07
3.8931797610e+08 1.0000000000e+04 1.0000000000e+07
3.8973258523e+08 1.0000000000e+04 1.0000000000e+07
3.9014719436e+08 1.0000000000e+04 1.0000000000e+07
3.9056180350e+08 1.0000000000e+04 1.0000000000e+07
3.9097641263e+08 1.0000000000e+04 1.0000000000e+07
3.9139102176e+08 1.0000000000e+04 1.0000000000e+07
3.9180563090e+08 1.0000000000e+04 1.0000000000e+07
3.9222024003e+08 1.0000000000e+04 1.0000000000e+07
3.9263484916e+08 1.0000000000e+04 1.0000000000e+07
3.9304945830e+08 1.0000000000e+04 1.0000000000e+07
3.9346406743e+08 1.0000000000e+04 1.0000000000e+07
3.9387867656e+08 1.0000000000e+04 1.0000000000e+07
3.9429328570e+08 1.0000000000e+04 1.0000000000e+07
3.9470789483e+08 1.0000000000e+04 1.0000000000e+07
3.9512250396e+08 1.0000000000e+04 1.0000000000e+07
3.9553711310e+08 1.0000000000e+04 1.0000000000e+07
3.9595172223e+08 1.0000000000e+04 1.0000000000e+07
3.9636633136e+08 1.0000000000e+04 1.0000000000e+07
3.9678094050e+08 1.0000000000e+04 1.0000000000e+07
3.9719554963e+08 1.0000000000e+04 1.0000000000e+07
3.9761015876e+08 1.0000000000e+04 1.0000000000e+07
3.9802476789e+08 1.0000000000e+04 1.0000000000e+07
3.9843937703e+08 1.0000000000e+04 1.0000000000e+07
3.9885398616e+08 1.0000000000e+04 1.0000000000e+07
3.9926859529e+08 1.0000000000e+04 1.0000000000e+07
3.9968320443e+08 1.0000000000e+04 1.0000000000e+07
4.0009781356e+08 1.0000000000e+04 1.0000000000e+07
4.0051242269e+08 1.0000000000e+04 1.0000000000e+07
4.0092703183e+08 1.0000000000e+04 1.0000000000e+07
4.0134164096e+08 1.0000000000e+04 1.0000000000e+07
4.0175625009e+08 1.0000000000e+04 1.0000000000e+07
4.0217085923e+08 1.0000000000e+04 1.0000000000e+07
4.0258546836e+08 1.0000000000e+04 1.0000000000e+07
4.0300007749e+08 1.0000000000e+04 1.0000000000e+07
4.0341468663e+08 1.0000000000e+04 1.0000000000e+07
4.0382929576e+08 1.0000000000e+04 1.0000000000e+07
4.0424390489e+08 1.0000000000e+04 1.0000000000e+07
4.0465851403e+08 1.0000000000e+04 1.0000000000e+07
4.0507312316e+08 1.0000000000e+04 1.0000000000e+07
4.0548773229e+08 1.0000000000e+04 1.0000000000e+07
4.0590234143e+08 1.0000000000e+04 1.0000000000e+07
4.0631695056e+08 1.0000000000e+04 1.0000000000e+07
4.0673155969e+08 1.0000000000e+04 1.0000000000e+07
4.0714616883e+08 1.0000000000e+04 1.0000000000e+07
4.0756077796e+08 1.0000000000e+04 1.0000000000e+07
4.0797538709e+08 1.0000000000e+04 1.0000000000e+07
4.0838999623e+08 1.0000000000e+04 1.0000000000e+07
4.0880460536e+08 1.0000000000e+04 1.0000000000e+07
4.0921921449e+08 1.0000000000e+04 1.0000000000e+07
4.0963382362e+08 1.0000000000e+04 1.0000000000e+07
4.1004843276e+08 1.0000000000e+04 1.0000000000e+07
4.1046304189e+08 1.0000000000e+04 1.0000000000e+07
4.1087765102e+08 1.0000000000e+04 1.0000000000e+07
4.1129226016e+08 1.0000000000e+04 1.0000000000e+07
4.1170686929e+08 1.0000000000e+04 1.0000000000e+07
4.1212147842e+08 1.0000000000e+04 1.0000000000e+07
4.1253608756e+08 1.0000000000e+04 1.0000000000e+07
4.1295069669e+08 1.0000000000e+04 1.0000000000e+07
4.1336530582e+08 1.0000000000e+04 1.0000000000e+07
4.1377991496e+08 1.0000000000e+04 1.0000000000e+07
4.1419452409e+08 1.0000000000e+04 1.0000000000e+07
4.1460913322e+08 1.0000000000e+04 1.0000000000e+07
4.1502374236e+08 1.0000000000e+04 1.0000000000e+07
4.1543835149e+08 1.0000000000e+04 1.0000000000e+07
4.1585296062e+08 1.0000000000e+04 1.0000000000e+07
4.1626756976e+08 1.0000000000e+04 1.0000000000e+07
4.1668217889e+08 1.0000000000e+04 1.0000000000e+07
4.1709678802e+08 1.0000000000e+04 1.0000000000e+07
4.1751139716e+08 1.0000000000e+04 1.0000000000e+07
4.1792600629e+08 1.0000000000e+04 1.0000000000e+07
4.1834061542e+08 1.0000000000e+04 1.0000000000e+07
4.1875522456e+08 1.0000000000e+04 1.0000000000e+07
4.1916983369e+08 1.0000000000e+04 1.0000000000e+07
4.1958444282e+08 1.0000000000e+04 1.0000000000e+07
4.1999905196e+08 1.0000000000e+04 1.0000000000e+07
4.2041366109e+08 1.0000000000e+04 1.0000000000e+07
4.2082827022e+08 1.0000000000e+04 1.0000000000e+07
4.2124287936e+08 1.0000000000e+04 1.0000000000e+07
4.2165748849e+08 1.0000000000e+04 1.0000000000e+07
4.2207209762e+08 1.0000000000e+04 1.0000000000e+07
4.2248670675e+08 1.0000000000e+04 1.0000000000e+07
4.2290131589e+08 1.0000000000e+04 1.0000000000e+07
4.2331592502e+08 1.0000000000e+04 1.0000000000e+07
4.2373053415e+08 1.0000000000e+04 1.0000000000e+07
4.2414514329e+08 1.0000000000e+04 1.0000000000e+07
4.2455975242e+08 1.0000000000e+04 1.0000000000e+07
4.2497436155e+08 1.0000000000e+04 1.0000000000e+07
4.2538897069e+08 1.0000000000e+04 1.0000000000e+07
4.2580357982e+08 1.0000000000e+04 1.0000000000e+07
4.2621818895e+08 1.0000000000e+04 1.0000000000e+07
4.2663279809e+08 1.0000000000e+04 1.0000000000e+07
4.2704740722e+08 1.0000000000e+04 1.0000000000e+07
4.2746201635e+08 1.0000000000e+04 1.0000000000e+07
4.2787662549e+08 1.0000000000e+04 1.0000000000e+07
4.2829123462e+08 1.0000000000e+04 1.0000000000e+07
4.2870584375e+08 1.0000000000e+04 1.0000000000e+07
4.2912045289e+08 1.0000000000e+04 1.0000000000e+07
4.2953506202e+08 1.0000000000e+04 1.0000000000e+07
4.2994967115e+08 1.0000000000e+04 1.0000000000e+07
4.3036428029e+08 1.0000000000e+04 1.0000000000e+07
4.3077888942e+08 1.0000000000e+04 1.0000000000e+07
4.3119349855e+08 1.0000000000e+04 1.0000000000e+07
4.3160810769e+08 1.0000000000e+04 1.0000000000e+07
4.3202271682e+08 1.0000000000e+04 1.0000000000e+07
4.3243732595e+08 1.0000000000e+04 1.0000000000e+07
4.3285193509e+08 1.0000000000e+04 1.0000000000e+07
4.3326654422e+08 1.0000000000e+04 1.0000000000e+07
4.3368115335e+08 1.0000000000e+04 1.0000000000e+07
4.3409576249e+08 1.0000000000e+04 1.0000000000e+07
4.3451037162e+08 1.0000000000e+04 1.0000000000e+07
4.3492498075e+08 1.0000000000e+04 1.0000000000e+07
4.3533958988e+08 1.0000000000e+04 1.0000000000e+07
4.3575419902e+08 1.0000000000e+04 1.0000000000e+07
4.3616880815e+08 1.0000000000e+04 1.0000000000e+07
4.3658341728e+08 1.0000000000e+04 1.0000000000e+07
4.3699802642e+08 1.0000000000e+04 1.0000000000e+07
4.3741263555e+08 1.0000000000e+04 1.0000000000e+07
4.3782724468e+08 1.0000000000e+04 1.0000000000e+07
4.3824185382e+08 1.0000000000e+04 1.0000000000e+07
4.3865646295e+08 1.0000000000e+04 1.0000000000e+07
4.3907107208e+08 1.0000000000e+04 1.0000000000e+07
4.3948568122e+08 1.0000000000e+04 1.0000000000e+07
4.3990029035e+08 1.0000000000e+04 1.0000000000e+07
4.4031489948e+08 1.0000000000e+04 1.0000000000e+07
4.4072950862e+08 1.0000000000e+04 1.0000000000e+07
4.4114411775e+08 1.0000000000e+04 1.0000000000e+07
4.4155872688e+08 1.0000000000e+04 1.0000000000e+07
4.4197333602e+08 1.0000000000e+04 1.0000000000e+07
4.4238794515e+08 1.0000000000e+04 1.0000000000e+07
4.4280255428e+08 1.0000000000e+04 1.0000000000e+07
4.4321716342e+08 1.0000000000e+04 1.0000000000e+07
4.4363177255e+08 1.0000000000e+04 1.0000000000e+07
4.4404638168e+08 1.0000000000e+04 1.0000000000e+07
4.4446099082e+08 1.0000000000e+04 1.0000000000e+07
4.4487559995e+08 1.0000000000e+04 1.0000000000e+07
4.4529020908e+08 1.0000000000e+04 1.0000000000e+07
4.4570481822e+08 1.0000000000e+04 1.0000000000e+07
4.4611942735e+08 1.0000000000e+04 1.0000000000e+07
4.4653403648e+08 1.0000000000e+04 1.0000000000e+07
4.4694864562e+08 1.0000000000e+04 1.0000000000e+07
4.4736325475e+08 1.0000000000e+04 1.0000000000e+07
4.4777786388e+08 1.0000000000e+04 1.0000000000e+07
4.4819247301e+08 1.0000000000e+04 1.0000000000e+07
4.4860708215e+08 1.0000000000e+04 1.0000000000e+07
4.4902169128e+08 1.0000000000e+04 1.0000000000e+07
4.4943630041e+08 1.0000000000e+04 1.0000000000e+07
4.4985090955e+08 1.0000000000e+04 1.0000000000e+07
4.5026551868e+08 1.0000000000e+04 1.0000000000e+07
4.5068012781e+08 1.0000000000e+04 1.0000000000e+07
4.5109473695e+08 1.0000000000e+04 1.0000000000e+07
4.5150934608e+08 1.0000000000e+04 1.0000000000e+07
4.5192395521e+08 1.0000000000e+04 1.0000000000e+07
4.5233856435e+08 1.0000000000e+04 1.0000000000e+07
4.5275317348e+08 1.0000000000e+04 1.0000000000e+07
4.5316778261e+08 1.0000000000e+04 1.0000000000e+07
4.5358239175e+08 1.0000000000e+04 1.0000000000e+07
4.5399700088e+08 1.0000000000e+04 1.0000000000e+07
4.5441161001e+08 1.0000000000e+04 1.0000000000e+07
4.5482621915e+08 1.0000000000e+04 1.0000000000e+07
4.5524082828e+08 1.0000000000e+04 1.0000000000e+07
4.5565543741e+08 1.0000000000e+04 1.0000000000e+07
4.5607004655e+08 1.0000000000e+04 1.0000000000e+07
4.5648465568e+08 1.0000000000e+04 1.0000000000e+07
4.5689926481e+08 1.0000000000e+04 1.0000000000e+07
4.5731387395e+08 1.0000000000e+04 1.0000000000e+07
4.5772848308e+08 1.0000000000e+04 1.0000000000e+07
4.5814309221e+08 1.0000000000e+04 1.0000000000e+07
4.5855770135e+08 1.0000000000e+04 1.0000000000e+07
4.5897231048e+08 1.0000000000e+04 1.0000000000e+07
4.5938691961e+08 1.0000000000e+04 1.0000000000e+07
4.5980152874e+08 1.0000000000e+04 1.0000000000e+07
4.6021613788e+08 1.0000000000e+04 1.0000000000e+07
4.6063074701e+08 1.0000000000e+04 1.0000000000e+07
4.6104535614e+08 1.0000000000e+04 1.0000000000e+07
4.6145996528e+08 1.0000000000e+04 1.0000000000e+07
4.6187457441e+08 1.0000000000e+04 1.0000000000e+07
4.6228918354e+08 1.0000000000e+04 1.0000000000e+07
4.6270379268e+08 1.0000000000e+04 1.0000000000e+07
4.6311840181e+08 1.0000000000e+04 1.0000000000e+07
4.6353301094e+08 1.0000000000e+04 1.0000000000e+07
4.6394762008e+08 1.0000000000e+04 1.0000000000e+07
4.6436222921e+08 1.0000000000e+04 1.0000000000e+07
4.6477683834e+08 1.0000000000e+04 1.0000000000e+07
4.6519144748e+08 1.0000000000e+04 1.0000000000e+07
4.6560605661e+08 1.0000000000e+04 1.0000000000e+07
4.6602066574e+08 1.0000000000e+04 1.0000000000e+07
4.6643527488e+08 1.0000000000e+04 1.0000000000e+07
4.6684988401e+08 1.0000000000e+04 1.0000000000e+07
4.6726449314e+08 1.0000000000e+04 1.0000000000e+07
4.6767910228e+08 1.0000000000e+04 1.0000000000e+07
4.6809371141e+08 1.0000000000e+04 1.0000000000e+07
4.6850832054e+08 1.0000000000e+04 1.0000000000e+07
4.6892292968e+08 1.0000000000e+04 1.0000000000e+07
4.6933753881e+08 1.0000000000e+04 1.0000000000e+07
4.6975214794e+08 1.0000000000e+04 1.0000000000e+07
4.7016675708e+08 1.0000000000e+04 1.0000000000e+07
4.7058136621e+08 1.0000000000e+04 1.0000000000e+07
4.7099597534e+08 1.0000000000e+04 1.0000000000e+07
4.7141058448e+08 1.0000000000e+04 1.0000000000e+07
4.7182519361e+08 1.0000000000e+04 1.0000000000e+07
4.7223980274e+08 1.0000000000e+04 1.0000000000e+07
4.7265441187e+08 1.0000000000e+04 1.0000000000e+07
4.7306902101e+08 1.0000000000e+04 1.0000000000e+07
4.7348363014e+08 1.0000000000e+04 1.0000000000e+07
4.7389823927e+08 1.0000000000e+04 1.0000000000e+07
4.7431284841e+08 1.0000000000e+04 1.0000000000e+07
4.7472745754e+08 1.0000000000e+04 1.0000000000e+07
4.7514206667e+08 1.0000000000e+04 1.0000000000e+07
4.7555667581e+08 1.0000000000e+04 1.0000000000e+07
4.7597128494e+08 1.0000000000e+04 1.0000000000e+07
4.7638589407e+08 1.0000000000e+04 1.0000000000e+07
4.7680050321e+08 1.0000000000e+04 1.0000000000e+07
4.7721511234e+08 1.0000000000e+04 1.0000000000e+07
4.7762972147e+08 1.0000000000e+04 1.0000000000e+07
4.7804433061e+08 1.0000000000e+04 1.0000000000e+07
4.7845893974e+08 1.0000000000e+04 1.0000000000e+07
4.7887354887e+08 1.0000000000e+04 1.0000000000e+07
4.7928815801e+08 1.0000000000e+04 1.0000000000e+07
4.7970276714e+08 1.0000000000e+04 1.0000000000e+07
4.8011737627e+08 1.0000000000e+04 1.0000000000e+07
4.8053198541e+08 1.0000000000e+04 1.0000000000e+07
4.8094659454e+08 1.0000000000e+04 1.0000000000e+07
4.8136120367e+08 1.0000000000e+04 1.0000000000e+07
4.8177581281e+08 1.0000000000e+04 1.0000000000e+07
4.8219042194e+08 1.0000000000e+04 1.0000000000e+07
4.8260503107e+08 1.0000000000e+04 1.0000000000e+07
4.8301964021e+08 1.0000000000e+04 1.0000000000e+07
4.8343424934e+08 1.0000000000e+04 1.0000000000e+07
4.8384885847e+08 1.0000000000e+04 1.0000000000e+07
4.8426346761e+08 1.0000000000e+04 1.0000000000e+07
4.8467807674e+08 1.0000000000e+04 1.0000000000e+07
4.8509268587e+08 1.0000000000e+04 1.0000000000e+07
4.8550729500e+08 1.0000000000e+04 1.0000000000e+07
4.8592190414e+08 1.0000000000e+04 1.0000000000e+07
4.8633651327e+08 1.0000000000e+04 1.0000000000e+07
4.8675112240e+08 1.0000000000e+04 1.0000000000e+07
4.8716573154e+08 1.0000000000e+04 1.0000000000e+07
4.8758034067e+08 1.0000000000e+04 1.0000000000e+07
4.8799494980e+08 1.0000000000e+04 1.0000000000e+07
4.8840955894e+08 1.0000000000e+04 1.0000000000e+07
4.8882416807e+08 1.0000000000e+04 1.0000000000e+07
4.8923877720e+08 1.0000000000e+04 1.0000000000e+07
4.8965338634e+08 1.0000000000e+04 1.0000000000e+07
4.9006799547e+08 1.0000000000e+04 1.0000000000e+07
4.9048260460e+08 1.0000000000e+04 1.0000000000e+07
4.9089721374e+08 1.0000000000e+04 1.0000000000e+07
4.9131182287e+08 1.0000000000e+04 1.0000000000e+07
4.9172643200e+08 1.0000000000e+04 1.0000000000e+07
4.9214104114e+08 1.0000000000e+04 1.0000000000e+07
4.9255565027e+08 1.0000000000e+04 1.0000000000e+07
4.9297025940e+08 1.0000000000e+04 1.0000000000e+07
4.9338486854e+08 1.0000000000e+04 1.0000000000e+07
4.9379947767e+08 1.0000000000e+04 1.0000000000e+07
4.9421408680e+08 1.0000000000e+04 1.0000000000e+07
4.9462869594e+08 1.0000000000e+04 1.0000000000e+07
4.9504330507e+08 1.0000000000e+04 1.0000000000e+07
4.9545791420e+08 1.0000000000e+04 1.0000000000e+07
4.9587252334e+08 1.0000000000e+04 1.0000000000e+07
4.9628713247e+08 1.0000000000e+04 1.0000000000e+07
4.9670174160e+08 1.0000000000e+04 1.0000000000e+07
4.9711635074e+08 1.0000000000e+04 1.0000000000e+07
4.9753095987e+08 1.0000000000e+04 1.0000000000e+07
4.9794556900e+08 1.0000000000e+04 1.0000000000e+07
4.9836017813e+08 1.0000000000e+04 1.0000000000e+07
4.9877478727e+08 1.0000000000e+04 1.0000000000e+07
4.9918939640e+08 1.0000000000e+04 1.0000000000e+07
4.9960400553e+08 1.0000000000e+04 1.0000000000e+07
5.0001861467e+08 1.0000000000e+04 1.0000000000e+07
5.0043322380e+08 1.0000000000e+04 1.0000000000e+07
5.0084783293e+08 1.0000000000e+04 1.0000000000e+07
5.0126244207e+08 1.0000000000e+04 1.0000000000e+07
5.0167705120e+08 1.0000000000e+04 1.0000000000e+07
5.0209166033e+08 1.0000000000e+04 1.0000000000e+07
5.0250626947e+08 1.0000000000e+04 1.0000000000e+07
5.0292087860e+08 1.0000000000e+04 1.0000000000e+07
5.0333548773e+08 1.0000000000e+04 1.0000000000e+07
5.0375009687e+08 1.0000000000e+04 1.0000000000e+07
5.0416470600e+08 1.0000000000e+04 1.0000000000e+07
5.0457931513e+08 1.0000000000e+04 1.0000000000e+07
5.0499392427e+08 1.0000000000e+04 1.0000000000e+07
5.0540853340e+08 1.0000000000e+04 1.0000000000e+07
5.0582314253e+08 1.0000000000e+04 1.0000000000e+07
5.0623775167e+08 1.0000000000e+04 1.0000000000e+07
5.0665236080e+08 1.0000000000e+04 1.0000000000e+07
5.0706696993e+08 1.0000000000e+04 1.0000000000e+07
5.0748157907e+08 1.0000000000e+04 1.0000000000e+07
5.0789618820e+08 1.0000000000e+04 1.0000000000e+07
5.0831079733e+08 1.0000000000e+04 1.0000000000e+07
5.0872540647e+08 1.0000000000e+04 1.0000000000e+07
5.0914001560e+08 1.0000000000e+04 1.0000000000e+07
5.0955462473e+08 1.0000000000e+04 1.0000000000e+07
5.0996923387e+08 1.0000000000e+04 1.0000000000e+07
5.1038384300e+08 1.0000000000e+04 1.0000000000e+07
5.1079845213e+08 1.0000000000e+04 1.0000000000e+07
5.1121306126e+08 1.0000000000e+04 1.0000000000e+07
5.1162767040e+08 1.0000000000e+04 1.0000000000e+07
5.1204227953e+08 1.0000000000e+04 1.0000000000e+07
5.1245688866e+08 1.0000000000e+04 1.0000000000e+07
5.1287149780e+08 1.0000000000e+04 1.0000000000e+07
5.1328610693e+08 1.0000000000e+04 1.0000000000e+07
5.1370071606e+08 1.0000000000e+04 1.0000000000e+07
5.1411532520e+08 1.0000000000e+04 1.0000000000e+07
5.1452993433e+08 1.0000000000e+04 1.0000000000e+07
5.1494454346e+08 1.0000000000e+04 1.0000000000e+07
5.1535915260e+08 1.0000000000e+04 1.0000000000e+07
5.1577376173e+08 1.0000000000e+04 1.0000000000e+07
5.1618837086e+08 1.0000000000e+04 1.0000000000e+07
5.1660298000e+08 1.0000000000e+04 1.0000000000e+07
5.1701758913e+08 1.0000000000e+04 1.0000000000e+07
5.1743219826e+08 1.0000000000e+04 1.0000000000e+07
5.1784680740e+08 1.0000000000e+04 1.0000000000e+07
5.1826141653e+08 1.0000000000e+04 1.0000000000e+07
5.1867602566e+08 1.0000000000e+04 1.0000000000e+07
5.1909063480e+08 1.0000000000e+04 1.0000000000e+07
5.1950524393e+08 1.0000000000e+04 1.0000000000e+07
5.1991985306e+08 1.0000000000e+04 1.0000000000e+07
5.2033446220e+08 1.0000000000e+04 1.0000000000e+07
5.2074907133e+08 1.0000000000e+04 1.0000000000e+07
5.2116368046e+08 1.0000000000e+04 1.0000000000e+07
5.2157828960e+08 1.0000000000e+04 1.0000000000e+07
5.2199289873e+08 1.0000000000e+04 1.0000000000e+07
5.2240750786e+08 1.0000000000e+04 1.0000000000e+07
5.2282211699e+08 1.0000000000e+04 1.0000000000e+07
5.2323672613e+08 1.0000000000e+04 1.0000000000e+07
5.2365133526e+08 1.0000000000e+04 1.0000000000e+07
5.2406594439e+08 1.0000000000e+04 1.0000000000e+07
5.2448055353e+08 1.0000000000e+04 1.0000000000e+07
5.2489516266e+08 1.0000000000e+04 1.0000000000e+07
5.2530977179e+08 1.0000000000e+04 1.0000000000e+07
5.2572438093e+08 1.0000000000e+04 1.0000000000e+07
5.2613899006e+08 1.0000000000e+04 1.0000000000e+07
5.2655359919e+08 1.0000000000e+04 1.0000000000e+07
5.2696820833e+08 1.0000000000e+04 1.0000000000e+07
5.2738281746e+08 1.0000000000e+04 1.0000000000e+07
5.2779742659e+08 1.0000000000e+04 1.0000000000e+07
5.2821203573e+08 1.0000000000e+04 1.0000000000e+07
5.2862664486e+08 1.0000000000e+04 1.0000000000e+07
5.2904125399e+08 1.0000000000e+04 1.0000000000e+07
5.2945586313e+08 1.0000000000e+04 1.0000000000e+07
5.2987047226e+08 1.0000000000e+04 1.0000000000e+07
5.3028508139e+08 1.0000000000e+04 1.0000000000e+07
5.3069969053e+08 1.0000000000e+04 1.0000000000e+07
5.3111429966e+08 1.0000000000e+04 1.0000000000e+07
5.3152890879e+08 1.0000000000e+04 1.0000000000e+07
5.3194351793e+08 1.0000000000e+04 1.0000000000e+07
5.3235812706e+08 1.0000000000e+04 1.0000000000e+07
5.3277273619e+08 1.0000000000e+04 1.0000000000e+07
5.3318734533e+08 1.0000000000e+04 1.0000000000e+07
5.3360195446e+08 1.0000000000e+04 1.0000000000e+07
5.3401656359e+08 1.0000000000e+04 1.0000000000e+07
5.3443117273e+08 1.0000000000e+04 1.0000000000e+07
5.3484578186e+08 1.0000000000e+04 1.0000000000e+07
5.3526039099e+08 1.0000000000e+04 1.0000000000e+07
5.3567500012e+08 1.0000000000e+04 1.0000000000e+07
5.3608960926e+08 1.0000000000e+04 1.0000000000e+07
5.3650421839e+08 1.0000000000e+04 1.0000000000e+07
5.3691882752e+08 1.0000000000e+04 1.0000000000e+07
5.3733343666e+08 1.0000000000e+04 1.0000000000e+07
5.3774804579e+08 1.0000000000e+04 1.0000000000e+07
5.3816265492e+08 1.0000000000e+04 1.0000000000e+07
5.3857726406e+08 1.0000000000e+04 1.0000000000e+07
5.3899187319e+08 1.0000000000e+04 1.0000000000e+07
5.3940648232e+08 1.0000000000e+04 1.0000000000e+07
5.3982109146e+08 1.0000000000e+04 1.0000000000e+07
5.4023570059e+08 1.0000000000e+04 1.0000000000e+07
5.4065030972e+08 1.0000000000e+04 1.0000000000e+07
5.4106491886e+08 1.0000000000e+04 1.0000000000e+07
5.4147952799e+08 1.0000000000e+04 1.0000000000e+07
5.4189413712e+08 1.0000000000e+04 1.0000000000e+07
5.4230874626e+08 1.0000000000e+04 1.0000000000e+07
5.4272335539e+08 1.0000000000e+04 1.0000000000e+07
5.4313796452e+08 1.0000000000e+04 1.0000000000e+07
5.4355257366e+08 1.0000000000e+04 1.0000000000e+07
5.4396718279e+08 1.0000000000e+04 1.0000000000e+07
5.4438179192e+08 1.0000000000e+04 1.0000000000e+07
5.4479640106e+08 1.0000000000e+04 1.0000000000e+07
5.4521101019e+08 1.0000000000e+04 1.0000000000e+07
5.4562561932e+08 1.0000000000e+04 1.0000000000e+07
5.4604022846e+08 1.0000000000e+04 1.0000000000e+07
5.4645483759e+08 1.0000000000e+04 1.0000000000e+07
5.4686944672e+08 1.0000000000e+04 1.0000000000e+07
5.4728405586e+08 1.0000000000e+04 1.0000000000e+07
5.4769866499e+08 1.0000000000e+04 1.0000000000e+07
5.4811327412e+08 1.0000000000e+04 1.0000000000e+07
5.4852788325e+08 1.0000000000e+04 1.0000000000e+07
5.4894249239e+08 1.0000000000e+04 1.0000000000e+07
5.4935710152e+08 1.0000000000e+04 1.0000000000e+07
5.4977171065e+08 1.0000000000e+04 1.0000000000e+07
5.5018631979e+08 1.0000000000e+04 1.0000000000e+07
5.5060092892e+08 1.0000000000e+04 1.0000000000e+07
5.5101553805e+08 1.0000000000e+04 1.0000000000e+07
5.5143014719e+08 1.0000000000e+04 1.0000000000e+07
5.5184475632e+08 1.0000000000e+04 1.0000000000e+07
5.5225936545e+08 1.0000000000e+04 1.0000000000e+07
5.5267397459e+08 1.0000000000e+04 1.0000000000e+07
5.5308858372e+08 1.0000000000e+04 1.0000000000e+07
5.5350319285e+08 1.0000000000e+04 1.0000000000e+07
5.5391780199e+08 1.0000000000e+04 1.0000000000e+07
5.5433241112e+08 1.0000000000e+04 1.0000000000e+07
5.5474702025e+08 1.0000000000e+04 1.0000000000e+07
5.5516162939e+08 1.0000000000e+04 1.0000000000e+07
5.5557623852e+08 1.0000000000e+04 1.0000000000e+07
5.5599084765e+08 1.0000000000e+04 1.0000000000e+07
5.5640545679e+08 1.0000000000e+04 1.0000000000e+07
5.5682006592e+08 1.0000000000e+04 1.0000000000e+07
5.5723467505e+08 1.0000000000e+04 1.0000000000e+07
5.5764928419e+08 1.0000000000e+04 1.0000000000e+07
5.5806389332e+08 1.0000000000e+04 1.0000000000e+07
5.5847850245e+08 1.0000000000e+04 1.0000000000e+07
5.5889311159e+08 1.0000000000e+04 1.0000000000e+07
5.5930772072e+08 1.0000000000e+04 1.0000000000e+07
5.5972232985e+08 1.0000000000e+04 1.0000000000e+07
5.6013693899e+08 1.0000000000e+04 1.0000000000e+07
5.6055154812e+08 1.0000000000e+04 1.0000000000e+07
5.6096615725e+08 1.0000000000e+04 1.0000000000e+07
5.6138076638e+08 1.0000000000e+04 1.0000000000e+07
5.6179537552e+08 1.0000000000e+04 1.0000000000e+07
5.6220998465e+08 1.0000000000e+04 1.0000000000e+07
5.6262459378e+08 1.0000000000e+04 1.0000000000e+07
5.6303920292e+08 1.0000000000e+04 1.0000000000e+07
5.6345381205e+08 1.0000000000e+04 1.0000000000e+07
5.6386842118e+08 1.0000000000e+04 1.0000000000e+07
5.6428303032e+08 1.0000000000e+04 1.0000000000e+07
5.6469763945e+08 1.0000000000e+04 1.0000000000e+07
5.6511224858e+08 1.0000000000e+04 1.0000000000e+07
5.6552685772e+08 1.0000000000e+04 1.0000000000e+07
5.6594146685e+08 1.0000000000e+04 1.0000000000e+07
5.6635607598e+08 1.0000000000e+04 1.0000000000e+07
5.6677068512e+08 1.0000000000e+04 1.0000000000e+07
5.6718529425e+08 1.0000000000e+04 1.0000000000e+07
5.6759990338e+08 1.0000000000e+04 1.0000000000e+07
5.6801451252e+08 1.0000000000e+04 1.0000000000e+07
5.6842912165e+08 1.0000000000e+04 1.0000000000e+07
5.6884373078e+08 1.0000000000e+04 1.0000000000e+07
5.6925833992e+08 1.0000000000e+04 1.0000000000e+07
5.6967294905e+08 1.0000000000e+04 1.0000000000e+07
5.7008755818e+08 1.0000000000e+04 1.0000000000e+07
5.7050216732e+08 1.0000000000e+04 1.0000000000e+07
5.7091677645e+08 1.0000000000e+04 1.0000000000e+07
5.7133138558e+08 1.0000000000e+04 1.0000000000e+07
5.7174599472e+08 1.0000000000e+04 1.0000000000e+07
5.7216060385e+08 1.0000000000e+04 1.0000000000e+07
5.7257521298e+08 1.0000000000e+04 1.0000000000e+07
5.7298982212e+08 1.0000000000e+04 1.0000000000e+07
5.7340443125e+08 1.0000000000e+04 1.0000000000e+07
5.7381904038e+08 1.0000000000e+04 1.0000000000e+07
5.7423364951e+08 1.0000000000e+04 1.0000000000e+07
5.7464825865e+08 1.0000000000e+04 1.0000000000e+07
5.7506286778e+08 1.0000000000e+04 1.0000000000e+07
5.7547747691e+08 1.0000000000e+04 1.0000000000e+07
5.7589208605e+08 1.0000000000e+04 1.0000000000e+07
5.7630669518e+08 1.0000000000e+04 1.0000000000e+07
5.7672130431e+08 1.0000000000e+04 1.0000000000e+07
5.7713591345e+08 1.0000000000e+04 1.0000000000e+07
5.7755052258e+08 1.0000000000e+04 1.0000000000e+07
5.7796513171e+08 1.0000000000e+04 1.0000000000e+07
5.7837974085e+08 1.0000000000e+04 1.0000000000e+07
5.7879434998e+08 1.0000000000e+04 1.0000000000e+07
5.7920895911e+08 1.0000000000e+04 1.0000000000e+07
5.7962356825e+08 1.0000000000e+04 1.0000000000e+07
5.8003817738e+08 1.0000000000e+04 1.0000000000e+07
5.8045278651e+08 1.0000000000e+04 1.0000000000e+07
5.8086739565e+08 1.0000000000e+04 1.0000000000e+07
5.8128200478e+08 1.0000000000e+04 1.0000000000e+07
5.8169661391e+08 1.0000000000e+04 1.0000000000e+07
5.8211122305e+08 1.0000000000e+04 1.0000000000e+07
5.8252583218e+08 1.0000000000e+04 1.0000000000e+07
5.8294044131e+08 1.0000000000e+04 1.0000000000e+07
5.8335505045e+08 1.0000000000e+04 1.0000000000e+07
5.8376965958e+08 1.0000000000e+04 1.0000000000e+07
5.8418426871e+08 1.0000000000e+04 1.0000000000e+07
5.8459887785e+08 1.0000000000e+04 1.0000000000e+07
5.8501348698e+08 1.0000000000e+04 1.0000000000e+07
5.8542809611e+08 1.0000000000e+04 1.0000000000e+07
5.8584270524e+08 1.0000000000e+04 1.0000000000e+07
5.8625731438e+08 1.0000000000e+04 1.0000000000e+07
5.8667192351e+08 1.0000000000e+04 1.0000000000e+07
5.8708653264e+08 1.0000000000e+04 1.0000000000e+07
5.8750114178e+08 1.0000000000e+04 1.0000000000e+07
5.8791575091e+08 1.0000000000e+04 1.0000000000e+07
5.8833036004e+08 1.0000000000e+04 1.0000000000e+07
5.8874496918e+08 1.0000000000e+04 1.0000000000e+07
5.8915957831e+08 1.0000000000e+04 1.0000000000e+07
5.8957418744e+08 1.0000000000e+04 1.0000000000e+07
5.8998879658e+08 1.0000000000e+04 1.0000000000e+07
5.9040340571e+08 1.0000000000e+04 1.0000000000e+07
5.9081801484e+08 1.0000000000e+04 1.0000000000e+07
5.9123262398e+08 1.0000000000e+04 1.0000000000e+07
5.9164723311e+08 1.0000000000e+04 1.0000000000e+07
5.9206184224e+08 1.0000000000e+04 1.0000000000e+07
5.9247645138e+08 1.0000000000e+04 1.0000000000e+07
5.9289106051e+08 1.0000000000e+04 1.0000000000e+07
5.9330566964e+08 1.0000000000e+04 1.0000000000e+07
5.9372027878e+08 1.0000000000e+04 1.0000000000e+07
5.9413488791e+08 1.0000000000e+04 1.0000000000e+07
5.9454949704e+08 1.0000000000e+04 1.0000000000e+07
5.9496410618e+08 1.0000000000e+04 1.0000000000e+07
5.9537871531e+08 1.0000000000e+04 1.0000000000e+07
5.9579332444e+08 1.0000000000e+04 1.0000000000e+07
5.9620793358e+08 1.0000000000e+04 1.0000000000e+07
5.9662254271e+08 1.0000000000e+04 1.0000000000e+07
5.9703715184e+08 1.0000000000e+04 1.0000000000e+07
5.9745176098e+08 1.0000000000e+04 1.0000000000e+07
5.9786637011e+08 1.0000000000e+04 1.0000000000e+07
5.9828097924e+08 1.0000000000e+04 1.0000000000e+07
5.9869558837e+08 1.0000000000e+04 1.0000000000e+07
5.9911019751e+08 1.0000000000e+04 1.0000000000e+07
5.9952480664e+08 1.0000000000e+04 1.0000000000e+07
5.9993941577e+08 1.0000000000e+04 1.0000000000e+07
6.0035402491e+08 1.0000000000e+04 1.0000000000e+07
6.0076863404e+08 1.0000000000e+04 1.0000000000e+07
6.0118324317e+08 1.0000000000e+04 1.0000000000e+07
6.0159785231e+08 1.0000000000e+04 1.0000000000e+07
6.0201246144e+08 1.0000000000e+04 1.0000000000e+07
6.0242707057e+08 1.0000000000e+04 1.0000000000e+07
6.0284167971e+08 1.0000000000e+04 1.0000000000e+07
6.0325628884e+08 1.0000000000e+04 1.0000000000e+07
6.0367089797e+08 1.0000000000e+04 1.0000000000e+07
6.0408550711e+08 1.0000000000e+04 1.0000000000e+07
6.0450011624e+08 1.0000000000e+04 1.0000000000e+07
6.0491472537e+08 1.0000000000e+04 1.0000000000e+07
6.0532933451e+08 1.0000000000e+04 1.0000000000e+07
6.0574394364e+08 1.0000000000e+04 1.0000000000e+07
6.0615855277e+08 1.0000000000e+04 1.0000000000e+07
6.0657316191e+08 1.0000000000e+04 1.0000000000e+07
6.0698777104e+08 1.0000000000e+04 1.0000000000e+07
6.0740238017e+08 1.0000000000e+04 1.0000000000e+07
6.0781698931e+08 1.0000000000e+04 1.0000000000e+07
6.0823159844e+08 1.0000000000e+04 1.0000000000e+07
6.0864620757e+08 1.0000000000e+04 1.0000000000e+07
6.0906081671e+08 1.0000000000e+04 1.0000000000e+07
6.0947542584e+08 1.0000000000e+04 1.0000000000e+07
6.0989003497e+08 1.0000000000e+04 1.0000000000e+07
6.1030464411e+08 1.0000000000e+04 1.0000000000e+07
6.1071925324e+08 1.0000000000e+04 1.0000000000e+07
6.1113386237e+08 1.0000000000e+04 1.0000000000e+07
6.1154847150e+08 1.0000000000e+04 1.0000000000e+07
6.1196308064e+08 1.0000000000e+04 1.0000000000e+07
6.1237768977e+08 1.0000000000e+04 1.0000000000e+07
6.1279229890e+08 1.0000000000e+04 1.0000000000e+07
6.1320690804e+08 1.0000000000e+04 1.0000000000e+07
6.1362151717e+08 1.0000000000e+04 1.0000000000e+07
6.1403612630e+08 1.0000000000e+04 1.0000000000e+07
6.1445073544e+08 1.0000000000e+04 1.0000000000e+07
6.1486534457e+08 1.0000000000e+04 1.0000000000e+07
6.1527995370e+08 1.0000000000e+04 1.0000000000e+07
6.1569456284e+08 1.0000000000e+04 1.0000000000e+07
6.1610917197e+08 1.0000000000e+04 1.0000000000e+07
6.1652378110e+08 1.0000000000e+04 1.0000000000e+07
6.1693839024e+08 1.0000000000e+04 1.0000000000e+07
6.1735299937e+08 1.0000000000e+04 1.0000000000e+07
6.1776760850e+08 1.0000000000e+04 1.0000000000e+07
6.1818221764e+08 1.0000000000e+04 1.0000000000e+07
6.1859682677e+08 1.0000000000e+04 1.0000000000e+07
6.1901143590e+08 1.0000000000e+04 1.0000000000e+07
6.1942604504e+08 1.0000000000e+04 1.0000000000e+07
6.1984065417e+08 1.0000000000e+04 1.0000000000e+07
6.2025526330e+08 1.0000000000e+04 1.0000000000e+07
6.2066987244e+08 1.0000000000e+04 1.0000000000e+07
6.2108448157e+08 1.0000000000e+04 1.0000000000e+07
6.2149909070e+08 1.0000000000e+04 1.0000000000e+07
6.2191369984e+08 1.0000000000e+04 1.0000000000e+07
6.2232830897e+08 1.0000000000e+04 1.0000000000e+07
6.2274291810e+08 1.0000000000e+04 1.0000000000e+07
6.2315752724e+08 1.0000000000e+04 1.0000000000e+07
6.2357213637e+08 1.0000000000e+04 1.0000000000e+07
6.2398674550e+08 1.0000000000e+04 1.0000000000e+07
6.2440135463e+08 1.0000000000e+04 1.0000000000e+07
6.2481596377e+08 1.0000000000e+04 1.0000000000e+07
6.2523057290e+08 1.0000000000e+04 1.0000000000e+07
6.2564518203e+08 1.0000000000e+04 1.0000000000e+07
6.2605979117e+08 1.0000000000e+04 1.0000000000e+07
6.2647440030e+08 1.0000000000e+04 1.0000000000e+07
6.2688900943e+08 1.0000000000e+04 1.0000000000e+07
6.2730361857e+08 1.0000000000e+04 1.0000000000e+07
6.2771822770e+08 1.0000000000e+04 1.0000000000e+07
6.2813283683e+08 1.0000000000e+04 1.0000000000e+07
6.2854744597e+08 1.0000000000e+04 1.0000000000e+07
6.2896205510e+08 1.0000000000e+04 1.0000000000e+07
6.2937666423e+08 1.0000000000e+04 1.0000000000e+07
6.2979127337e+08 1.0000000000e+04 1.0000000000e+07
6.3020588250e+08 1.0000000000e+04 1.0000000000e+07
6.3062049163e+08 1.0000000000e+04 1.0000000000e+07
6.3103510077e+08 1.0000000000e+04 1.0000000000e+07
6.3144970990e+08 1.0000000000e+04 1.0000000000e+07
6.3186431903e+08 1.0000000000e+04 1.0000000000e+07
6.3227892817e+08 1.0000000000e+04 1.0000000000e+07
6.3269353730e+08 1.0000000000e+04 1.0000000000e+07
6.3310814643e+08 1.0000000000e+04 1.0000000000e+07
6.3352275557e+08 1.0000000000e+04 1.0000000000e+07
6.3393736470e+08 1.0000000000e+04 1.0000000000e+07
6.3435197383e+08 1.0000000000e+04 1.0000000000e+07
6.3476658297e+08 1.0000000000e+04 1.0000000000e+07
6.3518119210e+08 1.0000000000e+04 1.0000000000e+07
6.3559580123e+08 1.0000000000e+04 1.0000000000e+07
6.3601041037e+08 1.0000000000e+04 1.0000000000e+07
6.3642501950e+08 1.0000000000e+04 1.0000000000e+07
6.3683962863e+08 1.0000000000e+04 1.0000000000e+07
6.3725423776e+08 1.0000000000e+04 1.0000000000e+07
6.3766884690e+08 1.0000000000e+04 1.0000000000e+07
6.3808345603e+08 1.0000000000e+04 1.0000000000e+07
6.3849806516e+08 1.0000000000e+04 1.0000000000e+07
6.3891267430e+08 1.0000000000e+04 1.0000000000e+07
6.3932728343e+08 1.0000000000e+04 1.0000000000e+07
6.3974189256e+08 1.0000000000e+04 1.0000000000e+07
6.4015650170e+08 1.0000000000e+04 1.0000000000e+07
6.4057111083e+08 1.0000000000e+04 1.0000000000e+07
6.4098571996e+08 1.0000000000e+04 1.0000000000e+07
6.4140032910e+08 1.0000000000e+04 1.0000000000e+07
6.4181493823e+08 1.0000000000e+04 1.0000000000e+07
6.4222954736e+08 1.0000000000e+04 1.0000000000e+07
6.4264415650e+08 1.0000000000e+04 1.0000000000e+07
6.4305876563e+08 1.0000000000e+04 1.0000000000e+07
6.4347337476e+08 1.0000000000e+04 1.0000000000e+07
6.4388798390e+08 1.0000000000e+04 1.0000000000e+07
6.4430259303e+08 1.0000000000e+04 1.0000000000e+07
6.4471720216e+08 1.0000000000e+04 1.0000000000e+07
6.4513181130e+08 1.0000000000e+04 1.0000000000e+07
6.4554642043e+08 1.0000000000e+04 1.0000000000e+07
6.4596102956e+08 1.0000000000e+04 1.0000000000e+07
6.4637563870e+08 1.0000000000e+04 1.0000000000e+07
6.4679024783e+08 1.0000000000e+04 1.0000000000e+07
6.4720485696e+08 1.0000000000e+04 1.0000000000e+07
6.4761946610e+08 1.0000000000e+04 1.0000000000e+07
6.4803407523e+08 1.0000000000e+04 1.0000000000e+07
6.4844868436e+08 1.0000000000e+04 1.0000000000e+07
6.4886329349e+08 1.0000000000e+04 1.0000000000e+07
6.4927790263e+08 1.0000000000e+04 1.0000000000e+07
6.4969251176e+08 1.0000000000e+04 1.0000000000e+07
6.5010712089e+08 1.0000000000e+04 1.0000000000e+07
6.5052173003e+08 1.0000000000e+04 1.0000000000e+07
6.5093633916e+08 1.0000000000e+04 1.0000000000e+07
6.5135094829e+08 1.0000000000e+04 1.0000000000e+07
6.5176555743e+08 1.0000000000e+04 1.0000000000e+07
6.5218016656e+08 1.0000000000e+04 1.0000000000e+07
6.5259477569e+08 1.0000000000e+04 1.0000000000e+07
6.5300938483e+08 1.0000000000e+04 1.0000000000e+07
6.5342399396e+08 1.0000000000e+04 1.0000000000e+07
6.5383860309e+08 1.0000000000e+04 1.0000000000e+07
6.5425321223e+08 1.0000000000e+04 1.0000000000e+07
6.5466782136e+08 1.0000000000e+04 1.0000000000e+07
6.5508243049e+08 1.0000000000e+04 1.0000000000e+07
6.5549703963e+08 1.0000000000e+04 1.0000000000e+07
6.5591164876e+08 1.0000000000e+04 1.0000000000e+07
6.5632625789e+08 1.0000000000e+04 1.0000000000e+07
6.5674086703e+08 1.0000000000e+04 1.0000000000e+07
6.5715547616e+08 1.0000000000e+04 1.0000000000e+07
6.5757008529e+08 1.0000000000e+04 1.0000000000e+07
6.5798469443e+08 1.0000000000e+04 1.0000000000e+07
6.5839930356e+08 1.0000000000e+04 1.0000000000e+07
6.5881391269e+08 1.0000000000e+04 1.0000000000e+07
6.5922852183e+08 1.0000000000e+04 1.0000000000e+07
6.5964313096e+08 1.0000000000e+04 1.0000000000e+07
6.6005774009e+08 1.0000000000e+04 1.0000000000e+07
6.6047234923e+08 1.0000000000e+04 1.0000000000e+07
6.6088695836e+08 1.0000000000e+04 1.0000000000e+07
6.6130156749e+08 1.0000000000e+04 1.0000000000e+07
6.6171617662e+08 1.0000000000e+04 1.0000000000e+07
6.6213078576e+08 1.0000000000e+04 1.0000000000e+07
6.6254539489e+08 1.0000000000e+04 1.0000000000e+07
6.6296000402e+08 1.0000000000e+04 1.0000000000e+07
6.6337461316e+08 1.0000000000e+04 1.0000000000e+07
6.6378922229e+08 1.0000000000e+04 1.0000000000e+07
6.6420383142e+08 1.0000000000e+04 1.0000000000e+07
6.6461844056e+08 1.0000000000e+04 1.0000000000e+07
6.6503304969e+08 1.0000000000e+04 1.0000000000e+07
6.6544765882e+08 1.0000000000e+04 1.0000000000e+07
6.6586226796e+08 1.0000000000e+04 1.0000000000e+07
6.6627687709e+08 1.0000000000e+04 1.0000000000e+07
6.6669148622e+08 1.0000000000e+04 1.0000000000e+07
6.6710609536e+08 1.0000000000e+04 1.0000000000e+07
6.6752070449e+08 1.0000000000e+04 1.0000000000e+07
6.6793531362e+08 1.0000000000e+04 1.0000000000e+07
6.6834992276e+08 1.0000000000e+04 1.0000000000e+07
6.6876453189e+08 1.0000000000e+04 1.0000000000e+07
6.6917914102e+08 1.0000000000e+04 1.0000000000e+07
6.6959375016e+08 1.0000000000e+04 1.0000000000e+07
6.7000835929e+08 1.0000000000e+04 1.0000000000e+07
6.7042296842e+08 1.0000000000e+04 1.0000000000e+07
6.7083757756e+08 1.0000000000e+04 1.0000000000e+07
6.7125218669e+08 1.0000000000e+04 1.0000000000e+07
6.7166679582e+08 1.0000000000e+04 1.0000000000e+07
6.7208140496e+08 1.0000000000e+04 1.0000000000e+07
6.7249601409e+08 1.0000000000e+04 1.0000000000e+07
6.7291062322e+08 1.0000000000e+04 1.0000000000e+07
6.7332523236e+08 1.0000000000e+04 1.0000000000e+07
6.7373984149e+08 1.0000000000e+04 1.0000000000e+07
6.7415445062e+08 1.0000000000e+04 1.0000000000e+07
6.7456905975e+08 1.0000000000e+04 1.0000000000e+07
6.7498366889e+08 1.0000000000e+04 1.0000000000e+07
6.7539827802e+08 1.0000000000e+04 1.0000000000e+07
6.7581288715e+08 1.0000000000e+04 1.0000000000e+07
6.7622749629e+08 1.0000000000e+04 1.0000000000e+07
6.7664210542e+08 1.0000000000e+04 1.0000000000e+07
6.7705671455e+08 1.0000000000e+04 1.0000000000e+07
6.7747132369e+08 1.0000000000e+04 1.0000000000e+07
6.7788593282e+08 1.0000000000e+04 1.0000000000e+07
6.7830054195e+08 1.0000000000e+04 1.0000000000e+07
6.7871515109e+08 1.0000000000e+04 1.0000000000e+07
6.7912976022e+08 1.0000000000e+04 1.0000000000e+07
6.7954436935e+08 1.0000000000e+04 1.0000000000e+07
6.7995897849e+08 1.0000000000e+04 1.0000000000e+07
6.8037358762e+08 1.0000000000e+04 1.0000000000e+07
6.8078819675e+08 1.0000000000e+04 1.0000000000e+07
6.8120280589e+08 1.0000000000e+04 1.0000000000e+07
6.8161741502e+08 1.0000000000e+04 1.0000000000e+07
6.8203202415e+08 1.0000000000e+04 1.0000000000e+07
6.8244663329e+08 1.0000000000e+04 1.0000000000e+07
6.8286124242e+08 1.0000000000e+04 1.0000000000e+07
6.8327585155e+08 1.0000000000e+04 1.0000000000e+07
6.8369046069e+08 1.0000000000e+04 1.0000000000e+07
6.8410506982e+08 1.0000000000e+04 1.0000000000e+07
6.8451967895e+08 1.0000000000e+04 1.0000000000e+07
6.8493428809e+08 1.0000000000e+04 1.0000000000e+07
6.8534889722e+08 1.0000000000e+04 1.0000000000e+07
6.8576350635e+08 1.0000000000e+04 1.0000000000e+07
6.8617811549e+08 1.0000000000e+04 1.0000000000e+07
6.8659272462e+08 1.0000000000e+04 1.0000000000e+07
6.8700733375e+08 1.0000000000e+04 1.0000000000e+07
6.8742194288e+08 1.0000000000e+04 1.0000000000e+07
6.8783655202e+08 1.0000000000e+04 1.0000000000e+07
6.8825116115e+08 1.0000000000e+04 1.0000000000e+07
6.8866577028e+08 1.0000000000e+04 1.0000000000e+07
6.8908037942e+08 1.0000000000e+04 1.0000000000e+07
6.8949498855e+08 1.0000000000e+04 1.0000000000e+07
6.8990959768e+08 1.0000000000e+04 1.0000000000e+07
6.9032420682e+08 1.0000000000e+04 1.0000000000e+07
6.9073881595e+08 1.0000000000e+04 1.0000000000e+07
6.9115342508e+08 1.0000000000e+04 1.0000000000e+07
6.9156803422e+08 1.0000000000e+04 1.0000000000e+07
6.9198264335e+08 1.0000000000e+04 1.0000000000e+07
6.9239725248e+08 1.0000000000e+04 1.0000000000e+07
6.9281186162e+08 1.0000000000e+04 1.0000000000e+07
6.9322647075e+08 1.0000000000e+04 1.0000000000e+07
6.9364107988e+08 1.0000000000e+04 1.0000000000e+07
6.9405568902e+08 1.0000000000e+04 1.0000000000e+07
6.9447029815e+08 1.0000000000e+04 1.0000000000e+07
6.9488490728e+08 1.0000000000e+04 1.0000000000e+07
6.9529951642e+08 1.0000000000e+04 1.0000000000e+07
6.9571412555e+08 1.0000000000e+04 1.0000000000e+07
6.9612873468e+08 1.0000000000e+04 1.0000000000e+07
6.9654334382e+08 1.0000000000e+04 1.0000000000e+07
6.9695795295e+08 1.0000000000e+04 1.0000000000e+07
6.9737256208e+08 1.0000000000e+04 1.0000000000e+07
6.9778717122e+08 1.0000000000e+04 1.0000000000e+07
6.9820178035e+08 1.0000000000e+04 1.0000000000e+07
6.9861638948e+08 1.0000000000e+04 1.0000000000e+07
6.9903099862e+08 1.0000000000e+04 1.0000000000e+07
6.9944560775e+08 1.0000000000e+04 1.0000000000e+07
6.9986021688e+08 1.0000000000e+04 1.0000000000e+07
7.0027482601e+08 1.0000000000e+04 1.0000000000e+07
7.0068943515e+08 1.0000000000e+04 1.0000000000e+07
7.0110404428e+08 1.0000000000e+04 1.0000000000e+07
7.0151865341e+08 1.0000000000e+04 1.0000000000e+07
7.0193326255e+08 1.0000000000e+04 1.0000000000e+07
7.0234787168e+08 1.0000000000e+04 1.0000000000e+07
7.0276248081e+08 1.0000000000e+04 1.0000000000e+07
7.0317708995e+08 1.0000000000e+04 1.0000000000e+07
7.0359169908e+08 1.0000000000e+04 1.0000000000e+07
7.0400630821e+08 1.0000000000e+04 1.0000000000e+07
7.0442091735e+08 1.0000000000e+04 1.0000000000e+07
7.0483552648e+08 1.0000000000e+04 1.0000000000e+07
7.0525013561e+08 1.0000000000e+04 1.0000000000e+07
7.0566474475e+08 1.0000000000e+04 1.0000000000e+07
7.0607935388e+08 1.0000000000e+04 1.0000000000e+07
7.0649396301e+08 1.0000000000e+04 1.0000000000e+07
7.0690857215e+08 1.0000000000e+04 1.0000000000e+07
7.0732318128e+08 1.0000000000e+04 1.0000000000e+07
7.0773779041e+08 1.0000000000e+04 1.0000000000e+07
7.0815239955e+08 1.0000000000e+04 1.0000000000e+07
7.0856700868e+08 1.0000000000e+04 1.0000000000e+07
7.0898161781e+08 1.0000000000e+04 1.0000000000e+07
7.0939622695e+08 1.0000000000e+04 1.0000000000e+07
7.0981083608e+08 1.0000000000e+04 1.0000000000e+07
7.1022544521e+08 1.0000000000e+04 1.0000000000e+07
7.1064005435e+08 1.0000000000e+04 1.0000000000e+07
7.1105466348e+08 1.0000000000e+04 1.0000000000e+07
7.1146927261e+08 1.0000000000e+04 1.0000000000e+07
7.1188388174e+08 1.0000000000e+04 1.0000000000e+07
7.1229849088e+08 1.0000000000e+04 1.0000000000e+07
7.1271310001e+08 1.0000000000e+04 1.0000000000e+07
7.1312770914e+08 1.0000000000e+04 1.0000000000e+07
7.1354231828e+08 1.0000000000e+04 1.0000000000e+07
7.1395692741e+08 1.0000000000e+04 1.0000000000e+07
7.1437153654e+08 1.0000000000e+04 1.0000000000e+07
7.1478614568e+08 1.0000000000e+04 1.0000000000e+07
7.1520075481e+08 1.0000000000e+04 1.0000000000e+07
7.1561536394e+08 1.0000000000e+04 1.0000000000e+07
7.1602997308e+08 1.0000000000e+04 1.0000000000e+07
7.1644458221e+08 1.0000000000e+04 1.0000000000e+07
7.1685919134e+08 1.0000000000e+04 1.0000000000e+07
7.1727380048e+08 1.0000000000e+04 1.0000000000e+07
7.1768840961e+08 1.0000000000e+04 1.0000000000e+07
7.1810301874e+08 1.0000000000e+04 1.0000000000e+07
7.1851762788e+08 1.0000000000e+04 1.0000000000e+07
7.1893223701e+08 1.0000000000e+04 1.0000000000e+07
7.1934684614e+08 1.0000000000e+04 1.0000000000e+07
7.1976145528e+08 1.0000000000e+04 1.0000000000e+07
7.2017606441e+08 1.0000000000e+04 1.0000000000e+07
7.2059067354e+08 1.0000000000e+04 1.0000000000e+07
7.2100528268e+08 1.0000000000e+04 1.0000000000e+07
7.2141989181e+08 1.0000000000e+04 1.0000000000e+07
7.2183450094e+08 1.0000000000e+04 1.0000000000e+07
7.2224911008e+08 1.0000000000e+04 1.0000000000e+07
7.2266371921e+08 1.0000000000e+04 1.0000000000e+07
7.2307832834e+08 1.0000000000e+04 1.0000000000e+07
7.2349293748e+08 1.0000000000e+04 1.0000000000e+07
7.2390754661e+08 1.0000000000e+04 1.0000000000e+07
7.2432215574e+08 1.0000000000e+04 1.0000000000e+07
7.2473676487e+08 1.0000000000e+04 1.0000000000e+07
7.2515137401e+08 1.0000000000e+04 1.0000000000e+07
7.2556598314e+08 1.0000000000e+04 1.0000000000e+07
7.2598059227e+08 1.0000000000e+04 1.0000000000e+07
7.2639520141e+08 1.0000000000e+04 1.0000000000e+07
7.2680981054e+08 1.0000000000e+04 1.0000000000e+07
7.2722441967e+08 1.0000000000e+04 1.0000000000e+07
7.2763902881e+08 1.0000000000e+04 1.0000000000e+07
7.2805363794e+08 1.0000000000e+04 1.0000000000e+07
7.2846824707e+08 1.0000000000e+04 1.0000000000e+07
7.2888285621e+08 1.0000000000e+04 1.0000000000e+07
7.2929746534e+08 1.0000000000e+04 1.0000000000e+07
7.2971207447e+08 1.0000000000e+04 1.0000000000e+07
7.3012668361e+08 1.0000000000e+04 1.0000000000e+07
7.3054129274e+08 1.0000000000e+04 1.0000000000e+07
7.3095590187e+08 1.0000000000e+04 1.0000000000e+07
7.3137051101e+08 1.0000000000e+04 1.0000000000e+07
7.3178512014e+08 1.0000000000e+04 1.0000000000e+07
7.3219972927e+08 1.0000000000e+04 1.0000000000e+07
7.3261433841e+08 1.0000000000e+04 1.0000000000e+07
7.3302894754e+08 1.0000000000e+04 1.0000000000e+07
7.3344355667e+08 1.0000000000e+04 1.0000000000e+07
7.3385816581e+08 1.0000000000e+04 1.0000000000e+07
7.3427277494e+08 1.0000000000e+04 1.0000000000e+07
7.3468738407e+08 1.0000000000e+04 1.0000000000e+07
7.3510199321e+08 1.0000000000e+04 1.0000000000e+07
7.3551660234e+08 1.0000000000e+04 1.0000000000e+07
7.3593121147e+08 1.0000000000e+04 1.0000000000e+07
7.3634582061e+08 1.0000000000e+04 1.0000000000e+07
7.3676042974e+08 1.0000000000e+04 1.0000000000e+07
7.3717503887e+08 1.0000000000e+04 1.0000000000e+07
7.3758964800e+08 1.0000000000e+04 1.0000000000e+07
7.3800425714e+08 1.0000000000e+04 1.0000000000e+07
7.3841886627e+08 1.0000000000e+04 1.0000000000e+07
7.3883347540e+08 1.0000000000e+04 1.0000000000e+07
7.3924808454e+08 1.0000000000e+04 1.0000000000e+07
7.3966269367e+08 1.0000000000e+04 1.0000000000e+07
7.4007730280e+08 1.0000000000e+04 1.0000000000e+07
7.4049191194e+08 1.0000000000e+04 1.0000000000e+07
7.4090652107e+08 1.0000000000e+04 1.0000000000e+07
7.4132113020e+08 1.0000000000e+04 1.0000000000e+07
7.4173573934e+08 1.0000000000e+04 1.0000000000e+07
7.4215034847e+08 1.0000000000e+04 1.0000000000e+07
7.4256495760e+08 1.0000000000e+04 1.0000000000e+07
7.4297956674e+08 1.0000000000e+04 1.0000000000e+07
7.4339417587e+08 1.0000000000e+04 1.0000000000e+07
7.4380878500e+08 1.0000000000e+04 1.0000000000e+07
7.4422339414e+08 1.0000000000e+04 1.0000000000e+07
7.4463800327e+08 1.0000000000e+04 1.0000000000e+07
7.4505261240e+08 1.0000000000e+04 1.0000000000e+07
7.4546722154e+08 1.0000000000e+04 1.0000000000e+07
7.4588183067e+08 1.0000000000e+04 1.0000000000e+07
7.4629643980e+08 1.0000000000e+04 1.0000000000e+07
7.4671104894e+08 1.0000000000e+04 1.0000000000e+07
7.4712565807e+08 1.0000000000e+04 1.0000000000e+07
7.4754026720e+08 1.0000000000e+04 1.0000000000e+07
7.4795487634e+08 1.0000000000e+04 1.0000000000e+07
7.4836948547e+08 1.0000000000e+04 1.0000000000e+07
7.4878409460e+08 1.0000000000e+04 1.0000000000e+07
7.4919870374e+08 1.0000000000e+04 1.0000000000e+07
7.4961331287e+08 1.0000000000e+04 1.0000000000e+07
7.5002792200e+08 1.0000000000e+04 1.0000000000e+07
7.5044253113e+08 1.0000000000e+04 1.0000000000e+07
7.5085714027e+08 1.0000000000e+04 1.0000000000e+07
7.5127174940e+08 1.0000000000e+04 1.0000000000e+07
7.5168635853e+08 1.0000000000e+04 1.0000000000e+07
7.5210096767e+08 1.0000000000e+04 1.0000000000e+07
7.5251557680e+08 1.0000000000e+04 1.0000000000e+07
7.5293018593e+08 1.0000000000e+04 1.0000000000e+07
7.5334479507e+08 1.0000000000e+04 1.0000000000e+07
7.5375940420e+08 1.0000000000e+04 1.0000000000e+07
7.5417401333e+08 1.0000000000e+04 1.0000000000e+07
7.5458862247e+08 1.0000000000e+04 1.0000000000e+07
7.5500323160e+08 1.0000000000e+04 1.0000000000e+07
7.5541784073e+08 1.0000000000e+04 1.0000000000e+07
7.5583244987e+08 1.0000000000e+04 1.0000000000e+07
7.5624705900e+08 1.0000000000e+04 1.0000000000e+07
7.5666166813e+08 1.0000000000e+04 1.0000000000e+07
7.5707627727e+08 1.0000000000e+04 1.0000000000e+07
7.5749088640e+08 1.0000000000e+04 1.0000000000e+07
7.5790549553e+08 1.0000000000e+04 1.0000000000e+07
7.5832010467e+08 1.0000000000e+04 1.0000000000e+07
7.5873471380e+08 1.0000000000e+04 1.0000000000e+07
7.5914932293e+08 1.0000000000e+04 1.0000000000e+07
7.5956393207e+08 1.0000000000e+04 1.0000000000e+07
7.5997854120e+08 1.0000000000e+04 1.0000000000e+07
7.6039315033e+08 1.0000000000e+04 1.0000000000e+07
7.6080775947e+08 1.0000000000e+04 1.0000000000e+07
7.6122236860e+08 1.0000000000e+04 1.0000000000e+07
7.6163697773e+08 1.0000000000e+04 1.0000000000e+07
7.6205158687e+08 1.0000000000e+04 1.0000000000e+07
7.6246619600e+08 1.0000000000e+04 1.0000000000e+07
7.6288080513e+08 1.0000000000e+04 1.0000000000e+07
7.6329541426e+08 1.0000000000e+04 1.0000000000e+07
7.6371002340e+08 1.0000000000e+04 1.0000000000e+07
7.6412463253e+08 1.0000000000e+04 1.0000000000e+07
7.6453924166e+08 1.0000000000e+04 1.0000000000e+07
7.6495385080e+08 1.0000000000e+04 1.0000000000e+07
7.6536845993e+08 1.0000000000e+04 1.0000000000e+07
7.6578306906e+08 1.0000000000e+04 1.0000000000e+07
7.6619767820e+08 1.0000000000e+04 1.0000000000e+07
7.6661228733e+08 1.0000000000e+04 1.0000000000e+07
7.6702689646e+08 1.0000000000e+04 1.0000000000e+07
7.6744150560e+08 1.0000000000e+04 1.0000000000e+07
7.6785611473e+08 1.0000000000e+04 1.0000000000e+07
7.6827072386e+08 1.0000000000e+04 1.0000000000e+07
7.6868533300e+08 1.0000000000e+04 1.0000000000e+07
7.6909994213e+08 1.0000000000e+04 1.0000000000e+07
7.6951455126e+08 1.0000000000e+04 1.0000000000e+07
7.6992916040e+08 1.0000000000e+04 1.0000000000e+07
7.7034376953e+08 1.0000000000e+04 1.0000000000e+07
7.7075837866e+08 1.0000000000e+04 1.0000000000e+07
7.7117298780e+08 1.0000000000e+04 1.0000000000e+07
7.7158759693e+08 1.0000000000e+04 1.0000000000e+07
7.7200220606e+08 1.0000000000e+04 1.0000000000e+07
7.7241681520e+08 1.0000000000e+04 1.0000000000e+07
7.7283142433e+08 1.0000000000e+04 1.0000000000e+07
7.7324603346e+08 1.0000000000e+04 1.0000000000e+07
7.7366064260e+08 1.0000000000e+04 1.0000000000e+07
7.7407525173e+08 1.0000000000e+04 1.0000000000e+07
7.7448986086e+08 1.0000000000e+04 1.0000000000e+07
7.7490446999e+08 1.0000000000e+04 1.0000000000e+07
7.7531907913e+08 1.0000000000e+04 1.0000000000e+07
7.7573368826e+08 1.0000000000e+04 1.0000000000e+07
7.7614829739e+08 1.0000000000e+04 1.0000000000e+07
7.7656290653e+08 1.0000000000e+04 1.0000000000e+07
7.7697751566e+08 1.0000000000e+04 1.0000000000e+07
7.7739212479e+08 1.0000000000e+04 1.0000000000e+07
7.7780673393e+08 1.0000000000e+04 1.0000000000e+07
7.7822134306e+08 1.0000000000e+04 1.0000000000e+07
7.7863595219e+08 1.0000000000e+04 1.0000000000e+07
7.7905056133e+08 1.0000000000e+04 1.0000000000e+07
7.7946517046e+08 1.0000000000e+04 1.0000000000e+07
7.7987977959e+08 1.0000000000e+04 1.0000000000e+07
7.8029438873e+08 1.0000000000e+04 1.0000000000e+07
7.8070899786e+08 1.0000000000e+04 1.0000000000e+07
7.8112360699e+08 1.0000000000e+04 1.0000000000e+07
7.8153821613e+08 1.0000000000e+04 1.0000000000e+07
7.8195282526e+08 1.0000000000e+04 1.0000000000e+07
7.8236743439e+08 1.0000000000e+04 1.0000000000e+07
7.8278204353e+08 1.0000000000e+04 1.0000000000e+07
7.8319665266e+08 1.0000000000e+04 1.0000000000e+07
7.8361126179e+08 1.0000000000e+04 1.0000000000e+07
7.8402587093e+08 1.0000000000e+04 1.0000000000e+07
7.8444048006e+08 1.0000000000e+04 1.0000000000e+07
7.8485508919e+08 1.0000000000e+04 1.0000000000e+07
7.8526969833e+08 1.0000000000e+04 1.0000000000e+07
7.8568430746e+08 1.0000000000e+04 1.0000000000e+07
7.8609891659e+08 1.0000000000e+04 1.0000000000e+07
7.8651352573e+08 1.0000000000e+04 1.0000000000e+07
7.8692813486e+08 1.0000000000e+04 1.0000000000e+07
7.8734274399e+08 1.0000000000e+04 1.0000000000e+07
7.8775735312e+08 1.0000000000e+04 1.0000000000e+07
7.8817196226e+08 1.0000000000e+04 1.0000000000e+07
7.8858657139e+08 1.0000000000e+04 1.0000000000e+07
7.8900118052e+08 1.0000000000e+04 1.0000000000e+07
7.8941578966e+08 1.0000000000e+04 1.0000000000e+07
7.8983039879e+08 1.0000000000e+04 1.0000000000e+07
7.9024500792e+08 1.0000000000e+04 1.0000000000e+07
7.9065961706e+08 1.0000000000e+04 1.0000000000e+07
7.9107422619e+08 1.0000000000e+04 1.0000000000e+07
7.9148883532e+08 1.0000000000e+04 1.0000000000e+07
7.9190344446e+08 1.0000000000e+04 1.0000000000e+07
7.9231805359e+08 1.0000000000e+04 1.0000000000e+07
7.9273266272e+08 1.0000000000e+04 1.0000000000e+07
7.9314727186e+08 1.0000000000e+04 1.0000000000e+07
7.9356188099e+08 1.0000000000e+04 1.0000000000e+07
7.9397649012e+08 1.0000000000e+04 1.0000000000e+07
7.9439109926e+08 1.0000000000e+04 1.0000000000e+07
7.9480570839e+08 1.0000000000e+04 1.0000000000e+07
7.9522031752e+08 1.0000000000e+04 1.0000000000e+07
7.9563492666e+08 1.0000000000e+04 1.0000000000e+07
7.9604953579e+08 1.0000000000e+04 1.0000000000e+07
7.9646414492e+08 1.0000000000e+04 1.0000000000e+07
7.9687875406e+08 1.0000000000e+04 1.0000000000e+07
7.9729336319e+08 1.0000000000e+04 1.0000000000e+07
7.9770797232e+08 1.0000000000e+04 1.0000000000e+07
7.9812258146e+08 1.0000000000e+04 1.0000000000e+07
7.9853719059e+08 1.0000000000e+04 1.0000000000e+07
7.9895179972e+08 1.0000000000e+04 1.0000000000e+07
7.9936640886e+08 1.0000000000e+04 1.0000000000e+07
7.9978101799e+08 1.0000000000e+04 1.0000000000e+07
8.0019562712e+08 1.0000000000e+04 1.0000000000e+07
8.0061023625e+08 1.0000000000e+04 1.0000000000e+07
8.0102484539e+08 1.0000000000e+04 1.0000000000e+07
8.0143945452e+08 1.0000000000e+04 1.0000000000e+07
8.0185406365e+08 1.0000000000e+04 1.0000000000e+07
8.0226867279e+08 1.0000000000e+04 1.0000000000e+07
8.0268328192e+08 1.0000000000e+04 1.0000000000e+07
8.0309789105e+08 1.0000000000e+04 1.0000000000e+07
8.0351250019e+08 1.0000000000e+04 1.0000000000e+07
8.0392710932e+08 1.0000000000e+04 1.0000000000e+07
8.0434171845e+08 1.0000000000e+04 1.0000000000e+07
8.0475632759e+08 1.0000000000e+04 1.0000000000e+07
8.0517093672e+08 1.0000000000e+04 1.0000000000e+07
8.0558554585e+08 1.0000000000e+04 1.0000000000e+07
8.0600015499e+08 1.0000000000e+04 1.0000000000e+07
8.0641476412e+08 1.0000000000e+04 1.0000000000e+07
8.0682937325e+08 1.0000000000e+04 1.0000000000e+07
8.0724398239e+08 1.0000000000e+04 1.0000000000e+07
8.0765859152e+08 1.0000000000e+04 1.0000000000e+07
8.0807320065e+08 1.0000000000e+04 1.0000000000e+07
8.0848780979e+08 1.0000000000e+04 1.0000000000e+07
8.0890241892e+08 1.0000000000e+04 1.0000000000e+07
8.0931702805e+08 1.0000000000e+04 1.0000000000e+07
8.0973163719e+08 1.0000000000e+04 1.0000000000e+07
8.1014624632e+08 1.0000000000e+04 1.0000000000e+07
8.1056085545e+08 1.0000000000e+04 1.0000000000e+07
8.1097546459e+08 1.0000000000e+04 1.0000000000e+07
8.1139007372e+08 1.0000000000e+04 1.0000000000e+07
8.1180468285e+08 1.0000000000e+04 1.0000000000e+07
8.1221929199e+08 1.0000000000e+04 1.0000000000e+07
8.1263390112e+08 1.0000000000e+04 1.0000000000e+07
8.1304851025e+08 1.0000000000e+04 1.0000000000e+07
8.1346311938e+08 1.0000000000e+04 1.0000000000e+07
8.1387772852e+08 1.0000000000e+04 1.0000000000e+07
8.1429233765e+08 1.0000000000e+04 1.0000000000e+07
8.1470694678e+08 1.0000000000e+04 1.0000000000e+07
8.1512155592e+08 1.0000000000e+04 1.0000000000e+07
8.1553616505e+08 1.0000000000e+04 1.0000000000e+07
8.1595077418e+08 1.0000000000e+04 1.0000000000e+07
8.1636538332e+08 1.0000000000e+04 1.0000000000e+07
8.1677999245e+08 1.0000000000e+04 1.0000000000e+07
8.1719460158e+08 1.0000000000e+04 1.0000000000e+07
8.1760921072e+08 1.0000000000e+04 1.0000000000e+07
8.1802381985e+08 1.0000000000e+04 1.0000000000e+07
8.1843842898e+08 1.0000000000e+04 1.0000000000e+07
8.1885303812e+08 1.0000000000e+04 1.0000000000e+07
8.1926764725e+08 1.0000000000e+04 1.0000000000e+07
8.1968225638e+08 1.0000000000e+04 1.0000000000e+07
8.2009686552e+08 1.0000000000e+04 1.0000000000e+07
8.2051147465e+08 1.0000000000e+04 1.0000000000e+07
8.2092608378e+08 1.0000000000e+04 1.0000000000e+07
8.2134069292e+08 1.0000000000e+04 1.0000000000e+07
8.2175530205e+08 1.0000000000e+04 1.0000000000e+07
8.2216991118e+08 1.0000000000e+04 1.0000000000e+07
8.2258452032e+08 1.0000000000e+04 1.0000000000e+07
8.2299912945e+08 1.0000000000e+04 1.0000000000e+07
8.2341373858e+08 1.0000000000e+04 1.0000000000e+07
8.2382834772e+08 1.0000000000e+04 1.0000000000e+07
8.2424295685e+08 1.0000000000e+04 1.0000000000e+07
8.2465756598e+08 1.0000000000e+04 1.0000000000e+07
8.2507217512e+08 1.0000000000e+04 1.0000000000e+07
8.2548678425e+08 1.0000000000e+04 1.0000000000e+07
8.2590139338e+08 1.0000000000e+04 1.0000000000e+07
8.2631600251e+08 1.0000000000e+04 1.0000000000e+07
8.2673061165e+08 1.0000000000e+04 1.0000000000e+07
8.2714522078e+08 1.0000000000e+04 1.0000000000e+07
8.2755982991e+08 1.0000000000e+04 1.0000000000e+07
8.2797443905e+08 1.0000000000e+04 1.0000000000e+07
8.2838904818e+08 1.0000000000e+04 1.0000000000e+07
8.2880365731e+08 1.0000000000e+04 1.0000000000e+07
8.2921826645e+08 1.0000000000e+04 1.0000000000e+07
8.2963287558e+08 1.0000000000e+04 1.0000000000e+07
8.3004748471e+08 1.0000000000e+04 1.0000000000e+07
8.3046209385e+08 1.0000000000e+04 1.0000000000e+07
8.3087670298e+08 1.0000000000e+04 1.0000000000e+07
8.3129131211e+08 1.0000000000e+04 1.0000000000e+07
8.3170592125e+08 1.0000000000e+04 1.0000000000e+07
8.3212053038e+08 1.0000000000e+04 1.0000000000e+07
8.3253513951e+08 1.0000000000e+04 1.0000000000e+07
8.3294974865e+08 1.0000000000e+04 1.0000000000e+07
8.3336435778e+08 1.0000000000e+04 1.0000000000e+07
8.3377896691e+08 1.0000000000e+04 1.0000000000e+07
8.3419357605e+08 1.0000000000e+04 1.0000000000e+07
8.3460818518e+08 1.0000000000e+04 1.0000000000e+07
8.3502279431e+08 1.0000000000e+04 1.0000000000e+07
8.3543740345e+08 1.0000000000e+04 1.0000000000e+07
8.3585201258e+08 1.0000000000e+04 1.0000000000e+07
8.3626662171e+08 1.0000000000e+04 1.0000000000e+07
8.3668123085e+08 1.0000000000e+04 1.0000000000e+07
8.3709583998e+08 1.0000000000e+04 1.0000000000e+07
8.3751044911e+08 1.0000000000e+04 1.0000000000e+07
8.3792505824e+08 1.0000000000e+04 1.0000000000e+07
8.3833966738e+08 1.0000000000e+04 1.0000000000e+07
8.3875427651e+08 1.0000000000e+04 1.0000000000e+07
8.3916888564e+08 1.0000000000e+04 1.0000000000e+07
8.3958349478e+08 1.0000000000e+04 1.0000000000e+07
8.3999810391e+08 1.0000000000e+04 1.0000000000e+07
8.4041271304e+08 1.0000000000e+04 1.0000000000e+07
8.4082732218e+08 1.0000000000e+04 1.0000000000e+07
8.4124193131e+08 1.0000000000e+04 1.0000000000e+07
8.4165654044e+08 1.0000000000e+04 1.0000000000e+07
8.4207114958e+08 1.0000000000e+04 1.0000000000e+07
8.4248575871e+08 1.0000000000e+04 1.0000000000e+07
8.4290036784e+08 1.0000000000e+04 1.0000000000e+07
8.4331497698e+08 1.0000000000e+04 1.0000000000e+07
8.4372958611e+08 1.0000000000e+04 1.0000000000e+07
8.4414419524e+08 1.0000000000e+04 1.0000000000e+07
8.4455880438e+08 1.0000000000e+04 1.0000000000e+07
8.4497341351e+08 1.0000000000e+04 1.0000000000e+07
8.4538802264e+08 1.0000000000e+04 1.0000000000e+07
8.4580263178e+08 1.0000000000e+04 1.0000000000e+07
8.4621724091e+08 1.0000000000e+04 1.0000000000e+07
8.4663185004e+08 1.0000000000e+04 1.0000000000e+07
8.4704645918e+08 1.0000000000e+04 1.0000000000e+07
8.4746106831e+08 1.0000000000e+04 1.0000000000e+07
8.4787567744e+08 1.0000000000e+04 1.0000000000e+07
8.4829028658e+08 1.0000000000e+04 1.0000000000e+07
8.4870489571e+08 1.0000000000e+04 1.0000000000e+07
