step,t,dt,max_subcycles,walltime_s
0.00000000e+00,0.00000000e+00,0.00000000e+00,0.00000000e+00,0.00000000e+00
1.00000000e+01,7.72054717e-04,1.14225773e-04,1.00000000e+00,9.21710252e+00
2.00000000e+01,2.77456582e-03,2.96272236e-04,1.00000000e+00,9.24739529e+00
3.00000000e+01,7.96856389e-03,7.68453879e-04,1.00000000e+00,9.23509224e+00
4.00000000e+01,2.14404572e-02,1.99317145e-03,1.00000000e+00,9.26626057e+00
5.00000000e+01,5.60870055e-02,4.87369997e-03,1.00000000e+00,9.26435143e+00
6.00000000e+01,1.04854971e-01,4.87848394e-03,1.00000000e+00,9.26752511e+00
7.00000000e+01,1.53620393e-01,4.87078838e-03,1.00000000e+00,9.28419946e+00
8.00000000e+01,2.02182514e-01,4.84405208e-03,1.00000000e+00,9.26625795e+00
9.00000000e+01,2.50463976e-01,4.81433304e-03,1.00000000e+00,2.07569721e+01
1.00000000e+02,2.98425424e-01,4.78151125e-03,1.00000000e+00,9.27967377e+00
1.10000000e+02,3.46027360e-01,4.74222953e-03,1.00000000e+00,9.27293469e+00
1.20000000e+02,3.93224577e-01,4.70323077e-03,1.00000000e+00,9.24058913e+00
1.30000000e+02,4.39535753e-01,4.56515029e-03,1.00000000e+00,9.25640791e+00
1.40000000e+02,4.84695113e-01,4.48658189e-03,1.00000000e+00,9.26033613e+00
1.50000000e+02,5.29267868e-01,4.42778900e-03,1.00000000e+00,9.24583655e+00
1.60000000e+02,5.73321847e-01,4.39661260e-03,1.00000000e+00,9.23722268e+00
1.70000000e+02,6.17357211e-01,4.41355901e-03,1.00000000e+00,9.24452694e+00
1.80000000e+02,6.61689078e-01,4.45003771e-03,1.00000000e+00,9.24860014e+00
1.90000000e+02,7.06522396e-01,4.51303857e-03,1.00000000e+00,9.24537354e+00
2.00000000e+02,7.52046028e-01,4.58537635e-03,1.00000000e+00,9.26170924e+00
2.10000000e+02,7.98286667e-01,4.65304376e-03,1.00000000e+00,9.23923861e+00
2.20000000e+02,8.45204352e-01,4.72361003e-03,1.00000000e+00,9.25172156e+00
2.30000000e+02,8.92844757e-01,4.79820601e-03,1.00000000e+00,9.24671528e+00
2.40000000e+02,9.41180020e-01,4.86034090e-03,1.00000000e+00,9.24470565e+00
2.50000000e+02,9.90061540e-01,4.91179051e-03,1.00000000e+00,9.25391657e+00
2.60000000e+02,1.03942443e+00,4.95391723e-03,1.00000000e+00,9.23661320e+00
2.70000000e+02,1.08918608e+00,4.99358461e-03,1.00000000e+00,9.24198885e+00
2.80000000e+02,1.13933117e+00,5.03209189e-03,1.00000000e+00,9.26123721e+00
2.90000000e+02,1.18985627e+00,5.06987337e-03,1.00000000e+00,9.25043971e+00
3.00000000e+02,1.24073409e+00,5.10109641e-03,1.00000000e+00,9.24465283e+00
3.10000000e+02,1.29190161e+00,5.12541532e-03,1.00000000e+00,9.23645604e+00
3.20000000e+02,1.34321200e+00,5.13521207e-03,1.00000000e+00,9.19907724e+00
3.30000000e+02,1.39460159e+00,5.14169575e-03,1.00000000e+00,9.24972127e+00
3.40000000e+02,1.44604959e+00,5.14718785e-03,1.00000000e+00,9.24909157e+00
3.50000000e+02,1.49752900e+00,5.14327294e-03,1.00000000e+00,9.23761248e+00
3.60000000e+02,1.54879105e+00,5.11192485e-03,1.00000000e+00,9.25817767e+00
3.70000000e+02,1.59971878e+00,5.07679770e-03,1.00000000e+00,9.26872073e+00
3.80000000e+02,1.65029045e+00,5.04095359e-03,1.00000000e+00,9.25400249e+00
3.90000000e+02,1.70050189e+00,5.00481606e-03,1.00000000e+00,9.24199599e+00
4.00000000e+02,1.75034455e+00,4.95952929e-03,1.00000000e+00,9.25898340e+00
4.10000000e+02,1.79908423e+00,4.80989082e-03,1.00000000e+00,9.24988151e+00
4.20000000e+02,1.84662911e+00,4.71850404e-03,1.00000000e+00,9.26842817e+00
4.30000000e+02,1.89343699e+00,4.64397141e-03,1.00000000e+00,9.24357525e+00
4.40000000e+02,1.93955939e+00,4.59273447e-03,1.00000000e+00,9.24749746e+00
4.50000000e+02,1.98538109e+00,4.57796057e-03,1.00000000e+00,9.24158047e+00
4.60000000e+02,2.03116919e+00,4.58092280e-03,1.00000000e+00,9.25389330e+00
4.70000000e+02,2.07691382e+00,4.56039258e-03,1.00000000e+00,9.25544942e+00
4.80000000e+02,2.12240708e+00,4.54424382e-03,1.00000000e+00,9.23756551e+00
4.90000000e+02,2.16786892e+00,4.54924005e-03,1.00000000e+00,9.26368652e+00
5.00000000e+02,2.21329480e+00,4.53960675e-03,1.00000000e+00,9.26077643e+00
5.10000000e+02,2.25871169e+00,4.54535787e-03,1.00000000e+00,9.26147156e+00
5.20000000e+02,2.30424093e+00,4.55854980e-03,1.00000000e+00,9.25655763e+00
5.30000000e+02,2.34987699e+00,4.56890285e-03,1.00000000e+00,9.24620725e+00
5.40000000e+02,2.39557976e+00,4.56609779e-03,1.00000000e+00,9.25515523e+00
5.50000000e+02,2.44120228e+00,4.56015483e-03,1.00000000e+00,9.26911439e+00
5.60000000e+02,2.48679972e+00,4.55920394e-03,1.00000000e+00,9.26526724e+00
5.70000000e+02,2.53238470e+00,4.55900456e-03,1.00000000e+00,9.22047107e+00
5.80000000e+02,2.57801031e+00,4.56630660e-03,1.00000000e+00,9.21190902e+00
5.90000000e+02,2.62374167e+00,4.57975275e-03,1.00000000e+00,9.25211211e+00
6.00000000e+02,2.66964434e+00,4.60002808e-03,1.00000000e+00,9.25595472e+00
6.10000000e+02,2.71578045e+00,4.62519338e-03,1.00000000e+00,9.26148686e+00
6.20000000e+02,2.76218362e+00,4.65309635e-03,1.00000000e+00,9.24337532e+00
6.30000000e+02,2.80887851e+00,4.68314712e-03,1.00000000e+00,9.24988158e+00
6.40000000e+02,2.85588229e+00,4.71468771e-03,1.00000000e+00,9.26951648e+00
6.50000000e+02,2.90321175e+00,4.74823756e-03,1.00000000e+00,9.26044087e+00
6.60000000e+02,2.95089105e+00,4.78449690e-03,1.00000000e+00,9.23928208e+00
6.70000000e+02,2.99893838e+00,4.81751610e-03,1.00000000e+00,9.23617572e+00
6.80000000e+02,3.04720585e+00,4.83420411e-03,1.00000000e+00,9.26264471e+00
6.90000000e+02,3.09563568e+00,4.85000282e-03,1.00000000e+00,9.25655296e+00
7.00000000e+02,3.14421730e+00,4.86445350e-03,1.00000000e+00,9.25974111e+00
7.10000000e+02,3.19291183e+00,4.87162337e-03,1.00000000e+00,9.25368939e+00
7.20000000e+02,3.24163671e+00,4.87268909e-03,1.00000000e+00,9.26212844e+00
7.30000000e+02,3.29035888e+00,4.87154258e-03,1.00000000e+00,9.26062796e+00
7.40000000e+02,3.33894294e+00,4.84923300e-03,1.00000000e+00,9.23661521e+00
7.50000000e+02,3.38735674e+00,4.83436530e-03,1.00000000e+00,9.23201437e+00
7.60000000e+02,3.43556075e+00,4.81009823e-03,1.00000000e+00,9.20494492e+00
7.70000000e+02,3.48355646e+00,4.79152936e-03,1.00000000e+00,9.25745124e+00
7.80000000e+02,3.53131324e+00,4.76186031e-03,1.00000000e+00,9.27149577e+00
7.90000000e+02,3.57876923e+00,4.73253996e-03,1.00000000e+00,9.25959509e+00
8.00000000e+02,3.62594111e+00,4.70492018e-03,1.00000000e+00,9.25997099e+00
8.10000000e+02,3.67284625e+00,4.67907224e-03,1.00000000e+00,9.25688198e+00
8.20000000e+02,3.71950886e+00,4.65632368e-03,1.00000000e+00,9.26083310e+00
8.30000000e+02,3.76595245e+00,4.63266317e-03,1.00000000e+00,9.26852176e+00
8.40000000e+02,3.81212259e+00,4.60460342e-03,1.00000000e+00,9.23213243e+00
8.50000000e+02,3.85802412e+00,4.57867446e-03,1.00000000e+00,9.25516983e+00
8.60000000e+02,3.90368389e+00,4.55617659e-03,1.00000000e+00,9.24603248e+00
8.70000000e+02,3.94913556e+00,4.53658605e-03,1.00000000e+00,9.27505184e+00
8.80000000e+02,3.99439705e+00,4.51675862e-03,1.00000000e+00,9.26467004e+00
8.90000000e+02,4.03945857e+00,4.49817305e-03,1.00000000e+00,9.25793144e+00
9.00000000e+02,4.08435932e+00,4.48398296e-03,1.00000000e+00,9.25025179e+00
9.10000000e+02,4.12914218e+00,4.47429922e-03,1.00000000e+00,9.26791272e+00
9.20000000e+02,4.17385910e+00,4.47056011e-03,1.00000000e+00,9.27300297e+00
9.30000000e+02,4.21856845e+00,4.47210076e-03,1.00000000e+00,9.27092628e+00
9.40000000e+02,4.26331554e+00,4.47697643e-03,1.00000000e+00,9.25545015e+00
9.50000000e+02,4.30812256e+00,4.48399705e-03,1.00000000e+00,9.21880985e+00
9.60000000e+02,4.35298626e+00,4.48697086e-03,1.00000000e+00,9.18917532e+00
9.70000000e+02,4.39788700e+00,4.49376137e-03,1.00000000e+00,9.21094717e+00
9.80000000e+02,4.44289057e+00,4.50654853e-03,1.00000000e+00,9.25079226e+00
9.90000000e+02,4.48805379e+00,4.52370707e-03,1.00000000e+00,9.25334219e+00
1.00000000e+03,4.53337159e+00,4.53888187e-03,1.00000000e+00,9.25902778e+00
1.01000000e+03,4.57885352e+00,4.55596331e-03,1.00000000e+00,9.24510277e+00
1.02000000e+03,4.62451305e+00,4.57434226e-03,1.00000000e+00,9.22786995e+00
1.03000000e+03,4.67036136e+00,4.59344153e-03,1.00000000e+00,9.23641313e+00
1.04000000e+03,4.71639923e+00,4.61201091e-03,1.00000000e+00,9.26089680e+00
1.05000000e+03,4.76261520e+00,4.62927469e-03,1.00000000e+00,9.25043522e+00
1.06000000e+03,4.80899968e+00,4.64575205e-03,1.00000000e+00,9.23259902e+00
1.07000000e+03,4.85553912e+00,4.66044942e-03,1.00000000e+00,9.22467452e+00
1.08000000e+03,4.90222227e+00,4.67481051e-03,1.00000000e+00,9.23893833e+00
1.09000000e+03,4.94904496e+00,4.68801867e-03,1.00000000e+00,9.23846706e+00
1.10000000e+03,4.99598942e+00,4.69952242e-03,1.00000000e+00,9.23463070e+00
1.11000000e+03,5.04303742e+00,4.70869471e-03,1.00000000e+00,9.24845434e+00
1.12000000e+03,5.09016370e+00,4.71543357e-03,1.00000000e+00,9.26228044e+00
1.13000000e+03,5.13731833e+00,4.71097160e-03,1.00000000e+00,9.23361439e+00
1.14000000e+03,5.18434366e+00,4.69578622e-03,1.00000000e+00,9.18954243e+00
1.15000000e+03,5.23119661e+00,4.67572104e-03,1.00000000e+00,9.19837419e+00
1.16000000e+03,5.27783049e+00,4.65320827e-03,1.00000000e+00,9.22177587e+00
1.17000000e+03,5.32423981e+00,4.63096186e-03,1.00000000e+00,9.22009882e+00
1.18000000e+03,5.37041025e+00,4.60425831e-03,1.00000000e+00,9.23957504e+00
1.19000000e+03,5.41629246e+00,4.57525215e-03,1.00000000e+00,9.22790885e+00
1.20000000e+03,5.46188590e+00,4.54625990e-03,1.00000000e+00,9.23767444e+00
1.21000000e+03,5.50719266e+00,4.51822281e-03,1.00000000e+00,9.23514879e+00
1.22000000e+03,5.55222724e+00,4.49162948e-03,1.00000000e+00,9.23811543e+00
1.23000000e+03,5.59700607e+00,4.46698382e-03,1.00000000e+00,9.23228286e+00
1.24000000e+03,5.64155174e+00,4.44478207e-03,1.00000000e+00,9.22565168e+00
1.25000000e+03,5.68589140e+00,4.42556469e-03,1.00000000e+00,9.24605828e+00
1.26000000e+03,5.73005927e+00,4.41012851e-03,1.00000000e+00,9.24025683e+00
1.27000000e+03,5.77409085e+00,4.39797441e-03,1.00000000e+00,9.24243308e+00
1.28000000e+03,5.81801770e+00,4.38870047e-03,1.00000000e+00,9.22628517e+00
1.29000000e+03,5.86186521e+00,4.38202932e-03,1.00000000e+00,9.20755605e+00
1.30000000e+03,5.90566532e+00,4.37867184e-03,1.00000000e+00,9.24492486e+00
1.31000000e+03,5.94944121e+00,4.37703659e-03,1.00000000e+00,9.23661825e+00
1.32000000e+03,5.99321544e+00,4.37820403e-03,1.00000000e+00,9.24534743e+00
1.33000000e+03,6.03701368e+00,4.38158949e-03,1.00000000e+00,9.23344761e+00
1.34000000e+03,6.08086457e+00,4.38836010e-03,1.00000000e+00,9.18693203e+00
1.35000000e+03,6.12480011e+00,4.39857933e-03,1.00000000e+00,9.18758521e+00
1.36000000e+03,6.16886646e+00,4.41371261e-03,1.00000000e+00,9.16999121e+00
1.37000000e+03,6.21309832e+00,4.43117366e-03,1.00000000e+00,9.23995489e+00
1.38000000e+03,6.25751163e+00,4.44960210e-03,1.00000000e+00,9.24662600e+00
1.39000000e+03,6.30209100e+00,4.46217622e-03,1.00000000e+00,9.25851641e+00
1.40000000e+03,6.34675761e+00,4.47073375e-03,1.00000000e+00,9.23459126e+00
1.41000000e+03,6.39152408e+00,4.48189135e-03,1.00000000e+00,9.23700303e+00
1.42000000e+03,6.43641573e+00,4.49544132e-03,1.00000000e+00,9.23187668e+00
1.43000000e+03,6.48145337e+00,4.51076623e-03,1.00000000e+00,9.22481490e+00
1.44000000e+03,6.52665108e+00,4.52718041e-03,1.00000000e+00,9.25075653e+00
1.45000000e+03,6.57201321e+00,4.54352343e-03,1.00000000e+00,9.24122651e+00
1.46000000e+03,6.61753396e+00,4.55892163e-03,1.00000000e+00,9.23416329e+00
1.47000000e+03,6.66320337e+00,4.57322769e-03,1.00000000e+00,9.23177953e+00
1.48000000e+03,6.70900362e+00,4.58523602e-03,1.00000000e+00,9.23661066e+00
1.49000000e+03,6.75491214e+00,4.59518964e-03,1.00000000e+00,9.27898194e+00
1.50000000e+03,6.80091030e+00,4.60323586e-03,1.00000000e+00,9.25417074e+00
1.51000000e+03,6.84697667e+00,4.60923169e-03,1.00000000e+00,9.22891343e+00
1.52000000e+03,6.89309584e+00,4.61381208e-03,1.00000000e+00,9.25272872e+00
1.53000000e+03,6.93924894e+00,4.61633295e-03,1.00000000e+00,9.23983360e+00
1.54000000e+03,6.98540205e+00,4.61350159e-03,1.00000000e+00,9.21837582e+00
1.55000000e+03,7.03150771e+00,4.60779047e-03,1.00000000e+00,9.22351132e+00
1.56000000e+03,7.07754352e+00,4.59993927e-03,1.00000000e+00,9.19343660e+00
1.57000000e+03,7.12349679e+00,4.59147745e-03,1.00000000e+00,9.24342661e+00
1.58000000e+03,7.16936190e+00,4.58183429e-03,1.00000000e+00,9.24225966e+00
1.59000000e+03,7.21510372e+00,4.56810607e-03,1.00000000e+00,9.21916965e+00
1.60000000e+03,7.26071309e+00,4.55509636e-03,1.00000000e+00,9.24757284e+00
1.61000000e+03,7.30619134e+00,4.54183572e-03,1.00000000e+00,9.22762220e+00
1.62000000e+03,7.35153457e+00,4.52813370e-03,1.00000000e+00,9.24730408e+00
1.63000000e+03,7.39673316e+00,4.51209685e-03,1.00000000e+00,9.24566998e+00
1.64000000e+03,7.44176366e+00,4.49632967e-03,1.00000000e+00,9.25040057e+00
1.65000000e+03,7.48663195e+00,4.47842421e-03,1.00000000e+00,9.21508546e+00
1.66000000e+03,7.53132670e+00,4.46266101e-03,1.00000000e+00,9.24695076e+00
1.67000000e+03,7.57587998e+00,4.44967623e-03,1.00000000e+00,9.24961481e+00
1.68000000e+03,7.62031608e+00,4.43893885e-03,1.00000000e+00,9.22677808e+00
1.69000000e+03,7.66465827e+00,4.43084190e-03,1.00000000e+00,9.23346233e+00
1.70000000e+03,7.70893229e+00,4.42307247e-03,1.00000000e+00,9.23597397e+00
1.71000000e+03,7.75305144e+00,4.40383703e-03,1.00000000e+00,9.22534555e+00
1.72000000e+03,7.79701135e+00,4.39035391e-03,1.00000000e+00,9.20289619e+00
1.73000000e+03,7.84086470e+00,4.38209159e-03,1.00000000e+00,9.17832388e+00
1.74000000e+03,7.88466498e+00,4.37887310e-03,1.00000000e+00,9.16492282e+00
1.75000000e+03,7.92844455e+00,4.37577201e-03,1.00000000e+00,9.18238852e+00
1.76000000e+03,7.97218227e+00,4.37307257e-03,1.00000000e+00,9.21443112e+00
1.77000000e+03,8.01587043e+00,4.36630954e-03,1.00000000e+00,9.21527890e+00
1.78000000e+03,8.05952918e+00,4.36652437e-03,1.00000000e+00,9.20149263e+00
1.79000000e+03,8.10322185e+00,4.37234878e-03,1.00000000e+00,9.19464394e+00
1.80000000e+03,8.14700097e+00,4.38322116e-03,1.00000000e+00,9.20516139e+00
1.81000000e+03,8.19091362e+00,4.39838781e-03,1.00000000e+00,9.22044259e+00
1.82000000e+03,8.23499578e+00,4.41664872e-03,1.00000000e+00,9.20445774e+00
1.83000000e+03,8.27927421e+00,4.43734994e-03,1.00000000e+00,9.20886325e+00
1.84000000e+03,8.32377237e+00,4.46032936e-03,1.00000000e+00,9.21150730e+00
1.85000000e+03,8.36850661e+00,4.48420884e-03,1.00000000e+00,9.21817788e+00
1.86000000e+03,8.41348627e+00,4.50940048e-03,1.00000000e+00,9.22564005e+00
1.87000000e+03,8.45872055e+00,4.53481058e-03,1.00000000e+00,9.22211768e+00
1.88000000e+03,8.50420454e+00,4.55923492e-03,1.00000000e+00,9.20700339e+00
1.89000000e+03,8.54992173e+00,4.58159051e-03,1.00000000e+00,9.19158227e+00
1.90000000e+03,8.59584663e+00,4.60061871e-03,1.00000000e+00,9.20832462e+00
1.91000000e+03,8.64193441e+00,4.61453422e-03,1.00000000e+00,9.20246079e+00
1.92000000e+03,8.68810005e+00,4.61821731e-03,1.00000000e+00,9.21682675e+00
1.93000000e+03,8.73430282e+00,4.62202301e-03,1.00000000e+00,9.16621970e+00
1.94000000e+03,8.78054508e+00,4.62581242e-03,1.00000000e+00,9.16457450e+00
1.95000000e+03,8.82680495e+00,4.62484093e-03,1.00000000e+00,9.16257037e+00
1.96000000e+03,8.87303102e+00,4.62056279e-03,1.00000000e+00,9.18953810e+00
1.97000000e+03,8.91920652e+00,4.61483269e-03,1.00000000e+00,9.19975326e+00
1.98000000e+03,8.96531476e+00,4.60718646e-03,1.00000000e+00,9.19534857e+00
1.99000000e+03,9.01133539e+00,4.59762137e-03,1.00000000e+00,9.21993286e+00
2.00000000e+03,9.05725139e+00,4.58646787e-03,1.00000000e+00,9.20196529e+00
2.01000000e+03,9.10299326e+00,4.56336266e-03,1.00000000e+00,9.20631686e+00
2.02000000e+03,9.14849191e+00,4.53876495e-03,1.00000000e+00,9.20861063e+00
2.03000000e+03,9.19374301e+00,4.51391641e-03,1.00000000e+00,9.21249809e+00
2.04000000e+03,9.23875103e+00,4.49039570e-03,1.00000000e+00,9.21452929e+00
2.05000000e+03,9.28353703e+00,4.46935582e-03,1.00000000e+00,9.21376042e+00
2.06000000e+03,9.32812818e+00,4.45112102e-03,1.00000000e+00,9.20053751e+00
2.07000000e+03,9.37254945e+00,4.43509279e-03,1.00000000e+00,9.21062640e+00
2.08000000e+03,9.41682328e+00,4.42153696e-03,1.00000000e+00,9.22625454e+00
2.09000000e+03,9.46097837e+00,4.41090279e-03,1.00000000e+00,9.21724922e+00
2.10000000e+03,9.50504021e+00,4.40296284e-03,1.00000000e+00,9.21163894e+00
2.11000000e+03,9.54904495e+00,4.39895689e-03,1.00000000e+00,9.19891385e+00
2.12000000e+03,9.59303060e+00,4.39890529e-03,1.00000000e+00,9.20351424e+00
2.13000000e+03,9.63703949e+00,4.40301562e-03,1.00000000e+00,9.17713701e+00
2.14000000e+03,9.68110634e+00,4.41029475e-03,1.00000000e+00,9.16666218e+00
2.15000000e+03,9.72526694e+00,4.42130415e-03,1.00000000e+00,9.16724068e+00
2.16000000e+03,9.76955575e+00,4.43557546e-03,1.00000000e+00,9.20312427e+00
2.17000000e+03,9.81400395e+00,4.45268159e-03,1.00000000e+00,9.21439849e+00
2.18000000e+03,9.85862612e+00,4.46774572e-03,1.00000000e+00,9.22495256e+00
2.19000000e+03,9.90333510e+00,4.47351841e-03,1.00000000e+00,9.20055289e+00
2.20000000e+03,9.94811065e+00,4.48127901e-03,1.00000000e+00,9.19249710e+00
2.21000000e+03,9.99297643e+00,4.49111891e-03,1.00000000e+00,9.21582111e+00
2.22000000e+03,1.00379487e+01,4.50240797e-03,1.00000000e+00,9.20883643e+00
2.23000000e+03,1.00830418e+01,4.51524026e-03,1.00000000e+00,9.20559034e+00
2.24000000e+03,1.01282693e+01,4.52893078e-03,1.00000000e+00,9.19143787e+00
2.25000000e+03,1.01736330e+01,4.54238250e-03,1.00000000e+00,9.20120194e+00
2.26000000e+03,1.02191184e+01,4.55132887e-03,1.00000000e+00,9.21064777e+00
2.27000000e+03,1.02646535e+01,4.55561719e-03,1.00000000e+00,9.21958091e+00
2.28000000e+03,1.03102430e+01,4.56199044e-03,1.00000000e+00,9.19752107e+00
2.29000000e+03,1.03559023e+01,4.56831866e-03,1.00000000e+00,9.19712245e+00
2.30000000e+03,1.04015954e+01,4.57015472e-03,1.00000000e+00,9.19765113e+00
2.31000000e+03,1.04473098e+01,4.57263119e-03,1.00000000e+00,9.20976476e+00
2.32000000e+03,1.04930454e+01,4.57415492e-03,1.00000000e+00,9.23702169e+00
2.33000000e+03,1.05387935e+01,4.57532742e-03,1.00000000e+00,9.16594464e+00
2.34000000e+03,1.05845513e+01,4.57603762e-03,1.00000000e+00,9.16084178e+00
2.35000000e+03,1.06303095e+01,4.57535920e-03,1.00000000e+00,9.15953930e+00
2.36000000e+03,1.06760483e+01,4.57231360e-03,1.00000000e+00,9.21091875e+00
2.37000000e+03,1.07217441e+01,4.56696580e-03,1.00000000e+00,9.19659008e+00
2.38000000e+03,1.07673741e+01,4.55937678e-03,1.00000000e+00,9.20910711e+00
2.39000000e+03,1.08129109e+01,4.54844020e-03,1.00000000e+00,9.20730366e+00
2.40000000e+03,1.08582997e+01,4.52819730e-03,1.00000000e+00,9.21518671e+00
2.41000000e+03,1.09034312e+01,4.50057621e-03,1.00000000e+00,9.21306597e+00
2.42000000e+03,1.09482797e+01,4.47204638e-03,1.00000000e+00,9.19724624e+00
2.43000000e+03,1.09928483e+01,4.44455113e-03,1.00000000e+00,9.19033787e+00
2.44000000e+03,1.10371468e+01,4.41803070e-03,1.00000000e+00,9.22024276e+00
2.45000000e+03,1.10811905e+01,4.39361759e-03,1.00000000e+00,9.20756183e+00
2.46000000e+03,1.11250068e+01,4.37225241e-03,1.00000000e+00,9.21612483e+00
2.47000000e+03,1.11686250e+01,4.35379694e-03,1.00000000e+00,9.19987772e+00
2.48000000e+03,1.12120815e+01,4.33960809e-03,1.00000000e+00,9.19608874e+00
2.49000000e+03,1.12554172e+01,4.32916692e-03,1.00000000e+00,9.20574678e+00
2.50000000e+03,1.12986714e+01,4.32308210e-03,1.00000000e+00,9.20513035e+00
2.51000000e+03,1.13418835e+01,4.31828009e-03,1.00000000e+00,9.19820176e+00
2.52000000e+03,1.13850026e+01,4.30723690e-03,1.00000000e+00,9.16232581e+00
2.53000000e+03,1.14280315e+01,4.29988394e-03,1.00000000e+00,9.16911807e+00
2.54000000e+03,1.14710066e+01,4.29612772e-03,1.00000000e+00,9.16000589e+00
2.55000000e+03,1.15139627e+01,4.29552255e-03,1.00000000e+00,9.19943270e+00
2.56000000e+03,1.15569314e+01,4.29862110e-03,1.00000000e+00,9.20091307e+00
2.57000000e+03,1.15999481e+01,4.30436210e-03,1.00000000e+00,9.20291090e+00
2.58000000e+03,1.16430307e+01,4.31182535e-03,1.00000000e+00,9.20251463e+00
2.59000000e+03,1.16862021e+01,4.32191417e-03,1.00000000e+00,9.19610872e+00
2.60000000e+03,1.17294736e+01,4.33097282e-03,1.00000000e+00,9.19895517e+00
2.61000000e+03,1.17728386e+01,4.34135098e-03,1.00000000e+00,9.19043855e+00
2.62000000e+03,1.18163185e+01,4.35363198e-03,1.00000000e+00,9.20664093e+00
2.63000000e+03,1.18599305e+01,4.36765985e-03,1.00000000e+00,9.20184544e+00
2.64000000e+03,1.19036915e+01,4.38316675e-03,1.00000000e+00,9.20412816e+00
2.65000000e+03,1.19476106e+01,4.39907459e-03,1.00000000e+00,9.19132371e+00
2.66000000e+03,1.19916898e+01,4.41525503e-03,1.00000000e+00,9.21505250e+00
2.67000000e+03,1.20359328e+01,4.43166326e-03,1.00000000e+00,9.19674385e+00
2.68000000e+03,1.20803369e+01,4.44747225e-03,1.00000000e+00,9.19521881e+00
2.69000000e+03,1.21248942e+01,4.46227050e-03,1.00000000e+00,9.20706123e+00
2.70000000e+03,1.21695871e+01,4.47460633e-03,1.00000000e+00,1.12500260e+01
2.71000000e+03,1.22143934e+01,4.48529531e-03,1.00000000e+00,1.12076747e+01
2.72000000e+03,1.22592973e+01,4.49433590e-03,1.00000000e+00,1.12210451e+01
2.73000000e+03,1.23042843e+01,4.50198072e-03,1.00000000e+00,1.11588327e+01
2.74000000e+03,1.23493360e+01,4.50744107e-03,1.00000000e+00,1.11663694e+01
2.75000000e+03,1.23944317e+01,4.51103819e-03,1.00000000e+00,1.11294619e+01
2.76000000e+03,1.24395553e+01,4.51326381e-03,1.00000000e+00,1.12304077e+01
2.77000000e+03,1.24846969e+01,4.51479068e-03,1.00000000e+00,1.12642766e+01
2.78000000e+03,1.25298479e+01,4.51518186e-03,1.00000000e+00,1.11507867e+01
2.79000000e+03,1.25750002e+01,4.51526478e-03,1.00000000e+00,1.12087029e+01
2.80000000e+03,1.26201502e+01,4.51468804e-03,1.00000000e+00,1.63857627e+01
2.81000000e+03,1.26652907e+01,4.51345073e-03,1.00000000e+00,1.13156193e+01
2.82000000e+03,1.27104153e+01,4.51169953e-03,1.00000000e+00,1.12595700e+01
2.83000000e+03,1.27555242e+01,4.51027058e-03,1.00000000e+00,1.11512803e+01
2.84000000e+03,1.28005338e+01,4.48848629e-03,1.00000000e+00,1.11688095e+01
2.85000000e+03,1.28452618e+01,4.46027596e-03,1.00000000e+00,1.11299413e+01
2.86000000e+03,1.28897184e+01,4.43387688e-03,1.00000000e+00,1.12154216e+01
2.87000000e+03,1.29339189e+01,4.40899993e-03,1.00000000e+00,1.12575741e+01
2.88000000e+03,1.29778841e+01,4.38690766e-03,1.00000000e+00,1.11724182e+01
2.89000000e+03,1.30216504e+01,4.36859143e-03,1.00000000e+00,1.11598309e+01
2.90000000e+03,1.30652374e+01,4.35018979e-03,1.00000000e+00,1.12081771e+01
2.91000000e+03,1.31086507e+01,4.33472477e-03,1.00000000e+00,2.13659358e+01
2.92000000e+03,1.31519375e+01,4.32477430e-03,1.00000000e+00,1.12659314e+01
2.93000000e+03,1.31951616e+01,4.32146049e-03,1.00000000e+00,1.11796568e+01
2.94000000e+03,1.32383858e+01,4.32417261e-03,1.00000000e+00,1.11627771e+01
2.95000000e+03,1.32816697e+01,4.33259074e-03,1.00000000e+00,1.11648954e+01
2.96000000e+03,1.33250657e+01,4.34616372e-03,1.00000000e+00,1.12831988e+01
2.97000000e+03,1.33686256e+01,4.36456348e-03,1.00000000e+00,1.11003852e+01
2.98000000e+03,1.34123395e+01,4.37514557e-03,1.00000000e+00,1.11266649e+01
2.99000000e+03,1.34561362e+01,4.38347708e-03,1.00000000e+00,1.11197485e+01
3.00000000e+03,1.35000198e+01,4.39236076e-03,1.00000000e+00,1.11906081e+01
3.01000000e+03,1.35439945e+01,4.40178743e-03,1.00000000e+00,1.12162625e+01
3.02000000e+03,1.35880715e+01,4.41299739e-03,1.00000000e+00,1.12275059e+01
3.03000000e+03,1.36322748e+01,4.42666253e-03,1.00000000e+00,1.12605793e+01
3.04000000e+03,1.36766219e+01,4.44140654e-03,1.00000000e+00,1.12799777e+01
3.05000000e+03,1.37211251e+01,4.45795595e-03,1.00000000e+00,1.12203496e+01
3.06000000e+03,1.37658002e+01,4.47538897e-03,1.00000000e+00,1.12309386e+01
3.07000000e+03,1.38106534e+01,4.49356911e-03,1.00000000e+00,1.12142293e+01
3.08000000e+03,1.38556890e+01,4.51170071e-03,1.00000000e+00,1.11024590e+01
3.09000000e+03,1.39009040e+01,4.52934705e-03,1.00000000e+00,1.11542604e+01
3.10000000e+03,1.39462888e+01,4.54573454e-03,1.00000000e+00,1.12321793e+01
3.11000000e+03,1.39918289e+01,4.56036430e-03,1.00000000e+00,1.12577774e+01
3.12000000e+03,1.40375011e+01,4.57271012e-03,1.00000000e+00,1.13516723e+01
3.13000000e+03,1.40832847e+01,4.58230107e-03,1.00000000e+00,1.11864165e+01
3.14000000e+03,1.41291401e+01,4.58763897e-03,1.00000000e+00,1.11595083e+01
3.15000000e+03,1.41750258e+01,4.58866347e-03,1.00000000e+00,1.11474661e+01
3.16000000e+03,1.42209030e+01,4.58652705e-03,1.00000000e+00,1.12500301e+01
3.17000000e+03,1.42667393e+01,4.58062453e-03,1.00000000e+00,1.12769050e+01
3.18000000e+03,1.43124925e+01,4.57040233e-03,1.00000000e+00,1.11936107e+01
3.19000000e+03,1.43581208e+01,4.55605985e-03,1.00000000e+00,1.11496777e+01
3.20000000e+03,1.44035894e+01,4.53916583e-03,1.00000000e+00,1.12922335e+01
3.21000000e+03,1.44488797e+01,4.52048079e-03,1.00000000e+00,1.12392421e+01
3.22000000e+03,1.44939752e+01,4.50039098e-03,1.00000000e+00,1.12133230e+01
3.23000000e+03,1.45388707e+01,4.48102082e-03,1.00000000e+00,1.12487696e+01
3.24000000e+03,1.45835919e+01,4.46532119e-03,1.00000000e+00,1.12022766e+01
3.25000000e+03,1.46281323e+01,4.44308361e-03,1.00000000e+00,1.11966259e+01
3.26000000e+03,1.46724362e+01,4.42042687e-03,1.00000000e+00,1.12648721e+01
3.27000000e+03,1.47165343e+01,4.40188118e-03,1.00000000e+00,1.12443204e+01
3.28000000e+03,1.47604745e+01,4.38818725e-03,1.00000000e+00,1.12341604e+01
3.29000000e+03,1.48042800e+01,4.37515413e-03,1.00000000e+00,1.11762135e+01
3.30000000e+03,1.48479880e+01,4.36819514e-03,1.00000000e+00,1.12206601e+01
3.31000000e+03,1.48916350e+01,4.36133928e-03,1.00000000e+00,1.11914022e+01
3.32000000e+03,1.49352246e+01,4.35797442e-03,1.00000000e+00,1.11383100e+01
3.33000000e+03,1.49788091e+01,4.35921446e-03,1.00000000e+00,1.11677360e+01
3.34000000e+03,1.50224240e+01,4.36397891e-03,1.00000000e+00,2.10837632e+01
3.35000000e+03,1.50661074e+01,4.37250231e-03,1.00000000e+00,1.12351619e+01
3.36000000e+03,1.51098959e+01,4.38438162e-03,1.00000000e+00,1.13231205e+01
3.37000000e+03,1.51538179e+01,4.39905666e-03,1.00000000e+00,1.11607458e+01
3.38000000e+03,1.51979049e+01,4.41713634e-03,1.00000000e+00,1.12116651e+01
3.39000000e+03,1.52421899e+01,4.43819427e-03,1.00000000e+00,1.12344402e+01
3.40000000e+03,1.52867009e+01,4.46192084e-03,1.00000000e+00,1.12527675e+01
3.41000000e+03,1.53314595e+01,4.48754943e-03,1.00000000e+00,1.12728559e+01
3.42000000e+03,1.53764103e+01,4.49757492e-03,1.00000000e+00,1.12652903e+01
3.43000000e+03,1.54214183e+01,4.50386718e-03,1.00000000e+00,1.11273605e+01
3.44000000e+03,1.54664995e+01,4.51160567e-03,1.00000000e+00,1.11682934e+01
3.45000000e+03,1.55116626e+01,4.52050104e-03,1.00000000e+00,1.12555837e+01
3.46000000e+03,1.55569262e+01,4.53122719e-03,1.00000000e+00,1.12127941e+01
3.47000000e+03,1.56022975e+01,4.54200023e-03,1.00000000e+00,1.11874378e+01
3.48000000e+03,1.56477683e+01,4.55112788e-03,1.00000000e+00,1.12457262e+01
3.49000000e+03,1.56933269e+01,4.55954210e-03,1.00000000e+00,1.96130700e+01
3.50000000e+03,1.57389622e+01,4.56647200e-03,1.00000000e+00,1.12829529e+01
3.51000000e+03,1.57846515e+01,4.57052593e-03,1.00000000e+00,1.12071073e+01
3.52000000e+03,1.58303574e+01,4.56957299e-03,1.00000000e+00,1.10774702e+01
3.53000000e+03,1.58760538e+01,4.56845618e-03,1.00000000e+00,1.11289348e+01
3.54000000e+03,1.59217025e+01,4.56231943e-03,1.00000000e+00,1.12064656e+01
3.55000000e+03,1.59672881e+01,4.55485269e-03,1.00000000e+00,1.11842861e+01
3.56000000e+03,1.60127761e+01,4.54331191e-03,1.00000000e+00,1.11815820e+01
3.57000000e+03,1.60581305e+01,4.52853938e-03,1.00000000e+00,1.11322953e+01
3.58000000e+03,1.61033173e+01,4.50840891e-03,1.00000000e+00,1.11393730e+01
3.59000000e+03,1.61480967e+01,4.39573969e-03,1.00000000e+00,1.11147032e+01
3.60000000e+03,1.61907700e+01,3.98487791e-03,1.00000000e+00,1.11860665e+01
3.61000000e+03,1.62316752e+01,4.16125856e-03,1.00000000e+00,1.13238884e+01
3.62000000e+03,1.62688005e+01,3.25711526e-03,3.00000000e+00,5.52180655e+01
3.63000000e+03,1.62992280e+01,3.95430436e-03,1.00000000e+00,1.11032154e+01
3.64000000e+03,1.63355706e+01,3.67478464e-03,1.00000000e+00,1.11487097e+01
3.65000000e+03,1.63692117e+01,3.18533765e-03,2.00000000e+00,3.33623954e+01
3.66000000e+03,1.63991234e+01,2.08618219e-03,1.00000000e+00,1.12719808e+01
3.67000000e+03,1.64249617e+01,2.75703780e-03,1.00000000e+00,1.11425405e+01
3.68000000e+03,1.64555726e+01,3.44600478e-03,2.00000000e+00,3.33485406e+01
3.69000000e+03,1.64862424e+01,2.67640736e-03,2.00000000e+00,3.34666992e+01
3.70000000e+03,1.65136544e+01,2.75346857e-03,1.00000000e+00,1.11910799e+01
3.71000000e+03,1.65395365e+01,2.60389514e-03,1.00000000e+00,1.11616794e+01
3.72000000e+03,1.65646010e+01,2.53512999e-03,1.00000000e+00,1.12369793e+01
3.73000000e+03,1.65909675e+01,2.69411971e-03,1.00000000e+00,1.11598312e+01
3.74000000e+03,1.66141893e+01,2.09853333e-03,1.00000000e+00,1.12810388e+01
3.75000000e+03,1.66397219e+01,2.54218955e-03,1.00000000e+00,1.12025941e+01
3.76000000e+03,1.66649718e+01,2.49978263e-03,1.00000000e+00,1.12055137e+01
3.77000000e+03,1.66905242e+01,2.55782087e-03,1.00000000e+00,1.12035270e+01
3.78000000e+03,1.67122347e+01,2.14827347e-03,1.00000000e+00,1.12120821e+01
3.79000000e+03,1.67338567e+01,2.14901880e-03,1.00000000e+00,1.12372745e+01
3.80000000e+03,1.67551715e+01,2.11431870e-03,1.00000000e+00,1.11760097e+01
3.81000000e+03,1.67761172e+01,2.12900225e-03,1.00000000e+00,1.12337309e+01
3.82000000e+03,1.67977948e+01,2.21227057e-03,1.00000000e+00,1.11106451e+01
3.83000000e+03,1.68204024e+01,2.36523559e-03,1.00000000e+00,1.11375090e+01
3.84000000e+03,1.68445045e+01,2.36103664e-03,1.00000000e+00,1.11210588e+01
3.85000000e+03,1.68626143e+01,1.55253801e-03,1.00000000e+00,1.11094459e+01
3.86000000e+03,1.68772445e+01,1.41447168e-03,1.00000000e+00,1.11487485e+01
3.87000000e+03,1.68907992e+01,1.32161698e-03,1.00000000e+00,1.11020200e+01
3.88000000e+03,1.69037524e+01,1.27786075e-03,1.00000000e+00,1.57180625e+01
3.89000000e+03,1.69163104e+01,1.23567309e-03,1.00000000e+00,1.11817694e+01
3.90000000e+03,1.69283642e+01,1.17885546e-03,1.00000000e+00,1.11549455e+01
3.91000000e+03,1.69400279e+01,1.16213089e-03,1.00000000e+00,1.10506458e+01
3.92000000e+03,1.69516419e+01,1.15567900e-03,1.00000000e+00,1.11374525e+01
3.93000000e+03,1.69630945e+01,1.13710455e-03,1.00000000e+00,1.11197521e+01
3.94000000e+03,1.69744257e+01,1.13609337e-03,2.00000000e+00,3.31374039e+01
3.95000000e+03,1.69859341e+01,1.16156913e-03,1.00000000e+00,1.11171263e+01
3.96000000e+03,1.69977468e+01,1.20128485e-03,1.00000000e+00,1.10972638e+01
3.97000000e+03,1.70100945e+01,1.26493947e-03,1.00000000e+00,1.10567574e+01
3.98000000e+03,1.70231676e+01,1.34419509e-03,1.00000000e+00,1.10641774e+01
3.99000000e+03,1.70371494e+01,1.44489252e-03,1.00000000e+00,1.12395635e+01
4.00000000e+03,1.70522306e+01,1.56685588e-03,2.00000000e+00,3.30998626e+01
4.01000000e+03,1.70688559e+01,1.74164597e-03,1.00000000e+00,9.18449707e+00
4.02000000e+03,1.70872692e+01,1.92531219e-03,1.00000000e+00,9.19260378e+00
4.03000000e+03,1.71077306e+01,2.15639987e-03,1.00000000e+00,9.20040550e+00
4.04000000e+03,1.71308981e+01,2.45757032e-03,2.00000000e+00,2.66750698e+01
4.05000000e+03,1.71562261e+01,2.59003207e-03,1.00000000e+00,9.19743326e+00
4.06000000e+03,1.71826060e+01,2.66672045e-03,1.00000000e+00,9.19301338e+00
4.07000000e+03,1.72096920e+01,2.74872713e-03,1.00000000e+00,9.20821183e+00
4.08000000e+03,1.72374393e+01,2.77614302e-03,1.00000000e+00,9.20775226e+00
4.09000000e+03,1.72647091e+01,2.68581403e-03,1.00000000e+00,9.19416558e+00
4.10000000e+03,1.72914711e+01,2.68264745e-03,1.00000000e+00,9.19469481e+00
4.11000000e+03,1.73187065e+01,2.76717408e-03,1.00000000e+00,9.19887321e+00
4.12000000e+03,1.73476014e+01,3.03401981e-03,1.00000000e+00,9.20212088e+00
4.13000000e+03,1.73793384e+01,3.20633531e-03,1.00000000e+00,9.19922005e+00
4.14000000e+03,1.74114131e+01,3.21611500e-03,1.00000000e+00,9.19690130e+00
4.15000000e+03,1.74438522e+01,3.27278819e-03,1.00000000e+00,9.18871121e+00
4.16000000e+03,1.74769305e+01,3.30703543e-03,1.00000000e+00,9.21274529e+00
4.17000000e+03,1.75094347e+01,3.23441555e-03,1.00000000e+00,9.21514301e+00
4.18000000e+03,1.75417413e+01,3.24282003e-03,1.00000000e+00,9.18879813e+00
4.19000000e+03,1.75745024e+01,3.27678155e-03,1.00000000e+00,9.21165579e+00
4.20000000e+03,1.76072681e+01,3.27964860e-03,1.00000000e+00,9.21768612e+00
4.21000000e+03,1.76401410e+01,3.29433224e-03,1.00000000e+00,9.16888981e+00
4.22000000e+03,1.76731466e+01,3.31883572e-03,1.00000000e+00,9.16162849e+00
4.23000000e+03,1.77065680e+01,3.36385533e-03,1.00000000e+00,9.17166578e+00
4.24000000e+03,1.77404873e+01,3.41419738e-03,1.00000000e+00,9.16107412e+00
4.25000000e+03,1.77749246e+01,3.46706910e-03,1.00000000e+00,9.17906498e+00
4.26000000e+03,1.78097969e+01,3.49979455e-03,1.00000000e+00,9.19725083e+00
4.27000000e+03,1.78448435e+01,3.50988595e-03,1.00000000e+00,9.19656596e+00
4.28000000e+03,1.78800656e+01,3.53545206e-03,1.00000000e+00,9.18406894e+00
4.29000000e+03,1.79155489e+01,3.55715771e-03,1.00000000e+00,9.21739224e+00
4.30000000e+03,1.79508227e+01,3.41811653e-03,1.00000000e+00,9.19912694e+00
4.31000000e+03,1.79841962e+01,3.35594864e-03,1.00000000e+00,9.20704483e+00
4.32000000e+03,1.80183942e+01,3.47659714e-03,1.00000000e+00,9.20432124e+00
4.33000000e+03,1.80534693e+01,3.50587973e-03,1.00000000e+00,9.21207106e+00
4.34000000e+03,1.80881594e+01,3.42113749e-03,1.00000000e+00,9.20461948e+00
4.35000000e+03,1.81223167e+01,3.36697794e-03,1.00000000e+00,9.20306374e+00
4.36000000e+03,1.81554681e+01,3.31083792e-03,1.00000000e+00,9.20703111e+00
4.37000000e+03,1.81884738e+01,3.27545480e-03,1.00000000e+00,9.20842307e+00
4.38000000e+03,1.82208598e+01,3.28549058e-03,1.00000000e+00,9.19985865e+00
4.39000000e+03,1.82532146e+01,3.25379281e-03,1.00000000e+00,9.20434121e+00
4.40000000e+03,1.82859124e+01,3.31175138e-03,1.00000000e+00,9.21756590e+00
4.41000000e+03,1.83181304e+01,2.89751909e-03,1.00000000e+00,9.20595909e+00
4.42000000e+03,1.83449950e+01,2.45219049e-03,2.00000000e+00,2.74892662e+01
4.43000000e+03,1.83670445e+01,1.93160850e-03,1.00000000e+00,9.20902738e+00
4.44000000e+03,1.83824936e+01,1.37563780e-03,2.00000000e+00,2.73636654e+01
4.45000000e+03,1.83949716e+01,1.21321982e-03,1.00000000e+00,9.17145282e+00
4.46000000e+03,1.84082824e+01,1.52813067e-03,1.00000000e+00,9.20347988e+00
4.47000000e+03,1.84254748e+01,1.76107083e-03,1.00000000e+00,9.20122955e+00
4.48000000e+03,1.84464040e+01,2.55204956e-03,1.00000000e+00,9.21710438e+00
4.49000000e+03,1.84755149e+01,2.87446006e-03,1.00000000e+00,9.21873513e+00
4.50000000e+03,1.85037330e+01,2.81609366e-03,1.00000000e+00,9.21870972e+00
4.51000000e+03,1.85330731e+01,3.05276559e-03,1.00000000e+00,9.15788485e+00
4.52000000e+03,1.85640812e+01,3.10652510e-03,2.00000000e+00,2.66084039e+01
4.53000000e+03,1.85921655e+01,2.54920943e-03,1.00000000e+00,9.16069772e+00
4.54000000e+03,1.86152185e+01,2.15786984e-03,1.00000000e+00,9.16470759e+00
4.55000000e+03,1.86362004e+01,2.02940193e-03,2.00000000e+00,2.73015646e+01
4.56000000e+03,1.86563388e+01,2.13000459e-03,1.00000000e+00,9.15011684e+00
4.57000000e+03,1.86843343e+01,3.04056194e-03,1.00000000e+00,9.15110785e+00
4.58000000e+03,1.87144297e+01,2.96587065e-03,2.00000000e+00,2.73470106e+01
4.59000000e+03,1.87431736e+01,2.65107253e-03,1.00000000e+00,9.19441760e+00
4.60000000e+03,1.87665098e+01,2.14555583e-03,1.00000000e+00,9.19747842e+00
4.61000000e+03,1.87889571e+01,2.29365134e-03,1.00000000e+00,9.20942537e+00
4.62000000e+03,1.88113969e+01,2.29243436e-03,1.00000000e+00,9.18734191e+00
4.63000000e+03,1.88345876e+01,2.28858571e-03,1.00000000e+00,9.18543957e+00
4.64000000e+03,1.88571211e+01,2.22319752e-03,1.00000000e+00,9.20697773e+00
4.65000000e+03,1.88795883e+01,2.21251440e-03,1.00000000e+00,9.19354673e+00
4.66000000e+03,1.89015147e+01,2.12932070e-03,1.00000000e+00,9.18468009e+00
4.67000000e+03,1.89223692e+01,2.06706765e-03,1.00000000e+00,9.18618741e+00
4.68000000e+03,1.89420777e+01,1.84459876e-03,1.00000000e+00,9.20042857e+00
4.69000000e+03,1.89568111e+01,1.14486459e-03,1.00000000e+00,9.17830262e+00
4.70000000e+03,1.89691272e+01,1.22477878e-03,1.00000000e+00,9.19148148e+00
4.71000000e+03,1.89812236e+01,1.19705184e-03,1.00000000e+00,9.21236741e+00
4.72000000e+03,1.89930444e+01,1.16962867e-03,1.00000000e+00,9.21580868e+00
4.73000000e+03,1.90046204e+01,1.14683037e-03,1.00000000e+00,9.19703119e+00
4.74000000e+03,1.90159969e+01,1.13407589e-03,1.00000000e+00,1.13309471e+01
4.75000000e+03,1.90274554e+01,1.17276699e-03,1.00000000e+00,1.11621985e+01
4.76000000e+03,1.90399151e+01,1.31932530e-03,1.00000000e+00,1.12332993e+01
4.77000000e+03,1.90546343e+01,1.62953562e-03,1.00000000e+00,1.11172084e+01
4.78000000e+03,1.90730010e+01,1.90896032e-03,1.00000000e+00,1.11448614e+01
4.79000000e+03,1.90922094e+01,1.93502599e-03,1.00000000e+00,1.11342314e+01
4.80000000e+03,1.91118789e+01,2.00161486e-03,1.00000000e+00,1.12376706e+01
4.81000000e+03,1.91322902e+01,2.07579496e-03,1.00000000e+00,1.11339589e+01
4.82000000e+03,1.91535199e+01,2.16131383e-03,1.00000000e+00,1.11729058e+01
4.83000000e+03,1.91754845e+01,2.22799192e-03,1.00000000e+00,1.11884398e+01
4.84000000e+03,1.91981150e+01,2.30218456e-03,1.00000000e+00,1.11343034e+01
4.85000000e+03,1.92214806e+01,2.36197275e-03,1.00000000e+00,1.11312619e+01
4.86000000e+03,1.92453595e+01,2.40701610e-03,1.00000000e+00,1.09910062e+01
4.87000000e+03,1.92696517e+01,2.45368451e-03,1.00000000e+00,1.11064252e+01
4.88000000e+03,1.92947713e+01,2.57636645e-03,1.00000000e+00,1.12005891e+01
4.89000000e+03,1.93222408e+01,2.92812803e-03,1.00000000e+00,1.10949887e+01
4.90000000e+03,1.93520827e+01,2.98914712e-03,1.00000000e+00,1.11325547e+01
4.91000000e+03,1.93816653e+01,2.93393979e-03,1.00000000e+00,1.18160699e+01
4.92000000e+03,1.94110242e+01,2.95291275e-03,1.00000000e+00,1.12161163e+01
4.93000000e+03,1.94410510e+01,3.05604343e-03,1.00000000e+00,1.11497382e+01
4.94000000e+03,1.94723144e+01,3.16069982e-03,1.00000000e+00,1.12571118e+01
4.95000000e+03,1.95035915e+01,3.09815601e-03,1.00000000e+00,1.11212844e+01
4.96000000e+03,1.95343016e+01,3.05223712e-03,1.00000000e+00,1.11207711e+01
4.97000000e+03,1.95646591e+01,3.02258756e-03,1.00000000e+00,1.11507565e+01
4.98000000e+03,1.95947258e+01,2.99362646e-03,1.00000000e+00,1.11261947e+01
4.99000000e+03,1.96244633e+01,2.95800181e-03,1.00000000e+00,1.11310826e+01
5.00000000e+03,1.96535818e+01,2.84756147e-03,1.00000000e+00,1.11620722e+01
5.01000000e+03,1.96812004e+01,2.69621327e-03,1.00000000e+00,1.12526725e+01
5.02000000e+03,1.97070845e+01,2.43534710e-03,1.00000000e+00,1.12471863e+01
5.03000000e+03,1.97280371e+01,1.83449988e-03,1.00000000e+00,1.11685560e+01
5.04000000e+03,1.97445822e+01,1.48421534e-03,1.00000000e+00,1.11987673e+01
5.05000000e+03,1.97592694e+01,1.33441920e-03,1.00000000e+00,1.12682869e+01
5.06000000e+03,1.97737158e+01,1.36443196e-03,2.00000000e+00,3.34245204e+01
5.07000000e+03,1.97859065e+01,1.27404913e-03,1.00000000e+00,1.12076736e+01
5.08000000e+03,1.97991339e+01,1.34858272e-03,1.00000000e+00,1.12322214e+01
5.09000000e+03,1.98129338e+01,1.40673995e-03,1.00000000e+00,1.11698656e+01
5.10000000e+03,1.98269664e+01,1.36031572e-03,1.00000000e+00,1.12529249e+01
5.11000000e+03,1.98405172e+01,1.30554184e-03,1.00000000e+00,1.12027179e+01
5.12000000e+03,1.98506739e+01,8.64175997e-04,1.00000000e+00,1.11081906e+01
5.13000000e+03,1.98607613e+01,1.23207948e-03,1.00000000e+00,1.11334568e+01
5.14000000e+03,1.98773399e+01,1.88794029e-03,1.00000000e+00,1.11957372e+01
5.15000000e+03,1.98954412e+01,1.73801481e-03,1.00000000e+00,1.12184939e+01
5.16000000e+03,1.99122126e+01,1.68668150e-03,1.00000000e+00,1.11417585e+01
5.17000000e+03,1.99292828e+01,1.65503935e-03,1.00000000e+00,1.13530639e+01
5.18000000e+03,1.99471405e+01,1.80108695e-03,1.00000000e+00,1.11915297e+01
5.19000000e+03,1.99657245e+01,1.80687648e-03,1.00000000e+00,1.11914895e+01
5.20000000e+03,1.99847341e+01,1.95668280e-03,2.00000000e+00,3.34880969e+01
5.21000000e+03,2.00057756e+01,2.17529266e-03,1.00000000e+00,1.12003713e+01
5.22000000e+03,2.00286292e+01,2.39645117e-03,1.00000000e+00,1.11688803e+01
5.23000000e+03,2.00539565e+01,2.63546500e-03,1.00000000e+00,1.11690365e+01
5.24000000e+03,2.00817419e+01,2.90278458e-03,1.00000000e+00,1.11752446e+01
5.25000000e+03,2.01124114e+01,3.19914760e-03,1.00000000e+00,1.12525380e+01
5.26000000e+03,2.01440799e+01,3.07243242e-03,1.00000000e+00,1.12057255e+01
5.27000000e+03,2.01735707e+01,2.73186530e-03,1.00000000e+00,1.12103317e+01
5.28000000e+03,2.01992361e+01,1.95413095e-03,1.00000000e+00,1.11656853e+01
5.29000000e+03,2.02217727e+01,2.29686127e-03,1.00000000e+00,1.12716102e+01
5.30000000e+03,2.02433697e+01,2.08691940e-03,1.00000000e+00,1.11317020e+01
5.31000000e+03,2.02615200e+01,1.69170905e-03,1.00000000e+00,1.10888101e+01
5.32000000e+03,2.02800862e+01,1.90627658e-03,1.00000000e+00,1.11389741e+01
5.33000000e+03,2.02990221e+01,1.90716742e-03,1.00000000e+00,1.11490936e+01
5.34000000e+03,2.03118518e+01,1.31771680e-03,1.00000000e+00,1.10891003e+01
5.35000000e+03,2.03253066e+01,1.35624095e-03,1.00000000e+00,1.10878943e+01
5.36000000e+03,2.03393057e+01,1.46091211e-03,1.00000000e+00,1.10800051e+01
5.37000000e+03,2.03558776e+01,1.88768443e-03,1.00000000e+00,1.10675426e+01
5.38000000e+03,2.03748391e+01,1.91188794e-03,1.00000000e+00,1.11460508e+01
5.39000000e+03,2.03942648e+01,1.96967424e-03,1.00000000e+00,1.11383447e+01
5.40000000e+03,2.04142413e+01,2.01753905e-03,1.00000000e+00,1.09240965e+01
5.41000000e+03,2.04347632e+01,2.07771978e-03,1.00000000e+00,9.14615065e+00
5.42000000e+03,2.04559148e+01,2.15092043e-03,1.00000000e+00,9.14627724e+00
5.43000000e+03,2.04770847e+01,2.05895891e-03,1.00000000e+00,9.17588748e+00
5.44000000e+03,2.04969486e+01,1.92383425e-03,1.00000000e+00,9.16263930e+00
5.45000000e+03,2.05154068e+01,1.78932221e-03,1.00000000e+00,9.20620041e+00
5.46000000e+03,2.05329270e+01,1.72026160e-03,1.00000000e+00,9.18151190e+00
5.47000000e+03,2.05495355e+01,1.60539017e-03,1.00000000e+00,9.20572447e+00
5.48000000e+03,2.05649296e+01,1.49269940e-03,1.00000000e+00,9.20169127e+00
5.49000000e+03,2.05792818e+01,1.39179986e-03,1.00000000e+00,9.18553810e+00
5.50000000e+03,2.05928719e+01,1.36263266e-03,1.00000000e+00,9.19147097e+00
5.51000000e+03,2.06067077e+01,1.40346577e-03,1.00000000e+00,9.18588632e+00
5.52000000e+03,2.06209879e+01,1.44700768e-03,1.00000000e+00,9.20121232e+00
5.53000000e+03,2.06357044e+01,1.48971577e-03,1.00000000e+00,9.19730184e+00
5.54000000e+03,2.06508282e+01,1.53476188e-03,1.00000000e+00,9.19274477e+00
5.55000000e+03,2.06664742e+01,1.58970207e-03,1.00000000e+00,9.20332703e+00
5.56000000e+03,2.06827487e+01,1.66205207e-03,1.00000000e+00,9.21336744e+00
5.57000000e+03,2.07000155e+01,1.79023350e-03,1.00000000e+00,9.21461275e+00
5.58000000e+03,2.07159726e+01,1.48853581e-03,1.00000000e+00,9.20568099e+00
5.59000000e+03,2.07313654e+01,1.59579580e-03,1.00000000e+00,9.20642207e+00
5.60000000e+03,2.07487078e+01,1.86952057e-03,2.00000000e+00,2.74539753e+01
5.61000000e+03,2.07690644e+01,2.17203396e-03,1.00000000e+00,9.19646377e+00
5.62000000e+03,2.07915016e+01,2.25190135e-03,1.00000000e+00,9.19865266e+00
5.63000000e+03,2.08140172e+01,2.26072697e-03,1.00000000e+00,9.18452814e+00
5.64000000e+03,2.08366409e+01,2.10227879e-03,1.00000000e+00,9.19017048e+00
5.65000000e+03,2.08596938e+01,2.31522293e-03,1.00000000e+00,9.19262458e+00
5.66000000e+03,2.08829550e+01,2.33491941e-03,1.00000000e+00,9.19205921e+00
5.67000000e+03,2.09057541e+01,2.22964642e-03,1.00000000e+00,9.18602270e+00
5.68000000e+03,2.09276167e+01,2.15686218e-03,1.00000000e+00,9.18653349e+00
5.69000000e+03,2.09489704e+01,2.12975406e-03,1.00000000e+00,9.19983140e+00
5.70000000e+03,2.09703193e+01,2.13974832e-03,1.00000000e+00,9.20325229e+00
5.71000000e+03,2.09917720e+01,2.15091333e-03,1.00000000e+00,9.18850312e+00
5.72000000e+03,2.10133882e+01,2.17295621e-03,1.00000000e+00,9.18908081e+00
5.73000000e+03,2.10353450e+01,2.21949581e-03,1.00000000e+00,9.18849726e+00
5.74000000e+03,2.10579492e+01,2.29955024e-03,1.00000000e+00,9.19983501e+00
5.75000000e+03,2.10816219e+01,2.43194907e-03,1.00000000e+00,9.21222937e+00
5.76000000e+03,2.11068356e+01,2.59382986e-03,1.00000000e+00,9.19635009e+00
5.77000000e+03,2.11330762e+01,2.64577360e-03,1.00000000e+00,9.18488448e+00
5.78000000e+03,2.11597388e+01,2.65497320e-03,1.00000000e+00,9.17057855e+00
5.79000000e+03,2.11861146e+01,2.62911878e-03,1.00000000e+00,9.17119453e+00
5.80000000e+03,2.12124083e+01,2.63201608e-03,1.00000000e+00,9.14177614e+00
5.81000000e+03,2.12387248e+01,2.62917332e-03,1.00000000e+00,9.15400058e+00
5.82000000e+03,2.12649600e+01,2.61926896e-03,1.00000000e+00,9.15233625e+00
5.83000000e+03,2.12910898e+01,2.60853038e-03,1.00000000e+00,9.17840617e+00
5.84000000e+03,2.13171245e+01,2.59967908e-03,1.00000000e+00,9.16100081e+00
5.85000000e+03,2.13431324e+01,2.60476572e-03,1.00000000e+00,9.19260329e+00
5.86000000e+03,2.13691713e+01,2.60733747e-03,1.00000000e+00,9.20067388e+00
5.87000000e+03,2.13952215e+01,2.60427084e-03,1.00000000e+00,9.21265381e+00
5.88000000e+03,2.14212565e+01,2.60269243e-03,1.00000000e+00,9.20569341e+00
5.89000000e+03,2.14472821e+01,2.60353393e-03,1.00000000e+00,9.20087520e+00
5.90000000e+03,2.14731793e+01,2.53401885e-03,1.00000000e+00,9.19385200e+00
5.91000000e+03,2.14975993e+01,2.38227149e-03,1.00000000e+00,9.20479707e+00
5.92000000e+03,2.15208640e+01,2.27856746e-03,1.00000000e+00,9.20387086e+00
5.93000000e+03,2.15429515e+01,2.15969692e-03,1.00000000e+00,9.19702998e+00
5.94000000e+03,2.15639921e+01,2.05480189e-03,1.00000000e+00,9.19838689e+00
5.95000000e+03,2.15838949e+01,1.94054861e-03,1.00000000e+00,9.19359695e+00
5.96000000e+03,2.16030202e+01,1.91551821e-03,1.00000000e+00,9.20538633e+00
5.97000000e+03,2.16240854e+01,2.37889766e-03,1.00000000e+00,9.20269148e+00
5.98000000e+03,2.16510456e+01,2.75095817e-03,1.00000000e+00,9.18610469e+00
5.99000000e+03,2.16786737e+01,2.77279057e-03,1.00000000e+00,9.18674190e+00
6.00000000e+03,2.17065196e+01,2.79398572e-03,1.00000000e+00,9.19798379e+00
6.01000000e+03,2.17345550e+01,2.81054189e-03,1.00000000e+00,9.19628398e+00
6.02000000e+03,2.17627367e+01,2.82408794e-03,1.00000000e+00,9.18951794e+00
6.03000000e+03,2.17890425e+01,2.64575747e-03,1.00000000e+00,9.21843834e+00
6.04000000e+03,2.18158964e+01,2.69775773e-03,1.00000000e+00,9.19884650e+00
6.05000000e+03,2.18427480e+01,2.68861515e-03,1.00000000e+00,9.20673076e+00
6.06000000e+03,2.18698071e+01,2.70345531e-03,2.00000000e+00,2.74120170e+01
6.07000000e+03,2.18967459e+01,2.74901935e-03,1.00000000e+00,9.21045470e+00
6.08000000e+03,2.19253374e+01,2.88269623e-03,1.00000000e+00,9.20641844e+00
6.09000000e+03,2.19524275e+01,2.53419780e-03,1.00000000e+00,9.19617868e+00
6.10000000e+03,2.19799623e+01,2.79059023e-03,1.00000000e+00,9.18194040e+00
6.11000000e+03,2.20040105e+01,2.25026312e-03,1.00000000e+00,9.20047502e+00
6.12000000e+03,2.20244196e+01,1.96597661e-03,1.00000000e+00,9.15743980e+00
6.13000000e+03,2.20428332e+01,1.73015658e-03,1.00000000e+00,9.15133081e+00
6.14000000e+03,2.20575433e+01,1.33664477e-03,1.00000000e+00,9.17107969e+00
6.15000000e+03,2.20698160e+01,1.15065193e-03,1.00000000e+00,2.76119829e+01
6.16000000e+03,2.20811118e+01,1.10883136e-03,1.00000000e+00,2.75988857e+01
6.17000000e+03,2.20920280e+01,1.38118596e-03,4.00000000e+00,1.64070989e+02
6.18000000e+03,2.21063886e+01,1.48021762e-03,1.00000000e+00,2.66689854e+01
6.19000000e+03,2.21198613e+01,1.30724921e-03,1.00000000e+00,2.70285458e+01
6.20000000e+03,2.21304012e+01,5.98300723e-04,1.00000000e+00,2.63547611e+01
6.21000000e+03,2.21397055e+01,1.00728726e-03,1.00000000e+00,2.83514852e+01
6.22000000e+03,2.21497386e+01,1.06507248e-03,1.00000000e+00,2.84229836e+01
6.23000000e+03,2.21614460e+01,1.26883078e-03,1.00000000e+00,3.06919898e+01
6.24000000e+03,2.21739161e+01,1.16447313e-03,1.00000000e+00,2.66456206e+01
6.25000000e+03,2.21855201e+01,1.19198234e-03,1.00000000e+00,2.62459833e+01
6.26000000e+03,2.21975179e+01,1.20134877e-03,1.00000000e+00,2.86734854e+01
6.27000000e+03,2.22094034e+01,1.09301176e-03,1.00000000e+00,2.91979865e+01
6.28000000e+03,2.22194005e+01,9.80108659e-04,1.00000000e+00,2.97645950e+01
6.29000000e+03,2.22290687e+01,9.57044803e-04,1.00000000e+00,2.69062631e+01
6.30000000e+03,2.22389371e+01,9.88666094e-04,1.00000000e+00,2.68179745e+01
6.31000000e+03,2.22503504e+01,1.12573481e-03,1.00000000e+00,2.84785565e+01
6.32000000e+03,2.22616701e+01,1.15571816e-03,1.00000000e+00,2.29020126e+01
6.33000000e+03,2.22735316e+01,1.20429349e-03,1.00000000e+00,2.92590373e+01
6.34000000e+03,2.22859545e+01,1.28035444e-03,1.00000000e+00,2.84669436e+01
6.35000000e+03,2.22992793e+01,1.37403191e-03,1.00000000e+00,3.00009765e+01
6.36000000e+03,2.23135502e+01,1.47356726e-03,1.00000000e+00,2.70059942e+01
6.37000000e+03,2.23288515e+01,1.57599371e-03,1.00000000e+00,2.86294923e+01
6.38000000e+03,2.23451886e+01,1.68272072e-03,2.00000000e+00,8.70530671e+01
6.39000000e+03,2.23602086e+01,1.19736942e-03,1.00000000e+00,2.74482352e+01
6.40000000e+03,2.23734323e+01,1.53556825e-03,1.00000000e+00,2.83149851e+01
6.41000000e+03,2.23918196e+01,1.97566372e-03,2.00000000e+00,8.28752052e+01
6.42000000e+03,2.24120786e+01,2.07422062e-03,1.00000000e+00,2.64914826e+01
6.43000000e+03,2.24334443e+01,2.14611886e-03,1.00000000e+00,2.84744822e+01
6.44000000e+03,2.24558485e+01,2.39647268e-03,1.00000000e+00,2.57339871e+01
6.45000000e+03,2.24817401e+01,2.63174339e-03,1.00000000e+00,2.92977470e+01
6.46000000e+03,2.25073071e+01,2.50354979e-03,1.00000000e+00,2.62139879e+01
6.47000000e+03,2.25316010e+01,2.39271650e-03,1.00000000e+00,3.03591643e+01
6.48000000e+03,2.25554458e+01,2.33825842e-03,1.00000000e+00,2.67015530e+01
6.49000000e+03,2.25782694e+01,2.25041263e-03,1.00000000e+00,2.89455979e+01
6.50000000e+03,2.26005159e+01,2.21546846e-03,1.00000000e+00,2.64389845e+01
6.51000000e+03,2.26228189e+01,2.24532326e-03,1.00000000e+00,3.37351824e+01
6.52000000e+03,2.26454680e+01,2.28110143e-03,1.00000000e+00,2.78489986e+01
6.53000000e+03,2.26683786e+01,2.24757876e-03,1.00000000e+00,2.84214877e+01
6.54000000e+03,2.26901582e+01,2.16040317e-03,1.00000000e+00,2.95739951e+01
6.55000000e+03,2.27120733e+01,2.23248294e-03,1.00000000e+00,2.56089919e+01
6.56000000e+03,2.27353441e+01,2.42076431e-03,1.00000000e+00,2.79755807e+01
6.57000000e+03,2.27597924e+01,2.40719246e-03,1.00000000e+00,2.61744818e+01
6.58000000e+03,2.27834604e+01,2.34523678e-03,1.00000000e+00,2.78951085e+01
6.59000000e+03,2.28069966e+01,2.37651597e-03,1.00000000e+00,3.04637535e+01
6.60000000e+03,2.28319355e+01,2.57286503e-03,1.00000000e+00,2.96774920e+01
6.61000000e+03,2.28582475e+01,2.67224822e-03,1.00000000e+00,2.69479352e+01
6.62000000e+03,2.28854726e+01,2.75746102e-03,1.00000000e+00,3.00999658e+01
6.63000000e+03,2.29135590e+01,2.86530380e-03,1.00000000e+00,2.70984896e+01
6.64000000e+03,2.29434821e+01,3.11025717e-03,1.00000000e+00,2.75859817e+01
6.65000000e+03,2.29751384e+01,3.21661161e-03,1.00000000e+00,2.63209908e+01
6.66000000e+03,2.30076429e+01,3.24961884e-03,1.00000000e+00,2.76624936e+01
6.67000000e+03,2.30398011e+01,3.19151132e-03,1.00000000e+00,2.70194534e+01
6.68000000e+03,2.30716777e+01,3.15102414e-03,1.00000000e+00,2.79739950e+01
6.69000000e+03,2.31031967e+01,3.19369987e-03,1.00000000e+00,2.80919966e+01
6.70000000e+03,2.31355761e+01,3.27123735e-03,1.00000000e+00,2.89662389e+01
6.71000000e+03,2.31688776e+01,3.34438561e-03,1.00000000e+00,2.53349815e+01
6.72000000e+03,2.32015841e+01,3.19561601e-03,1.00000000e+00,2.68874644e+01
6.73000000e+03,2.32328199e+01,3.08346857e-03,1.00000000e+00,2.47071306e+01
6.74000000e+03,2.32639864e+01,3.15950956e-03,1.00000000e+00,2.70659818e+01
6.75000000e+03,2.32955067e+01,3.13930806e-03,1.00000000e+00,2.90855626e+01
6.76000000e+03,2.33277424e+01,3.26243137e-03,1.00000000e+00,3.06359860e+01
6.77000000e+03,2.33599990e+01,3.16561035e-03,1.00000000e+00,3.09554851e+01
6.78000000e+03,2.33905982e+01,2.99432745e-03,1.00000000e+00,2.69224912e+01
6.79000000e+03,2.34202373e+01,2.92578478e-03,1.00000000e+00,3.18269390e+01
6.80000000e+03,2.34494920e+01,2.89959113e-03,1.00000000e+00,3.13675553e+01
6.81000000e+03,2.34773961e+01,2.71484058e-03,1.00000000e+00,2.84249994e+01
6.82000000e+03,2.35045098e+01,2.72593558e-03,1.00000000e+00,2.55119915e+01
6.83000000e+03,2.35319818e+01,2.75951416e-03,1.00000000e+00,2.46379361e+01
6.84000000e+03,2.35594242e+01,2.71100324e-03,1.00000000e+00,3.08525684e+01
6.85000000e+03,2.35857271e+01,2.59407987e-03,1.00000000e+00,2.76855078e+01
6.86000000e+03,2.36119183e+01,2.64576831e-03,1.00000000e+00,2.71634657e+01
6.87000000e+03,2.36383597e+01,2.63789407e-03,1.00000000e+00,2.77404818e+01
6.88000000e+03,2.36646806e+01,2.62718207e-03,1.00000000e+00,2.89270076e+01
6.89000000e+03,2.36909162e+01,2.62081583e-03,1.00000000e+00,2.79929859e+01
6.90000000e+03,2.37171434e+01,2.62191184e-03,1.00000000e+00,2.74489835e+01
6.91000000e+03,2.37431674e+01,2.43173107e-03,1.00000000e+00,3.11114698e+01
6.92000000e+03,2.37691552e+01,2.62364541e-03,1.00000000e+00,2.71614897e+01
6.93000000e+03,2.37953804e+01,2.58308420e-03,1.00000000e+00,2.65704067e+01
6.94000000e+03,2.38204342e+01,2.49592346e-03,1.00000000e+00,3.15709679e+01
6.95000000e+03,2.38459310e+01,2.59338148e-03,1.00000000e+00,2.83179864e+01
6.96000000e+03,2.38717332e+01,2.55986954e-03,1.00000000e+00,2.73527329e+01
6.97000000e+03,2.38972924e+01,2.56585969e-03,1.00000000e+00,2.59844984e+01
6.98000000e+03,2.39233390e+01,2.63662270e-03,1.00000000e+00,2.76739724e+01
6.99000000e+03,2.39498760e+01,2.65457284e-03,1.00000000e+00,2.57004851e+01
7.00000000e+03,2.39757621e+01,2.53536060e-03,1.00000000e+00,2.79155833e+01
7.01000000e+03,2.40004733e+01,2.42019232e-03,1.00000000e+00,2.82094833e+01
7.02000000e+03,2.40240890e+01,2.31248493e-03,1.00000000e+00,2.60347511e+01
7.03000000e+03,2.40466333e+01,2.20882586e-03,1.00000000e+00,9.19587948e+00
7.04000000e+03,2.40681769e+01,2.11097191e-03,1.00000000e+00,9.19676095e+00
7.05000000e+03,2.40888275e+01,2.03014547e-03,1.00000000e+00,9.19243170e+00
7.06000000e+03,2.41088258e+01,1.98110843e-03,1.00000000e+00,9.19504654e+00
7.07000000e+03,2.41285422e+01,1.96795794e-03,1.00000000e+00,9.20469426e+00
7.08000000e+03,2.41482749e+01,1.98100368e-03,1.00000000e+00,9.19491777e+00
7.09000000e+03,2.41682701e+01,2.01965143e-03,1.00000000e+00,9.19350179e+00
7.10000000e+03,2.41888813e+01,2.10391899e-03,1.00000000e+00,9.18363508e+00
7.11000000e+03,2.42107474e+01,2.26604739e-03,1.00000000e+00,9.19712932e+00
7.12000000e+03,2.42346083e+01,2.48868650e-03,1.00000000e+00,9.20023343e+00
7.13000000e+03,2.42607091e+01,2.68151708e-03,1.00000000e+00,9.18941598e+00
7.14000000e+03,2.42874440e+01,2.65605097e-03,1.00000000e+00,9.19236789e+00
7.15000000e+03,2.43136567e+01,2.60485229e-03,1.00000000e+00,9.19613303e+00
7.16000000e+03,2.43397708e+01,2.62156805e-03,1.00000000e+00,9.18927319e+00
7.17000000e+03,2.43661352e+01,2.63676661e-03,1.00000000e+00,9.18872641e+00
7.18000000e+03,2.43922795e+01,2.58565743e-03,1.00000000e+00,9.18217881e+00
7.19000000e+03,2.44179887e+01,2.57040282e-03,1.00000000e+00,9.19692554e+00
7.20000000e+03,2.44438974e+01,2.61276792e-03,1.00000000e+00,9.20331648e+00
7.21000000e+03,2.44704487e+01,2.67872724e-03,1.00000000e+00,2.97398362e+01
7.22000000e+03,2.44967428e+01,2.59044220e-03,1.00000000e+00,2.97844850e+01
7.23000000e+03,2.45223427e+01,2.54120100e-03,1.00000000e+00,3.09879726e+01
7.24000000e+03,2.45476277e+01,2.52316967e-03,1.00000000e+00,3.43319588e+01
7.25000000e+03,2.45722387e+01,2.41294466e-03,1.00000000e+00,2.84499862e+01
7.26000000e+03,2.45960740e+01,2.37644440e-03,1.00000000e+00,2.92409868e+01
7.27000000e+03,2.46199747e+01,2.40358027e-03,1.00000000e+00,3.15729894e+01
7.28000000e+03,2.46437742e+01,2.32799303e-03,1.00000000e+00,3.03434449e+01
7.29000000e+03,2.46664771e+01,2.23096066e-03,1.00000000e+00,2.94009328e+01
7.30000000e+03,2.46884779e+01,2.17956778e-03,1.00000000e+00,2.70917096e+01
7.31000000e+03,2.47099692e+01,2.11375746e-03,1.00000000e+00,2.98420041e+01
7.32000000e+03,2.47307359e+01,2.04965486e-03,1.00000000e+00,3.17865535e+01
7.33000000e+03,2.47509616e+01,2.00446091e-03,1.00000000e+00,2.93919952e+01
7.34000000e+03,2.47708866e+01,1.99348468e-03,1.00000000e+00,2.99029674e+01
7.35000000e+03,2.47908524e+01,1.98372252e-03,1.00000000e+00,2.96999904e+01
7.36000000e+03,2.48105810e+01,1.96530439e-03,1.00000000e+00,2.85439835e+01
7.37000000e+03,2.48301890e+01,1.95847213e-03,1.00000000e+00,3.13689896e+01
7.38000000e+03,2.48497416e+01,1.95429041e-03,1.00000000e+00,3.10502117e+01
7.39000000e+03,2.48692925e+01,1.96036014e-03,1.00000000e+00,2.60615694e+01
7.40000000e+03,2.48890184e+01,1.98333469e-03,1.00000000e+00,2.83075128e+01
7.41000000e+03,2.49088167e+01,1.95525147e-03,1.00000000e+00,2.96999796e+01
7.42000000e+03,2.49280403e+01,1.89610547e-03,1.00000000e+00,3.04639800e+01
7.43000000e+03,2.49466069e+01,1.82002492e-03,1.00000000e+00,2.87339826e+01
7.44000000e+03,2.49643444e+01,1.73828309e-03,1.00000000e+00,2.99286811e+01
7.45000000e+03,2.49813479e+01,1.66964294e-03,1.00000000e+00,2.73769647e+01
7.46000000e+03,2.49976936e+01,1.60837222e-03,1.00000000e+00,3.05885037e+01
7.47000000e+03,2.50135040e+01,1.56091230e-03,1.00000000e+00,2.96429887e+01
7.48000000e+03,2.50288934e+01,1.52259007e-03,1.00000000e+00,3.33078011e+01
7.49000000e+03,2.50439748e+01,1.49685972e-03,1.00000000e+00,2.99799862e+01
7.50000000e+03,2.50588302e+01,1.47766391e-03,1.00000000e+00,2.82677825e+01
7.51000000e+03,2.50735705e+01,1.47545716e-03,1.00000000e+00,3.10503337e+01
7.52000000e+03,2.50883992e+01,1.48867023e-03,1.00000000e+00,3.05275353e+01
7.53000000e+03,2.51034076e+01,1.51424647e-03,1.00000000e+00,2.78570095e+01
7.54000000e+03,2.51187512e+01,1.55396374e-03,1.00000000e+00,3.21619884e+01
7.55000000e+03,2.51345181e+01,1.60155711e-03,1.00000000e+00,3.27099933e+01
7.56000000e+03,2.51508486e+01,1.66098984e-03,1.00000000e+00,2.70079825e+01
7.57000000e+03,2.51676429e+01,1.69025881e-03,1.00000000e+00,2.87599970e+01
7.58000000e+03,2.51847176e+01,1.72154463e-03,1.00000000e+00,2.61379767e+01
7.59000000e+03,2.52020234e+01,1.73769744e-03,1.00000000e+00,3.36889847e+01
7.60000000e+03,2.52194791e+01,1.75231582e-03,1.00000000e+00,2.97561313e+01
7.61000000e+03,2.52370706e+01,1.76543458e-03,1.00000000e+00,9.20358779e+00
7.62000000e+03,2.52547937e+01,1.77666766e-03,1.00000000e+00,9.20194462e+00
7.63000000e+03,2.52724574e+01,1.75415392e-03,1.00000000e+00,9.19566315e+00
7.64000000e+03,2.52898564e+01,1.72957177e-03,1.00000000e+00,9.19511666e+00
7.65000000e+03,2.53070345e+01,1.70897334e-03,1.00000000e+00,9.20114949e+00
7.66000000e+03,2.53240396e+01,1.69443664e-03,1.00000000e+00,9.20361921e+00
7.67000000e+03,2.53409280e+01,1.68484572e-03,1.00000000e+00,9.20591203e+00
7.68000000e+03,2.53577344e+01,1.67743839e-03,1.00000000e+00,9.20012097e+00
7.69000000e+03,2.53744869e+01,1.67402164e-03,1.00000000e+00,9.20001311e+00
7.70000000e+03,2.53912128e+01,1.67194192e-03,1.00000000e+00,9.19524405e+00
7.71000000e+03,2.54079092e+01,1.66256040e-03,1.00000000e+00,9.19905782e+00
7.72000000e+03,2.54242960e+01,1.61786330e-03,1.00000000e+00,9.19841717e+00
7.73000000e+03,2.54402543e+01,1.57626250e-03,1.00000000e+00,9.19146743e+00
7.74000000e+03,2.54558213e+01,1.54010723e-03,1.00000000e+00,9.18984140e+00
7.75000000e+03,2.54710554e+01,1.50881883e-03,1.00000000e+00,9.20516382e+00
7.76000000e+03,2.54859964e+01,1.47940917e-03,1.00000000e+00,9.19725466e+00
7.77000000e+03,2.55006131e+01,1.44711935e-03,1.00000000e+00,9.15305657e+00
7.78000000e+03,2.55149249e+01,1.41816672e-03,1.00000000e+00,9.15150825e+00
7.79000000e+03,2.55289488e+01,1.39022983e-03,1.00000000e+00,9.16839164e+00
7.80000000e+03,2.55427040e+01,1.36604653e-03,1.00000000e+00,9.14996836e+00
7.81000000e+03,2.55562261e+01,1.34127825e-03,1.00000000e+00,9.14768677e+00
7.82000000e+03,2.55695170e+01,1.31956578e-03,1.00000000e+00,9.15944660e+00
7.83000000e+03,2.55826448e+01,1.30933988e-03,1.00000000e+00,9.15434358e+00
7.84000000e+03,2.55956738e+01,1.29772133e-03,1.00000000e+00,9.16855117e+00
7.85000000e+03,2.56086048e+01,1.28999513e-03,1.00000000e+00,9.15877344e+00
7.86000000e+03,2.56214741e+01,1.28474994e-03,1.00000000e+00,9.14957125e+00
7.87000000e+03,2.56343070e+01,1.28229664e-03,1.00000000e+00,9.15316956e+00
7.88000000e+03,2.56471189e+01,1.28003358e-03,1.00000000e+00,9.15981318e+00
7.89000000e+03,2.56599074e+01,1.28112933e-03,1.00000000e+00,9.14035762e+00
7.90000000e+03,2.56727313e+01,1.28281603e-03,1.00000000e+00,9.15635752e+00
7.91000000e+03,2.56855876e+01,1.28459103e-03,1.00000000e+00,9.14415621e+00
7.92000000e+03,2.56984394e+01,1.28557412e-03,2.00000000e+00,2.73001943e+01
7.93000000e+03,2.57113162e+01,1.28476358e-03,1.00000000e+00,9.14559632e+00
7.94000000e+03,2.57241297e+01,1.27910219e-03,1.00000000e+00,9.15246336e+00
7.95000000e+03,2.57368709e+01,1.27037585e-03,1.00000000e+00,9.15852801e+00
7.96000000e+03,2.57495541e+01,1.26676150e-03,1.00000000e+00,9.15638356e+00
7.97000000e+03,2.57622144e+01,1.26645290e-03,1.00000000e+00,9.15289248e+00
7.98000000e+03,2.57748258e+01,1.25384404e-03,1.00000000e+00,9.13858490e+00
7.99000000e+03,2.57872121e+01,1.22559006e-03,1.00000000e+00,9.15884026e+00
8.00000000e+03,2.57993011e+01,1.19475761e-03,1.00000000e+00,9.16446600e+00
8.01000000e+03,2.58110695e+01,1.16194377e-03,1.00000000e+00,9.14621426e+00
8.02000000e+03,2.58224909e+01,1.12590589e-03,1.00000000e+00,9.16102093e+00
8.03000000e+03,2.58335650e+01,1.09180291e-03,1.00000000e+00,9.15247752e+00
8.04000000e+03,2.58442969e+01,1.05854252e-03,1.00000000e+00,9.17920308e+00
8.05000000e+03,2.58544008e+01,9.15647466e-04,1.00000000e+00,9.15097593e+00
8.06000000e+03,2.58644326e+01,9.98964454e-04,1.00000000e+00,9.15410707e+00
8.07000000e+03,2.58742428e+01,9.66448269e-04,1.00000000e+00,9.16865416e+00
8.08000000e+03,2.58837276e+01,9.33660461e-04,1.00000000e+00,9.16433993e+00
8.09000000e+03,2.58928857e+01,9.01410578e-04,1.00000000e+00,9.14975273e+00
8.10000000e+03,2.59017280e+01,8.70448252e-04,1.00000000e+00,9.15200273e+00
8.11000000e+03,2.59102704e+01,8.41045592e-04,1.00000000e+00,9.16721699e+00
8.12000000e+03,2.59185218e+01,8.12052745e-04,1.00000000e+00,9.17038769e+00
8.13000000e+03,2.59264866e+01,7.84079102e-04,1.00000000e+00,9.14730563e+00
8.14000000e+03,2.59341812e+01,7.57806027e-04,1.00000000e+00,9.15214429e+00
8.15000000e+03,2.59416208e+01,7.32958502e-04,1.00000000e+00,9.15178909e+00
8.16000000e+03,2.59488199e+01,7.09510006e-04,1.00000000e+00,9.15913666e+00
8.17000000e+03,2.59557905e+01,6.86940417e-04,1.00000000e+00,9.15903278e+00
8.18000000e+03,2.59625400e+01,6.65358827e-04,1.00000000e+00,9.16193939e+00
8.19000000e+03,2.59690800e+01,6.44996846e-04,1.00000000e+00,9.16943965e+00
8.20000000e+03,2.59754227e+01,6.25664349e-04,1.00000000e+00,9.16924780e+00
8.21000000e+03,2.59815776e+01,6.07339968e-04,1.00000000e+00,9.15714310e+00
8.22000000e+03,2.59875554e+01,5.90142716e-04,1.00000000e+00,9.16246502e+00
8.23000000e+03,2.59933658e+01,5.73704101e-04,1.00000000e+00,9.15534154e+00
8.24000000e+03,2.59990178e+01,5.58375291e-04,1.00000000e+00,9.16194921e+00
8.25000000e+03,2.60045212e+01,5.44689648e-04,1.00000000e+00,9.15806999e+00
8.26000000e+03,2.60098934e+01,5.31000849e-04,1.00000000e+00,9.16871682e+00
8.27000000e+03,2.60151282e+01,5.17528789e-04,1.00000000e+00,9.17167640e+00
8.28000000e+03,2.60202330e+01,5.04903362e-04,1.00000000e+00,9.17899523e+00
8.29000000e+03,2.60252175e+01,4.93294718e-04,1.00000000e+00,9.16826284e+00
8.30000000e+03,2.60300912e+01,4.82557955e-04,1.00000000e+00,9.16861651e+00
8.31000000e+03,2.60348610e+01,4.72374057e-04,1.00000000e+00,9.18408347e+00
8.32000000e+03,2.60395311e+01,4.62739906e-04,1.00000000e+00,9.17012692e+00
8.33000000e+03,2.60441064e+01,4.53354814e-04,1.00000000e+00,9.17939631e+00
8.34000000e+03,2.60485898e+01,4.44267066e-04,1.00000000e+00,9.17255692e+00
8.35000000e+03,2.60529832e+01,4.35368726e-04,1.00000000e+00,9.17488966e+00
8.36000000e+03,2.60572919e+01,4.27285671e-04,1.00000000e+00,9.18239525e+00
8.37000000e+03,2.60615231e+01,4.19686591e-04,1.00000000e+00,9.16267850e+00
8.38000000e+03,2.60656800e+01,4.12480865e-04,1.00000000e+00,9.16318049e+00
8.39000000e+03,2.60697668e+01,4.05633111e-04,1.00000000e+00,9.18325000e+00
8.40000000e+03,2.60737875e+01,3.99189756e-04,1.00000000e+00,9.16566428e+00
8.41000000e+03,2.60777456e+01,3.93076036e-04,1.00000000e+00,9.16937230e+00
8.42000000e+03,2.60816468e+01,3.87786865e-04,1.00000000e+00,9.18609480e+00
8.43000000e+03,2.60854969e+01,3.82796149e-04,1.00000000e+00,9.17149796e+00
8.44000000e+03,2.60892996e+01,3.78249575e-04,1.00000000e+00,9.17811774e+00
8.45000000e+03,2.60930591e+01,3.74150328e-04,1.00000000e+00,9.17024790e+00
8.46000000e+03,2.60967805e+01,3.70549051e-04,1.00000000e+00,9.17047664e+00
8.47000000e+03,2.61004742e+01,3.69560347e-04,1.00000000e+00,9.18541616e+00
8.48000000e+03,2.61041844e+01,3.72602864e-04,1.00000000e+00,9.17083654e+00
8.49000000e+03,2.61079544e+01,3.81701497e-04,1.00000000e+00,9.16761979e+00
8.50000000e+03,2.61118517e+01,3.97082194e-04,1.00000000e+00,9.16734509e+00
8.51000000e+03,2.61159292e+01,4.17010982e-04,1.00000000e+00,9.17682022e+00
8.52000000e+03,2.61202206e+01,4.39079792e-04,1.00000000e+00,9.17282813e+00
8.53000000e+03,2.61247279e+01,4.60154018e-04,1.00000000e+00,9.16409013e+00
8.54000000e+03,2.61294342e+01,4.78867986e-04,1.00000000e+00,9.17143426e+00
8.55000000e+03,2.61343153e+01,4.95209746e-04,1.00000000e+00,9.16662856e+00
8.56000000e+03,2.61393453e+01,5.09009537e-04,1.00000000e+00,9.17224352e+00
8.57000000e+03,2.61445000e+01,5.20295675e-04,1.00000000e+00,9.18067229e+00
8.58000000e+03,2.61497515e+01,5.28555795e-04,1.00000000e+00,9.16952983e+00
8.59000000e+03,2.61550655e+01,5.33365300e-04,1.00000000e+00,9.16823730e+00
8.60000000e+03,2.61604167e+01,5.36510467e-04,1.00000000e+00,9.18015792e+00
8.61000000e+03,2.61657989e+01,5.39580742e-04,1.00000000e+00,9.17744709e+00
8.62000000e+03,2.61712060e+01,5.41494298e-04,1.00000000e+00,9.16013209e+00
8.63000000e+03,2.61766328e+01,5.43736663e-04,1.00000000e+00,9.15579916e+00
8.64000000e+03,2.61820931e+01,5.48266733e-04,1.00000000e+00,9.17340855e+00
8.65000000e+03,2.61876157e+01,5.56144264e-04,1.00000000e+00,9.16087218e+00
8.66000000e+03,2.61932382e+01,5.67770144e-04,1.00000000e+00,9.17389442e+00
8.67000000e+03,2.61989927e+01,5.81977819e-04,1.00000000e+00,9.16911237e+00
8.68000000e+03,2.62048929e+01,5.96403876e-04,1.00000000e+00,9.17879609e+00
8.69000000e+03,2.62109251e+01,6.08234444e-04,1.00000000e+00,9.16972967e+00
8.70000000e+03,2.62170499e+01,6.15266521e-04,1.00000000e+00,9.16909966e+00
8.71000000e+03,2.62232264e+01,6.19311533e-04,1.00000000e+00,9.16400199e+00
8.72000000e+03,2.62294345e+01,6.22004488e-04,1.00000000e+00,9.17527664e+00
8.73000000e+03,2.62356719e+01,6.25439176e-04,1.00000000e+00,9.17162838e+00
8.74000000e+03,2.62419588e+01,6.31910244e-04,1.00000000e+00,9.16891314e+00
8.75000000e+03,2.62483296e+01,6.41632311e-04,1.00000000e+00,9.16811433e+00
8.76000000e+03,2.62548063e+01,6.52632663e-04,1.00000000e+00,9.18014446e+00
8.77000000e+03,2.62613890e+01,6.62540068e-04,1.00000000e+00,9.16937685e+00
8.78000000e+03,2.62680534e+01,6.68981064e-04,1.00000000e+00,9.16909778e+00
8.79000000e+03,2.62747553e+01,6.70934060e-04,1.00000000e+00,9.16901858e+00
8.80000000e+03,2.62814806e+01,6.74093306e-04,1.00000000e+00,9.16947276e+00
8.81000000e+03,2.62882471e+01,6.79000891e-04,1.00000000e+00,9.16097894e+00
8.82000000e+03,2.62950713e+01,6.85373978e-04,1.00000000e+00,9.15410708e+00
8.83000000e+03,2.63019647e+01,6.92763956e-04,1.00000000e+00,9.16092424e+00
8.84000000e+03,2.63089375e+01,7.01064820e-04,1.00000000e+00,9.18865186e+00
8.85000000e+03,2.63159957e+01,7.09828112e-04,1.00000000e+00,9.18899884e+00
8.86000000e+03,2.63231475e+01,7.19822868e-04,1.00000000e+00,9.16968298e+00
8.87000000e+03,2.63304109e+01,7.32093207e-04,1.00000000e+00,9.16782829e+00
8.88000000e+03,2.63378155e+01,7.47916807e-04,1.00000000e+00,9.15674613e+00
8.89000000e+03,2.63454065e+01,7.69146444e-04,1.00000000e+00,9.16640232e+00
8.90000000e+03,2.63532384e+01,7.95254412e-04,1.00000000e+00,9.16465095e+00
8.91000000e+03,2.63613597e+01,8.28243361e-04,1.00000000e+00,9.17226790e+00
8.92000000e+03,2.63698826e+01,8.73262373e-04,1.00000000e+00,9.16261456e+00
8.93000000e+03,2.63788998e+01,9.25234110e-04,1.00000000e+00,9.18336257e+00
8.94000000e+03,2.63884130e+01,9.71170643e-04,1.00000000e+00,9.15518706e+00
8.95000000e+03,2.63983954e+01,1.02009590e-03,1.00000000e+00,9.14861218e+00
8.96000000e+03,2.64088785e+01,1.07206943e-03,1.00000000e+00,9.15202742e+00
8.97000000e+03,2.64199208e+01,1.13189423e-03,1.00000000e+00,9.16240928e+00
8.98000000e+03,2.64316207e+01,1.20310500e-03,1.00000000e+00,9.13889890e+00
8.99000000e+03,2.64440723e+01,1.27844444e-03,1.00000000e+00,9.14654240e+00
9.00000000e+03,2.64571151e+01,1.31899858e-03,1.00000000e+00,9.15439317e+00
9.01000000e+03,2.64704446e+01,1.34372413e-03,1.00000000e+00,9.17900338e+00
9.02000000e+03,2.64839921e+01,1.36265969e-03,1.00000000e+00,9.16206220e+00
9.03000000e+03,2.64976904e+01,1.37496255e-03,2.00000000e+00,2.73165886e+01
9.04000000e+03,2.65114942e+01,1.37352730e-03,1.00000000e+00,9.16869288e+00
9.05000000e+03,2.65250591e+01,1.34388096e-03,1.00000000e+00,9.15593372e+00
9.06000000e+03,2.65383492e+01,1.31843384e-03,1.00000000e+00,9.16388255e+00
9.07000000e+03,2.65514294e+01,1.30204318e-03,1.00000000e+00,9.17188648e+00
9.08000000e+03,2.65643843e+01,1.29017583e-03,1.00000000e+00,9.17589246e+00
9.09000000e+03,2.65772296e+01,1.27995428e-03,1.00000000e+00,9.14864657e+00
9.10000000e+03,2.65899787e+01,1.27074148e-03,1.00000000e+00,9.16322334e+00
9.11000000e+03,2.66026465e+01,1.26429849e-03,1.00000000e+00,9.15185052e+00
9.12000000e+03,2.66152695e+01,1.26107021e-03,1.00000000e+00,9.16959673e+00
9.13000000e+03,2.66278607e+01,1.25795993e-03,1.00000000e+00,9.15260047e+00
9.14000000e+03,2.66404349e+01,1.25657085e-03,1.00000000e+00,9.15743565e+00
9.15000000e+03,2.66529947e+01,1.25527463e-03,1.00000000e+00,9.15922598e+00
9.16000000e+03,2.66655467e+01,1.25492265e-03,1.00000000e+00,9.17006550e+00
9.17000000e+03,2.66781016e+01,1.25564785e-03,1.00000000e+00,9.16425861e+00
9.18000000e+03,2.66906657e+01,1.25691067e-03,1.00000000e+00,9.15717567e+00
9.19000000e+03,2.67032199e+01,1.25423616e-03,1.00000000e+00,9.15347648e+00
9.20000000e+03,2.67157440e+01,1.25075643e-03,1.00000000e+00,9.16913079e+00
9.21000000e+03,2.67282521e+01,1.25048424e-03,1.00000000e+00,9.15736393e+00
9.22000000e+03,2.67407391e+01,1.24825910e-03,1.00000000e+00,9.16613567e+00
9.23000000e+03,2.67532034e+01,1.24493020e-03,1.00000000e+00,9.15690513e+00
9.24000000e+03,2.67656520e+01,1.24417405e-03,1.00000000e+00,9.16596270e+00
9.25000000e+03,2.67780620e+01,1.23857671e-03,1.00000000e+00,9.16982605e+00
9.26000000e+03,2.67903915e+01,1.22856950e-03,1.00000000e+00,9.19015117e+00
9.27000000e+03,2.68026307e+01,1.21993162e-03,1.00000000e+00,9.19918549e+00
9.28000000e+03,2.68147716e+01,1.20882866e-03,1.00000000e+00,9.20156088e+00
9.29000000e+03,2.68268085e+01,1.19906967e-03,1.00000000e+00,9.19020331e+00
9.30000000e+03,2.68387339e+01,1.18627535e-03,1.00000000e+00,9.20075416e+00
9.31000000e+03,2.68505409e+01,1.17632719e-03,1.00000000e+00,9.20175720e+00
9.32000000e+03,2.68622506e+01,1.16671020e-03,1.00000000e+00,9.20045036e+00
9.33000000e+03,2.68738782e+01,1.15938523e-03,1.00000000e+00,9.18014574e+00
9.34000000e+03,2.68854273e+01,1.15179463e-03,2.00000000e+00,2.73706095e+01
9.35000000e+03,2.68969378e+01,1.14793540e-03,1.00000000e+00,9.21684488e+00
9.36000000e+03,2.69083898e+01,1.14326335e-03,1.00000000e+00,9.20525853e+00
9.37000000e+03,2.69198124e+01,1.14030634e-03,1.00000000e+00,9.19400190e+00
9.38000000e+03,2.69311714e+01,1.13319125e-03,1.00000000e+00,9.21324284e+00
9.39000000e+03,2.69424729e+01,1.12851861e-03,1.00000000e+00,9.20761228e+00
9.40000000e+03,2.69537534e+01,1.12910884e-03,1.00000000e+00,9.20287816e+00
9.41000000e+03,2.69650485e+01,1.12980804e-03,1.00000000e+00,9.19881861e+00
9.42000000e+03,2.69763560e+01,1.13059714e-03,1.00000000e+00,9.20359444e+00
9.43000000e+03,2.69876762e+01,1.13271362e-03,1.00000000e+00,9.21732842e+00
9.44000000e+03,2.69990059e+01,1.13280120e-03,1.00000000e+00,9.20305403e+00
9.45000000e+03,2.70103453e+01,1.13379712e-03,1.00000000e+00,9.19845408e+00
9.46000000e+03,2.70216933e+01,1.13559029e-03,1.00000000e+00,9.20147562e+00
9.47000000e+03,2.70330544e+01,1.13676122e-03,1.00000000e+00,9.20998564e+00
9.48000000e+03,2.70444313e+01,1.13877560e-03,1.00000000e+00,9.19901824e+00
9.49000000e+03,2.70558241e+01,1.13983179e-03,1.00000000e+00,9.19860649e+00
9.50000000e+03,2.70672411e+01,1.14505313e-03,1.00000000e+00,9.19794909e+00
9.51000000e+03,2.70787103e+01,1.14934073e-03,1.00000000e+00,9.21570102e+00
9.52000000e+03,2.70902385e+01,1.15632794e-03,1.00000000e+00,9.22036094e+00
9.53000000e+03,2.71018459e+01,1.16541390e-03,1.00000000e+00,9.20060293e+00
9.54000000e+03,2.71135537e+01,1.17585313e-03,1.00000000e+00,9.20631321e+00
9.55000000e+03,2.71253800e+01,1.18799068e-03,1.00000000e+00,9.20855268e+00
9.56000000e+03,2.71373367e+01,1.20197550e-03,1.00000000e+00,9.20605324e+00
9.57000000e+03,2.71494312e+01,1.21485033e-03,1.00000000e+00,9.20003281e+00
9.58000000e+03,2.71616609e+01,1.22924036e-03,1.00000000e+00,9.20094265e+00
9.59000000e+03,2.71740408e+01,1.24881724e-03,1.00000000e+00,9.20226990e+00
9.60000000e+03,2.71866083e+01,1.26229155e-03,1.00000000e+00,9.21574628e+00
9.61000000e+03,2.71992904e+01,1.27310197e-03,1.00000000e+00,9.19472685e+00
9.62000000e+03,2.72120927e+01,1.29076604e-03,1.00000000e+00,9.19787001e+00
9.63000000e+03,2.72251454e+01,1.31741640e-03,1.00000000e+00,9.20232649e+00
9.64000000e+03,2.72384352e+01,1.33842534e-03,2.00000000e+00,2.73642895e+01
9.65000000e+03,2.72520460e+01,1.37596104e-03,1.00000000e+00,9.18989546e+00
9.66000000e+03,2.72659513e+01,1.40266765e-03,1.00000000e+00,9.14896790e+00
9.67000000e+03,2.72801255e+01,1.42966482e-03,1.00000000e+00,9.16111129e+00
9.68000000e+03,2.72945762e+01,1.45798572e-03,1.00000000e+00,9.15052763e+00
9.69000000e+03,2.73093224e+01,1.48812262e-03,1.00000000e+00,9.14119842e+00
9.70000000e+03,2.73243775e+01,1.52010215e-03,1.00000000e+00,9.13735799e+00
9.71000000e+03,2.73397723e+01,1.55590692e-03,1.00000000e+00,9.15333119e+00
9.72000000e+03,2.73555488e+01,1.59576071e-03,1.00000000e+00,9.14905419e+00
9.73000000e+03,2.73717449e+01,1.63945428e-03,1.00000000e+00,9.13307568e+00
9.74000000e+03,2.73884046e+01,1.68881890e-03,1.00000000e+00,9.14485003e+00
9.75000000e+03,2.74055529e+01,1.73622257e-03,1.00000000e+00,9.16545969e+00
9.76000000e+03,2.74231822e+01,1.78508020e-03,1.00000000e+00,9.14906673e+00
9.77000000e+03,2.74413146e+01,1.83674829e-03,1.00000000e+00,9.14114761e+00
9.78000000e+03,2.74599822e+01,1.89183730e-03,1.00000000e+00,9.14233345e+00
9.79000000e+03,2.74792191e+01,1.95023799e-03,2.00000000e+00,2.72721851e+01
9.80000000e+03,2.74990951e+01,2.01669582e-03,1.00000000e+00,9.16229915e+00
9.81000000e+03,2.75196209e+01,2.08535909e-03,1.00000000e+00,9.14807850e+00
9.82000000e+03,2.75406179e+01,2.07552866e-03,1.00000000e+00,9.16039542e+00
9.83000000e+03,2.75609213e+01,2.00534010e-03,1.00000000e+00,9.15410524e+00
9.84000000e+03,2.75808333e+01,1.98576909e-03,1.00000000e+00,9.19319515e+00
9.85000000e+03,2.76007231e+01,1.99332071e-03,1.00000000e+00,9.18686641e+00
9.86000000e+03,2.76209191e+01,2.05111772e-03,1.00000000e+00,9.20334381e+00
9.87000000e+03,2.76424293e+01,2.28500813e-03,1.00000000e+00,9.19870529e+00
9.88000000e+03,2.76665428e+01,2.40874479e-03,1.00000000e+00,9.17990252e+00
9.89000000e+03,2.76903638e+01,2.34529048e-03,1.00000000e+00,9.18717715e+00
9.90000000e+03,2.77131783e+01,2.23118346e-03,1.00000000e+00,9.19037449e+00
9.91000000e+03,2.77348953e+01,2.12614746e-03,1.00000000e+00,9.20393665e+00
9.92000000e+03,2.77556101e+01,2.02588322e-03,1.00000000e+00,2.74049835e+01
9.93000000e+03,2.77753353e+01,1.92843724e-03,1.00000000e+00,2.94429987e+01
9.94000000e+03,2.77941071e+01,1.83791574e-03,1.00000000e+00,3.04249531e+01
9.95000000e+03,2.78120367e+01,1.75715567e-03,1.00000000e+00,3.02564349e+01
9.96000000e+03,2.78292412e+01,1.69398831e-03,1.00000000e+00,2.97449355e+01
9.97000000e+03,2.78459269e+01,1.65024397e-03,1.00000000e+00,2.85980319e+01
9.98000000e+03,2.78622717e+01,1.62469570e-03,1.00000000e+00,3.20249885e+01
9.99000000e+03,2.78784913e+01,1.62444553e-03,1.00000000e+00,3.18990378e+01
1.00000000e+04,2.78949073e+01,1.66430589e-03,1.00000000e+00,2.96105220e+01
1.00100000e+04,2.79120982e+01,1.77406810e-03,1.00000000e+00,2.84446469e+01
1.00200000e+04,2.79306634e+01,1.93129865e-03,1.00000000e+00,2.85489649e+01
1.00300000e+04,2.79511260e+01,2.14977816e-03,1.00000000e+00,2.95119863e+01
1.00400000e+04,2.79740150e+01,2.39831291e-03,1.00000000e+00,3.12719905e+01
1.00500000e+04,2.79987715e+01,2.50457545e-03,1.00000000e+00,3.23038961e+01
1.00600000e+04,2.80234212e+01,2.39869975e-03,1.00000000e+00,2.94722622e+01
1.00700000e+04,2.80461407e+01,2.18578421e-03,1.00000000e+00,3.23900016e+01
1.00800000e+04,2.80678558e+01,2.18918863e-03,1.00000000e+00,3.01608667e+01
1.00900000e+04,2.80900470e+01,2.24304234e-03,1.00000000e+00,3.04366087e+01
1.01000000e+04,2.81122156e+01,2.18474250e-03,1.00000000e+00,3.24899856e+01
1.01100000e+04,2.81337509e+01,2.13123218e-03,1.00000000e+00,3.15528313e+01
1.01200000e+04,2.81549070e+01,2.10853087e-03,1.00000000e+00,2.88714967e+01
1.01300000e+04,2.81759932e+01,2.10941749e-03,1.00000000e+00,3.35226192e+01
1.01400000e+04,2.81971279e+01,2.11851646e-03,1.00000000e+00,3.02629802e+01
1.01500000e+04,2.82184213e+01,2.13981127e-03,1.00000000e+00,3.03519899e+01
1.01600000e+04,2.82399917e+01,2.17356173e-03,1.00000000e+00,2.88499566e+01
1.01700000e+04,2.82619775e+01,2.22013142e-03,1.00000000e+00,3.01304968e+01
1.01800000e+04,2.82844658e+01,2.27259834e-03,1.00000000e+00,2.70692877e+01
1.01900000e+04,2.83075272e+01,2.33791895e-03,1.00000000e+00,3.18369994e+01
1.02000000e+04,2.83313985e+01,2.43094306e-03,1.00000000e+00,2.88759783e+01
1.02100000e+04,2.83561661e+01,2.48684284e-03,1.00000000e+00,2.62139445e+01
1.02200000e+04,2.83808773e+01,2.45779679e-03,1.00000000e+00,3.15087288e+01
1.02300000e+04,2.84052720e+01,2.42498902e-03,1.00000000e+00,3.12629561e+01
1.02400000e+04,2.84293452e+01,2.39550021e-03,1.00000000e+00,3.04889889e+01
1.02500000e+04,2.84531774e+01,2.36779445e-03,1.00000000e+00,3.03763816e+01
1.02600000e+04,2.84765545e+01,2.31154109e-03,1.00000000e+00,3.16279120e+01
1.02700000e+04,2.84993088e+01,2.24433000e-03,1.00000000e+00,2.92555003e+01
1.02800000e+04,2.85214115e+01,2.18892382e-03,1.00000000e+00,3.00264601e+01
1.02900000e+04,2.85430848e+01,2.15388874e-03,1.00000000e+00,2.98422974e+01
1.03000000e+04,2.85645098e+01,2.14121690e-03,1.00000000e+00,2.94209840e+01
1.03100000e+04,2.85860737e+01,2.17186263e-03,1.00000000e+00,2.77654980e+01
1.03200000e+04,2.86079693e+01,2.20759514e-03,1.00000000e+00,3.09749605e+01
1.03300000e+04,2.86302892e+01,2.25516768e-03,1.00000000e+00,3.05534873e+01
1.03400000e+04,2.86531748e+01,2.31098603e-03,1.00000000e+00,2.96755385e+01
1.03500000e+04,2.86766699e+01,2.37820036e-03,1.00000000e+00,2.57849973e+01
1.03600000e+04,2.87004074e+01,2.37672829e-03,1.00000000e+00,2.98746190e+01
1.03700000e+04,2.87243973e+01,2.42572956e-03,2.00000000e+00,7.96783608e+01
1.03800000e+04,2.87487807e+01,2.41992736e-03,1.00000000e+00,2.91029909e+01
1.03900000e+04,2.87727146e+01,2.37731482e-03,1.00000000e+00,3.36064891e+01
1.04000000e+04,2.87964810e+01,2.37829371e-03,1.00000000e+00,2.89059891e+01
1.04100000e+04,2.88202732e+01,2.37804279e-03,1.00000000e+00,3.23499670e+01
1.04200000e+04,2.88440210e+01,2.37689097e-03,1.00000000e+00,3.06969825e+01
1.04300000e+04,2.88677119e+01,2.35193347e-03,1.00000000e+00,3.12789490e+01
1.04400000e+04,2.88908326e+01,2.28323344e-03,1.00000000e+00,3.08001656e+01
1.04500000e+04,2.89133474e+01,2.22826309e-03,1.00000000e+00,3.35584733e+01
1.04600000e+04,2.89353746e+01,2.18225181e-03,1.00000000e+00,2.88219776e+01
1.04700000e+04,2.89569834e+01,2.14360471e-03,1.00000000e+00,3.08729708e+01
1.04800000e+04,2.89782380e+01,2.11241633e-03,1.00000000e+00,2.95261678e+01
1.04900000e+04,2.89992105e+01,2.08514902e-03,1.00000000e+00,3.29959937e+01
1.05000000e+04,2.90198727e+01,2.04729748e-03,1.00000000e+00,3.02079696e+01
1.05100000e+04,2.90400398e+01,1.99183477e-03,1.00000000e+00,3.14619929e+01
1.05200000e+04,2.90574443e+01,1.57704886e-03,1.00000000e+00,2.84036298e+01
1.05300000e+04,2.90723252e+01,1.43875399e-03,1.00000000e+00,2.96196979e+01
1.05400000e+04,2.90866838e+01,1.46995424e-03,1.00000000e+00,2.85390734e+01
1.05500000e+04,2.91017804e+01,1.53727813e-03,1.00000000e+00,3.14829735e+01
1.05600000e+04,2.91172907e+01,1.55648496e-03,1.00000000e+00,2.57959849e+01
1.05700000e+04,2.91327568e+01,1.53259269e-03,1.00000000e+00,3.11969789e+01
1.05800000e+04,2.91479115e+01,1.50565293e-03,1.00000000e+00,3.04089583e+01
1.05900000e+04,2.91631211e+01,1.51850110e-03,1.00000000e+00,3.14450028e+01
1.06000000e+04,2.91779611e+01,1.45578224e-03,1.00000000e+00,2.87299779e+01
1.06100000e+04,2.91921879e+01,1.39693661e-03,1.00000000e+00,3.16289708e+01
1.06200000e+04,2.92058405e+01,1.34098272e-03,1.00000000e+00,2.96139597e+01
1.06300000e+04,2.92189503e+01,1.28628213e-03,1.00000000e+00,2.95879762e+01
1.06400000e+04,2.92315360e+01,1.23593955e-03,1.00000000e+00,2.99569737e+01
1.06500000e+04,2.92436175e+01,1.18581309e-03,1.00000000e+00,2.93219708e+01
1.06600000e+04,2.92552052e+01,1.13549634e-03,1.00000000e+00,3.02919855e+01
1.06700000e+04,2.92662902e+01,1.08635543e-03,1.00000000e+00,2.90670031e+01
1.06800000e+04,2.92769073e+01,1.04525961e-03,1.00000000e+00,2.89780188e+01
1.06900000e+04,2.92872827e+01,1.03541153e-03,1.00000000e+00,2.42379948e+01
1.07000000e+04,2.92977296e+01,1.05339046e-03,1.00000000e+00,3.06561477e+01
1.07100000e+04,2.93083595e+01,1.07036640e-03,1.00000000e+00,3.03659911e+01
1.07200000e+04,2.93191576e+01,1.08698887e-03,1.00000000e+00,3.20808740e+01
1.07300000e+04,2.93301198e+01,1.10336146e-03,1.00000000e+00,2.97974993e+01
1.07400000e+04,2.93412096e+01,1.11656059e-03,1.00000000e+00,3.04699853e+01
1.07500000e+04,2.93524460e+01,1.12421460e-03,1.00000000e+00,2.97260189e+01
1.07600000e+04,2.93638210e+01,1.14463836e-03,1.00000000e+00,2.92341059e+01
1.07700000e+04,2.93753359e+01,1.15610816e-03,1.00000000e+00,3.05685944e+01
1.07800000e+04,2.93869379e+01,1.16358624e-03,1.00000000e+00,2.77264760e+01
1.07900000e+04,2.93985908e+01,1.16461674e-03,1.00000000e+00,2.94620065e+01
1.08000000e+04,2.94102092e+01,1.15936335e-03,1.00000000e+00,2.99785130e+01
1.08100000e+04,2.94217364e+01,1.14593863e-03,1.00000000e+00,2.92269708e+01
1.08200000e+04,2.94330619e+01,1.12089484e-03,1.00000000e+00,3.08079833e+01
1.08300000e+04,2.94440792e+01,1.08499554e-03,1.00000000e+00,2.96079678e+01
1.08400000e+04,2.94546884e+01,1.04018252e-03,1.00000000e+00,2.93881729e+01
1.08500000e+04,2.94647411e+01,9.89437482e-04,1.00000000e+00,3.05499959e+01
1.08600000e+04,2.94743136e+01,9.30738914e-04,1.00000000e+00,2.91239913e+01
1.08700000e+04,2.94833245e+01,8.79049064e-04,1.00000000e+00,2.98089704e+01
1.08800000e+04,2.94918572e+01,8.33875339e-04,1.00000000e+00,2.93579801e+01
1.08900000e+04,2.95000082e+01,8.01174969e-04,1.00000000e+00,3.10439894e+01
1.09000000e+04,2.95078793e+01,7.76875116e-04,1.00000000e+00,3.17669615e+01
1.09100000e+04,2.95155567e+01,7.61995025e-04,1.00000000e+00,3.03867722e+01
1.09200000e+04,2.95231394e+01,7.56066891e-04,1.00000000e+00,3.20369755e+01
1.09300000e+04,2.95306831e+01,7.53104691e-04,1.00000000e+00,3.33239647e+01
1.09400000e+04,2.95382145e+01,7.52893132e-04,1.00000000e+00,2.85769839e+01
1.09500000e+04,2.95457544e+01,7.55501594e-04,1.00000000e+00,2.99579737e+01
1.09600000e+04,2.95533760e+01,7.72070985e-04,1.00000000e+00,3.08727985e+01
1.09700000e+04,2.95613650e+01,8.25969363e-04,1.00000000e+00,2.89024872e+01
1.09800000e+04,2.95697954e+01,8.44366426e-04,1.00000000e+00,2.92825846e+01
1.09900000e+04,2.95782089e+01,8.40784403e-04,1.00000000e+00,3.01084589e+01
1.10000000e+04,2.95867970e+01,8.83816562e-04,1.00000000e+00,2.94799816e+01
1.10100000e+04,2.95961493e+01,9.86449902e-04,1.00000000e+00,3.02889787e+01
1.10200000e+04,2.96070444e+01,1.20258085e-03,1.00000000e+00,3.00780116e+01
1.10300000e+04,2.96203484e+01,1.35409956e-03,1.00000000e+00,2.82274440e+01
1.10400000e+04,2.96336536e+01,1.31173494e-03,1.00000000e+00,3.01129852e+01
1.10500000e+04,2.96466194e+01,1.28604866e-03,1.00000000e+00,3.15559922e+01
1.10600000e+04,2.96593367e+01,1.25963491e-03,1.00000000e+00,3.07979815e+01
1.10700000e+04,2.96717786e+01,1.23067190e-03,1.00000000e+00,3.00384778e+01
1.10800000e+04,2.96839279e+01,1.20220010e-03,1.00000000e+00,3.48080081e+01
1.10900000e+04,2.96957992e+01,1.17499696e-03,1.00000000e+00,3.07916474e+01
1.11000000e+04,2.97074094e+01,1.14995224e-03,1.00000000e+00,2.99079093e+01
1.11100000e+04,2.97187759e+01,1.12576002e-03,1.00000000e+00,3.05036837e+01
1.11200000e+04,2.97299106e+01,1.10426597e-03,1.00000000e+00,3.18429704e+01
1.11300000e+04,2.97408615e+01,1.08888696e-03,1.00000000e+00,3.10799846e+01
1.11400000e+04,2.97516987e+01,1.08074408e-03,1.00000000e+00,3.31024994e+01
1.11500000e+04,2.97625100e+01,1.08278008e-03,1.00000000e+00,3.01065648e+01
1.11600000e+04,2.97733776e+01,1.09023863e-03,1.00000000e+00,3.16165509e+01
1.11700000e+04,2.97843442e+01,1.10374572e-03,1.00000000e+00,2.49324911e+01
1.11800000e+04,2.97955186e+01,1.13034265e-03,1.00000000e+00,2.95249876e+01
1.11900000e+04,2.98069934e+01,1.16312219e-03,1.00000000e+00,3.14186852e+01
1.12000000e+04,2.98189180e+01,1.22193372e-03,1.00000000e+00,3.25439606e+01
1.12100000e+04,2.98316326e+01,1.31745646e-03,1.00000000e+00,2.62619815e+01
1.12200000e+04,2.98454502e+01,1.41271214e-03,1.00000000e+00,3.17969729e+01
1.12300000e+04,2.98594029e+01,1.38102292e-03,1.00000000e+00,2.99479941e+01
1.12400000e+04,2.98730272e+01,1.34627591e-03,1.00000000e+00,3.03829847e+01
1.12500000e+04,2.98862696e+01,1.31334211e-03,1.00000000e+00,2.89176559e+01
1.12600000e+04,2.98995374e+01,1.34317146e-03,1.00000000e+00,2.97499474e+01
1.12700000e+04,2.99132234e+01,1.39031792e-03,1.00000000e+00,2.75615991e+01
1.12800000e+04,2.99272429e+01,1.39176546e-03,1.00000000e+00,3.07714878e+01
1.12900000e+04,2.99410197e+01,1.36656693e-03,1.00000000e+00,2.80239980e+01
1.13000000e+04,2.99545847e+01,1.34759744e-03,1.00000000e+00,3.11568093e+01
1.13100000e+04,2.99680051e+01,1.33886963e-03,1.00000000e+00,2.87867443e+01
1.13200000e+04,2.99813478e+01,1.33094523e-03,1.00000000e+00,2.93894716e+01
1.13300000e+04,2.99945971e+01,1.31839526e-03,1.00000000e+00,2.94469850e+01
1.13400000e+04,3.00077091e+01,1.30495775e-03,1.00000000e+00,2.86209638e+01
1.13500000e+04,3.00207238e+01,1.29956710e-03,1.00000000e+00,2.87610023e+01
1.13600000e+04,3.00336986e+01,1.29632123e-03,1.00000000e+00,2.84149775e+01
1.13700000e+04,3.00466540e+01,1.29446226e-03,1.00000000e+00,2.93429578e+01
1.13800000e+04,3.00595774e+01,1.29136138e-03,1.00000000e+00,3.18497651e+01
1.13900000e+04,3.00725112e+01,1.29532593e-03,1.00000000e+00,2.89219577e+01
1.14000000e+04,3.00854973e+01,1.30182653e-03,1.00000000e+00,2.80025760e+01
1.14100000e+04,3.00985824e+01,1.31503196e-03,1.00000000e+00,2.83435806e+01
1.14200000e+04,3.01118729e+01,1.34267167e-03,1.00000000e+00,2.88879672e+01
1.14300000e+04,3.01252995e+01,1.33201655e-03,1.00000000e+00,2.88470281e+01
1.14400000e+04,3.01384848e+01,1.30875680e-03,1.00000000e+00,3.00869877e+01
1.14500000e+04,3.01514530e+01,1.28760179e-03,1.00000000e+00,2.84620294e+01
1.14600000e+04,3.01642220e+01,1.26839547e-03,1.00000000e+00,3.05779599e+01
1.14700000e+04,3.01768121e+01,1.25167681e-03,1.00000000e+00,2.99269574e+01
1.14800000e+04,3.01892353e+01,1.23573003e-03,1.00000000e+00,3.20280128e+01
1.14900000e+04,3.02015044e+01,1.22107569e-03,1.00000000e+00,3.02829834e+01
1.15000000e+04,3.02136460e+01,1.20880958e-03,1.00000000e+00,3.02844584e+01
1.15100000e+04,3.02256610e+01,1.19632572e-03,1.00000000e+00,2.91417881e+01
1.15200000e+04,3.02375630e+01,1.18464429e-03,1.00000000e+00,2.96550166e+01
1.15300000e+04,3.02493681e+01,1.17695689e-03,1.00000000e+00,2.75649827e+01
1.15400000e+04,3.02610794e+01,1.16708367e-03,1.00000000e+00,2.86439584e+01
1.15500000e+04,3.02727174e+01,1.16251147e-03,1.00000000e+00,2.68359820e+01
1.15600000e+04,3.02842727e+01,1.16204931e-03,1.00000000e+00,2.98920109e+01
1.15700000e+04,3.02958829e+01,1.15995234e-03,1.00000000e+00,2.96569923e+01
1.15800000e+04,3.03074881e+01,1.15990515e-03,1.00000000e+00,3.02784864e+01
1.15900000e+04,3.03191056e+01,1.16323993e-03,1.00000000e+00,3.06750355e+01
1.16000000e+04,3.03308090e+01,1.17636427e-03,1.00000000e+00,3.14047770e+01
1.16100000e+04,3.03426333e+01,1.18806176e-03,1.00000000e+00,3.15239644e+01
1.16200000e+04,3.03545856e+01,1.20182052e-03,1.00000000e+00,2.97059781e+01
1.16300000e+04,3.03666625e+01,1.21248762e-03,1.00000000e+00,2.99978340e+01
1.16400000e+04,3.03788466e+01,1.22215283e-03,1.00000000e+00,3.24650016e+01
1.16500000e+04,3.03911247e+01,1.23236911e-03,1.00000000e+00,3.11296952e+01
1.16600000e+04,3.04034780e+01,1.23762370e-03,1.00000000e+00,3.01173306e+01
1.16700000e+04,3.04158949e+01,1.24472869e-03,1.00000000e+00,3.29853349e+01
1.16800000e+04,3.04283706e+01,1.25152120e-03,1.00000000e+00,2.96579796e+01
1.16900000e+04,3.04409188e+01,1.25934241e-03,1.00000000e+00,2.77200110e+01
1.17000000e+04,3.04535461e+01,1.26692764e-03,1.00000000e+00,3.35939674e+01
1.17100000e+04,3.04662638e+01,1.27499283e-03,1.00000000e+00,3.17109887e+01
1.17200000e+04,3.04790540e+01,1.28242536e-03,1.00000000e+00,3.24745526e+01
1.17300000e+04,3.04919224e+01,1.29135654e-03,1.00000000e+00,2.97044975e+01
1.17400000e+04,3.05048994e+01,1.30331844e-03,1.00000000e+00,3.29579851e+01
1.17500000e+04,3.05179527e+01,1.30124090e-03,1.00000000e+00,3.15678547e+01
1.17600000e+04,3.05308822e+01,1.28697126e-03,1.00000000e+00,3.17090058e+01
1.17700000e+04,3.05436777e+01,1.27478640e-03,1.00000000e+00,2.92560590e+01
1.17800000e+04,3.05563941e+01,1.26969853e-03,1.00000000e+00,2.97919828e+01
1.17900000e+04,3.05690394e+01,1.26124485e-03,1.00000000e+00,3.00596244e+01
1.18000000e+04,3.05816048e+01,1.25129918e-03,1.00000000e+00,3.05779381e+01
1.18100000e+04,3.05940622e+01,1.24136984e-03,1.00000000e+00,3.03989687e+01
1.18200000e+04,3.06064125e+01,1.23081803e-03,1.00000000e+00,2.93998688e+01
1.18300000e+04,3.06185665e+01,1.20213334e-03,1.00000000e+00,2.97200020e+01
1.18400000e+04,3.06304379e+01,1.17545342e-03,1.00000000e+00,2.91649939e+01
1.18500000e+04,3.06420554e+01,1.15084723e-03,1.00000000e+00,2.95034973e+01
1.18600000e+04,3.06534344e+01,1.12727272e-03,1.00000000e+00,2.77049687e+01
1.18700000e+04,3.06645790e+01,1.10403224e-03,1.00000000e+00,2.92489854e+01
1.18800000e+04,3.06754950e+01,1.08162286e-03,1.00000000e+00,3.15354336e+01
1.18900000e+04,3.06862483e+01,1.07236858e-03,1.00000000e+00,3.01969764e+01
1.19000000e+04,3.06969529e+01,1.06912618e-03,1.00000000e+00,2.79669813e+01
1.19100000e+04,3.07076070e+01,1.06403786e-03,1.00000000e+00,3.07629962e+01
1.19200000e+04,3.07182271e+01,1.05998202e-03,1.00000000e+00,2.80110099e+01
1.19300000e+04,3.07288054e+01,1.05628646e-03,1.00000000e+00,2.97569853e+01
1.19400000e+04,3.07393438e+01,1.05165929e-03,1.00000000e+00,3.18089670e+01
1.19500000e+04,3.07498351e+01,1.04732924e-03,1.00000000e+00,2.83104786e+01
1.19600000e+04,3.07603010e+01,1.04709891e-03,1.00000000e+00,3.00889500e+01
1.19700000e+04,3.07708050e+01,1.05414646e-03,1.00000000e+00,2.88406717e+01
1.19800000e+04,3.07814040e+01,1.06483500e-03,1.00000000e+00,2.98640030e+01
1.19900000e+04,3.07921122e+01,1.07567479e-03,1.00000000e+00,2.90054878e+01
1.20000000e+04,3.08029242e+01,1.08554106e-03,1.00000000e+00,3.03669856e+01
1.20100000e+04,3.08138328e+01,1.09556069e-03,1.00000000e+00,2.97680380e+01
1.20200000e+04,3.08248469e+01,1.10615854e-03,1.00000000e+00,2.88099812e+01
1.20300000e+04,3.08359668e+01,1.11664520e-03,1.00000000e+00,2.87689563e+01
1.20400000e+04,3.08471200e+01,1.10691777e-03,1.00000000e+00,3.07020021e+01
1.20500000e+04,3.08580641e+01,1.08441420e-03,1.00000000e+00,3.03639436e+01
1.20600000e+04,3.08687902e+01,1.06312407e-03,1.00000000e+00,2.89209706e+01
1.20700000e+04,3.08793091e+01,1.04278169e-03,1.00000000e+00,3.03710026e+01
1.20800000e+04,3.08896228e+01,1.02180219e-03,1.00000000e+00,2.85760016e+01
1.20900000e+04,3.08997295e+01,1.00163845e-03,1.00000000e+00,2.84549856e+01
1.21000000e+04,3.09096504e+01,9.84573846e-04,1.00000000e+00,2.86034920e+01
1.21100000e+04,3.09194192e+01,9.70849759e-04,1.00000000e+00,2.95334401e+01
1.21200000e+04,3.09290768e+01,9.61880766e-04,1.00000000e+00,2.95969615e+01
1.21300000e+04,3.09386601e+01,9.55659514e-04,1.00000000e+00,2.84259757e+01
1.21400000e+04,3.09481885e+01,9.50677205e-04,1.00000000e+00,2.86457454e+01
1.21500000e+04,3.09576746e+01,9.47015386e-04,1.00000000e+00,2.85869698e+01
1.21600000e+04,3.09671318e+01,9.44851556e-04,1.00000000e+00,2.90392849e+01
1.21700000e+04,3.09765769e+01,9.45395517e-04,1.00000000e+00,2.88169837e+01
1.21800000e+04,3.09860384e+01,9.46939083e-04,1.00000000e+00,3.38289846e+01
1.21900000e+04,3.09955161e+01,9.48027599e-04,1.00000000e+00,2.89019879e+01
1.22000000e+04,3.10049795e+01,9.44182678e-04,1.00000000e+00,2.98369919e+01
1.22100000e+04,3.10143953e+01,9.39814966e-04,1.00000000e+00,3.08227204e+01
1.22200000e+04,3.10237838e+01,9.38678176e-04,1.00000000e+00,2.38687767e+01
1.22300000e+04,3.10331818e+01,9.39667693e-04,1.00000000e+00,2.84109959e+01
1.22400000e+04,3.10423838e+01,9.05183312e-04,1.00000000e+00,2.82119966e+01
1.22500000e+04,3.10512540e+01,8.72682919e-04,1.00000000e+00,3.17355691e+01
1.22600000e+04,3.10598083e+01,8.41803694e-04,1.00000000e+00,2.99859958e+01
1.22700000e+04,3.10680615e+01,8.12414737e-04,1.00000000e+00,3.30750097e+01
1.22800000e+04,3.10760304e+01,7.84550338e-04,1.00000000e+00,2.88179962e+01
1.22900000e+04,3.10837292e+01,7.57725636e-04,1.00000000e+00,2.67554906e+01
1.23000000e+04,3.10911710e+01,7.33037496e-04,1.00000000e+00,3.09181094e+01
1.23100000e+04,3.10983623e+01,7.08387348e-04,1.00000000e+00,3.04034490e+01
1.23200000e+04,3.11053017e+01,6.82400227e-04,1.00000000e+00,2.92414955e+01
1.23300000e+04,3.11119981e+01,6.59925482e-04,1.00000000e+00,2.93709924e+01
1.23400000e+04,3.11184943e+01,6.43221681e-04,1.00000000e+00,2.95349552e+01
1.23500000e+04,3.11248536e+01,6.30684381e-04,1.00000000e+00,2.86279779e+01
1.23600000e+04,3.11310951e+01,6.19085181e-04,1.00000000e+00,2.99609624e+01
1.23700000e+04,3.11372177e+01,6.06648089e-04,1.00000000e+00,3.08343552e+01
1.23800000e+04,3.11432055e+01,5.91989215e-04,1.00000000e+00,3.04769834e+01
1.23900000e+04,3.11490503e+01,5.77956172e-04,1.00000000e+00,2.86529695e+01
1.24000000e+04,3.11547487e+01,5.63082755e-04,1.00000000e+00,2.77449880e+01
1.24100000e+04,3.11602922e+01,5.46748977e-04,1.00000000e+00,3.00670028e+01
1.24200000e+04,3.11656780e+01,5.31468537e-04,1.00000000e+00,2.91345516e+01
1.24300000e+04,3.11709043e+01,5.15688674e-04,1.00000000e+00,2.29299478e+01
1.24400000e+04,3.11759629e+01,4.98254776e-04,1.00000000e+00,2.97207150e+01
1.24500000e+04,3.11808567e+01,4.81312600e-04,1.00000000e+00,2.97900297e+01
1.24600000e+04,3.11855440e+01,4.58562254e-04,1.00000000e+00,3.27706898e+01
1.24700000e+04,3.11900031e+01,4.35305483e-04,1.00000000e+00,2.83879748e+01
1.24800000e+04,3.11942267e+01,4.11824703e-04,1.00000000e+00,2.97109862e+01
1.24900000e+04,3.11982188e+01,3.89876039e-04,1.00000000e+00,2.95589899e+01
1.25000000e+04,3.12020536e+01,3.77828750e-04,1.00000000e+00,2.84480090e+01
1.25100000e+04,3.12057649e+01,3.65922513e-04,1.00000000e+00,2.92119773e+01
1.25200000e+04,3.12093767e+01,3.58306944e-04,1.00000000e+00,3.13050071e+01
1.25300000e+04,3.12129298e+01,3.52987092e-04,1.00000000e+00,2.85449921e+01
1.25400000e+04,3.12164456e+01,3.50123383e-04,1.00000000e+00,3.03584861e+01
1.25500000e+04,3.12199392e+01,3.48827115e-04,1.00000000e+00,2.89249776e+01
1.25600000e+04,3.12234214e+01,3.47825181e-04,1.00000000e+00,2.83754796e+01
1.25700000e+04,3.12268977e+01,3.47636542e-04,1.00000000e+00,3.16099950e+01
1.25800000e+04,3.12303732e+01,3.47646933e-04,1.00000000e+00,3.09749648e+01
1.25900000e+04,3.12338600e+01,3.49776660e-04,1.00000000e+00,2.78819684e+01
1.26000000e+04,3.12373714e+01,3.52060427e-04,1.00000000e+00,3.11404795e+01
1.26100000e+04,3.12409000e+01,3.53583874e-04,1.00000000e+00,3.15428206e+01
1.26200000e+04,3.12444413e+01,3.54457985e-04,1.00000000e+00,3.02909877e+01
1.26300000e+04,3.12480204e+01,3.60128191e-04,1.00000000e+00,2.56139915e+01
1.26400000e+04,3.12516070e+01,3.57744460e-04,1.00000000e+00,2.83729779e+01
1.26500000e+04,3.12551708e+01,3.55272765e-04,1.00000000e+00,3.01539678e+01
1.26600000e+04,3.12587071e+01,3.52255317e-04,1.00000000e+00,2.86189889e+01
1.26700000e+04,3.12622144e+01,3.49533619e-04,1.00000000e+00,2.91980095e+01
1.26800000e+04,3.12656932e+01,3.46593286e-04,1.00000000e+00,2.72570262e+01
1.26900000e+04,3.12691483e+01,3.44775068e-04,1.00000000e+00,3.25489546e+01
1.27000000e+04,3.12725916e+01,3.44188970e-04,1.00000000e+00,2.70059312e+01
1.27100000e+04,3.12760394e+01,3.45541003e-04,1.00000000e+00,3.25929448e+01
1.27200000e+04,3.12795183e+01,3.50277319e-04,1.00000000e+00,3.01059793e+01
1.27300000e+04,3.12830550e+01,3.56757946e-04,1.00000000e+00,3.05410177e+01
1.27400000e+04,3.12866618e+01,3.63800178e-04,1.00000000e+00,2.83309659e+01
1.27500000e+04,3.12903348e+01,3.70009685e-04,1.00000000e+00,2.79305202e+01
1.27600000e+04,3.12940633e+01,3.75008338e-04,1.00000000e+00,2.99399995e+01
1.27700000e+04,3.12978361e+01,3.79134074e-04,1.00000000e+00,2.92959852e+01
1.27800000e+04,3.13016483e+01,3.82887876e-04,1.00000000e+00,2.68009994e+01
1.27900000e+04,3.13054970e+01,3.86250376e-04,1.00000000e+00,2.95587514e+01
1.28000000e+04,3.13093743e+01,3.88738836e-04,1.00000000e+00,2.97889780e+01
1.28100000e+04,3.13132710e+01,3.90447384e-04,1.00000000e+00,2.84599709e+01
1.28200000e+04,3.13171793e+01,3.90770304e-04,1.00000000e+00,3.11500283e+01
1.28300000e+04,3.13210627e+01,3.84352577e-04,1.00000000e+00,2.99617828e+01
1.28400000e+04,3.13248494e+01,3.74738285e-04,1.00000000e+00,3.12309793e+01
1.28500000e+04,3.13285665e+01,3.69758145e-04,1.00000000e+00,2.77474905e+01
1.28600000e+04,3.13322399e+01,3.65634305e-04,1.00000000e+00,3.02860242e+01
1.28700000e+04,3.13358739e+01,3.61359813e-04,1.00000000e+00,2.83299853e+01
1.28800000e+04,3.13394539e+01,3.54688064e-04,1.00000000e+00,2.88409827e+01
1.28900000e+04,3.13429529e+01,3.45580992e-04,1.00000000e+00,3.35239983e+01
1.29000000e+04,3.13463391e+01,3.32631209e-04,1.00000000e+00,2.85790062e+01
1.29100000e+04,3.13495802e+01,3.17051096e-04,1.00000000e+00,3.08662552e+01
1.29200000e+04,3.13526999e+01,3.11767204e-04,1.00000000e+00,2.64194907e+01
1.29300000e+04,3.13558277e+01,3.11853512e-04,2.00000000e+00,8.50151513e+01
1.29400000e+04,3.13589774e+01,3.15656117e-04,1.00000000e+00,3.03259320e+01
1.29500000e+04,3.13621323e+01,3.15548412e-04,2.00000000e+00,8.53701700e+01
1.29600000e+04,3.13652886e+01,3.16197545e-04,1.00000000e+00,3.16758410e+01
1.29700000e+04,3.13684472e+01,3.15982183e-04,1.00000000e+00,3.06739853e+01
1.29800000e+04,3.13716092e+01,3.16291410e-04,1.00000000e+00,3.05079024e+01
1.29900000e+04,3.13747770e+01,3.16741967e-04,1.00000000e+00,2.95779412e+01
1.30000000e+04,3.13779477e+01,3.17355295e-04,2.00000000e+00,8.15021228e+01
1.30100000e+04,3.13811459e+01,3.19923182e-04,1.00000000e+00,2.88219542e+01
1.30200000e+04,3.13843446e+01,3.19160412e-04,1.00000000e+00,2.91038713e+01
1.30300000e+04,3.13875331e+01,3.18701542e-04,1.00000000e+00,2.88805610e+01
1.30400000e+04,3.13907124e+01,3.17775866e-04,1.00000000e+00,2.92949894e+01
1.30500000e+04,3.13938906e+01,3.17927688e-04,1.00000000e+00,2.79516345e+01
1.30600000e+04,3.13970714e+01,3.18238592e-04,1.00000000e+00,2.99009582e+01
1.30700000e+04,3.14002549e+01,3.18578901e-04,1.00000000e+00,3.08999630e+01
1.30800000e+04,3.14034424e+01,3.18670087e-04,1.00000000e+00,2.89144210e+01
1.30900000e+04,3.14066262e+01,3.17726830e-04,1.00000000e+00,3.02829721e+01
1.31000000e+04,3.14097936e+01,3.16081169e-04,1.00000000e+00,2.89342305e+01
1.31100000e+04,3.14129500e+01,3.15482185e-04,1.00000000e+00,2.88588683e+01
1.31200000e+04,3.14161053e+01,3.15560628e-04,1.00000000e+00,3.28879991e+01
1.31300000e+04,3.14192607e+01,3.15584353e-04,1.00000000e+00,3.00744808e+01
1.31400000e+04,3.14224174e+01,3.15692886e-04,1.00000000e+00,2.86980136e+01
1.31500000e+04,3.14255744e+01,3.15705996e-04,1.00000000e+00,2.93719880e+01
1.31600000e+04,3.14287313e+01,3.15673436e-04,1.00000000e+00,2.88349661e+01
1.31700000e+04,3.14318844e+01,3.14962381e-04,1.00000000e+00,2.48809798e+01
1.31800000e+04,3.14350316e+01,3.14552115e-04,1.00000000e+00,2.82954517e+01
1.31900000e+04,3.14381758e+01,3.14312155e-04,1.00000000e+00,3.08199769e+01
1.32000000e+04,3.14413177e+01,3.14120881e-04,1.00000000e+00,2.83739828e+01
1.32100000e+04,3.14444605e+01,3.14705269e-04,1.00000000e+00,2.96109812e+01
1.32200000e+04,3.14476098e+01,3.14950855e-04,1.00000000e+00,3.19055611e+01
1.32300000e+04,3.14507418e+01,3.10075212e-04,1.00000000e+00,2.97239989e+01
1.32400000e+04,3.14538701e+01,3.11053353e-04,1.00000000e+00,2.90977127e+01
1.32500000e+04,3.14570266e+01,3.17106917e-04,1.00000000e+00,2.84609778e+01
1.32600000e+04,3.14601934e+01,3.16473883e-04,1.00000000e+00,2.92360096e+01
1.32700000e+04,3.14633597e+01,3.16949007e-04,1.00000000e+00,2.81929903e+01
1.32800000e+04,3.14665395e+01,3.18940988e-04,1.00000000e+00,2.89339841e+01
1.32900000e+04,3.14697403e+01,3.20937507e-04,1.00000000e+00,2.95389898e+01
1.33000000e+04,3.14729591e+01,3.22561066e-04,1.00000000e+00,2.69010073e+01
1.33100000e+04,3.14761911e+01,3.23677247e-04,1.00000000e+00,3.05459937e+01
1.33200000e+04,3.14794322e+01,3.24429881e-04,1.00000000e+00,2.93990623e+01
1.33300000e+04,3.14826815e+01,3.25374690e-04,1.00000000e+00,2.92779887e+01
1.33400000e+04,3.14859414e+01,3.26586964e-04,1.00000000e+00,2.88694794e+01
1.33500000e+04,3.14892174e+01,3.28532059e-04,1.00000000e+00,2.84539859e+01
1.33600000e+04,3.14925164e+01,3.31123214e-04,1.00000000e+00,3.02009763e+01
1.33700000e+04,3.14958427e+01,3.33893336e-04,1.00000000e+00,2.98740723e+01
1.33800000e+04,3.14991992e+01,3.37184016e-04,1.00000000e+00,2.84449918e+01
1.33900000e+04,3.15025930e+01,3.41290846e-04,1.00000000e+00,2.89446459e+01
1.34000000e+04,3.15060323e+01,3.46203272e-04,1.00000000e+00,2.94529838e+01
1.34100000e+04,3.15095249e+01,3.51845689e-04,1.00000000e+00,2.85766409e+01
1.34200000e+04,3.15130836e+01,3.59299211e-04,1.00000000e+00,3.19294937e+01
1.34300000e+04,3.15167194e+01,3.67021955e-04,1.00000000e+00,2.79715197e+01
1.34400000e+04,3.15204316e+01,3.74565941e-04,1.00000000e+00,2.87849884e+01
1.34500000e+04,3.15242120e+01,3.80719129e-04,1.00000000e+00,2.97869935e+01
1.34600000e+04,3.15280429e+01,3.85053622e-04,1.00000000e+00,2.93060067e+01
1.34700000e+04,3.15319207e+01,3.90256784e-04,1.00000000e+00,2.95794189e+01
1.34800000e+04,3.15358586e+01,3.96689782e-04,1.00000000e+00,2.87219934e+01
1.34900000e+04,3.15398654e+01,4.03911776e-04,1.00000000e+00,2.97769789e+01
1.35000000e+04,3.15439470e+01,4.11331454e-04,1.00000000e+00,3.29469901e+01
1.35100000e+04,3.15481041e+01,4.19359163e-04,1.00000000e+00,2.95358671e+01
1.35200000e+04,3.15523406e+01,4.27059310e-04,1.00000000e+00,2.86699079e+01
1.35300000e+04,3.15566588e+01,4.35304762e-04,1.00000000e+00,2.96639806e+01
1.35400000e+04,3.15610658e+01,4.46872167e-04,1.00000000e+00,3.13649859e+01
1.35500000e+04,3.15656097e+01,4.60541250e-04,1.00000000e+00,2.81945776e+01
1.35600000e+04,3.15702889e+01,4.73865177e-04,1.00000000e+00,2.87287651e+01
1.35700000e+04,3.15750957e+01,4.85980233e-04,1.00000000e+00,2.85634498e+01
1.35800000e+04,3.15800169e+01,4.96751301e-04,1.00000000e+00,3.07703378e+01
1.35900000e+04,3.15850390e+01,5.06368752e-04,1.00000000e+00,3.14470060e+01
1.36000000e+04,3.15901548e+01,5.15384514e-04,1.00000000e+00,2.97049882e+01
1.36100000e+04,3.15953631e+01,5.24485943e-04,1.00000000e+00,2.91509718e+01
1.36200000e+04,3.16006593e+01,5.33092447e-04,1.00000000e+00,3.07759820e+01
1.36300000e+04,3.16060412e+01,5.42281916e-04,1.00000000e+00,3.27997056e+01
1.36400000e+04,3.16115055e+01,5.49658278e-04,1.00000000e+00,2.71689868e+01
1.36500000e+04,3.16172874e+01,5.94090729e-04,1.00000000e+00,2.81399803e+01
1.36600000e+04,3.16232600e+01,5.97226053e-04,1.00000000e+00,3.14809847e+01
1.36700000e+04,3.16292376e+01,5.97566284e-04,1.00000000e+00,2.96709837e+01
1.36800000e+04,3.16352215e+01,5.99330755e-04,1.00000000e+00,2.92229758e+01
1.36900000e+04,3.16412345e+01,6.03153018e-04,1.00000000e+00,2.90659510e+01
1.37000000e+04,3.16473056e+01,6.10427806e-04,1.00000000e+00,3.07280749e+01
1.37100000e+04,3.16534071e+01,6.09887764e-04,1.00000000e+00,2.33729837e+01
1.37200000e+04,3.16595016e+01,6.09286638e-04,1.00000000e+00,3.08761843e+01
1.37300000e+04,3.16656693e+01,6.35213916e-04,1.00000000e+00,2.86019520e+01
1.37400000e+04,3.16720928e+01,6.38352271e-04,1.00000000e+00,3.08968070e+01
1.37500000e+04,3.16784339e+01,6.31204345e-04,1.00000000e+00,3.09349852e+01
1.37600000e+04,3.16847049e+01,6.23278643e-04,1.00000000e+00,2.73110093e+01
1.37700000e+04,3.16908954e+01,6.14908736e-04,1.00000000e+00,2.92670832e+01
1.37800000e+04,3.16970017e+01,6.07555323e-04,1.00000000e+00,2.56969857e+01
1.37900000e+04,3.17030630e+01,6.05344350e-04,1.00000000e+00,3.13449887e+01
1.38000000e+04,3.17091014e+01,6.02011955e-04,1.00000000e+00,2.93449183e+01
1.38100000e+04,3.17150949e+01,5.96506695e-04,1.00000000e+00,2.90930238e+01
1.38200000e+04,3.17210111e+01,5.87279165e-04,1.00000000e+00,3.33812719e+01
1.38300000e+04,3.17268494e+01,5.80607950e-04,1.00000000e+00,2.82069547e+01
1.38400000e+04,3.17326099e+01,5.72577991e-04,1.00000000e+00,2.82404856e+01
1.38500000e+04,3.17382887e+01,5.64385308e-04,1.00000000e+00,2.66899858e+01
1.38600000e+04,3.17438905e+01,5.56750812e-04,1.00000000e+00,2.90469816e+01
1.38700000e+04,3.17494213e+01,5.50111670e-04,1.00000000e+00,3.11439655e+01
1.38800000e+04,3.17548894e+01,5.43210082e-04,1.00000000e+00,2.96104908e+01
1.38900000e+04,3.17602716e+01,5.34637007e-04,1.00000000e+00,3.01430024e+01
1.39000000e+04,3.17655906e+01,5.29662237e-04,1.00000000e+00,2.87079982e+01
1.39100000e+04,3.17708738e+01,5.27565044e-04,1.00000000e+00,2.74352326e+01
1.39200000e+04,3.17761439e+01,5.26967455e-04,1.00000000e+00,2.87129965e+01
1.39300000e+04,3.17814078e+01,5.26082293e-04,1.00000000e+00,2.82529841e+01
1.39400000e+04,3.17866761e+01,5.28167185e-04,1.00000000e+00,2.94100271e+01
1.39500000e+04,3.17919946e+01,5.35620507e-04,1.00000000e+00,2.90199880e+01
1.39600000e+04,3.17974083e+01,5.46391393e-04,1.00000000e+00,2.83419554e+01
1.39700000e+04,3.18029561e+01,5.63227256e-04,1.00000000e+00,3.02370134e+01
1.39800000e+04,3.18086935e+01,5.74765517e-04,1.00000000e+00,3.21303197e+01
1.39900000e+04,3.18143354e+01,5.58988203e-04,1.00000000e+00,2.95059601e+01
1.40000000e+04,3.18198957e+01,5.53623845e-04,1.00000000e+00,2.54789931e+01
1.40100000e+04,3.18254046e+01,5.48288072e-04,1.00000000e+00,3.08879865e+01
1.40200000e+04,3.18307663e+01,5.25147244e-04,1.00000000e+00,2.87709842e+01
1.40300000e+04,3.18358380e+01,4.99087436e-04,1.00000000e+00,2.78078618e+01
1.40400000e+04,3.18407810e+01,5.02873042e-04,1.00000000e+00,2.82878862e+01
1.40500000e+04,3.18459577e+01,5.21234343e-04,1.00000000e+00,3.14387113e+01
1.40600000e+04,3.18510814e+01,4.99104614e-04,1.00000000e+00,2.97205273e+01
1.40700000e+04,3.18558780e+01,4.65156747e-04,1.00000000e+00,3.07219427e+01
1.40800000e+04,3.18604873e+01,4.64170942e-04,1.00000000e+00,2.88369874e+01
1.40900000e+04,3.18651561e+01,4.62458342e-04,1.00000000e+00,2.79089886e+01
1.41000000e+04,3.18697475e+01,4.57514262e-04,1.00000000e+00,2.88879734e+01
1.41100000e+04,3.18742981e+01,4.53312513e-04,1.00000000e+00,3.09239542e+01
1.41200000e+04,3.18788165e+01,4.50570083e-04,1.00000000e+00,3.01229778e+01
1.41300000e+04,3.18833030e+01,4.47436563e-04,1.00000000e+00,2.90839649e+01
1.41400000e+04,3.18877626e+01,4.44558861e-04,1.00000000e+00,3.24714771e+01
1.41500000e+04,3.18921962e+01,4.42215876e-04,1.00000000e+00,2.78179998e+01
1.41600000e+04,3.18966078e+01,4.40316555e-04,1.00000000e+00,2.73909885e+01
1.41700000e+04,3.19010034e+01,4.39202905e-04,1.00000000e+00,9.14805579e+00
1.41800000e+04,3.19053878e+01,4.37987929e-04,1.00000000e+00,9.16829747e+00
1.41900000e+04,3.19098488e+01,4.66866522e-04,1.00000000e+00,9.16935291e+00
1.42000000e+04,3.19144182e+01,4.49766216e-04,1.00000000e+00,9.14768633e+00
1.42100000e+04,3.19188474e+01,4.38669855e-04,1.00000000e+00,9.14590803e+00
1.42200000e+04,3.19232416e+01,4.41166780e-04,1.00000000e+00,9.15738351e+00
1.42300000e+04,3.19276728e+01,4.44360564e-04,1.00000000e+00,9.16158692e+00
1.42400000e+04,3.19321251e+01,4.46419403e-04,1.00000000e+00,9.14566155e+00
1.42500000e+04,3.19366004e+01,4.48496895e-04,1.00000000e+00,9.15480925e+00
1.42600000e+04,3.19410939e+01,4.50166220e-04,1.00000000e+00,9.15748790e+00
1.42700000e+04,3.19455984e+01,4.51136703e-04,1.00000000e+00,9.16080267e+00
1.42800000e+04,3.19501149e+01,4.51827315e-04,1.00000000e+00,9.16533146e+00
1.42900000e+04,3.19546491e+01,4.54388604e-04,1.00000000e+00,9.14695597e+00
1.43000000e+04,3.19592154e+01,4.58181443e-04,1.00000000e+00,9.16804982e+00
1.43100000e+04,3.19638137e+01,4.61274130e-04,2.00000000e+00,2.72999806e+01
1.43200000e+04,3.19685643e+01,4.77808010e-04,1.00000000e+00,9.16453473e+00
1.43300000e+04,3.19744338e+01,7.35861435e-04,1.00000000e+00,9.16166268e+00
1.43400000e+04,3.19824699e+01,7.87304184e-04,1.00000000e+00,9.16988668e+00
1.43500000e+04,3.19897055e+01,6.70280431e-04,1.00000000e+00,9.16255314e+00
1.43600000e+04,3.19954024e+01,5.20002282e-04,2.00000000e+00,2.65615453e+01
1.43700000e+04,3.20006252e+01,5.12344873e-04,1.00000000e+00,9.58870079e+00
1.43800000e+04,3.20056522e+01,4.99048451e-04,1.00000000e+00,9.16189528e+00
1.43900000e+04,3.20106223e+01,4.95504052e-04,1.00000000e+00,9.16178063e+00
1.44000000e+04,3.20155641e+01,4.93171547e-04,1.00000000e+00,9.15406783e+00
1.44100000e+04,3.20204832e+01,4.91157722e-04,1.00000000e+00,9.16949277e+00
1.44200000e+04,3.20253903e+01,4.90097395e-04,1.00000000e+00,9.16159643e+00
1.44300000e+04,3.20302860e+01,4.89458748e-04,1.00000000e+00,9.15084983e+00
1.44400000e+04,3.20351808e+01,4.89554595e-04,1.00000000e+00,9.15862817e+00
1.44500000e+04,3.20401025e+01,4.98845470e-04,1.00000000e+00,9.15598116e+00
1.44600000e+04,3.20452536e+01,5.42542665e-04,1.00000000e+00,9.79456763e+00
1.44700000e+04,3.20510059e+01,6.05375788e-04,1.00000000e+00,1.22776663e+01
1.44800000e+04,3.20571200e+01,6.07676759e-04,1.00000000e+00,1.24515319e+01
1.44900000e+04,3.20631484e+01,5.98935674e-04,1.00000000e+00,1.26216387e+01
1.45000000e+04,3.20690880e+01,5.90358109e-04,1.00000000e+00,1.22267115e+01
1.45100000e+04,3.20749523e+01,5.82961006e-04,1.00000000e+00,1.26650411e+01
1.45200000e+04,3.20807547e+01,5.77906508e-04,1.00000000e+00,1.26636981e+01
1.45300000e+04,3.20865169e+01,5.74634757e-04,1.00000000e+00,1.22738218e+01
1.45400000e+04,3.20922336e+01,5.69748446e-04,1.00000000e+00,1.24706079e+01
1.45500000e+04,3.20979018e+01,5.64840481e-04,1.00000000e+00,1.24422367e+01
1.45600000e+04,3.21035194e+01,5.59286069e-04,1.00000000e+00,1.22698349e+01
1.45700000e+04,3.21090737e+01,5.52164988e-04,1.00000000e+00,1.25382943e+01
1.45800000e+04,3.21145473e+01,5.43601722e-04,1.00000000e+00,1.26080928e+01
1.45900000e+04,3.21199307e+01,5.34234323e-04,1.00000000e+00,1.23475508e+01
1.46000000e+04,3.21252164e+01,5.24133040e-04,1.00000000e+00,1.22572620e+01
1.46100000e+04,3.21304004e+01,5.14363754e-04,1.00000000e+00,1.28987657e+01
1.46200000e+04,3.21354963e+01,5.05771248e-04,1.00000000e+00,1.23055288e+01
1.46300000e+04,3.21405121e+01,4.97850696e-04,1.00000000e+00,1.22464503e+01
1.46400000e+04,3.21454517e+01,4.90469000e-04,1.00000000e+00,1.25815608e+01
1.46500000e+04,3.21503156e+01,4.83070633e-04,1.00000000e+00,1.23126077e+01
1.46600000e+04,3.21551073e+01,4.76051114e-04,1.00000000e+00,1.22876468e+01
1.46700000e+04,3.21598306e+01,4.69351477e-04,1.00000000e+00,1.29857169e+01
1.46800000e+04,3.21644894e+01,4.63089567e-04,1.00000000e+00,1.25388698e+01
1.46900000e+04,3.21690878e+01,4.57264519e-04,1.00000000e+00,1.22510083e+01
1.47000000e+04,3.21736308e+01,4.51944644e-04,1.00000000e+00,1.26474093e+01
1.47100000e+04,3.21781232e+01,4.47111617e-04,1.00000000e+00,1.34109501e+01
1.47200000e+04,3.21825714e+01,4.43043002e-04,1.00000000e+00,1.23205578e+01
1.47300000e+04,3.21869812e+01,4.39295582e-04,1.00000000e+00,1.26951063e+01
1.47400000e+04,3.21913532e+01,4.35469638e-04,1.00000000e+00,1.24462634e+01
1.47500000e+04,3.21956855e+01,4.31232999e-04,1.00000000e+00,1.23538090e+01
1.47600000e+04,3.21999708e+01,4.26406546e-04,1.00000000e+00,1.25653256e+01
1.47700000e+04,3.22042103e+01,4.21991100e-04,1.00000000e+00,1.25058570e+01
1.47800000e+04,3.22084254e+01,4.22343135e-04,1.00000000e+00,1.22825226e+01
1.47900000e+04,3.22126530e+01,4.23142402e-04,1.00000000e+00,1.25085486e+01
1.48000000e+04,3.22168900e+01,4.24190371e-04,1.00000000e+00,1.22909307e+01
1.48100000e+04,3.22211382e+01,4.25317736e-04,1.00000000e+00,1.38759728e+01
1.48200000e+04,3.22253973e+01,4.26419219e-04,1.00000000e+00,1.26046785e+01
1.48300000e+04,3.22296681e+01,4.27632125e-04,1.00000000e+00,1.23659972e+01
1.48400000e+04,3.22339518e+01,4.28965173e-04,1.00000000e+00,1.22398532e+01
1.48500000e+04,3.22382482e+01,4.30152241e-04,1.00000000e+00,1.29516791e+01
1.48600000e+04,3.22425587e+01,4.32446676e-04,1.00000000e+00,1.23310261e+01
1.48700000e+04,3.22468943e+01,4.34403065e-04,1.00000000e+00,1.23152333e+01
1.48800000e+04,3.22512497e+01,4.36336286e-04,1.00000000e+00,1.25296230e+01
1.48900000e+04,3.22556247e+01,4.37234857e-04,1.00000000e+00,1.23511280e+01
1.49000000e+04,3.22600042e+01,4.38412677e-04,1.00000000e+00,1.25516762e+01
1.49100000e+04,3.22643949e+01,4.39176626e-04,1.00000000e+00,1.24074525e+01
1.49200000e+04,3.22687866e+01,4.39380380e-04,1.00000000e+00,1.22929988e+01
1.49300000e+04,3.22731949e+01,4.41081441e-04,1.00000000e+00,1.27573702e+01
1.49400000e+04,3.22776109e+01,4.42683483e-04,1.00000000e+00,1.22762621e+01
1.49500000e+04,3.22820352e+01,4.42483408e-04,1.00000000e+00,1.24364955e+01
1.49600000e+04,3.22864638e+01,4.43105790e-04,1.00000000e+00,1.27132639e+01
1.49700000e+04,3.22908960e+01,4.43274221e-04,1.00000000e+00,1.22346808e+01
1.49800000e+04,3.22953349e+01,4.44399096e-04,1.00000000e+00,1.25034889e+01
1.49900000e+04,3.22997824e+01,4.45135440e-04,1.00000000e+00,1.25138443e+01
1.50000000e+04,3.23042403e+01,4.46308691e-04,1.00000000e+00,1.23156131e+01
1.50100000e+04,3.23087206e+01,4.48960977e-04,1.00000000e+00,1.25121014e+01
1.50200000e+04,3.23132284e+01,4.51826671e-04,1.00000000e+00,1.22488115e+01
1.50300000e+04,3.23177690e+01,4.55772044e-04,1.00000000e+00,1.22684456e+01
1.50400000e+04,3.23223429e+01,4.58685242e-04,1.00000000e+00,1.25134809e+01
1.50500000e+04,3.23269523e+01,4.62796841e-04,1.00000000e+00,1.22832427e+01
1.50600000e+04,3.23316027e+01,4.67355714e-04,1.00000000e+00,1.22619468e+01
1.50700000e+04,3.23363039e+01,4.72862808e-04,1.00000000e+00,1.26638353e+01
1.50800000e+04,3.23410599e+01,4.78492405e-04,1.00000000e+00,1.23691418e+01
1.50900000e+04,3.23458728e+01,4.83847988e-04,1.00000000e+00,1.22606142e+01
1.51000000e+04,3.23507467e+01,4.90002622e-04,1.00000000e+00,1.25647333e+01
1.51100000e+04,3.23556864e+01,4.96781036e-04,1.00000000e+00,1.24688908e+01
1.51200000e+04,3.23606963e+01,5.03928855e-04,1.00000000e+00,1.22859168e+01
1.51300000e+04,3.23657790e+01,5.11145492e-04,1.00000000e+00,1.25341291e+01
1.51400000e+04,3.23709353e+01,5.18681907e-04,1.00000000e+00,1.24788821e+01
1.51500000e+04,3.23761719e+01,5.27876745e-04,1.00000000e+00,1.23052672e+01
1.51600000e+04,3.23814889e+01,5.35122376e-04,1.00000000e+00,1.64610379e+01
1.51700000e+04,3.23868824e+01,5.43119133e-04,1.00000000e+00,1.24046986e+01
1.51800000e+04,3.23923490e+01,5.50342232e-04,1.00000000e+00,1.23420654e+01
1.51900000e+04,3.23979036e+01,5.60871529e-04,1.00000000e+00,1.25217284e+01
1.52000000e+04,3.24035763e+01,5.73084987e-04,1.00000000e+00,1.23370978e+01
1.52100000e+04,3.24093604e+01,5.82915416e-04,1.00000000e+00,1.22817987e+01
1.52200000e+04,3.24152366e+01,5.91555565e-04,1.00000000e+00,1.25401580e+01
1.52300000e+04,3.24212511e+01,6.08928886e-04,1.00000000e+00,1.24061037e+01
1.52400000e+04,3.24273919e+01,6.18658457e-04,1.00000000e+00,1.25764451e+01
1.52500000e+04,3.24336341e+01,6.29176488e-04,1.00000000e+00,1.25317051e+01
1.52600000e+04,3.24399857e+01,6.40806833e-04,1.00000000e+00,1.23618776e+01
1.52700000e+04,3.24464613e+01,6.53657508e-04,1.00000000e+00,1.28075553e+01
1.52800000e+04,3.24530695e+01,6.66870122e-04,1.00000000e+00,1.26190183e+01
1.52900000e+04,3.24598174e+01,6.81536301e-04,1.00000000e+00,1.22810322e+01
1.53000000e+04,3.24667163e+01,6.96767646e-04,1.00000000e+00,1.22523977e+01
1.53100000e+04,3.24737808e+01,7.14304067e-04,1.00000000e+00,1.24621553e+01
1.53200000e+04,3.24810360e+01,7.35040508e-04,1.00000000e+00,1.24398303e+01
1.53300000e+04,3.24885101e+01,7.58284500e-04,1.00000000e+00,1.22668932e+01
1.53400000e+04,3.24962317e+01,7.83869793e-04,1.00000000e+00,1.25492002e+01
1.53500000e+04,3.25042258e+01,8.12725428e-04,1.00000000e+00,1.23610803e+01
1.53600000e+04,3.25125216e+01,8.43727211e-04,1.00000000e+00,1.22945168e+01
1.53700000e+04,3.25211509e+01,8.78878778e-04,1.00000000e+00,1.65446430e+01
1.53800000e+04,3.25301557e+01,9.19030989e-04,1.00000000e+00,1.24133804e+01
1.53900000e+04,3.25395839e+01,9.62667679e-04,1.00000000e+00,1.22646952e+01
1.54000000e+04,3.25494566e+01,1.00734416e-03,1.00000000e+00,1.26243541e+01
1.54100000e+04,3.25597880e+01,1.05438314e-03,1.00000000e+00,1.22977581e+01
1.54200000e+04,3.25706035e+01,1.10400048e-03,2.00000000e+00,3.58178483e+01
1.54300000e+04,3.25819436e+01,1.15932962e-03,1.00000000e+00,1.25497087e+01
1.54400000e+04,3.25938539e+01,1.21756705e-03,1.00000000e+00,1.23317878e+01
1.54500000e+04,3.26063651e+01,1.27977017e-03,1.00000000e+00,1.24789951e+01
1.54600000e+04,3.26195318e+01,1.34710093e-03,1.00000000e+00,1.25198637e+01
1.54700000e+04,3.26333780e+01,1.41547574e-03,1.00000000e+00,1.23587563e+01
1.54800000e+04,3.26479161e+01,1.48542319e-03,1.00000000e+00,1.27104806e+01
1.54900000e+04,3.26631633e+01,1.55719352e-03,1.00000000e+00,1.27909221e+01
1.55000000e+04,3.26791359e+01,1.63021487e-03,1.00000000e+00,1.22615578e+01
1.55100000e+04,3.26958488e+01,1.70089717e-03,1.00000000e+00,1.24324909e+01
1.55200000e+04,3.27124901e+01,1.63572274e-03,1.00000000e+00,1.26645769e+01
1.55300000e+04,3.27285393e+01,1.58122791e-03,1.00000000e+00,1.23128641e+01
1.55400000e+04,3.27440974e+01,1.53633636e-03,1.00000000e+00,1.23084999e+01
1.55500000e+04,3.27592449e+01,1.49776997e-03,1.00000000e+00,1.26291418e+01
1.55600000e+04,3.27740371e+01,1.46484431e-03,1.00000000e+00,1.30056210e+01
1.55700000e+04,3.27885278e+01,1.43678998e-03,1.00000000e+00,1.22721248e+01
1.55800000e+04,3.28027800e+01,1.41583273e-03,1.00000000e+00,1.25139023e+01
1.55900000e+04,3.28168255e+01,1.39620151e-03,1.00000000e+00,1.23017380e+01
1.56000000e+04,3.28307000e+01,1.38062575e-03,1.00000000e+00,1.22788152e+01
1.56100000e+04,3.28444326e+01,1.36763033e-03,1.00000000e+00,1.25874179e+01
1.56200000e+04,3.28580447e+01,1.35653902e-03,1.00000000e+00,1.23404007e+01
1.56300000e+04,3.28715540e+01,1.34631807e-03,1.00000000e+00,1.23806799e+01
1.56400000e+04,3.28849623e+01,1.33644872e-03,1.00000000e+00,1.25524734e+01
1.56500000e+04,3.28982726e+01,1.32656649e-03,1.00000000e+00,1.23111874e+01
1.56600000e+04,3.29114856e+01,1.31699334e-03,1.00000000e+00,1.23460158e+01
1.56700000e+04,3.29246032e+01,1.30741801e-03,1.00000000e+00,1.26748499e+01
1.56800000e+04,3.29376173e+01,1.29664724e-03,1.00000000e+00,1.23560453e+01
1.56900000e+04,3.29505344e+01,1.28801810e-03,1.00000000e+00,1.23505798e+01
1.57000000e+04,3.29633825e+01,1.28278583e-03,1.00000000e+00,1.26408439e+01
1.57100000e+04,3.29761941e+01,1.27968596e-03,1.00000000e+00,1.23720806e+01
1.57200000e+04,3.29889776e+01,1.27779321e-03,1.00000000e+00,1.23520135e+01
1.57300000e+04,3.30017090e+01,1.26901489e-03,1.00000000e+00,1.21290581e+01
1.57400000e+04,3.30143566e+01,1.26146180e-03,1.00000000e+00,1.23267960e+01
1.57500000e+04,3.30269179e+01,1.25025309e-03,1.00000000e+00,1.23314034e+01
1.57600000e+04,3.30393190e+01,1.23070433e-03,1.00000000e+00,1.27830128e+01
1.57700000e+04,3.30514720e+01,1.20167784e-03,1.00000000e+00,1.23496199e+01
1.57800000e+04,3.30633340e+01,1.17392603e-03,1.00000000e+00,1.23408044e+01
1.57900000e+04,3.30749234e+01,1.14544966e-03,1.00000000e+00,1.26043499e+01
1.58000000e+04,3.30861884e+01,1.11105388e-03,1.00000000e+00,1.23278429e+01
1.58100000e+04,3.30971177e+01,1.07856174e-03,1.00000000e+00,1.23372032e+01
1.58200000e+04,3.31077380e+01,1.04893702e-03,1.00000000e+00,1.28252759e+01
1.58300000e+04,3.31180807e+01,1.02263955e-03,1.00000000e+00,1.24094072e+01
1.58400000e+04,3.31281733e+01,9.98564962e-04,1.00000000e+00,1.23490465e+01
1.58500000e+04,3.31380389e+01,9.77240556e-04,1.00000000e+00,1.32542056e+01
1.58600000e+04,3.31477110e+01,9.59624725e-04,1.00000000e+00,1.26944294e+01
1.58700000e+04,3.31572290e+01,9.46383237e-04,1.00000000e+00,1.51443190e+01
1.58800000e+04,3.31666435e+01,9.37710898e-04,1.00000000e+00,1.25186876e+01
1.58900000e+04,3.31759823e+01,9.30806013e-04,1.00000000e+00,1.25884584e+01
1.59000000e+04,3.31852635e+01,9.26488914e-04,1.00000000e+00,1.23652860e+01
1.59100000e+04,3.31945188e+01,9.24999881e-04,1.00000000e+00,1.26274145e+01
1.59200000e+04,3.32037456e+01,9.21450031e-04,1.00000000e+00,1.25711491e+01
1.59300000e+04,3.32129703e+01,9.25862776e-04,1.00000000e+00,1.23509770e+01
1.59400000e+04,3.32224374e+01,9.69838813e-04,1.00000000e+00,1.27927202e+01
1.59500000e+04,3.32324874e+01,1.03568503e-03,1.00000000e+00,1.26087974e+01
1.59600000e+04,3.32432937e+01,1.12327743e-03,1.00000000e+00,1.23890103e+01
1.59700000e+04,3.32552453e+01,1.26112440e-03,1.00000000e+00,1.26871024e+01
1.59800000e+04,3.32688209e+01,1.44511350e-03,1.00000000e+00,1.27104787e+01
1.59900000e+04,3.32841023e+01,1.56000542e-03,1.00000000e+00,1.23400164e+01
1.60000000e+04,3.32999703e+01,1.61173715e-03,1.00000000e+00,1.27521956e+01
1.60100000e+04,3.33164351e+01,1.67833136e-03,1.00000000e+00,1.23038118e+01
1.60200000e+04,3.33337084e+01,1.77376308e-03,1.00000000e+00,1.23203692e+01
1.60300000e+04,3.33516249e+01,1.76131228e-03,1.00000000e+00,1.28353861e+01
1.60400000e+04,3.33685710e+01,1.64260172e-03,1.00000000e+00,1.23718157e+01
1.60500000e+04,3.33844406e+01,1.54878762e-03,1.00000000e+00,1.22264720e+01
1.60600000e+04,3.33995309e+01,1.47825008e-03,1.00000000e+00,1.28187149e+01
1.60700000e+04,3.34139305e+01,1.41055432e-03,1.00000000e+00,1.22633741e+01
1.60800000e+04,3.34277069e+01,1.35188819e-03,1.00000000e+00,1.22804896e+01
1.60900000e+04,3.34408920e+01,1.29222195e-03,1.00000000e+00,1.25159179e+01
1.61000000e+04,3.34535606e+01,1.24914688e-03,1.00000000e+00,1.23121776e+01
1.61100000e+04,3.34658976e+01,1.22104786e-03,1.00000000e+00,1.22762070e+01
1.61200000e+04,3.34779590e+01,1.19585896e-03,1.00000000e+00,1.25154859e+01
1.61300000e+04,3.34898138e+01,1.17346413e-03,1.00000000e+00,1.22883756e+01
1.61400000e+04,3.35014233e+01,1.14816583e-03,1.00000000e+00,1.22438280e+01
1.61500000e+04,3.35127667e+01,1.12474030e-03,1.00000000e+00,1.25349823e+01
1.61600000e+04,3.35239050e+01,1.10793580e-03,1.00000000e+00,1.23089512e+01
1.61700000e+04,3.35349347e+01,1.09948743e-03,1.00000000e+00,1.32948389e+01
1.61800000e+04,3.35459038e+01,1.09580610e-03,1.00000000e+00,2.01271846e+01
1.61900000e+04,3.35568770e+01,1.09912646e-03,1.00000000e+00,1.22802208e+01
1.62000000e+04,3.35678945e+01,1.10409644e-03,1.00000000e+00,1.26178580e+01
1.62100000e+04,3.35789751e+01,1.11210074e-03,1.00000000e+00,1.22845764e+01
1.62200000e+04,3.35901521e+01,1.12476023e-03,1.00000000e+00,1.22656843e+01
1.62300000e+04,3.36014739e+01,1.13871222e-03,1.00000000e+00,1.30009904e+01
1.62400000e+04,3.36129672e+01,1.15741339e-03,1.00000000e+00,1.22846497e+01
1.62500000e+04,3.36246494e+01,1.18009146e-03,1.00000000e+00,1.22770639e+01
1.62600000e+04,3.36365991e+01,1.20556346e-03,1.00000000e+00,1.24576821e+01
1.62700000e+04,3.36487726e+01,1.22674241e-03,1.00000000e+00,1.26616158e+01
1.62800000e+04,3.36611056e+01,1.23732939e-03,1.00000000e+00,1.88159913e+01
1.62900000e+04,3.36735102e+01,1.24185702e-03,1.00000000e+00,2.02315147e+01
1.63000000e+04,3.36859315e+01,1.24236144e-03,1.00000000e+00,1.22921251e+01
1.63100000e+04,3.36983563e+01,1.24265552e-03,1.00000000e+00,1.23290510e+01
1.63200000e+04,3.37107948e+01,1.24484109e-03,1.00000000e+00,1.24958928e+01
1.63300000e+04,3.37232473e+01,1.24479178e-03,1.00000000e+00,1.24839753e+01
1.63400000e+04,3.37356879e+01,1.24298431e-03,1.00000000e+00,1.22865201e+01
1.63500000e+04,3.37480867e+01,1.23765458e-03,1.00000000e+00,1.26679586e+01
1.63600000e+04,3.37604203e+01,1.22983512e-03,1.00000000e+00,1.25808465e+01
1.63700000e+04,3.37726623e+01,1.21939974e-03,1.00000000e+00,1.76124085e+01
1.63800000e+04,3.37847957e+01,1.20732725e-03,1.00000000e+00,1.99572026e+01
1.63900000e+04,3.37967250e+01,1.18127341e-03,1.00000000e+00,1.23523365e+01
1.64000000e+04,3.38084209e+01,1.16082949e-03,1.00000000e+00,1.23181146e+01
1.64100000e+04,3.38199381e+01,1.14495949e-03,1.00000000e+00,1.25447661e+01
1.64200000e+04,3.38312956e+01,1.12859992e-03,1.00000000e+00,1.23113230e+01
1.64300000e+04,3.38425095e+01,1.11593823e-03,1.00000000e+00,1.28336135e+01
1.64400000e+04,3.38536117e+01,1.10583930e-03,1.00000000e+00,1.26017705e+01
1.64500000e+04,3.38646224e+01,1.09706887e-03,1.00000000e+00,1.83081427e+01
1.64600000e+04,3.38755433e+01,1.08809213e-03,1.00000000e+00,1.90222028e+01
1.64700000e+04,3.38863746e+01,1.07910962e-03,1.00000000e+00,1.25446172e+01
1.64800000e+04,3.38971127e+01,1.06936328e-03,1.00000000e+00,1.23116967e+01
1.64900000e+04,3.39077566e+01,1.06064006e-03,1.00000000e+00,1.23273152e+01
1.65000000e+04,3.39183279e+01,1.05464873e-03,1.00000000e+00,1.27268476e+01
1.65100000e+04,3.39288389e+01,1.04906966e-03,1.00000000e+00,1.23279449e+01
1.65200000e+04,3.39393129e+01,1.04633618e-03,1.00000000e+00,1.23649591e+01
1.65300000e+04,3.39497759e+01,1.04670809e-03,1.00000000e+00,1.99447536e+01
1.65400000e+04,3.39602384e+01,1.04670477e-03,1.00000000e+00,1.16148304e+01
1.65500000e+04,3.39707018e+01,1.04693769e-03,1.00000000e+00,1.24383827e+01
1.65600000e+04,3.39811693e+01,1.04809496e-03,1.00000000e+00,1.25876883e+01
1.65700000e+04,3.39916508e+01,1.04907320e-03,1.00000000e+00,1.22949253e+01
1.65800000e+04,3.40021391e+01,1.04815616e-03,1.00000000e+00,1.23418265e+01
1.65900000e+04,3.40126277e+01,1.04893691e-03,1.00000000e+00,1.25260754e+01
1.66000000e+04,3.40231028e+01,1.04664324e-03,1.00000000e+00,1.22798712e+01
1.66100000e+04,3.40335805e+01,1.04814450e-03,1.00000000e+00,2.03935687e+01
1.66200000e+04,3.40440699e+01,1.05058071e-03,1.00000000e+00,1.23852602e+01
1.66300000e+04,3.40545999e+01,1.05487392e-03,1.00000000e+00,1.23080044e+01
1.66400000e+04,3.40651715e+01,1.05918595e-03,1.00000000e+00,1.25319817e+01
1.66500000e+04,3.40755960e+01,1.01956790e-03,1.00000000e+00,1.23067955e+01
1.66600000e+04,3.40855432e+01,9.76241079e-04,1.00000000e+00,1.23574897e+01
1.66700000e+04,3.40951403e+01,9.49040914e-04,1.00000000e+00,1.27435987e+01
1.66800000e+04,3.41045388e+01,9.33705210e-04,1.00000000e+00,1.23327809e+01
1.66900000e+04,3.41138242e+01,9.24934353e-04,1.00000000e+00,1.95348371e+01
1.67000000e+04,3.41230411e+01,9.19485850e-04,1.00000000e+00,1.25471919e+01
1.67100000e+04,3.41322181e+01,9.16441796e-04,1.00000000e+00,1.23244931e+01
1.67200000e+04,3.41413670e+01,9.13377731e-04,1.00000000e+00,1.22835301e+01
1.67300000e+04,3.41504667e+01,9.06094335e-04,1.00000000e+00,1.27452332e+01
1.67400000e+04,3.41594594e+01,8.93120317e-04,1.00000000e+00,1.23132296e+01
1.67500000e+04,3.41683154e+01,8.79560722e-04,1.00000000e+00,1.22833879e+01
1.67600000e+04,3.41770453e+01,8.67829241e-04,1.00000000e+00,1.97463564e+01
1.67700000e+04,3.41856694e+01,8.58606192e-04,1.00000000e+00,1.72272901e+01
1.67800000e+04,3.41942140e+01,8.51041520e-04,1.00000000e+00,1.23018598e+01
1.67900000e+04,3.42026810e+01,8.43185279e-04,1.00000000e+00,1.29496993e+01
1.68000000e+04,3.42110728e+01,8.36249497e-04,1.00000000e+00,1.22898491e+01
1.68100000e+04,3.42194065e+01,8.31502421e-04,1.00000000e+00,1.24020090e+01
1.68200000e+04,3.42277090e+01,8.29692231e-04,1.00000000e+00,1.27544522e+01
1.68300000e+04,3.42360059e+01,8.29909357e-04,1.00000000e+00,1.22552815e+01
1.68400000e+04,3.42443106e+01,8.31018878e-04,1.00000000e+00,1.22492646e+01
1.68500000e+04,3.42526334e+01,8.33511847e-04,1.00000000e+00,1.97630958e+01
1.68600000e+04,3.42609876e+01,8.37186031e-04,1.00000000e+00,1.23148615e+01
1.68700000e+04,3.42693869e+01,8.42326515e-04,1.00000000e+00,1.24816515e+01
1.68800000e+04,3.42778420e+01,8.48499157e-04,1.00000000e+00,1.24433669e+01
1.68900000e+04,3.42863781e+01,8.58285739e-04,1.00000000e+00,1.22829161e+01
1.69000000e+04,3.42950310e+01,8.70935165e-04,1.00000000e+00,1.26541214e+01
1.69100000e+04,3.43037994e+01,8.81561667e-04,1.00000000e+00,1.23122606e+01
1.69200000e+04,3.43126683e+01,8.91085978e-04,1.00000000e+00,1.23137218e+01
1.69300000e+04,3.43216343e+01,9.01267155e-04,1.00000000e+00,2.00503613e+01
1.69400000e+04,3.43307054e+01,9.11825869e-04,1.00000000e+00,1.22579861e+01
1.69500000e+04,3.43398842e+01,9.22922846e-04,1.00000000e+00,1.23560889e+01
1.69600000e+04,3.43491805e+01,9.35113219e-04,1.00000000e+00,1.26400384e+01
1.69700000e+04,3.43585952e+01,9.46414623e-04,1.00000000e+00,1.22492661e+01
1.69800000e+04,3.43681130e+01,9.55905931e-04,1.00000000e+00,1.24007658e+01
1.69900000e+04,3.43777119e+01,9.62254321e-04,1.00000000e+00,1.26591559e+01
1.70000000e+04,3.43873437e+01,9.63594128e-04,1.00000000e+00,1.22180634e+01
1.70100000e+04,3.43969798e+01,9.63218467e-04,1.00000000e+00,1.85181331e+01
1.70200000e+04,3.44066137e+01,9.63552340e-04,1.00000000e+00,1.42855207e+01
1.70300000e+04,3.44162602e+01,9.66027279e-04,1.00000000e+00,1.22983375e+01
1.70400000e+04,3.44259492e+01,9.71236555e-04,1.00000000e+00,1.24066349e+01
1.70500000e+04,3.44356857e+01,9.75433202e-04,1.00000000e+00,1.27178977e+01
1.70600000e+04,3.44454642e+01,9.80532375e-04,1.00000000e+00,1.24571144e+01
1.70700000e+04,3.44553156e+01,9.89521049e-04,1.00000000e+00,1.22857312e+01
1.70800000e+04,3.44652783e+01,1.00298023e-03,1.00000000e+00,1.27932559e+01
1.70900000e+04,3.44754365e+01,1.02805673e-03,1.00000000e+00,1.22884383e+01
1.71000000e+04,3.44859157e+01,1.06666534e-03,2.00000000e+00,5.92779249e+01
1.71100000e+04,3.44968259e+01,1.11142053e-03,1.00000000e+00,1.22798965e+01
1.71200000e+04,3.45067180e+01,1.03334472e-03,1.00000000e+00,1.29504639e+01
1.71300000e+04,3.45178148e+01,1.09813362e-03,2.00000000e+00,3.64061858e+01
1.71400000e+04,3.45286147e+01,1.06128835e-03,1.00000000e+00,1.22998970e+01
1.71500000e+04,3.45390126e+01,1.02287790e-03,1.00000000e+00,1.25765786e+01
1.71600000e+04,3.45490536e+01,9.89656876e-04,1.00000000e+00,1.22660709e+01
1.71700000e+04,3.45587954e+01,9.62197169e-04,1.00000000e+00,1.22700129e+01
1.71800000e+04,3.45683281e+01,9.46282195e-04,2.00000000e+00,5.89072190e+01
1.71900000e+04,3.45772763e+01,9.41482968e-04,1.00000000e+00,1.22717305e+01
1.72000000e+04,3.45866210e+01,9.29436517e-04,1.00000000e+00,1.26571395e+01
1.72100000e+04,3.45958774e+01,9.19684875e-04,1.00000000e+00,1.22762254e+01
1.72200000e+04,3.46049905e+01,9.04244329e-04,1.00000000e+00,1.22568730e+01
1.72300000e+04,3.46139926e+01,8.96087481e-04,1.00000000e+00,1.25185526e+01
1.72400000e+04,3.46228641e+01,8.79799016e-04,1.00000000e+00,1.82303610e+01
1.72500000e+04,3.46315756e+01,8.64221880e-04,1.00000000e+00,1.93915539e+01
1.72600000e+04,3.46401298e+01,8.47609089e-04,1.00000000e+00,1.26044222e+01
1.72700000e+04,3.46484973e+01,8.27493933e-04,1.00000000e+00,1.23384362e+01
1.72800000e+04,3.46566541e+01,8.06179616e-04,1.00000000e+00,1.23071191e+01
1.72900000e+04,3.46646161e+01,7.88678343e-04,1.00000000e+00,1.25124166e+01
1.73000000e+04,3.46724265e+01,7.76020350e-04,1.00000000e+00,1.23130204e+01
1.73100000e+04,3.46801586e+01,7.71814894e-04,1.00000000e+00,1.22955047e+01
1.73200000e+04,3.46878805e+01,7.73184568e-04,1.00000000e+00,1.25470800e+01
1.73300000e+04,3.46956347e+01,7.77746317e-04,1.00000000e+00,1.81858403e+01
1.73400000e+04,3.47034493e+01,7.84516093e-04,1.00000000e+00,1.66119064e+01
1.73500000e+04,3.47113541e+01,7.97286876e-04,1.00000000e+00,1.25249716e+01
1.73600000e+04,3.47194333e+01,8.17136753e-04,1.00000000e+00,1.23345377e+01
1.73700000e+04,3.47277286e+01,8.40479814e-04,1.00000000e+00,1.26527095e+01
1.73800000e+04,3.47362660e+01,8.64482259e-04,1.00000000e+00,1.25933053e+01
1.73900000e+04,3.47450256e+01,8.83539959e-04,1.00000000e+00,1.23538534e+01
1.74000000e+04,3.47538919e+01,8.87786891e-04,1.00000000e+00,1.25536604e+01
1.74100000e+04,3.47627609e+01,8.85514125e-04,1.00000000e+00,1.24454950e+01
1.74200000e+04,3.47715708e+01,8.75823685e-04,1.00000000e+00,1.98035151e+01
1.74300000e+04,3.47802800e+01,8.67749790e-04,1.00000000e+00,1.27714838e+01
1.74400000e+04,3.47889333e+01,8.63652481e-04,1.00000000e+00,1.23655312e+01
1.74500000e+04,3.47975447e+01,8.59647742e-04,1.00000000e+00,1.23289849e+01
1.74600000e+04,3.48061776e+01,8.69181038e-04,1.00000000e+00,1.25727101e+01
1.74700000e+04,3.48149850e+01,8.91543261e-04,1.00000000e+00,1.23360987e+01
1.74800000e+04,3.48240696e+01,9.22981098e-04,1.00000000e+00,1.23879182e+01
1.74900000e+04,3.48334982e+01,9.58868349e-04,1.00000000e+00,1.25799228e+01
1.75000000e+04,3.48432463e+01,9.85344179e-04,1.00000000e+00,1.24028301e+01
1.75100000e+04,3.48531909e+01,1.00280600e-03,1.00000000e+00,2.04438465e+01
1.75200000e+04,3.48633777e+01,1.03431146e-03,1.00000000e+00,1.25112740e+01
1.75300000e+04,3.48737244e+01,1.02229760e-03,1.00000000e+00,1.23480121e+01
1.75400000e+04,3.48837818e+01,9.92240707e-04,1.00000000e+00,1.25627075e+01
1.75500000e+04,3.48935538e+01,9.65047774e-04,1.00000000e+00,1.23333120e+01
1.75600000e+04,3.49030466e+01,9.36206478e-04,1.00000000e+00,1.23242415e+01
1.75700000e+04,3.49122550e+01,9.08495415e-04,1.00000000e+00,1.27815623e+01
1.75800000e+04,3.49211984e+01,8.83106791e-04,1.00000000e+00,1.83744284e+01
1.75900000e+04,3.49299114e+01,8.62363423e-04,1.00000000e+00,1.69894551e+01
1.76000000e+04,3.49384492e+01,8.48621885e-04,1.00000000e+00,1.26889587e+01
1.76100000e+04,3.49469244e+01,8.49138021e-04,1.00000000e+00,1.23352921e+01
1.76200000e+04,3.49555063e+01,8.67845942e-04,1.00000000e+00,1.23323308e+01
1.76300000e+04,3.49643002e+01,8.75432782e-04,1.00000000e+00,1.25662385e+01
1.76400000e+04,3.49728554e+01,8.41114637e-04,1.00000000e+00,1.23185231e+01
1.76500000e+04,3.49811092e+01,8.13540545e-04,1.00000000e+00,1.23098776e+01
1.76600000e+04,3.49891098e+01,7.89734125e-04,1.00000000e+00,1.94888146e+01
1.76700000e+04,3.49969047e+01,7.71923646e-04,1.00000000e+00,1.69530661e+01
1.76800000e+04,3.50045609e+01,7.60405333e-04,1.00000000e+00,1.25773805e+01
1.76900000e+04,3.50121193e+01,7.52799873e-04,1.00000000e+00,1.25450265e+01
1.77000000e+04,3.50196272e+01,7.49382118e-04,1.00000000e+00,1.23558121e+01
1.77100000e+04,3.50271087e+01,7.47564142e-04,1.00000000e+00,1.24347378e+01
1.77200000e+04,3.50345615e+01,7.44247270e-04,1.00000000e+00,1.25873685e+01
1.77300000e+04,3.50420414e+01,7.52991722e-04,1.00000000e+00,1.22707733e+01
1.77400000e+04,3.50496414e+01,7.64969208e-04,1.00000000e+00,1.87044031e+01
1.77500000e+04,3.50573552e+01,7.77043819e-04,1.00000000e+00,1.89822502e+01
1.77600000e+04,3.50651987e+01,7.90056522e-04,1.00000000e+00,1.23082769e+01
1.77700000e+04,3.50731939e+01,8.05610638e-04,1.00000000e+00,1.25062692e+01
1.77800000e+04,3.50813541e+01,8.24562913e-04,1.00000000e+00,1.22942802e+01
1.77900000e+04,3.50896824e+01,8.40405719e-04,1.00000000e+00,1.22898908e+01
1.78000000e+04,3.50982045e+01,8.60734998e-04,1.00000000e+00,1.25681728e+01
1.78100000e+04,3.51069622e+01,8.91083762e-04,1.00000000e+00,1.23335517e+01
1.78200000e+04,3.51161547e+01,9.45276922e-04,1.00000000e+00,1.22816608e+01
1.78300000e+04,3.51259279e+01,1.00772442e-03,1.00000000e+00,1.96051845e+01
1.78400000e+04,3.51364504e+01,1.08905278e-03,1.00000000e+00,1.52085414e+01
1.78500000e+04,3.51477806e+01,1.16969312e-03,1.00000000e+00,1.23391724e+01
1.78600000e+04,3.51599547e+01,1.26136735e-03,1.00000000e+00,1.25652946e+01
1.78700000e+04,3.51731965e+01,1.37512766e-03,1.00000000e+00,1.23383639e+01
1.78800000e+04,3.51870853e+01,1.40378148e-03,1.00000000e+00,1.23413632e+01
1.78900000e+04,3.52012885e+01,1.43722208e-03,1.00000000e+00,1.25927294e+01
1.79000000e+04,3.52159014e+01,1.48098208e-03,1.00000000e+00,1.22721861e+01
1.79100000e+04,3.52312706e+01,1.60027781e-03,1.00000000e+00,1.22740867e+01
1.79200000e+04,3.52484765e+01,1.83039503e-03,1.00000000e+00,1.94711315e+01
1.79300000e+04,3.52679482e+01,2.00014607e-03,1.00000000e+00,1.69841274e+01
1.79400000e+04,3.52885739e+01,2.11360186e-03,1.00000000e+00,1.22837738e+01
1.79500000e+04,3.53103193e+01,2.22884758e-03,1.00000000e+00,1.25532844e+01
1.79600000e+04,3.53333959e+01,2.37988292e-03,1.00000000e+00,1.23134329e+01
1.79700000e+04,3.53569987e+01,2.31952711e-03,1.00000000e+00,1.23193635e+01
1.79800000e+04,3.53798206e+01,2.25654336e-03,1.00000000e+00,1.24707541e+01
1.79900000e+04,3.54021608e+01,2.22168532e-03,1.00000000e+00,1.23049841e+01
1.80000000e+04,3.54241911e+01,2.18879094e-03,1.00000000e+00,1.22517498e+01
1.80100000e+04,3.54459578e+01,2.15457190e-03,1.00000000e+00,1.91490066e+01
1.80200000e+04,3.54670627e+01,2.07054659e-03,1.00000000e+00,1.23010918e+01
1.80300000e+04,3.54873249e+01,1.99346916e-03,1.00000000e+00,1.29877630e+01
1.80400000e+04,3.55067643e+01,1.90159028e-03,1.00000000e+00,1.22941334e+01
1.80500000e+04,3.55253516e+01,1.82940381e-03,1.00000000e+00,1.23048193e+01
1.80600000e+04,3.55433614e+01,1.78012680e-03,1.00000000e+00,1.26804626e+01
1.80700000e+04,3.55609431e+01,1.74011320e-03,1.00000000e+00,1.22677959e+01
1.80800000e+04,3.55781655e+01,1.70804196e-03,1.00000000e+00,1.23151477e+01
1.80900000e+04,3.55950841e+01,1.67915455e-03,1.00000000e+00,1.49920153e+01
1.81000000e+04,3.56116508e+01,1.62355461e-03,1.00000000e+00,1.85924351e+01
1.81100000e+04,3.56273288e+01,1.52647828e-03,1.00000000e+00,1.23180696e+01
1.81200000e+04,3.56421692e+01,1.44977750e-03,1.00000000e+00,1.26672429e+01
1.81300000e+04,3.56562582e+01,1.38052909e-03,1.00000000e+00,1.23246974e+01
1.81400000e+04,3.56697760e+01,1.33263155e-03,1.00000000e+00,1.23452737e+01
1.81500000e+04,3.56829459e+01,1.30758567e-03,1.00000000e+00,1.25819153e+01
1.81600000e+04,3.56959551e+01,1.29717253e-03,1.00000000e+00,1.23226799e+01
1.81700000e+04,3.57089020e+01,1.29245933e-03,1.00000000e+00,2.01084460e+01
1.81800000e+04,3.57218407e+01,1.29454917e-03,1.00000000e+00,1.23541021e+01
1.81900000e+04,3.57347584e+01,1.28691964e-03,1.00000000e+00,1.23236572e+01
1.82000000e+04,3.57475929e+01,1.28319092e-03,1.00000000e+00,1.27955235e+01
1.82100000e+04,3.57604851e+01,1.29406557e-03,1.00000000e+00,1.24394655e+01
1.82200000e+04,3.57735389e+01,1.31779342e-03,1.00000000e+00,1.23085810e+01
1.82300000e+04,3.57868751e+01,1.34717313e-03,1.00000000e+00,1.27997150e+01
1.82400000e+04,3.58004503e+01,1.35224686e-03,1.00000000e+00,1.90161794e+01
1.82500000e+04,3.58138249e+01,1.32377517e-03,1.00000000e+00,1.14945548e+01
1.82600000e+04,3.58269237e+01,1.29853331e-03,1.00000000e+00,1.25543726e+01
1.82700000e+04,3.58398054e+01,1.27941325e-03,1.00000000e+00,1.23417938e+01
1.82800000e+04,3.58525571e+01,1.27410546e-03,1.00000000e+00,1.23453141e+01
1.82900000e+04,3.58652998e+01,1.27332166e-03,1.00000000e+00,1.28951087e+01
1.83000000e+04,3.58780120e+01,1.26932421e-03,1.00000000e+00,1.23101738e+01
1.83100000e+04,3.58906722e+01,1.26358999e-03,1.00000000e+00,1.23717976e+01
1.83200000e+04,3.59032767e+01,1.25573368e-03,1.00000000e+00,2.02319309e+01
1.83300000e+04,3.59157520e+01,1.24175864e-03,1.00000000e+00,1.23315366e+01
1.83400000e+04,3.59280873e+01,1.22755659e-03,1.00000000e+00,1.23366278e+01
1.83500000e+04,3.59403418e+01,1.22191691e-03,1.00000000e+00,1.25612377e+01
1.83600000e+04,3.59525640e+01,1.22305029e-03,1.00000000e+00,1.24503266e+01
1.83700000e+04,3.59647804e+01,1.22129161e-03,1.00000000e+00,1.23295638e+01
1.83800000e+04,3.59770041e+01,1.22293261e-03,1.00000000e+00,1.29196298e+01
1.83900000e+04,3.59892738e+01,1.23075333e-03,1.00000000e+00,1.79984865e+01
1.84000000e+04,3.60016421e+01,1.24249899e-03,1.00000000e+00,1.94184538e+01
1.84100000e+04,3.60139531e+01,1.21921376e-03,1.00000000e+00,1.23604543e+01
1.84200000e+04,3.60260106e+01,1.19456421e-03,1.00000000e+00,1.23194843e+01
1.84300000e+04,3.60378249e+01,1.17063457e-03,1.00000000e+00,1.25620164e+01
1.84400000e+04,3.60493998e+01,1.14661975e-03,1.00000000e+00,1.24664077e+01
1.84500000e+04,3.60607404e+01,1.12356507e-03,1.00000000e+00,1.22501648e+01
1.84600000e+04,3.60718475e+01,1.10059153e-03,1.00000000e+00,1.28100130e+01
1.84700000e+04,3.60827139e+01,1.07567519e-03,1.00000000e+00,1.88900210e+01
1.84800000e+04,3.60933357e+01,1.05151133e-03,1.00000000e+00,1.85232339e+01
1.84900000e+04,3.61037219e+01,1.02806789e-03,1.00000000e+00,1.25490905e+01
1.85000000e+04,3.61138844e+01,1.00675269e-03,1.00000000e+00,1.22804951e+01
1.85100000e+04,3.61238328e+01,9.85457463e-04,1.00000000e+00,1.22759221e+01
1.85200000e+04,3.61335721e+01,9.64832470e-04,1.00000000e+00,1.24698116e+01
1.85300000e+04,3.61431100e+01,9.44924679e-04,1.00000000e+00,1.22552481e+01
1.85400000e+04,3.61524505e+01,9.25355908e-04,1.00000000e+00,1.77346781e+01
1.85500000e+04,3.61616014e+01,9.06613422e-04,1.00000000e+00,1.92523474e+01
1.85600000e+04,3.61705722e+01,8.89674148e-04,1.00000000e+00,1.23044170e+01
1.85700000e+04,3.61793769e+01,8.73044121e-04,1.00000000e+00,1.22982027e+01
1.85800000e+04,3.61880170e+01,8.55902620e-04,1.00000000e+00,1.24912894e+01
1.85900000e+04,3.61964943e+01,8.40437762e-04,1.00000000e+00,1.23118123e+01
1.86000000e+04,3.62048057e+01,8.23974328e-04,2.00000000e+00,3.67992716e+01
1.86100000e+04,3.62129625e+01,8.08926305e-04,1.00000000e+00,1.88798763e+01
1.86200000e+04,3.62209715e+01,7.94049098e-04,1.00000000e+00,1.23041434e+01
1.86300000e+04,3.62288335e+01,7.78994901e-04,1.00000000e+00,1.28019353e+01
1.86400000e+04,3.62365586e+01,7.66438602e-04,1.00000000e+00,1.22862640e+01
1.86500000e+04,3.62441515e+01,7.53229167e-04,1.00000000e+00,1.22841587e+01
1.86600000e+04,3.62516079e+01,7.39321594e-04,1.00000000e+00,1.27621416e+01
1.86700000e+04,3.62589325e+01,7.27156951e-04,1.00000000e+00,1.23361584e+01
1.86800000e+04,3.62661340e+01,7.14231036e-04,1.00000000e+00,1.75636150e+01
1.86900000e+04,3.62732066e+01,7.01352434e-04,1.00000000e+00,1.78232461e+01
1.87000000e+04,3.62801505e+01,6.88528491e-04,1.00000000e+00,1.23554611e+01
1.87100000e+04,3.62869757e+01,6.77947021e-04,1.00000000e+00,1.32822758e+01
1.87200000e+04,3.62936878e+01,6.65711841e-04,1.00000000e+00,1.24427041e+01
1.87300000e+04,3.63002795e+01,6.53920173e-04,1.00000000e+00,1.23368167e+01
1.87400000e+04,3.63067525e+01,6.41937482e-04,1.00000000e+00,1.25434752e+01
1.87500000e+04,3.63131177e+01,6.32522013e-04,1.00000000e+00,1.25224687e+01
1.87600000e+04,3.63193769e+01,6.21121708e-04,1.00000000e+00,1.84615683e+01
1.87700000e+04,3.63255309e+01,6.10828477e-04,1.00000000e+00,1.96787406e+01
1.87800000e+04,3.63315836e+01,6.00712771e-04,1.00000000e+00,1.23188135e+01
1.87900000e+04,3.63375365e+01,5.90753854e-04,1.00000000e+00,1.22826930e+01
1.88000000e+04,3.63433921e+01,5.81561374e-04,1.00000000e+00,1.25139592e+01
1.88100000e+04,3.63491557e+01,5.72458165e-04,1.00000000e+00,1.22987677e+01
1.88200000e+04,3.63548291e+01,5.63564946e-04,1.00000000e+00,1.23082456e+01
1.88300000e+04,3.63604365e+01,5.57185427e-04,1.00000000e+00,1.25935019e+01
1.88400000e+04,3.63659673e+01,5.49650472e-04,1.00000000e+00,1.22945914e+01
1.88500000e+04,3.63714323e+01,5.45523436e-04,1.00000000e+00,2.00217022e+01
1.88600000e+04,3.63768573e+01,5.40427381e-04,1.00000000e+00,1.23007799e+01
1.88700000e+04,3.63822372e+01,5.35974024e-04,1.00000000e+00,1.22847590e+01
1.88800000e+04,3.63875846e+01,5.36102802e-04,1.00000000e+00,1.27709960e+01
1.88900000e+04,3.63929328e+01,5.33727338e-04,1.00000000e+00,1.23011164e+01
1.89000000e+04,3.63982596e+01,5.32530585e-04,1.00000000e+00,1.25601692e+01
1.89100000e+04,3.64035858e+01,5.32363944e-04,1.00000000e+00,1.22805497e+01
1.89200000e+04,3.64089018e+01,5.30900324e-04,1.00000000e+00,1.22880720e+01
1.89300000e+04,3.64142024e+01,5.29419193e-04,1.00000000e+00,1.93634775e+01
1.89400000e+04,3.64194831e+01,5.26516148e-04,1.00000000e+00,1.65863268e+01
1.89500000e+04,3.64247316e+01,5.23752112e-04,1.00000000e+00,1.26937674e+01
1.89600000e+04,3.64299640e+01,5.23296273e-04,1.00000000e+00,1.24929400e+01
1.89700000e+04,3.64352052e+01,5.24887412e-04,1.00000000e+00,1.23073235e+01
1.89800000e+04,3.64404665e+01,5.27214925e-04,1.00000000e+00,1.25600973e+01
1.89900000e+04,3.64457532e+01,5.29922740e-04,1.00000000e+00,1.25206432e+01
1.90000000e+04,3.64510686e+01,5.32863637e-04,1.00000000e+00,1.22839537e+01
1.90100000e+04,3.64564149e+01,5.36521836e-04,1.00000000e+00,1.25463445e+01
1.90200000e+04,3.64617966e+01,5.39250589e-04,1.00000000e+00,1.88491212e+01
1.90300000e+04,3.64671901e+01,5.39435965e-04,1.00000000e+00,1.76818244e+01
1.90400000e+04,3.64725852e+01,5.39607600e-04,1.00000000e+00,1.26376085e+01
1.90500000e+04,3.64779822e+01,5.39980743e-04,1.00000000e+00,1.23018618e+01
1.90600000e+04,3.64833858e+01,5.40869546e-04,1.00000000e+00,1.23294428e+01
1.90700000e+04,3.64888035e+01,5.42644210e-04,1.00000000e+00,1.25830577e+01
1.90800000e+04,3.64942568e+01,5.48475156e-04,1.00000000e+00,1.22930021e+01
1.90900000e+04,3.64998026e+01,5.60408263e-04,1.00000000e+00,1.41659322e+01
1.91000000e+04,3.65054963e+01,5.77434414e-04,1.00000000e+00,1.91326317e+01
1.91100000e+04,3.65113983e+01,6.01845327e-04,1.00000000e+00,1.23062758e+01
1.91200000e+04,3.65175600e+01,6.27139424e-04,1.00000000e+00,1.25119561e+01
1.91300000e+04,3.65239665e+01,6.52005692e-04,1.00000000e+00,1.23806712e+01
1.91400000e+04,3.65306278e+01,6.77389593e-04,1.00000000e+00,1.23264734e+01
1.91500000e+04,3.65375393e+01,7.02731157e-04,1.00000000e+00,1.25250669e+01
1.91600000e+04,3.65447670e+01,7.44337005e-04,1.00000000e+00,1.23026116e+01
1.91700000e+04,3.65525703e+01,8.12334457e-04,1.00000000e+00,1.88771926e+01
1.91800000e+04,3.65611662e+01,9.05697035e-04,1.00000000e+00,2.01188481e+01
1.91900000e+04,3.65708434e+01,1.02008920e-03,1.00000000e+00,1.26033434e+01
1.92000000e+04,3.65816995e+01,1.13342922e-03,1.00000000e+00,1.26577370e+01
1.92100000e+04,3.65929988e+01,1.12629455e-03,1.00000000e+00,1.24718404e+01
1.92200000e+04,3.66042102e+01,1.11660466e-03,1.00000000e+00,1.23576389e+01
1.92300000e+04,3.66153138e+01,1.10500954e-03,1.00000000e+00,1.25915451e+01
1.92400000e+04,3.66262792e+01,1.09053869e-03,1.00000000e+00,1.23660432e+01
1.92500000e+04,3.66371123e+01,1.07718551e-03,1.00000000e+00,1.87357025e+01
1.92600000e+04,3.66478181e+01,1.06576559e-03,1.00000000e+00,1.26500110e+01
1.92700000e+04,3.66584423e+01,1.06081933e-03,1.00000000e+00,1.23566862e+01
1.92800000e+04,3.66690364e+01,1.05722897e-03,1.00000000e+00,1.24013285e+01
1.92900000e+04,3.66795643e+01,1.04830259e-03,1.00000000e+00,1.26060095e+01
1.93000000e+04,3.66899683e+01,1.03301950e-03,1.00000000e+00,1.23590042e+01
1.93100000e+04,3.67002438e+01,1.02274101e-03,1.00000000e+00,1.23398427e+01
1.93200000e+04,3.67104090e+01,1.01291130e-03,1.00000000e+00,1.25886079e+01
1.93300000e+04,3.67204994e+01,1.00707919e-03,1.00000000e+00,1.81507669e+01
1.93400000e+04,3.67305487e+01,1.00440457e-03,1.00000000e+00,1.86465127e+01
1.93500000e+04,3.67406272e+01,1.01287775e-03,1.00000000e+00,1.26571404e+01
1.93600000e+04,3.67508615e+01,1.03304858e-03,1.00000000e+00,1.23421175e+01
1.93700000e+04,3.67614005e+01,1.07579558e-03,1.00000000e+00,1.25005672e+01
1.93800000e+04,3.67725015e+01,1.13995215e-03,1.00000000e+00,1.25504269e+01
1.93900000e+04,3.67842552e+01,1.18808798e-03,1.00000000e+00,1.22905989e+01
1.94000000e+04,3.67959900e+01,1.16122590e-03,1.00000000e+00,1.24471234e+01
1.94100000e+04,3.68074392e+01,1.13126063e-03,1.00000000e+00,1.24741435e+01
1.94200000e+04,3.68185842e+01,1.10086880e-03,1.00000000e+00,1.94173130e+01
1.94300000e+04,3.68294407e+01,1.07339079e-03,1.00000000e+00,1.29380411e+01
1.94400000e+04,3.68400255e+01,1.04472106e-03,1.00000000e+00,1.23358301e+01
1.94500000e+04,3.68503114e+01,1.01481324e-03,1.00000000e+00,1.23110100e+01
1.94600000e+04,3.68602869e+01,9.84116022e-04,1.00000000e+00,1.26806213e+01
1.94700000e+04,3.68699747e+01,9.56492053e-04,1.00000000e+00,1.22977873e+01
1.94800000e+04,3.68794113e+01,9.32565092e-04,1.00000000e+00,1.23425113e+01
1.94900000e+04,3.68886090e+01,9.08861687e-04,1.00000000e+00,1.25628809e+01
1.95000000e+04,3.68975442e+01,8.81942841e-04,1.00000000e+00,1.77095446e+01
1.95100000e+04,3.69062594e+01,8.64591851e-04,1.00000000e+00,1.91925836e+01
1.95200000e+04,3.69148468e+01,8.54734759e-04,1.00000000e+00,1.30117198e+01
1.95300000e+04,3.69233334e+01,8.43027125e-04,1.00000000e+00,1.22618069e+01
1.95400000e+04,3.69316818e+01,8.29180391e-04,1.00000000e+00,1.25152865e+01
1.95500000e+04,3.69399175e+01,8.20539256e-04,1.00000000e+00,1.25758248e+01
1.95600000e+04,3.69481496e+01,8.29521098e-04,1.00000000e+00,1.22697873e+01
1.95700000e+04,3.69565683e+01,8.54355231e-04,1.00000000e+00,1.26568648e+01
1.95800000e+04,3.69652957e+01,8.86618013e-04,1.00000000e+00,1.25089354e+01
1.95900000e+04,3.69743864e+01,9.29433387e-04,1.00000000e+00,1.79256027e+01
1.96000000e+04,3.69839854e+01,9.86452609e-04,1.00000000e+00,1.28459427e+01
1.96100000e+04,3.69941710e+01,1.04163898e-03,1.00000000e+00,1.22462838e+01
1.96200000e+04,3.70048771e+01,1.09664364e-03,1.00000000e+00,1.22861520e+01
1.96300000e+04,3.70161928e+01,1.16014496e-03,1.00000000e+00,1.25959572e+01
1.96400000e+04,3.70281866e+01,1.23335580e-03,1.00000000e+00,1.23062218e+01
1.96500000e+04,3.70409690e+01,1.31609755e-03,1.00000000e+00,1.22786826e+01
1.96600000e+04,3.70546147e+01,1.40497126e-03,1.00000000e+00,1.25988443e+01
1.96700000e+04,3.70691967e+01,1.50418215e-03,1.00000000e+00,1.81954634e+01
1.96800000e+04,3.70848209e+01,1.61088292e-03,1.00000000e+00,1.66919241e+01
1.96900000e+04,3.71015176e+01,1.71717700e-03,1.00000000e+00,1.27503657e+01
1.97000000e+04,3.71192281e+01,1.80917976e-03,1.00000000e+00,1.22950867e+01
1.97100000e+04,3.71376532e+01,1.86130495e-03,1.00000000e+00,1.24992162e+01
1.97200000e+04,3.71565424e+01,1.91578688e-03,1.00000000e+00,1.24502219e+01
1.97300000e+04,3.71761939e+01,2.01459830e-03,1.00000000e+00,1.23668002e+01
1.97400000e+04,3.71971415e+01,2.17004955e-03,1.00000000e+00,2.06994842e+01
1.97500000e+04,3.72199702e+01,2.37561043e-03,1.00000000e+00,1.23284682e+01
1.97600000e+04,3.72444504e+01,2.47385249e-03,1.00000000e+00,1.26063339e+01
1.97700000e+04,3.72694141e+01,2.51398057e-03,1.00000000e+00,1.27679671e+01
1.97800000e+04,3.72946262e+01,2.52515871e-03,1.00000000e+00,1.23014905e+01
1.97900000e+04,3.73198691e+01,2.52257372e-03,1.00000000e+00,1.27862144e+01
1.98000000e+04,3.73450893e+01,2.50025123e-03,1.00000000e+00,1.60325688e+01
1.98100000e+04,3.73694537e+01,2.35767413e-03,1.00000000e+00,1.79883480e+01
1.98200000e+04,3.73919579e+01,2.17149446e-03,1.00000000e+00,1.25749199e+01
1.98300000e+04,3.74129128e+01,2.04030254e-03,1.00000000e+00,1.23689358e+01
1.98400000e+04,3.74328405e+01,1.95672565e-03,1.00000000e+00,1.25371435e+01
1.98500000e+04,3.74520555e+01,1.89582049e-03,1.00000000e+00,1.24982673e+01
1.98600000e+04,3.74707860e+01,1.85955989e-03,1.00000000e+00,1.23309103e+01
1.98700000e+04,3.74892538e+01,1.83884230e-03,1.00000000e+00,1.25289241e+01
1.98800000e+04,3.75075238e+01,1.81664933e-03,1.00000000e+00,1.76732063e+01
1.98900000e+04,3.75256225e+01,1.80477576e-03,1.00000000e+00,1.88338681e+01
1.99000000e+04,3.75436368e+01,1.79945392e-03,1.00000000e+00,1.27361115e+01
1.99100000e+04,3.75615957e+01,1.79404127e-03,1.00000000e+00,1.23264768e+01
1.99200000e+04,3.75795949e+01,1.81022487e-03,1.00000000e+00,1.23221845e+01
1.99300000e+04,3.75977167e+01,1.80512243e-03,1.00000000e+00,1.25217818e+01
1.99400000e+04,3.76156225e+01,1.77780646e-03,1.00000000e+00,1.25254967e+01
1.99500000e+04,3.76332370e+01,1.74508689e-03,1.00000000e+00,1.23045585e+01
1.99600000e+04,3.76504901e+01,1.71170761e-03,1.00000000e+00,1.98063934e+01
1.99700000e+04,3.76674292e+01,1.68211069e-03,1.00000000e+00,1.23256669e+01
1.99800000e+04,3.76841426e+01,1.66295633e-03,1.00000000e+00,1.27665852e+01
1.99900000e+04,3.77006837e+01,1.64747633e-03,1.00000000e+00,1.22904396e+01
2.00000000e+04,3.77170636e+01,1.63100363e-03,1.00000000e+00,1.23292000e+01
2.00100000e+04,3.77333030e+01,1.61689682e-03,1.00000000e+00,1.23988072e+01
2.00200000e+04,3.77493951e+01,1.59943138e-03,1.00000000e+00,2.16233022e+01
2.00300000e+04,3.77652969e+01,1.58372673e-03,1.00000000e+00,1.23187288e+01
2.00400000e+04,3.77810769e+01,1.57391229e-03,1.00000000e+00,1.25898049e+01
2.00500000e+04,3.77967752e+01,1.56636296e-03,1.00000000e+00,1.23138484e+01
2.00600000e+04,3.78124008e+01,1.55924965e-03,1.00000000e+00,1.23222785e+01
2.00700000e+04,3.78279554e+01,1.55355249e-03,1.00000000e+00,1.27434613e+01
2.00800000e+04,3.78434678e+01,1.54976361e-03,1.00000000e+00,1.88171902e+01
2.00900000e+04,3.78589467e+01,1.54622105e-03,1.00000000e+00,1.25530874e+01
2.01000000e+04,3.78744326e+01,1.55356634e-03,1.00000000e+00,1.23282800e+01
2.01100000e+04,3.78900154e+01,1.56001020e-03,1.00000000e+00,1.25002643e+01
2.01200000e+04,3.79055716e+01,1.55240082e-03,1.00000000e+00,1.22740592e+01
2.01300000e+04,3.79210512e+01,1.54431731e-03,1.00000000e+00,1.22555085e+01
2.01400000e+04,3.79364246e+01,1.53007122e-03,1.00000000e+00,1.26262480e+01
2.01500000e+04,3.79516232e+01,1.51037858e-03,1.00000000e+00,1.64081319e+01
2.01600000e+04,3.79665989e+01,1.48479248e-03,1.00000000e+00,1.32514512e+01
2.01700000e+04,3.79813146e+01,1.46292463e-03,1.00000000e+00,1.22570989e+01
2.01800000e+04,3.79958144e+01,1.44259246e-03,1.00000000e+00,1.24437458e+01
2.01900000e+04,3.80101309e+01,1.42237454e-03,1.00000000e+00,1.25456104e+01
2.02000000e+04,3.80242563e+01,1.40578766e-03,1.00000000e+00,1.22553463e+01
2.02100000e+04,3.80382490e+01,1.39533334e-03,1.00000000e+00,1.90988477e+01
2.02200000e+04,3.80521674e+01,1.38794209e-03,1.00000000e+00,1.70173736e+01
2.02300000e+04,3.80660024e+01,1.37902299e-03,1.00000000e+00,1.23748273e+01
2.02400000e+04,3.80797557e+01,1.37212929e-03,1.00000000e+00,1.25269279e+01
2.02500000e+04,3.80934525e+01,1.36764968e-03,1.00000000e+00,1.24560400e+01
2.02600000e+04,3.81070773e+01,1.35855498e-03,1.00000000e+00,1.22773807e+01
2.02700000e+04,3.81206333e+01,1.35312119e-03,1.00000000e+00,1.25104440e+01
2.02800000e+04,3.81341304e+01,1.34597319e-03,1.00000000e+00,1.22763375e+01
2.02900000e+04,3.81474680e+01,1.27850755e-03,2.00000000e+00,5.46095127e+01
2.03000000e+04,3.81605005e+01,1.31207451e-03,4.00000000e+00,7.32812709e+01
2.03100000e+04,3.81735327e+01,1.29133001e-03,1.00000000e+00,1.25323945e+01
2.03200000e+04,3.81862799e+01,1.26137266e-03,1.00000000e+00,1.24944191e+01
2.03300000e+04,3.81987387e+01,1.23386563e-03,1.00000000e+00,1.23420339e+01
2.03400000e+04,3.82109720e+01,1.21684448e-03,2.00000000e+00,3.79682879e+01
2.03500000e+04,3.82230791e+01,1.20464993e-03,1.00000000e+00,1.89465749e+01
2.03600000e+04,3.82350497e+01,1.19091101e-03,1.00000000e+00,1.22994068e+01
2.03700000e+04,3.82468887e+01,1.17957561e-03,1.00000000e+00,1.26447592e+01
2.03800000e+04,3.82586191e+01,1.16826029e-03,1.00000000e+00,1.23328859e+01
2.03900000e+04,3.82702408e+01,1.15772372e-03,1.00000000e+00,1.23957106e+01
2.04000000e+04,3.82817622e+01,1.14723732e-03,1.00000000e+00,1.25744141e+01
2.04100000e+04,3.82932132e+01,1.14086929e-03,1.00000000e+00,1.23199723e+01
2.04200000e+04,3.83045776e+01,1.13233858e-03,1.00000000e+00,1.26876062e+01
2.04300000e+04,3.83158656e+01,1.12517503e-03,1.00000000e+00,1.98545574e+01
2.04400000e+04,3.83271038e+01,1.12167584e-03,1.00000000e+00,1.22829512e+01
2.04500000e+04,3.83383108e+01,1.12036837e-03,1.00000000e+00,1.25553546e+01
2.04600000e+04,3.83495146e+01,1.12112020e-03,1.00000000e+00,1.23100617e+01
2.04700000e+04,3.83607417e+01,1.12421442e-03,1.00000000e+00,1.23590773e+01
2.04800000e+04,3.83719840e+01,1.12481889e-03,1.00000000e+00,1.25082766e+01
2.04900000e+04,3.83832520e+01,1.13078168e-03,1.00000000e+00,1.25291828e+01
2.05000000e+04,3.83946533e+01,1.14799943e-03,1.00000000e+00,1.45157986e+01
2.05100000e+04,3.84062246e+01,1.16431220e-03,1.00000000e+00,1.99019482e+01
2.05200000e+04,3.84179276e+01,1.17421665e-03,1.00000000e+00,1.23064382e+01
2.05300000e+04,3.84296924e+01,1.17814060e-03,1.00000000e+00,1.23403563e+01
2.05400000e+04,3.84414937e+01,1.18283335e-03,1.00000000e+00,1.26147927e+01
2.05500000e+04,3.84533386e+01,1.18479456e-03,1.00000000e+00,1.23109743e+01
2.05600000e+04,3.84651780e+01,1.18445798e-03,1.00000000e+00,1.23133896e+01
2.05700000e+04,3.84770227e+01,1.18517193e-03,1.00000000e+00,1.26034887e+01
2.05800000e+04,3.84888655e+01,1.18372740e-03,1.00000000e+00,1.83263576e+01
2.05900000e+04,3.85006770e+01,1.17843713e-03,1.00000000e+00,1.15415892e+01
2.06000000e+04,3.85124250e+01,1.17227730e-03,1.00000000e+00,1.28364227e+01
2.06100000e+04,3.85241446e+01,1.17201536e-03,1.00000000e+00,1.22688631e+01
2.06200000e+04,3.85358944e+01,1.17948512e-03,1.00000000e+00,1.25304774e+01
2.06300000e+04,3.85478037e+01,1.20355253e-03,1.00000000e+00,1.25064344e+01
2.06400000e+04,3.85601477e+01,1.26430612e-03,1.00000000e+00,1.23556960e+01
2.06500000e+04,3.85732422e+01,1.34847109e-03,1.00000000e+00,2.02346588e+01
2.06600000e+04,3.85872901e+01,1.45460662e-03,1.00000000e+00,1.24230816e+01
2.06700000e+04,3.86025285e+01,1.58338286e-03,1.00000000e+00,1.23015213e+01
2.06800000e+04,3.86192417e+01,1.75256429e-03,1.00000000e+00,1.25288725e+01
2.06900000e+04,3.86380317e+01,1.99546034e-03,1.00000000e+00,1.24872022e+01
2.07000000e+04,3.86596959e+01,2.32959897e-03,1.00000000e+00,1.23857131e+01
2.07100000e+04,3.86855046e+01,2.81041014e-03,1.00000000e+00,1.25410689e+01
2.07200000e+04,3.87158650e+01,3.16722609e-03,1.00000000e+00,1.98833968e+01
2.07300000e+04,3.87495384e+01,3.53729892e-03,1.00000000e+00,1.28359874e+01
2.07400000e+04,3.87866054e+01,3.70491059e-03,1.00000000e+00,1.26890395e+01
2.07500000e+04,3.88216877e+01,3.20998115e-03,1.00000000e+00,1.23235956e+01
2.07600000e+04,3.88508657e+01,2.77196780e-03,1.00000000e+00,1.24897263e+01
2.07700000e+04,3.88783788e+01,2.89756793e-03,1.00000000e+00,1.24439041e+01
2.07800000e+04,3.89099333e+01,3.10720767e-03,1.00000000e+00,1.87851790e+01
2.07900000e+04,3.89386726e+01,2.67396906e-03,1.00000000e+00,1.20460781e+01
2.08000000e+04,3.89620474e+01,1.99352393e-03,1.00000000e+00,1.22808319e+01
2.08100000e+04,3.89808460e+01,1.84449901e-03,1.00000000e+00,1.25905511e+01
2.08200000e+04,3.89990000e+01,1.77433497e-03,1.00000000e+00,1.24286350e+01
2.08300000e+04,3.90159334e+01,1.59338081e-03,1.00000000e+00,1.25695175e+01
2.08400000e+04,3.90310448e+01,1.47115899e-03,1.00000000e+00,1.26515551e+01
2.08500000e+04,3.90457465e+01,1.48622818e-03,1.00000000e+00,1.95684281e+01
2.08600000e+04,3.90611469e+01,1.59135945e-03,1.00000000e+00,1.25558577e+01
2.08700000e+04,3.90776653e+01,1.69412192e-03,1.00000000e+00,1.23507876e+01
2.08800000e+04,3.90950237e+01,1.76450997e-03,1.00000000e+00,1.23278273e+01
2.08900000e+04,3.91129025e+01,1.80404282e-03,1.00000000e+00,1.25749580e+01
2.09000000e+04,3.91312090e+01,1.85310720e-03,1.00000000e+00,1.23975089e+01
2.09100000e+04,3.91503829e+01,1.98550617e-03,1.00000000e+00,1.92049952e+01
2.09200000e+04,3.91709497e+01,2.07763289e-03,1.00000000e+00,1.69614345e+01
2.09300000e+04,3.91909759e+01,1.92530906e-03,1.00000000e+00,1.23346169e+01
2.09400000e+04,3.92094166e+01,1.78326430e-03,1.00000000e+00,1.27703604e+01
2.09500000e+04,3.92266473e+01,1.68143855e-03,1.00000000e+00,1.23510389e+01
2.09600000e+04,3.92431204e+01,1.62410811e-03,1.00000000e+00,1.31269458e+01
2.09700000e+04,3.92591467e+01,1.58641786e-03,1.00000000e+00,1.25859337e+01
2.09800000e+04,3.92748468e+01,1.55703263e-03,1.00000000e+00,1.22873969e+01
2.09900000e+04,3.92902360e+01,1.52305504e-03,1.00000000e+00,2.03739857e+01
2.10000000e+04,3.93052711e+01,1.48766762e-03,1.00000000e+00,1.24013740e+01
2.10100000e+04,3.93199155e+01,1.44272771e-03,1.00000000e+00,1.27889079e+01
2.10200000e+04,3.93341100e+01,1.40029431e-03,1.00000000e+00,1.24752844e+01
2.10300000e+04,3.93479659e+01,1.37586321e-03,1.00000000e+00,1.24853941e+01
2.10400000e+04,3.93616030e+01,1.35189738e-03,1.00000000e+00,1.25914523e+01
2.10500000e+04,3.93749392e+01,1.31752496e-03,1.00000000e+00,1.90160345e+01
2.10600000e+04,3.93878905e+01,1.27694932e-03,1.00000000e+00,1.74217673e+01
2.10700000e+04,3.94004026e+01,1.22931344e-03,1.00000000e+00,1.26105807e+01
2.10800000e+04,3.94124133e+01,1.17721511e-03,1.00000000e+00,1.23146972e+01
2.10900000e+04,3.94238875e+01,1.12425692e-03,1.00000000e+00,1.23113546e+01
2.11000000e+04,3.94348786e+01,1.07950771e-03,1.00000000e+00,1.25588073e+01
2.11100000e+04,3.94454758e+01,1.04450200e-03,1.00000000e+00,1.22366902e+01
2.11200000e+04,3.94557514e+01,1.01366729e-03,1.00000000e+00,1.82206428e+01
2.11300000e+04,3.94657255e+01,9.84913905e-04,1.00000000e+00,1.99558879e+01
2.11400000e+04,3.94754390e+01,9.60781073e-04,1.00000000e+00,1.24013232e+01
2.11500000e+04,3.94849253e+01,9.38987369e-04,1.00000000e+00,1.28246938e+01
2.11600000e+04,3.94942165e+01,9.20933898e-04,1.00000000e+00,1.24983624e+01
2.11700000e+04,3.95033247e+01,9.03126784e-04,1.00000000e+00,1.23169426e+01
2.11800000e+04,3.95122904e+01,8.91518813e-04,1.00000000e+00,1.25589186e+01
2.11900000e+04,3.95211480e+01,8.80871782e-04,1.00000000e+00,2.01220806e+01
2.12000000e+04,3.95299086e+01,8.71449338e-04,1.00000000e+00,1.23642176e+01
2.12100000e+04,3.95385876e+01,8.65653600e-04,1.00000000e+00,1.26220333e+01
2.12200000e+04,3.95472232e+01,8.62884503e-04,1.00000000e+00,1.23022945e+01
2.12300000e+04,3.95558534e+01,8.62866511e-04,1.00000000e+00,1.25767540e+01
2.12400000e+04,3.95644539e+01,8.57659789e-04,1.00000000e+00,1.22970205e+01
2.12500000e+04,3.95729812e+01,8.48320541e-04,1.00000000e+00,2.09993762e+01
2.12600000e+04,3.95813896e+01,8.34522284e-04,1.00000000e+00,1.22897788e+01
2.12700000e+04,3.95896460e+01,8.18387813e-04,1.00000000e+00,1.22623818e+01
2.12800000e+04,3.95977529e+01,8.04188384e-04,1.00000000e+00,1.27138684e+01
2.12900000e+04,3.96057223e+01,7.91205939e-04,1.00000000e+00,1.22544146e+01
2.13000000e+04,3.96135672e+01,7.79047779e-04,1.00000000e+00,1.23479479e+01
2.13100000e+04,3.96212913e+01,7.66948181e-04,1.00000000e+00,1.25969920e+01
2.13200000e+04,3.96288843e+01,7.52789686e-04,1.00000000e+00,1.80705801e+01
2.13300000e+04,3.96363358e+01,7.39183550e-04,1.00000000e+00,1.22986585e+01
2.13400000e+04,3.96436691e+01,7.29448912e-04,1.00000000e+00,1.25025639e+01
2.13500000e+04,3.96509372e+01,7.25598309e-04,1.00000000e+00,1.23500728e+01
2.13600000e+04,3.96581888e+01,7.25314315e-04,1.00000000e+00,1.23025781e+01
2.13700000e+04,3.96654609e+01,7.29267453e-04,1.00000000e+00,1.27066120e+01
2.13800000e+04,3.96727886e+01,7.38044648e-04,1.00000000e+00,1.91949243e+01
2.13900000e+04,3.96802630e+01,7.56026669e-04,1.00000000e+00,1.80369590e+01
2.14000000e+04,3.96879434e+01,7.77119239e-04,1.00000000e+00,1.27495337e+01
2.14100000e+04,3.96956974e+01,7.70211798e-04,1.00000000e+00,1.22697181e+01
2.14200000e+04,3.97033363e+01,7.59149212e-04,1.00000000e+00,1.25068080e+01
2.14300000e+04,3.97108852e+01,7.54928851e-04,1.00000000e+00,1.23029390e+01
2.14400000e+04,3.97183939e+01,7.48113495e-04,1.00000000e+00,1.21471708e+01
2.14500000e+04,3.97258576e+01,7.45279686e-04,1.00000000e+00,1.92589643e+01
2.14600000e+04,3.97333069e+01,7.44863794e-04,1.00000000e+00,1.56490253e+01
2.14700000e+04,3.97407531e+01,7.44004814e-04,1.00000000e+00,1.25199527e+01
2.14800000e+04,3.97481813e+01,7.41534484e-04,1.00000000e+00,1.26801073e+01
2.14900000e+04,3.97555752e+01,7.38126234e-04,1.00000000e+00,1.25224989e+01
2.15000000e+04,3.97629416e+01,7.36065326e-04,1.00000000e+00,1.25920487e+01
2.15100000e+04,3.97703180e+01,7.41638875e-04,1.00000000e+00,1.22123075e+01
2.15200000e+04,3.97778080e+01,7.55024071e-04,1.00000000e+00,1.74647018e+01
2.15300000e+04,3.97854391e+01,7.69278276e-04,1.00000000e+00,1.75897334e+01
2.15400000e+04,3.97932004e+01,7.81646258e-04,1.00000000e+00,1.22564922e+01
2.15500000e+04,3.98010987e+01,8.02030500e-04,1.00000000e+00,1.25248865e+01
2.15600000e+04,3.98094136e+01,8.62704637e-04,1.00000000e+00,1.24556707e+01
2.15700000e+04,3.98185295e+01,9.55524721e-04,1.00000000e+00,1.22406345e+01
2.15800000e+04,3.98287231e+01,1.07563372e-03,1.00000000e+00,1.26962298e+01
2.15900000e+04,3.98402561e+01,1.22323369e-03,1.00000000e+00,1.72269979e+01
2.16000000e+04,3.98533969e+01,1.36665878e-03,1.00000000e+00,1.20680063e+01
2.16100000e+04,3.98669700e+01,1.35051699e-03,1.00000000e+00,1.25233397e+01
2.16200000e+04,3.98804164e+01,1.34077853e-03,1.00000000e+00,1.22458061e+01
2.16300000e+04,3.98938033e+01,1.33755405e-03,1.00000000e+00,1.23454111e+01
2.16400000e+04,3.99071953e+01,1.34263536e-03,1.00000000e+00,1.25613998e+01
2.16500000e+04,3.99207336e+01,1.36667271e-03,1.00000000e+00,1.22776288e+01
2.16600000e+04,3.99346455e+01,1.39913624e-03,1.00000000e+00,1.84013428e+01
2.16700000e+04,3.99483772e+01,1.35733922e-03,1.00000000e+00,1.65841780e+01
2.16800000e+04,3.99618913e+01,1.35022494e-03,1.00000000e+00,1.23250999e+01
2.16900000e+04,3.99755929e+01,1.39567380e-03,1.00000000e+00,1.36953911e+01
2.17000000e+04,3.99900767e+01,1.50060999e-03,1.00000000e+00,1.23319905e+01
2.17100000e+04,4.00054699e+01,1.52345831e-03,1.00000000e+00,1.23413683e+01
2.17200000e+04,4.00203718e+01,1.46941260e-03,1.00000000e+00,1.25487150e+01
2.17300000e+04,4.00348952e+01,1.43802707e-03,1.00000000e+00,1.23021986e+01
2.17400000e+04,4.00489579e+01,1.36919432e-03,1.00000000e+00,1.85197945e+01
2.17500000e+04,4.00621520e+01,1.28044644e-03,1.00000000e+00,1.06203483e+01
2.17600000e+04,4.00744978e+01,1.19634194e-03,1.00000000e+00,1.23530812e+01
2.17700000e+04,4.00860238e+01,1.11896905e-03,1.00000000e+00,1.26043799e+01
2.17800000e+04,4.00968490e+01,1.05512241e-03,1.00000000e+00,1.25235749e+01
2.17900000e+04,4.01071099e+01,1.00388825e-03,1.00000000e+00,1.23111267e+01
2.18000000e+04,4.01169019e+01,9.60384650e-04,1.00000000e+00,1.26983952e+01
2.18100000e+04,4.01263461e+01,9.35002902e-04,1.00000000e+00,1.61310151e+01
2.18200000e+04,4.01357126e+01,9.44241624e-04,1.00000000e+00,1.94311267e+01
2.18300000e+04,4.01454041e+01,9.98829491e-04,1.00000000e+00,1.27927338e+01
2.18400000e+04,4.01555615e+01,1.02652209e-03,1.00000000e+00,1.23554304e+01
2.18500000e+04,4.01661959e+01,1.10352477e-03,1.00000000e+00,1.27016293e+01
2.18600000e+04,4.01780709e+01,1.26581257e-03,1.00000000e+00,1.25896199e+01
2.18700000e+04,4.01908640e+01,1.25264227e-03,1.00000000e+00,1.22899057e+01
2.18800000e+04,4.02030494e+01,1.19046070e-03,1.00000000e+00,1.25279207e+01
2.18900000e+04,4.02146133e+01,1.13021950e-03,1.00000000e+00,1.94939619e+01
2.19000000e+04,4.02256789e+01,1.08771623e-03,1.00000000e+00,1.85029262e+01
2.19100000e+04,4.02363310e+01,1.04977142e-03,1.00000000e+00,1.25370128e+01
2.19200000e+04,4.02466568e+01,1.01984438e-03,1.00000000e+00,1.24628100e+01
2.19300000e+04,4.02567263e+01,9.98363399e-04,1.00000000e+00,1.23188202e+01
2.19400000e+04,4.02666876e+01,9.95618038e-04,1.00000000e+00,1.26511233e+01
2.19500000e+04,4.02766610e+01,1.00206171e-03,1.00000000e+00,1.23520531e+01
2.19600000e+04,4.02868153e+01,1.02800456e-03,1.00000000e+00,1.23039995e+01
2.19700000e+04,4.02971400e+01,1.01693278e-03,1.00000000e+00,1.97253249e+01
2.19800000e+04,4.03069823e+01,9.57450233e-04,1.00000000e+00,1.23034917e+01
2.19900000e+04,4.03162770e+01,9.08019177e-04,1.00000000e+00,1.23554499e+01
2.20000000e+04,4.03251577e+01,8.76389186e-04,1.00000000e+00,1.25576200e+01
2.20100000e+04,4.03338929e+01,8.75663927e-04,1.00000000e+00,1.22957355e+01
2.20200000e+04,4.03427836e+01,9.03746147e-04,1.00000000e+00,1.26671552e+01
2.20300000e+04,4.03520835e+01,9.54542931e-04,1.00000000e+00,1.27152180e+01
2.20400000e+04,4.03620732e+01,1.05407301e-03,1.00000000e+00,1.47829671e+01
2.20500000e+04,4.03742343e+01,1.41392432e-03,1.00000000e+00,1.93217955e+01
2.20600000e+04,4.03892318e+01,1.48610976e-03,1.00000000e+00,1.23622115e+01
2.20700000e+04,4.04042046e+01,1.51956921e-03,1.00000000e+00,1.23325117e+01
2.20800000e+04,4.04199094e+01,1.61952072e-03,1.00000000e+00,1.25403023e+01
2.20900000e+04,4.04369611e+01,1.79122922e-03,1.00000000e+00,1.25951482e+01
2.21000000e+04,4.04562244e+01,2.04736250e-03,1.00000000e+00,1.23252728e+01
2.21100000e+04,4.04769910e+01,2.14022509e-03,1.00000000e+00,1.27605175e+01
2.21200000e+04,4.04989666e+01,2.20116272e-03,1.00000000e+00,1.92114995e+01
2.21300000e+04,4.05204852e+01,2.11108699e-03,1.00000000e+00,1.59144786e+01
2.21400000e+04,4.05410667e+01,2.01421808e-03,1.00000000e+00,1.26217095e+01
2.21500000e+04,4.05607096e+01,1.92181257e-03,1.00000000e+00,1.24159292e+01
2.21600000e+04,4.05794365e+01,1.83652216e-03,1.00000000e+00,1.22361326e+01
2.21700000e+04,4.05973936e+01,1.76470917e-03,1.00000000e+00,1.24944997e+01
2.21800000e+04,4.06148582e+01,1.72985176e-03,1.00000000e+00,1.22787017e+01
2.21900000e+04,4.06318271e+01,1.67685056e-03,1.00000000e+00,1.85420159e+01
2.22000000e+04,4.06483660e+01,1.63809897e-03,1.00000000e+00,1.27359511e+01
2.22100000e+04,4.06646520e+01,1.62680132e-03,1.00000000e+00,1.23051458e+01
2.22200000e+04,4.06810071e+01,1.64566014e-03,1.00000000e+00,1.22710524e+01
2.22300000e+04,4.06977153e+01,1.70187975e-03,1.00000000e+00,1.24943989e+01
2.22400000e+04,4.07152526e+01,1.79834273e-03,1.00000000e+00,1.22952984e+01
2.22500000e+04,4.07338814e+01,1.91917846e-03,1.00000000e+00,1.22912081e+01
2.22600000e+04,4.07538459e+01,2.06252037e-03,1.00000000e+00,1.26179005e+01
2.22700000e+04,4.07754306e+01,2.24949372e-03,1.00000000e+00,1.82620667e+01
2.22800000e+04,4.07993554e+01,2.52988402e-03,1.00000000e+00,1.24160790e+01
2.22900000e+04,4.08274382e+01,3.11697023e-03,1.00000000e+00,1.27300208e+01
2.23000000e+04,4.08600638e+01,3.12575558e-03,1.00000000e+00,1.23195570e+01
2.23100000e+04,4.08864775e+01,2.42392905e-03,1.00000000e+00,1.25667708e+01
2.23200000e+04,4.09110608e+01,2.48585821e-03,1.00000000e+00,1.23433583e+01
2.23300000e+04,4.09362473e+01,2.56856704e-03,1.00000000e+00,1.23570915e+01
2.23400000e+04,4.09622293e+01,2.61677360e-03,1.00000000e+00,1.99262426e+01
2.23500000e+04,4.09885434e+01,2.63769530e-03,1.00000000e+00,1.12254152e+01
2.23600000e+04,4.10147628e+01,2.61447563e-03,1.00000000e+00,9.20066492e+00
2.23700000e+04,4.10409495e+01,2.62561742e-03,1.00000000e+00,9.18253640e+00
2.23800000e+04,4.10674393e+01,2.67652110e-03,1.00000000e+00,9.18283387e+00
2.23900000e+04,4.10947805e+01,2.78209927e-03,1.00000000e+00,9.18507686e+00
2.24000000e+04,4.11231836e+01,2.87297873e-03,1.00000000e+00,9.19341582e+00
2.24100000e+04,4.11519421e+01,2.86539511e-03,1.00000000e+00,9.18909256e+00
2.24200000e+04,4.11803104e+01,2.81395017e-03,1.00000000e+00,9.19127892e+00
2.24300000e+04,4.12082581e+01,2.77972011e-03,1.00000000e+00,9.19125992e+00
2.24400000e+04,4.12359089e+01,2.75641360e-03,1.00000000e+00,9.18961036e+00
2.24500000e+04,4.12635059e+01,2.76052681e-03,1.00000000e+00,9.17494942e+00
2.24600000e+04,4.12910912e+01,2.75492841e-03,1.00000000e+00,9.17451790e+00
2.24700000e+04,4.13187020e+01,2.76905887e-03,1.00000000e+00,9.18232463e+00
2.24800000e+04,4.13465192e+01,2.79256865e-03,1.00000000e+00,9.20421191e+00
2.24900000e+04,4.13746037e+01,2.82310677e-03,1.00000000e+00,9.19584381e+00
2.25000000e+04,4.14030610e+01,2.86451422e-03,1.00000000e+00,9.19064586e+00
2.25100000e+04,4.14319077e+01,2.90207119e-03,1.00000000e+00,9.19396358e+00
2.25200000e+04,4.14611603e+01,2.94303210e-03,1.00000000e+00,9.15644619e+00
2.25300000e+04,4.14908375e+01,2.99080911e-03,1.00000000e+00,9.14531904e+00
2.25400000e+04,4.15210789e+01,3.05153042e-03,1.00000000e+00,9.14625502e+00
2.25500000e+04,4.15520863e+01,3.14937547e-03,1.00000000e+00,9.14914244e+00
2.25600000e+04,4.15842585e+01,3.23345901e-03,1.00000000e+00,9.18131107e+00
2.25700000e+04,4.16167489e+01,3.34123880e-03,1.00000000e+00,9.18760027e+00
2.25800000e+04,4.16514997e+01,3.52940111e-03,1.00000000e+00,9.18858172e+00
2.25900000e+04,4.16856867e+01,3.16023818e-03,1.00000000e+00,9.18795290e+00
2.26000000e+04,4.17180420e+01,3.48884453e-03,1.00000000e+00,9.18200957e+00
2.26100000e+04,4.17565414e+01,3.79664331e-03,1.00000000e+00,9.16248608e+00
2.26200000e+04,4.17932625e+01,3.57504483e-03,1.00000000e+00,9.16944028e+00
2.26300000e+04,4.18280045e+01,3.39512938e-03,1.00000000e+00,9.16962477e+00
2.26400000e+04,4.18613675e+01,3.31225608e-03,1.00000000e+00,9.18468952e+00
2.26500000e+04,4.18949840e+01,3.44121676e-03,1.00000000e+00,9.17245668e+00
2.26600000e+04,4.19315758e+01,3.89556691e-03,1.00000000e+00,9.17310601e+00
2.26700000e+04,4.19702521e+01,3.87593275e-03,1.00000000e+00,9.17401504e+00
2.26800000e+04,4.20103581e+01,4.18461680e-03,1.00000000e+00,9.17912607e+00
2.26900000e+04,4.20557230e+01,4.74741434e-03,1.00000000e+00,9.17779882e+00
2.27000000e+04,4.21033780e+01,4.77946455e-03,1.00000000e+00,9.18712141e+00
2.27100000e+04,4.21513273e+01,4.80687202e-03,1.00000000e+00,9.19550273e+00
2.27200000e+04,4.21995250e+01,4.82956114e-03,1.00000000e+00,9.17230858e+00
2.27300000e+04,4.22479015e+01,4.84649564e-03,1.00000000e+00,9.19109112e+00
2.27400000e+04,4.22938340e+01,3.81464567e-03,1.00000000e+00,9.19371633e+00
2.27500000e+04,4.23398258e+01,4.86033939e-03,1.00000000e+00,9.18971926e+00
2.27600000e+04,4.23884354e+01,4.86011620e-03,1.00000000e+00,9.19017861e+00
2.27700000e+04,4.24369999e+01,4.85256318e-03,1.00000000e+00,9.19099062e+00
2.27800000e+04,4.24854591e+01,4.83976709e-03,1.00000000e+00,9.20010905e+00
2.27900000e+04,4.25337515e+01,4.81152681e-03,1.00000000e+00,9.20304005e+00
2.28000000e+04,4.25807627e+01,4.61952585e-03,1.00000000e+00,9.19139013e+00
2.28100000e+04,4.26263053e+01,4.54280107e-03,1.00000000e+00,9.18101937e+00
2.28200000e+04,4.26723094e+01,4.68541774e-03,1.00000000e+00,9.20047695e+00
2.28300000e+04,4.27171419e+01,3.99638347e-03,1.00000000e+00,9.18220363e+00
2.28400000e+04,4.27577168e+01,3.99810673e-03,1.00000000e+00,9.18640940e+00
2.28500000e+04,4.27963508e+01,3.57772027e-03,1.00000000e+00,9.19266620e+00
2.28600000e+04,4.28307061e+01,3.39257971e-03,1.00000000e+00,9.18232291e+00
2.28700000e+04,4.28653490e+01,3.52292813e-03,1.00000000e+00,9.18321969e+00
2.28800000e+04,4.29012823e+01,3.63769648e-03,1.00000000e+00,9.19110097e+00
2.28900000e+04,4.29324693e+01,2.45022519e-03,1.00000000e+00,9.19524812e+00
2.29000000e+04,4.29636434e+01,3.72050030e-03,1.00000000e+00,9.17980620e+00
2.29100000e+04,4.30022447e+01,3.92191964e-03,1.00000000e+00,9.17278938e+00
2.29200000e+04,4.30422797e+01,4.06593880e-03,1.00000000e+00,9.19352432e+00
2.29300000e+04,4.30837479e+01,4.20628449e-03,1.00000000e+00,9.18789789e+00
2.29400000e+04,4.31227951e+01,3.85715264e-03,1.00000000e+00,9.17860086e+00
2.29500000e+04,4.31607595e+01,3.90037152e-03,1.00000000e+00,9.20159227e+00
2.29600000e+04,4.31977420e+01,3.16915277e-03,1.00000000e+00,9.17891180e+00
2.29700000e+04,4.32313837e+01,3.53805709e-03,1.00000000e+00,9.17059609e+00
2.29800000e+04,4.32666391e+01,3.45993787e-03,1.00000000e+00,9.18961843e+00
2.29900000e+04,4.33004806e+01,3.35771980e-03,1.00000000e+00,9.15404603e+00
2.30000000e+04,4.33342345e+01,3.32198467e-03,1.00000000e+00,9.13069934e+00
2.30100000e+04,4.33661692e+01,3.13287289e-03,1.00000000e+00,9.16475651e+00
2.30200000e+04,4.33972049e+01,3.09015521e-03,1.00000000e+00,9.18797279e+00
2.30300000e+04,4.34283440e+01,3.16223989e-03,1.00000000e+00,9.17547722e+00
2.30400000e+04,4.34572948e+01,3.08175010e-03,1.00000000e+00,9.18026954e+00
2.30500000e+04,4.34907595e+01,3.24897184e-03,1.00000000e+00,9.17540283e+00
2.30600000e+04,4.35224505e+01,3.11969145e-03,1.00000000e+00,9.18523336e+00
2.30700000e+04,4.35545429e+01,3.37897808e-03,1.00000000e+00,9.19509409e+00
2.30800000e+04,4.35943408e+01,4.27743875e-03,1.00000000e+00,9.17155985e+00
2.30900000e+04,4.36377204e+01,4.36079446e-03,1.00000000e+00,9.18450915e+00
2.31000000e+04,4.36824071e+01,4.53405488e-03,1.00000000e+00,9.19751274e+00
2.31100000e+04,4.37283684e+01,4.61964549e-03,1.00000000e+00,9.18851791e+00
2.31200000e+04,4.37747560e+01,4.65422104e-03,1.00000000e+00,9.18036523e+00
2.31300000e+04,4.38210200e+01,4.61547703e-03,1.00000000e+00,9.17803254e+00
2.31400000e+04,4.38678150e+01,4.71978555e-03,1.00000000e+00,9.18395113e+00
2.31500000e+04,4.39149391e+01,4.65690778e-03,1.00000000e+00,9.18194934e+00
2.31600000e+04,4.39605572e+01,4.50745261e-03,1.00000000e+00,9.18194774e+00
2.31700000e+04,4.40056361e+01,4.60613939e-03,1.00000000e+00,9.18619406e+00
2.31800000e+04,4.40534306e+01,4.78865800e-03,1.00000000e+00,9.18662206e+00
2.31900000e+04,4.41001924e+01,4.55148739e-03,1.00000000e+00,9.18616554e+00
2.32000000e+04,4.41454672e+01,4.52298382e-03,1.00000000e+00,9.18307693e+00
2.32100000e+04,4.41908335e+01,4.53030619e-03,1.00000000e+00,9.14557582e+00
2.32200000e+04,4.42365704e+01,4.63157678e-03,1.00000000e+00,9.21121906e+00
2.32300000e+04,4.42826904e+01,4.60830906e-03,1.00000000e+00,9.19317954e+00
2.32400000e+04,4.43289056e+01,4.63222231e-03,1.00000000e+00,9.19200159e+00
2.32500000e+04,4.43747602e+01,4.52579913e-03,1.00000000e+00,9.19014379e+00
2.32600000e+04,4.44203659e+01,4.61559064e-03,1.00000000e+00,9.19641850e+00
2.32700000e+04,4.44668506e+01,4.64261004e-03,1.00000000e+00,9.18689946e+00
2.32800000e+04,4.45132808e+01,4.64288583e-03,1.00000000e+00,9.18646635e+00
2.32900000e+04,4.45596297e+01,4.61919426e-03,1.00000000e+00,9.17992313e+00
2.33000000e+04,4.46055899e+01,4.57692663e-03,1.00000000e+00,9.18271230e+00
2.33100000e+04,4.46511262e+01,4.53481156e-03,1.00000000e+00,9.18963346e+00
2.33200000e+04,4.46962508e+01,4.49433060e-03,1.00000000e+00,9.17959300e+00
2.33300000e+04,4.47409803e+01,4.45601305e-03,1.00000000e+00,9.18205115e+00
2.33400000e+04,4.47853487e+01,4.42198415e-03,1.00000000e+00,9.19680544e+00
2.33500000e+04,4.48293986e+01,4.38992925e-03,1.00000000e+00,9.19297139e+00
2.33600000e+04,4.48730963e+01,4.35421023e-03,1.00000000e+00,9.17552136e+00
2.33700000e+04,4.49164695e+01,4.32441325e-03,1.00000000e+00,9.17501681e+00
2.33800000e+04,4.49595819e+01,4.30161050e-03,1.00000000e+00,9.19638030e+00
2.33900000e+04,4.50025055e+01,4.28588926e-03,1.00000000e+00,9.19137827e+00
2.34000000e+04,4.50453080e+01,4.27659202e-03,1.00000000e+00,9.18438235e+00
2.34100000e+04,4.50880637e+01,4.27590692e-03,1.00000000e+00,9.14195834e+00
2.34200000e+04,4.51308531e+01,4.28244429e-03,1.00000000e+00,9.19685499e+00
2.34300000e+04,4.51737457e+01,4.29584086e-03,1.00000000e+00,9.17727962e+00
2.34400000e+04,4.52168080e+01,4.31556746e-03,1.00000000e+00,9.17170010e+00
2.34500000e+04,4.52601013e+01,4.34156832e-03,1.00000000e+00,9.18504456e+00
2.34600000e+04,4.53036961e+01,4.37548415e-03,1.00000000e+00,9.19407998e+00
2.34700000e+04,4.53476637e+01,4.41339490e-03,1.00000000e+00,9.17332141e+00
2.34800000e+04,4.53920041e+01,4.45145168e-03,1.00000000e+00,9.17952271e+00
2.34900000e+04,4.54367354e+01,4.49090246e-03,1.00000000e+00,9.18925670e+00
2.35000000e+04,4.54818662e+01,4.53143586e-03,1.00000000e+00,9.18365599e+00
2.35100000e+04,4.55273254e+01,4.55511128e-03,1.00000000e+00,9.18617320e+00
2.35200000e+04,4.55729967e+01,4.57724151e-03,1.00000000e+00,9.18243137e+00
2.35300000e+04,4.56188977e+01,4.60079521e-03,1.00000000e+00,9.19158641e+00
2.35400000e+04,4.56650389e+01,4.62493772e-03,1.00000000e+00,9.17799058e+00
2.35500000e+04,4.57114140e+01,4.64749091e-03,1.00000000e+00,9.17929538e+00
2.35600000e+04,4.57580026e+01,4.66775633e-03,1.00000000e+00,9.18219750e+00
2.35700000e+04,4.58047800e+01,4.68548517e-03,1.00000000e+00,9.19210297e+00
2.35800000e+04,4.58517200e+01,4.70039141e-03,1.00000000e+00,9.19114791e+00
2.35900000e+04,4.58987847e+01,4.71059977e-03,1.00000000e+00,9.18241118e+00
2.36000000e+04,4.59459203e+01,4.71521746e-03,1.00000000e+00,9.19005492e+00
2.36100000e+04,4.59930741e+01,4.71461237e-03,1.00000000e+00,9.16321172e+00
2.36200000e+04,4.60401888e+01,4.70798543e-03,1.00000000e+00,9.17374717e+00
2.36300000e+04,4.60872011e+01,4.69472106e-03,1.00000000e+00,9.18182945e+00
2.36400000e+04,4.61340439e+01,4.67471209e-03,1.00000000e+00,9.19925104e+00
2.36500000e+04,4.61806514e+01,4.64842728e-03,1.00000000e+00,9.20540259e+00
2.36600000e+04,4.62269665e+01,4.61705497e-03,1.00000000e+00,9.21355847e+00
2.36700000e+04,4.62729482e+01,4.58222744e-03,1.00000000e+00,9.17840893e+00
2.36800000e+04,4.63185672e+01,4.54495929e-03,1.00000000e+00,9.19114612e+00
2.36900000e+04,4.63638028e+01,4.50607825e-03,1.00000000e+00,9.19459300e+00
2.37000000e+04,4.64086530e+01,4.46810168e-03,1.00000000e+00,9.16867659e+00
2.37100000e+04,4.64531340e+01,4.43191838e-03,1.00000000e+00,9.18174745e+00
2.37200000e+04,4.64972621e+01,4.39732419e-03,1.00000000e+00,9.18292904e+00
2.37300000e+04,4.65410493e+01,4.36356358e-03,1.00000000e+00,9.18571192e+00
2.37400000e+04,4.65845125e+01,4.33290360e-03,1.00000000e+00,9.17441661e+00
2.37500000e+04,4.66276892e+01,4.30636440e-03,1.00000000e+00,9.17156921e+00
2.37600000e+04,4.66706387e+01,4.28599090e-03,1.00000000e+00,9.17948947e+00
2.37700000e+04,4.67134104e+01,4.27086235e-03,1.00000000e+00,9.18345995e+00
2.37800000e+04,4.67560604e+01,4.26090880e-03,1.00000000e+00,9.17263716e+00
2.37900000e+04,4.67985528e+01,4.23959102e-03,1.00000000e+00,9.17778943e+00
2.38000000e+04,4.68408558e+01,4.22377648e-03,1.00000000e+00,9.14537901e+00
2.38100000e+04,4.68830370e+01,4.21454556e-03,1.00000000e+00,9.15080386e+00
2.38200000e+04,4.69251660e+01,4.21260292e-03,1.00000000e+00,9.17820005e+00
2.38300000e+04,4.69673140e+01,4.21770396e-03,1.00000000e+00,9.17672273e+00
2.38400000e+04,4.70095516e+01,4.22959613e-03,1.00000000e+00,9.19434425e+00
2.38500000e+04,4.70519395e+01,4.24722407e-03,1.00000000e+00,9.18187234e+00
2.38600000e+04,4.70945357e+01,4.27034555e-03,1.00000000e+00,9.17341597e+00
2.38700000e+04,4.71373814e+01,4.29658286e-03,1.00000000e+00,9.18435362e+00
2.38800000e+04,4.71805005e+01,4.32470760e-03,1.00000000e+00,9.18086846e+00
2.38900000e+04,4.72239122e+01,4.35491349e-03,1.00000000e+00,9.18376581e+00
2.39000000e+04,4.72676337e+01,4.38636754e-03,1.00000000e+00,9.17855164e+00
2.39100000e+04,4.73116716e+01,4.41805788e-03,1.00000000e+00,9.17992383e+00
2.39200000e+04,4.73560261e+01,4.44958495e-03,1.00000000e+00,9.18664357e+00
2.39300000e+04,4.74006954e+01,4.48114385e-03,1.00000000e+00,9.17903717e+00
2.39400000e+04,4.74456789e+01,4.51221172e-03,1.00000000e+00,9.18191199e+00
2.39500000e+04,4.74909650e+01,4.54172910e-03,1.00000000e+00,9.18229504e+00
2.39600000e+04,4.75365326e+01,4.56859374e-03,1.00000000e+00,9.19375601e+00
2.39700000e+04,4.75823503e+01,4.59192234e-03,1.00000000e+00,9.18714081e+00
2.39800000e+04,4.76283781e+01,4.61102908e-03,1.00000000e+00,9.18279518e+00
2.39900000e+04,4.76745695e+01,4.62479933e-03,1.00000000e+00,9.18197925e+00
2.40000000e+04,4.77208621e+01,4.63193749e-03,1.00000000e+00,9.18660619e+00
2.40100000e+04,4.77671938e+01,4.63338542e-03,1.00000000e+00,9.17544894e+00
2.40200000e+04,4.78135097e+01,4.62923282e-03,1.00000000e+00,9.18215563e+00
2.40300000e+04,4.78597512e+01,4.61909549e-03,1.00000000e+00,9.18478652e+00
2.40400000e+04,4.79058602e+01,4.60334671e-03,1.00000000e+00,9.19293360e+00
2.40500000e+04,4.79517836e+01,4.58274250e-03,1.00000000e+00,9.17203793e+00
2.40600000e+04,4.79974803e+01,4.55833624e-03,1.00000000e+00,9.16766760e+00
2.40700000e+04,4.80429099e+01,4.52988476e-03,1.00000000e+00,9.18563942e+00
2.40800000e+04,4.80880392e+01,4.49870354e-03,1.00000000e+00,9.19032330e+00
2.40900000e+04,4.81328446e+01,4.46540790e-03,1.00000000e+00,9.18431052e+00
2.41000000e+04,4.81773092e+01,4.43079290e-03,1.00000000e+00,9.18068715e+00
2.41100000e+04,4.82214221e+01,4.39513866e-03,1.00000000e+00,9.19045926e+00
2.41200000e+04,4.82651732e+01,4.35862724e-03,1.00000000e+00,9.18980928e+00
2.41300000e+04,4.83085584e+01,4.32242499e-03,1.00000000e+00,9.16933736e+00
2.41400000e+04,4.83515972e+01,4.28909865e-03,1.00000000e+00,9.17780041e+00
2.41500000e+04,4.83943192e+01,4.25889541e-03,1.00000000e+00,9.18316102e+00
2.41600000e+04,4.84367571e+01,4.23237787e-03,1.00000000e+00,9.17582004e+00
2.41700000e+04,4.84789643e+01,4.21178986e-03,1.00000000e+00,9.18811347e+00
2.41800000e+04,4.85209908e+01,4.19592807e-03,1.00000000e+00,9.17776132e+00
2.41900000e+04,4.85628859e+01,4.18521013e-03,1.00000000e+00,9.18047204e+00
2.42000000e+04,4.86047127e+01,4.18163332e-03,1.00000000e+00,9.17568716e+00
2.42100000e+04,4.86465387e+01,4.18416194e-03,1.00000000e+00,9.13018285e+00
2.42200000e+04,4.86883945e+01,4.18539660e-03,1.00000000e+00,9.18040634e+00
2.42300000e+04,4.87302695e+01,4.19061336e-03,1.00000000e+00,9.17616080e+00
2.42400000e+04,4.87722431e+01,4.20398511e-03,1.00000000e+00,9.17633028e+00
2.42500000e+04,4.88143920e+01,4.22494975e-03,1.00000000e+00,9.17290834e+00
2.42600000e+04,4.88567896e+01,4.25280824e-03,1.00000000e+00,9.18288094e+00
2.42700000e+04,4.88994975e+01,4.28638371e-03,1.00000000e+00,9.17791272e+00
2.42800000e+04,4.89425712e+01,4.32533569e-03,1.00000000e+00,9.18163081e+00
2.42900000e+04,4.89860617e+01,4.36901067e-03,1.00000000e+00,9.16721139e+00
2.43000000e+04,4.90300082e+01,4.41607382e-03,1.00000000e+00,9.17557912e+00
2.43100000e+04,4.90744407e+01,4.46576001e-03,1.00000000e+00,9.17594913e+00
2.43200000e+04,4.91193794e+01,4.51712840e-03,1.00000000e+00,9.17292174e+00
2.43300000e+04,4.91648371e+01,4.56918353e-03,1.00000000e+00,9.17670856e+00
2.43400000e+04,4.92108176e+01,4.62183876e-03,1.00000000e+00,9.18774227e+00
2.43500000e+04,4.92573173e+01,4.67216434e-03,1.00000000e+00,9.18841430e+00
2.43600000e+04,4.93042917e+01,4.71746082e-03,1.00000000e+00,9.17287784e+00
2.43700000e+04,4.93515148e+01,4.72593875e-03,1.00000000e+00,9.18060300e+00
2.43800000e+04,4.93987959e+01,4.72930794e-03,1.00000000e+00,9.17994457e+00
2.43900000e+04,4.94461019e+01,4.73152126e-03,1.00000000e+00,9.17364968e+00
2.44000000e+04,4.94934210e+01,4.73185252e-03,1.00000000e+00,9.17405302e+00
2.44100000e+04,4.95407291e+01,4.72948739e-03,1.00000000e+00,9.17069648e+00
2.44200000e+04,4.95879957e+01,4.72385258e-03,1.00000000e+00,9.19610111e+00
2.44300000e+04,4.96351868e+01,4.71464212e-03,1.00000000e+00,9.17305640e+00
2.44400000e+04,4.96822632e+01,4.70113772e-03,1.00000000e+00,9.18005447e+00
2.44500000e+04,4.97291750e+01,4.68228378e-03,1.00000000e+00,9.19058684e+00
2.44600000e+04,4.97758647e+01,4.65654131e-03,1.00000000e+00,9.19057275e+00
2.44700000e+04,4.98222515e+01,4.62319785e-03,1.00000000e+00,9.17544786e+00
2.44800000e+04,4.98682733e+01,4.58427030e-03,1.00000000e+00,9.18190864e+00
2.44900000e+04,4.99138826e+01,4.54137668e-03,1.00000000e+00,9.18783346e+00
2.45000000e+04,4.99590469e+01,4.49568790e-03,1.00000000e+00,9.19013100e+00
2.45100000e+04,5.00037441e+01,4.44817329e-03,1.00000000e+00,9.17497299e+00
2.45200000e+04,5.00479589e+01,4.39960559e-03,1.00000000e+00,9.17189348e+00
2.45300000e+04,5.00916958e+01,4.35282953e-03,1.00000000e+00,9.18177655e+00
2.45400000e+04,5.01349864e+01,4.31029249e-03,1.00000000e+00,9.19032875e+00
2.45500000e+04,5.01778792e+01,4.27337675e-03,1.00000000e+00,9.17486894e+00
2.45600000e+04,5.02204503e+01,4.24487717e-03,1.00000000e+00,9.16927683e+00
2.45700000e+04,5.02627689e+01,4.22131149e-03,1.00000000e+00,9.19041515e+00
2.45800000e+04,5.03048792e+01,4.20387519e-03,1.00000000e+00,9.18193293e+00
2.45900000e+04,5.03468592e+01,4.19258268e-03,1.00000000e+00,9.16094054e+00
2.46000000e+04,5.03886688e+01,4.17267684e-03,1.00000000e+00,9.16579907e+00
2.46100000e+04,5.04303344e+01,4.16324943e-03,1.00000000e+00,9.14479365e+00
2.46200000e+04,5.04719641e+01,4.16440665e-03,1.00000000e+00,9.18306688e+00
2.46300000e+04,5.05136640e+01,4.17621806e-03,1.00000000e+00,9.17247059e+00
2.46400000e+04,5.05555427e+01,4.19885113e-03,1.00000000e+00,9.17023909e+00
2.46500000e+04,5.05977017e+01,4.23146252e-03,1.00000000e+00,9.17442953e+00
2.46600000e+04,5.06402407e+01,4.27349826e-03,1.00000000e+00,9.17511351e+00
2.46700000e+04,5.06832524e+01,4.32522103e-03,1.00000000e+00,9.16195007e+00
2.46800000e+04,5.07268284e+01,4.38526286e-03,1.00000000e+00,9.16352065e+00
2.46900000e+04,5.07710470e+01,4.45291623e-03,1.00000000e+00,9.18780682e+00
2.47000000e+04,5.08159749e+01,4.52414000e-03,1.00000000e+00,9.16665770e+00
2.47100000e+04,5.08615643e+01,4.58826837e-03,1.00000000e+00,9.17997696e+00
2.47200000e+04,5.09078184e+01,4.65591654e-03,1.00000000e+00,9.18211593e+00
2.47300000e+04,5.09547492e+01,4.72174127e-03,1.00000000e+00,9.16830932e+00
2.47400000e+04,5.10021741e+01,4.75969904e-03,1.00000000e+00,9.17061591e+00
2.47500000e+04,5.10499791e+01,4.79702239e-03,1.00000000e+00,9.15700879e+00
2.47600000e+04,5.10980983e+01,4.81787095e-03,1.00000000e+00,9.16723805e+00
2.47700000e+04,5.11463148e+01,4.82476815e-03,1.00000000e+00,9.17543566e+00
2.47800000e+04,5.11945928e+01,4.82961920e-03,1.00000000e+00,9.17076932e+00
2.47900000e+04,5.12428887e+01,4.82873729e-03,1.00000000e+00,9.17509134e+00
2.48000000e+04,5.12911432e+01,4.82176346e-03,1.00000000e+00,9.14884834e+00
2.48100000e+04,5.13392951e+01,4.80893972e-03,1.00000000e+00,9.17474055e+00
2.48200000e+04,5.13872858e+01,4.79003431e-03,1.00000000e+00,9.18012301e+00
2.48300000e+04,5.14350514e+01,4.76458729e-03,1.00000000e+00,9.18866172e+00
2.48400000e+04,5.14825295e+01,4.73320619e-03,1.00000000e+00,9.17709483e+00
2.48500000e+04,5.15296667e+01,4.69740648e-03,1.00000000e+00,9.17942181e+00
2.48600000e+04,5.15764360e+01,4.66001671e-03,1.00000000e+00,9.18304414e+00
2.48700000e+04,5.16228286e+01,4.62235425e-03,1.00000000e+00,9.18815172e+00
2.48800000e+04,5.16688510e+01,4.58608891e-03,1.00000000e+00,9.17273085e+00
2.48900000e+04,5.17145212e+01,4.55185112e-03,1.00000000e+00,9.17735084e+00
2.49000000e+04,5.17598191e+01,4.50627515e-03,1.00000000e+00,9.17710092e+00
2.49100000e+04,5.18045740e+01,4.45080528e-03,1.00000000e+00,9.17013158e+00
2.49200000e+04,5.18487921e+01,4.39852942e-03,1.00000000e+00,9.18158528e+00
2.49300000e+04,5.18925085e+01,4.35041813e-03,1.00000000e+00,9.17035985e+00
2.49400000e+04,5.19357727e+01,4.30745597e-03,1.00000000e+00,9.17439234e+00
2.49500000e+04,5.19786098e+01,4.26440914e-03,1.00000000e+00,9.17145168e+00
2.49600000e+04,5.20210439e+01,4.22714878e-03,1.00000000e+00,9.17545574e+00
2.49700000e+04,5.20631421e+01,4.19696459e-03,1.00000000e+00,9.17277335e+00
2.49800000e+04,5.21049883e+01,4.17584310e-03,1.00000000e+00,9.16620148e+00
2.49900000e+04,5.21466677e+01,4.16291267e-03,1.00000000e+00,9.16580567e+00
2.50000000e+04,5.21882735e+01,4.16027600e-03,1.00000000e+00,9.14242318e+00
2.50100000e+04,5.22299145e+01,4.16888512e-03,1.00000000e+00,9.16639793e+00
2.50200000e+04,5.22717013e+01,4.18823766e-03,1.00000000e+00,9.16496739e+00
2.50300000e+04,5.23137407e+01,4.21847346e-03,1.00000000e+00,9.16813070e+00
2.50400000e+04,5.23561387e+01,4.25866437e-03,1.00000000e+00,9.16930271e+00
2.50500000e+04,5.23989894e+01,4.30787402e-03,1.00000000e+00,9.16714201e+00
2.50600000e+04,5.24423748e+01,4.36467562e-03,1.00000000e+00,9.16471777e+00
2.50700000e+04,5.24863626e+01,4.42735206e-03,1.00000000e+00,9.18190414e+00
2.50800000e+04,5.25309994e+01,4.49391698e-03,1.00000000e+00,9.17899200e+00
2.50900000e+04,5.25763183e+01,4.56314631e-03,1.00000000e+00,9.17323321e+00
2.51000000e+04,5.26223009e+01,4.62452607e-03,1.00000000e+00,9.17402225e+00
2.51100000e+04,5.26688457e+01,4.67827003e-03,1.00000000e+00,9.18197642e+00
2.51200000e+04,5.27159042e+01,4.72789227e-03,1.00000000e+00,9.17878785e+00
2.51300000e+04,5.27634365e+01,4.77294313e-03,1.00000000e+00,9.17834057e+00
2.51400000e+04,5.28113804e+01,4.81088592e-03,1.00000000e+00,9.17734999e+00
2.51500000e+04,5.28596689e+01,4.84240927e-03,1.00000000e+00,9.18374491e+00
2.51600000e+04,5.29082302e+01,4.86603591e-03,1.00000000e+00,9.18893040e+00
2.51700000e+04,5.29569785e+01,4.88078310e-03,1.00000000e+00,9.17743132e+00
2.51800000e+04,5.30058317e+01,4.88776683e-03,1.00000000e+00,9.17854480e+00
2.51900000e+04,5.30547073e+01,4.88598710e-03,1.00000000e+00,9.19435695e+00
2.52000000e+04,5.31035163e+01,4.87565897e-03,1.00000000e+00,9.18490860e+00
2.52100000e+04,5.31521786e+01,4.85711947e-03,1.00000000e+00,9.18385640e+00
2.52200000e+04,5.32006107e+01,4.83094260e-03,1.00000000e+00,9.18041368e+00
2.52300000e+04,5.32487360e+01,4.79591218e-03,1.00000000e+00,9.18736386e+00
2.52400000e+04,5.32964696e+01,4.75397983e-03,1.00000000e+00,9.18692619e+00
2.52500000e+04,5.33437545e+01,4.70694152e-03,1.00000000e+00,9.17890613e+00
2.52600000e+04,5.33905486e+01,4.65662222e-03,1.00000000e+00,9.17213440e+00
2.52700000e+04,5.34368298e+01,4.60452222e-03,1.00000000e+00,9.18741073e+00
2.52800000e+04,5.34825849e+01,4.55185591e-03,1.00000000e+00,9.19325176e+00
2.52900000e+04,5.35278144e+01,4.49933635e-03,1.00000000e+00,9.16454426e+00
2.53000000e+04,5.35725251e+01,4.44829049e-03,1.00000000e+00,9.17256890e+00
2.53100000e+04,5.36167369e+01,4.39929127e-03,1.00000000e+00,9.18715723e+00
2.53200000e+04,5.36604699e+01,4.35254195e-03,1.00000000e+00,9.17523601e+00
2.53300000e+04,5.37037583e+01,4.31006604e-03,1.00000000e+00,9.16392194e+00
2.53400000e+04,5.37466315e+01,4.26837025e-03,1.00000000e+00,9.16427853e+00
2.53500000e+04,5.37891034e+01,4.23108258e-03,1.00000000e+00,9.18917412e+00
2.53600000e+04,5.38312433e+01,4.20071760e-03,1.00000000e+00,9.17473819e+00
2.53700000e+04,5.38731224e+01,4.17888821e-03,1.00000000e+00,9.17227828e+00
2.53800000e+04,5.39148161e+01,4.16230375e-03,1.00000000e+00,9.18269513e+00
2.53900000e+04,5.39563854e+01,4.15406736e-03,1.00000000e+00,9.14486083e+00
2.54000000e+04,5.39979272e+01,4.15569266e-03,1.00000000e+00,9.17396874e+00
2.54100000e+04,5.40395317e+01,4.16530163e-03,1.00000000e+00,9.16678336e+00
2.54200000e+04,5.40812796e+01,4.18396741e-03,1.00000000e+00,9.17679582e+00
2.54300000e+04,5.41232604e+01,4.21071576e-03,1.00000000e+00,9.16850685e+00
2.54400000e+04,5.41655483e+01,4.24458994e-03,1.00000000e+00,9.16465926e+00
2.54500000e+04,5.42082069e+01,4.28390444e-03,1.00000000e+00,9.16938262e+00
2.54600000e+04,5.42512820e+01,4.32754285e-03,1.00000000e+00,9.18859951e+00
2.54700000e+04,5.42948151e+01,4.37456249e-03,1.00000000e+00,9.19197459e+00
2.54800000e+04,5.43388239e+01,4.42251408e-03,1.00000000e+00,9.17403084e+00
2.54900000e+04,5.43833156e+01,4.47100916e-03,1.00000000e+00,9.16504647e+00
2.55000000e+04,5.44282944e+01,4.51994067e-03,1.00000000e+00,9.18462191e+00
2.55100000e+04,5.44737595e+01,4.56803303e-03,1.00000000e+00,9.17041937e+00
2.55200000e+04,5.45197009e+01,4.61528288e-03,1.00000000e+00,9.17474435e+00
2.55300000e+04,5.45661031e+01,4.66020089e-03,1.00000000e+00,9.17777488e+00
2.55400000e+04,5.46129404e+01,4.70259425e-03,1.00000000e+00,9.18182952e+00
2.55500000e+04,5.46601702e+01,4.73768609e-03,1.00000000e+00,9.18316679e+00
2.55600000e+04,5.47076978e+01,4.76409417e-03,1.00000000e+00,9.17722925e+00
2.55700000e+04,5.47554543e+01,4.78417984e-03,1.00000000e+00,9.17275135e+00
2.55800000e+04,5.48033763e+01,4.79783207e-03,1.00000000e+00,9.17722680e+00
2.55900000e+04,5.48514023e+01,4.80560065e-03,1.00000000e+00,9.13764160e+00
2.56000000e+04,5.48994726e+01,4.80716040e-03,1.00000000e+00,9.16947135e+00
2.56100000e+04,5.49475202e+01,4.80168819e-03,1.00000000e+00,9.17374610e+00
2.56200000e+04,5.49954728e+01,4.78882286e-03,1.00000000e+00,9.18977900e+00
2.56300000e+04,5.50432535e+01,4.76812003e-03,1.00000000e+00,9.17958227e+00
2.56400000e+04,5.50907853e+01,4.73985844e-03,1.00000000e+00,9.16695026e+00
2.56500000e+04,5.51379956e+01,4.70469314e-03,1.00000000e+00,9.17523364e+00
2.56600000e+04,5.51848192e+01,4.66316636e-03,1.00000000e+00,9.18011465e+00
2.56700000e+04,5.52312003e+01,4.61713678e-03,1.00000000e+00,9.18062245e+00
2.56800000e+04,5.52770455e+01,4.55553776e-03,1.00000000e+00,9.17391865e+00
2.56900000e+04,5.53222414e+01,4.49009145e-03,1.00000000e+00,9.16394148e+00
2.57000000e+04,5.53667863e+01,4.42576713e-03,1.00000000e+00,9.18867312e+00
2.57100000e+04,5.54107062e+01,4.36517265e-03,1.00000000e+00,9.18178933e+00
2.57200000e+04,5.54540448e+01,4.30900963e-03,1.00000000e+00,9.17915713e+00
2.57300000e+04,5.54968585e+01,4.25992678e-03,1.00000000e+00,9.16598062e+00
2.57400000e+04,5.55392184e+01,4.21753051e-03,1.00000000e+00,9.18782247e+00
2.57500000e+04,5.55812070e+01,4.18504617e-03,1.00000000e+00,9.17347952e+00
2.57600000e+04,5.56229141e+01,4.16066222e-03,1.00000000e+00,9.16671075e+00
2.57700000e+04,5.56644408e+01,4.14771596e-03,1.00000000e+00,9.17032326e+00
2.57800000e+04,5.57058978e+01,4.14594820e-03,1.00000000e+00,9.18107719e+00
2.57900000e+04,5.57474066e+01,4.15666511e-03,1.00000000e+00,9.13846665e+00
2.58000000e+04,5.57890854e+01,4.17869196e-03,1.00000000e+00,9.16363406e+00
2.58100000e+04,5.58310445e+01,4.21171889e-03,1.00000000e+00,9.17353568e+00
2.58200000e+04,5.58733955e+01,4.25565508e-03,1.00000000e+00,9.18721866e+00
2.58300000e+04,5.59162105e+01,4.29889995e-03,1.00000000e+00,9.18246704e+00
2.58400000e+04,5.59594129e+01,4.33946874e-03,1.00000000e+00,9.17124380e+00
2.58500000e+04,5.60030708e+01,4.38697054e-03,1.00000000e+00,9.17093733e+00
2.58600000e+04,5.60471740e+01,4.42739086e-03,1.00000000e+00,9.18625218e+00
2.58700000e+04,5.60916713e+01,4.46879197e-03,1.00000000e+00,9.18540521e+00
2.58800000e+04,5.61366040e+01,4.51361897e-03,1.00000000e+00,9.17817562e+00
2.58900000e+04,5.61819964e+01,4.56057275e-03,1.00000000e+00,9.18071932e+00
2.59000000e+04,5.62278788e+01,4.61132776e-03,1.00000000e+00,9.18320117e+00
2.59100000e+04,5.62742776e+01,4.66321750e-03,1.00000000e+00,9.17379216e+00
2.59200000e+04,5.63211973e+01,4.71572208e-03,1.00000000e+00,9.16979735e+00
2.59300000e+04,5.63686440e+01,4.76827153e-03,1.00000000e+00,9.17192963e+00
2.59400000e+04,5.64166110e+01,4.81980055e-03,1.00000000e+00,9.19046281e+00
2.59500000e+04,5.64650904e+01,4.87071284e-03,1.00000000e+00,9.17419942e+00
2.59600000e+04,5.65138989e+01,4.88388765e-03,1.00000000e+00,9.17153291e+00
2.59700000e+04,5.65627587e+01,4.88706703e-03,1.00000000e+00,9.18974897e+00
2.59800000e+04,5.66116304e+01,4.88665635e-03,1.00000000e+00,9.17925573e+00
2.59900000e+04,5.66604714e+01,4.88132847e-03,1.00000000e+00,9.17240622e+00
2.60000000e+04,5.67091655e+01,4.85722207e-03,1.00000000e+00,9.17597939e+00
2.60100000e+04,5.67575672e+01,4.82526006e-03,1.00000000e+00,9.18933523e+00
2.60200000e+04,5.68056202e+01,4.78826939e-03,1.00000000e+00,9.17838592e+00
2.60300000e+04,5.68532837e+01,4.74792904e-03,1.00000000e+00,9.17441299e+00
2.60400000e+04,5.69005269e+01,4.70480656e-03,1.00000000e+00,9.18869636e+00
2.60500000e+04,5.69473328e+01,4.66004386e-03,1.00000000e+00,9.17512693e+00
2.60600000e+04,5.69936588e+01,4.61012983e-03,1.00000000e+00,9.16858191e+00
2.60700000e+04,5.70394901e+01,4.56150077e-03,1.00000000e+00,9.16924325e+00
2.60800000e+04,5.70848536e+01,4.51623241e-03,1.00000000e+00,9.17416767e+00
2.60900000e+04,5.71297898e+01,4.47627313e-03,1.00000000e+00,9.17535758e+00
2.61000000e+04,5.71742739e+01,4.41918421e-03,1.00000000e+00,9.16297155e+00
2.61100000e+04,5.72180581e+01,4.34557509e-03,1.00000000e+00,9.16293052e+00
2.61200000e+04,5.72611441e+01,4.27969076e-03,1.00000000e+00,9.18943662e+00
2.61300000e+04,5.73036192e+01,4.22306747e-03,1.00000000e+00,9.16768811e+00
2.61400000e+04,5.73455952e+01,4.17777849e-03,1.00000000e+00,9.16362548e+00
2.61500000e+04,5.73871727e+01,4.14368861e-03,1.00000000e+00,9.17819201e+00
2.61600000e+04,5.74284758e+01,4.12053442e-03,1.00000000e+00,9.17649991e+00
2.61700000e+04,5.74696128e+01,4.11017975e-03,1.00000000e+00,9.18678430e+00
2.61800000e+04,5.75107103e+01,4.11095632e-03,1.00000000e+00,9.13298675e+00
2.61900000e+04,5.75518737e+01,4.12180979e-03,1.00000000e+00,9.16800408e+00
2.62000000e+04,5.75931929e+01,4.14180316e-03,1.00000000e+00,9.17789813e+00
2.62100000e+04,5.76347612e+01,4.16803804e-03,1.00000000e+00,9.16852240e+00
2.62200000e+04,5.76765980e+01,4.19813849e-03,1.00000000e+00,9.17027447e+00
2.62300000e+04,5.77187941e+01,4.23865682e-03,1.00000000e+00,9.16055356e+00
2.62400000e+04,5.77614445e+01,4.28769717e-03,1.00000000e+00,9.18229511e+00
2.62500000e+04,5.78046215e+01,4.34299552e-03,1.00000000e+00,9.16366358e+00
2.62600000e+04,5.78483768e+01,4.40273037e-03,1.00000000e+00,9.17050305e+00
2.62700000e+04,5.78927456e+01,4.46510663e-03,1.00000000e+00,9.17038083e+00
2.62800000e+04,5.79377421e+01,4.52770715e-03,1.00000000e+00,9.17523089e+00
2.62900000e+04,5.79833564e+01,4.58888906e-03,1.00000000e+00,9.17545910e+00
2.63000000e+04,5.80295754e+01,4.64834027e-03,1.00000000e+00,9.18018858e+00
2.63100000e+04,5.80763611e+01,4.70260769e-03,1.00000000e+00,9.18035613e+00
2.63200000e+04,5.81236700e+01,4.75340476e-03,1.00000000e+00,9.18512437e+00
2.63300000e+04,5.81714540e+01,4.79773125e-03,1.00000000e+00,9.17929025e+00
2.63400000e+04,5.82196424e+01,4.83503073e-03,1.00000000e+00,9.18330639e+00
2.63500000e+04,5.82681544e+01,4.86144972e-03,1.00000000e+00,9.17605821e+00
2.63600000e+04,5.83168548e+01,4.87539335e-03,1.00000000e+00,9.18247971e+00
2.63700000e+04,5.83655942e+01,4.87160981e-03,1.00000000e+00,9.17244370e+00
2.63800000e+04,5.84142551e+01,4.86051553e-03,1.00000000e+00,9.13435328e+00
2.63900000e+04,5.84627682e+01,4.84293953e-03,1.00000000e+00,9.17596139e+00
2.64000000e+04,5.85110747e+01,4.81975987e-03,1.00000000e+00,9.19596369e+00
2.64100000e+04,5.85591198e+01,4.79125688e-03,1.00000000e+00,9.18212127e+00
2.64200000e+04,5.86068491e+01,4.75696562e-03,1.00000000e+00,9.17432356e+00
2.64300000e+04,5.86542012e+01,4.71655024e-03,1.00000000e+00,9.17967713e+00
2.64400000e+04,5.87011200e+01,4.67105255e-03,1.00000000e+00,9.18608534e+00
2.64500000e+04,5.87475713e+01,4.62358509e-03,1.00000000e+00,9.17140462e+00
2.64600000e+04,5.87935379e+01,4.57442418e-03,1.00000000e+00,9.16434688e+00
2.64700000e+04,5.88390034e+01,4.52340150e-03,1.00000000e+00,9.15066767e+00
2.64800000e+04,5.88839477e+01,4.47049689e-03,1.00000000e+00,9.17768396e+00
2.64900000e+04,5.89283549e+01,4.41640667e-03,1.00000000e+00,9.18665072e+00
2.65000000e+04,5.89722249e+01,4.36303462e-03,1.00000000e+00,9.17012635e+00
2.65100000e+04,5.90155666e+01,4.31073643e-03,1.00000000e+00,9.16997141e+00
2.65200000e+04,5.90583953e+01,4.26062872e-03,1.00000000e+00,9.16159232e+00
2.65300000e+04,5.91007410e+01,4.21391806e-03,1.00000000e+00,9.18412426e+00
2.65400000e+04,5.91426560e+01,4.17407983e-03,1.00000000e+00,9.17938679e+00
2.65500000e+04,5.91842176e+01,4.14379516e-03,1.00000000e+00,9.15660761e+00
2.65600000e+04,5.92255475e+01,4.12543929e-03,1.00000000e+00,9.16366612e+00
2.65700000e+04,5.92667543e+01,4.11815453e-03,1.00000000e+00,9.17070279e+00
2.65800000e+04,5.93079001e+01,4.11362786e-03,1.00000000e+00,9.13246843e+00
2.65900000e+04,5.93490930e+01,4.12647067e-03,1.00000000e+00,9.17106930e+00
2.66000000e+04,5.93904992e+01,4.15434925e-03,1.00000000e+00,9.17184972e+00
2.66100000e+04,5.94322650e+01,4.19684178e-03,1.00000000e+00,9.18950802e+00
2.66200000e+04,5.94745261e+01,4.25185018e-03,1.00000000e+00,9.18400744e+00
2.66300000e+04,5.95173994e+01,4.31801705e-03,1.00000000e+00,9.17221433e+00
2.66400000e+04,5.95609204e+01,4.37593623e-03,1.00000000e+00,9.16817606e+00
2.66500000e+04,5.96049840e+01,4.43210842e-03,1.00000000e+00,9.18476193e+00
2.66600000e+04,5.96496418e+01,4.49383653e-03,1.00000000e+00,9.18249298e+00
2.66700000e+04,5.96949338e+01,4.55857416e-03,1.00000000e+00,9.16923184e+00
2.66800000e+04,5.97408838e+01,4.62499321e-03,1.00000000e+00,9.16344306e+00
2.66900000e+04,5.97875051e+01,4.69215133e-03,1.00000000e+00,9.18193943e+00
2.67000000e+04,5.98347005e+01,4.74135856e-03,1.00000000e+00,9.18355403e+00
2.67100000e+04,5.98823664e+01,4.78630665e-03,1.00000000e+00,9.16370954e+00
2.67200000e+04,5.99304470e+01,4.82510799e-03,1.00000000e+00,2.70575755e+01
2.67300000e+04,5.99788885e+01,4.85888935e-03,1.00000000e+00,2.69429830e+01
2.67350000e+04,6.00000000e+01,1.64628929e-03,1.00000000e+00,3.03255789e+01
