step,t,mass,xmom,ymom,zmom,Lx,Ly,Lz,E_kin,E_int,E_gas,E_grav,E_tot,com_x,com_y,com_z,vcom_x,vcom_y,vcom_z,T_max,rho_max
0.00000000e+00,0.00000000e+00,2.91777612e+33,0.00000000e+00,0.00000000e+00,0.00000000e+00,0.00000000e+00,0.00000000e+00,0.00000000e+00,0.00000000e+00,3.55418169e+51,3.58874787e+51,-6.85327804e+51,1.62108847e+50,-1.87385864e+05,-1.87385864e+05,-1.87385864e+05,0.00000000e+00,0.00000000e+00,0.00000000e+00,1.00000000e+05,3.00000005e+09
1.00000000e+01,7.72054717e-04,2.91777612e+33,2.37035395e+34,2.37035395e+34,2.27559428e+34,-8.56855192e+36,8.56784935e+36,1.12597331e+33,7.97136588e+43,3.55418715e+51,3.58875444e+51,-6.85320910e+51,1.62149891e+50,-1.87385861e+05,-1.87385861e+05,-1.87385861e+05,8.12383763e+00,8.12383763e+00,7.79907090e+00,0.00000000e+00,2.99836953e+09
2.00000000e+01,2.77456582e-03,2.91777614e+33,6.34042689e+34,6.34042689e+34,6.00860292e+34,-2.94561479e+37,3.05363902e+37,1.89448822e+34,9.34202475e+44,3.55420432e+51,3.58877591e+51,-6.85297545e+51,1.62288183e+50,-1.87385834e+05,-1.87385834e+05,-1.87385836e+05,2.17303405e+01,2.17303405e+01,2.05930909e+01,0.00000000e+00,2.99381496e+09
3.00000000e+01,7.96856389e-03,2.91777622e+33,1.56812305e+35,1.56812305e+35,1.47893669e+35,-7.29565787e+37,8.83811211e+37,1.12385396e+35,6.02655748e+45,3.55428851e+51,3.58887856e+51,-6.85203400e+51,1.62861563e+50,-1.87385643e+05,-1.87385643e+05,-1.87385655e+05,5.37437738e+01,5.37437738e+01,5.06871184e+01,0.00000000e+00,2.98055111e+09
4.00000000e+01,2.14404572e-02,2.91777673e+33,3.45177861e+35,3.45177861e+35,3.24835895e+35,-1.49556079e+38,2.15570696e+38,-1.70070560e+35,2.30937097e+46,3.55480180e+51,3.58945863e+51,-6.84788532e+51,1.65515970e+50,-1.87384470e+05,-1.87384470e+05,-1.87384552e+05,1.18301670e+02,1.18301670e+02,1.11329935e+02,0.00000000e+00,2.94314287e+09
5.00000000e+01,5.60870055e-02,2.91777984e+33,5.95879857e+35,5.95879857e+35,5.59513059e+35,-3.25079836e+38,3.14475884e+38,5.12384163e+36,4.04435198e+46,3.55798233e+51,3.59274566e+51,-6.83266320e+51,1.76414057e+50,-1.87378598e+05,-1.87378598e+05,-1.87379038e+05,2.04223721e+02,2.04223721e+02,1.91759862e+02,0.00000000e+00,2.89063227e+09
6.00000000e+01,1.04854971e-01,2.91778544e+33,7.28512018e+35,7.28512015e+35,6.84445882e+35,-2.76593466e+40,-3.06056312e+40,9.31271480e+38,3.74567419e+46,3.55913923e+51,3.59386775e+51,-6.81102757e+51,1.88353960e+50,-1.87368099e+05,-1.87368099e+05,-1.87368313e+05,2.49679777e+02,2.49679776e+02,2.34577181e+02,0.00000000e+00,2.87553783e+09
7.00000000e+01,1.53620393e-01,2.91779100e+33,7.65767390e+35,7.65767329e+35,7.19595149e+35,-2.54760233e+41,-2.29217971e+41,-4.47880041e+39,3.76351841e+46,3.56038635e+51,3.59502752e+51,-6.79105341e+51,1.99500816e+50,-1.87357468e+05,-1.87357467e+05,-1.87356388e+05,2.62447649e+02,2.62447629e+02,2.46623267e+02,0.00000000e+00,2.86324486e+09
8.00000000e+01,2.02182514e-01,2.91779648e+33,7.76354869e+35,7.76354727e+35,7.29536851e+35,-9.74304916e+41,-9.61159014e+41,-9.84255746e+40,4.82028044e+46,3.56179079e+51,3.59630116e+51,-6.77257740e+51,2.10012458e+50,-1.87349134e+05,-1.87349118e+05,-1.87344184e+05,2.66075744e+02,2.66075695e+02,2.50030067e+02,0.00000000e+00,2.85532787e+09
9.00000000e+01,2.50463976e-01,2.91780188e+33,7.79521046e+35,7.79520187e+35,7.32356310e+35,-4.16558744e+41,-3.15972887e+41,-4.59018353e+40,6.86407039e+46,3.56370848e+51,3.59802837e+51,-6.75542695e+51,2.20314893e+50,-1.87349559e+05,-1.87349551e+05,-1.87332025e+05,2.67160375e+02,2.67160081e+02,2.50995900e+02,0.00000000e+00,2.84967520e+09
1.00000000e+02,2.98425424e-01,2.91780719e+33,7.83808795e+35,7.83808118e+35,7.36145230e+35,8.92993863e+41,9.58346715e+41,1.65766964e+41,9.81880934e+46,3.56619719e+51,3.60026050e+51,-6.73940966e+51,2.30555664e+50,-1.87346286e+05,-1.87346143e+05,-1.87319567e+05,2.68629400e+02,2.68629168e+02,2.52293994e+02,0.00000000e+00,2.84553261e+09
1.10000000e+02,3.46027360e-01,2.91781250e+33,1.05141648e+36,1.05141020e+36,9.88400672e+35,-3.25209075e+41,-2.75974885e+41,-2.47383276e+41,2.16389593e+47,3.56946211e+51,3.60315781e+51,-6.72318156e+51,2.41567035e+50,-1.87337409e+05,-1.87336966e+05,-1.87306079e+05,3.60344085e+02,3.60341935e+02,3.38747151e+02,0.00000000e+00,2.84675605e+09
1.20000000e+02,3.93224577e-01,2.91781794e+33,1.90353025e+36,1.90352012e+36,1.78944007e+36,7.90436178e+42,8.39484607e+42,-3.36403377e+41,7.47108314e+47,3.57506400e+51,3.60833790e+51,-6.70007616e+51,2.58299822e+50,-1.87316533e+05,-1.87316538e+05,-1.87283989e+05,6.52381435e+02,6.52377962e+02,6.13280235e+02,0.00000000e+00,2.83443491e+09
1.30000000e+02,4.39535753e-01,2.91782322e+33,2.86415455e+36,2.86415611e+36,2.69191874e+36,3.69137002e+43,3.55448975e+43,1.20608381e+42,1.71112360e+48,3.58458293e+51,3.61730876e+51,-6.66621067e+51,2.84203425e+50,-1.87268621e+05,-1.87269774e+05,-1.87247655e+05,9.81606605e+02,9.81607141e+02,9.22577735e+02,0.00000000e+00,2.79130483e+09
1.40000000e+02,4.84695113e-01,2.91782829e+33,3.79981011e+36,3.79973473e+36,3.57080658e+36,4.05080208e+43,3.29368115e+43,3.21089461e+42,2.92063027e+48,3.59861292e+51,3.63057532e+51,-6.62421259e+51,3.18469028e+50,-1.87230518e+05,-1.87220417e+05,-1.87197719e+05,1.30227338e+03,1.30224755e+03,1.22378914e+03,0.00000000e+00,2.73771773e+09
1.50000000e+02,5.29267868e-01,2.91783325e+33,4.72234472e+36,4.72190921e+36,4.43698816e+36,5.32210013e+43,3.67178817e+43,7.75316019e+42,4.23934075e+48,3.61638482e+51,3.64745448e+51,-6.57575462e+51,3.59577175e+50,-1.87189635e+05,-1.87160057e+05,-1.87134059e+05,1.61844229e+03,1.61829303e+03,1.52064487e+03,0.00000000e+00,2.67361203e+09
1.60000000e+02,5.73321847e-01,2.91783812e+33,5.63380170e+36,5.63235371e+36,5.29161236e+36,5.40627632e+43,7.52624481e+43,7.13550397e+42,5.56371792e+48,3.63692860e+51,3.66704546e+51,-6.52205937e+51,4.06015771e+50,-1.87147501e+05,-1.87092401e+05,-1.87056916e+05,1.93081366e+03,1.93031741e+03,1.81353871e+03,0.00000000e+00,2.60083089e+09
1.70000000e+02,6.17357211e-01,2.91784299e+33,6.54302698e+36,6.54036394e+36,6.14442418e+36,5.89549601e+43,1.11402995e+44,4.74912572e+42,6.79393564e+48,3.66003150e+51,3.68916729e+51,-6.46375407e+51,4.57290252e+50,-1.87084329e+05,-1.87013270e+05,-1.86970416e+05,2.24241914e+03,2.24150647e+03,2.10581042e+03,0.00000000e+00,2.52204883e+09
1.80000000e+02,6.61689078e-01,2.91784794e+33,7.45679887e+36,7.45229074e+36,7.00130339e+36,4.16915408e+43,1.12768447e+44,-4.10193271e+42,7.86352678e+48,3.68511492e+51,3.71328476e+51,-6.40163191e+51,5.12468806e+50,-1.87054709e+05,-1.86945522e+05,-1.86870738e+05,2.55558172e+03,2.55403670e+03,2.39947507e+03,0.00000000e+00,2.44106455e+09
1.90000000e+02,7.06522396e-01,2.91785302e+33,8.38017539e+36,8.37311082e+36,7.86489987e+36,8.44553624e+43,1.40263422e+44,-6.03050023e+42,8.74259007e+48,3.71149672e+51,3.73875256e+51,-6.33622796e+51,5.70638583e+50,-1.87045442e+05,-1.86920428e+05,-1.86755235e+05,2.87203479e+03,2.86961364e+03,2.69544073e+03,0.00000000e+00,2.36072230e+09
2.00000000e+02,7.52046028e-01,2.91785825e+33,9.31666260e+36,9.30620852e+36,8.73883860e+36,1.47857100e+44,1.80559242e+44,-3.67055111e+42,9.43716206e+48,3.73859477e+51,3.76497000e+51,-6.26777806e+51,6.31080964e+50,-1.87065276e+05,-1.86926742e+05,-1.86625495e+05,3.19297985e+03,3.18939706e+03,2.99494966e+03,0.00000000e+00,2.27719882e+09
2.10000000e+02,7.98286667e-01,2.91786366e+33,1.02729612e+37,1.02570069e+37,9.62455385e+36,2.22526116e+44,2.72680858e+44,8.78930624e+42,9.95076476e+48,3.76613430e+51,3.79164664e+51,-6.19733549e+51,6.92978897e+50,-1.87102337e+05,-1.86962199e+05,-1.86478241e+05,3.52071322e+03,3.51524543e+03,3.29849334e+03,0.00000000e+00,2.19252876e+09
2.20000000e+02,8.45204352e-01,2.91786923e+33,1.12499574e+37,1.12266002e+37,1.05162497e+37,3.22618693e+44,3.46467868e+44,2.38469843e+43,1.02943312e+49,3.79391331e+51,3.81857025e+51,-6.12669171e+51,7.55224393e+50,-1.87134670e+05,-1.86987198e+05,-1.86313611e+05,3.85553860e+03,3.84753370e+03,3.60408533e+03,0.00000000e+00,2.11043650e+09
2.30000000e+02,8.92844757e-01,2.91787497e+33,1.22442989e+37,1.22144952e+37,1.14075420e+37,4.28278522e+44,4.11164383e+44,4.10812427e+43,1.04938833e+49,3.82207945e+51,3.84590949e+51,-6.05770958e+51,8.17054704e+50,-1.87138571e+05,-1.86926563e+05,-1.86136639e+05,4.19630689e+03,4.18609271e+03,3.90953764e+03,0.00000000e+00,2.03260322e+09
2.40000000e+02,9.41180020e-01,2.91788089e+33,1.32553464e+37,1.32199696e+37,1.23031159e+37,4.96644195e+44,4.90814339e+44,7.57000015e+43,1.05707865e+49,3.85117575e+51,3.87419928e+51,-5.99228781e+51,8.78055372e+50,-1.87095413e+05,-1.86811963e+05,-1.85937564e+05,4.54279900e+03,4.53067487e+03,4.21645584e+03,0.00000000e+00,1.96186163e+09
2.50000000e+02,9.90061540e-01,2.91788694e+33,1.42852102e+37,1.42453330e+37,1.32158834e+37,5.24813478e+44,5.46938624e+44,1.15867193e+44,1.05626371e+49,3.88111479e+51,3.90336447e+51,-5.93208930e+51,9.37319820e+50,-1.86942976e+05,-1.86574381e+05,-1.85712529e+05,4.89573808e+03,4.88207161e+03,4.52926509e+03,0.00000000e+00,1.90008509e+09
2.60000000e+02,1.03942443e+00,2.91789310e+33,1.53333177e+37,1.52867156e+37,1.41349047e+37,6.14414281e+44,5.64616007e+44,1.87630833e+44,1.04980502e+49,3.91239326e+51,3.93390899e+51,-5.87822808e+51,9.94794951e+50,-1.86608114e+05,-1.86117778e+05,-1.85469520e+05,5.25492783e+03,5.23895669e+03,4.84421608e+03,0.00000000e+00,1.84566552e+09
2.70000000e+02,1.08918608e+00,2.91789937e+33,1.63832479e+37,1.63158249e+37,1.50388238e+37,6.78666438e+44,6.13677234e+44,2.63684434e+44,1.04087872e+49,3.94506819e+51,3.96590451e+51,-5.83155028e+51,1.05012936e+51,-1.86160568e+05,-1.85540840e+05,-1.85205313e+05,5.61474053e+03,5.59163385e+03,5.15398986e+03,0.00000000e+00,1.79863407e+09
2.80000000e+02,1.13933117e+00,2.91790574e+33,1.74256344e+37,1.73369170e+37,1.59291986e+37,6.16906349e+44,7.17616785e+44,3.11474303e+44,1.03192201e+49,3.97946223e+51,3.99968982e+51,-5.79264013e+51,1.10336975e+51,-1.85719034e+05,-1.84979642e+05,-1.84922091e+05,5.97196618e+03,5.94156169e+03,5.45912036e+03,0.00000000e+00,1.75902025e+09
2.90000000e+02,1.18985627e+00,2.91791221e+33,1.84762346e+37,1.83719203e+37,1.68224312e+37,6.13259748e+44,7.31172782e+44,3.62812728e+44,1.02504187e+49,4.01623910e+51,4.03594743e+51,-5.76187452e+51,1.15501018e+51,-1.85299118e+05,-1.84461239e+05,-1.84621717e+05,6.33200498e+03,6.29625535e+03,5.76522872e+03,0.00000000e+00,1.72754378e+09
3.00000000e+02,1.24073409e+00,2.91791876e+33,1.95160063e+37,1.93972147e+37,1.77298549e+37,6.12375323e+44,9.07378558e+44,4.15719322e+44,1.02228207e+49,4.05551538e+51,4.07480568e+51,-5.73952241e+51,1.20504447e+51,-1.84822482e+05,-1.83994467e+05,-1.84311428e+05,6.68833092e+03,6.64761985e+03,6.07619893e+03,0.00000000e+00,1.70275813e+09
3.10000000e+02,1.29190161e+00,2.91792539e+33,2.05508822e+37,2.04268788e+37,1.86684647e+37,5.60712408e+44,1.02011112e+45,4.39323565e+44,1.02484060e+49,4.09753539e+51,4.11651708e+51,-5.72601715e+51,1.25350851e+51,-1.84236244e+05,-1.83512465e+05,-1.83980777e+05,7.04297728e+03,7.00048017e+03,6.39785540e+03,0.00000000e+00,1.68554937e+09
3.20000000e+02,1.34321200e+00,2.91793206e+33,2.15735716e+37,2.14476605e+37,1.96562451e+37,5.53855340e+44,1.04969112e+45,4.36577762e+44,1.03318029e+49,4.14248942e+51,4.16127053e+51,-5.72198215e+51,1.30027945e+51,-1.83601952e+05,-1.83043046e+05,-1.83633037e+05,7.39344547e+03,7.35029469e+03,6.73636148e+03,0.00000000e+00,1.67646059e+09
3.30000000e+02,1.39460159e+00,2.91793875e+33,2.25431769e+37,2.24074642e+37,2.06524313e+37,6.80855736e+44,1.07394478e+45,3.63841599e+44,1.04737583e+49,4.19065220e+51,4.20933001e+51,-5.72805482e+51,1.34530261e+51,-1.82887356e+05,-1.82540244e+05,-1.83271485e+05,7.72571968e+03,7.67920992e+03,7.07774668e+03,0.00000000e+00,1.67680797e+09
3.40000000e+02,1.44604959e+00,2.91794546e+33,2.34765106e+37,2.33042483e+37,2.16141843e+37,6.79610765e+44,1.11131172e+45,2.15018190e+44,1.06751021e+49,4.24223180e+51,4.26089540e+51,-5.74476251e+51,1.38851414e+51,-1.82096879e+05,-1.81935138e+05,-1.82898811e+05,8.04556182e+03,7.98652633e+03,7.40732978e+03,0.00000000e+00,1.68727976e+09
3.50000000e+02,1.49752900e+00,2.91795218e+33,2.44487291e+37,2.41848656e+37,2.25110874e+37,6.77085172e+44,1.25763998e+45,1.45036010e+43,1.09352644e+49,4.29729847e+51,4.31602772e+51,-5.77241595e+51,1.42981975e+51,-1.81166194e+05,-1.81262185e+05,-1.82512897e+05,8.37872852e+03,8.28830087e+03,7.71468687e+03,0.00000000e+00,1.70815242e+09
3.60000000e+02,1.54879105e+00,2.91795884e+33,2.53952580e+37,2.50408897e+37,2.33931751e+37,8.35500287e+44,1.46828786e+45,-1.48717112e+44,1.12447891e+49,4.35553987e+51,4.37439753e+51,-5.81079675e+51,1.46899916e+51,-1.80137898e+05,-1.80507920e+05,-1.82121323e+05,8.70308986e+03,8.58164596e+03,8.01696542e+03,0.00000000e+00,1.74018786e+09
3.70000000e+02,1.59971878e+00,2.91796542e+33,2.63250034e+37,2.59061130e+37,2.41964181e+37,1.19158518e+45,1.69728091e+45,-3.54175150e+44,1.15946953e+49,4.41669213e+51,4.43571765e+51,-5.85915145e+51,1.50614193e+51,-1.79052618e+05,-1.79622575e+05,-1.81722857e+05,9.02169821e+03,8.87814254e+03,8.29222236e+03,0.00000000e+00,1.78283423e+09
3.80000000e+02,1.65029045e+00,2.91797191e+33,2.71817420e+37,2.67606474e+37,2.49651043e+37,1.71795493e+45,1.94272058e+45,-5.62782853e+44,1.19587510e+49,4.48039914e+51,4.49959764e+51,-5.91626158e+51,1.54146685e+51,-1.77927327e+05,-1.78603097e+05,-1.81311548e+05,9.31528568e+03,9.17097499e+03,8.55563556e+03,0.00000000e+00,1.83519210e+09
3.90000000e+02,1.70050189e+00,2.91797831e+33,2.79835551e+37,2.75979657e+37,2.57274957e+37,2.26167810e+45,2.17426428e+45,-8.41728541e+44,1.23159327e+49,4.54614724e+51,4.56550127e+51,-5.98051741e+51,1.57524257e+51,-1.76784656e+05,-1.77493291e+05,-1.80884473e+05,9.59004905e+03,9.45790638e+03,8.81689064e+03,0.00000000e+00,1.89546866e+09
4.00000000e+02,1.75034455e+00,2.91798462e+33,2.87398495e+37,2.84337863e+37,2.64897774e+37,2.82073013e+45,2.48824435e+45,-1.21296081e+45,1.26373799e+49,4.61379969e+51,4.63326947e+51,-6.05022503e+51,1.60815695e+51,-1.75614341e+05,-1.76304365e+05,-1.80437213e+05,9.84921211e+03,9.74432356e+03,9.07810726e+03,0.00000000e+00,1.96110063e+09
4.10000000e+02,1.79908423e+00,2.91799066e+33,2.94292818e+37,2.92627428e+37,2.72625838e+37,3.39559839e+45,2.86548037e+45,-1.75550301e+45,1.28834101e+49,4.68241117e+51,4.70193931e+51,-6.12287316e+51,1.64050273e+51,-1.74382943e+05,-1.75071576e+05,-1.79967324e+05,1.00854613e+04,1.00283881e+04,9.34293045e+03,0.00000000e+00,2.02994188e+09
4.20000000e+02,1.84662911e+00,2.91799641e+33,3.00195313e+37,2.99751908e+37,2.80509044e+37,4.02511526e+45,3.37256980e+45,-2.28047922e+45,1.30373681e+49,4.75172423e+51,4.77123640e+51,-6.19723789e+51,1.67261745e+51,-1.73104937e+05,-1.73812854e+05,-1.79479548e+05,1.02877204e+04,1.02725249e+04,9.61307021e+03,0.00000000e+00,2.10116919e+09
4.30000000e+02,1.89343699e+00,2.91800199e+33,3.05176261e+37,3.06114495e+37,2.88209709e+37,4.49034787e+45,4.00743581e+45,-2.75500460e+45,1.30992040e+49,4.82221343e+51,4.84162932e+51,-6.27344918e+51,1.70490473e+51,-1.71814102e+05,-1.72545142e+05,-1.78972826e+05,1.04583980e+04,1.04905513e+04,9.87695383e+03,0.00000000e+00,2.17581452e+09
4.40000000e+02,1.93955939e+00,2.91800741e+33,3.09265558e+37,3.11456064e+37,2.95621694e+37,4.60748230e+45,4.84483271e+45,-3.40198125e+45,1.30707553e+49,4.89387426e+51,4.91311451e+51,-6.35129380e+51,1.73746761e+51,-1.70515533e+05,-1.71289337e+05,-1.78467229e+05,1.05985186e+04,1.06735872e+04,1.01309439e+04,0.00000000e+00,2.25424412e+09
4.50000000e+02,1.98538109e+00,2.91801276e+33,3.12952006e+37,3.15674460e+37,3.02763460e+37,4.58274174e+45,5.71653074e+45,-4.15062634e+45,1.29619994e+49,4.96725573e+51,4.98625260e+51,-6.43109479e+51,1.77070520e+51,-1.69241961e+05,-1.70067250e+05,-1.77937503e+05,1.07248334e+04,1.08181316e+04,1.03756730e+04,0.00000000e+00,2.33806519e+09
4.60000000e+02,2.03116919e+00,2.91801810e+33,3.15904107e+37,3.19226003e+37,3.10199442e+37,4.42675269e+45,6.67644963e+45,-4.86830344e+45,1.27871531e+49,5.04271436e+51,5.06140749e+51,-6.51260242e+51,1.80510628e+51,-1.67990883e+05,-1.68875600e+05,-1.77398054e+05,1.08259817e+04,1.09398226e+04,1.06304838e+04,0.00000000e+00,2.42811079e+09
4.70000000e+02,2.07691382e+00,2.91802343e+33,3.17999738e+37,3.22374896e+37,3.17543937e+37,3.83264417e+45,7.59962399e+45,-5.52263548e+45,1.25536827e+49,5.11998946e+51,5.13832336e+51,-6.59442419e+51,1.84111127e+51,-1.66723143e+05,-1.67700155e+05,-1.76837871e+05,1.08977788e+04,1.10477145e+04,1.08821586e+04,0.00000000e+00,2.52079065e+09
4.80000000e+02,2.12240708e+00,2.91802871e+33,3.19594239e+37,3.24939750e+37,3.24219223e+37,2.92591538e+45,8.58752289e+45,-6.16947902e+45,1.22702517e+49,5.19832739e+51,5.21626003e+51,-6.67428543e+51,1.87911732e+51,-1.65464679e+05,-1.66543122e+05,-1.76284053e+05,1.09524021e+04,1.11355913e+04,1.11108990e+04,0.00000000e+00,2.61397707e+09
4.90000000e+02,2.16786892e+00,2.91803398e+33,3.20594513e+37,3.26616733e+37,3.29798100e+37,1.87788146e+45,9.69631809e+45,-6.77972212e+45,1.19504062e+49,5.27747908e+51,5.29498101e+51,-6.75035377e+51,1.91980412e+51,-1.64258342e+05,-1.65404391e+05,-1.75754297e+05,1.09866614e+04,1.11930408e+04,1.13020651e+04,0.00000000e+00,2.70440323e+09
5.00000000e+02,2.21329480e+00,2.91803924e+33,3.21503581e+37,3.27992553e+37,3.34632803e+37,4.70156958e+44,1.09127129e+46,-7.47048209e+45,1.16171948e+49,5.35671394e+51,5.37378167e+51,-6.82034822e+51,1.96360756e+51,-1.63186690e+05,-1.64347319e+05,-1.75269011e+05,1.10177950e+04,1.12401694e+04,1.14677280e+04,0.00000000e+00,2.78713484e+09
5.10000000e+02,2.25871169e+00,2.91804450e+33,3.21593999e+37,3.28800448e+37,3.38871514e+37,-1.18160705e+45,1.22647553e+46,-8.23765291e+45,1.12808005e+49,5.43549288e+51,5.45213461e+51,-6.88260934e+51,2.01082994e+51,-1.62309722e+05,-1.63353839e+05,-1.74807733e+05,1.10208737e+04,1.12678353e+04,1.16129659e+04,0.00000000e+00,2.85995691e+09
5.20000000e+02,2.30424093e+00,2.91804978e+33,3.21608001e+37,3.30213857e+37,3.43150528e+37,-2.82468309e+45,1.36410131e+46,-9.02533714e+45,1.09449399e+49,5.51354440e+51,5.52976941e+51,-6.93640815e+51,2.06156533e+51,-1.61570615e+05,-1.62386958e+05,-1.74353203e+05,1.10213336e+04,1.13162516e+04,1.17595844e+04,0.00000000e+00,2.92123773e+09
5.30000000e+02,2.34987699e+00,2.91805509e+33,3.21663566e+37,3.31909262e+37,3.48469874e+37,-4.16573583e+45,1.50292896e+46,-9.74540936e+45,1.06114854e+49,5.59041497e+51,5.60623667e+51,-6.98146197e+51,2.11550568e+51,-1.60904370e+05,-1.61379708e+05,-1.73870148e+05,1.10232177e+04,1.13743316e+04,1.19418538e+04,0.00000000e+00,2.97279511e+09
5.40000000e+02,2.39557976e+00,2.91806042e+33,3.21315555e+37,3.33485702e+37,3.54001498e+37,-5.29317075e+45,1.61047669e+46,-1.02520794e+46,1.02844856e+49,5.66563927e+51,5.68107880e+51,-7.01764429e+51,2.17225665e+51,-1.60299166e+05,-1.60363602e+05,-1.73381532e+05,1.10112715e+04,1.14283344e+04,1.21313971e+04,0.00000000e+00,3.01408996e+09
5.50000000e+02,2.44120228e+00,2.91806573e+33,3.21076764e+37,3.34397210e+37,3.59876975e+37,-6.21574329e+45,1.66832289e+46,-1.05324303e+46,9.96704078e+48,5.73859822e+51,5.75368212e+51,-7.04470622e+51,2.23132901e+51,-1.59746117e+05,-1.59357034e+05,-1.72918138e+05,1.10030683e+04,1.14595503e+04,1.23327234e+04,0.00000000e+00,3.04689085e+09
5.60000000e+02,2.48679972e+00,2.91807103e+33,3.20625034e+37,3.33915547e+37,3.66666663e+37,-6.76032608e+45,1.71945402e+46,-1.08434614e+46,9.65954749e+48,5.80894626e+51,5.82370287e+51,-7.06204690e+51,2.29267942e+51,-1.59257279e+05,-1.58339458e+05,-1.72443743e+05,1.09875678e+04,1.14430233e+04,1.25653783e+04,0.00000000e+00,3.06982286e+09
5.70000000e+02,2.53238470e+00,2.91807633e+33,3.20303971e+37,3.32623063e+37,3.73416965e+37,-6.83020117e+45,1.77307771e+46,-1.12854962e+46,9.36378556e+48,5.87626216e+51,5.89071621e+51,-7.06866823e+51,2.35638210e+51,-1.58803850e+05,-1.57318575e+05,-1.71970764e+05,1.09765453e+04,1.13987102e+04,1.27966826e+04,0.00000000e+00,3.07882275e+09
5.80000000e+02,2.57801031e+00,2.91808164e+33,3.19576206e+37,3.30356850e+37,3.79558954e+37,-6.44117085e+45,1.80630244e+46,-1.16871679e+46,9.08325521e+48,5.94025015e+51,5.95441863e+51,-7.06392693e+51,2.42245516e+51,-1.58346347e+05,-1.56301297e+05,-1.71501744e+05,1.09515855e+04,1.13210284e+04,1.30071397e+04,0.00000000e+00,3.07311088e+09
5.90000000e+02,2.62374167e+00,2.91808697e+33,3.18554569e+37,3.27384546e+37,3.84884884e+37,-5.57293596e+45,1.80983064e+46,-1.20129171e+46,8.82399221e+48,6.00083051e+51,6.01473199e+51,-7.04790902e+51,2.49077748e+51,-1.57873667e+05,-1.55282923e+05,-1.71029895e+05,1.09165550e+04,1.12191497e+04,1.31896303e+04,0.00000000e+00,3.05053558e+09
6.00000000e+02,2.66964434e+00,2.91809234e+33,3.17516691e+37,3.24010367e+37,3.89622959e+37,-4.52467749e+45,1.77491669e+46,-1.22608907e+46,8.58354494e+48,6.05818804e+51,6.07183213e+51,-7.02188156e+51,2.56089135e+51,-1.57394404e+05,-1.54249339e+05,-1.70569684e+05,1.08809679e+04,1.11034995e+04,1.33519750e+04,0.00000000e+00,3.01393595e+09
6.10000000e+02,2.71578045e+00,2.91809777e+33,3.16875526e+37,3.20474557e+37,3.93779593e+37,-3.29911500e+45,1.70426227e+46,-1.25617012e+46,8.35648393e+48,6.11270255e+51,6.12609203e+51,-6.98801601e+51,2.63208403e+51,-1.56915666e+05,-1.53168937e+05,-1.70121438e+05,1.08589756e+04,1.09823105e+04,1.34943934e+04,0.00000000e+00,2.96779207e+09
6.20000000e+02,2.76218362e+00,2.91810326e+33,3.16837356e+37,3.16753312e+37,3.97364734e+37,-2.20687782e+45,1.60833598e+46,-1.29046341e+46,8.13814460e+48,6.16475557e+51,6.17788792e+51,-6.94865939e+51,2.70355822e+51,-1.56442252e+05,-1.52075023e+05,-1.69684717e+05,1.08576472e+04,1.08547671e+04,1.36172267e+04,0.00000000e+00,2.91630377e+09
6.30000000e+02,2.80887851e+00,2.91810881e+33,3.17259801e+37,3.13404951e+37,4.00624322e+37,-1.32776852e+45,1.51666738e+46,-1.31572480e+46,7.92423009e+48,6.21463032e+51,6.22750413e+51,-6.90570244e+51,2.77465291e+51,-1.55993198e+05,-1.50996402e+05,-1.69239499e+05,1.08721032e+04,1.07400022e+04,1.37289028e+04,0.00000000e+00,2.86317418e+09
6.40000000e+02,2.85588229e+00,2.91811444e+33,3.18002546e+37,3.10268481e+37,4.04377744e+37,-6.85142566e+44,1.43621468e+46,-1.33740159e+46,7.71067182e+48,6.26247782e+51,6.27509234e+51,-6.86030012e+51,2.84494228e+51,-1.55567192e+05,-1.49939467e+05,-1.68753978e+05,1.08975351e+04,1.06324987e+04,1.38575012e+04,0.00000000e+00,2.80879324e+09
6.50000000e+02,2.90321175e+00,2.91812015e+33,3.18573598e+37,3.07051617e+37,4.08759514e+37,-3.53801001e+44,1.36549299e+46,-1.33488881e+46,7.49535726e+48,6.30839269e+51,6.32074446e+51,-6.81317781e+51,2.91415556e+51,-1.55138934e+05,-1.48907959e+05,-1.68222906e+05,1.09170830e+04,1.05222404e+04,1.40076314e+04,0.00000000e+00,2.75300884e+09
6.60000000e+02,2.95089105e+00,2.91812594e+33,3.18949149e+37,3.03733528e+37,4.13554772e+37,-2.58597960e+44,1.29594850e+46,-1.31650753e+46,7.27968194e+48,6.35247513e+51,6.36456868e+51,-6.76506327e+51,2.98203704e+51,-1.54682266e+05,-1.47888361e+05,-1.67650652e+05,1.09299309e+04,1.04085134e+04,1.41719302e+04,0.00000000e+00,2.69627860e+09
6.70000000e+02,2.99893838e+00,2.91813181e+33,3.19304475e+37,2.99585791e+37,4.18228100e+37,-4.07374258e+44,1.23144239e+46,-1.29456314e+46,7.06761802e+48,6.39492745e+51,6.40677047e+51,-6.71700468e+51,3.04826813e+51,-1.54181602e+05,-1.46877756e+05,-1.67083722e+05,1.09420854e+04,1.02663557e+04,1.43320497e+04,0.00000000e+00,2.63921445e+09
6.80000000e+02,3.04720585e+00,2.91813774e+33,3.19409370e+37,2.94792701e+37,4.22502311e+37,-6.56811434e+44,1.18786518e+46,-1.26785764e+46,6.86343042e+48,6.43592907e+51,6.44753188e+51,-6.67067550e+51,3.11219413e+51,-1.53650504e+05,-1.45895482e+05,-1.66548800e+05,1.09456578e+04,1.01020832e+04,1.44784910e+04,0.00000000e+00,2.58375445e+09
6.90000000e+02,3.09563568e+00,2.91814371e+33,3.19324286e+37,2.89735902e+37,4.26540621e+37,-8.84658648e+44,1.14943088e+46,-1.23159306e+46,6.66996981e+48,6.47585563e+51,6.48723207e+51,-6.62798280e+51,3.17324067e+51,-1.53093777e+05,-1.44936601e+05,-1.66055334e+05,1.09427197e+04,9.92877429e+03,1.46168477e+04,0.00000000e+00,2.53287919e+09
7.00000000e+02,3.14421730e+00,2.91814972e+33,3.19162591e+37,2.84179939e+37,4.30503749e+37,-1.16952568e+45,1.11114238e+46,-1.18418353e+46,6.49153085e+48,6.51513725e+51,6.52630526e+51,-6.59070333e+51,3.23095359e+51,-1.52503437e+05,-1.44014029e+05,-1.65576799e+05,1.09371562e+04,9.73836048e+03,1.47526272e+04,0.00000000e+00,2.48935333e+09
7.10000000e+02,3.19291183e+00,2.91815575e+33,3.19076781e+37,2.78587267e+37,4.34111678e+37,-1.52626634e+45,1.07538257e+46,-1.12882622e+46,6.33509556e+48,6.55415732e+51,6.56514046e+51,-6.56020142e+51,3.28503975e+51,-1.51899296e+05,-1.43113634e+05,-1.65090600e+05,1.09341930e+04,9.54668945e+03,1.48762340e+04,0.00000000e+00,2.45443639e+09
7.20000000e+02,3.24163671e+00,2.91816179e+33,3.19106991e+37,2.73167063e+37,4.37168358e+37,-1.98529126e+45,1.04049320e+46,-1.07409277e+46,6.20442710e+48,6.59315128e+51,6.60397775e+51,-6.53734335e+51,3.33530607e+51,-1.51300866e+05,-1.42237759e+05,-1.64620309e+05,1.09352056e+04,9.36092933e+03,1.49809500e+04,0.00000000e+00,2.42929617e+09
7.30000000e+02,3.29035888e+00,2.91816783e+33,3.19246644e+37,2.68784478e+37,4.39952314e+37,-2.52914882e+45,1.00283393e+46,-1.02858646e+46,6.10065097e+48,6.63232302e+51,6.64302085e+51,-6.52230562e+51,3.38186804e+51,-1.50723223e+05,-1.41426450e+05,-1.64166319e+05,1.09399686e+04,9.21072719e+03,1.50763198e+04,0.00000000e+00,2.41441763e+09
7.40000000e+02,3.33894294e+00,2.91817384e+33,3.19470286e+37,2.63890775e+37,4.42356681e+37,-3.13956354e+45,9.65190240e+45,-9.64818294e+45,6.02501609e+48,6.67164851e+51,6.68224387e+51,-6.51471252e+51,3.42488761e+51,-1.50156921e+05,-1.40718645e+05,-1.63727626e+05,1.09476098e+04,9.04301080e+03,1.51586816e+04,0.00000000e+00,2.40724440e+09
7.50000000e+02,3.38735674e+00,2.91817980e+33,3.19925889e+37,2.59262111e+37,4.45172479e+37,-3.74845904e+45,9.37814298e+45,-8.81419078e+45,5.97881452e+48,6.71127615e+51,6.72179739e+51,-6.51409187e+51,3.46475146e+51,-1.49588924e+05,-1.40098958e+05,-1.63319198e+05,1.09632000e+04,8.88437754e+03,1.52551422e+04,0.00000000e+00,2.40681110e+09
7.60000000e+02,3.43556075e+00,2.91818572e+33,3.20306335e+37,2.54638485e+37,4.48518255e+37,-4.29057729e+45,9.17129372e+45,-7.97928218e+45,5.96203000e+48,6.75151931e+51,6.76199614e+51,-6.52019839e+51,3.50189694e+51,-1.49045825e+05,-1.39540257e+05,-1.62919318e+05,1.09762149e+04,8.72591775e+03,1.53697639e+04,0.00000000e+00,2.41260604e+09
7.70000000e+02,3.48355646e+00,2.91819158e+33,3.20328274e+37,2.50853045e+37,4.52632240e+37,-4.86118542e+45,9.15019737e+45,-7.38816401e+45,5.97194066e+48,6.79260723e+51,6.80306298e+51,-6.53314237e+51,3.53649179e+51,-1.48515410e+05,-1.39054073e+05,-1.62510762e+05,1.09769446e+04,8.59618150e+03,1.55107102e+04,0.00000000e+00,2.42475538e+09
7.80000000e+02,3.53131324e+00,2.91819739e+33,3.19558834e+37,2.46768419e+37,4.57411186e+37,-5.53685385e+45,9.29500817e+45,-7.03057140e+45,6.00423594e+48,6.83454649e+51,6.84499934e+51,-6.55327160e+51,3.56836354e+51,-1.47977281e+05,-1.38630100e+05,-1.62066870e+05,1.09505558e+04,8.45619353e+03,1.56744430e+04,0.00000000e+00,2.44432573e+09
7.90000000e+02,3.57876923e+00,2.91820312e+33,3.18317796e+37,2.41798612e+37,4.62546570e+37,-6.37557694e+45,9.60210284e+45,-6.74120169e+45,6.05428559e+48,6.87757025e+51,6.88803308e+51,-6.58083961e+51,3.59761328e+51,-1.47419809e+05,-1.38240224e+05,-1.61583034e+05,1.09080068e+04,8.28587325e+03,1.58503898e+04,0.00000000e+00,2.47242844e+09
8.00000000e+02,3.62594111e+00,2.91820879e+33,3.16692692e+37,2.36032516e+37,4.67510685e+37,-7.24807821e+45,9.93892721e+45,-6.41057747e+45,6.11861454e+48,6.92174769e+51,6.93222975e+51,-6.61576404e+51,3.62434773e+51,-1.46828137e+05,-1.37860584e+05,-1.61055752e+05,1.08522972e+04,8.08826691e+03,1.60204673e+04,0.00000000e+00,2.50922094e+09
8.10000000e+02,3.67284625e+00,2.91821440e+33,3.14787922e+37,2.30697026e+37,4.71227137e+37,-8.23944814e+45,1.02001305e+46,-5.94256649e+45,6.19394110e+48,6.96712064e+51,6.97762648e+51,-6.65746108e+51,3.64889594e+51,-1.46210963e+05,-1.37477710e+05,-1.60497306e+05,1.07870046e+04,7.90541731e+03,1.61477901e+04,0.00000000e+00,2.55532473e+09
8.20000000e+02,3.71950886e+00,2.91821995e+33,3.12737365e+37,2.24687674e+37,4.74208918e+37,-9.39102158e+45,1.03995650e+46,-5.40158788e+45,6.27533043e+48,7.01367630e+51,7.02420599e+51,-6.70491721e+51,3.67174739e+51,-1.45629371e+05,-1.37105985e+05,-1.59940363e+05,1.07167167e+04,7.69947702e+03,1.62499375e+04,0.00000000e+00,2.60967775e+09
8.30000000e+02,3.76595245e+00,2.91822545e+33,3.10762810e+37,2.19898255e+37,4.76524125e+37,-1.06469780e+46,1.06815421e+46,-4.71110260e+45,6.35712744e+48,7.06136067e+51,7.07190738e+51,-6.75676225e+51,3.69352625e+51,-1.45082699e+05,-1.36743081e+05,-1.59352237e+05,1.06490337e+04,7.53534157e+03,1.63292430e+04,0.00000000e+00,2.67007234e+09
8.40000000e+02,3.81212259e+00,2.91823088e+33,3.08519641e+37,2.13496443e+37,4.77816440e+37,-1.19638899e+46,1.11439485e+46,-3.75342338e+45,6.43569202e+48,7.11002424e+51,7.12057771e+51,-6.81146298e+51,3.71484623e+51,-1.44546586e+05,-1.36367352e+05,-1.58705462e+05,1.05721464e+04,7.31595447e+03,1.63734968e+04,0.00000000e+00,2.73368261e+09
8.50000000e+02,3.85802412e+00,2.91823625e+33,3.06187198e+37,2.09370473e+37,4.78486942e+37,-1.32334775e+46,1.16444528e+46,-2.66778719e+45,6.50591247e+48,7.15960294e+51,7.17014671e+51,-6.86781355e+51,3.73623994e+51,-1.44014807e+05,-1.35979947e+05,-1.57981049e+05,1.04922005e+04,7.17455528e+03,1.63964429e+04,0.00000000e+00,2.79956257e+09
8.60000000e+02,3.90368389e+00,2.91824157e+33,3.03947539e+37,2.05551606e+37,4.79120832e+37,-1.44717100e+46,1.23859836e+46,-1.39953030e+45,6.56311798e+48,7.20984687e+51,7.22036666e+51,-6.92490474e+51,3.75791430e+51,-1.43505082e+05,-1.35593158e+05,-1.57211294e+05,1.04154345e+04,7.04368026e+03,1.64181347e+04,0.00000000e+00,2.86715499e+09
8.70000000e+02,3.94913556e+00,2.91824684e+33,3.01073116e+37,2.01340428e+37,4.78653227e+37,-1.55872673e+46,1.33547151e+46,-2.39991475e+44,6.60563542e+48,7.26072067e+51,7.27120392e+51,-6.98199446e+51,3.78020669e+51,-1.43051587e+05,-1.35217904e+05,-1.56413349e+05,1.03169174e+04,6.89936248e+03,1.64020816e+04,0.00000000e+00,2.93564373e+09
8.80000000e+02,3.99439705e+00,2.91825207e+33,2.98547854e+37,1.97644624e+37,4.79272171e+37,-1.64580859e+46,1.44539099e+46,7.91307850e+44,6.63178703e+48,7.31218834e+51,7.32262178e+51,-7.03844056e+51,3.80340150e+51,-1.42661561e+05,-1.34867615e+05,-1.55573675e+05,1.02303655e+04,6.77270568e+03,1.64232616e+04,0.00000000e+00,3.00534788e+09
8.90000000e+02,4.03945857e+00,2.91825725e+33,2.95808769e+37,1.93658179e+37,4.79951788e+37,-1.70243230e+46,1.56912570e+46,1.80665134e+45,6.64340851e+48,7.36417510e+51,7.37454810e+51,-7.09333336e+51,3.82788142e+51,-1.42304495e+05,-1.34542636e+05,-1.54716930e+05,1.01364871e+04,6.63609003e+03,1.64465209e+04,0.00000000e+00,3.07566232e+09
9.00000000e+02,4.08435932e+00,2.91826240e+33,2.92702222e+37,1.88589774e+37,4.80877915e+37,-1.73505022e+46,1.71839220e+46,2.86601640e+45,6.64260566e+48,7.41656672e+51,7.42687158e+51,-7.14536831e+51,3.85418743e+51,-1.41980957e+05,-1.34263328e+05,-1.53831705e+05,1.00300172e+04,6.46239948e+03,1.64782274e+04,0.00000000e+00,3.14381798e+09
9.10000000e+02,4.12914218e+00,2.91826752e+33,2.88769666e+37,1.84113732e+37,4.81593493e+37,-1.73316949e+46,1.88002523e+46,3.86850031e+45,6.62994212e+48,7.46915567e+51,7.47938409e+51,-7.19285483e+51,3.88295667e+51,-1.41690961e+05,-1.34029109e+05,-1.52896447e+05,9.89524311e+03,6.30900804e+03,1.65027192e+04,0.00000000e+00,3.20843080e+09
9.20000000e+02,4.17385910e+00,2.91827262e+33,2.84617025e+37,1.79375439e+37,4.81799966e+37,-1.72579117e+46,2.05436693e+46,4.83698798e+45,6.60758287e+48,7.52165204e+51,7.53179605e+51,-7.23386220e+51,3.91486495e+51,-1.41436721e+05,-1.33839599e+05,-1.51873393e+05,9.75292792e+03,6.14663063e+03,1.65097655e+04,0.00000000e+00,3.26488590e+09
9.30000000e+02,4.21856845e+00,2.91827773e+33,2.80192153e+37,1.74910201e+37,4.80629598e+37,-1.71801808e+46,2.25123904e+46,5.74427803e+45,6.58022664e+48,7.57374225e+51,7.58379876e+51,-7.26663028e+51,3.95048362e+51,-1.41191988e+05,-1.33669642e+05,-1.50746852e+05,9.60128470e+03,5.99361051e+03,1.64696319e+04,0.00000000e+00,3.31034096e+09
9.40000000e+02,4.26331554e+00,2.91828284e+33,2.75788410e+37,1.70320503e+37,4.78915595e+37,-1.71326713e+46,2.47435118e+46,6.55489085e+45,6.54934439e+48,7.62530790e+51,7.63527687e+51,-7.29009213e+51,3.99023080e+51,-1.40953132e+05,-1.33503839e+05,-1.49535021e+05,9.45036603e+03,5.83632609e+03,1.64108697e+04,0.00000000e+00,3.34087826e+09
9.50000000e+02,4.30812256e+00,2.91828797e+33,2.71637092e+37,1.65927500e+37,4.75972600e+37,-1.71340633e+46,2.71795946e+46,7.27535705e+45,6.51511049e+48,7.67609918e+51,7.68597900e+51,-7.30409721e+51,4.03393039e+51,-1.40699623e+05,-1.33337148e+05,-1.48239847e+05,9.30809759e+03,5.68578227e+03,1.63099943e+04,0.00000000e+00,3.35844009e+09
9.60000000e+02,4.35298626e+00,2.91829310e+33,2.67888492e+37,1.61952132e+37,4.72088543e+37,-1.71396796e+46,2.98050014e+46,7.95920829e+45,6.47806120e+48,7.72606015e+51,7.73585081e+51,-7.30897730e+51,4.08136216e+51,-1.40403078e+05,-1.33163535e+05,-1.46880984e+05,9.17962939e+03,5.54954990e+03,1.61768721e+04,0.00000000e+00,3.36395892e+09
9.70000000e+02,4.39788700e+00,2.91829825e+33,2.64908727e+37,1.58769420e+37,4.68621640e+37,-1.72492231e+46,3.23661016e+46,8.75007678e+45,6.43824620e+48,7.77487563e+51,7.78457509e+51,-7.30516758e+51,4.13199130e+51,-1.40040505e+05,-1.33002420e+05,-1.45478882e+05,9.07750695e+03,5.44047958e+03,1.60580448e+04,0.00000000e+00,3.35889078e+09
9.80000000e+02,4.44289057e+00,2.91830342e+33,2.62097993e+37,1.55619648e+37,4.65692347e+37,-1.74284060e+46,3.47008422e+46,9.61432929e+45,6.39511025e+48,7.82251788e+51,7.83212336e+51,-7.29295743e+51,4.18564464e+51,-1.39629720e+05,-1.32841739e+05,-1.44039916e+05,8.98117691e+03,5.33253830e+03,1.59576397e+04,0.00000000e+00,3.34285603e+09
9.90000000e+02,4.48805379e+00,2.91830863e+33,2.59278990e+37,1.52140938e+37,4.62750619e+37,-1.75362719e+46,3.69729383e+46,1.03983450e+46,6.34619711e+48,7.86881801e+51,7.87832434e+51,-7.27252375e+51,4.24206246e+51,-1.39208508e+05,-1.32694909e+05,-1.42591426e+05,8.88456372e+03,5.21332583e+03,1.58568088e+04,0.00000000e+00,3.31646314e+09
1.00000000e+03,4.53337159e+00,2.91831387e+33,2.56353498e+37,1.48548021e+37,4.60015604e+37,-1.76268842e+46,3.91820219e+46,1.10896519e+46,6.29066053e+48,7.91397861e+51,7.92337759e+51,-7.24402631e+51,4.30136443e+51,-1.38765378e+05,-1.32596410e+05,-1.41148045e+05,8.78430182e+03,5.09020029e+03,1.57630613e+04,0.00000000e+00,3.27974748e+09
1.01000000e+03,4.57885352e+00,2.91831915e+33,2.53269352e+37,1.45060605e+37,4.57580578e+37,-1.76792616e+46,4.12867913e+46,1.17592659e+46,6.22819969e+48,7.95782761e+51,7.96710934e+51,-7.20799692e+51,4.36311088e+51,-1.38332824e+05,-1.32560559e+05,-1.39757342e+05,8.67860364e+03,4.97069023e+03,1.56795935e+04,0.00000000e+00,3.23151366e+09
1.02000000e+03,4.62451305e+00,2.91832447e+33,2.49741686e+37,1.41352330e+37,4.54690182e+37,-1.77013949e+46,4.33130117e+46,1.23353789e+46,6.15809557e+48,8.00029662e+51,8.00945098e+51,-7.16569490e+51,4.42660353e+51,-1.37938348e+05,-1.32589562e+05,-1.38411113e+05,8.55770798e+03,4.84361256e+03,1.55805219e+04,0.00000000e+00,3.17473700e+09
1.03000000e+03,4.67036136e+00,2.91832983e+33,2.46074525e+37,1.37578085e+37,4.50970312e+37,-1.75815652e+46,4.52125143e+46,1.26898825e+46,6.07826990e+48,8.04188874e+51,8.05090342e+51,-7.11889176e+51,4.49145754e+51,-1.37603799e+05,-1.32656725e+05,-1.37082544e+05,8.43203269e+03,4.71427472e+03,1.54530275e+04,0.00000000e+00,3.11165370e+09
1.04000000e+03,4.71639923e+00,2.91833524e+33,2.42181724e+37,1.33862741e+37,4.46459905e+37,-1.72421849e+46,4.70132834e+46,1.29742551e+46,5.98715796e+48,8.08254042e+51,8.09140587e+51,-7.06962687e+51,4.55659243e+51,-1.37338779e+05,-1.32712513e+05,-1.35768754e+05,8.29862592e+03,4.58695560e+03,1.52984448e+04,0.00000000e+00,3.04670558e+09
1.05000000e+03,4.76261520e+00,2.91834068e+33,2.38245514e+37,1.30166066e+37,4.41274669e+37,-1.67661048e+46,4.86579437e+46,1.31994084e+46,5.88431663e+48,8.12239101e+51,8.13109441e+51,-7.01976613e+51,4.62121134e+51,-1.37130446e+05,-1.32745266e+05,-1.34491479e+05,8.16373205e+03,4.46027659e+03,1.51207387e+04,0.00000000e+00,2.98247479e+09
1.06000000e+03,4.80899968e+00,2.91834617e+33,2.34374795e+37,1.26365422e+37,4.35479499e+37,-1.64347334e+46,5.01643409e+46,1.32167149e+46,5.77145901e+48,8.16168032e+51,8.17021051e+51,-6.97080794e+51,4.68480655e+51,-1.36942766e+05,-1.32773554e+05,-1.33259264e+05,8.03108272e+03,4.33003540e+03,1.49221331e+04,0.00000000e+00,2.92073962e+09
1.07000000e+03,4.85553912e+00,2.91835169e+33,2.30946186e+37,1.22893598e+37,4.29995367e+37,-1.62611032e+46,5.15986271e+46,1.31008366e+46,5.65147795e+48,8.20039950e+51,8.20874973e+51,-6.92388202e+51,4.74680872e+51,-1.36774312e+05,-1.32818588e+05,-1.32064330e+05,7.91358308e+03,4.21106197e+03,1.47341860e+04,0.00000000e+00,2.86292372e+09
1.08000000e+03,4.90222227e+00,2.91835725e+33,2.27783012e+37,1.19668516e+37,4.24628850e+37,-1.61588240e+46,5.28670828e+46,1.29147055e+46,5.52831082e+48,8.23874266e+51,8.24690924e+51,-6.87983299e+51,4.80699275e+51,-1.36626278e+05,-1.32879655e+05,-1.30931882e+05,7.80517916e+03,4.10054376e+03,1.45502697e+04,0.00000000e+00,2.80899987e+09
1.09000000e+03,4.94904496e+00,2.91836284e+33,2.24934776e+37,1.16634823e+37,4.19644982e+37,-1.59995270e+46,5.41185457e+46,1.27885520e+46,5.40669390e+48,8.27680419e+51,8.28478966e+51,-6.83946108e+51,4.86505912e+51,-1.36506412e+05,-1.32966087e+05,-1.29885563e+05,7.70756719e+03,3.99658404e+03,1.43794657e+04,0.00000000e+00,2.75996931e+09
1.10000000e+03,4.99598942e+00,2.91836845e+33,2.22228858e+37,1.13294217e+37,4.14837833e+37,-1.57292008e+46,5.54229731e+46,1.26848169e+46,5.29281390e+48,8.31464957e+51,8.32246267e+51,-6.80363676e+51,4.92064429e+51,-1.36408454e+05,-1.33100760e+05,-1.28938713e+05,7.61483211e+03,3.88210808e+03,1.42147176e+04,0.00000000e+00,2.71607481e+09
1.11000000e+03,5.04303742e+00,2.91837409e+33,2.19149686e+37,1.09878648e+37,4.10559471e+37,-1.53264108e+46,5.67679464e+46,1.26712012e+46,5.19168017e+48,8.35251585e+51,8.36017357e+51,-6.77335162e+51,4.97349776e+51,-1.36313571e+05,-1.33291307e+05,-1.28082547e+05,7.50930754e+03,3.76506385e+03,1.40680892e+04,0.00000000e+00,2.67871696e+09
1.12000000e+03,5.09016370e+00,2.91837975e+33,2.15829514e+37,1.06304225e+37,4.05929918e+37,-1.48628686e+46,5.80552823e+46,1.27705085e+46,5.10669081e+48,8.39066603e+51,8.39818909e+51,-6.74960039e+51,5.02338890e+51,-1.36222840e+05,-1.33515041e+05,-1.27295815e+05,7.39552534e+03,3.64257685e+03,1.39094276e+04,0.00000000e+00,2.64914805e+09
1.13000000e+03,5.13731833e+00,2.91838542e+33,2.12252544e+37,1.02521632e+37,4.00805623e+37,-1.43721010e+46,5.91512179e+46,1.29720875e+46,5.04046478e+48,8.42924487e+51,8.43665503e+51,-6.73320765e+51,5.07005120e+51,-1.36161119e+05,-1.33772453e+05,-1.26571197e+05,7.27294423e+03,3.51295724e+03,1.37338139e+04,0.00000000e+00,2.62907529e+09
1.14000000e+03,5.18434366e+00,2.91839106e+33,2.08402854e+37,9.86703327e+36,3.95100039e+37,-1.37647554e+46,6.02035953e+46,1.31260335e+46,4.99537444e+48,8.46828118e+51,8.47560323e+51,-6.72461726e+51,5.11329460e+51,-1.36142779e+05,-1.34054939e+05,-1.25902888e+05,7.14101879e+03,3.38098393e+03,1.35382829e+04,0.00000000e+00,2.61868972e+09
1.15000000e+03,5.23119661e+00,2.91839665e+33,2.04586530e+37,9.51350759e+36,3.88876360e+37,-1.30310960e+46,6.12632354e+46,1.31493856e+46,4.97270518e+48,8.50804003e+51,8.51529852e+51,-6.72388835e+51,5.15335434e+51,-1.36157390e+05,-1.34340582e+05,-1.25292142e+05,7.01023727e+03,3.25984050e+03,1.33250002e+04,0.00000000e+00,2.61735035e+09
1.16000000e+03,5.27783049e+00,2.91840220e+33,2.01049576e+37,9.19943098e+36,3.82441572e+37,-1.22040182e+46,6.23603725e+46,1.30231037e+46,4.97296641e+48,8.54859158e+51,8.55581304e+51,-6.73084446e+51,5.19039081e+51,-1.36200206e+05,-1.34616118e+05,-1.24740176e+05,6.88902909e+03,3.15221493e+03,1.31044848e+04,0.00000000e+00,2.62577949e+09
1.17000000e+03,5.32423981e+00,2.91840769e+33,1.97766938e+37,8.92106855e+36,3.75784478e+37,-1.13569900e+46,6.35573462e+46,1.27559276e+46,4.99556568e+48,8.59001071e+51,8.59722176e+51,-6.74501310e+51,5.22471521e+51,-1.36232862e+05,-1.34886929e+05,-1.24241950e+05,6.77653567e+03,3.05682739e+03,1.28763531e+04,0.00000000e+00,2.64238534e+09
1.18000000e+03,5.37041025e+00,2.91841312e+33,1.94852713e+37,8.66847106e+36,3.69291140e+37,-1.04351241e+46,6.48449357e+46,1.23195310e+46,5.03834744e+48,8.63234409e+51,8.63956766e+51,-6.76586549e+51,5.25663492e+51,-1.36240099e+05,-1.35172558e+05,-1.23784673e+05,6.67666656e+03,2.97026867e+03,1.26538336e+04,0.00000000e+00,2.66642869e+09
1.19000000e+03,5.41629246e+00,2.91841849e+33,1.92422285e+37,8.44797146e+36,3.62775823e+37,-9.46806356e+45,6.62492028e+46,1.16951178e+46,5.09829832e+48,8.67554707e+51,8.68280233e+51,-6.79296962e+51,5.28631752e+51,-1.36247625e+05,-1.35500591e+05,-1.23376615e+05,6.59337533e+03,2.89470872e+03,1.24305621e+04,0.00000000e+00,2.69756543e+09
1.20000000e+03,5.46188590e+00,2.91842380e+33,1.90611854e+37,8.28208230e+36,3.57103562e+37,-8.47865982e+45,6.77806876e+46,1.09725609e+46,5.17205883e+48,8.71969506e+51,8.72699856e+51,-6.82601015e+51,5.31399349e+51,-1.36263087e+05,-1.35890823e+05,-1.23040010e+05,6.53132881e+03,2.83786142e+03,1.22361791e+04,0.00000000e+00,2.73580868e+09
1.21000000e+03,5.50719266e+00,2.91842904e+33,1.88995574e+37,8.10143804e+36,3.52189775e+37,-7.52667893e+45,6.94545938e+46,1.01030676e+46,5.25626719e+48,8.76487357e+51,8.77223603e+51,-6.86463770e+51,5.33991718e+51,-1.36287363e+05,-1.36354818e+05,-1.22772426e+05,6.47593523e+03,2.77595855e+03,1.20677861e+04,0.00000000e+00,2.78131947e+09
1.22000000e+03,5.55222724e+00,2.91843421e+33,1.86929650e+37,7.90377097e+36,3.47557499e+37,-6.57282859e+45,7.12560010e+46,9.19842495e+45,5.34732367e+48,8.81122439e+51,8.81865648e+51,-6.90833375e+51,5.36448961e+51,-1.36313806e+05,-1.36873683e+05,-1.22544103e+05,6.40513498e+03,2.70822311e+03,1.19090401e+04,0.00000000e+00,2.83394124e+09
1.23000000e+03,5.59700607e+00,2.91843933e+33,1.84561035e+37,7.73672507e+36,3.42971602e+37,-5.51166945e+45,7.31973440e+46,8.27563318e+45,5.44173045e+48,8.85876965e+51,8.86627979e+51,-6.95632957e+51,5.38811501e+51,-1.36368917e+05,-1.37444944e+05,-1.22366882e+05,6.32396338e+03,2.65098027e+03,1.17518839e+04,0.00000000e+00,2.89298520e+09
1.24000000e+03,5.64155174e+00,2.91844440e+33,1.81841468e+37,7.47583844e+36,3.38280616e+37,-4.34384795e+45,7.51963174e+46,7.39315199e+45,5.53639620e+48,8.90742079e+51,8.91501345e+51,-7.00758414e+51,5.41122138e+51,-1.36447251e+05,-1.38075491e+05,-1.22243221e+05,6.23076691e+03,2.56158330e+03,1.15911277e+04,0.00000000e+00,2.95744222e+09
1.25000000e+03,5.68589140e+00,2.91844942e+33,1.78818065e+37,7.26440858e+36,3.33774008e+37,-3.04894335e+45,7.72305278e+46,6.69371015e+45,5.62811675e+48,8.95718112e+51,8.96485623e+51,-7.06079060e+51,5.43446093e+51,-1.36519383e+05,-1.38726099e+05,-1.22173181e+05,6.12715998e+03,2.48913294e+03,1.14366898e+04,0.00000000e+00,3.02577041e+09
1.26000000e+03,5.73005927e+00,2.91845440e+33,1.75675323e+37,7.09198081e+36,3.28510720e+37,-1.70712033e+45,7.92313229e+46,6.18473385e+45,5.71465308e+48,9.00806506e+51,9.01581995e+51,-7.11448315e+51,5.45857837e+51,-1.36573797e+05,-1.39393733e+05,-1.22156525e+05,6.01946438e+03,2.43004681e+03,1.12563252e+04,0.00000000e+00,3.09544974e+09
1.27000000e+03,5.77409085e+00,2.91845936e+33,1.72309452e+37,6.96969101e+36,3.22812894e+37,-2.99354507e+44,8.11783501e+46,5.71296963e+45,5.79498723e+48,9.05991112e+51,9.06774039e+51,-7.16721155e+51,5.48413462e+51,-1.36626620e+05,-1.40091223e+05,-1.22167277e+05,5.90412374e+03,2.38814051e+03,1.10610721e+04,0.00000000e+00,3.16471329e+09
1.28000000e+03,5.81801770e+00,2.91846429e+33,1.69516532e+37,6.81662028e+36,3.17282569e+37,1.13671834e+45,8.29605278e+46,5.31253211e+45,5.86801165e+48,9.11260764e+51,9.12050407e+51,-7.21772743e+51,5.51164035e+51,-1.36650159e+05,-1.40815347e+05,-1.22191110e+05,5.80841550e+03,2.33568740e+03,1.08715591e+04,0.00000000e+00,3.23160795e+09
1.29000000e+03,5.86186521e+00,2.91846920e+33,1.66809286e+37,6.74941039e+36,3.10809500e+37,2.60210880e+45,8.46938962e+46,4.93462192e+45,5.93313993e+48,9.16601227e+51,9.17396854e+51,-7.26488967e+51,5.54152371e+51,-1.36635424e+05,-1.41555580e+05,-1.22249750e+05,5.71564320e+03,2.31265431e+03,1.06497440e+04,0.00000000e+00,3.29604701e+09
1.30000000e+03,5.90566532e+00,2.91847410e+33,1.64488086e+37,6.70749355e+36,3.05165920e+37,3.99499942e+45,8.64432659e+46,4.54362739e+45,5.99100444e+48,9.21997466e+51,9.22798571e+51,-7.30751803e+51,5.57422670e+51,-1.36577385e+05,-1.42311735e+05,-1.22349107e+05,5.63609888e+03,2.29828784e+03,1.04563518e+04,0.00000000e+00,3.35435709e+09
1.31000000e+03,5.94944121e+00,2.91847900e+33,1.62901560e+37,6.63649166e+36,2.99315386e+37,5.19512246e+45,8.80472942e+46,4.17716280e+45,6.04094398e+48,9.27429112e+51,9.28235115e+51,-7.34456302e+51,5.61006964e+51,-1.36480573e+05,-1.43089351e+05,-1.22486339e+05,5.58172801e+03,2.27395560e+03,1.02558691e+04,0.00000000e+00,3.40697823e+09
1.32000000e+03,5.99321544e+00,2.91848390e+33,1.61450824e+37,6.51718384e+36,2.94060746e+37,6.21468088e+45,8.95517467e+46,4.05164563e+45,6.08359212e+48,9.32875430e+51,9.33685679e+51,-7.37483036e+51,5.64944161e+51,-1.36316117e+05,-1.43904336e+05,-1.22641524e+05,5.53201011e+03,2.23307172e+03,1.00758050e+04,0.00000000e+00,3.45127135e+09
1.33000000e+03,6.03701368e+00,2.91848880e+33,1.59573212e+37,6.42713419e+36,2.89442188e+37,7.15734980e+45,9.09703226e+46,4.19465132e+45,6.11899227e+48,9.38306533e+51,9.39120333e+51,-7.39713785e+51,5.69263441e+51,-1.36082451e+05,-1.44745115e+05,-1.22801263e+05,5.46766572e+03,2.20221307e+03,9.91753637e+03,0.00000000e+00,3.48525271e+09
1.34000000e+03,6.08086457e+00,2.91849371e+33,1.57238575e+37,6.33532216e+36,2.84626661e+37,8.04139251e+45,9.22789745e+46,4.51220909e+45,6.14736140e+48,9.43689174e+51,9.44505939e+51,-7.41034842e+51,5.73988518e+51,-1.35781914e+05,-1.45615721e+05,-1.22954835e+05,5.38766193e+03,2.17075066e+03,9.75251925e+03,0.00000000e+00,3.50666460e+09
1.35000000e+03,6.12480011e+00,2.91849865e+33,1.54281268e+37,6.23703806e+36,2.79455897e+37,8.92208789e+45,9.34880761e+46,4.92508257e+45,6.16986726e+48,9.48976600e+51,9.49795987e+51,-7.41366341e+51,5.79112817e+51,-1.35416333e+05,-1.46498117e+05,-1.23101153e+05,5.28632308e+03,2.13707074e+03,9.57533072e+03,0.00000000e+00,3.51316834e+09
1.36000000e+03,6.16886646e+00,2.91850361e+33,1.50861933e+37,6.15910985e+36,2.73699505e+37,9.67515944e+45,9.45338353e+46,5.31648793e+45,6.18570340e+48,9.54154621e+51,9.54976243e+51,-7.40687136e+51,5.84632675e+51,-1.34972199e+05,-1.47374183e+05,-1.23209350e+05,5.16915354e+03,2.11036568e+03,9.37807662e+03,0.00000000e+00,3.50522489e+09
1.37000000e+03,6.21309832e+00,2.91850861e+33,1.47375923e+37,6.11000302e+36,2.67380223e+37,1.03858124e+46,9.52849708e+46,5.57646479e+45,6.19329737e+48,9.59211326e+51,9.60034228e+51,-7.39023958e+51,5.90522249e+51,-1.34439014e+05,-1.48229587e+05,-1.23242862e+05,5.04969979e+03,2.09353606e+03,9.16153623e+03,0.00000000e+00,3.48300635e+09
1.38000000e+03,6.25751163e+00,2.91851365e+33,1.44034414e+37,6.07540930e+36,2.60720235e+37,1.11089544e+46,9.58246641e+46,5.83869923e+45,6.19089831e+48,9.64141658e+51,9.64964765e+51,-7.36450656e+51,5.96739437e+51,-1.33835584e+05,-1.49068175e+05,-1.23223139e+05,4.93519756e+03,2.08167925e+03,8.93332245e+03,0.00000000e+00,3.44762219e+09
1.39000000e+03,6.30209100e+00,2.91851872e+33,1.40595665e+37,6.03939405e+36,2.53800171e+37,1.19962738e+46,9.62896406e+46,6.17280251e+45,6.17691077e+48,9.68947113e+51,9.69769210e+51,-7.33082618e+51,6.03227901e+51,-1.33183905e+05,-1.49900361e+05,-1.23136817e+05,4.81736381e+03,2.06933538e+03,8.69619816e+03,0.00000000e+00,3.40169960e+09
1.40000000e+03,6.34675761e+00,2.91852382e+33,1.37546000e+37,6.04346531e+36,2.47415985e+37,1.30371498e+46,9.65441804e+46,6.60855250e+45,6.14911014e+48,9.73608329e+51,9.74427824e+51,-7.29049829e+51,6.09902909e+51,-1.32495225e+05,-1.50738501e+05,-1.22979805e+05,4.71286201e+03,2.07072674e+03,8.47743589e+03,0.00000000e+00,3.34769533e+09
1.41000000e+03,6.39152408e+00,2.91852893e+33,1.34293472e+37,6.07794131e+36,2.41157891e+37,1.39929745e+46,9.66005273e+46,7.04791593e+45,6.10720185e+48,9.78122745e+51,9.78937686e+51,-7.24465668e+51,6.16704852e+51,-1.31762585e+05,-1.51570533e+05,-1.22758431e+05,4.60140964e+03,2.08253591e+03,8.26299470e+03,0.00000000e+00,3.28679024e+09
1.42000000e+03,6.43641573e+00,2.91853408e+33,1.30934399e+37,6.15194362e+36,2.35298717e+37,1.49418232e+46,9.67116845e+46,7.47001425e+45,6.05127672e+48,9.82501209e+51,9.83309697e+51,-7.19444159e+51,6.23587618e+51,-1.31010710e+05,-1.52387365e+05,-1.22463317e+05,4.48630701e+03,2.10788822e+03,8.06222271e+03,0.00000000e+00,3.22035792e+09
1.43000000e+03,6.48145337e+00,2.91853926e+33,1.27254977e+37,6.26884045e+36,2.29299545e+37,1.58723404e+46,9.65930719e+46,7.88096090e+45,5.98111764e+48,9.86751769e+51,9.87552131e+51,-7.14112991e+51,6.30495636e+51,-1.30268833e+05,-1.53162595e+05,-1.22110749e+05,4.36022838e+03,2.14793768e+03,7.85665446e+03,0.00000000e+00,3.15010385e+09
1.44000000e+03,6.52665108e+00,2.91854447e+33,1.22902895e+37,6.41452928e+36,2.23512780e+37,1.67106756e+46,9.63243807e+46,8.25751011e+45,5.89695311e+48,9.90877672e+51,9.91668244e+51,-7.08616546e+51,6.37359971e+51,-1.29529538e+05,-1.53863155e+05,-1.21736069e+05,4.21110234e+03,2.19785216e+03,7.65836473e+03,0.00000000e+00,3.07802598e+09
1.45000000e+03,6.57201321e+00,2.91854972e+33,1.18060488e+37,6.54760848e+36,2.17450138e+37,1.74237612e+46,9.59750938e+46,8.59583997e+45,5.80072342e+48,9.94901819e+51,9.95681133e+51,-7.03114852e+51,6.44123707e+51,-1.28797689e+05,-1.54464727e+05,-1.21335730e+05,4.04517652e+03,2.24344593e+03,7.45062303e+03,0.00000000e+00,3.00619584e+09
1.46000000e+03,6.61753396e+00,2.91855501e+33,1.12398246e+37,6.68380015e+36,2.11359023e+37,1.78876749e+46,9.56908585e+46,9.01077723e+45,5.69460829e+48,9.98837004e+51,9.99604000e+51,-6.97771390e+51,6.50718305e+51,-1.28090930e+05,-1.54964485e+05,-1.20920875e+05,3.85116078e+03,2.29010593e+03,7.24190642e+03,0.00000000e+00,2.93746537e+09
1.47000000e+03,6.66320337e+00,2.91856033e+33,1.06549152e+37,6.84122479e+36,2.04883328e+37,1.81413474e+46,9.53242731e+46,9.41597918e+45,5.58291197e+48,1.00270051e+52,1.00345455e+52,-6.92728270e+51,6.57090416e+51,-1.27400349e+05,-1.55380524e+05,-1.20495433e+05,3.65074352e+03,2.34404090e+03,7.02001345e+03,0.00000000e+00,2.87370763e+09
1.48000000e+03,6.70900362e+00,2.91856568e+33,1.00863833e+37,7.00698490e+36,1.97692860e+37,1.82610059e+46,9.49038799e+46,9.82385890e+45,5.47077920e+48,1.00651412e+52,1.00725512e+52,-6.88102053e+51,6.63204092e+51,-1.26728318e+05,-1.55747222e+05,-1.20044697e+05,3.45593843e+03,2.40083166e+03,6.77363067e+03,0.00000000e+00,2.81598750e+09
1.49000000e+03,6.75491214e+00,2.91857106e+33,9.51444019e+36,7.18981915e+36,1.90243612e+37,1.82134221e+46,9.42187602e+46,1.03852205e+46,5.36287121e+48,1.01030388e+52,1.01103247e+52,-6.83988234e+51,6.69038349e+51,-1.26079068e+05,-1.56099016e+05,-1.19582566e+05,3.25996523e+03,2.46347236e+03,6.51838206e+03,0.00000000e+00,2.76535917e+09
1.50000000e+03,6.80091030e+00,2.91857646e+33,8.92135105e+36,7.40523642e+36,1.82614611e+37,1.79962628e+46,9.33950461e+46,1.11132577e+46,5.26355389e+48,1.01408189e+52,1.01479936e+52,-6.80459851e+51,6.74569431e+51,-1.25434889e+05,-1.56463488e+05,-1.19103824e+05,3.05674742e+03,2.53727683e+03,6.25697541e+03,0.00000000e+00,2.72222303e+09
1.51000000e+03,6.84697667e+00,2.91858187e+33,8.35675112e+36,7.66206393e+36,1.75418449e+37,1.75978879e+46,9.23629426e+46,1.20232566e+46,5.17715400e+48,1.01786918e+52,1.01857704e+52,-6.77573379e+51,6.79790353e+51,-1.24799632e+05,-1.56853584e+05,-1.18579065e+05,2.86329166e+03,2.62526949e+03,6.01040016e+03,0.00000000e+00,2.68732605e+09
1.52000000e+03,6.89309584e+00,2.91858729e+33,7.81145644e+36,7.88410511e+36,1.67920401e+37,1.70890094e+46,9.11757140e+46,1.30255140e+46,5.10754994e+48,1.02167767e+52,1.02237786e+52,-6.75369203e+51,6.84693262e+51,-1.24194342e+05,-1.57269273e+05,-1.17997237e+05,2.67645119e+03,2.70134292e+03,5.75348221e+03,0.00000000e+00,2.66028502e+09
1.53000000e+03,6.93924894e+00,2.91859273e+33,7.26547267e+36,8.08908849e+36,1.60359469e+37,1.65370422e+46,8.99217803e+46,1.41531718e+46,5.05747009e+48,1.02552484e+52,1.02621964e+52,-6.73881152e+51,6.89279064e+51,-1.23625081e+05,-1.57727093e+05,-1.17388708e+05,2.48937531e+03,2.77157152e+03,5.49441062e+03,0.00000000e+00,2.64194964e+09
1.54000000e+03,6.98540205e+00,2.91859816e+33,6.68951103e+36,8.30589622e+36,1.52900008e+37,1.58701176e+46,8.86074813e+46,1.53592856e+46,5.02882888e+48,1.02941695e+52,1.03010889e+52,-6.73131365e+51,6.93543208e+51,-1.23077114e+05,-1.58232522e+05,-1.16772856e+05,2.29202880e+03,2.84585125e+03,5.23881671e+03,0.00000000e+00,2.63219296e+09
1.55000000e+03,7.03150771e+00,2.91860358e+33,6.07276468e+36,8.53410797e+36,1.45282740e+37,1.51410778e+46,8.72744371e+46,1.65886356e+46,5.02279588e+48,1.03336262e+52,1.03405419e+52,-6.73137167e+51,6.97485607e+51,-1.22534324e+05,-1.58782012e+05,-1.16165212e+05,2.08070898e+03,2.92403806e+03,4.97781681e+03,0.00000000e+00,2.63065732e+09
1.56000000e+03,7.07754352e+00,2.91860899e+33,5.43175485e+36,8.78976635e+36,1.37490764e+37,1.42768892e+46,8.58333436e+46,1.78779875e+46,5.03930396e+48,1.03738212e+52,1.03807591e+52,-6.73916208e+51,7.01117809e+51,-1.22012453e+05,-1.59351273e+05,-1.15580069e+05,1.86107659e+03,3.01162862e+03,4.71083191e+03,0.00000000e+00,2.63857246e+09
1.57000000e+03,7.12349679e+00,2.91861437e+33,4.74837438e+36,9.09801216e+36,1.29666996e+37,1.32064134e+46,8.43463174e+46,1.92941952e+46,5.07700273e+48,1.04148979e+52,1.04218817e+52,-6.75462984e+51,7.04456676e+51,-1.21509040e+05,-1.59914197e+05,-1.15031039e+05,1.62692764e+03,3.11723681e+03,4.44275875e+03,0.00000000e+00,2.65606009e+09
1.58000000e+03,7.16936190e+00,2.91861974e+33,3.98538886e+36,9.42846020e+36,1.21975379e+37,1.19230799e+46,8.28845799e+46,2.07774845e+46,5.13441584e+48,1.04569218e+52,1.04639747e+52,-6.77739657e+51,7.07527644e+51,-1.21007233e+05,-1.60443170e+05,-1.14532455e+05,1.36550466e+03,3.23045174e+03,4.17921448e+03,0.00000000e+00,2.68238507e+09
1.59000000e+03,7.21510372e+00,2.91862508e+33,3.14440021e+36,9.75804500e+36,1.12980094e+37,1.05400284e+46,8.14638281e+46,2.23177001e+46,5.20892684e+48,1.04998944e+52,1.05070383e+52,-6.80689694e+51,7.10358988e+51,-1.20486562e+05,-1.60938587e+05,-1.14083461e+05,1.07735668e+03,3.34337051e+03,3.87100401e+03,0.00000000e+00,2.71684486e+09
1.60000000e+03,7.26071309e+00,2.91863038e+33,2.41481272e+36,1.01559197e+37,1.04119034e+37,9.08550099e+45,8.00046984e+46,2.38370169e+46,5.29702419e+48,1.05438599e+52,1.05511110e+52,-6.84249655e+51,7.12986274e+51,-1.19939164e+05,-1.61399167e+05,-1.13691144e+05,8.27378736e+02,3.47968683e+03,3.56739363e+03,0.00000000e+00,2.75894208e+09
1.61000000e+03,7.30619134e+00,2.91863566e+33,1.69168933e+36,1.04910360e+37,9.47185041e+36,7.63163188e+45,7.86213061e+46,2.52588301e+46,5.39465838e+48,1.05889166e+52,1.05962867e+52,-6.88346779e+51,7.15455278e+51,-1.19347349e+05,-1.61815296e+05,-1.13349168e+05,5.79616481e+02,3.59450006e+03,3.24530072e+03,0.00000000e+00,2.80809164e+09
1.62000000e+03,7.35153457e+00,2.91864091e+33,9.24884070e+35,1.08965059e+37,8.53221469e+36,6.18387240e+45,7.72451947e+46,2.65229791e+46,5.49764355e+48,1.06350885e+52,1.06425846e+52,-6.92896406e+51,7.17810261e+51,-1.18716397e+05,-1.62187640e+05,-1.13043253e+05,3.16888613e+02,3.73341779e+03,2.92335198e+03,0.00000000e+00,2.86333070e+09
1.63000000e+03,7.39673316e+00,2.91864612e+33,1.82849538e+35,1.13451012e+37,7.53384543e+36,4.75727200e+45,7.58271645e+46,2.77595009e+46,5.60066603e+48,1.06824076e+52,1.06900335e+52,-6.97805271e+51,7.20100713e+51,-1.18054744e+05,-1.62513465e+05,-1.12781736e+05,6.26487525e+01,3.88711091e+03,2.58128088e+03,0.00000000e+00,2.92373571e+09
1.64000000e+03,7.44176366e+00,2.91865130e+33,-5.76364807e+35,1.16990875e+37,6.44955115e+36,3.42599319e+45,7.43980401e+46,2.90333249e+46,5.69955861e+48,1.07308131e+52,1.07385666e+52,-7.02970296e+51,7.22371514e+51,-1.17407274e+05,-1.62768620e+05,-1.12563956e+05,-1.97476419e+02,4.00838823e+03,2.20977105e+03,0.00000000e+00,2.98845868e+09
1.65000000e+03,7.48663195e+00,2.91865644e+33,-1.36142561e+36,1.20754315e+37,5.48003326e+36,2.10777303e+45,7.30127259e+46,3.03600665e+46,5.79083151e+48,1.07802222e+52,1.07880958e+52,-7.08276263e+51,7.24671450e+51,-1.16794811e+05,-1.62951606e+05,-1.12400744e+05,-4.66456274e+02,4.13732545e+03,1.87758764e+03,0.00000000e+00,3.05614320e+09
1.66000000e+03,7.53132670e+00,2.91866154e+33,-2.13782324e+36,1.25287448e+37,4.57758938e+36,7.15559961e+44,7.15876301e+46,3.17322226e+46,5.87254395e+48,1.08305771e+52,1.08385623e+52,-7.13591681e+51,7.27060393e+51,-1.16207706e+05,-1.63062437e+05,-1.12286478e+05,-7.32466993e+02,4.29263366e+03,1.56838651e+03,0.00000000e+00,3.12542996e+09
1.67000000e+03,7.57587998e+00,2.91866661e+33,-2.88946478e+36,1.29616436e+37,3.71060286e+36,-7.63740596e+44,7.00359971e+46,3.29602889e+46,5.94358873e+48,1.08817648e+52,1.08898492e+52,-7.18780104e+51,7.29594869e+51,-1.15650200e+05,-1.63142003e+05,-1.12237970e+05,-9.89994806e+02,4.44094695e+03,1.27133495e+03,0.00000000e+00,3.19393696e+09
1.68000000e+03,7.62031608e+00,2.91867165e+33,-3.71714243e+36,1.33919066e+37,2.86099888e+36,-2.25179894e+45,6.85193027e+46,3.39947952e+46,6.00326820e+48,1.09336009e+52,1.09417730e+52,-7.23701693e+51,7.32326458e+51,-1.15129897e+05,-1.63178734e+05,-1.12253090e+05,-1.27357335e+03,4.58835668e+03,9.80240061e+02,0.00000000e+00,3.26045131e+09
1.69000000e+03,7.66465827e+00,2.91867667e+33,-4.58223052e+36,1.38015474e+37,1.87979899e+36,-3.72533716e+45,6.70929844e+46,3.47434281e+46,6.05209505e+48,1.09859087e+52,1.09941543e+52,-7.28200467e+51,7.35315194e+51,-1.14659363e+05,-1.63168405e+05,-1.12313642e+05,-1.56996853e+03,4.72870034e+03,6.44058661e+02,0.00000000e+00,3.32281276e+09
1.70000000e+03,7.70893229e+00,2.91868168e+33,-5.52279910e+36,1.42668362e+37,8.69414260e+35,-5.28050720e+45,6.57220890e+46,3.54267623e+46,6.09178048e+48,1.10384686e+52,1.10467759e+52,-7.32122216e+51,7.38616486e+51,-1.14248561e+05,-1.63090805e+05,-1.12407257e+05,-1.89222386e+03,4.88810968e+03,2.97879096e+02,0.00000000e+00,3.37662335e+09
1.71000000e+03,7.75305144e+00,2.91868665e+33,-6.49434625e+36,1.46905857e+37,-3.02412347e+35,-6.89839842e+45,6.45193342e+46,3.59092938e+46,6.12308646e+48,1.10909034e+52,1.10992601e+52,-7.35335779e+51,7.42258119e+51,-1.13898135e+05,-1.62966398e+05,-1.12494958e+05,-2.22509198e+03,5.03328637e+03,-1.03612475e+02,0.00000000e+00,3.42189977e+09
1.72000000e+03,7.79701135e+00,2.91869159e+33,-7.36726763e+36,1.50748085e+37,-1.50963252e+36,-8.50844047e+45,6.35177037e+46,3.60428875e+46,6.14748926e+48,1.11429846e+52,1.11513807e+52,-7.37747297e+51,7.46264425e+51,-1.13606510e+05,-1.62816944e+05,-1.12577153e+05,-2.52416790e+03,5.16491997e+03,-5.17229202e+02,0.00000000e+00,3.45547046e+09
1.73000000e+03,7.84086470e+00,2.91869650e+33,-8.28248927e+36,1.54773243e+37,-2.68752647e+36,-1.00643325e+46,6.27211178e+46,3.58338925e+46,6.16520739e+48,1.11944825e+52,1.12029091e+52,-7.39298007e+51,7.50641909e+51,-1.13385867e+05,-1.62650392e+05,-1.12668799e+05,-2.83773570e+03,5.30282071e+03,-9.20796823e+02,0.00000000e+00,3.47804348e+09
1.74000000e+03,7.88466498e+00,2.91870141e+33,-9.15417957e+36,1.59086232e+37,-3.84684350e+36,-1.15841295e+46,6.21133971e+46,3.55819981e+46,6.17731398e+48,1.12452756e+52,1.12537233e+52,-7.39943382e+51,7.55400637e+51,-1.13236205e+05,-1.62480829e+05,-1.12784754e+05,-3.13638783e+03,5.45058265e+03,-1.31799830e+03,0.00000000e+00,3.48781767e+09
1.75000000e+03,7.92844455e+00,2.91870631e+33,-1.00434979e+37,1.63072221e+37,-5.01685955e+36,-1.31477671e+46,6.16409894e+46,3.53347270e+46,6.18378923e+48,1.12950732e+52,1.13035324e+52,-7.39665698e+51,7.60520395e+51,-1.13137836e+05,-1.62316954e+05,-1.12923841e+05,-3.44107864e+03,5.58714048e+03,-1.71886412e+03,0.00000000e+00,3.48509263e+09
1.76000000e+03,7.97218227e+00,2.91871119e+33,-1.09572296e+37,1.66753179e+37,-6.18659417e+36,-1.47624647e+46,6.14791847e+46,3.49096332e+46,6.18411604e+48,1.13436806e+52,1.13521415e+52,-7.38465585e+51,7.65981358e+51,-1.13110396e+05,-1.62134933e+05,-1.13100251e+05,-3.75413286e+03,5.71324697e+03,-2.11963218e+03,0.00000000e+00,3.46935793e+09
1.77000000e+03,8.01587043e+00,2.91871607e+33,-1.18993770e+37,1.70196522e+37,-7.35998617e+36,-1.62301298e+46,6.17106846e+46,3.42694434e+46,6.17750168e+48,1.13909173e+52,1.13993684e+52,-7.36378203e+51,7.71747737e+51,-1.13157177e+05,-1.61921488e+05,-1.13321293e+05,-4.07692174e+03,5.83121200e+03,-2.52165198e+03,0.00000000e+00,3.44130507e+09
1.78000000e+03,8.05952918e+00,2.91872094e+33,-1.28606038e+37,1.74322594e+37,-8.46540008e+36,-1.76031707e+46,6.21798753e+46,3.35896370e+46,6.16311346e+48,1.14367977e+52,1.14452264e+52,-7.33473765e+51,7.77785758e+51,-1.13273437e+05,-1.61690612e+05,-1.13590325e+05,-4.40624645e+03,5.97256802e+03,-2.90038008e+03,0.00000000e+00,3.40152140e+09
1.79000000e+03,8.10322185e+00,2.91872582e+33,-1.38261200e+37,1.78853357e+37,-9.47722504e+36,-1.89623784e+46,6.29010513e+46,3.28148834e+46,6.13884948e+48,1.14812355e+52,1.14896278e+52,-7.29855591e+51,7.84034984e+51,-1.13462068e+05,-1.61447424e+05,-1.13920258e+05,-4.73703967e+03,6.12778889e+03,-3.24704190e+03,0.00000000e+00,3.35171563e+09
1.80000000e+03,8.14700097e+00,2.91873072e+33,-1.47922583e+37,1.83490121e+37,-1.04825923e+37,-2.02549683e+46,6.37715861e+46,3.19260159e+46,6.10271311e+48,1.15243788e+52,1.15327196e+52,-7.25650522e+51,7.90446702e+51,-1.13717011e+05,-1.61193280e+05,-1.14289496e+05,-5.06804488e+03,6.28664097e+03,-3.59149003e+03,0.00000000e+00,3.29451919e+09
1.81000000e+03,8.19091362e+00,2.91873565e+33,-1.57236385e+37,1.88760833e+37,-1.14210180e+37,-2.15404665e+46,6.47327543e+46,3.10956773e+46,6.05389815e+48,1.15663208e+52,1.15745935e+52,-7.20990034e+51,7.96964329e+51,-1.14038119e+05,-1.60945273e+05,-1.14674838e+05,-5.38714031e+03,6.46721236e+03,-3.91300185e+03,0.00000000e+00,3.23170650e+09
1.82000000e+03,8.23499578e+00,2.91874061e+33,-1.66613867e+37,1.93948363e+37,-1.24320688e+37,-2.26681140e+46,6.57850921e+46,3.04026368e+46,5.99172772e+48,1.16071205e+52,1.16153080e+52,-7.16011008e+51,8.03525298e+51,-1.14427433e+05,-1.60709001e+05,-1.15048680e+05,-5.70841637e+03,6.64493315e+03,-4.25939486e+03,0.00000000e+00,3.16550802e+09
1.83000000e+03,8.27927421e+00,2.91874562e+33,-1.75914574e+37,1.99144959e+37,-1.34794089e+37,-2.36476862e+46,6.69008331e+46,2.98176626e+46,5.91489645e+48,1.16468778e+52,1.16549659e+52,-7.10850628e+51,8.10071277e+51,-1.14878768e+05,-1.60494197e+05,-1.15385491e+05,-6.02706082e+03,6.82296387e+03,-4.61821984e+03,0.00000000e+00,3.09798590e+09
1.84000000e+03,8.32377237e+00,2.91875068e+33,-1.85184367e+37,2.04469880e+37,-1.44857523e+37,-2.45430348e+46,6.80292065e+46,2.92969685e+46,5.82416307e+48,1.16857269e+52,1.16937019e+52,-7.05639046e+51,8.16550663e+51,-1.15394765e+05,-1.60305454e+05,-1.15684248e+05,-6.34464493e+03,7.00539040e+03,-4.96299750e+03,0.00000000e+00,3.03062899e+09
1.85000000e+03,8.36850661e+00,2.91875579e+33,-1.94591253e+37,2.09164916e+37,-1.54700106e+37,-2.54015876e+46,6.90932436e+46,2.87634916e+46,5.72212983e+48,1.17237428e+52,1.17315930e+52,-7.00499134e+51,8.22909737e+51,-1.15956585e+05,-1.60148108e+05,-1.15936876e+05,-6.66692477e+03,7.16623556e+03,-5.30020724e+03,0.00000000e+00,2.96496645e+09
1.86000000e+03,8.41348627e+00,2.91876096e+33,-2.03643025e+37,2.14188816e+37,-1.63130343e+37,-2.60849330e+46,7.01057054e+46,2.83202490e+46,5.61247122e+48,1.17610836e+52,1.17688027e+52,-6.95546464e+51,8.29107033e+51,-1.16546228e+05,-1.60040866e+05,-1.16135746e+05,-6.97703677e+03,7.33834729e+03,-5.58902718e+03,0.00000000e+00,2.90260951e+09
1.87000000e+03,8.45872055e+00,2.91876618e+33,-2.12561649e+37,2.19220067e+37,-1.71472346e+37,-2.65610637e+46,7.11312827e+46,2.79566361e+46,5.49976838e+48,1.17979238e+52,1.18055106e+52,-6.90889979e+51,8.35106072e+51,-1.17148603e+05,-1.59984140e+05,-1.16304676e+05,-7.28258572e+03,7.51071013e+03,-5.87482298e+03,0.00000000e+00,2.84434619e+09
1.88000000e+03,8.50420454e+00,2.91877146e+33,-2.21374549e+37,2.23755926e+37,-1.79883724e+37,-2.70199422e+46,7.20768753e+46,2.74337284e+46,5.38847642e+48,1.18344271e+52,1.18418846e+52,-6.86636056e+51,8.40870434e+51,-1.17770663e+05,-1.59957868e+05,-1.16448639e+05,-7.58451124e+03,7.66609957e+03,-6.16299447e+03,0.00000000e+00,2.79158605e+09
1.89000000e+03,8.54992173e+00,2.91877679e+33,-2.29963564e+37,2.27731337e+37,-1.88749379e+37,-2.73336750e+46,7.27849391e+46,2.67477166e+46,5.28318875e+48,1.18707870e+52,1.18781242e+52,-6.82885043e+51,8.46369895e+51,-1.18422750e+05,-1.59973063e+05,-1.16573860e+05,-7.87876501e+03,7.80228682e+03,-6.46672878e+03,0.00000000e+00,2.74547114e+09
1.90000000e+03,8.59584663e+00,2.91878217e+33,-2.38740896e+37,2.31954523e+37,-1.98194759e+37,-2.75782329e+46,7.32982107e+46,2.60058470e+46,5.18856680e+48,1.19071751e+52,1.19144062e+52,-6.79726015e+51,8.51577615e+51,-1.19101378e+05,-1.60022272e+05,-1.16700588e+05,-8.17946945e+03,7.94696245e+03,-6.79032375e+03,0.00000000e+00,2.70683912e+09
1.91000000e+03,8.64193441e+00,2.91878759e+33,-2.47356808e+37,2.36908556e+37,-2.07285691e+37,-2.77285377e+46,7.38018993e+46,2.52378764e+46,5.10899522e+48,1.19437586e+52,1.19508999e+52,-6.77230513e+51,8.56474734e+51,-1.19794854e+05,-1.60090926e+05,-1.16833489e+05,-8.47464232e+03,8.11667685e+03,-7.10177375e+03,0.00000000e+00,2.67678440e+09
1.92000000e+03,8.68810005e+00,2.91879302e+33,-2.56038590e+37,2.41689066e+37,-2.16532406e+37,-2.77448485e+46,7.42689617e+46,2.44149781e+46,5.04808704e+48,1.19805691e+52,1.19876394e+52,-6.75447892e+51,8.61039997e+51,-1.20502660e+05,-1.60169974e+05,-1.16971213e+05,-8.77207077e+03,8.28044551e+03,-7.41855980e+03,0.00000000e+00,2.65523553e+09
1.93000000e+03,8.73430282e+00,2.91879847e+33,-2.64739756e+37,2.46314201e+37,-2.26137765e+37,-2.77229951e+46,7.47370894e+46,2.34994636e+46,5.00768340e+48,1.20176978e+52,1.20247182e+52,-6.74401306e+51,8.65271163e+51,-1.21221543e+05,-1.60255615e+05,-1.17094974e+05,-9.07016224e+03,8.43889031e+03,-7.74763202e+03,0.00000000e+00,2.64297389e+09
1.94000000e+03,8.78054508e+00,2.91880392e+33,-2.73138959e+37,2.50801994e+37,-2.36008361e+37,-2.76592826e+46,7.51737671e+46,2.25244484e+46,4.98941650e+48,1.20552866e+52,1.20622817e+52,-6.74091784e+51,8.69182275e+51,-1.21945488e+05,-1.60321266e+05,-1.17209412e+05,-9.35790709e+03,8.59262905e+03,-8.08579019e+03,0.00000000e+00,2.63874380e+09
1.95000000e+03,8.82680495e+00,2.91880938e+33,-2.81086260e+37,2.55035275e+37,-2.45904335e+37,-2.76280730e+46,7.55572118e+46,2.14310777e+46,4.99293657e+48,1.20934682e+52,1.21004635e+52,-6.74523401e+51,8.72784652e+51,-1.22698901e+05,-1.60378333e+05,-1.17321238e+05,-9.63016846e+03,8.73764749e+03,-8.42481652e+03,0.00000000e+00,2.64284980e+09
1.96000000e+03,8.87303102e+00,2.91881483e+33,-2.88215744e+37,2.59025135e+37,-2.55538665e+37,-2.75150489e+46,7.59113274e+46,2.02803616e+46,5.01681866e+48,1.21323278e+52,1.21393458e+52,-6.75697022e+51,8.76086070e+51,-1.23492926e+05,-1.60419550e+05,-1.17431175e+05,-9.87441003e+03,8.87432570e+03,-8.75487758e+03,0.00000000e+00,2.65614856e+09
1.97000000e+03,8.91920652e+00,2.91882027e+33,-2.95081325e+37,2.63174852e+37,-2.64347141e+37,-2.73526883e+46,7.63422302e+46,1.92483706e+46,5.05992825e+48,1.21719931e+52,1.21790532e+52,-6.77594710e+51,8.79107966e+51,-1.24331504e+05,-1.60445139e+05,-1.17557822e+05,-1.01096093e+04,9.01648022e+03,-9.05664334e+03,0.00000000e+00,2.67787371e+09
1.98000000e+03,8.96531476e+00,2.91882569e+33,-3.02164430e+37,2.67058253e+37,-2.74050439e+37,-2.72103465e+46,7.67745645e+46,1.83983562e+46,5.11976934e+48,1.22125604e+52,1.22196795e+52,-6.80187011e+51,8.81874445e+51,-1.25213547e+05,-1.60440176e+05,-1.17727688e+05,-1.03522602e+04,9.14951017e+03,-9.38906494e+03,0.00000000e+00,2.70798734e+09
1.99000000e+03,9.01133539e+00,2.91883109e+33,-3.08701273e+37,2.71566890e+37,-2.83411642e+37,-2.71295252e+46,7.71404886e+46,1.75365138e+46,5.19358390e+48,1.22540917e+52,1.22612819e+52,-6.83435134e+51,8.84410626e+51,-1.26127327e+05,-1.60390204e+05,-1.17955070e+05,-1.05761952e+04,9.30396044e+03,-9.70976507e+03,0.00000000e+00,2.74603647e+09
2.00000000e+03,9.05725139e+00,2.91883647e+33,-3.15038826e+37,2.76555466e+37,-2.92124506e+37,-2.72188625e+46,7.75213882e+46,1.66357402e+46,5.27795247e+48,1.22966500e+52,1.23039199e+52,-6.87288059e+51,8.86747960e+51,-1.27075303e+05,-1.60290732e+05,-1.18237143e+05,-1.07933017e+04,9.47485304e+03,-1.00082519e+04,0.00000000e+00,2.79202991e+09
2.01000000e+03,9.10299326e+00,2.91884181e+33,-3.21727665e+37,2.81320354e+37,-3.00943196e+37,-2.74015919e+46,7.79274220e+46,1.56697388e+46,5.36928856e+48,1.23402492e+52,1.23476070e+52,-6.91667736e+51,8.88926836e+51,-1.28060256e+05,-1.60162115e+05,-1.18575224e+05,-1.10224427e+04,9.63808156e+03,-1.03103633e+04,0.00000000e+00,2.84538936e+09
2.02000000e+03,9.14849191e+00,2.91884709e+33,-3.28321461e+37,2.85318456e+37,-3.10747619e+37,-2.75557654e+46,7.85200728e+46,1.45748374e+46,5.46337316e+48,1.23848284e+52,1.23922772e+52,-6.96470040e+51,8.90992696e+51,-1.29093179e+05,-1.60024047e+05,-1.18975900e+05,-1.12483268e+04,9.77503952e+03,-1.06462452e+04,0.00000000e+00,2.90469178e+09
2.03000000e+03,9.19374301e+00,2.91885231e+33,-3.34744588e+37,2.88724188e+37,-3.21346511e+37,-2.76118059e+46,7.93052145e+46,1.33873873e+46,5.55605708e+48,1.24303645e+52,1.24379046e+52,-7.01581694e+51,8.92999615e+51,-1.30175937e+05,-1.59856352e+05,-1.19444411e+05,-1.14683633e+04,9.89170252e+03,-1.10093446e+04,0.00000000e+00,2.96868522e+09
2.04000000e+03,9.23875103e+00,2.91885749e+33,-3.40342076e+37,2.92436773e+37,-3.31642937e+37,-2.76313169e+46,8.01892418e+46,1.21736356e+46,5.64424142e+48,1.24768529e+52,1.24844820e+52,-7.06880695e+51,8.95007857e+51,-1.31304680e+05,-1.59651667e+05,-1.19965457e+05,-1.16601128e+04,1.00188781e+04,-1.13620805e+04,0.00000000e+00,3.03590984e+09
2.05000000e+03,9.28353703e+00,2.91886261e+33,-3.45655679e+37,2.95466270e+37,-3.41665882e+37,-2.76753088e+46,8.11919434e+46,1.09126818e+46,5.72603306e+48,1.25242455e+52,1.25319607e+52,-7.12241490e+51,8.97075322e+51,-1.32456161e+05,-1.59437460e+05,-1.20537444e+05,-1.18421360e+04,1.01226508e+04,-1.17054458e+04,0.00000000e+00,3.10491132e+09
2.06000000e+03,9.32812818e+00,2.91886768e+33,-3.50847711e+37,2.98007038e+37,-3.52714639e+37,-2.78522865e+46,8.23678003e+46,9.71428846e+45,5.79962660e+48,1.25724257e+52,1.25802215e+52,-7.17538975e+51,8.99252668e+51,-1.33618408e+05,-1.59224732e+05,-1.21151552e+05,-1.20199937e+04,1.02096796e+04,-1.20839544e+04,0.00000000e+00,3.17369103e+09
2.07000000e+03,9.37254945e+00,2.91887272e+33,-3.54375707e+37,3.01054924e+37,-3.61984522e+37,-2.81219772e+46,8.37687510e+46,8.68817454e+45,5.86386515e+48,1.26212895e+52,1.26291578e+52,-7.22655200e+51,9.01588178e+51,-1.34753374e+05,-1.59022676e+05,-1.21800090e+05,-1.21408414e+04,1.03140819e+04,-1.24015178e+04,0.00000000e+00,3.24131499e+09
2.08000000e+03,9.41682328e+00,2.91887773e+33,-3.57792036e+37,3.03698099e+37,-3.72246818e+37,-2.84488824e+46,8.53501426e+46,7.69023222e+45,5.91818879e+48,1.26706874e+52,1.26786204e+52,-7.27459465e+51,9.04132306e+51,-1.35865447e+05,-1.58847745e+05,-1.22483693e+05,-1.22578631e+04,1.04046187e+04,-1.27530802e+04,0.00000000e+00,3.30651845e+09
2.09000000e+03,9.46097837e+00,2.91888271e+33,-3.60628298e+37,3.05737060e+37,-3.82219140e+37,-2.88938587e+46,8.69856134e+46,6.74568513e+45,5.96369276e+48,1.27204424e+52,1.27284327e+52,-7.31806711e+51,9.06939914e+51,-1.36947470e+05,-1.58708359e+05,-1.23188824e+05,-1.23550116e+04,1.04744551e+04,-1.30947071e+04,0.00000000e+00,3.36587796e+09
2.10000000e+03,9.50504021e+00,2.91888767e+33,-3.63843561e+37,3.07026146e+37,-3.92850660e+37,-2.93580329e+46,8.85887662e+46,5.81836657e+45,6.00200795e+48,1.27704355e+52,1.27784763e+52,-7.35561476e+51,9.10066891e+51,-1.37988548e+05,-1.58596631e+05,-1.23895074e+05,-1.24651443e+04,1.05186010e+04,-1.34589167e+04,0.00000000e+00,3.41861935e+09
2.11000000e+03,9.54904495e+00,2.91889262e+33,-3.66526861e+37,3.07545642e+37,-4.02749613e+37,-2.99353604e+46,9.01548374e+46,4.79683317e+45,6.03449960e+48,1.28203945e+52,1.28284809e+52,-7.38594233e+51,9.13550978e+51,-1.38968600e+05,-1.58500772e+05,-1.24603185e+05,-1.25570519e+04,1.05363808e+04,-1.37980277e+04,0.00000000e+00,3.46109971e+09
2.12000000e+03,9.59303060e+00,2.91889756e+33,-3.68817669e+37,3.08303403e+37,-4.11592680e+37,-3.06305093e+46,9.18002409e+46,3.70352812e+45,6.06266793e+48,1.28700453e+52,1.28781728e+52,-7.40799746e+51,9.17417403e+51,-1.39884079e+05,-1.58416021e+05,-1.25320846e+05,-1.26355126e+04,1.05623235e+04,-1.41009635e+04,0.00000000e+00,3.49293042e+09
2.13000000e+03,9.63703949e+00,2.91890251e+33,-3.70706975e+37,3.09409259e+37,-4.20213380e+37,-3.13468820e+46,9.34575762e+46,2.53427719e+45,6.08704969e+48,1.29192064e+52,1.29273727e+52,-7.42095873e+51,9.21689332e+51,-1.40734552e+05,-1.58347479e+05,-1.26050214e+05,-1.27002178e+04,1.06001916e+04,-1.43962801e+04,0.00000000e+00,3.51161511e+09
2.14000000e+03,9.68110634e+00,2.91890747e+33,-3.72661432e+37,3.09800360e+37,-4.29000371e+37,-3.19966371e+46,9.51127143e+46,1.33499330e+45,6.10689170e+48,1.29676210e+52,1.29758216e+52,-7.42438878e+51,9.26362725e+51,-1.41516690e+05,-1.58267136e+05,-1.26798977e+05,-1.27671547e+04,1.06135725e+04,-1.46972926e+04,0.00000000e+00,3.51711693e+09
2.15000000e+03,9.72526694e+00,2.91891245e+33,-3.74242615e+37,3.08872505e+37,-4.38752224e+37,-3.26628091e+46,9.68400121e+46,2.36481910e+44,6.12164643e+48,1.30151513e+52,1.30233793e+52,-7.41815967e+51,9.31429948e+51,-1.42255096e+05,-1.58163088e+05,-1.27587990e+05,-1.28213032e+04,1.05817667e+04,-1.50313595e+04,0.00000000e+00,3.50875440e+09
2.16000000e+03,9.76955575e+00,2.91891747e+33,-3.75355699e+37,3.07274366e+37,-4.48834409e+37,-3.34910041e+46,9.86845624e+46,-6.53058258e+44,6.13035207e+48,1.30616034e+52,1.30698494e+52,-7.40245909e+51,9.36861983e+51,-1.42943388e+05,-1.58036308e+05,-1.28416594e+05,-1.28594146e+04,1.05269974e+04,-1.53767420e+04,0.00000000e+00,3.48746147e+09
2.17000000e+03,9.81400395e+00,2.91892251e+33,-3.75981383e+37,3.05725396e+37,-4.58851992e+37,-3.43299470e+46,1.00532721e+47,-1.48231804e+45,6.13180527e+48,1.31069194e+52,1.31151709e+52,-7.37776354e+51,9.42628914e+51,-1.43602188e+05,-1.57884329e+05,-1.29285783e+05,-1.28808278e+04,1.04739127e+04,-1.57199100e+04,0.00000000e+00,3.45337363e+09
2.18000000e+03,9.85862612e+00,2.91892760e+33,-3.76434446e+37,3.04715653e+37,-4.68259821e+37,-3.50652582e+46,1.02353116e+47,-2.24641310e+45,6.12350204e+48,1.31510130e+52,1.31592567e+52,-7.34488418e+51,9.48681459e+51,-1.44242453e+05,-1.57724120e+05,-1.30206626e+05,-1.28963269e+04,1.04393015e+04,-1.60421869e+04,0.00000000e+00,3.40835433e+09
2.19000000e+03,9.90333510e+00,2.91893270e+33,-3.76382765e+37,3.04485508e+37,-4.76267099e+37,-3.57814172e+46,1.04178813e+47,-2.88001360e+45,6.10303785e+48,1.31937834e+52,1.32020025e+52,-7.30493786e+51,9.54953358e+51,-1.44865528e+05,-1.57549109e+05,-1.31183510e+05,-1.28945338e+04,1.04313987e+04,-1.63164810e+04,0.00000000e+00,3.35413918e+09
2.20000000e+03,9.94811065e+00,2.91893782e+33,-3.76231014e+37,3.05019265e+37,-4.82914455e+37,-3.65614469e+46,1.05955801e+47,-3.29193871e+45,6.06871237e+48,1.32351709e+52,1.32433472e+52,-7.25917358e+51,9.61376043e+51,-1.45480166e+05,-1.57356433e+05,-1.32225434e+05,-1.28893124e+04,1.04496664e+04,-1.65441844e+04,0.00000000e+00,3.29237358e+09
2.21000000e+03,9.99297643e+00,2.91894296e+33,-3.75801743e+37,3.06503873e+37,-4.88170649e+37,-3.73954592e+46,1.07789351e+47,-3.54004833e+45,6.01939612e+48,1.32751995e+52,1.32833145e+52,-7.20898047e+51,9.67882425e+51,-1.46115839e+05,-1.57144316e+05,-1.33326355e+05,-1.28745833e+04,1.05005092e+04,-1.67242271e+04,0.00000000e+00,3.22504952e+09
2.22000000e+03,1.00379487e+01,2.91894812e+33,-3.75685797e+37,3.07697068e+37,-4.93904373e+37,-3.81711688e+46,1.09646916e+47,-3.62017496e+45,5.95464175e+48,1.33140560e+52,1.33220914e+52,-7.15588633e+51,9.74414825e+51,-1.46786226e+05,-1.56903527e+05,-1.34500233e+05,-1.28705884e+04,1.05413682e+04,-1.69206287e+04,0.00000000e+00,3.15460434e+09
2.23000000e+03,1.00830418e+01,2.91895331e+33,-3.75544511e+37,3.09202469e+37,-4.98463372e+37,-3.90032562e+46,1.11570259e+47,-3.56282930e+45,5.87525131e+48,1.33517934e+52,1.33597331e+52,-7.10145192e+51,9.80900710e+51,-1.47456771e+05,-1.56647688e+05,-1.35713274e+05,-1.28657252e+04,1.05929227e+04,-1.70767847e+04,0.00000000e+00,3.08327352e+09
2.24000000e+03,1.01282693e+01,2.91895853e+33,-3.75418825e+37,3.10958682e+37,-5.02566331e+37,-3.98783253e+46,1.13412303e+47,-3.30486445e+45,5.78255288e+48,1.33885087e+52,1.33963373e+52,-7.04719893e+51,9.87273786e+51,-1.48123564e+05,-1.56384540e+05,-1.36938555e+05,-1.28613963e+04,1.06530695e+04,-1.72173166e+04,0.00000000e+00,3.01302372e+09
2.25000000e+03,1.01736330e+01,2.91896379e+33,-3.75095760e+37,3.12853118e+37,-5.06132165e+37,-4.06230807e+46,1.15018117e+47,-2.89642279e+45,5.67863032e+48,1.34243741e+52,1.34320815e+52,-6.99455357e+51,9.93480473e+51,-1.48792174e+05,-1.56125904e+05,-1.38182531e+05,-1.28503053e+04,1.07179513e+04,-1.73394465e+04,0.00000000e+00,2.94607295e+09
2.26000000e+03,1.02191184e+01,2.91896907e+33,-3.74205917e+37,3.15358867e+37,-5.08754779e+37,-4.12457980e+46,1.16589806e+47,-2.36415703e+45,5.56739729e+48,1.34595310e+52,1.34671137e+52,-6.94471232e+51,9.99475753e+51,-1.49429744e+05,-1.55873121e+05,-1.39433655e+05,-1.28197973e+04,1.08037756e+04,-1.74292625e+04,0.00000000e+00,2.88373060e+09
2.27000000e+03,1.02646535e+01,2.91897436e+33,-3.72766475e+37,3.17489797e+37,-5.11198425e+37,-4.16829652e+46,1.18158925e+47,-1.83903270e+45,5.45403406e+48,1.34940221e+52,1.35014822e+52,-6.89873001e+51,1.00521172e+52,-1.50013351e+05,-1.55620731e+05,-1.40713344e+05,-1.27704608e+04,1.08767587e+04,-1.75129467e+04,0.00000000e+00,2.82653920e+09
2.28000000e+03,1.03102430e+01,2.91897966e+33,-3.71202799e+37,3.19236519e+37,-5.13645280e+37,-4.19252972e+46,1.19700831e+47,-1.27181551e+45,5.34303533e+48,1.35279912e+52,1.35353333e+52,-6.85750570e+51,1.01065804e+52,-1.50572752e+05,-1.55386733e+05,-1.42023666e+05,-1.27168683e+04,1.09365791e+04,-1.75967406e+04,0.00000000e+00,2.77575912e+09
2.29000000e+03,1.03559023e+01,2.91898498e+33,-3.69462522e+37,3.20778260e+37,-5.15821954e+37,-4.20535606e+46,1.21189730e+47,-6.44947945e+44,5.23958493e+48,1.35616051e+52,1.35688402e+52,-6.82184046e+51,1.01579200e+52,-1.51143318e+05,-1.55173751e+05,-1.43377288e+05,-1.26572259e+04,1.09893769e+04,-1.76712781e+04,0.00000000e+00,2.73193952e+09
2.30000000e+03,1.04015954e+01,2.91899031e+33,-3.67270538e+37,3.23374712e+37,-5.17387921e+37,-4.22398403e+46,1.22609629e+47,5.73377922e+43,5.14945496e+48,1.35950089e+52,1.36021528e+52,-6.79246788e+51,1.02059189e+52,-1.51715551e+05,-1.54992429e+05,-1.44759559e+05,-1.25821089e+04,1.10783072e+04,-1.77248934e+04,0.00000000e+00,2.69603857e+09
2.31000000e+03,1.04473098e+01,2.91899564e+33,-3.64601953e+37,3.26337382e+37,-5.18228317e+37,-4.23604431e+46,1.23985380e+47,8.12249512e+44,5.07670061e+48,1.36283454e+52,1.36354181e+52,-6.76994090e+51,1.02504477e+52,-1.52297092e+05,-1.54845567e+05,-1.46145855e+05,-1.24906645e+04,1.11797831e+04,-1.77536517e+04,0.00000000e+00,2.66873797e+09
2.32000000e+03,1.04930454e+01,2.91900097e+33,-3.61856326e+37,3.28919402e+37,-5.18885831e+37,-4.24872032e+46,1.25308981e+47,1.57053541e+45,5.02354704e+48,1.36617526e+52,1.36687761e+52,-6.75463360e+51,1.02914593e+52,-1.52901320e+05,-1.54724110e+05,-1.47560694e+05,-1.23965812e+04,1.12682183e+04,-1.77761445e+04,0.00000000e+00,2.64995254e+09
2.33000000e+03,1.05387935e+01,2.91900631e+33,-3.59087259e+37,3.30811278e+37,-5.19554385e+37,-4.26795134e+46,1.26549658e+47,2.27267718e+45,4.99082856e+48,1.36953336e+52,1.37023323e+52,-6.74674091e+51,1.03289618e+52,-1.53517184e+05,-1.54628986e+05,-1.49034322e+05,-1.23016952e+04,1.13330100e+04,-1.77990155e+04,0.00000000e+00,2.64042932e+09
2.34000000e+03,1.05845513e+01,2.91901166e+33,-3.56105576e+37,3.32208068e+37,-5.20588826e+37,-4.27709555e+46,1.27735456e+47,2.94685138e+45,4.97961026e+48,1.37291980e+52,1.37361946e+52,-6.74629190e+51,1.03630487e+52,-1.54134279e+05,-1.54545707e+05,-1.50564058e+05,-1.21995257e+04,1.13808407e+04,-1.78344209e+04,0.00000000e+00,2.63892259e+09
2.35000000e+03,1.06303095e+01,2.91901700e+33,-3.52576791e+37,3.33154808e+37,-5.22005011e+37,-4.28622771e+46,1.28801165e+47,3.46814382e+45,4.99081491e+48,1.37634115e+52,1.37704313e+52,-6.75333439e+51,1.03937641e+52,-1.54741346e+05,-1.54486294e+05,-1.52180789e+05,-1.20786138e+04,1.14132534e+04,-1.78829041e+04,0.00000000e+00,2.64615688e+09
2.36000000e+03,1.06760483e+01,2.91902233e+33,-3.48199011e+37,3.33963051e+37,-5.23021400e+37,-4.30081275e+46,1.29830899e+47,3.71062148e+45,5.02475712e+48,1.37980767e+52,1.38051424e+52,-6.76779857e+51,1.04212431e+52,-1.55348865e+05,-1.54471451e+05,-1.53922104e+05,-1.19286176e+04,1.14409214e+04,-1.79176909e+04,0.00000000e+00,2.66259966e+09
2.37000000e+03,1.07217441e+01,2.91902766e+33,-3.43820011e+37,3.35384491e+37,-5.22822570e+37,-4.31926220e+46,1.30802245e+47,3.86969536e+45,5.07991462e+48,1.38332478e+52,1.38403813e+52,-6.78937528e+51,1.04456937e+52,-1.55986854e+05,-1.54495530e+05,-1.55793925e+05,-1.17785801e+04,1.14895962e+04,-1.79108467e+04,0.00000000e+00,2.68726771e+09
2.38000000e+03,1.07673741e+01,2.91903297e+33,-3.39770050e+37,3.36961605e+37,-5.23096437e+37,-4.33859703e+46,1.31687913e+47,3.99962115e+45,5.15280617e+48,1.38689914e+52,1.38762115e+52,-6.81762719e+51,1.04673979e+52,-1.56686142e+05,-1.54558750e+05,-1.57757827e+05,-1.16398154e+04,1.15436039e+04,-1.79201962e+04,0.00000000e+00,2.71988648e+09
2.39000000e+03,1.08129109e+01,2.91903826e+33,-3.34872828e+37,3.38749863e+37,-5.21171727e+37,-4.36552679e+46,1.32469410e+47,4.09404344e+45,5.23977901e+48,1.39053720e+52,1.39126943e+52,-6.85204123e+51,1.04866737e+52,-1.57423161e+05,-1.54668050e+05,-1.59776929e+05,-1.14720260e+04,1.16048449e+04,-1.78542273e+04,0.00000000e+00,2.76002902e+09
2.40000000e+03,1.08582997e+01,2.91904352e+33,-3.28853094e+37,3.40516639e+37,-5.18942538e+37,-4.41354555e+46,1.33231216e+47,4.12731658e+45,5.33655867e+48,1.39424455e+52,1.39498825e+52,-6.89198896e+51,1.05038881e+52,-1.58179191e+05,-1.54821864e+05,-1.61819238e+05,-1.12657825e+04,1.16653499e+04,-1.77778280e+04,0.00000000e+00,2.80740659e+09
2.41000000e+03,1.09034312e+01,2.91904872e+33,-3.23353589e+37,3.42333336e+37,-5.17352968e+37,-4.48487202e+46,1.33965164e+47,4.17307441e+45,5.43889010e+48,1.39801026e+52,1.39876590e+52,-6.93661135e+51,1.05193534e+52,-1.58955323e+05,-1.55006787e+05,-1.63892082e+05,-1.10773618e+04,1.17275650e+04,-1.77233413e+04,0.00000000e+00,2.86131979e+09
2.42000000e+03,1.09482797e+01,2.91905386e+33,-3.16957670e+37,3.43646087e+37,-5.14021473e+37,-4.57640215e+46,1.34827930e+47,4.12390783e+45,5.54252544e+48,1.40182991e+52,1.40259754e+52,-6.98492309e+51,1.05335139e+52,-1.59744754e+05,-1.55240831e+05,-1.66016704e+05,-1.08582330e+04,1.17725162e+04,-1.76091809e+04,0.00000000e+00,2.92063375e+09
2.43000000e+03,1.09928483e+01,2.91905893e+33,-3.11701136e+37,3.44171175e+37,-5.11364414e+37,-4.69174506e+46,1.35853881e+47,4.01170288e+45,5.64336891e+48,1.40570099e+52,1.40648029e+52,-7.03580885e+51,1.05468985e+52,-1.60541899e+05,-1.55534669e+05,-1.68213426e+05,-1.06781378e+04,1.17904840e+04,-1.75181257e+04,0.00000000e+00,2.98400273e+09
2.44000000e+03,1.10371468e+01,2.91906394e+33,-3.06148836e+37,3.45434720e+37,-5.07080614e+37,-4.82419406e+46,1.36919860e+47,3.85402976e+45,5.73812841e+48,1.40961383e+52,1.41040411e+52,-7.08804387e+51,1.05600192e+52,-1.61340644e+05,-1.55883774e+05,-1.70471153e+05,-1.04879113e+04,1.18337497e+04,-1.73713431e+04,0.00000000e+00,3.05020589e+09
2.45000000e+03,1.10811905e+01,2.91906890e+33,-2.99813085e+37,3.46521063e+37,-5.02840645e+37,-4.96212946e+46,1.38039466e+47,3.66085492e+45,5.82318668e+48,1.41356022e+52,1.41436083e+52,-7.14031795e+51,1.05734493e+52,-1.62163158e+05,-1.56284358e+05,-1.72746748e+05,-1.02708465e+04,1.18709450e+04,-1.72260629e+04,0.00000000e+00,3.11735717e+09
2.46000000e+03,1.11250068e+01,2.91907380e+33,-2.93829595e+37,3.47555924e+37,-4.98471149e+37,-5.08894691e+46,1.39177533e+47,3.42223248e+45,5.89624126e+48,1.41753335e+52,1.41834335e+52,-7.19134067e+51,1.05877631e+52,-1.63034183e+05,-1.56721758e+05,-1.75028541e+05,-1.00658502e+04,1.19063767e+04,-1.70763462e+04,0.00000000e+00,3.18350662e+09
2.47000000e+03,1.11686250e+01,2.91907867e+33,-2.87005407e+37,3.49604078e+37,-4.93080179e+37,-5.21195422e+46,1.40273058e+47,3.14089652e+45,5.95687713e+48,1.42152734e+52,1.42234582e+52,-7.23990404e+51,1.06035062e+52,-1.63964494e+05,-1.57170772e+05,-1.77326735e+05,-9.83205456e+03,1.19765213e+04,-1.68916372e+04,0.00000000e+00,3.24792919e+09
2.48000000e+03,1.12120815e+01,2.91908349e+33,-2.80723836e+37,3.50816794e+37,-4.87952318e+37,-5.32689978e+46,1.41306689e+47,2.85529069e+45,6.00550515e+48,1.42552907e+52,1.42635510e+52,-7.28471777e+51,1.06211921e+52,-1.64968239e+05,-1.57627133e+05,-1.79641912e+05,-9.61684847e+03,1.20180459e+04,-1.67159425e+04,0.00000000e+00,3.30863925e+09
2.49000000e+03,1.12554172e+01,2.91908829e+33,-2.73711615e+37,3.51292911e+37,-4.82138661e+37,-5.43194076e+46,1.42374856e+47,2.44653174e+45,6.04372994e+48,1.42952398e+52,1.43035673e+52,-7.32446839e+51,1.06413331e+52,-1.66010030e+05,-1.58102256e+05,-1.81970929e+05,-9.37661307e+03,1.20343366e+04,-1.65167550e+04,0.00000000e+00,3.36285237e+09
2.50000000e+03,1.12986714e+01,2.91909308e+33,-2.66016235e+37,3.51013579e+37,-4.76972889e+37,-5.52329516e+46,1.43452610e+47,1.99063169e+45,6.07340265e+48,1.43350218e+52,1.43434111e+52,-7.35794264e+51,1.06644398e+52,-1.67073575e+05,-1.58578194e+05,-1.84321140e+05,-9.11297543e+03,1.20247477e+04,-1.63397630e+04,0.00000000e+00,3.40955853e+09
2.51000000e+03,1.13418835e+01,2.91909785e+33,-2.57975038e+37,3.50517658e+37,-4.71172928e+37,-5.61106017e+46,1.44509451e+47,1.51127114e+45,6.09638886e+48,1.43744365e+52,1.43828839e+52,-7.38406551e+51,1.06908511e+52,-1.68172270e+05,-1.59054589e+05,-1.86674146e+05,-8.83749195e+03,1.20077392e+04,-1.61410460e+04,0.00000000e+00,3.44582136e+09
2.52000000e+03,1.13850026e+01,2.91910261e+33,-2.49363972e+37,3.50621805e+37,-4.64358744e+37,-5.70131807e+46,1.45537637e+47,9.89266255e+44,6.11330587e+48,1.44132097e+52,1.44217107e+52,-7.40196127e+51,1.07207300e+52,-1.69319654e+05,-1.59519840e+05,-1.88986332e+05,-8.54248737e+03,1.20112875e+04,-1.59075855e+04,0.00000000e+00,3.47160703e+09
2.53000000e+03,1.14280315e+01,2.91910734e+33,-2.40218335e+37,3.50863004e+37,-4.57013699e+37,-5.79372089e+46,1.46525128e+47,4.77735808e+44,6.12474153e+48,1.44512366e+52,1.44597868e+52,-7.41098948e+51,1.07542921e+52,-1.70539942e+05,-1.59949610e+05,-1.91243763e+05,-8.22917100e+03,1.20195307e+04,-1.56559402e+04,0.00000000e+00,3.48471879e+09
2.54000000e+03,1.14710066e+01,2.91911206e+33,-2.30595278e+37,3.50622344e+37,-4.49624334e+37,-5.88564253e+46,1.47500991e+47,-4.13442071e+43,6.13088768e+48,1.44883298e+52,1.44969246e+52,-7.41086308e+51,1.07914931e+52,-1.71839364e+05,-1.60346072e+05,-1.93445818e+05,-7.89950069e+03,1.20112670e+04,-1.54027774e+04,0.00000000e+00,3.48528291e+09
2.55000000e+03,1.15139627e+01,2.91911678e+33,-2.20817801e+37,3.49718718e+37,-4.42081245e+37,-5.95976382e+46,1.48559496e+47,-5.63811453e+44,6.13142006e+48,1.45243985e+52,1.45330312e+52,-7.40156252e+51,1.08322499e+52,-1.73223314e+05,-1.60733898e+05,-1.95605116e+05,-7.56454153e+03,1.19802921e+04,-1.51443494e+04,0.00000000e+00,3.47259135e+09
2.56000000e+03,1.15569314e+01,2.91912151e+33,-2.11168283e+37,3.48913007e+37,-4.33821462e+37,-6.02600639e+46,1.49693892e+47,-1.02054854e+45,6.12517113e+48,1.45593730e+52,1.45680337e+52,-7.38338721e+51,1.08763401e+52,-1.74686828e+05,-1.61139197e+05,-1.97735980e+05,-7.23396687e+03,1.19526716e+04,-1.48613705e+04,0.00000000e+00,3.44781070e+09
2.57000000e+03,1.15999481e+01,2.91912624e+33,-2.01573803e+37,3.48710417e+37,-4.24941501e+37,-6.08847426e+46,1.50896942e+47,-1.41589318e+45,6.11107213e+48,1.45932343e+52,1.46019100e+52,-7.35693128e+51,1.09234444e+52,-1.76238597e+05,-1.61550119e+05,-1.99852918e+05,-6.90527872e+03,1.19457121e+04,-1.45571471e+04,0.00000000e+00,3.41131508e+09
2.58000000e+03,1.16430307e+01,2.91913099e+33,-1.91742207e+37,3.49858852e+37,-4.15301668e+37,-6.13865716e+46,1.52091394e+47,-1.82942857e+45,6.08660918e+48,1.46259362e+52,1.46346113e+52,-7.32309203e+51,1.09730653e+52,-1.77847657e+05,-1.61963500e+05,-2.01974001e+05,-6.56846877e+03,1.19850344e+04,-1.42268939e+04,0.00000000e+00,3.36476434e+09
2.59000000e+03,1.16862021e+01,2.91913575e+33,-1.81412545e+37,3.52027156e+37,-4.05080631e+37,-6.16734007e+46,1.53305552e+47,-2.35303937e+45,6.04919906e+48,1.46574900e+52,1.46661454e+52,-7.28296770e+51,1.10246616e+52,-1.79474379e+05,-1.62372413e+05,-2.04094140e+05,-6.21459775e+03,1.20592938e+04,-1.38767315e+04,0.00000000e+00,3.31037271e+09
2.60000000e+03,1.17294736e+01,2.91914054e+33,-1.70949120e+37,3.55275639e+37,-3.93670751e+37,-6.16902536e+46,1.54519620e+47,-3.01519766e+45,5.99796496e+48,1.46879474e+52,1.46965622e+52,-7.23773571e+51,1.10776944e+52,-1.81109077e+05,-1.62735544e+05,-2.06229194e+05,-5.85614559e+03,1.21705562e+04,-1.34858444e+04,0.00000000e+00,3.24970407e+09
2.61000000e+03,1.17728386e+01,2.91914535e+33,-1.60275628e+37,3.59167733e+37,-3.81426550e+37,-6.14790760e+46,1.55674681e+47,-3.83815152e+45,5.93189753e+48,1.47173090e+52,1.47258644e+52,-7.18868130e+51,1.11315237e+52,-1.82747378e+05,-1.63061674e+05,-2.08370633e+05,-5.49049838e+03,1.23038660e+04,-1.30663775e+04,0.00000000e+00,3.18455738e+09
2.62000000e+03,1.18163185e+01,2.91915018e+33,-1.49383420e+37,3.63727708e+37,-3.67650092e+37,-6.11056481e+46,1.56942437e+47,-4.75892376e+45,5.85033933e+48,1.47457086e+52,1.47541878e+52,-7.13714311e+51,1.11856163e+52,-1.84368059e+05,-1.63358847e+05,-2.10510154e+05,-5.11735986e+03,1.24600547e+04,-1.25944220e+04,0.00000000e+00,3.11692602e+09
2.63000000e+03,1.18599305e+01,2.91915504e+33,-1.38167003e+37,3.69045953e+37,-3.52411555e+37,-6.05440590e+46,1.58350420e+47,-5.75232665e+45,5.75396308e+48,1.47732468e+52,1.47816337e+52,-7.08447551e+51,1.12393960e+52,-1.85959288e+05,-1.63643698e+05,-2.12634727e+05,-4.73311631e+03,1.26422183e+04,-1.20723822e+04,0.00000000e+00,3.04863926e+09
2.64000000e+03,1.19036915e+01,2.91915994e+33,-1.26318511e+37,3.74746395e+37,-3.36448862e+37,-5.99554187e+46,1.59717216e+47,-6.72858783e+45,5.64403566e+48,1.47999658e+52,1.48082474e+52,-7.03200657e+51,1.12922441e+52,-1.87519136e+05,-1.63907636e+05,-2.14724330e+05,-4.32722131e+03,1.28374739e+04,-1.15255371e+04,0.00000000e+00,2.98143636e+09
2.65000000e+03,1.19476106e+01,2.91916487e+33,-1.14502500e+37,3.81190450e+37,-3.19506831e+37,-5.94407822e+46,1.60902448e+47,-7.80290349e+45,5.52343792e+48,1.48259960e+52,1.48341625e+52,-6.98098757e+51,1.13436687e+52,-1.89041720e+05,-1.64151434e+05,-2.16773221e+05,-3.92244033e+03,1.30582022e+04,-1.09451451e+04,0.00000000e+00,2.91711730e+09
2.66000000e+03,1.19916898e+01,2.91916983e+33,-1.02655040e+37,3.88321723e+37,-3.01720904e+37,-5.88445101e+46,1.61994864e+47,-8.83004189e+45,5.39630590e+48,1.48514668e+52,1.48595119e+52,-6.93252817e+51,1.13932478e+52,-1.90544717e+05,-1.64394378e+05,-2.18786850e+05,-3.51658335e+03,1.33024711e+04,-1.03358462e+04,0.00000000e+00,2.85674173e+09
2.67000000e+03,1.20359328e+01,2.91917483e+33,-9.10363932e+36,3.95189513e+37,-2.83406096e+37,-5.81920501e+46,1.62954029e+47,-9.55619841e+45,5.26778067e+48,1.48765060e+52,1.48844265e+52,-6.88763390e+51,1.14406096e+52,-1.92039796e+05,-1.64636105e+05,-2.20762247e+05,-3.11856598e+03,1.35377131e+04,-9.70843175e+03,0.00000000e+00,2.80134707e+09
2.68000000e+03,1.20803369e+01,2.91917987e+33,-7.94892713e+36,4.01877489e+37,-2.65456154e+37,-5.74568852e+46,1.63765107e+47,-9.99357212e+45,5.14283346e+48,1.49012735e+52,1.49090722e+52,-6.84723061e+51,1.14854568e+52,-1.93524708e+05,-1.64886395e+05,-2.22694220e+05,-2.72300012e+03,1.37667943e+04,-9.09351827e+03,0.00000000e+00,2.75185921e+09
2.69000000e+03,1.21248942e+01,2.91918494e+33,-6.80861441e+36,4.09124162e+37,-2.47545382e+37,-5.67009268e+46,1.64448704e+47,-1.02269599e+46,5.02612505e+48,1.49259102e+52,1.49335937e+52,-6.81214052e+51,1.15275234e+52,-1.94985843e+05,-1.65162081e+05,-2.24590751e+05,-2.33236830e+03,1.40150135e+04,-8.47994859e+03,0.00000000e+00,2.70916118e+09
2.70000000e+03,1.21695871e+01,2.91919004e+33,-5.64295563e+36,4.17236864e+37,-2.28896879e+37,-5.59332579e+46,1.65050197e+47,-1.03657110e+46,4.92240214e+48,1.49505241e+52,1.49581053e+52,-6.78306561e+51,1.15665725e+52,-1.96425292e+05,-1.65471589e+05,-2.26446717e+05,-1.93305525e+03,1.42928983e+04,-7.84110920e+03,0.00000000e+00,2.67387069e+09
2.71000000e+03,1.22143934e+01,2.91919517e+33,-4.39931386e+36,4.25494802e+37,-2.09810425e+37,-5.53154859e+46,1.65677593e+47,-1.03915226e+46,4.83600663e+48,1.49752457e+52,1.49827425e+52,-6.76054296e+51,1.16024710e+52,-1.97838601e+05,-1.65831058e+05,-2.28264343e+05,-1.50702972e+03,1.45757573e+04,-7.18726954e+03,0.00000000e+00,2.64660936e+09
2.72000000e+03,1.22592973e+01,2.91920031e+33,-3.04936314e+36,4.33842861e+37,-1.90296015e+37,-5.48117078e+46,1.66366052e+47,-1.03535629e+46,4.76969798e+48,1.50001838e+52,1.50076191e+52,-6.74495374e+51,1.16351422e+52,-1.99206286e+05,-1.66258108e+05,-2.30039593e+05,-1.04458852e+03,1.48617023e+04,-6.51877207e+03,0.00000000e+00,2.62767405e+09
2.73000000e+03,1.23042843e+01,2.91920548e+33,-1.61490012e+36,4.41941315e+37,-1.70756007e+37,-5.43849448e+46,1.66970046e+47,-1.03102787e+46,4.72564083e+48,1.50254497e+52,1.50328464e+52,-6.73649336e+51,1.16645997e+52,-2.00524500e+05,-1.66772016e+05,-2.31763209e+05,-5.53198508e+02,1.51390958e+04,-5.84940006e+03,0.00000000e+00,2.61740268e+09
2.74000000e+03,1.23493360e+01,2.91921066e+33,-1.32676260e+35,4.49439675e+37,-1.51060239e+37,-5.39460209e+46,1.67491683e+47,-1.02765971e+46,4.70502623e+48,1.50511907e+52,1.50585740e+52,-6.73524873e+51,1.16909496e+52,-2.01818773e+05,-1.67375858e+05,-2.33425384e+05,-4.54493613e+01,1.53959315e+04,-5.17469468e+03,0.00000000e+00,2.61488131e+09
2.75000000e+03,1.23944317e+01,2.91921585e+33,1.37517600e+36,4.56416210e+37,-1.31176037e+37,-5.35020333e+46,1.67935779e+47,-1.02759810e+46,4.70811142e+48,1.50774910e+52,1.50848855e+52,-6.74134685e+51,1.17142121e+52,-2.03086697e+05,-1.68049241e+05,-2.35014197e+05,4.71077189e+02,1.56348908e+04,-4.49353676e+03,0.00000000e+00,2.62098356e+09
2.76000000e+03,1.24395553e+01,2.91922105e+33,2.91606358e+36,4.63536221e+37,-1.11020863e+37,-5.31029672e+46,1.68435610e+47,-1.03101597e+46,4.73448603e+48,1.51044538e+52,1.51118851e+52,-6.75479772e+51,1.17344863e+52,-2.04327527e+05,-1.68772881e+05,-2.36525274e+05,9.98918386e+02,1.58787640e+04,-3.80309886e+03,0.00000000e+00,2.63611588e+09
2.77000000e+03,1.24846969e+01,2.91922625e+33,4.43058825e+36,4.71523568e+37,-9.01467061e+36,-5.28503023e+46,1.68868708e+47,-1.03593516e+46,4.78244794e+48,1.51321817e+52,1.51396741e+52,-6.77539403e+51,1.17519771e+52,-2.05548736e+05,-1.69549834e+05,-2.37949714e+05,1.51772691e+03,1.61523475e+04,-3.08803424e+03,0.00000000e+00,2.65967905e+09
2.78000000e+03,1.25298479e+01,2.91923146e+33,5.93209668e+36,4.79970178e+37,-6.88765067e+36,-5.26430954e+46,1.69221764e+47,-1.04768464e+46,4.84964764e+48,1.51607573e+52,1.51683320e+52,-6.80279973e+51,1.17669322e+52,-2.06759566e+05,-1.70370550e+05,-2.39271411e+05,2.03207480e+03,1.64416623e+04,-2.35940547e+03,0.00000000e+00,2.69133686e+09
2.79000000e+03,1.25750002e+01,2.91923666e+33,7.42752625e+36,4.88980317e+37,-4.85267283e+36,-5.24954640e+46,1.69548203e+47,-1.05336609e+46,4.93271826e+48,1.51902507e+52,1.51979260e+52,-6.83660377e+51,1.17796241e+52,-2.07952986e+05,-1.71238631e+05,-2.40544447e+05,2.54433851e+03,1.67502801e+04,-1.66230881e+03,0.00000000e+00,2.73082835e+09
2.80000000e+03,1.26201502e+01,2.91924186e+33,8.98239211e+36,4.98067040e+37,-2.77091814e+36,-5.24920525e+46,1.69745882e+47,-1.05216841e+46,5.02826822e+48,1.52207143e+52,1.52285074e+52,-6.87628227e+51,1.17903663e+52,-2.09127576e+05,-1.72159028e+05,-2.41813965e+05,3.07696057e+03,1.70615202e+04,-9.49191013e+02,0.00000000e+00,2.77803411e+09
2.81000000e+03,1.26652907e+01,2.91924706e+33,1.05418208e+37,5.07896029e+37,-6.35401642e+35,-5.26963528e+46,1.70000112e+47,-1.05691809e+46,5.13237429e+48,1.52521843e+52,1.52601089e+52,-6.92110913e+51,1.17995544e+52,-2.10280007e+05,-1.73120685e+05,-2.43044802e+05,3.61114377e+03,1.73981858e+04,-2.17659426e+02,0.00000000e+00,2.83223506e+09
2.82000000e+03,1.27104153e+01,2.91925226e+33,1.21094312e+37,5.18223353e+37,1.36208574e+36,-5.29249535e+46,1.70358996e+47,-1.07337158e+46,5.24074457e+48,1.52847019e+52,1.52927686e+52,-6.97015619e+51,1.18076906e+52,-2.11366556e+05,-1.74110732e+05,-2.44204023e+05,4.14812770e+03,1.77519209e+04,4.66587199e+02,0.00000000e+00,2.89244201e+09
2.83000000e+03,1.27555242e+01,2.91925746e+33,1.38190388e+37,5.28432611e+37,3.33359006e+36,-5.31020480e+46,1.70719066e+47,-1.10377933e+46,5.34907346e+48,1.53182370e+52,1.53264526e+52,-7.02234520e+51,1.18152800e+52,-2.12348501e+05,-1.75125410e+05,-2.45293675e+05,4.73375130e+03,1.81016104e+04,1.14193082e+03,0.00000000e+00,2.95745981e+09
2.84000000e+03,1.28005338e+01,2.91926263e+33,1.54852608e+37,5.38460037e+37,5.34729738e+36,-5.31650208e+46,1.71050869e+47,-1.14571015e+46,5.45288544e+48,1.53526587e+52,1.53610213e+52,-7.07635646e+51,1.18228431e+52,-2.13263517e+05,-1.76173012e+05,-2.46326582e+05,5.30451101e+03,1.84450700e+04,1.83172878e+03,0.00000000e+00,3.02584779e+09
2.85000000e+03,1.28452618e+01,2.91926774e+33,1.72706755e+37,5.48448371e+37,7.36636910e+36,-5.29283395e+46,1.71353353e+47,-1.20770125e+46,5.54934768e+48,1.53877333e+52,1.53962368e+52,-7.13061480e+51,1.18309294e+52,-2.14142205e+05,-1.77240940e+05,-2.47315809e+05,5.91609852e+03,1.87871898e+04,2.52336194e+03,0.00000000e+00,3.09565103e+09
2.86000000e+03,1.28897184e+01,2.91927278e+33,1.91452534e+37,5.58076002e+37,9.40008766e+36,-5.23142446e+46,1.71719286e+47,-1.28519712e+46,5.63632963e+48,1.54233966e+52,1.54320341e+52,-7.18371585e+51,1.18401762e+52,-2.15012270e+05,-1.78323326e+05,-2.48255554e+05,6.55822692e+03,1.91169529e+04,3.22001003e+03,0.00000000e+00,3.16487428e+09
2.87000000e+03,1.29339189e+01,2.91927778e+33,2.09504344e+37,5.68138733e+37,1.15123361e+37,-5.14329112e+46,1.72216325e+47,-1.35577736e+46,5.71250421e+48,1.54595458e+52,1.54683109e+52,-7.23430104e+51,1.18511604e+52,-2.15897118e+05,-1.79402897e+05,-2.49108336e+05,7.17658135e+03,1.94616195e+04,3.94355625e+03,0.00000000e+00,3.23183195e+09
2.88000000e+03,1.29778841e+01,2.91928271e+33,2.27687615e+37,5.77319694e+37,1.36172532e+37,-5.03756675e+46,1.72975338e+47,-1.41610591e+46,5.77898819e+48,1.54960575e+52,1.55049439e+52,-7.28094636e+51,1.18644707e+52,-2.16806663e+05,-1.80466519e+05,-2.49864988e+05,7.79943695e+03,1.97760803e+04,4.66458871e+03,0.00000000e+00,3.29536349e+09
2.89000000e+03,1.30216504e+01,2.91928761e+33,2.45935976e+37,5.86129245e+37,1.57241717e+37,-4.91806707e+46,1.73862619e+47,-1.47359131e+46,5.83697269e+48,1.55327681e+52,1.55417667e+52,-7.32213403e+51,1.18806997e+52,-2.17720689e+05,-1.81493668e+05,-2.50507304e+05,8.42452026e+03,2.00778177e+04,5.38630440e+03,0.00000000e+00,3.35168540e+09
2.90000000e+03,1.30652374e+01,2.91929246e+33,2.64352423e+37,5.95376070e+37,1.78343190e+37,-4.80160924e+46,1.74887647e+47,-1.53918133e+46,5.88737815e+48,1.55695262e+52,1.55786270e+52,-7.35650384e+51,1.19003751e+52,-2.18611459e+05,-1.82481729e+05,-2.51021688e+05,9.05535933e+03,2.03945332e+04,6.10912377e+03,0.00000000e+00,3.39994617e+09
2.91000000e+03,1.31086507e+01,2.91929728e+33,2.82313967e+37,6.03420404e+37,1.98527068e+37,-4.69584183e+46,1.76172310e+47,-1.60040882e+46,5.93126832e+48,1.56060713e+52,1.56152681e+52,-7.38288013e+51,1.19238281e+52,-2.19427000e+05,-1.83437799e+05,-2.51428752e+05,9.67061385e+03,2.06700567e+04,6.80050878e+03,0.00000000e+00,3.43697472e+09
2.92000000e+03,1.31519375e+01,2.91930207e+33,2.99665938e+37,6.11586826e+37,2.18692207e+37,-4.59471770e+46,1.77697069e+47,-1.66551309e+46,5.96963997e+48,1.56422117e+52,1.56514984e+52,-7.40039745e+51,1.19512997e+52,-2.20123572e+05,-1.84384671e+05,-2.51744400e+05,1.02649856e+04,2.09497616e+04,7.49124966e+03,0.00000000e+00,3.46267007e+09
2.93000000e+03,1.31951616e+01,2.91930685e+33,3.17771853e+37,6.20231950e+37,2.38486635e+37,-4.49743400e+46,1.79223343e+47,-1.71763802e+46,6.00413212e+48,1.56778098e+52,1.56871834e+52,-7.40841811e+51,1.19829744e+52,-2.20692260e+05,-1.85324292e+05,-2.51944259e+05,1.08851816e+04,2.12458636e+04,8.16928975e+03,0.00000000e+00,3.47468413e+09
2.94000000e+03,1.32383858e+01,2.91931163e+33,3.36505089e+37,6.29036709e+37,2.57852287e+37,-4.38350528e+46,1.80591229e+47,-1.75530469e+46,6.03534125e+48,1.57127620e+52,1.57222155e+52,-7.40664271e+51,1.20188942e+52,-2.21135277e+05,-1.86239966e+05,-2.52049334e+05,1.15268643e+04,2.15474327e+04,8.83264003e+03,0.00000000e+00,3.47315058e+09
2.95000000e+03,1.32816697e+01,2.91931642e+33,3.56020772e+37,6.37420589e+37,2.76298302e+37,-4.24196136e+46,1.81793007e+47,-1.78687788e+46,6.06310082e+48,1.57469348e+52,1.57564609e+52,-7.39505777e+51,1.20589320e+52,-2.21462834e+05,-1.87105332e+05,-2.52077787e+05,1.21953472e+04,2.18345838e+04,9.46448629e+03,0.00000000e+00,3.45796251e+09
2.96000000e+03,1.33250657e+01,2.91932123e+33,3.75839493e+37,6.45709680e+37,2.94359168e+37,-4.08816968e+46,1.82932534e+47,-1.79981666e+46,6.08545284e+48,1.57802204e+52,1.57898054e+52,-7.37391379e+51,1.21028485e+52,-2.21657303e+05,-1.87903771e+05,-2.52049012e+05,1.28742082e+04,2.21184868e+04,1.00831373e+04,0.00000000e+00,3.42988630e+09
2.97000000e+03,1.33686256e+01,2.91932608e+33,3.95998565e+37,6.54217107e+37,3.13559779e+37,-3.92437480e+46,1.84031210e+47,-1.81141986e+46,6.10045438e+48,1.58125179e+52,1.58221517e+52,-7.34374396e+51,1.21502797e+52,-2.21627013e+05,-1.88630142e+05,-2.51998447e+05,1.35647253e+04,2.24098675e+04,1.07408275e+04,0.00000000e+00,3.38914170e+09
2.98000000e+03,1.34123395e+01,2.91933097e+33,4.15267799e+37,6.63243343e+37,3.34084203e+37,-3.76205904e+46,1.85071696e+47,-1.80705473e+46,6.10616625e+48,1.58437500e+52,1.58534192e+52,-7.30545265e+51,1.22006929e+52,-2.21404197e+05,-1.89276256e+05,-2.51922388e+05,1.42247592e+04,2.27190185e+04,1.14438619e+04,0.00000000e+00,3.33755407e+09
2.99000000e+03,1.34561362e+01,2.91933587e+33,4.33897699e+37,6.73309367e+37,3.55857187e+37,-3.60471373e+46,1.85888788e+47,-1.78511532e+46,6.09970808e+48,1.58738815e+52,1.58835683e+52,-7.26028116e+51,1.22534277e+52,-2.21101972e+05,-1.89837884e+05,-2.51820191e+05,1.48628907e+04,2.30637857e+04,1.21896624e+04,0.00000000e+00,3.27722851e+09
3.00000000e+03,1.35000198e+01,2.91934079e+33,4.50880192e+37,6.83849647e+37,3.78213630e+37,-3.45247514e+46,1.86511999e+47,-1.75082913e+46,6.07805706e+48,1.59028999e+52,1.59125823e+52,-7.20955490e+51,1.23078048e+52,-2.20739885e+05,-1.90327971e+05,-2.51726814e+05,1.54445892e+04,2.34247968e+04,1.29554463e+04,0.00000000e+00,3.21006838e+09
3.01000000e+03,1.35439945e+01,2.91934573e+33,4.67112955e+37,6.94522519e+37,4.01153330e+37,-3.32803836e+46,1.86973549e+47,-1.68873707e+46,6.03964067e+48,1.59309048e+52,1.59405590e+52,-7.15471087e+51,1.23632036e+52,-2.20348769e+05,-1.90775029e+05,-2.51650963e+05,1.60006042e+04,2.37903484e+04,1.37412067e+04,0.00000000e+00,3.13810669e+09
3.02000000e+03,1.35880715e+01,2.91935070e+33,4.82880541e+37,7.06076279e+37,4.25326844e+37,-3.20845558e+46,1.87357350e+47,-1.62180851e+46,5.98287196e+48,1.59579410e+52,1.59675447e+52,-7.09728187e+51,1.24189038e+52,-2.19913664e+05,-1.91177204e+05,-2.51584626e+05,1.65406829e+04,2.41860726e+04,1.45692275e+04,0.00000000e+00,3.06348843e+09
3.03000000e+03,1.36322748e+01,2.91935569e+33,4.98444818e+37,7.18369982e+37,4.50369576e+37,-3.10960902e+46,1.87527625e+47,-1.57263182e+46,5.90809243e+48,1.59841292e+52,1.59936641e+52,-7.03878249e+51,1.24742729e+52,-2.19364238e+05,-1.91523046e+05,-2.51494817e+05,1.70737954e+04,2.46071414e+04,1.54270197e+04,0.00000000e+00,2.98900671e+09
3.04000000e+03,1.36766219e+01,2.91936071e+33,5.14061912e+37,7.31314834e+37,4.76145969e+37,-3.02070794e+46,1.87606716e+47,-1.52854377e+46,5.81651872e+48,1.60095921e+52,1.60190421e+52,-6.98062648e+51,1.25287288e+52,-2.18652423e+05,-1.91852093e+05,-2.51363233e+05,1.76087151e+04,2.50505130e+04,1.63099396e+04,0.00000000e+00,2.91609244e+09
3.05000000e+03,1.37211251e+01,2.91936577e+33,5.29984308e+37,7.45174160e+37,5.02453853e+37,-2.94307052e+46,1.87606538e+47,-1.48431794e+46,5.71154456e+48,1.60344187e+52,1.60437710e+52,-6.92408699e+51,1.25817275e+52,-2.17735087e+05,-1.92181764e+05,-2.51164281e+05,1.81540907e+04,2.55252072e+04,1.72110620e+04,0.00000000e+00,2.84604859e+09
3.06000000e+03,1.37658002e+01,2.91937087e+33,5.45641177e+37,7.59239168e+37,5.28546887e+37,-2.88391490e+46,1.87683367e+47,-1.44361991e+46,5.59861779e+48,1.60587349e+52,1.60679813e+52,-6.87029762e+51,1.26328325e+52,-2.16639530e+05,-1.92497065e+05,-2.50899140e+05,1.86903686e+04,2.60069447e+04,1.81048216e+04,0.00000000e+00,2.78015618e+09
3.07000000e+03,1.38106534e+01,2.91937600e+33,5.61516594e+37,7.72754141e+37,5.54559396e+37,-2.82782308e+46,1.87839207e+47,-1.41281410e+46,5.48344517e+48,1.60826348e+52,1.60917736e+52,-6.82030052e+51,1.26816233e+52,-2.15324003e+05,-1.92802071e+05,-2.50563676e+05,1.92341306e+04,2.64698395e+04,1.89958195e+04,0.00000000e+00,2.71968262e+09
3.08000000e+03,1.38556890e+01,2.91938118e+33,5.77055011e+37,7.86542096e+37,5.80799445e+37,-2.77222540e+46,1.87899863e+47,-1.39517600e+46,5.37207411e+48,1.61062738e+52,1.61153092e+52,-6.77503696e+51,1.27277907e+52,-2.13766547e+05,-1.93087198e+05,-2.50176016e+05,1.97663469e+04,2.69420828e+04,1.98946081e+04,0.00000000e+00,2.66539800e+09
3.09000000e+03,1.39009040e+01,2.91938640e+33,5.91860465e+37,8.00122608e+37,6.06322609e+37,-2.71029870e+46,1.87932228e+47,-1.39501261e+46,5.27023845e+48,1.61297698e+52,1.61387159e+52,-6.73534974e+51,1.27710411e+52,-2.12029348e+05,-1.93372206e+05,-2.49735869e+05,2.02734542e+04,2.74072185e+04,2.07688372e+04,0.00000000e+00,2.61789418e+09
3.10000000e+03,1.39462888e+01,2.91939166e+33,6.05656531e+37,8.13404578e+37,6.31895446e+37,-2.62204308e+46,1.88050113e+47,-1.42135449e+46,5.18173787e+48,1.61532770e+52,1.61621523e+52,-6.70197755e+51,1.28111636e+52,-2.10186072e+05,-1.93693083e+05,-2.49276079e+05,2.07459842e+04,2.78621259e+04,2.16447644e+04,0.00000000e+00,2.57836110e+09
3.11000000e+03,1.39918289e+01,2.91939695e+33,6.18867391e+37,8.26549700e+37,6.57570929e+37,-2.52735954e+46,1.88259662e+47,-1.46414508e+46,5.11066675e+48,1.61769038e+52,1.61857303e+52,-6.67548642e+51,1.28479871e+52,-2.08278743e+05,-1.94047523e+05,-2.48810625e+05,2.11984667e+04,2.83123438e+04,2.25242042e+04,0.00000000e+00,2.54700253e+09
3.12000000e+03,1.40375011e+01,2.91940227e+33,6.31491614e+37,8.39140226e+37,6.82468364e+37,-2.43174929e+46,1.88470148e+47,-1.52092671e+46,5.06037989e+48,1.62007408e+52,1.62095493e+52,-6.65621392e+51,1.28814423e+52,-2.06356670e+05,-1.94416335e+05,-2.48352657e+05,2.16308530e+04,2.87435628e+04,2.33769896e+04,0.00000000e+00,2.52470454e+09
3.13000000e+03,1.40832847e+01,2.91940762e+33,6.43711543e+37,8.51266145e+37,7.06561312e+37,-2.32401973e+46,1.88617754e+47,-1.58146643e+46,5.03355365e+48,1.62248875e+52,1.62337094e+52,-6.64433992e+51,1.29115395e+52,-2.04450152e+05,-1.94805912e+05,-2.47894888e+05,2.20493890e+04,2.91588657e+04,2.42022151e+04,0.00000000e+00,2.51000011e+09
3.14000000e+03,1.41291401e+01,2.91941298e+33,6.55471399e+37,8.63165229e+37,7.29943553e+37,-2.22596384e+46,1.88927573e+47,-1.65213389e+46,5.03226989e+48,1.62494558e+52,1.62583210e+52,-6.64009171e+51,1.29382751e+52,-2.02555294e+05,-1.95219483e+05,-2.47406887e+05,2.24521643e+04,2.95663969e+04,2.50030933e+04,0.00000000e+00,2.50397253e+09
3.15000000e+03,1.41750258e+01,2.91941835e+33,6.66875643e+37,8.74745339e+37,7.52778461e+37,-2.13062017e+46,1.89474245e+47,-1.73462279e+46,5.05682353e+48,1.62745547e+52,1.62834920e+52,-6.64353830e+51,1.29617229e+52,-2.00725756e+05,-1.95672045e+05,-2.46882484e+05,2.28427571e+04,2.99630006e+04,2.57852205e+04,0.00000000e+00,2.50753460e+09
3.16000000e+03,1.42209030e+01,2.91942372e+33,6.78097004e+37,8.85581648e+37,7.75067949e+37,-2.02040307e+46,1.89976076e+47,-1.82091694e+46,5.10696830e+48,1.63002785e+52,1.63093148e+52,-6.65451099e+51,1.29820593e+52,-1.99001979e+05,-1.96199376e+05,-2.46313963e+05,2.32270841e+04,3.03341253e+04,2.65486624e+04,0.00000000e+00,2.51918456e+09
3.17000000e+03,1.42667393e+01,2.91942908e+33,6.88992892e+37,8.96365443e+37,7.97144340e+37,-1.89675645e+46,1.90556226e+47,-1.91816143e+46,5.18104578e+48,1.63267573e+52,1.63359205e+52,-6.67276840e+51,1.29995362e+52,-1.97372904e+05,-1.96847922e+05,-2.45722341e+05,2.36002613e+04,3.07034498e+04,2.73048023e+04,0.00000000e+00,2.53924320e+09
3.18000000e+03,1.43124925e+01,2.91943442e+33,6.99662143e+37,9.07095422e+37,8.19333399e+37,-1.77060077e+46,1.91230668e+47,-2.01438345e+46,5.27701706e+48,1.63540083e+52,1.63633252e+52,-6.69795342e+51,1.30143485e+52,-1.95800689e+05,-1.97616785e+05,-2.45110155e+05,2.39656742e+04,3.10709299e+04,2.80647989e+04,0.00000000e+00,2.56768516e+09
3.19000000e+03,1.43581208e+01,2.91943973e+33,7.09210259e+37,9.16751932e+37,8.40285742e+37,-1.65300987e+46,1.91842097e+47,-2.10258173e+46,5.39239204e+48,1.63820875e+52,1.63915812e+52,-6.72953464e+51,1.30268139e+52,-1.94288745e+05,-1.98484013e+05,-2.44471366e+05,2.42926837e+04,3.14016392e+04,2.87824315e+04,0.00000000e+00,2.60386757e+09
3.20000000e+03,1.44035894e+01,2.91944501e+33,7.18642373e+37,9.26698101e+37,8.62909612e+37,-1.53534113e+46,1.92430858e+47,-2.17117320e+46,5.52332020e+48,1.64109937e+52,1.64206861e+52,-6.76684541e+51,1.30372634e+52,-1.92844900e+05,-1.99447686e+05,-2.43834723e+05,2.46157187e+04,3.17422694e+04,2.95573169e+04,0.00000000e+00,2.64714807e+09
3.21000000e+03,1.44488797e+01,2.91945024e+33,7.27140007e+37,9.35631753e+37,8.84292082e+37,-1.44376476e+46,1.93147490e+47,-2.23709564e+46,5.66530701e+48,1.64407213e+52,1.64506313e+52,-6.80909214e+51,1.30460852e+52,-1.91464192e+05,-2.00481558e+05,-2.43220905e+05,2.49067443e+04,3.20482171e+04,3.02896781e+04,0.00000000e+00,2.69698790e+09
3.22000000e+03,1.44939752e+01,2.91945543e+33,7.35161842e+37,9.45685101e+37,9.05302376e+37,-1.37508158e+46,1.94131495e+47,-2.30045940e+46,5.81483325e+48,1.64712741e+52,1.64814126e+52,-6.85531091e+51,1.30537571e+52,-1.90092921e+05,-2.01539780e+05,-2.42639038e+05,2.51814716e+04,3.23925171e+04,3.10092891e+04,0.00000000e+00,2.75248359e+09
3.23000000e+03,1.45388707e+01,2.91946058e+33,7.41980333e+37,9.54264473e+37,9.24155306e+37,-1.29610673e+46,1.95432985e+47,-2.36835894e+46,5.96984951e+48,1.65026333e+52,1.65130090e+52,-6.90438352e+51,1.30608172e+52,-1.88722124e+05,-2.02597954e+05,-2.42082892e+05,2.54149804e+04,3.26863284e+04,3.16550020e+04,0.00000000e+00,2.81238985e+09
3.24000000e+03,1.45835919e+01,2.91946569e+33,7.47120632e+37,9.61775543e+37,9.41803834e+37,-1.21292986e+46,1.97002714e+47,-2.44373115e+46,6.12818427e+48,1.65347279e+52,1.65453446e+52,-6.95508376e+51,1.30678027e+52,-1.87344866e+05,-2.03683580e+05,-2.41544228e+05,2.55910058e+04,3.29435467e+04,3.22594589e+04,0.00000000e+00,2.87500906e+09
3.25000000e+03,1.46281323e+01,2.91947075e+33,7.50559859e+37,9.69079385e+37,9.59036768e+37,-1.11556809e+46,1.98818654e+47,-2.52053158e+46,6.28788302e+48,1.65674683e+52,1.65783266e+52,-7.00606765e+51,1.30752928e+52,-1.85938197e+05,-2.04778764e+05,-2.41051694e+05,2.57087645e+04,3.31936665e+04,3.28496789e+04,0.00000000e+00,2.93861100e+09
3.26000000e+03,1.46724362e+01,2.91947577e+33,7.50625916e+37,9.75360040e+37,9.75975185e+37,-1.00544810e+46,2.00685086e+47,-2.56286111e+46,6.44717587e+48,1.66006845e+52,1.66117786e+52,-7.05589103e+51,1.30838331e+52,-1.84497785e+05,-2.05849141e+05,-2.40623523e+05,2.57109829e+04,3.34087390e+04,3.34298094e+04,0.00000000e+00,3.00158470e+09
3.27000000e+03,1.47165343e+01,2.91948073e+33,7.51169531e+37,9.80757907e+37,9.92165327e+37,-8.66200757e+45,2.02681765e+47,-2.55887510e+46,6.60548613e+48,1.66343272e+52,1.66456510e+52,-7.10317501e+51,1.30940635e+52,-1.82974898e+05,-2.06915736e+05,-2.40203033e+05,2.57295594e+04,3.35935735e+04,3.39843081e+04,0.00000000e+00,3.06208351e+09
3.28000000e+03,1.47604745e+01,2.91948567e+33,7.49686295e+37,9.83884740e+37,1.00634137e+38,-7.04146996e+45,2.04636482e+47,-2.53160492e+46,6.76271775e+48,1.66682854e+52,1.66798289e+52,-7.14651171e+51,1.31065730e+52,-1.81415709e+05,-2.07982761e+05,-2.39753738e+05,2.56787113e+04,3.37006189e+04,3.44698172e+04,0.00000000e+00,3.11916528e+09
3.29000000e+03,1.48042800e+01,2.91949057e+33,7.47534933e+37,9.86246997e+37,1.01990261e+38,-5.37046476e+45,2.06407485e+47,-2.49160523e+46,6.91940461e+48,1.67024237e+52,1.67141743e+52,-7.18447281e+51,1.31219379e+52,-1.79895751e+05,-2.09016642e+05,-2.39237483e+05,2.56049785e+04,3.37814757e+04,3.49342662e+04,0.00000000e+00,3.16931877e+09
3.30000000e+03,1.48479880e+01,2.91949545e+33,7.43899155e+37,9.88374514e+37,1.03336187e+38,-3.47759862e+45,2.07992484e+47,-2.44005040e+46,7.07571488e+48,1.67365602e+52,1.67485037e+52,-7.21573929e+51,1.31406340e+52,-1.78461327e+05,-2.09975057e+05,-2.38624065e+05,2.54804012e+04,3.38542919e+04,3.53952209e+04,0.00000000e+00,3.21205828e+09
3.31000000e+03,1.48916350e+01,2.91950032e+33,7.38090310e+37,9.89075398e+37,1.04578206e+38,-1.45682554e+45,2.09320972e+47,-2.37396002e+46,7.23145203e+48,1.67705208e+52,1.67826405e+52,-7.23905155e+51,1.31631148e+52,-1.77204248e+05,-2.10874515e+05,-2.37927890e+05,2.52813916e+04,3.38782425e+04,3.58205838e+04,0.00000000e+00,3.24397337e+09
3.32000000e+03,1.49352246e+01,2.91950518e+33,7.29659975e+37,9.87816407e+37,1.05779286e+38,6.38347464e+44,2.10555921e+47,-2.31418052e+46,7.38476130e+48,1.68041627e+52,1.68164406e+52,-7.25341295e+51,1.31897342e+52,-1.76159889e+05,-2.11686491e+05,-2.37107155e+05,2.49925905e+04,3.38350627e+04,3.62319226e+04,0.00000000e+00,3.26467794e+09
3.33000000e+03,1.49788091e+01,2.91951003e+33,7.18847105e+37,9.84927996e+37,1.06961238e+38,2.61217191e+45,2.11638141e+47,-2.27855229e+46,7.53279594e+48,1.68373194e+52,1.68497323e+52,-7.25814509e+51,1.32206598e+52,-1.75348219e+05,-2.12407629e+05,-2.36196567e+05,2.46221831e+04,3.37360716e+04,3.66367086e+04,0.00000000e+00,3.27195403e+09
3.34000000e+03,1.50224240e+01,2.91951490e+33,7.05141514e+37,9.79616177e+37,1.08069520e+38,4.57973452e+45,2.12599829e+47,-2.25738674e+46,7.67221617e+48,1.68698396e+52,1.68823599e+52,-7.25291251e+51,1.32559036e+52,-1.74730491e+05,-2.13072921e+05,-2.35204170e+05,2.41526945e+04,3.35540736e+04,3.70162591e+04,0.00000000e+00,3.26670652e+09
3.35000000e+03,1.50661074e+01,2.91951977e+33,6.88484985e+37,9.72472306e+37,1.09106709e+38,6.73541912e+45,2.13454709e+47,-2.25478115e+46,7.79906557e+48,1.69015713e+52,1.69141683e+52,-7.23765983e+51,1.32953384e+52,-1.74234393e+05,-2.13709568e+05,-2.34167296e+05,2.35821313e+04,3.33093242e+04,3.73714574e+04,0.00000000e+00,3.24765431e+09
3.36000000e+03,1.51098959e+01,2.91952467e+33,6.70408603e+37,9.64608655e+37,1.10081592e+38,9.01822947e+45,2.14271534e+47,-2.26470899e+46,7.90889828e+48,1.69323558e+52,1.69449954e+52,-7.21271501e+51,1.33386379e+52,-1.73828020e+05,-2.14373668e+05,-2.33128521e+05,2.29629367e+04,3.30399213e+04,3.77053131e+04,0.00000000e+00,3.21522443e+09
3.37000000e+03,1.51538179e+01,2.91952960e+33,6.50611044e+37,9.54979117e+37,1.10996415e+38,1.13849602e+46,2.15045250e+47,-2.26631443e+46,7.99637892e+48,1.69620365e+52,1.69746821e+52,-7.17880401e+51,1.33852801e+52,-1.73461961e+05,-2.15061576e+05,-2.32085091e+05,2.22847901e+04,3.27100337e+04,3.80185955e+04,0.00000000e+00,3.17155339e+09
3.38000000e+03,1.51979049e+01,2.91953457e+33,6.29781675e+37,9.43739994e+37,1.11873499e+38,1.34923529e+46,2.15883558e+47,-2.26771625e+46,8.05600347e+48,1.69905537e+52,1.70031659e+52,-7.13686651e+51,1.34347327e+52,-1.73128954e+05,-2.15790529e+05,-2.31036429e+05,2.15713039e+04,3.23250152e+04,3.83189498e+04,0.00000000e+00,3.11755519e+09
3.39000000e+03,1.52421899e+01,2.91953958e+33,6.09780207e+37,9.32248171e+37,1.12914341e+38,1.55122502e+46,2.16645595e+47,-2.26997289e+46,8.08394225e+48,1.70178776e+52,1.70304169e+52,-7.08808274e+51,1.34863755e+52,-1.72877342e+05,-2.16559219e+05,-2.29995673e+05,2.08861771e+04,3.19313421e+04,3.86753933e+04,0.00000000e+00,3.05512582e+09
3.40000000e+03,1.52867009e+01,2.91954464e+33,5.90273807e+37,9.21974750e+37,1.14114773e+38,1.75424197e+46,2.17273346e+47,-2.26891353e+46,8.07678598e+48,1.70440082e+52,1.70564367e+52,-7.03384030e+51,1.35395165e+52,-1.72750946e+05,-2.17318010e+05,-2.28994648e+05,2.02180093e+04,3.15794024e+04,3.90864970e+04,0.00000000e+00,2.98644698e+09
3.41000000e+03,1.53314595e+01,2.91954975e+33,5.72819400e+37,9.14908962e+37,1.15522785e+38,1.95508546e+46,2.17869638e+47,-2.24899838e+46,8.03314318e+48,1.70689954e+52,1.70812767e+52,-6.97563811e+51,1.35934577e+52,-1.72785042e+05,-2.18070891e+05,-2.28040876e+05,1.96201280e+04,3.13373307e+04,3.95686988e+04,0.00000000e+00,2.91366044e+09
3.42000000e+03,1.53764103e+01,2.91955491e+33,5.58992801e+37,9.11692893e+37,1.17163955e+38,2.14873169e+46,2.18514820e+47,-2.22622683e+46,7.95476284e+48,1.70928050e+52,1.71049066e+52,-6.91515617e+51,1.36473286e+52,-1.73000081e+05,-2.18853009e+05,-2.27141924e+05,1.91465075e+04,3.12271192e+04,4.01307593e+04,0.00000000e+00,2.83884264e+09
3.43000000e+03,1.54214183e+01,2.91956008e+33,5.45260517e+37,9.08147439e+37,1.18848800e+38,2.32522757e+46,2.19195059e+47,-2.18591319e+46,7.84540212e+48,1.71154642e+52,1.71273588e+52,-6.85421207e+51,1.37002528e+52,-1.73377708e+05,-2.19710304e+05,-2.26313319e+05,1.86761190e+04,3.11056259e+04,4.07077768e+04,0.00000000e+00,2.76468807e+09
3.44000000e+03,1.54664995e+01,2.91956527e+33,5.31598639e+37,9.05625230e+37,1.20791513e+38,2.48028092e+46,2.19996493e+47,-2.12427370e+46,7.70930854e+48,1.71371595e+52,1.71488264e+52,-6.79434238e+51,1.37516552e+52,-1.73912994e+05,-2.20627715e+05,-2.25560039e+05,1.82081437e+04,3.10191808e+04,4.13731162e+04,0.00000000e+00,2.69272496e+09
3.45000000e+03,1.55116626e+01,2.91957048e+33,5.19429787e+37,9.05616272e+37,1.22910995e+38,2.63559490e+46,2.20840215e+47,-2.03442974e+46,7.55244652e+48,1.71580304e+52,1.71694560e+52,-6.73698009e+51,1.38009660e+52,-1.74596217e+05,-2.21592876e+05,-2.24872371e+05,1.77913084e+04,3.10188186e+04,4.20989990e+04,0.00000000e+00,2.62487255e+09
3.46000000e+03,1.55569262e+01,2.91957571e+33,5.06822250e+37,9.03606333e+37,1.24934856e+38,2.79764067e+46,2.21807294e+47,-1.94298333e+46,7.38264052e+48,1.71781711e+52,1.71893515e+52,-6.68338608e+51,1.38476584e+52,-1.75393450e+05,-2.22607203e+05,-2.24231643e+05,1.73594488e+04,3.09499196e+04,4.27921276e+04,0.00000000e+00,2.56234230e+09
3.47000000e+03,1.56022975e+01,2.91958096e+33,4.90399743e+37,8.97453343e+37,1.26856539e+38,2.96302162e+46,2.22769790e+47,-1.85250618e+46,7.20841857e+48,1.71977603e+52,1.72087007e+52,-6.63464979e+51,1.38913758e+52,-1.76290186e+05,-2.23683856e+05,-2.23656285e+05,1.67969222e+04,3.07391148e+04,4.34502556e+04,0.00000000e+00,2.50634954e+09
3.48000000e+03,1.56477683e+01,2.91958624e+33,4.72374448e+37,8.88617252e+37,1.28641363e+38,3.11715743e+46,2.23665103e+47,-1.75921940e+46,7.03818288e+48,1.72168607e+52,1.72275740e+52,-6.59168048e+51,1.39317338e+52,-1.77293878e+05,-2.24835149e+05,-2.23160738e+05,1.61794998e+04,3.04364105e+04,4.40615046e+04,0.00000000e+00,2.45759254e+09
3.49000000e+03,1.56933269e+01,2.91959153e+33,4.52497093e+37,8.77064157e+37,1.30345593e+38,3.27967628e+46,2.24401074e+47,-1.66637181e+46,6.87986203e+48,1.72355740e+52,1.72460799e+52,-6.55520894e+51,1.39684755e+52,-1.78450909e+05,-2.26075331e+05,-2.22726920e+05,1.54986438e+04,3.00406460e+04,4.46451469e+04,0.00000000e+00,2.41661689e+09
3.50000000e+03,1.57389622e+01,2.91959685e+33,4.27728327e+37,8.59390111e+37,1.31696088e+38,3.45417620e+46,2.25058386e+47,-1.58365115e+46,6.73995098e+48,1.72540335e+52,1.72643578e+52,-6.52585464e+51,1.40014305e+52,-1.79748858e+05,-2.27452096e+05,-2.22323641e+05,1.46502531e+04,2.94352322e+04,4.51076280e+04,0.00000000e+00,2.38349864e+09
3.51000000e+03,1.57846515e+01,2.91960217e+33,3.99642658e+37,8.34841639e+37,1.32856039e+38,3.64388985e+46,2.25721085e+47,-1.51309184e+46,6.62464116e+48,1.72723799e+52,1.72825536e+52,-6.50417069e+51,1.40304683e+52,-1.81214250e+05,-2.28992739e+05,-2.21927854e+05,1.36882573e+04,2.85943628e+04,4.55048431e+04,0.00000000e+00,2.35924103e+09
3.52000000e+03,1.58303574e+01,2.91960725e+33,3.68598700e+37,8.03987210e+37,1.33929651e+38,3.82835445e+46,2.26340726e+47,-1.45042912e+46,6.53912192e+48,1.72907833e+52,1.73008349e+52,-6.49053958e+51,1.40555651e+52,-1.82915941e+05,-2.30729828e+05,-2.21547065e+05,1.26249413e+04,2.75375125e+04,4.58724889e+04,0.00000000e+00,2.34439423e+09
3.53000000e+03,1.58760538e+01,2.91961257e+33,3.31837202e+37,7.63690669e+37,1.34750142e+38,4.00386051e+46,2.26953388e+47,-1.38419499e+46,6.48202363e+48,1.73093142e+52,1.73192850e+52,-6.48529015e+51,1.40766399e+52,-1.84799890e+05,-2.32679406e+05,-2.21164370e+05,1.13657957e+04,2.61572606e+04,4.61534326e+04,0.00000000e+00,2.33740005e+09
3.54000000e+03,1.59217025e+01,2.91961763e+33,2.90735728e+37,7.13561304e+37,1.35497527e+38,4.15854591e+46,2.27414720e+47,-1.32325516e+46,6.45828511e+48,1.73281098e+52,1.73380316e+52,-6.48847647e+51,1.40937934e+52,-1.86952847e+05,-2.34888927e+05,-2.20789514e+05,9.95800697e+03,2.44402313e+04,4.64093398e+04,0.00000000e+00,2.34027243e+09
3.55000000e+03,1.59672881e+01,2.91962294e+33,2.45011471e+37,6.57497240e+37,1.35895286e+38,4.30290643e+46,2.27722936e+47,-1.25847835e+46,6.46416594e+48,1.73472665e+52,1.73571818e+52,-6.50015722e+51,1.41071032e+52,-1.89359963e+05,-2.37336136e+05,-2.20397232e+05,8.39188745e+03,2.25199368e+04,4.65454919e+04,0.00000000e+00,2.35225193e+09
3.56000000e+03,1.60127761e+01,2.91962822e+33,1.97192784e+37,5.96169417e+37,1.35814037e+38,4.44778117e+46,2.27992490e+47,-1.19192969e+46,6.49965405e+48,1.73668915e+52,1.73768359e+52,-6.52012759e+51,1.41167722e+52,-1.92026690e+05,-2.40003898e+05,-2.20032794e+05,6.75403747e+03,2.04193607e+04,4.65175792e+04,0.00000000e+00,2.37342081e+09
3.57000000e+03,1.60581305e+01,2.91963347e+33,1.95971930e+37,5.44779408e+37,1.32533669e+38,4.53840688e+46,2.29022451e+47,-1.19594596e+46,6.55911581e+48,1.73870618e+52,1.73970645e+52,-6.54812513e+51,1.41230019e+52,-1.94929938e+05,-2.42907759e+05,-2.19754669e+05,6.71221002e+03,1.86591712e+04,4.53939411e+04,0.00000000e+00,2.40339382e+09
3.58000000e+03,1.61033173e+01,2.91963843e+33,2.39531791e+37,5.28677704e+37,1.27948702e+38,4.59171001e+46,2.30633998e+47,-1.27155569e+46,6.63995288e+48,1.74078689e+52,1.74179503e+52,-6.58375743e+51,1.41260716e+52,-1.97978432e+05,-2.46086370e+05,-2.19625081e+05,8.20415942e+03,1.81076430e+04,4.38234751e+04,0.00000000e+00,2.44311401e+09
3.59000000e+03,1.61480967e+01,2.91964330e+33,2.76741287e+37,5.49764411e+37,1.25077552e+38,4.64156611e+46,2.31891212e+47,-1.27654652e+46,6.73495394e+48,1.74292703e+52,1.74394494e+52,-6.62637263e+51,1.41262630e+52,-2.01121723e+05,-2.49428773e+05,-2.19641787e+05,9.47859921e+03,1.88298485e+04,4.28400114e+04,0.00000000e+00,2.48982718e+09
3.60000000e+03,1.61907700e+01,2.91964728e+33,3.06307182e+37,5.97436434e+37,1.25224792e+38,4.70618384e+46,2.32665159e+47,-1.23199971e+46,6.84148745e+48,1.74504536e+52,1.74607274e+52,-6.67323529e+51,1.41241097e+52,-2.04301802e+05,-2.52733850e+05,-2.19781939e+05,1.04912393e+04,2.04626236e+04,4.28903838e+04,0.00000000e+00,2.54155217e+09
3.61000000e+03,1.62316752e+01,2.91965136e+33,3.33170817e+37,6.76745282e+37,1.27664371e+38,4.81796263e+46,2.33058319e+47,-1.15092810e+46,6.94133514e+48,1.74716435e+52,1.74820178e+52,-6.72349185e+51,1.41202719e+52,-2.07474611e+05,-2.55832608e+05,-2.19978160e+05,1.14113220e+04,2.31789758e+04,4.37258956e+04,0.00000000e+00,2.59728358e+09
3.62000000e+03,1.62688005e+01,2.91965436e+33,3.51372628e+37,7.81543824e+37,1.31890128e+38,4.95327052e+46,2.33170595e+47,-1.03866050e+46,7.03984872e+48,1.74914059e+52,1.75018615e+52,-6.77298381e+51,1.41153696e+52,-2.10592496e+05,-2.58581316e+05,-2.20203266e+05,1.20347338e+04,2.67683681e+04,4.51731992e+04,0.00000000e+00,2.65063403e+09
3.63000000e+03,1.62992280e+01,2.91965670e+33,3.60966003e+37,8.92408097e+37,1.36772737e+38,5.10282962e+46,2.33008914e+47,-9.27685334e+45,7.11487596e+48,1.75084426e+52,1.75189583e+52,-6.81624014e+51,1.41108383e+52,-2.13353857e+05,-2.60813286e+05,-2.20356863e+05,1.23633029e+04,3.05655147e+04,4.68454860e+04,0.00000000e+00,2.71158794e+09
3.64000000e+03,1.63355706e+01,2.91965979e+33,3.69846429e+37,1.03945014e+38,1.42915895e+38,5.30887148e+46,2.32513495e+47,-7.87098143e+45,7.18918251e+48,1.75290843e+52,1.75396678e+52,-6.87044901e+51,1.41044433e+52,-2.16702531e+05,-2.63411464e+05,-2.20470397e+05,1.26674495e+04,3.56017555e+04,4.89495028e+04,0.00000000e+00,2.77288502e+09
3.65000000e+03,1.63692117e+01,2.91966204e+33,3.73332421e+37,1.18108031e+38,1.49027946e+38,5.49367929e+46,2.31904479e+47,-6.50479825e+45,7.26224903e+48,1.75486155e+52,1.75592533e+52,-6.92234676e+51,1.40980799e+52,-2.20012783e+05,-2.65761942e+05,-2.20542615e+05,1.27868368e+04,4.04526376e+04,5.10428756e+04,0.00000000e+00,2.82302409e+09
3.66000000e+03,1.63991234e+01,2.91966364e+33,3.66261295e+37,1.30467771e+38,1.54319336e+38,5.64579444e+46,2.31361075e+47,-5.17262322e+45,7.32134974e+48,1.75665706e+52,1.75772447e+52,-6.96975861e+51,1.40923654e+52,-2.23271539e+05,-2.67926666e+05,-2.20517405e+05,1.25446401e+04,4.46858909e+04,5.28551760e+04,0.00000000e+00,2.88637450e+09
3.67000000e+03,1.64249617e+01,2.91966531e+33,3.54641482e+37,1.40947644e+38,1.59391212e+38,5.77343432e+46,2.30892181e+47,-3.83091389e+45,7.35230940e+48,1.75823475e+52,1.75930419e+52,-7.01144887e+51,1.40873174e+52,-2.26137957e+05,-2.69747517e+05,-2.20440650e+05,1.21466485e+04,4.82752743e+04,5.45922890e+04,0.00000000e+00,2.94777358e+09
3.68000000e+03,1.64555726e+01,2.91966748e+33,3.38009467e+37,1.53513517e+38,1.65891423e+38,5.92120676e+46,2.30313161e+47,-2.07980412e+45,7.37550701e+48,1.76011833e+52,1.76118954e+52,-7.06086358e+51,1.40814636e+52,-2.29453958e+05,-2.71733047e+05,-2.20295856e+05,1.15769851e+04,5.25791100e+04,5.68186016e+04,0.00000000e+00,3.00260361e+09
3.69000000e+03,1.64862424e+01,2.91966948e+33,3.27210596e+37,1.66514248e+38,1.73014107e+38,6.06540337e+46,2.29632330e+47,-3.72241183e+44,7.39297542e+48,1.76203980e+52,1.76311209e+52,-7.10978971e+51,1.40762261e+52,-2.32818274e+05,-2.73633044e+05,-2.20096361e+05,1.12071109e+04,5.70318829e+04,5.92581141e+04,0.00000000e+00,3.06690481e+09
3.70000000e+03,1.65136544e+01,2.91967117e+33,3.11599566e+37,1.78398698e+38,1.79639804e+38,6.20008927e+46,2.28924989e+47,1.19728683e+45,7.39848666e+48,1.76377717e+52,1.76484932e+52,-7.15273214e+51,1.40721271e+52,-2.35888077e+05,-2.75250849e+05,-2.19856195e+05,1.06724199e+04,6.11023255e+04,6.15274096e+04,0.00000000e+00,3.12664923e+09
3.71000000e+03,1.65395365e+01,2.91967284e+33,2.95382230e+37,1.89330922e+38,1.86366560e+38,6.32578621e+46,2.28167756e+47,2.69269357e+45,7.39109984e+48,1.76542094e+52,1.76649206e+52,-7.19221642e+51,1.40688124e+52,-2.38796699e+05,-2.76738509e+05,-2.19552825e+05,1.01169633e+04,6.48466223e+04,6.38313161e+04,0.00000000e+00,3.17835971e+09
3.72000000e+03,1.65646010e+01,2.91967434e+33,2.84897463e+37,2.00496635e+38,1.93583256e+38,6.45344403e+46,2.27317479e+47,4.11773072e+45,7.37889377e+48,1.76702259e+52,1.76809215e+52,-7.22899133e+51,1.40664259e+52,-2.41630447e+05,-2.78194148e+05,-2.19186196e+05,9.75785070e+03,6.86708897e+04,6.63030303e+04,0.00000000e+00,3.22335165e+09
3.73000000e+03,1.65909675e+01,2.91967608e+33,2.76648834e+37,2.12304743e+38,2.01365461e+38,6.58419194e+46,2.26425335e+47,5.59634682e+45,7.35341805e+48,1.76871859e+52,1.76978586e+52,-7.26587301e+51,1.40649221e+52,-2.44604757e+05,-2.79762678e+05,-2.18690700e+05,9.47532626e+03,7.27151703e+04,6.89684251e+04,0.00000000e+00,3.27591138e+09
3.74000000e+03,1.66141893e+01,2.91967736e+33,2.69235343e+37,2.22158125e+38,2.08628568e+38,6.68855079e+46,2.25747871e+47,6.89215637e+45,7.32866141e+48,1.77020891e+52,1.77127352e+52,-7.29642667e+51,1.40645218e+52,-2.47289374e+05,-2.81135055e+05,-2.18153036e+05,9.22140736e+03,7.60899568e+04,7.14560350e+04,0.00000000e+00,3.31351959e+09
3.75000000e+03,1.66397219e+01,2.91967900e+33,2.56745859e+37,2.32724003e+38,2.16835193e+38,6.80170941e+46,2.24929319e+47,8.50893711e+45,7.28981765e+48,1.77185120e+52,1.77291246e+52,-7.32775528e+51,1.40652470e+52,-2.50229269e+05,-2.82544680e+05,-2.17448787e+05,8.79363311e+03,7.97087634e+04,7.42667921e+04,0.00000000e+00,3.36079491e+09
3.76000000e+03,1.66649718e+01,2.91968060e+33,2.48983384e+37,2.43793254e+38,2.25120358e+38,6.90970142e+46,2.24048483e+47,1.01361025e+46,7.24572919e+48,1.77346318e+52,1.77452071e+52,-7.35596476e+51,1.40672248e+52,-2.53084935e+05,-2.83824859e+05,-2.16676333e+05,8.52776104e+03,8.34999742e+04,7.71044471e+04,0.00000000e+00,3.39953001e+09
3.77000000e+03,1.66905242e+01,2.91968232e+33,2.43375109e+37,2.55072041e+38,2.33872902e+38,7.00487774e+46,2.23179541e+47,1.18528313e+46,7.19567560e+48,1.77507990e+52,1.77613351e+52,-7.38137190e+51,1.40706492e+52,-2.55915356e+05,-2.84983671e+05,-2.15820627e+05,8.33567091e+03,8.73629436e+04,8.01021743e+04,0.00000000e+00,3.43377421e+09
3.78000000e+03,1.67122347e+01,2.91968343e+33,2.37062159e+37,2.64107488e+38,2.41346005e+38,7.07896898e+46,2.22555476e+47,1.32842041e+46,7.15648555e+48,1.77643963e+52,1.77748939e+52,-7.40019439e+51,1.40747967e+52,-2.58377027e+05,-2.85869303e+05,-2.15024815e+05,8.11944736e+03,9.04575766e+04,8.26617032e+04,0.00000000e+00,3.45823742e+09
3.79000000e+03,1.67338567e+01,2.91968468e+33,2.20254917e+37,2.72379258e+38,2.48608780e+38,7.14582917e+46,2.21962591e+47,1.47393394e+46,7.11075527e+48,1.77778034e+52,1.77882604e+52,-7.41647276e+51,1.40800240e+52,-2.60743957e+05,-2.86617293e+05,-2.14149541e+05,7.54379126e+03,9.32906420e+04,8.51491883e+04,0.00000000e+00,3.48345225e+09
3.80000000e+03,1.67551715e+01,2.91968589e+33,1.98883176e+37,2.80107302e+38,2.55703697e+38,7.20870779e+46,2.21436609e+47,1.61455096e+46,7.06323903e+48,1.77908065e+52,1.78012209e+52,-7.42992162e+51,1.40862601e+52,-2.62970300e+05,-2.87222125e+05,-2.13224807e+05,6.81180044e+03,9.59374787e+04,8.75791803e+04,0.00000000e+00,3.50149373e+09
3.81000000e+03,1.67761172e+01,2.91968700e+33,1.75236716e+37,2.87431630e+38,2.62611815e+38,7.26661940e+46,2.20968987e+47,1.75677422e+46,7.01600795e+48,1.78033872e+52,1.78137580e+52,-7.44050621e+51,1.40935049e+52,-2.65094322e+05,-2.87725143e+05,-2.12263062e+05,6.00190073e+03,9.84460421e+04,8.99451945e+04,0.00000000e+00,3.51570210e+09
3.82000000e+03,1.67977948e+01,2.91968814e+33,1.47031327e+37,2.94517068e+38,2.69834155e+38,7.32493445e+46,2.20519406e+47,1.90844950e+46,6.96513444e+48,1.78161945e+52,1.78265180e+52,-7.44869101e+51,1.41021725e+52,-2.67247543e+05,-2.88132807e+05,-2.11181863e+05,5.03585727e+03,1.00872783e+05,9.24188275e+04,0.00000000e+00,3.52914010e+09
3.83000000e+03,1.68204024e+01,2.91968935e+33,1.14833121e+37,3.01324552e+38,2.77464729e+38,7.38683666e+46,2.20108100e+47,2.05570639e+46,6.90955049e+48,1.78292888e+52,1.78395615e+52,-7.45418661e+51,1.41124682e+52,-2.69434458e+05,-2.88453622e+05,-2.09934575e+05,3.93305955e+03,1.03204319e+05,9.50322779e+04,0.00000000e+00,3.53805776e+09
3.84000000e+03,1.68445045e+01,2.91969088e+33,8.01479195e+36,3.07751335e+38,2.85537779e+38,7.45661063e+46,2.19631964e+47,2.21151579e+46,6.84597546e+48,1.78428710e+52,1.78530921e+52,-7.45658056e+51,1.41248018e+52,-2.71650282e+05,-2.88681880e+05,-2.08497558e+05,2.74508236e+03,1.05405451e+05,9.77972636e+04,0.00000000e+00,3.54111604e+09
3.85000000e+03,1.68626143e+01,2.91969175e+33,5.29760594e+36,3.11627545e+38,2.91675209e+38,7.51178276e+46,2.19326943e+47,2.32692996e+46,6.80255110e+48,1.78527769e+52,1.78629552e+52,-7.45583712e+51,1.41350366e+52,-2.73298594e+05,-2.88815437e+05,-2.07374708e+05,1.81444015e+03,1.06733030e+05,9.98993162e+04,0.00000000e+00,3.53627121e+09
3.86000000e+03,1.68772445e+01,2.91969234e+33,2.96675761e+36,3.14770835e+38,2.96612350e+38,7.55302871e+46,2.19097063e+47,2.41801363e+46,6.76841517e+48,1.78606661e+52,1.78708075e+52,-7.45373982e+51,1.41439376e+52,-2.74631856e+05,-2.88943011e+05,-2.06432997e+05,1.01611994e+03,1.07809591e+05,1.01590276e+05,0.00000000e+00,3.53506353e+09
3.87000000e+03,1.68907992e+01,2.91969285e+33,7.03853448e+35,3.17255738e+38,3.01038075e+38,7.58921022e+46,2.18899385e+47,2.50289641e+46,6.73637766e+48,1.78678333e+52,1.78779392e+52,-7.45065657e+51,1.41526110e+52,-2.75851616e+05,-2.89073927e+05,-2.05511934e+05,2.41071059e+02,1.08660655e+05,1.03106077e+05,0.00000000e+00,3.53238680e+09
3.88000000e+03,1.69037524e+01,2.91969328e+33,-1.67199360e+36,3.19176654e+38,3.05185358e+38,7.62401491e+46,2.18749855e+47,2.57965658e+46,6.70596236e+48,1.78745755e+52,1.78846456e+52,-7.44669043e+51,1.41613003e+52,-2.76998700e+05,-2.89213071e+05,-2.04585259e+05,-5.72660703e+02,1.09318556e+05,1.04526513e+05,0.00000000e+00,3.52698096e+09
3.89000000e+03,1.69163104e+01,2.91969372e+33,-4.23841322e+36,3.20702488e+38,3.09194640e+38,7.65501320e+46,2.18612995e+47,2.65320938e+46,6.67547398e+48,1.78810116e+52,1.78910466e+52,-7.44193513e+51,1.41700790e+52,-2.78077728e+05,-2.89346535e+05,-2.03641118e+05,-1.45166364e+03,1.09841141e+05,1.05899683e+05,0.00000000e+00,3.52174401e+09
3.90000000e+03,1.69283642e+01,2.91969411e+33,-6.69904829e+36,3.21862251e+38,3.13082889e+38,7.68443911e+46,2.18502340e+47,2.72468714e+46,6.64584107e+48,1.78870813e+52,1.78970811e+52,-7.43651517e+51,1.41788235e+52,-2.79083006e+05,-2.89464579e+05,-2.02693202e+05,-2.29443498e+03,1.10238346e+05,1.07231401e+05,0.00000000e+00,3.51433285e+09
3.91000000e+03,1.69400279e+01,2.91969450e+33,-9.36404409e+36,3.22737063e+38,3.16694158e+38,7.71140260e+46,2.18397965e+47,2.79664474e+46,6.61650319e+48,1.78928776e+52,1.79028429e+52,-7.43050106e+51,1.41875923e+52,-2.80027382e+05,-2.89567727e+05,-2.01739498e+05,-3.20719996e+03,1.10537956e+05,1.08468252e+05,0.00000000e+00,3.50640858e+09
3.92000000e+03,1.69516419e+01,2.91969486e+33,-1.21171949e+37,3.23360868e+38,3.20333379e+38,7.73882391e+46,2.18294240e+47,2.86790757e+46,6.58725298e+48,1.78985587e+52,1.79084889e+52,-7.42376906e+51,1.41966044e+52,-2.80949203e+05,-2.89673106e+05,-2.00755111e+05,-4.15015796e+03,1.10751597e+05,1.09714677e+05,0.00000000e+00,3.49714115e+09
3.93000000e+03,1.69630945e+01,2.91969523e+33,-1.51504012e+37,3.23749329e+38,3.23759870e+38,7.76420714e+46,2.18220000e+47,2.93973846e+46,6.55801056e+48,1.79040755e+52,1.79139713e+52,-7.41644135e+51,1.42057507e+52,-2.81848236e+05,-2.89772338e+05,-1.99747507e+05,-5.18903515e+03,1.10884631e+05,1.10888242e+05,0.00000000e+00,3.48729808e+09
3.94000000e+03,1.69744257e+01,2.91969557e+33,-1.81818153e+37,3.23850667e+38,3.27097064e+38,7.78701177e+46,2.18159713e+47,3.01065998e+46,6.52919683e+48,1.79094287e+52,1.79192897e+52,-7.40852109e+51,1.42150292e+52,-2.82735748e+05,-2.89876111e+05,-1.98717037e+05,-6.22729833e+03,1.10919327e+05,1.12031223e+05,0.00000000e+00,3.47566147e+09
3.95000000e+03,1.69859341e+01,2.91969594e+33,-2.14665652e+37,3.23703842e+38,3.30419728e+38,7.80921986e+46,2.18120047e+47,3.08508321e+46,6.49939514e+48,1.79147811e+52,1.79246074e+52,-7.39985439e+51,1.42246803e+52,-2.83632873e+05,-2.89981307e+05,-1.97644412e+05,-7.35232903e+03,1.10869025e+05,1.13169225e+05,0.00000000e+00,3.46417997e+09
3.96000000e+03,1.69977468e+01,2.91969634e+33,-2.50573569e+37,3.23284522e+38,3.33735786e+38,7.82980390e+46,2.18104811e+47,3.16236082e+46,6.46824181e+48,1.79201725e+52,1.79299632e+52,-7.39031965e+51,1.42348034e+52,-2.84551754e+05,-2.90078011e+05,-1.96515309e+05,-8.58217909e+03,1.10725392e+05,1.14304964e+05,0.00000000e+00,3.45135642e+09
3.97000000e+03,1.70100945e+01,2.91969677e+33,-2.90747906e+37,3.22520018e+38,3.37155930e+38,7.85098283e+46,2.18101507e+47,3.24300123e+46,6.43500772e+48,1.79257048e+52,1.79354581e+52,-7.37969578e+51,1.42456102e+52,-2.85514485e+05,-2.90156011e+05,-1.95315993e+05,-9.95815420e+03,1.10463532e+05,1.15476351e+05,0.00000000e+00,3.43666534e+09
3.98000000e+03,1.70231676e+01,2.91969725e+33,-3.35051225e+37,3.21337194e+38,3.40599941e+38,7.87087348e+46,2.18110540e+47,3.32842364e+46,6.39903451e+48,1.79314606e+52,1.79411740e+52,-7.36775433e+51,1.42572968e+52,-2.86544988e+05,-2.90202288e+05,-1.94030045e+05,-1.14755468e+04,1.10058395e+05,1.16655910e+05,0.00000000e+00,3.41983765e+09
3.99000000e+03,1.70371494e+01,2.91969777e+33,-3.84581726e+37,3.19700790e+38,3.44250049e+38,7.89397126e+46,2.18153868e+47,3.42199594e+46,6.35987833e+48,1.79374929e+52,1.79471631e+52,-7.35423437e+51,1.42700459e+52,-2.87671305e+05,-2.90221336e+05,-1.92636595e+05,-1.31719704e+04,1.09497905e+05,1.17906056e+05,0.00000000e+00,3.40108699e+09
4.00000000e+03,1.70522306e+01,2.91969836e+33,-4.40210960e+37,3.17481754e+38,3.48085441e+38,7.91759159e+46,2.18220829e+47,3.52090183e+46,6.31669248e+48,1.79438458e+52,1.79534691e+52,-7.33885139e+51,1.42840434e+52,-2.88923130e+05,-2.90201896e+05,-1.91112554e+05,-1.50772753e+04,1.08737861e+05,1.19219658e+05,0.00000000e+00,3.37971947e+09
4.01000000e+03,1.70688559e+01,2.91969905e+33,-5.04430968e+37,3.14397461e+38,3.52279062e+38,7.94108287e+46,2.18308300e+47,3.62981069e+46,6.26834148e+48,1.79507238e+52,1.79602954e+52,-7.32100922e+51,1.42997908e+52,-2.90347854e+05,-2.90144708e+05,-1.89408611e+05,-1.72768138e+04,1.07681462e+05,1.20655950e+05,0.00000000e+00,3.35547077e+09
4.02000000e+03,1.70872692e+01,2.91969993e+33,-5.80549021e+37,3.10275483e+38,3.56880018e+38,7.96300506e+46,2.18392290e+47,3.75772407e+46,6.21293188e+48,1.79581507e+52,1.79676656e+52,-7.30029948e+51,1.43175159e+52,-2.91943311e+05,-2.90028590e+05,-1.87482457e+05,-1.98838591e+04,1.06269648e+05,1.22231745e+05,0.00000000e+00,3.32765583e+09
4.03000000e+03,1.71077306e+01,2.91970105e+33,-6.70545736e+37,3.04936724e+38,3.61904675e+38,7.97597738e+46,2.18496750e+47,3.90988545e+46,6.14930309e+48,1.79661885e+52,1.79756410e+52,-7.27623535e+51,1.43375233e+52,-2.93689916e+05,-2.89817905e+05,-1.85300921e+05,-2.29662463e+04,1.04441077e+05,1.23952647e+05,0.00000000e+00,3.29458878e+09
4.04000000e+03,1.71308981e+01,2.91970240e+33,-7.77722636e+37,2.98217954e+38,3.67397783e+38,7.97843369e+46,2.18696783e+47,4.08924991e+46,6.07543688e+48,1.79749816e+52,1.79843629e+52,-7.24780144e+51,1.43604622e+52,-2.95656039e+05,-2.89508685e+05,-1.82783278e+05,-2.66370516e+04,1.02139846e+05,1.25833983e+05,0.00000000e+00,3.25550756e+09
4.05000000e+03,1.71562261e+01,2.91970409e+33,-8.96342433e+37,2.90278805e+38,3.73207874e+38,7.96570043e+46,2.18967023e+47,4.28151055e+46,5.99167383e+48,1.79844127e+52,1.79937171e+52,-7.21562194e+51,1.43859062e+52,-2.97810406e+05,-2.89119033e+05,-1.79977950e+05,-3.06997697e+04,9.94206247e+04,1.27823869e+05,0.00000000e+00,3.21266649e+09
4.06000000e+03,1.71826060e+01,2.91970592e+33,-1.02125778e+38,2.81212157e+38,3.79006084e+38,7.94891286e+46,2.19347269e+47,4.47872059e+46,5.90343328e+48,1.79938823e+52,1.80031066e+52,-7.18115812e+51,1.44125276e+52,-3.00034752e+05,-2.88699638e+05,-1.76996730e+05,-3.49781042e+04,9.63152333e+04,1.29809677e+05,0.00000000e+00,3.16681738e+09
4.07000000e+03,1.72096920e+01,2.91970785e+33,-1.15098518e+38,2.71041106e+38,3.84879154e+38,7.92726982e+46,2.19686627e+47,4.67486085e+46,5.81134101e+48,1.80033773e+52,1.80125182e+52,-7.14515883e+51,1.44399388e+52,-3.02297149e+05,-2.88287073e+05,-1.73883294e+05,-3.94212450e+04,9.28315845e+04,1.31821118e+05,0.00000000e+00,3.11944463e+09
4.08000000e+03,1.72374393e+01,2.91970987e+33,-1.28809537e+38,2.59672250e+38,3.90645058e+38,7.89941950e+46,2.19964658e+47,4.86779129e+46,5.71497158e+48,1.80128303e+52,1.80218834e+52,-7.10805992e+51,1.44678535e+52,-3.04624147e+05,-2.87896841e+05,-1.70621829e+05,-4.41172387e+04,8.89376896e+04,1.33795848e+05,0.00000000e+00,3.07107661e+09
4.09000000e+03,1.72647091e+01,2.91971182e+33,-1.42856235e+38,2.47826988e+38,3.96307689e+38,7.87157708e+46,2.20223508e+47,5.05251896e+46,5.61876132e+48,1.80218656e+52,1.80308291e+52,-7.07175206e+51,1.44949531e+52,-3.06973104e+05,-2.87577106e+05,-1.67351595e+05,-4.89281971e+04,8.48806333e+04,1.35735207e+05,0.00000000e+00,3.02427488e+09
4.10000000e+03,1.72914711e+01,2.91971370e+33,-1.56754895e+38,2.35703020e+38,4.01877322e+38,7.83879367e+46,2.20451671e+47,5.23563916e+46,5.52311320e+48,1.80305738e+52,1.80394461e+52,-7.03663003e+51,1.45211310e+52,-3.09351194e+05,-2.87344223e+05,-1.64087636e+05,-5.36884472e+04,8.07281275e+04,1.37642716e+05,0.00000000e+00,2.97962048e+09
4.11000000e+03,1.73187065e+01,2.91971564e+33,-1.71178428e+38,2.22587418e+38,4.07504443e+38,7.80559100e+46,2.20717762e+47,5.43091244e+46,5.42514196e+48,1.80392942e+52,1.80480729e+52,-7.00175679e+51,1.45471945e+52,-3.11856679e+05,-2.87199462e+05,-1.60712838e+05,-5.86284589e+04,7.62359917e+04,1.39569908e+05,0.00000000e+00,2.93543893e+09
4.12000000e+03,1.73476014e+01,2.91971783e+33,-1.86374612e+38,2.07932187e+38,4.13434917e+38,7.76108104e+46,2.21092305e+47,5.64288627e+46,5.32133305e+48,1.80484597e+52,1.80571413e+52,-6.96607376e+51,1.45741044e+52,-3.14631139e+05,-2.87163539e+05,-1.57086167e+05,-6.38330905e+04,7.12165351e+04,1.41600984e+05,0.00000000e+00,2.89052730e+09
4.13000000e+03,1.73793384e+01,2.91972045e+33,-2.03443513e+38,1.91051703e+38,4.19929436e+38,7.70561684e+46,2.21600077e+47,5.87196435e+46,5.20815220e+48,1.80584334e+52,1.80670129e+52,-6.92880829e+51,1.46026088e+52,-3.17866934e+05,-2.87277925e+05,-1.53049167e+05,-6.96791069e+04,6.54349300e+04,1.43825220e+05,0.00000000e+00,2.84407244e+09
4.14000000e+03,1.74114131e+01,2.91972312e+33,-2.20599237e+38,1.73273900e+38,4.26871239e+38,7.65561915e+46,2.22178927e+47,6.09148260e+46,5.09703500e+48,1.80684984e+52,1.80769762e+52,-6.89348098e+51,1.46302357e+52,-3.21357042e+05,-2.87596174e+05,-1.48906653e+05,-7.55548481e+04,5.93460039e+04,1.46202644e+05,0.00000000e+00,2.80069928e+09
4.15000000e+03,1.74438522e+01,2.91972572e+33,-2.37789338e+38,1.54682994e+38,4.33953330e+38,7.61077346e+46,2.22865527e+47,6.30885999e+46,4.98907666e+48,1.80787195e+52,1.80870941e+52,-6.86047482e+51,1.46568567e+52,-3.25103342e+05,-2.88158140e+05,-1.44672868e+05,-8.14423546e+04,5.29786043e+04,1.48628115e+05,0.00000000e+00,2.76068390e+09
4.16000000e+03,1.74769305e+01,2.91972856e+33,-2.55199833e+38,1.35582564e+38,4.41328616e+38,7.56873042e+46,2.23565601e+47,6.53450308e+46,4.88405163e+48,1.80891601e+52,1.80974373e+52,-6.83002340e+51,1.46824256e+52,-3.29163474e+05,-2.88942158e+05,-1.40310809e+05,-8.74053283e+04,4.64367017e+04,1.51153988e+05,0.00000000e+00,2.72329400e+09
4.17000000e+03,1.75094347e+01,2.91973130e+33,-2.72609659e+38,1.17260334e+38,4.48795079e+38,7.52712878e+46,2.24291119e+47,6.75476182e+46,4.78837916e+48,1.80994500e+52,1.81076369e+52,-6.80346964e+51,1.47059021e+52,-3.33406648e+05,-2.89936789e+05,-1.35970613e+05,-9.33680641e+04,4.01613443e+04,1.53711089e+05,0.00000000e+00,2.69090514e+09
4.18000000e+03,1.75417413e+01,2.91973401e+33,-2.89894964e+38,9.96267882e+37,4.56679794e+38,7.49070998e+46,2.25062260e+47,6.97538261e+46,4.70172401e+48,1.81097537e+52,1.81178590e+52,-6.78066469e+51,1.47275266e+52,-3.37890796e+05,-2.91172072e+05,-1.31577355e+05,-9.92881417e+04,3.41218713e+04,1.56411437e+05,0.00000000e+00,2.66339424e+09
4.19000000e+03,1.75745024e+01,2.91973680e+33,-3.07163105e+38,8.24136003e+37,4.64926443e+38,7.45863905e+46,2.25774177e+47,7.20151147e+46,4.62365643e+48,1.81203105e+52,1.81283439e+52,-6.76140048e+51,1.47476436e+52,-3.42736544e+05,-2.92676828e+05,-1.27033361e+05,-1.05202327e+05,2.82263800e+04,1.59235738e+05,0.00000000e+00,2.64002759e+09
4.20000000e+03,1.76072681e+01,2.91973958e+33,-3.23942228e+38,6.62071588e+37,4.73270652e+38,7.43274524e+46,2.26437337e+47,7.42027263e+46,4.55689202e+48,1.81310216e+52,1.81389937e+52,-6.74615934e+51,1.47659141e+52,-3.47879683e+05,-2.94421694e+05,-1.22387349e+05,-1.10949014e+05,2.26757068e+04,1.62093447e+05,0.00000000e+00,2.62150696e+09
4.21000000e+03,1.76401410e+01,2.91974238e+33,-3.40800706e+38,5.08590888e+37,4.82244092e+38,7.41042930e+46,2.27108442e+47,7.63200158e+46,4.50232286e+48,1.81419710e+52,1.81498935e+52,-6.73502264e+51,1.47823822e+52,-3.53344553e+05,-2.96382551e+05,-1.17591048e+05,-1.16722869e+05,1.74190330e+04,1.65166658e+05,0.00000000e+00,2.60815768e+09
4.22000000e+03,1.76731466e+01,2.91974521e+33,-3.57157232e+38,3.66965619e+37,4.91802558e+38,7.39054079e+46,2.27853314e+47,7.84012612e+46,4.46048935e+48,1.81531745e+52,1.81610600e+52,-6.72809470e+51,1.47970127e+52,-3.59118651e+05,-2.98526517e+05,-1.12638242e+05,-1.22324794e+05,1.25684124e+04,1.68440231e+05,0.00000000e+00,2.59943036e+09
4.23000000e+03,1.77065680e+01,2.91974810e+33,-3.72580823e+38,2.37264063e+37,5.01839380e+38,7.37369084e+46,2.28626170e+47,8.04743028e+46,4.43215045e+48,1.81647591e+52,1.81726219e+52,-6.72547963e+51,1.48098821e+52,-3.65244558e+05,-3.00820641e+05,-1.07507060e+05,-1.27607181e+05,8.12618262e+03,1.71877629e+05,0.00000000e+00,2.59570901e+09
4.24000000e+03,1.77404873e+01,2.91975108e+33,-3.87171238e+38,1.27729960e+37,5.12377841e+38,7.36454084e+46,2.29398462e+47,8.25456950e+46,4.41768279e+48,1.81767946e+52,1.81846496e+52,-6.72739396e+51,1.48209526e+52,-3.71723597e+05,-3.03240312e+05,-1.02186719e+05,-1.32604194e+05,4.37468662e+03,1.75486823e+05,0.00000000e+00,2.59732355e+09
4.25000000e+03,1.77749246e+01,2.91975415e+33,-4.00514346e+38,3.85892790e+36,5.23325425e+38,7.35783375e+46,2.30165666e+47,8.46888283e+46,4.41730941e+48,1.81893272e+52,1.81971893e+52,-6.73406077e+51,1.48301589e+52,-3.78516028e+05,-3.05786418e+05,-9.66382370e+04,-1.37173997e+05,1.32166193e+03,1.79236127e+05,0.00000000e+00,2.60436851e+09
4.26000000e+03,1.78097969e+01,2.91975715e+33,-4.12298172e+38,-3.45799079e+36,5.34428395e+38,7.34636648e+46,2.30951333e+47,8.68671615e+46,4.43201292e+48,1.82023768e+52,1.82102592e+52,-6.74562484e+51,1.48374468e+52,-3.85641510e+05,-3.08435307e+05,-9.08191754e+04,-1.41209748e+05,-1.18434192e+03,1.83038646e+05,0.00000000e+00,2.61791440e+09
4.27000000e+03,1.78448435e+01,2.91976032e+33,-4.22598874e+38,-8.52875840e+36,5.45648800e+38,7.33453497e+46,2.31665989e+47,8.90271923e+46,4.45878729e+48,1.82159044e+52,1.82238236e+52,-6.76205573e+51,1.48427957e+52,-3.92955161e+05,-3.11130661e+05,-8.48131160e+04,-1.44737522e+05,-2.92104744e+03,1.86881367e+05,0.00000000e+00,2.63595855e+09
4.28000000e+03,1.78800656e+01,2.91976353e+33,-4.31260482e+38,-1.18033557e+37,5.57039450e+38,7.32022630e+46,2.32379260e+47,9.11878535e+46,4.49747713e+48,1.82299470e+52,1.82379155e+52,-6.78323371e+51,1.48462987e+52,-4.00495247e+05,-3.13893169e+05,-7.86023399e+04,-1.47703908e+05,-4.04257249e+03,1.90782385e+05,0.00000000e+00,2.66017311e+09
4.29000000e+03,1.79155489e+01,2.91976662e+33,-4.37901753e+38,-1.35926470e+37,5.68568899e+38,7.30532765e+46,2.33095547e+47,9.32588923e+46,4.54732535e+48,1.82445620e+52,1.82525886e+52,-6.80913983e+51,1.48480187e+52,-4.08322539e+05,-3.16689438e+05,-7.21216468e+04,-1.49978340e+05,-4.65538816e+03,1.94730940e+05,0.00000000e+00,2.69087097e+09
4.30000000e+03,1.79508227e+01,2.91976984e+33,-4.42753388e+38,-1.37359871e+37,5.80104794e+38,7.28593873e+46,2.33861110e+47,9.52764979e+46,4.60262329e+48,1.82595424e+52,1.82676353e+52,-6.83922869e+51,1.48480210e+52,-4.16205348e+05,-3.19510661e+05,-6.55290943e+04,-1.51639825e+05,-4.70447600e+03,1.98681686e+05,0.00000000e+00,2.72492667e+09
4.31000000e+03,1.79841962e+01,2.91977272e+33,-4.45035658e+38,-1.18623604e+37,5.91229067e+38,7.26640964e+46,2.34641607e+47,9.71628467e+46,4.66202617e+48,1.82742040e+52,1.82823632e+52,-6.87136956e+51,1.48466784e+52,-4.23857202e+05,-3.22219733e+05,-5.90957781e+04,-1.52421335e+05,-4.06276842e+03,2.02491469e+05,0.00000000e+00,2.76299765e+09
4.32000000e+03,1.80183942e+01,2.91977561e+33,-4.45469284e+38,-8.05978548e+36,6.02664295e+38,7.24419503e+46,2.35501055e+47,9.90269413e+46,4.72568498e+48,1.82897278e+52,1.82979567e+52,-6.90777802e+51,1.48440677e+52,-4.31880181e+05,-3.25059785e+05,-5.22707324e+04,-1.52569698e+05,-2.76041264e+03,2.06407744e+05,0.00000000e+00,2.80761134e+09
4.33000000e+03,1.80534693e+01,2.91977879e+33,-4.44207224e+38,-1.90059225e+36,6.14804010e+38,7.20704384e+46,2.36438611e+47,1.00907188e+47,4.78740421e+48,1.83061138e+52,1.83144170e+52,-6.94840712e+51,1.48402135e+52,-4.40157872e+05,-3.27945229e+05,-4.51045453e+04,-1.52137287e+05,-6.50937071e+02,2.10565271e+05,0.00000000e+00,2.85573063e+09
4.34000000e+03,1.80881594e+01,2.91978175e+33,-4.41071646e+38,6.09469781e+36,6.27317875e+38,7.16906865e+46,2.37393249e+47,1.02878676e+47,4.85048552e+48,1.83227926e+52,1.83311689e+52,-6.99127894e+51,1.48355295e+52,-4.48492341e+05,-3.30795840e+05,-3.77849568e+04,-1.51063224e+05,2.08738129e+03,2.14850947e+05,0.00000000e+00,2.90691212e+09
4.35000000e+03,1.81223167e+01,2.91978477e+33,-4.36559988e+38,1.57140394e+37,6.39727198e+38,7.11747521e+46,2.38328968e+47,1.04977815e+47,4.90530679e+48,1.83397168e+52,1.83481628e+52,-7.03575947e+51,1.48302830e+52,-4.56810649e+05,-3.33568257e+05,-3.02791186e+04,-1.49517866e+05,5.38191705e+03,2.19100806e+05,0.00000000e+00,2.96364554e+09
4.36000000e+03,1.81554681e+01,2.91978762e+33,-4.31010714e+38,2.71046964e+37,6.51517621e+38,7.06186526e+46,2.39202535e+47,1.07025477e+47,4.95393009e+48,1.83565445e+52,1.83650547e+52,-7.08050484e+51,1.48248023e+52,-4.64917454e+05,-3.36181627e+05,-2.27626867e+04,-1.47617145e+05,9.28310546e+03,2.23138703e+05,0.00000000e+00,3.01911826e+09
4.37000000e+03,1.81884738e+01,2.91979031e+33,-4.24117426e+38,4.03334321e+37,6.63549795e+38,7.00479618e+46,2.40093218e+47,1.09021644e+47,4.99685985e+48,1.83736788e+52,1.83822474e+52,-7.12608607e+51,1.48192044e+52,-4.73091240e+05,-3.38735776e+05,-1.50252986e+04,-1.45256125e+05,1.38138112e+04,2.27259400e+05,0.00000000e+00,3.07604554e+09
4.38000000e+03,1.82208598e+01,2.91979275e+33,-4.15990930e+38,5.43207080e+37,6.75382812e+38,6.94844240e+46,2.41021270e+47,1.10943830e+47,5.03209303e+48,1.83908734e+52,1.83994917e+52,-7.17135089e+51,1.48138162e+52,-4.81442558e+05,-3.41300634e+05,-7.05006473e+03,-1.42472759e+05,1.86043027e+04,2.31311901e+05,0.00000000e+00,3.13866342e+09
4.39000000e+03,1.82532146e+01,2.91979547e+33,-4.06796106e+38,6.93957532e+37,6.87123595e+38,6.88606480e+46,2.42034125e+47,1.12911174e+47,5.05060783e+48,1.84083233e+52,1.84169844e+52,-7.21650593e+51,1.48087315e+52,-4.89392457e+05,-3.43646635e+05,8.87088871e+02,-1.39323494e+05,2.37673337e+04,2.35332784e+05,0.00000000e+00,3.19511686e+09
4.40000000e+03,1.82859124e+01,2.91979824e+33,-3.96379597e+38,8.55168004e+37,6.99169992e+38,6.82026425e+46,2.43164058e+47,1.14912375e+47,5.06210976e+48,1.84262296e+52,1.84349316e+52,-7.26119146e+51,1.48043359e+52,-4.97237862e+05,-3.45904321e+05,9.03828584e+03,-1.35755817e+05,2.92885992e+04,2.39458324e+05,0.00000000e+00,3.25372723e+09
4.41000000e+03,1.83181304e+01,2.91980066e+33,-3.85268332e+38,1.01964441e+38,7.11252415e+38,6.75878710e+46,2.44275273e+47,1.16867528e+47,5.07021429e+48,1.84440079e+52,1.84527428e+52,-7.30369974e+51,1.48008929e+52,-5.05048803e+05,-3.48114824e+05,1.73949948e+04,-1.31950217e+05,3.49217130e+04,2.43596223e+05,0.00000000e+00,3.30909359e+09
4.42000000e+03,1.83449950e+01,2.91980224e+33,-3.75459187e+38,1.16109410e+38,7.21456852e+38,6.71305747e+46,2.45125983e+47,1.18564644e+47,5.07832560e+48,1.84589180e+52,1.84676717e+52,-7.33763753e+51,1.47988529e+52,-5.11861965e+05,-3.50159207e+05,2.47929896e+04,-1.28590622e+05,3.97661899e+04,2.47090999e+05,0.00000000e+00,3.34648751e+09
4.43000000e+03,1.83670445e+01,2.91980341e+33,-3.66760734e+38,1.28326314e+38,7.30172198e+38,6.67243585e+46,2.45852311e+47,1.20001898e+47,5.08253852e+48,1.84713483e+52,1.84801137e+52,-7.36437973e+51,1.47979239e+52,-5.17970389e+05,-3.52213221e+05,3.14253118e+04,-1.25611448e+05,4.39503269e+04,2.50075808e+05,0.00000000e+00,3.38943598e+09
4.44000000e+03,1.83824936e+01,2.91980396e+33,-3.60415948e+38,1.37024703e+38,7.36295860e+38,6.64716772e+46,2.46409615e+47,1.21036806e+47,5.08785465e+48,1.84800267e+52,1.84887955e+52,-7.38237001e+51,1.47976105e+52,-5.22585710e+05,-3.53917245e+05,3.64291990e+04,-1.23438406e+05,4.69294188e+04,2.52173046e+05,0.00000000e+00,3.40839044e+09
4.45000000e+03,1.83949716e+01,2.91980436e+33,-3.55142678e+38,1.44246512e+38,7.41232114e+38,6.62368446e+46,2.46906247e+47,1.21898502e+47,5.09172960e+48,1.84870712e+52,1.84958419e+52,-7.39645346e+51,1.47976151e+52,-5.26584725e+05,-3.55487504e+05,4.07610347e+04,-1.21632354e+05,4.94028002e+04,2.53863623e+05,0.00000000e+00,3.43017503e+09
4.46000000e+03,1.84082824e+01,2.91980478e+33,-3.49431470e+38,1.52080960e+38,7.46536682e+38,6.59750720e+46,2.47465386e+47,1.22824559e+47,5.09307784e+48,1.84945869e+52,1.85033570e+52,-7.41102486e+51,1.47978446e+52,-5.31098410e+05,-3.57282466e+05,4.56377589e+04,-1.19676313e+05,5.20860030e+04,2.55680341e+05,0.00000000e+00,3.45432895e+09
4.47000000e+03,1.84254748e+01,2.91980551e+33,-3.41873405e+38,1.62165191e+38,7.53413519e+38,6.56218221e+46,2.48194771e+47,1.23999001e+47,5.08087017e+48,1.85042746e+52,1.85130371e+52,-7.42911662e+51,1.47984788e+52,-5.36649173e+05,-3.59390004e+05,5.18365744e+04,-1.17087732e+05,5.55397236e+04,2.58035515e+05,0.00000000e+00,3.48776478e+09
4.48000000e+03,1.84464040e+01,2.91980666e+33,-3.32451421e+38,1.74496728e+38,7.61844709e+38,6.52373270e+46,2.49010002e+47,1.25369081e+47,5.05469915e+48,1.85160843e+52,1.85248343e+52,-7.44968154e+51,1.47999935e+52,-5.42570860e+05,-3.61484147e+05,5.89012428e+04,-1.13860765e+05,5.97631106e+04,2.60922999e+05,0.00000000e+00,3.52307884e+09
4.49000000e+03,1.84755149e+01,2.91980888e+33,-3.19059321e+38,1.91573495e+38,7.73580364e+38,6.48124676e+46,2.50002061e+47,1.27213698e+47,5.00513990e+48,1.85323440e+52,1.85410826e+52,-7.47489208e+51,1.48036366e+52,-5.49060707e+05,-3.63148770e+05,6.75382691e+04,-1.09274043e+05,6.56116559e+04,2.64942123e+05,0.00000000e+00,3.55244017e+09
4.50000000e+03,1.85037330e+01,2.91981096e+33,-3.05991251e+38,2.07600170e+38,7.85092927e+38,6.45342861e+46,2.50854489e+47,1.28956482e+47,4.96897413e+48,1.85479625e+52,1.85567016e+52,-7.49497368e+51,1.48092148e+52,-5.54914097e+05,-3.64412082e+05,7.57099113e+04,-1.04798309e+05,7.11005517e+04,2.68884848e+05,0.00000000e+00,3.57750246e+09
4.51000000e+03,1.85330731e+01,2.91981311e+33,-2.92792484e+38,2.23589520e+38,7.97036746e+38,6.43742176e+46,2.51674740e+47,1.30750676e+47,4.93414434e+48,1.85640872e+52,1.85728310e+52,-7.51151825e+51,1.48170718e+52,-5.61033037e+05,-3.65729204e+05,8.44938593e+04,-1.00277817e+05,7.65766547e+04,2.72975261e+05,0.00000000e+00,3.60423454e+09
4.52000000e+03,1.85640812e+01,2.91981537e+33,-2.79475519e+38,2.39806933e+38,8.09631649e+38,6.45167733e+46,2.52330391e+47,1.32659373e+47,4.89719590e+48,1.85807833e+52,1.85895325e+52,-7.52396082e+51,1.48275520e+52,-5.67114523e+05,-3.66627131e+05,9.37455630e+04,-9.57168461e+04,8.21308549e+04,2.77288645e+05,0.00000000e+00,3.61668019e+09
4.53000000e+03,1.85921655e+01,2.91981745e+33,-2.67767652e+38,2.53904800e+38,8.20887435e+38,6.47811481e+46,2.52752036e+47,1.34341758e+47,4.86681912e+48,1.85957951e+52,1.86045537e+52,-7.53063363e+51,1.48392369e+52,-5.72553594e+05,-3.67296550e+05,1.02235223e+05,-9.17069840e+04,8.69591350e+04,2.81143411e+05,0.00000000e+00,3.63005713e+09
4.54000000e+03,1.86152185e+01,2.91981886e+33,-2.58399334e+38,2.65360517e+38,8.30140677e+38,6.51813183e+46,2.53014206e+47,1.35669886e+47,4.84811961e+48,1.86078186e+52,1.86165808e+52,-7.53272856e+51,1.48502165e+52,-5.77046166e+05,-3.67823687e+05,1.09369552e+05,-8.84984124e+04,9.08825272e+04,2.84312389e+05,0.00000000e+00,3.63226187e+09
4.55000000e+03,1.86362004e+01,2.91981998e+33,-2.49840698e+38,2.76061171e+38,8.38506907e+38,6.56321619e+46,2.53222084e+47,1.36806788e+47,4.83271822e+48,1.86185995e+52,1.86273605e+52,-7.53206135e+51,1.48613298e+52,-5.81183548e+05,-3.68297007e+05,1.16068634e+05,-8.55671579e+04,9.45473258e+04,2.87177604e+05,0.00000000e+00,3.63152243e+09
4.56000000e+03,1.86563388e+01,2.91982102e+33,-2.41254794e+38,2.86493284e+38,8.46522829e+38,6.61283625e+46,2.53368757e+47,1.37824838e+47,4.81656389e+48,1.86288830e+52,1.86376398e+52,-7.52919652e+51,1.48730415e+52,-5.85114286e+05,-3.68689790e+05,1.22655768e+05,-8.26265693e+04,9.81201524e+04,2.89922849e+05,0.00000000e+00,3.63156738e+09
4.57000000e+03,1.86843343e+01,2.91982310e+33,-2.29114488e+38,2.99893612e+38,8.57655503e+38,6.68436320e+46,2.53479515e+47,1.39343005e+47,4.77892480e+48,1.86429549e+52,1.86517131e+52,-7.52176075e+51,1.48908327e+52,-5.89936672e+05,-3.68602438e+05,1.31584734e+05,-7.84686197e+04,1.02709514e+05,2.93735433e+05,0.00000000e+00,3.62611089e+09
4.58000000e+03,1.87144297e+01,2.91982524e+33,-2.17187896e+38,3.11343144e+38,8.70002551e+38,6.77618607e+46,2.53480283e+47,1.41061798e+47,4.74490146e+48,1.86573566e+52,1.86661154e+52,-7.50866328e+51,1.49117837e+52,-5.94601287e+05,-3.67873733e+05,1.40873682e+05,-7.43838682e+04,1.06630746e+05,2.97963912e+05,0.00000000e+00,3.60156858e+09
4.59000000e+03,1.87431736e+01,2.91982740e+33,-2.07609779e+38,3.19731148e+38,8.82147986e+38,6.87743895e+46,2.53381554e+47,1.42796285e+47,4.71356897e+48,1.86708890e+52,1.86796512e+52,-7.49174983e+51,1.49337763e+52,-5.98843663e+05,-3.66906049e+05,1.49835115e+05,-7.11034423e+04,1.09503441e+05,3.02123333e+05,0.00000000e+00,3.58003169e+09
4.60000000e+03,1.87665098e+01,2.91982869e+33,-2.00648042e+38,3.24936442e+38,8.92135355e+38,6.97126433e+46,2.53264495e+47,1.44168729e+47,4.69466097e+48,1.86814450e+52,1.86901953e+52,-7.47494690e+51,1.49527218e+52,-6.02296501e+05,-3.66055436e+05,1.57268108e+05,-6.87191143e+04,1.11286132e+05,3.05543732e+05,0.00000000e+00,3.55377975e+09
4.61000000e+03,1.87889571e+01,2.91983003e+33,-1.94175806e+38,3.28993337e+38,9.01528569e+38,7.06246449e+46,2.53083656e+47,1.45487034e+47,4.67167508e+48,1.86914196e+52,1.87001567e+52,-7.45670897e+51,1.49718022e+52,-6.05601485e+05,-3.65186823e+05,1.64593265e+05,-6.65024348e+04,1.12675510e+05,3.08760633e+05,0.00000000e+00,3.53280370e+09
4.62000000e+03,1.88113969e+01,2.91983137e+33,-1.88044261e+38,3.32028144e+38,9.10796826e+38,7.15903355e+46,2.52815247e+47,1.46832159e+47,4.64614260e+48,1.87011146e+52,1.87098342e+52,-7.43649608e+51,1.49915861e+52,-6.08808465e+05,-3.64175157e+05,1.71879106e+05,-6.44024387e+04,1.13714836e+05,3.11934735e+05,0.00000000e+00,3.50393567e+09
4.63000000e+03,1.88345876e+01,2.91983280e+33,-1.82081441e+38,3.34172686e+38,9.20250498e+38,7.26385840e+46,2.52458766e+47,1.48228650e+47,4.61695198e+48,1.87108613e+52,1.87195597e+52,-7.41365546e+51,1.50127319e+52,-6.12073429e+05,-3.63004661e+05,1.79395074e+05,-6.23602287e+04,1.14449254e+05,3.15172328e+05,0.00000000e+00,3.47283584e+09
4.64000000e+03,1.88571211e+01,2.91983397e+33,-1.76724998e+38,3.35127205e+38,9.29365294e+38,7.37571664e+46,2.52094937e+47,1.49559801e+47,4.58926846e+48,1.87200714e+52,1.87287398e+52,-7.38963187e+51,1.50339238e+52,-6.15305298e+05,-3.61825397e+05,1.86778198e+05,-6.05257010e+04,1.14776117e+05,3.18293883e+05,0.00000000e+00,3.43946876e+09
4.65000000e+03,1.88795883e+01,2.91983525e+33,-1.71434495e+38,3.35346892e+38,9.38157725e+38,7.48769148e+46,2.51693809e+47,1.50884475e+47,4.55701512e+48,1.87290375e+52,1.87376746e+52,-7.36420944e+51,1.50555699e+52,-6.18519114e+05,-3.60588319e+05,1.94228155e+05,-5.87137562e+04,1.14851306e+05,3.21305020e+05,0.00000000e+00,3.40662897e+09
4.66000000e+03,1.89015147e+01,2.91983646e+33,-1.66366013e+38,3.34589575e+38,9.46690985e+38,7.59788642e+46,2.51282085e+47,1.52160534e+47,4.52272508e+48,1.87375645e+52,1.87461656e+52,-7.33807379e+51,1.50771287e+52,-6.21657880e+05,-3.59327269e+05,2.01509734e+05,-5.69778533e+04,1.14591889e+05,3.24227401e+05,0.00000000e+00,3.37043298e+09
4.67000000e+03,1.89223692e+01,2.91983762e+33,-1.61634137e+38,3.32817517e+38,9.54654604e+38,7.70270095e+46,2.50878597e+47,1.53287651e+47,4.48706071e+48,1.87454847e+52,1.87540480e+52,-7.31222673e+51,1.50979347e+52,-6.24664545e+05,-3.58103927e+05,2.08473865e+05,-5.53572350e+04,1.13984940e+05,3.26954690e+05,0.00000000e+00,3.33596888e+09
4.68000000e+03,1.89420777e+01,2.91983861e+33,-1.57812874e+38,3.29949583e+38,9.62296704e+38,7.80643094e+46,2.50514032e+47,1.54270046e+47,4.45207520e+48,1.87527877e+52,1.87613088e+52,-7.28707568e+51,1.51177710e+52,-6.27552847e+05,-3.56951232e+05,2.15085268e+05,-5.40484920e+04,1.13002678e+05,3.29571881e+05,0.00000000e+00,3.30053346e+09
4.69000000e+03,1.89568111e+01,2.91983912e+33,-1.55384069e+38,3.26950434e+38,9.68099915e+38,7.88775817e+46,2.50263151e+47,1.54928859e+47,4.42732136e+48,1.87581314e+52,1.87666129e+52,-7.26790029e+51,1.51326627e+52,-6.29867823e+05,-3.56151840e+05,2.20104254e+05,-5.32166543e+04,1.11975496e+05,3.31559334e+05,0.00000000e+00,3.27186618e+09
4.70000000e+03,1.89691272e+01,2.91983955e+33,-1.53601296e+38,3.24074960e+38,9.72969567e+38,7.95441591e+46,2.50061049e+47,1.55454311e+47,4.40533465e+48,1.87625593e+52,1.87710065e+52,-7.25179453e+51,1.51451092e+52,-6.31890142e+05,-3.55536315e+05,2.24403216e+05,-5.26060743e+04,1.10990674e+05,3.33227066e+05,0.00000000e+00,3.25058709e+09
4.71000000e+03,1.89812236e+01,2.91983997e+33,-1.52010105e+38,3.20795563e+38,9.77758582e+38,8.02000160e+46,2.49891816e+47,1.55972194e+47,4.38211924e+48,1.87668572e+52,1.87752690e+52,-7.23596154e+51,1.51572883e+52,-6.33913507e+05,-3.54967959e+05,2.28699307e+05,-5.20611086e+04,1.09867516e+05,3.34867182e+05,0.00000000e+00,3.23075410e+09
4.72000000e+03,1.89930444e+01,2.91984036e+33,-1.50519254e+38,3.17302008e+38,9.82336752e+38,8.08263361e+46,2.49756725e+47,1.56479766e+47,4.35795733e+48,1.87710265e+52,1.87794020e+52,-7.22051309e+51,1.51691455e+52,-6.35907588e+05,-3.54437677e+05,2.32935053e+05,-5.15505080e+04,1.08671012e+05,3.36435089e+05,0.00000000e+00,3.21101551e+09
4.73000000e+03,1.90046204e+01,2.91984075e+33,-1.49119222e+38,3.13708719e+38,9.86815335e+38,8.14595435e+46,2.49647506e+47,1.56975105e+47,4.33296535e+48,1.87750653e+52,1.87834038e+52,-7.20543644e+51,1.51806856e+52,-6.37876932e+05,-3.53934554e+05,2.37097762e+05,-5.10710121e+04,1.07440353e+05,3.37968890e+05,0.00000000e+00,3.19127234e+09
4.74000000e+03,1.90159969e+01,2.91984111e+33,-1.47763378e+38,3.09991006e+38,9.91139633e+38,8.20797636e+46,2.49533761e+47,1.57440542e+47,4.30730090e+48,1.87789982e+52,1.87872991e+52,-7.19069512e+51,1.51919516e+52,-6.39828956e+05,-3.53450907e+05,2.41197185e+05,-5.06066501e+04,1.06167080e+05,3.39449852e+05,0.00000000e+00,3.17180743e+09
4.75000000e+03,1.90274554e+01,2.91984149e+33,-1.46419305e+38,3.06028803e+38,9.95403877e+38,8.26973274e+46,2.49415638e+47,1.57885917e+47,4.28046045e+48,1.87829278e+52,1.87911900e+52,-7.17595011e+51,1.52032149e+52,-6.41810861e+05,-3.52970502e+05,2.45336972e+05,-5.01463198e+04,1.04810074e+05,3.40910245e+05,0.00000000e+00,3.15250203e+09
4.76000000e+03,1.90399151e+01,2.91984193e+33,-1.45048561e+38,3.01535828e+38,9.99996039e+38,8.33794993e+46,2.49285472e+47,1.58365096e+47,4.24981982e+48,1.87871666e+52,1.87953863e+52,-7.16006823e+51,1.52153522e+52,-6.43963773e+05,-3.52451115e+05,2.49850922e+05,-4.96768539e+04,1.03271285e+05,3.42482937e+05,0.00000000e+00,3.13262412e+09
4.77000000e+03,1.90546343e+01,2.91984250e+33,-1.43494317e+38,2.95754785e+38,1.00542774e+39,8.42190508e+46,2.49132963e+47,1.58913168e+47,4.21165229e+48,1.87921350e+52,1.88003042e+52,-7.14153656e+51,1.52295359e+52,-6.46478711e+05,-3.51833987e+05,2.55183831e+05,-4.91445403e+04,1.01291349e+05,3.44343144e+05,0.00000000e+00,3.10980402e+09
4.78000000e+03,1.90730010e+01,2.91984337e+33,-1.41693481e+38,2.88218319e+38,1.01198345e+39,8.52882418e+46,2.48920885e+47,1.59601263e+47,4.16056094e+48,1.87982680e+52,1.88063754e+52,-7.11881378e+51,1.52469685e+52,-6.49505113e+05,-3.51034871e+05,2.61795335e+05,-4.85277677e+04,9.87101988e+04,3.46588266e+05,0.00000000e+00,3.08206976e+09
4.79000000e+03,1.90922094e+01,2.91984436e+33,-1.39602837e+38,2.79746775e+38,1.01865130e+39,8.64388973e+46,2.48701949e+47,1.60278417e+47,4.10588591e+48,1.88045990e+52,1.88126424e+52,-7.09550903e+51,1.52648879e+52,-6.52555060e+05,-3.50184018e+05,2.68657674e+05,-4.78117392e+04,9.58087967e+04,3.48871781e+05,0.00000000e+00,3.05098588e+09
4.80000000e+03,1.91118789e+01,2.91984540e+33,-1.37547640e+38,2.70439007e+38,1.02522557e+39,8.76607522e+46,2.48524643e+47,1.60958846e+47,4.05004754e+48,1.88110172e+52,1.88189948e+52,-7.07216664e+51,1.52829115e+52,-6.55629695e+05,-3.49339555e+05,2.75701790e+05,-4.71078503e+04,9.26210020e+04,3.51123237e+05,0.00000000e+00,3.02044817e+09
4.81000000e+03,1.91322902e+01,2.91984652e+33,-1.35526127e+38,2.60302679e+38,1.03195292e+39,8.89827162e+46,2.48377400e+47,1.61636667e+47,3.99212230e+48,1.88176322e+52,1.88255414e+52,-7.04860612e+51,1.53012383e+52,-6.58794415e+05,-3.48493003e+05,2.83078431e+05,-4.64154968e+04,8.91494390e+04,3.53427113e+05,0.00000000e+00,2.99064246e+09
4.82000000e+03,1.91535199e+01,2.91984772e+33,-1.33567867e+38,2.49245943e+38,1.03884965e+39,9.04090431e+46,2.48221460e+47,1.62313234e+47,3.93176800e+48,1.88244528e+52,1.88322909e+52,-7.02493073e+51,1.53198256e+52,-6.62044466e+05,-3.47655105e+05,2.90813573e+05,-4.57448057e+04,8.53626514e+04,3.55788982e+05,0.00000000e+00,2.96069038e+09
4.83000000e+03,1.91754845e+01,2.91984895e+33,-1.31649815e+38,2.37051934e+38,1.04572772e+39,9.18767911e+46,2.48083320e+47,1.62913769e+47,3.87026209e+48,1.88314528e+52,1.88392164e+52,-7.00143243e+51,1.53385002e+52,-6.65383595e+05,-3.46860306e+05,2.98880599e+05,-4.50878855e+04,8.11863689e+04,3.58144458e+05,0.00000000e+00,2.93028082e+09
4.84000000e+03,1.91981150e+01,2.91985031e+33,-1.29289793e+38,2.23868025e+38,1.05254123e+39,9.33771326e+46,2.47994589e+47,1.63453421e+47,3.80700592e+48,1.88386237e+52,1.88463123e+52,-6.97847390e+51,1.53570753e+52,-6.68751542e+05,-3.46108535e+05,3.07263385e+05,-4.42795964e+04,7.66710622e+04,3.60477804e+05,0.00000000e+00,2.90170397e+09
4.85000000e+03,1.92214806e+01,2.91985176e+33,-1.26331363e+38,2.10116286e+38,1.05953916e+39,9.49650677e+46,2.47950127e+47,1.63960279e+47,3.74339380e+48,1.88459934e+52,1.88536063e+52,-6.95622169e+51,1.53754955e+52,-6.72148293e+05,-3.45406979e+05,3.15957994e+05,-4.32663618e+04,7.19612854e+04,3.62874300e+05,0.00000000e+00,2.87327939e+09
4.86000000e+03,1.92453595e+01,2.91985327e+33,-1.22668942e+38,1.96398950e+38,1.06661137e+39,9.65840736e+46,2.47936103e+47,1.64409299e+47,3.68104407e+48,1.88535082e+52,1.88610466e+52,-6.93514257e+51,1.53934753e+52,-6.75568714e+05,-3.44784027e+05,3.24901034e+05,-4.20120229e+04,6.72632942e+04,3.65296223e+05,0.00000000e+00,2.84669695e+09
4.87000000e+03,1.92696517e+01,2.91985483e+33,-1.18647937e+38,1.82597679e+38,1.07361398e+39,9.82561262e+46,2.47974485e+47,1.64887643e+47,3.62088416e+48,1.88611485e+52,1.88686141e+52,-6.91555727e+51,1.54108355e+52,-6.79007246e+05,-3.44274092e+05,3.34069919e+05,-4.06348755e+04,6.25365607e+04,3.67694301e+05,0.00000000e+00,2.82228642e+09
4.88000000e+03,1.92947713e+01,2.91985649e+33,-1.14166599e+38,1.68498367e+38,1.08043548e+39,9.99970309e+46,2.48042749e+47,1.65379159e+47,3.56231689e+48,1.88690665e+52,1.88764614e+52,-6.89740128e+51,1.54277608e+52,-6.82510949e+05,-3.43881070e+05,3.43629914e+05,-3.91000720e+04,5.77077563e+04,3.70030337e+05,0.00000000e+00,2.80008317e+09
4.89000000e+03,1.93222408e+01,2.91985848e+33,-1.09140826e+38,1.53374814e+38,1.08773108e+39,1.01923069e+47,2.48113500e+47,1.65989899e+47,3.50225026e+48,1.88777861e+52,1.88851112e+52,-6.88010888e+51,1.54450567e+52,-6.86225819e+05,-3.43591712e+05,3.54156252e+05,-3.73788067e+04,5.25281672e+04,3.72528700e+05,0.00000000e+00,2.77925268e+09
4.90000000e+03,1.93520827e+01,2.91986080e+33,-1.03625701e+38,1.37285153e+38,1.09553969e+39,1.04005318e+47,2.48213292e+47,1.66768198e+47,3.44376103e+48,1.88872985e+52,1.88945583e+52,-6.86441878e+51,1.54623489e+52,-6.90095315e+05,-3.43433520e+05,3.65634159e+05,-3.54899456e+04,4.70177049e+04,3.75202713e+05,0.00000000e+00,2.75887719e+09
4.91000000e+03,1.93816653e+01,2.91986309e+33,-9.80080365e+37,1.21649691e+38,1.10308939e+39,1.06088858e+47,2.48365568e+47,1.67582741e+47,3.39577918e+48,1.88968143e+52,1.89040178e+52,-6.85211060e+51,1.54779625e+52,-6.93900660e+05,-3.43463992e+05,3.77173256e+05,-3.35659699e+04,4.16628066e+04,3.77788053e+05,0.00000000e+00,2.74290430e+09
4.92000000e+03,1.94110242e+01,2.91986534e+33,-9.19191990e+37,1.06696950e+38,1.11046574e+39,1.08179901e+47,2.48549152e+47,1.68398462e+47,3.35778008e+48,1.89063800e+52,1.89135356e+52,-6.84324603e+51,1.54919126e+52,-6.97678618e+05,-3.43662539e+05,3.88865075e+05,-3.14806295e+04,3.65417367e+04,3.80314026e+05,0.00000000e+00,2.73177809e+09
4.93000000e+03,1.94410510e+01,2.91986769e+33,-8.49003142e+37,9.26998776e+37,1.11791257e+39,1.10342944e+47,2.48787481e+47,1.69232962e+47,3.32811862e+48,1.89163087e+52,1.89234247e+52,-6.83776062e+51,1.55045444e+52,-7.01514527e+05,-3.43991711e+05,4.01042269e+05,-2.90767676e+04,3.17479720e+04,3.82864120e+05,0.00000000e+00,2.72453718e+09
4.94000000e+03,1.94723144e+01,2.91987023e+33,-7.69395630e+37,7.93650909e+37,1.12538514e+39,1.12619726e+47,2.49076273e+47,1.70069688e+47,3.30729077e+48,1.89268288e+52,1.89339158e+52,-6.83597440e+51,1.55159286e+52,-7.05453385e+05,-3.44486118e+05,4.13899175e+05,-2.63503364e+04,2.71810336e+04,3.85422997e+05,0.00000000e+00,2.72143251e+09
4.95000000e+03,1.95035915e+01,2.91987278e+33,-6.79498681e+37,6.71107538e+37,1.13232005e+39,1.14881214e+47,2.49424382e+47,1.70894274e+47,3.29853011e+48,1.89375492e+52,1.89446192e+52,-6.83819659e+51,1.55255209e+52,-7.09387786e+05,-3.45194075e+05,4.26986511e+05,-2.32715167e+04,2.29841363e+04,3.87797734e+05,0.00000000e+00,2.72297820e+09
4.96000000e+03,1.95343016e+01,2.91987524e+33,-5.83500623e+37,5.63698876e+37,1.13864468e+39,1.17024621e+47,2.49828777e+47,1.71675824e+47,3.30193768e+48,1.89482993e+52,1.89553635e+52,-6.84425869e+51,1.55332341e+52,-7.13309097e+05,-3.46083241e+05,4.40191187e+05,-1.99837519e+04,1.93055809e+04,3.89963470e+05,0.00000000e+00,2.72991018e+09
4.97000000e+03,1.95646591e+01,2.91987764e+33,-4.82156104e+37,4.71780618e+37,1.14465729e+39,1.19154904e+47,2.50344775e+47,1.72412354e+47,3.31560576e+48,1.89591630e+52,1.89662311e+52,-6.85395331e+51,1.55392545e+52,-7.17243189e+05,-3.47121886e+05,4.53621965e+05,-1.65128873e+04,1.61575476e+04,3.92022348e+05,0.00000000e+00,2.74136099e+09
4.98000000e+03,1.95947258e+01,2.91988000e+33,-3.73769027e+37,4.01296555e+37,1.15073232e+39,1.21277829e+47,2.50914510e+47,1.73086959e+47,3.33838339e+48,1.89701899e+52,1.89772711e+52,-6.86704988e+51,1.55437461e+52,-7.21185324e+05,-3.48320792e+05,4.67285351e+05,-1.28008352e+04,1.37435975e+04,3.94102608e+05,0.00000000e+00,2.75669591e+09
4.99000000e+03,1.96244633e+01,2.91988219e+33,-2.59621267e+37,3.53332428e+37,1.15669739e+39,1.23393188e+47,2.51587381e+47,1.73746897e+47,3.37083020e+48,1.89813900e+52,1.89884913e+52,-6.88330821e+51,1.55468372e+52,-7.25270113e+05,-3.49695940e+05,4.81372827e+05,-8.89149800e+03,1.21009138e+04,3.96145226e+05,0.00000000e+00,2.77613058e+09
5.00000000e+03,1.96535818e+01,2.91988441e+33,-1.40929178e+37,3.28147420e+37,1.16200293e+39,1.25388920e+47,2.52299020e+47,1.74478242e+47,3.40912811e+48,1.89926263e+52,1.89997556e+52,-6.90236687e+51,1.55485722e+52,-7.29182564e+05,-3.51138095e+05,4.95389468e+05,-4.82653276e+03,1.12383702e+04,3.97961963e+05,0.00000000e+00,2.79775282e+09
5.01000000e+03,1.96812004e+01,2.91988641e+33,-2.01784994e+36,3.20957518e+37,1.16667993e+39,1.27255623e+47,2.53023916e+47,1.75191568e+47,3.45397756e+48,1.90035544e+52,1.90107161e+52,-6.92319285e+51,1.55491197e+52,-7.33011226e+05,-3.52593817e+05,5.09100506e+05,-6.91071383e+02,1.09921234e+04,3.99563465e+05,0.00000000e+00,2.82223294e+09
5.02000000e+03,1.97070845e+01,2.91988817e+33,1.02028293e+37,3.31589739e+37,1.17055204e+39,1.29003259e+47,2.53756312e+47,1.75839167e+47,3.50240040e+48,1.90140411e+52,1.90212372e+52,-6.94513602e+51,1.55486692e+52,-7.36812497e+05,-3.54046366e+05,5.22500781e+05,3.49425345e+03,1.13562479e+04,4.00889340e+05,0.00000000e+00,2.84799870e+09
5.03000000e+03,1.97280371e+01,2.91988920e+33,2.07990101e+37,3.49781434e+37,1.17347624e+39,1.30407167e+47,2.54393759e+47,1.76293904e+47,3.55253557e+48,1.90227221e+52,1.90299474e+52,-6.96457741e+51,1.55476587e+52,-7.40580806e+05,-3.55356996e+05,5.34364090e+05,7.12321895e+03,1.19792708e+04,4.01890675e+05,0.00000000e+00,2.87092237e+09
5.04000000e+03,1.97445822e+01,2.91988988e+33,2.96676593e+37,3.72902506e+37,1.17580358e+39,1.31506692e+47,2.54946833e+47,1.76598666e+47,3.59438737e+48,1.90297253e+52,1.90369737e+52,-6.98110581e+51,1.55464208e+52,-7.44308007e+05,-3.56540219e+05,5.44677212e+05,1.01605405e+04,1.27711154e+04,4.02687645e+05,0.00000000e+00,2.89178331e+09
5.05000000e+03,1.97592694e+01,2.91989044e+33,3.77749708e+37,3.97551767e+37,1.17770518e+39,1.32479148e+47,2.55472168e+47,1.76821450e+47,3.62959936e+48,1.90360481e+52,1.90433148e+52,-6.99670061e+51,1.55449645e+52,-7.48114548e+05,-3.57667190e+05,5.54379927e+05,1.29371192e+04,1.36152974e+04,4.03338826e+05,0.00000000e+00,2.91315380e+09
5.06000000e+03,1.97737158e+01,2.91989097e+33,4.60419204e+37,4.24049942e+37,1.17942432e+39,1.33442237e+47,2.55999587e+47,1.77042854e+47,3.66295591e+48,1.90423536e+52,1.90496368e+52,-7.01287059e+51,1.55432015e+52,-7.52147199e+05,-3.58834687e+05,5.64217277e+05,1.57683698e+04,1.45228005e+04,4.03927522e+05,0.00000000e+00,2.93356056e+09
5.07000000e+03,1.97859065e+01,2.91989139e+33,5.32926778e+37,4.50285756e+37,1.18071187e+39,1.34269958e+47,2.56452466e+47,1.77218656e+47,3.69094773e+48,1.90477470e+52,1.90550438e+52,-7.02712958e+51,1.55414790e+52,-7.55717719e+05,-3.59854732e+05,5.72708231e+05,1.82515959e+04,1.54213187e+04,4.04368421e+05,0.00000000e+00,2.95294468e+09
5.08000000e+03,1.97991339e+01,2.91989188e+33,6.13236222e+37,4.81993857e+37,1.18196606e+39,1.35176283e+47,2.56938495e+47,1.77427497e+47,3.71990210e+48,1.90536612e+52,1.90609726e+52,-7.04320330e+51,1.55393710e+52,-7.59578820e+05,-3.60967944e+05,5.81919584e+05,2.10020181e+04,1.65072502e+04,4.04797885e+05,0.00000000e+00,2.97395609e+09
5.09000000e+03,1.98129338e+01,2.91989241e+33,6.99195086e+37,5.18532967e+37,1.18317315e+39,1.36148845e+47,2.57455991e+47,1.77662016e+47,3.75028543e+48,1.90599062e+52,1.90672339e+52,-7.06058072e+51,1.55369435e+52,-7.63511721e+05,-3.62127198e+05,5.91490007e+05,2.39459195e+04,1.77586327e+04,4.05211216e+05,0.00000000e+00,2.99623804e+09
5.10000000e+03,1.98269664e+01,2.91989296e+33,7.89553737e+37,5.58098144e+37,1.18422431e+39,1.37146003e+47,2.57983618e+47,1.77916973e+47,3.78211357e+48,1.90663400e+52,1.90736857e+52,-7.07882160e+51,1.55342749e+52,-7.67391390e+05,-3.63299800e+05,6.01172845e+05,2.70405028e+04,1.91136508e+04,4.05571137e+05,0.00000000e+00,3.01910715e+09
5.11000000e+03,1.98405172e+01,2.91989343e+33,8.79210289e+37,5.99454940e+37,1.18516257e+39,1.38110499e+47,2.58489331e+47,1.78165703e+47,3.81536325e+48,1.90726360e+52,1.90800008e+52,-7.09692942e+51,1.55315361e+52,-7.71262262e+05,-3.64448152e+05,6.10693415e+05,3.01110404e+04,2.05300281e+04,4.05892407e+05,0.00000000e+00,3.04242081e+09
5.12000000e+03,1.98506739e+01,2.91989372e+33,9.47367566e+37,6.32158065e+37,1.18578563e+39,1.38846162e+47,2.58866958e+47,1.78349748e+47,3.84231217e+48,1.90774060e+52,1.90847862e+52,-7.11079914e+51,1.55293866e+52,-7.74305561e+05,-3.65318025e+05,6.17973945e+05,3.24452756e+04,2.16500368e+04,4.06105751e+05,0.00000000e+00,3.05910489e+09
5.13000000e+03,1.98607613e+01,2.91989402e+33,1.01639176e+38,6.67897731e+37,1.18640174e+39,1.39582011e+47,2.59253864e+47,1.78518150e+47,3.86747727e+48,1.90822008e+52,1.90895951e+52,-7.12484203e+51,1.55271741e+52,-7.77502456e+05,-3.66182273e+05,6.25359861e+05,3.48092003e+04,2.28740402e+04,4.06316714e+05,0.00000000e+00,3.07934171e+09
5.14000000e+03,1.98773399e+01,2.91989474e+33,1.13138899e+38,7.30313003e+37,1.18727094e+39,1.40774512e+47,2.59897312e+47,1.78847307e+47,3.89819798e+48,1.90901835e+52,1.90975957e+52,-7.14848650e+51,1.55233524e+52,-7.82384195e+05,-3.67500704e+05,6.37093539e+05,3.87475951e+04,2.50116209e+04,4.06614294e+05,0.00000000e+00,3.11126683e+09
5.15000000e+03,1.98954412e+01,2.91989563e+33,1.25727376e+38,8.02972089e+37,1.18807063e+39,1.42101028e+47,2.60573034e+47,1.79290880e+47,3.93125589e+48,1.90989853e+52,1.91064189e+52,-7.17488888e+51,1.55189745e+52,-7.87000783e+05,-3.68848078e+05,6.49350385e+05,4.30588595e+04,2.75000271e+04,4.06888047e+05,0.00000000e+00,3.14388606e+09
5.16000000e+03,1.99122126e+01,2.91989637e+33,1.37357617e+38,8.74179665e+37,1.18855895e+39,1.43328456e+47,2.61204530e+47,1.79703632e+47,3.96828457e+48,1.91072639e+52,1.91147221e+52,-7.19971534e+51,1.55148644e+52,-7.91086527e+05,-3.70154948e+05,6.60725812e+05,4.70419494e+04,2.99387223e+04,4.07055185e+05,0.00000000e+00,3.17516056e+09
5.17000000e+03,1.99292828e+01,2.91989712e+33,1.49222386e+38,9.49890359e+37,1.18898125e+39,1.44576128e+47,2.61869433e+47,1.80111762e+47,4.00555708e+48,1.91158061e+52,1.91232895e+52,-7.22532233e+51,1.55106283e+52,-7.95273718e+05,-3.71511987e+05,6.72399109e+05,5.11053574e+04,3.25316379e+04,4.07199707e+05,0.00000000e+00,3.20686073e+09
5.18000000e+03,1.99471405e+01,2.91989795e+33,1.61568525e+38,1.03245121e+38,1.18941646e+39,1.45883334e+47,2.62579005e+47,1.80539915e+47,4.04065335e+48,1.91248694e+52,1.91323764e+52,-7.25248262e+51,1.55061350e+52,-7.99793894e+05,-3.72919517e+05,6.84753402e+05,5.53336205e+04,3.53591540e+04,4.07348641e+05,0.00000000e+00,3.24346992e+09
5.19000000e+03,1.99657245e+01,2.91989880e+33,1.74354551e+38,1.12187197e+38,1.18992346e+39,1.47283362e+47,2.63310443e+47,1.81011509e+47,4.07658801e+48,1.91344216e+52,1.91419528e+52,-7.28105834e+51,1.55014236e+52,-8.04488411e+05,-3.74335308e+05,6.97640990e+05,5.97125322e+04,3.84216045e+04,4.07522159e+05,0.00000000e+00,3.28212151e+09
5.20000000e+03,1.99847341e+01,2.91989973e+33,1.87606382e+38,1.22174270e+38,1.19046167e+39,1.48721184e+47,2.64033811e+47,1.81520223e+47,4.10925323e+48,1.91443104e+52,1.91518643e+52,-7.31050642e+51,1.54966111e+52,-8.09107932e+05,-3.75716999e+05,7.10724111e+05,6.42509671e+04,4.18419401e+04,4.07706354e+05,0.00000000e+00,3.32020107e+09
5.21000000e+03,2.00057756e+01,2.91990086e+33,2.02778308e+38,1.34163832e+38,1.19082260e+39,1.50324254e+47,2.64822899e+47,1.82115811e+47,4.13942371e+48,1.91554518e+52,1.91630285e+52,-7.34317060e+51,1.54914432e+52,-8.13875584e+05,-3.77125255e+05,7.25028868e+05,6.94469839e+04,4.59480778e+04,4.07829806e+05,0.00000000e+00,3.36685444e+09
5.22000000e+03,2.00286292e+01,2.91990211e+33,2.20021158e+38,1.48704961e+38,1.19065083e+39,1.52058262e+47,2.65655296e+47,1.82782085e+47,4.17079825e+48,1.91677051e+52,1.91753065e+52,-7.37839138e+51,1.54861108e+52,-8.18494974e+05,-3.78430174e+05,7.40277040e+05,7.53522379e+04,5.09280636e+04,4.07770805e+05,0.00000000e+00,3.41550407e+09
5.23000000e+03,2.00539565e+01,2.91990357e+33,2.39592624e+38,1.66438051e+38,1.18966915e+39,1.53979029e+47,2.66597798e+47,1.83586536e+47,4.20088144e+48,1.91815645e+52,1.91891917e+52,-7.41680192e+51,1.54807907e+52,-8.23097634e+05,-3.79621120e+05,7.56923653e+05,8.20549784e+04,5.70012151e+04,4.07434399e+05,0.00000000e+00,3.46871433e+09
5.24000000e+03,2.00817419e+01,2.91990560e+33,2.61227267e+38,1.86389819e+38,1.18815562e+39,1.56133687e+47,2.67606955e+47,1.84734076e+47,4.21742739e+48,1.91969304e+52,1.92045809e+52,-7.45779391e+51,1.54756839e+52,-8.26484047e+05,-3.80426440e+05,7.73818204e+05,8.94642854e+04,6.38341934e+04,4.06915767e+05,0.00000000e+00,3.52440783e+09
5.25000000e+03,2.01124114e+01,2.91990805e+33,2.84466505e+38,2.08694573e+38,1.18638586e+39,1.58565561e+47,2.68685750e+47,1.86140653e+47,4.23624317e+48,1.92141711e+52,1.92218556e+52,-7.50070428e+51,1.54715035e+52,-8.28489269e+05,-3.80773884e+05,7.91318266e+05,9.74231039e+04,7.14729949e+04,4.06309324e+05,0.00000000e+00,3.58198295e+09
5.26000000e+03,2.01440799e+01,2.91991066e+33,3.07644734e+38,2.32026319e+38,1.18429609e+39,1.61051115e+47,2.69812906e+47,1.87619789e+47,4.25842761e+48,1.92321154e+52,1.92398429e+52,-7.54179711e+51,1.54689443e+52,-8.29760995e+05,-3.80718225e+05,8.09002043e+05,1.05361009e+05,7.94634994e+04,4.05593262e+05,0.00000000e+00,3.63858520e+09
5.27000000e+03,2.01735707e+01,2.91991293e+33,3.28243173e+38,2.53575570e+38,1.18271269e+39,1.63347550e+47,2.70872989e+47,1.89021134e+47,4.28375413e+48,1.92489733e+52,1.92567444e+52,-7.57671025e+51,1.54683892e+52,-8.31006174e+05,-3.80384923e+05,8.25978632e+05,1.12415397e+05,8.68435380e+04,4.05050669e+05,0.00000000e+00,3.68896217e+09
5.28000000e+03,2.01992361e+01,2.91991451e+33,3.45730570e+38,2.72659917e+38,1.18168533e+39,1.65362544e+47,2.71834341e+47,1.90259806e+47,4.31478753e+48,1.92637158e+52,1.92715242e+52,-7.60417128e+51,1.54694385e+52,-8.32917346e+05,-3.79976185e+05,8.42039368e+05,1.18404347e+05,9.33794179e+04,4.04698604e+05,0.00000000e+00,3.72907656e+09
5.29000000e+03,2.02217727e+01,2.91991575e+33,3.60979189e+38,2.89897921e+38,1.18079475e+39,1.67160691e+47,2.72711281e+47,1.91349775e+47,4.33795536e+48,1.92768214e+52,1.92846562e+52,-7.62603495e+51,1.54716388e+52,-8.35718003e+05,-3.79636095e+05,8.57462424e+05,1.23626577e+05,9.92829746e+04,4.04393432e+05,0.00000000e+00,3.76671207e+09
5.30000000e+03,2.02433697e+01,2.91991700e+33,3.75301514e+38,3.06406683e+38,1.17992797e+39,1.68902319e+47,2.73543405e+47,1.92434443e+47,4.35287007e+48,1.92893440e+52,1.92972000e+52,-7.64472019e+51,1.54748399e+52,-8.37987671e+05,-3.79115411e+05,8.71972766e+05,1.28531569e+05,1.04936779e+05,4.04096406e+05,0.00000000e+00,3.79783223e+09
5.31000000e+03,2.02615200e+01,2.91991773e+33,3.87222669e+38,3.20062184e+38,1.17912794e+39,1.70385725e+47,2.74249957e+47,1.93317435e+47,4.37670001e+48,1.92998800e+52,1.93077560e+52,-7.65830188e+51,1.54786051e+52,-8.40396743e+05,-3.78582427e+05,8.85116825e+05,1.32614240e+05,1.09613425e+05,4.03822317e+05,0.00000000e+00,3.82059128e+09
5.32000000e+03,2.02800862e+01,2.91991866e+33,3.99510264e+38,3.33946025e+38,1.17811449e+39,1.71923152e+47,2.75024749e+47,1.94241878e+47,4.38884296e+48,1.93106672e+52,1.93185584e+52,-7.67026471e+51,1.54834261e+52,-8.42926702e+05,-3.78007196e+05,8.98536359e+05,1.36822395e+05,1.14368263e+05,4.03475106e+05,0.00000000e+00,3.84022764e+09
5.33000000e+03,2.02990221e+01,2.91991958e+33,4.11991475e+38,3.47686601e+38,1.17695357e+39,1.73509695e+47,2.75852426e+47,1.95233974e+47,4.40144649e+48,1.93215865e+52,1.93294929e+52,-7.68013667e+51,1.54894246e+52,-8.45075574e+05,-3.77232980e+05,9.12055919e+05,1.41096857e+05,1.19074033e+05,4.03077393e+05,0.00000000e+00,3.85711414e+09
5.34000000e+03,2.03118518e+01,2.91992001e+33,4.20447308e+38,3.56521252e+38,1.17629989e+39,1.74634541e+47,2.76407994e+47,1.95889458e+47,4.41791264e+48,1.93289316e+52,1.93368505e+52,-7.68535695e+51,1.54941720e+52,-8.46795408e+05,-3.76640064e+05,9.21799329e+05,1.43992748e+05,1.22099664e+05,4.02853464e+05,0.00000000e+00,3.86649005e+09
5.35000000e+03,2.03253066e+01,2.91992050e+33,4.29099536e+38,3.66034872e+38,1.17549549e+39,1.75766633e+47,2.76999485e+47,1.96615608e+47,4.43125107e+48,1.93366243e+52,1.93445535e+52,-7.68966442e+51,1.54997213e+52,-8.48871720e+05,-3.76017936e+05,9.32224821e+05,1.46955897e+05,1.25357821e+05,4.02577910e+05,0.00000000e+00,3.87438534e+09
5.36000000e+03,2.03393057e+01,2.91992104e+33,4.37931403e+38,3.75684475e+38,1.17477106e+39,1.76950486e+47,2.77643190e+47,1.97387097e+47,4.44071714e+48,1.93445931e+52,1.93525301e+52,-7.69289158e+51,1.55060844e+52,-8.51096930e+05,-3.75331610e+05,9.43065243e+05,1.49980563e+05,1.28662546e+05,4.02329735e+05,0.00000000e+00,3.88029861e+09
5.37000000e+03,2.03558776e+01,2.91992180e+33,4.48141257e+38,3.86678654e+38,1.17412446e+39,1.78387187e+47,2.78401098e+47,1.98346681e+47,4.44636596e+48,1.93539860e+52,1.93619303e+52,-7.69503101e+51,1.55144148e+52,-8.53236399e+05,-3.74383674e+05,9.55480854e+05,1.53477143e+05,1.32427743e+05,4.02108186e+05,0.00000000e+00,3.88414636e+09
5.38000000e+03,2.03748391e+01,2.91992277e+33,4.59502718e+38,3.98501645e+38,1.17355971e+39,1.80036391e+47,2.79244380e+47,1.99473887e+47,4.45402355e+48,1.93646143e+52,1.93725712e+52,-7.69507240e+51,1.55250350e+52,-8.54390665e+05,-3.73076689e+05,9.68796980e+05,1.57368107e+05,1.36476776e+05,4.01914642e+05,0.00000000e+00,3.88244563e+09
5.39000000e+03,2.03942648e+01,2.91992374e+33,4.70847981e+38,4.10067926e+38,1.17325539e+39,1.81721307e+47,2.80127275e+47,2.00668795e+47,4.46870049e+48,1.93753923e+52,1.93833677e+52,-7.69232850e+51,1.55372034e+52,-8.54599587e+05,-3.71552491e+05,9.82036742e+05,1.61253520e+05,1.40437889e+05,4.01810285e+05,0.00000000e+00,3.87634647e+09
5.40000000e+03,2.04142413e+01,2.91992476e+33,4.82371417e+38,4.21440114e+38,1.17309529e+39,1.83461123e+47,2.81035453e+47,2.01944421e+47,4.48516303e+48,1.93863663e+52,1.93943632e+52,-7.68677461e+51,1.55509759e+52,-8.54480678e+05,-3.69868961e+05,9.95601281e+05,1.65199948e+05,1.44332525e+05,4.01755313e+05,0.00000000e+00,3.86603554e+09
5.41000000e+03,2.04347632e+01,2.91992581e+33,4.94331732e+38,4.33114939e+38,1.17289055e+39,1.85256256e+47,2.81962078e+47,2.03310079e+47,4.50184818e+48,1.93975378e+52,1.94055567e+52,-7.67838004e+51,1.55663667e+52,-8.54164379e+05,-3.67995789e+05,1.00945414e+06,1.69295990e+05,1.48330802e+05,4.01685052e+05,0.00000000e+00,3.85381758e+09
5.42000000e+03,2.04559148e+01,2.91992701e+33,5.06867743e+38,4.44857551e+38,1.17231444e+39,1.87109946e+47,2.82871899e+47,2.04799418e+47,4.51600444e+48,1.94088887e+52,1.94169308e+52,-7.66701276e+51,1.55834245e+52,-8.53302348e+05,-3.65915882e+05,1.02320451e+06,1.73589183e+05,1.52352285e+05,4.01487583e+05,0.00000000e+00,3.83751233e+09
5.43000000e+03,2.04770847e+01,2.91992821e+33,5.19282336e+38,4.55888668e+38,1.17125023e+39,1.88964860e+47,2.83788480e+47,2.06372195e+47,4.53168888e+48,1.94200568e+52,1.94281236e+52,-7.65285772e+51,1.56016948e+52,-8.51956885e+05,-3.63705506e+05,1.03672222e+06,1.77840789e+05,1.56130095e+05,4.01122954e+05,0.00000000e+00,3.81653771e+09
5.44000000e+03,2.04969486e+01,2.91992927e+33,5.30587968e+38,4.65129305e+38,1.16996949e+39,1.90721161e+47,2.84656169e+47,2.07899528e+47,4.54810465e+48,1.94303902e+52,1.94384793e+52,-7.63713841e+51,1.56199101e+52,-8.50516041e+05,-3.61531235e+05,1.04958545e+06,1.81712610e+05,1.59294716e+05,4.00684190e+05,0.00000000e+00,3.79384591e+09
5.45000000e+03,2.05154068e+01,2.91993015e+33,5.40736014e+38,4.72641143e+38,1.16867140e+39,1.92356981e+47,2.85487773e+47,2.09371449e+47,4.56355270e+48,1.94398657e+52,1.94479718e+52,-7.62057988e+51,1.56376819e+52,-8.49257940e+05,-3.59429936e+05,1.06203339e+06,1.85187996e+05,1.61867277e+05,4.00239506e+05,0.00000000e+00,3.77091490e+09
5.46000000e+03,2.05329270e+01,2.91993098e+33,5.49994572e+38,4.78972176e+38,1.16762153e+39,1.93928277e+47,2.86293329e+47,2.10808758e+47,4.57466174e+48,1.94487216e+52,1.94568401e+52,-7.60330429e+51,1.56551879e+52,-8.48015606e+05,-3.57373372e+05,1.07398622e+06,1.88358757e+05,1.64035444e+05,3.99879838e+05,0.00000000e+00,3.74700841e+09
5.47000000e+03,2.05495355e+01,2.91993174e+33,5.58449777e+38,4.84363512e+38,1.16671133e+39,1.95439130e+47,2.87034097e+47,2.12192842e+47,4.58346289e+48,1.94570234e+52,1.94651505e+52,-7.58559587e+51,1.56723526e+52,-8.46749371e+05,-3.55374130e+05,1.08544504e+06,1.91254395e+05,1.65881793e+05,3.99568015e+05,0.00000000e+00,3.72220321e+09
5.48000000e+03,2.05649296e+01,2.91993239e+33,5.66182972e+38,4.88610253e+38,1.16634528e+39,1.96900065e+47,2.87733844e+47,2.13513325e+47,4.59031660e+48,1.94646095e+52,1.94727415e+52,-7.56810001e+51,1.56886915e+52,-8.45523384e+05,-3.53489882e+05,1.09624058e+06,1.93902768e+05,1.67336153e+05,3.99442565e+05,0.00000000e+00,3.69782188e+09
5.49000000e+03,2.05792818e+01,2.91993296e+33,5.73222015e+38,4.91812841e+38,1.16611117e+39,1.98294545e+47,2.88378379e+47,2.14770692e+47,4.59507445e+48,1.94715996e+52,1.94797332e+52,-7.55093124e+51,1.57042675e+52,-8.44375310e+05,-3.51716888e+05,1.10647646e+06,1.96313416e+05,1.68432922e+05,3.99362308e+05,0.00000000e+00,3.67400770e+09
5.50000000e+03,2.05928719e+01,2.91993348e+33,5.79694698e+38,4.94191306e+38,1.16588551e+39,1.99619536e+47,2.88988274e+47,2.15977956e+47,4.59754210e+48,1.94781386e+52,1.94862706e+52,-7.53398487e+51,1.57192781e+52,-8.43306938e+05,-3.50027669e+05,1.11630721e+06,1.98530104e+05,1.69247454e+05,3.99284957e+05,0.00000000e+00,3.65067067e+09
5.51000000e+03,2.06067077e+01,2.91993399e+33,5.85940133e+38,4.95665057e+38,1.16573650e+39,2.00981856e+47,2.89596752e+47,2.17224068e+47,4.59756861e+48,1.94847262e+52,1.94928533e+52,-7.51611118e+51,1.57347977e+52,-8.42232664e+05,-3.48302090e+05,1.12641086e+06,2.00668966e+05,1.69752145e+05,3.99233854e+05,0.00000000e+00,3.62621366e+09
5.52000000e+03,2.06209879e+01,2.91993455e+33,5.92013185e+38,4.96466049e+38,1.16576456e+39,2.02385072e+47,2.90195177e+47,2.18533439e+47,4.59408503e+48,1.94914636e+52,1.94995831e+52,-7.49707865e+51,1.57510438e+52,-8.41044240e+05,-3.46523133e+05,1.13674098e+06,2.02748786e+05,1.70026430e+05,3.99243386e+05,0.00000000e+00,3.59926165e+09
5.53000000e+03,2.06357044e+01,2.91993515e+33,5.97888727e+38,4.96673314e+38,1.16592419e+39,2.03842506e+47,2.90790044e+47,2.19921681e+47,4.58808200e+48,1.94983327e+52,1.95064419e+52,-7.47686474e+51,1.57680096e+52,-8.39665835e+05,-3.44693860e+05,1.14728869e+06,2.04760960e+05,1.70097378e+05,3.99297975e+05,0.00000000e+00,3.57087170e+09
5.54000000e+03,2.06508282e+01,2.91993579e+33,6.03530109e+38,4.96308503e+38,1.16621182e+39,2.05349380e+47,2.91367211e+47,2.21381942e+47,4.57949002e+48,1.95053140e+52,1.95134100e+52,-7.45549498e+51,1.57856626e+52,-8.38069284e+05,-3.42822190e+05,1.15802350e+06,2.06692939e+05,1.69972403e+05,3.99396394e+05,0.00000000e+00,3.54090233e+09
5.55000000e+03,2.06664742e+01,2.91993646e+33,6.09195607e+38,4.95030852e+38,1.16661816e+39,2.06928362e+47,2.91958752e+47,2.22904431e+47,4.56792241e+48,1.95124422e+52,1.95205220e+52,-7.43280361e+51,1.58041202e+52,-8.36241366e+05,-3.40899221e+05,1.16902120e+06,2.08633172e+05,1.69534803e+05,3.99535460e+05,0.00000000e+00,3.50925575e+09
5.56000000e+03,2.06827487e+01,2.91993718e+33,6.14873253e+38,4.93177462e+38,1.16710039e+39,2.08589640e+47,2.92569916e+47,2.24491163e+47,4.55284237e+48,1.95197491e+52,1.95278090e+52,-7.40863492e+51,1.58234915e+52,-8.34183979e+05,-3.38910626e+05,1.18033329e+06,2.10577562e+05,1.68900024e+05,3.99700513e+05,0.00000000e+00,3.47586162e+09
5.57000000e+03,2.07000155e+01,2.91993800e+33,6.20602148e+38,4.90542574e+38,1.16765412e+39,2.10385457e+47,2.93209842e+47,2.26189163e+47,4.53329390e+48,1.95273867e+52,1.95354224e+52,-7.38244438e+51,1.58442002e+52,-8.31845190e+05,-3.36804224e+05,1.19214253e+06,2.12539495e+05,1.67997599e+05,3.99890040e+05,0.00000000e+00,3.43979212e+09
5.58000000e+03,2.07159726e+01,2.91993862e+33,6.25528797e+38,4.87283823e+38,1.16823032e+39,2.12084746e+47,2.93810175e+47,2.27791024e+47,4.51547130e+48,1.95343280e+52,1.95423376e+52,-7.35776724e+51,1.58634540e+52,-8.29655774e+05,-3.34852970e+05,1.20326408e+06,2.14226694e+05,1.66881529e+05,4.00087288e+05,0.00000000e+00,3.40577209e+09
5.59000000e+03,2.07313654e+01,2.91993925e+33,6.30103359e+38,4.83570671e+38,1.16864924e+39,2.13727619e+47,2.94382994e+47,2.29333362e+47,4.49420806e+48,1.95409547e+52,1.95489351e+52,-7.33371115e+51,1.58820796e+52,-8.27569763e+05,-3.32983423e+05,1.21399112e+06,2.15793312e+05,1.65609840e+05,4.00230668e+05,0.00000000e+00,3.37354186e+09
5.60000000e+03,2.07487078e+01,2.91994002e+33,6.35207610e+38,4.78717264e+38,1.16909474e+39,2.15585737e+47,2.95003852e+47,2.31049630e+47,4.46540121e+48,1.95483006e+52,1.95562450e+52,-7.30644197e+51,1.59030240e+52,-8.25143851e+05,-3.30918693e+05,1.22579682e+06,2.17541321e+05,1.63947636e+05,4.00383135e+05,0.00000000e+00,3.33510679e+09
5.61000000e+03,2.07690644e+01,2.91994114e+33,6.41220555e+38,4.72319748e+38,1.16949992e+39,2.17768976e+47,2.95698396e+47,2.33028889e+47,4.42452235e+48,1.95568725e+52,1.95647720e+52,-7.27436112e+51,1.59275915e+52,-8.21956174e+05,-3.28571230e+05,1.23901345e+06,2.19600507e+05,1.61756599e+05,4.00521745e+05,0.00000000e+00,3.29157256e+09
5.62000000e+03,2.07915016e+01,2.91994248e+33,6.47961180e+38,4.64438347e+38,1.16956953e+39,2.20146703e+47,2.96494448e+47,2.35171640e+47,4.37759466e+48,1.95661252e+52,1.95739749e+52,-7.23898786e+51,1.59544810e+52,-8.17952169e+05,-3.26081940e+05,1.25282049e+06,2.21908885e+05,1.59057362e+05,4.00545402e+05,0.00000000e+00,3.24117782e+09
5.63000000e+03,2.08140172e+01,2.91994383e+33,6.54918988e+38,4.55556723e+38,1.16927748e+39,2.22526474e+47,2.97315877e+47,2.37284110e+47,4.32901074e+48,1.95753088e+52,1.95831059e+52,-7.20372709e+51,1.59812423e+52,-8.13692774e+05,-3.23664261e+05,1.26642877e+06,2.24291639e+05,1.56015578e+05,4.00445196e+05,0.00000000e+00,3.19253994e+09
5.64000000e+03,2.08366409e+01,2.91994519e+33,6.62140597e+38,4.45937567e+38,1.16859293e+39,2.24863526e+47,2.98177852e+47,2.39358880e+47,4.27677359e+48,1.95844189e+52,1.95921591e+52,-7.16891224e+51,1.60077030e+52,-8.09337106e+05,-3.21315180e+05,1.28004406e+06,2.26764735e+05,1.52721211e+05,4.00210571e+05,0.00000000e+00,3.14576174e+09
5.65000000e+03,2.08596938e+01,2.91994660e+33,6.69774960e+38,4.35325399e+38,1.16770180e+39,2.27197262e+47,2.99075415e+47,2.41432106e+47,4.21903978e+48,1.95936332e+52,1.96013111e+52,-7.13440394e+51,1.60341091e+52,-8.04831372e+05,-3.19007828e+05,1.29383930e+06,2.29379181e+05,1.49086767e+05,3.99905191e+05,0.00000000e+00,3.10038021e+09
5.66000000e+03,2.08829550e+01,2.91994804e+33,6.77682206e+38,4.23789498e+38,1.16651218e+39,2.29496776e+47,3.00006158e+47,2.43483522e+47,4.15735278e+48,1.96028250e+52,1.96104361e+52,-7.10081806e+51,1.60600271e+52,-8.00192210e+05,-3.16787161e+05,1.30764960e+06,2.32087077e+05,1.45135972e+05,3.99497580e+05,0.00000000e+00,3.05637620e+09
5.67000000e+03,2.09057541e+01,2.91994942e+33,6.85428478e+38,4.11832748e+38,1.16485064e+39,2.31698713e+47,3.00944831e+47,2.45466512e+47,4.09463097e+48,1.96117523e+52,1.96192951e+52,-7.06928909e+51,1.60846506e+52,-7.95573063e+05,-3.14721698e+05,1.32116763e+06,2.34739846e+05,1.41041055e+05,3.98928362e+05,0.00000000e+00,3.01570798e+09
5.68000000e+03,2.09276167e+01,2.91995070e+33,6.92407941e+38,4.00066108e+38,1.16292058e+39,2.33752325e+47,3.01870307e+47,2.47377783e+47,4.03273292e+48,1.96202786e+52,1.96277532e+52,-7.04050177e+51,1.61075023e+52,-7.91129455e+05,-3.12841260e+05,1.33422871e+06,2.37130011e+05,1.37011254e+05,3.98267196e+05,0.00000000e+00,2.97943917e+09
5.69000000e+03,2.09489704e+01,2.91995192e+33,6.99115604e+38,3.88144721e+38,1.16085754e+39,2.35745906e+47,3.02760871e+47,2.49250353e+47,3.97065555e+48,1.96285859e+52,1.96359918e+52,-7.01387103e+51,1.61290562e+52,-7.86803034e+05,-3.11104962e+05,1.34703533e+06,2.39427095e+05,1.32928463e+05,3.97560500e+05,0.00000000e+00,2.94639185e+09
5.70000000e+03,2.09703193e+01,2.91995313e+33,7.05770409e+38,3.75924509e+38,1.15884932e+39,2.37694320e+47,3.03626696e+47,2.51070440e+47,3.90745871e+48,1.96369063e+52,1.96442427e+52,-6.98878280e+51,1.61498513e+52,-7.82475700e+05,-3.09477083e+05,1.35981461e+06,2.41706074e+05,1.28743337e+05,3.96872577e+05,0.00000000e+00,2.91543069e+09
5.71000000e+03,2.09917720e+01,2.91995436e+33,7.12617320e+38,3.63358339e+38,1.15656542e+39,2.39611577e+47,3.04496433e+47,2.52831614e+47,3.84379177e+48,1.96452436e+52,1.96525106e+52,-6.96515147e+51,1.61699349e+52,-7.78112977e+05,-3.07959759e+05,1.37260592e+06,2.44050842e+05,1.24439732e+05,3.96090238e+05,0.00000000e+00,2.88628960e+09
5.72000000e+03,2.10133882e+01,2.91995561e+33,7.19761823e+38,3.50426951e+38,1.15411023e+39,2.41502683e+47,3.05388599e+47,2.54564356e+47,3.78037473e+48,1.96536264e+52,1.96608251e+52,-6.94296782e+51,1.61893412e+52,-7.73704250e+05,-3.06554878e+05,1.38543844e+06,2.46497522e+05,1.20011054e+05,3.95249239e+05,0.00000000e+00,2.85897961e+09
5.73000000e+03,2.10353450e+01,2.91995690e+33,7.27176690e+38,3.37015994e+38,1.15125536e+39,2.43393524e+47,3.06287999e+47,2.56305908e+47,3.71747755e+48,1.96621320e+52,1.96692636e+52,-6.92214371e+51,1.62081918e+52,-7.69209376e+05,-3.05247162e+05,1.39839760e+06,2.49036789e+05,1.15418140e+05,3.94271353e+05,0.00000000e+00,2.83328351e+09
5.74000000e+03,2.10579492e+01,2.91995826e+33,7.34997643e+38,3.23143742e+38,1.14768636e+39,2.45273685e+47,3.07197924e+47,2.58059954e+47,3.65507608e+48,1.96708892e+52,1.96779556e+52,-6.90255175e+51,1.62266797e+52,-7.64557999e+05,-3.04014769e+05,1.41162423e+06,2.51715120e+05,1.10667247e+05,3.93048892e+05,0.00000000e+00,2.80892213e+09
5.75000000e+03,2.10816219e+01,2.91995974e+33,7.43185798e+38,3.08768811e+38,1.14346768e+39,2.47190647e+47,3.08129790e+47,2.59833230e+47,3.59310752e+48,1.96800768e+52,1.96870799e+52,-6.88410071e+51,1.62450296e+52,-7.59654119e+05,-3.02848459e+05,1.42530226e+06,2.54519193e+05,1.05744201e+05,3.91603919e+05,0.00000000e+00,2.78573417e+09
5.76000000e+03,2.11068356e+01,2.91996142e+33,7.52070323e+38,2.93809010e+38,1.13826505e+39,2.49233845e+47,3.09094721e+47,2.61654959e+47,3.53179035e+48,1.96899024e+52,1.96968453e+52,-6.86684752e+51,1.62634216e+52,-7.54372831e+05,-3.01741889e+05,1.43961164e+06,2.57561733e+05,1.00620853e+05,3.89821948e+05,0.00000000e+00,2.76368464e+09
5.77000000e+03,2.11330762e+01,2.91996323e+33,7.61502567e+38,2.79273881e+38,1.13231256e+39,2.51342486e+47,3.10027259e+47,2.63388264e+47,3.47472842e+48,1.97001800e+52,1.97070690e+52,-6.85159696e+51,1.62812705e+52,-7.48807516e+05,-3.00743242e+05,1.45427490e+06,2.60791834e+05,9.56429445e+04,3.87783156e+05,0.00000000e+00,2.74392540e+09
5.78000000e+03,2.11597388e+01,2.91996510e+33,7.71003637e+38,2.65435291e+38,1.12559861e+39,2.53371681e+47,3.10880841e+47,2.65074735e+47,3.42465117e+48,1.97107038e+52,1.97175471e+52,-6.83903941e+51,1.62980274e+52,-7.43124745e+05,-2.99884712e+05,1.46904732e+06,2.64045497e+05,9.09035833e+04,3.85483583e+05,0.00000000e+00,2.72754073e+09
5.79000000e+03,2.11861146e+01,2.91996693e+33,7.80143501e+38,2.52964322e+38,1.11815563e+39,2.55320513e+47,3.11667200e+47,2.66672831e+47,3.38371497e+48,1.97212188e+52,1.97280259e+52,-6.82964900e+51,1.63132014e+52,-7.37523513e+05,-2.99187567e+05,1.48361696e+06,2.67175457e+05,8.66325981e+04,3.82934345e+05,0.00000000e+00,2.71520795e+09
5.80000000e+03,2.12124083e+01,2.91996875e+33,7.88864880e+38,2.41845780e+38,1.10976750e+39,2.57189188e+47,3.12409902e+47,2.68217359e+47,3.35132051e+48,1.97318207e+52,1.97386007e+52,-6.82340112e+51,1.63269001e+52,-7.31977756e+05,-2.98642979e+05,1.49807882e+06,2.70162097e+05,8.28247835e+04,3.80061430e+05,0.00000000e+00,2.70687458e+09
5.81000000e+03,2.12387248e+01,2.91997057e+33,7.97478299e+38,2.32105309e+38,1.10059790e+39,2.58939736e+47,3.13088728e+47,2.69770711e+47,3.32762398e+48,1.97425818e+52,1.97493437e+52,-6.82032836e+51,1.63391795e+52,-7.26447056e+05,-2.98235665e+05,1.51245755e+06,2.73111759e+05,7.94889204e+04,3.76920886e+05,0.00000000e+00,2.70232227e+09
5.82000000e+03,2.12649600e+01,2.91997239e+33,8.05873708e+38,2.23758420e+38,1.09017291e+39,2.60622687e+47,3.13717737e+47,2.71300660e+47,3.31319954e+48,1.97534760e+52,1.97602290e+52,-6.82047692e+51,1.63499906e+52,-7.20959671e+05,-2.97948820e+05,1.52671162e+06,2.75986757e+05,7.66303207e+04,3.73350417e+05,0.00000000e+00,2.70145448e+09
5.83000000e+03,2.12910898e+01,2.91997410e+33,8.14117215e+38,2.16752625e+38,1.07876319e+39,2.62201759e+47,3.14277354e+47,2.72791498e+47,3.30890773e+48,1.97645126e+52,1.97712656e+52,-6.82384370e+51,1.63593438e+52,-7.15594019e+05,-2.97789679e+05,1.54097628e+06,2.78809738e+05,7.42310093e+04,3.69442726e+05,0.00000000e+00,2.70488324e+09
5.84000000e+03,2.13171245e+01,2.91997588e+33,8.22392432e+38,2.11205889e+38,1.06638206e+39,2.63700146e+47,3.14770125e+47,2.74210353e+47,3.31237261e+48,1.97757177e+52,1.97824804e+52,-6.83046533e+51,1.63672477e+52,-7.10338445e+05,-2.97753176e+05,1.55500251e+06,2.81643570e+05,7.23313812e+04,3.65202351e+05,0.00000000e+00,2.71165955e+09
5.85000000e+03,2.13431324e+01,2.91997758e+33,8.30473141e+38,2.06762750e+38,1.05291426e+39,2.65194661e+47,3.15230001e+47,2.75663232e+47,3.32587155e+48,1.97871487e+52,1.97939295e+52,-6.84026231e+51,1.63737983e+52,-7.05164892e+05,-2.97824223e+05,1.56905751e+06,2.84410793e+05,7.08097046e+04,3.60589845e+05,0.00000000e+00,2.72320177e+09
5.86000000e+03,2.13691713e+01,2.91997928e+33,8.38709686e+38,2.03277557e+38,1.03844922e+39,2.66641680e+47,3.15674094e+47,2.77138744e+47,3.34763099e+48,1.97988524e+52,1.98056599e+52,-6.85322859e+51,1.63790456e+52,-7.00122578e+05,-2.97971702e+05,1.58304854e+06,2.87231382e+05,6.96160956e+04,3.55635818e+05,0.00000000e+00,2.73759854e+09
5.87000000e+03,2.13952215e+01,2.91998107e+33,8.47084711e+38,2.00591155e+38,1.02317437e+39,2.68092159e+47,3.16064644e+47,2.78629987e+47,3.37549757e+48,1.98108068e+52,1.98176493e+52,-6.86929094e+51,1.63830038e+52,-6.95163905e+05,-2.98185252e+05,1.59685435e+06,2.90099384e+05,6.86960464e+04,3.50404452e+05,0.00000000e+00,2.75687420e+09
5.88000000e+03,2.14212565e+01,2.91998286e+33,8.55597311e+38,1.99039851e+38,1.00695186e+39,2.69514548e+47,3.16404283e+47,2.80090767e+47,3.41130474e+48,1.98230194e+52,1.98299051e+52,-6.88826703e+51,1.63857716e+52,-6.90195775e+05,-2.98478003e+05,1.61055233e+06,2.93014498e+05,6.81647326e+04,3.44848551e+05,0.00000000e+00,2.77922989e+09
5.89000000e+03,2.14472821e+01,2.91998464e+33,8.63986468e+38,1.98911582e+38,9.89610323e+38,2.70929658e+47,3.16714028e+47,2.81538023e+47,3.45368392e+48,1.98355032e+52,1.98424391e+52,-6.91001051e+51,1.63874339e+52,-6.85295703e+05,-2.98855795e+05,1.62418327e+06,2.95887333e+05,6.81207631e+04,3.38909428e+05,0.00000000e+00,2.80528898e+09
5.90000000e+03,2.14731793e+01,2.91998641e+33,8.72179922e+38,1.99917205e+38,9.71291617e+38,2.72323124e+47,3.16977243e+47,2.82934254e+47,3.50152580e+48,1.98481981e+52,1.98551896e+52,-6.93423828e+51,1.63880704e+52,-6.80523820e+05,-2.99289265e+05,1.63767750e+06,2.98693145e+05,6.84651148e+04,3.32635664e+05,0.00000000e+00,2.83470302e+09
5.91000000e+03,2.14975993e+01,2.91998798e+33,8.79413929e+38,2.01947422e+38,9.53357760e+38,2.73615886e+47,3.17207201e+47,2.84260350e+47,3.55222137e+48,1.98604011e+52,1.98674487e+52,-6.95928561e+51,1.63878059e+52,-6.76235494e+05,-2.99739780e+05,1.65046944e+06,3.01170393e+05,6.91603605e+04,3.26493727e+05,0.00000000e+00,2.86537029e+09
5.92000000e+03,2.15208640e+01,2.91998942e+33,8.85860868e+38,2.05239220e+38,9.35702140e+38,2.74821077e+47,3.17403213e+47,2.85557847e+47,3.60410885e+48,1.98722509e+52,1.98793539e+52,-6.98502457e+51,1.63868417e+52,-6.72439489e+05,-3.00209010e+05,1.66271716e+06,3.03378109e+05,7.02876587e+04,3.20447100e+05,0.00000000e+00,2.89706681e+09
5.93000000e+03,2.15429515e+01,2.91999072e+33,8.91855260e+38,2.09502003e+38,9.18314021e+38,2.75951337e+47,3.17601171e+47,2.86794892e+47,3.65609166e+48,1.98837102e+52,1.98908671e+52,-7.01106366e+51,1.63853353e+52,-6.69110710e+05,-3.00684574e+05,1.67440842e+06,3.05430854e+05,7.17474893e+04,3.14492103e+05,0.00000000e+00,2.92912688e+09
5.94000000e+03,2.15639921e+01,2.91999190e+33,8.97066530e+38,2.14494320e+38,9.01222200e+38,2.76990626e+47,3.17814054e+47,2.88006096e+47,3.70735265e+48,1.98948282e+52,1.99020373e+52,-7.03725351e+51,1.63834105e+52,-6.66216239e+05,-3.01168578e+05,1.68560570e+06,3.07215417e+05,7.34571628e+04,3.08638596e+05,0.00000000e+00,2.96147156e+09
5.95000000e+03,2.15838949e+01,2.91999297e+33,9.01667868e+38,2.19928032e+38,8.84528810e+38,2.77971482e+47,3.18004392e+47,2.89147130e+47,3.75699248e+48,1.99055155e+52,1.99127742e+52,-7.06322083e+51,1.63811638e+52,-6.63763568e+05,-3.01631659e+05,1.69625465e+06,3.08791109e+05,7.53180006e+04,3.02921555e+05,0.00000000e+00,2.99390916e+09
5.96000000e+03,2.16030202e+01,2.91999395e+33,9.05928937e+38,2.26002676e+38,8.68360577e+38,2.78869735e+47,3.18189086e+47,2.90236544e+47,3.80483924e+48,1.99159537e+52,1.99232600e+52,-7.08923286e+51,1.63786435e+52,-6.61662831e+05,-3.02064082e+05,1.70652031e+06,3.10250278e+05,7.73983369e+04,2.97384375e+05,0.00000000e+00,3.02669165e+09
5.97000000e+03,2.16240854e+01,2.91999515e+33,9.10407668e+38,2.33707276e+38,8.50072277e+38,2.79819681e+47,3.18376322e+47,2.91417463e+47,3.85370639e+48,1.99276651e+52,1.99350226e+52,-7.11904253e+51,1.63755013e+52,-6.59363997e+05,-3.02485267e+05,1.71760084e+06,3.11783966e+05,8.00368714e+04,2.91121127e+05,0.00000000e+00,3.06513843e+09
5.98000000e+03,2.16510456e+01,2.91999697e+33,9.15922633e+38,2.44540449e+38,8.26109444e+38,2.81006325e+47,3.18611469e+47,2.92941867e+47,3.90975996e+48,1.99429314e+52,1.99503548e+52,-7.15872170e+51,1.63709939e+52,-6.55618013e+05,-3.02832069e+05,1.73109041e+06,3.13672460e+05,8.37468162e+04,2.82914487e+05,0.00000000e+00,3.11517642e+09
5.99000000e+03,2.16786737e+01,2.91999897e+33,9.21333195e+38,2.56820019e+38,8.00792187e+38,2.82175289e+47,3.18837833e+47,2.94465326e+47,3.96596943e+48,1.99588675e+52,1.99663607e+52,-7.20070837e+51,1.63660065e+52,-6.50832659e+05,-3.02964765e+05,1.74448077e+06,3.15525178e+05,8.79520924e+04,2.74243997e+05,0.00000000e+00,3.16708422e+09
6.00000000e+03,2.17065196e+01,2.92000100e+33,9.26302054e+38,2.70331815e+38,7.74740491e+38,2.83314004e+47,3.19050672e+47,2.96002812e+47,4.02082257e+48,1.99752427e+52,1.99828059e+52,-7.24408946e+51,1.63607612e+52,-6.45942173e+05,-3.02939338e+05,1.75778705e+06,3.17226622e+05,9.25793568e+04,2.65321995e+05,0.00000000e+00,3.22322584e+09
6.01000000e+03,2.17345550e+01,2.92000306e+33,9.31137193e+38,2.84686017e+38,7.47814685e+38,2.84430165e+47,3.19233660e+47,2.97543588e+47,4.07192756e+48,1.99920252e+52,1.99996561e+52,-7.28855193e+51,1.63553801e+52,-6.41117017e+05,-3.02774438e+05,1.77097617e+06,3.18882266e+05,9.74951091e+04,2.56100651e+05,0.00000000e+00,3.28286179e+09
6.02000000e+03,2.17627367e+01,2.92000514e+33,9.35713992e+38,3.00053217e+38,7.20278071e+38,2.85509006e+47,3.19383045e+47,2.99045409e+47,4.11815095e+48,2.00091537e+52,2.00168492e+52,-7.33353769e+51,1.63500803e+52,-6.36197709e+05,-3.02480798e+05,1.78401899e+06,3.20449433e+05,1.02757770e+05,2.46670138e+05,0.00000000e+00,3.34446733e+09
6.03000000e+03,2.17890425e+01,2.92000687e+33,9.39478082e+38,3.14811375e+38,6.93981653e+38,2.86493616e+47,3.19503030e+47,3.00498152e+47,4.16028906e+48,2.00258068e+52,2.00335574e+52,-7.37524704e+51,1.63459339e+52,-6.31902313e+05,-3.02123454e+05,1.79641491e+06,3.21738312e+05,1.07811861e+05,2.37664391e+05,0.00000000e+00,3.40297722e+09
6.04000000e+03,2.18158964e+01,2.92000859e+33,9.43103420e+38,3.30521984e+38,6.66687552e+38,2.87464001e+47,3.19537830e+47,3.01978384e+47,4.19706023e+48,2.00425424e+52,2.00503435e+52,-7.41707251e+51,1.63418073e+52,-6.27660876e+05,-3.01630711e+05,1.80899301e+06,3.22979674e+05,1.13192127e+05,2.28316984e+05,0.00000000e+00,3.46275717e+09
6.05000000e+03,2.18427480e+01,2.92001034e+33,9.46610166e+38,3.46201579e+38,6.39068209e+38,2.88385903e+47,3.19515755e+47,3.03463812e+47,4.22566751e+48,2.00593975e+52,2.00672441e+52,-7.45760933e+51,1.63384394e+52,-6.23328390e+05,-3.00973270e+05,1.82126259e+06,3.24180415e+05,1.18561765e+05,2.18858200e+05,0.00000000e+00,3.52015841e+09
6.06000000e+03,2.18698071e+01,2.92001218e+33,9.50487908e+38,3.62129187e+38,6.10629972e+38,2.89250207e+47,3.19490678e+47,3.04970198e+47,4.25061132e+48,2.00764090e+52,2.00843010e+52,-7.49648815e+51,1.63360569e+52,-6.18300390e+05,-3.00113080e+05,1.83322967e+06,3.25508200e+05,1.24016328e+05,2.09118981e+05,0.00000000e+00,3.57150391e+09
6.07000000e+03,2.18967459e+01,2.92001408e+33,9.54242259e+38,3.78265790e+38,5.82107687e+38,2.90057384e+47,3.19446475e+47,3.06463324e+47,4.26671246e+48,2.00935625e+52,2.01014954e+52,-7.53273005e+51,1.63351303e+52,-6.12999663e+05,-2.99093292e+05,1.84490359e+06,3.26793718e+05,1.29542454e+05,1.99350986e+05,0.00000000e+00,3.62621441e+09
6.08000000e+03,2.19253374e+01,2.92001612e+33,9.57675282e+38,3.95699364e+38,5.51664069e+38,2.90907232e+47,3.19406048e+47,3.08053066e+47,4.28168389e+48,2.01116969e+52,2.01196727e+52,-7.56793706e+51,1.63357042e+52,-6.06945717e+05,-2.97774134e+05,1.85696970e+06,3.27969176e+05,1.35512733e+05,1.88925008e+05,0.00000000e+00,3.67723449e+09
6.09000000e+03,2.19524275e+01,2.92001805e+33,9.60654881e+38,4.12414975e+38,5.22846873e+38,2.91695141e+47,3.19355583e+47,3.09566939e+47,4.29377250e+48,2.01287448e+52,2.01367605e+52,-7.59782300e+51,1.63378490e+52,-6.00971059e+05,-2.96301522e+05,1.86814027e+06,3.28989364e+05,1.41237132e+05,1.79056041e+05,0.00000000e+00,3.71909577e+09
6.10000000e+03,2.19799623e+01,2.92001996e+33,9.63263148e+38,4.29600840e+38,4.93280388e+38,2.92542755e+47,3.19268469e+47,3.11096203e+47,4.30350032e+48,2.01460978e+52,2.01541508e+52,-7.62444074e+51,1.63419304e+52,-5.94726060e+05,-2.94581938e+05,1.87944625e+06,3.29882385e+05,1.47122570e+05,1.68930485e+05,0.00000000e+00,3.75959604e+09
6.11000000e+03,2.20040105e+01,2.92002142e+33,9.65176547e+38,4.44991813e+38,4.67425576e+38,2.93299305e+47,3.19171211e+47,3.12422433e+47,4.31513565e+48,2.01610455e+52,2.01691284e+52,-7.64434812e+51,1.63469543e+52,-5.89323022e+05,-2.92903704e+05,1.88952898e+06,3.30537488e+05,1.52393339e+05,1.60076078e+05,0.00000000e+00,3.78957718e+09
6.12000000e+03,2.20244196e+01,2.92002243e+33,9.66402102e+38,4.58119937e+38,4.45131007e+38,2.93928419e+47,3.19100783e+47,3.13548975e+47,4.32704232e+48,2.01736599e+52,2.01817633e+52,-7.65872010e+51,1.63524032e+52,-5.85020586e+05,-2.91380877e+05,1.89852009e+06,3.30957082e+05,1.56889184e+05,1.52440955e+05,0.00000000e+00,3.81271687e+09
6.13000000e+03,2.20428332e+01,2.92002335e+33,9.67478506e+38,4.70158859e+38,4.24950612e+38,2.94492769e+47,3.19007276e+47,3.14565638e+47,4.33355615e+48,2.01849568e+52,2.01930755e+52,-7.66968006e+51,1.63582354e+52,-5.81227398e+05,-2.89923134e+05,1.90653269e+06,3.31325606e+05,1.61012020e+05,1.45529868e+05,0.00000000e+00,3.83150562e+09
6.14000000e+03,2.20575433e+01,2.92002386e+33,9.68231021e+38,4.79558359e+38,4.08800795e+38,2.94924804e+47,3.18962148e+47,3.15385152e+47,4.34334270e+48,2.01939034e+52,2.02020318e+52,-7.67693831e+51,1.63635627e+52,-5.78359114e+05,-2.88717816e+05,1.91340593e+06,3.31583257e+05,1.64230973e+05,1.39999128e+05,0.00000000e+00,3.84328735e+09
6.15000000e+03,2.20698160e+01,2.92002427e+33,9.68725097e+38,4.87380734e+38,3.95289735e+38,2.95281611e+47,3.18933341e+47,3.16075917e+47,4.34856722e+48,2.02013211e+52,2.02094543e+52,-7.68203491e+51,1.63684369e+52,-5.76139554e+05,-2.87675695e+05,1.91920879e+06,3.31752413e+05,1.66909823e+05,1.35372072e+05,0.00000000e+00,3.85364997e+09
6.16000000e+03,2.20811118e+01,2.92002460e+33,9.69106300e+38,4.94472393e+38,3.82880831e+38,2.95605217e+47,3.18909661e+47,3.16728259e+47,4.35325494e+48,2.02081039e+52,2.02162404e+52,-7.68593341e+51,1.63732737e+52,-5.74243079e+05,-2.86693976e+05,1.92462143e+06,3.31882923e+05,1.69338434e+05,1.31122468e+05,0.00000000e+00,3.86131427e+09
6.17000000e+03,2.20920280e+01,2.92002490e+33,9.69488826e+38,5.01267313e+38,3.70918635e+38,2.95914401e+47,3.18890077e+47,3.17345858e+47,4.35711039e+48,2.02146099e+52,2.02227485e+52,-7.68897171e+51,1.63782626e+52,-5.72497811e+05,-2.85723876e+05,1.92986744e+06,3.32013890e+05,1.71665424e+05,1.27025847e+05,0.00000000e+00,3.86724630e+09
6.18000000e+03,2.21063886e+01,2.92002544e+33,9.69883776e+38,5.10005331e+38,3.55335272e+38,2.96355723e+47,3.18874213e+47,3.18135079e+47,4.35550776e+48,2.02231119e+52,2.02312519e+52,-7.69187904e+51,1.63853124e+52,-5.69996028e+05,-2.84381679e+05,1.93634625e+06,3.32149084e+05,1.74657838e+05,1.21689101e+05,0.00000000e+00,3.87447660e+09
6.19000000e+03,2.21198613e+01,2.92002593e+33,9.70088404e+38,5.17862738e+38,3.40849565e+38,2.96786184e+47,3.18900148e+47,3.18890914e+47,4.35537064e+48,2.02309989e+52,2.02391406e+52,-7.69334054e+51,1.63924703e+52,-5.67380873e+05,-2.83060487e+05,1.94238160e+06,3.32219106e+05,1.77348678e+05,1.16728267e+05,0.00000000e+00,3.87702855e+09
6.20000000e+03,2.21304012e+01,2.92002625e+33,9.70198266e+38,5.23118382e+38,3.29742432e+38,2.97174668e+47,3.18939365e+47,3.19476167e+47,4.35742232e+48,2.02371392e+52,2.02452829e+52,-7.69359654e+51,1.63984846e+52,-5.65202555e+05,-2.81985549e+05,1.94717672e+06,3.32256693e+05,1.79148520e+05,1.12924475e+05,0.00000000e+00,3.87683897e+09
6.21000000e+03,2.21397055e+01,2.92002651e+33,9.70188965e+38,5.28339397e+38,3.19824750e+38,2.97464592e+47,3.18990210e+47,3.20026412e+47,4.35762213e+48,2.02425043e+52,2.02506467e+52,-7.69320473e+51,1.64040444e+52,-5.63265190e+05,-2.81007865e+05,1.95150927e+06,3.32253478e+05,1.80936507e+05,1.09528029e+05,0.00000000e+00,3.87805049e+09
6.22000000e+03,2.21497386e+01,2.92002679e+33,9.70078564e+38,5.33799199e+38,3.09174894e+38,2.97780779e+47,3.19051078e+47,3.20632440e+47,4.35787224e+48,2.02482339e+52,2.02563756e+52,-7.69214235e+51,1.64103044e+52,-5.61178166e+05,-2.79928244e+05,1.95611284e+06,3.32215638e+05,1.82806268e+05,1.05880842e+05,0.00000000e+00,3.87711660e+09
6.23000000e+03,2.21614460e+01,2.92002718e+33,9.69875013e+38,5.40006527e+38,2.96837646e+38,2.98152009e+47,3.19118231e+47,3.21346820e+47,4.35584276e+48,2.02548533e+52,2.02629939e+52,-7.69008800e+51,1.64179499e+52,-5.58684997e+05,-2.78631716e+05,1.96127432e+06,3.32145885e+05,1.84932021e+05,1.01655782e+05,0.00000000e+00,3.87493144e+09
6.24000000e+03,2.21739161e+01,2.92002762e+33,9.69650406e+38,5.46368242e+38,2.83759020e+38,2.98562454e+47,3.19193649e+47,3.22112871e+47,4.35376066e+48,2.02618088e+52,2.02699489e+52,-7.68689639e+51,1.64265008e+52,-5.55902797e+05,-2.77205993e+05,1.96661341e+06,3.32068916e+05,1.87110642e+05,9.71768274e+04,0.00000000e+00,3.87034649e+09
6.25000000e+03,2.21855201e+01,2.92002799e+33,9.69400819e+38,5.51989840e+38,2.71735570e+38,2.98961884e+47,3.19272081e+47,3.22827807e+47,4.35241133e+48,2.02682036e+52,2.02763425e+52,-7.68298510e+51,1.64348499e+52,-5.53225451e+05,-2.75837214e+05,1.97163510e+06,3.31983400e+05,1.89035804e+05,9.30592345e+04,0.00000000e+00,3.86540085e+09
6.26000000e+03,2.21975179e+01,2.92002835e+33,9.69077028e+38,5.57638672e+38,2.59324486e+38,2.99368372e+47,3.19358453e+47,3.23567363e+47,4.35138933e+48,2.02747274e+52,2.02828641e+52,-7.67801187e+51,1.64438582e+52,-5.50398224e+05,-2.74380994e+05,1.97681665e+06,3.31872473e+05,1.90970294e+05,8.88088932e+04,0.00000000e+00,3.85830769e+09
6.27000000e+03,2.22094034e+01,2.92002873e+33,9.68722709e+38,5.63028737e+38,2.47052149e+38,2.99768966e+47,3.19452159e+47,3.24311409e+47,4.34849391e+48,2.02810975e+52,2.02892311e+52,-7.67220365e+51,1.64531293e+52,-5.47539468e+05,-2.72897336e+05,1.98181344e+06,3.31751088e+05,1.92816164e+05,8.46060678e+04,0.00000000e+00,3.85023271e+09
6.28000000e+03,2.22194005e+01,2.92002901e+33,9.68369672e+38,5.67404245e+38,2.36742816e+38,3.00097661e+47,3.19532113e+47,3.24960033e+47,4.34730343e+48,2.02863857e+52,2.02945162e+52,-7.66662257e+51,1.64612049e+52,-5.45101017e+05,-2.71622070e+05,1.98607801e+06,3.31630155e+05,1.94314592e+05,8.10755014e+04,0.00000000e+00,3.84259946e+09
6.29000000e+03,2.22290687e+01,2.92002928e+33,9.68074961e+38,5.71537858e+38,2.26778843e+38,3.00423416e+47,3.19608651e+47,3.25583654e+47,4.34520533e+48,2.02914395e+52,2.02995661e+52,-7.66065788e+51,1.64692372e+52,-5.42713439e+05,-2.70365821e+05,1.99015072e+06,3.31529196e+05,1.95730180e+05,7.76632085e+04,0.00000000e+00,3.83460040e+09
6.30000000e+03,2.22389371e+01,2.92002957e+33,9.67790540e+38,5.75637700e+38,2.16604679e+38,3.00752130e+47,3.19689038e+47,3.26211929e+47,4.34235983e+48,2.02965371e+52,2.03046591e+52,-7.65400594e+51,1.64776561e+52,-5.40243753e+05,-2.69062903e+05,1.99424924e+06,3.31431760e+05,1.97134202e+05,7.41789335e+04,0.00000000e+00,3.82547003e+09
6.31000000e+03,2.22503504e+01,2.92002994e+33,9.67449897e+38,5.80191026e+38,2.04857918e+38,3.01142966e+47,3.19781963e+47,3.26935090e+47,4.33775328e+48,2.03023543e+52,2.03104707e+52,-7.64562381e+51,1.64876588e+52,-5.37317119e+05,-2.67528369e+05,1.99881061e+06,3.31315061e+05,1.98693519e+05,7.01561018e+04,0.00000000e+00,3.81340068e+09
6.32000000e+03,2.22616701e+01,2.92003031e+33,9.67096846e+38,5.84569019e+38,1.93204241e+38,3.01538370e+47,3.19889781e+47,3.27647455e+47,4.33334497e+48,2.03080360e+52,2.03161466e+52,-7.63657113e+51,1.64978611e+52,-5.34334538e+05,-2.65978576e+05,2.00326928e+06,3.31194112e+05,2.00192792e+05,6.61651492e+04,0.00000000e+00,3.80031689e+09
6.33000000e+03,2.22735316e+01,2.92003071e+33,9.66737380e+38,5.89036428e+38,1.81003354e+38,3.01959512e+47,3.20014100e+47,3.28396081e+47,4.32817427e+48,2.03139016e+52,2.03220057e+52,-7.62632629e+51,1.65088426e+52,-5.31131040e+05,-2.64326160e+05,2.00782653e+06,3.31070963e+05,2.01722683e+05,6.19867982e+04,0.00000000e+00,3.78533146e+09
6.34000000e+03,2.22859545e+01,2.92003114e+33,9.66354256e+38,5.93470621e+38,1.68258544e+38,3.02419186e+47,3.20156906e+47,3.29198611e+47,4.32225942e+48,2.03199502e+52,2.03280472e+52,-7.61479542e+51,1.65206495e+52,-5.27701703e+05,-2.62566194e+05,2.01247494e+06,3.30939709e+05,2.03241196e+05,5.76221745e+04,0.00000000e+00,3.76826795e+09
6.35000000e+03,2.22992793e+01,2.92003164e+33,9.65816868e+38,5.98014306e+38,1.54645897e+38,3.02940009e+47,3.20319883e+47,3.30086897e+47,4.31507946e+48,2.03263371e+52,2.03344260e+52,-7.60156508e+51,1.65336435e+52,-5.23949969e+05,-2.60643499e+05,2.01729911e+06,3.30755617e+05,2.04797201e+05,5.29603498e+04,0.00000000e+00,3.74849217e+09
6.36000000e+03,2.23135502e+01,2.92003221e+33,9.65377936e+38,6.02642856e+38,1.40040393e+38,3.03516277e+47,3.20504267e+47,3.31013781e+47,4.30656881e+48,2.03330574e+52,2.03411372e+52,-7.58646576e+51,1.65479044e+52,-5.19858526e+05,-2.58543169e+05,2.02228264e+06,3.30605236e+05,2.06382263e+05,4.79585098e+04,0.00000000e+00,3.72579677e+09
6.37000000e+03,2.23288515e+01,2.92003285e+33,9.64914672e+38,6.07284690e+38,1.24422017e+38,3.04155290e+47,3.20710097e+47,3.31991029e+47,4.29652543e+48,2.03401244e+52,2.03481940e+52,-7.56929193e+51,1.65635480e+52,-5.15408069e+05,-2.56251805e+05,2.02741120e+06,3.30446512e+05,2.07971869e+05,4.26098004e+04,0.00000000e+00,3.69992538e+09
6.38000000e+03,2.23451886e+01,2.92003355e+33,9.64259256e+38,6.11647194e+38,1.07910564e+38,3.04872048e+47,3.20937865e+47,3.33037749e+47,4.28596198e+48,2.03474950e+52,2.03555532e+52,-7.54992355e+51,1.65805914e+52,-5.10615850e+05,-2.53764097e+05,2.03270560e+06,3.30221978e+05,2.09465810e+05,3.69552479e+04,0.00000000e+00,3.67040702e+09
6.39000000e+03,2.23602086e+01,2.92003412e+33,9.63487171e+38,6.15165045e+38,9.28239988e+37,3.05527486e+47,3.21150129e+47,3.34028736e+47,4.27559369e+48,2.03541799e+52,2.03622239e+52,-7.53128125e+51,1.65965833e+52,-5.06203954e+05,-2.51445533e+05,2.03766190e+06,3.29957504e+05,2.10670499e+05,3.17886693e+04,0.00000000e+00,3.64433487e+09
6.40000000e+03,2.23734323e+01,2.92003459e+33,9.62868264e+38,6.17937534e+38,7.97827460e+37,3.06116932e+47,3.21344467e+47,3.34890041e+47,4.26431143e+48,2.03599548e+52,2.03679829e+52,-7.51433604e+51,1.66108149e+52,-5.02339441e+05,-2.49378321e+05,2.04203223e+06,3.29745500e+05,2.11619937e+05,2.73225346e+04,0.00000000e+00,3.62115040e+09
6.41000000e+03,2.23918196e+01,2.92003546e+33,9.61976534e+38,6.21156028e+38,6.19349292e+37,3.06954883e+47,3.21591027e+47,3.36061024e+47,4.24466054e+48,2.03678185e+52,2.03758264e+52,-7.49012152e+51,1.66307657e+52,-4.96965078e+05,-2.46449523e+05,2.04741802e+06,3.29440018e+05,2.12722084e+05,2.12103346e+04,0.00000000e+00,3.58399703e+09
6.42000000e+03,2.24120786e+01,2.92003656e+33,9.61012435e+38,6.24004958e+38,4.26194063e+37,3.07874408e+47,3.21868228e+47,3.37311201e+47,4.22008563e+48,2.03763512e+52,2.03843367e+52,-7.46256232e+51,1.66530556e+52,-4.90992709e+05,-2.43162827e+05,2.05290310e+06,3.29109726e+05,2.13697652e+05,1.45955043e+04,0.00000000e+00,3.54450910e+09
6.43000000e+03,2.24334443e+01,2.92003773e+33,9.59982675e+38,6.26040835e+38,2.26717672e+37,3.08804189e+47,3.22151572e+47,3.38651762e+47,4.19395285e+48,2.03851332e+52,2.03930933e+52,-7.43260016e+51,1.66767932e+52,-4.84662979e+05,-2.39659630e+05,2.05842111e+06,3.28756942e+05,2.14394776e+05,7.76420350e+03,0.00000000e+00,3.50183968e+09
6.44000000e+03,2.24558485e+01,2.92003907e+33,9.58789148e+38,6.27526579e+38,2.08840326e+36,3.09741305e+47,3.22448823e+47,3.40015455e+47,4.16329707e+48,2.03941540e+52,2.04020863e+52,-7.40044181e+51,1.67018654e+52,-4.77973590e+05,-2.35978633e+05,2.06375534e+06,3.28348055e+05,2.14903487e+05,7.15197026e+02,0.00000000e+00,3.45694543e+09
6.45000000e+03,2.24817401e+01,2.92004084e+33,9.57307260e+38,6.28476115e+38,-2.14314914e+37,3.10819499e+47,3.22829353e+47,3.41537146e+47,4.12352647e+48,2.04043249e+52,2.04122253e+52,-7.36256521e+51,1.67309427e+52,-4.70179127e+05,-2.31748187e+05,2.06921535e+06,3.27840367e+05,2.15228536e+05,-7.33944920e+03,0.00000000e+00,3.40333716e+09
6.46000000e+03,2.25073071e+01,2.92004256e+33,9.55822180e+38,6.28420707e+38,-4.42800242e+37,3.11778000e+47,3.23236770e+47,3.42990483e+47,4.08258514e+48,2.04140622e+52,2.04219259e+52,-7.32453960e+51,1.67596561e+52,-4.62442413e+05,-2.27602562e+05,2.07432754e+06,3.27331592e+05,2.15209434e+05,-1.51641708e+04,0.00000000e+00,3.35204387e+09
6.47000000e+03,2.25316010e+01,2.92004413e+33,9.54244740e+38,6.27120767e+38,-6.57131164e+37,3.12660747e+47,3.23674658e+47,3.44326656e+47,4.03996612e+48,2.04230956e+52,2.04309158e+52,-7.28813103e+51,1.67868503e+52,-4.55096035e+05,-2.23699870e+05,2.07906173e+06,3.26791206e+05,2.14764141e+05,-2.25041518e+04,0.00000000e+00,3.30383152e+09
6.48000000e+03,2.25554458e+01,2.92004563e+33,9.52604774e+38,6.24813734e+38,-8.65949758e+37,3.13494013e+47,3.24172979e+47,3.45596102e+47,3.99377578e+48,2.04317810e+52,2.04395510e+52,-7.25242391e+51,1.68133390e+52,-4.47892936e+05,-2.19903223e+05,2.08350367e+06,3.26229413e+05,2.13973962e+05,-2.96553502e+04,0.00000000e+00,3.25630628e+09
6.49000000e+03,2.25782694e+01,2.92004702e+33,9.51125832e+38,6.21911575e+38,-1.06367632e+38,3.14225686e+47,3.24687085e+47,3.46744674e+47,3.94638486e+48,2.04399457e+52,2.04476603e+52,-7.21849471e+51,1.68384129e+52,-4.41001379e+05,-2.16298003e+05,2.08760092e+06,3.25722780e+05,2.12979987e+05,-3.64266847e+04,0.00000000e+00,3.21146781e+09
6.50000000e+03,2.26005159e+01,2.92004834e+33,9.49731770e+38,6.18451639e+38,-1.25600846e+38,3.14889090e+47,3.25210204e+47,3.47822808e+47,3.89712596e+48,2.04477823e+52,2.04554371e+52,-7.18590439e+51,1.68624849e+52,-4.34301724e+05,-2.12802359e+05,2.09141928e+06,3.25245222e+05,2.11795000e+05,-4.30132764e+04,0.00000000e+00,3.16849188e+09
6.51000000e+03,2.26228189e+01,2.92004966e+33,9.48771702e+38,6.14268774e+38,-1.44794549e+38,3.15516614e+47,3.25758093e+47,3.48877045e+47,3.84493353e+48,2.04555436e+52,2.04631342e+52,-7.15394433e+51,1.68861620e+52,-4.27600960e+05,-2.09318821e+05,2.09501291e+06,3.24916290e+05,2.10362441e+05,-4.95863310e+04,0.00000000e+00,3.12622863e+09
6.52000000e+03,2.26454680e+01,2.92005103e+33,9.48010987e+38,6.09535752e+38,-1.64238627e+38,3.16100090e+47,3.26326288e+47,3.49904443e+47,3.78978059e+48,2.04633387e+52,2.04708614e+52,-7.12243892e+51,1.69096419e+52,-4.20811522e+05,-2.05815054e+05,2.09839721e+06,3.24655623e+05,2.08741473e+05,-5.62451221e+04,0.00000000e+00,3.08463504e+09
6.53000000e+03,2.26683786e+01,2.92005242e+33,9.47305011e+38,6.04013398e+38,-1.83734588e+38,3.16669102e+47,3.26886647e+47,3.50899756e+47,3.73271497e+48,2.04711476e+52,2.04786000e+52,-7.09175226e+51,1.69327239e+52,-4.13963379e+05,-2.02304770e+05,2.10156752e+06,3.24413700e+05,2.06850190e+05,-6.29216745e+04,0.00000000e+00,3.04444067e+09
6.54000000e+03,2.26901582e+01,2.92005369e+33,9.46733820e+38,5.98249931e+38,-2.02198302e+38,3.17186671e+47,3.27414007e+47,3.51794639e+47,3.67809523e+48,2.04785170e+52,2.04859000e+52,-7.06385188e+51,1.69539741e+52,-4.07480543e+05,-1.98989183e+05,2.10447403e+06,3.24217950e+05,2.04876346e+05,-6.92447205e+04,0.00000000e+00,3.00882943e+09
6.55000000e+03,2.27120733e+01,2.92005497e+33,9.46198743e+38,5.91976571e+38,-2.20862739e+38,3.17683048e+47,3.27931600e+47,3.52652951e+47,3.62225843e+48,2.04859235e+52,2.04932362e+52,-7.03722073e+51,1.69746258e+52,-4.00990240e+05,-1.95671215e+05,2.10720363e+06,3.24034565e+05,2.02727886e+05,-7.56365005e+04,0.00000000e+00,2.97485169e+09
6.56000000e+03,2.27353441e+01,2.92005641e+33,9.45639761e+38,5.84928733e+38,-2.40644032e+38,3.18188533e+47,3.28487503e+47,3.53493270e+47,3.56270584e+48,2.04937888e+52,2.05010283e+52,-7.01066499e+51,1.69956958e+52,-3.94126257e+05,-1.92170594e+05,2.10979063e+06,3.23842977e+05,2.00314190e+05,-8.24107478e+04,0.00000000e+00,2.94080510e+09
6.57000000e+03,2.27597924e+01,2.92005799e+33,9.45303351e+38,5.77035445e+38,-2.61416520e+38,3.18683172e+47,3.29091489e+47,3.54268732e+47,3.50184677e+48,2.05020325e+52,2.05091984e+52,-6.98475949e+51,1.70168186e+52,-3.86948566e+05,-1.88523438e+05,2.11218162e+06,3.23727595e+05,1.97610954e+05,-8.95244276e+04,0.00000000e+00,2.90764217e+09
6.58000000e+03,2.27834604e+01,2.92005941e+33,9.45274482e+38,5.68854224e+38,-2.81661189e+38,3.19079594e+47,3.29681054e+47,3.54970881e+47,3.44569815e+48,2.05100145e+52,2.05171084e+52,-6.96170855e+51,1.70362542e+52,-3.80049077e+05,-1.85040906e+05,2.11445387e+06,3.23717552e+05,1.94809127e+05,-9.64573488e+04,0.00000000e+00,2.87932460e+09
6.59000000e+03,2.28069966e+01,2.92006088e+33,9.45551708e+38,5.60348606e+38,-3.01902811e+38,3.19439874e+47,3.30255478e+47,3.55603424e+47,3.39212289e+48,2.05179806e+52,2.05250072e+52,-6.94093039e+51,1.70545421e+52,-3.73213331e+05,-1.81615855e+05,2.11642912e+06,3.23812327e+05,1.91896207e+05,-1.03389218e+05,0.00000000e+00,2.85324746e+09
6.60000000e+03,2.28319355e+01,2.92006252e+33,9.45970316e+38,5.50949357e+38,-3.23639749e+38,3.19778215e+47,3.30865067e+47,3.56196278e+47,3.33864823e+48,2.05264804e+52,2.05334413e+52,-6.92131293e+51,1.70727848e+52,-3.65989956e+05,-1.78033247e+05,2.11819577e+06,3.23955501e+05,1.88677247e+05,-1.10833158e+05,0.00000000e+00,2.82843958e+09
6.61000000e+03,2.28582475e+01,2.92006426e+33,9.46616291e+38,5.40547381e+38,-3.46992929e+38,3.20078038e+47,3.31519199e+47,3.56775920e+47,3.28799863e+48,2.05354941e+52,2.05423910e+52,-6.90331176e+51,1.70907351e+52,-3.58393914e+05,-1.74332254e+05,2.11983562e+06,3.24176527e+05,1.85114892e+05,-1.18830580e+05,0.00000000e+00,2.80670857e+09
6.62000000e+03,2.28854726e+01,2.92006620e+33,9.47240325e+38,5.30039528e+38,-3.71417980e+38,3.20364901e+47,3.32179164e+47,3.57338282e+47,3.24148607e+48,2.05448848e+52,2.05517256e+52,-6.88767960e+51,1.71078858e+52,-3.50551654e+05,-1.70566439e+05,2.12107531e+06,3.24390017e+05,1.81516271e+05,-1.27195054e+05,0.00000000e+00,2.78688496e+09
6.63000000e+03,2.29135590e+01,2.92006827e+33,9.47947705e+38,5.19527019e+38,-3.96979142e+38,3.20636075e+47,3.32829526e+47,3.57900105e+47,3.20169415e+48,2.05546864e+52,2.05614787e+52,-6.87470603e+51,1.71241257e+52,-3.42467667e+05,-1.66734212e+05,2.12202381e+06,3.24632035e+05,1.77916052e+05,-1.35948582e+05,0.00000000e+00,2.77064429e+09
6.64000000e+03,2.29434821e+01,2.92007061e+33,9.48281185e+38,5.08811046e+38,-4.24618870e+38,3.20857856e+47,3.33483873e+47,3.58445332e+47,3.16834944e+48,2.05652850e+52,2.05720378e+52,-6.86444603e+51,1.71398148e+52,-3.33854253e+05,-1.62709223e+05,2.12257313e+06,3.24745978e+05,1.74246145e+05,-1.45413905e+05,0.00000000e+00,2.75720090e+09
6.65000000e+03,2.29751384e+01,2.92007322e+33,9.48291948e+38,4.98235676e+38,-4.54091705e+38,3.21060654e+47,3.34148637e+47,3.58942591e+47,3.14461512e+48,2.05766571e+52,2.05833831e+52,-6.85759874e+51,1.71545837e+52,-3.24734251e+05,-1.58517791e+05,2.12264617e+06,3.24749373e+05,1.70624378e+05,-1.55506958e+05,0.00000000e+00,2.74778926e+09
6.66000000e+03,2.30076429e+01,2.92007597e+33,9.47789719e+38,4.88543838e+38,-4.84679075e+38,3.21231992e+47,3.34878431e+47,3.59453772e+47,3.13315664e+48,2.05885277e+52,2.05952410e+52,-6.85487523e+51,1.71678034e+52,-3.15382957e+05,-1.54264529e+05,2.12229369e+06,3.24577076e+05,1.67305181e+05,-1.65981666e+05,0.00000000e+00,2.74343712e+09
6.67000000e+03,2.30398011e+01,2.92007865e+33,9.47022942e+38,4.80031213e+38,-5.15123378e+38,3.21343325e+47,3.35610122e+47,3.59921839e+47,3.13462285e+48,2.06004848e+52,2.06071982e+52,-6.85652127e+51,1.71789376e+52,-3.06159969e+05,-1.50095034e+05,2.12167299e+06,3.24314190e+05,1.64389823e+05,-1.76407364e+05,0.00000000e+00,2.74441102e+09
6.68000000e+03,2.30716777e+01,2.92008130e+33,9.46064247e+38,4.72872742e+38,-5.45994249e+38,3.21397581e+47,3.36313549e+47,3.60320058e+47,3.14795132e+48,2.06125894e+52,2.06193141e+52,-6.86249874e+51,1.71880647e+52,-2.97040766e+05,-1.45991893e+05,2.12077893e+06,3.23985585e+05,1.61938211e+05,-1.86979126e+05,0.00000000e+00,2.75041834e+09
6.69000000e+03,2.31031967e+01,2.92008388e+33,9.45414899e+38,4.67103925e+38,-5.77540757e+38,3.21407005e+47,3.36976522e+47,3.60701868e+47,3.17222198e+48,2.06248364e+52,2.06315832e+52,-6.87270229e+51,1.71952320e+52,-2.88030924e+05,-1.41965406e+05,2.11961642e+06,3.23762925e+05,1.59962502e+05,-1.97782249e+05,0.00000000e+00,2.76200337e+09
6.70000000e+03,2.31355761e+01,2.92008648e+33,9.45154264e+38,4.62711818e+38,-6.11054847e+38,3.21378272e+47,3.37703365e+47,3.61077381e+47,3.20743564e+48,2.06377407e+52,2.06445192e+52,-6.88762025e+51,1.72007090e+52,-2.78787125e+05,-1.37814987e+05,2.11817828e+06,3.23673381e+05,1.58458258e+05,-2.09259161e+05,0.00000000e+00,2.77939997e+09
6.71000000e+03,2.31688776e+01,2.92008936e+33,9.45023589e+38,4.59654425e+38,-6.46510018e+38,3.21393376e+47,3.38525243e+47,3.61382166e+47,3.25308175e+48,2.06513754e+52,2.06582012e+52,-6.90750513e+51,1.72044486e+52,-2.69197770e+05,-1.33576514e+05,2.11601768e+06,3.23628312e+05,1.57411082e+05,-2.21400765e+05,0.00000000e+00,2.80223151e+09
6.72000000e+03,2.32015841e+01,2.92009214e+33,9.44954604e+38,4.57499966e+38,-6.82251219e+38,3.21332589e+47,3.39359384e+47,3.61654588e+47,3.30839068e+48,2.06651194e+52,2.06720006e+52,-6.93130438e+51,1.72063484e+52,-2.59744376e+05,-1.29406515e+05,2.11355382e+06,3.23604380e+05,1.56673127e+05,-2.33640306e+05,0.00000000e+00,2.83055596e+09
6.73000000e+03,2.32328199e+01,2.92009468e+33,9.45124990e+38,4.56169381e+38,-7.17067964e+38,3.21213743e+47,3.40176323e+47,3.61916970e+47,3.36908840e+48,2.06786125e+52,2.06855527e+52,-6.95783657e+51,1.72066344e+52,-2.50681408e+05,-1.25381845e+05,2.11101930e+06,3.23662448e+05,1.56217326e+05,-2.45563259e+05,0.00000000e+00,2.86318969e+09
6.74000000e+03,2.32639864e+01,2.92009721e+33,9.45556587e+38,4.55662502e+38,-7.52549017e+38,3.21078465e+47,3.40897173e+47,3.62142117e+47,3.43432987e+48,2.06924474e+52,2.06994525e+52,-6.98778325e+51,1.72055608e+52,-2.41570170e+05,-1.21327290e+05,2.10817880e+06,3.23809969e+05,1.56043608e+05,-2.57713687e+05,0.00000000e+00,2.90046244e+09
6.75000000e+03,2.32955067e+01,2.92009979e+33,9.46352926e+38,4.56336824e+38,-7.88928411e+38,3.20883347e+47,3.41594749e+47,3.62327271e+47,3.50418422e+48,2.07067773e+52,2.07138538e+52,-7.02120510e+51,1.72032512e+52,-2.32280937e+05,-1.17207515e+05,2.10492822e+06,3.24082392e+05,1.56274394e+05,-2.70171729e+05,0.00000000e+00,2.94199816e+09
6.76000000e+03,2.33277424e+01,2.92010249e+33,9.46951774e+38,4.58046865e+38,-8.26666355e+38,3.20714559e+47,3.42250811e+47,3.62537585e+47,3.57760288e+48,2.07218328e+52,2.07289875e+52,-7.05822910e+51,1.71998729e+52,-2.22723996e+05,-1.12967084e+05,2.10118836e+06,3.24287170e+05,1.56859859e+05,-2.83094980e+05,0.00000000e+00,2.98813343e+09
6.77000000e+03,2.33599990e+01,2.92010519e+33,9.47381508e+38,4.60713665e+38,-8.65346409e+38,3.20631168e+47,3.42857761e+47,3.62795743e+47,3.65306986e+48,2.07372658e+52,2.07445033e+52,-7.09773371e+51,1.71956365e+52,-2.13112988e+05,-1.08681445e+05,2.09709383e+06,3.24434034e+05,1.57772969e+05,-2.96340834e+05,0.00000000e+00,3.03743747e+09
6.78000000e+03,2.33905982e+01,2.92010763e+33,9.47432059e+38,4.64499575e+38,-9.02938901e+38,3.20528319e+47,3.43401008e+47,3.63069741e+47,3.72600934e+48,2.07522771e+52,2.07595935e+52,-7.13715122e+51,1.71910179e+52,-2.03967419e+05,-1.04548276e+05,2.09311337e+06,3.24451074e+05,1.59069333e+05,-3.09214253e+05,0.00000000e+00,3.08802639e+09
6.79000000e+03,2.34202373e+01,2.92010993e+33,9.47357328e+38,4.69133890e+38,-9.39642897e+38,3.20380285e+47,3.43874506e+47,3.63315825e+47,3.79501349e+48,2.07671675e+52,2.07745594e+52,-7.17684915e+51,1.71861348e+52,-1.95097671e+05,-1.00459011e+05,2.08912779e+06,3.24425228e+05,1.60656243e+05,-3.21783399e+05,0.00000000e+00,3.13955730e+09
6.80000000e+03,2.34494920e+01,2.92011206e+33,9.46969406e+38,4.74846347e+38,-9.76101565e+38,3.20163393e+47,3.44311363e+47,3.63539800e+47,3.86098682e+48,2.07821912e+52,2.07896536e+52,-7.21714458e+51,1.71810813e+52,-1.86325183e+05,-9.63286693e+04,2.08517007e+06,3.24292146e+05,1.62612372e+05,-3.34268530e+05,0.00000000e+00,3.19275829e+09
6.81000000e+03,2.34773961e+01,2.92011410e+33,9.46477166e+38,4.81261483e+38,-1.01094758e+39,3.19899859e+47,3.44681264e+47,3.63770417e+47,3.91977429e+48,2.07967919e+52,2.08043203e+52,-7.25630717e+51,1.71761667e+52,-1.77934399e+05,-9.23228421e+04,2.08110850e+06,3.24123351e+05,1.64809136e+05,-3.46201396e+05,0.00000000e+00,3.24402555e+09
6.82000000e+03,2.35045098e+01,2.92011603e+33,9.45985607e+38,4.88265847e+38,-1.04479721e+39,3.19567042e+47,3.44984715e+47,3.63958939e+47,3.97311035e+48,2.08112601e+52,2.08188497e+52,-7.29468718e+51,1.71715061e+52,-1.69775584e+05,-8.83426487e+04,2.07701291e+06,3.23954801e+05,1.67207687e+05,-3.57793045e+05,0.00000000e+00,3.29547752e+09
6.83000000e+03,2.35319818e+01,2.92011791e+33,9.45357714e+38,4.95873467e+38,-1.07907270e+39,3.19158789e+47,3.45211970e+47,3.64074735e+47,4.02288383e+48,2.08261765e+52,2.08338246e+52,-7.33357614e+51,1.71670366e+52,-1.61484893e+05,-8.42093997e+04,2.07274676e+06,3.23739569e+05,1.69812823e+05,-3.69530524e+05,0.00000000e+00,3.34844280e+09
6.84000000e+03,2.35594242e+01,2.92011989e+33,9.44711965e+38,5.03583022e+38,-1.11316853e+39,3.18759618e+47,3.45394474e+47,3.64137617e+47,4.06728399e+48,2.08412579e+52,2.08489646e+52,-7.37200185e+51,1.71629637e+52,-1.53184945e+05,-8.00501163e+04,2.06802699e+06,3.23518212e+05,1.72452858e+05,-3.81206448e+05,0.00000000e+00,3.40081968e+09
6.85000000e+03,2.35857271e+01,2.92012171e+33,9.44050387e+38,5.10981274e+38,-1.14569726e+39,3.18334936e+47,3.45542309e+47,3.64156294e+47,4.10706880e+48,2.08558661e+52,2.08636259e+52,-7.40798815e+51,1.71596318e+52,-1.45205314e+05,-7.60092452e+04,2.06337604e+06,3.23291452e+05,1.74986293e+05,-3.92345721e+05,0.00000000e+00,3.45135617e+09
6.86000000e+03,2.36119183e+01,2.92012351e+33,9.43358311e+38,5.18192362e+38,-1.17783181e+39,3.17850635e+47,3.45649976e+47,3.64119240e+47,4.14187637e+48,2.08706270e+52,2.08784370e+52,-7.44262326e+51,1.71571253e+52,-1.37225225e+05,-7.19172045e+04,2.05853907e+06,3.23054250e+05,1.77455631e+05,-4.03349997e+05,0.00000000e+00,3.50072903e+09
6.87000000e+03,2.36383597e+01,2.92012535e+33,9.42676510e+38,5.25341257e+38,-1.21000345e+39,3.17297367e+47,3.45720354e+47,3.64040463e+47,4.17307324e+48,2.08856617e+52,2.08935208e+52,-7.47590351e+51,1.71555690e+52,-1.29152568e+05,-6.77089085e+04,2.05336892e+06,3.22820563e+05,1.79903666e+05,-4.14366955e+05,0.00000000e+00,3.54824699e+09
6.88000000e+03,2.36646806e+01,2.92012717e+33,9.41974555e+38,5.32330568e+38,-1.24179558e+39,3.16692829e+47,3.45791055e+47,3.63920462e+47,4.20122333e+48,2.09006988e+52,2.09086058e+52,-7.50688752e+51,1.71551621e+52,-1.21097735e+05,-6.34308279e+04,2.04796758e+06,3.22579977e+05,1.82297050e+05,-4.25253936e+05,0.00000000e+00,3.59299814e+09
6.89000000e+03,2.36909162e+01,2.92012898e+33,9.41399093e+38,5.39115616e+38,-1.27342379e+39,3.16035425e+47,3.45803157e+47,3.63732725e+47,4.22703542e+48,2.09157149e+52,2.09236689e+52,-7.53522756e+51,1.71560551e+52,-1.13039320e+05,-5.90753887e+04,2.04232796e+06,3.22382709e+05,1.84620480e+05,-4.36084775e+05,0.00000000e+00,3.63446093e+09
6.90000000e+03,2.37171434e+01,2.92013067e+33,9.41008764e+38,5.45677158e+38,-1.30478737e+39,3.15324175e+47,3.45767242e+47,3.63487889e+47,4.25179589e+48,2.09307454e+52,2.09387418e+52,-7.56066666e+51,1.71584085e+52,-1.04888044e+05,-5.45959429e+04,2.03671796e+06,3.22248855e+05,1.86867377e+05,-4.46824994e+05,0.00000000e+00,3.67236887e+09
6.91000000e+03,2.37431674e+01,2.92013245e+33,9.40656746e+38,5.52091760e+38,-1.33591134e+39,3.14697564e+47,3.45690164e+47,3.63190864e+47,4.27420644e+48,2.09456178e+52,2.09536590e+52,-7.58274361e+51,1.71622872e+52,-9.67704757e+04,-5.00902343e+04,2.03064128e+06,3.22128110e+05,1.89063945e+05,-4.57483132e+05,0.00000000e+00,3.70444671e+09
6.92000000e+03,2.37691552e+01,2.92013423e+33,9.40187820e+38,5.58163373e+38,-1.36695556e+39,3.14102747e+47,3.45591853e+47,3.62874651e+47,4.29606609e+48,2.09604670e+52,2.09685526e+52,-7.60129445e+51,1.71679054e+52,-8.86389516e+04,-4.55204351e+04,2.02432284e+06,3.21967330e+05,1.91143054e+05,-4.68113947e+05,0.00000000e+00,3.73255855e+09
6.93000000e+03,2.37953804e+01,2.92013604e+33,9.39594857e+38,5.63677425e+38,-1.39814973e+39,3.13539709e+47,3.45443111e+47,3.62508658e+47,4.31872547e+48,2.09753457e+52,2.09834777e+52,-7.61622231e+51,1.71753665e+52,-8.04130470e+04,-4.08274251e+04,2.01762687e+06,3.21764070e+05,1.93031221e+05,-4.78796094e+05,0.00000000e+00,3.75520783e+09
6.94000000e+03,2.38204342e+01,2.92013769e+33,9.38837962e+38,5.68407219e+38,-1.42759245e+39,3.12997724e+47,3.45301300e+47,3.62130339e+47,4.34230223e+48,2.09894562e+52,2.09976310e+52,-7.62674920e+51,1.71842564e+52,-7.25410214e+04,-3.62554988e+04,2.01112573e+06,3.21504689e+05,1.94650828e+05,-4.88878471e+05,0.00000000e+00,3.77179284e+09
6.95000000e+03,2.38459310e+01,2.92013933e+33,9.37787293e+38,5.72620776e+38,-1.45721785e+39,3.12460221e+47,3.45160031e+47,3.61728295e+47,4.36685548e+48,2.10037656e+52,2.10119819e+52,-7.63367208e+51,1.71951459e+52,-6.45363038e+04,-3.15265296e+04,2.00440951e+06,3.21144709e+05,1.96093649e+05,-4.99023398e+05,0.00000000e+00,3.78380749e+09
6.96000000e+03,2.38717332e+01,2.92014100e+33,9.36508465e+38,5.76267543e+38,-1.48677582e+39,3.11894688e+47,3.45005222e+47,3.61312340e+47,4.39163742e+48,2.10180506e+52,2.10263092e+52,-7.63677734e+51,1.72079206e+52,-5.64570338e+04,-2.66881416e+04,1.99729300e+06,3.20706591e+05,1.97342369e+05,-5.09145217e+05,0.00000000e+00,3.78918052e+09
6.97000000e+03,2.38972924e+01,2.92014272e+33,9.35051166e+38,5.79100167e+38,-1.51538959e+39,3.11319680e+47,3.44831046e+47,3.60840172e+47,4.41677922e+48,2.10320061e+52,2.10403088e+52,-7.63593668e+51,1.72223404e+52,-4.84896142e+04,-2.18685245e+04,1.98979749e+06,3.20207351e+05,1.98312282e+05,-5.18943672e+05,0.00000000e+00,3.78809617e+09
6.98000000e+03,2.39233390e+01,2.92014451e+33,9.33482072e+38,5.80892490e+38,-1.54399482e+39,3.10729964e+47,3.44621962e+47,3.60273708e+47,4.44405770e+48,2.10460181e+52,2.10543664e+52,-7.63097436e+51,1.72388792e+52,-4.04239398e+04,-1.69534681e+04,1.98177574e+06,3.19669821e+05,1.98925940e+05,-5.28739181e+05,0.00000000e+00,3.78203519e+09
6.99000000e+03,2.39498760e+01,2.92014636e+33,9.31733163e+38,5.81549121e+38,-1.57262850e+39,3.10164805e+47,3.44413621e+47,3.59648791e+47,4.47321879e+48,2.10600195e+52,2.10684148e+52,-7.62163958e+51,1.72575950e+52,-3.22519553e+04,-1.19605706e+04,1.97322639e+06,3.19070707e+05,1.99150676e+05,-5.38544412e+05,0.00000000e+00,3.76952723e+09
7.00000000e+03,2.39757621e+01,2.92014812e+33,9.29978531e+38,5.81174602e+38,-1.59988111e+39,3.09646868e+47,3.44259493e+47,3.58976727e+47,4.50306191e+48,2.10734241e+52,2.10818623e+52,-7.60840718e+51,1.72776587e+52,-2.42847023e+04,-7.10796412e+03,1.96467801e+06,3.18469643e+05,1.99022302e+05,-5.47876698e+05,0.00000000e+00,3.75191346e+09
7.01000000e+03,2.40004733e+01,2.92014974e+33,9.28441141e+38,5.79775469e+38,-1.62525753e+39,3.09162386e+47,3.44131108e+47,3.58264579e+47,4.53114130e+48,2.10859902e+52,2.10944635e+52,-7.59211763e+51,1.72984047e+52,-1.66498485e+04,-2.49276631e+03,1.95643645e+06,3.17942991e+05,1.98543062e+05,-5.56566506e+05,0.00000000e+00,3.73005068e+09
7.02000000e+03,2.40240890e+01,2.92015121e+33,9.27094267e+38,5.77530847e+38,-1.64894461e+39,3.08699227e+47,3.43943599e+47,3.57517055e+47,4.55641082e+48,2.10977429e+52,2.11062432e+52,-7.57339771e+51,1.73195443e+52,-9.33640979e+03,1.89414812e+03,1.94848375e+06,3.17481596e+05,1.97774295e+05,-5.64677816e+05,0.00000000e+00,3.70454433e+09
7.03000000e+03,2.40466333e+01,2.92015250e+33,9.25887160e+38,5.74642409e+38,-1.67114401e+39,3.08233741e+47,3.43717022e+47,3.56775972e+47,4.57838587e+48,2.11087542e+52,2.11172707e+52,-7.55285371e+51,1.73408438e+52,-2.31795723e+03,6.07549552e+03,1.94099547e+06,3.17068085e+05,1.96785068e+05,-5.72279704e+05,0.00000000e+00,3.67662527e+09
7.04000000e+03,2.40681769e+01,2.92015374e+33,9.24828105e+38,5.71070347e+38,-1.69185913e+39,3.07787242e+47,3.43456735e+47,3.56036236e+47,4.59610401e+48,2.11190771e+52,2.11276045e+52,-7.53101107e+51,1.73620989e+52,4.38851349e+03,1.00246517e+04,1.93363672e+06,3.16705279e+05,1.95561740e+05,-5.79373306e+05,0.00000000e+00,3.64618866e+09
7.05000000e+03,2.40888275e+01,2.92015488e+33,9.23848864e+38,5.66972877e+38,-1.71130931e+39,3.07344289e+47,3.43172198e+47,3.55312621e+47,4.61028147e+48,2.11288095e+52,2.11373414e+52,-7.50819826e+51,1.73832423e+52,1.08222321e+04,1.37609441e+04,1.92649500e+06,3.16369817e+05,1.94158495e+05,-5.86033747e+05,0.00000000e+00,3.61469443e+09
7.06000000e+03,2.41088258e+01,2.92015595e+33,9.23009006e+38,5.62387856e+38,-1.72977607e+39,3.06928565e+47,3.42903821e+47,3.54565891e+47,4.62049527e+48,2.11380727e+52,2.11466033e+52,-7.48454342e+51,1.74043316e+52,1.70610655e+04,1.73343327e+04,1.91948313e+06,3.16082093e+05,1.92588295e+05,-5.92357427e+05,0.00000000e+00,3.58205836e+09
7.07000000e+03,2.41285422e+01,2.92015700e+33,9.22366165e+38,5.57246015e+38,-1.74765667e+39,3.06512151e+47,3.42673106e+47,3.53811867e+47,4.62661013e+48,2.11470488e+52,2.11555727e+52,-7.45989866e+51,1.74256234e+52,2.32144325e+04,2.08150870e+04,1.91242772e+06,3.15861841e+05,1.90827416e+05,-5.98480381e+05,0.00000000e+00,3.54779278e+09
7.08000000e+03,2.41482749e+01,2.92015805e+33,9.21733074e+38,5.51477491e+38,-1.76533025e+39,3.06077106e+47,3.42450166e+47,3.53035616e+47,4.62858528e+48,2.11558879e+52,2.11644005e+52,-7.43409758e+51,1.74473517e+52,2.93620809e+04,2.42510188e+04,1.90518310e+06,3.15644927e+05,1.88851933e+05,-6.04532435e+05,0.00000000e+00,3.51179612e+09
7.09000000e+03,2.41682701e+01,2.92015912e+33,9.21042933e+38,5.44835084e+38,-1.78286532e+39,3.05660788e+47,3.42220799e+47,3.52229208e+47,4.62634650e+48,2.11646975e+52,2.11731944e+52,-7.40697821e+51,1.74697053e+52,3.55772325e+04,2.76688349e+04,1.89762551e+06,3.15408474e+05,1.86577190e+05,-6.10537044e+05,0.00000000e+00,3.47397801e+09
7.10000000e+03,2.41888813e+01,2.92016026e+33,9.20387210e+38,5.37094290e+38,-1.80065593e+39,3.05257760e+47,3.42016269e+47,3.51395022e+47,4.61940904e+48,2.11736351e+52,2.11821120e+52,-7.37819121e+51,1.74930164e+52,4.19618776e+04,3.11129491e+04,1.88957678e+06,3.15183801e+05,1.83926306e+05,-6.16629146e+05,0.00000000e+00,3.43397286e+09
7.11000000e+03,2.42107474e+01,2.92016153e+33,9.19723357e+38,5.28021280e+38,-1.81912176e+39,3.04859745e+47,3.41820954e+47,3.50498055e+47,4.60680084e+48,2.11829976e+52,2.11914503e+52,-7.34694089e+51,1.75179798e+52,4.86829536e+04,3.46765290e+04,1.88069153e+06,3.14956329e+05,1.80819203e+05,-6.22952442e+05,0.00000000e+00,3.39060153e+09
7.12000000e+03,2.42346083e+01,2.92016304e+33,9.19198749e+38,5.17271421e+38,-1.83881312e+39,3.04455641e+47,3.41614910e+47,3.49505086e+47,4.58707329e+48,2.11930600e+52,2.12014843e+52,-7.31224006e+51,1.75453643e+52,5.59340910e+04,3.84430282e+04,1.87050546e+06,3.14776516e+05,1.77137856e+05,-6.29695359e+05,0.00000000e+00,3.34244567e+09
7.13000000e+03,2.42607091e+01,2.92016484e+33,9.18663339e+38,5.04492694e+38,-1.86015545e+39,3.04053550e+47,3.41391687e+47,3.48375619e+47,4.55923827e+48,2.12038725e+52,2.12122641e+52,-7.27383157e+51,1.75753483e+52,6.37788485e+04,4.24062313e+04,1.85876890e+06,3.14592973e+05,1.72761718e+05,-6.37003577e+05,0.00000000e+00,3.28951622e+09
7.14000000e+03,2.42874440e+01,2.92016672e+33,9.18104046e+38,4.90416945e+38,-1.88180797e+39,3.03657111e+47,3.41186322e+47,3.47201975e+47,4.52541303e+48,2.12147180e+52,2.12230710e+52,-7.23428934e+51,1.76059263e+52,7.17643378e+04,4.63285526e+04,1.84634311e+06,3.14401243e+05,1.67941420e+05,-6.44417990e+05,0.00000000e+00,3.23637526e+09
7.15000000e+03,2.43136567e+01,2.92016852e+33,9.17430604e+38,4.75601939e+38,-1.90287432e+39,3.03214635e+47,3.40961968e+47,3.46033894e+47,4.48619135e+48,2.12251641e+52,2.12334711e+52,-7.19568890e+51,1.76356266e+52,7.96082094e+04,5.00659391e+04,1.83400257e+06,3.14170431e+05,1.62867977e+05,-6.51631681e+05,0.00000000e+00,3.18540756e+09
7.16000000e+03,2.43397708e+01,2.92017032e+33,9.16669534e+38,4.60066708e+38,-1.92366082e+39,3.02756563e+47,3.40759671e+47,3.44818808e+47,4.44048892e+48,2.12354206e+52,2.12436738e+52,-7.15777289e+51,1.76647874e+52,8.74594866e+04,5.36669656e+04,1.82153328e+06,3.13909613e+05,1.57547902e+05,-6.58749527e+05,0.00000000e+00,3.13575429e+09
7.17000000e+03,2.43661352e+01,2.92017215e+33,9.15797068e+38,4.43923139e+38,-1.94433848e+39,3.02304601e+47,3.40568004e+47,3.43567038e+47,4.38852694e+48,2.12456337e+52,2.12538263e+52,-7.12033272e+51,1.76936600e+52,9.54100476e+04,5.71595607e+04,1.80869691e+06,3.13610644e+05,1.52019510e+05,-6.65830088e+05,0.00000000e+00,3.08721576e+09
7.18000000e+03,2.43922795e+01,2.92017395e+33,9.14818738e+38,4.27483204e+38,-1.96479068e+39,3.01834099e+47,3.40358670e+47,3.42324159e+47,4.33251134e+48,2.12556413e+52,2.12637676e+52,-7.08427249e+51,1.77216314e+52,1.03325550e+05,6.04742396e+04,1.79576992e+06,3.13275426e+05,1.46389637e+05,-6.72833438e+05,0.00000000e+00,3.04083092e+09
7.19000000e+03,2.44179887e+01,2.92017569e+33,9.13609380e+38,4.11035392e+38,-1.98472024e+39,3.01346234e+47,3.40150133e+47,3.41103356e+47,4.27366389e+48,2.12654018e+52,2.12734576e+52,-7.05009137e+51,1.77484119e+52,1.11166964e+05,6.35867197e+04,1.78293381e+06,3.12861101e+05,1.40757076e+05,-6.79657821e+05,0.00000000e+00,2.99717039e+09
7.20000000e+03,2.44438974e+01,2.92017746e+33,9.12198245e+38,3.94061719e+38,-2.00474706e+39,3.00790516e+47,3.39997596e+47,3.39913991e+47,4.21131518e+48,2.12751842e+52,2.12831660e+52,-7.01717694e+51,1.77745775e+52,1.19120122e+05,6.65555403e+04,1.76980587e+06,3.12377675e+05,1.34944443e+05,-6.86515492e+05,0.00000000e+00,2.95514129e+09
7.21000000e+03,2.44704487e+01,2.92017931e+33,9.10406039e+38,3.76473072e+38,-2.02494881e+39,3.00192004e+47,3.39906377e+47,3.38759656e+47,4.14580910e+48,2.12851604e+52,2.12930660e+52,-6.98526772e+51,1.78004321e+52,1.27295273e+05,6.94023011e+04,1.75607771e+06,3.11763745e+05,1.28921218e+05,-6.93433038e+05,0.00000000e+00,2.91436382e+09
7.22000000e+03,2.44967428e+01,2.92018113e+33,9.08564226e+38,3.58872121e+38,-2.04495717e+39,2.99554071e+47,3.39853712e+47,3.37639062e+47,4.08160003e+48,2.12949886e+52,2.13028182e+52,-6.95567402e+51,1.78249812e+52,1.35418923e+05,7.20251195e+04,1.74230038e+06,3.11132833e+05,1.22893788e+05,-7.00284359e+05,0.00000000e+00,2.87706070e+09
7.23000000e+03,2.45223427e+01,2.92018278e+33,9.06669543e+38,3.41462278e+38,-2.06458764e+39,2.98856508e+47,3.39849459e+47,3.36558346e+47,4.02077186e+48,2.13045591e+52,2.13123121e+52,-6.92896681e+51,1.78478287e+52,1.43396051e+05,7.44093269e+04,1.72895104e+06,3.10483834e+05,1.16931817e+05,-7.07006307e+05,0.00000000e+00,2.84463891e+09
7.24000000e+03,2.45476277e+01,2.92018446e+33,9.04627221e+38,3.24254540e+38,-2.08412793e+39,2.98163014e+47,3.39843612e+47,3.35519683e+47,3.96125492e+48,2.13140222e+52,2.13217024e+52,-6.90486151e+51,1.78692717e+52,1.51342786e+05,7.66028892e+04,1.71555941e+06,3.09784273e+05,1.11039061e+05,-7.13697356e+05,0.00000000e+00,2.81404925e+09
7.25000000e+03,2.45722387e+01,2.92018606e+33,9.02330896e+38,3.07293750e+38,-2.10322655e+39,2.97488742e+47,3.39826216e+47,3.34548259e+47,3.90685429e+48,2.13232537e+52,2.13308654e+52,-6.88363087e+51,1.78890500e+52,1.59095677e+05,7.85772441e+04,1.70240322e+06,3.08997741e+05,1.05230880e+05,-7.20237171e+05,0.00000000e+00,2.78799362e+09
7.26000000e+03,2.45960740e+01,2.92018757e+33,8.99961643e+38,2.91055894e+38,-2.12185351e+39,2.96840532e+47,3.39820885e+47,3.33642761e+47,3.85793693e+48,2.13322505e+52,2.13397988e+52,-6.86526573e+51,1.79071660e+52,1.66647694e+05,8.03472045e+04,1.68960994e+06,3.08186246e+05,9.96702737e+04,-7.26615485e+05,0.00000000e+00,2.76545776e+09
7.27000000e+03,2.46199747e+01,2.92018908e+33,8.97508814e+38,2.75023724e+38,-2.14083077e+39,2.96191873e+47,3.39829190e+47,3.32735357e+47,3.81271827e+48,2.13413272e+52,2.13488165e+52,-6.84912008e+51,1.79242564e+52,1.74246071e+05,8.19809511e+04,1.67665102e+06,3.07346130e+05,9.41801082e+04,-7.33113751e+05,0.00000000e+00,2.74545158e+09
7.28000000e+03,2.46437742e+01,2.92019058e+33,8.95120171e+38,2.59539471e+38,-2.16005942e+39,2.95515960e+47,3.39846395e+47,3.31777297e+47,3.77265359e+48,2.13504236e+52,2.13578597e+52,-6.83535463e+51,1.79401824e+52,1.81816867e+05,8.34658429e+04,1.66360457e+06,3.06527998e+05,8.88775795e+04,-7.39698097e+05,0.00000000e+00,2.72845100e+09
7.29000000e+03,2.46664771e+01,2.92019195e+33,8.92883981e+38,2.45235242e+38,-2.17865101e+39,2.94849235e+47,3.39882493e+47,3.30854325e+47,3.73987333e+48,2.13591989e+52,2.13665883e+52,-6.82440555e+51,1.79543855e+52,1.89069120e+05,8.47630716e+04,1.65114618e+06,3.05762085e+05,8.39791512e+04,-7.46064314e+05,0.00000000e+00,2.71529970e+09
7.30000000e+03,2.46884779e+01,2.92019324e+33,8.90567336e+38,2.31749855e+38,-2.19684197e+39,2.94192775e+47,3.39929795e+47,3.30014251e+47,3.71304264e+48,2.13678067e+52,2.13751553e+52,-6.81586857e+51,1.79672210e+52,1.96145753e+05,8.59142029e+04,1.63906102e+06,3.04968631e+05,7.93611366e+04,-7.52293355e+05,0.00000000e+00,2.70502532e+09
7.31000000e+03,2.47099692e+01,2.92019447e+33,8.87968199e+38,2.18838719e+38,-2.21468841e+39,2.93552671e+47,3.39981627e+47,3.29293818e+47,3.69188724e+48,2.13762960e+52,2.13836099e+52,-6.80951996e+51,1.79788499e+52,2.03085208e+05,8.69455778e+04,1.62722003e+06,3.04078446e+05,7.49397758e+04,-7.58404424e+05,0.00000000e+00,2.69724427e+09
7.32000000e+03,2.47307359e+01,2.92019563e+33,8.85370653e+38,2.06530534e+38,-2.23211404e+39,2.92891949e+47,3.40073406e+47,3.28624900e+47,3.67653280e+48,2.13845904e+52,2.13918754e+52,-6.80526578e+51,1.79892425e+52,2.09805148e+05,8.78622044e+04,1.61576754e+06,3.03188815e+05,7.07248965e+04,-7.64371408e+05,0.00000000e+00,2.69188854e+09
7.33000000e+03,2.47509616e+01,2.92019673e+33,8.82761087e+38,1.95114276e+38,-2.24922531e+39,2.92248121e+47,3.40212363e+47,3.28010063e+47,3.66638999e+48,2.13927747e+52,2.14000362e+52,-6.80291616e+51,1.79985781e+52,2.16366212e+05,8.86760900e+04,1.60459988e+06,3.02295074e+05,6.68154561e+04,-7.70230747e+05,0.00000000e+00,2.68867998e+09
7.34000000e+03,2.47708866e+01,2.92019779e+33,8.80013351e+38,1.84461426e+38,-2.26621068e+39,2.91571166e+47,3.40374966e+47,3.27439228e+47,3.66103824e+48,2.14009399e+52,2.14081830e+52,-6.80234597e+51,1.80070100e+52,2.22838525e+05,8.94046772e+04,1.59357148e+06,3.01354022e+05,6.31674424e+04,-7.76046980e+05,0.00000000e+00,2.68757522e+09
7.35000000e+03,2.47908524e+01,2.92019886e+33,8.77028379e+38,1.74212306e+38,-2.28347924e+39,2.90871717e+47,3.40528780e+47,3.26888027e+47,3.66024868e+48,2.14092258e+52,2.14164557e+52,-6.80351668e+51,1.80146974e+52,2.29322859e+05,9.00724620e+04,1.58246575e+06,3.00331731e+05,5.96576859e+04,-7.81960183e+05,0.00000000e+00,2.68842735e+09
7.36000000e+03,2.48105810e+01,2.92019991e+33,8.74070263e+38,1.64622912e+38,-2.30089325e+39,2.90139034e+47,3.40701039e+47,3.26319738e+47,3.66402153e+48,2.14175248e+52,2.14247464e+52,-6.80637908e+51,1.80215569e+52,2.35736092e+05,9.06770401e+04,1.57146209e+06,2.99318639e+05,5.63738501e+04,-7.87923197e+05,0.00000000e+00,2.69138983e+09
7.37000000e+03,2.48301890e+01,2.92020094e+33,8.70814699e+38,1.55730033e+38,-2.31847193e+39,2.89395601e+47,3.40889151e+47,3.25743396e+47,3.67210517e+48,2.14258943e+52,2.14331125e+52,-6.81089884e+51,1.80276631e+52,2.42125281e+05,9.12223283e+04,1.56049083e+06,2.98203690e+05,5.33285330e+04,-7.93942599e+05,0.00000000e+00,2.69630022e+09
7.38000000e+03,2.48497416e+01,2.92020197e+33,8.67245233e+38,1.47515072e+38,-2.33605331e+39,2.88646837e+47,3.41083670e+47,3.25188419e+47,3.68437685e+48,2.14343664e+52,2.14415857e+52,-6.81706195e+51,1.80330547e+52,2.48506212e+05,9.17140173e+04,1.54950623e+06,2.96981250e+05,5.05153660e+04,-7.99962923e+05,0.00000000e+00,2.70308281e+09
7.39000000e+03,2.48692925e+01,2.92020300e+33,8.63578530e+38,1.39961871e+38,-2.35375849e+39,2.87914106e+47,3.41268385e+47,3.24652474e+47,3.70078883e+48,2.14429672e+52,2.14501923e+52,-6.82487105e+51,1.80377567e+52,2.54895770e+05,9.21615203e+04,1.53847229e+06,2.95725513e+05,4.79288155e+04,-8.06025640e+05,0.00000000e+00,2.71174670e+09
7.40000000e+03,2.48890184e+01,2.92020405e+33,8.59757874e+38,1.33104843e+38,-2.37184194e+39,2.87179421e+47,3.41459798e+47,3.24109947e+47,3.72130232e+48,2.14517805e+52,2.14590162e+52,-6.83441056e+51,1.80418110e+52,2.61356136e+05,9.25744870e+04,1.52726578e+06,2.94417054e+05,4.55806652e+04,-8.12217881e+05,0.00000000e+00,2.72243913e+09
7.41000000e+03,2.49088167e+01,2.92020510e+33,8.55688912e+38,1.26903766e+38,-2.39007418e+39,2.86447720e+47,3.41650567e+47,3.23569124e+47,3.74588266e+48,2.14607618e+52,2.14680128e+52,-6.84564435e+51,1.80451906e+52,2.67860122e+05,9.29531325e+04,1.51594523e+06,2.93023566e+05,4.34571413e+04,-8.18461065e+05,0.00000000e+00,2.73527347e+09
7.42000000e+03,2.49280403e+01,2.92020610e+33,8.51656537e+38,1.21458805e+38,-2.40810897e+39,2.85704785e+47,3.41808912e+47,3.23050337e+47,3.77363385e+48,2.14696229e+52,2.14768923e+52,-6.85811825e+51,1.80478332e+52,2.74237531e+05,9.32945978e+04,1.50495182e+06,2.91642613e+05,4.15925454e+04,-8.24636647e+05,0.00000000e+00,2.74987107e+09
7.43000000e+03,2.49466069e+01,2.92020703e+33,8.47630340e+38,1.16833468e+38,-2.42570170e+39,2.84966619e+47,3.41952485e+47,3.22546956e+47,3.80358000e+48,2.14783164e+52,2.14856068e+52,-6.87161158e+51,1.80498010e+52,2.80498867e+05,9.36115099e+04,1.49434961e+06,2.90263783e+05,4.00086250e+04,-8.30660867e+05,0.00000000e+00,2.76578707e+09
7.44000000e+03,2.49643444e+01,2.92020789e+33,8.43430623e+38,1.13004300e+38,-2.44269672e+39,2.84251954e+47,3.42090948e+47,3.22080059e+47,3.83484244e+48,2.14867592e+52,2.14940716e+52,-6.88580849e+51,1.80511673e+52,2.86593184e+05,9.39038258e+04,1.48425068e+06,2.88825541e+05,3.86973477e+04,-8.36480422e+05,0.00000000e+00,2.78270172e+09
7.45000000e+03,2.49813479e+01,2.92020867e+33,8.39276775e+38,1.09731674e+38,-2.45902767e+39,2.83581546e+47,3.42223838e+47,3.21619115e+47,3.86698623e+48,2.14949848e+52,2.15023202e+52,-6.90059710e+51,1.80520216e+52,2.92538735e+05,9.41783678e+04,1.47459516e+06,2.87403014e+05,3.75766551e+04,-8.42072588e+05,0.00000000e+00,2.80041835e+09
7.46000000e+03,2.49976936e+01,2.92020941e+33,8.35214919e+38,1.07025821e+38,-2.47482956e+39,2.82949031e+47,3.42347181e+47,3.21186568e+47,3.89969518e+48,2.15030168e+52,2.15103755e+52,-6.91588122e+51,1.80524349e+52,2.98354637e+05,9.44457194e+04,1.46532953e+06,2.86011995e+05,3.66500501e+04,-8.47483592e+05,0.00000000e+00,2.81882530e+09
7.47000000e+03,2.50135040e+01,2.92021009e+33,8.31218940e+38,1.04708487e+38,-2.49010602e+39,2.82354304e+47,3.42470883e+47,3.20787335e+47,3.93277930e+48,2.15109004e+52,2.15182831e+52,-6.93164107e+51,1.80524626e+52,3.04086754e+05,9.47183581e+04,1.45637417e+06,2.84643541e+05,3.58564911e+04,-8.52714682e+05,0.00000000e+00,2.83780305e+09
7.48000000e+03,2.50288934e+01,2.92021074e+33,8.27355986e+38,1.02911874e+38,-2.50498190e+39,2.81777284e+47,3.42600434e+47,3.20388334e+47,3.96614156e+48,2.15186841e+52,2.15260911e+52,-6.94788398e+51,1.80521491e+52,3.09770468e+05,9.50044742e+04,1.44765718e+06,2.83320643e+05,3.52412489e+04,-8.57808602e+05,0.00000000e+00,2.85742357e+09
7.49000000e+03,2.50439748e+01,2.92021137e+33,8.23552971e+38,1.01507572e+38,-2.51959545e+39,2.81221209e+47,3.42736762e+47,3.20013659e+47,3.99975201e+48,2.15264150e+52,2.15338467e+52,-6.96464544e+51,1.80515240e+52,3.15440333e+05,9.53093691e+04,1.43910690e+06,2.82018274e+05,3.47603509e+04,-8.62812698e+05,0.00000000e+00,2.87787857e+09
7.50000000e+03,2.50588302e+01,2.92021198e+33,8.19659958e+38,1.00497542e+38,-2.53401579e+39,2.80683953e+47,3.42893032e+47,3.19669989e+47,4.03354284e+48,2.15341332e+52,2.15415899e+52,-6.98194812e+51,1.80506159e+52,3.21121853e+05,9.56407838e+04,1.43067405e+06,2.80685088e+05,3.44144680e+04,-8.67750631e+05,0.00000000e+00,2.89921933e+09
7.51000000e+03,2.50735705e+01,2.92021258e+33,8.15683438e+38,9.98339838e+37,-2.54843875e+39,2.80167522e+47,3.43052711e+47,3.19339344e+47,4.06743226e+48,2.15419051e+52,2.15493873e+52,-6.99986602e+51,1.80494543e+52,3.26851980e+05,9.60028081e+04,1.42229393e+06,2.79323308e+05,3.41872316e+04,-8.72689463e+05,0.00000000e+00,2.92152670e+09
7.52000000e+03,2.50883992e+01,2.92021319e+33,8.11584111e+38,9.94565342e+37,-2.56290609e+39,2.79668629e+47,3.43212599e+47,3.19036563e+47,4.10168821e+48,2.15498232e+52,2.15573315e+52,-7.01861118e+51,1.80480259e+52,3.32688975e+05,9.63965414e+04,1.41383895e+06,2.77919473e+05,3.40579703e+04,-8.77643487e+05,0.00000000e+00,2.94503805e+09
7.53000000e+03,2.51034076e+01,2.92021382e+33,8.07394336e+38,9.94449447e+37,-2.57762756e+39,2.79166515e+47,3.43357330e+47,3.18725989e+47,4.13640151e+48,2.15579411e+52,2.15654761e+52,-7.03827867e+51,1.80463368e+52,3.38639632e+05,9.68174705e+04,1.40524958e+06,2.76484664e+05,3.40539943e+04,-8.82684530e+05,0.00000000e+00,2.96983507e+09
7.54000000e+03,2.51187512e+01,2.92021446e+33,8.03125097e+38,9.97195115e+37,-2.59281753e+39,2.78677120e+47,3.43496656e+47,3.18421747e+47,4.17170529e+48,2.15663542e+52,2.15739168e+52,-7.05906174e+51,1.80443859e+52,3.44729944e+05,9.72609746e+04,1.39641962e+06,2.75022642e+05,3.41480096e+04,-8.87885996e+05,0.00000000e+00,2.99614038e+09
7.55000000e+03,2.51345181e+01,2.92021512e+33,7.98649227e+38,1.00247480e+38,-2.60847064e+39,2.78200081e+47,3.43619293e+47,3.18133035e+47,4.20836292e+48,2.15751197e+52,2.15827109e+52,-7.08107236e+51,1.80421747e+52,3.50993807e+05,9.77302101e+04,1.38734963e+06,2.73489861e+05,3.43287996e+04,-8.93246057e+05,0.00000000e+00,3.02390617e+09
7.56000000e+03,2.51508486e+01,2.92021581e+33,7.93787915e+38,1.01352122e+38,-2.62476520e+39,2.77721380e+47,3.43746547e+47,3.17833905e+47,4.24513611e+48,2.15843239e+52,2.15919444e+52,-7.10452260e+51,1.80396831e+52,3.57502428e+05,9.82340081e+04,1.37788936e+06,2.71825086e+05,3.47070658e+04,-8.98825759e+05,0.00000000e+00,3.05405724e+09
7.57000000e+03,2.51676429e+01,2.92021659e+33,7.88710630e+38,1.02761113e+38,-2.64169797e+39,2.77284038e+47,3.43861378e+47,3.17553920e+47,4.28162881e+48,2.15939279e+52,2.16015786e+52,-7.12926083e+51,1.80369482e+52,3.64115668e+05,9.87307154e+04,1.36798562e+06,2.70086347e+05,3.51895519e+04,-9.04623986e+05,0.00000000e+00,3.08574550e+09
7.58000000e+03,2.51847176e+01,2.92021738e+33,7.83543754e+38,1.04621840e+38,-2.65907977e+39,2.76876797e+47,3.43971191e+47,3.17286596e+47,4.31810567e+48,2.16038302e+52,2.16115116e+52,-7.15496480e+51,1.80340292e+52,3.70734907e+05,9.92106664e+04,1.35784395e+06,2.68316927e+05,3.58267302e+04,-9.10575970e+05,0.00000000e+00,3.11881679e+09
7.59000000e+03,2.52020234e+01,2.92021820e+33,7.78188717e+38,1.06786774e+38,-2.67672066e+39,2.76494277e+47,3.44082762e+47,3.17051939e+47,4.35409859e+48,2.16140147e+52,2.16217269e+52,-7.18150199e+51,1.80309759e+52,3.77363779e+05,9.96864086e+04,1.34750649e+06,2.66483072e+05,3.65680805e+04,-9.16616664e+05,0.00000000e+00,3.15296730e+09
7.60000000e+03,2.52194791e+01,2.92021903e+33,7.72696334e+38,1.09422516e+38,-2.69452465e+39,2.76136208e+47,3.44174732e+47,3.16808936e+47,4.38910263e+48,2.16244293e+52,2.16321718e+52,-7.20868389e+51,1.80278299e+52,3.84016007e+05,1.00169088e+05,1.33703185e+06,2.64602185e+05,3.74706537e+04,-9.22713204e+05,0.00000000e+00,3.18820517e+09
7.61000000e+03,2.52370706e+01,2.92021987e+33,7.67102875e+38,1.12374896e+38,-2.71266191e+39,2.75817183e+47,3.44274957e+47,3.16562271e+47,4.42277819e+48,2.16350738e+52,2.16428460e+52,-7.23641790e+51,1.80246370e+52,3.90710729e+05,1.00660816e+05,1.32642389e+06,2.62686685e+05,3.84816559e+04,-9.28923861e+05,0.00000000e+00,3.22458812e+09
7.62000000e+03,2.52547937e+01,2.92022072e+33,7.61459331e+38,1.15950109e+38,-2.73104779e+39,2.75526742e+47,3.44371305e+47,3.16333327e+47,4.45482666e+48,2.16459220e+52,2.16537229e+52,-7.26461530e+51,1.80214153e+52,3.97459294e+05,1.01166637e+05,1.31568143e+06,2.60754033e+05,3.97059400e+04,-9.35219647e+05,0.00000000e+00,3.26203137e+09
7.63000000e+03,2.52724574e+01,2.92022157e+33,7.55643477e+38,1.19997870e+38,-2.74947182e+39,2.75241524e+47,3.44457112e+47,3.16120475e+47,4.48487188e+48,2.16568723e+52,2.16647004e+52,-7.29287484e+51,1.80182630e+52,4.04197213e+05,1.01694481e+05,1.30494208e+06,2.58762378e+05,4.10920430e+04,-9.41528497e+05,0.00000000e+00,3.29988290e+09
7.64000000e+03,2.52898564e+01,2.92022239e+33,7.49694628e+38,1.24365609e+38,-2.76777029e+39,2.74973507e+47,3.44550463e+47,3.15920285e+47,4.51252502e+48,2.16677946e+52,2.16756482e+52,-7.32076534e+51,1.80152656e+52,4.10850682e+05,1.02250584e+05,1.29436051e+06,2.56725183e+05,4.25877184e+04,-9.47794353e+05,0.00000000e+00,3.33757736e+09
7.65000000e+03,2.53070345e+01,2.92022320e+33,7.43645977e+38,1.28923554e+38,-2.78594174e+39,2.74709408e+47,3.44654291e+47,3.15739331e+47,4.53768059e+48,2.16786869e+52,2.16865642e+52,-7.34825878e+51,1.80124348e+52,4.17422306e+05,1.02841083e+05,1.28391037e+06,2.54653815e+05,4.41485274e+04,-9.54016715e+05,0.00000000e+00,3.37510899e+09
7.66000000e+03,2.53240396e+01,2.92022399e+33,7.37453326e+38,1.33825169e+38,-2.80409829e+39,2.74463369e+47,3.44786938e+47,3.15549191e+47,4.56035818e+48,2.16895672e+52,2.16974664e+52,-7.37533512e+51,1.80097988e+52,4.23916672e+05,1.03466199e+05,1.27356220e+06,2.52533138e+05,4.58270221e+04,-9.60233975e+05,0.00000000e+00,3.41240643e+09
7.67000000e+03,2.53409280e+01,2.92022476e+33,7.31029345e+38,1.38897861e+38,-2.82221296e+39,2.74240399e+47,3.44925152e+47,3.15329842e+47,4.58060115e+48,2.17004653e+52,2.17083846e+52,-7.40198715e+51,1.80073910e+52,4.30343391e+05,1.04121612e+05,1.26327754e+06,2.50333246e+05,4.75640993e+04,-9.66436896e+05,0.00000000e+00,3.44929636e+09
7.68000000e+03,2.53577344e+01,2.92022554e+33,7.24502027e+38,1.44164699e+38,-2.84043727e+39,2.74035628e+47,3.45063324e+47,3.15100976e+47,4.59857223e+48,2.17113896e+52,2.17193276e+52,-7.42817240e+51,1.80052414e+52,4.36714184e+05,1.04798787e+05,1.25303571e+06,2.48097970e+05,4.93676591e+04,-9.72677363e+05,0.00000000e+00,3.48567915e+09
7.69000000e+03,2.53744869e+01,2.92022630e+33,7.17897861e+38,1.49532735e+38,-2.85864722e+39,2.73853505e+47,3.45218867e+47,3.14868362e+47,4.61439563e+48,2.17223586e+52,2.17303141e+52,-7.45383261e+51,1.80033978e+52,4.43036490e+05,1.05491710e+05,1.24282239e+06,2.45836379e+05,5.12058724e+04,-9.78912906e+05,0.00000000e+00,3.52170679e+09
7.70000000e+03,2.53912128e+01,2.92022707e+33,7.11300471e+38,1.55109954e+38,-2.87679250e+39,2.73691139e+47,3.45384306e+47,3.14633984e+47,4.62823029e+48,2.17333699e+52,2.17413416e+52,-7.47889722e+51,1.80018930e+52,4.49309260e+05,1.06203552e+05,1.23261856e+06,2.43577110e+05,5.31157169e+04,-9.85126305e+05,0.00000000e+00,3.55749671e+09
7.71000000e+03,2.54079092e+01,2.92022783e+33,7.04644141e+38,1.60774000e+38,-2.89486872e+39,2.73536917e+47,3.45541271e+47,3.14397380e+47,4.64017827e+48,2.17444036e+52,2.17523904e+52,-7.50323977e+51,1.80007705e+52,4.55520221e+05,1.06947445e+05,1.22242230e+06,2.41297660e+05,5.50552935e+04,-9.91316050e+05,0.00000000e+00,3.59266992e+09
7.72000000e+03,2.54242960e+01,2.92022857e+33,6.98093163e+38,1.66487282e+38,-2.91262096e+39,2.73403816e+47,3.45696419e+47,3.14155532e+47,4.65064036e+48,2.17552659e+52,2.17632665e+52,-7.52634771e+51,1.80000926e+52,4.61572633e+05,1.07715274e+05,1.21243472e+06,2.39054289e+05,5.70117299e+04,-9.97394860e+05,0.00000000e+00,3.62608113e+09
7.73000000e+03,2.54402543e+01,2.92022923e+33,6.91590527e+38,1.72063638e+38,-2.92990625e+39,2.73281087e+47,3.45834355e+47,3.13900240e+47,4.66071245e+48,2.17658816e+52,2.17738949e+52,-7.54799676e+51,1.79998965e+52,4.67500584e+05,1.08504365e+05,1.20284777e+06,2.36827479e+05,5.89212779e+04,-1.00331379e+06,0.00000000e+00,3.65739546e+09
7.74000000e+03,2.54558213e+01,2.92022990e+33,6.85364756e+38,1.77634591e+38,-2.94666471e+39,2.73171589e+47,3.45969663e+47,3.13642143e+47,4.66775497e+48,2.17762583e+52,2.17842823e+52,-7.56823897e+51,1.80001628e+52,4.73317413e+05,1.09298291e+05,1.19345733e+06,2.34695479e+05,6.08289749e+04,-1.00905230e+06,0.00000000e+00,3.68694990e+09
7.75000000e+03,2.54710554e+01,2.92023054e+33,6.79156723e+38,1.83128318e+38,-2.96297692e+39,2.73071576e+47,3.46086234e+47,3.13373126e+47,4.67372261e+48,2.17864289e+52,2.17944626e+52,-7.58711672e+51,1.80009043e+52,4.79019555e+05,1.10074394e+05,1.18428293e+06,2.32569557e+05,6.27102264e+04,-1.01463802e+06,0.00000000e+00,3.71473764e+09
7.76000000e+03,2.54859964e+01,2.92023113e+33,6.72923150e+38,1.88573056e+38,-2.97898714e+39,2.72956091e+47,3.46206298e+47,3.13108213e+47,4.67932663e+48,2.17964249e+52,2.18044672e+52,-7.60465346e+51,1.80021404e+52,4.84652317e+05,1.10852154e+05,1.17538252e+06,2.30434894e+05,6.45747025e+04,-1.02012033e+06,0.00000000e+00,3.74094473e+09
7.77000000e+03,2.55006131e+01,2.92023172e+33,6.66744146e+38,1.93993206e+38,-2.99463167e+39,2.72866589e+47,3.46338964e+47,3.12851064e+47,4.68277521e+48,2.18062031e+52,2.18142524e+52,-7.62081729e+51,1.80038438e+52,4.90164622e+05,1.11624256e+05,1.16660786e+06,2.28318918e+05,6.64307576e+04,-1.02547741e+06,0.00000000e+00,3.76513391e+09
7.78000000e+03,2.55149249e+01,2.92023229e+33,6.60639682e+38,1.99352862e+38,-3.00994025e+39,2.72786175e+47,3.46461824e+47,3.12569265e+47,4.68572957e+48,2.18157886e+52,2.18238445e+52,-7.63561498e+51,1.80060370e+52,4.95553475e+05,1.12380176e+05,1.15802445e+06,2.26228469e+05,6.82660973e+04,-1.03071946e+06,0.00000000e+00,3.78743229e+09
7.79000000e+03,2.55289488e+01,2.92023284e+33,6.54545351e+38,2.04423005e+38,-3.02498124e+39,2.72719356e+47,3.46571131e+47,3.12311872e+47,4.68789277e+48,2.18251493e+52,2.18332107e+52,-7.64906670e+51,1.80086773e+52,5.00817606e+05,1.13120566e+05,1.14961854e+06,2.24141494e+05,7.00022963e+04,-1.03586988e+06,0.00000000e+00,3.80771374e+09
7.80000000e+03,2.55427040e+01,2.92023337e+33,6.48548258e+38,2.09558027e+38,-3.03981906e+39,2.72656846e+47,3.46680961e+47,3.12060219e+47,4.68954117e+48,2.18342973e+52,2.18423637e+52,-7.66120245e+51,1.80117624e+52,5.05966972e+05,1.13849735e+05,1.14137882e+06,2.22087818e+05,7.17607124e+04,-1.04095073e+06,0.00000000e+00,3.82603487e+09
7.81000000e+03,2.55562261e+01,2.92023388e+33,6.42611552e+38,2.14620802e+38,-3.05435972e+39,2.72625208e+47,3.46774632e+47,3.11800161e+47,4.69078663e+48,2.18432605e+52,2.18513312e+52,-7.67206879e+51,1.80152968e+52,5.11017034e+05,1.14573519e+05,1.13327384e+06,2.20054824e+05,7.34943880e+04,-1.04592983e+06,0.00000000e+00,3.84253527e+09
7.82000000e+03,2.55695170e+01,2.92023438e+33,6.36654099e+38,2.19525784e+38,-3.06878376e+39,2.72597716e+47,3.46873160e+47,3.11533008e+47,4.69176492e+48,2.18520311e+52,2.18601054e+52,-7.68168405e+51,1.80192634e+52,5.15964512e+05,1.15295941e+05,1.12529374e+06,2.18014726e+05,7.51740289e+04,-1.05086899e+06,0.00000000e+00,3.85727917e+09
7.83000000e+03,2.55826448e+01,2.92023484e+33,6.30715330e+38,2.24377235e+38,-3.08304970e+39,2.72572328e+47,3.46971973e+47,3.11243853e+47,4.69319232e+48,2.18606459e+52,2.18687235e+52,-7.69010991e+51,1.80236686e+52,5.20861990e+05,1.16031471e+05,1.11746761e+06,2.15981030e+05,7.68353392e+04,-1.05575403e+06,0.00000000e+00,3.87049854e+09
7.84000000e+03,2.55956738e+01,2.92023532e+33,6.24766575e+38,2.29106312e+38,-3.09726661e+39,2.72563549e+47,3.47075953e+47,3.10957049e+47,4.69346038e+48,2.18691461e+52,2.18772264e+52,-7.69740384e+51,1.80285245e+52,5.25675293e+05,1.16780688e+05,1.10959143e+06,2.13943914e+05,7.84547434e+04,-1.06062227e+06,0.00000000e+00,3.88194426e+09
7.85000000e+03,2.56086048e+01,2.92023579e+33,6.18880534e+38,2.33721040e+38,-3.11140503e+39,2.72564272e+47,3.47193066e+47,3.10675851e+47,4.69382416e+48,2.18775237e+52,2.18856065e+52,-7.70355090e+51,1.80338311e+52,5.30387135e+05,1.17544643e+05,1.10171255e+06,2.11928275e+05,8.00349894e+04,-1.06546363e+06,0.00000000e+00,3.89165910e+09
7.86000000e+03,2.56214741e+01,2.92023625e+33,6.12966169e+38,2.38256559e+38,-3.12549163e+39,2.72573125e+47,3.47312911e+47,3.10388314e+47,4.69429934e+48,2.18858005e+52,2.18938859e+52,-7.70856200e+51,1.80396049e+52,5.34988978e+05,1.18331226e+05,1.09380154e+06,2.09902938e+05,8.15881107e+04,-1.07028725e+06,0.00000000e+00,3.89958366e+09
7.87000000e+03,2.56343070e+01,2.92023672e+33,6.07068688e+38,2.42629939e+38,-3.13957177e+39,2.72596726e+47,3.47431462e+47,3.10094898e+47,4.69501645e+48,2.18939890e+52,2.19020768e+52,-7.71244057e+51,1.80458565e+52,5.39483900e+05,1.19141309e+05,1.08584222e+06,2.07883383e+05,8.30857094e+04,-1.07510865e+06,0.00000000e+00,3.90566849e+09
7.88000000e+03,2.56471189e+01,2.92023718e+33,6.01152998e+38,2.46793680e+38,-3.15366253e+39,2.72636844e+47,3.47554180e+47,3.09784475e+47,4.69603798e+48,2.19020931e+52,2.19101834e+52,-7.71518764e+51,1.80525896e+52,5.43888441e+05,1.19973053e+05,1.07782125e+06,2.05857593e+05,8.45115189e+04,-1.07993369e+06,0.00000000e+00,3.90986334e+09
7.89000000e+03,2.56599074e+01,2.92023762e+33,5.95163687e+38,2.50787502e+38,-3.16773807e+39,2.72687710e+47,3.47665191e+47,3.09470978e+47,4.69824052e+48,2.19101142e+52,2.19182073e+52,-7.71679813e+51,1.80598083e+52,5.48234745e+05,1.20822517e+05,1.06979673e+06,2.03806595e+05,8.58791422e+04,-1.08475353e+06,0.00000000e+00,3.91203966e+09
7.90000000e+03,2.56727313e+01,2.92023807e+33,5.89101312e+38,2.54676995e+38,-3.18183868e+39,2.72767129e+47,3.47774127e+47,3.09158420e+47,4.70030223e+48,2.19180909e+52,2.19261866e+52,-7.71729603e+51,1.80675386e+52,5.52556241e+05,1.21687528e+05,1.06167939e+06,2.01730578e+05,8.72110385e+04,-1.08958195e+06,0.00000000e+00,3.91281446e+09
7.91000000e+03,2.56855876e+01,2.92023853e+33,5.83001149e+38,2.58398194e+38,-3.19591967e+39,2.72885741e+47,3.47894682e+47,3.08837234e+47,4.70128408e+48,2.19260137e+52,2.19341112e+52,-7.71668957e+51,1.80757664e+52,5.56830317e+05,1.22559639e+05,1.05339911e+06,1.99641619e+05,8.84853038e+04,-1.09440364e+06,0.00000000e+00,3.91285533e+09
7.92000000e+03,2.56984394e+01,2.92023896e+33,5.76740701e+38,2.62103354e+38,-3.20997683e+39,2.73014162e+47,3.48019668e+47,3.08514424e+47,4.70459664e+48,2.19338467e+52,2.19419467e+52,-7.71495388e+51,1.80844698e+52,5.61057528e+05,1.23440671e+05,1.04509317e+06,1.97497777e+05,8.97540778e+04,-1.09921718e+06,0.00000000e+00,3.90946038e+09
7.93000000e+03,2.57113162e+01,2.92023942e+33,5.70314777e+38,2.65734900e+38,-3.22398807e+39,2.73178588e+47,3.48155270e+47,3.08199459e+47,4.70560988e+48,2.19416250e+52,2.19497262e+52,-7.71213221e+51,1.80936601e+52,5.65187782e+05,1.24331563e+05,1.03656261e+06,1.95297267e+05,9.09976413e+04,-1.10401498e+06,0.00000000e+00,3.90669213e+09
7.94000000e+03,2.57241297e+01,2.92023989e+33,5.63792682e+38,2.69237682e+38,-3.23786068e+39,2.73371691e+47,3.48295845e+47,3.07887244e+47,4.70731724e+48,2.19492686e+52,2.19573713e+52,-7.70822575e+51,1.81032585e+52,5.69179118e+05,1.25223014e+05,1.02786429e+06,1.93063825e+05,9.21971112e+04,-1.10876531e+06,0.00000000e+00,3.90087157e+09
7.95000000e+03,2.57368709e+01,2.92024034e+33,5.57199015e+38,2.72586595e+38,-3.25160302e+39,2.73585434e+47,3.48435357e+47,3.07570327e+47,4.70950502e+48,2.19567787e+52,2.19648832e+52,-7.70326234e+51,1.81132520e+52,5.73035896e+05,1.26115808e+05,1.01902492e+06,1.90805875e+05,9.33438905e+04,-1.11347103e+06,0.00000000e+00,3.89354752e+09
7.96000000e+03,2.57495541e+01,2.92024080e+33,5.50527213e+38,2.75771058e+38,-3.26522340e+39,2.73824489e+47,3.48578966e+47,3.07262574e+47,4.71221286e+48,2.19641781e+52,2.19722844e+52,-7.69726727e+51,1.81236508e+52,5.76778248e+05,1.27011798e+05,1.01004985e+06,1.88521170e+05,9.44343557e+04,-1.11813498e+06,0.00000000e+00,3.88481416e+09
7.97000000e+03,2.57622144e+01,2.92024125e+33,5.43756932e+38,2.78819996e+38,-3.27872531e+39,2.74078574e+47,3.48726073e+47,3.06972256e+47,4.71516864e+48,2.19714963e+52,2.19796044e+52,-7.69025517e+51,1.81344768e+52,5.80424273e+05,1.27913723e+05,1.00092080e+06,1.86202743e+05,9.54784116e+04,-1.12275837e+06,0.00000000e+00,3.87459992e+09
7.98000000e+03,2.57748258e+01,2.92024168e+33,5.36901651e+38,2.81732902e+38,-3.29209403e+39,2.74319440e+47,3.48880036e+47,3.06681210e+47,4.71874664e+48,2.19787099e+52,2.19868195e+52,-7.68226614e+51,1.81456864e+52,5.83993751e+05,1.28826911e+05,9.91718458e+05,1.83855211e+05,9.64758854e+04,-1.12733616e+06,0.00000000e+00,3.86289451e+09
7.99000000e+03,2.57872121e+01,2.92024212e+33,5.30079751e+38,2.84439724e+38,-3.30514457e+39,2.74567499e+47,3.49053127e+47,3.06388360e+47,4.72129791e+48,2.19857008e+52,2.19938108e+52,-7.67348846e+51,1.81570666e+52,5.87426006e+05,1.29733651e+05,9.82512794e+05,1.81519110e+05,9.74027881e+04,-1.13180498e+06,0.00000000e+00,3.85028531e+09
8.00000000e+03,2.57993011e+01,2.92024253e+33,5.23332637e+38,2.86885691e+38,-3.31777488e+39,2.74815789e+47,3.49244774e+47,3.06088986e+47,4.72367993e+48,2.19924363e+52,2.20005461e+52,-7.66404433e+51,1.81685239e+52,5.90705921e+05,1.30624819e+05,9.73382358e+05,1.79208621e+05,9.82403645e+04,-1.13612991e+06,0.00000000e+00,3.83659830e+09
8.01000000e+03,2.58110695e+01,2.92024293e+33,5.16634422e+38,2.89055179e+38,-3.32995532e+39,2.75061470e+47,3.49447229e+47,3.05804294e+47,4.72578310e+48,2.19989135e+52,2.20070222e+52,-7.65404084e+51,1.81800018e+52,5.93834261e+05,1.31498878e+05,9.64356914e+05,1.76914878e+05,9.89832649e+04,-1.14030079e+06,0.00000000e+00,3.82211087e+09
8.02000000e+03,2.58224909e+01,2.92024330e+33,5.10017565e+38,2.91087004e+38,-3.34165420e+39,2.75301396e+47,3.49662614e+47,3.05519354e+47,4.72763306e+48,2.20051155e+52,2.20132224e+52,-7.64359151e+51,1.81914267e+52,5.96824093e+05,1.32355599e+05,9.55474171e+05,1.74648998e+05,9.96790246e+04,-1.14430678e+06,0.00000000e+00,3.80705504e+09
8.03000000e+03,2.58335650e+01,2.92024364e+33,5.03494289e+38,2.92685887e+38,-3.35285071e+39,2.75543249e+47,3.49894099e+47,3.05251069e+47,4.72944899e+48,2.20110552e+52,2.20191594e+52,-7.63278418e+51,1.82027673e+52,5.99708943e+05,1.33201809e+05,9.46813212e+05,1.72415165e+05,1.00226530e+05,-1.14814075e+06,0.00000000e+00,3.79179864e+09
8.04000000e+03,2.58442969e+01,2.92024396e+33,4.97125909e+38,2.94275486e+38,-3.36361044e+39,2.75755365e+47,3.50138595e+47,3.04988899e+47,4.73063793e+48,2.20167326e+52,2.20248329e+52,-7.62170698e+51,1.82139794e+52,6.02482777e+05,1.34029773e+05,9.38334481e+05,1.70234377e+05,1.00770857e+05,-1.15182515e+06,0.00000000e+00,3.77601013e+09
8.05000000e+03,2.58544008e+01,2.92024422e+33,4.91113810e+38,2.95544684e+38,-3.37366041e+39,2.75944184e+47,3.50383957e+47,3.04749763e+47,4.73202511e+48,2.20220075e+52,2.20301032e+52,-7.61074725e+51,1.82247296e+52,6.05100412e+05,1.34820508e+05,9.30344356e+05,1.68175595e+05,1.01205468e+05,-1.15526653e+06,0.00000000e+00,3.75984170e+09
8.06000000e+03,2.58644326e+01,2.92024452e+33,4.85154736e+38,2.96782277e+38,-3.38350810e+39,2.76127820e+47,3.50641591e+47,3.04521321e+47,4.73102446e+48,2.20271878e+52,2.20352770e+52,-7.59941158e+51,1.82355712e+52,6.07676516e+05,1.35612212e+05,9.22306289e+05,1.66134970e+05,1.01629256e+05,-1.15863863e+06,0.00000000e+00,3.74449739e+09
8.07000000e+03,2.58742428e+01,2.92024480e+33,4.79297664e+38,2.97850889e+38,-3.39301881e+39,2.76298106e+47,3.50896838e+47,3.04316547e+47,4.72947530e+48,2.20321951e+52,2.20402772e+52,-7.58788579e+51,1.82463343e+52,6.10166189e+05,1.36381924e+05,9.14339020e+05,1.64129276e+05,1.01995178e+05,-1.16189534e+06,0.00000000e+00,3.72778416e+09
8.08000000e+03,2.58837276e+01,2.92024506e+33,4.73540184e+38,2.98695541e+38,-3.40210765e+39,2.76464095e+47,3.51140873e+47,3.04138967e+47,4.72732214e+48,2.20369847e+52,2.20450587e+52,-7.57634458e+51,1.82568864e+52,6.12551487e+05,1.37116694e+05,9.06536631e+05,1.62157687e+05,1.02284409e+05,-1.16500758e+06,0.00000000e+00,3.71080683e+09
8.09000000e+03,2.58928857e+01,2.92024531e+33,4.67998152e+38,2.99457029e+38,-3.41079728e+39,2.76629081e+47,3.51385388e+47,3.03956391e+47,4.72473348e+48,2.20415580e+52,2.20496232e+52,-7.56484675e+51,1.82671998e+52,6.14833889e+05,1.37817223e+05,8.98911831e+05,1.60259876e+05,1.02545162e+05,-1.16798314e+06,0.00000000e+00,3.69418313e+09
8.10000000e+03,2.59017280e+01,2.92024554e+33,4.62635676e+38,3.00064514e+38,-3.41910312e+39,2.76799760e+47,3.51631844e+47,3.03781430e+47,4.72181159e+48,2.20459260e+52,2.20539819e+52,-7.55343212e+51,1.82772659e+52,6.17020980e+05,1.38489958e+05,8.91466658e+05,1.58423553e+05,1.02753179e+05,-1.17082727e+06,0.00000000e+00,3.67780819e+09
8.11000000e+03,2.59102704e+01,2.92024576e+33,4.57432890e+38,3.00537593e+38,-3.42704697e+39,2.76973164e+47,3.51876676e+47,3.03606799e+47,4.71857926e+48,2.20501025e+52,2.20581486e+52,-7.54212907e+51,1.82870841e+52,6.19124783e+05,1.39142516e+05,8.84199002e+05,1.56641915e+05,1.02915171e+05,-1.17354745e+06,0.00000000e+00,3.66171043e+09
8.12000000e+03,2.59185218e+01,2.92024597e+33,4.52388011e+38,3.00899261e+38,-3.43464828e+39,2.77145464e+47,3.52115507e+47,3.03438129e+47,4.71502383e+48,2.20540999e+52,2.20621358e+52,-7.53096955e+51,1.82966510e+52,6.21151025e+05,1.39779179e+05,8.77114535e+05,1.54914352e+05,1.03039013e+05,-1.17615034e+06,0.00000000e+00,3.64610800e+09
8.13000000e+03,2.59264866e+01,2.92024616e+33,4.47501104e+38,3.01175661e+38,-3.44191830e+39,2.77315661e+47,3.52351777e+47,3.03275203e+47,4.71115447e+48,2.20579211e+52,2.20659464e+52,-7.51998690e+51,1.83059530e+52,6.23101771e+05,1.40401552e+05,8.70219623e+05,1.53240884e+05,1.03133655e+05,-1.17863978e+06,0.00000000e+00,3.63076519e+09
8.14000000e+03,2.59341812e+01,2.92024634e+33,4.42769953e+38,3.01370404e+38,-3.44887723e+39,2.77485072e+47,3.52583186e+47,3.03113327e+47,4.70696438e+48,2.20615780e+52,2.20695924e+52,-7.50919345e+51,1.83149957e+52,6.24981802e+05,1.41008836e+05,8.63508749e+05,1.51620754e+05,1.03200336e+05,-1.18102270e+06,0.00000000e+00,3.61558576e+09
8.15000000e+03,2.59416208e+01,2.92024651e+33,4.38170777e+38,3.01481107e+38,-3.45553431e+39,2.77655941e+47,3.52811925e+47,3.02952902e+47,4.70246436e+48,2.20650841e+52,2.20730873e+52,-7.49859832e+51,1.83237881e+52,6.26795537e+05,1.41598470e+05,8.56977924e+05,1.50045818e+05,1.03238239e+05,-1.18330226e+06,0.00000000e+00,3.60067225e+09
8.16000000e+03,2.59488199e+01,2.92024667e+33,4.33707897e+38,3.01511697e+38,-3.46191521e+39,2.77827912e+47,3.53041444e+47,3.02797506e+47,4.69766748e+48,2.20684480e+52,2.20764398e+52,-7.48820706e+51,1.83323362e+52,6.28546975e+05,1.42168885e+05,8.50619046e+05,1.48517555e+05,1.03248708e+05,-1.18548725e+06,0.00000000e+00,3.58607587e+09
8.17000000e+03,2.59557905e+01,2.92024683e+33,4.29378662e+38,3.01461749e+38,-3.46804139e+39,2.78001818e+47,3.53268422e+47,3.02642940e+47,4.69257438e+48,2.20716783e+52,2.20796583e+52,-7.47802498e+51,1.83406458e+52,6.30238842e+05,1.42719669e+05,8.44426857e+05,1.47035058e+05,1.03231599e+05,-1.18758502e+06,0.00000000e+00,3.57180841e+09
8.18000000e+03,2.59625400e+01,2.92024697e+33,4.25160788e+38,3.01358012e+38,-3.47392170e+39,2.78171602e+47,3.53489161e+47,3.02491525e+47,4.68719718e+48,2.20747813e+52,2.20827494e+52,-7.46806124e+51,1.83487188e+52,6.31874001e+05,1.43249730e+05,8.38399705e+05,1.45590696e+05,1.03196071e+05,-1.18959860e+06,0.00000000e+00,3.55788314e+09
8.19000000e+03,2.59690800e+01,2.92024711e+33,4.21091029e+38,3.01200851e+38,-3.47957173e+39,2.78336414e+47,3.53705954e+47,3.02343713e+47,4.68156445e+48,2.20777658e+52,2.20857217e+52,-7.45831572e+51,1.83565638e+52,6.33455958e+05,1.43758526e+05,8.32531588e+05,1.44197054e+05,1.03142248e+05,-1.19153332e+06,0.00000000e+00,3.54429948e+09
8.20000000e+03,2.59754227e+01,2.92024723e+33,4.17152307e+38,3.00986564e+38,-3.48501680e+39,2.78491488e+47,3.53918956e+47,3.02195029e+47,4.67569117e+48,2.20806396e+52,2.20885832e+52,-7.44878545e+51,1.83641905e+52,6.34989326e+05,1.44247081e+05,8.26813518e+05,1.42848284e+05,1.03068864e+05,-1.19339786e+06,0.00000000e+00,3.53104147e+09
8.21000000e+03,2.59815776e+01,2.92024736e+33,4.13323625e+38,3.00747397e+38,-3.49025953e+39,2.78634919e+47,3.54129632e+47,3.02048353e+47,4.66959132e+48,2.20834091e+52,2.20913401e+52,-7.43946905e+51,1.83716056e+52,6.36476510e+05,1.44718347e+05,8.21237954e+05,1.41537197e+05,1.02986960e+05,-1.19519311e+06,0.00000000e+00,3.51809531e+09
8.22000000e+03,2.59875554e+01,2.92024747e+33,4.09586701e+38,3.00455877e+38,-3.49530812e+39,2.78769237e+47,3.54339941e+47,3.01904099e+47,4.66327843e+48,2.20860824e+52,2.20940007e+52,-7.43036188e+51,1.83788198e+52,6.37920442e+05,1.45175324e+05,8.15796941e+05,1.40257531e+05,1.02887129e+05,-1.19692189e+06,0.00000000e+00,3.50544923e+09
8.23000000e+03,2.59933658e+01,2.92024758e+33,4.05944790e+38,3.00118534e+38,-3.50017567e+39,2.78900710e+47,3.54551837e+47,3.01761552e+47,4.65677708e+48,2.20886676e+52,2.20965731e+52,-7.42145928e+51,1.83858435e+52,6.39322958e+05,1.45619177e+05,8.10483430e+05,1.39010402e+05,1.02771606e+05,-1.19858867e+06,0.00000000e+00,3.49311642e+09
8.24000000e+03,2.59990178e+01,2.92024769e+33,4.02398608e+38,2.99777536e+38,-3.50487662e+39,2.79030217e+47,3.54763556e+47,3.01619320e+47,4.65011893e+48,2.20911668e+52,2.20990595e+52,-7.41275627e+51,1.83926814e+52,6.40685728e+05,1.46050407e+05,8.05290187e+05,1.37796054e+05,1.02654832e+05,-1.20019841e+06,0.00000000e+00,3.48110433e+09
8.25000000e+03,2.60045212e+01,2.92024778e+33,3.98931844e+38,2.99400696e+38,-3.50942417e+39,2.79156858e+47,3.54973824e+47,3.01479213e+47,4.64342613e+48,2.20935860e+52,2.21014657e+52,-7.40424354e+51,1.83993439e+52,6.42012735e+05,1.46470293e+05,8.00213630e+05,1.36608902e+05,1.02525785e+05,-1.20175561e+06,0.00000000e+00,3.46930710e+09
8.26000000e+03,2.60098934e+01,2.92024788e+33,3.95540442e+38,2.98995468e+38,-3.51384180e+39,2.79278986e+47,3.55182603e+47,3.01342171e+47,4.63645292e+48,2.20959341e+52,2.21038008e+52,-7.39590471e+51,1.84058484e+52,6.43305181e+05,1.46879718e+05,7.95233387e+05,1.35447557e+05,1.02387017e+05,-1.20326834e+06,0.00000000e+00,3.45793076e+09
8.27000000e+03,2.60151282e+01,2.92024797e+33,3.92235003e+38,2.98553834e+38,-3.51812392e+39,2.79397592e+47,3.55390087e+47,3.01209819e+47,4.62939777e+48,2.20982104e+52,2.21060640e+52,-7.38775302e+51,1.84121875e+52,6.44561181e+05,1.47277639e+05,7.90357589e+05,1.34315650e+05,1.02235782e+05,-1.20473465e+06,0.00000000e+00,3.44666663e+09
8.28000000e+03,2.60202330e+01,2.92024806e+33,3.89012922e+38,2.98059011e+38,-3.52227121e+39,2.79514244e+47,3.55595184e+47,3.01082710e+47,4.62227479e+48,2.21004210e+52,2.21082616e+52,-7.37978215e+51,1.84183705e+52,6.45782654e+05,1.47664393e+05,7.85581257e+05,1.33212287e+05,1.02066333e+05,-1.20615480e+06,0.00000000e+00,3.43565887e+09
8.29000000e+03,2.60252175e+01,2.92024814e+33,3.85861140e+38,2.97526237e+38,-3.52629065e+39,2.79626525e+47,3.55797845e+47,3.00960639e+47,4.61508746e+48,2.21025694e+52,2.21103970e+52,-7.37198146e+51,1.84244063e+52,6.46971794e+05,1.48040906e+05,7.80896172e+05,1.32132997e+05,1.01883889e+05,-1.20753117e+06,0.00000000e+00,3.42490414e+09
8.30000000e+03,2.60300912e+01,2.92024822e+33,3.82754393e+38,2.96971742e+38,-3.53018649e+39,2.79735176e+47,3.55997632e+47,3.00844969e+47,4.60784473e+48,2.21046597e+52,2.21124743e+52,-7.36434006e+51,1.84303043e+52,6.48130136e+05,1.48407876e+05,7.76294226e+05,1.31069130e+05,1.01694007e+05,-1.20886521e+06,0.00000000e+00,3.41438542e+09
8.31000000e+03,2.60348610e+01,2.92024830e+33,3.79690835e+38,2.96394072e+38,-3.53397295e+39,2.79840244e+47,3.56194130e+47,3.00731705e+47,4.60054807e+48,2.21066956e+52,2.21144972e+52,-7.35685091e+51,1.84360718e+52,6.49259620e+05,1.48766708e+05,7.71770229e+05,1.30020052e+05,1.01496189e+05,-1.21016180e+06,0.00000000e+00,3.40408963e+09
8.32000000e+03,2.60395311e+01,2.92024838e+33,3.76673538e+38,2.95788450e+38,-3.53766368e+39,2.79942646e+47,3.56388330e+47,3.00618358e+47,4.59320667e+48,2.21086798e+52,2.21164686e+52,-7.34951010e+51,1.84417135e+52,6.50361858e+05,1.49117692e+05,7.67321217e+05,1.28986815e+05,1.01288799e+05,-1.21142561e+06,0.00000000e+00,3.39401144e+09
8.33000000e+03,2.60441064e+01,2.92024845e+33,3.73698554e+38,2.95163481e+38,-3.54126092e+39,2.80045422e+47,3.56581136e+47,3.00504730e+47,4.58583364e+48,2.21106151e+52,2.21183911e+52,-7.34231264e+51,1.84472348e+52,6.51438632e+05,1.49461057e+05,7.62943888e+05,1.27968069e+05,1.01074784e+05,-1.21265741e+06,0.00000000e+00,3.38414536e+09
8.34000000e+03,2.60485898e+01,2.92024852e+33,3.70768259e+38,2.94523091e+38,-3.54476151e+39,2.80149438e+47,3.56772364e+47,3.00391549e+47,4.57844403e+48,2.21125033e+52,2.21202666e+52,-7.33525668e+51,1.84526382e+52,6.52490847e+05,1.49797253e+05,7.58636958e+05,1.26964625e+05,1.00855488e+05,-1.21385611e+06,0.00000000e+00,3.37448768e+09
8.35000000e+03,2.60529832e+01,2.92024859e+33,3.67884500e+38,2.93872342e+38,-3.54816305e+39,2.80254790e+47,3.56961285e+47,3.00278614e+47,4.57103798e+48,2.21143460e+52,2.21220966e+52,-7.32834082e+51,1.84579262e+52,6.53519314e+05,1.50126879e+05,7.54399729e+05,1.25977118e+05,1.00632646e+05,-1.21502089e+06,0.00000000e+00,3.36503421e+09
8.36000000e+03,2.60572919e+01,2.92024865e+33,3.65051783e+38,2.93205172e+38,-3.55147114e+39,2.80361486e+47,3.57147460e+47,3.00167530e+47,4.56361383e+48,2.21161458e+52,2.21238839e+52,-7.32155890e+51,1.84631044e+52,6.54524848e+05,1.50450287e+05,7.50229050e+05,1.25007089e+05,1.00404180e+05,-1.21615368e+06,0.00000000e+00,3.35577694e+09
8.37000000e+03,2.60615231e+01,2.92024872e+33,3.62261659e+38,2.92528842e+38,-3.55469088e+39,2.80466042e+47,3.57332637e+47,3.00059041e+47,4.55615224e+48,2.21179065e+52,2.21256320e+52,-7.31490117e+51,1.84681814e+52,6.55509284e+05,1.50768302e+05,7.46119386e+05,1.24051646e+05,1.00172578e+05,-1.21725621e+06,0.00000000e+00,3.34670586e+09
8.38000000e+03,2.60656800e+01,2.92024878e+33,3.59512213e+38,2.91838537e+38,-3.55783004e+39,2.80567364e+47,3.57516060e+47,2.99955267e+47,4.54865104e+48,2.21196297e+52,2.21273427e+52,-7.30836385e+51,1.84731608e+52,6.56473694e+05,1.51081279e+05,7.42068737e+05,1.23110132e+05,9.99361902e+04,-1.21833115e+06,0.00000000e+00,3.33781886e+09
8.39000000e+03,2.60697668e+01,2.92024884e+33,3.56795891e+38,2.91135421e+38,-3.56089101e+39,2.80666245e+47,3.57695620e+47,2.99855939e+47,4.54112096e+48,2.21213180e+52,2.21290186e+52,-7.30194190e+51,1.84780477e+52,6.57419035e+05,1.51389506e+05,7.38075150e+05,1.22179962e+05,9.96954154e+04,-1.21937931e+06,0.00000000e+00,3.32911110e+09
8.40000000e+03,2.60737875e+01,2.92024890e+33,3.54111248e+38,2.90413658e+38,-3.56388613e+39,2.80763030e+47,3.57873983e+47,2.99756766e+47,4.53355735e+48,2.21229734e+52,2.21306617e+52,-7.29562995e+51,1.84828467e+52,6.58346272e+05,1.51693481e+05,7.34135383e+05,1.21260639e+05,9.94482555e+04,-1.22040492e+06,0.00000000e+00,3.32060799e+09
8.41000000e+03,2.60777456e+01,2.92024895e+33,3.51455908e+38,2.89676932e+38,-3.56681733e+39,2.80857520e+47,3.58051294e+47,2.99657228e+47,4.52596303e+48,2.21245977e+52,2.21322736e+52,-7.28942369e+51,1.84875618e+52,6.59256311e+05,1.51993758e+05,7.30247258e+05,1.20351351e+05,9.91959716e+04,-1.22140865e+06,0.00000000e+00,3.31233602e+09
8.42000000e+03,2.60816468e+01,2.92024901e+33,3.48829614e+38,2.88923005e+38,-3.56968843e+39,2.80948652e+47,3.58226890e+47,2.99557262e+47,4.51833205e+48,2.21261933e+52,2.21338570e+52,-7.28331489e+51,1.84921995e+52,6.60149706e+05,1.52290673e+05,7.26405703e+05,1.19452010e+05,9.89377973e+04,-1.22239180e+06,0.00000000e+00,3.30421372e+09
8.43000000e+03,2.60854969e+01,2.92024906e+33,3.46233563e+38,2.88150440e+38,-3.57250884e+39,2.81036554e+47,3.58401281e+47,2.99457133e+47,4.51065678e+48,2.21277629e+52,2.21354143e+52,-7.27729557e+51,1.84967665e+52,6.61027973e+05,1.52584410e+05,7.22605798e+05,1.18563025e+05,9.86732412e+04,-1.22335758e+06,0.00000000e+00,3.29620695e+09
8.44000000e+03,2.60892996e+01,2.92024912e+33,3.43659857e+38,2.87367339e+38,-3.57527858e+39,2.81121454e+47,3.58574267e+47,2.99358370e+47,4.50293092e+48,2.21293135e+52,2.21369526e+52,-7.27136067e+51,1.85012723e+52,6.61892002e+05,1.52874845e+05,7.18844619e+05,1.17681692e+05,9.84050770e+04,-1.22430602e+06,0.00000000e+00,3.28831873e+09
8.45000000e+03,2.60930591e+01,2.92024917e+33,3.41106589e+38,2.86571308e+38,-3.57800157e+39,2.81203194e+47,3.58745964e+47,2.99260692e+47,4.49515203e+48,2.21308452e+52,2.21384722e+52,-7.26550411e+51,1.85057201e+52,6.62742742e+05,1.53162184e+05,7.15118321e+05,1.16807358e+05,9.81324851e+04,-1.22523845e+06,0.00000000e+00,3.28052000e+09
8.46000000e+03,2.60967805e+01,2.92024922e+33,3.38571224e+38,2.85754997e+38,-3.58068457e+39,2.81281623e+47,3.58916689e+47,2.99162601e+47,4.48731882e+48,2.21323569e+52,2.21399716e+52,-7.25971879e+51,1.85101122e+52,6.63581127e+05,1.53446728e+05,7.11422422e+05,1.15939154e+05,9.78529487e+04,-1.22615719e+06,0.00000000e+00,3.27280135e+09
8.47000000e+03,2.61004742e+01,2.92024927e+33,3.36047919e+38,2.84918074e+38,-3.58333489e+39,2.81356554e+47,3.59088066e+47,2.99063395e+47,4.47941970e+48,2.21338529e+52,2.21414554e+52,-7.25398903e+51,1.85144608e+52,6.64409491e+05,1.53729187e+05,7.07746898e+05,1.15075080e+05,9.75663540e+04,-1.22706473e+06,0.00000000e+00,3.26515275e+09
8.48000000e+03,2.61041844e+01,2.92024932e+33,3.33507366e+38,2.84055756e+38,-3.58598085e+39,2.81430758e+47,3.59260950e+47,2.98963967e+47,4.47135831e+48,2.21353513e+52,2.21429413e+52,-7.24824768e+51,1.85188175e+52,6.65237588e+05,1.54012849e+05,7.04047689e+05,1.14205100e+05,9.72710629e+04,-1.22797078e+06,0.00000000e+00,3.25749045e+09
8.49000000e+03,2.61079544e+01,2.92024938e+33,3.30922464e+38,2.83166062e+38,-3.58865296e+39,2.81504980e+47,3.59436584e+47,2.98862606e+47,4.46303320e+48,2.21368700e+52,2.21444473e+52,-7.24242901e+51,1.85232328e+52,6.66074819e+05,1.54300666e+05,7.00280643e+05,1.13319933e+05,9.69663976e+04,-1.22888579e+06,0.00000000e+00,3.24972372e+09
8.50000000e+03,2.61118517e+01,2.92024943e+33,3.28250052e+38,2.82233157e+38,-3.59140544e+39,2.81580664e+47,3.59618782e+47,2.98756665e+47,4.45427505e+48,2.21384393e+52,2.21460033e+52,-7.23643137e+51,1.85277876e+52,6.66935749e+05,1.54597374e+05,6.96376915e+05,1.12404800e+05,9.66469351e+04,-1.22982832e+06,0.00000000e+00,3.24171359e+09
8.51000000e+03,2.61159292e+01,2.92024949e+33,3.25454852e+38,2.81240288e+38,-3.59427672e+39,2.81658322e+47,3.59810773e+47,2.98644377e+47,4.44494372e+48,2.21400778e+52,2.21476278e+52,-7.23017644e+51,1.85325396e+52,6.67830407e+05,1.54906779e+05,6.92281181e+05,1.11447619e+05,9.63069386e+04,-1.23081152e+06,0.00000000e+00,3.23334647e+09
8.52000000e+03,2.61202206e+01,2.92024956e+33,3.22510211e+38,2.80173025e+38,-3.59728817e+39,2.81738611e+47,3.60015068e+47,2.98523996e+47,4.43494248e+48,2.21417991e+52,2.21493342e+52,-7.22361715e+51,1.85375257e+52,6.68763987e+05,1.55231047e+05,6.87956788e+05,1.10439264e+05,9.59414666e+04,-1.23184272e+06,0.00000000e+00,3.22455431e+09
8.53000000e+03,2.61247279e+01,2.92024963e+33,3.19412694e+38,2.79023264e+38,-3.60043738e+39,2.81820904e+47,3.60229115e+47,2.98394227e+47,4.42426001e+48,2.21436066e+52,2.21511259e+52,-7.21675487e+51,1.85427485e+52,6.69735039e+05,1.55569411e+05,6.83398382e+05,1.09378558e+05,9.55477439e+04,-1.23292110e+06,0.00000000e+00,3.21533723e+09
8.54000000e+03,2.61294342e+01,2.92024970e+33,3.16171319e+38,2.77795832e+38,-3.60370070e+39,2.81907174e+47,3.60452317e+47,2.98257058e+47,4.41293646e+48,2.21454902e+52,2.21529930e+52,-7.20962073e+51,1.85481826e+52,6.70738037e+05,1.55920014e+05,6.78620534e+05,1.08268590e+05,9.51274242e+04,-1.23403855e+06,0.00000000e+00,3.20574676e+09
8.55000000e+03,2.61343153e+01,2.92024979e+33,3.12798750e+38,2.76504985e+38,-3.60705656e+39,2.81996726e+47,3.60684614e+47,2.98112212e+47,4.40102171e+48,2.21474375e+52,2.21549230e+52,-7.20225641e+51,1.85537948e+52,6.71766180e+05,1.56280581e+05,6.73645165e+05,1.07113697e+05,9.46853884e+04,-1.23518768e+06,0.00000000e+00,3.19585304e+09
8.56000000e+03,2.61393453e+01,2.92024987e+33,3.09308307e+38,2.75158096e+38,-3.61048981e+39,2.82088172e+47,3.60924238e+47,2.97959556e+47,4.38857974e+48,2.21494382e+52,2.21569058e+52,-7.19470631e+51,1.85595526e+52,6.72811990e+05,1.56648970e+05,6.68496827e+05,1.05918439e+05,9.42241615e+04,-1.23636331e+06,0.00000000e+00,3.18572339e+09
8.57000000e+03,2.61445000e+01,2.92024996e+33,3.05715903e+38,2.73767730e+38,-3.61397808e+39,2.82181159e+47,3.61169065e+47,2.97803503e+47,4.37567470e+48,2.21514827e+52,2.21589317e+52,-7.18701145e+51,1.85654260e+52,6.73869213e+05,1.57023126e+05,6.63199021e+05,1.04688265e+05,9.37480466e+04,-1.23755779e+06,0.00000000e+00,3.17542454e+09
8.58000000e+03,2.61497515e+01,2.92025005e+33,3.02039812e+38,2.72334872e+38,-3.61751710e+39,2.82274224e+47,3.61417561e+47,2.97644620e+47,4.36238510e+48,2.21535587e+52,2.21609888e+52,-7.17921848e+51,1.85713796e+52,6.74931412e+05,1.57400733e+05,6.57780277e+05,1.03429435e+05,9.32573810e+04,-1.23876964e+06,0.00000000e+00,3.16502757e+09
8.59000000e+03,2.61550655e+01,2.92025015e+33,2.98307221e+38,2.70851058e+38,-3.62109327e+39,2.82366448e+47,3.61667137e+47,2.97480815e+47,4.34881191e+48,2.21556532e+52,2.21630640e+52,-7.17138244e+51,1.85773728e+52,6.75991414e+05,1.57779498e+05,6.52276200e+05,1.02151256e+05,9.27492660e+04,-1.23999421e+06,0.00000000e+00,3.15461312e+09
8.60000000e+03,2.61604167e+01,2.92025024e+33,2.94530166e+38,2.69321851e+38,-3.62466644e+39,2.82456989e+47,3.61914737e+47,2.97313593e+47,4.33503062e+48,2.21577558e+52,2.21651471e+52,-7.16354397e+51,1.85833751e+52,6.77044339e+05,1.58157115e+05,6.46713892e+05,1.00857852e+05,9.22256069e+04,-1.24121775e+06,0.00000000e+00,3.14424361e+09
8.61000000e+03,2.61657989e+01,2.92025034e+33,2.90721201e+38,2.67754711e+38,-3.62822678e+39,2.82544640e+47,3.62158514e+47,2.97145902e+47,4.32106320e+48,2.21598645e+52,2.21672360e+52,-7.15571594e+51,1.85893780e+52,6.78089625e+05,1.58532840e+05,6.41100964e+05,9.95535201e+04,9.16889580e+04,-1.24243690e+06,0.00000000e+00,3.13393212e+09
8.62000000e+03,2.61712060e+01,2.92025044e+33,2.86880589e+38,2.66168135e+38,-3.63177757e+39,2.82628186e+47,3.62398822e+47,2.96977795e+47,4.30692970e+48,2.21619763e+52,2.21693279e+52,-7.14791037e+51,1.85953727e+52,6.79127275e+05,1.58906638e+05,6.35444507e+05,9.82383515e+04,9.11456538e+04,-1.24365278e+06,0.00000000e+00,3.12368338e+09
8.63000000e+03,2.61766328e+01,2.92025053e+33,2.82996717e+38,2.64549190e+38,-3.63531830e+39,2.82706760e+47,3.62636779e+47,2.96810824e+47,4.29263859e+48,2.21640895e+52,2.21714210e+52,-7.14013815e+51,1.86013519e+52,6.80156655e+05,1.59278660e+05,6.29751613e+05,9.69083693e+04,9.05912651e+04,-1.24486521e+06,0.00000000e+00,3.11350363e+09
8.64000000e+03,2.61820931e+01,2.92025063e+33,2.79065892e+38,2.62894007e+38,-3.63884630e+39,2.82780313e+47,3.62869792e+47,2.96641141e+47,4.27815682e+48,2.21662097e+52,2.21735210e+52,-7.13238276e+51,1.86073296e+52,6.81180570e+05,1.59649697e+05,6.24009362e+05,9.55623085e+04,9.00244672e+04,-1.24607329e+06,0.00000000e+00,3.10336957e+09
8.65000000e+03,2.61876157e+01,2.92025073e+33,2.75078488e+38,2.61197074e+38,-3.64238156e+39,2.82852792e+47,3.63103920e+47,2.96466206e+47,4.26340588e+48,2.21683480e+52,2.21756388e+52,-7.12460777e+51,1.86133349e+52,6.82204485e+05,1.60021578e+05,6.18187466e+05,9.41968731e+04,8.94433726e+04,-1.24728384e+06,0.00000000e+00,3.09322733e+09
8.66000000e+03,2.61932382e+01,2.92025084e+33,2.70996497e+38,2.59456577e+38,-3.64594153e+39,2.82924772e+47,3.63341092e+47,2.96287361e+47,4.24827524e+48,2.21705193e+52,2.21777892e+52,-7.11676622e+51,1.86194060e+52,6.83234786e+05,1.60397143e+05,6.12245690e+05,9.27990476e+04,8.88473599e+04,-1.24850286e+06,0.00000000e+00,3.08300075e+09
8.67000000e+03,2.61989927e+01,2.92025095e+33,2.66814140e+38,2.57647276e+38,-3.64955498e+39,2.82995654e+47,3.63582620e+47,2.96100552e+47,4.23266604e+48,2.21727359e+52,2.21799843e+52,-7.10882066e+51,1.86255739e+52,6.84276417e+05,1.60778771e+05,6.06148767e+05,9.13668532e+04,8.82277862e+04,-1.24974019e+06,0.00000000e+00,3.07263872e+09
8.68000000e+03,2.62048929e+01,2.92025106e+33,2.62535825e+38,2.55754485e+38,-3.65323492e+39,2.83066308e+47,3.63827617e+47,2.95906379e+47,4.21653283e+48,2.21750026e+52,2.21822290e+52,-7.10076082e+51,1.86318486e+52,6.85330450e+05,1.61167152e+05,5.99880865e+05,8.99017995e+04,8.75796222e+04,-1.25100029e+06,0.00000000e+00,3.06213559e+09
8.69000000e+03,2.62109251e+01,2.92025118e+33,2.58158957e+38,2.53789677e+38,-3.65696361e+39,2.83135358e+47,3.64074600e+47,2.95708989e+47,4.19992897e+48,2.21773142e+52,2.21845180e+52,-7.09261425e+51,1.86382109e+52,6.86393601e+05,1.61561088e+05,5.93455084e+05,8.84029972e+04,8.69067972e+04,-1.25227708e+06,0.00000000e+00,3.05152902e+09
8.70000000e+03,2.62170499e+01,2.92025130e+33,2.53716093e+38,2.51769382e+38,-3.66071209e+39,2.83202973e+47,3.64321159e+47,2.95507814e+47,4.18299829e+48,2.21796554e+52,2.21868363e+52,-7.08444209e+51,1.86446152e+52,6.87458857e+05,1.61957838e+05,5.86912663e+05,8.68815958e+04,8.62149713e+04,-1.25356064e+06,0.00000000e+00,3.04089649e+09
8.71000000e+03,2.62232264e+01,2.92025142e+33,2.49231560e+38,2.49710137e+38,-3.66444939e+39,2.83268879e+47,3.64563985e+47,2.95302570e+47,4.16587758e+48,2.21820106e+52,2.21891684e+52,-7.07630520e+51,1.86510158e+52,6.88519269e+05,1.62354626e+05,5.80297807e+05,8.53459254e+04,8.55098074e+04,-1.25484037e+06,0.00000000e+00,3.03033078e+09
8.72000000e+03,2.62294345e+01,2.92025155e+33,2.44723656e+38,2.47624484e+38,-3.66816981e+39,2.83334884e+47,3.64804530e+47,2.95090426e+47,4.14863364e+48,2.21843724e+52,2.21915071e+52,-7.06823487e+51,1.86573896e+52,6.89571411e+05,1.62750351e+05,5.73632593e+05,8.38022520e+04,8.47956007e+04,-1.25611433e+06,0.00000000e+00,3.01988615e+09
8.73000000e+03,2.62356719e+01,2.92025167e+33,2.40172335e+38,2.45502948e+38,-3.67188828e+39,2.83401792e+47,3.65046746e+47,2.94871735e+47,4.13127507e+48,2.21867403e+52,2.21938516e+52,-7.06023860e+51,1.86637323e+52,6.90615392e+05,1.63144972e+05,5.66920226e+05,8.22437110e+04,8.40691063e+04,-1.25738761e+06,0.00000000e+00,3.00956853e+09
8.74000000e+03,2.62419588e+01,2.92025180e+33,2.35561591e+38,2.43357826e+38,-3.67561866e+39,2.83468796e+47,3.65292255e+47,2.94645095e+47,4.11375573e+48,2.21891221e+52,2.21962100e+52,-7.05229605e+51,1.86700620e+52,6.91654890e+05,1.63539493e+05,5.60139386e+05,8.06648217e+04,8.33345351e+04,-1.25866498e+06,0.00000000e+00,2.99934306e+09
8.75000000e+03,2.62483296e+01,2.92025193e+33,2.30876154e+38,2.41176044e+38,-3.67937884e+39,2.83535543e+47,3.65539353e+47,2.94412358e+47,4.09599326e+48,2.21915314e+52,2.21985957e+52,-7.04437034e+51,1.86764105e+52,6.92695597e+05,1.63936057e+05,5.53252554e+05,7.90603551e+04,8.25874101e+04,-1.25995254e+06,0.00000000e+00,2.98915809e+09
8.76000000e+03,2.62548063e+01,2.92025206e+33,2.26077468e+38,2.38962820e+38,-3.68319189e+39,2.83605200e+47,3.65794867e+47,2.94172401e+47,4.07793950e+48,2.21939768e+52,2.22010171e+52,-7.03644296e+51,1.86827957e+52,6.93740606e+05,1.64335994e+05,5.46236182e+05,7.74171075e+04,8.18295184e+04,-1.26125821e+06,0.00000000e+00,2.97898240e+09
8.77000000e+03,2.62613890e+01,2.92025220e+33,2.21219755e+38,2.36688197e+38,-3.68703346e+39,2.83676765e+47,3.66049876e+47,2.93925440e+47,4.05961608e+48,2.21964587e+52,2.22034749e+52,-7.02852309e+51,1.86892133e+52,6.94790471e+05,1.64739472e+05,5.39090035e+05,7.57536474e+04,8.10506013e+04,-1.26257365e+06,0.00000000e+00,2.96882768e+09
8.78000000e+03,2.62680534e+01,2.92025234e+33,2.16292460e+38,2.34367163e+38,-3.69088365e+39,2.83751143e+47,3.66303130e+47,2.93675119e+47,4.04112211e+48,2.21989678e+52,2.22059595e+52,-7.02064903e+51,1.86956350e+52,6.95841841e+05,1.65145111e+05,5.31840141e+05,7.40663598e+04,8.02557914e+04,-1.26389203e+06,0.00000000e+00,2.95873863e+09
8.79000000e+03,2.62747553e+01,2.92025248e+33,2.11335084e+38,2.32006800e+38,-3.69474585e+39,2.83823839e+47,3.66561263e+47,2.93420682e+47,4.02260388e+48,2.22014895e+52,2.22084569e+52,-7.01287979e+51,1.87020170e+52,6.96889065e+05,1.65550484e+05,5.24534550e+05,7.23687714e+04,7.94475142e+04,-1.26521452e+06,0.00000000e+00,2.94879461e+09
8.80000000e+03,2.62814806e+01,2.92025262e+33,2.06356524e+38,2.29598454e+38,-3.69860323e+39,2.83893423e+47,3.66829662e+47,2.93160187e+47,4.00411789e+48,2.22040168e+52,2.22109600e+52,-7.00523677e+51,1.87083417e+52,6.97931449e+05,1.65955237e+05,5.17189179e+05,7.06639291e+04,7.86228056e+04,-1.26653537e+06,0.00000000e+00,2.93903260e+09
8.81000000e+03,2.62882471e+01,2.92025277e+33,2.01349960e+38,2.27131300e+38,-3.70244624e+39,2.83960653e+47,3.67103833e+47,2.92891023e+47,3.98563391e+48,2.22065572e+52,2.22134762e+52,-6.99770519e+51,1.87146237e+52,6.98972369e+05,1.66360540e+05,5.09785141e+05,6.89494972e+04,7.77779591e+04,-1.26785129e+06,0.00000000e+00,2.92943273e+09
8.82000000e+03,2.62950713e+01,2.92025291e+33,1.96280258e+38,2.24618869e+38,-3.70626675e+39,2.84027785e+47,3.67375827e+47,2.92618307e+47,3.96712104e+48,2.22091168e+52,2.22160117e+52,-6.99027343e+51,1.87208750e+52,7.00014664e+05,1.66767866e+05,5.02304804e+05,6.72134446e+04,7.69176079e+04,-1.26915951e+06,0.00000000e+00,2.91997568e+09
8.83000000e+03,2.63019647e+01,2.92025306e+33,1.91112296e+38,2.22050973e+38,-3.71007777e+39,2.84097267e+47,3.67650003e+47,2.92340803e+47,3.94855673e+48,2.22117024e+52,2.22185732e+52,-6.98293654e+51,1.87271049e+52,7.01060633e+05,1.67177801e+05,4.94734969e+05,6.54437448e+04,7.60382640e+04,-1.27046447e+06,0.00000000e+00,2.91066504e+09
8.84000000e+03,2.63089375e+01,2.92025322e+33,1.85884194e+38,2.19431974e+38,-3.71389152e+39,2.84170267e+47,3.67929407e+47,2.92058648e+47,3.92993475e+48,2.22143161e+52,2.22211627e+52,-6.97569229e+51,1.87333165e+52,7.02112115e+05,1.67591697e+05,4.87063142e+05,6.36534506e+04,7.51414202e+04,-1.27177037e+06,0.00000000e+00,2.90149742e+09
8.85000000e+03,2.63159957e+01,2.92025337e+33,1.80597747e+38,2.16766831e+38,-3.71771914e+39,2.84243530e+47,3.68214656e+47,2.91773630e+47,3.91127753e+48,2.22169623e+52,2.22237848e+52,-6.96854351e+51,1.87395130e+52,7.03170183e+05,1.68009819e+05,4.79281494e+05,6.18431774e+04,7.42287752e+04,-1.27308102e+06,0.00000000e+00,2.89245833e+09
8.86000000e+03,2.63231475e+01,2.92025353e+33,1.75254784e+38,2.14056738e+38,-3.72156444e+39,2.84315878e+47,3.68505768e+47,2.91492579e+47,3.89260383e+48,2.22196448e+52,2.22264433e+52,-6.96149175e+51,1.87456974e+52,7.04236342e+05,1.68432331e+05,4.71379994e+05,6.00135508e+04,7.33007377e+04,-1.27439772e+06,0.00000000e+00,2.88360270e+09
8.87000000e+03,2.63304109e+01,2.92025369e+33,1.69822058e+38,2.11303608e+38,-3.72544090e+39,2.84388236e+47,3.68802322e+47,2.91213276e+47,3.87389255e+48,2.22223693e+52,2.22291436e+52,-6.95453048e+51,1.87518784e+52,7.05313786e+05,1.68860376e+05,4.63337274e+05,5.81531866e+04,7.23579627e+04,-1.27572509e+06,0.00000000e+00,2.87488153e+09
8.88000000e+03,2.63378155e+01,2.92025386e+33,1.64260816e+38,2.08529902e+38,-3.72936212e+39,2.84462765e+47,3.69105864e+47,2.90937366e+47,3.85509550e+48,2.22251470e+52,2.22318972e+52,-6.94764488e+51,1.87580748e+52,7.06406791e+05,1.69296006e+05,4.55117976e+05,5.62488137e+04,7.14081417e+04,-1.27706778e+06,0.00000000e+00,2.86625852e+09
8.89000000e+03,2.63454065e+01,2.92025404e+33,1.58533790e+38,2.05724858e+38,-3.73335151e+39,2.84534116e+47,3.69422623e+47,2.90657388e+47,3.83611796e+48,2.22279962e+52,2.22347222e+52,-6.94080996e+51,1.87643172e+52,7.07520092e+05,1.69742359e+05,4.46669075e+05,5.42876706e+04,7.04475895e+04,-1.27843381e+06,0.00000000e+00,2.85769828e+09
8.90000000e+03,2.63532384e+01,2.92025423e+33,1.52647334e+38,2.02863598e+38,-3.73739069e+39,2.84610595e+47,3.69750964e+47,2.90377267e+47,3.81687084e+48,2.22309381e+52,2.22376395e+52,-6.93399914e+51,1.87706399e+52,7.08659316e+05,1.70203066e+05,4.37925891e+05,5.22719331e+04,6.94677866e+04,-1.27981689e+06,0.00000000e+00,2.84915703e+09
8.91000000e+03,2.63613597e+01,2.92025443e+33,1.46275170e+38,1.99769366e+38,-3.74165602e+39,2.84710122e+47,3.70063314e+47,2.90079855e+47,3.79735627e+48,2.22341199e+52,2.22407965e+52,-6.92719853e+51,1.87771973e+52,7.09828702e+05,1.70680145e+05,4.28829859e+05,5.00898719e+04,6.84082058e+04,-1.28127741e+06,0.00000000e+00,2.84061006e+09
8.92000000e+03,2.63698826e+01,2.92025465e+33,1.39892631e+38,1.96618618e+38,-3.74590791e+39,2.84805642e+47,3.70426792e+47,2.89785342e+47,3.77720503e+48,2.22373274e+52,2.22439786e+52,-6.92035186e+51,1.87838027e+52,7.11040542e+05,1.71179105e+05,4.19247062e+05,4.79042577e+04,6.73292715e+04,-1.28273331e+06,0.00000000e+00,2.83199527e+09
8.93000000e+03,2.63788998e+01,2.92025489e+33,1.33140766e+38,1.93263918e+38,-3.75033637e+39,2.84911145e+47,3.70810320e+47,2.89490276e+47,3.75640430e+48,2.22407295e+52,2.22473546e+52,-6.91343519e+51,1.87906370e+52,7.12301446e+05,1.71702491e+05,4.09063912e+05,4.55921731e+04,6.61804965e+04,-1.28424967e+06,0.00000000e+00,2.82327480e+09
8.94000000e+03,2.63884130e+01,2.92025516e+33,1.26007294e+38,1.89715752e+38,-3.75496865e+39,2.85028833e+47,3.71204891e+47,2.89178619e+47,3.73507590e+48,2.22443275e+52,2.22509260e+52,-6.90650539e+51,1.87976733e+52,7.13603112e+05,1.72246331e+05,3.98266472e+05,4.31494123e+04,6.49654711e+04,-1.28583581e+06,0.00000000e+00,2.81450726e+09
8.95000000e+03,2.63983954e+01,2.92025544e+33,1.18549163e+38,1.86038140e+38,-3.75976757e+39,2.85153650e+47,3.71619861e+47,2.88857707e+47,3.71362811e+48,2.22481108e+52,2.22546824e+52,-6.89964012e+51,1.88048623e+52,7.14948765e+05,1.72809523e+05,3.86889215e+05,4.05954772e+04,6.37061189e+04,-1.28747901e+06,0.00000000e+00,2.80582702e+09
8.96000000e+03,2.64088785e+01,2.92025576e+33,1.10752528e+38,1.82205072e+38,-3.76471504e+39,2.85302406e+47,3.72040427e+47,2.88525053e+47,3.69181617e+48,2.22520951e+52,2.22586397e+52,-6.89288836e+51,1.88121955e+52,7.16324621e+05,1.73382912e+05,3.74867309e+05,3.79256260e+04,6.23935325e+04,-1.28917305e+06,0.00000000e+00,2.79726488e+09
8.97000000e+03,2.64199208e+01,2.92025611e+33,1.02619913e+38,1.78174544e+38,-3.76983086e+39,2.85468030e+47,3.72475148e+47,2.88178005e+47,3.66989456e+48,2.22563045e+52,2.22628221e+52,-6.88628371e+51,1.88196802e+52,7.17743186e+05,1.73963398e+05,3.62126094e+05,3.51407238e+04,6.10133282e+04,-1.29092474e+06,0.00000000e+00,2.78890484e+09
8.98000000e+03,2.64316207e+01,2.92025650e+33,9.40842957e+37,1.73959477e+38,-3.77514727e+39,2.85673233e+47,3.72940906e+47,2.87816921e+47,3.64788461e+48,2.22607791e+52,2.22672696e+52,-6.87985804e+51,1.88273406e+52,7.19213235e+05,1.74552045e+05,3.48537270e+05,3.22178191e+04,5.95699307e+04,-1.29274510e+06,0.00000000e+00,2.78069513e+09
8.99000000e+03,2.64440723e+01,2.92025694e+33,8.50284741e+37,1.69544367e+38,-3.78070767e+39,2.85911165e+47,3.73443590e+47,2.87445512e+47,3.62588102e+48,2.22655607e+52,2.22720245e+52,-6.87367082e+51,1.88351891e+52,7.20739210e+05,1.75149611e+05,3.33973620e+05,2.91167784e+04,5.80580308e+04,-1.29464898e+06,0.00000000e+00,2.77266812e+09
9.00000000e+03,2.64571151e+01,2.92025742e+33,7.56167211e+37,1.65025203e+38,-3.78643024e+39,2.86166718e+47,3.73974735e+47,2.87063063e+47,3.60457019e+48,2.22705923e+52,2.22770303e+52,-6.86791316e+51,1.88430737e+52,7.22295962e+05,1.75746849e+05,3.18613077e+05,2.58938546e+04,5.65104986e+04,-1.29660838e+06,0.00000000e+00,2.76508486e+09
9.01000000e+03,2.64704446e+01,2.92025792e+33,6.61001036e+37,1.60503577e+38,-3.79221873e+39,2.86431958e+47,3.74523542e+47,2.86679148e+47,3.58483166e+48,2.22757650e+52,2.22821792e+52,-6.86279718e+51,1.88507806e+52,7.23855668e+05,1.76335800e+05,3.02820504e+05,2.26350225e+04,5.49621237e+04,-1.29859034e+06,0.00000000e+00,2.75829759e+09
9.02000000e+03,2.64839921e+01,2.92025844e+33,5.64679496e+37,1.56005034e+38,-3.79800938e+39,2.86713451e+47,3.75083081e+47,2.86307825e+47,3.56696017e+48,2.22810535e+52,2.22874459e+52,-6.85840062e+51,1.88582456e+52,7.25421180e+05,1.76924191e+05,2.86692799e+05,1.93366275e+04,5.34216536e+04,-1.30057304e+06,0.00000000e+00,2.75242725e+09
9.03000000e+03,2.64976904e+01,2.92025894e+33,4.67801848e+37,1.51590840e+38,-3.80381387e+39,2.86996769e+47,3.75659008e+47,2.85940292e+47,3.55147676e+48,2.22864323e+52,2.22928055e+52,-6.85478059e+51,1.88654152e+52,7.27005170e+05,1.77521530e+05,2.70330586e+05,1.60191907e+04,5.19100680e+04,-1.30256047e+06,0.00000000e+00,2.74710302e+09
9.04000000e+03,2.65114942e+01,2.92025947e+33,3.70363644e+37,1.47299144e+38,-3.80957085e+39,2.87281108e+47,3.76240576e+47,2.85587572e+47,3.53770998e+48,2.22919017e+52,2.22982580e+52,-6.85199557e+51,1.88722602e+52,7.28610062e+05,1.78132573e+05,2.53786708e+05,1.26825595e+04,5.04404302e+04,-1.30453163e+06,0.00000000e+00,2.74392717e+09
9.05000000e+03,2.65250591e+01,2.92025999e+33,2.75102511e+37,1.43210561e+38,-3.81516908e+39,2.87554990e+47,3.76811630e+47,2.85263409e+47,3.52658542e+48,2.22973094e+52,2.23036518e+52,-6.85009835e+51,1.88786026e+52,7.30193148e+05,1.78735862e+05,2.37479199e+05,9.42048011e+03,4.90403464e+04,-1.30644843e+06,0.00000000e+00,2.74136008e+09
9.06000000e+03,2.65383492e+01,2.92026048e+33,1.82209186e+37,1.39332127e+38,-3.82057615e+39,2.87823265e+47,3.77374849e+47,2.84956453e+47,3.51794685e+48,2.23026504e+52,2.23089814e+52,-6.84905029e+51,1.88844562e+52,7.31769401e+05,1.79333090e+05,2.21460144e+05,6.23948400e+03,4.77122255e+04,-1.30829978e+06,0.00000000e+00,2.73984933e+09
9.07000000e+03,2.65514294e+01,2.92026097e+33,9.12597113e+36,1.35626362e+38,-3.82576769e+39,2.88093347e+47,3.77929165e+47,2.84659682e+47,3.51156415e+48,2.23079508e+52,2.23142728e+52,-6.84880477e+51,1.88898704e+52,7.33354158e+05,1.79932435e+05,2.05656833e+05,3.12505329e+03,4.64432336e+04,-1.31007733e+06,0.00000000e+00,2.73933835e+09
9.08000000e+03,2.65643843e+01,2.92026144e+33,1.55644670e+35,1.32045794e+38,-3.83078638e+39,2.88354461e+47,3.78486749e+47,2.84378905e+47,3.50727944e+48,2.23132456e+52,2.23195610e+52,-6.84933166e+51,1.88948952e+52,7.34962694e+05,1.80544814e+05,1.89971895e+05,5.32981973e+01,4.52171138e+04,-1.31179569e+06,0.00000000e+00,2.73977923e+09
9.09000000e+03,2.65772296e+01,2.92026191e+33,-8.71456464e+36,1.28611914e+38,-3.83565721e+39,2.88609665e+47,3.79047733e+47,2.84099061e+47,3.50502849e+48,2.23185383e+52,2.23248494e+52,-6.85061085e+51,1.88995440e+52,7.36600222e+05,1.81178693e+05,1.74390613e+05,-2.98417228e+03,4.40412258e+04,-1.31346343e+06,0.00000000e+00,2.74117896e+09
9.10000000e+03,2.65899787e+01,2.92026237e+33,-1.74225010e+37,1.25317799e+38,-3.84037770e+39,2.88864845e+47,3.79601438e+47,2.83819439e+47,3.50471116e+48,2.23238359e+52,2.23301448e+52,-6.85262522e+51,1.89038322e+52,7.38267847e+05,1.81842470e+05,1.58897045e+05,-5.96607388e+03,4.29131986e+04,-1.31507968e+06,0.00000000e+00,2.74345089e+09
9.11000000e+03,2.66026465e+01,2.92026282e+33,-2.60091234e+37,1.22171356e+38,-3.84500291e+39,2.89118843e+47,3.80154471e+47,2.83532361e+47,3.50623902e+48,2.23291473e+52,2.23354559e+52,-6.85536074e+51,1.89077755e+52,7.39961447e+05,1.82540467e+05,1.43469421e+05,-8.90643239e+03,4.18357401e+04,-1.31666331e+06,0.00000000e+00,2.74654788e+09
9.12000000e+03,2.66152695e+01,2.92026327e+33,-3.44908443e+37,1.19169120e+38,-3.84951248e+39,2.89381605e+47,3.80705092e+47,2.83246960e+47,3.50957657e+48,2.23344875e+52,2.23407979e+52,-6.85881292e+51,1.89113914e+52,7.41678225e+05,1.83277234e+05,1.28061628e+05,-1.18108681e+04,4.08076633e+04,-1.31820734e+06,0.00000000e+00,2.75049413e+09
9.13000000e+03,2.66278607e+01,2.92026372e+33,-4.28849251e+37,1.16306912e+38,-3.85396815e+39,2.89649636e+47,3.81256435e+47,2.82965889e+47,3.51469191e+48,2.23398656e+52,2.23461798e+52,-6.86297617e+51,1.89146917e+52,7.43416112e+05,1.84053750e+05,1.12660807e+05,-1.46852919e+04,3.98275372e+04,-1.31973292e+06,0.00000000e+00,2.75529557e+09
9.14000000e+03,2.66404349e+01,2.92026417e+33,-5.12345554e+37,1.13559060e+38,-3.85839268e+39,2.89911191e+47,3.81813612e+47,2.82683426e+47,3.52155841e+48,2.23452858e+52,2.23516057e+52,-6.86784773e+51,1.89176818e+52,7.45174702e+05,1.84870842e+05,9.72548008e+04,-1.75444934e+04,3.88865711e+04,-1.32124783e+06,0.00000000e+00,2.76092070e+09
9.15000000e+03,2.66529947e+01,2.92026461e+33,-5.96135614e+37,1.10900495e+38,-3.86269418e+39,2.90175286e+47,3.82375862e+47,2.82406988e+47,3.53013434e+48,2.23507520e+52,2.23570796e+52,-6.87342144e+51,1.89203689e+52,7.46958272e+05,1.85727522e+05,8.18458931e+04,-2.04137533e+04,3.79761802e+04,-1.32272061e+06,0.00000000e+00,2.76747459e+09
9.16000000e+03,2.66655467e+01,2.92026506e+33,-6.79950741e+37,1.08392858e+38,-3.86689711e+39,2.90428055e+47,3.82939326e+47,2.82128425e+47,3.54030958e+48,2.23562670e+52,2.23626039e+52,-6.87969316e+51,1.89227573e+52,7.48774943e+05,1.86624490e+05,6.64307100e+04,-2.32838707e+04,3.71174724e+04,-1.32415963e+06,0.00000000e+00,2.77488636e+09
9.17000000e+03,2.66781016e+01,2.92026551e+33,-7.62949722e+37,1.06034085e+38,-3.87105971e+39,2.90678922e+47,3.83520882e+47,2.81852822e+47,3.55204026e+48,2.23618355e+52,2.23681836e+52,-6.88666192e+51,1.89248526e+52,7.50633479e+05,1.87564760e+05,5.09956190e+04,-2.61260396e+04,3.63097413e+04,-1.32558485e+06,0.00000000e+00,2.78312142e+09
9.18000000e+03,2.66906657e+01,2.92026595e+33,-8.45622322e+37,1.03825824e+38,-3.87512505e+39,2.90932302e+47,3.84097617e+47,2.81582985e+47,3.56530622e+48,2.23674654e+52,2.23738263e+52,-6.89432621e+51,1.89266632e+52,7.52540912e+05,1.88551996e+05,3.55286294e+04,-2.89570312e+04,3.55535508e+04,-1.32697676e+06,0.00000000e+00,2.79227337e+09
9.19000000e+03,2.67032199e+01,2.92026640e+33,-9.28505112e+37,1.01751463e+38,-3.87905189e+39,2.91189316e+47,3.84669599e+47,2.81317494e+47,3.58003548e+48,2.23731512e+52,2.23795265e+52,-6.90266755e+51,1.89281927e+52,7.54489889e+05,1.89588942e+05,2.00486069e+04,-3.17952195e+04,3.48432125e+04,-1.32832124e+06,0.00000000e+00,2.80225037e+09
9.20000000e+03,2.67157440e+01,2.92026684e+33,-1.01123231e+38,9.98714289e+37,-3.88286995e+39,2.91458512e+47,3.85240092e+47,2.81043703e+47,3.59613519e+48,2.23788836e+52,2.23852748e+52,-6.91166225e+51,1.89294437e+52,7.56471660e+05,1.90677668e+05,4.57808072e+03,-3.46280791e+04,3.41994188e+04,-1.32962848e+06,0.00000000e+00,2.81286370e+09
9.21000000e+03,2.67282521e+01,2.92026729e+33,-1.09237909e+38,9.80931513e+37,-3.88656221e+39,2.91725276e+47,3.85811699e+47,2.80758137e+47,3.61353593e+48,2.23846686e+52,2.23910772e+52,-6.92130943e+51,1.89304225e+52,7.58486267e+05,1.91823837e+05,-1.08975640e+04,-3.74068188e+04,3.35904702e+04,-1.33089263e+06,0.00000000e+00,2.82434397e+09
9.22000000e+03,2.67407391e+01,2.92026773e+33,-1.17287724e+38,9.65003067e+37,-3.89005660e+39,2.91983695e+47,3.86386454e+47,2.80470038e+47,3.63213615e+48,2.23905081e+52,2.23969355e+52,-6.93159482e+51,1.89311380e+52,7.60527870e+05,1.93033713e+05,-2.63683282e+04,-4.01633464e+04,3.30450204e+04,-1.33208903e+06,0.00000000e+00,2.83666864e+09
9.23000000e+03,2.67532034e+01,2.92026817e+33,-1.25263363e+38,9.50595882e+37,-3.89344556e+39,2.92236507e+47,3.86964081e+47,2.80177210e+47,3.65185679e+48,2.23964016e+52,2.24028489e+52,-6.94250568e+51,1.89315961e+52,7.62596653e+05,1.94309498e+05,-4.18293629e+04,-4.28944726e+04,3.25516640e+04,-1.33324932e+06,0.00000000e+00,2.84972389e+09
9.24000000e+03,2.67656520e+01,2.92026861e+33,-1.33182647e+38,9.37934416e+37,-3.89672049e+39,2.92485698e+47,3.87545325e+47,2.79882165e+47,3.67258571e+48,2.24023558e+52,2.24088243e+52,-6.95403601e+51,1.89318063e+52,7.64696697e+05,1.95645164e+05,-5.72919289e+04,-4.56063001e+04,3.21180871e+04,-1.33437057e+06,0.00000000e+00,2.86362227e+09
9.25000000e+03,2.67780620e+01,2.92026901e+33,-1.41000374e+38,9.27519150e+37,-3.89986093e+39,2.92713487e+47,3.88133309e+47,2.79596319e+47,3.69500780e+48,2.24083579e+52,2.24148489e+52,-6.96614530e+51,1.89317762e+52,7.66903344e+05,1.97068738e+05,-7.27159001e+04,-4.82833512e+04,3.17614284e+04,-1.33544578e+06,0.00000000e+00,2.87854466e+09
9.26000000e+03,2.67903915e+01,2.92026944e+33,-1.48676348e+38,9.18556846e+37,-3.90289741e+39,2.92950166e+47,3.88715451e+47,2.79311167e+47,3.71706666e+48,2.24143865e+52,2.24209002e+52,-6.97879033e+51,1.89315050e+52,7.69126460e+05,1.98536954e+05,-8.80746303e+04,-5.09118597e+04,3.14545238e+04,-1.33648538e+06,0.00000000e+00,2.89367776e+09
9.27000000e+03,2.68026307e+01,2.92026986e+33,-1.56214219e+38,9.11109782e+37,-3.90581077e+39,2.93180847e+47,3.89292041e+47,2.79031965e+47,3.73980060e+48,2.24204342e+52,2.24269715e+52,-6.99192736e+51,1.89310078e+52,7.71378674e+05,2.00038344e+05,-1.03351374e+05,-5.34930765e+04,3.11995063e+04,-1.33748282e+06,0.00000000e+00,2.90978664e+09
9.28000000e+03,2.68147716e+01,2.92027028e+33,-1.63584070e+38,9.05667854e+37,-3.90859856e+39,2.93402239e+47,3.89859464e+47,2.78756216e+47,3.76308502e+48,2.24264937e+52,2.24330552e+52,-7.00551955e+51,1.89302954e+52,7.73656322e+05,2.01566918e+05,-1.18536111e+05,-5.60167568e+04,3.10131517e+04,-1.33843726e+06,0.00000000e+00,2.92657144e+09
9.29000000e+03,2.68268085e+01,2.92027070e+33,-1.70793683e+38,9.02256966e+37,-3.91122599e+39,2.93617492e+47,3.90426716e+47,2.78487467e+47,3.78683060e+48,2.24325611e+52,2.24391475e+52,-7.01953126e+51,1.89293819e+52,7.75957161e+05,2.03120712e+05,-1.33622226e+05,-5.84855653e+04,3.08963469e+04,-1.33933679e+06,0.00000000e+00,2.94389592e+09
9.30000000e+03,2.68387339e+01,2.92027110e+33,-1.77908513e+38,9.00495684e+37,-3.91370733e+39,2.93834598e+47,3.90984177e+47,2.78225195e+47,3.81093380e+48,2.24386341e+52,2.24452460e+52,-7.03392396e+51,1.89282840e+52,7.78281782e+05,2.04704977e+05,-1.48605388e+05,-6.09219168e+04,3.08360304e+04,-1.34018630e+06,0.00000000e+00,2.96181669e+09
9.31000000e+03,2.68505409e+01,2.92027150e+33,-1.84893608e+38,9.00752832e+37,-3.91605450e+39,2.94051342e+47,3.91537850e+47,2.77964008e+47,3.83523186e+48,2.24447105e+52,2.24513481e+52,-7.04865919e+51,1.89270185e+52,7.80630461e+05,2.06324862e+05,-1.63476945e+05,-6.33138419e+04,3.08448318e+04,-1.34098987e+06,0.00000000e+00,2.98034182e+09
9.32000000e+03,2.68622506e+01,2.92027189e+33,-1.91797889e+38,9.02541987e+37,-3.91827874e+39,2.94257036e+47,3.92085406e+47,2.77708395e+47,3.85961619e+48,2.24507937e+52,2.24574572e+52,-7.06373471e+51,1.89255898e+52,7.83007119e+05,2.07986746e+05,-1.78265302e+05,-6.56780931e+04,3.09060944e+04,-1.34175134e+06,0.00000000e+00,2.99927982e+09
9.33000000e+03,2.68738782e+01,2.92027228e+33,-1.98549306e+38,9.05255662e+37,-3.92045491e+39,2.94477678e+47,3.92628219e+47,2.77452667e+47,3.88399843e+48,2.24568931e+52,2.24635826e+52,-7.07914306e+51,1.89240111e+52,7.85413868e+05,2.09693117e+05,-1.92992395e+05,-6.79899977e+04,3.09990157e+04,-1.34249636e+06,0.00000000e+00,3.01872091e+09
9.34000000e+03,2.68854273e+01,2.92027265e+33,-2.05204265e+38,9.09134069e+37,-3.92240236e+39,2.94687486e+47,3.93171015e+47,2.77215717e+47,3.90879775e+48,2.24630020e+52,2.24697178e+52,-7.09485996e+51,1.89222878e+52,7.87877581e+05,2.11452467e+05,-2.07666887e+05,-7.02688720e+04,3.11318216e+04,-1.34316307e+06,0.00000000e+00,3.03819305e+09
9.35000000e+03,2.68969378e+01,2.92027302e+33,-2.11759704e+38,9.14430942e+37,-3.92430789e+39,2.94914369e+47,3.93701691e+47,2.76986152e+47,3.93280884e+48,2.24691627e+52,2.24759044e+52,-7.11092548e+51,1.89204416e+52,7.90387332e+05,2.13255192e+05,-2.22353748e+05,-7.25136663e+04,3.13132003e+04,-1.34381541e+06,0.00000000e+00,3.05931321e+09
9.36000000e+03,2.69083898e+01,2.92027340e+33,-2.18221502e+38,9.20809042e+37,-3.92608688e+39,2.95143961e+47,3.94225860e+47,2.76760073e+47,3.95659539e+48,2.24753463e+52,2.24821138e+52,-7.12728339e+51,1.89184721e+52,7.92922100e+05,2.15081936e+05,-2.37030950e+05,-7.47263945e+04,3.15316039e+04,-1.34442442e+06,0.00000000e+00,3.08032334e+09
9.37000000e+03,2.69198124e+01,2.92027378e+33,-2.24553521e+38,9.27798442e+37,-3.92773482e+39,2.95380520e+47,3.94735110e+47,2.76542254e+47,3.98010287e+48,2.24815673e+52,2.24883604e+52,-7.14395064e+51,1.89163850e+52,7.95480588e+05,2.16924936e+05,-2.51737634e+05,-7.68946812e+04,3.17709404e+04,-1.34498856e+06,0.00000000e+00,3.10187242e+09
9.38000000e+03,2.69311714e+01,2.92027415e+33,-2.30753038e+38,9.35899675e+37,-3.92929162e+39,2.95616259e+47,3.95231212e+47,2.76327498e+47,4.00328166e+48,2.24878094e+52,2.24946278e+52,-7.16085126e+51,1.89142022e+52,7.98050608e+05,2.18772429e+05,-2.66429673e+05,-7.90175945e+04,3.20483498e+04,-1.34552149e+06,0.00000000e+00,3.12364620e+09
9.39000000e+03,2.69424729e+01,2.92027451e+33,-2.36840207e+38,9.44791167e+37,-3.93068069e+39,2.95851939e+47,3.95712605e+47,2.76117343e+47,4.02610908e+48,2.24940774e+52,2.25009209e+52,-7.17796715e+51,1.89119373e+52,8.00631634e+05,2.20625682e+05,-2.81119306e+05,-8.11020354e+04,3.23528204e+04,-1.34599698e+06,0.00000000e+00,3.14581834e+09
9.40000000e+03,2.69537534e+01,2.92027488e+33,-2.42835437e+38,9.54010119e+37,-3.93198861e+39,2.96099728e+47,3.96182509e+47,2.75901866e+47,4.04858261e+48,2.25003871e+52,2.25072556e+52,-7.19532920e+51,1.89095910e+52,8.03229602e+05,2.22494705e+05,-2.95862685e+05,-8.31549928e+04,3.26685041e+04,-1.34644469e+06,0.00000000e+00,3.16848269e+09
9.41000000e+03,2.69650485e+01,2.92027525e+33,-2.48742976e+38,9.63460882e+37,-3.93314721e+39,2.96362206e+47,3.96642262e+47,2.75684382e+47,4.07067911e+48,2.25067576e+52,2.25136507e+52,-7.21297010e+51,1.89071657e+52,8.05850925e+05,2.24390827e+05,-3.10709565e+05,-8.51779215e+04,3.29921258e+04,-1.34684127e+06,0.00000000e+00,3.19160916e+09
9.42000000e+03,2.69763560e+01,2.92027561e+33,-2.54582854e+38,9.73839743e+37,-3.93423485e+39,2.96632217e+47,3.97099741e+47,2.75460259e+47,4.09227204e+48,2.25131858e+52,2.25201032e+52,-7.23086560e+51,1.89046704e+52,8.08495559e+05,2.26320970e+05,-3.25660213e+05,-8.71776804e+04,3.33475285e+04,-1.34721354e+06,0.00000000e+00,3.21516013e+09
9.43000000e+03,2.69876762e+01,2.92027598e+33,-2.60365574e+38,9.84575694e+37,-3.93515427e+39,2.96900566e+47,3.97552679e+47,2.75225009e+47,4.11322418e+48,2.25196685e+52,2.25266097e+52,-7.24899447e+51,1.89021124e+52,8.11164402e+05,2.28291935e+05,-3.40720074e+05,-8.91578658e+04,3.37151591e+04,-1.34752821e+06,0.00000000e+00,3.23911060e+09
9.44000000e+03,2.69990059e+01,2.92027635e+33,-2.66082868e+38,9.95847498e+37,-3.93596035e+39,2.97174435e+47,3.98000973e+47,2.74987254e+47,4.13340169e+48,2.25262073e+52,2.25331716e+52,-7.26732907e+51,1.88995071e+52,8.13856595e+05,2.30305178e+05,-3.55892143e+05,-9.11156466e+04,3.41011390e+04,-1.34780407e+06,0.00000000e+00,3.26339978e+09
9.45000000e+03,2.70103453e+01,2.92027672e+33,-2.71708384e+38,1.00736975e+38,-3.93657231e+39,2.97457882e+47,3.98438244e+47,2.74743851e+47,4.15271554e+48,2.25327996e+52,2.25397864e+52,-7.28584725e+51,1.88968628e+52,8.16572061e+05,2.32359742e+05,-3.71182983e+05,-9.30419993e+04,3.44956950e+04,-1.34801346e+06,0.00000000e+00,3.28799120e+09
9.46000000e+03,2.70216933e+01,2.92027709e+33,-2.77257772e+38,1.01988797e+38,-3.93699057e+39,2.97750751e+47,3.98871218e+47,2.74497024e+47,4.17111913e+48,2.25394431e+52,2.25464517e+52,-7.30452358e+51,1.88941899e+52,8.19308922e+05,2.34451959e+05,-3.86596659e+05,-9.49422825e+04,3.49243562e+04,-1.34815651e+06,0.00000000e+00,3.31293196e+09
9.47000000e+03,2.70330544e+01,2.92027746e+33,-2.82759855e+38,1.03303245e+38,-3.93730853e+39,2.98056319e+47,3.99303408e+47,2.74242521e+47,4.18859523e+48,2.25461470e+52,2.25531765e+52,-7.32334142e+51,1.88915058e+52,8.22066667e+05,2.36580352e+05,-4.02144725e+05,-9.68263664e+04,3.53744622e+04,-1.34826522e+06,0.00000000e+00,3.33822523e+09
9.48000000e+03,2.70444313e+01,2.92027783e+33,-2.88159161e+38,1.04663494e+38,-3.93753581e+39,2.98370581e+47,3.99738857e+47,2.73989131e+47,4.20510662e+48,2.25529038e+52,2.25599535e+52,-7.34227902e+51,1.88888140e+52,8.24844813e+05,2.38744998e+05,-4.17829343e+05,-9.86752554e+04,3.58402523e+04,-1.34834288e+06,0.00000000e+00,3.36385620e+09
9.49000000e+03,2.70558241e+01,2.92027820e+33,-2.93547946e+38,1.06073082e+38,-3.93759706e+39,2.98693445e+47,4.00175339e+47,2.73735610e+47,4.22064610e+48,2.25597131e+52,2.25667822e+52,-7.36130911e+51,1.88861276e+52,8.27641422e+05,2.40947210e+05,-4.33648442e+05,-1.00520541e+05,3.63229374e+04,-1.34836368e+06,0.00000000e+00,3.38974741e+09
9.50000000e+03,2.70672411e+01,2.92027856e+33,-2.98958709e+38,1.07538780e+38,-3.93756831e+39,2.99023970e+47,4.00606049e+47,2.73481091e+47,4.23584637e+48,2.25665795e+52,2.25736677e+52,-7.38041428e+51,1.88834606e+52,8.30503027e+05,2.43219655e+05,-4.49622082e+05,-1.02373353e+05,3.68248365e+04,-1.34835367e+06,0.00000000e+00,3.41605392e+09
9.51000000e+03,2.70787103e+01,2.92027894e+33,-3.04405734e+38,1.09057227e+38,-3.93746680e+39,2.99373950e+47,4.01035990e+47,2.73235277e+47,4.24909554e+48,2.25735200e+52,2.25806260e+52,-7.39962021e+51,1.88808159e+52,8.33358220e+05,2.45542641e+05,-4.65785505e+05,-1.04238581e+05,3.73447981e+04,-1.34831873e+06,0.00000000e+00,3.44247133e+09
9.52000000e+03,2.70902385e+01,2.92027932e+33,-3.09892610e+38,1.10636311e+38,-3.93728108e+39,2.99739951e+47,4.01467038e+47,2.72976956e+47,4.26128816e+48,2.25805421e+52,2.25876650e+52,-7.41889908e+51,1.88782155e+52,8.36227897e+05,2.47916801e+05,-4.82137835e+05,-1.06117455e+05,3.78855236e+04,-1.34825496e+06,0.00000000e+00,3.46923088e+09
9.53000000e+03,2.71018459e+01,2.92027971e+33,-3.15443152e+38,1.12234040e+38,-3.93698524e+39,3.00117319e+47,4.01903972e+47,2.72713859e+47,4.27239948e+48,2.25876524e+52,2.25947915e+52,-7.43824675e+51,1.88756681e+52,8.39115819e+05,2.50342476e+05,-4.98696508e+05,-1.08018130e+05,3.84326335e+04,-1.34815348e+06,0.00000000e+00,3.49627471e+09
9.54000000e+03,2.71135537e+01,2.92028010e+33,-3.21147123e+38,1.13766647e+38,-3.93657515e+39,3.00493843e+47,4.02338808e+47,2.72437467e+47,4.28238022e+48,2.25948584e+52,2.26020129e+52,-7.45765714e+51,1.88731843e+52,8.42027269e+05,2.52820903e+05,-5.15485942e+05,-1.09971343e+05,3.89574434e+04,-1.34801287e+06,0.00000000e+00,3.52347602e+09
9.55000000e+03,2.71253800e+01,2.92028050e+33,-3.26914435e+38,1.15305750e+38,-3.93603803e+39,3.00891317e+47,4.02781656e+47,2.72148598e+47,4.29122045e+48,2.26021674e+52,2.26093366e+52,-7.47711604e+51,1.88707786e+52,8.44963806e+05,2.55351655e+05,-5.32530173e+05,-1.11946245e+05,3.94844778e+04,-1.34782876e+06,0.00000000e+00,3.55087410e+09
9.56000000e+03,2.71373367e+01,2.92028090e+33,-3.32819233e+38,1.16863144e+38,-3.93537968e+39,3.01318095e+47,4.03237174e+47,2.71849285e+47,4.29890715e+48,2.26095875e+52,2.26167707e+52,-7.49659486e+51,1.88684732e+52,8.47923171e+05,2.57929682e+05,-5.49842574e+05,-1.13968226e+05,4.00177749e+04,-1.34760313e+06,0.00000000e+00,3.57840182e+09
9.57000000e+03,2.71494312e+01,2.92028132e+33,-3.38782025e+38,1.18457527e+38,-3.93450853e+39,3.01776901e+47,4.03692326e+47,2.71541167e+47,4.30542907e+48,2.26171281e+52,2.26243243e+52,-7.51605354e+51,1.88662976e+52,8.50902570e+05,2.60547555e+05,-5.67435006e+05,-1.16010065e+05,4.05637381e+04,-1.34730463e+06,0.00000000e+00,3.60603263e+09
9.58000000e+03,2.71616609e+01,2.92028175e+33,-3.44861523e+38,1.20028653e+38,-3.93349032e+39,3.02272598e+47,4.04150851e+47,2.71224367e+47,4.31076408e+48,2.26247790e+52,2.26319875e+52,-7.53543259e+51,1.88642713e+52,8.53898606e+05,2.63204304e+05,-5.85304926e+05,-1.18091867e+05,4.11017371e+04,-1.34695576e+06,0.00000000e+00,3.63371226e+09
9.59000000e+03,2.71740408e+01,2.92028216e+33,-3.51126878e+38,1.21650330e+38,-3.93235698e+39,3.02786936e+47,4.04631553e+47,2.70885402e+47,4.31569945e+48,2.26325565e+52,2.26397770e+52,-7.55469522e+51,1.88624294e+52,8.56968261e+05,2.65946334e+05,-6.03496287e+05,-1.20237312e+05,4.16570466e+04,-1.34656748e+06,0.00000000e+00,3.66156729e+09
9.60000000e+03,2.71866083e+01,2.92028261e+33,-3.57371859e+38,1.23299047e+38,-3.93106579e+39,3.03337731e+47,4.05125382e+47,2.70554799e+47,4.31794126e+48,2.26404791e+52,2.26477095e+52,-7.57384958e+51,1.88607847e+52,8.60017791e+05,2.68744020e+05,-6.22042843e+05,-1.22375779e+05,4.22216148e+04,-1.34612512e+06,0.00000000e+00,3.68907953e+09
9.61000000e+03,2.71992904e+01,2.92028307e+33,-3.63734513e+38,1.24903774e+38,-3.92966218e+39,3.03916234e+47,4.05621963e+47,2.70219342e+47,4.31914384e+48,2.26484876e+52,2.26557271e+52,-7.59271076e+51,1.88593717e+52,8.63055514e+05,2.71579801e+05,-6.40822339e+05,-1.24554540e+05,4.27711189e+04,-1.34564427e+06,0.00000000e+00,3.71635843e+09
9.62000000e+03,2.72120927e+01,2.92028351e+33,-3.70251806e+38,1.26598937e+38,-3.92810633e+39,3.04505232e+47,4.06125114e+47,2.69870688e+47,4.32049201e+48,2.26565820e+52,2.26638306e+52,-7.61121571e+51,1.88582228e+52,8.66133670e+05,2.74472380e+05,-6.59861070e+05,-1.26786254e+05,4.33515913e+04,-1.34511130e+06,0.00000000e+00,3.74310154e+09
9.63000000e+03,2.72251454e+01,2.92028397e+33,-3.76938151e+38,1.28358564e+38,-3.92637570e+39,3.05132308e+47,4.06640687e+47,2.69494496e+47,4.32004808e+48,2.26648425e+52,2.26720988e+52,-7.62949646e+51,1.88573505e+52,8.69263484e+05,2.77462528e+05,-6.79393214e+05,-1.29075855e+05,4.39541380e+04,-1.34451846e+06,0.00000000e+00,3.77038447e+09
9.64000000e+03,2.72384352e+01,2.92028444e+33,-3.83809365e+38,1.30111035e+38,-3.92443261e+39,3.05787554e+47,4.07158946e+47,2.69098782e+47,4.31901266e+48,2.26732427e+52,2.26805064e+52,-7.64743992e+51,1.88567864e+52,8.72345015e+05,2.80467835e+05,-6.99329323e+05,-1.31428761e+05,4.45542334e+04,-1.34385286e+06,0.00000000e+00,3.79510548e+09
9.65000000e+03,2.72520460e+01,2.92028494e+33,-3.90913275e+38,1.31907166e+38,-3.92225386e+39,3.06480412e+47,4.07691350e+47,2.68671013e+47,4.31614605e+48,2.26818739e+52,2.26891437e+52,-7.66507143e+51,1.88566080e+52,8.75478554e+05,2.83546270e+05,-7.19842711e+05,-1.33861347e+05,4.51692794e+04,-1.34310656e+06,0.00000000e+00,3.82312739e+09
9.66000000e+03,2.72659513e+01,2.92028548e+33,-3.98243965e+38,1.33722163e+38,-3.91987077e+39,3.07209872e+47,4.08239803e+47,2.68223154e+47,4.31151858e+48,2.26906784e+52,2.26979534e+52,-7.68223446e+51,1.88568362e+52,8.78470491e+05,2.86577001e+05,-7.40775163e+05,-1.36371587e+05,4.57907844e+04,-1.34229026e+06,0.00000000e+00,3.84835895e+09
9.67000000e+03,2.72801255e+01,2.92028604e+33,-4.05671682e+38,1.35638918e+38,-3.91727442e+39,3.07966015e+47,4.08813584e+47,2.67743040e+47,4.30673316e+48,2.26996310e+52,2.27069113e+52,-7.69875675e+51,1.88575329e+52,8.81382583e+05,2.89553280e+05,-7.62063336e+05,-1.38915050e+05,4.64471344e+04,-1.34140093e+06,0.00000000e+00,3.87278659e+09
9.68000000e+03,2.72945762e+01,2.92028662e+33,-4.13359764e+38,1.37434174e+38,-3.91444809e+39,3.08755120e+47,4.09416420e+47,2.67249220e+47,4.30188567e+48,2.27087260e+52,2.27160119e+52,-7.71451231e+51,1.88587558e+52,8.84221638e+05,2.92485277e+05,-7.83732782e+05,-1.41547669e+05,4.70618783e+04,-1.34043284e+06,0.00000000e+00,3.89614721e+09
9.69000000e+03,2.73093224e+01,2.92028723e+33,-4.21245842e+38,1.39316919e+38,-3.91137943e+39,3.09565828e+47,4.10046349e+47,2.66733775e+47,4.29676490e+48,2.27179657e+52,2.27252574e+52,-7.72938568e+51,1.88605645e+52,8.86992418e+05,2.95385513e+05,-8.05834748e+05,-1.44248086e+05,4.77065808e+04,-1.33938176e+06,0.00000000e+00,3.91906220e+09
9.70000000e+03,2.73243775e+01,2.92028785e+33,-4.29388146e+38,1.41182773e+38,-3.90799135e+39,3.10394863e+47,4.10696631e+47,2.66179464e+47,4.29137333e+48,2.27273483e+52,2.27346460e+52,-7.74324727e+51,1.88630223e+52,8.89695683e+05,2.98253669e+05,-8.28396392e+05,-1.47036240e+05,4.83454987e+04,-1.33822128e+06,0.00000000e+00,3.94024536e+09
9.71000000e+03,2.73397723e+01,2.92028851e+33,-4.37794028e+38,1.43027347e+38,-3.90429948e+39,3.11239890e+47,4.11375631e+47,2.65569968e+47,4.28585604e+48,2.27368848e+52,2.27441891e+52,-7.75596992e+51,1.88662041e+52,8.92337092e+05,3.01081134e+05,-8.51455573e+05,-1.49914649e+05,4.89771290e+04,-1.33695677e+06,0.00000000e+00,3.95994171e+09
9.72000000e+03,2.73555488e+01,2.92028919e+33,-4.46414314e+38,1.44820477e+38,-3.90022580e+39,3.12109146e+47,4.12070183e+47,2.64917119e+47,4.28031985e+48,2.27465922e+52,2.27539038e+52,-7.76741288e+51,1.88701974e+52,8.94913768e+05,3.03856887e+05,-8.75048838e+05,-1.52866475e+05,4.95911421e+04,-1.33556149e+06,0.00000000e+00,3.97782648e+09
9.73000000e+03,2.73717449e+01,2.92028992e+33,-4.55264255e+38,1.46646606e+38,-3.89577513e+39,3.12982985e+47,4.12770317e+47,2.64228636e+47,4.27486110e+48,2.27564796e+52,2.27637992e+52,-7.77740597e+51,1.88750962e+52,8.97409254e+05,3.06569665e+05,-8.99203140e+05,-1.55896938e+05,5.02164548e+04,-1.33403711e+06,0.00000000e+00,3.99360360e+09
9.74000000e+03,2.73884046e+01,2.92029064e+33,-4.64459371e+38,1.48340530e+38,-3.89097655e+39,3.13869985e+47,4.13485123e+47,2.63512468e+47,4.27107164e+48,2.27665686e+52,2.27738977e+52,-7.78575648e+51,1.88810195e+52,8.99917446e+05,3.09263655e+05,-9.24040454e+05,-1.59045598e+05,5.07964952e+04,-1.33239360e+06,0.00000000e+00,4.00715897e+09
9.75000000e+03,2.74055529e+01,2.92029145e+33,-4.74021194e+38,1.49975805e+38,-3.88578984e+39,3.14798045e+47,4.14212145e+47,2.62779270e+47,4.26587409e+48,2.27768345e+52,2.27841728e+52,-7.79227733e+51,1.88880342e+52,9.02222446e+05,3.11820112e+05,-9.49470085e+05,-1.62319824e+05,5.13564510e+04,-1.33061713e+06,0.00000000e+00,4.01752259e+09
9.76000000e+03,2.74231822e+01,2.92029229e+33,-4.83858415e+38,1.51349502e+38,-3.88025368e+39,3.15754755e+47,4.14944269e+47,2.62011626e+47,4.26202661e+48,2.27872554e+52,2.27946050e+52,-7.79669838e+51,1.88962558e+52,9.04330597e+05,3.14192571e+05,-9.75417992e+05,-1.65688351e+05,5.18268333e+04,-1.32872100e+06,0.00000000e+00,4.02458036e+09
9.77000000e+03,2.74413146e+01,2.92029319e+33,-4.94137822e+38,1.52718529e+38,-3.87434805e+39,3.16732482e+47,4.15664724e+47,2.61244528e+47,4.26012964e+48,2.27978188e+52,2.28051821e+52,-7.79878013e+51,1.89057920e+52,9.06230811e+05,3.16398171e+05,-1.00189381e+06,-1.69208292e+05,5.22956154e+04,-1.32669832e+06,0.00000000e+00,4.02785803e+09
9.78000000e+03,2.74599822e+01,2.92029413e+33,-5.04820807e+38,1.53850043e+38,-3.86807091e+39,3.17731595e+47,4.16380274e+47,2.60473035e+47,4.26025398e+48,2.28085176e+52,2.28158975e+52,-7.79829310e+51,1.89167510e+52,9.07899298e+05,3.18446075e+05,-1.02895691e+06,-1.72866425e+05,5.26830642e+04,-1.32454840e+06,0.00000000e+00,4.02729160e+09
9.79000000e+03,2.74792191e+01,2.92029508e+33,-5.15848365e+38,1.54844937e+38,-3.86143910e+39,3.18742452e+47,4.17099451e+47,2.59670916e+47,4.26459911e+48,2.28193020e+52,2.28267025e+52,-7.79498064e+51,1.89292122e+52,9.09357624e+05,3.20353445e+05,-1.05670896e+06,-1.76642548e+05,5.30237297e+04,-1.32227703e+06,0.00000000e+00,4.02016814e+09
9.80000000e+03,2.74990951e+01,2.92029615e+33,-5.27298376e+38,1.55639893e+38,-3.85440442e+39,3.19826807e+47,4.17816359e+47,2.58831853e+47,4.26678745e+48,2.28303187e+52,2.28377401e+52,-7.78867163e+51,1.89434043e+52,9.10548942e+05,3.22161404e+05,-1.08531953e+06,-1.80563323e+05,5.32959277e+04,-1.31986765e+06,0.00000000e+00,4.01357305e+09
9.81000000e+03,2.75196209e+01,2.92029720e+33,-5.39248332e+38,1.56153603e+38,-3.84696912e+39,3.20951343e+47,4.18530610e+47,2.57993930e+47,4.27446824e+48,2.28414236e+52,2.28488701e+52,-7.77902400e+51,1.89593581e+52,9.11395851e+05,3.23806462e+05,-1.11470390e+06,-1.84655292e+05,5.34718188e+04,-1.31732110e+06,0.00000000e+00,3.99991617e+09
9.82000000e+03,2.75406179e+01,2.92029828e+33,-5.51582503e+38,1.56464650e+38,-3.83927897e+39,3.22158439e+47,4.19246259e+47,2.57112115e+47,4.28235696e+48,2.28525267e+52,2.28599982e+52,-7.76602457e+51,1.89769859e+52,9.12139524e+05,3.25419427e+05,-1.14489891e+06,-1.88878823e+05,5.35783114e+04,-1.31468727e+06,0.00000000e+00,3.98075428e+09
9.83000000e+03,2.75609213e+01,2.92029938e+33,-5.63682109e+38,1.56404097e+38,-3.83176083e+39,3.23332035e+47,4.19896072e+47,2.56246398e+47,4.28783760e+48,2.28630270e+52,2.28705222e+52,-7.75056189e+51,1.89952412e+52,9.12401348e+05,3.26766082e+05,-1.17397330e+06,-1.93022028e+05,5.35575558e+04,-1.31211233e+06,0.00000000e+00,3.95820542e+09
9.84000000e+03,2.75808333e+01,2.92030045e+33,-5.75678121e+38,1.56047532e+38,-3.82432194e+39,3.24458742e+47,4.20516541e+47,2.55379928e+47,4.29526790e+48,2.28731016e+52,2.28806210e+52,-7.73266393e+51,1.90142890e+52,9.12309308e+05,3.27906553e+05,-1.20235540e+06,-1.97129758e+05,5.34354375e+04,-1.30956455e+06,0.00000000e+00,3.93215463e+09
9.85000000e+03,2.76007231e+01,2.92030152e+33,-5.87832764e+38,1.55350427e+38,-3.81681705e+39,3.25555781e+47,4.21140986e+47,2.54524752e+47,4.30248539e+48,2.28829213e+52,2.28904642e+52,-7.71222988e+51,1.90343493e+52,9.11952488e+05,3.28946956e+05,-1.23066552e+06,-2.01291805e+05,5.31967079e+04,-1.30699417e+06,0.00000000e+00,3.90223569e+09
9.86000000e+03,2.76209191e+01,2.92030262e+33,-6.00331487e+38,1.54246992e+38,-3.80910369e+39,3.26658178e+47,4.21798449e+47,2.53678716e+47,4.30770071e+48,2.28926439e+52,2.29002086e+52,-7.68905878e+51,1.90556792e+52,9.11294269e+05,3.29897336e+05,-1.25937966e+06,-2.05571671e+05,5.28188385e+04,-1.30435239e+06,0.00000000e+00,3.86850817e+09
9.87000000e+03,2.76424293e+01,2.92030385e+33,-6.13872046e+38,1.52489574e+38,-3.80078322e+39,3.27841174e+47,4.22496026e+47,2.52805453e+47,4.30916641e+48,2.29027537e+52,2.29103390e+52,-7.66192347e+51,1.90793772e+52,9.10094589e+05,3.30748431e+05,-1.28977370e+06,-2.10208278e+05,5.22170231e+04,-1.30150265e+06,0.00000000e+00,3.82891517e+09
9.88000000e+03,2.76665428e+01,2.92030532e+33,-6.29376636e+38,1.49835465e+38,-3.79125070e+39,3.29133794e+47,4.23224176e+47,2.51876942e+47,4.30811736e+48,2.29137496e+52,2.29213563e+52,-7.62870595e+51,1.91070033e+52,9.07956871e+05,3.31500830e+05,-1.32338804e+06,-2.15517409e+05,5.13081504e+04,-1.29823778e+06,0.00000000e+00,3.77943791e+09
9.89000000e+03,2.76903638e+01,2.92030683e+33,-6.44979592e+38,1.46585336e+38,-3.78153917e+39,3.30310031e+47,4.23880667e+47,2.50985795e+47,4.30602539e+48,2.29242868e+52,2.29319134e+52,-7.59325318e+51,1.91352868e+52,9.05093427e+05,3.32080545e+05,-1.35609162e+06,-2.20860214e+05,5.01951830e+04,-1.29491159e+06,0.00000000e+00,3.72722932e+09
9.90000000e+03,2.77131783e+01,2.92030822e+33,-6.60316436e+38,1.42853320e+38,-3.77202395e+39,3.31402453e+47,4.24499676e+47,2.50200874e+47,4.30280444e+48,2.29340891e+52,2.29417303e+52,-7.55717651e+51,1.91631421e+52,9.02114849e+05,3.32565190e+05,-1.38738776e+06,-2.26111899e+05,4.89172065e+04,-1.29165269e+06,0.00000000e+00,3.67541501e+09
9.91000000e+03,2.77348953e+01,2.92030948e+33,-6.75046329e+38,1.38835304e+38,-3.76304374e+39,3.32448276e+47,4.25082167e+47,2.49503429e+47,4.29504309e+48,2.29431815e+52,2.29508290e+52,-7.52133627e+51,1.91901609e+52,8.99311523e+05,3.32992336e+05,-1.41746797e+06,-2.31155750e+05,4.75412985e+04,-1.28857704e+06,0.00000000e+00,3.62513813e+09
9.92000000e+03,2.77556101e+01,2.92031063e+33,-6.89225897e+38,1.34517512e+38,-3.75444716e+39,3.33502284e+47,4.25636088e+47,2.48847179e+47,4.28156351e+48,2.29516416e+52,2.29592865e+52,-7.48612775e+51,1.92162226e+52,8.96641554e+05,3.33361509e+05,-1.44647588e+06,-2.36011159e+05,4.60627408e+04,-1.28563281e+06,0.00000000e+00,3.57643570e+09
9.93000000e+03,2.77753353e+01,2.92031168e+33,-7.02775085e+38,1.29828343e+38,-3.74611777e+39,3.34578738e+47,4.26145399e+47,2.48235349e+47,4.26297768e+48,2.29595148e+52,2.29671488e+52,-7.45191664e+51,1.92411905e+52,8.94057630e+05,3.33661206e+05,-1.47435064e+06,-2.40650712e+05,4.44570160e+04,-1.28278012e+06,0.00000000e+00,3.52948469e+09
9.94000000e+03,2.77941071e+01,2.92031263e+33,-7.15769724e+38,1.24843345e+38,-3.73807552e+39,3.35626408e+47,4.26614487e+47,2.47663685e+47,4.24009745e+48,2.29668526e+52,2.29744688e+52,-7.41893239e+51,1.92650026e+52,8.91553683e+05,3.33891201e+05,-1.50112484e+06,-2.45100376e+05,4.27499932e+04,-1.28002580e+06,0.00000000e+00,3.48447654e+09
9.95000000e+03,2.78120367e+01,2.92031350e+33,-7.28184106e+38,1.19609303e+38,-3.73021058e+39,3.36656177e+47,4.27070260e+47,2.47139297e+47,4.21303922e+48,2.29737292e+52,2.29813211e+52,-7.38721059e+51,1.92877158e+52,8.89124995e+05,3.34048416e+05,-1.52693635e+06,-2.49351347e+05,4.09576927e+04,-1.27733224e+06,0.00000000e+00,3.44157970e+09
9.96000000e+03,2.78292412e+01,2.92031431e+33,-7.40113041e+38,1.14100878e+38,-3.72241789e+39,3.37657723e+47,4.27536286e+47,2.46626841e+47,4.18219273e+48,2.29802161e+52,2.29877784e+52,-7.35672099e+51,1.93094179e+52,8.86754925e+05,3.34139165e+05,-1.55189638e+06,-2.53436090e+05,3.90714375e+04,-1.27466344e+06,0.00000000e+00,3.40047558e+09
9.97000000e+03,2.78459269e+01,2.92031507e+33,-7.51709211e+38,1.08281480e+38,-3.71461240e+39,3.38631885e+47,4.28012053e+47,2.46128908e+47,4.14791577e+48,2.29864119e+52,2.29939399e+52,-7.32723259e+51,1.93303236e+52,8.84406986e+05,3.34176288e+05,-1.57624557e+06,-2.57406887e+05,3.70786977e+04,-1.27199028e+06,0.00000000e+00,3.36087279e+09
9.98000000e+03,2.78622717e+01,2.92031581e+33,-7.63272329e+38,1.02286758e+38,-3.70680000e+39,3.39580455e+47,4.28471499e+47,2.45624830e+47,4.11051819e+48,2.29924039e+52,2.29998939e+52,-7.29853487e+51,1.93506264e+52,8.82036893e+05,3.34167938e+05,-1.60018148e+06,-2.61366366e+05,3.50259235e+04,-1.26931477e+06,0.00000000e+00,3.32244358e+09
9.99000000e+03,2.78784913e+01,2.92031653e+33,-7.74915498e+38,9.59721254e+37,-3.69894567e+39,3.40512255e+47,4.28917485e+47,2.45119387e+47,4.07013202e+48,2.29982812e+52,2.30057295e+52,-7.27033926e+51,1.93705599e+52,8.79582661e+05,3.34120055e+05,-1.62396853e+06,-2.65353255e+05,3.28636038e+04,-1.26662491e+06,0.00000000e+00,3.28479385e+09
1.00000000e+04,2.78949073e+01,2.92031727e+33,-7.86918655e+38,8.91950548e+37,-3.69079619e+39,3.41453118e+47,4.29351275e+47,2.44599312e+47,4.02633249e+48,2.30041639e+52,2.30115668e+52,-7.24218168e+51,1.93904759e+52,8.76957143e+05,3.34032208e+05,-1.64802528e+06,-2.69463412e+05,3.05429331e+04,-1.26383398e+06,0.00000000e+00,3.24723121e+09
1.00100000e+04,2.79120982e+01,2.92031807e+33,-7.99761098e+38,8.16155875e+37,-3.68205342e+39,3.42430649e+47,4.29788834e+47,2.44064811e+47,3.97763061e+48,2.30102649e+52,2.30176177e+52,-7.21319709e+51,1.94110192e+52,8.74010804e+05,3.33896690e+05,-1.67309962e+06,-2.73860955e+05,2.79474993e+04,-1.26083986e+06,0.00000000e+00,3.20848708e+09
1.00200000e+04,2.79306634e+01,2.92031901e+33,-8.13880721e+38,7.29555148e+37,-3.67256769e+39,3.43443657e+47,4.30237501e+47,2.43497459e+47,3.92266951e+48,2.30167948e+52,2.30240922e+52,-7.18256323e+51,1.94328105e+52,8.70542007e+05,3.33697707e+05,-1.69990974e+06,-2.78695827e+05,2.49820361e+04,-1.25759127e+06,0.00000000e+00,3.16750120e+09
1.00300000e+04,2.79511260e+01,2.92032013e+33,-8.29493300e+38,6.29675216e+37,-3.66190932e+39,3.44488068e+47,4.30700597e+47,2.42874339e+47,3.86035329e+48,2.30239414e+52,2.30311777e+52,-7.14969906e+51,1.94563282e+52,8.66315102e+05,3.33410507e+05,-1.72902779e+06,-2.84041907e+05,2.15618558e+04,-1.25394106e+06,0.00000000e+00,3.12356675e+09
1.00400000e+04,2.79740150e+01,2.92032153e+33,-8.47289155e+38,5.15019155e+37,-3.64987538e+39,3.45525177e+47,4.31154328e+47,2.42233390e+47,3.78966957e+48,2.30318807e+52,2.30390505e+52,-7.11417798e+51,1.94819615e+52,8.61051198e+05,3.33005805e+05,-1.76099618e+06,-2.90135571e+05,1.76357004e+04,-1.24981970e+06,0.00000000e+00,3.07606924e+09
1.00500000e+04,2.79987715e+01,2.92032315e+33,-8.66421837e+38,3.86469140e+37,-3.63645768e+39,3.46533761e+47,4.31556858e+47,2.41612371e+47,3.71395800e+48,2.30404038e+52,2.30475045e+52,-7.07737583e+51,1.95088166e+52,8.54817681e+05,3.32481466e+05,-1.79499000e+06,-2.96686973e+05,1.32337800e+04,-1.24522441e+06,0.00000000e+00,3.02727823e+09
1.00600000e+04,2.80234212e+01,2.92032476e+33,-8.85451385e+38,2.56422870e+37,-3.62268123e+39,3.47481349e+47,4.31938193e+47,2.41040294e+47,3.64043344e+48,2.30488298e+52,2.30558623e+52,-7.04258891e+51,1.95345679e+52,8.48317803e+05,3.31866022e+05,-1.82865177e+06,-3.03203053e+05,8.78062857e+03,-1.24050629e+06,0.00000000e+00,2.98237455e+09
1.00700000e+04,2.80461407e+01,2.92032614e+33,-9.03040122e+38,1.34452182e+37,-3.60951630e+39,3.48327607e+47,4.32316527e+47,2.40520982e+47,3.57388356e+48,2.30565724e+52,2.30635398e+52,-7.01237720e+51,1.95573512e+52,8.42326151e+05,3.31215299e+05,-1.85989146e+06,-3.09225778e+05,4.60401256e+03,-1.23599767e+06,0.00000000e+00,2.94482812e+09
1.00800000e+04,2.80678558e+01,2.92032740e+33,-9.19895518e+38,1.62569984e+36,-3.59649399e+39,3.49108612e+47,4.32711374e+47,2.40046613e+47,3.50937940e+48,2.30640047e+52,2.30709074e+52,-6.98537704e+51,1.95782189e+52,8.36671004e+05,3.30537650e+05,-1.88992967e+06,-3.14997393e+05,5.56684106e+02,-1.23153794e+06,0.00000000e+00,2.91162536e+09
1.00900000e+04,2.80900470e+01,2.92032871e+33,-9.37292637e+38,-1.02822031e+37,-3.58265813e+39,3.49863848e+47,4.33113450e+47,2.39557972e+47,3.44391090e+48,2.30716337e+52,2.30784712e+52,-6.95981269e+51,1.95985649e+52,8.30799561e+05,3.29787058e+05,-1.92051167e+06,-3.20954498e+05,-3.52090607e+03,-1.22679961e+06,0.00000000e+00,2.87983188e+09
1.01000000e+04,2.81122156e+01,2.92033002e+33,-9.54782816e+38,-2.21052624e+37,-3.56836378e+39,3.50577104e+47,4.33517045e+47,2.39060673e+47,3.38175741e+48,2.30792920e+52,2.30860671e+52,-6.93635976e+51,1.96178872e+52,8.24743061e+05,3.28965568e+05,-1.95089528e+06,-3.26943465e+05,-7.56943984e+03,-1.22190429e+06,0.00000000e+00,2.85061826e+09
1.01100000e+04,2.81337509e+01,2.92033126e+33,-9.71876310e+38,-3.33745299e+37,-3.55409170e+39,3.51248274e+47,4.33909973e+47,2.38599374e+47,3.32520558e+48,2.30867917e+52,2.30935084e+52,-6.91562893e+51,1.96356940e+52,8.18758342e+05,3.28106178e+05,-1.98036752e+06,-3.32796598e+05,-1.14283370e+04,-1.21701663e+06,0.00000000e+00,2.82504129e+09
1.01200000e+04,2.81549070e+01,2.92033246e+33,-9.88612477e+38,-4.43127244e+37,-3.53980569e+39,3.51859504e+47,4.34279273e+47,2.38138349e+47,3.27346817e+48,2.30942282e+52,2.31008905e+52,-6.89731665e+51,1.96522322e+52,8.12851377e+05,3.27221461e+05,-2.00929547e+06,-3.38527373e+05,-1.51738629e+04,-1.21212422e+06,0.00000000e+00,2.80255407e+09
1.01300000e+04,2.81759932e+01,2.92033365e+33,-1.00513128e+39,-5.51711990e+37,-3.52528174e+39,3.52417222e+47,4.34650005e+47,2.37670628e+47,3.22618588e+48,2.31017233e+52,2.31083350e+52,-6.88116000e+51,1.96677550e+52,8.06944531e+05,3.26309523e+05,-2.03806424e+06,-3.44183713e+05,-1.88920875e+04,-1.20715033e+06,0.00000000e+00,2.78271937e+09
1.01400000e+04,2.81971279e+01,2.92033485e+33,-1.02137627e+39,-6.60026679e+37,-3.51039591e+39,3.52930327e+47,4.35044914e+47,2.37169180e+47,3.18368350e+48,2.31093281e+52,2.31158939e+52,-6.86711300e+51,1.96823374e+52,8.00979329e+05,3.25361868e+05,-2.06680403e+06,-3.49746286e+05,-2.26010616e+04,-1.20205254e+06,0.00000000e+00,2.76553189e+09
1.01500000e+04,2.82184213e+01,2.92033606e+33,-1.03741539e+39,-7.67425188e+37,-3.49510455e+39,3.53395093e+47,4.35452298e+47,2.36638790e+47,3.14626474e+48,2.31171059e+52,2.31236306e+52,-6.85516968e+51,1.96960458e+52,7.94900986e+05,3.24368588e+05,-2.09563955e+06,-3.55238358e+05,-2.62786601e+04,-1.19681587e+06,0.00000000e+00,2.75068414e+09
1.01600000e+04,2.82399917e+01,2.92033730e+33,-1.05343122e+39,-8.74944036e+37,-3.47943526e+39,3.53777089e+47,4.35845342e+47,2.36105918e+47,3.11432066e+48,2.31251037e+52,2.31315926e+52,-6.84536218e+51,1.97089115e+52,7.88659895e+05,3.23312908e+05,-2.12470876e+06,-3.60722446e+05,-2.99603760e+04,-1.19144979e+06,0.00000000e+00,2.73831498e+09
1.01700000e+04,2.82619775e+01,2.92033859e+33,-1.06957633e+39,-9.82114795e+37,-3.46316104e+39,3.54081411e+47,4.36260963e+47,2.35601573e+47,3.08824442e+48,2.31333959e+52,2.31398548e+52,-6.83776224e+51,1.97209737e+52,7.82200304e+05,3.22179441e+05,-2.15416774e+06,-3.66250794e+05,-3.36301687e+04,-1.18587654e+06,0.00000000e+00,2.72857006e+09
1.01800000e+04,2.82844658e+01,2.92033988e+33,-1.08563499e+39,-1.08872442e+38,-3.44629729e+39,3.54310995e+47,4.36718619e+47,2.35100088e+47,3.06895448e+48,2.31420251e+52,2.31484596e+52,-6.83250081e+51,1.97322092e+52,7.75568927e+05,3.20976326e+05,-2.18421134e+06,-3.71749535e+05,-3.72807435e+04,-1.18010144e+06,0.00000000e+00,2.72219584e+09
1.01900000e+04,2.83075272e+01,2.92034130e+33,-1.10174040e+39,-1.19203098e+38,-3.42869169e+39,3.54477893e+47,4.37194000e+47,2.34611051e+47,3.05620822e+48,2.31510392e+52,2.31574577e+52,-6.82976535e+51,1.97425750e+52,7.68627125e+05,3.19693056e+05,-2.21471811e+06,-3.77264259e+05,-4.08182080e+04,-1.17407226e+06,0.00000000e+00,2.71812760e+09
1.02000000e+04,2.83313985e+01,2.92034281e+33,-1.11810360e+39,-1.29177166e+38,-3.41006655e+39,3.54610701e+47,4.37670343e+47,2.34129800e+47,3.05148811e+48,2.31605617e+52,2.31669732e+52,-6.82971649e+51,1.97521149e+52,7.61255131e+05,3.18298267e+05,-2.24604743e+06,-3.82867242e+05,-4.42335626e+04,-1.16769392e+06,0.00000000e+00,2.71736967e+09
1.02100000e+04,2.83561661e+01,2.92034443e+33,-1.13445430e+39,-1.38760250e+38,-3.39019613e+39,3.54737545e+47,4.38158310e+47,2.33609024e+47,3.05566166e+48,2.31706572e+52,2.31770718e+52,-6.83261785e+51,1.97607628e+52,7.53432207e+05,3.16785891e+05,-2.27828555e+06,-3.88465925e+05,-4.75150290e+04,-1.16088914e+06,0.00000000e+00,2.71993097e+09
1.02200000e+04,2.83808773e+01,2.92034605e+33,-1.15046185e+39,-1.47357732e+38,-3.36964778e+39,3.54803459e+47,4.38612545e+47,2.33113043e+47,3.06947407e+48,2.31809592e+52,2.31873864e+52,-6.83846530e+51,1.97681537e+52,7.45536788e+05,3.15239118e+05,-2.31026299e+06,-3.93947096e+05,-5.04589968e+04,-1.15385222e+06,0.00000000e+00,2.72634400e+09
1.02300000e+04,2.84052720e+01,2.92034762e+33,-1.16614019e+39,-1.55145667e+38,-3.34868968e+39,3.54845083e+47,4.39031989e+47,2.32632962e+47,3.09181950e+48,2.31913723e+52,2.31978203e+52,-6.84711079e+51,1.97742649e+52,7.37736792e+05,3.13714261e+05,-2.34168298e+06,-3.99315542e+05,-5.31257532e+04,-1.14667502e+06,0.00000000e+00,2.73630983e+09
1.02400000e+04,2.84293452e+01,2.92034916e+33,-1.18130431e+39,-1.62037071e+38,-3.32760157e+39,3.54869653e+47,4.39427439e+47,2.32105410e+47,3.12160110e+48,2.32018939e+52,2.32083700e+52,-6.85841928e+51,1.97791604e+52,7.30039782e+05,3.12210218e+05,-2.37254626e+06,-4.04507902e+05,-5.54855129e+04,-1.13945333e+06,0.00000000e+00,2.74947443e+09
1.02500000e+04,2.84531774e+01,2.92035066e+33,-1.19601875e+39,-1.67956057e+38,-3.30628770e+39,3.54839083e+47,4.39772677e+47,2.31539192e+47,3.15805981e+48,2.32125892e+52,2.32191001e+52,-6.87230386e+51,1.97829482e+52,7.22396891e+05,3.10716549e+05,-2.40294956e+06,-4.09546280e+05,-5.75122908e+04,-1.13215435e+06,0.00000000e+00,2.76565851e+09
1.02600000e+04,2.84765545e+01,2.92035212e+33,-1.21001281e+39,-1.73236825e+38,-3.28493942e+39,3.54817657e+47,4.40064494e+47,2.30979333e+47,3.20027906e+48,2.32233609e+52,2.32299122e+52,-6.88849345e+51,1.97856654e+52,7.14888942e+05,3.09264905e+05,-2.43264225e+06,-4.14337984e+05,-5.93205264e+04,-1.12484361e+06,0.00000000e+00,2.78459304e+09
1.02700000e+04,2.84993088e+01,2.92035349e+33,-1.22328674e+39,-1.77648649e+38,-3.26376215e+39,3.54764952e+47,4.40319082e+47,2.30428321e+47,3.24696732e+48,2.32341062e+52,2.32407021e+52,-6.90667825e+51,1.97873629e+52,7.07598737e+05,3.07900637e+05,-2.46144008e+06,-4.18883104e+05,-6.08312142e+04,-1.11759147e+06,0.00000000e+00,2.80600740e+09
1.02800000e+04,2.85214115e+01,2.92035480e+33,-1.23588552e+39,-1.81250556e+38,-3.24274893e+39,3.54677954e+47,4.40552860e+47,2.29875418e+47,3.29688845e+48,2.32447978e+52,2.32514409e+52,-6.92661699e+51,1.97881324e+52,7.00558686e+05,3.06634826e+05,-2.48931320e+06,-4.23197045e+05,-6.20645669e+04,-1.11039554e+06,0.00000000e+00,2.82977685e+09
1.02900000e+04,2.85430848e+01,2.92035605e+33,-1.24777026e+39,-1.84105438e+38,-3.22181262e+39,3.54579681e+47,4.40749333e+47,2.29290274e+47,3.34933342e+48,2.32555343e+52,2.32622273e+52,-6.94831442e+51,1.97880701e+52,6.93691454e+05,3.05449601e+05,-2.51653040e+06,-4.27266483e+05,-6.30421205e+04,-1.10322596e+06,0.00000000e+00,2.85599154e+09
1.03000000e+04,2.85645098e+01,2.92035728e+33,-1.25937329e+39,-1.86248938e+38,-3.20054653e+39,3.54477378e+47,4.40935751e+47,2.28736643e+47,3.40383932e+48,2.32664061e+52,2.32731512e+52,-6.97179759e+51,1.97872524e+52,6.86921283e+05,3.04328851e+05,-2.54331370e+06,-4.31239457e+05,-6.37760795e+04,-1.09594348e+06,0.00000000e+00,2.88472228e+09
1.03100000e+04,2.85860737e+01,2.92035852e+33,-1.27064520e+39,-1.87955316e+38,-3.17857050e+39,3.54413408e+47,4.41095706e+47,2.28182119e+47,3.46063861e+48,2.32776064e+52,2.32844063e+52,-6.99739630e+51,1.97857082e+52,6.80088996e+05,3.03238692e+05,-2.57011269e+06,-4.35099045e+05,-6.43603568e+04,-1.08841791e+06,0.00000000e+00,2.91615238e+09
1.03200000e+04,2.86079693e+01,2.92035980e+33,-1.28178836e+39,-1.89151281e+38,-3.15575615e+39,3.54360336e+47,4.41228455e+47,2.27602034e+47,3.51977316e+48,2.32892566e+52,2.32961149e+52,-7.02529830e+51,1.97834657e+52,6.73089662e+05,3.02136890e+05,-2.59714201e+06,-4.38914532e+05,-6.47698552e+04,-1.08060526e+06,0.00000000e+00,2.95041731e+09
1.03300000e+04,2.86302892e+01,2.92036113e+33,-1.29287258e+39,-1.89746704e+38,-3.13201746e+39,3.54318073e+47,4.41351523e+47,2.26988195e+47,3.58099019e+48,2.33014112e+52,2.33083312e+52,-7.05559294e+51,1.97805347e+52,6.65861000e+05,3.00995693e+05,-2.62449315e+06,-4.42709831e+05,-6.49737124e+04,-1.07247608e+06,0.00000000e+00,2.98791238e+09
1.03400000e+04,2.86531748e+01,2.92036242e+33,-1.30389660e+39,-1.89856023e+38,-3.10704732e+39,3.54255813e+47,4.41461259e+47,2.26334953e+47,3.64590673e+48,2.33141521e+52,2.33211365e+52,-7.08843271e+51,1.97769201e+52,6.58441283e+05,2.99826112e+05,-2.65244474e+06,-4.46484515e+05,-6.50111168e+04,-1.06392525e+06,0.00000000e+00,3.02941692e+09
1.03500000e+04,2.86766699e+01,2.92036389e+33,-1.31491777e+39,-1.89154121e+38,-3.08066596e+39,3.54206890e+47,4.41535558e+47,2.25655153e+47,3.70802971e+48,2.33275235e+52,2.33345734e+52,-7.12389922e+51,1.97726237e+52,6.50763846e+05,2.98659357e+05,-2.68075680e+06,-4.50258194e+05,-6.47707369e+04,-1.05489113e+06,0.00000000e+00,3.07422814e+09
1.03600000e+04,2.87004074e+01,2.92036538e+33,-1.32572442e+39,-1.87939651e+38,-3.05301397e+39,3.54211035e+47,4.41585646e+47,2.25026203e+47,3.77103841e+48,2.33413258e+52,2.33484433e+52,-7.16124072e+51,1.97678229e+52,6.42784759e+05,2.97404797e+05,-2.70911618e+06,-4.53958406e+05,-6.43548414e+04,-1.04542191e+06,0.00000000e+00,3.12189180e+09
1.03700000e+04,2.87243973e+01,2.92036684e+33,-1.33638877e+39,-1.86135019e+38,-3.02420852e+39,3.54273880e+47,4.41661123e+47,2.24413828e+47,3.83523498e+48,2.33555488e+52,2.33627352e+52,-7.20025026e+51,1.97626100e+52,6.34683922e+05,2.96134022e+05,-2.73760419e+06,-4.57609899e+05,-6.37368624e+04,-1.03555775e+06,0.00000000e+00,3.17048877e+09
1.03800000e+04,2.87487807e+01,2.92036841e+33,-1.34709974e+39,-1.84086667e+38,-2.99390349e+39,3.54371569e+47,4.41760905e+47,2.23824790e+47,3.89286841e+48,2.33703836e+52,2.33776359e+52,-7.24101406e+51,1.97571288e+52,6.26432505e+05,2.94858484e+05,-2.76625793e+06,-4.61277329e+05,-6.30354260e+04,-1.02518007e+06,0.00000000e+00,3.22583662e+09
1.03900000e+04,2.87727146e+01,2.92036993e+33,-1.35746940e+39,-1.81772093e+38,-2.96321262e+39,3.54463359e+47,4.41887763e+47,2.23294649e+47,3.94826282e+48,2.33852015e+52,2.33925177e+52,-7.28179143e+51,1.97516219e+52,6.18203224e+05,2.93543503e+05,-2.79414869e+06,-4.64827891e+05,-6.22428314e+04,-1.01467030e+06,0.00000000e+00,3.27969776e+09
1.04000000e+04,2.87964810e+01,2.92037143e+33,-1.36758178e+39,-1.78987027e+38,-2.93210066e+39,3.54596938e+47,4.42011211e+47,2.22820269e+47,3.99954736e+48,2.34001806e+52,2.34075574e+52,-7.32277456e+51,1.97461701e+52,6.09983819e+05,2.92238654e+05,-2.82161981e+06,-4.68290357e+05,-6.12891311e+04,-1.00401635e+06,0.00000000e+00,3.33441950e+09
1.04100000e+04,2.88202732e+01,2.92037293e+33,-1.37753234e+39,-1.75709555e+38,-2.89997906e+39,3.54767475e+47,4.42101883e+47,2.22362270e+47,4.04628027e+48,2.34154459e+52,2.34228801e+52,-7.36402749e+51,1.97408664e+52,6.01676628e+05,2.90948567e+05,-2.84886415e+06,-4.71697407e+05,-6.01668210e+04,-9.93016691e+05,0.00000000e+00,3.39020845e+09
1.04200000e+04,2.88440210e+01,2.92037429e+33,-1.38722663e+39,-1.72237350e+38,-2.86719076e+39,3.54987099e+47,4.42173776e+47,2.21911610e+47,4.09050945e+48,2.34309381e+52,2.34384248e+52,-7.40513948e+51,1.97358551e+52,5.93505452e+05,2.89740979e+05,-2.87603182e+06,-4.75016725e+05,-5.89778339e+04,-9.81788798e+05,0.00000000e+00,3.44888473e+09
1.04300000e+04,2.88677119e+01,2.92037578e+33,-1.39678563e+39,-1.68473202e+38,-2.83370387e+39,3.55278874e+47,4.42209089e+47,2.21466494e+47,4.12550103e+48,2.34466064e+52,2.34541417e+52,-7.44585445e+51,1.97312144e+52,5.85162807e+05,2.88567767e+05,-2.90264168e+06,-4.78289692e+05,-5.76888781e+04,-9.70321659e+05,0.00000000e+00,3.50381207e+09
1.04400000e+04,2.88908326e+01,2.92037713e+33,-1.40602876e+39,-1.64366142e+38,-2.80029029e+39,3.55605398e+47,4.42172433e+47,2.21028620e+47,4.15775472e+48,2.34620820e+52,2.34696611e+52,-7.48490522e+51,1.97272085e+52,5.76908750e+05,2.87407307e+05,-2.92851211e+06,-4.81454518e+05,-5.62825057e+04,-9.58879682e+05,0.00000000e+00,3.55898162e+09
1.04500000e+04,2.89133474e+01,2.92037848e+33,-1.41486543e+39,-1.60055093e+38,-2.76702045e+39,3.55920834e+47,4.42095733e+47,2.20626720e+47,4.18434251e+48,2.34772971e+52,2.34849162e+52,-7.52197583e+51,1.97239283e+52,5.68642206e+05,2.86252230e+05,-2.95341341e+06,-4.84480159e+05,-5.48062842e+04,-9.47486935e+05,0.00000000e+00,3.61114189e+09
1.04600000e+04,2.89353746e+01,2.92037977e+33,-1.42343943e+39,-1.55373591e+38,-2.73387739e+39,3.56261750e+47,4.42019923e+47,2.20254199e+47,4.20696771e+48,2.34923034e+52,2.34999585e+52,-7.55704292e+51,1.97214370e+52,5.60450766e+05,2.85146386e+05,-2.97757478e+06,-4.87415864e+05,-5.32032143e+04,-9.36137626e+05,0.00000000e+00,3.66164709e+09
1.04700000e+04,2.89569834e+01,2.92038102e+33,-1.43172181e+39,-1.50695655e+38,-2.70088581e+39,3.56606981e+47,4.41923716e+47,2.19912971e+47,4.22572758e+48,2.35071165e+52,2.35148039e+52,-7.59003677e+51,1.97197855e+52,5.52323996e+05,2.84081625e+05,-3.00107885e+06,-4.90251719e+05,-5.16013677e+04,-9.24840214e+05,0.00000000e+00,3.70982435e+09
1.04800000e+04,2.89782380e+01,2.92038217e+33,-1.43968039e+39,-1.45968364e+38,-2.66803639e+39,3.56933850e+47,4.41797583e+47,2.19609696e+47,4.24212095e+48,2.35217556e+52,2.35294712e+52,-7.62088200e+51,1.97190302e+52,5.44351873e+05,2.83075032e+05,-3.02409316e+06,-4.92976708e+05,-4.99826239e+04,-9.13591520e+05,0.00000000e+00,3.75607954e+09
1.04900000e+04,2.89992105e+01,2.92038330e+33,-1.44748876e+39,-1.41316006e+38,-2.63544634e+39,3.57219838e+47,4.41618401e+47,2.19333451e+47,4.25510828e+48,2.35362625e+52,2.35440033e+52,-7.64952028e+51,1.97192431e+52,5.36443498e+05,2.82105520e+05,-3.04659668e+06,-4.95650268e+05,-4.83895404e+04,-9.02431656e+05,0.00000000e+00,3.79941602e+09
1.05000000e+04,2.90198727e+01,2.92038444e+33,-1.45553428e+39,-1.36578801e+38,-2.60270741e+39,3.57529453e+47,4.41426619e+47,2.19088782e+47,4.26487018e+48,2.35505707e+52,2.35583350e+52,-7.67570271e+51,1.97204836e+52,5.28398465e+05,2.81122949e+05,-3.06846021e+06,-4.98405024e+05,-4.67674047e+04,-8.91220818e+05,0.00000000e+00,3.83871572e+09
1.05100000e+04,2.90400398e+01,2.92038553e+33,-1.46346933e+39,-1.32275495e+38,-2.57062811e+39,3.57823545e+47,4.41248826e+47,2.18843735e+47,4.27393525e+48,2.35645194e+52,2.35723060e+52,-7.69903091e+51,1.97227905e+52,5.20332576e+05,2.80146184e+05,-3.08959072e+06,-5.01121962e+05,-4.52938469e+04,-8.80235872e+05,0.00000000e+00,3.87409395e+09
1.05200000e+04,2.90574443e+01,2.92038636e+33,-1.47037965e+39,-1.28726158e+38,-2.54276357e+39,3.58077266e+47,4.41096954e+47,2.18646509e+47,4.28451344e+48,2.35765160e+52,2.35843210e+52,-7.71722655e+51,1.97257077e+52,5.13396100e+05,2.79331803e+05,-3.10779492e+06,-5.03488054e+05,-4.40784683e+04,-8.70694235e+05,0.00000000e+00,3.90179835e+09
1.05300000e+04,2.90723252e+01,2.92038698e+33,-1.47628355e+39,-1.25818853e+38,-2.51884299e+39,3.58286455e+47,4.40961747e+47,2.18476293e+47,4.29413058e+48,2.35867698e+52,2.35945884e+52,-7.73132798e+51,1.97289245e+52,5.07710959e+05,2.78715403e+05,-3.12337726e+06,-5.05509565e+05,-4.30829388e+04,-8.62503157e+05,0.00000000e+00,3.92508903e+09
1.05400000e+04,2.90866838e+01,2.92038753e+33,-1.48198649e+39,-1.23019211e+38,-2.49571710e+39,3.58493095e+47,4.40824889e+47,2.18315359e+47,4.30233761e+48,2.35966485e+52,2.36044784e+52,-7.74363883e+51,1.97326589e+52,5.02452839e+05,2.78191507e+05,-3.13837006e+06,-5.07462273e+05,-4.21242763e+04,-8.54584222e+05,0.00000000e+00,3.94625729e+09
1.05500000e+04,2.91017804e+01,2.92038816e+33,-1.48800593e+39,-1.20098197e+38,-2.47119503e+39,3.58737390e+47,4.40689607e+47,2.18168475e+47,4.30764351e+48,2.36069988e+52,2.36148391e+52,-7.75514597e+51,1.97372661e+52,4.96879137e+05,2.77645113e+05,-3.15390311e+06,-5.09523341e+05,-4.11240530e+04,-8.46187185e+05,0.00000000e+00,3.96575462e+09
1.05600000e+04,2.91172907e+01,2.92038879e+33,-1.49425282e+39,-1.17197847e+38,-2.44599423e+39,3.58999105e+47,4.40569111e+47,2.18021509e+47,4.31288359e+48,2.36175661e+52,2.36254163e+52,-7.76529344e+51,1.97427696e+52,4.90933038e+05,2.77034943e+05,-3.16972879e+06,-5.11662292e+05,-4.01309056e+04,-8.37557738e+05,0.00000000e+00,3.98241075e+09
1.05700000e+04,2.91327568e+01,2.92038945e+33,-1.50048822e+39,-1.14372707e+38,-2.42067605e+39,3.59270590e+47,4.40446294e+47,2.17877321e+47,4.31733036e+48,2.36280308e+52,2.36358909e+52,-7.77364620e+51,1.97490678e+52,4.84720046e+05,2.76383255e+05,-3.18529615e+06,-5.13797301e+05,-3.91635119e+04,-8.28888096e+05,0.00000000e+00,3.99592373e+09
1.05800000e+04,2.91479115e+01,2.92039008e+33,-1.50662941e+39,-1.11672828e+38,-2.39572222e+39,3.59551222e+47,4.40318711e+47,2.17753633e+47,4.32247583e+48,2.36382100e+52,2.36460800e+52,-7.78004921e+51,1.97560554e+52,4.78390332e+05,2.75705565e+05,-3.20041373e+06,-5.15900056e+05,-3.82390108e+04,-8.20343226e+05,0.00000000e+00,4.00591944e+09
1.05900000e+04,2.91631211e+01,2.92039072e+33,-1.51275843e+39,-1.08997293e+38,-2.37050326e+39,3.59854190e+47,4.40192862e+47,2.17640049e+47,4.32796226e+48,2.36483565e+52,2.36562369e+52,-7.78468855e+51,1.97638926e+52,4.71853105e+05,2.75014111e+05,-3.21542899e+06,-5.17998644e+05,-3.73228461e+04,-8.11707570e+05,0.00000000e+00,4.01318873e+09
1.06000000e+04,2.91779611e+01,2.92039133e+33,-1.51872063e+39,-1.06500617e+38,-2.34589453e+39,3.60173563e+47,4.40069155e+47,2.17529503e+47,4.33417087e+48,2.36581583e+52,2.36660493e+52,-7.78748321e+51,1.97723077e+52,4.65329380e+05,2.74334516e+05,-3.22994575e+06,-5.20040110e+05,-3.64679267e+04,-8.03280883e+05,0.00000000e+00,4.01763655e+09
1.06100000e+04,2.91921879e+01,2.92039187e+33,-1.52434541e+39,-1.04190123e+38,-2.32215723e+39,3.60493785e+47,4.39951482e+47,2.17418982e+47,4.34112493e+48,2.36674691e+52,2.36753696e+52,-7.78856704e+51,1.97810861e+52,4.59005079e+05,2.73693270e+05,-3.24379445e+06,-5.21966050e+05,-3.56767610e+04,-7.95152613e+05,0.00000000e+00,4.02029420e+09
1.06200000e+04,2.92058405e+01,2.92039237e+33,-1.52972466e+39,-1.02055402e+38,-2.29926178e+39,3.60811628e+47,4.39842484e+47,2.17302568e+47,4.34814864e+48,2.36763273e+52,2.36842368e+52,-7.78817104e+51,1.97901513e+52,4.52887414e+05,2.73098586e+05,-3.25696309e+06,-5.23807922e+05,-3.49457842e+04,-7.87312625e+05,0.00000000e+00,4.02035536e+09
1.06300000e+04,2.92189503e+01,2.92039285e+33,-1.53488183e+39,-1.00092799e+38,-2.27721396e+39,3.61110400e+47,4.39742031e+47,2.17175918e+47,4.35354196e+48,2.36847473e+52,2.36926642e+52,-7.78649664e+51,1.97994158e+52,4.46958187e+05,2.72540474e+05,-3.26948803e+06,-5.25573752e+05,-3.42737446e+04,-7.79762885e+05,0.00000000e+00,4.01894472e+09
1.06400000e+04,2.92315360e+01,2.92039328e+33,-1.53987183e+39,-9.82933488e+37,-2.25595406e+39,3.61399044e+47,4.39658272e+47,2.17057589e+47,4.35930445e+48,2.36927461e+52,2.37006693e+52,-7.78369305e+51,1.98088227e+52,4.41207024e+05,2.72009504e+05,-3.28144199e+06,-5.27282350e+05,-3.36575726e+04,-7.72482966e+05,0.00000000e+00,4.01565727e+09
1.06500000e+04,2.92436175e+01,2.92039370e+33,-1.54465713e+39,-9.66631217e+37,-2.23548128e+39,3.61684334e+47,4.39577809e+47,2.16941273e+47,4.36435067e+48,2.37003411e+52,2.37082700e+52,-7.77992701e+51,1.98183065e+52,4.35600320e+05,2.71499312e+05,-3.29279331e+06,-5.28920855e+05,-3.30993461e+04,-7.65472575e+05,0.00000000e+00,4.01049824e+09
1.06600000e+04,2.92552052e+01,2.92039408e+33,-1.54926994e+39,-9.52595436e+37,-2.21584102e+39,3.61952645e+47,4.39493522e+47,2.16836791e+47,4.36908325e+48,2.37075540e+52,2.37154877e+52,-7.77533439e+51,1.98278205e+52,4.30131384e+05,2.71002681e+05,-3.30359821e+06,-5.30500302e+05,-3.26187292e+04,-7.58747266e+05,0.00000000e+00,4.00410683e+09
1.06700000e+04,2.92662902e+01,2.92039443e+33,-1.55377238e+39,-9.39186548e+37,-2.19710377e+39,3.62213517e+47,4.39424180e+47,2.16741247e+47,4.37345030e+48,2.37143844e+52,2.37223219e+52,-7.77005955e+51,1.98372921e+52,4.24814138e+05,2.70523384e+05,-3.31385856e+06,-5.32041961e+05,-3.21595788e+04,-7.52331174e+05,0.00000000e+00,3.99679966e+09
1.06800000e+04,2.92769073e+01,2.92039476e+33,-1.55806743e+39,-9.27253052e+37,-2.17910390e+39,3.62459425e+47,4.39367303e+47,2.16650139e+47,4.37742417e+48,2.37208541e+52,2.37287947e+52,-7.76421668e+51,1.98466863e+52,4.19645624e+05,2.70063637e+05,-3.32361634e+06,-5.33512609e+05,-3.17509490e+04,-7.46167583e+05,0.00000000e+00,3.98867131e+09
1.06900000e+04,2.92872827e+01,2.92039507e+33,-1.56218133e+39,-9.16551036e+37,-2.16147825e+39,3.62702014e+47,4.39311899e+47,2.16563266e+47,4.38092311e+48,2.37271115e+52,2.37350545e+52,-7.75777696e+51,1.98561660e+52,4.14523489e+05,2.69614177e+05,-3.33307937e+06,-5.34921231e+05,-3.13844878e+04,-7.40132139e+05,0.00000000e+00,3.97964400e+09
1.07000000e+04,2.92977296e+01,2.92039539e+33,-1.56629239e+39,-9.06509888e+37,-2.14367162e+39,3.62952785e+47,4.39265127e+47,2.16474875e+47,4.38392910e+48,2.37333454e+52,2.37412904e+52,-7.75057959e+51,1.98660006e+52,4.09289158e+05,2.69162300e+05,-3.34252224e+06,-5.36328879e+05,-3.10406561e+04,-7.34034723e+05,0.00000000e+00,3.96941935e+09
1.07100000e+04,2.93083595e+01,2.92039572e+33,-1.57048545e+39,-8.97238762e+37,-2.12550340e+39,3.63206022e+47,4.39232346e+47,2.16385798e+47,4.38655385e+48,2.37396193e+52,2.37475661e+52,-7.74253259e+51,1.98762999e+52,4.03877227e+05,2.68703139e+05,-3.35203686e+06,-5.37764606e+05,-3.07231913e+04,-7.27813490e+05,0.00000000e+00,3.95780383e+09
1.07200000e+04,2.93191576e+01,2.92039605e+33,-1.57474610e+39,-8.88241927e+37,-2.10699581e+39,3.63469528e+47,4.39206273e+47,2.16291673e+47,4.38882347e+48,2.37459213e+52,2.37538696e+52,-7.73362239e+51,1.98870584e+52,3.98285586e+05,2.68235622e+05,-3.36160539e+06,-5.39223471e+05,-3.04151188e+04,-7.21476050e+05,0.00000000e+00,3.94474861e+09
1.07300000e+04,2.93301198e+01,2.92039640e+33,-1.57913086e+39,-8.80145173e+37,-2.08814879e+39,3.63732387e+47,4.39193162e+47,2.16200331e+47,4.39074500e+48,2.37522439e+52,2.37601934e+52,-7.72383213e+51,1.98982773e+52,3.92507839e+05,2.67757001e+05,-3.37122004e+06,-5.40724833e+05,-3.01378667e+04,-7.15022381e+05,0.00000000e+00,3.93038851e+09
1.07400000e+04,2.93412096e+01,2.92039674e+33,-1.58361360e+39,-8.73311341e+37,-2.06901063e+39,3.63991638e+47,4.39194500e+47,2.16110857e+47,4.39239388e+48,2.37585638e+52,2.37665136e+52,-7.71318098e+51,1.99099232e+52,3.86572615e+05,2.67267885e+05,-3.38086860e+06,-5.42259747e+05,-2.99038596e+04,-7.08469024e+05,0.00000000e+00,3.91501793e+09
1.07500000e+04,2.93524460e+01,2.92039708e+33,-1.58822247e+39,-8.67269036e+37,-2.04961983e+39,3.64260306e+47,4.39206249e+47,2.16022207e+47,4.39387691e+48,2.37648841e+52,2.37728340e+52,-7.70164522e+51,1.99220114e+52,3.80466773e+05,2.66769310e+05,-3.39053479e+06,-5.43837850e+05,-2.96969560e+04,-7.01829161e+05,0.00000000e+00,3.89804591e+09
1.07600000e+04,2.93638210e+01,2.92039745e+33,-1.59294447e+39,-8.63247612e+37,-2.02995138e+39,3.64511166e+47,4.39222161e+47,2.15942500e+47,4.39393128e+48,2.37712035e+52,2.37791525e+52,-7.68924293e+51,1.99345310e+52,3.74200926e+05,2.66263007e+05,-3.40020493e+06,-5.45454685e+05,-2.95592509e+04,-6.95094217e+05,0.00000000e+00,3.87992573e+09
1.07700000e+04,2.93753359e+01,2.92039783e+33,-1.59775246e+39,-8.61702583e+37,-2.01012330e+39,3.64753641e+47,4.39239344e+47,2.15861525e+47,4.39376154e+48,2.37775317e+52,2.37854794e+52,-7.67596008e+51,1.99474994e+52,3.67775427e+05,2.65749170e+05,-3.40987961e+06,-5.47100960e+05,-2.95063424e+04,-6.88304611e+05,0.00000000e+00,3.85993124e+09
1.07800000e+04,2.93869379e+01,2.92039822e+33,-1.60260761e+39,-8.61963760e+37,-1.99020609e+39,3.64986015e+47,4.39261252e+47,2.15775786e+47,4.39294948e+48,2.37838402e+52,2.37917856e+52,-7.66186990e+51,1.99608507e+52,3.61229139e+05,2.65229438e+05,-3.41951886e+06,-5.48763386e+05,-2.95152817e+04,-6.81484488e+05,0.00000000e+00,3.83900672e+09
1.07900000e+04,2.93985908e+01,2.92039861e+33,-1.60747892e+39,-8.63774298e+37,-1.97027010e+39,3.65210840e+47,4.39288419e+47,2.15685817e+47,4.39140428e+48,2.37900981e+52,2.37980402e+52,-7.64704216e+51,1.99745191e+52,3.54592879e+05,2.64706273e+05,-3.42909038e+06,-5.50431342e+05,-2.95772740e+04,-6.74657936e+05,0.00000000e+00,3.81713828e+09
1.08000000e+04,2.94102092e+01,2.92039899e+33,-1.61228936e+39,-8.66916360e+37,-1.95043738e+39,3.65425600e+47,4.39318015e+47,2.15602944e+47,4.38899861e+48,2.37962680e+52,2.38042055e+52,-7.63162579e+51,1.99883926e+52,3.47918554e+05,2.64185759e+05,-3.43852500e+06,-5.52078453e+05,-2.96848602e+04,-6.67866747e+05,0.00000000e+00,3.79448511e+09
1.08100000e+04,2.94217364e+01,2.92039937e+33,-1.61703418e+39,-8.71707266e+37,-1.93077833e+39,3.65627297e+47,4.39355345e+47,2.15533952e+47,4.38565528e+48,2.38023310e+52,2.38102625e+52,-7.61575019e+51,2.00023874e+52,3.41245588e+05,2.63670156e+05,-3.44777574e+06,-5.53703097e+05,-2.98489061e+04,-6.61135031e+05,0.00000000e+00,3.77127871e+09
1.08200000e+04,2.94330619e+01,2.92039974e+33,-1.62163961e+39,-8.78275523e+37,-1.91154380e+39,3.65816364e+47,4.39398775e+47,2.15477667e+47,4.38137692e+48,2.38082176e+52,2.38161419e+52,-7.59963232e+51,2.00163257e+52,3.34644830e+05,2.63163549e+05,-3.45676195e+06,-5.55280016e+05,-3.00738118e+04,-6.54548680e+05,0.00000000e+00,3.74784383e+09
1.08300000e+04,2.94440792e+01,2.92040009e+33,-1.62611848e+39,-8.86237031e+37,-1.89289066e+39,3.65988628e+47,4.39444140e+47,2.15442887e+47,4.37616683e+48,2.38138965e+52,2.38218121e+52,-7.58349940e+51,2.00300624e+52,3.28184600e+05,2.62668747e+05,-3.46541209e+06,-5.56813599e+05,-3.03464253e+04,-6.48161417e+05,0.00000000e+00,3.72454678e+09
1.08400000e+04,2.94546884e+01,2.92040042e+33,-1.63041057e+39,-8.94833801e+37,-1.87490366e+39,3.66149023e+47,4.39497068e+47,2.15417912e+47,4.37007158e+48,2.38193002e+52,2.38272060e+52,-7.56757874e+51,2.00434167e+52,3.21935158e+05,2.62190644e+05,-3.47365767e+06,-5.58283229e+05,-3.06407915e+04,-6.42002257e+05,0.00000000e+00,3.70174726e+09
1.08500000e+04,2.94647411e+01,2.92040071e+33,-1.63445389e+39,-9.04232005e+37,-1.85815985e+39,3.66258620e+47,4.39552372e+47,2.15397716e+47,4.36330853e+48,2.38243743e+52,2.38322696e+52,-7.55217600e+51,2.00561816e+52,3.15990403e+05,2.61735230e+05,-3.48139743e+06,-5.59667679e+05,-3.09626005e+04,-6.36268797e+05,0.00000000e+00,3.67987987e+09
1.08600000e+04,2.94743136e+01,2.92040098e+33,-1.63834673e+39,-9.11630088e+37,-1.84204634e+39,3.66406779e+47,4.39608715e+47,2.15394561e+47,4.35574405e+48,2.38291554e+52,2.38370385e+52,-7.53725184e+51,2.00684125e+52,3.10313862e+05,2.61298880e+05,-3.48870392e+06,-5.61000609e+05,-3.12159218e+04,-6.30751173e+05,0.00000000e+00,3.65886172e+09
1.08700000e+04,2.94833245e+01,2.92040122e+33,-1.64191135e+39,-9.19946394e+37,-1.82685510e+39,3.66544145e+47,4.39652788e+47,2.15386354e+47,4.34776393e+48,2.38336204e+52,2.38414908e+52,-7.52299642e+51,2.00799926e+52,3.04958207e+05,2.60884569e+05,-3.49552742e+06,-5.62221155e+05,-3.15006851e+04,-6.25549353e+05,0.00000000e+00,3.63886993e+09
1.08800000e+04,2.94918572e+01,2.92040144e+33,-1.64526080e+39,-9.28291852e+37,-1.81251919e+39,3.66681401e+47,4.39695407e+47,2.15383852e+47,4.33933447e+48,2.38378365e+52,2.38456936e+52,-7.50933318e+51,2.00910270e+52,2.99878038e+05,2.60490150e+05,-3.50194077e+06,-5.63368029e+05,-3.17864468e+04,-6.20640425e+05,0.00000000e+00,3.61976964e+09
1.08900000e+04,2.95000082e+01,2.92040164e+33,-1.64845442e+39,-9.36960977e+37,-1.79882390e+39,3.66809866e+47,4.39738062e+47,2.15392430e+47,4.33046081e+48,2.38418292e+52,2.38496726e+52,-7.49614870e+51,2.01015983e+52,2.95017502e+05,2.60111962e+05,-3.50802270e+06,-5.64461544e+05,-3.20832916e+04,-6.15950859e+05,0.00000000e+00,3.60135376e+09
1.09000000e+04,2.95078793e+01,2.92040183e+33,-1.65148773e+39,-9.46220063e+37,-1.78556659e+39,3.66928027e+47,4.39776513e+47,2.15408542e+47,4.32110305e+48,2.38456532e+52,2.38534824e+52,-7.48330905e+51,2.01118279e+52,2.90317630e+05,2.59745116e+05,-3.51385301e+06,-5.65500168e+05,-3.24003379e+04,-6.11411268e+05,0.00000000e+00,3.58336363e+09
1.09100000e+04,2.95155567e+01,2.92040201e+33,-1.65442211e+39,-9.55934639e+37,-1.77259280e+39,3.67044987e+47,4.39814147e+47,2.15431245e+47,4.31121331e+48,2.38493541e+52,2.38571685e+52,-7.47069607e+51,2.01218205e+52,2.85727742e+05,2.59385589e+05,-3.51949780e+06,-5.66504919e+05,-3.27329811e+04,-6.06968763e+05,0.00000000e+00,3.56567373e+09
1.09200000e+04,2.95231394e+01,2.92040219e+33,-1.65731356e+39,-9.66453507e+37,-1.75976686e+39,3.67162407e+47,4.39851188e+47,2.15452253e+47,4.30070078e+48,2.38529820e+52,2.38607810e+52,-7.45816446e+51,2.01316988e+52,2.81189024e+05,2.59028458e+05,-3.52503033e+06,-5.67494973e+05,-3.30931647e+04,-6.02576888e+05,0.00000000e+00,3.54807938e+09
1.09300000e+04,2.95306831e+01,2.92040237e+33,-1.66018870e+39,-9.77929733e+37,-1.74703396e+39,3.67278985e+47,4.39889986e+47,2.15470062e+47,4.28953550e+48,2.38565656e+52,2.38643485e+52,-7.44563513e+51,2.01415310e+52,2.76668467e+05,2.58670909e+05,-3.53049161e+06,-5.68479439e+05,-3.34861300e+04,-5.98216869e+05,0.00000000e+00,3.53047982e+09
1.09400000e+04,2.95382145e+01,2.92040254e+33,-1.66304297e+39,-9.90081972e+37,-1.73432785e+39,3.67402361e+47,4.39927500e+47,2.15489019e+47,4.27772228e+48,2.38601186e+52,2.38678849e+52,-7.43307519e+51,2.01513473e+52,2.72149792e+05,2.58310691e+05,-3.53590062e+06,-5.69456760e+05,-3.39022432e+04,-5.93866027e+05,0.00000000e+00,3.51285403e+09
1.09500000e+04,2.95457544e+01,2.92040272e+33,-1.66588354e+39,-1.00271176e+38,-1.72161001e+39,3.67524236e+47,4.39963507e+47,2.15507145e+47,4.26526098e+48,2.38636532e+52,2.38714020e+52,-7.42046036e+51,2.01611718e+52,2.67619671e+05,2.57945965e+05,-3.54127133e+06,-5.70429389e+05,-3.43347087e+04,-5.89511167e+05,0.00000000e+00,3.49518286e+09
1.09600000e+04,2.95533760e+01,2.92040289e+33,-1.66872618e+39,-1.01603432e+38,-1.70873271e+39,3.67646585e+47,4.39994521e+47,2.15527846e+47,4.25203066e+48,2.38672022e+52,2.38749329e+52,-7.40767838e+51,2.01710937e+52,2.63034771e+05,2.57573491e+05,-3.54665376e+06,-5.71402729e+05,-3.47908955e+04,-5.85101706e+05,0.00000000e+00,3.47730800e+09
1.09700000e+04,2.95613650e+01,2.92040309e+33,-1.67168267e+39,-1.03045642e+38,-1.69524741e+39,3.67773408e+47,4.40023558e+47,2.15545903e+47,4.23744819e+48,2.38708972e+52,2.38786083e+52,-7.39426032e+51,2.01814781e+52,2.58224348e+05,2.57179522e+05,-3.55224040e+06,-5.72415047e+05,-3.52847326e+04,-5.80484049e+05,0.00000000e+00,3.45850606e+09
1.09800000e+04,2.95697954e+01,2.92040330e+33,-1.67477212e+39,-1.04639362e+38,-1.68108238e+39,3.67905558e+47,4.40049867e+47,2.15560628e+47,4.22140325e+48,2.38747692e+52,2.38824593e+52,-7.38009022e+51,2.01924141e+52,2.53142485e+05,2.56759939e+05,-3.55807117e+06,-5.73472889e+05,-3.58304492e+04,-5.75633637e+05,0.00000000e+00,3.43857059e+09
1.09900000e+04,2.95782089e+01,2.92040350e+33,-1.67785714e+39,-1.06237726e+38,-1.66699038e+39,3.68043783e+47,4.40075009e+47,2.15571026e+47,4.20493073e+48,2.38786060e+52,2.38862741e+52,-7.36594299e+51,2.02033026e+52,2.48059438e+05,2.56335385e+05,-3.56385233e+06,-5.74529220e+05,-3.63777560e+04,-5.70808239e+05,0.00000000e+00,3.41910465e+09
1.10000000e+04,2.95867970e+01,2.92040372e+33,-1.68099374e+39,-1.07895222e+38,-1.65261874e+39,3.68183723e+47,4.40095880e+47,2.15568929e+47,4.18708713e+48,2.38824960e+52,2.38901412e+52,-7.35152624e+51,2.02143781e+52,2.42867471e+05,2.55901264e+05,-3.56967768e+06,-5.75603206e+05,-3.69453103e+04,-5.65887083e+05,0.00000000e+00,3.39898914e+09
1.10100000e+04,2.95961493e+01,2.92040398e+33,-1.68438405e+39,-1.09817701e+38,-1.63699266e+39,3.68339527e+47,4.40116616e+47,2.15554134e+47,4.16683221e+48,2.38867031e+52,2.38943230e+52,-7.33586486e+51,2.02263906e+52,2.37208245e+05,2.55423555e+05,-3.57594169e+06,-5.76764060e+05,-3.76035992e+04,-5.60536376e+05,0.00000000e+00,3.37697579e+09
1.10200000e+04,2.96070444e+01,2.92040432e+33,-1.68822262e+39,-1.12149957e+38,-1.61890301e+39,3.68513992e+47,4.40141241e+47,2.15520414e+47,4.14203034e+48,2.38915712e+52,2.38991616e+52,-7.31769524e+51,2.02403140e+52,2.30611286e+05,2.54860383e+05,-3.58312034e+06,-5.78078388e+05,-3.84022020e+04,-5.54342080e+05,0.00000000e+00,3.35115997e+09
1.10300000e+04,2.96203484e+01,2.92040482e+33,-1.69282842e+39,-1.15142774e+38,-1.59693599e+39,3.68725585e+47,4.40172010e+47,2.15467469e+47,4.11067089e+48,2.38974642e+52,2.39050193e+52,-7.29564377e+51,2.02571974e+52,2.22555140e+05,2.54162308e+05,-3.59169781e+06,-5.79655400e+05,-3.94269906e+04,-5.46820077e+05,0.00000000e+00,3.31939952e+09
1.10400000e+04,2.96336536e+01,2.92040532e+33,-1.69731187e+39,-1.18316441e+38,-1.57506409e+39,3.68929792e+47,4.40219171e+47,2.15425116e+47,4.07904509e+48,2.39033006e+52,2.39108198e+52,-7.27374900e+51,2.02739453e+52,2.14483195e+05,2.53443323e+05,-3.60014335e+06,-5.81190514e+05,-4.05137056e+04,-5.39330646e+05,0.00000000e+00,3.28905442e+09
1.10500000e+04,2.96466194e+01,2.92040579e+33,-1.70157439e+39,-1.21493091e+38,-1.55378470e+39,3.69134427e+47,4.40286500e+47,2.15403237e+47,4.04739477e+48,2.39089507e+52,2.39164335e+52,-7.25262247e+51,2.02901223e+52,2.06605752e+05,2.52733426e+05,-3.60825867e+06,-5.82649985e+05,-4.16014415e+04,-5.32044109e+05,0.00000000e+00,3.26055236e+09
1.10600000e+04,2.96593367e+01,2.92040625e+33,-1.70573234e+39,-1.24664507e+38,-1.53289303e+39,3.69344077e+47,4.40368408e+47,2.15387635e+47,4.01537127e+48,2.39144681e+52,2.39219140e+52,-7.23215851e+51,2.03058347e+52,1.98871886e+05,2.52037370e+05,-3.61610797e+06,-5.84073650e+05,-4.26873855e+04,-5.24890340e+05,0.00000000e+00,3.23315827e+09
1.10700000e+04,2.96717786e+01,2.92040669e+33,-1.70967731e+39,-1.27859130e+38,-1.51248813e+39,3.69558812e+47,4.40453368e+47,2.15363451e+47,3.98308072e+48,2.39198343e+52,2.39272426e+52,-7.21243022e+51,2.03210275e+52,1.91297992e+05,2.51360364e+05,-3.62368393e+06,-5.85424392e+05,-4.37812755e+04,-5.17903257e+05,0.00000000e+00,3.20691721e+09
1.10800000e+04,2.96839279e+01,2.92040711e+33,-1.71340690e+39,-1.31055690e+38,-1.49254700e+39,3.69772463e+47,4.40534858e+47,2.15335637e+47,3.95069460e+48,2.39250429e+52,2.39324134e+52,-7.19348208e+51,2.03356723e+52,1.83895426e+05,2.50706281e+05,-3.63098581e+06,-5.86701386e+05,-4.48758291e+04,-5.11074980e+05,0.00000000e+00,3.18191399e+09
1.10900000e+04,2.96957992e+01,2.92040751e+33,-1.71697525e+39,-1.34200447e+38,-1.47307787e+39,3.69980485e+47,4.40607934e+47,2.15310391e+47,3.91829515e+48,2.39301059e+52,2.39374385e+52,-7.17529980e+51,2.03497886e+52,1.76657671e+05,2.50074741e+05,-3.63803027e+06,-5.87923172e+05,-4.59526441e+04,-5.04408328e+05,0.00000000e+00,3.15808332e+09
1.11000000e+04,2.97074094e+01,2.92040790e+33,-1.72036516e+39,-1.37349401e+38,-1.45411845e+39,3.70176711e+47,4.40683553e+47,2.15285070e+47,3.88598480e+48,2.39350356e+52,2.39423302e+52,-7.15786038e+51,2.03634000e+52,1.69576998e+05,2.49462650e+05,-3.64483467e+06,-5.89083863e+05,-4.70308964e+04,-4.97916217e+05,0.00000000e+00,3.13535405e+09
1.11100000e+04,2.97187759e+01,2.92040827e+33,-1.72360478e+39,-1.40437401e+38,-1.43561334e+39,3.70367767e+47,4.40767761e+47,2.15266453e+47,3.85384528e+48,2.39398414e+52,2.39470981e+52,-7.14113694e+51,2.03765297e+52,1.62644113e+05,2.48866350e+05,-3.65141466e+06,-5.90193090e+05,-4.80882767e+04,-4.91579672e+05,0.00000000e+00,3.11366401e+09
1.11200000e+04,2.97299106e+01,2.92040862e+33,-1.72674562e+39,-1.43485580e+38,-1.41746156e+39,3.70556668e+47,4.40851736e+47,2.15245581e+47,3.82196357e+48,2.39445313e+52,2.39517504e+52,-7.12510843e+51,2.03891961e+52,1.55852011e+05,2.48284195e+05,-3.65778184e+06,-5.91268499e+05,-4.91320216e+04,-4.85364118e+05,0.00000000e+00,3.09296875e+09
1.11300000e+04,2.97408615e+01,2.92040897e+33,-1.72972733e+39,-1.46531912e+38,-1.39959759e+39,3.70748963e+47,4.40934699e+47,2.15219264e+47,3.79032152e+48,2.39491284e+52,2.39563100e+52,-7.10970270e+51,2.04014586e+52,1.49173023e+05,2.47713949e+05,-3.66396535e+06,-5.92289420e+05,-5.01751343e+04,-4.79247122e+05,0.00000000e+00,3.07314116e+09
1.11400000e+04,2.97516987e+01,2.92040931e+33,-1.73263557e+39,-1.49598700e+38,-1.38190145e+39,3.70931135e+47,4.41014400e+47,2.15202184e+47,3.75882155e+48,2.39536667e+52,2.39608110e+52,-7.09482105e+51,2.04134004e+52,1.42563976e+05,2.47153241e+05,-3.67000624e+06,-5.93285182e+05,-5.12252510e+04,-4.73187591e+05,0.00000000e+00,3.05402486e+09
1.11500000e+04,2.97625100e+01,2.92040965e+33,-1.73542952e+39,-1.52609177e+38,-1.36422658e+39,3.71110521e+47,4.41097493e+47,2.15184117e+47,3.72726939e+48,2.39581959e+52,2.39653027e+52,-7.08034953e+51,2.04251279e+52,1.35970804e+05,2.46596883e+05,-3.67595295e+06,-5.94241811e+05,-5.22560856e+04,-4.67135348e+05,0.00000000e+00,3.03546024e+09
1.11600000e+04,2.97733776e+01,2.92040999e+33,-1.73813247e+39,-1.55578962e+38,-1.34644558e+39,3.71283767e+47,4.41181092e+47,2.15164643e+47,3.69553476e+48,2.39627395e+52,2.39698088e+52,-7.06619203e+51,2.04367127e+52,1.29344895e+05,2.46038121e+05,-3.68184730e+06,-5.95167280e+05,-5.32729864e+04,-4.61046765e+05,0.00000000e+00,3.01731113e+09
1.11700000e+04,2.97843442e+01,2.92041034e+33,-1.74076042e+39,-1.58575417e+38,-1.32852719e+39,3.71451499e+47,4.41270733e+47,2.15148759e+47,3.66359500e+48,2.39673239e+52,2.39743554e+52,-7.05231322e+51,2.04481987e+52,1.22659457e+05,2.45472534e+05,-3.68771021e+06,-5.96067065e+05,-5.42990192e+04,-4.54911138e+05,0.00000000e+00,2.99953762e+09
1.11800000e+04,2.97955186e+01,2.92041070e+33,-1.74331571e+39,-1.61616118e+38,-1.31028108e+39,3.71620316e+47,4.41369353e+47,2.15127118e+47,3.63122999e+48,2.39719917e+52,2.39789849e+52,-7.03860489e+51,2.04596825e+52,1.15846563e+05,2.44893115e+05,-3.69359576e+06,-5.96941970e+05,-5.53402019e+04,-4.48663292e+05,0.00000000e+00,2.98195943e+09
1.11900000e+04,2.98069934e+01,2.92041107e+33,-1.74583559e+39,-1.64737401e+38,-1.29151738e+39,3.71783259e+47,4.41473187e+47,2.15103727e+47,3.59831363e+48,2.39767808e+52,2.39837354e+52,-7.02499597e+51,2.04712374e+52,1.08851963e+05,2.44293689e+05,-3.69954555e+06,-5.97804743e+05,-5.64089770e+04,-4.42238214e+05,0.00000000e+00,2.96446594e+09
1.12000000e+04,2.98189180e+01,2.92041148e+33,-1.74835968e+39,-1.67959073e+38,-1.27205230e+39,3.71960085e+47,4.41573718e+47,2.15076651e+47,3.56453652e+48,2.39817563e+52,2.39886713e+52,-7.01136935e+51,2.04829867e+52,1.01586459e+05,2.43664489e+05,-3.70562783e+06,-5.98668952e+05,-5.75121262e+04,-4.35572970e+05,0.00000000e+00,2.94692855e+09
1.12100000e+04,2.98316326e+01,2.92041194e+33,-1.75102579e+39,-1.71302641e+38,-1.25132542e+39,3.72159282e+47,4.41669648e+47,2.15046185e+47,3.52910406e+48,2.39870617e+52,2.39939358e+52,-6.99743404e+51,2.04952188e+52,9.38440364e+04,2.42987583e+05,-3.71199692e+06,-5.99581783e+05,-5.86570130e+04,-4.28475657e+05,0.00000000e+00,2.92893765e+09
1.12200000e+04,2.98454502e+01,2.92041247e+33,-1.75376609e+39,-1.74924802e+38,-1.22876019e+39,3.72358476e+47,4.41759971e+47,2.15020315e+47,3.49147519e+48,2.39928326e+52,2.39996638e+52,-6.98299945e+51,2.05081640e+52,8.54347159e+04,2.42240719e+05,-3.71877991e+06,-6.00519996e+05,-5.98972931e+04,-4.20748852e+05,0.00000000e+00,2.91021416e+09
1.12300000e+04,2.98594029e+01,2.92041301e+33,-1.75645453e+39,-1.78540603e+38,-1.20596181e+39,3.72549233e+47,4.41836050e+47,2.14989992e+47,3.45498382e+48,2.39986676e+52,2.40054567e+52,-6.96917987e+51,2.05208668e+52,7.69452628e+04,2.41471098e+05,-3.72550265e+06,-6.01440456e+05,-6.11353948e+04,-4.12942212e+05,0.00000000e+00,2.89258441e+09
1.12400000e+04,2.98730272e+01,2.92041353e+33,-1.75901584e+39,-1.81998276e+38,-1.18364918e+39,3.72744875e+47,4.41901104e+47,2.14959414e+47,3.42078126e+48,2.40043771e+52,2.40111261e+52,-6.95643910e+51,2.05329066e+52,6.86550346e+04,2.40707476e+05,-3.73195736e+06,-6.02317385e+05,-6.23193508e+04,-4.05301909e+05,0.00000000e+00,2.87661280e+09
1.12500000e+04,2.98862696e+01,2.92041403e+33,-1.76143945e+39,-1.85300320e+38,-1.16198541e+39,3.72934299e+47,4.41964076e+47,2.14911022e+47,3.38891895e+48,2.40099438e+52,2.40166549e+52,-6.94479285e+51,2.05442585e+52,6.05939271e+04,2.39957332e+05,-3.73812807e+06,-6.03147167e+05,-6.34500169e+04,-3.97883792e+05,0.00000000e+00,2.86206207e+09
1.12600000e+04,2.98995374e+01,2.92041452e+33,-1.76381310e+39,-1.88622888e+38,-1.14023996e+39,3.73126421e+47,4.42033442e+47,2.14882185e+47,3.35827054e+48,2.40155410e+52,2.40222153e+52,-6.93387893e+51,2.05552759e+52,5.25111331e+04,2.39199910e+05,-3.74420154e+06,-6.03959845e+05,-6.45877107e+04,-3.90437711e+05,0.00000000e+00,2.84828799e+09
1.12700000e+04,2.99132234e+01,2.92041505e+33,-1.76616736e+39,-1.91975615e+38,-1.11780314e+39,3.73319522e+47,4.42101642e+47,2.14830494e+47,3.32813819e+48,2.40213325e+52,2.40279706e+52,-6.92343327e+51,2.05662540e+52,4.41661500e+04,2.38412376e+05,-3.75034268e+06,-6.04765873e+05,-6.57357299e+04,-3.82754889e+05,0.00000000e+00,2.83488686e+09
1.12800000e+04,2.99272429e+01,2.92041560e+33,-1.76845938e+39,-1.95323508e+38,-1.09478633e+39,3.73510901e+47,4.42162394e+47,2.14764650e+47,3.29914271e+48,2.40272851e+52,2.40338882e+52,-6.91360298e+51,2.05770867e+52,3.56110683e+04,2.37595620e+05,-3.75650452e+06,-6.05550588e+05,-6.68820933e+04,-3.74873470e+05,0.00000000e+00,2.82221891e+09
1.12900000e+04,2.99410197e+01,2.92041613e+33,-1.77064349e+39,-1.98509555e+38,-1.07221760e+39,3.73701141e+47,4.42233427e+47,2.14703840e+47,3.27271491e+48,2.40331568e+52,2.40397274e+52,-6.90481352e+51,2.05873207e+52,2.71990290e+04,2.36783264e+05,-3.76244525e+06,-6.06298355e+05,-6.79730374e+04,-3.67145488e+05,0.00000000e+00,2.81108451e+09
1.13000000e+04,2.99545847e+01,2.92041664e+33,-1.77266334e+39,-2.01443906e+38,-1.04997590e+39,3.73880352e+47,4.42311838e+47,2.14635046e+47,3.24866203e+48,2.40389667e+52,2.40455072e+52,-6.89702004e+51,2.05969972e+52,1.89158892e+04,2.35980224e+05,-3.76818520e+06,-6.06989876e+05,-6.89777968e+04,-3.59529487e+05,0.00000000e+00,2.80128438e+09
1.13100000e+04,2.99680051e+01,2.92041715e+33,-1.77446713e+39,-2.04180599e+38,-1.02791705e+39,3.74050615e+47,4.42368732e+47,2.14548191e+47,3.22682816e+48,2.40447444e+52,2.40512571e+52,-6.89016480e+51,2.06061746e+52,1.07239601e+04,2.35190037e+05,-3.77375704e+06,-6.07607419e+05,-6.99148747e+04,-3.51976103e+05,0.00000000e+00,2.79264294e+09
1.13200000e+04,2.99813478e+01,2.92041765e+33,-1.77608489e+39,-2.06811999e+38,-1.00595564e+39,3.74212127e+47,4.42420563e+47,2.14444705e+47,3.20713624e+48,2.40505213e+52,2.40570084e+52,-6.88420304e+51,2.06149069e+52,2.58294360e+03,2.34415014e+05,-3.77918964e+06,-6.08161265e+05,-7.08158982e+04,-3.44456087e+05,0.00000000e+00,2.78510942e+09
1.13300000e+04,2.99945971e+01,2.92041814e+33,-1.77763080e+39,-2.09333784e+38,-9.84131342e+38,3.74376653e+47,4.42468591e+47,2.14338843e+47,3.18964791e+48,2.40562931e+52,2.40627570e+52,-6.87913182e+51,2.06231911e+52,-5.49987525e+03,2.33658946e+05,-3.78447937e+06,-6.08690507e+05,-7.16793876e+04,-3.36983026e+05,0.00000000e+00,2.77872082e+09
1.13400000e+04,3.00077091e+01,2.92041863e+33,-1.77905624e+39,-2.11692979e+38,-9.62520063e+38,3.74548008e+47,4.42518764e+47,2.14219677e+47,3.17442033e+48,2.40620409e+52,2.40684840e+52,-6.87494952e+51,2.06310093e+52,-1.34991594e+04,2.32922355e+05,-3.78961130e+06,-6.09178501e+05,-7.24872035e+04,-3.29582908e+05,0.00000000e+00,2.77347677e+09
1.13500000e+04,3.00207238e+01,2.92041910e+33,-1.78029550e+39,-2.13889078e+38,-9.40974518e+38,3.74716743e+47,4.42571546e+47,2.14094732e+47,3.16137438e+48,2.40677840e+52,2.40742089e+52,-6.87162314e+51,2.06383973e+52,-2.14400241e+04,2.32199375e+05,-3.79460313e+06,-6.09602745e+05,-7.32391721e+04,-3.22205302e+05,0.00000000e+00,2.76929748e+09
1.13600000e+04,3.00336986e+01,2.92041958e+33,-1.78141686e+39,-2.15933070e+38,-9.19482587e+38,3.74884669e+47,4.42630596e+47,2.13953544e+47,3.15044138e+48,2.40735504e+52,2.40799592e+52,-6.86912486e+51,2.06453968e+52,-2.93567245e+04,2.31484428e+05,-3.79947720e+06,-6.09986617e+05,-7.39390571e+04,-3.14846056e+05,0.00000000e+00,2.76612434e+09
1.13700000e+04,3.00466540e+01,2.92042005e+33,-1.78240791e+39,-2.17912353e+38,-8.97948425e+38,3.75053738e+47,4.42670413e+47,2.13809125e+47,3.14160499e+48,2.40793502e+52,2.40857453e+52,-6.86744322e+51,2.06520237e+52,-3.72602265e+04,2.30777596e+05,-3.80424081e+06,-6.10325870e+05,-7.46167843e+04,-3.07472353e+05,0.00000000e+00,2.76394110e+09
1.13800000e+04,3.00595774e+01,2.92042052e+33,-1.78323230e+39,-2.19740945e+38,-8.76454803e+38,3.75214056e+47,4.42697689e+47,2.13647222e+47,3.13489894e+48,2.40851834e+52,2.40915669e+52,-6.86657227e+51,2.06582808e+52,-4.51424979e+04,2.30080213e+05,-3.80888921e+06,-6.10608056e+05,-7.52429120e+04,-3.00112534e+05,0.00000000e+00,2.76272881e+09
1.13900000e+04,3.00725112e+01,2.92042100e+33,-1.78393368e+39,-2.21360030e+38,-8.54900873e+38,3.75361240e+47,4.42716277e+47,2.13486203e+47,3.13029277e+48,2.40910699e+52,2.40974442e+52,-6.86650469e+51,2.06641919e+52,-5.30296178e+04,2.29393424e+05,-3.81343736e+06,-6.10848121e+05,-7.57973012e+04,-2.92732067e+05,0.00000000e+00,2.76244209e+09
1.14000000e+04,3.00854973e+01,2.92042147e+33,-1.78452284e+39,-2.22834845e+38,-8.33187707e+38,3.75502711e+47,4.42731224e+47,2.13320324e+47,3.12779398e+48,2.40970291e+52,2.41033966e+52,-6.86724382e+51,2.06697747e+52,-6.09469901e+04,2.28717674e+05,-3.81789862e+06,-6.11049762e+05,-7.63022897e+04,-2.85297076e+05,0.00000000e+00,2.76306341e+09
1.14100000e+04,3.00985824e+01,2.92042195e+33,-1.78503426e+39,-2.24245435e+38,-8.11240984e+38,3.75646887e+47,4.42736925e+47,2.13149791e+47,3.12742111e+48,2.41030863e+52,2.41094493e+52,-6.86880458e+51,2.06750470e+52,-6.89214803e+04,2.28050073e+05,-3.82228592e+06,-6.11224778e+05,-7.67852861e+04,-2.77782114e+05,0.00000000e+00,2.76460347e+09
1.14200000e+04,3.01118729e+01,2.92042245e+33,-1.78550779e+39,-2.25500903e+38,-7.88878395e+38,3.75785570e+47,4.42740661e+47,2.12974987e+47,3.12919121e+48,2.41092974e+52,2.41156581e+52,-6.87122676e+51,2.06800447e+52,-7.70173803e+04,2.27384032e+05,-3.82663095e+06,-6.11386819e+05,-7.72151656e+04,-2.70124754e+05,0.00000000e+00,2.76709891e+09
1.14300000e+04,3.01252995e+01,2.92042296e+33,-1.78587233e+39,-2.26632234e+38,-7.66289304e+38,3.75920919e+47,4.42758171e+47,2.12797587e+47,3.13324390e+48,2.41156308e+52,2.41219917e+52,-6.87452672e+51,2.06847284e+52,-8.51932561e+04,2.26723894e+05,-3.83090966e+06,-6.11511536e+05,-7.76025383e+04,-2.62389837e+05,0.00000000e+00,2.77062045e+09
1.14400000e+04,3.01384848e+01,2.92042345e+33,-1.78610817e+39,-2.27686084e+38,-7.44103588e+38,3.76043204e+47,4.42771389e+47,2.12614178e+47,3.13945092e+48,2.41219096e+52,2.41282728e+52,-6.87859805e+51,2.06889738e+52,-9.32190340e+04,2.26092742e+05,-3.83501103e+06,-6.11592191e+05,-7.79633804e+04,-2.54793047e+05,0.00000000e+00,2.77521579e+09
1.14500000e+04,3.01514530e+01,2.92042392e+33,-1.78632645e+39,-2.28653824e+38,-7.22204761e+38,3.76161579e+47,4.42781501e+47,2.12439300e+47,3.14759410e+48,2.41281449e+52,2.41345123e+52,-6.88340382e+51,2.06928104e+52,-1.01108412e+05,2.25495072e+05,-3.83894836e+06,-6.11666834e+05,-7.82947375e+04,-2.47294496e+05,0.00000000e+00,2.78079510e+09
1.14600000e+04,3.01642220e+01,2.92042438e+33,-1.78649045e+39,-2.29448182e+38,-7.00598132e+38,3.76281013e+47,4.42784819e+47,2.12257139e+47,3.15749155e+48,2.41343504e+52,2.41407238e+52,-6.88890966e+51,2.06962690e+52,-1.08872426e+05,2.24937777e+05,-3.84273297e+06,-6.11722891e+05,-7.85667259e+04,-2.39896002e+05,0.00000000e+00,2.78725152e+09
1.14700000e+04,3.01768121e+01,2.92042483e+33,-1.78652353e+39,-2.30043651e+38,-6.79131044e+38,3.76382322e+47,4.42776887e+47,2.12081145e+47,3.16898728e+48,2.41405216e+52,2.41469027e+52,-6.89508634e+51,2.06993596e+52,-1.16522897e+05,2.24425853e+05,-3.84637584e+06,-6.11734126e+05,-7.87706120e+04,-2.32545292e+05,0.00000000e+00,2.79452372e+09
1.14800000e+04,3.01892353e+01,2.92042527e+33,-1.78642408e+39,-2.30553469e+38,-6.57891826e+38,3.76498160e+47,4.42764690e+47,2.11893501e+47,3.18196038e+48,2.41466699e+52,2.41530603e+52,-6.90190408e+51,2.07021083e+52,-1.24065477e+05,2.23961433e+05,-3.84988306e+06,-6.11699980e+05,-7.89451700e+04,-2.25272611e+05,0.00000000e+00,2.80258975e+09
1.14900000e+04,3.02015044e+01,2.92042569e+33,-1.78620670e+39,-2.30917285e+38,-6.36853534e+38,3.76609637e+47,4.42743154e+47,2.11695772e+47,3.19629187e+48,2.41528023e+52,2.41592035e+52,-6.90933616e+51,2.07045355e+52,-1.31508646e+05,2.23541542e+05,-3.85326023e+06,-6.11625458e+05,-7.90697348e+04,-2.18068734e+05,0.00000000e+00,2.81143671e+09
1.15000000e+04,3.02136460e+01,2.92042611e+33,-1.78589777e+39,-2.31186628e+38,-6.15997738e+38,3.76715219e+47,4.42710478e+47,2.11483911e+47,3.21189434e+48,2.41589335e+52,2.41653469e+52,-6.91736807e+51,2.07066629e+52,-1.38870076e+05,2.23165311e+05,-3.85651590e+06,-6.11519586e+05,-7.91619506e+04,-2.10927349e+05,0.00000000e+00,2.82103774e+09
1.15100000e+04,3.02256610e+01,2.92042653e+33,-1.78556005e+39,-2.31341219e+38,-5.95282681e+38,3.76815663e+47,4.42675193e+47,2.11271041e+47,3.22864448e+48,2.41650696e+52,2.41714965e+52,-6.92597175e+51,2.07085106e+52,-1.46151098e+05,2.22832511e+05,-3.85965288e+06,-6.11403858e+05,-7.92148740e+04,-2.03834158e+05,0.00000000e+00,2.83134737e+09
1.15200000e+04,3.02375630e+01,2.92042693e+33,-1.78512701e+39,-2.31380615e+38,-5.74682086e+38,3.76918884e+47,4.42637351e+47,2.11058709e+47,3.24644001e+48,2.41712106e+52,2.41776521e+52,-6.93512918e+51,2.07100875e+52,-1.53360254e+05,2.22542699e+05,-3.86267780e+06,-6.11255494e+05,-7.92283526e+04,-1.96780163e+05,0.00000000e+00,2.84234518e+09
1.15300000e+04,3.02493681e+01,2.92042733e+33,-1.78463508e+39,-2.31250363e+38,-5.54235505e+38,3.77020893e+47,4.42595992e+47,2.10828315e+47,3.26518159e+48,2.41773612e+52,2.41838183e+52,-6.94482735e+51,2.07114046e+52,-1.60507702e+05,2.22296243e+05,-3.86559721e+06,-6.11086968e+05,-7.91837416e+04,-1.89778907e+05,0.00000000e+00,2.85403045e+09
1.15400000e+04,3.02610794e+01,2.92042772e+33,-1.78404092e+39,-2.30956356e+38,-5.33953327e+38,3.77117376e+47,4.42553749e+47,2.10587771e+47,3.28476258e+48,2.41835207e+52,2.41899944e+52,-6.95504456e+51,2.07124722e+52,-1.67595659e+05,2.22096358e+05,-3.86841420e+06,-6.10883437e+05,-7.90830585e+04,-1.82833947e+05,0.00000000e+00,2.86638527e+09
1.15500000e+04,3.02727174e+01,2.92042811e+33,-1.78324457e+39,-2.30529520e+38,-5.13914197e+38,3.77191329e+47,4.42497494e+47,2.10336620e+47,3.30535407e+48,2.41897046e+52,2.41961966e+52,-6.96577610e+51,2.07133086e+52,-1.74634688e+05,2.21946478e+05,-3.87113490e+06,-6.10610674e+05,-7.89368928e+04,-1.75972213e+05,0.00000000e+00,2.87942522e+09
1.15600000e+04,3.02842727e+01,2.92042849e+33,-1.78237204e+39,-2.29824558e+38,-4.93897381e+38,3.77288623e+47,4.42436222e+47,2.10085838e+47,3.32612817e+48,2.41959004e+52,2.42024100e+52,-6.97699151e+51,2.07139142e+52,-1.81617683e+05,2.21849132e+05,-3.87375911e+06,-6.10311823e+05,-7.86954923e+04,-1.69118122e+05,0.00000000e+00,2.89313436e+09
1.15700000e+04,3.02958829e+01,2.92042888e+33,-1.78141553e+39,-2.29075946e+38,-4.73528062e+38,3.77414439e+47,4.42373345e+47,2.09818626e+47,3.34797101e+48,2.42021877e+52,2.42087167e+52,-6.98881118e+51,2.07143111e+52,-1.88628505e+05,2.21803403e+05,-3.87631452e+06,-6.09984220e+05,-7.84391457e+04,-1.62143330e+05,0.00000000e+00,2.90762474e+09
1.15800000e+04,3.03074881e+01,2.92042926e+33,-1.78036917e+39,-2.28202109e+38,-4.53101903e+38,3.77537010e+47,4.42314745e+47,2.09546828e+47,3.37048718e+48,2.42085353e+52,2.42150844e+52,-7.00116561e+51,2.07145016e+52,-1.95632337e+05,2.21809308e+05,-3.87878816e+06,-6.09625848e+05,-7.81399200e+04,-1.55149077e+05,0.00000000e+00,2.92282549e+09
1.15900000e+04,3.03191056e+01,2.92042965e+33,-1.77926875e+39,-2.27217498e+38,-4.32634992e+38,3.77651613e+47,4.42257506e+47,2.09268870e+47,3.39362430e+48,2.42149527e+52,2.42215229e+52,-7.01406178e+51,2.07144920e+52,-2.02640990e+05,2.21863789e+05,-3.88118419e+06,-6.09248968e+05,-7.78027636e+04,-1.48140871e+05,0.00000000e+00,2.93872461e+09
1.16000000e+04,3.03308090e+01,2.92043004e+33,-1.77810788e+39,-2.25881234e+38,-4.12090648e+38,3.77801208e+47,4.42193135e+47,2.08978842e+47,3.41740710e+48,2.42214863e+52,2.42280784e+52,-7.02757566e+51,2.07142906e+52,-2.09698309e+05,2.21963049e+05,-3.88351600e+06,-6.08851389e+05,-7.73451962e+04,-1.41106153e+05,0.00000000e+00,2.95540330e+09
1.16100000e+04,3.03426333e+01,2.92043044e+33,-1.77689243e+39,-2.24668667e+38,-3.91107233e+38,3.77920976e+47,4.42117834e+47,2.08686714e+47,3.44179774e+48,2.42281459e+52,2.42347608e+52,-7.04174857e+51,2.07138865e+52,-2.16827526e+05,2.22102252e+05,-3.88578799e+06,-6.08435116e+05,-7.69299840e+04,-1.33921092e+05,0.00000000e+00,2.97292672e+09
1.16200000e+04,3.03545856e+01,2.92043085e+33,-1.77559237e+39,-2.23350677e+38,-3.69853878e+38,3.78049327e+47,4.42035975e+47,2.08385782e+47,3.46676629e+48,2.42349437e+52,2.42415821e+52,-7.05659094e+51,2.07132866e+52,-2.24038864e+05,2.22275046e+05,-3.88799898e+06,-6.07989871e+05,-7.64786733e+04,-1.26643601e+05,0.00000000e+00,2.99132993e+09
1.16300000e+04,3.03666625e+01,2.92043126e+33,-1.77416096e+39,-2.21958905e+38,-3.48315380e+38,3.78187304e+47,4.41956031e+47,2.08080640e+47,3.49222065e+48,2.42418786e+52,2.42485412e+52,-7.07209973e+51,2.07124913e+52,-2.31334894e+05,2.22474184e+05,-3.89014693e+06,-6.07499647e+05,-7.60020986e+04,-1.19268474e+05,0.00000000e+00,3.01062104e+09
1.16400000e+04,3.03788466e+01,2.92043168e+33,-1.77265724e+39,-2.20362047e+38,-3.26491952e+38,3.78329204e+47,4.41881477e+47,2.07765385e+47,3.51802825e+48,2.42489440e+52,2.42556313e+52,-7.08825122e+51,2.07115057e+52,-2.38704820e+05,2.22693728e+05,-3.89222767e+06,-6.06984664e+05,-7.54552993e+04,-1.11795785e+05,0.00000000e+00,3.03080027e+09
1.16500000e+04,3.03911247e+01,2.92043211e+33,-1.77109650e+39,-2.18589099e+38,-3.04418692e+38,3.78473497e+47,4.41804557e+47,2.07438476e+47,3.54406426e+48,2.42561326e+52,2.42628451e+52,-7.10502288e+51,2.07103336e+52,-2.46140523e+05,2.22932768e+05,-3.89423743e+06,-6.06450152e+05,-7.48482043e+04,-1.04237551e+05,0.00000000e+00,3.05186538e+09
1.16600000e+04,3.04034780e+01,2.92043254e+33,-1.76945846e+39,-2.16656984e+38,-2.82155893e+38,3.78619901e+47,4.41721360e+47,2.07103501e+47,3.57021301e+48,2.42634361e+52,2.42701741e+52,-7.12237966e+51,2.07089842e+52,-2.53628972e+05,2.23191438e+05,-3.89617204e+06,-6.05889172e+05,-7.41866078e+04,-9.66144189e+04,0.00000000e+00,3.07377224e+09
1.16700000e+04,3.04158949e+01,2.92043298e+33,-1.76773000e+39,-2.14552673e+38,-2.59683879e+38,3.78776068e+47,4.41632859e+47,2.06762457e+47,3.59631574e+48,2.42708501e+52,2.42776138e+52,-7.14029216e+51,2.07074677e+52,-2.61159776e+05,2.23475114e+05,-3.89802868e+06,-6.05297233e+05,-7.34660493e+04,-8.89196503e+04,0.00000000e+00,3.09658263e+09
1.16800000e+04,3.04283706e+01,2.92043342e+33,-1.76592859e+39,-2.12313640e+38,-2.37116673e+38,3.78940737e+47,4.41537125e+47,2.06416515e+47,3.62222875e+48,2.42783782e+52,2.42851676e+52,-7.15873643e+51,2.07057994e+52,-2.68727349e+05,2.23790376e+05,-3.89980588e+06,-6.04680311e+05,-7.26993597e+04,-8.11922884e+04,0.00000000e+00,3.12026067e+09
1.16900000e+04,3.04409188e+01,2.92043387e+33,-1.76401169e+39,-2.09915606e+38,-2.14424989e+38,3.79122239e+47,4.41434400e+47,2.06069268e+47,3.64783581e+48,2.42860277e+52,2.42928429e+52,-7.17771330e+51,2.07039862e+52,-2.76338405e+05,2.24140112e+05,-3.90150341e+06,-6.04023844e+05,-7.18782261e+04,-7.34223060e+04,0.00000000e+00,3.14480399e+09
1.17000000e+04,3.04535461e+01,2.92043432e+33,-1.76205867e+39,-2.07375931e+38,-1.91541211e+38,3.79318360e+47,4.41328909e+47,2.05712137e+47,3.67305253e+48,2.42938032e+52,2.43006441e+52,-7.19721081e+51,2.07020387e+52,-2.83995558e+05,2.24520585e+05,-3.90312073e+06,-6.03355006e+05,-7.10085925e+04,-6.55865500e+04,0.00000000e+00,3.17021012e+09
1.17100000e+04,3.04662638e+01,2.92043478e+33,-1.76002292e+39,-2.04663916e+38,-1.68423500e+38,3.79516342e+47,4.41217385e+47,2.05347546e+47,3.69779263e+48,2.43017114e+52,2.43085779e+52,-7.21722071e+51,2.06999675e+52,-2.91705485e+05,2.24923102e+05,-3.90465604e+06,-6.02657841e+05,-7.00799475e+04,-5.76706937e+04,0.00000000e+00,3.19646692e+09
1.17200000e+04,3.04790540e+01,2.92043524e+33,-1.75797629e+39,-2.01855778e+38,-1.45201617e+38,3.79723625e+47,4.41104300e+47,2.04965807e+47,3.72192780e+48,2.43097452e+52,2.43166371e+52,-7.23768540e+51,2.06977945e+52,-2.99457493e+05,2.25337272e+05,-3.90610323e+06,-6.01956951e+05,-6.91183885e+04,-4.97191703e+04,0.00000000e+00,3.22347926e+09
1.17300000e+04,3.04919224e+01,2.92043571e+33,-1.75585241e+39,-1.98907022e+38,-1.21787652e+38,3.79946615e+47,4.40983226e+47,2.04575119e+47,3.74541162e+48,2.43179041e+52,2.43248211e+52,-7.25858026e+51,2.06955310e+52,-3.07254241e+05,2.25756385e+05,-3.90746368e+06,-6.01229606e+05,-6.81086803e+04,-4.17018775e+04,0.00000000e+00,3.25120959e+09
1.17400000e+04,3.05048994e+01,2.92043618e+33,-1.75360472e+39,-1.95830139e+38,-9.80478573e+37,3.80164794e+47,4.40856019e+47,2.04171467e+47,3.76816841e+48,2.43262032e+52,2.43331451e+52,-7.27991839e+51,2.06931859e+52,-3.15117213e+05,2.26179271e+05,-3.90873840e+06,-6.00459868e+05,-6.70550995e+04,-3.35730183e+04,0.00000000e+00,3.27970537e+09
1.17500000e+04,3.05179527e+01,2.92043666e+33,-1.75129432e+39,-1.92678190e+38,-7.41526166e+37,3.80384268e+47,4.40730281e+47,2.03777534e+47,3.79005760e+48,2.43346252e+52,2.43415915e+52,-7.30160607e+51,2.06907884e+52,-3.23030179e+05,2.26605852e+05,-3.90992345e+06,-5.99668653e+05,-6.59758154e+04,-2.53909347e+04,0.00000000e+00,3.30881630e+09
1.17600000e+04,3.05308822e+01,2.92043713e+33,-1.74901397e+39,-1.89587776e+38,-5.05299657e+37,3.80582630e+47,4.40598476e+47,2.03389662e+47,3.81084138e+48,2.43430464e+52,2.43500363e+52,-7.32326282e+51,2.06884049e+52,-3.30871238e+05,2.27037055e+05,-3.91100560e+06,-5.98887731e+05,-6.49176021e+04,-1.73021926e+04,0.00000000e+00,3.33810247e+09
1.17700000e+04,3.05436777e+01,2.92043760e+33,-1.74664697e+39,-1.86347653e+38,-2.69257487e+37,3.80809615e+47,4.40448995e+47,2.02992358e+47,3.83028014e+48,2.43514478e+52,2.43584600e+52,-7.34482105e+51,2.06860495e+52,-3.38633122e+05,2.27480793e+05,-3.91198684e+06,-5.98077141e+05,-6.38081268e+04,-9.21976511e+03,0.00000000e+00,3.36750240e+09
1.17800000e+04,3.05563941e+01,2.92043804e+33,-1.74421162e+39,-1.83086912e+38,-3.48531816e+36,3.81039573e+47,4.40282991e+47,2.02586598e+47,3.84889052e+48,2.43598615e+52,2.43668953e+52,-7.36632386e+51,2.06837333e+52,-3.46349828e+05,2.27959679e+05,-3.91288328e+06,-5.97243152e+05,-6.26915926e+04,-1.19342308e+03,0.00000000e+00,3.39713307e+09
1.17900000e+04,3.05690394e+01,2.92043847e+33,-1.74165904e+39,-1.79823726e+38,1.98185629e+37,3.81275724e+47,4.40110001e+47,2.02174902e+47,3.86621104e+48,2.43682910e+52,2.43753453e+52,-7.38774277e+51,2.06814739e+52,-3.54029041e+05,2.28478453e+05,-3.91368446e+06,-5.96369024e+05,-6.15742218e+04,6.78616006e+03,0.00000000e+00,3.42668655e+09
1.18000000e+04,3.05816048e+01,2.92043892e+33,-1.73909011e+39,-1.76578400e+38,4.29938802e+37,3.81513970e+47,4.39922690e+47,2.01760953e+47,3.88150718e+48,2.43767284e+52,2.43838019e+52,-7.40902118e+51,2.06792913e+52,-3.61661286e+05,2.29024260e+05,-3.91438556e+06,-5.95489296e+05,-6.04629663e+04,1.47217187e+04,0.00000000e+00,3.45643789e+09
1.18100000e+04,3.05940622e+01,2.92043936e+33,-1.73645576e+39,-1.73321146e+38,6.60067031e+37,3.81761238e+47,4.39728603e+47,2.01348886e+47,3.89577174e+48,2.43851453e+52,2.43922371e+52,-7.43005557e+51,2.06772093e+52,-3.69224705e+05,2.29575510e+05,-3.91499314e+06,-5.94587165e+05,-5.93476272e+04,2.26016346e+04,0.00000000e+00,3.48581454e+09
1.18200000e+04,3.06064125e+01,2.92043979e+33,-1.73381505e+39,-1.70098219e+38,8.88927780e+37,3.82003126e+47,4.39532187e+47,2.00934485e+47,3.90883641e+48,2.43935439e+52,2.44006528e+52,-7.45080294e+51,2.06752513e+52,-3.76718086e+05,2.30122940e+05,-3.91551340e+06,-5.93682860e+05,-5.82440424e+04,3.04381478e+04,0.00000000e+00,3.51494296e+09
1.18300000e+04,3.06185665e+01,2.92044021e+33,-1.73106368e+39,-1.66968939e+38,1.11401939e+38,3.82250963e+47,4.39320419e+47,2.00519451e+47,3.92072403e+48,2.44018746e+52,2.44089996e+52,-7.47107291e+51,2.06734631e+52,-3.84087156e+05,2.30662822e+05,-3.91594713e+06,-5.92740669e+05,-5.71725242e+04,3.81455982e+04,0.00000000e+00,3.54346166e+09
1.18400000e+04,3.06304379e+01,2.92044061e+33,-1.72837641e+39,-1.63794666e+38,1.33450818e+38,3.82505982e+47,4.39116106e+47,2.00109619e+47,3.93140856e+48,2.44100554e+52,2.44171950e+52,-7.49069020e+51,2.06718499e+52,-3.91281127e+05,2.31202984e+05,-3.91629854e+06,-5.91820428e+05,-5.60856006e+04,4.56954398e+04,0.00000000e+00,3.57123036e+09
1.18500000e+04,3.06420554e+01,2.92044100e+33,-1.72563289e+39,-1.60592393e+38,1.55065430e+38,3.82760109e+47,4.38909634e+47,1.99700303e+47,3.94092587e+48,2.44181006e+52,2.44252538e+52,-7.50967779e+51,2.06704149e+52,-3.98318757e+05,2.31755501e+05,-3.91657265e+06,-5.90880931e+05,-5.49890899e+04,5.30965802e+04,0.00000000e+00,3.59833410e+09
1.18600000e+04,3.06534344e+01,2.92044137e+33,-1.72283134e+39,-1.57384567e+38,1.76287686e+38,3.83015762e+47,4.38702453e+47,1.99287327e+47,3.94931672e+48,2.44260137e+52,2.44331794e+52,-7.52803894e+51,2.06691600e+52,-4.05209542e+05,2.32330130e+05,-3.91677493e+06,-5.89921564e+05,-5.38906786e+04,6.03633710e+04,0.00000000e+00,3.62476139e+09
1.18700000e+04,3.06645790e+01,2.92044173e+33,-1.71997976e+39,-1.54166290e+38,1.97097617e+38,3.83273561e+47,4.38498427e+47,1.98873611e+47,3.95665624e+48,2.44337969e+52,2.44409741e+52,-7.54576175e+51,2.06680933e+52,-4.11957801e+05,2.32929564e+05,-3.91691003e+06,-5.88945069e+05,-5.27886890e+04,6.74889744e+04,0.00000000e+00,3.65045582e+09
1.18800000e+04,3.06754950e+01,2.92044207e+33,-1.71709793e+39,-1.50996694e+38,2.17604980e+38,3.83526089e+47,4.38283453e+47,1.98463926e+47,3.96310348e+48,2.44414804e+52,2.44486684e+52,-7.56283958e+51,2.06672486e+52,-4.18567692e+05,2.33551199e+05,-3.91698225e+06,-5.87958223e+05,-5.17033688e+04,7.45109728e+04,0.00000000e+00,3.67535703e+09
1.18900000e+04,3.06862483e+01,2.92044241e+33,-1.71426077e+39,-1.47825438e+38,2.37741803e+38,3.83779399e+47,4.38084820e+47,1.98063752e+47,3.96853980e+48,2.44490449e+52,2.44562426e+52,-7.57936078e+51,2.06665622e+52,-4.25078702e+05,2.34191883e+05,-3.91699498e+06,-5.86986674e+05,-5.06174811e+04,8.14060919e+04,0.00000000e+00,3.69956985e+09
1.19000000e+04,3.06969529e+01,2.92044274e+33,-1.71140367e+39,-1.44609018e+38,2.57790303e+38,3.84031488e+47,4.37894660e+47,1.97666059e+47,3.97321674e+48,2.44566002e+52,2.44638072e+52,-7.59547846e+51,2.06660680e+52,-4.31561037e+05,2.34846671e+05,-3.91694854e+06,-5.86008297e+05,-4.95161284e+04,8.82709665e+04,0.00000000e+00,3.72329301e+09
1.19100000e+04,3.07076070e+01,2.92044305e+33,-1.70850530e+39,-1.41317168e+38,2.77721101e+38,3.84286153e+47,4.37707764e+47,1.97270508e+47,3.97737483e+48,2.44641387e+52,2.44713541e+52,-7.61116449e+51,2.06657719e+52,-4.38016173e+05,2.35525378e+05,-3.91685415e+06,-5.85015789e+05,-4.83889483e+04,9.50955373e+04,0.00000000e+00,3.74663331e+09
1.19200000e+04,3.07182271e+01,2.92044338e+33,-1.70553362e+39,-1.38025065e+38,2.97618461e+38,3.84518752e+47,4.37519195e+47,1.96873578e+47,3.98060931e+48,2.44716707e+52,2.44788941e+52,-7.62641698e+51,2.06656856e+52,-4.44451826e+05,2.36196477e+05,-3.91668949e+06,-5.83998181e+05,-4.72616817e+04,1.01908656e+05,0.00000000e+00,3.76923059e+09
1.19300000e+04,3.07288054e+01,2.92044371e+33,-1.70246461e+39,-1.34714038e+38,3.17433812e+38,3.84746071e+47,4.37329896e+47,1.96479497e+47,3.98329614e+48,2.44791857e+52,2.44864167e+52,-7.64119329e+51,2.06658201e+52,-4.50860406e+05,2.36859030e+05,-3.91646691e+06,-5.82947243e+05,-4.61279353e+04,1.08693693e+05,0.00000000e+00,3.79128517e+09
1.19400000e+04,3.07393438e+01,2.92044403e+33,-1.69926864e+39,-1.31456171e+38,3.37224109e+38,3.84964131e+47,4.37136816e+47,1.96093188e+47,3.98550983e+48,2.44866852e+52,2.44939235e+52,-7.65546758e+51,2.06661897e+52,-4.57241295e+05,2.37511270e+05,-3.91618582e+06,-5.81852836e+05,-4.50123920e+04,1.15470150e+05,0.00000000e+00,3.81273899e+09
1.19500000e+04,3.07498351e+01,2.92044435e+33,-1.69602975e+39,-1.28198077e+38,3.56901985e+38,3.85179505e+47,4.36939456e+47,1.95706405e+47,3.98732008e+48,2.44941609e+52,2.45014063e+52,-7.66920419e+51,2.06668042e+52,-4.63590557e+05,2.38153167e+05,-3.91584683e+06,-5.80743732e+05,-4.38967709e+04,1.22208110e+05,0.00000000e+00,3.83345238e+09
1.19600000e+04,3.07603010e+01,2.92044467e+33,-1.69270196e+39,-1.24950081e+38,3.76547349e+38,3.85383779e+47,4.36735620e+47,1.95313331e+47,3.98876121e+48,2.45016255e+52,2.45088776e+52,-7.68240625e+51,2.06676745e+52,-4.69920909e+05,2.38786858e+05,-3.91544931e+06,-5.79604187e+05,-4.27846082e+04,1.28934937e+05,0.00000000e+00,3.85343078e+09
1.19700000e+04,3.07708050e+01,2.92044499e+33,-1.68927402e+39,-1.21616261e+38,3.96269987e+38,3.85576521e+47,4.36518109e+47,1.94912726e+47,3.98998912e+48,2.45091147e+52,2.45163737e+52,-7.69512394e+51,2.06688117e+52,-4.76268610e+05,2.39412965e+05,-3.91498881e+06,-5.78430351e+05,-4.16430584e+04,1.35688222e+05,0.00000000e+00,3.87274835e+09
1.19800000e+04,3.07814040e+01,2.92044531e+33,-1.68582745e+39,-1.18497144e+38,4.16227500e+38,3.85776026e+47,4.36296733e+47,1.94509781e+47,3.99064973e+48,2.45166671e+52,2.45239324e+52,-7.70738685e+51,2.06702390e+52,-4.82665477e+05,2.40025883e+05,-3.91446034e+06,-5.77250134e+05,-4.05750258e+04,1.42521929e+05,0.00000000e+00,3.89139448e+09
1.19900000e+04,3.07921122e+01,2.92044565e+33,-1.68226193e+39,-1.15231229e+38,4.36350613e+38,3.85977553e+47,4.36071824e+47,1.94096793e+47,3.99123577e+48,2.45242905e+52,2.45315624e+52,-7.71916596e+51,2.06719794e+52,-4.89115035e+05,2.40619359e+05,-3.91386048e+06,-5.76029186e+05,-3.94567280e+04,1.49412339e+05,0.00000000e+00,3.90931680e+09
1.20000000e+04,3.08029242e+01,2.92044598e+33,-1.67860831e+39,-1.11992402e+38,4.56688449e+38,3.86182636e+47,4.35842286e+47,1.93674713e+47,3.99172779e+48,2.45319777e+52,2.45392562e+52,-7.73040824e+51,2.06740521e+52,-4.95607399e+05,2.41187808e+05,-3.91318818e+06,-5.74778071e+05,-3.83477053e+04,1.56376270e+05,0.00000000e+00,3.92645442e+09
1.20100000e+04,3.08138328e+01,2.92044633e+33,-1.67484830e+39,-1.08718518e+38,4.77225932e+38,3.86387615e+47,4.35603002e+47,1.93232643e+47,3.99221634e+48,2.45397215e+52,2.45470069e+52,-7.74106029e+51,2.06764767e+52,-5.02132316e+05,2.41727426e+05,-3.91244269e+06,-5.73490527e+05,-3.72266789e+04,1.63408561e+05,0.00000000e+00,3.94273664e+09
1.20200000e+04,3.08248469e+01,2.92044668e+33,-1.67096279e+39,-1.05418150e+38,4.97950867e+38,3.86594340e+47,4.35350686e+47,1.92776037e+47,3.99275994e+48,2.45475264e+52,2.45548190e+52,-7.75108440e+51,2.06792768e+52,-5.08692258e+05,2.42235634e+05,-3.91162045e+06,-5.72160007e+05,-3.60965845e+04,1.70505037e+05,0.00000000e+00,3.95811525e+09
1.20300000e+04,3.08359668e+01,2.92044703e+33,-1.66692466e+39,-1.02119438e+38,5.18869370e+38,3.86805576e+47,4.35095603e+47,1.92309735e+47,3.99343224e+48,2.45553835e+52,2.45626835e+52,-7.76043381e+51,2.06824666e+52,-5.15286329e+05,2.42712422e+05,-3.91071921e+06,-5.70777226e+05,-3.49670570e+04,1.77667790e+05,0.00000000e+00,3.97253920e+09
1.20400000e+04,3.08471200e+01,2.92044739e+33,-1.66282408e+39,-9.88431329e+37,5.39896639e+38,3.87015479e+47,4.34836984e+47,1.91847246e+47,3.99436556e+48,2.45632591e+52,2.45705669e+52,-7.76900734e+51,2.06860632e+52,-5.21871952e+05,2.43155163e+05,-3.90974514e+06,-5.69373062e+05,-3.38452023e+04,1.84867784e+05,0.00000000e+00,3.98584503e+09
1.20500000e+04,3.08580641e+01,2.92044774e+33,-1.65870147e+39,-9.56424801e+37,5.60506685e+38,3.87223493e+47,4.34575946e+47,1.91393197e+47,3.99566981e+48,2.45709667e+52,2.45782823e+52,-7.77661489e+51,2.06899749e+52,-5.28306166e+05,2.43565043e+05,-3.90872566e+06,-5.67961362e+05,-3.27492524e+04,1.91924916e+05,0.00000000e+00,3.99775336e+09
1.20600000e+04,3.08687902e+01,2.92044807e+33,-1.65453294e+39,-9.25016198e+37,5.80684880e+38,3.87440935e+47,4.34316665e+47,1.90941694e+47,3.99730112e+48,2.45784895e+52,2.45858130e+52,-7.78328016e+51,2.06941729e+52,-5.34583780e+05,2.43953924e+05,-3.90766524e+06,-5.66533934e+05,-3.16737766e+04,1.98834174e+05,0.00000000e+00,4.00837689e+09
1.20700000e+04,3.08793091e+01,2.92044839e+33,-1.65045541e+39,-8.94885223e+37,6.00350757e+38,3.87647034e+47,4.34062956e+47,1.90511519e+47,3.99920920e+48,2.45858638e+52,2.45931953e+52,-7.78904211e+51,2.06986742e+52,-5.40712663e+05,2.44326810e+05,-3.90656610e+06,-5.65137674e+05,-3.06420488e+04,2.05568007e+05,0.00000000e+00,4.01773203e+09
1.20800000e+04,3.08896228e+01,2.92044870e+33,-1.64631720e+39,-8.64790258e+37,6.19744906e+38,3.87879834e+47,4.33809166e+47,1.90082986e+47,4.00141848e+48,2.45930368e+52,2.46003762e+52,-7.79393447e+51,2.07034090e+52,-5.46695424e+05,2.44682707e+05,-3.90543071e+06,-5.63720637e+05,-2.96115544e+04,2.12208797e+05,0.00000000e+00,4.02578704e+09
1.20900000e+04,3.08997295e+01,2.92044900e+33,-1.64219819e+39,-8.35492918e+37,6.38747888e+38,3.88116568e+47,4.33557104e+47,1.89661563e+47,4.00393198e+48,2.46000477e+52,2.46073950e+52,-7.79799093e+51,2.07083996e+52,-5.52532925e+05,2.45024256e+05,-3.90426229e+06,-5.62310175e+05,-2.86083721e+04,2.18715645e+05,0.00000000e+00,4.03251945e+09
1.21000000e+04,3.09096504e+01,2.92044929e+33,-1.63810191e+39,-8.07140873e+37,6.57360231e+38,3.88350110e+47,4.33302836e+47,1.89252314e+47,4.00669836e+48,2.46069092e+52,2.46142646e+52,-7.80125455e+51,2.07136373e+52,-5.58237111e+05,2.45352351e+05,-3.90306112e+06,-5.60907499e+05,-2.76375582e+04,2.25088733e+05,0.00000000e+00,4.03803034e+09
1.21100000e+04,3.09194192e+01,2.92044957e+33,-1.63399445e+39,-7.79624392e+37,6.75677024e+38,3.88581457e+47,4.33048443e+47,1.88853013e+47,4.00970389e+48,2.46136320e+52,2.46209956e+52,-7.80376631e+51,2.07191124e+52,-5.63828362e+05,2.45667995e+05,-3.90182532e+06,-5.59500996e+05,-2.66953554e+04,2.31360620e+05,0.00000000e+00,4.04237515e+09
1.21200000e+04,3.09290768e+01,2.92044985e+33,-1.62988752e+39,-7.52798427e+37,6.93736546e+38,3.88802873e+47,4.32792833e+47,1.88463671e+47,4.01292483e+48,2.46202416e+52,2.46276133e+52,-7.80555974e+51,2.07248334e+52,-5.69330731e+05,2.45972046e+05,-3.90055121e+06,-5.58094681e+05,-2.57767970e+04,2.37544414e+05,0.00000000e+00,4.04559536e+09
1.21300000e+04,3.09386601e+01,2.92045012e+33,-1.62574573e+39,-7.26126052e+37,7.11650228e+38,3.89026267e+47,4.32532139e+47,1.88073946e+47,4.01636158e+48,2.46267777e+52,2.46341576e+52,-7.80665706e+51,2.07308291e+52,-5.74765056e+05,2.46264323e+05,-3.89923503e+06,-5.56676426e+05,-2.48634979e+04,2.43678269e+05,0.00000000e+00,4.04775074e+09
1.21400000e+04,3.09481885e+01,2.92045039e+33,-1.62157550e+39,-6.99718361e+37,7.29443159e+38,3.89244612e+47,4.32265993e+47,1.87688877e+47,4.02001512e+48,2.46332372e+52,2.46406254e+52,-7.80707061e+51,2.07370901e+52,-5.80143789e+05,2.46545339e+05,-3.89787502e+06,-5.55248434e+05,-2.39592620e+04,2.49770776e+05,0.00000000e+00,4.04875854e+09
1.21500000e+04,3.09576746e+01,2.92045065e+33,-1.61737014e+39,-6.73609391e+37,7.47129848e+38,3.89455475e+47,4.31996386e+47,1.87312433e+47,4.02388032e+48,2.46396274e+52,2.46470241e+52,-7.80680865e+51,2.07436198e+52,-5.85477442e+05,2.46819073e+05,-3.89646942e+06,-5.53808412e+05,-2.30652550e+04,2.55826904e+05,0.00000000e+00,4.04873914e+09
1.21600000e+04,3.09671318e+01,2.92045092e+33,-1.61316056e+39,-6.48982779e+37,7.64659546e+38,3.89639224e+47,4.31719842e+47,1.86943876e+47,4.02800901e+48,2.46459540e+52,2.46533595e+52,-7.80587725e+51,2.07504209e+52,-5.90775163e+05,2.47087898e+05,-3.89501649e+06,-5.52366947e+05,-2.22220060e+04,2.61829275e+05,0.00000000e+00,4.04776648e+09
1.21700000e+04,3.09765769e+01,2.92045117e+33,-1.60888443e+39,-6.21751600e+37,7.82261574e+38,3.89851202e+47,4.31436422e+47,1.86569734e+47,4.03236806e+48,2.46522250e+52,2.46596386e+52,-7.80427955e+51,2.07574989e+52,-5.96047860e+05,2.47357512e+05,-3.89352433e+06,-5.50902699e+05,-2.12895736e+04,2.67856413e+05,0.00000000e+00,4.04595720e+09
1.21800000e+04,3.09860384e+01,2.92045143e+33,-1.60456151e+39,-5.95338513e+37,7.99859306e+38,3.90039466e+47,4.31148438e+47,1.86194376e+47,4.03683667e+48,2.46584600e+52,2.46658823e+52,-7.80201642e+51,2.07648741e+52,-6.01314404e+05,2.47623740e+05,-3.89196758e+06,-5.49422427e+05,-2.03851537e+04,2.73882078e+05,0.00000000e+00,4.04272788e+09
1.21900000e+04,3.09955161e+01,2.92045170e+33,-1.60016689e+39,-5.70193416e+37,8.17544533e+38,3.90227163e+47,4.30857797e+47,1.85807059e+47,4.04148314e+48,2.46646681e+52,2.46720993e+52,-7.79908406e+51,2.07725572e+52,-6.06570862e+05,2.47884607e+05,-3.89035630e+06,-5.47917602e+05,-1.95241516e+04,2.79937701e+05,0.00000000e+00,4.03847779e+09
1.22000000e+04,3.10049795e+01,2.92045196e+33,-1.59577183e+39,-5.44148094e+37,8.35113128e+38,3.90412171e+47,4.30570331e+47,1.85424811e+47,4.04629833e+48,2.46708112e+52,2.46782511e+52,-7.79549665e+51,2.07805028e+52,-6.11798821e+05,2.48138147e+05,-3.88869595e+06,-5.46412628e+05,-1.86323248e+04,2.85953386e+05,0.00000000e+00,4.03325839e+09
1.22100000e+04,3.10143953e+01,2.92045223e+33,-1.59134646e+39,-5.18952858e+37,8.52571328e+38,3.90582485e+47,4.30285402e+47,1.85046688e+47,4.05124255e+48,2.46768708e+52,2.46843194e+52,-7.79128080e+51,2.07886790e+52,-6.16979163e+05,2.48383951e+05,-3.88699403e+06,-5.44897274e+05,-1.77696061e+04,2.91931270e+05,0.00000000e+00,4.02709104e+09
1.22200000e+04,3.10237838e+01,2.92045249e+33,-1.58686701e+39,-4.94815949e+37,8.69919684e+38,3.90733331e+47,4.30003053e+47,1.84673924e+47,4.05623601e+48,2.46828603e+52,2.46903174e+52,-7.78644513e+51,2.07970948e+52,-6.22123318e+05,2.48622632e+05,-3.88524747e+06,-5.43363406e+05,-1.69431261e+04,2.97871541e+05,0.00000000e+00,4.01993807e+09
1.22300000e+04,3.10331818e+01,2.92045275e+33,-1.58236259e+39,-4.70608561e+37,8.87254024e+38,3.90880332e+47,4.29725264e+47,1.84307123e+47,4.06123911e+48,2.46888094e+52,2.46962749e+52,-7.78098374e+51,2.08057830e+52,-6.27251160e+05,2.48855016e+05,-3.88344832e+06,-5.41820985e+05,-1.61142330e+04,3.03807012e+05,0.00000000e+00,4.01179722e+09
1.22400000e+04,3.10423838e+01,2.92045300e+33,-1.57792614e+39,-4.46900008e+37,9.04181178e+38,3.91022385e+47,4.29456627e+47,1.83952689e+47,4.06623286e+48,2.46945825e+52,2.47020560e+52,-7.77504473e+51,2.08145337e+52,-6.32250106e+05,2.49074891e+05,-3.88164087e+06,-5.40301842e+05,-1.53024208e+04,3.09603057e+05,0.00000000e+00,4.00298014e+09
1.22500000e+04,3.10512540e+01,2.92045324e+33,-1.57359735e+39,-4.24080397e+37,9.20462635e+38,3.91159330e+47,4.29198563e+47,1.83613809e+47,4.07103658e+48,2.47000955e+52,2.47075764e+52,-7.76877880e+51,2.08231870e+52,-6.37047876e+05,2.49279708e+05,-3.87986006e+06,-5.38819567e+05,-1.45210474e+04,3.15178009e+05,0.00000000e+00,3.99377807e+09
1.22600000e+04,3.10598083e+01,2.92045346e+33,-1.56937914e+39,-4.02169767e+37,9.36154134e+38,3.91289241e+47,4.28949856e+47,1.83288969e+47,4.07558013e+48,2.47053635e+52,2.47128511e+52,-7.76224669e+51,2.08317277e+52,-6.41656640e+05,2.49471951e+05,-3.87810733e+06,-5.37375158e+05,-1.37707987e+04,3.20550951e+05,0.00000000e+00,3.98421303e+09
1.22700000e+04,3.10680615e+01,2.92045366e+33,-1.56527543e+39,-3.81280118e+37,9.51281075e+38,3.91411486e+47,4.28711911e+47,1.82976573e+47,4.07981669e+48,2.47104005e+52,2.47178940e+52,-7.75550194e+51,2.08401430e+52,-6.46087239e+05,2.49652671e+05,-3.87638376e+06,-5.35969957e+05,-1.30555099e+04,3.25730583e+05,0.00000000e+00,3.97433619e+09
1.22800000e+04,3.10760304e+01,2.92045386e+33,-1.56125856e+39,-3.61332054e+37,9.65887769e+38,3.91526928e+47,4.28477882e+47,1.82673162e+47,4.08371060e+48,2.47152211e+52,2.47227199e+52,-7.74858884e+51,2.08484255e+52,-6.50351121e+05,2.49822647e+05,-3.87468960e+06,-5.34594497e+05,-1.23724623e+04,3.30732077e+05,0.00000000e+00,3.96421585e+09
1.22900000e+04,3.10837292e+01,2.92045404e+33,-1.55733314e+39,-3.42346150e+37,9.79978279e+38,3.91634414e+47,4.28250570e+47,1.82381708e+47,4.08726155e+48,2.47198382e+52,2.47273416e+52,-7.74154678e+51,2.08565682e+52,-6.54457186e+05,2.49983087e+05,-3.87302439e+06,-5.33250352e+05,-1.17223605e+04,3.35556823e+05,0.00000000e+00,3.95391767e+09
1.23000000e+04,3.10911710e+01,2.92045421e+33,-1.55350834e+39,-3.24236248e+37,9.93581943e+38,3.91734683e+47,4.28033277e+47,1.82100611e+47,4.09046084e+48,2.47242630e+52,2.47317705e+52,-7.73441003e+51,2.08645655e+52,-6.58415233e+05,2.50134197e+05,-3.87138790e+06,-5.31940661e+05,-1.11022541e+04,3.40214868e+05,0.00000000e+00,3.94349682e+09
1.23100000e+04,3.10983623e+01,2.92045437e+33,-1.54978423e+39,-3.06961520e+37,1.00672426e+39,3.91827686e+47,4.27824713e+47,1.81827132e+47,4.09330454e+48,2.47285036e+52,2.47360145e+52,-7.72721405e+51,2.08724075e+52,-6.62230620e+05,2.50275601e+05,-3.86978146e+06,-5.30665451e+05,-1.05107453e+04,3.44714941e+05,0.00000000e+00,3.93300582e+09
1.23200000e+04,3.11053017e+01,2.92045452e+33,-1.54615416e+39,-2.90543873e+37,1.01939829e+39,3.91913363e+47,4.27622858e+47,1.81562595e+47,4.09579819e+48,2.47325625e+52,2.47400762e+52,-7.71999877e+51,2.08800768e+52,-6.65902994e+05,2.50408069e+05,-3.86820778e+06,-5.29422441e+05,-9.94858405e+03,3.49054671e+05,0.00000000e+00,3.92250417e+09
1.23300000e+04,3.11119981e+01,2.92045466e+33,-1.54263114e+39,-2.75169553e+37,1.03160970e+39,3.91992490e+47,4.27427155e+47,1.81303481e+47,4.09794028e+48,2.47364483e+52,2.47439644e+52,-7.71279061e+51,2.08875691e+52,-6.69438014e+05,2.50532320e+05,-3.86666733e+06,-5.28216091e+05,-9.42214773e+03,3.53235991e+05,0.00000000e+00,3.91203161e+09
1.23400000e+04,3.11184943e+01,2.92045480e+33,-1.53915781e+39,-2.60015618e+37,1.04346644e+39,3.92063821e+47,4.27235564e+47,1.81060505e+47,4.09973228e+48,2.47401896e+52,2.47477074e+52,-7.70557424e+51,2.08949203e+52,-6.72860052e+05,2.50649720e+05,-3.86515186e+06,-5.27026754e+05,-8.90325773e+03,3.57295870e+05,0.00000000e+00,3.90155387e+09
1.23500000e+04,3.11248536e+01,2.92045493e+33,-1.53574413e+39,-2.45459919e+37,1.05505474e+39,3.92135698e+47,4.27049099e+47,1.80822110e+47,4.10119059e+48,2.47438248e+52,2.47513439e+52,-7.69830247e+51,2.09021927e+52,-6.76203910e+05,2.50761836e+05,-3.86364704e+06,-5.25857842e+05,-8.40485215e+03,3.61263834e+05,0.00000000e+00,3.89098677e+09
1.23600000e+04,3.11310951e+01,2.92045505e+33,-1.53237565e+39,-2.31339745e+37,1.06641970e+39,3.92206536e+47,4.26866931e+47,1.80585900e+47,4.10232536e+48,2.47473666e+52,2.47548866e+52,-7.69097124e+51,2.09094010e+52,-6.79480339e+05,2.50869118e+05,-3.86214872e+06,-5.24704411e+05,-7.92135954e+03,3.65155321e+05,0.00000000e+00,3.88032203e+09
1.23700000e+04,3.11372177e+01,2.92045517e+33,-1.52905438e+39,-2.17662498e+37,1.07755641e+39,3.92274253e+47,4.26689872e+47,1.80351161e+47,4.10314787e+48,2.47508157e+52,2.47583360e+52,-7.68359808e+51,2.09165370e+52,-6.82688759e+05,2.50971117e+05,-3.86065855e+06,-5.23567146e+05,-7.45303333e+03,3.68968652e+05,0.00000000e+00,3.86959177e+09
1.23800000e+04,3.11432055e+01,2.92045529e+33,-1.52576620e+39,-2.04280590e+37,1.08844211e+39,3.92337954e+47,4.26518379e+47,1.80124044e+47,4.10366740e+48,2.47541649e+52,2.47616853e+52,-7.67621807e+51,2.09235763e+52,-6.85821233e+05,2.51067758e+05,-3.85918198e+06,-5.22441212e+05,-6.99481996e+03,3.72696037e+05,0.00000000e+00,3.85885509e+09
1.23900000e+04,3.11490503e+01,2.92045540e+33,-1.52253132e+39,-1.91284008e+37,1.09905948e+39,3.92398639e+47,4.26351358e+47,1.79903315e+47,4.10389271e+48,2.47574122e+52,2.47649321e+52,-7.66885753e+51,2.09305034e+52,-6.88874027e+05,2.51158878e+05,-3.85772256e+06,-5.21333530e+05,-6.54980068e+03,3.76331541e+05,0.00000000e+00,3.84815606e+09
1.24000000e+04,3.11547487e+01,2.92045551e+33,-1.51935209e+39,-1.78722633e+37,1.10939929e+39,3.92457230e+47,4.26189369e+47,1.79689914e+47,4.10383206e+48,2.47605566e+52,2.47680756e+52,-7.66153691e+51,2.09373072e+52,-6.91846130e+05,2.51244669e+05,-3.85628291e+06,-5.20244904e+05,-6.11968347e+03,3.79872005e+05,0.00000000e+00,3.83752634e+09
1.24100000e+04,3.11602922e+01,2.92045561e+33,-1.51623739e+39,-1.66539033e+37,1.11945040e+39,3.92512247e+47,4.26033462e+47,1.79483992e+47,4.10350447e+48,2.47635952e+52,2.47711131e+52,-7.65428243e+51,2.09439719e+52,-6.94733891e+05,2.51324928e+05,-3.85486668e+06,-5.19178372e+05,-5.70250176e+03,3.83313616e+05,0.00000000e+00,3.82700199e+09
1.24200000e+04,3.11656780e+01,2.92045571e+33,-1.51320237e+39,-1.54883690e+37,1.12920158e+39,3.92565585e+47,4.25882741e+47,1.79284425e+47,4.10293976e+48,2.47665283e+52,2.47740446e+52,-7.64711295e+51,2.09504881e+52,-6.97536245e+05,2.51399316e+05,-3.85347624e+06,-5.18139126e+05,-5.30340829e+03,3.86652529e+05,0.00000000e+00,3.81660788e+09
1.24300000e+04,3.11709043e+01,2.92045580e+33,-1.51025414e+39,-1.43748500e+37,1.13864627e+39,3.92614712e+47,4.25737199e+47,1.79094085e+47,4.10215290e+48,2.47693571e+52,2.47768716e+52,-7.64004529e+51,2.09568490e+52,-7.00252629e+05,2.51468454e+05,-3.85211359e+06,-5.17129600e+05,-4.92212552e+03,3.89886492e+05,0.00000000e+00,3.80637030e+09
1.24400000e+04,3.11759629e+01,2.92045589e+33,-1.50739582e+39,-1.33019699e+37,1.14777817e+39,3.92660683e+47,4.25598474e+47,1.78913755e+47,4.10115241e+48,2.47720781e+52,2.47795905e+52,-7.63310399e+51,2.09630385e+52,-7.02879281e+05,2.51532916e+05,-3.85078238e+06,-5.16150862e+05,-4.55475805e+03,3.93013356e+05,0.00000000e+00,3.79632954e+09
1.24500000e+04,3.11808567e+01,2.92045597e+33,-1.50459835e+39,-1.22526197e+37,1.15661932e+39,3.92707947e+47,4.25464716e+47,1.78736760e+47,4.09996282e+48,2.47746950e+52,2.47822051e+52,-7.62629822e+51,2.09690560e+52,-7.05418068e+05,2.51592821e+05,-3.84948315e+06,-5.15192960e+05,-4.19544752e+03,3.96040665e+05,0.00000000e+00,3.78650392e+09
1.24600000e+04,3.11855440e+01,2.92045604e+33,-1.50189797e+39,-1.12584906e+37,1.16507824e+39,3.92751620e+47,4.25336871e+47,1.78566574e+47,4.09862374e+48,2.47771873e+52,2.47846948e+52,-7.61969868e+51,2.09748455e+52,-7.07847701e+05,2.51648020e+05,-3.84822850e+06,-5.14268301e+05,-3.85504539e+03,3.98937091e+05,0.00000000e+00,3.77700265e+09
1.24700000e+04,3.11900031e+01,2.92045611e+33,-1.49931346e+39,-1.03244939e+37,1.17311840e+39,3.92792274e+47,4.25215190e+47,1.78404113e+47,4.09716026e+48,2.47795456e+52,2.47870503e+52,-7.61334926e+51,2.09803757e+52,-7.10157362e+05,2.51698722e+05,-3.84702592e+06,-5.13383322e+05,-3.53523338e+03,4.01690132e+05,0.00000000e+00,3.76789348e+09
1.24800000e+04,3.11942267e+01,2.92045618e+33,-1.49685414e+39,-9.45059719e+36,1.18072702e+39,3.92829919e+47,4.25100072e+47,1.78250444e+47,4.09559460e+48,2.47817679e+52,2.47892697e+52,-7.60727367e+51,2.09856329e+52,-7.12343679e+05,2.51745334e+05,-3.84587905e+06,-5.12541209e+05,-3.23600034e+03,4.04295408e+05,0.00000000e+00,3.75920470e+09
1.24900000e+04,3.11982188e+01,2.92045624e+33,-1.49452016e+39,-8.63053473e+36,1.18791359e+39,3.92864755e+47,4.24991134e+47,1.78106271e+47,4.09395092e+48,2.47838582e+52,2.47913570e+52,-7.60147798e+51,2.09906181e+52,-7.14408989e+05,2.51788206e+05,-3.84478803e+06,-5.11742017e+05,-2.95520084e+03,4.06756171e+05,0.00000000e+00,3.75093898e+09
1.25000000e+04,3.12020536e+01,2.92045629e+33,-1.49226896e+39,-7.84844223e+36,1.19481826e+39,3.92898485e+47,4.24886493e+47,1.77968664e+47,4.09220016e+48,2.47858605e+52,2.47933563e+52,-7.59586391e+51,2.09954243e+52,-7.16392003e+05,2.51828494e+05,-3.84373304e+06,-5.10971168e+05,-2.68740274e+03,4.09120404e+05,0.00000000e+00,3.74294235e+09
1.25100000e+04,3.12057649e+01,2.92045634e+33,-1.49008468e+39,-7.09545306e+36,1.20149894e+39,3.92931766e+47,4.24785637e+47,1.77836486e+47,4.09034359e+48,2.47877939e+52,2.47952864e+52,-7.59038869e+51,2.10000921e+52,-7.18310227e+05,2.51866774e+05,-3.84270507e+06,-5.10223234e+05,-2.42956998e+03,4.11407943e+05,0.00000000e+00,3.73513983e+09
1.25200000e+04,3.12093767e+01,2.92045639e+33,-1.48795834e+39,-6.36445388e+36,1.20799318e+39,3.92963338e+47,4.24688126e+47,1.77708153e+47,4.08838196e+48,2.47896675e+52,2.47971568e+52,-7.58502198e+51,2.10046458e+52,-7.20176078e+05,2.51903375e+05,-3.84169789e+06,-5.09495140e+05,-2.17926688e+03,4.13631643e+05,0.00000000e+00,3.72748485e+09
1.25300000e+04,3.12129298e+01,2.92045644e+33,-1.48586509e+39,-5.64761352e+36,1.21437433e+39,3.92993732e+47,4.24592594e+47,1.77582092e+47,4.08629865e+48,2.47915032e+52,2.47989889e+52,-7.57970704e+51,2.10091354e+52,-7.22010573e+05,2.51938777e+05,-3.84070033e+06,-5.08778378e+05,-1.93381194e+03,4.15816623e+05,0.00000000e+00,3.71989004e+09
1.25400000e+04,3.12164456e+01,2.92045648e+33,-1.48378917e+39,-4.94055967e+36,1.22068201e+39,3.93023342e+47,4.24498593e+47,1.77457738e+47,4.08409087e+48,2.47933122e+52,2.48007943e+52,-7.57441429e+51,2.10135871e+52,-7.23824903e+05,2.51973176e+05,-3.83970646e+06,-5.08067549e+05,-1.69170802e+03,4.17976442e+05,0.00000000e+00,3.71231224e+09
1.25500000e+04,3.12199392e+01,2.92045653e+33,-1.48171984e+39,-4.24278554e+36,1.22694070e+39,3.93052084e+47,4.24405530e+47,1.77334509e+47,4.08175321e+48,2.47951025e+52,2.48025808e+52,-7.56912322e+51,2.10180192e+52,-7.25626761e+05,2.52006735e+05,-3.83871206e+06,-5.07358976e+05,-1.45278161e+03,4.20119489e+05,0.00000000e+00,3.70472627e+09
1.25600000e+04,3.12234214e+01,2.92045658e+33,-1.47965174e+39,-3.54951292e+36,1.23317137e+39,3.93080173e+47,4.24312512e+47,1.77212610e+47,4.07928179e+48,2.47968798e+52,2.48043543e+52,-7.56381890e+51,2.10224448e+52,-7.27421653e+05,2.52039661e+05,-3.83771407e+06,-5.06650826e+05,-1.21539658e+03,4.22252938e+05,0.00000000e+00,3.69711410e+09
1.25700000e+04,3.12268977e+01,2.92045662e+33,-1.47758217e+39,-2.85274733e+36,1.23938666e+39,3.93108247e+47,4.24218934e+47,1.77092058e+47,4.07667580e+48,2.47986472e+52,2.48061175e+52,-7.55849419e+51,2.10268704e+52,-7.29212408e+05,2.52071847e+05,-3.83671094e+06,-5.05942175e+05,-9.76815512e+02,4.24381122e+05,0.00000000e+00,3.68946818e+09
1.25800000e+04,3.12303732e+01,2.92045667e+33,-1.47553598e+39,-2.37247969e+36,1.24551575e+39,3.93107824e+47,4.24126376e+47,1.76978762e+47,4.07394028e+48,2.48004062e+52,2.48078729e+52,-7.55314234e+51,2.10313017e+52,-7.31001590e+05,2.52103383e+05,-3.83570125e+06,-5.05241524e+05,-8.12365997e+02,4.26479793e+05,0.00000000e+00,3.68178099e+09
1.25900000e+04,3.12338600e+01,2.92045672e+33,-1.47344707e+39,-1.67599006e+36,1.25175026e+39,3.93137669e+47,4.24031378e+47,1.76859102e+47,4.07107512e+48,2.48021653e+52,2.48096272e+52,-7.54774585e+51,2.10357543e+52,-7.32795224e+05,2.52134579e+05,-3.83468135e+06,-5.04526248e+05,-5.73879438e+02,4.28614558e+05,0.00000000e+00,3.67402837e+09
1.26000000e+04,3.12373714e+01,2.92045676e+33,-1.47135459e+39,-9.99449368e+35,1.25799412e+39,3.93161510e+47,4.23935992e+47,1.76742503e+47,4.06802213e+48,2.48039298e+52,2.48113870e+52,-7.54228477e+51,2.10402446e+52,-7.34600106e+05,2.52165137e+05,-3.83364714e+06,-5.03809749e+05,-3.42223648e+02,4.30752524e+05,0.00000000e+00,3.66618075e+09
1.26100000e+04,3.12409000e+01,2.92045681e+33,-1.46923304e+39,-3.14025307e+35,1.26430690e+39,3.93191180e+47,4.23839140e+47,1.76624142e+47,4.06481370e+48,2.48056957e+52,2.48131481e+52,-7.53677101e+51,2.10447626e+52,-7.36412405e+05,2.52195026e+05,-3.83260059e+06,-5.03083296e+05,-1.07526092e+02,4.32914090e+05,0.00000000e+00,3.65825587e+09
1.26200000e+04,3.12444413e+01,2.92045686e+33,-1.46709438e+39,3.64190319e+35,1.27058122e+39,3.93212535e+47,4.23740726e+47,1.76505771e+47,4.06143533e+48,2.48074613e+52,2.48149086e+52,-7.53121257e+51,2.10493024e+52,-7.38229782e+05,2.52224145e+05,-3.83154308e+06,-5.02350984e+05,1.24703201e+02,4.35062487e+05,0.00000000e+00,3.65026710e+09
1.26300000e+04,3.12480204e+01,2.92045691e+33,-1.46492238e+39,1.00635046e+36,1.27693104e+39,3.93233110e+47,4.23640299e+47,1.76386118e+47,4.05792057e+48,2.48092386e+52,2.48166807e+52,-7.52557014e+51,2.10538957e+52,-7.40065147e+05,2.52252585e+05,-3.83046813e+06,-5.01607257e+05,3.44586649e+02,4.37236734e+05,0.00000000e+00,3.64217977e+09
1.26400000e+04,3.12516070e+01,2.92045695e+33,-1.46273664e+39,1.69252260e+36,1.28329298e+39,3.93259512e+47,4.23538862e+47,1.76265496e+47,4.05421190e+48,2.48110127e+52,2.48184495e+52,-7.51989322e+51,2.10585029e+52,-7.41903098e+05,2.52280293e+05,-3.82938240e+06,-5.00858827e+05,5.79540334e+02,4.39415134e+05,0.00000000e+00,3.63402910e+09
1.26500000e+04,3.12551708e+01,2.92045700e+33,-1.46055824e+39,2.36064998e+36,1.28960527e+39,3.93285196e+47,4.23438155e+47,1.76145552e+47,4.05041468e+48,2.48127703e+52,2.48202016e+52,-7.51423023e+51,2.10630865e+52,-7.43727963e+05,2.52307124e+05,-3.82829624e+06,-5.00112907e+05,8.08315267e+02,4.41576529e+05,0.00000000e+00,3.62589973e+09
1.26600000e+04,3.12587071e+01,2.92045705e+33,-1.45839209e+39,3.01722002e+36,1.29586216e+39,3.93310540e+47,4.23338159e+47,1.76025992e+47,4.04652126e+48,2.48145088e+52,2.48219345e+52,-7.50859057e+51,2.10676392e+52,-7.45537082e+05,2.52333296e+05,-3.82721149e+06,-4.99371183e+05,1.03313282e+03,4.43718957e+05,0.00000000e+00,3.61781510e+09
1.26700000e+04,3.12622144e+01,2.92045710e+33,-1.45623861e+39,3.65303183e+36,1.30206295e+39,3.93334569e+47,4.23237718e+47,1.75908658e+47,4.04252768e+48,2.48162275e+52,2.48236475e+52,-7.50297800e+51,2.10721585e+52,-7.47329834e+05,2.52358945e+05,-3.82612880e+06,-4.98633796e+05,1.25084249e+03,4.45842176e+05,0.00000000e+00,3.60978341e+09
1.26800000e+04,3.12656932e+01,2.92045714e+33,-1.45409682e+39,4.27746943e+36,1.30820928e+39,3.93358230e+47,4.23138568e+47,1.75792976e+47,4.03844708e+48,2.48179260e+52,2.48253402e+52,-7.49739348e+51,2.10766435e+52,-7.49106612e+05,2.52384056e+05,-3.82504824e+06,-4.97900415e+05,1.46465749e+03,4.47946748e+05,0.00000000e+00,3.60180584e+09
1.26900000e+04,3.12691483e+01,2.92045719e+33,-1.45196348e+39,4.88953726e+36,1.31430808e+39,3.93381611e+47,4.23040194e+47,1.75678103e+47,4.03426660e+48,2.48196068e+52,2.48270151e+52,-7.49183093e+51,2.10810996e+52,-7.50869965e+05,2.52408901e+05,-3.82396848e+06,-4.97169923e+05,1.67423692e+03,4.50035045e+05,0.00000000e+00,3.59387231e+09
1.27000000e+04,3.12725916e+01,2.92045723e+33,-1.44983164e+39,5.49502675e+36,1.32037981e+39,3.93405013e+47,4.22941364e+47,1.75563335e+47,4.02996821e+48,2.48212758e+52,2.48286781e+52,-7.48627251e+51,2.10855418e+52,-7.52626113e+05,2.52433611e+05,-3.82288579e+06,-4.96439949e+05,1.88156385e+03,4.52114070e+05,0.00000000e+00,3.58595473e+09
1.27100000e+04,3.12760394e+01,2.92045728e+33,-1.44769083e+39,6.09167137e+36,1.32645111e+39,3.93428027e+47,4.22841629e+47,1.75448016e+47,4.02552942e+48,2.48229412e+52,2.48303373e+52,-7.48069292e+51,2.10899908e+52,-7.54383450e+05,2.52458194e+05,-3.82179485e+06,-4.95706901e+05,2.08586218e+03,4.54192951e+05,0.00000000e+00,3.57801406e+09
1.27200000e+04,3.12795183e+01,2.92045733e+33,-1.44552511e+39,6.68173097e+36,1.33256766e+39,3.93450725e+47,4.22740594e+47,1.75331160e+47,4.02091190e+48,2.48246196e+52,2.48320093e+52,-7.47505029e+51,2.10944841e+52,-7.56155470e+05,2.52482888e+05,-3.82068685e+06,-4.94965327e+05,2.28790570e+03,4.56287326e+05,0.00000000e+00,3.56998746e+09
1.27300000e+04,3.12830550e+01,2.92045737e+33,-1.44331941e+39,7.27104487e+36,1.33877822e+39,3.93473631e+47,4.22637639e+47,1.75211678e+47,4.01607450e+48,2.48263197e+52,2.48337027e+52,-7.46930203e+51,2.10990517e+52,-7.57955716e+05,2.52507804e+05,-3.81955265e+06,-4.94210057e+05,2.48969389e+03,4.58413887e+05,0.00000000e+00,3.56181118e+09
1.27400000e+04,3.12866618e+01,2.92045742e+33,-1.44106750e+39,7.86182158e+36,1.34510488e+39,3.93496953e+47,4.22531976e+47,1.75089498e+47,4.01099393e+48,2.48280473e+52,2.48354233e+52,-7.46342855e+51,2.11037090e+52,-7.59790510e+05,2.52533095e+05,-3.81838769e+06,-4.93438968e+05,2.69198295e+03,4.60580204e+05,0.00000000e+00,3.55345649e+09
1.27500000e+04,3.12903348e+01,2.92045747e+33,-1.43877252e+39,8.45625753e+36,1.35154005e+39,3.93520539e+47,4.22423684e+47,1.74964777e+47,4.00567428e+48,2.48298000e+52,2.48371687e+52,-7.45743678e+51,2.11084504e+52,-7.61657700e+05,2.52558723e+05,-3.81719274e+06,-4.92653133e+05,2.89552497e+03,4.62783677e+05,0.00000000e+00,3.54493519e+09
1.27600000e+04,3.12940633e+01,2.92045752e+33,-1.43643850e+39,9.05460262e+36,1.35806631e+39,3.93544557e+47,4.22313122e+47,1.74838502e+47,4.00012614e+48,2.48315726e+52,2.48389339e+52,-7.45134478e+51,2.11132615e+52,-7.63551707e+05,2.52584462e+05,-3.81597100e+06,-4.91853927e+05,3.10040552e+03,4.65018341e+05,0.00000000e+00,3.53627698e+09
1.27700000e+04,3.12978361e+01,2.92045758e+33,-1.43407051e+39,9.65536351e+36,1.36466628e+39,3.93569238e+47,4.22200835e+47,1.74711239e+47,3.99436182e+48,2.48333596e+52,2.48407131e+52,-7.44517172e+51,2.11181272e+52,-7.65466677e+05,2.52610176e+05,-3.81472591e+06,-4.91043089e+05,3.30611325e+03,4.67278243e+05,0.00000000e+00,3.52751439e+09
1.27800000e+04,3.13016483e+01,2.92045763e+33,-1.43166982e+39,1.02573789e+37,1.37132994e+39,3.93594949e+47,4.22086343e+47,1.74582534e+47,3.98838310e+48,2.48351584e+52,2.48425040e+52,-7.43892687e+51,2.11230406e+52,-7.67399869e+05,2.52635895e+05,-3.81345880e+06,-4.90221055e+05,3.51225056e+03,4.69559952e+05,0.00000000e+00,3.51866395e+09
1.27900000e+04,3.13054970e+01,2.92045769e+33,-1.42923754e+39,1.08593338e+37,1.37805446e+39,3.93621379e+47,4.21970403e+47,1.74452916e+47,3.98219595e+48,2.48369678e+52,2.48443052e+52,-7.43261571e+51,2.11279973e+52,-7.69349783e+05,2.52661727e+05,-3.81217035e+06,-4.89388203e+05,3.71836711e+03,4.71862499e+05,0.00000000e+00,3.50973443e+09
1.28000000e+04,3.13093743e+01,2.92045774e+33,-1.42678054e+39,1.14591003e+37,1.38482755e+39,3.93648571e+47,4.21853867e+47,1.74323954e+47,3.97581536e+48,2.48387839e+52,2.48461128e+52,-7.42625280e+51,2.11329864e+52,-7.71312215e+05,2.52687875e+05,-3.81086321e+06,-4.88546887e+05,3.92373432e+03,4.74181679e+05,0.00000000e+00,3.50074766e+09
1.28100000e+04,3.13132710e+01,2.92045780e+33,-1.42430549e+39,1.20519337e+37,1.39163560e+39,3.93676573e+47,4.21737314e+47,1.74196297e+47,3.96925439e+48,2.48406042e+52,2.48479245e+52,-7.41985433e+51,2.11379973e+52,-7.73282413e+05,2.52714345e+05,-3.80954045e+06,-4.87699390e+05,4.12672757e+03,4.76512828e+05,0.00000000e+00,3.49172876e+09
1.28200000e+04,3.13171793e+01,2.92045785e+33,-1.42181721e+39,1.26351234e+37,1.39846425e+39,3.93705749e+47,4.21621131e+47,1.74069748e+47,3.96252435e+48,2.48424237e+52,2.48497352e+52,-7.41343452e+51,2.11430179e+52,-7.75256342e+05,2.52741220e+05,-3.80820474e+06,-4.86847364e+05,4.32641868e+03,4.78851029e+05,0.00000000e+00,3.48269921e+09
1.28300000e+04,3.13210627e+01,2.92045791e+33,-1.41934131e+39,1.32058195e+37,1.40524624e+39,3.93735205e+47,4.21506183e+47,1.73945426e+47,3.95569492e+48,2.48442250e+52,2.48515275e+52,-7.40705458e+51,2.11480002e+52,-7.77215698e+05,2.52768419e+05,-3.80686885e+06,-4.85999577e+05,4.52183181e+03,4.81173254e+05,0.00000000e+00,3.47374667e+09
1.28400000e+04,3.13248494e+01,2.92045796e+33,-1.41692635e+39,1.37574934e+37,1.41185170e+39,3.93765083e+47,4.21393218e+47,1.73825105e+47,3.94890870e+48,2.48459751e+52,2.48532688e+52,-7.40083396e+51,2.11528518e+52,-7.79124368e+05,2.52795670e+05,-3.80555850e+06,-4.85172658e+05,4.71073154e+03,4.83435037e+05,0.00000000e+00,3.46504636e+09
1.28500000e+04,3.13285665e+01,2.92045801e+33,-1.41455693e+39,1.42933223e+37,1.41832856e+39,3.93795384e+47,4.21281305e+47,1.73707265e+47,3.94210806e+48,2.48476873e+52,2.48549720e+52,-7.39472918e+51,2.11576074e+52,-7.80996483e+05,2.52823227e+05,-3.80426470e+06,-4.84361331e+05,4.89420571e+03,4.85652783e+05,0.00000000e+00,3.45653606e+09
1.28600000e+04,3.13322399e+01,2.92045806e+33,-1.41221590e+39,1.48148361e+37,1.42472626e+39,3.93826840e+47,4.21170274e+47,1.73591043e+47,3.93524712e+48,2.48493735e+52,2.48566493e+52,-7.38869942e+51,2.11622996e+52,-7.82845247e+05,2.52851504e+05,-3.80297864e+06,-4.83559727e+05,5.07277823e+03,4.87843423e+05,0.00000000e+00,3.44815053e+09
1.28700000e+04,3.13358739e+01,2.92045811e+33,-1.40989456e+39,1.53214970e+37,1.43105367e+39,3.93860065e+47,4.21060633e+47,1.73476067e+47,3.92832625e+48,2.48510362e+52,2.48583030e+52,-7.38273845e+51,2.11669338e+52,-7.84672898e+05,2.52880620e+05,-3.80169894e+06,-4.82764861e+05,5.24626492e+03,4.90009998e+05,0.00000000e+00,3.43987551e+09
1.28800000e+04,3.13394539e+01,2.92045816e+33,-1.40760420e+39,1.58145172e+37,1.43728447e+39,3.93894030e+47,4.20952919e+47,1.73363401e+47,3.92138349e+48,2.48526688e+52,2.48599267e+52,-7.37687115e+51,2.11714911e+52,-7.86472049e+05,2.52910577e+05,-3.80043116e+06,-4.81980609e+05,5.41508090e+03,4.92143488e+05,0.00000000e+00,3.43174435e+09
1.28900000e+04,3.13429529e+01,2.92045821e+33,-1.40536480e+39,1.62905285e+37,1.44336837e+39,3.93926490e+47,4.20847185e+47,1.73254169e+47,3.91448299e+48,2.48542595e+52,2.48615084e+52,-7.37114255e+51,2.11759372e+52,-7.88229200e+05,2.52941236e+05,-3.79918539e+06,-4.81213804e+05,5.57807281e+03,4.94226681e+05,0.00000000e+00,3.42382135e+09
1.29000000e+04,3.13463391e+01,2.92045825e+33,-1.40319718e+39,1.67466417e+37,1.44924735e+39,3.93957245e+47,4.20743841e+47,1.73149132e+47,3.90769810e+48,2.48557944e+52,2.48630345e+52,-7.36560494e+51,2.11802320e+52,-7.89928522e+05,2.52972248e+05,-3.79797376e+06,-4.80471576e+05,5.73425135e+03,4.96239708e+05,0.00000000e+00,3.41618157e+09
1.29100000e+04,3.13495802e+01,2.92045829e+33,-1.40112320e+39,1.71810563e+37,1.45486298e+39,3.93986590e+47,4.20643506e+47,1.73048822e+47,3.90110640e+48,2.48572591e+52,2.48644907e+52,-7.36031154e+51,2.11843350e+52,-7.91553851e+05,2.53003209e+05,-3.79680883e+06,-4.79761412e+05,5.88300005e+03,4.98162560e+05,0.00000000e+00,3.40890085e+09
1.29200000e+04,3.13526999e+01,2.92045833e+33,-1.39912502e+39,1.75980069e+37,1.46025933e+39,3.94014479e+47,4.20545948e+47,1.72953027e+47,3.89466253e+48,2.48586653e+52,2.48658885e+52,-7.35522329e+51,2.11882769e+52,-7.93117297e+05,2.53034217e+05,-3.79568263e+06,-4.79077206e+05,6.02576885e+03,5.00010328e+05,0.00000000e+00,3.40192427e+09
1.29300000e+04,3.13558277e+01,2.92045837e+33,-1.39711494e+39,1.80134626e+37,1.46566599e+39,3.94042744e+47,4.20447357e+47,1.72857667e+47,3.88814690e+48,2.48600711e+52,2.48672859e+52,-7.35012922e+51,2.11922212e+52,-7.94683725e+05,2.53066472e+05,-3.79454963e+06,-4.78388926e+05,6.16802580e+03,5.01861626e+05,0.00000000e+00,3.39496593e+09
1.29400000e+04,3.13589774e+01,2.92045841e+33,-1.39508537e+39,1.84254252e+37,1.47110825e+39,3.94070724e+47,4.20347478e+47,1.72762668e+47,3.88141177e+48,2.48614835e+52,2.48686895e+52,-7.34500878e+51,2.11961851e+52,-7.96260108e+05,2.53100155e+05,-3.79340251e+06,-4.77693971e+05,6.30908666e+03,5.03725115e+05,0.00000000e+00,3.38798399e+09
1.29500000e+04,3.13621323e+01,2.92045844e+33,-1.39304896e+39,1.88273619e+37,1.47655691e+39,3.94098522e+47,4.20247057e+47,1.72669221e+47,3.87460695e+48,2.48628941e+52,2.48700913e+52,-7.33988912e+51,2.12001467e+52,-7.97838215e+05,2.53135344e+05,-3.79224820e+06,-4.76996672e+05,6.44671454e+03,5.05590797e+05,0.00000000e+00,3.38100010e+09
1.29600000e+04,3.13652886e+01,2.92045848e+33,-1.39100894e+39,1.92231701e+37,1.48200608e+39,3.94126685e+47,4.20145983e+47,1.72577030e+47,3.86765584e+48,2.48643019e+52,2.48714902e+52,-7.33477785e+51,2.12041013e+52,-7.99416140e+05,2.53171964e+05,-3.79108687e+06,-4.76298140e+05,6.58224394e+03,5.07456652e+05,0.00000000e+00,3.37402718e+09
1.29700000e+04,3.13684472e+01,2.92045852e+33,-1.38896838e+39,1.96169786e+37,1.48745517e+39,3.94154649e+47,4.20044416e+47,1.72485893e+47,3.86061183e+48,2.48657071e+52,2.48728863e+52,-7.32967368e+51,2.12080494e+52,-8.00994516e+05,2.53210060e+05,-3.78991868e+06,-4.75599421e+05,6.71708857e+03,5.09322478e+05,0.00000000e+00,3.36705997e+09
1.29800000e+04,3.13716092e+01,2.92045856e+33,-1.38692469e+39,2.00173743e+37,1.49290919e+39,3.94183302e+47,4.19942587e+47,1.72394948e+47,3.85347185e+48,2.48671102e+52,2.48742802e+52,-7.32457533e+51,2.12119926e+52,-8.02573905e+05,2.53249627e+05,-3.78874330e+06,-4.74899632e+05,6.85418877e+03,5.11189992e+05,0.00000000e+00,3.36010092e+09
1.29900000e+04,3.13747770e+01,2.92045860e+33,-1.38487442e+39,2.04214724e+37,1.49837063e+39,3.94212755e+47,4.19840167e+47,1.72304033e+47,3.84622915e+48,2.48685122e+52,2.48756730e+52,-7.31947988e+51,2.12159331e+52,-8.04155372e+05,2.53290740e+05,-3.78755998e+06,-4.74197588e+05,6.99255670e+03,5.13060049e+05,0.00000000e+00,3.35314613e+09
1.30000000e+04,3.13779477e+01,2.92045864e+33,-1.38281712e+39,2.08150946e+37,1.50382866e+39,3.94241862e+47,4.19736884e+47,1.72213726e+47,3.83891424e+48,2.48699120e+52,2.48770635e+52,-7.31439219e+51,2.12198674e+52,-8.05737508e+05,2.53333476e+05,-3.78636942e+06,-4.73493135e+05,7.12733757e+03,5.14928935e+05,0.00000000e+00,3.34619078e+09
1.30100000e+04,3.13811459e+01,2.92045868e+33,-1.38074267e+39,2.11596734e+37,1.50930675e+39,3.94264371e+47,4.19632164e+47,1.72124649e+47,3.83139922e+48,2.48713207e+52,2.48784627e+52,-7.30927455e+51,2.12238254e+52,-8.07332211e+05,2.53378159e+05,-3.78516210e+06,-4.72782814e+05,7.24532540e+03,5.16804693e+05,0.00000000e+00,3.33920500e+09
1.30200000e+04,3.13843446e+01,2.92045872e+33,-1.37866140e+39,2.15543862e+37,1.51479129e+39,3.94293017e+47,4.19526516e+47,1.72035912e+47,3.82381420e+48,2.48727263e+52,2.48798587e+52,-7.30417004e+51,2.12277737e+52,-8.08926168e+05,2.53424621e+05,-3.78394839e+06,-4.72070155e+05,7.38047966e+03,5.18682658e+05,0.00000000e+00,3.33223253e+09
1.30300000e+04,3.13875331e+01,2.92045876e+33,-1.37658036e+39,2.19619778e+37,1.52026803e+39,3.94324788e+47,4.19421119e+47,1.71947626e+47,3.81618454e+48,2.48741241e+52,2.48812468e+52,-7.29909614e+51,2.12316988e+52,-8.10513975e+05,2.53472417e+05,-3.78273259e+06,-4.71357575e+05,7.52004381e+03,5.20557951e+05,0.00000000e+00,3.32530988e+09
1.30400000e+04,3.13907124e+01,2.92045880e+33,-1.37450184e+39,2.23634453e+37,1.52572353e+39,3.94356313e+47,4.19316334e+47,1.71860558e+47,3.80850185e+48,2.48755145e+52,2.48826275e+52,-7.29405203e+51,2.12356015e+52,-8.12096059e+05,2.53521516e+05,-3.78151457e+06,-4.70645859e+05,7.65751097e+03,5.22425973e+05,0.00000000e+00,3.31843998e+09
1.30500000e+04,3.13938906e+01,2.92045884e+33,-1.37241993e+39,2.27592456e+37,1.53116909e+39,3.94387064e+47,4.19211475e+47,1.71774286e+47,3.80074596e+48,2.48769012e+52,2.48840044e+52,-7.28902504e+51,2.12394919e+52,-8.13676631e+05,2.53572160e+05,-3.78029118e+06,-4.69932980e+05,7.79303764e+03,5.24290592e+05,0.00000000e+00,3.31160465e+09
1.30600000e+04,3.13970714e+01,2.92045888e+33,-1.37033761e+39,2.31527796e+37,1.53660578e+39,3.94416251e+47,4.19106114e+47,1.71689086e+47,3.79290835e+48,2.48782861e+52,2.48853793e+52,-7.28401008e+51,2.12433743e+52,-8.15257632e+05,2.53624442e+05,-3.77906103e+06,-4.69219963e+05,7.92778827e+03,5.26152172e+05,0.00000000e+00,3.30479501e+09
1.30700000e+04,3.14002549e+01,2.92045892e+33,-1.36825015e+39,2.35547124e+37,1.54204543e+39,3.94446302e+47,4.19000349e+47,1.71604680e+47,3.78499594e+48,2.48796692e+52,2.48867525e+52,-7.27900770e+51,2.12472486e+52,-8.16839173e+05,2.53678355e+05,-3.77782406e+06,-4.68505185e+05,8.06541475e+03,5.28014764e+05,0.00000000e+00,3.29801039e+09
1.30800000e+04,3.14034424e+01,2.92045896e+33,-1.36615422e+39,2.39564077e+37,1.54748348e+39,3.94476206e+47,4.18894379e+47,1.71521278e+47,3.77700300e+48,2.48810510e+52,2.48881242e+52,-7.27401640e+51,2.12511160e+52,-8.18421954e+05,2.53733990e+05,-3.77657972e+06,-4.67787508e+05,8.20295988e+03,5.29876812e+05,0.00000000e+00,3.29124767e+09
1.30900000e+04,3.14066262e+01,2.92045900e+33,-1.36405665e+39,2.43513483e+37,1.55290686e+39,3.94505324e+47,4.18788817e+47,1.71438394e+47,3.76895235e+48,2.48824281e+52,2.48894912e+52,-7.26904879e+51,2.12549668e+52,-8.20002215e+05,2.53791227e+05,-3.77533098e+06,-4.67069268e+05,8.33819215e+03,5.31733833e+05,0.00000000e+00,3.28452380e+09
1.31000000e+04,3.14097936e+01,2.92045904e+33,-1.36196652e+39,2.47370290e+37,1.55829410e+39,3.94533546e+47,4.18684326e+47,1.71356185e+47,3.76087936e+48,2.48837952e+52,2.48908481e+52,-7.26412505e+51,2.12587856e+52,-8.21573784e+05,2.53849577e+05,-3.77408294e+06,-4.66353578e+05,8.47025372e+03,5.33578481e+05,0.00000000e+00,3.27786801e+09
1.31100000e+04,3.14129500e+01,2.92045908e+33,-1.35987866e+39,2.51123632e+37,1.56365514e+39,3.94561178e+47,4.18580715e+47,1.71274927e+47,3.75276847e+48,2.48851547e+52,2.48921973e+52,-7.25923712e+51,2.12625788e+52,-8.23139468e+05,2.53908976e+05,-3.77283356e+06,-4.65638664e+05,8.59877248e+03,5.35414159e+05,0.00000000e+00,3.27126929e+09
1.31200000e+04,3.14161053e+01,2.92045912e+33,-1.35778789e+39,2.54792741e+37,1.56900969e+39,3.94588406e+47,4.18477733e+47,1.71194622e+47,3.74459449e+48,2.48865109e+52,2.48935433e+52,-7.25437007e+51,2.12663583e+52,-8.24704348e+05,2.53969448e+05,-3.77157891e+06,-4.64922754e+05,8.72440704e+03,5.37247613e+05,0.00000000e+00,3.26470619e+09
1.31300000e+04,3.14192607e+01,2.92045916e+33,-1.35569319e+39,2.58400199e+37,1.57435966e+39,3.94615121e+47,4.18375512e+47,1.71114784e+47,3.73635559e+48,2.48878644e+52,2.48948865e+52,-7.24952284e+51,2.12701251e+52,-8.26269019e+05,2.54030964e+05,-3.77031857e+06,-4.64205496e+05,8.84793060e+03,5.39079499e+05,0.00000000e+00,3.25817656e+09
1.31400000e+04,3.14224174e+01,2.92045920e+33,-1.35359366e+39,2.61944019e+37,1.57970400e+39,3.94641398e+47,4.18274178e+47,1.71035337e+47,3.72805137e+48,2.48892159e+52,2.48962275e+52,-7.24469391e+51,2.12738805e+52,-8.27834240e+05,2.54093578e+05,-3.76905199e+06,-4.63486586e+05,8.96927510e+03,5.40909457e+05,0.00000000e+00,3.25167835e+09
1.31500000e+04,3.14255744e+01,2.92045924e+33,-1.35149455e+39,2.65426791e+37,1.58504072e+39,3.94667259e+47,4.18174084e+47,1.70956911e+47,3.71968900e+48,2.48905648e+52,2.48975659e+52,-7.23988550e+51,2.12776231e+52,-8.29399604e+05,2.54156989e+05,-3.76777958e+06,-4.62767818e+05,9.08852924e+03,5.42736806e+05,0.00000000e+00,3.24521481e+09
1.31600000e+04,3.14287313e+01,2.92045927e+33,-1.34939662e+39,2.68855197e+37,1.59037003e+39,3.94692783e+47,4.18075414e+47,1.70879023e+47,3.71127215e+48,2.48919110e+52,2.48989015e+52,-7.23509872e+51,2.12813522e+52,-8.30965082e+05,2.54221008e+05,-3.76650147e+06,-4.62049458e+05,9.20592179e+03,5.44561617e+05,0.00000000e+00,3.23878699e+09
1.31700000e+04,3.14318844e+01,2.92045931e+33,-1.34730141e+39,2.72216021e+37,1.59568543e+39,3.94717848e+47,4.17977782e+47,1.70801451e+47,3.70281221e+48,2.48932533e+52,2.49002332e+52,-7.23033969e+51,2.12850634e+52,-8.32529013e+05,2.54285552e+05,-3.76521907e+06,-4.61332025e+05,9.32100029e+03,5.46381668e+05,0.00000000e+00,3.23240207e+09
1.31800000e+04,3.14350316e+01,2.92045935e+33,-1.34521153e+39,2.75517615e+37,1.60098332e+39,3.94742340e+47,4.17880765e+47,1.70724529e+47,3.69431694e+48,2.48945918e+52,2.49015610e+52,-7.22561186e+51,2.12887551e+52,-8.34090545e+05,2.54350651e+05,-3.76393316e+06,-4.60616418e+05,9.43405066e+03,5.48195720e+05,0.00000000e+00,3.22606415e+09
1.31900000e+04,3.14381758e+01,2.92045939e+33,-1.34312473e+39,2.78752455e+37,1.60626850e+39,3.94766517e+47,4.17784556e+47,1.70648063e+47,3.68578214e+48,2.48959265e+52,2.49028850e+52,-7.22091159e+51,2.12924293e+52,-8.35651010e+05,2.54416506e+05,-3.76264251e+06,-4.59901868e+05,9.54481530e+03,5.50005423e+05,0.00000000e+00,3.21976814e+09
1.32000000e+04,3.14413177e+01,2.92045943e+33,-1.34103976e+39,2.81927453e+37,1.61154436e+39,3.94790430e+47,4.17689907e+47,1.70572157e+47,3.67720878e+48,2.48972580e+52,2.49042058e+52,-7.21623794e+51,2.12960868e+52,-8.37210946e+05,2.54483011e+05,-3.76134675e+06,-4.59187945e+05,9.65353089e+03,5.51811933e+05,0.00000000e+00,3.21351284e+09
1.32100000e+04,3.14444605e+01,2.92045947e+33,-1.33895434e+39,2.85035954e+37,1.61681777e+39,3.94813717e+47,4.17596930e+47,1.70496582e+47,3.66859151e+48,2.48985877e+52,2.49055247e+52,-7.21158701e+51,2.12997312e+52,-8.38772059e+05,2.54550125e+05,-3.76004461e+06,-4.58473864e+05,9.75996950e+03,5.53617602e+05,0.00000000e+00,3.20729313e+09
1.32200000e+04,3.14476098e+01,2.92045951e+33,-1.33686559e+39,2.88080890e+37,1.62209797e+39,3.94836431e+47,4.17505567e+47,1.70421577e+47,3.65991679e+48,2.48999179e+52,2.49068440e+52,-7.20695092e+51,2.13033685e+52,-8.40337391e+05,2.54617889e+05,-3.75873367e+06,-4.57758646e+05,9.86423160e+03,5.55425598e+05,0.00000000e+00,3.20109804e+09
1.32300000e+04,3.14507418e+01,2.92045955e+33,-1.33478851e+39,2.91045286e+37,1.62734472e+39,3.94858750e+47,4.17416080e+47,1.70348197e+47,3.65129639e+48,2.49012385e+52,2.49081538e+52,-7.20236440e+51,2.13069716e+52,-8.41895458e+05,2.54685694e+05,-3.75742486e+06,-4.57047423e+05,9.96573591e+03,5.57222142e+05,0.00000000e+00,3.19497458e+09
1.32400000e+04,3.14538701e+01,2.92045959e+33,-1.33271498e+39,2.93877769e+37,1.63257948e+39,3.94879664e+47,4.17327603e+47,1.70276026e+47,3.64258767e+48,2.49025555e+52,2.49094598e+52,-7.19780918e+51,2.13105552e+52,-8.43452859e+05,2.54753526e+05,-3.75611121e+06,-4.56337415e+05,1.00627234e+04,5.59014577e+05,0.00000000e+00,3.18891301e+09
1.32500000e+04,3.14570266e+01,2.92045962e+33,-1.33062095e+39,2.96794594e+37,1.63785746e+39,3.94900869e+47,4.17238894e+47,1.70203671e+47,3.63381354e+48,2.49038822e+52,2.49107755e+52,-7.19323831e+51,2.13141564e+52,-8.45026150e+05,2.54822068e+05,-3.75478157e+06,-4.55620389e+05,1.01625988e+04,5.60821813e+05,0.00000000e+00,3.18284649e+09
1.32600000e+04,3.14601934e+01,2.92045966e+33,-1.32851899e+39,2.99619186e+37,1.64314911e+39,3.94920862e+47,4.17150824e+47,1.70132237e+47,3.62493146e+48,2.49052114e+52,2.49120935e+52,-7.18868016e+51,2.13177534e+52,-8.46606083e+05,2.54890917e+05,-3.75343945e+06,-4.54900648e+05,1.02593160e+04,5.62633728e+05,0.00000000e+00,3.17678145e+09
1.32700000e+04,3.14633597e+01,2.92045970e+33,-1.32641201e+39,3.02495055e+37,1.64843850e+39,3.94941878e+47,4.17062916e+47,1.70061691e+47,3.61604174e+48,2.49065382e+52,2.49134092e+52,-7.18414978e+51,2.13213343e+52,-8.48187509e+05,2.54959761e+05,-3.75209122e+06,-4.54179186e+05,1.03577890e+04,5.64444871e+05,0.00000000e+00,3.17074785e+09
1.32800000e+04,3.14665395e+01,2.92045974e+33,-1.32429074e+39,3.05266409e+37,1.65374423e+39,3.94962386e+47,4.16974365e+47,1.69992468e+47,3.60709290e+48,2.49078687e+52,2.49147284e+52,-7.17962823e+51,2.13249143e+52,-8.49777324e+05,2.55028715e+05,-3.75073123e+06,-4.53452832e+05,1.04526833e+04,5.66261608e+05,0.00000000e+00,3.16472995e+09
1.32900000e+04,3.14697403e+01,2.92045978e+33,-1.32215062e+39,3.07990605e+37,1.65907899e+39,3.94982857e+47,4.16885682e+47,1.69924056e+47,3.59805831e+48,2.49092060e+52,2.49160544e+52,-7.17510547e+51,2.13285016e+52,-8.51379446e+05,2.55097848e+05,-3.74935622e+06,-4.52720021e+05,1.05459629e+04,5.68088284e+05,0.00000000e+00,3.15871698e+09
1.33000000e+04,3.14729591e+01,2.92045982e+33,-1.31999358e+39,3.10696285e+37,1.66443859e+39,3.95003489e+47,4.16797455e+47,1.69856396e+47,3.58894810e+48,2.49105488e+52,2.49173858e+52,-7.17058685e+51,2.13320923e+52,-8.52992381e+05,2.55167019e+05,-3.74796752e+06,-4.51981420e+05,1.06386084e+04,5.69923468e+05,0.00000000e+00,3.15271724e+09
1.33100000e+04,3.14761911e+01,2.92045987e+33,-1.31782315e+39,3.13394775e+37,1.66981744e+39,3.95024378e+47,4.16709402e+47,1.69789379e+47,3.57977918e+48,2.49118952e+52,2.49187207e+52,-7.16607989e+51,2.13356807e+52,-8.54614113e+05,2.55236065e+05,-3.74656719e+06,-4.51238234e+05,1.07310078e+04,5.71765240e+05,0.00000000e+00,3.14674338e+09
1.33200000e+04,3.14794322e+01,2.92045991e+33,-1.31564846e+39,3.16085118e+37,1.67521278e+39,3.95045607e+47,4.16621343e+47,1.69722572e+47,3.57056701e+48,2.49132435e+52,2.49200574e+52,-7.16159118e+51,2.13392618e+52,-8.56242847e+05,2.55304909e+05,-3.74515707e+06,-4.50493586e+05,1.08231281e+04,5.73612662e+05,0.00000000e+00,3.14080638e+09
1.33300000e+04,3.14826815e+01,2.92045995e+33,-1.31347514e+39,3.18766412e+37,1.68062155e+39,3.95067129e+47,4.16533589e+47,1.69655808e+47,3.56131715e+48,2.49145933e+52,2.49213956e+52,-7.15712279e+51,2.13428342e+52,-8.57878284e+05,2.55373577e+05,-3.74373759e+06,-4.49749411e+05,1.09149387e+04,5.75464682e+05,0.00000000e+00,3.13490925e+09
1.33400000e+04,3.14859414e+01,2.92045999e+33,-1.31130045e+39,3.21432486e+37,1.68604435e+39,3.95088886e+47,4.16446077e+47,1.69588789e+47,3.55202421e+48,2.49159460e+52,2.49227366e+52,-7.15267196e+51,2.13464006e+52,-8.59521817e+05,2.55442036e+05,-3.74230755e+06,-4.49004765e+05,1.10062280e+04,5.77321504e+05,0.00000000e+00,3.12904615e+09
1.33500000e+04,3.14892174e+01,2.92046003e+33,-1.30911655e+39,3.24083914e+37,1.69148872e+39,3.95110634e+47,4.16358574e+47,1.69521164e+47,3.54267475e+48,2.49173039e+52,2.49240828e+52,-7.14823213e+51,2.13499667e+52,-8.61176334e+05,2.55510346e+05,-3.74086449e+06,-4.48256965e+05,1.10970159e+04,5.79185710e+05,0.00000000e+00,3.12320472e+09
1.33600000e+04,3.14925164e+01,2.92046007e+33,-1.30691468e+39,3.26728220e+37,1.69696592e+39,3.95132683e+47,4.16270916e+47,1.69452572e+47,3.53325106e+48,2.49186708e+52,2.49254378e+52,-7.14379509e+51,2.13535403e+52,-8.62845514e+05,2.55578964e+05,-3.73940530e+06,-4.47503011e+05,1.11875599e+04,5.81061161e+05,0.00000000e+00,3.11737003e+09
1.33700000e+04,3.14958427e+01,2.92046012e+33,-1.30469222e+39,3.29337405e+37,1.70248395e+39,3.95155111e+47,4.16182293e+47,1.69383642e+47,3.52374146e+48,2.49200472e+52,2.49268024e+52,-7.13935619e+51,2.13571243e+52,-8.64531693e+05,2.55648170e+05,-3.73792783e+06,-4.46742010e+05,1.12769013e+04,5.82950589e+05,0.00000000e+00,3.11153264e+09
1.33800000e+04,3.14991992e+01,2.92046016e+33,-1.30244635e+39,3.31899975e+37,1.70804775e+39,3.95177860e+47,4.16092569e+47,1.69314504e+47,3.51414056e+48,2.49214345e+52,2.49281776e+52,-7.13491313e+51,2.13607210e+52,-8.66236628e+05,2.55718060e+05,-3.73643072e+06,-4.45972989e+05,1.13646466e+04,5.84855692e+05,0.00000000e+00,3.10568802e+09
1.33900000e+04,3.15025930e+01,2.92046021e+33,-1.30016940e+39,3.34425653e+37,1.71367073e+39,3.95200265e+47,4.16002030e+47,1.69244630e+47,3.50442907e+48,2.49228356e+52,2.49295665e+52,-7.13045792e+51,2.13643376e+52,-8.67964518e+05,2.55788885e+05,-3.73491054e+06,-4.45193328e+05,1.14511286e+04,5.86781059e+05,0.00000000e+00,3.09982582e+09
1.34000000e+04,3.15060323e+01,2.92046025e+33,-1.29785770e+39,3.36905952e+37,1.71936490e+39,3.95221969e+47,4.15910454e+47,1.69173656e+47,3.49458517e+48,2.49242542e+52,2.49309728e+52,-7.12598181e+51,2.13679819e+52,-8.69719970e+05,2.55860863e+05,-3.73336343e+06,-4.44401767e+05,1.15360567e+04,5.88730799e+05,0.00000000e+00,3.09393550e+09
1.34100000e+04,3.15095249e+01,2.92046030e+33,-1.29550845e+39,3.39400875e+37,1.72514149e+39,3.95243470e+47,4.15817774e+47,1.69101496e+47,3.48458692e+48,2.49256933e+52,2.49323993e+52,-7.12147680e+51,2.13716609e+52,-8.71507499e+05,2.55933937e+05,-3.73178561e+06,-4.43597349e+05,1.16214857e+04,5.90708764e+05,0.00000000e+00,3.08800749e+09
1.34200000e+04,3.15130836e+01,2.92046035e+33,-1.29311543e+39,3.41888948e+37,1.73101800e+39,3.95264576e+47,4.15723583e+47,1.69028540e+47,3.47439768e+48,2.49271579e+52,2.49338511e+52,-7.11692915e+51,2.13753865e+52,-8.73334203e+05,2.56008220e+05,-3.73017086e+06,-4.42777945e+05,1.17066800e+04,5.92720939e+05,0.00000000e+00,3.08202451e+09
1.34300000e+04,3.15167194e+01,2.92046040e+33,-1.29067305e+39,3.44510668e+37,1.73701223e+39,3.95286568e+47,4.15627104e+47,1.68953401e+47,3.46399069e+48,2.49286527e+52,2.49353329e+52,-7.11232785e+51,2.13791690e+52,-8.75206368e+05,2.56083816e+05,-3.72851364e+06,-4.41941638e+05,1.17964506e+04,5.94773423e+05,0.00000000e+00,3.07597329e+09
1.34400000e+04,3.15204316e+01,2.92046045e+33,-1.28817685e+39,3.47183156e+37,1.74312939e+39,3.95308233e+47,4.15529166e+47,1.68875850e+47,3.45337667e+48,2.49301773e+52,2.49368442e+52,-7.10767713e+51,2.13830056e+52,-8.77124325e+05,2.56160635e+05,-3.72681375e+06,-4.41086901e+05,1.18879595e+04,5.96868000e+05,0.00000000e+00,3.06986173e+09
1.34500000e+04,3.15242120e+01,2.92046050e+33,-1.28562812e+39,3.49911632e+37,1.74935537e+39,3.95329147e+47,4.15430730e+47,1.68796394e+47,3.44258770e+48,2.49317281e+52,2.49383816e+52,-7.10299085e+51,2.13868861e+52,-8.79084497e+05,2.56238287e+05,-3.72507469e+06,-4.40214180e+05,1.19813855e+04,5.98999840e+05,0.00000000e+00,3.06371009e+09
1.34600000e+04,3.15280429e+01,2.92046056e+33,-1.28303459e+39,3.52673238e+37,1.75565902e+39,3.95349603e+47,4.15332009e+47,1.68715984e+47,3.43168259e+48,2.49332981e+52,2.49399379e+52,-7.09829378e+51,2.13907910e+52,-8.81078422e+05,2.56316303e+05,-3.72330433e+06,-4.39326115e+05,1.20759460e+04,6.01158270e+05,0.00000000e+00,3.05755060e+09
1.34700000e+04,3.15319207e+01,2.92046061e+33,-1.28039834e+39,3.55470794e+37,1.76203443e+39,3.95370843e+47,4.15233022e+47,1.68634915e+47,3.42067401e+48,2.49348858e+52,2.49415118e+52,-7.09359290e+51,2.13947154e+52,-8.83105124e+05,2.56394543e+05,-3.72150405e+06,-4.38423423e+05,1.21717373e+04,6.03341275e+05,0.00000000e+00,3.05139429e+09
1.34800000e+04,3.15358586e+01,2.92046067e+33,-1.27771051e+39,3.58324332e+37,1.76850313e+39,3.95393399e+47,4.15133677e+47,1.68553137e+47,3.40952265e+48,2.49364983e+52,2.49431103e+52,-7.08887537e+51,2.13986727e+52,-8.85172354e+05,2.56473100e+05,-3.71966729e+06,-4.37503070e+05,1.22694456e+04,6.05556223e+05,0.00000000e+00,3.04522841e+09
1.34900000e+04,3.15398654e+01,2.92046073e+33,-1.27496801e+39,3.61230626e+37,1.77508463e+39,3.95416181e+47,4.15034529e+47,1.68470917e+47,3.39820351e+48,2.49381376e+52,2.49447354e+52,-7.08413391e+51,2.14026685e+52,-8.87284649e+05,2.56552331e+05,-3.71778921e+06,-4.36563999e+05,1.23689602e+04,6.07809794e+05,0.00000000e+00,3.03904878e+09
1.35000000e+04,3.15439470e+01,2.92046079e+33,-1.27217066e+39,3.64150073e+37,1.78178893e+39,3.95438558e+47,4.14935341e+47,1.68388332e+47,3.38670119e+48,2.49398059e+52,2.49463893e+52,-7.07936561e+51,2.14067065e+52,-8.89445262e+05,2.56632870e+05,-3.71586662e+06,-4.35606144e+05,1.24689253e+04,6.10105410e+05,0.00000000e+00,3.03285051e+09
1.35100000e+04,3.15481041e+01,2.92046085e+33,-1.26932211e+39,3.67071039e+37,1.78861732e+39,3.95460796e+47,4.14835822e+47,1.68305281e+47,3.37501991e+48,2.49415036e+52,2.49480724e+52,-7.07457384e+51,2.14107855e+52,-8.91655013e+05,2.56714574e+05,-3.71389879e+06,-4.34630757e+05,1.25689423e+04,6.12443519e+05,0.00000000e+00,3.02663179e+09
1.35200000e+04,3.15523406e+01,2.92046091e+33,-1.26641760e+39,3.70024092e+37,1.79557668e+39,3.95483527e+47,4.14736346e+47,1.68220680e+47,3.36315215e+48,2.49432322e+52,2.49497861e+52,-7.06975844e+51,2.14149069e+52,-8.93916344e+05,2.56797298e+05,-3.71188349e+06,-4.33636210e+05,1.26700580e+04,6.14826473e+05,0.00000000e+00,3.02038744e+09
1.35300000e+04,3.15566588e+01,2.92046098e+33,-1.26345611e+39,3.73021597e+37,1.80266829e+39,3.95505935e+47,4.14637198e+47,1.68135261e+47,3.35110155e+48,2.49449929e+52,2.49515318e+52,-7.06492145e+51,2.14190710e+52,-8.96230937e+05,2.56881090e+05,-3.70981914e+06,-4.32622150e+05,1.27726958e+04,6.17254709e+05,0.00000000e+00,3.01411796e+09
1.35400000e+04,3.15610658e+01,2.92046105e+33,-1.26043319e+39,3.76053966e+37,1.80989923e+39,3.95527927e+47,4.14537746e+47,1.68049253e+47,3.33885303e+48,2.49467886e+52,2.49533121e+52,-7.06006020e+51,2.14232820e+52,-8.98602557e+05,2.56966073e+05,-3.70770191e+06,-4.31587057e+05,1.28765274e+04,6.19730653e+05,0.00000000e+00,3.00782084e+09
1.35500000e+04,3.15656097e+01,2.92046112e+33,-1.25731364e+39,3.79124391e+37,1.81734880e+39,3.95550518e+47,4.14436541e+47,1.67962626e+47,3.32627568e+48,2.49486394e+52,2.49551471e+52,-7.05512825e+51,2.14275830e+52,-9.01057082e+05,2.57053086e+05,-3.70550736e+06,-4.30518876e+05,1.29816620e+04,6.22281456e+05,0.00000000e+00,3.00143737e+09
1.35600000e+04,3.15702889e+01,2.92046120e+33,-1.25409739e+39,3.82245182e+37,1.82501546e+39,3.95573408e+47,4.14333943e+47,1.67875689e+47,3.31339733e+48,2.49505443e+52,2.49570359e+52,-7.05013554e+51,2.14319681e+52,-9.03593697e+05,2.57141937e+05,-3.70323524e+06,-4.29417583e+05,1.30885212e+04,6.24906593e+05,0.00000000e+00,2.99497899e+09
1.35700000e+04,3.15750957e+01,2.92046128e+33,-1.25079429e+39,3.85483357e+37,1.83288492e+39,3.95595307e+47,4.14230290e+47,1.67787695e+47,3.30026148e+48,2.49525003e+52,2.49589753e+52,-7.04509845e+51,2.14364261e+52,-9.06208789e+05,2.57232540e+05,-3.70088833e+06,-4.28286551e+05,1.31993997e+04,6.27601171e+05,0.00000000e+00,2.98846633e+09
1.35800000e+04,3.15800169e+01,2.92046136e+33,-1.24742440e+39,3.88935988e+37,1.84094234e+39,3.95615593e+47,4.14125290e+47,1.67697639e+47,3.28692870e+48,2.49545024e+52,2.49609607e+52,-7.04003878e+51,2.14409413e+52,-9.08895673e+05,2.57324989e+05,-3.69847230e+06,-4.27132651e+05,1.33176214e+04,6.30360108e+05,0.00000000e+00,2.98192434e+09
1.35900000e+04,3.15850390e+01,2.92046145e+33,-1.24398260e+39,3.92544169e+37,1.84916488e+39,3.95635500e+47,4.14017482e+47,1.67607104e+47,3.27345112e+48,2.49565459e+52,2.49629872e+52,-7.03497744e+51,2.14454985e+52,-9.11647851e+05,2.57419138e+05,-3.69599291e+06,-4.25954127e+05,1.34411694e+04,6.33175582e+05,0.00000000e+00,2.97538009e+09
1.36000000e+04,3.15901548e+01,2.92046153e+33,-1.24045956e+39,3.96215503e+37,1.85753310e+39,3.95655627e+47,4.13906858e+47,1.67517020e+47,3.25986489e+48,2.49586274e+52,2.49650516e+52,-7.02992884e+51,2.14500872e+52,-9.14462307e+05,2.57514880e+05,-3.69345304e+06,-4.24747782e+05,1.35668797e+04,6.36040939e+05,0.00000000e+00,2.96885230e+09
1.36100000e+04,3.15953631e+01,2.92046163e+33,-1.23686591e+39,3.99998851e+37,1.86605070e+39,3.95675496e+47,4.13794954e+47,1.67426797e+47,3.24619186e+48,2.49607457e+52,2.49671526e+52,-7.02490101e+51,2.14547021e+52,-9.17339171e+05,2.57612441e+05,-3.69085238e+06,-4.23517262e+05,1.36964255e+04,6.38957445e+05,0.00000000e+00,2.96235404e+09
1.36200000e+04,3.16006593e+01,2.92046172e+33,-1.23321505e+39,4.03896558e+37,1.87470969e+39,3.95694686e+47,4.13681088e+47,1.67338065e+47,3.23246322e+48,2.49628993e+52,2.49692888e+52,-7.01990516e+51,2.14593362e+52,-9.20277751e+05,2.57711757e+05,-3.68819240e+06,-4.22267152e+05,1.38298871e+04,6.41922364e+05,0.00000000e+00,2.95590143e+09
1.36300000e+04,3.16060412e+01,2.92046182e+33,-1.22951192e+39,4.07846078e+37,1.88350092e+39,3.95713198e+47,4.13564800e+47,1.67250830e+47,3.21870154e+48,2.49650868e+52,2.49714588e+52,-7.01495024e+51,2.14639837e+52,-9.23278394e+05,2.57812614e+05,-3.68547352e+06,-4.20999141e+05,1.39651228e+04,6.44932563e+05,0.00000000e+00,2.94951047e+09
1.36400000e+04,3.16115055e+01,2.92046192e+33,-1.22575450e+39,4.11837578e+37,1.89242356e+39,3.95730981e+47,4.13447825e+47,1.67163627e+47,3.20492863e+48,2.49673072e+52,2.49736617e+52,-7.01004612e+51,2.14686386e+52,-9.26340942e+05,2.57916835e+05,-3.68269647e+06,-4.19712544e+05,1.41017959e+04,6.47987753e+05,0.00000000e+00,2.94319708e+09
1.36500000e+04,3.16172874e+01,2.92046203e+33,-1.22178188e+39,4.16163073e+37,1.90186402e+39,3.95746367e+47,4.13327081e+47,1.67072260e+47,3.19050646e+48,2.49696568e+52,2.49759929e+52,-7.00499777e+51,2.14734940e+52,-9.29597168e+05,2.58030596e+05,-3.67973722e+06,-4.18352256e+05,1.42499053e+04,6.51220252e+05,0.00000000e+00,2.93673453e+09
1.36600000e+04,3.16232600e+01,2.92046214e+33,-1.21768087e+39,4.20668393e+37,1.91161394e+39,3.95759199e+47,4.13204838e+47,1.66980882e+47,3.17588340e+48,2.49720840e+52,2.49784015e+52,-6.99993526e+51,2.14784338e+52,-9.32977739e+05,2.58150936e+05,-3.67665858e+06,-4.16948007e+05,1.44041721e+04,6.54558713e+05,0.00000000e+00,2.93024419e+09
1.36700000e+04,3.16292376e+01,2.92046226e+33,-1.21357659e+39,4.25169377e+37,1.92136474e+39,3.95768312e+47,4.13084816e+47,1.66893903e+47,3.16155110e+48,2.49745135e+52,2.49808125e+52,-6.99502419e+51,2.14833004e+52,-9.36380249e+05,2.58273503e+05,-3.67355834e+06,-4.15542636e+05,1.45582904e+04,6.57897472e+05,0.00000000e+00,2.92395155e+09
1.36800000e+04,3.16352215e+01,2.92046238e+33,-1.20947888e+39,4.29542073e+37,1.93112125e+39,3.95774850e+47,4.12965891e+47,1.66810958e+47,3.14748726e+48,2.49769456e+52,2.49832265e+52,-6.99026565e+51,2.14880937e+52,-9.39806618e+05,2.58398332e+05,-3.67043620e+06,-4.14139518e+05,1.47080160e+04,6.61238188e+05,0.00000000e+00,2.91795109e+09
1.36900000e+04,3.16412345e+01,2.92046249e+33,-1.20536723e+39,4.34012673e+37,1.94091938e+39,3.95776953e+47,4.12848245e+47,1.66727713e+47,3.13363305e+48,2.49793900e+52,2.49856530e+52,-6.98564433e+51,2.14928308e+52,-9.43270197e+05,2.58526346e+05,-3.66727969e+06,-4.12731624e+05,1.48610939e+04,6.64593156e+05,0.00000000e+00,2.91247069e+09
1.37000000e+04,3.16473056e+01,2.92046261e+33,-1.20120870e+39,4.38634485e+37,1.95079749e+39,3.95777041e+47,4.12733695e+47,1.66645260e+47,3.11993656e+48,2.49818587e+52,2.49881039e+52,-6.98114300e+51,2.14975324e+52,-9.46787401e+05,2.58658412e+05,-3.66407296e+06,-4.11307680e+05,1.50193494e+04,6.67975507e+05,0.00000000e+00,2.90699884e+09
1.37100000e+04,3.16534071e+01,2.92046273e+33,-1.19702336e+39,4.43294627e+37,1.96071120e+39,3.95776782e+47,4.12622752e+47,1.66567137e+47,3.10650213e+48,2.49843407e+52,2.49905684e+52,-6.97678704e+51,2.15021748e+52,-9.50343245e+05,2.58793808e+05,-3.66083057e+06,-4.09874554e+05,1.51789174e+04,6.71370047e+05,0.00000000e+00,2.90156922e+09
1.37200000e+04,3.16595016e+01,2.92046285e+33,-1.19283613e+39,4.47954751e+37,1.97059796e+39,3.95776598e+47,4.12515063e+47,1.66495719e+47,3.09343826e+48,2.49868209e+52,2.49930313e+52,-6.97260550e+51,2.15067286e+52,-9.53916529e+05,2.58931468e+05,-3.65757312e+06,-4.08440782e+05,1.53384848e+04,6.74755359e+05,0.00000000e+00,2.89632882e+09
1.37300000e+04,3.16656693e+01,2.92046298e+33,-1.18859751e+39,4.52718809e+37,1.98059610e+39,3.95774352e+47,4.12409781e+47,1.66430065e+47,3.08056120e+48,2.49893322e+52,2.49955255e+52,-6.96854773e+51,2.15112517e+52,-9.57554877e+05,2.59074001e+05,-3.65425669e+06,-4.06989411e+05,1.55016110e+04,6.78178807e+05,0.00000000e+00,2.89125521e+09
1.37400000e+04,3.16720928e+01,2.92046311e+33,-1.18418117e+39,4.57744574e+37,1.99100074e+39,3.95770422e+47,4.12304095e+47,1.66369080e+47,3.06751205e+48,2.49919492e+52,2.49981252e+52,-6.96450943e+51,2.15158705e+52,-9.61363385e+05,2.59226161e+05,-3.65077887e+06,-4.05477189e+05,1.56736982e+04,6.81741445e+05,0.00000000e+00,2.88614704e+09
1.37500000e+04,3.16784339e+01,2.92046324e+33,-1.17982192e+39,4.62859253e+37,2.00126171e+39,3.95766116e+47,4.12203687e+47,1.66315442e+47,3.05510945e+48,2.49945344e+52,2.50006938e+52,-6.96071078e+51,2.15203384e+52,-9.65146264e+05,2.59379690e+05,-3.64732621e+06,-4.03984512e+05,1.58488300e+04,6.85254888e+05,0.00000000e+00,2.88134577e+09
1.37600000e+04,3.16847049e+01,2.92046337e+33,-1.17551645e+39,4.68161296e+37,2.01139915e+39,3.95761226e+47,4.12108653e+47,1.66267699e+47,3.04328809e+48,2.49970935e+52,2.50032368e+52,-6.95713919e+51,2.15246672e+52,-9.68911284e+05,2.59535159e+05,-3.64389315e+06,-4.02510255e+05,1.60303773e+04,6.88726035e+05,0.00000000e+00,2.87686368e+09
1.37700000e+04,3.16908954e+01,2.92046349e+33,-1.17126515e+39,4.73575163e+37,2.02138895e+39,3.95756212e+47,4.12016553e+47,1.66226798e+47,3.03206541e+48,2.49996224e+52,2.50057503e+52,-6.95379522e+51,2.15288527e+52,-9.72653034e+05,2.59692615e+05,-3.64048607e+06,-4.01054543e+05,1.62157536e+04,6.92146625e+05,0.00000000e+00,2.87267717e+09
1.37800000e+04,3.16970017e+01,2.92046361e+33,-1.16705765e+39,4.79098726e+37,2.03122042e+39,3.95752363e+47,4.11926233e+47,1.66191247e+47,3.02143756e+48,2.50021201e+52,2.50082331e+52,-6.95067501e+51,2.15328956e+52,-9.76370515e+05,2.59852460e+05,-3.63710786e+06,-3.99613830e+05,1.64048860e+04,6.95513006e+05,0.00000000e+00,2.86877597e+09
1.37900000e+04,3.17030630e+01,2.92046373e+33,-1.16287195e+39,4.84701729e+37,2.04095590e+39,3.95748290e+47,4.11839024e+47,1.66162374e+47,3.01132176e+48,2.50046024e+52,2.50107012e+52,-6.94775421e+51,2.15368241e+52,-9.80088572e+05,2.60017791e+05,-3.63373665e+06,-3.98180584e+05,1.65967385e+04,6.98846516e+05,0.00000000e+00,2.86512704e+09
1.38000000e+04,3.17091014e+01,2.92046385e+33,-1.15869604e+39,4.90374507e+37,2.05063575e+39,3.95742625e+47,4.11754943e+47,1.66141633e+47,3.00167919e+48,2.50070791e+52,2.50131640e+52,-6.94502044e+51,2.15406538e+52,-9.83821475e+05,2.60189735e+05,-3.63036029e+06,-3.96750687e+05,1.67909802e+04,7.02160977e+05,0.00000000e+00,2.86171062e+09
1.38100000e+04,3.17150949e+01,2.92046396e+33,-1.15453679e+39,4.96106079e+37,2.06022760e+39,3.95737178e+47,4.11673150e+47,1.66128972e+47,2.99254798e+48,2.50095410e+52,2.50156126e+52,-6.94248182e+51,2.15443717e+52,-9.87557145e+05,2.60368025e+05,-3.62699184e+06,-3.95326498e+05,1.69872351e+04,7.05445307e+05,0.00000000e+00,2.85853824e+09
1.38200000e+04,3.17210111e+01,2.92046408e+33,-1.15041739e+39,5.01898185e+37,2.06967716e+39,3.95733304e+47,4.11593858e+47,1.66122623e+47,2.98397580e+48,2.50119751e+52,2.50180340e+52,-6.94014776e+51,2.15479601e+52,-9.91275864e+05,2.60551994e+05,-3.62365016e+06,-3.93915953e+05,1.71855627e+04,7.08680916e+05,0.00000000e+00,2.85565328e+09
1.38300000e+04,3.17268494e+01,2.92046419e+33,-1.14634634e+39,5.07739855e+37,2.07898116e+39,3.95730552e+47,4.11519569e+47,1.66121890e+47,2.97593779e+48,2.50143809e+52,2.50204276e+52,-6.93801281e+51,2.15514212e+52,-9.94976028e+05,2.60742271e+05,-3.62033647e+06,-3.92521962e+05,1.73855874e+04,7.11866686e+05,0.00000000e+00,2.85311978e+09
1.38400000e+04,3.17326099e+01,2.92046430e+33,-1.14232093e+39,5.13651283e+37,2.08814381e+39,3.95730756e+47,4.11449782e+47,1.66127676e+47,2.96842293e+48,2.50167586e+52,2.50227938e+52,-6.93607120e+51,2.15547582e+52,-9.98656644e+05,2.60938865e+05,-3.61705172e+06,-3.91143602e+05,1.75880008e+04,7.15004053e+05,0.00000000e+00,2.85077559e+09
1.38500000e+04,3.17382887e+01,2.92046441e+33,-1.13834438e+39,5.19637144e+37,2.09715850e+39,3.95733611e+47,4.11383302e+47,1.66140430e+47,2.96140833e+48,2.50191079e+52,2.50251320e+52,-6.93431831e+51,2.15579728e+52,-1.00231543e+06,2.61141422e+05,-3.61379874e+06,-3.89781975e+05,1.77929627e+04,7.18090760e+05,0.00000000e+00,2.84865212e+09
1.38600000e+04,3.17438905e+01,2.92046451e+33,-1.13441608e+39,5.25711520e+37,2.10603099e+39,3.95738542e+47,4.11319796e+47,1.66158549e+47,2.95486150e+48,2.50214296e+52,2.50274432e+52,-6.93274679e+51,2.15610698e+52,-1.00595204e+06,2.61350047e+05,-3.61057566e+06,-3.88436864e+05,1.80009556e+04,7.21128774e+05,0.00000000e+00,2.84681062e+09
1.38700000e+04,3.17494213e+01,2.92046461e+33,-1.13053436e+39,5.31833285e+37,2.11477040e+39,3.95745318e+47,4.11259285e+47,1.66180614e+47,2.94876408e+48,2.50237274e+52,2.50297309e+52,-6.93134922e+51,2.15640563e+52,-1.00956693e+06,2.61565135e+05,-3.60737965e+06,-3.87107706e+05,1.82105711e+04,7.24121222e+05,0.00000000e+00,2.84517878e+09
1.38800000e+04,3.17548894e+01,2.92046471e+33,-1.12669816e+39,5.37986670e+37,2.12339100e+39,3.95753981e+47,4.11201420e+47,1.66206956e+47,2.94310261e+48,2.50260081e+52,2.50320020e+52,-6.93011840e+51,2.15669428e+52,-1.01316371e+06,2.61786761e+05,-3.60420649e+06,-3.85794135e+05,1.84212693e+04,7.27072987e+05,0.00000000e+00,2.84371050e+09
1.38900000e+04,3.17602716e+01,2.92046481e+33,-1.12291663e+39,5.44063958e+37,2.13185861e+39,3.95765021e+47,4.11146844e+47,1.66237225e+47,2.93789946e+48,2.50282575e+52,2.50342424e+52,-6.92905369e+51,2.15697156e+52,-1.01672631e+06,2.62014083e+05,-3.60107008e+06,-3.84499285e+05,1.86293619e+04,7.29972367e+05,0.00000000e+00,2.84240737e+09
1.39000000e+04,3.17655906e+01,2.92046490e+33,-1.11917404e+39,5.50098087e+37,2.14021745e+39,3.95778600e+47,4.11096755e+47,1.66270881e+47,2.93311516e+48,2.50304871e+52,2.50364634e+52,-6.92814502e+51,2.15723909e+52,-1.02026776e+06,2.62247593e+05,-3.59795767e+06,-3.83217766e+05,1.88359766e+04,7.32834505e+05,0.00000000e+00,2.84128184e+09
1.39100000e+04,3.17708738e+01,2.92046500e+33,-1.11545773e+39,5.56110267e+37,2.14851857e+39,3.95795385e+47,4.11051535e+47,1.66307802e+47,2.92871937e+48,2.50327063e+52,2.50386745e+52,-6.92738406e+51,2.15749824e+52,-1.02380451e+06,2.62488034e+05,-3.59485307e+06,-3.81945250e+05,1.90418398e+04,7.35676876e+05,0.00000000e+00,2.84033348e+09
1.39200000e+04,3.17761439e+01,2.92046509e+33,-1.11175121e+39,5.62149878e+37,2.15679293e+39,3.95816218e+47,4.11009465e+47,1.66347982e+47,2.92469837e+48,2.50349245e+52,2.50408849e+52,-6.92676595e+51,2.15775019e+52,-1.02735009e+06,2.62737105e+05,-3.59174303e+06,-3.80676083e+05,1.92486423e+04,7.38510087e+05,0.00000000e+00,2.83955028e+09
1.39300000e+04,3.17814078e+01,2.92046518e+33,-1.10804609e+39,5.68317834e+37,2.16504954e+39,3.95840283e+47,4.10970303e+47,1.66389587e+47,2.92106013e+48,2.50371448e+52,2.50430977e+52,-6.92628935e+51,2.15799531e+52,-1.03090810e+06,2.62995026e+05,-3.58862351e+06,-3.79407397e+05,1.94598394e+04,7.41337219e+05,0.00000000e+00,2.83891903e+09
1.39400000e+04,3.17866761e+01,2.92046528e+33,-1.10433632e+39,5.74587396e+37,2.17330426e+39,3.95865725e+47,4.10932847e+47,1.66431497e+47,2.91779627e+48,2.50393715e+52,2.50453174e+52,-6.92595359e+51,2.15823406e+52,-1.03448457e+06,2.63262559e+05,-3.58548840e+06,-3.78137118e+05,1.96745156e+04,7.44163705e+05,0.00000000e+00,2.83846476e+09
1.39500000e+04,3.17919946e+01,2.92046537e+33,-1.10059025e+39,5.80915407e+37,2.18162834e+39,3.95891916e+47,4.10897095e+47,1.66474587e+47,2.91487293e+48,2.50416255e+52,2.50475648e+52,-6.92575825e+51,2.15846857e+52,-1.03810676e+06,2.63542724e+05,-3.58230997e+06,-3.76854409e+05,1.98911931e+04,7.47013938e+05,0.00000000e+00,2.83818159e+09
1.39600000e+04,3.17974083e+01,2.92046547e+33,-1.09678418e+39,5.87278927e+37,2.19009034e+39,3.95919287e+47,4.10861885e+47,1.66519068e+47,2.91228148e+48,2.50439267e+52,2.50498596e+52,-6.92570786e+51,2.15870057e+52,-1.04180228e+06,2.63838477e+05,-3.57906048e+06,-3.75551155e+05,2.01090865e+04,7.49911397e+05,0.00000000e+00,2.83803384e+09
1.39700000e+04,3.18029561e+01,2.92046557e+33,-1.09288101e+39,5.93860354e+37,2.19874737e+39,3.95948081e+47,4.10828641e+47,1.66563037e+47,2.91002883e+48,2.50462924e+52,2.50522193e+52,-6.92581173e+51,2.15893134e+52,-1.04559458e+06,2.64152618e+05,-3.57571506e+06,-3.74214653e+05,2.03344412e+04,7.52875634e+05,0.00000000e+00,2.83803090e+09
1.39800000e+04,3.18086935e+01,2.92046568e+33,-1.08883272e+39,6.00722624e+37,2.20767825e+39,3.95981023e+47,4.10797099e+47,1.66608314e+47,2.90812875e+48,2.50487468e+52,2.50546679e+52,-6.92608472e+51,2.15916255e+52,-1.04951691e+06,2.64488723e+05,-3.57223811e+06,-3.72828459e+05,2.05694122e+04,7.55933639e+05,0.00000000e+00,2.83819018e+09
1.39900000e+04,3.18143354e+01,2.92046579e+33,-1.08484729e+39,6.07497852e+37,2.21644640e+39,3.96015972e+47,4.10768273e+47,1.66652521e+47,2.90681646e+48,2.50511695e+52,2.50570854e+52,-6.92651651e+51,2.15938272e+52,-1.05337793e+06,2.64830732e+05,-3.56880504e+06,-3.71463791e+05,2.08014028e+04,7.58935924e+05,0.00000000e+00,2.83853389e+09
1.40000000e+04,3.18198957e+01,2.92046589e+33,-1.08091952e+39,6.14283826e+37,2.22507924e+39,3.96052519e+47,4.10742244e+47,1.66695488e+47,2.90601520e+48,2.50535645e+52,2.50594759e+52,-6.92710090e+51,2.15959254e+52,-1.05718653e+06,2.65179856e+05,-3.56540924e+06,-3.70118866e+05,2.10337614e+04,7.61891877e+05,0.00000000e+00,2.83913832e+09
1.40100000e+04,3.18254046e+01,2.92046599e+33,-1.07702301e+39,6.21193489e+37,2.23362228e+39,3.96091106e+47,4.10718454e+47,1.66736185e+47,2.90569174e+48,2.50559446e+52,2.50618519e+52,-6.92783558e+51,2.15979341e+52,-1.06096180e+06,2.65538382e+05,-3.56203208e+06,-3.68784643e+05,2.12703552e+04,7.64817085e+05,0.00000000e+00,2.83994713e+09
1.40200000e+04,3.18307663e+01,2.92046609e+33,-1.07323175e+39,6.27989537e+37,2.24192845e+39,3.96129805e+47,4.10695152e+47,1.66775478e+47,2.90586100e+48,2.50582679e+52,2.50641718e+52,-6.92869936e+51,2.15998221e+52,-1.06464109e+06,2.65900257e+05,-3.55873390e+06,-3.67486461e+05,2.15030587e+04,7.67661184e+05,0.00000000e+00,2.84090919e+09
1.40300000e+04,3.18358380e+01,2.92046617e+33,-1.06963159e+39,6.34384595e+37,2.24979800e+39,3.96165564e+47,4.10671499e+47,1.66811009e+47,2.90648206e+48,2.50604723e+52,2.50663733e+52,-6.92965147e+51,2.16015475e+52,-1.06813060e+06,2.66255691e+05,-3.55560564e+06,-3.66253717e+05,2.17220319e+04,7.70355782e+05,0.00000000e+00,2.84202182e+09
1.40400000e+04,3.18407810e+01,2.92046626e+33,-1.06612130e+39,6.40666244e+37,2.25745208e+39,3.96201219e+47,4.10650114e+47,1.66843209e+47,2.90744858e+48,2.50626271e+52,2.50685257e+52,-6.93070637e+51,2.16031725e+52,-1.07153919e+06,2.66615010e+05,-3.55254784e+06,-3.65051743e+05,2.19371220e+04,7.72976601e+05,0.00000000e+00,2.84329473e+09
1.40500000e+04,3.18459577e+01,2.92046635e+33,-1.06244748e+39,6.47309174e+37,2.26546178e+39,3.96240282e+47,4.10628357e+47,1.66875576e+47,2.90870503e+48,2.50648915e+52,2.50707879e+52,-6.93194646e+51,2.16048146e+52,-1.07510901e+06,2.67004262e+05,-3.54933182e+06,-3.63793774e+05,2.21645825e+04,7.75719186e+05,0.00000000e+00,2.84478101e+09
1.40600000e+04,3.18510814e+01,2.92046644e+33,-1.05881826e+39,6.53825853e+37,2.27337741e+39,3.96281253e+47,4.10606823e+47,1.66906614e+47,2.91035710e+48,2.50671403e+52,2.50730349e+52,-6.93330910e+51,2.16063804e+52,-1.07864500e+06,2.67403197e+05,-3.54613716e+06,-3.62551078e+05,2.23877201e+04,7.78429563e+05,0.00000000e+00,2.84633614e+09
1.40700000e+04,3.18558780e+01,2.92046652e+33,-1.05541852e+39,6.59928935e+37,2.28076632e+39,3.96321230e+47,4.10588003e+47,1.66933403e+47,2.91233139e+48,2.50692521e+52,2.50751455e+52,-6.93470633e+51,2.16077923e+52,-1.08196513e+06,2.67790305e+05,-3.54313971e+06,-3.61386960e+05,2.25966958e+04,7.80959587e+05,0.00000000e+00,2.84796339e+09
1.40800000e+04,3.18604873e+01,2.92046659e+33,-1.05215813e+39,6.65939592e+37,2.28785858e+39,3.96360973e+47,4.10570245e+47,1.66959456e+47,2.91452848e+48,2.50712890e+52,2.50771815e+52,-6.93616031e+51,2.16091013e+52,-1.08516539e+06,2.68175460e+05,-3.54025300e+06,-3.60270560e+05,2.28025068e+04,7.83388032e+05,0.00000000e+00,2.84974408e+09
1.40900000e+04,3.18651561e+01,2.92046667e+33,-1.04884031e+39,6.71982695e+37,2.29503901e+39,3.96400988e+47,4.10553300e+47,1.66983243e+47,2.91698261e+48,2.50733563e+52,2.50792482e+52,-6.93774473e+51,2.16103759e+52,-1.08841202e+06,2.68579123e+05,-3.53731960e+06,-3.59134490e+05,2.30094287e+04,7.85846670e+05,0.00000000e+00,2.85168846e+09
1.41000000e+04,3.18697475e+01,2.92046674e+33,-1.04557779e+39,6.78004993e+37,2.30209497e+39,3.96441556e+47,4.10535558e+47,1.67005254e+47,2.91968333e+48,2.50753954e+52,2.50812870e+52,-6.93941203e+51,2.16115810e+52,-1.09161260e+06,2.68990286e+05,-3.53442656e+06,-3.58017360e+05,2.32156382e+04,7.88262691e+05,0.00000000e+00,2.85369985e+09
1.41100000e+04,3.18742981e+01,2.92046681e+33,-1.04235968e+39,6.84049195e+37,2.30907672e+39,3.96484083e+47,4.10521124e+47,1.67026369e+47,2.92260538e+48,2.50774227e+52,2.50833141e+52,-6.94117147e+51,2.16127284e+52,-1.09479239e+06,2.69411524e+05,-3.53155098e+06,-3.56915435e+05,2.34225978e+04,7.90653298e+05,0.00000000e+00,2.85583083e+09
1.41200000e+04,3.18788165e+01,2.92046688e+33,-1.03917242e+39,6.90082392e+37,2.31600422e+39,3.96528357e+47,4.10509123e+47,1.67047801e+47,2.92573920e+48,2.50794416e+52,2.50853332e+52,-6.94302359e+51,2.16138214e+52,-1.09795678e+06,2.69843454e+05,-3.52868778e+06,-3.55824071e+05,2.36291805e+04,7.93025331e+05,0.00000000e+00,2.85810431e+09
1.41300000e+04,3.18833030e+01,2.92046695e+33,-1.03600867e+39,6.96074826e+37,2.32288218e+39,3.96573399e+47,4.10497619e+47,1.67069017e+47,2.92907486e+48,2.50814523e+52,2.50873444e+52,-6.94496625e+51,2.16148612e+52,-1.10110654e+06,2.70285135e+05,-3.52583682e+06,-3.54740762e+05,2.38343675e+04,7.95380403e+05,0.00000000e+00,2.86050843e+09
1.41400000e+04,3.18877626e+01,2.92046703e+33,-1.03286812e+39,7.02082918e+37,2.32971013e+39,3.96619135e+47,4.10487383e+47,1.67089756e+47,2.93260628e+48,2.50834572e+52,2.50893499e+52,-6.94699944e+51,2.16158502e+52,-1.10424525e+06,2.70736420e+05,-3.52299508e+06,-3.53665394e+05,2.40400906e+04,7.97718348e+05,0.00000000e+00,2.86302875e+09
1.41500000e+04,3.18921962e+01,2.92046709e+33,-1.02975617e+39,7.08055690e+37,2.33648470e+39,3.96665157e+47,4.10478023e+47,1.67110536e+47,2.93633015e+48,2.50854563e+52,2.50913499e+52,-6.94912148e+51,2.16167891e+52,-1.10737350e+06,2.71196660e+05,-3.52016226e+06,-3.52599819e+05,2.42446043e+04,8.00038015e+05,0.00000000e+00,2.86565558e+09
1.41600000e+04,3.18966078e+01,2.92046716e+33,-1.02666620e+39,7.13923382e+37,2.34320712e+39,3.96710956e+47,4.10470659e+47,1.67131030e+47,2.94024663e+48,2.50874517e+52,2.50933464e+52,-6.95133256e+51,2.16176801e+52,-1.11049447e+06,2.71665373e+05,-3.51733578e+06,-3.51541772e+05,2.44455199e+04,8.02339828e+05,0.00000000e+00,2.86838804e+09
1.41700000e+04,3.19010034e+01,2.92046723e+33,-1.02359122e+39,7.19706801e+37,2.34989897e+39,3.96756832e+47,4.10466581e+47,1.67150420e+47,2.94435522e+48,2.50894464e+52,2.50953424e+52,-6.95363419e+51,2.16185253e+52,-1.11361260e+06,2.72142568e+05,-3.51451186e+06,-3.50488855e+05,2.46435500e+04,8.04631171e+05,0.00000000e+00,2.87122837e+09
1.41800000e+04,3.19053878e+01,2.92046730e+33,-1.02052678e+39,7.25297763e+37,2.35661262e+39,3.96797621e+47,4.10463779e+47,1.67169623e+47,2.94865390e+48,2.50914418e+52,2.50973393e+52,-6.95602777e+51,2.16193255e+52,-1.11673022e+06,2.72628298e+05,-3.51168737e+06,-3.49439549e+05,2.48349900e+04,8.06929980e+05,0.00000000e+00,2.87417630e+09
1.41900000e+04,3.19098488e+01,2.92046737e+33,-1.01749185e+39,7.31213699e+37,2.36339083e+39,3.96843826e+47,4.10464186e+47,1.67193194e+47,2.95319146e+48,2.50934801e+52,2.50993794e+52,-6.95856327e+51,2.16200978e+52,-1.11990846e+06,2.73131412e+05,-3.50880518e+06,-3.48400347e+05,2.50375576e+04,8.09250892e+05,0.00000000e+00,2.87731291e+09
1.42000000e+04,3.19144182e+01,2.92046744e+33,-1.01431968e+39,7.37124815e+37,2.37032610e+39,3.96891204e+47,4.10466028e+47,1.67208938e+47,2.95802578e+48,2.50955729e+52,2.51014741e+52,-6.96126454e+51,2.16208418e+52,-1.12316774e+06,2.73654776e+05,-3.50584335e+06,-3.47314155e+05,2.52399600e+04,8.11625585e+05,0.00000000e+00,2.88061149e+09
1.42100000e+04,3.19188474e+01,2.92046751e+33,-1.01123830e+39,7.42873312e+37,2.37705086e+39,3.96937337e+47,4.10465791e+47,1.67222528e+47,2.96298421e+48,2.50976082e+52,2.51035117e+52,-6.96398289e+51,2.16215202e+52,-1.12633621e+06,2.74170398e+05,-3.50296607e+06,-3.46259046e+05,2.54367942e+04,8.13928199e+05,0.00000000e+00,2.88391893e+09
1.42200000e+04,3.19232416e+01,2.92046758e+33,-1.00818375e+39,7.48614626e+37,2.38370276e+39,3.96983004e+47,4.10466688e+47,1.67234886e+47,2.96809956e+48,2.50996338e+52,2.51055396e+52,-6.96677700e+51,2.16221511e+52,-1.12948751e+06,2.74689710e+05,-3.50010505e+06,-3.45213127e+05,2.56333825e+04,8.16205863e+05,0.00000000e+00,2.88734548e+09
1.42300000e+04,3.19276728e+01,2.92046765e+33,-1.00510727e+39,7.54509385e+37,2.39040663e+39,3.97028719e+47,4.10466026e+47,1.67246848e+47,2.97344317e+48,2.51016829e+52,2.51075914e+52,-6.96969249e+51,2.16227451e+52,-1.13267121e+06,2.75220897e+05,-3.49721243e+06,-3.44159699e+05,2.58352249e+04,8.18501319e+05,0.00000000e+00,2.89092171e+09
1.42400000e+04,3.19321251e+01,2.92046772e+33,-1.00201874e+39,7.60522085e+37,2.39714292e+39,3.97075862e+47,4.10464704e+47,1.67258209e+47,2.97901961e+48,2.51037488e+52,2.51096602e+52,-6.97272050e+51,2.16232999e+52,-1.13587626e+06,2.75762271e+05,-3.49429838e+06,-3.43102145e+05,2.60411057e+04,8.20807880e+05,0.00000000e+00,2.89462384e+09
1.42500000e+04,3.19366004e+01,2.92046779e+33,-9.98913987e+38,7.66675256e+37,2.40389061e+39,3.97124900e+47,4.10467142e+47,1.67268064e+47,2.98483637e+48,2.51058323e+52,2.51117469e+52,-6.97586344e+51,2.16238151e+52,-1.13910404e+06,2.76313954e+05,-3.49136158e+06,-3.42039036e+05,2.62517963e+04,8.23118344e+05,0.00000000e+00,2.89846245e+09
1.42600000e+04,3.19410939e+01,2.92046786e+33,-9.95790614e+38,7.73047506e+37,2.41066629e+39,3.97176254e+47,4.10469182e+47,1.67277320e+47,2.99089524e+48,2.51079313e+52,2.51138492e+52,-6.97911892e+51,2.16242898e+52,-1.14235095e+06,2.76875405e+05,-3.48840532e+06,-3.40969550e+05,2.64699884e+04,8.25438388e+05,0.00000000e+00,2.90244055e+09
1.42700000e+04,3.19455984e+01,2.92046793e+33,-9.92635655e+38,7.79705825e+37,2.41747448e+39,3.97230248e+47,4.10467187e+47,1.67286894e+47,2.99719475e+48,2.51100429e+52,2.51159644e+52,-6.98248242e+51,2.16247232e+52,-1.14561186e+06,2.77445898e+05,-3.48543417e+06,-3.39889250e+05,2.66979759e+04,8.27769569e+05,0.00000000e+00,2.90655635e+09
1.42800000e+04,3.19501149e+01,2.92046801e+33,-9.89524408e+38,7.86342448e+37,2.42421829e+39,3.97283645e+47,4.10481022e+47,1.67291951e+47,3.00371459e+48,2.51121717e+52,2.51180970e+52,-6.98595514e+51,2.16251195e+52,-1.14888719e+06,2.78025617e+05,-3.48244753e+06,-3.38823916e+05,2.69252204e+04,8.30078702e+05,0.00000000e+00,2.91081328e+09
1.42900000e+04,3.19546491e+01,2.92046808e+33,-9.86369995e+38,7.93011119e+37,2.43105138e+39,3.97334839e+47,4.10482093e+47,1.67294067e+47,3.01048518e+48,2.51143132e+52,2.51202426e+52,-6.98954213e+51,2.16254715e+52,-1.15218081e+06,2.78615369e+05,-3.47944145e+06,-3.37743803e+05,2.71535623e+04,8.32418404e+05,0.00000000e+00,2.91521896e+09
1.43000000e+04,3.19592154e+01,2.92046815e+33,-9.83191766e+38,7.99606049e+37,2.43795552e+39,3.97382852e+47,4.10481205e+47,1.67294753e+47,3.01752296e+48,2.51164777e+52,2.51224115e+52,-6.99325601e+51,2.16257835e+52,-1.15550242e+06,2.79217218e+05,-3.47640603e+06,-3.36655534e+05,2.73793792e+04,8.34782436e+05,0.00000000e+00,2.91978656e+09
1.43100000e+04,3.19638137e+01,2.92046822e+33,-9.79996920e+38,8.06289156e+37,2.44489911e+39,3.97432218e+47,4.10480032e+47,1.67294792e+47,3.02494813e+48,2.51186654e+52,2.51246039e+52,-6.99709803e+51,2.16260549e+52,-1.15885596e+06,2.79832559e+05,-3.47334287e+06,-3.35561576e+05,2.76082153e+04,8.37159979e+05,0.00000000e+00,2.92445408e+09
1.43200000e+04,3.19685643e+01,2.92046830e+33,-9.76705949e+38,8.13292737e+37,2.45206706e+39,3.97482345e+47,4.10478592e+47,1.67295989e+47,3.03262648e+48,2.51209341e+52,2.51268775e+52,-7.00117588e+51,2.16262896e+52,-1.16232022e+06,2.80475632e+05,-3.47016774e+06,-3.34434703e+05,2.78480248e+04,8.39614339e+05,0.00000000e+00,2.92957374e+09
1.43300000e+04,3.19744338e+01,2.92046842e+33,-9.72622303e+38,8.21180410e+37,2.46154398e+39,3.97494919e+47,4.10473689e+47,1.67290282e+47,3.04211653e+48,2.51237684e+52,2.51297183e+52,-7.00636659e+51,2.16265350e+52,-1.16656867e+06,2.81272035e+05,-3.46621606e+06,-3.33036405e+05,2.81181062e+04,8.42859307e+05,0.00000000e+00,2.93611466e+09
1.43400000e+04,3.19824699e+01,2.92046861e+33,-9.66978689e+38,8.33030010e+37,2.47362043e+39,3.97571566e+47,4.10484983e+47,1.67280913e+47,3.05437460e+48,2.51276458e+52,2.51336041e+52,-7.01373827e+51,2.16267350e+52,-1.17226509e+06,2.82338215e+05,-3.46073376e+06,-3.31103948e+05,2.85238474e+04,8.46994355e+05,0.00000000e+00,2.94455102e+09
1.43500000e+04,3.19897055e+01,2.92046878e+33,-9.61922401e+38,8.43985540e+37,2.48448971e+39,3.97639112e+47,4.10502827e+47,1.67271097e+47,3.06728406e+48,2.51311580e+52,2.51371256e+52,-7.02062507e+51,2.16268130e+52,-1.17738580e+06,2.83286479e+05,-3.45578568e+06,-3.29372602e+05,2.88989750e+04,8.50716066e+05,0.00000000e+00,2.95238620e+09
1.43600000e+04,3.19954024e+01,2.92046888e+33,-9.57933313e+38,8.52734664e+37,2.49305652e+39,3.97694415e+47,4.10515069e+47,1.67266871e+47,3.07884676e+48,2.51339376e+52,2.51399135e+52,-7.02621170e+51,2.16268077e+52,-1.18146848e+06,2.84040670e+05,-3.45190458e+06,-3.28006684e+05,2.91985534e+04,8.53649404e+05,0.00000000e+00,2.95907352e+09
1.43700000e+04,3.20006252e+01,2.92046897e+33,-9.54264775e+38,8.60947466e+37,2.50091855e+39,3.97743794e+47,4.10525489e+47,1.67263808e+47,3.08948536e+48,2.51364987e+52,2.51424824e+52,-7.03146561e+51,2.16267496e+52,-1.18523846e+06,2.84742325e+05,-3.44834788e+06,-3.26750527e+05,2.94797676e+04,8.56341423e+05,0.00000000e+00,2.96607307e+09
1.43800000e+04,3.20056522e+01,2.92046905e+33,-9.50716121e+38,8.69058326e+37,2.50849406e+39,3.97790811e+47,4.10536890e+47,1.67262242e+47,3.09984910e+48,2.51389758e+52,2.51449670e+52,-7.03664158e+51,2.16266462e+52,-1.18887506e+06,2.85428989e+05,-3.44491410e+06,-3.25535421e+05,2.97574914e+04,8.58935334e+05,0.00000000e+00,2.97289374e+09
1.43900000e+04,3.20106223e+01,2.92046914e+33,-9.47202289e+38,8.77249203e+37,2.51598641e+39,3.97837792e+47,4.10548967e+47,1.67260506e+47,3.11031321e+48,2.51414350e+52,2.51474339e+52,-7.04187327e+51,2.16264972e+52,-1.19247946e+06,2.86121072e+05,-3.44150964e+06,-3.24332237e+05,3.00379549e+04,8.61500770e+05,0.00000000e+00,2.97960344e+09
1.44000000e+04,3.20155641e+01,2.92046922e+33,-9.43715233e+38,8.85516413e+37,2.52343648e+39,3.97884612e+47,4.10562289e+47,1.67256855e+47,3.12088579e+48,2.51438903e+52,2.51498970e+52,-7.04718764e+51,2.16263032e+52,-1.19607303e+06,2.86823473e+05,-3.43811638e+06,-3.23138222e+05,3.03210322e+04,8.64051729e+05,0.00000000e+00,2.98632428e+09
1.44100000e+04,3.20204832e+01,2.92046930e+33,-9.40260785e+38,8.93724015e+37,2.53082178e+39,3.97932417e+47,4.10579396e+47,1.67249674e+47,3.13155239e+48,2.51463451e+52,2.51523598e+52,-7.05258896e+51,2.16260653e+52,-1.19966074e+06,2.87538035e+05,-3.43473096e+06,-3.21955373e+05,3.06020684e+04,8.66580511e+05,0.00000000e+00,2.99309918e+09
1.44200000e+04,3.20253903e+01,2.92046939e+33,-9.36790514e+38,9.02231066e+37,2.53820769e+39,3.97982868e+47,4.10590942e+47,1.67247314e+47,3.14232198e+48,2.51488039e+52,2.51548266e+52,-7.05808708e+51,2.16257831e+52,-1.20325043e+06,2.88267239e+05,-3.43134624e+06,-3.20767106e+05,3.08933581e+04,8.69109500e+05,0.00000000e+00,2.99997282e+09
1.44300000e+04,3.20302860e+01,2.92046947e+33,-9.33319552e+38,9.10774367e+37,2.54558080e+39,3.98036199e+47,4.10602770e+47,1.67246079e+47,3.15317877e+48,2.51512676e+52,2.51572986e+52,-7.06368162e+51,2.16254578e+52,-1.20684309e+06,2.89011606e+05,-3.42796158e+06,-3.19578603e+05,3.11858890e+04,8.71634109e+05,0.00000000e+00,3.00697274e+09
1.44400000e+04,3.20351808e+01,2.92046955e+33,-9.29837890e+38,9.19384802e+37,2.55294568e+39,3.98093190e+47,4.10615884e+47,1.67245370e+47,3.16411988e+48,2.51537418e+52,2.51597810e+52,-7.06938348e+51,2.16250892e+52,-1.21044547e+06,2.89772026e+05,-3.42456964e+06,-3.18386436e+05,3.14807186e+04,8.74155897e+05,0.00000000e+00,3.01413970e+09
1.44500000e+04,3.20401025e+01,2.92046963e+33,-9.26337696e+38,9.27990548e+37,2.56033733e+39,3.98151514e+47,4.10630843e+47,1.67241461e+47,3.17530653e+48,2.51562404e+52,2.51622882e+52,-7.07522491e+51,2.16246757e+52,-1.21408231e+06,2.90553920e+05,-3.42115363e+06,-3.17187923e+05,3.17753877e+04,8.76686854e+05,0.00000000e+00,3.02151144e+09
1.44600000e+04,3.20452536e+01,2.92046972e+33,-9.22660986e+38,9.37063537e+37,2.56806675e+39,3.98214206e+47,4.10647810e+47,1.67235026e+47,3.18681099e+48,2.51588671e+52,2.51649237e+52,-7.08145539e+51,2.16241960e+52,-1.21788518e+06,2.91385985e+05,-3.41756483e+06,-3.15928968e+05,3.20860555e+04,8.79333462e+05,0.00000000e+00,3.02953179e+09
1.44700000e+04,3.20510059e+01,2.92046983e+33,-9.18661823e+38,9.46671212e+37,2.57667608e+39,3.98280537e+47,4.10685192e+47,1.67214283e+47,3.19953397e+48,2.51618148e+52,2.51678813e+52,-7.08855176e+51,2.16236054e+52,-1.22211355e+06,2.92326154e+05,-3.41353670e+06,-3.14559600e+05,3.24150314e+04,8.82281355e+05,0.00000000e+00,3.03857834e+09
1.44800000e+04,3.20571200e+01,2.92046995e+33,-9.14235729e+38,9.57813075e+37,2.58586377e+39,3.98359301e+47,4.10708746e+47,1.67207220e+47,3.21315823e+48,2.51649650e+52,2.51710422e+52,-7.09625088e+51,2.16229167e+52,-1.22658923e+06,2.93334162e+05,-3.40923579e+06,-3.13044046e+05,3.27965393e+04,8.85427283e+05,0.00000000e+00,3.04823188e+09
1.44900000e+04,3.20631484e+01,2.92047007e+33,-9.09861485e+38,9.68821209e+37,2.59488867e+39,3.98439842e+47,4.10739009e+47,1.67197296e+47,3.22692575e+48,2.51680886e+52,2.51741766e+52,-7.10399710e+51,2.16221781e+52,-1.23099999e+06,2.94337784e+05,-3.40498376e+06,-3.11546245e+05,3.31734682e+04,8.88517468e+05,0.00000000e+00,3.05796124e+09
1.45000000e+04,3.20690880e+01,2.92047018e+33,-9.05550783e+38,9.79612147e+37,2.60378124e+39,3.98518966e+47,4.10771515e+47,1.67182317e+47,3.24073656e+48,2.51711827e+52,2.51772817e+52,-7.11177742e+51,2.16213930e+52,-1.23534509e+06,2.95336066e+05,-3.40078487e+06,-3.10070203e+05,3.35429600e+04,8.91562343e+05,0.00000000e+00,3.06783747e+09
1.45100000e+04,3.20749523e+01,2.92047030e+33,-9.01296245e+38,9.90561285e+37,2.61254857e+39,3.98598825e+47,4.10806822e+47,1.67163017e+47,3.25458269e+48,2.51742551e+52,2.51803652e+52,-7.11960178e+51,2.16205643e+52,-1.23963492e+06,2.96331409e+05,-3.39662959e+06,-3.08613392e+05,3.39178689e+04,8.94564336e+05,0.00000000e+00,3.07784559e+09
1.45200000e+04,3.20807547e+01,2.92047041e+33,-8.97077804e+38,1.00146700e+38,2.62122005e+39,3.98679003e+47,4.10843256e+47,1.67140670e+47,3.26846763e+48,2.51773105e+52,2.51834317e+52,-7.12748102e+51,2.16196912e+52,-1.24387976e+06,2.97326485e+05,-3.39250869e+06,-3.07168941e+05,3.42912909e+04,8.97533508e+05,0.00000000e+00,3.08797539e+09
1.45300000e+04,3.20865169e+01,2.92047052e+33,-8.92984949e+38,1.01210664e+38,2.62980610e+39,3.98756502e+47,4.10892490e+47,1.67112470e+47,3.28241384e+48,2.51803627e+52,2.51864953e+52,-7.13543931e+51,2.16187757e+52,-1.24809623e+06,2.98325151e+05,-3.38840685e+06,-3.05767493e+05,3.46556021e+04,9.00473427e+05,0.00000000e+00,3.09823899e+09
1.45400000e+04,3.20922336e+01,2.92047062e+33,-8.88803596e+38,1.02275227e+38,2.63842260e+39,3.98835352e+47,4.10923187e+47,1.67085655e+47,3.29638406e+48,2.51834059e+52,2.51895498e+52,-7.14346483e+51,2.16178173e+52,-1.25228205e+06,2.99327292e+05,-3.38432810e+06,-3.04335743e+05,3.50201184e+04,9.03423777e+05,0.00000000e+00,3.10860523e+09
1.45500000e+04,3.20979018e+01,2.92047073e+33,-8.84639680e+38,1.03349652e+38,2.64690348e+39,3.98921245e+47,4.10955636e+47,1.67057904e+47,3.31033132e+48,2.51864381e+52,2.51925933e+52,-7.15154838e+51,2.16168191e+52,-1.25643720e+06,3.00333298e+05,-3.38027511e+06,-3.02909963e+05,3.53880114e+04,9.06327685e+05,0.00000000e+00,3.11906290e+09
1.45600000e+04,3.21035194e+01,2.92047084e+33,-8.80514523e+38,1.04430194e+38,2.65530460e+39,3.99009615e+47,4.10989402e+47,1.67027508e+47,3.32423729e+48,2.51894588e+52,2.51956255e+52,-7.15968184e+51,2.16157846e+52,-1.26056094e+06,3.01343472e+05,-3.37624943e+06,-3.01497455e+05,3.57579992e+04,9.09204285e+05,0.00000000e+00,3.12960295e+09
1.45700000e+04,3.21090737e+01,2.92047094e+33,-8.76444901e+38,1.05500705e+38,2.66360928e+39,3.99099797e+47,4.11024037e+47,1.66995173e+47,3.33804759e+48,2.51924601e+52,2.51986381e+52,-7.16784156e+51,2.16147173e+52,-1.26464494e+06,3.02356545e+05,-3.37226066e+06,-3.00103963e+05,3.61245523e+04,9.12047865e+05,0.00000000e+00,3.14019846e+09
1.45800000e+04,3.21145473e+01,2.92047104e+33,-8.72422364e+38,1.06551927e+38,2.67177882e+39,3.99189298e+47,4.11058755e+47,1.66959874e+47,3.35170007e+48,2.51954313e+52,2.52016206e+52,-7.17599567e+51,2.16136227e+52,-1.26867801e+06,3.03369965e+05,-3.36832217e+06,-2.98726593e+05,3.64845005e+04,9.14845171e+05,0.00000000e+00,3.15081757e+09
1.45900000e+04,3.21199307e+01,2.92047113e+33,-8.68463885e+38,1.07573249e+38,2.67980626e+39,3.99280336e+47,4.11093681e+47,1.66919511e+47,3.36515402e+48,2.51983682e+52,2.52045685e+52,-7.18412330e+51,2.16125069e+52,-1.27265310e+06,3.04382918e+05,-3.36444131e+06,-2.97371159e+05,3.68342106e+04,9.17593817e+05,0.00000000e+00,3.16144423e+09
1.46000000e+04,3.21252164e+01,2.92047123e+33,-8.64573326e+38,1.08570241e+38,2.68769809e+39,3.99373952e+47,4.11126056e+47,1.66874615e+47,3.37837601e+48,2.52012646e+52,2.52074759e+52,-7.19220571e+51,2.16113730e+52,-1.27656487e+06,3.05393865e+05,-3.36062433e+06,-2.96038981e+05,3.71755899e+04,9.20296034e+05,0.00000000e+00,3.17206181e+09
1.46100000e+04,3.21304004e+01,2.92047132e+33,-8.60749508e+38,1.09574684e+38,2.69543224e+39,3.99469581e+47,4.11158944e+47,1.66831194e+47,3.39133666e+48,2.52041178e+52,2.52103398e+52,-7.20022965e+51,2.16102249e+52,-1.28041037e+06,3.06401492e+05,-3.35687459e+06,-2.94729656e+05,3.75195207e+04,9.22944260e+05,0.00000000e+00,3.18265144e+09
1.46200000e+04,3.21354963e+01,2.92047141e+33,-8.56984337e+38,1.10582810e+38,2.70303022e+39,3.99565842e+47,4.11189841e+47,1.66788969e+47,3.40404863e+48,2.52069347e+52,2.52131671e+52,-7.20820948e+51,2.16090624e+52,-1.28419884e+06,3.07408580e+05,-3.35318270e+06,-2.93440413e+05,3.78647124e+04,9.25545860e+05,0.00000000e+00,3.19322132e+09
1.46300000e+04,3.21405121e+01,2.92047149e+33,-8.53268189e+38,1.11587934e+38,2.71049470e+39,3.99663641e+47,4.11220661e+47,1.66747372e+47,3.41652175e+48,2.52097195e+52,2.52159623e+52,-7.21615183e+51,2.16078863e+52,-1.28793536e+06,3.08416973e+05,-3.34954344e+06,-2.92167957e+05,3.82088764e+04,9.28101750e+05,0.00000000e+00,3.20376456e+09
1.46400000e+04,3.21454517e+01,2.92047158e+33,-8.49598272e+38,1.12588464e+38,2.71786945e+39,3.99763808e+47,4.11249450e+47,1.66705346e+47,3.42875819e+48,2.52124730e+52,2.52187260e+52,-7.22405713e+51,2.16066974e+52,-1.29162230e+06,3.09427122e+05,-3.34595457e+06,-2.90911331e+05,3.85514670e+04,9.30626912e+05,0.00000000e+00,3.21426966e+09
1.46500000e+04,3.21503156e+01,2.92047166e+33,-8.46015150e+38,1.13542566e+38,2.72507542e+39,3.99865326e+47,4.11286450e+47,1.66658683e+47,3.44073702e+48,2.52151972e+52,2.52214601e+52,-7.23192110e+51,2.16054996e+52,-1.29525970e+06,3.10439084e+05,-3.34241613e+06,-2.89684424e+05,3.88781605e+04,9.33094288e+05,0.00000000e+00,3.22472983e+09
1.46600000e+04,3.21551073e+01,2.92047174e+33,-8.42486286e+38,1.14496453e+38,2.73220260e+39,3.99967951e+47,4.11318648e+47,1.66613991e+47,3.45247466e+48,2.52178901e+52,2.52241628e+52,-7.23974442e+51,2.16042906e+52,-1.29884937e+06,3.11453648e+05,-3.33892584e+06,-2.88476096e+05,3.92047805e+04,9.35534683e+05,0.00000000e+00,3.23515221e+09
1.46700000e+04,3.21598306e+01,2.92047182e+33,-8.38989679e+38,1.15438680e+38,2.73925928e+39,4.00071395e+47,4.11344897e+47,1.66571385e+47,3.46397083e+48,2.52205553e+52,2.52268377e+52,-7.24752855e+51,2.16030734e+52,-1.30239331e+06,3.12471452e+05,-3.33548106e+06,-2.87278814e+05,3.95274077e+04,9.37950937e+05,0.00000000e+00,3.24554225e+09
1.46800000e+04,3.21644894e+01,2.92047189e+33,-8.35523164e+38,1.16362926e+38,2.74623151e+39,4.00175956e+47,4.11371254e+47,1.66528282e+47,3.47523264e+48,2.52231950e+52,2.52294868e+52,-7.25527545e+51,2.16018491e+52,-1.30589390e+06,3.13493115e+05,-3.33207922e+06,-2.86091836e+05,3.98438781e+04,9.40338278e+05,0.00000000e+00,3.25590462e+09
1.46900000e+04,3.21690878e+01,2.92047197e+33,-8.32092940e+38,1.17270931e+38,2.75312477e+39,4.00280839e+47,4.11399434e+47,1.66484741e+47,3.48626970e+48,2.52258104e+52,2.52321114e+52,-7.26298800e+51,2.16006174e+52,-1.30935394e+06,3.14519405e+05,-3.32871728e+06,-2.84917284e+05,4.01547874e+04,9.42698580e+05,0.00000000e+00,3.26624529e+09
1.47000000e+04,3.21736308e+01,2.92047204e+33,-8.28659781e+38,1.18150900e+38,2.76011590e+39,4.00382364e+47,4.11416269e+47,1.66442026e+47,3.49711616e+48,2.52284071e+52,2.52347173e+52,-7.27067054e+51,2.15993820e+52,-1.31277709e+06,3.15551373e+05,-3.32539172e+06,-2.83741728e+05,4.04560969e+04,9.45092390e+05,0.00000000e+00,3.27657177e+09
1.47100000e+04,3.21781232e+01,2.92047211e+33,-8.25292088e+38,1.19024663e+38,2.76684881e+39,4.00489614e+47,4.11442953e+47,1.66397701e+47,3.50770699e+48,2.52309812e+52,2.52373003e+52,-7.27832779e+51,2.15981364e+52,-1.31616675e+06,3.16589851e+05,-3.32209937e+06,-2.82588588e+05,4.07552815e+04,9.47397787e+05,0.00000000e+00,3.28689113e+09
1.47200000e+04,3.21825714e+01,2.92047218e+33,-8.21955205e+38,1.19881523e+38,2.77350816e+39,4.00596535e+47,4.11468582e+47,1.66353296e+47,3.51811192e+48,2.52335406e+52,2.52398685e+52,-7.28596751e+51,2.15968848e+52,-1.31952739e+06,3.17636039e+05,-3.31883552e+06,-2.81445997e+05,4.10486783e+04,9.49677993e+05,0.00000000e+00,3.29721438e+09
1.47300000e+04,3.21869812e+01,2.92047225e+33,-8.18700347e+38,1.20727823e+38,2.78009660e+39,4.00702398e+47,4.11495620e+47,1.66309127e+47,3.52832778e+48,2.52360870e+52,2.52424235e+52,-7.29359648e+51,2.15956253e+52,-1.32286313e+06,3.18691004e+05,-3.31559578e+06,-2.80331494e+05,4.13384593e+04,9.51933922e+05,0.00000000e+00,3.30754914e+09
1.47400000e+04,3.21913532e+01,2.92047232e+33,-8.15444082e+38,1.21562486e+38,2.78662695e+39,4.00807057e+47,4.11519450e+47,1.66265034e+47,3.53834733e+48,2.52386206e+52,2.52449656e+52,-7.30121335e+51,2.15943589e+52,-1.32617395e+06,3.19754494e+05,-3.31237969e+06,-2.79216508e+05,4.16242557e+04,9.54169958e+05,0.00000000e+00,3.31789316e+09
1.47500000e+04,3.21956855e+01,2.92047238e+33,-8.12220464e+38,1.22377675e+38,2.79309386e+39,4.00911375e+47,4.11544707e+47,1.66218065e+47,3.54816830e+48,2.52411403e+52,2.52474937e+52,-7.30881160e+51,2.15930879e+52,-1.32945791e+06,3.20825517e+05,-3.30918907e+06,-2.78112701e+05,4.19033836e+04,9.56384274e+05,0.00000000e+00,3.32823720e+09
1.47600000e+04,3.21999708e+01,2.92047245e+33,-8.09025572e+38,1.23191903e+38,2.79949302e+39,4.01018264e+47,4.11571106e+47,1.66170043e+47,3.55777826e+48,2.52436407e+52,2.52500022e+52,-7.31637590e+51,2.15918143e+52,-1.33270974e+06,3.21902452e+05,-3.30602950e+06,-2.77018731e+05,4.21821828e+04,9.58575392e+05,0.00000000e+00,3.33855793e+09
1.47700000e+04,3.22042103e+01,2.92047251e+33,-8.05846644e+38,1.23995062e+38,2.80581239e+39,4.01127388e+47,4.11597801e+47,1.66124184e+47,3.56717505e+48,2.52461224e+52,2.52524920e+52,-7.32390534e+51,2.15905393e+52,-1.33593037e+06,3.22985410e+05,-3.30290040e+06,-2.75930227e+05,4.24571918e+04,9.60739189e+05,0.00000000e+00,3.34885492e+09
1.47800000e+04,3.22084254e+01,2.92047257e+33,-8.02681412e+38,1.24786147e+38,2.81209853e+39,4.01237914e+47,4.11623118e+47,1.66081980e+47,3.57662778e+48,2.52485981e+52,2.52549758e+52,-7.33143529e+51,2.15892582e+52,-1.33914745e+06,3.24084744e+05,-3.29979138e+06,-2.74846414e+05,4.27280668e+04,9.62891606e+05,0.00000000e+00,3.35912417e+09
1.47900000e+04,3.22126530e+01,2.92047264e+33,-7.99507858e+38,1.25573920e+38,2.81840627e+39,4.01348816e+47,4.11647459e+47,1.66039756e+47,3.58564769e+48,2.52510899e+52,2.52574753e+52,-7.33903132e+51,2.15879597e+52,-1.34236727e+06,3.25201890e+05,-3.29666510e+06,-2.73759750e+05,4.29978076e+04,9.65051421e+05,0.00000000e+00,3.36967274e+09
1.48000000e+04,3.22168900e+01,2.92047270e+33,-7.96318535e+38,1.26369494e+38,2.82473627e+39,4.01462139e+47,4.11669823e+47,1.65996008e+47,3.59459197e+48,2.52535955e+52,2.52599886e+52,-7.34668601e+51,2.15866456e+52,-1.34559398e+06,3.26338106e+05,-3.29352653e+06,-2.72667686e+05,4.32702191e+04,9.67218858e+05,0.00000000e+00,3.38021016e+09
1.48100000e+04,3.22211382e+01,2.92047277e+33,-7.93125038e+38,1.27174444e+38,2.83108065e+39,4.01577993e+47,4.11691673e+47,1.65949771e+47,3.60343968e+48,2.52561157e+52,2.52625163e+52,-7.35440141e+51,2.15853156e+52,-1.34883015e+06,3.27493317e+05,-3.29037551e+06,-2.71574194e+05,4.35458414e+04,9.69391217e+05,0.00000000e+00,3.39082233e+09
1.48200000e+04,3.22253973e+01,2.92047283e+33,-7.89944436e+38,1.27967202e+38,2.83743273e+39,4.01694145e+47,4.11714241e+47,1.65901595e+47,3.61218052e+48,2.52586500e+52,2.52650582e+52,-7.36217574e+51,2.15839703e+52,-1.35207574e+06,3.28666908e+05,-3.28721266e+06,-2.70485117e+05,4.38172891e+04,9.71566215e+05,0.00000000e+00,3.40153279e+09
1.48300000e+04,3.22296681e+01,2.92047290e+33,-7.86804105e+38,1.28764675e+38,2.84379910e+39,4.01811758e+47,4.11741765e+47,1.65851670e+47,3.62081701e+48,2.52611994e+52,2.52676150e+52,-7.37000913e+51,2.15826104e+52,-1.35533121e+06,3.29858404e+05,-3.28403749e+06,-2.69409830e+05,4.40903509e+04,9.73746103e+05,0.00000000e+00,3.41234941e+09
1.48400000e+04,3.22339518e+01,2.92047296e+33,-7.83625948e+38,1.29573301e+38,2.85018506e+39,4.01932036e+47,4.11768865e+47,1.65800904e+47,3.62933748e+48,2.52637643e+52,2.52701873e+52,-7.37790259e+51,2.15812360e+52,-1.35859741e+06,3.31067581e+05,-3.28084904e+06,-2.68321590e+05,4.43672318e+04,9.75932701e+05,0.00000000e+00,3.42327598e+09
1.48500000e+04,3.22382482e+01,2.92047303e+33,-7.80448646e+38,1.30386568e+38,2.85660414e+39,4.02054680e+47,4.11795303e+47,1.65749365e+47,3.63774358e+48,2.52663452e+52,2.52727754e+52,-7.38585456e+51,2.15798481e+52,-1.36187425e+06,3.32293893e+05,-3.27764742e+06,-2.67233643e+05,4.46457017e+04,9.78130636e+05,0.00000000e+00,3.43431141e+09
1.48600000e+04,3.22425587e+01,2.92047309e+33,-7.77288960e+38,1.31185158e+38,2.86302039e+39,4.02178471e+47,4.11826406e+47,1.65692999e+47,3.64619269e+48,2.52689433e+52,2.52753809e+52,-7.39386608e+51,2.15784479e+52,-1.36516794e+06,3.33539705e+05,-3.27443387e+06,-2.66151728e+05,4.49191461e+04,9.80327604e+05,0.00000000e+00,3.44537894e+09
1.48700000e+04,3.22468943e+01,2.92047316e+33,-7.74099422e+38,1.32018302e+38,2.86947336e+39,4.02303497e+47,4.11856318e+47,1.65639899e+47,3.65445221e+48,2.52715634e+52,2.52780082e+52,-7.40195690e+51,2.15770297e+52,-1.36848516e+06,3.34807411e+05,-3.27119999e+06,-2.65059591e+05,4.52044223e+04,9.82537148e+05,0.00000000e+00,3.45677097e+09
1.48800000e+04,3.22512497e+01,2.92047322e+33,-7.70875345e+38,1.32849633e+38,2.87598350e+39,4.02430746e+47,4.11882359e+47,1.65584454e+47,3.66246818e+48,2.52742031e+52,2.52806549e+52,-7.41011605e+51,2.15755969e+52,-1.37181066e+06,3.36091269e+05,-3.26794316e+06,-2.63955629e+05,4.54890774e+04,9.84766262e+05,0.00000000e+00,3.46825669e+09
1.48900000e+04,3.22556247e+01,2.92047329e+33,-7.67631078e+38,1.33677996e+38,2.88253616e+39,4.02560769e+47,4.11908017e+47,1.65525867e+47,3.67051647e+48,2.52768628e+52,2.52833216e+52,-7.41834105e+51,2.15741510e+52,-1.37515791e+06,3.37396316e+05,-3.26467059e+06,-2.62844752e+05,4.57727167e+04,9.87009939e+05,0.00000000e+00,3.47979119e+09
1.49000000e+04,3.22600042e+01,2.92047336e+33,-7.64385610e+38,1.34498157e+38,2.88908783e+39,4.02691103e+47,4.11933866e+47,1.65466037e+47,3.67840439e+48,2.52795343e+52,2.52860000e+52,-7.42660230e+51,2.15726988e+52,-1.37851051e+06,3.38715939e+05,-3.26139128e+06,-2.61733465e+05,4.60535472e+04,9.89253273e+05,0.00000000e+00,3.49141444e+09
1.49100000e+04,3.22643949e+01,2.92047342e+33,-7.61140913e+38,1.35317671e+38,2.89563601e+39,4.02821877e+47,4.11960104e+47,1.65406281e+47,3.68614702e+48,2.52822228e+52,2.52886952e+52,-7.43491090e+51,2.15712398e+52,-1.38187290e+06,3.40051402e+05,-3.25809968e+06,-2.60622441e+05,4.63341561e+04,9.91495417e+05,0.00000000e+00,3.50311785e+09
1.49200000e+04,3.22687866e+01,2.92047349e+33,-7.57992337e+38,1.36125662e+38,2.90212843e+39,4.02953444e+47,4.11997883e+47,1.65342091e+47,3.69361262e+48,2.52849193e+52,2.52913983e+52,-7.44324579e+51,2.15697754e+52,-1.38523024e+06,3.41395410e+05,-3.25479997e+06,-2.59544331e+05,4.66108193e+04,9.93718464e+05,0.00000000e+00,3.51488119e+09
1.49300000e+04,3.22731949e+01,2.92047356e+33,-7.54737103e+38,1.36975898e+38,2.90869559e+39,4.03088976e+47,4.12019661e+47,1.65280824e+47,3.70108376e+48,2.52876337e+52,2.52941193e+52,-7.45163425e+51,2.15683022e+52,-1.38860790e+06,3.42758327e+05,-3.25148720e+06,-2.58429699e+05,4.69019477e+04,9.95967104e+05,0.00000000e+00,3.52671174e+09
1.49400000e+04,3.22776109e+01,2.92047362e+33,-7.51473574e+38,1.37852408e+38,2.91527979e+39,4.03228222e+47,4.12038439e+47,1.65216494e+47,3.70840044e+48,2.52903603e+52,2.52968524e+52,-7.46005764e+51,2.15668236e+52,-1.39199328e+06,3.44134861e+05,-3.24816514e+06,-2.57312228e+05,4.72020725e+04,9.98221579e+05,0.00000000e+00,3.53864085e+09
1.49500000e+04,3.22820352e+01,2.92047369e+33,-7.48208012e+38,1.38735201e+38,2.92186241e+39,4.03371229e+47,4.12058759e+47,1.65149050e+47,3.71541042e+48,2.52931000e+52,2.52995984e+52,-7.46851579e+51,2.15653405e+52,-1.39537981e+06,3.45521388e+05,-3.24482956e+06,-2.56194060e+05,4.75043488e+04,1.00047551e+06,0.00000000e+00,3.55069241e+09
1.49600000e+04,3.22864638e+01,2.92047376e+33,-7.44948666e+38,1.39603229e+38,2.92844491e+39,4.03516726e+47,4.12080357e+47,1.65076869e+47,3.72230807e+48,2.52958513e+52,2.53023558e+52,-7.47699812e+51,2.15638568e+52,-1.39876938e+06,3.46917683e+05,-3.24148629e+06,-2.55078020e+05,4.78015693e+04,1.00272940e+06,0.00000000e+00,3.56274573e+09
1.49700000e+04,3.22908960e+01,2.92047383e+33,-7.41684224e+38,1.40484708e+38,2.93503871e+39,4.03665784e+47,4.12097655e+47,1.65005691e+47,3.72906595e+48,2.52986120e+52,2.53051226e+52,-7.48550116e+51,2.15623721e+52,-1.40216238e+06,3.48323129e+05,-3.23813653e+06,-2.53960236e+05,4.81033956e+04,1.00498716e+06,0.00000000e+00,3.57485457e+09
1.49800000e+04,3.22953349e+01,2.92047390e+33,-7.38430011e+38,1.41364309e+38,2.94163285e+39,4.03818376e+47,4.12113225e+47,1.64932025e+47,3.73567955e+48,2.53013852e+52,2.53079017e+52,-7.49402924e+51,2.15608871e+52,-1.40556163e+06,3.49738162e+05,-3.23477782e+06,-2.52845955e+05,4.84045786e+04,1.00724504e+06,0.00000000e+00,3.58703948e+09
1.49900000e+04,3.22997824e+01,2.92047397e+33,-7.35160996e+38,1.42256272e+38,2.94823340e+39,4.03974696e+47,4.12127636e+47,1.64859272e+47,3.74214997e+48,2.53041711e+52,2.53106935e+52,-7.50258327e+51,2.15594019e+52,-1.40896833e+06,3.51162533e+05,-3.23140889e+06,-2.51726605e+05,4.87099948e+04,1.00950511e+06,0.00000000e+00,3.59929937e+09
1.50000000e+04,3.23042403e+01,2.92047404e+33,-7.31880309e+38,1.43144191e+38,2.95483330e+39,4.04133300e+47,4.12141199e+47,1.64784754e+47,3.74847289e+48,2.53069707e+52,2.53134989e+52,-7.51116484e+51,2.15579165e+52,-1.41238414e+06,3.52596204e+05,-3.22802802e+06,-2.50603258e+05,4.90140263e+04,1.01176496e+06,0.00000000e+00,3.61163438e+09
1.50100000e+04,3.23087206e+01,2.92047411e+33,-7.28586506e+38,1.44002915e+38,2.96143385e+39,4.04292377e+47,4.12154596e+47,1.64708375e+47,3.75465966e+48,2.53097916e+52,2.53163254e+52,-7.51979475e+51,2.15564281e+52,-1.41581786e+06,3.54042328e+05,-3.22462586e+06,-2.49475420e+05,4.93080608e+04,1.01402503e+06,0.00000000e+00,3.62407411e+09
1.50200000e+04,3.23132284e+01,2.92047418e+33,-7.25283572e+38,1.44831859e+38,2.96805473e+39,4.04454247e+47,4.12169750e+47,1.64628690e+47,3.76071756e+48,2.53126378e+52,2.53191773e+52,-7.52848070e+51,2.15549369e+52,-1.41927327e+06,3.55501963e+05,-3.22119831e+06,-2.48344456e+05,4.95918985e+04,1.01629206e+06,0.00000000e+00,3.63662454e+09
1.50300000e+04,3.23177690e+01,2.92047426e+33,-7.21992839e+38,1.45634854e+38,2.97469798e+39,4.04618127e+47,4.12189706e+47,1.64547900e+47,3.76664724e+48,2.53155118e+52,2.53220567e+52,-7.53723013e+51,2.15534416e+52,-1.42275400e+06,3.56976326e+05,-3.21774132e+06,-2.47217669e+05,4.98668508e+04,1.01856675e+06,0.00000000e+00,3.64929423e+09
1.50400000e+04,3.23223429e+01,2.92047433e+33,-7.18667628e+38,1.46437541e+38,2.98137360e+39,4.04785384e+47,4.12211462e+47,1.64465218e+47,3.77244505e+48,2.53184136e+52,2.53249639e+52,-7.54604163e+51,2.15519430e+52,-1.42626029e+06,3.58465257e+05,-3.21425427e+06,-2.46079077e+05,5.01416976e+04,1.02085253e+06,0.00000000e+00,3.66207544e+09
1.50500000e+04,3.23269523e+01,2.92047440e+33,-7.15283395e+38,1.47235134e+38,2.98808400e+39,4.04956823e+47,4.12233351e+47,1.64380386e+47,3.77811054e+48,2.53213453e+52,2.53279009e+52,-7.55491674e+51,2.15504425e+52,-1.42979362e+06,3.59969091e+05,-3.21073540e+06,-2.44920275e+05,5.04148003e+04,1.02315021e+06,0.00000000e+00,3.67497336e+09
1.50600000e+04,3.23316027e+01,2.92047448e+33,-7.11845665e+38,1.48022860e+38,2.99483919e+39,4.05133649e+47,4.12255863e+47,1.64294043e+47,3.78364514e+48,2.53243097e+52,2.53308705e+52,-7.56386303e+51,2.15489390e+52,-1.43335786e+06,3.61489078e+05,-3.20718046e+06,-2.43743155e+05,5.06845244e+04,1.02546323e+06,0.00000000e+00,3.68799963e+09
1.50700000e+04,3.23363039e+01,2.92047456e+33,-7.08369063e+38,1.48814728e+38,3.00164053e+39,4.05317860e+47,4.12282427e+47,1.64204055e+47,3.78904584e+48,2.53273139e+52,2.53338797e+52,-7.57289663e+51,2.15474314e+52,-1.43696014e+06,3.63028190e+05,-3.20358151e+06,-2.42552725e+05,5.09556668e+04,1.02779205e+06,0.00000000e+00,3.70117660e+09
1.50800000e+04,3.23410599e+01,2.92047463e+33,-7.04845754e+38,1.49605078e+38,3.00850661e+39,4.05507384e+47,4.12309505e+47,1.64111866e+47,3.79432157e+48,2.53303597e+52,2.53369305e+52,-7.58202178e+51,2.15459197e+52,-1.44060311e+06,3.64586971e+05,-3.19993540e+06,-2.41346302e+05,5.12262892e+04,1.03014304e+06,0.00000000e+00,3.71450812e+09
1.50900000e+04,3.23458728e+01,2.92047471e+33,-7.01277504e+38,1.50390143e+38,3.01545547e+39,4.05700685e+47,4.12337384e+47,1.64017485e+47,3.79946651e+48,2.53334485e+52,2.53400242e+52,-7.59123884e+51,2.15444048e+52,-1.44428845e+06,3.66165447e+05,-3.19624045e+06,-2.40124491e+05,5.14951018e+04,1.03252237e+06,0.00000000e+00,3.72799697e+09
1.51000000e+04,3.23507467e+01,2.92047480e+33,-6.97648148e+38,1.51171324e+38,3.02248465e+39,4.05895829e+47,4.12365571e+47,1.63921470e+47,3.80447854e+48,2.53365839e+52,2.53431645e+52,-7.60055185e+51,2.15428886e+52,-1.44801901e+06,3.67764270e+05,-3.19249336e+06,-2.38881756e+05,5.17625847e+04,1.03492920e+06,0.00000000e+00,3.74165285e+09
1.51100000e+04,3.23556864e+01,2.92047488e+33,-6.93946691e+38,1.51936345e+38,3.02960250e+39,4.06095145e+47,4.12393040e+47,1.63824935e+47,3.80935910e+48,2.53397705e+52,2.53463558e+52,-7.60996589e+51,2.15413729e+52,-1.45179813e+06,3.69383991e+05,-3.18868997e+06,-2.37614333e+05,5.20245342e+04,1.03736640e+06,0.00000000e+00,3.75548626e+09
1.51200000e+04,3.23606963e+01,2.92047497e+33,-6.90194918e+38,1.52696359e+38,3.03680500e+39,4.06299419e+47,4.12423213e+47,1.63726217e+47,3.81410142e+48,2.53430093e+52,2.53495993e+52,-7.61948467e+51,2.15398569e+52,-1.45562887e+06,3.71024908e+05,-3.18482655e+06,-2.36329681e+05,5.22847692e+04,1.03983257e+06,0.00000000e+00,3.76950393e+09
1.51300000e+04,3.23657790e+01,2.92047505e+33,-6.86408478e+38,1.53443162e+38,3.04408181e+39,4.06508837e+47,4.12458569e+47,1.63622709e+47,3.81870861e+48,2.53463034e+52,2.53528980e+52,-7.62910806e+51,2.15383440e+52,-1.45951253e+06,3.72686351e+05,-3.18090097e+06,-2.35033159e+05,5.25404802e+04,1.04232420e+06,0.00000000e+00,3.78370659e+09
1.51400000e+04,3.23709353e+01,2.92047514e+33,-6.82549171e+38,1.54207369e+38,3.05147624e+39,4.06721337e+47,4.12491979e+47,1.63519010e+47,3.82318182e+48,2.53496535e+52,2.53562525e+52,-7.63883218e+51,2.15368364e+52,-1.46344953e+06,3.74367010e+05,-3.17691240e+06,-2.33711686e+05,5.28021507e+04,1.04485609e+06,0.00000000e+00,3.79809256e+09
1.51500000e+04,3.23761719e+01,2.92047524e+33,-6.78637629e+38,1.54960502e+38,3.05896051e+39,4.06937868e+47,4.12527814e+47,1.63408407e+47,3.82752162e+48,2.53530644e+52,2.53596677e+52,-7.64866376e+51,2.15353359e+52,-1.46744443e+06,3.76067621e+05,-3.17285524e+06,-2.32372328e+05,5.30600296e+04,1.04741875e+06,0.00000000e+00,3.81267710e+09
1.51600000e+04,3.23814889e+01,2.92047533e+33,-6.74634246e+38,1.55705176e+38,3.06656785e+39,4.07159633e+47,4.12564516e+47,1.63296556e+47,3.83172929e+48,2.53565349e+52,2.53631425e+52,-7.65859654e+51,2.15338442e+52,-1.47149713e+06,3.77786716e+05,-3.16872915e+06,-2.31001522e+05,5.33150115e+04,1.05002354e+06,0.00000000e+00,3.82745008e+09
1.51700000e+04,3.23868824e+01,2.92047543e+33,-6.70577176e+38,1.56437813e+38,3.07426772e+39,4.07387489e+47,4.12603637e+47,1.63184028e+47,3.83580689e+48,2.53600618e+52,2.53666736e+52,-7.66861619e+51,2.15323655e+52,-1.47560462e+06,3.79520927e+05,-3.16453733e+06,-2.29612333e+05,5.35658720e+04,1.05266002e+06,0.00000000e+00,3.84239555e+09
1.51800000e+04,3.23923490e+01,2.92047553e+33,-6.66431376e+38,1.57153145e+38,3.08204744e+39,4.07618183e+47,4.12648135e+47,1.63069699e+47,3.83976297e+48,2.53636438e+52,2.53702597e+52,-7.67870905e+51,2.15309052e+52,-1.47976413e+06,3.81267227e+05,-3.16028246e+06,-2.28192762e+05,5.38108068e+04,1.05532384e+06,0.00000000e+00,3.85749559e+09
1.51900000e+04,3.23979036e+01,2.92047563e+33,-6.62189785e+38,1.57867895e+38,3.08994170e+39,4.07851905e+47,4.12695825e+47,1.62953524e+47,3.84383301e+48,2.53672909e+52,2.53739110e+52,-7.68889432e+51,2.15294639e+52,-1.48399945e+06,3.83035120e+05,-3.15596000e+06,-2.26740391e+05,5.40555429e+04,1.05802687e+06,0.00000000e+00,3.87277992e+09
1.52000000e+04,3.24035763e+01,2.92047573e+33,-6.57878394e+38,1.58549182e+38,3.09800523e+39,4.08089938e+47,4.12750439e+47,1.62829269e+47,3.84771576e+48,2.53710222e+52,2.53776464e+52,-7.69921928e+51,2.15280368e+52,-1.48832162e+06,3.84829933e+05,-3.15153962e+06,-2.25264120e+05,5.42888202e+04,1.06078787e+06,0.00000000e+00,3.88840190e+09
1.52100000e+04,3.24093604e+01,2.92047584e+33,-6.53435173e+38,1.59322398e+38,3.10623759e+39,4.08332103e+47,4.12804392e+47,1.62709478e+47,3.85112988e+48,2.53748338e+52,2.53814619e+52,-7.70966071e+51,2.15266316e+52,-1.49270818e+06,3.86640706e+05,-3.14701680e+06,-2.23742708e+05,5.45535752e+04,1.06360667e+06,0.00000000e+00,3.90419958e+09
1.52200000e+04,3.24152366e+01,2.92047595e+33,-6.48988623e+38,1.60051903e+38,3.11456770e+39,4.08574004e+47,4.12864383e+47,1.62578873e+47,3.85453666e+48,2.53787131e+52,2.53853451e+52,-7.72017182e+51,2.15252592e+52,-1.49715643e+06,3.88461342e+05,-3.14241335e+06,-2.22220157e+05,5.48033628e+04,1.06645894e+06,0.00000000e+00,3.92002366e+09
1.52300000e+04,3.24212511e+01,2.92047606e+33,-6.44432691e+38,1.60818930e+38,3.12311620e+39,4.08831044e+47,4.12927818e+47,1.62439924e+47,3.85837526e+48,2.53827292e+52,2.53893659e+52,-7.73082292e+51,2.15239545e+52,-1.50173475e+06,3.90319819e+05,-3.13771177e+06,-2.20660152e+05,5.50659983e+04,1.06938599e+06,0.00000000e+00,3.93620520e+09
1.52400000e+04,3.24273919e+01,2.92047618e+33,-6.39695158e+38,1.61509611e+38,3.13178770e+39,4.09085748e+47,4.12994471e+47,1.62301071e+47,3.86124131e+48,2.53867972e+52,2.53934371e+52,-7.74158050e+51,2.15226468e+52,-1.50637028e+06,3.92186435e+05,-3.13288414e+06,-2.19037964e+05,5.53024920e+04,1.07235516e+06,0.00000000e+00,3.95258013e+09
1.52500000e+04,3.24336341e+01,2.92047631e+33,-6.34858127e+38,1.62221391e+38,3.14055437e+39,4.09343485e+47,4.13066117e+47,1.62164108e+47,3.86415553e+48,2.53909434e+52,2.53975868e+52,-7.75238417e+51,2.15213948e+52,-1.51107153e+06,3.94055561e+05,-3.12796566e+06,-2.17381708e+05,5.55462102e+04,1.07535691e+06,0.00000000e+00,3.96891498e+09
1.52600000e+04,3.24399857e+01,2.92047644e+33,-6.29947825e+38,1.62969465e+38,3.14947821e+39,4.09606900e+47,4.13141564e+47,1.62025509e+47,3.86696049e+48,2.53951736e+52,2.54018208e+52,-7.76323322e+51,2.15202041e+52,-1.51584734e+06,3.95925069e+05,-3.12295176e+06,-2.15700362e+05,5.58023557e+04,1.07841247e+06,0.00000000e+00,3.98538567e+09
1.52700000e+04,3.24464613e+01,2.92047657e+33,-6.24924846e+38,1.63695772e+38,3.15860310e+39,4.09870735e+47,4.13220759e+47,1.61879257e+47,3.86963846e+48,2.53994924e+52,2.54061432e+52,-7.77413601e+51,2.15190752e+52,-1.52070709e+06,3.97795770e+05,-3.11782968e+06,-2.13980434e+05,5.60510477e+04,1.08153687e+06,0.00000000e+00,4.00199421e+09
1.52800000e+04,3.24530695e+01,2.92047671e+33,-6.19819611e+38,1.64420892e+38,3.16789620e+39,4.10141499e+47,4.13309269e+47,1.61728497e+47,3.87220272e+48,2.54039087e+52,2.54105632e+52,-7.78508884e+51,2.15180187e+52,-1.52565630e+06,3.99667320e+05,-3.11259089e+06,-2.12232342e+05,5.62993333e+04,1.08471887e+06,0.00000000e+00,4.01872377e+09
1.52900000e+04,3.24598174e+01,2.92047686e+33,-6.14584083e+38,1.65110071e+38,3.17739289e+39,4.10417605e+47,4.13408124e+47,1.61568646e+47,3.87466336e+48,2.54084228e+52,2.54150809e+52,-7.79608306e+51,2.15170394e+52,-1.53069942e+06,4.01538305e+05,-3.10722875e+06,-2.10439635e+05,5.65353122e+04,1.08797058e+06,0.00000000e+00,4.03556399e+09
1.53000000e+04,3.24667163e+01,2.92047701e+33,-6.09246014e+38,1.65834655e+38,3.18707205e+39,4.10692511e+47,4.13511162e+47,1.61403219e+47,3.87702908e+48,2.54130418e+52,2.54197036e+52,-7.80711521e+51,2.15161460e+52,-1.53584391e+06,4.03408894e+05,-3.10173282e+06,-2.08611817e+05,5.67834139e+04,1.09128476e+06,0.00000000e+00,4.05251883e+09
1.53100000e+04,3.24737808e+01,2.92047716e+33,-6.03775577e+38,1.66548084e+38,3.19698613e+39,4.10970037e+47,4.13617715e+47,1.61230545e+47,3.87931103e+48,2.54177747e+52,2.54244404e+52,-7.81818377e+51,2.15153485e+52,-1.54109916e+06,4.05278804e+05,-3.09608960e+06,-2.06738674e+05,5.70276960e+04,1.09467938e+06,0.00000000e+00,4.06959112e+09
1.53200000e+04,3.24810360e+01,2.92047733e+33,-5.98128990e+38,1.67276021e+38,3.20716770e+39,4.11256720e+47,4.13730016e+47,1.61044478e+47,3.88153018e+48,2.54226416e+52,2.54293111e+52,-7.82929903e+51,2.15146616e+52,-1.54648049e+06,4.07149882e+05,-3.09027715e+06,-2.04805216e+05,5.72769455e+04,1.09816559e+06,0.00000000e+00,4.08679913e+09
1.53300000e+04,3.24885101e+01,2.92047750e+33,-5.92298545e+38,1.68019604e+38,3.21764034e+39,4.11550565e+47,4.13856246e+47,1.60845214e+47,3.88370044e+48,2.54276595e+52,2.54343331e+52,-7.84047052e+51,2.15140978e+52,-1.55200532e+06,4.09023318e+05,-3.08427069e+06,-2.02808802e+05,5.75315521e+04,1.10175146e+06,0.00000000e+00,4.10415182e+09
1.53400000e+04,3.24962317e+01,2.92047768e+33,-5.86280462e+38,1.68763124e+38,3.22842063e+39,4.11849767e+47,4.13994161e+47,1.60635312e+47,3.88585180e+48,2.54328444e+52,2.54395222e+52,-7.85170077e+51,2.15136718e+52,-1.55769117e+06,4.10898332e+05,-3.07804343e+06,-2.00748140e+05,5.77861371e+04,1.10544266e+06,0.00000000e+00,4.12163837e+09
1.53500000e+04,3.25042258e+01,2.92047788e+33,-5.80009002e+38,1.69480710e+38,3.23953933e+39,4.12152648e+47,4.14140247e+47,1.60413613e+47,3.88800495e+48,2.54382117e+52,2.54448940e+52,-7.86297893e+51,2.15134045e+52,-1.56355171e+06,4.12771535e+05,-3.07157069e+06,-1.98600717e+05,5.80318418e+04,1.10924974e+06,0.00000000e+00,4.13923153e+09
1.53600000e+04,3.25125216e+01,2.92047809e+33,-5.73462819e+38,1.70192202e+38,3.25105316e+39,4.12467864e+47,4.14295189e+47,1.60181115e+47,3.89020303e+48,2.54437867e+52,2.54504738e+52,-7.87429072e+51,2.15133285e+52,-1.56960183e+06,4.14639359e+05,-3.06482433e+06,-1.96359227e+05,5.82754593e+04,1.11319211e+06,0.00000000e+00,4.15690345e+09
1.53700000e+04,3.25211509e+01,2.92047831e+33,-5.66667298e+38,1.70825513e+38,3.26308477e+39,4.12785937e+47,4.14466802e+47,1.59935198e+47,3.89250919e+48,2.54496141e+52,2.54563064e+52,-7.88561474e+51,2.15134991e+52,-1.57585771e+06,4.16499708e+05,-3.05777469e+06,-1.94032359e+05,5.84923065e+04,1.11731176e+06,0.00000000e+00,4.17460279e+09
1.53800000e+04,3.25301557e+01,2.92047856e+33,-5.59583438e+38,1.71460393e+38,3.27554781e+39,4.13115266e+47,4.14650963e+47,1.59676228e+47,3.89501076e+48,2.54556675e+52,2.54623656e+52,-7.89692878e+51,2.15139012e+52,-1.58234112e+06,4.18348741e+05,-3.05038190e+06,-1.91606761e+05,5.87096907e+04,1.12157913e+06,0.00000000e+00,4.19230705e+09
1.53900000e+04,3.25395839e+01,2.92047882e+33,-5.52161742e+38,1.72098631e+38,3.28857334e+39,4.13446354e+47,4.14850393e+47,1.59412077e+47,3.89780097e+48,2.54620076e+52,2.54687121e+52,-7.90820046e+51,2.15146119e+52,-1.58907598e+06,4.20181192e+05,-3.04259817e+06,-1.89065484e+05,5.89282244e+04,1.12603910e+06,0.00000000e+00,4.20999010e+09
1.54000000e+04,3.25494566e+01,2.92047911e+33,-5.44343613e+38,1.72737829e+38,3.30214703e+39,4.13783448e+47,4.15063044e+47,1.59139957e+47,3.90102865e+48,2.54686479e+52,2.54753596e+52,-7.91934582e+51,2.15156867e+52,-1.59606905e+06,4.21986835e+05,-3.03440039e+06,-1.86388463e+05,5.91470860e+04,1.13068675e+06,0.00000000e+00,4.22751838e+09
1.54100000e+04,3.25597880e+01,2.92047942e+33,-5.36112731e+38,1.73365136e+38,3.31638173e+39,4.14117259e+47,4.15282571e+47,1.58855447e+47,3.90483766e+48,2.54755826e+52,2.54823026e+52,-7.93025779e+51,2.15171737e+52,-1.60332221e+06,4.23754911e+05,-3.02577196e+06,-1.83570111e+05,5.93618755e+04,1.13556073e+06,0.00000000e+00,4.24473939e+09
1.54200000e+04,3.25706035e+01,2.92047974e+33,-5.27472948e+38,1.73972607e+38,3.33116524e+39,4.14453858e+47,4.15524409e+47,1.58554720e+47,3.91089852e+48,2.54828275e+52,2.54895581e+52,-7.94081840e+51,2.15191489e+52,-1.61087914e+06,4.25481838e+05,-3.01670613e+06,-1.80611747e+05,5.95698729e+04,1.14062261e+06,0.00000000e+00,4.26073224e+09
1.54300000e+04,3.25819436e+01,2.92048011e+33,-5.18256991e+38,1.74490767e+38,3.34665763e+39,4.14773037e+47,4.15786538e+47,1.58239297e+47,3.91519565e+48,2.54904394e+52,2.54971797e+52,-7.95092873e+51,2.15217153e+52,-1.61870422e+06,4.27167468e+05,-3.00713215e+06,-1.77456093e+05,5.97472882e+04,1.14592721e+06,0.00000000e+00,4.27794569e+09
1.54400000e+04,3.25938539e+01,2.92048052e+33,-5.08500264e+38,1.74981561e+38,3.36282858e+39,4.15082559e+47,4.16076124e+47,1.57903763e+47,3.92168035e+48,2.54984035e+52,2.55051562e+52,-7.96042446e+51,2.15249440e+52,-1.62678986e+06,4.28800619e+05,-2.99698346e+06,-1.74115273e+05,5.99153322e+04,1.15146414e+06,0.00000000e+00,4.29275756e+09
1.54500000e+04,3.26063651e+01,2.92048095e+33,-4.98168952e+38,1.75385430e+38,3.37981431e+39,4.15366926e+47,4.16391551e+47,1.57542489e+47,3.93055733e+48,2.55067353e+52,2.55135029e+52,-7.96911553e+51,2.15289451e+52,-1.63524258e+06,4.30389249e+05,-2.98628923e+06,-1.70577710e+05,6.00536121e+04,1.15728004e+06,0.00000000e+00,4.30711469e+09
1.54600000e+04,3.26195318e+01,2.92048144e+33,-4.87251719e+38,1.75745856e+38,3.39764431e+39,4.15617991e+47,4.16746077e+47,1.57143910e+47,3.93989651e+48,2.55154537e+52,2.55222380e+52,-7.97680966e+51,2.15338332e+52,-1.64391706e+06,4.31923960e+05,-2.97487997e+06,-1.66839519e+05,6.01770153e+04,1.16338501e+06,0.00000000e+00,4.31892609e+09
1.54700000e+04,3.26333780e+01,2.92048197e+33,-4.75667702e+38,1.76062085e+38,3.41630288e+39,4.15838622e+47,4.17135795e+47,1.56707258e+47,3.95188478e+48,2.55245673e+52,2.55313717e+52,-7.98322831e+51,2.15397575e+52,-1.65287203e+06,4.33382065e+05,-2.96277454e+06,-1.62873014e+05,6.02852841e+04,1.16977366e+06,0.00000000e+00,4.32887503e+09
1.54800000e+04,3.26479161e+01,2.92048256e+33,-4.63513575e+38,1.76352100e+38,3.43584090e+39,4.16037457e+47,4.17565639e+47,1.56233529e+47,3.96659069e+48,2.55340623e+52,2.55408902e+52,-7.98807394e+51,2.15468532e+52,-1.66208452e+06,4.34748408e+05,-2.94994364e+06,-1.58711297e+05,6.03845757e+04,1.17646342e+06,0.00000000e+00,4.33645082e+09
1.54900000e+04,3.26631633e+01,2.92048321e+33,-4.50756124e+38,1.76570499e+38,3.45626682e+39,4.16207211e+47,4.18043324e+47,1.55711123e+47,3.98429714e+48,2.55439350e+52,2.55507905e+52,-7.99102992e+51,2.15552756e+52,-1.67153005e+06,4.36016157e+05,-2.93635360e+06,-1.54342995e+05,6.04593439e+04,1.18345718e+06,0.00000000e+00,4.34105552e+09
1.55000000e+04,3.26791359e+01,2.92048391e+33,-4.37342630e+38,1.76746682e+38,3.47757243e+39,4.16348849e+47,4.18550179e+47,1.55144659e+47,4.00523226e+48,2.55541752e+52,2.55610623e+52,-7.99175761e+51,2.15651835e+52,-1.68117537e+06,4.37179102e+05,-2.92196558e+06,-1.49750056e+05,6.05196560e+04,1.19075213e+06,0.00000000e+00,4.34213290e+09
1.55100000e+04,3.26958488e+01,2.92048468e+33,-4.23344105e+38,1.76829632e+38,3.49970231e+39,4.16459299e+47,4.19087934e+47,1.54535618e+47,4.02964662e+48,2.55647806e+52,2.55717037e+52,-7.98989890e+51,2.15767542e+52,-1.69097511e+06,4.38247551e+05,-2.90674064e+06,-1.44956797e+05,6.05480431e+04,1.19832928e+06,0.00000000e+00,4.33915155e+09
1.55200000e+04,3.27124901e+01,2.92048544e+33,-4.09464129e+38,1.76828253e+38,3.52159415e+39,4.16538177e+47,4.19630296e+47,1.53915600e+47,4.05800857e+48,2.55752038e+52,2.55821661e+52,-7.98537361e+51,2.15894793e+52,-1.70053292e+06,4.39186006e+05,-2.89147823e+06,-1.40204133e+05,6.05475550e+04,1.20582493e+06,0.00000000e+00,4.33229823e+09
1.55300000e+04,3.27285393e+01,2.92048615e+33,-3.96072475e+38,1.76718128e+38,3.54256754e+39,4.16601761e+47,4.20147422e+47,1.53316212e+47,4.08783748e+48,2.55851184e+52,2.55921201e+52,-7.97853086e+51,2.16028547e+52,-1.70969146e+06,4.39994730e+05,-2.87671701e+06,-1.35618679e+05,6.05098325e+04,1.21300611e+06,0.00000000e+00,4.32268871e+09
1.55400000e+04,3.27440974e+01,2.92048682e+33,-3.83070913e+38,1.76536914e+38,3.56276375e+39,4.16662999e+47,4.20631313e+47,1.52743134e+47,4.11781429e+48,2.55946014e+52,2.56016416e+52,-7.96964400e+51,2.16168196e+52,-1.71852579e+06,4.40694003e+05,-2.86235852e+06,-1.31166801e+05,6.04477694e+04,1.21992119e+06,0.00000000e+00,4.30995834e+09
1.55500000e+04,3.27592449e+01,2.92048745e+33,-3.70361971e+38,1.76306768e+38,3.58232263e+39,4.16720465e+47,4.21088352e+47,1.52186405e+47,4.14744216e+48,2.56037291e+52,2.56108063e+52,-7.95892036e+51,2.16313461e+52,-1.72706874e+06,4.41291583e+05,-2.84832602e+06,-1.26815121e+05,6.03689524e+04,1.22661805e+06,0.00000000e+00,4.29431099e+09
1.55600000e+04,3.27740371e+01,2.92048806e+33,-3.57911991e+38,1.76053171e+38,3.60132622e+39,4.16763379e+47,4.21521469e+47,1.51642778e+47,4.17642978e+48,2.56125204e+52,2.56196330e+52,-7.94653070e+51,2.16463676e+52,-1.73533865e+06,4.41796144e+05,-2.83456394e+06,-1.22552116e+05,6.02821062e+04,1.23312479e+06,0.00000000e+00,4.27595967e+09
1.55700000e+04,3.27885278e+01,2.92048865e+33,-3.45651114e+38,1.75787123e+38,3.61984079e+39,4.16795369e+47,4.21926220e+47,1.51114079e+47,4.20460093e+48,2.56210164e+52,2.56281625e+52,-7.93261324e+51,2.16618559e+52,-1.74335699e+06,4.42228935e+05,-2.82101796e+06,-1.18353863e+05,6.01909970e+04,1.23946408e+06,0.00000000e+00,4.25505763e+09
1.55800000e+04,3.28027800e+01,2.92048917e+33,-3.33556173e+38,1.75468368e+38,3.63795740e+39,4.16821543e+47,4.22300548e+47,1.50603159e+47,4.23257259e+48,2.56292835e+52,2.56364607e+52,-7.91727549e+51,2.16778230e+52,-1.75137380e+06,4.42587467e+05,-2.80776936e+06,-1.14212433e+05,6.00818417e+04,1.24566715e+06,0.00000000e+00,4.23371643e+09
1.55900000e+04,3.28168255e+01,2.92048972e+33,-3.21638603e+38,1.75156338e+38,3.65567073e+39,4.16832035e+47,4.22674960e+47,1.50100825e+47,4.25766669e+48,2.56373036e+52,2.56445097e+52,-7.90065912e+51,2.16941801e+52,-1.75900319e+06,4.42909733e+05,-2.79449262e+06,-1.10131736e+05,5.99749889e+04,1.25173210e+06,0.00000000e+00,4.20701648e+09
1.56000000e+04,3.28307000e+01,2.92049026e+33,-3.09767376e+38,1.74817249e+38,3.67305440e+39,4.16844028e+47,4.23036512e+47,1.49611652e+47,4.28199150e+48,2.56451056e+52,2.56523391e+52,-7.88281048e+51,2.17109339e+52,-1.76641499e+06,4.43189129e+05,-2.78130683e+06,-1.06066910e+05,5.98588709e+04,1.25768418e+06,0.00000000e+00,4.17953977e+09
1.56100000e+04,3.28444326e+01,2.92049079e+33,-2.98010775e+38,1.74511073e+38,3.69017030e+39,4.16870266e+47,4.23381807e+47,1.49142028e+47,4.30521677e+48,2.56527032e+52,2.56599622e+52,-7.86381228e+51,2.17280561e+52,-1.77362852e+06,4.43435962e+05,-2.76817190e+06,-1.02041334e+05,5.97540227e+04,1.26354458e+06,0.00000000e+00,4.15052814e+09
1.56200000e+04,3.28580447e+01,2.92049131e+33,-2.86367358e+38,1.74162840e+38,3.70698808e+39,4.16902952e+47,4.23723009e+47,1.48675400e+47,4.32692342e+48,2.56601129e+52,2.56673953e+52,-7.84375495e+51,2.17455179e+52,-1.78067130e+06,4.43659115e+05,-2.75506811e+06,-9.80545148e+04,5.96347743e+04,1.26930290e+06,0.00000000e+00,4.11996250e+09
1.56300000e+04,3.28715540e+01,2.92049182e+33,-2.74808432e+38,1.73722621e+38,3.72349002e+39,4.16931584e+47,4.24066561e+47,1.48205574e+47,4.34677630e+48,2.56673516e+52,2.56746549e+52,-7.82272543e+51,2.17632922e+52,-1.78755248e+06,4.43861875e+05,-2.74197528e+06,-9.40966278e+04,5.94840292e+04,1.27495307e+06,0.00000000e+00,4.08799854e+09
1.56400000e+04,3.28849623e+01,2.92049232e+33,-2.63305655e+38,1.73249247e+38,3.73970235e+39,4.16956756e+47,4.24407173e+47,1.47733960e+47,4.36453481e+48,2.56744376e+52,2.56817593e+52,-7.80082683e+51,2.17813458e+52,-1.79426674e+06,4.44043519e+05,-2.72889007e+06,-9.01579685e+04,5.93219320e+04,1.28050409e+06,0.00000000e+00,4.05486199e+09
1.56500000e+04,3.28982726e+01,2.92049282e+33,-2.51788428e+38,1.72775939e+38,3.75568537e+39,4.16979706e+47,4.24735822e+47,1.47262238e+47,4.38001293e+48,2.56813677e+52,2.56887049e+52,-7.77815600e+51,2.17996269e+52,-1.80081504e+06,4.44207428e+05,-2.71581154e+06,-8.62143630e+04,5.91598574e+04,1.28597658e+06,0.00000000e+00,4.02067457e+09
1.56600000e+04,3.29114856e+01,2.92049332e+33,-2.40232380e+38,1.72353666e+38,3.77143127e+39,4.17010009e+47,4.25044296e+47,1.46795310e+47,4.39306219e+48,2.56881666e+52,2.56955163e+52,-7.75481037e+51,2.18181111e+52,-1.80719997e+06,4.44364854e+05,-2.70274145e+06,-8.22574661e+04,5.90152577e+04,1.29136788e+06,0.00000000e+00,3.98555383e+09
1.56700000e+04,3.29246032e+01,2.92049380e+33,-2.28688026e+38,1.71937665e+38,3.78689561e+39,4.17054603e+47,4.25345278e+47,1.46327264e+47,4.40349737e+48,2.56948120e+52,2.57021712e+52,-7.73088194e+51,2.18367302e+52,-1.81342587e+06,4.44523504e+05,-2.68967874e+06,-7.83045750e+04,5.88728059e+04,1.29666278e+06,0.00000000e+00,3.94976226e+09
1.56800000e+04,3.29376173e+01,2.92049428e+33,-2.17171380e+38,1.71553921e+38,3.80210492e+39,4.17101620e+47,4.25638400e+47,1.45859907e+47,4.41125948e+48,2.57013046e+52,2.57086701e+52,-7.70647804e+51,2.18554311e+52,-1.81948927e+06,4.44679465e+05,-2.67663630e+06,-7.43611731e+04,5.87413993e+04,1.30187035e+06,0.00000000e+00,3.91343016e+09
1.56900000e+04,3.29505344e+01,2.92049475e+33,-2.05674746e+38,1.71197834e+38,3.81705448e+39,4.17164883e+47,4.25933799e+47,1.45394356e+47,4.41629391e+48,2.57076523e+52,2.57150208e+52,-7.68167608e+51,2.18741828e+52,-1.82539322e+06,4.44832482e+05,-2.66360862e+06,-7.04246244e+04,5.86194632e+04,1.30698899e+06,0.00000000e+00,3.87668695e+09
1.57000000e+04,3.29633825e+01,2.92049522e+33,-1.94194600e+38,1.70866703e+38,3.83174866e+39,4.17235213e+47,4.26236759e+47,1.44928562e+47,4.41859239e+48,2.57138738e+52,2.57212422e+52,-7.65650641e+51,2.18929890e+52,-1.83114839e+06,4.44985761e+05,-2.65056412e+06,-6.64937231e+04,5.85060717e+04,1.31202018e+06,0.00000000e+00,3.83954917e+09
1.57100000e+04,3.29761941e+01,2.92049568e+33,-1.82688005e+38,1.70553156e+38,3.84618929e+39,4.17308045e+47,4.26543778e+47,1.44463737e+47,4.41810421e+48,2.57199886e+52,2.57273536e+52,-7.63098294e+51,2.19118621e+52,-1.83676571e+06,4.45137740e+05,-2.63746760e+06,-6.25537665e+04,5.83987017e+04,1.31696455e+06,0.00000000e+00,3.80205374e+09
1.57200000e+04,3.29889776e+01,2.92049614e+33,-1.71164508e+38,1.70285766e+38,3.86038325e+39,4.17382471e+47,4.26843846e+47,1.43992226e+47,4.41477073e+48,2.57260038e+52,2.57333623e+52,-7.60516115e+51,2.19307817e+52,-1.84225022e+06,4.45287441e+05,-2.62431218e+06,-5.86080240e+04,5.83071361e+04,1.32182446e+06,0.00000000e+00,3.76431317e+09
1.57300000e+04,3.30017090e+01,2.92049660e+33,-1.59665822e+38,1.70053431e+38,3.87436540e+39,4.17460364e+47,4.27141689e+47,1.43524760e+47,4.40866295e+48,2.57319111e+52,2.57392600e+52,-7.57916004e+51,2.19496799e+52,-1.84759495e+06,4.45433871e+05,-2.61112478e+06,-5.46707781e+04,5.82275736e+04,1.32661185e+06,0.00000000e+00,3.72651231e+09
1.57400000e+04,3.30143566e+01,2.92049706e+33,-1.48186673e+38,1.69842234e+38,3.88816427e+39,4.17533678e+47,4.27437203e+47,1.43065366e+47,4.39977096e+48,2.57377062e+52,2.57450424e+52,-7.55311513e+51,2.19684848e+52,-1.85279181e+06,4.45577634e+05,-2.59794231e+06,-5.07402233e+04,5.81552492e+04,1.33133648e+06,0.00000000e+00,3.68889365e+09
1.57500000e+04,3.30269179e+01,2.92049750e+33,-1.36765779e+38,1.69614376e+38,3.90180363e+39,4.17603559e+47,4.27729598e+47,1.42602675e+47,4.38809975e+48,2.57433906e+52,2.57507111e+52,-7.52710055e+51,2.19871608e+52,-1.85784298e+06,4.45716909e+05,-2.58476602e+06,-4.68296169e+04,5.80772200e+04,1.33600649e+06,0.00000000e+00,3.65151648e+09
1.57600000e+04,3.30393190e+01,2.92049794e+33,-1.25502294e+38,1.69334860e+38,3.91520251e+39,4.17670403e+47,4.28016973e+47,1.42131132e+47,4.37386895e+48,2.57489439e+52,2.57562458e+52,-7.50133455e+51,2.20055785e+52,-1.86272949e+06,4.45848706e+05,-2.57167942e+06,-4.29729097e+04,5.79815030e+04,1.34059417e+06,0.00000000e+00,3.61472792e+09
1.57700000e+04,3.30514720e+01,2.92049836e+33,-1.14473859e+38,1.69014599e+38,3.92826428e+39,4.17728488e+47,4.28290915e+47,1.41661823e+47,4.35731400e+48,2.57543228e+52,2.57616036e+52,-7.47606193e+51,2.20235726e+52,-1.86742959e+06,4.45970510e+05,-2.55878605e+06,-3.91966866e+04,5.78718347e+04,1.34506642e+06,0.00000000e+00,3.57889910e+09
1.57800000e+04,3.30633340e+01,2.92049876e+33,-1.03718046e+38,1.68681599e+38,3.94091916e+39,4.17775460e+47,4.28545824e+47,1.41204542e+47,4.33859152e+48,2.57595174e+52,2.57667746e+52,-7.45142768e+51,2.20410608e+52,-1.87194059e+06,4.46082880e+05,-2.54614263e+06,-3.55138128e+04,5.77578053e+04,1.34939936e+06,0.00000000e+00,3.54425185e+09
1.57900000e+04,3.30749234e+01,2.92049915e+33,-9.32116227e+37,1.68339915e+38,3.95317852e+39,4.17814347e+47,4.28785330e+47,1.40766493e+47,4.31784727e+48,2.57645440e+52,2.57717754e+52,-7.42744092e+51,2.20580549e+52,-1.87627840e+06,4.46185273e+05,-2.53373465e+06,-3.19163328e+04,5.76408025e+04,1.35359687e+06,0.00000000e+00,3.51073429e+09
1.58000000e+04,3.30861884e+01,2.92049952e+33,-8.30046227e+37,1.67975786e+38,3.96495592e+39,4.17841591e+47,4.29007164e+47,1.40340342e+47,4.29547177e+48,2.57693853e+52,2.57765891e+52,-7.40424529e+51,2.20744664e+52,-1.88043587e+06,4.46278743e+05,-2.52162636e+06,-2.84213787e+04,5.75161149e+04,1.35762937e+06,0.00000000e+00,3.47853054e+09
1.58100000e+04,3.30971177e+01,2.92049986e+33,-7.31374526e+37,1.67599275e+38,3.97622890e+39,4.17861091e+47,4.29219445e+47,1.39936561e+47,4.27171079e+48,2.57740492e+52,2.57812239e+52,-7.38189257e+51,2.20902776e+52,-1.88441840e+06,4.46367217e+05,-2.50983720e+06,-2.50427859e+04,5.73871880e+04,1.36148916e+06,0.00000000e+00,3.44770071e+09
1.58200000e+04,3.31077380e+01,2.92050019e+33,-6.35842433e+37,1.67228477e+38,3.98707317e+39,4.17875572e+47,4.29423170e+47,1.39561645e+47,4.24672123e+48,2.57785487e+52,2.57856929e+52,-7.36034912e+51,2.21055183e+52,-1.88824192e+06,4.46452491e+05,-2.49834323e+06,-2.17716963e+04,5.72602180e+04,1.36520216e+06,0.00000000e+00,3.41813360e+09
1.58300000e+04,3.31180807e+01,2.92050050e+33,-5.42757623e+37,1.66891675e+38,3.99755858e+39,4.17882367e+47,4.29617989e+47,1.39213606e+47,4.22066770e+48,2.57828977e+52,2.57900103e+52,-7.33956734e+51,2.21202266e+52,-1.89192192e+06,4.46534739e+05,-2.48711339e+06,-1.85844044e+04,5.71448882e+04,1.36879229e+06,0.00000000e+00,3.38972647e+09
1.58400000e+04,3.31281733e+01,2.92050080e+33,-4.51608623e+37,1.66586192e+38,4.00766501e+39,4.17880530e+47,4.29806940e+47,1.38883184e+47,4.19371183e+48,2.57871106e+52,2.57941906e+52,-7.31950352e+51,2.21344388e+52,-1.89546875e+06,4.46615727e+05,-2.47611953e+06,-1.54633967e+04,5.70402829e+04,1.37225267e+06,0.00000000e+00,3.36238591e+09
1.58500000e+04,3.31380389e+01,2.92050109e+33,-3.62117798e+37,1.66323496e+38,4.01740968e+39,4.17865678e+47,4.29984379e+47,1.38567597e+47,4.16598799e+48,2.57912017e+52,2.57982483e+52,-7.30012086e+51,2.21481878e+52,-1.89889197e+06,4.46696868e+05,-2.46533882e+06,-1.23991667e+04,5.69503283e+04,1.37558918e+06,0.00000000e+00,3.33604905e+09
1.58600000e+04,3.31477110e+01,2.92050136e+33,-2.74123413e+37,1.66113784e+38,4.02684044e+39,4.17843064e+47,4.30151191e+47,1.38261377e+47,4.13756765e+48,2.57951891e+52,2.58022015e+52,-7.28136083e+51,2.21615211e+52,-1.90220464e+06,4.46780065e+05,-2.45473489e+06,-9.38617651e+03,5.68785164e+04,1.37881820e+06,0.00000000e+00,3.31063540e+09
1.58700000e+04,3.31572290e+01,2.92050163e+33,-1.87164357e+37,1.65909414e+38,4.03604125e+39,4.17816616e+47,4.30312125e+47,1.37960143e+47,4.10848335e+48,2.57990934e+52,2.58060709e+52,-7.26315358e+51,2.21744941e+52,-1.90542089e+06,4.46866970e+05,-2.44426364e+06,-6.40863732e+03,5.68085333e+04,1.38196850e+06,0.00000000e+00,3.28605716e+09
1.58800000e+04,3.31666435e+01,2.92050189e+33,-1.00885787e+37,1.65709092e+38,4.04504830e+39,4.17787305e+47,4.30465327e+47,1.37666544e+47,4.07870978e+48,2.58029362e+52,2.58098782e+52,-7.24540958e+51,2.21871734e+52,-1.90855720e+06,4.46956696e+05,-2.43386832e+06,-3.45439897e+03,5.67399366e+04,1.38505245e+06,0.00000000e+00,3.26219077e+09
1.58900000e+04,3.31759823e+01,2.92050215e+33,-1.52123302e+36,1.65513409e+38,4.05392426e+39,4.17758387e+47,4.30606611e+47,1.37381943e+47,4.04826566e+48,2.58067329e+52,2.58136386e+52,-7.22808468e+51,2.21995963e+52,-1.91162331e+06,4.47049533e+05,-2.42351856e+06,-5.20880638e+02,5.66729284e+04,1.38809152e+06,0.00000000e+00,3.23898849e+09
1.59000000e+04,3.31852635e+01,2.92050241e+33,7.00662613e+36,1.65335536e+38,4.06268761e+39,4.17731005e+47,4.30738307e+47,1.37102702e+47,4.01720033e+48,2.58104887e+52,2.58173575e+52,-7.21115335e+51,2.22117808e+52,-1.91462438e+06,4.47145437e+05,-2.41319615e+06,2.39911671e+03,5.66120184e+04,1.39109203e+06,0.00000000e+00,3.21643497e+09
1.59100000e+04,3.31945188e+01,2.92050266e+33,1.55234678e+37,1.65169638e+38,4.07133082e+39,4.17702869e+47,4.30864353e+47,1.36825194e+47,3.98547308e+48,2.58142181e+52,2.58210493e+52,-7.19456651e+51,2.22237661e+52,-1.91757087e+06,4.47244740e+05,-2.40286610e+06,5.31534108e+03,5.65552090e+04,1.39405140e+06,0.00000000e+00,3.19445749e+09
1.59200000e+04,3.32037456e+01,2.92050291e+33,2.40184712e+37,1.64973606e+38,4.07987638e+39,4.17676074e+47,4.30987740e+47,1.36552068e+47,3.95320595e+48,2.58179213e+52,2.58247143e+52,-7.17833749e+51,2.22355456e+52,-1.92046213e+06,4.47346806e+05,-2.39253364e+06,8.22408738e+03,5.64880812e+04,1.39697733e+06,0.00000000e+00,3.17305342e+09
1.59300000e+04,3.32129703e+01,2.92050317e+33,3.25037718e+37,1.64761559e+38,4.08834992e+39,4.17649908e+47,4.31114113e+47,1.36284852e+47,3.92037812e+48,2.58216107e+52,2.58283650e+52,-7.16242857e+51,2.22471507e+52,-1.92330589e+06,4.47452451e+05,-2.38216974e+06,1.11295109e+04,5.64154702e+04,1.39987861e+06,0.00000000e+00,3.15216383e+09
1.59400000e+04,3.32224374e+01,2.92050343e+33,4.12068120e+37,1.64537311e+38,4.09694366e+39,4.17616851e+47,4.31248586e+47,1.36013636e+47,3.88603774e+48,2.58253851e+52,2.58320991e+52,-7.14644246e+51,2.22588778e+52,-1.92616422e+06,4.47566549e+05,-2.37148772e+06,1.41094893e+04,5.63386809e+04,1.40282104e+06,0.00000000e+00,3.13118769e+09
1.59500000e+04,3.32324874e+01,2.92050373e+33,5.04371145e+37,1.64272127e+38,4.10599568e+39,4.17577469e+47,4.31391947e+47,1.35726069e+47,3.84898182e+48,2.58293821e+52,2.58360530e+52,-7.12986020e+51,2.22711229e+52,-1.92910876e+06,4.47695696e+05,-2.36007814e+06,1.72700052e+04,5.62478746e+04,1.40592037e+06,0.00000000e+00,3.10925290e+09
1.59600000e+04,3.32432937e+01,2.92050407e+33,6.03278276e+37,1.63968016e+38,4.11570634e+39,4.17529288e+47,4.31542400e+47,1.35421545e+47,3.80873261e+48,2.58336678e+52,2.58402921e+52,-7.11248454e+51,2.22840498e+52,-1.93215911e+06,4.47844899e+05,-2.34772189e+06,2.06566491e+04,5.61437384e+04,1.40924520e+06,0.00000000e+00,3.08614967e+09
1.59700000e+04,3.32552453e+01,2.92050448e+33,7.12723341e+37,1.63635081e+38,4.12639471e+39,4.17466817e+47,4.31713313e+47,1.35089626e+47,3.76387953e+48,2.58383954e+52,2.58449685e+52,-7.09382600e+51,2.22980555e+52,-1.93537074e+06,4.48025913e+05,-2.33392853e+06,2.44041174e+04,5.60297313e+04,1.41290477e+06,0.00000000e+00,3.06122638e+09
1.59800000e+04,3.32688209e+01,2.92050499e+33,8.36492295e+37,1.63259699e+38,4.13839251e+39,4.17383360e+47,4.31913542e+47,1.34716184e+47,3.71294784e+48,2.58437543e+52,2.58502702e+52,-7.07335437e+51,2.23135930e+52,-1.93878033e+06,4.48257713e+05,-2.31807000e+06,2.86420429e+04,5.59011882e+04,1.41701265e+06,0.00000000e+00,3.03367125e+09
1.59900000e+04,3.32841023e+01,2.92050564e+33,9.75697313e+37,1.62818662e+38,4.15169107e+39,4.17291919e+47,4.32156217e+47,1.34309751e+47,3.65664327e+48,2.58497729e+52,2.58562262e+52,-7.05123671e+51,2.23306079e+52,-1.94231278e+06,4.48547612e+05,-2.29998533e+06,3.34085064e+04,5.57501619e+04,1.42156584e+06,0.00000000e+00,3.00380258e+09
1.60000000e+04,3.32999703e+01,2.92050634e+33,1.12067902e+38,1.62304406e+38,4.16525476e+39,4.17178573e+47,4.32421740e+47,1.33890248e+47,3.60013811e+48,2.58560117e+52,2.58624021e+52,-7.02932264e+51,2.23477407e+52,-1.94575584e+06,4.48866781e+05,-2.28104892e+06,3.83727645e+04,5.55740641e+04,1.42620980e+06,0.00000000e+00,2.97509048e+09
1.60100000e+04,3.33164351e+01,2.92050708e+33,1.27208771e+38,1.61715445e+38,4.17909368e+39,4.17035795e+47,4.32702217e+47,1.33470439e+47,3.54311085e+48,2.58624807e+52,2.58688073e+52,-7.00776745e+51,2.23649236e+52,-1.94913063e+06,4.49219424e+05,-2.26124406e+06,4.35570836e+04,5.53723857e+04,1.43094797e+06,0.00000000e+00,2.94716599e+09
1.60200000e+04,3.33337084e+01,2.92050790e+33,1.43124435e+38,1.60970744e+38,4.19336882e+39,4.16884235e+47,4.32999383e+47,1.33039231e+47,3.48500403e+48,2.58692730e+52,2.58755348e+52,-6.98650324e+51,2.23822832e+52,-1.95246100e+06,4.49614719e+05,-2.24028921e+06,4.90066935e+04,5.51173801e+04,1.43583547e+06,0.00000000e+00,2.91968743e+09
1.60300000e+04,3.33516249e+01,2.92050877e+33,1.59668824e+38,1.60152289e+38,4.20799314e+39,4.16732846e+47,4.33313054e+47,1.32593607e+47,3.42740413e+48,2.58763264e+52,2.58825238e+52,-6.96595166e+51,2.23995480e+52,-1.95570173e+06,4.50046689e+05,-2.21837582e+06,5.46715783e+04,5.48371198e+04,1.44084249e+06,0.00000000e+00,2.89309804e+09
1.60400000e+04,3.33685710e+01,2.92050956e+33,1.75336713e+38,1.59440765e+38,4.22163415e+39,4.16598146e+47,4.33600710e+47,1.32180539e+47,3.37646675e+48,2.58830210e+52,2.58891599e+52,-6.94795898e+51,2.24151804e+52,-1.95870941e+06,4.50461273e+05,-2.19761900e+06,6.00363428e+04,5.45934749e+04,1.44551287e+06,0.00000000e+00,2.87075871e+09
1.60500000e+04,3.33844406e+01,2.92051025e+33,1.89963189e+38,1.58720548e+38,4.23429716e+39,4.16477787e+47,4.33866933e+47,1.31817366e+47,3.33123047e+48,2.58893156e+52,2.58954014e+52,-6.93244171e+51,2.24291805e+52,-1.96153585e+06,4.50854908e+05,-2.17818880e+06,6.50445204e+04,5.43468554e+04,1.44984841e+06,0.00000000e+00,2.85185934e+09
1.60600000e+04,3.33995309e+01,2.92051089e+33,2.03830408e+38,1.57917976e+38,4.24612782e+39,4.16372346e+47,4.34126193e+47,1.31474720e+47,3.29029448e+48,2.58953294e+52,2.59013661e+52,-6.91892568e+51,2.24419033e+52,-1.96422278e+06,4.51233629e+05,-2.15971007e+06,6.97927234e+04,5.40720381e+04,1.45389899e+06,0.00000000e+00,2.83548006e+09
1.60700000e+04,3.34139305e+01,2.92051146e+33,2.17077354e+38,1.57154436e+38,4.25718708e+39,4.16270244e+47,4.34373590e+47,1.31156004e+47,3.25342881e+48,2.59010945e+52,2.59070864e+52,-6.90717922e+51,2.24534968e+52,-1.96676806e+06,4.51597824e+05,-2.14207084e+06,7.43285402e+04,5.38105869e+04,1.45768546e+06,0.00000000e+00,2.82130944e+09
1.60800000e+04,3.34277069e+01,2.92051200e+33,2.29742547e+38,1.56383641e+38,4.26763238e+39,4.16182544e+47,4.34601131e+47,1.30850488e+47,3.22036682e+48,2.59066368e+52,2.59125877e+52,-6.89700816e+51,2.24640836e+52,-1.96918261e+06,4.51952787e+05,-2.12519034e+06,7.86651613e+04,5.35466526e+04,1.46126172e+06,0.00000000e+00,2.80911461e+09
1.60900000e+04,3.34408920e+01,2.92051249e+33,2.42143371e+38,1.55677763e+38,4.27752570e+39,4.16111077e+47,4.34809299e+47,1.30528919e+47,3.19144779e+48,2.59119845e+52,2.59178989e+52,-6.88826061e+51,2.24737686e+52,-1.97147241e+06,4.52300684e+05,-2.10903134e+06,8.29112603e+04,5.33049468e+04,1.46464900e+06,0.00000000e+00,2.79862163e+09
1.61000000e+04,3.34535606e+01,2.92051294e+33,2.53714513e+38,1.54890393e+38,4.28691541e+39,4.16051557e+47,4.35026934e+47,1.30252113e+47,3.16490269e+48,2.59171387e+52,2.59230189e+52,-6.88077287e+51,2.24826325e+52,-1.97364871e+06,4.52644907e+05,-2.09350351e+06,8.68732713e+04,5.30353386e+04,1.46786386e+06,0.00000000e+00,2.78963311e+09
1.61100000e+04,3.34658976e+01,2.92051337e+33,2.65090310e+38,1.54110486e+38,4.29595866e+39,4.16001315e+47,4.35251787e+47,1.29989118e+47,3.14162807e+48,2.59221887e+52,2.59280382e+52,-6.87435098e+51,2.24908627e+52,-1.97573837e+06,4.52992135e+05,-2.07837192e+06,9.07683946e+04,5.27682864e+04,1.47096011e+06,0.00000000e+00,2.78185176e+09
1.61200000e+04,3.34779590e+01,2.92051379e+33,2.76266998e+38,1.53358104e+38,4.30469538e+39,4.15952596e+47,4.35478270e+47,1.29737946e+47,3.12103639e+48,2.59271564e+52,2.59329781e+52,-6.86890574e+51,2.24985252e+52,-1.97775022e+06,4.53345063e+05,-2.06356711e+06,9.45953412e+04,5.25106592e+04,1.47395140e+06,0.00000000e+00,2.77519887e+09
1.61300000e+04,3.34898138e+01,2.92051419e+33,2.87295067e+38,1.52602035e+38,4.31322517e+39,4.15916197e+47,4.35706070e+47,1.29495504e+47,3.10297407e+48,2.59320709e+52,2.59378674e+52,-6.86435878e+51,2.25056880e+52,-1.97969306e+06,4.53706995e+05,-2.04900323e+06,9.83713993e+04,5.22517696e+04,1.47687184e+06,0.00000000e+00,2.76961155e+09
1.61400000e+04,3.35014233e+01,2.92051458e+33,2.98155209e+38,1.51868685e+38,4.32148217e+39,4.15890181e+47,4.35936535e+47,1.29271904e+47,3.08747395e+48,2.59369155e+52,2.59426895e+52,-6.86068040e+51,2.25123493e+52,-1.98156408e+06,4.54079692e+05,-2.03473176e+06,1.02089958e+05,5.20006599e+04,1.47969889e+06,0.00000000e+00,2.76508707e+09
1.61500000e+04,3.35127667e+01,2.92051495e+33,3.08768847e+38,1.51145093e+38,4.32946626e+39,4.15872329e+47,4.36166552e+47,1.29068708e+47,3.07447962e+48,2.59416839e+52,2.59474381e+52,-6.85782753e+51,2.25185243e+52,-1.98336527e+06,4.54465961e+05,-2.02078310e+06,1.05724111e+05,5.17528915e+04,1.48243250e+06,0.00000000e+00,2.76159490e+09
1.61600000e+04,3.35239050e+01,2.92051530e+33,3.19165339e+38,1.50421292e+38,4.33718496e+39,4.15855903e+47,4.36395330e+47,1.28871672e+47,3.06378077e+48,2.59463996e+52,2.59521364e+52,-6.85574016e+51,2.25242663e+52,-1.98510704e+06,4.54872273e+05,-2.00708211e+06,1.09283913e+05,5.15050519e+04,1.48507524e+06,0.00000000e+00,2.75903973e+09
1.61700000e+04,3.35349347e+01,2.92051565e+33,3.29456430e+38,1.49659392e+38,4.34475084e+39,4.15855728e+47,4.36633506e+47,1.28682494e+47,3.05519928e+48,2.59511040e+52,2.59568255e+52,-6.85437070e+51,2.25296402e+52,-1.98680135e+06,4.55306839e+05,-1.99350678e+06,1.12807623e+05,5.12441671e+04,1.48766566e+06,0.00000000e+00,2.75731549e+09
1.61800000e+04,3.35459038e+01,2.92051600e+33,3.39653670e+38,1.48867600e+38,4.35220552e+39,4.15858052e+47,4.36863649e+47,1.28502793e+47,3.04868302e+48,2.59558198e+52,2.59615283e+52,-6.85369682e+51,2.25346799e+52,-1.98845372e+06,4.55772358e+05,-1.97999692e+06,1.16299198e+05,5.09730471e+04,1.49021800e+06,0.00000000e+00,2.75638110e+09
1.61900000e+04,3.35568770e+01,2.92051635e+33,3.49783883e+38,1.48078267e+38,4.35949910e+39,4.15878511e+47,4.37106374e+47,1.28332628e+47,3.04417883e+48,2.59605750e+52,2.59662726e+52,-6.85370863e+51,2.25394182e+52,-1.99007036e+06,4.56272499e+05,-1.96647038e+06,1.19767822e+05,5.07027694e+04,1.49271518e+06,0.00000000e+00,2.75621454e+09
1.62000000e+04,3.35678945e+01,2.92051670e+33,3.59948929e+38,1.47303215e+38,4.36672488e+39,4.15907452e+47,4.37361731e+47,1.28162716e+47,3.04171879e+48,2.59653906e+52,2.59710793e+52,-6.85440969e+51,2.25438745e+52,-1.99165422e+06,4.56809724e+05,-1.95287616e+06,1.23248372e+05,5.04373816e+04,1.49518915e+06,0.00000000e+00,2.75680192e+09
1.62100000e+04,3.35789751e+01,2.92051706e+33,3.70189517e+38,1.46515132e+38,4.37388014e+39,4.15945820e+47,4.37628570e+47,1.27993053e+47,3.04134027e+48,2.59702753e+52,2.59759573e+52,-6.85581020e+51,2.25480522e+52,-1.99320701e+06,4.57385896e+05,-1.93919147e+06,1.26754787e+05,5.01675317e+04,1.49763896e+06,0.00000000e+00,2.75818354e+09
1.62200000e+04,3.35901521e+01,2.92051742e+33,3.80518563e+38,1.45730497e+38,4.38103377e+39,4.15988413e+47,4.37903072e+47,1.27826810e+47,3.04306992e+48,2.59752486e+52,2.59809260e+52,-6.85792818e+51,2.25519620e+52,-1.99473106e+06,4.58001648e+05,-1.92537432e+06,1.30291489e+05,4.98988627e+04,1.50008822e+06,0.00000000e+00,2.76040283e+09
1.62300000e+04,3.36014739e+01,2.92051778e+33,3.91014268e+38,1.44935537e+38,4.38821538e+39,4.16041087e+47,4.38189717e+47,1.27664326e+47,3.04696773e+48,2.59803353e+52,2.59860103e+52,-6.86079400e+51,2.25556133e+52,-1.99623056e+06,4.58656613e+05,-1.91136380e+06,1.33885255e+05,4.96266580e+04,1.50254705e+06,0.00000000e+00,2.76350413e+09
1.62400000e+04,3.36129672e+01,2.92051816e+33,4.01708033e+38,1.44147586e+38,4.39540130e+39,4.16098216e+47,4.38486372e+47,1.27502270e+47,3.05311146e+48,2.59855502e+52,2.59912251e+52,-6.86444221e+51,2.25590040e+52,-1.99770667e+06,4.59352525e+05,-1.89712655e+06,1.37546836e+05,4.93568531e+04,1.50500735e+06,0.00000000e+00,2.76753569e+09
1.62500000e+04,3.36246494e+01,2.92051855e+33,4.12603778e+38,1.43376168e+38,4.40259094e+39,4.16158195e+47,4.38793258e+47,1.27343535e+47,3.06157747e+48,2.59909028e+52,2.59965798e+52,-6.86890990e+51,2.25621249e+52,-1.99915972e+06,4.60094721e+05,-1.88264226e+06,1.41277575e+05,4.90927091e+04,1.50746892e+06,0.00000000e+00,2.77256672e+09
1.62600000e+04,3.36365991e+01,2.92051896e+33,4.23805631e+38,1.42626687e+38,4.40984399e+39,4.16229060e+47,4.39112230e+47,1.27183406e+47,3.07243926e+48,2.59964327e+52,2.60021144e+52,-6.87426801e+51,2.25649804e+52,-2.00059418e+06,4.60897018e+05,-1.86781047e+06,1.45113124e+05,4.88360765e+04,1.50995219e+06,0.00000000e+00,2.77867360e+09
1.62700000e+04,3.36487726e+01,2.92051938e+33,4.35299460e+38,1.41879968e+38,4.41713543e+39,4.16310400e+47,4.39438875e+47,1.27018237e+47,3.08578727e+48,2.60021254e+52,2.60078142e+52,-6.88054032e+51,2.25675441e+52,-2.00200341e+06,4.61763545e+05,-1.85268928e+06,1.49048646e+05,4.85803892e+04,1.51244859e+06,0.00000000e+00,2.78589027e+09
1.62800000e+04,3.36611056e+01,2.92051982e+33,4.47040244e+38,1.41107069e+38,4.42445541e+39,4.16396384e+47,4.39768163e+47,1.26853240e+47,3.10160867e+48,2.60079566e+52,2.60136552e+52,-6.88772637e+51,2.25697920e+52,-2.00338037e+06,4.62693499e+05,-1.83736424e+06,1.53068725e+05,4.83157377e+04,1.51495476e+06,0.00000000e+00,2.79425134e+09
1.62900000e+04,3.36735102e+01,2.92052025e+33,4.58961138e+38,1.40319473e+38,4.43173761e+39,4.16492759e+47,4.40102803e+47,1.26697273e+47,3.11978002e+48,2.60138896e+52,2.60196003e+52,-6.89579231e+51,2.25717042e+52,-2.00472002e+06,4.63678059e+05,-1.82195133e+06,1.57150473e+05,4.80460539e+04,1.51744800e+06,0.00000000e+00,2.80373979e+09
1.63000000e+04,3.36859315e+01,2.92052069e+33,4.71042256e+38,1.39554374e+38,4.43899114e+39,4.16607740e+47,4.40439850e+47,1.26536913e+47,3.14015721e+48,2.60199004e+52,2.60256256e+52,-6.90470519e+51,2.25732730e+52,-2.00602149e+06,4.64707180e+05,-1.80652344e+06,1.61287080e+05,4.77840731e+04,1.51993141e+06,0.00000000e+00,2.81430609e+09
1.63100000e+04,3.36983563e+01,2.92052113e+33,4.83137422e+38,1.38776773e+38,4.44622488e+39,4.16743791e+47,4.40782225e+47,1.26387740e+47,3.16258680e+48,2.60259825e+52,2.60317243e+52,-6.91445099e+51,2.25744988e+52,-2.00728617e+06,4.65774714e+05,-1.79109941e+06,1.65428497e+05,4.75178115e+04,1.52240805e+06,0.00000000e+00,2.82590697e+09
1.63200000e+04,3.37107948e+01,2.92052157e+33,4.95306166e+38,1.38002119e+38,4.45348896e+39,4.16890725e+47,4.41129842e+47,1.26258095e+47,3.18701575e+48,2.60321463e+52,2.60379068e+52,-6.92503174e+51,2.25753909e+52,-2.00851683e+06,4.66877675e+05,-1.77566698e+06,1.69595106e+05,4.72525593e+04,1.52489507e+06,0.00000000e+00,2.83854383e+09
1.63300000e+04,3.37232473e+01,2.92052201e+33,5.07633218e+38,1.37167332e+38,4.46070999e+39,4.17039241e+47,4.41481761e+47,1.26141586e+47,3.21334651e+48,2.60383939e+52,2.60441751e+52,-6.93644162e+51,2.25759543e+52,-2.00971566e+06,4.68018420e+05,-1.76022732e+06,1.73815919e+05,4.69667176e+04,1.52736736e+06,0.00000000e+00,2.85223159e+09
1.63400000e+04,3.37356879e+01,2.92052245e+33,5.20032487e+38,1.36280552e+38,4.46785802e+39,4.17202503e+47,4.41840177e+47,1.26037532e+47,3.24141082e+48,2.60447101e+52,2.60505139e+52,-6.94864698e+51,2.25761904e+52,-2.01088304e+06,4.69202763e+05,-1.74481768e+06,1.78061458e+05,4.66630729e+04,1.52981465e+06,0.00000000e+00,2.86696216e+09
1.63500000e+04,3.37480867e+01,2.92052289e+33,5.32504509e+38,1.35370069e+38,4.47494813e+39,4.17375209e+47,4.42209000e+47,1.25942711e+47,3.27100322e+48,2.60510847e+52,2.60569126e+52,-6.96160285e+51,2.25761111e+52,-2.01201884e+06,4.70437294e+05,-1.72948056e+06,1.82331907e+05,4.63513125e+04,1.53224210e+06,0.00000000e+00,2.88272162e+09
1.63600000e+04,3.37604203e+01,2.92052332e+33,5.44915710e+38,1.34426037e+38,4.48197574e+39,4.17553279e+47,4.42577372e+47,1.25858571e+47,3.30190549e+48,2.60575043e+52,2.60633578e+52,-6.97526367e+51,2.25757260e+52,-2.01312417e+06,4.71724354e+05,-1.71425008e+06,1.86581530e+05,4.60280649e+04,1.53464816e+06,0.00000000e+00,2.89944806e+09
1.63700000e+04,3.37726623e+01,2.92052375e+33,5.57282593e+38,1.33452116e+38,4.48891135e+39,4.17743889e+47,4.42940483e+47,1.25785959e+47,3.33385300e+48,2.60639618e+52,2.60698422e+52,-6.98957496e+51,2.25750547e+52,-2.01419889e+06,4.73063567e+05,-1.69916228e+06,1.90815977e+05,4.56945833e+04,1.53702272e+06,0.00000000e+00,2.91704670e+09
1.63800000e+04,3.37847957e+01,2.92052417e+33,5.69521161e+38,1.32390336e+38,4.49570174e+39,4.17931424e+47,4.43297548e+47,1.25723650e+47,3.36662816e+48,2.60704461e+52,2.60763544e+52,-7.00448783e+51,2.25741105e+52,-2.01524196e+06,4.74447963e+05,-1.68424051e+06,1.95006488e+05,4.53310188e+04,1.53934756e+06,0.00000000e+00,2.93546389e+09
1.63900000e+04,3.37967250e+01,2.92052457e+33,5.81583914e+38,1.31315580e+38,4.50232083e+39,4.18119561e+47,4.43647005e+47,1.25660822e+47,3.39987772e+48,2.60768987e+52,2.60828355e+52,-7.01984669e+51,2.25729121e+52,-2.01625218e+06,4.75862133e+05,-1.66960753e+06,1.99136799e+05,4.49630115e+04,1.54161375e+06,0.00000000e+00,2.95448957e+09
1.64000000e+04,3.38084209e+01,2.92052496e+33,5.93451650e+38,1.30218380e+38,4.50876553e+39,4.18309030e+47,4.43994421e+47,1.25601731e+47,3.43331469e+48,2.60833047e+52,2.60892702e+52,-7.03556711e+51,2.25714867e+52,-2.01723333e+06,4.77299105e+05,-1.65530009e+06,2.03200335e+05,4.45873196e+04,1.54382023e+06,0.00000000e+00,2.97406197e+09
1.64100000e+04,3.38199381e+01,2.92052534e+33,6.05116042e+38,1.29100902e+38,4.51512488e+39,4.18505954e+47,4.44337960e+47,1.25546000e+47,3.46691070e+48,2.60896900e+52,2.60956848e+52,-7.05167930e+51,2.25698452e+52,-2.01818929e+06,4.78762911e+05,-1.64124681e+06,2.07194244e+05,4.42046848e+04,1.54599750e+06,0.00000000e+00,2.99419059e+09
1.64200000e+04,3.38312956e+01,2.92052572e+33,6.16724383e+38,1.27868223e+38,4.52130641e+39,4.18704466e+47,4.44681209e+47,1.25491566e+47,3.50053364e+48,2.60960608e+52,2.61020850e+52,-7.06817313e+51,2.25679984e+52,-2.01912261e+06,4.80253108e+05,-1.62742329e+06,2.11168962e+05,4.37826046e+04,1.54811389e+06,0.00000000e+00,3.01486077e+09
1.64300000e+04,3.38425095e+01,2.92052608e+33,6.28222075e+38,1.26593790e+38,4.52738822e+39,4.18911647e+47,4.45033365e+47,1.25431928e+47,3.53407403e+48,2.61024270e+52,2.61084808e+52,-7.08503825e+51,2.25659617e+52,-2.02003736e+06,4.81771778e+05,-1.61381115e+06,2.15105792e+05,4.33462281e+04,1.55019613e+06,0.00000000e+00,3.03615690e+09
1.64400000e+04,3.38536117e+01,2.92052643e+33,6.39632164e+38,1.25311432e+38,4.53340444e+39,4.19120392e+47,4.45388184e+47,1.25375491e+47,3.56746619e+48,2.61088029e+52,2.61148863e+52,-7.10229244e+51,2.25637401e+52,-2.02093594e+06,4.83322477e+05,-1.60037027e+06,2.19012626e+05,4.29071385e+04,1.55225592e+06,0.00000000e+00,3.05809827e+09
1.64500000e+04,3.38646224e+01,2.92052678e+33,6.50962908e+38,1.23983464e+38,4.53938337e+39,4.19326945e+47,4.45751127e+47,1.25333044e+47,3.60062850e+48,2.61152014e+52,2.61213145e+52,-7.11994018e+51,2.25613444e+52,-2.02182024e+06,4.84907765e+05,-1.58707564e+06,2.22892292e+05,4.24524319e+04,1.55430294e+06,0.00000000e+00,3.08065268e+09
1.64600000e+04,3.38755433e+01,2.92052713e+33,6.62207333e+38,1.22724862e+38,4.54526990e+39,4.19537216e+47,4.46114512e+47,1.25294989e+47,3.63344472e+48,2.61216205e+52,2.61277632e+52,-7.13795794e+51,2.25587842e+52,-2.02269248e+06,4.86527544e+05,-1.57392555e+06,2.26742401e+05,4.20214765e+04,1.55631833e+06,0.00000000e+00,3.10380053e+09
1.64700000e+04,3.38863746e+01,2.92052747e+33,6.73476128e+38,1.21448226e+38,4.55104578e+39,4.19750973e+47,4.46484040e+47,1.25262645e+47,3.66582300e+48,2.61280541e+52,2.61342262e+52,-7.15631903e+51,2.25560667e+52,-2.02355582e+06,4.88178445e+05,-1.56092110e+06,2.30600854e+05,4.15843463e+04,1.55829583e+06,0.00000000e+00,3.12753225e+09
1.64800000e+04,3.38971127e+01,2.92052780e+33,6.84671845e+38,1.20135326e+38,4.55674033e+39,4.19973281e+47,4.46851140e+47,1.25226349e+47,3.69764659e+48,2.61345080e+52,2.61407091e+52,-7.17498972e+51,2.25532143e+52,-2.02441248e+06,4.89855936e+05,-1.54806763e+06,2.34434284e+05,4.11347996e+04,1.56024549e+06,0.00000000e+00,3.15181400e+09
1.64900000e+04,3.39077566e+01,2.92052813e+33,6.95812559e+38,1.18785710e+38,4.56236358e+39,4.20208112e+47,4.47222520e+47,1.25200118e+47,3.72882921e+48,2.61409700e+52,2.61471997e+52,-7.19393924e+51,2.25502301e+52,-2.02526469e+06,4.91557873e+05,-1.53536665e+06,2.38248881e+05,4.06726813e+04,1.56217074e+06,0.00000000e+00,3.17662220e+09
1.65000000e+04,3.39183279e+01,2.92052846e+33,7.06868779e+38,1.17302066e+38,4.56786363e+39,4.20448934e+47,4.47594288e+47,1.25172927e+47,3.75934575e+48,2.61474531e+52,2.61537111e+52,-7.21317766e+51,2.25471223e+52,-2.02611463e+06,4.93287125e+05,-1.52279117e+06,2.42034546e+05,4.01646716e+04,1.56405380e+06,0.00000000e+00,3.20197044e+09
1.65100000e+04,3.39288389e+01,2.92052878e+33,7.17898918e+38,1.15696672e+38,4.57326018e+39,4.20691511e+47,4.47971645e+47,1.25143148e+47,3.78912996e+48,2.61539624e+52,2.61602483e+52,-7.23270007e+51,2.25438982e+52,-2.02696333e+06,4.95045018e+05,-1.51032695e+06,2.45811280e+05,3.96149741e+04,1.56590143e+06,0.00000000e+00,3.22785507e+09
1.65200000e+04,3.39393129e+01,2.92052910e+33,7.28880796e+38,1.14018331e+38,4.57854178e+39,4.20940577e+47,4.48348212e+47,1.25106773e+47,3.81815395e+48,2.61605156e+52,2.61668287e+52,-7.25252285e+51,2.25405673e+52,-2.02781218e+06,4.96832711e+05,-1.49794669e+06,2.49571489e+05,3.90402997e+04,1.56770969e+06,0.00000000e+00,3.25432990e+09
1.65300000e+04,3.39497759e+01,2.92052942e+33,7.39898785e+38,1.12300014e+38,4.58378165e+39,4.21191951e+47,4.48717077e+47,1.25067944e+47,3.84639650e+48,2.61671287e+52,2.61734687e+52,-7.27266975e+51,2.25371338e+52,-2.02866060e+06,4.98653745e+05,-1.48561917e+06,2.53344062e+05,3.84519372e+04,1.56950367e+06,0.00000000e+00,3.28141846e+09
1.65400000e+04,3.39602384e+01,2.92052974e+33,7.50984512e+38,1.10531158e+38,4.58900142e+39,4.21439757e+47,4.49091922e+47,1.25038856e+47,3.87383225e+48,2.61738048e+52,2.61801709e+52,-7.29313505e+51,2.25336034e+52,-2.02950814e+06,5.00506190e+05,-1.47333364e+06,2.57139827e+05,3.78462705e+04,1.57129077e+06,0.00000000e+00,3.30908205e+09
1.65500000e+04,3.39707018e+01,2.92053005e+33,7.62122034e+38,1.08744807e+38,4.59412217e+39,4.21685848e+47,4.49482929e+47,1.25011344e+47,3.90043297e+48,2.61805437e+52,2.61869354e+52,-7.31389464e+51,2.25299881e+52,-2.03035345e+06,5.02387284e+05,-1.46108848e+06,2.60953327e+05,3.72346132e+04,1.57304396e+06,0.00000000e+00,3.33731143e+09
1.65600000e+04,3.39811693e+01,2.92053037e+33,7.73292879e+38,1.06883513e+38,4.59920850e+39,4.21939517e+47,4.49885953e+47,1.24988973e+47,3.92616498e+48,2.61873454e+52,2.61937620e+52,-7.33492656e+51,2.25262988e+52,-2.03119615e+06,5.04296909e+05,-1.44888094e+06,2.64778235e+05,3.65972953e+04,1.57478537e+06,0.00000000e+00,3.36610210e+09
1.65700000e+04,3.39916508e+01,2.92053069e+33,7.84471287e+38,1.04995945e+38,4.60429990e+39,4.22207093e+47,4.50292589e+47,1.24965008e+47,3.95097573e+48,2.61942146e+52,2.62006555e+52,-7.35622155e+51,2.25225447e+52,-2.03203721e+06,5.06237653e+05,-1.43670016e+06,2.68605733e+05,3.59509815e+04,1.57652851e+06,0.00000000e+00,3.39542467e+09
1.65800000e+04,3.40021391e+01,2.92053101e+33,7.95700030e+38,1.03044322e+38,4.60943049e+39,4.22478374e+47,4.50699428e+47,1.24942522e+47,3.97481327e+48,2.62011487e+52,2.62076132e+52,-7.37773530e+51,2.25187456e+52,-2.03287515e+06,5.08208519e+05,-1.42455453e+06,2.72450464e+05,3.52827350e+04,1.57828507e+06,0.00000000e+00,3.42518596e+09
1.65900000e+04,3.40126277e+01,2.92053133e+33,8.06929435e+38,1.01110872e+38,4.61454100e+39,4.22742911e+47,4.51115395e+47,1.24912817e+47,3.99761998e+48,2.62081430e+52,2.62146304e+52,-7.39942382e+51,2.25149185e+52,-2.03371012e+06,5.10206516e+05,-1.41245299e+06,2.76295421e+05,3.46207114e+04,1.58003475e+06,0.00000000e+00,3.45535131e+09
1.66000000e+04,3.40231028e+01,2.92053165e+33,8.18131030e+38,9.90969782e+37,4.61955788e+39,4.23006618e+47,4.51534518e+47,1.24892626e+47,4.01933640e+48,2.62151864e+52,2.62216959e+52,-7.42122779e+51,2.25110820e+52,-2.03454167e+06,5.12221887e+05,-1.40041137e+06,2.80130855e+05,3.39311434e+04,1.58175238e+06,0.00000000e+00,3.48582310e+09
1.66100000e+04,3.40335805e+01,2.92053197e+33,8.29375016e+38,9.70542829e+37,4.62452963e+39,4.23285299e+47,4.51950517e+47,1.24880485e+47,4.03995046e+48,2.62222869e+52,2.62288178e+52,-7.44314918e+51,2.25072433e+52,-2.03537085e+06,5.14253475e+05,-1.38841045e+06,2.83980803e+05,3.32317139e+04,1.58345455e+06,0.00000000e+00,3.51659733e+09
1.66200000e+04,3.40440699e+01,2.92053229e+33,8.40608681e+38,9.49697700e+37,4.62948580e+39,4.23570249e+47,4.52369630e+47,1.24877297e+47,4.05945591e+48,2.62294548e+52,2.62360063e+52,-7.46517677e+51,2.25034179e+52,-2.03619740e+06,5.16294508e+05,-1.37644135e+06,2.87827217e+05,3.25179661e+04,1.58515138e+06,0.00000000e+00,3.54764861e+09
1.66300000e+04,3.40545999e+01,2.92053262e+33,8.51884982e+38,9.28486819e+37,4.63444348e+39,4.23866982e+47,4.52795305e+47,1.24884176e+47,4.07788393e+48,2.62367099e+52,2.62432813e+52,-7.48734041e+51,2.24996111e+52,-2.03702085e+06,5.18338853e+05,-1.36446980e+06,2.91688228e+05,3.17916949e+04,1.58684873e+06,0.00000000e+00,3.57901356e+09
1.66400000e+04,3.40651715e+01,2.92053294e+33,8.63288959e+38,9.06663344e+37,4.63931754e+39,4.24170809e+47,4.53224589e+47,1.24900622e+47,4.09525911e+48,2.62440456e+52,2.62506360e+52,-7.50961190e+51,2.24958301e+52,-2.03784049e+06,5.20377720e+05,-1.35249466e+06,2.95592954e+05,3.10444485e+04,1.58851745e+06,0.00000000e+00,3.61061667e+09
1.66500000e+04,3.40755960e+01,2.92053326e+33,8.74464556e+38,8.83785458e+37,4.64407374e+39,4.24480567e+47,4.53652121e+47,1.24932528e+47,4.11160750e+48,2.62513263e+52,2.62579350e+52,-7.53156243e+51,2.24921538e+52,-2.03865387e+06,5.22373591e+05,-1.34074310e+06,2.99419482e+05,3.02610989e+04,1.59014582e+06,0.00000000e+00,3.64176294e+09
1.66600000e+04,3.40855432e+01,2.92053355e+33,8.85092741e+38,8.61411521e+37,4.64858936e+39,4.24777214e+47,4.54070708e+47,1.24965926e+47,4.12670633e+48,2.62583183e+52,2.62649441e+52,-7.55247220e+51,2.24887080e+52,-2.03946385e+06,5.24280383e+05,-1.32961707e+06,3.03058577e+05,2.94950052e+04,1.59169182e+06,0.00000000e+00,3.67175745e+09
1.66700000e+04,3.40951403e+01,2.92053382e+33,8.95375518e+38,8.39790390e+37,4.65289803e+39,4.25074373e+47,4.54479815e+47,1.25000194e+47,4.14042990e+48,2.62651156e+52,2.62717573e+52,-7.57259329e+51,2.24854607e+52,-2.04027255e+06,5.26136596e+05,-1.31895949e+06,3.06579404e+05,2.87546881e+04,1.59316698e+06,0.00000000e+00,3.70094202e+09
1.66800000e+04,3.41045388e+01,2.92053408e+33,9.05396365e+38,8.18830030e+37,4.65700766e+39,4.25370085e+47,4.54880703e+47,1.25026987e+47,4.15283334e+48,2.62718128e+52,2.62784692e+52,-7.59222847e+51,2.24823549e+52,-2.04108159e+06,5.27980927e+05,-1.30858404e+06,3.10010546e+05,2.80369962e+04,1.59457398e+06,0.00000000e+00,3.72959642e+09
1.66900000e+04,3.41138242e+01,2.92053434e+33,9.15264374e+38,7.97663549e+37,4.66102770e+39,4.25667809e+47,4.55281663e+47,1.25053485e+47,4.16403378e+48,2.62784689e+52,2.62851390e+52,-7.61153863e+51,2.24793697e+52,-2.04189070e+06,5.29837059e+05,-1.29838633e+06,3.13389356e+05,2.73122469e+04,1.59595032e+06,0.00000000e+00,3.75791452e+09
1.67000000e+04,3.41230411e+01,2.92053459e+33,9.24984276e+38,7.76012691e+37,4.66505516e+39,4.25975475e+47,4.55681334e+47,1.25075925e+47,4.17413317e+48,2.62851126e+52,2.62917955e+52,-7.63059716e+51,2.24764970e+52,-2.04269935e+06,5.31715635e+05,-1.28831101e+06,3.16717453e+05,2.65709125e+04,1.59732919e+06,0.00000000e+00,3.78603266e+09
1.67100000e+04,3.41322181e+01,2.92053484e+33,9.34667646e+38,7.54293937e+37,4.66902457e+39,4.26293453e+47,4.56076513e+47,1.25100570e+47,4.18320754e+48,2.62917649e+52,2.62984599e+52,-7.64944160e+51,2.24737391e+52,-2.04350813e+06,5.33617938e+05,-1.27832183e+06,3.20033041e+05,2.58272535e+04,1.59868819e+06,0.00000000e+00,3.81402818e+09
1.67200000e+04,3.41413670e+01,2.92053509e+33,9.44298969e+38,7.32055714e+37,4.67300648e+39,4.26620493e+47,4.56468844e+47,1.25123215e+47,4.19135975e+48,2.62984316e+52,2.63051380e+52,-7.66807342e+51,2.24711013e+52,-2.04431803e+06,5.35535012e+05,-1.26840236e+06,3.23330807e+05,2.50658078e+04,1.60005148e+06,0.00000000e+00,3.84187940e+09
1.67300000e+04,3.41504667e+01,2.92053534e+33,9.53899668e+38,7.10016659e+37,4.67691830e+39,4.26956037e+47,4.56864217e+47,1.25147485e+47,4.19865760e+48,2.63050889e+52,2.63118060e+52,-7.68642642e+51,2.24685928e+52,-2.04512933e+06,5.37454155e+05,-1.25857774e+06,3.26618088e+05,2.43111819e+04,1.60139076e+06,0.00000000e+00,3.86945605e+09
1.67400000e+04,3.41594594e+01,2.92053558e+33,9.63323564e+38,6.87536556e+37,4.68068791e+39,4.27291067e+47,4.57257913e+47,1.25173602e+47,4.20521447e+48,2.63116938e+52,2.63184211e+52,-7.70436362e+51,2.24662392e+52,-2.04594055e+06,5.39356057e+05,-1.24891338e+06,3.29844831e+05,2.35414546e+04,1.60268135e+06,0.00000000e+00,3.89654180e+09
1.67500000e+04,3.41683154e+01,2.92053581e+33,9.72615806e+38,6.65216512e+37,4.68438811e+39,4.27624034e+47,4.57645744e+47,1.25200770e+47,4.21109658e+48,2.63182310e+52,2.63249679e+52,-7.72180969e+51,2.24640630e+52,-2.04675192e+06,5.41227745e+05,-1.23944262e+06,3.33026495e+05,2.27772078e+04,1.60394818e+06,0.00000000e+00,3.92303599e+09
1.67600000e+04,3.41770453e+01,2.92053604e+33,9.81749532e+38,6.42905863e+37,4.68798750e+39,4.27961621e+47,4.58022514e+47,1.25231576e+47,4.21632823e+48,2.63246948e+52,2.63314407e+52,-7.73877244e+51,2.24620545e+52,-2.04756290e+06,5.43069035e+05,-1.23015325e+06,3.36153883e+05,2.20132830e+04,1.60518050e+06,0.00000000e+00,3.94893317e+09
1.67700000e+04,3.41856694e+01,2.92053627e+33,9.90827246e+38,6.20756726e+37,4.69148529e+39,4.28303595e+47,4.58398068e+47,1.25261791e+47,4.22097115e+48,2.63310970e+52,2.63378516e+52,-7.75527835e+51,2.24602124e+52,-2.04837278e+06,5.44883884e+05,-1.22102186e+06,3.39262093e+05,2.12548885e+04,1.60637803e+06,0.00000000e+00,3.97423354e+09
1.67800000e+04,3.41942140e+01,2.92053649e+33,9.99795313e+38,5.98932235e+37,4.69494571e+39,4.28645348e+47,4.58777385e+47,1.25290885e+47,4.22507569e+48,2.63374604e+52,2.63442231e+52,-7.77136380e+51,2.24585412e+52,-2.04918196e+06,5.46678383e+05,-1.21201719e+06,3.42332759e+05,2.05076101e+04,1.60756277e+06,0.00000000e+00,3.99897056e+09
1.67900000e+04,3.42026810e+01,2.92053670e+33,1.00867733e+39,5.77518338e+37,4.69828737e+39,4.28981392e+47,4.59158584e+47,1.25318436e+47,4.22872883e+48,2.63437804e+52,2.63505510e+52,-7.78701870e+51,2.24570416e+52,-2.04998963e+06,5.48454706e+05,-1.20313508e+06,3.45373960e+05,1.97743907e+04,1.60870684e+06,0.00000000e+00,4.02314065e+09
1.68000000e+04,3.42110728e+01,2.92053692e+33,1.01749987e+39,5.55906907e+37,4.70156170e+39,4.29317943e+47,4.59536246e+47,1.25351762e+47,4.23197287e+48,2.63500657e+52,2.63568438e+52,-7.80223429e+51,2.24557267e+52,-2.05079591e+06,5.50213942e+05,-1.19437073e+06,3.48394798e+05,1.90344078e+04,1.60982786e+06,0.00000000e+00,4.04675225e+09
1.68100000e+04,3.42194065e+01,2.92053713e+33,1.02621302e+39,5.34459534e+37,4.70482797e+39,4.29656877e+47,4.59916733e+47,1.25383937e+47,4.23483084e+48,2.63563220e+52,2.63631073e+52,-7.81702857e+51,2.24545931e+52,-2.05160053e+06,5.51960863e+05,-1.18570292e+06,3.51378181e+05,1.83000425e+04,1.61094613e+06,0.00000000e+00,4.06981622e+09
1.68200000e+04,3.42277090e+01,2.92053734e+33,1.03490827e+39,5.12948844e+37,4.70803261e+39,4.29994621e+47,4.60299289e+47,1.25412338e+47,4.23732330e+48,2.63625660e+52,2.63693583e+52,-7.83143507e+51,2.24536408e+52,-2.05240393e+06,5.53702620e+05,-1.17709899e+06,3.54355431e+05,1.75635092e+04,1.61204329e+06,0.00000000e+00,4.09235068e+09
1.68300000e+04,3.42360059e+01,2.92053754e+33,1.04361494e+39,4.91408408e+37,4.71121182e+39,4.30335519e+47,4.60680083e+47,1.25434008e+47,4.23953116e+48,2.63688253e+52,2.63756245e+52,-7.84548089e+51,2.24528840e+52,-2.05320491e+06,5.55442507e+05,-1.16852857e+06,3.57336594e+05,1.68259576e+04,1.61313174e+06,0.00000000e+00,4.11436951e+09
1.68400000e+04,3.42443106e+01,2.92053775e+33,1.05223756e+39,4.69378809e+37,4.71434512e+39,4.30675716e+47,4.61062579e+47,1.25458284e+47,4.24137507e+48,2.63750923e+52,2.63818981e+52,-7.85916914e+51,2.24523135e+52,-2.05400137e+06,5.57180841e+05,-1.15997529e+06,3.60288977e+05,1.60716570e+04,1.61420448e+06,0.00000000e+00,4.13588768e+09
1.68500000e+04,3.42526334e+01,2.92053796e+33,1.06093055e+39,4.47876079e+37,4.71746052e+39,4.31016466e+47,4.61441674e+47,1.25478073e+47,4.24303652e+48,2.63813772e+52,2.63881895e+52,-7.87249533e+51,2.24519418e+52,-2.05479195e+06,5.58917333e+05,-1.15142528e+06,3.63265454e+05,1.53353966e+04,1.61527108e+06,0.00000000e+00,4.15694891e+09
1.68600000e+04,3.42609876e+01,2.92053817e+33,1.06964620e+39,4.26232376e+37,4.72052981e+39,4.31357046e+47,4.61824889e+47,1.25493319e+47,4.24451965e+48,2.63876846e+52,2.63945033e+52,-7.88545753e+51,2.24517746e+52,-2.05557569e+06,5.60649340e+05,-1.14286104e+06,3.66249689e+05,1.45943094e+04,1.61632190e+06,0.00000000e+00,4.17756149e+09
1.68700000e+04,3.42693869e+01,2.92053839e+33,1.07837107e+39,4.03967178e+37,4.72358261e+39,4.31696748e+47,4.62211213e+47,1.25502769e+47,4.24585721e+48,2.63940309e+52,2.64008561e+52,-7.89805093e+51,2.24518306e+52,-2.05635158e+06,5.62375293e+05,-1.13426514e+06,3.69237081e+05,1.38319421e+04,1.61736707e+06,0.00000000e+00,4.19771032e+09
1.68800000e+04,3.42778420e+01,2.92053860e+33,1.08714626e+39,3.81289328e+37,4.72658922e+39,4.32036783e+47,4.62599071e+47,1.25501389e+47,4.24711024e+48,2.64004166e+52,2.64072483e+52,-7.91026244e+51,2.24521170e+52,-2.05711680e+06,5.64090742e+05,-1.12562272e+06,3.72241703e+05,1.30554456e+04,1.61839642e+06,0.00000000e+00,4.21735886e+09
1.68900000e+04,3.42863781e+01,2.92053882e+33,1.09601171e+39,3.58441138e+37,4.72953506e+39,4.32375573e+47,4.62993586e+47,1.25496109e+47,4.24831428e+48,2.64068555e+52,2.64136937e+52,-7.92209546e+51,2.24526459e+52,-2.05787072e+06,5.65790784e+05,-1.11690192e+06,3.75277225e+05,1.22731167e+04,1.61940496e+06,0.00000000e+00,4.23648955e+09
1.69000000e+04,3.42950310e+01,2.92053905e+33,1.10499571e+39,3.35108790e+37,4.73245529e+39,4.32714906e+47,4.63397744e+47,1.25486350e+47,4.24949613e+48,2.64133849e+52,2.64202298e+52,-7.93356009e+51,2.24534497e+52,-2.05861365e+06,5.67471594e+05,-1.10805918e+06,3.78353342e+05,1.14742102e+04,1.62040473e+06,0.00000000e+00,4.25507422e+09
1.69100000e+04,3.43037994e+01,2.92053927e+33,1.11406637e+39,3.11306209e+37,4.73534338e+39,4.33058626e+47,4.63799921e+47,1.25466118e+47,4.25147425e+48,2.64200052e+52,2.64268576e+52,-7.94460924e+51,2.24545530e+52,-2.05937911e+06,5.69141028e+05,-1.09913669e+06,3.81459131e+05,1.06592030e+04,1.62139350e+06,0.00000000e+00,4.27316463e+09
1.69200000e+04,3.43126683e+01,2.92053950e+33,1.12327440e+39,2.87727974e+37,4.73819404e+39,4.33410235e+47,4.64207526e+47,1.25445320e+47,4.25325414e+48,2.64266869e+52,2.64335467e+52,-7.95518621e+51,2.24559536e+52,-2.06013498e+06,5.70796702e+05,-1.09011959e+06,3.84611952e+05,9.85187753e+03,1.62236945e+06,0.00000000e+00,4.29060071e+09
1.69300000e+04,3.43216343e+01,2.92053974e+33,1.13257359e+39,2.63973328e+37,4.74102267e+39,4.33766772e+47,4.64623504e+47,1.25417067e+47,4.25441811e+48,2.64334213e+52,2.64402882e+52,-7.96524418e+51,2.24576662e+52,-2.06083852e+06,5.72418085e+05,-1.08095245e+06,3.87795987e+05,9.03851176e+03,1.62333784e+06,0.00000000e+00,4.30673433e+09
1.69400000e+04,3.43307054e+01,2.92053998e+33,1.14192906e+39,2.39277540e+37,4.74382935e+39,4.34128083e+47,4.65040528e+47,1.25367378e+47,4.25599485e+48,2.64402146e+52,2.64470893e+52,-7.97474212e+51,2.24597182e+52,-2.06152456e+06,5.74004269e+05,-1.07164875e+06,3.90999291e+05,8.19292123e+03,1.62429872e+06,0.00000000e+00,4.32204720e+09
1.69500000e+04,3.43398842e+01,2.92054023e+33,1.15141089e+39,2.14818531e+37,4.74658471e+39,4.34490203e+47,4.65464056e+47,1.25327395e+47,4.25788937e+48,2.64470682e+52,2.64539509e+52,-7.98363511e+51,2.24621334e+52,-2.06219127e+06,5.75556303e+05,-1.06220046e+06,3.94245858e+05,7.35543817e+03,1.62524202e+06,0.00000000e+00,4.33659191e+09
1.69600000e+04,3.43491805e+01,2.92054049e+33,1.16102819e+39,1.90067495e+37,4.74930353e+39,4.34857384e+47,4.65897477e+47,1.25284747e+47,4.26012492e+48,2.64539912e+52,2.64608825e+52,-7.99188281e+51,2.24649411e+52,-2.06283595e+06,5.77076073e+05,-1.05258614e+06,3.97538810e+05,6.50795616e+03,1.62617281e+06,0.00000000e+00,4.35018493e+09
1.69700000e+04,3.43585952e+01,2.92054075e+33,1.17080445e+39,1.65023221e+37,4.75196952e+39,4.35219316e+47,4.66336584e+47,1.25237586e+47,4.26279436e+48,2.64609750e+52,2.64678754e+52,-7.99943498e+51,2.24681579e+52,-2.06345682e+06,5.78561574e+05,-1.04279452e+06,4.00886188e+05,5.65043377e+03,1.62708550e+06,0.00000000e+00,4.36267887e+09
1.69800000e+04,3.43681130e+01,2.92054102e+33,1.18067803e+39,1.39539092e+37,4.75455741e+39,4.35573594e+47,4.66783874e+47,1.25187394e+47,4.26596981e+48,2.64679984e+52,2.64749085e+52,-8.00622972e+51,2.24717936e+52,-2.06405156e+06,5.80008612e+05,-1.03283025e+06,4.04266888e+05,4.77785077e+03,1.62797145e+06,0.00000000e+00,4.37397084e+09
1.69900000e+04,3.43777119e+01,2.92054129e+33,1.19064739e+39,1.14103832e+37,4.75704635e+39,4.35923074e+47,4.67242699e+47,1.25136398e+47,4.26976068e+48,2.64750417e+52,2.64819624e+52,-8.01220729e+51,2.24758588e+52,-2.06461834e+06,5.81409465e+05,-1.02270800e+06,4.07680383e+05,3.90694122e+03,1.62882352e+06,0.00000000e+00,4.38395231e+09
1.70000000e+04,3.43873437e+01,2.92054157e+33,1.20052711e+39,8.81574498e+36,4.75949491e+39,4.36263056e+47,4.67690335e+47,1.25069660e+47,4.27416614e+48,2.64820661e+52,2.64889973e+52,-8.01730467e+51,2.24803450e+52,-2.06515840e+06,5.82755964e+05,-1.01247148e+06,4.11063182e+05,3.01853091e+03,1.62966176e+06,0.00000000e+00,4.39249948e+09
1.70100000e+04,3.43969798e+01,2.92054184e+33,1.21040807e+39,6.23150915e+36,4.76185124e+39,4.36595871e+47,4.68137245e+47,1.24994893e+47,4.27927081e+48,2.64890500e+52,2.64959926e+52,-8.02148752e+51,2.24852488e+52,-2.06567146e+06,5.84057710e+05,-1.00214356e+06,4.14446408e+05,2.13368255e+03,1.63046842e+06,0.00000000e+00,4.39941876e+09
1.70200000e+04,3.44066137e+01,2.92054211e+33,1.22024566e+39,3.65240144e+36,4.76408852e+39,4.36928113e+47,4.68577020e+47,1.24913948e+47,4.28502296e+48,2.64959823e+52,2.65029367e+52,-8.02474320e+51,2.24905651e+52,-2.06615595e+06,5.85321190e+05,-9.91722019e+05,4.17814778e+05,1.25059023e+03,1.63123432e+06,0.00000000e+00,4.40478764e+09
1.70300000e+04,3.44162602e+01,2.92054239e+33,1.23007324e+39,1.08727686e+36,4.76623673e+39,4.37261700e+47,4.69011176e+47,1.24831063e+47,4.29138625e+48,2.65028766e+52,2.65098431e+52,-8.02706871e+51,2.24963087e+52,-2.06660982e+06,5.86550867e+05,-9.81175787e+05,4.21179727e+05,3.72285936e+02,1.63196971e+06,0.00000000e+00,4.40889080e+09
1.70400000e+04,3.44259492e+01,2.92054267e+33,1.23990210e+39,-1.47177313e+36,4.76829967e+39,4.37597445e+47,4.69443690e+47,1.24744269e+47,4.29827592e+48,2.65097561e+52,2.65167351e+52,-8.02845810e+51,2.25025061e+52,-2.06702938e+06,5.87749297e+05,-9.70447139e+05,4.24545107e+05,-5.03938240e+02,1.63267592e+06,0.00000000e+00,4.41162033e+09
1.70500000e+04,3.44356857e+01,2.92054295e+33,1.24975462e+39,-4.03471130e+36,4.77025847e+39,4.37930695e+47,4.69876095e+47,1.24654808e+47,4.30569319e+48,2.65166157e+52,2.65236076e+52,-8.02889400e+51,2.25091606e+52,-2.06741032e+06,5.88913907e+05,-9.59502004e+05,4.27918589e+05,-1.38149357e+03,1.63334646e+06,0.00000000e+00,4.41280815e+09
1.70600000e+04,3.44454642e+01,2.92054323e+33,1.25961423e+39,-6.59236729e+36,4.77211580e+39,4.38261295e+47,4.70307839e+47,1.24565619e+47,4.31365926e+48,2.65234480e+52,2.65304532e+52,-8.02835860e+51,2.25162739e+52,-2.06774896e+06,5.90039300e+05,-9.48314735e+05,4.31294500e+05,-2.25724010e+03,1.63398225e+06,0.00000000e+00,4.41245099e+09
1.70700000e+04,3.44553156e+01,2.92054351e+33,1.26952121e+39,-9.16694111e+36,4.77387631e+39,4.38586889e+47,4.70738696e+47,1.24478339e+47,4.32221259e+48,2.65302735e+52,2.65372923e+52,-8.02682962e+51,2.25238775e+52,-2.06803987e+06,5.91120336e+05,-9.36809091e+05,4.34686628e+05,-3.13877916e+03,1.63458489e+06,0.00000000e+00,4.41045413e+09
1.70800000e+04,3.44652783e+01,2.92054380e+33,1.27951999e+39,-1.17654877e+37,4.77555411e+39,4.38903910e+47,4.71171435e+47,1.24393244e+47,4.33142382e+48,2.65371155e+52,2.65441483e+52,-8.02427085e+51,2.25320129e+52,-2.06827520e+06,5.92152213e+05,-9.24886311e+05,4.38110188e+05,-4.02852638e+03,1.63515921e+06,0.00000000e+00,4.40677127e+09
1.70900000e+04,3.44754365e+01,2.92054411e+33,1.28969376e+39,-1.43843470e+37,4.77715491e+39,4.39216489e+47,4.71611009e+47,1.24315456e+47,4.34134672e+48,2.65440230e+52,2.65510704e+52,-8.02061273e+51,2.25407641e+52,-2.06844294e+06,5.93124452e+05,-9.12373568e+05,4.41593659e+05,-4.92522846e+03,1.63570716e+06,0.00000000e+00,4.40150710e+09
1.71000000e+04,3.44859157e+01,2.92054441e+33,1.30012688e+39,-1.70641820e+37,4.77868003e+39,4.39530784e+47,4.72064445e+47,1.24247323e+47,4.35340540e+48,2.65510789e+52,2.65581425e+52,-8.01572054e+51,2.25502823e+52,-2.06855233e+06,5.94031755e+05,-8.99040011e+05,4.45165934e+05,-5.84280860e+03,1.63622919e+06,0.00000000e+00,4.39403492e+09
1.71100000e+04,3.44968259e+01,2.92054476e+33,1.31100673e+39,-1.98068641e+37,4.78012123e+39,4.39845117e+47,4.72535151e+47,1.24186974e+47,4.36457636e+48,2.65583844e+52,2.65654637e+52,-8.00944680e+51,2.25607403e+52,-2.06854089e+06,5.94868849e+05,-8.84630254e+05,4.48891160e+05,-6.78190738e+03,1.63672247e+06,0.00000000e+00,4.38599077e+09
1.71200000e+04,3.45067180e+01,2.92054501e+33,1.32075341e+39,-2.22966215e+37,4.78134870e+39,4.40129558e+47,4.72945343e+47,1.24135317e+47,4.37990769e+48,2.65649300e+52,2.65720268e+52,-8.00268300e+51,2.25706853e+52,-2.06864943e+06,5.95561557e+05,-8.71208730e+05,4.52228406e+05,-7.63440434e+03,1.63714262e+06,0.00000000e+00,4.37532701e+09
1.71300000e+04,3.45178148e+01,2.92054535e+33,1.33182600e+39,-2.49724302e+37,4.78252967e+39,4.40432318e+47,4.73423173e+47,1.24098168e+47,4.39456942e+48,2.65721780e+52,2.65792928e+52,-7.99396118e+51,2.25823122e+52,-2.06849612e+06,5.96242139e+05,-8.55596280e+05,4.56019626e+05,-8.55060517e+03,1.63754679e+06,0.00000000e+00,4.36172832e+09
1.71400000e+04,3.45286147e+01,2.92054569e+33,1.34255766e+39,-2.74835211e+37,4.78353563e+39,4.40718250e+47,4.73888881e+47,1.24071419e+47,4.40974463e+48,2.65791602e+52,2.65862929e+52,-7.98430449e+51,2.25941407e+52,-2.06827851e+06,5.96791111e+05,-8.39874386e+05,4.59694112e+05,-9.41040613e+03,1.63789105e+06,0.00000000e+00,4.34735412e+09
1.71500000e+04,3.45390126e+01,2.92054600e+33,1.35281382e+39,-2.98088589e+37,4.78435763e+39,4.40988148e+47,4.74336818e+47,1.24049202e+47,4.42667242e+48,2.65858162e+52,2.65929677e+52,-7.97392471e+51,2.26060053e+52,-2.06801578e+06,5.97228406e+05,-8.24287350e+05,4.63205789e+05,-1.02066048e+04,1.63817232e+06,0.00000000e+00,4.33066462e+09
1.71600000e+04,3.45490536e+01,2.92054630e+33,1.36268930e+39,-3.19920589e+37,4.78502990e+39,4.41239351e+47,4.74762851e+47,1.24033681e+47,4.44444203e+48,2.65921672e+52,2.65993373e+52,-7.96292256e+51,2.26178761e+52,-2.06772969e+06,5.97588155e+05,-8.08903750e+05,4.66587123e+05,-1.09541351e+04,1.63840234e+06,0.00000000e+00,4.31253188e+09
1.71700000e+04,3.45587954e+01,2.92054658e+33,1.37223293e+39,-3.40538171e+37,4.78555705e+39,4.41474525e+47,4.75168336e+47,1.24019164e+47,4.46269240e+48,2.65982781e+52,2.66054668e+52,-7.95136037e+51,2.26297867e+52,-2.06741785e+06,5.97886918e+05,-7.93742973e+05,4.69854835e+05,-1.16600836e+04,1.63858268e+06,0.00000000e+00,4.29403236e+09
1.71800000e+04,3.45683281e+01,2.92054682e+33,1.38143453e+39,-3.60410660e+37,4.78603968e+39,4.41696714e+47,4.75551509e+47,1.24001126e+47,4.48225844e+48,2.66041837e+52,2.66113912e+52,-7.93922129e+51,2.26417806e+52,-2.06715243e+06,5.98145638e+05,-7.78754159e+05,4.73005437e+05,-1.23405198e+04,1.63874780e+06,0.00000000e+00,4.27519788e+09
1.71900000e+04,3.45772763e+01,2.92054705e+33,1.39014574e+39,-3.76830870e+37,4.78633602e+39,4.41905167e+47,4.75903183e+47,1.24013614e+47,4.49968674e+48,2.66097211e+52,2.66169451e+52,-7.92713553e+51,2.26533773e+52,-2.06688963e+06,5.98371271e+05,-7.64598365e+05,4.75988133e+05,-1.29027495e+04,1.63884914e+06,0.00000000e+00,4.25756701e+09
1.72000000e+04,3.45866210e+01,2.92054730e+33,1.39920349e+39,-3.95030681e+37,4.78656759e+39,4.42123906e+47,4.76262948e+47,1.24001102e+47,4.51796084e+48,2.66153735e+52,2.66226145e+52,-7.91381782e+51,2.26657056e+52,-2.06651048e+06,5.98574706e+05,-7.49720860e+05,4.79089480e+05,-1.35259128e+04,1.63892829e+06,0.00000000e+00,4.23701076e+09
1.72100000e+04,3.45958774e+01,2.92054756e+33,1.40805471e+39,-4.12403260e+37,4.78668348e+39,4.42333454e+47,4.76605848e+47,1.23986054e+47,4.53506678e+48,2.66209216e+52,2.66281786e+52,-7.89995031e+51,2.26782034e+52,-2.06608677e+06,5.98738277e+05,-7.34891515e+05,4.82120110e+05,-1.41207514e+04,1.63896783e+06,0.00000000e+00,4.21624501e+09
1.72200000e+04,3.46049905e+01,2.92054780e+33,1.41665046e+39,-4.29062124e+37,4.78668868e+39,4.42530995e+47,4.76930207e+47,1.23975741e+47,4.55186196e+48,2.66263321e+52,2.66336045e+52,-7.88564978e+51,2.26907796e+52,-2.06562468e+06,5.98858423e+05,-7.20195207e+05,4.85063266e+05,-1.46911522e+04,1.63896947e+06,0.00000000e+00,4.19452080e+09
1.72300000e+04,3.46139926e+01,2.92054803e+33,1.42534001e+39,-4.45010019e+37,4.78663551e+39,4.42721094e+47,4.77237603e+47,1.23985093e+47,4.56844122e+48,2.66316341e+52,2.66389210e+52,-7.87090862e+51,2.27034667e+52,-2.06520424e+06,5.98947626e+05,-7.05593749e+05,4.88038544e+05,-1.52372094e+04,1.63895114e+06,0.00000000e+00,4.17258469e+09
1.72400000e+04,3.46228641e+01,2.92054826e+33,1.43380629e+39,-4.59305905e+37,4.78634667e+39,4.42904138e+47,4.77552657e+47,1.24004034e+47,4.58342112e+48,2.66367961e+52,2.66440958e+52,-7.85582213e+51,2.27161847e+52,-2.06467881e+06,5.99010203e+05,-6.91130169e+05,4.90937372e+05,-1.57267014e+04,1.63885211e+06,0.00000000e+00,4.14971993e+09
1.72500000e+04,3.46315756e+01,2.92054849e+33,1.44203638e+39,-4.72982453e+37,4.78599324e+39,4.43072901e+47,4.77853731e+47,1.24017021e+47,4.59761440e+48,2.66418029e+52,2.66491145e+52,-7.84047654e+51,2.27288762e+52,-2.06412712e+06,5.99039932e+05,-6.76848435e+05,4.93755328e+05,-1.61949871e+04,1.63873096e+06,0.00000000e+00,4.12659402e+09
1.72600000e+04,3.46401298e+01,2.92054871e+33,1.45005261e+39,-4.85960184e+37,4.78556724e+39,4.43230617e+47,4.78144713e+47,1.24024246e+47,4.61087931e+48,2.66466600e+52,2.66539825e+52,-7.82491621e+51,2.27415244e+52,-2.06355035e+06,5.99040452e+05,-6.62756765e+05,4.96500059e+05,-1.66393453e+04,1.63858498e+06,0.00000000e+00,4.10266533e+09
1.72700000e+04,3.46484973e+01,2.92054892e+33,1.45783075e+39,-4.98120467e+37,4.78508446e+39,4.43379929e+47,4.78425209e+47,1.24023624e+47,4.62313411e+48,2.66513551e+52,2.66586871e+52,-7.80924453e+51,2.27540648e+52,-2.06295265e+06,5.99016097e+05,-6.48922291e+05,4.99163268e+05,-1.70557139e+04,1.63841955e+06,0.00000000e+00,4.07866949e+09
1.72800000e+04,3.46566541e+01,2.92054913e+33,1.46535045e+39,-5.09520772e+37,4.78452444e+39,4.43520248e+47,4.78696968e+47,1.24017031e+47,4.63432586e+48,2.66558778e+52,2.66632181e+52,-7.79355881e+51,2.27664387e+52,-2.06234133e+06,5.98972008e+05,-6.35392713e+05,5.01737990e+05,-1.74460607e+04,1.63822769e+06,0.00000000e+00,4.05505559e+09
1.72900000e+04,3.46646161e+01,2.92054932e+33,1.47263919e+39,-5.20327298e+37,4.78390098e+39,4.43653590e+47,4.78960761e+47,1.24006309e+47,4.64441323e+48,2.66602414e+52,2.66675888e+52,-7.77787945e+51,2.27786490e+52,-2.06171849e+06,5.98911684e+05,-6.22151127e+05,5.04233631e+05,-1.78160764e+04,1.63801411e+06,0.00000000e+00,4.03159730e+09
1.73000000e+04,3.46724265e+01,2.92054951e+33,1.47980229e+39,-5.30489119e+37,4.78320978e+39,4.43782301e+47,4.79212407e+47,1.23992937e+47,4.65340283e+48,2.66644736e+52,2.66718267e+52,-7.76216440e+51,2.27907445e+52,-2.06107966e+06,5.98837693e+05,-6.09135252e+05,5.06686255e+05,-1.81640173e+04,1.63777733e+06,0.00000000e+00,4.00810840e+09
1.73100000e+04,3.46801586e+01,2.92054969e+33,1.48687743e+39,-5.40308345e+37,4.78244241e+39,4.43904541e+47,4.79455763e+47,1.23975785e+47,4.66127603e+48,2.66686184e+52,2.66759759e+52,-7.74630007e+51,2.28028258e+52,-2.06041444e+06,5.98754128e+05,-5.96235489e+05,5.09108758e+05,-1.85002278e+04,1.63751448e+06,0.00000000e+00,3.98439570e+09
1.73200000e+04,3.46878805e+01,2.92054987e+33,1.49393452e+39,-5.49909809e+37,4.78162282e+39,4.44021473e+47,4.79692038e+47,1.23954296e+47,4.66805723e+48,2.66727143e+52,2.66800749e+52,-7.73016995e+51,2.28149899e+52,-2.05971005e+06,5.98663030e+05,-5.83346004e+05,5.11525085e+05,-1.88289819e+04,1.63723375e+06,0.00000000e+00,3.96027966e+09
1.73300000e+04,3.46956347e+01,2.92055006e+33,1.50099396e+39,-5.59255752e+37,4.78075952e+39,4.44136151e+47,4.79920115e+47,1.23928923e+47,4.67372263e+48,2.66767826e+52,2.66841450e+52,-7.71370214e+51,2.28272939e+52,-2.05895669e+06,5.98565350e+05,-5.70398482e+05,5.13942212e+05,-1.91489870e+04,1.63693805e+06,0.00000000e+00,3.93568617e+09
1.73400000e+04,3.47034493e+01,2.92055025e+33,1.50809246e+39,-5.68384263e+37,4.77983207e+39,4.44249203e+47,4.80140159e+47,1.23899191e+47,4.67826295e+48,2.66808377e+52,2.66882006e+52,-7.69685049e+51,2.28397753e+52,-2.05814830e+06,5.98462976e+05,-5.57348320e+05,5.16372715e+05,-1.94615471e+04,1.63662039e+06,0.00000000e+00,3.91058252e+09
1.73500000e+04,3.47113541e+01,2.92055044e+33,1.51522849e+39,-5.77301314e+37,4.77880165e+39,4.44358117e+47,4.80353731e+47,1.23863569e+47,4.68163391e+48,2.66848941e+52,2.66922561e+52,-7.67956218e+51,2.28524750e+52,-2.05727972e+06,5.98355866e+05,-5.44148022e+05,5.18816068e+05,-1.97668668e+04,1.63626746e+06,0.00000000e+00,3.88489498e+09
1.73600000e+04,3.47194333e+01,2.92055064e+33,1.52246091e+39,-5.86069244e+37,4.77763590e+39,4.44469840e+47,4.80563314e+47,1.23822595e+47,4.68375275e+48,2.66889937e+52,2.66963534e+52,-7.66166125e+51,2.28655227e+52,-2.05633440e+06,5.98242094e+05,-5.30658077e+05,5.21292420e+05,-2.00670804e+04,1.63586819e+06,0.00000000e+00,3.85834463e+09
1.73700000e+04,3.47277286e+01,2.92055084e+33,1.52985849e+39,-5.94739847e+37,4.77633700e+39,4.44585352e+47,4.80769327e+47,1.23776989e+47,4.68453448e+48,2.66931553e+52,2.67005111e+52,-7.64305905e+51,2.28789816e+52,-2.05529895e+06,5.98118536e+05,-5.16808374e+05,5.23825324e+05,-2.03639614e+04,1.63542334e+06,0.00000000e+00,3.83079686e+09
1.73800000e+04,3.47362660e+01,2.92055106e+33,1.53745314e+39,-6.03402858e+37,4.77487319e+39,4.44702273e+47,4.80973394e+47,1.23724714e+47,4.68385124e+48,2.66973902e+52,2.67047404e+52,-7.62370167e+51,2.28928896e+52,-2.05416354e+06,5.97981838e+05,-5.02554694e+05,5.26425699e+05,-2.06605824e+04,1.63492200e+06,0.00000000e+00,3.80218528e+09
1.73900000e+04,3.47450256e+01,2.92055130e+33,1.54522462e+39,-6.12117323e+37,4.77322317e+39,4.44816541e+47,4.81179696e+47,1.23666573e+47,4.68159988e+48,2.67016844e+52,2.67090272e+52,-7.60364087e+51,2.29072067e+52,-2.05292916e+06,5.97830742e+05,-4.87933554e+05,5.29086622e+05,-2.09589650e+04,1.63435690e+06,0.00000000e+00,3.77260787e+09
1.74000000e+04,3.47538919e+01,2.92055153e+33,1.55303538e+39,-6.20547890e+37,4.77141942e+39,4.44927053e+47,4.81382411e+47,1.23602631e+47,4.67778299e+48,2.67059795e+52,2.67133131e+52,-7.58315556e+51,2.29217353e+52,-2.05161810e+06,5.97665343e+05,-4.73139305e+05,5.31760992e+05,-2.12476268e+04,1.63373916e+06,0.00000000e+00,3.74252917e+09
1.74100000e+04,3.47627609e+01,2.92055177e+33,1.56080263e+39,-6.28348763e+37,4.76950346e+39,4.45036399e+47,4.81576417e+47,1.23535532e+47,4.67240234e+48,2.67102256e+52,2.67175482e+52,-7.56250920e+51,2.29362936e+52,-2.05025493e+06,5.97486948e+05,-4.58347405e+05,5.34420463e+05,-2.15147278e+04,1.63308301e+06,0.00000000e+00,3.71240680e+09
1.74200000e+04,3.47715708e+01,2.92055200e+33,1.56849554e+39,-6.35498544e+37,4.76747266e+39,4.45148275e+47,4.81764907e+47,1.23464644e+47,4.66546649e+48,2.67143948e+52,2.67217046e+52,-7.54187516e+51,2.29507670e+52,-2.04885632e+06,5.97298025e+05,-4.43664431e+05,5.37054480e+05,-2.17595353e+04,1.63238753e+06,0.00000000e+00,3.68249942e+09
1.74300000e+04,3.47802800e+01,2.92055223e+33,1.57608941e+39,-6.41961143e+37,4.76531756e+39,4.45265119e+47,4.81943850e+47,1.23393487e+47,4.65700820e+48,2.67184707e+52,2.67257662e+52,-7.52138144e+51,2.29650755e+52,-2.04743574e+06,5.97099139e+05,-4.29161193e+05,5.39654588e+05,-2.19808136e+04,1.63164949e+06,0.00000000e+00,3.65298017e+09
1.74400000e+04,3.47889333e+01,2.92055245e+33,1.58362059e+39,-6.47977458e+37,4.76303663e+39,4.45390211e+47,4.82112210e+47,1.23319102e+47,4.64695728e+48,2.67224868e+52,2.67297662e+52,-7.50095198e+51,2.29792902e+52,-2.04598383e+06,5.96892042e+05,-4.14763166e+05,5.42233231e+05,-2.21868112e+04,1.63086837e+06,0.00000000e+00,3.62367675e+09
1.74500000e+04,3.47975447e+01,2.92055268e+33,1.59107533e+39,-6.53610492e+37,4.76064085e+39,4.45523358e+47,4.82268873e+47,1.23245445e+47,4.63533415e+48,2.67264475e+52,2.67337092e+52,-7.48058052e+51,2.29934190e+52,-2.04449698e+06,5.96680238e+05,-4.00445920e+05,5.44785700e+05,-2.23796851e+04,1.63004793e+06,0.00000000e+00,3.59450495e+09
1.74600000e+04,3.48061776e+01,2.92055290e+33,1.59854260e+39,-6.59060252e+37,4.75812108e+39,4.45664565e+47,4.82418405e+47,1.23175501e+47,4.62202269e+48,2.67303804e+52,2.67376225e+52,-7.46014168e+51,2.30075517e+52,-2.04296080e+06,5.96465714e+05,-3.86101487e+05,5.47342458e+05,-2.25662837e+04,1.62918503e+06,0.00000000e+00,3.56542125e+09
1.74700000e+04,3.48149850e+01,2.92055313e+33,1.60615224e+39,-6.64393508e+37,4.75549009e+39,4.45815888e+47,4.82562611e+47,1.23103825e+47,4.60670021e+48,2.67343524e+52,2.67415727e+52,-7.43929748e+51,2.30219240e+52,-2.04133668e+06,5.96246119e+05,-3.71475989e+05,5.49947961e+05,-2.27488930e+04,1.62828405e+06,0.00000000e+00,3.53584955e+09
1.74800000e+04,3.48240696e+01,2.92055338e+33,1.61395217e+39,-6.69387213e+37,4.75272212e+39,4.45981471e+47,4.82710756e+47,1.23021392e+47,4.58909220e+48,2.67384086e+52,2.67456045e+52,-7.41783044e+51,2.30366893e+52,-2.03959411e+06,5.96017520e+05,-3.56403106e+05,5.52618616e+05,-2.29198760e+04,1.62733616e+06,0.00000000e+00,3.50543497e+09
1.74900000e+04,3.48334982e+01,2.92055364e+33,1.62202361e+39,-6.74086896e+37,4.74975218e+39,4.46158034e+47,4.82866199e+47,1.22933370e+47,4.56895235e+48,2.67425764e+52,2.67497450e+52,-7.39561163e+51,2.30519392e+52,-2.03770854e+06,5.95775086e+05,-3.40774781e+05,5.55382236e+05,-2.30807915e+04,1.62631910e+06,0.00000000e+00,3.47408245e+09
1.75000000e+04,3.48432463e+01,2.92055392e+33,1.63034335e+39,-6.78706841e+37,4.74657475e+39,4.46347031e+47,4.83020492e+47,1.22834445e+47,4.54624129e+48,2.67468429e+52,2.67539815e+52,-7.37273153e+51,2.30676157e+52,-2.03567785e+06,5.95516683e+05,-3.24632319e+05,5.58230867e+05,-2.32389765e+04,1.62523099e+06,0.00000000e+00,3.44195717e+09
1.75100000e+04,3.48531909e+01,2.92055421e+33,1.63879578e+39,-6.83436500e+37,4.74326567e+39,4.46547144e+47,4.83170761e+47,1.22722319e+47,4.52120344e+48,2.67511534e+52,2.67582594e+52,-7.34951334e+51,2.30835027e+52,-2.03353013e+06,5.95241655e+05,-3.08179755e+05,5.61124931e+05,-2.34009181e+04,1.62409780e+06,0.00000000e+00,3.40955476e+09
1.75200000e+04,3.48633777e+01,2.92055452e+33,1.64740655e+39,-6.88291556e+37,4.73985369e+39,4.46751048e+47,4.83317091e+47,1.22596398e+47,4.49358891e+48,2.67555264e+52,2.67625970e+52,-7.32588992e+51,2.30996520e+52,-2.03125257e+06,5.94949449e+05,-2.91342987e+05,5.64073207e+05,-2.35671532e+04,1.62292936e+06,0.00000000e+00,3.37678602e+09
1.75300000e+04,3.48737244e+01,2.92055483e+33,1.65608662e+39,-6.92758110e+37,4.73634660e+39,4.46956165e+47,4.83460490e+47,1.22458466e+47,4.46366174e+48,2.67599253e+52,2.67669580e+52,-7.30209127e+51,2.31159123e+52,-2.02886411e+06,5.94644410e+05,-2.74259331e+05,5.67045208e+05,-2.37200857e+04,1.62172836e+06,0.00000000e+00,3.34395270e+09
1.75400000e+04,3.48837818e+01,2.92055513e+33,1.66446668e+39,-6.96518972e+37,4.73289614e+39,4.47157787e+47,4.83587581e+47,1.22318069e+47,4.43291267e+48,2.67641615e+52,2.67711553e+52,-7.27917357e+51,2.31315685e+52,-2.02649999e+06,5.94342122e+05,-2.57668511e+05,5.69914488e+05,-2.38488555e+04,1.62054676e+06,0.00000000e+00,3.31267624e+09
1.75500000e+04,3.48935538e+01,2.92055541e+33,1.67254349e+39,-6.99808357e+37,4.72951987e+39,4.47357679e+47,4.83703359e+47,1.22174095e+47,4.40138195e+48,2.67682434e+52,2.67751975e+52,-7.25713871e+51,2.31466282e+52,-2.02416990e+06,5.94046459e+05,-2.41561728e+05,5.72679939e+05,-2.39614820e+04,1.61939056e+06,0.00000000e+00,3.28286498e+09
1.75600000e+04,3.49030466e+01,2.92055568e+33,1.68029971e+39,-7.02780146e+37,4.72617593e+39,4.47554381e+47,4.83818899e+47,1.22024047e+47,4.36920526e+48,2.67721789e+52,2.67790928e+52,-7.23597737e+51,2.31611041e+52,-2.02187674e+06,5.93758333e+05,-2.25926208e+05,5.75335620e+05,-2.40632340e+04,1.61824545e+06,0.00000000e+00,3.25444794e+09
1.75700000e+04,3.49122550e+01,2.92055593e+33,1.68775225e+39,-7.05425721e+37,4.72287712e+39,4.47752518e+47,4.83933417e+47,1.21869093e+47,4.33661159e+48,2.67759689e+52,2.67828421e+52,-7.21570108e+51,2.31749916e+52,-2.01962560e+06,5.93480822e+05,-2.10767954e+05,5.77887323e+05,-2.41538165e+04,1.61711579e+06,0.00000000e+00,3.22741664e+09
1.75800000e+04,3.49211984e+01,2.92055617e+33,1.69492169e+39,-7.07653501e+37,4.71961193e+39,4.47955257e+47,4.84042054e+47,1.21708544e+47,4.30370794e+48,2.67796252e+52,2.67864575e+52,-7.19626297e+51,2.31883261e+52,-2.01741439e+06,5.93214978e+05,-1.96055116e+05,5.80342098e+05,-2.42300939e+04,1.61599766e+06,0.00000000e+00,3.20165817e+09
1.75900000e+04,3.49299114e+01,2.92055640e+33,1.70187690e+39,-7.09541083e+37,4.71637601e+39,4.48161068e+47,4.84139465e+47,1.21543983e+47,4.27053676e+48,2.67831643e+52,2.67899556e+52,-7.17758232e+51,2.32011645e+52,-2.01523650e+06,5.92960941e+05,-1.81730126e+05,5.82723517e+05,-2.42947229e+04,1.61488955e+06,0.00000000e+00,3.17701495e+09
1.76000000e+04,3.49384492e+01,2.92055661e+33,1.70867520e+39,-7.11202076e+37,4.71315620e+39,4.48367965e+47,4.84223643e+47,1.21383412e+47,4.23704186e+48,2.67866116e+52,2.67933616e+52,-7.15953654e+51,2.32135933e+52,-2.01307907e+06,5.92717930e+05,-1.67701747e+05,5.85051216e+05,-2.43515935e+04,1.61378697e+06,0.00000000e+00,3.15329729e+09
1.76100000e+04,3.49469244e+01,2.92055683e+33,1.71535212e+39,-7.12807514e+37,4.70992445e+39,4.48579881e+47,4.84293904e+47,1.21221680e+47,4.20287884e+48,2.67900146e+52,2.67967227e+52,-7.14188950e+51,2.32257779e+52,-2.01091075e+06,5.92483650e+05,-1.53784471e+05,5.87337354e+05,-2.44065620e+04,1.61268029e+06,0.00000000e+00,3.13017463e+09
1.76200000e+04,3.49555063e+01,2.92055705e+33,1.72204951e+39,-7.14382422e+37,4.70657864e+39,4.48795979e+47,4.84359551e+47,1.21061355e+47,4.16742282e+48,2.67934425e+52,2.68001072e+52,-7.12430256e+51,2.32379559e+52,-2.00867933e+06,5.92254930e+05,-1.39700882e+05,5.89630499e+05,-2.44604851e+04,1.61153456e+06,0.00000000e+00,3.10716649e+09
1.76300000e+04,3.49643002e+01,2.92055729e+33,1.72885520e+39,-7.15672236e+37,4.70308092e+39,4.49013971e+47,4.84423923e+47,1.20897700e+47,4.13033317e+48,2.67969395e+52,2.68035592e+52,-7.10658683e+51,2.32502658e+52,-2.00634753e+06,5.92029418e+05,-1.25278563e+05,5.91960721e+05,-2.45046464e+04,1.61033682e+06,0.00000000e+00,3.08400866e+09
1.76400000e+04,3.49728554e+01,2.92055751e+33,1.73543624e+39,-7.16317254e+37,4.69962369e+39,4.49220522e+47,4.84484388e+47,1.20738277e+47,4.09380697e+48,2.68003265e+52,2.68069018e+52,-7.08965498e+51,2.32620743e+52,-2.00405412e+06,5.91817005e+05,-1.11255812e+05,5.94214029e+05,-2.45267300e+04,1.60915294e+06,0.00000000e+00,3.06199889e+09
1.76500000e+04,3.49811092e+01,2.92055771e+33,1.74174562e+39,-7.16615620e+37,4.69624119e+39,4.49419042e+47,4.84545024e+47,1.20584571e+47,4.05813574e+48,2.68035806e+52,2.68101125e+52,-7.07361253e+51,2.32733062e+52,-2.00182707e+06,5.91621539e+05,-9.77363596e+04,5.96374319e+05,-2.45369443e+04,1.60799465e+06,0.00000000e+00,3.04129599e+09
1.76600000e+04,3.49891098e+01,2.92055791e+33,1.74778013e+39,-7.17019526e+37,4.69290763e+39,4.49615669e+47,4.84603854e+47,1.20435420e+47,4.02318668e+48,2.68067228e+52,2.68132122e+52,-7.05834624e+51,2.32840391e+52,-1.99965437e+06,5.91444872e+05,-8.46419096e+04,5.98440499e+05,-2.45507724e+04,1.60685314e+06,0.00000000e+00,3.02167284e+09
1.76700000e+04,3.49969047e+01,2.92055810e+33,1.75360693e+39,-7.17799732e+37,4.68961420e+39,4.49809308e+47,4.84661109e+47,1.20290165e+47,3.98881872e+48,2.68097736e+52,2.68162211e+52,-7.04374959e+51,2.32943463e+52,-1.99752285e+06,5.91288541e+05,-7.18962186e+04,6.00435558e+05,-2.45774851e+04,1.60572536e+06,0.00000000e+00,3.00296690e+09
1.76800000e+04,3.50045609e+01,2.92055828e+33,1.75930134e+39,-7.18912398e+37,4.68630160e+39,4.50002162e+47,4.84714851e+47,1.20148061e+47,3.95479372e+48,2.68127604e+52,2.68191665e+52,-7.02968682e+51,2.33043231e+52,-1.99541254e+06,5.91151950e+05,-5.93895183e+04,6.02385288e+05,-2.46155813e+04,1.60459103e+06,0.00000000e+00,2.98498967e+09
1.76900000e+04,3.50121193e+01,2.92055845e+33,1.76489651e+39,-7.20063057e+37,4.68298357e+39,4.50192290e+47,4.84760128e+47,1.20003707e+47,3.92099744e+48,2.68157002e+52,2.68220652e+52,-7.01607687e+51,2.33140267e+52,-1.99331076e+06,5.91035015e+05,-4.70539079e+04,6.04301041e+05,-2.46549784e+04,1.60345483e+06,0.00000000e+00,2.96763376e+09
1.77000000e+04,3.50196272e+01,2.92055863e+33,1.77042302e+39,-7.21091563e+37,4.67967353e+39,4.50379749e+47,4.84795641e+47,1.19857777e+47,3.88727408e+48,2.68186126e+52,2.68249367e+52,-7.00283274e+51,2.33235203e+52,-1.99120269e+06,5.90937267e+05,-3.48126896e+04,6.06193283e+05,-2.46901930e+04,1.60232138e+06,0.00000000e+00,2.95078164e+09
1.77100000e+04,3.50271087e+01,2.92055880e+33,1.77590382e+39,-7.22162384e+37,4.67636823e+39,4.50564450e+47,4.84823505e+47,1.19710172e+47,3.85358368e+48,2.68215083e+52,2.68277915e+52,-6.98991360e+51,2.33328347e+52,-1.98907893e+06,5.90858133e+05,-2.26271933e+04,6.08069874e+05,-2.47268565e+04,1.60118955e+06,0.00000000e+00,2.93437984e+09
1.77200000e+04,3.50345615e+01,2.92055897e+33,1.78135178e+39,-7.23289887e+37,4.67304732e+39,4.50744023e+47,4.84845529e+47,1.19560712e+47,3.82002484e+48,2.68243867e+52,2.68306292e+52,-6.97732501e+51,2.33419667e+52,-1.98693980e+06,5.90797642e+05,-1.05016657e+04,6.09935221e+05,-2.47654608e+04,1.60005237e+06,0.00000000e+00,2.91844104e+09
1.77300000e+04,3.50420414e+01,2.92055915e+33,1.78681221e+39,-7.24556447e+37,4.66969125e+39,4.50926311e+47,4.84863059e+47,1.19407803e+47,3.78639514e+48,2.68272698e+52,2.68334716e+52,-6.96497774e+51,2.33509827e+52,-1.98476742e+06,5.90755864e+05,1.65431482e+03,6.11804835e+05,-2.48088264e+04,1.59890316e+06,0.00000000e+00,2.90285487e+09
1.77400000e+04,3.50496414e+01,2.92055932e+33,1.79236615e+39,-7.26237167e+37,4.66623984e+39,4.51119227e+47,4.84877015e+47,1.19251726e+47,3.75233600e+48,2.68301942e+52,2.68363548e+52,-6.95273195e+51,2.33599888e+52,-1.98253035e+06,5.90732799e+05,1.39912362e+04,6.13706468e+05,-2.48663727e+04,1.59772130e+06,0.00000000e+00,2.88742101e+09
1.77500000e+04,3.50573552e+01,2.92055951e+33,1.79800262e+39,-7.28559486e+37,4.66269170e+39,4.51319538e+47,4.84887026e+47,1.19092472e+47,3.71795690e+48,2.68331581e+52,2.68392772e+52,-6.94061553e+51,2.33689694e+52,-1.98022853e+06,5.90728750e+05,2.64983333e+04,6.15636358e+05,-2.49458874e+04,1.59650632e+06,0.00000000e+00,2.87217412e+09
1.77600000e+04,3.50651987e+01,2.92055970e+33,1.80374367e+39,-7.31362381e+37,4.65903824e+39,4.51526293e+47,4.84896601e+47,1.18932685e+47,3.68324665e+48,2.68361684e+52,2.68422456e+52,-6.92862284e+51,2.33779342e+52,-1.97785598e+06,5.90744283e+05,3.92004964e+04,6.17602056e+05,-2.50418570e+04,1.59525527e+06,0.00000000e+00,2.85711789e+09
1.77700000e+04,3.50731939e+01,2.92055989e+33,1.80956674e+39,-7.34262540e+37,4.65531268e+39,4.51733079e+47,4.84898620e+47,1.18768964e+47,3.64818018e+48,2.68392342e+52,2.68452692e+52,-6.91674204e+51,2.33868982e+52,-1.97540378e+06,5.90779960e+05,5.21326533e+04,6.19595833e+05,-2.51411567e+04,1.59397953e+06,0.00000000e+00,2.84224286e+09
1.77800000e+04,3.50813541e+01,2.92056009e+33,1.81546082e+39,-7.36970879e+37,4.65147249e+39,4.51941130e+47,4.84896246e+47,1.18601838e+47,3.61278699e+48,2.68423609e+52,2.68483533e+52,-6.90497762e+51,2.33958645e+52,-1.97286567e+06,5.90836140e+05,6.53166147e+04,6.21613924e+05,-2.52338885e+04,1.59266454e+06,0.00000000e+00,2.82755735e+09
1.77900000e+04,3.50896824e+01,2.92056030e+33,1.82142644e+39,-7.39452873e+37,4.64748777e+39,4.52157104e+47,4.84893436e+47,1.18425045e+47,3.57714850e+48,2.68455497e+52,2.68514993e+52,-6.89335137e+51,2.34048236e+52,-1.97023884e+06,5.90914545e+05,7.87565340e+04,6.23656508e+05,-2.53188702e+04,1.59130005e+06,0.00000000e+00,2.81308628e+09
1.78000000e+04,3.50982045e+01,2.92056052e+33,1.82751886e+39,-7.42003176e+37,4.64336340e+39,4.52381040e+47,4.84889324e+47,1.18240251e+47,3.54123192e+48,2.68488118e+52,2.68547181e+52,-6.88185633e+51,2.34137900e+52,-1.96751218e+06,5.91016459e+05,9.24935612e+04,6.25742506e+05,-2.54061907e+04,1.58988775e+06,0.00000000e+00,2.79882443e+09
1.78100000e+04,3.51069622e+01,2.92056075e+33,1.83375565e+39,-7.44958114e+37,4.63909140e+39,4.52615646e+47,4.84879160e+47,1.18043916e+47,3.50496061e+48,2.68521632e+52,2.68580260e+52,-6.87047045e+51,2.34227907e+52,-1.96466853e+06,5.91141832e+05,1.06595892e+05,6.27877932e+05,-2.55073658e+04,1.58842489e+06,0.00000000e+00,2.78473232e+09
1.78200000e+04,3.51161547e+01,2.92056101e+33,1.84024767e+39,-7.48249671e+37,4.63454604e+39,4.52857183e+47,4.84863735e+47,1.17834603e+47,3.46761813e+48,2.68556816e+52,2.68614996e+52,-6.85898934e+51,2.34320049e+52,-1.96163064e+06,5.91292998e+05,1.21384518e+05,6.30100745e+05,-2.56200665e+04,1.58686842e+06,0.00000000e+00,2.77051721e+09
1.78300000e+04,3.51259279e+01,2.92056129e+33,1.84708762e+39,-7.51636995e+37,4.62964710e+39,4.53110880e+47,4.84842185e+47,1.17605619e+47,3.42885876e+48,2.68594238e+52,2.68651953e+52,-6.84731464e+51,2.34415380e+52,-1.95833446e+06,5.91471234e+05,1.37092078e+05,6.32442684e+05,-2.57360460e+04,1.58519087e+06,0.00000000e+00,2.75603070e+09
1.78400000e+04,3.51364504e+01,2.92056161e+33,1.85443013e+39,-7.54955677e+37,4.62430819e+39,4.53375419e+47,4.84825263e+47,1.17352803e+47,3.38833417e+48,2.68634567e+52,2.68691797e+52,-6.83536116e+51,2.34514991e+52,-1.95470866e+06,5.91678503e+05,1.53985601e+05,6.34956690e+05,-2.58496747e+04,1.58336266e+06,0.00000000e+00,2.74118122e+09
1.78500000e+04,3.51477806e+01,2.92056198e+33,1.86230015e+39,-7.58476354e+37,4.61853196e+39,4.53650568e+47,4.84802582e+47,1.17081680e+47,3.34629811e+48,2.68678061e+52,2.68734791e+52,-6.82320705e+51,2.34618755e+52,-1.95071797e+06,5.91911859e+05,1.72153326e+05,6.37651303e+05,-2.59702194e+04,1.58138468e+06,0.00000000e+00,2.72605295e+09
1.78600000e+04,3.51599547e+01,2.92056240e+33,1.87068411e+39,-7.62710515e+37,4.61220574e+39,4.53943658e+47,4.84779813e+47,1.16789398e+47,3.30317404e+48,2.68724906e+52,2.68781122e+52,-6.81097964e+51,2.34726224e+52,-1.94633504e+06,5.92169340e+05,1.91650376e+05,6.40521877e+05,-2.61151932e+04,1.57921835e+06,0.00000000e+00,2.71079769e+09
1.78700000e+04,3.51731965e+01,2.92056290e+33,1.87980744e+39,-7.67800801e+37,4.60522740e+39,4.54257816e+47,4.84758928e+47,1.16478473e+47,3.25881958e+48,2.68776152e+52,2.68831840e+52,-6.79866420e+51,2.34838519e+52,-1.94144898e+06,5.92455619e+05,2.12830192e+05,6.43645595e+05,-2.62894801e+04,1.57682870e+06,0.00000000e+00,2.69538141e+09
1.78800000e+04,3.51870853e+01,2.92056344e+33,1.88941058e+39,-7.73403879e+37,4.59781312e+39,4.54578695e+47,4.84731887e+47,1.16154760e+47,3.21568130e+48,2.68830159e+52,2.68885333e+52,-6.78685132e+51,2.34951076e+52,-1.93621788e+06,5.92766597e+05,2.35015975e+05,6.46933588e+05,-2.64813244e+04,1.57428976e+06,0.00000000e+00,2.68059289e+09
1.78900000e+04,3.52012885e+01,2.92056400e+33,1.89920770e+39,-7.80367660e+37,4.59008916e+39,4.54912796e+47,4.84697687e+47,1.15809012e+47,3.17524774e+48,2.68885740e+52,2.68940426e+52,-6.77595028e+51,2.35060675e+52,-1.93079076e+06,5.93117681e+05,2.57677300e+05,6.50287992e+05,-2.67197589e+04,1.57164478e+06,0.00000000e+00,2.66699645e+09
1.79000000e+04,3.52159014e+01,2.92056460e+33,1.90926796e+39,-7.87396874e+37,4.58198304e+39,4.55264257e+47,4.84664645e+47,1.15457825e+47,3.13760967e+48,2.68943259e+52,2.68997487e+52,-6.76599633e+51,2.35167506e+52,-1.92512921e+06,5.93537400e+05,2.80973320e+05,6.53732489e+05,-2.69604334e+04,1.56886892e+06,0.00000000e+00,2.65451223e+09
1.79100000e+04,3.52312706e+01,2.92056525e+33,1.91982120e+39,-7.95700810e+37,4.57334359e+39,4.55643334e+47,4.84626743e+47,1.15080771e+47,3.10227517e+48,2.69004164e+52,2.69057957e+52,-6.75692865e+51,2.35273314e+52,-1.91907277e+06,5.94042044e+05,3.05464554e+05,6.57345764e+05,-2.72447537e+04,1.56591043e+06,0.00000000e+00,2.64306466e+09
1.79200000e+04,3.52484765e+01,2.92056606e+33,1.93173044e+39,-8.05990742e+37,4.56347862e+39,4.56067663e+47,4.84594911e+47,1.14658090e+47,3.06774751e+48,2.69072890e+52,2.69126257e+52,-6.74850456e+51,2.35383734e+52,-1.91208411e+06,5.94635252e+05,3.32869159e+05,6.61423299e+05,-2.75970728e+04,1.56253224e+06,0.00000000e+00,2.63219213e+09
1.79300000e+04,3.52679482e+01,2.92056709e+33,1.94533039e+39,-8.20337640e+37,4.55206802e+39,4.56553223e+47,4.84579093e+47,1.14159519e+47,3.03585019e+48,2.69151393e+52,2.69204363e+52,-6.74117399e+51,2.35498493e+52,-1.90387090e+06,5.95252554e+05,3.63847197e+05,6.66079680e+05,-2.80882998e+04,1.55862471e+06,0.00000000e+00,2.62225339e+09
1.79400000e+04,3.52885739e+01,2.92056823e+33,1.95968826e+39,-8.37822085e+37,4.53981341e+39,4.57034247e+47,4.84578520e+47,1.13606900e+47,3.01148512e+48,2.69235814e+52,2.69288465e+52,-6.73594885e+51,2.35608721e+52,-1.89493488e+06,5.95843233e+05,3.96624997e+05,6.70995540e+05,-2.86869547e+04,1.55442813e+06,0.00000000e+00,2.61476333e+09
1.79500000e+04,3.53103193e+01,2.92056950e+33,1.97494989e+39,-8.59408932e+37,4.52670322e+39,4.57502574e+47,4.84590378e+47,1.13032930e+47,2.99596965e+48,2.69326107e+52,2.69378532e+52,-6.73329105e+51,2.35712076e+52,-1.88530133e+06,5.96475046e+05,4.31200016e+05,6.76220815e+05,-2.94260737e+04,1.54993854e+06,0.00000000e+00,2.61014554e+09
1.79600000e+04,3.53333959e+01,2.92057092e+33,1.99115483e+39,-8.86399149e+37,4.51270042e+39,4.57979100e+47,4.84613540e+47,1.12422971e+47,2.99051884e+48,2.69423504e+52,2.69475809e+52,-6.73370259e+51,2.35807296e+52,-1.87483925e+06,5.97201305e+05,4.67963713e+05,6.81769039e+05,-3.03502012e+04,1.54514324e+06,0.00000000e+00,2.60936118e+09
1.79700000e+04,3.53569987e+01,2.92057240e+33,2.00779802e+39,-9.17793635e+37,4.49826698e+39,4.58475282e+47,4.84676731e+47,1.11809281e+47,2.99741582e+48,2.69524771e+52,2.69577086e+52,-6.73757152e+51,2.35889228e+52,-1.86394281e+06,5.97994236e+05,5.05691771e+05,6.87467298e+05,-3.14251287e+04,1.54020047e+06,0.00000000e+00,2.61265158e+09
1.79800000e+04,3.53798206e+01,2.92057373e+33,2.02391670e+39,-9.49088730e+37,4.48407671e+39,4.58917177e+47,4.84792102e+47,1.11249341e+47,3.01695689e+48,2.69624577e+52,2.69677022e+52,-6.74462959e+51,2.35953874e+52,-1.85355728e+06,5.98974299e+05,5.42478191e+05,6.92985998e+05,-3.24966537e+04,1.53534104e+06,0.00000000e+00,2.62002623e+09
1.79900000e+04,3.54021608e+01,2.92057500e+33,2.03983282e+39,-9.82153297e+37,4.46994012e+39,4.59370913e+47,4.84962406e+47,1.10730695e+47,3.04532671e+48,2.69724293e+52,2.69776960e+52,-6.75477086e+51,2.36003106e+52,-1.84347881e+06,6.00321137e+05,5.79011789e+05,6.98435350e+05,-3.36287648e+04,1.53050003e+06,0.00000000e+00,2.63114949e+09
1.80000000e+04,3.54241911e+01,2.92057629e+33,2.05561736e+39,-1.01685131e+38,4.45584924e+39,4.59845008e+47,4.85168507e+47,1.10243139e+47,3.08229132e+48,2.69824651e+52,2.69877637e+52,-6.76789537e+51,2.36038160e+52,-1.83338817e+06,6.01769238e+05,6.15319804e+05,7.03839638e+05,-3.48168034e+04,1.52567466e+06,0.00000000e+00,2.64660763e+09
1.80100000e+04,3.54459578e+01,2.92057756e+33,2.07116453e+39,-1.05433882e+38,4.44198226e+39,4.60349737e+47,4.85424635e+47,1.09750802e+47,3.12852083e+48,2.69925972e+52,2.69979372e+52,-6.78383997e+51,2.36060173e+52,-1.82337996e+06,6.03285641e+05,6.51429984e+05,7.09162651e+05,-3.61003533e+04,1.52092597e+06,0.00000000e+00,2.66464821e+09
1.80200000e+04,3.54670627e+01,2.92057876e+33,2.08636523e+39,-1.09333255e+38,4.42845975e+39,4.60853897e+47,4.85719120e+47,1.09281927e+47,3.18246419e+48,2.70026494e+52,2.70080386e+52,-6.80208007e+51,2.36069986e+52,-1.81370563e+06,6.04921367e+05,6.86750420e+05,7.14367049e+05,-3.74354757e+04,1.51629527e+06,0.00000000e+00,2.68516497e+09
1.80300000e+04,3.54873249e+01,2.92057986e+33,2.10106760e+39,-1.13224696e+38,4.41532787e+39,4.61345866e+47,4.86020124e+47,1.08844421e+47,3.24213965e+48,2.70125158e+52,2.70179599e+52,-6.82215214e+51,2.36068839e+52,-1.80448431e+06,6.06737986e+05,7.21066203e+05,7.19400838e+05,-3.87678822e+04,1.51179837e+06,0.00000000e+00,2.70824641e+09
1.80400000e+04,3.55067643e+01,2.92058088e+33,2.11520721e+39,-1.17318097e+38,4.40273702e+39,4.61821708e+47,4.86330596e+47,1.08440821e+47,3.30596881e+48,2.70221851e+52,2.70276883e+52,-6.84375912e+51,2.36058088e+52,-1.79570801e+06,6.08737039e+05,7.54401260e+05,7.24241955e+05,-4.01694394e+04,1.50748676e+06,0.00000000e+00,2.73354482e+09
1.80500000e+04,3.55253516e+01,2.92058182e+33,2.12878400e+39,-1.21555219e+38,4.39056569e+39,4.62291173e+47,4.86632190e+47,1.08056552e+47,3.37242850e+48,2.70316264e+52,2.70371914e+52,-6.86655604e+51,2.36039134e+52,-1.78739371e+06,6.10902215e+05,7.86630064e+05,7.28890381e+05,-4.16202065e+04,1.50331885e+06,0.00000000e+00,2.76093903e+09
1.80600000e+04,3.55433614e+01,2.92058270e+33,2.14194950e+39,-1.25863215e+38,4.37868129e+39,4.62755039e+47,4.86927677e+47,1.07664888e+47,3.44091574e+48,2.70409693e+52,2.70465981e+52,-6.89061058e+51,2.36012928e+52,-1.77939032e+06,6.13223184e+05,8.18085642e+05,7.33397997e+05,-4.30952407e+04,1.49924920e+06,0.00000000e+00,2.79042057e+09
1.80700000e+04,3.55609431e+01,2.92058355e+33,2.15478909e+39,-1.30339038e+38,4.36692806e+39,4.63212946e+47,4.87217375e+47,1.07293731e+47,3.51108411e+48,2.70502821e+52,2.70559763e+52,-6.91591880e+51,2.35980169e+52,-1.77161385e+06,6.15676243e+05,8.48915189e+05,7.37794026e+05,-4.46277382e+04,1.49522450e+06,0.00000000e+00,2.82170443e+09
1.80800000e+04,3.55781655e+01,2.92058432e+33,2.16739534e+39,-1.34905274e+38,4.35528964e+39,4.63665535e+47,4.87505477e+47,1.06933561e+47,3.58302956e+48,2.70595908e+52,2.70653521e+52,-6.94242017e+51,2.35941420e+52,-1.76411779e+06,6.18345697e+05,8.79275979e+05,7.42110173e+05,-4.61911929e+04,1.49123914e+06,0.00000000e+00,2.85433565e+09
1.80900000e+04,3.55950841e+01,2.92058510e+33,2.17967523e+39,-1.39477524e+38,4.34367971e+39,4.64107011e+47,4.87775338e+47,1.06582497e+47,3.65481803e+48,2.70689144e+52,2.70747429e+52,-6.97006199e+51,2.35897119e+52,-1.75669334e+06,6.21087771e+05,9.09039579e+05,7.46314574e+05,-4.77567060e+04,1.48726353e+06,0.00000000e+00,2.88831902e+09
1.81000000e+04,3.56116508e+01,2.92058586e+33,2.19168300e+39,-1.44139245e+38,4.33221564e+39,4.64551201e+47,4.88021383e+47,1.06238231e+47,3.72703045e+48,2.70782069e+52,2.70841030e+52,-6.99861859e+51,2.35847937e+52,-1.74945172e+06,6.23904588e+05,9.38184307e+05,7.50425809e+05,-4.93528532e+04,1.48333788e+06,0.00000000e+00,2.92333559e+09
1.81100000e+04,3.56273288e+01,2.92058653e+33,2.20302154e+39,-1.48782180e+38,4.32127004e+39,4.65000018e+47,4.88244163e+47,1.05905393e+47,3.79725127e+48,2.70871554e+52,2.70931174e+52,-7.02696286e+51,2.35796360e+52,-1.74268038e+06,6.26736697e+05,9.65850480e+05,7.54307914e+05,-5.09425687e+04,1.47958980e+06,0.00000000e+00,2.95863269e+09
1.81200000e+04,3.56421692e+01,2.92058715e+33,2.21383221e+39,-1.53330771e+38,4.31069415e+39,4.65446232e+47,4.88446469e+47,1.05594350e+47,3.86433266e+48,2.70957672e+52,2.71017921e+52,-7.05495281e+51,2.35743157e+52,-1.73635702e+06,6.29610916e+05,9.92121306e+05,7.58009297e+05,-5.24999814e+04,1.47596834e+06,0.00000000e+00,2.99416538e+09
1.81300000e+04,3.56562582e+01,2.92058768e+33,2.22410722e+39,-1.57810340e+38,4.30052048e+39,4.65891532e+47,4.88631230e+47,1.05286935e+47,3.92852227e+48,2.71040803e+52,2.71101654e+52,-7.08255216e+51,2.35688893e+52,-1.73050052e+06,6.32601370e+05,1.01718520e+06,7.61527290e+05,-5.40337623e+04,1.47248464e+06,0.00000000e+00,3.02976853e+09
1.81400000e+04,3.56697760e+01,2.92058819e+33,2.23401276e+39,-1.62352221e+38,4.29057313e+39,4.66337170e+47,4.88797869e+47,1.04991829e+47,3.98854946e+48,2.71121781e+52,2.71183196e+52,-7.10995090e+51,2.35633442e+52,-1.72488661e+06,6.35623696e+05,1.04120244e+06,7.64918781e+05,-5.55888782e+04,1.46907844e+06,0.00000000e+00,3.06550933e+09
1.81500000e+04,3.56829459e+01,2.92058868e+33,2.24370242e+39,-1.66940460e+38,4.28068639e+39,4.66775749e+47,4.88951091e+47,1.04696818e+47,4.04612285e+48,2.71201857e+52,2.71263818e+52,-7.13747599e+51,2.35576438e+52,-1.71947162e+06,6.38708172e+05,1.06460741e+06,7.68236361e+05,-5.71598669e+04,1.46569301e+06,0.00000000e+00,3.10136218e+09
1.81600000e+04,3.56959551e+01,2.92058915e+33,2.25326486e+39,-1.71636911e+38,4.27083253e+39,4.67214407e+47,4.89087837e+47,1.04405797e+47,4.10184047e+48,2.71282140e+52,2.71344630e+52,-7.16543674e+51,2.35517446e+52,-1.71415860e+06,6.41854058e+05,1.08772040e+06,7.71510384e+05,-5.87679066e+04,1.46231883e+06,0.00000000e+00,3.13784423e+09
1.81700000e+04,3.57089020e+01,2.92058961e+33,2.26279320e+39,-1.76501891e+38,4.26090690e+39,4.67671546e+47,4.89222661e+47,1.04121427e+47,4.15694255e+48,2.71363184e+52,2.71426200e+52,-7.19398853e+51,2.35456257e+52,-1.70895645e+06,6.45102300e+05,1.11076694e+06,7.74772737e+05,-6.04336505e+04,1.45892011e+06,0.00000000e+00,3.17557817e+09
1.81800000e+04,3.57218407e+01,2.92059008e+33,2.27233101e+39,-1.81607123e+38,4.25085293e+39,4.68132167e+47,4.89352819e+47,1.03843676e+47,4.20920489e+48,2.71445355e+52,2.71508873e+52,-7.22321496e+51,2.35392799e+52,-1.70373081e+06,6.48384400e+05,1.13374501e+06,7.78038323e+05,-6.21816543e+04,1.45547743e+06,0.00000000e+00,3.21414734e+09
1.81900000e+04,3.57347584e+01,2.92059055e+33,2.28195015e+39,-1.86760578e+38,4.24056286e+39,4.68593479e+47,4.89468974e+47,1.03565510e+47,4.26032801e+48,2.71528487e+52,2.71592500e+52,-7.25303466e+51,2.35327327e+52,-1.69853449e+06,6.51690383e+05,1.15667125e+06,7.81331758e+05,-6.39461695e+04,1.45195391e+06,0.00000000e+00,3.25364239e+09
1.82000000e+04,3.57475929e+01,2.92059102e+33,2.29151741e+39,-1.91974446e+38,4.23019743e+39,4.69052418e+47,4.89584147e+47,1.03290667e+47,4.30962932e+48,2.71612189e+52,2.71676683e+52,-7.28325255e+51,2.35260420e+52,-1.69340315e+06,6.55005464e+05,1.17944540e+06,7.84607428e+05,-6.57313689e+04,1.44840459e+06,0.00000000e+00,3.29407914e+09
1.82100000e+04,3.57604851e+01,2.92059149e+33,2.30109329e+39,-1.97331470e+38,4.21961130e+39,4.69509052e+47,4.89708832e+47,1.03025443e+47,4.35710517e+48,2.71697361e+52,2.71762321e+52,-7.31415473e+51,2.35191547e+52,-1.68826661e+06,6.58364181e+05,1.20231106e+06,7.87886051e+05,-6.75655844e+04,1.44477970e+06,0.00000000e+00,3.33573580e+09
1.82200000e+04,3.57735389e+01,2.92059197e+33,2.31080277e+39,-2.02839370e+38,4.20882415e+39,4.69984295e+47,4.89835477e+47,1.02760605e+47,4.40279078e+48,2.71784660e+52,2.71850072e+52,-7.34595437e+51,2.35120300e+52,-1.68307646e+06,6.61789126e+05,1.22544380e+06,7.91210412e+05,-6.94514579e+04,1.44108599e+06,0.00000000e+00,3.37888834e+09
1.82300000e+04,3.57868751e+01,2.92059247e+33,2.32073548e+39,-2.08478880e+38,4.19757983e+39,4.70459921e+47,4.89971790e+47,1.02505155e+47,4.44671092e+48,2.71874997e+52,2.71940849e+52,-7.37891649e+51,2.35046267e+52,-1.67777311e+06,6.65300767e+05,1.24904731e+06,7.94611197e+05,-7.13823933e+04,1.43723572e+06,0.00000000e+00,3.42387712e+09
1.82400000e+04,3.58004503e+01,2.92059298e+33,2.33092323e+39,-2.14290577e+38,4.18594153e+39,4.70932908e+47,4.90115605e+47,1.02260764e+47,4.48866689e+48,2.71968201e+52,2.72034478e+52,-7.41289647e+51,2.34969996e+52,-1.67237751e+06,6.68887138e+05,1.27304399e+06,7.98099306e+05,-7.33722837e+04,1.43325056e+06,0.00000000e+00,3.47053134e+09
1.82500000e+04,3.58138249e+01,2.92059349e+33,2.34101989e+39,-2.20057348e+38,4.17439089e+39,4.71410635e+47,4.90244442e+47,1.02031208e+47,4.52784287e+48,2.72061226e+52,2.72127903e+52,-7.44673029e+51,2.34894252e+52,-1.66711331e+06,6.72477444e+05,1.29669398e+06,8.01556224e+05,-7.53467913e+04,1.42929542e+06,0.00000000e+00,3.51764498e+09
1.82600000e+04,3.58269237e+01,2.92059397e+33,2.35078142e+39,-2.25912464e+38,4.16292211e+39,4.71887288e+47,4.90369544e+47,1.01791485e+47,4.56367292e+48,2.72153453e+52,2.72220500e+52,-7.48014954e+51,2.34819752e+52,-1.66202246e+06,6.76085215e+05,1.31988166e+06,8.04898404e+05,-7.73515479e+04,1.42536832e+06,0.00000000e+00,3.56496424e+09
1.82700000e+04,3.58398054e+01,2.92059444e+33,2.36033025e+39,-2.31868043e+38,4.15165827e+39,4.72365139e+47,4.90492884e+47,1.01545377e+47,4.59601583e+48,2.72245167e+52,2.72312552e+52,-7.51322828e+51,2.34746410e+52,-1.65707504e+06,6.79738757e+05,1.34270398e+06,8.08167754e+05,-7.93907022e+04,1.42151139e+06,0.00000000e+00,3.61241253e+09
1.82800000e+04,3.58525571e+01,2.92059490e+33,2.36961039e+39,-2.37958371e+38,4.14042385e+39,4.72848190e+47,4.90620162e+47,1.01296933e+47,4.62491085e+48,2.72336840e+52,2.72404532e+52,-7.54611587e+51,2.34673953e+52,-1.65223167e+06,6.83460262e+05,1.36530285e+06,8.11345110e+05,-8.14759936e+04,1.41766455e+06,0.00000000e+00,3.66003780e+09
1.82900000e+04,3.58652998e+01,2.92059536e+33,2.37888950e+39,-2.44077671e+38,4.12913668e+39,4.73342500e+47,4.90763651e+47,1.01046790e+47,4.65050943e+48,2.72429393e+52,2.72497363e+52,-7.57904768e+51,2.34602125e+52,-1.64743631e+06,6.87263867e+05,1.38787842e+06,8.14522111e+05,-8.35712042e+04,1.41379964e+06,0.00000000e+00,3.70803801e+09
1.83000000e+04,3.58780120e+01,2.92059582e+33,2.38812358e+39,-2.50310915e+38,4.11779486e+39,4.73849976e+47,4.90895375e+47,1.00796901e+47,4.67308719e+48,2.72522576e+52,2.72590797e+52,-7.61188613e+51,2.34531366e+52,-1.64269989e+06,6.91129729e+05,1.41039421e+06,8.17683695e+05,-8.57054283e+04,1.40991603e+06,0.00000000e+00,3.75626168e+09
1.83100000e+04,3.58906722e+01,2.92059627e+33,2.39725942e+39,-2.56576675e+38,4.10645693e+39,4.74360962e+47,4.91027713e+47,1.00550113e+47,4.69278581e+48,2.72616188e+52,2.72684635e+52,-7.64449031e+51,2.34462183e+52,-1.63803633e+06,6.95041049e+05,1.43280766e+06,8.20811644e+05,-8.78507849e+04,1.40603375e+06,0.00000000e+00,3.80462026e+09
1.83200000e+04,3.59032767e+01,2.92059670e+33,2.40623803e+39,-2.62870743e+38,4.09500773e+39,4.74870381e+47,4.91156837e+47,1.00308307e+47,4.71045804e+48,2.72710083e+52,2.72778735e+52,-7.67677246e+51,2.34394872e+52,-1.63352032e+06,6.99074270e+05,1.45517542e+06,8.23885759e+05,-9.00058343e+04,1.40211339e+06,0.00000000e+00,3.85370103e+09
1.83300000e+04,3.59157520e+01,2.92059714e+33,2.41527511e+39,-2.69070338e+38,4.08356731e+39,4.75367802e+47,4.91278899e+47,1.00085425e+47,4.72423661e+48,2.72803644e+52,2.72872468e+52,-7.70846043e+51,2.34330166e+52,-1.62903653e+06,7.03083895e+05,1.47723854e+06,8.26979892e+05,-9.21285358e+04,1.39819602e+06,0.00000000e+00,3.90090481e+09
1.83400000e+04,3.59280873e+01,2.92059757e+33,2.42425292e+39,-2.75432757e+38,4.07211980e+39,4.75857968e+47,4.91398570e+47,9.98669533e+46,4.73582779e+48,2.72896773e+52,2.72965747e+52,-7.73944321e+51,2.34268531e+52,-1.62466442e+06,7.07109888e+05,1.49905193e+06,8.30053732e+05,-9.43069869e+04,1.39427624e+06,0.00000000e+00,3.94805993e+09
1.83500000e+04,3.59403418e+01,2.92059800e+33,2.43322648e+39,-2.81893999e+38,4.06082595e+39,4.76335595e+47,4.91505017e+47,9.96614146e+46,4.74523254e+48,2.72989918e+52,2.73059024e+52,-7.76979059e+51,2.34210071e+52,-1.62037436e+06,7.11165635e+05,1.52070922e+06,8.33126120e+05,-9.65192742e+04,1.39040907e+06,0.00000000e+00,3.99475373e+09
1.83600000e+04,3.59525640e+01,2.92059841e+33,2.44211506e+39,-2.88485259e+38,4.04959542e+39,4.76802085e+47,4.91586931e+47,9.94536825e+46,4.75335242e+48,2.73083402e+52,2.73152629e+52,-7.79954961e+51,2.34154881e+52,-1.61621728e+06,7.15343164e+05,1.54235592e+06,8.36169414e+05,-9.87760789e+04,1.38656359e+06,0.00000000e+00,4.04177630e+09
1.83700000e+04,3.59647804e+01,2.92059883e+33,2.45090572e+39,-2.95082752e+38,4.03829869e+39,4.77269587e+47,4.91658359e+47,9.92452775e+46,4.75816611e+48,2.73177388e+52,2.73246711e+52,-7.82869781e+51,2.34103222e+52,-1.61202847e+06,7.19512901e+05,1.56390221e+06,8.39179176e+05,-1.01035017e+05,1.38269544e+06,0.00000000e+00,4.08656397e+09
1.83800000e+04,3.59770041e+01,2.92059926e+33,2.45969221e+39,-3.01858100e+38,4.02685807e+39,4.77735041e+47,4.91720386e+47,9.90305943e+46,4.76157878e+48,2.73272090e+52,2.73341494e+52,-7.85717131e+51,2.34055637e+52,-1.60787122e+06,7.23716295e+05,1.58543540e+06,8.42187509e+05,-1.03354851e+05,1.37877802e+06,0.00000000e+00,4.13106127e+09
1.83900000e+04,3.59892738e+01,2.92059969e+33,2.46848428e+39,-3.08832919e+38,4.01528728e+39,4.78220304e+47,4.91791798e+47,9.88243685e+46,4.76333646e+48,2.73367614e+52,2.73437088e+52,-7.88496577e+51,2.34012259e+52,-1.60372073e+06,7.27950055e+05,1.60701157e+06,8.45197748e+05,-1.05742982e+05,1.37481604e+06,0.00000000e+00,4.17480006e+09
1.84000000e+04,3.60016421e+01,2.92060012e+33,2.47729685e+39,-3.15846746e+38,4.00355381e+39,4.78710717e+47,4.91858516e+47,9.85903748e+46,4.76383755e+48,2.73464265e+52,2.73533799e+52,-7.91209927e+51,2.33973303e+52,-1.59955276e+06,7.32216931e+05,1.62871211e+06,8.48215005e+05,-1.08144468e+05,1.37079835e+06,0.00000000e+00,4.21766391e+09
1.84100000e+04,3.60139531e+01,2.92060055e+33,2.48604420e+39,-3.22900849e+38,3.99173570e+39,4.79199626e+47,4.91908873e+47,9.83574740e+46,4.76377326e+48,2.73560754e+52,2.73630345e+52,-7.93814006e+51,2.33939645e+52,-1.59543326e+06,7.36469060e+05,1.65027192e+06,8.51209933e+05,-1.10559744e+05,1.36675168e+06,0.00000000e+00,4.25902928e+09
1.84200000e+04,3.60260106e+01,2.92060097e+33,2.49448872e+39,-3.29827672e+38,3.98005268e+39,4.79688760e+47,4.91929746e+47,9.81109128e+46,4.76339582e+48,2.73655453e+52,2.73725097e+52,-7.96263624e+51,2.33911916e+52,-1.59145159e+06,7.40672490e+05,1.67136769e+06,8.54101176e+05,-1.12931440e+05,1.36275127e+06,0.00000000e+00,4.29858859e+09
1.84300000e+04,3.60378249e+01,2.92060136e+33,2.50258958e+39,-3.36937439e+38,3.96857825e+39,4.80161200e+47,4.91935102e+47,9.78656190e+46,4.76268888e+48,2.73748357e+52,2.73818050e+52,-7.98560736e+51,2.33890014e+52,-1.58759701e+06,7.44848482e+05,1.69201350e+06,8.56874756e+05,-1.15365775e+05,1.35882230e+06,0.00000000e+00,4.33602774e+09
1.84400000e+04,3.60493998e+01,2.92060175e+33,2.51052979e+39,-3.43692828e+38,3.95727508e+39,4.80622936e+47,4.91926987e+47,9.75809236e+46,4.76136770e+48,2.73839482e+52,2.73909217e+52,-8.00706505e+51,2.33873892e+52,-1.58386662e+06,7.49006499e+05,1.71221467e+06,8.59593333e+05,-1.17678772e+05,1.35495197e+06,0.00000000e+00,4.37131315e+09
1.84500000e+04,3.60607404e+01,2.92060212e+33,2.51831425e+39,-3.50328773e+38,3.94600880e+39,4.81087569e+47,4.91912331e+47,9.72977915e+46,4.75985940e+48,2.73928791e+52,2.73998567e+52,-8.02702814e+51,2.33863427e+52,-1.58025931e+06,7.53146685e+05,1.73198089e+06,8.62258585e+05,-1.19950873e+05,1.35109427e+06,0.00000000e+00,4.40441248e+09
1.84600000e+04,3.60718475e+01,2.92060247e+33,2.52580315e+39,-3.56991669e+38,3.93486968e+39,4.81538652e+47,4.91905410e+47,9.70031359e+46,4.75817445e+48,2.74016339e+52,2.74086155e+52,-8.04551241e+51,2.33858593e+52,-1.57677090e+06,7.57262187e+05,1.75131509e+06,8.64822641e+05,-1.22232201e+05,1.34728013e+06,0.00000000e+00,4.43530005e+09
1.84700000e+04,3.60827139e+01,2.92060282e+33,2.53323923e+39,-3.63426720e+38,3.92393750e+39,4.81969617e+47,4.91901594e+47,9.67126571e+46,4.75648010e+48,2.74101761e+52,2.74171617e+52,-8.06252752e+51,2.33858979e+52,-1.57340182e+06,7.61341807e+05,1.77020660e+06,8.67368618e+05,-1.24435517e+05,1.34353685e+06,0.00000000e+00,4.46395293e+09
1.84800000e+04,3.60933357e+01,2.92060314e+33,2.54038627e+39,-3.69756978e+38,3.91316829e+39,4.82387412e+47,4.91898333e+47,9.64054606e+46,4.75496724e+48,2.74185153e+52,2.74255050e+52,-8.07809698e+51,2.33864565e+52,-1.57014921e+06,7.65380534e+05,1.78864956e+06,8.69815631e+05,-1.26602951e+05,1.33984937e+06,0.00000000e+00,4.49036875e+09
1.84900000e+04,3.61037219e+01,2.92060346e+33,2.54735080e+39,-3.75992907e+38,3.90248404e+39,4.82784582e+47,4.91887700e+47,9.60847724e+46,4.75371057e+48,2.74266472e+52,2.74336412e+52,-8.09226843e+51,2.33875070e+52,-1.56700603e+06,7.69378619e+05,1.80665932e+06,8.72200158e+05,-1.28738089e+05,1.33619100e+06,0.00000000e+00,4.51459713e+09
1.85000000e+04,3.61138844e+01,2.92060375e+33,2.55408332e+39,-3.82098040e+38,3.89194675e+39,4.83173592e+47,4.91877190e+47,9.57430761e+46,4.75355265e+48,2.74345684e+52,2.74415677e+52,-8.10509987e+51,2.33890178e+52,-1.56402924e+06,7.73402957e+05,1.82430661e+06,8.74505253e+05,-1.30828443e+05,1.33258295e+06,0.00000000e+00,4.53749013e+09
1.85100000e+04,3.61238328e+01,2.92060404e+33,2.56064388e+39,-3.88133621e+38,3.88150053e+39,4.83549608e+47,4.91854517e+47,9.53984013e+46,4.75261089e+48,2.74422855e+52,2.74492895e+52,-8.11664156e+51,2.33909687e+52,-1.56109006e+06,7.77343432e+05,1.84150550e+06,8.76751469e+05,-1.32894982e+05,1.32900608e+06,0.00000000e+00,4.55706821e+09
1.85200000e+04,3.61335721e+01,2.92060432e+33,2.56702154e+39,-3.94130699e+38,3.87119124e+39,4.83917095e+47,4.91827171e+47,9.50519069e+46,4.75234807e+48,2.74497994e+52,2.74568087e+52,-8.12693152e+51,2.33933429e+52,-1.55824436e+06,7.81229452e+05,1.85831870e+06,8.78935062e+05,-1.34948338e+05,1.32547611e+06,0.00000000e+00,4.57498862e+09
1.85300000e+04,3.61431100e+01,2.92060459e+33,2.57325849e+39,-3.99983059e+38,3.86100907e+39,4.84279465e+47,4.91798772e+47,9.47015832e+46,4.75270889e+48,2.74571175e+52,2.74641327e+52,-8.13601628e+51,2.33961245e+52,-1.55548772e+06,7.85056901e+05,1.87475565e+06,8.81070481e+05,-1.36952144e+05,1.32198966e+06,0.00000000e+00,4.59109534e+09
1.85400000e+04,3.61524505e+01,2.92060484e+33,2.57930893e+39,-4.05743593e+38,3.85094813e+39,4.84638197e+47,4.91767623e+47,9.43483556e+46,4.75371767e+48,2.74642385e+52,2.74712600e+52,-8.14394022e+51,2.33992899e+52,-1.55281692e+06,7.88822952e+05,1.89082407e+06,8.83142043e+05,-1.38924509e+05,1.31854473e+06,0.00000000e+00,4.60532904e+09
1.85500000e+04,3.61616014e+01,2.92060509e+33,2.58488247e+39,-4.11527033e+38,3.84091382e+39,4.84986875e+47,4.91740866e+47,9.39605494e+46,4.75536792e+48,2.74711947e+52,2.74782231e+52,-8.15075240e+51,2.34028469e+52,-1.55022627e+06,7.92525663e+05,1.90653863e+06,8.85050320e+05,-1.40904717e+05,1.31510892e+06,0.00000000e+00,4.61774271e+09
1.85600000e+04,3.61705722e+01,2.92060532e+33,2.59056305e+39,-4.17115934e+38,3.83105573e+39,4.85332642e+47,4.91710060e+47,9.35990876e+46,4.75878533e+48,2.74779457e+52,2.74849824e+52,-8.15650061e+51,2.34067321e+52,-1.54775006e+06,7.96201100e+05,1.92195011e+06,8.86995252e+05,-1.42818316e+05,1.31173346e+06,0.00000000e+00,4.62867001e+09
1.85700000e+04,3.61793769e+01,2.92060555e+33,2.59625970e+39,-4.22620508e+38,3.82124237e+39,4.85661727e+47,4.91677651e+47,9.32112901e+46,4.76166075e+48,2.74845279e+52,2.74915725e+52,-8.16124758e+51,2.34109487e+52,-1.54535568e+06,7.99842447e+05,1.93705842e+06,8.88945686e+05,-1.44703042e+05,1.30837332e+06,0.00000000e+00,4.63839797e+09
1.85800000e+04,3.61880170e+01,2.92060576e+33,2.60166180e+39,-4.28040033e+38,3.81157234e+39,4.85986249e+47,4.91639373e+47,9.28333762e+46,4.76572897e+48,2.74909378e+52,2.74979910e+52,-8.16502672e+51,2.34154777e+52,-1.54300569e+06,8.03415370e+05,1.95183865e+06,8.90795271e+05,-1.46558649e+05,1.30506225e+06,0.00000000e+00,4.64477093e+09
1.85900000e+04,3.61964943e+01,2.92060598e+33,2.60692798e+39,-4.33349350e+38,3.80197756e+39,4.86303498e+47,4.91604902e+47,9.24466994e+46,4.76829557e+48,2.74971804e+52,2.75042410e+52,-8.16788937e+51,2.34202963e+52,-1.54069637e+06,8.06909273e+05,1.96630170e+06,8.92598316e+05,-1.48376519e+05,1.30177696e+06,0.00000000e+00,4.65098684e+09
1.86000000e+04,3.62048057e+01,2.92060617e+33,2.61196459e+39,-4.38495160e+38,3.79270758e+39,4.86598725e+47,4.91578480e+47,9.20507534e+46,4.77473167e+48,2.75033440e+52,2.75104153e+52,-8.16985898e+51,2.34254859e+52,-1.53848893e+06,8.10372670e+05,1.98048771e+06,8.94322765e+05,-1.50138408e+05,1.29860288e+06,0.00000000e+00,4.65421717e+09
1.86100000e+04,3.62129625e+01,2.92060637e+33,2.61689792e+39,-4.43615804e+38,3.78328335e+39,4.86913892e+47,4.91548206e+47,9.16551555e+46,4.77753691e+48,2.75092597e+52,2.75163383e+52,-8.17100927e+51,2.34308337e+52,-1.53630107e+06,8.13744269e+05,1.99435790e+06,8.96011850e+05,-1.51891678e+05,1.29537598e+06,0.00000000e+00,4.65834024e+09
1.86200000e+04,3.62209715e+01,2.92060657e+33,2.62168370e+39,-4.48651742e+38,3.77395798e+39,4.87227079e+47,4.91518840e+47,9.12550064e+46,4.78207974e+48,2.75150148e+52,2.75221022e+52,-8.17136125e+51,2.34364216e+52,-1.53413550e+06,8.17024854e+05,2.00792435e+06,8.97650415e+05,-1.53615946e+05,1.29218294e+06,0.00000000e+00,4.65910320e+09
1.86300000e+04,3.62288335e+01,2.92060675e+33,2.62635673e+39,-4.53555147e+38,3.76474836e+39,4.87535922e+47,4.91491159e+47,9.08655084e+46,4.78851251e+48,2.75206106e+52,2.75277086e+52,-8.17095519e+51,2.34422310e+52,-1.53203949e+06,8.20244176e+05,2.02123251e+06,8.99250380e+05,-1.55294836e+05,1.28902953e+06,0.00000000e+00,4.65858063e+09
1.86400000e+04,3.62365586e+01,2.92060693e+33,2.63076846e+39,-4.58477251e+38,3.75566460e+39,4.87850072e+47,4.91455234e+47,9.04510880e+46,4.79443163e+48,2.75260727e+52,2.75331804e+52,-8.16984179e+51,2.34482595e+52,-1.52999928e+06,8.23401116e+05,2.03429011e+06,9.00760879e+05,-1.56980129e+05,1.28591922e+06,0.00000000e+00,4.65806493e+09
1.86500000e+04,3.62441515e+01,2.92060710e+33,2.63508110e+39,-4.63358499e+38,3.74666055e+39,4.88160006e+47,4.91421385e+47,9.00290988e+46,4.79964077e+48,2.75313978e+52,2.75385144e+52,-8.16806062e+51,2.34544841e+52,-1.52796727e+06,8.26461639e+05,2.04706749e+06,9.02237449e+05,-1.58651432e+05,1.28283621e+06,0.00000000e+00,4.65594609e+09
1.86600000e+04,3.62516079e+01,2.92060728e+33,2.63934641e+39,-4.68194817e+38,3.73773029e+39,4.88468765e+47,4.91392358e+47,8.96037753e+46,4.80573947e+48,2.75365878e+52,2.75437142e+52,-8.16564485e+51,2.34608918e+52,-1.52596177e+06,8.29432033e+05,2.05957625e+06,9.03697812e+05,-1.60307351e+05,1.27977846e+06,0.00000000e+00,4.65211732e+09
1.86700000e+04,3.62589325e+01,2.92060743e+33,2.64341265e+39,-4.72907144e+38,3.72885046e+39,4.88777393e+47,4.91372183e+47,8.91778674e+46,4.81341558e+48,2.75416305e+52,2.75487677e+52,-8.16263369e+51,2.34674509e+52,-1.52405383e+06,8.32378528e+05,2.07188415e+06,9.05090025e+05,-1.61920818e+05,1.27673799e+06,0.00000000e+00,4.64830211e+09
1.86800000e+04,3.62661340e+01,2.92060759e+33,2.64750799e+39,-4.77515678e+38,3.72005512e+39,4.89076607e+47,4.91353560e+47,8.87616179e+46,4.81949181e+48,2.75465397e+52,2.75536862e+52,-8.15907076e+51,2.34741508e+52,-1.52211967e+06,8.35207859e+05,2.08391035e+06,9.06492197e+05,-1.63498746e+05,1.27372644e+06,0.00000000e+00,4.64263416e+09
1.86900000e+04,3.62732066e+01,2.92060775e+33,2.65153426e+39,-4.82043057e+38,3.71137012e+39,4.89366124e+47,4.91339950e+47,8.83517872e+46,4.82623327e+48,2.75513116e+52,2.75584680e+52,-8.15498702e+51,2.34809744e+52,-1.52021046e+06,8.37952433e+05,2.09569011e+06,9.07870720e+05,-1.65048886e+05,1.27075268e+06,0.00000000e+00,4.63589631e+09
1.87000000e+04,3.62801505e+01,2.92060790e+33,2.65541874e+39,-4.86498928e+38,3.70279652e+39,4.89646910e+47,4.91330600e+47,8.79483641e+46,4.83325260e+48,2.75559498e+52,2.75631160e+52,-8.15042036e+51,2.34879059e+52,-1.51832985e+06,8.40612786e+05,2.10722792e+06,9.09200698e+05,-1.66574543e+05,1.26781706e+06,0.00000000e+00,4.62857713e+09
1.87100000e+04,3.62869757e+01,2.92060804e+33,2.65909073e+39,-4.90938504e+38,3.69436867e+39,4.89920857e+47,4.91315964e+47,8.75386374e+46,4.84102730e+48,2.75604632e+52,2.75676399e+52,-8.14539898e+51,2.34949404e+52,-1.51650036e+06,8.43214341e+05,2.11855846e+06,9.10457921e+05,-1.68094622e+05,1.26493135e+06,0.00000000e+00,4.62087381e+09
1.87200000e+04,3.62936878e+01,2.92060818e+33,2.66277127e+39,-4.95274053e+38,3.68598855e+39,4.90188498e+47,4.91313924e+47,8.71433318e+46,4.84798002e+48,2.75648576e+52,2.75720438e+52,-8.13995834e+51,2.35020646e+52,-1.51467364e+06,8.45724388e+05,2.12965301e+06,9.11718074e+05,-1.69579082e+05,1.26206198e+06,0.00000000e+00,4.61229425e+09
1.87300000e+04,3.63002795e+01,2.92060832e+33,2.66631593e+39,-4.99554792e+38,3.67772374e+39,4.90451321e+47,4.91305254e+47,8.67473261e+46,4.85521689e+48,2.75691316e+52,2.75763274e+52,-8.13413279e+51,2.35092610e+52,-1.51286941e+06,8.48153005e+05,2.14051518e+06,9.12931705e+05,-1.71044774e+05,1.25923210e+06,0.00000000e+00,4.60284542e+09
1.87400000e+04,3.63067525e+01,2.92060846e+33,2.66981750e+39,-5.03753947e+38,3.66953968e+39,4.90707664e+47,4.91298695e+47,8.63639954e+46,4.86254857e+48,2.75732858e+52,2.75804911e+52,-8.12795422e+51,2.35165140e+52,-1.51108924e+06,8.50502943e+05,2.15115247e+06,9.14130578e+05,-1.72482534e+05,1.25642986e+06,0.00000000e+00,4.59289877e+09
1.87500000e+04,3.63131177e+01,2.92060858e+33,2.67323539e+39,-5.07898244e+38,3.66146646e+39,4.90958159e+47,4.91291555e+47,8.59853601e+46,4.87035349e+48,2.75773361e+52,2.75845511e+52,-8.12144255e+51,2.35238298e+52,-1.50935229e+06,8.52798467e+05,2.16159992e+06,9.15300805e+05,-1.73901511e+05,1.25366558e+06,0.00000000e+00,4.58271966e+09
1.87600000e+04,3.63193769e+01,2.92060871e+33,2.67656043e+39,-5.11999518e+38,3.65349037e+39,4.91201101e+47,4.91279859e+47,8.56105990e+46,4.87742804e+48,2.75812824e+52,2.75885064e+52,-8.11462933e+51,2.35311917e+52,-1.50761590e+06,8.55008181e+05,2.17182884e+06,9.16439243e+05,-1.75305756e+05,1.25093456e+06,0.00000000e+00,4.57181061e+09
1.87700000e+04,3.63255309e+01,2.92060883e+33,2.67963680e+39,-5.16086768e+38,3.64560325e+39,4.91435846e+47,4.91260620e+47,8.52327815e+46,4.88461916e+48,2.75851365e+52,2.75923694e+52,-8.10753757e+51,2.35386006e+52,-1.50589505e+06,8.57144939e+05,2.18185653e+06,9.17492537e+05,-1.76705200e+05,1.24823400e+06,0.00000000e+00,4.56028598e+09
1.87800000e+04,3.63315836e+01,2.92060895e+33,2.68267732e+39,-5.20119468e+38,3.63785418e+39,4.91664696e+47,4.91240968e+47,8.48596077e+46,4.89177559e+48,2.75888780e+52,2.75961197e+52,-8.10018944e+51,2.35460250e+52,-1.50419090e+06,8.59212738e+05,2.19169278e+06,9.18533556e+05,-1.78085967e+05,1.24558072e+06,0.00000000e+00,4.54839205e+09
1.87900000e+04,3.63375365e+01,2.92060906e+33,2.68578454e+39,-5.24057100e+38,3.63020158e+39,4.91889275e+47,4.91223888e+47,8.45035056e+46,4.89870416e+48,2.75925221e+52,2.75997721e+52,-8.09260857e+51,2.35534678e+52,-1.50250333e+06,8.61213628e+05,2.20134041e+06,9.19597415e+05,-1.79434183e+05,1.24296046e+06,0.00000000e+00,4.53617031e+09
1.88000000e+04,3.63433921e+01,2.92060918e+33,2.68880373e+39,-5.27910967e+38,3.62263624e+39,4.92109933e+47,4.91209177e+47,8.41522308e+46,4.90551507e+48,2.75960722e+52,2.76033303e+52,-8.08481608e+51,2.35609223e+52,-1.50083081e+06,8.63149704e+05,2.21080174e+06,9.20631133e+05,-1.80753718e+05,1.24037008e+06,0.00000000e+00,4.52365106e+09
1.88100000e+04,3.63491557e+01,2.92060928e+33,2.69176629e+39,-5.31687149e+38,3.61516413e+39,4.92330063e+47,4.91194675e+47,8.38035943e+46,4.91214890e+48,2.75995389e+52,2.76068047e+52,-8.07682764e+51,2.35683909e+52,-1.49917181e+06,8.65024341e+05,2.22008605e+06,9.21645460e+05,-1.82046654e+05,1.23781163e+06,0.00000000e+00,4.51080532e+09
1.88200000e+04,3.63548291e+01,2.92060939e+33,2.69458971e+39,-5.35418780e+38,3.60777526e+39,4.92547426e+47,4.91178041e+47,8.34502400e+46,4.91917886e+48,2.76029196e+52,2.76101934e+52,-8.06866034e+51,2.35758632e+52,-1.49753801e+06,8.66850216e+05,2.22920488e+06,9.22612153e+05,-1.83324337e+05,1.23528168e+06,0.00000000e+00,4.49748342e+09
1.88300000e+04,3.63604365e+01,2.92060949e+33,2.69738378e+39,-5.39075206e+38,3.60042737e+39,4.92760923e+47,4.91163594e+47,8.31032631e+46,4.92500496e+48,2.76062336e+52,2.76135141e+52,-8.06030551e+51,2.35833613e+52,-1.49590441e+06,8.68623307e+05,2.23818574e+06,9.23568791e+05,-1.84576270e+05,1.23276576e+06,0.00000000e+00,4.48447488e+09
1.88400000e+04,3.63659673e+01,2.92060959e+33,2.70010452e+39,-5.42666980e+38,3.59315981e+39,4.92969459e+47,4.91149344e+47,8.27593859e+46,4.93083205e+48,2.76094738e+52,2.76167609e+52,-8.05179121e+51,2.35908653e+52,-1.49427444e+06,8.70342358e+05,2.24700923e+06,9.24500325e+05,-1.85806066e+05,1.23027734e+06,0.00000000e+00,4.47067381e+09
1.88500000e+04,3.63714323e+01,2.92060969e+33,2.70276852e+39,-5.46207918e+38,3.58595280e+39,4.93175682e+47,4.91138119e+47,8.24162700e+46,4.93684692e+48,2.76126534e+52,2.76199472e+52,-8.04311712e+51,2.35983886e+52,-1.49266215e+06,8.72025434e+05,2.25570813e+06,9.25412435e+05,-1.87018457e+05,1.22780966e+06,0.00000000e+00,4.45665048e+09
1.88600000e+04,3.63768573e+01,2.92060979e+33,2.70538889e+39,-5.49706579e+38,3.57877819e+39,4.93380277e+47,4.91127849e+47,8.20729413e+46,4.94195504e+48,2.76157816e+52,2.76230811e+52,-8.03426147e+51,2.36059504e+52,-1.49103488e+06,8.73662725e+05,2.26430550e+06,9.26309604e+05,-1.88216372e+05,1.22535308e+06,0.00000000e+00,4.44244464e+09
1.88700000e+04,3.63822372e+01,2.92060988e+33,2.70795505e+39,-5.53161224e+38,3.57164817e+39,4.93582013e+47,4.91119237e+47,8.17286701e+46,4.94694526e+48,2.76188554e+52,2.76261604e+52,-8.02524130e+51,2.36135398e+52,-1.48940041e+06,8.75258753e+05,2.27279848e+06,9.27188212e+05,-1.89399217e+05,1.22291176e+06,0.00000000e+00,4.42771811e+09
1.88800000e+04,3.63875846e+01,2.92060997e+33,2.71049381e+39,-5.56592988e+38,3.56455871e+39,4.93781382e+47,4.91110649e+47,8.13831666e+46,4.95254530e+48,2.76218843e+52,2.76291952e+52,-8.01604412e+51,2.36211732e+52,-1.48778042e+06,8.76838304e+05,2.28122715e+06,9.28057440e+05,-1.90574227e+05,1.22048433e+06,0.00000000e+00,4.41271652e+09
1.88900000e+04,3.63929328e+01,2.92061007e+33,2.71294255e+39,-5.60004595e+38,3.55739111e+39,4.93977892e+47,4.91103599e+47,8.10360059e+46,4.95649005e+48,2.76248930e+52,2.76322082e+52,-8.00663178e+51,2.36288923e+52,-1.48612308e+06,8.78379969e+05,2.28961358e+06,9.28895842e+05,-1.91742335e+05,1.21803015e+06,0.00000000e+00,4.39786849e+09
1.89000000e+04,3.63982596e+01,2.92061016e+33,2.71538995e+39,-5.63396101e+38,3.55024369e+39,4.94172012e+47,4.91095213e+47,8.06900516e+46,4.96047610e+48,2.76278622e+52,2.76351816e+52,-7.99704361e+51,2.36366598e+52,-1.48444497e+06,8.79884136e+05,2.29792792e+06,9.29733787e+05,-1.92903561e+05,1.21558287e+06,0.00000000e+00,4.38215288e+09
1.89100000e+04,3.64035858e+01,2.92061026e+33,2.71782093e+39,-5.66775211e+38,3.54307858e+39,4.94366022e+47,4.91087373e+47,8.03446425e+46,4.96424005e+48,2.76308042e+52,2.76381274e+52,-7.98725048e+51,2.36445022e+52,-1.48274119e+06,8.81355855e+05,2.30620772e+06,9.30566110e+05,-1.94060542e+05,1.21312954e+06,0.00000000e+00,4.36614549e+09
1.89200000e+04,3.64089018e+01,2.92061035e+33,2.72023219e+39,-5.70137631e+38,3.53590643e+39,4.94559288e+47,4.91079890e+47,8.00001424e+46,4.96773172e+48,2.76337154e+52,2.76410423e+52,-7.97727738e+51,2.36524036e+52,-1.48101504e+06,8.82790740e+05,2.31443940e+06,9.31391683e+05,-1.95211809e+05,1.21067380e+06,0.00000000e+00,4.34996077e+09
1.89300000e+04,3.64142024e+01,2.92061045e+33,2.72261735e+39,-5.73472824e+38,3.52871525e+39,4.94750073e+47,4.91071134e+47,7.96550587e+46,4.97093351e+48,2.76365927e+52,2.76439227e+52,-7.96714179e+51,2.36603518e+52,-1.47926835e+06,8.84186161e+05,2.32261496e+06,9.32208318e+05,-1.96353754e+05,1.20821154e+06,0.00000000e+00,4.33361127e+09
1.89400000e+04,3.64194831e+01,2.92061054e+33,2.72494996e+39,-5.76806968e+38,3.52152420e+39,4.94936870e+47,4.91061449e+47,7.93044429e+46,4.97383694e+48,2.76394359e+52,2.76467686e+52,-7.95686063e+51,2.36683383e+52,-1.47750199e+06,8.85540652e+05,2.33072672e+06,9.33006959e+05,-1.97495339e+05,1.20574933e+06,0.00000000e+00,4.31708043e+09
1.89500000e+04,3.64247316e+01,2.92061063e+33,2.72726060e+39,-5.80093881e+38,3.51433427e+39,4.95121987e+47,4.91052832e+47,7.89595957e+46,4.97644267e+48,2.76422378e+52,2.76495730e+52,-7.94646704e+51,2.36763394e+52,-1.47572083e+06,8.86852073e+05,2.33875599e+06,9.33798081e+05,-1.98620752e+05,1.20328750e+06,0.00000000e+00,4.30041209e+09
1.89600000e+04,3.64299640e+01,2.92061072e+33,2.72954081e+39,-5.83354720e+38,3.50714122e+39,4.95306044e+47,4.91041242e+47,7.86163583e+46,4.97870657e+48,2.76450069e+52,2.76523440e+52,-7.93593791e+51,2.36843750e+52,-1.47391951e+06,8.88124689e+05,2.34672726e+06,9.34578781e+05,-1.99737238e+05,1.20082460e+06,0.00000000e+00,4.28357200e+09
1.89700000e+04,3.64352052e+01,2.92061082e+33,2.73179774e+39,-5.86606171e+38,3.49991302e+39,4.95488335e+47,4.91028171e+47,7.82739927e+46,4.98060371e+48,2.76477562e+52,2.76550948e+52,-7.92523022e+51,2.36924797e+52,-1.47208726e+06,8.89363337e+05,2.35467672e+06,9.35351510e+05,-2.00850510e+05,1.19834968e+06,0.00000000e+00,4.26647653e+09
1.89800000e+04,3.64404665e+01,2.92061091e+33,2.73402734e+39,-5.89860524e+38,3.49263415e+39,4.95668774e+47,4.91012124e+47,7.79317064e+46,4.98212037e+48,2.76504916e+52,2.76578313e+52,-7.91432585e+51,2.37006684e+52,-1.47021785e+06,8.90569853e+05,2.36262026e+06,9.36114881e+05,-2.01964775e+05,1.19585739e+06,0.00000000e+00,4.24908505e+09
1.89900000e+04,3.64457532e+01,2.92061100e+33,2.73623466e+39,-5.93109330e+38,3.48529252e+39,4.95846390e+47,4.90990848e+47,7.75889151e+46,4.98326100e+48,2.76532159e+52,2.76605562e+52,-7.90321758e+51,2.37089474e+52,-1.46830760e+06,8.91744202e+05,2.37056507e+06,9.36870624e+05,-2.03077140e+05,1.19334362e+06,0.00000000e+00,4.23139031e+09
1.90000000e+04,3.64510686e+01,2.92061110e+33,2.73841518e+39,-5.96354045e+38,3.47787624e+39,4.96021501e+47,4.90965162e+47,7.72456271e+46,4.98401615e+48,2.76559307e+52,2.76632711e+52,-7.89190301e+51,2.37173196e+52,-1.46635665e+06,8.92888576e+05,2.37851437e+06,9.37617192e+05,-2.04188105e+05,1.19080430e+06,0.00000000e+00,4.21335741e+09
1.90100000e+04,3.64564149e+01,2.92061120e+33,2.74054905e+39,-5.99537274e+38,3.47037223e+39,4.96192861e+47,4.90934972e+47,7.68998782e+46,4.98438134e+48,2.76586432e+52,2.76659841e+52,-7.88038053e+51,2.37257938e+52,-1.46436693e+06,8.94008458e+05,2.38647255e+06,9.38347785e+05,-2.05278017e+05,1.18823493e+06,0.00000000e+00,4.19485468e+09
1.90200000e+04,3.64617966e+01,2.92061129e+33,2.74266743e+39,-6.02821229e+38,3.46279933e+39,4.96362210e+47,4.90900591e+47,7.65552437e+46,4.98429194e+48,2.76613431e+52,2.76686827e+52,-7.86864522e+51,2.37343601e+52,-1.46233510e+06,8.95103350e+05,2.39444687e+06,9.39073078e+05,-2.06402417e+05,1.18564197e+06,0.00000000e+00,4.17609187e+09
1.90300000e+04,3.64671901e+01,2.92061139e+33,2.74476503e+39,-6.06085583e+38,3.45517495e+39,4.96528586e+47,4.90860214e+47,7.62084153e+46,4.98378886e+48,2.76640279e+52,2.76713662e+52,-7.85675351e+51,2.37429894e+52,-1.46027070e+06,8.96170214e+05,2.40240430e+06,9.39791252e+05,-2.07520105e+05,1.18303139e+06,0.00000000e+00,4.15729285e+09
1.90400000e+04,3.64725852e+01,2.92061149e+33,2.74685287e+39,-6.09296400e+38,3.44753743e+39,4.96694036e+47,4.90817072e+47,7.58563936e+46,4.98284657e+48,2.76666862e+52,2.76740226e+52,-7.84473408e+51,2.37516555e+52,-1.45817810e+06,8.97209532e+05,2.41033096e+06,9.40506085e+05,-2.08619463e+05,1.18041631e+06,0.00000000e+00,4.13846730e+09
1.90500000e+04,3.64779822e+01,2.92061158e+33,2.74890165e+39,-6.12479122e+38,3.43987140e+39,4.96857031e+47,4.90773531e+47,7.55029986e+46,4.98143036e+48,2.76693217e+52,2.76766557e+52,-7.83259328e+51,2.37603591e+52,-1.45605639e+06,8.98221979e+05,2.41822746e+06,9.41207541e+05,-2.09709201e+05,1.17779147e+06,0.00000000e+00,4.11954268e+09
1.90600000e+04,3.64833858e+01,2.92061168e+33,2.75091563e+39,-6.15637302e+38,3.43216149e+39,4.97018412e+47,4.90729749e+47,7.51485609e+46,4.97950105e+48,2.76719370e+52,2.76792681e+52,-7.82032725e+51,2.37691045e+52,-1.45390293e+06,8.99208479e+05,2.42610034e+06,9.41897084e+05,-2.10790536e+05,1.17515160e+06,0.00000000e+00,4.10047049e+09
1.90700000e+04,3.64888035e+01,2.92061178e+33,2.75292028e+39,-6.18772171e+38,3.42439419e+39,4.97179229e+47,4.90687457e+47,7.47941461e+46,4.97703134e+48,2.76745428e+52,2.76818704e+52,-7.80792495e+51,2.37779079e+52,-1.45171374e+06,9.00169646e+05,2.43396046e+06,9.42583435e+05,-2.11863889e+05,1.17249208e+06,0.00000000e+00,4.08122927e+09
1.90800000e+04,3.64942568e+01,2.92061188e+33,2.75492211e+39,-6.21877912e+38,3.41655311e+39,4.97338564e+47,4.90647590e+47,7.44387269e+46,4.97397233e+48,2.76771448e+52,2.76844683e+52,-7.79534265e+51,2.37867969e+52,-1.44947840e+06,9.01107713e+05,2.44183827e+06,9.43268816e+05,-2.12927269e+05,1.16980731e+06,0.00000000e+00,4.06175825e+09
1.90900000e+04,3.64998026e+01,2.92061198e+33,2.75694805e+39,-6.24994561e+38,3.40854581e+39,4.97496313e+47,4.90605313e+47,7.40800655e+46,4.97020721e+48,2.76797682e+52,2.76870868e+52,-7.78245243e+51,2.37958606e+52,-1.44716934e+06,9.02029419e+05,2.44981303e+06,9.43962453e+05,-2.13994384e+05,1.16706561e+06,0.00000000e+00,4.04184661e+09
1.91000000e+04,3.65054963e+01,2.92061209e+33,2.75901445e+39,-6.28146335e+38,3.40028999e+39,4.97654034e+47,4.90558331e+47,7.37137574e+46,4.96564890e+48,2.76824378e+52,2.76897507e+52,-7.76912573e+51,2.38051879e+52,-1.44475692e+06,9.02939457e+05,2.45796049e+06,9.44669942e+05,-2.15073524e+05,1.16423883e+06,0.00000000e+00,4.02126415e+09
1.91100000e+04,3.65113983e+01,2.92061220e+33,2.76113793e+39,-6.31352651e+38,3.39168684e+39,4.97812378e+47,4.90505979e+47,7.33370356e+46,4.96018537e+48,2.76851801e+52,2.76924864e+52,-7.75521942e+51,2.38148767e+52,-1.44220597e+06,9.03840849e+05,2.46636212e+06,9.45396970e+05,-2.16171339e+05,1.16129312e+06,0.00000000e+00,3.99978394e+09
1.91200000e+04,3.65175600e+01,2.92061232e+33,2.76333628e+39,-6.34649960e+38,3.38265435e+39,4.97971624e+47,4.90447889e+47,7.29483784e+46,4.95370307e+48,2.76880165e+52,2.76953150e+52,-7.74060845e+51,2.38250108e+52,-1.43948129e+06,9.04731782e+05,2.47508414e+06,9.46149632e+05,-2.17300309e+05,1.15820040e+06,0.00000000e+00,3.97719429e+09
1.91300000e+04,3.65239665e+01,2.92061246e+33,2.76560100e+39,-6.38049841e+38,3.37321876e+39,4.98131519e+47,4.90382334e+47,7.25506133e+46,4.94622538e+48,2.76909376e+52,2.76982273e+52,-7.72532348e+51,2.38355656e+52,-1.43657870e+06,9.05601566e+05,2.48410029e+06,9.46925018e+05,-2.18464398e+05,1.15496965e+06,0.00000000e+00,3.95358292e+09
1.91400000e+04,3.65306278e+01,2.92061260e+33,2.76792097e+39,-6.41547107e+38,3.36334914e+39,4.98291720e+47,4.90310433e+47,7.21447066e+46,4.93769908e+48,2.76939454e+52,2.77012252e+52,-7.70933777e+51,2.38465563e+52,-1.43347963e+06,9.06439798e+05,2.49341865e+06,9.47719315e+05,-2.19661830e+05,1.15159030e+06,0.00000000e+00,3.92896632e+09
1.91500000e+04,3.65375393e+01,2.92061275e+33,2.77026423e+39,-6.45111389e+38,3.35306314e+39,4.98447525e+47,4.90236144e+47,7.17302438e+46,4.92810777e+48,2.76970350e+52,2.77043038e+52,-7.69266054e+51,2.38579735e+52,-1.43017411e+06,9.07237120e+05,2.50302834e+06,9.48521583e+05,-2.20882207e+05,1.14806838e+06,0.00000000e+00,3.90337880e+09
1.91600000e+04,3.65447670e+01,2.92061291e+33,2.77269023e+39,-6.48801454e+38,3.34225624e+39,4.98598778e+47,4.90156061e+47,7.13054176e+46,4.91716140e+48,2.77002353e+52,2.77074916e+52,-7.67513198e+51,2.38699256e+52,-1.42661967e+06,9.07990232e+05,2.51301306e+06,9.49352180e+05,-2.22145650e+05,1.14436810e+06,0.00000000e+00,3.87664243e+09
1.91700000e+04,3.65525703e+01,2.92061309e+33,2.77529515e+39,-6.52684480e+38,3.33052084e+39,4.98750880e+47,4.90066463e+47,7.08653573e+46,4.90450291e+48,2.77036607e+52,2.77109026e+52,-7.65611761e+51,2.38828438e+52,-1.42267589e+06,9.08714443e+05,2.52372378e+06,9.50244030e+05,-2.23475161e+05,1.14034990e+06,0.00000000e+00,3.84788923e+09
1.91800000e+04,3.65611662e+01,2.92061330e+33,2.77810760e+39,-6.56948159e+38,3.31746488e+39,4.98894686e+47,4.89957484e+47,7.03965780e+46,4.88854590e+48,2.77073998e+52,2.77146241e+52,-7.63508789e+51,2.38970802e+52,-1.41817559e+06,9.09388418e+05,2.53541730e+06,9.51206927e+05,-2.24935002e+05,1.13587953e+06,0.00000000e+00,3.81609333e+09
1.91900000e+04,3.65708434e+01,2.92061358e+33,2.78121080e+39,-6.61579727e+38,3.30268562e+39,4.99045543e+47,4.89811905e+47,6.98841749e+46,4.86858632e+48,2.77115667e+52,2.77187697e+52,-7.61132339e+51,2.39131080e+52,-1.41282445e+06,9.09919972e+05,2.54841360e+06,9.52269352e+05,-2.26520801e+05,1.13081910e+06,0.00000000e+00,3.77920664e+09
1.92000000e+04,3.65816995e+01,2.92061392e+33,2.78461684e+39,-6.66706855e+38,3.28599385e+39,4.99177185e+47,4.89622018e+47,6.93230560e+46,4.84457314e+48,2.77161805e+52,2.77233582e+52,-7.58456322e+51,2.39310766e+52,-1.40645031e+06,9.10218913e+05,2.56282294e+06,9.53435446e+05,-2.28276271e+05,1.12510381e+06,0.00000000e+00,3.73805828e+09
1.92100000e+04,3.65929988e+01,2.92061429e+33,2.78807043e+39,-6.71909224e+38,3.26850061e+39,4.99289364e+47,4.89411944e+47,6.87810222e+46,4.81923871e+48,2.77209132e+52,2.77280641e+52,-7.55661296e+51,2.39497576e+52,-1.39941575e+06,9.10223336e+05,2.57767461e+06,9.54617812e+05,-2.30057501e+05,1.11911409e+06,0.00000000e+00,3.69576314e+09
1.92200000e+04,3.66042102e+01,2.92061465e+33,2.79146126e+39,-6.76959727e+38,3.25104136e+39,4.99382036e+47,4.89189345e+47,6.82768394e+46,4.79354060e+48,2.77255438e+52,2.77326672e+52,-7.52882235e+51,2.39682560e+52,-1.39209724e+06,9.10001610e+05,2.59230116e+06,9.55778695e+05,-2.31786732e+05,1.11313602e+06,0.00000000e+00,3.65471809e+09
1.92300000e+04,3.66153138e+01,2.92061501e+33,2.79476326e+39,-6.81850176e+38,3.23362501e+39,4.99459238e+47,4.88953201e+47,6.77918175e+46,4.76702082e+48,2.77300679e+52,2.77371627e+52,-7.50129734e+51,2.39865140e+52,-1.38458609e+06,9.09632400e+05,2.60668414e+06,9.56909161e+05,-2.33461163e+05,1.10717263e+06,0.00000000e+00,3.61457702e+09
1.92400000e+04,3.66262792e+01,2.92061534e+33,2.79792272e+39,-6.86586028e+38,3.21630878e+39,4.99530693e+47,4.88713562e+47,6.73167345e+46,4.73977895e+48,2.77344777e+52,2.77415427e+52,-7.47416683e+51,2.40044593e+52,-1.37702167e+06,9.09210168e+05,2.62082027e+06,9.57990831e+05,-2.35082662e+05,1.10124354e+06,0.00000000e+00,3.57584125e+09
1.92500000e+04,3.66371123e+01,2.92061568e+33,2.80097150e+39,-6.91186226e+38,3.19907794e+39,4.99596910e+47,4.88458765e+47,6.68517630e+46,4.71040705e+48,2.77387807e+52,2.77458138e+52,-7.44748464e+51,2.40220714e+52,-1.36943181e+06,9.08743311e+05,2.63466951e+06,9.59034603e+05,-2.36657712e+05,1.09534368e+06,0.00000000e+00,3.53743444e+09
1.92600000e+04,3.66478181e+01,2.92061602e+33,2.80385539e+39,-6.95645241e+38,3.18194007e+39,4.99664114e+47,4.88209362e+47,6.63989451e+46,4.67936730e+48,2.77429834e+52,2.77499826e+52,-7.42127519e+51,2.40393450e+52,-1.36186630e+06,9.08257481e+05,2.64826523e+06,9.60021919e+05,-2.38184423e+05,1.08947566e+06,0.00000000e+00,3.50027322e+09
1.92700000e+04,3.66584423e+01,2.92061634e+33,2.80657333e+39,-6.99972714e+38,3.16483298e+39,4.99736663e+47,4.87960728e+47,6.59531401e+46,4.64651449e+48,2.77471076e+52,2.77540709e+52,-7.39546680e+51,2.40563375e+52,-1.35432049e+06,9.07749891e+05,2.66166014e+06,9.60952415e+05,-2.39666095e+05,1.08361819e+06,0.00000000e+00,3.46408596e+09
1.92800000e+04,3.66690364e+01,2.92061667e+33,2.80922709e+39,-7.04166565e+38,3.14775147e+39,4.99807529e+47,4.87714754e+47,6.55147079e+46,4.61173028e+48,2.77511783e+52,2.77581036e+52,-7.36997062e+51,2.40731183e+52,-1.34676364e+06,9.07212263e+05,2.67491779e+06,9.61860938e+05,-2.41102015e+05,1.07776947e+06,0.00000000e+00,3.42861580e+09
1.92900000e+04,3.66795643e+01,2.92061699e+33,2.81178500e+39,-7.08217827e+38,3.13068965e+39,4.99878993e+47,4.87482547e+47,6.50941878e+46,4.57533153e+48,2.77551823e+52,2.77620680e+52,-7.34490394e+51,2.40896160e+52,-1.33921583e+06,9.06638596e+05,2.68799768e+06,9.62736644e+05,-2.42489114e+05,1.07192749e+06,0.00000000e+00,3.39394646e+09
1.93000000e+04,3.66899683e+01,2.92061731e+33,2.81421966e+39,-7.12118170e+38,3.11369713e+39,4.99955165e+47,4.87256297e+47,6.46899794e+46,4.53772786e+48,2.77591020e+52,2.77659466e+52,-7.32042683e+51,2.41057332e+52,-1.33171376e+06,9.06034504e+05,2.70083522e+06,9.63570151e+05,-2.43824540e+05,1.06610925e+06,0.00000000e+00,3.36031265e+09
1.93100000e+04,3.67002438e+01,2.92061762e+33,2.81657690e+39,-7.16018631e+38,3.09670951e+39,5.00036554e+47,4.87023972e+47,6.43156281e+46,4.49905919e+48,2.77629722e+52,2.77697747e+52,-7.29656713e+51,2.41214912e+52,-1.32425705e+06,9.05406153e+05,2.71342802e+06,9.64377151e+05,-2.45160006e+05,1.06029269e+06,0.00000000e+00,3.32778093e+09
1.93200000e+04,3.67104090e+01,2.92061792e+33,2.81880303e+39,-7.19659940e+38,3.07996080e+39,5.00105022e+47,4.86813197e+47,6.39538196e+46,4.45933719e+48,2.77667378e+52,2.77734971e+52,-7.27329735e+51,2.41368484e+52,-1.31683134e+06,9.04753853e+05,2.72579822e+06,9.65139264e+05,-2.46406740e+05,1.05455793e+06,0.00000000e+00,3.29624102e+09
1.93300000e+04,3.67204994e+01,2.92061822e+33,2.82091741e+39,-7.23199143e+38,3.06326676e+39,5.00166313e+47,4.86601869e+47,6.36057882e+46,4.41863614e+48,2.77704513e+52,2.77771662e+52,-7.25054979e+51,2.41518913e+52,-1.30941147e+06,9.04077812e+05,2.73799016e+06,9.65863114e+05,-2.47618514e+05,1.04884190e+06,0.00000000e+00,3.26553215e+09
1.93400000e+04,3.67305487e+01,2.92061851e+33,2.82297196e+39,-7.26644257e+38,3.04659747e+39,5.00228728e+47,4.86396387e+47,6.32632052e+46,4.37692539e+48,2.77741283e+52,2.77807978e+52,-7.22826401e+51,2.41666658e+52,-1.30197276e+06,9.03377699e+05,2.75004540e+06,9.66566480e+05,-2.48798073e+05,1.04313434e+06,0.00000000e+00,3.23556185e+09
1.93500000e+04,3.67406272e+01,2.92061881e+33,2.82501712e+39,-7.30067346e+38,3.02983973e+39,5.00295092e+47,4.86197002e+47,6.29196970e+46,4.33399776e+48,2.77777994e+52,2.77844223e+52,-7.20630398e+51,2.41812703e+52,-1.29445985e+06,9.02644984e+05,2.76204601e+06,9.67266631e+05,-2.49970090e+05,1.03739650e+06,0.00000000e+00,3.20614136e+09
1.93600000e+04,3.67508615e+01,2.92061912e+33,2.82705315e+39,-7.33519794e+38,3.01281451e+39,5.00366712e+47,4.86000802e+47,6.25692322e+46,4.28937451e+48,2.77815070e+52,2.77880816e+52,-7.18442398e+51,2.41958696e+52,-1.28677111e+06,9.01865839e+05,2.77413507e+06,9.67963654e+05,-2.51152158e+05,1.03156707e+06,0.00000000e+00,3.17689318e+09
1.93700000e+04,3.67614005e+01,2.92061944e+33,2.82912736e+39,-7.37051066e+38,2.99524118e+39,5.00433181e+47,4.85807353e+47,6.22105809e+46,4.24247467e+48,2.77853066e+52,2.77918306e+52,-7.16235358e+51,2.42106538e+52,-1.27877843e+06,9.01015979e+05,2.78647797e+06,9.68673742e+05,-2.52361213e+05,1.02554997e+06,0.00000000e+00,3.14745618e+09
1.93800000e+04,3.67725015e+01,2.92061980e+33,2.83127122e+39,-7.40748803e+38,2.97662727e+39,5.00490066e+47,4.85615680e+47,6.18469444e+46,4.19218598e+48,2.77892908e+52,2.77957609e+52,-7.13963037e+51,2.42259457e+52,-1.27025943e+06,9.00050412e+05,2.79935564e+06,9.69407664e+05,-2.53627262e+05,1.01917657e+06,0.00000000e+00,3.11717482e+09
1.93900000e+04,3.67842552e+01,2.92062019e+33,2.83345585e+39,-7.44645220e+38,2.95683779e+39,5.00545769e+47,4.85431893e+47,6.14652739e+46,4.13832779e+48,2.77934913e+52,2.77999041e+52,-7.11617300e+51,2.42418176e+52,-1.26110780e+06,8.98934440e+05,2.81285174e+06,9.70155536e+05,-2.54961334e+05,1.01240065e+06,0.00000000e+00,3.08599737e+09
1.94000000e+04,3.67959900e+01,2.92062059e+33,2.83556425e+39,-7.48501217e+38,2.93703156e+39,5.00599856e+47,4.85266251e+47,6.10911564e+46,4.08471149e+48,2.77976677e+52,2.78040234e+52,-7.09338016e+51,2.42573333e+52,-1.25185055e+06,8.97742999e+05,2.82620787e+06,9.70877308e+05,-2.56281566e+05,1.00561900e+06,0.00000000e+00,3.05607672e+09
1.94100000e+04,3.68074392e+01,2.92062097e+33,2.83756324e+39,-7.52212234e+38,2.91761308e+39,5.00649063e+47,4.85118149e+47,6.07277497e+46,4.03248689e+48,2.78017318e+52,2.78080317e+52,-7.07176587e+51,2.42721488e+52,-1.24274030e+06,8.96543161e+05,2.83913715e+06,9.71561620e+05,-2.57552159e+05,9.98970120e+05,0.00000000e+00,3.02819509e+09
1.94200000e+04,3.68185842e+01,2.92062132e+33,2.83942757e+39,-7.55750862e+38,2.89863034e+39,5.00695524e+47,4.84988835e+47,6.03693567e+46,3.98169712e+48,2.78056768e+52,2.78119223e+52,-7.05133960e+51,2.42862525e+52,-1.23383194e+06,8.95368931e+05,2.85162800e+06,9.72199835e+05,-2.58763728e+05,9.92470442e+05,0.00000000e+00,3.00209288e+09
1.94300000e+04,3.68294407e+01,2.92062167e+33,2.84115641e+39,-7.59121051e+38,2.88010162e+39,5.00740148e+47,4.84869479e+47,6.00169291e+46,3.93221807e+48,2.78095109e+52,2.78157032e+52,-7.03204547e+51,2.42996805e+52,-1.22514138e+06,8.94238781e+05,2.86370601e+06,9.72791664e+05,-2.59917627e+05,9.86126225e+05,0.00000000e+00,2.97763383e+09
1.94400000e+04,3.68400255e+01,2.92062199e+33,2.84274163e+39,-7.62339680e+38,2.86195855e+39,5.00784139e+47,4.84768059e+47,5.96673749e+46,3.88397311e+48,2.78132435e+52,2.78193838e+52,-7.01382534e+51,2.43124711e+52,-1.21667493e+06,8.93160699e+05,2.87539869e+06,9.73334324e+05,-2.61019633e+05,9.79914058e+05,0.00000000e+00,2.95466302e+09
1.94500000e+04,3.68503114e+01,2.92062230e+33,2.84421213e+39,-7.65371621e+38,2.84426196e+39,5.00828197e+47,4.84673108e+47,5.93223751e+46,3.83713247e+48,2.78168656e+52,2.78229554e+52,-6.99669336e+51,2.43246087e+52,-1.20846539e+06,8.92138736e+05,2.88668430e+06,9.73837711e+05,-2.62057720e+05,9.73854769e+05,0.00000000e+00,2.93320562e+09
1.94600000e+04,3.68602869e+01,2.92062259e+33,2.84557499e+39,-7.68230092e+38,2.82704593e+39,5.00874365e+47,4.84578902e+47,5.89908357e+46,3.79184579e+48,2.78203762e+52,2.78264169e+52,-6.98063068e+51,2.43361015e+52,-1.20052918e+06,8.91172637e+05,2.89755748e+06,9.74304245e+05,-2.63036414e+05,9.67960029e+05,0.00000000e+00,2.91320132e+09
1.94700000e+04,3.68699747e+01,2.92062287e+33,2.84680482e+39,-7.70953056e+38,2.81027109e+39,5.00927355e+47,4.84496598e+47,5.86765149e+46,3.74809205e+48,2.78237830e+52,2.78297761e+52,-6.96556131e+51,2.43469954e+52,-1.19285493e+06,8.90257483e+05,2.90804881e+06,9.74725237e+05,-2.63968712e+05,9.62216354e+05,0.00000000e+00,2.89454207e+09
1.94800000e+04,3.68794113e+01,2.92062313e+33,2.84794824e+39,-7.73569595e+38,2.79389877e+39,5.00981954e+47,4.84425636e+47,5.83789531e+46,3.70578939e+48,2.78271007e+52,2.78330476e+52,-6.95139306e+51,2.43573511e+52,-1.18541604e+06,8.89387363e+05,2.91820083e+06,9.75116648e+05,-2.64864572e+05,9.56610503e+05,0.00000000e+00,2.87706778e+09
1.94900000e+04,3.68886090e+01,2.92062339e+33,2.84901377e+39,-7.76067832e+38,2.77791282e+39,5.01035888e+47,4.84357730e+47,5.80903606e+46,3.66497589e+48,2.78303349e+52,2.78362372e+52,-6.93807418e+51,2.43672001e+52,-1.17820215e+06,8.88557158e+05,2.92803159e+06,9.75481394e+05,-2.65719927e+05,9.51136949e+05,0.00000000e+00,2.86069258e+09
1.95000000e+04,3.68975442e+01,2.92062362e+33,2.85002708e+39,-7.78475835e+38,2.76233291e+39,5.01089218e+47,4.84293969e+47,5.78045829e+46,3.62583527e+48,2.78334787e+52,2.78393381e+52,-6.92560419e+51,2.43765360e+52,-1.17122828e+06,8.87770408e+05,2.93752185e+06,9.75828263e+05,-2.66544387e+05,9.45802425e+05,0.00000000e+00,2.84542575e+09
1.95100000e+04,3.69062594e+01,2.92062385e+33,2.85099843e+39,-7.80818011e+38,2.74708045e+39,5.01145529e+47,4.84234401e+47,5.75195606e+46,3.58817181e+48,2.78365485e+52,2.78423664e+52,-6.91389106e+51,2.43854209e+52,-1.16445780e+06,8.87022219e+05,2.94672115e+06,9.76160771e+05,-2.67346310e+05,9.40580022e+05,0.00000000e+00,2.83115438e+09
1.95200000e+04,3.69148468e+01,2.92062407e+33,2.85195369e+39,-7.83121706e+38,2.73199299e+39,5.01198680e+47,4.84174946e+47,5.72354643e+46,3.55159775e+48,2.78395765e+52,2.78453541e+52,-6.90278762e+51,2.43939603e+52,-1.15781397e+06,8.86301231e+05,2.95572906e+06,9.76487770e+05,-2.68135058e+05,9.35414119e+05,0.00000000e+00,2.81764672e+09
1.95300000e+04,3.69233334e+01,2.92062429e+33,2.85286819e+39,-7.85427656e+38,2.71701597e+39,5.01250988e+47,4.84114297e+47,5.69484628e+46,3.51608306e+48,2.78425750e+52,2.78483135e+52,-6.89224464e+51,2.44021911e+52,-1.15127279e+06,8.85604541e+05,2.96457525e+06,9.76800816e+05,-2.68924578e+05,9.30286029e+05,0.00000000e+00,2.80481635e+09
1.95400000e+04,3.69316818e+01,2.92062450e+33,2.85376253e+39,-7.87735117e+38,2.70223588e+39,5.01306147e+47,4.84052443e+47,5.66623866e+46,3.48185715e+48,2.78455302e+52,2.78512309e+52,-6.88229253e+51,2.44100846e+52,-1.14485862e+06,8.84936870e+05,2.97322452e+06,9.77106961e+05,-2.69714616e+05,9.25225367e+05,0.00000000e+00,2.79273187e+09
1.95500000e+04,3.69399175e+01,2.92062471e+33,2.85466337e+39,-7.90041047e+38,2.68762176e+39,5.01362272e+47,4.83991470e+47,5.63841804e+46,3.44882001e+48,2.78484507e+52,2.78541147e+52,-6.87288423e+51,2.44176726e+52,-1.13854812e+06,8.84297155e+05,2.98170586e+06,9.77415332e+05,-2.70504130e+05,9.20221538e+05,0.00000000e+00,2.78133655e+09
1.95600000e+04,3.69481496e+01,2.92062492e+33,2.85558213e+39,-7.92372306e+38,2.67297769e+39,5.01419950e+47,4.83929276e+47,5.61068417e+46,3.41653829e+48,2.78513759e+52,2.78570041e+52,-6.86388907e+51,2.44250595e+52,-1.13225362e+06,8.83674468e+05,2.99013144e+06,9.77729839e+05,-2.71302317e+05,9.15207452e+05,0.00000000e+00,2.77043917e+09
1.95700000e+04,3.69565683e+01,2.92062513e+33,2.85654535e+39,-7.94809260e+38,2.65794635e+39,5.01481883e+47,4.83867983e+47,5.58268129e+46,3.38431155e+48,2.78543761e+52,2.78599686e+52,-6.85511494e+51,2.44324111e+52,-1.12582119e+06,8.83049100e+05,2.99869133e+06,9.78059568e+05,-2.72136691e+05,9.10060768e+05,0.00000000e+00,2.75973391e+09
1.95800000e+04,3.69652957e+01,2.92062536e+33,2.85759045e+39,-7.97368263e+38,2.64230487e+39,5.01543232e+47,4.83805282e+47,5.55342969e+46,3.35185768e+48,2.78574953e+52,2.78630518e+52,-6.84647415e+51,2.44398147e+52,-1.11914643e+06,8.82405657e+05,3.00750235e+06,9.78417324e+05,-2.73012853e+05,9.04705172e+05,0.00000000e+00,2.74908378e+09
1.95900000e+04,3.69743864e+01,2.92062561e+33,2.85873091e+39,-8.00077789e+38,2.62593557e+39,5.01599556e+47,4.83749299e+47,5.52250609e+46,3.31922030e+48,2.78607546e+52,2.78662750e+52,-6.83796648e+51,2.44472917e+52,-1.11217519e+06,8.81734207e+05,3.01661149e+06,9.78807727e+05,-2.73940552e+05,8.99100373e+05,0.00000000e+00,2.73852279e+09
1.96000000e+04,3.69839854e+01,2.92062588e+33,2.85997378e+39,-8.02979045e+38,2.60859061e+39,5.01651548e+47,4.83696532e+47,5.48997672e+46,3.28616006e+48,2.78642102e+52,2.78696940e+52,-6.82952930e+51,2.44549294e+52,-1.10477960e+06,8.81012681e+05,3.02615213e+06,9.79233185e+05,-2.74933894e+05,8.93161509e+05,0.00000000e+00,2.72795918e+09
1.96100000e+04,3.69941710e+01,2.92062618e+33,2.86131496e+39,-8.06129594e+38,2.59016736e+39,5.01695544e+47,4.83638676e+47,5.45557485e+46,3.25285452e+48,2.78678959e+52,2.78733428e+52,-6.82118952e+51,2.44627481e+52,-1.09687899e+06,8.80219931e+05,3.03618671e+06,9.79692293e+05,-2.76012589e+05,8.86853435e+05,0.00000000e+00,2.71738828e+09
1.96200000e+04,3.70048771e+01,2.92062651e+33,2.86275129e+39,-8.09504561e+38,2.57075784e+39,5.01735854e+47,4.83587101e+47,5.41901502e+46,3.22004700e+48,2.78717896e+52,2.78772002e+52,-6.81310249e+51,2.44706490e+52,-1.08850778e+06,8.79350564e+05,3.04663714e+06,9.80183968e+05,-2.77168120e+05,8.80207663e+05,0.00000000e+00,2.70706994e+09
1.96300000e+04,3.70161928e+01,2.92062688e+33,2.86426243e+39,-8.13079034e+38,2.55018150e+39,5.01765367e+47,4.83542051e+47,5.38138884e+46,3.18789765e+48,2.78759270e+52,2.78813020e+52,-6.80531153e+51,2.44786462e+52,-1.07958081e+06,8.78386028e+05,3.05757431e+06,9.80701247e+05,-2.78391957e+05,8.73162373e+05,0.00000000e+00,2.69706980e+09
1.96400000e+04,3.70281866e+01,2.92062729e+33,2.86584309e+39,-8.16900410e+38,2.52832915e+39,5.01799563e+47,4.83496217e+47,5.34274636e+46,3.15670940e+48,2.78803375e+52,2.78856778e+52,-6.79790323e+51,2.44867262e+52,-1.07003000e+06,8.77312868e+05,3.06904549e+06,9.81242317e+05,-2.79700327e+05,8.65680177e+05,0.00000000e+00,2.68749086e+09
1.96500000e+04,3.70409690e+01,2.92062776e+33,2.86751960e+39,-8.20985875e+38,2.50491176e+39,5.01840525e+47,4.83441591e+47,5.30225223e+46,3.12673210e+48,2.78850702e+52,2.78903771e+52,-6.79097154e+51,2.44948914e+52,-1.05975510e+06,8.76113155e+05,3.08113296e+06,9.81816184e+05,-2.81099114e+05,8.57662108e+05,0.00000000e+00,2.67840846e+09
1.96600000e+04,3.70546147e+01,2.92062828e+33,2.86926208e+39,-8.25358680e+38,2.47974675e+39,5.01890279e+47,4.83388766e+47,5.25957881e+46,3.09847350e+48,2.78901613e+52,2.78954365e+52,-6.78467154e+51,2.45031008e+52,-1.04868759e+06,8.74767861e+05,3.09388138e+06,9.82412618e+05,-2.82596278e+05,8.49045655e+05,0.00000000e+00,2.66998153e+09
1.96700000e+04,3.70691967e+01,2.92062887e+33,2.87109002e+39,-8.30011527e+38,2.45269692e+39,5.01939201e+47,4.83329010e+47,5.21564888e+46,3.07254259e+48,2.78956489e+52,2.79008950e+52,-6.77919856e+51,2.45112957e+52,-1.03675798e+06,8.73264148e+05,3.10733014e+06,9.83038291e+05,-2.84189318e+05,8.39783836e+05,0.00000000e+00,2.66243954e+09
1.96800000e+04,3.70848209e+01,2.92062955e+33,2.87302175e+39,-8.34975866e+38,2.42354329e+39,5.01988411e+47,4.83272807e+47,5.17073256e+46,3.04965859e+48,2.79015900e+52,2.79068100e+52,-6.77478530e+51,2.45194174e+52,-1.02386185e+06,8.71577891e+05,3.12154052e+06,9.83699475e+05,-2.85889002e+05,8.29801675e+05,0.00000000e+00,2.65601838e+09
1.96900000e+04,3.71015176e+01,2.92063031e+33,2.87504305e+39,-8.40270285e+38,2.39222097e+39,5.02051112e+47,4.83223079e+47,5.12491322e+46,3.03085239e+48,2.79080204e+52,2.79132187e+52,-6.77173780e+51,2.45273498e+52,-1.00995592e+06,8.69686822e+05,3.13650064e+06,9.84391293e+05,-2.87701693e+05,8.19076951e+05,0.00000000e+00,2.65105775e+09
1.97000000e+04,3.71192281e+01,2.92063117e+33,2.87719374e+39,-8.45927843e+38,2.35884945e+39,5.02130429e+47,4.83181837e+47,5.07895194e+46,3.01740206e+48,2.79149361e+52,2.79201183e+52,-6.77040224e+51,2.45349172e+52,-9.95080777e+05,8.67583831e+05,3.15212023e+06,9.85127382e+05,-2.89638710e+05,8.07650579e+05,0.00000000e+00,2.64802854e+09
1.97100000e+04,3.71376532e+01,2.92063209e+33,2.87956500e+39,-8.51898352e+38,2.32394766e+39,5.02225465e+47,4.83145500e+47,5.03302656e+46,3.01067611e+48,2.79222359e+52,2.79274092e+52,-6.77110062e+51,2.45418589e+52,-9.79499730e+05,8.65320893e+05,3.16810664e+06,9.85938971e+05,-2.91682871e+05,7.95700243e+05,0.00000000e+00,2.64748916e+09
1.97200000e+04,3.71565424e+01,2.92063306e+33,2.88207152e+39,-8.58187868e+38,2.28805185e+39,5.02330982e+47,4.83113237e+47,4.98628630e+46,3.01136923e+48,2.79298452e+52,2.79350173e+52,-6.77404655e+51,2.45479941e+52,-9.63469126e+05,8.62969763e+05,3.18422496e+06,9.86796856e+05,-2.93836251e+05,7.83409556e+05,0.00000000e+00,2.64986967e+09
1.97300000e+04,3.71761939e+01,2.92063410e+33,2.88491034e+39,-8.64955226e+38,2.25059162e+39,5.02461214e+47,4.83106172e+47,4.94126705e+46,3.01957845e+48,2.79379050e+52,2.79430841e+52,-6.77952567e+51,2.45533213e+52,-9.46754031e+05,8.60495159e+05,3.20069914e+06,9.87768492e+05,-2.96153231e+05,7.70583215e+05,0.00000000e+00,2.65531715e+09
1.97400000e+04,3.71971415e+01,2.92063523e+33,2.88828620e+39,-8.72390879e+38,2.21051492e+39,5.02615410e+47,4.83103128e+47,4.89793534e+46,3.03672065e+48,2.79466695e+52,2.79518650e+52,-6.78807426e+51,2.45578279e+52,-9.28913970e+05,8.57851458e+05,3.21795326e+06,9.88923976e+05,-2.98699020e+05,7.56861008e+05,0.00000000e+00,2.66489175e+09
1.97500000e+04,3.72199702e+01,2.92063662e+33,2.89251211e+39,-8.80864360e+38,2.16665578e+39,5.02811974e+47,4.83082078e+47,4.85993747e+46,3.06270917e+48,2.79564374e+52,2.79616604e+52,-6.80055691e+51,2.45613820e+52,-9.09254459e+05,8.54730335e+05,3.23630509e+06,9.90370417e+05,-3.01600122e+05,7.41843669e+05,0.00000000e+00,2.67773493e+09
1.97600000e+04,3.72444504e+01,2.92063813e+33,2.89740460e+39,-8.90350423e+38,2.11971311e+39,5.03023605e+47,4.83046408e+47,4.82339330e+46,3.10212683e+48,2.79671893e+52,2.79724540e+52,-6.81748801e+51,2.45637100e+52,-8.87929475e+05,8.51203714e+05,3.25556398e+06,9.92045049e+05,-3.04847907e+05,7.25770538e+05,0.00000000e+00,2.69659826e+09
1.97700000e+04,3.72694141e+01,2.92063978e+33,2.90250511e+39,-9.00477879e+38,2.07190145e+39,5.03239126e+47,4.82992729e+47,4.79102893e+46,3.15240151e+48,2.79784486e+52,2.79837680e+52,-6.83844093e+51,2.45645475e+52,-8.65969415e+05,8.47401505e+05,3.27471563e+06,9.93790857e+05,-3.08315282e+05,7.09399859e+05,0.00000000e+00,2.72035247e+09
1.97800000e+04,3.72946262e+01,2.92064147e+33,2.90762672e+39,-9.11113892e+38,2.02366195e+39,5.03451100e+47,4.82930787e+47,4.76152761e+46,3.21350338e+48,2.79901356e+52,2.79955210e+52,-6.86325974e+51,2.45638912e+52,-8.43732174e+05,8.43511519e+05,3.29361304e+06,9.95543876e+05,-3.11956775e+05,6.92882703e+05,0.00000000e+00,2.74931297e+09
1.97900000e+04,3.73198691e+01,2.92064315e+33,2.91251446e+39,-9.21988667e+38,1.97543389e+39,5.03657270e+47,4.82852027e+47,4.73521766e+46,3.28343816e+48,2.80021831e+52,2.80076438e+52,-6.89169697e+51,2.45617953e+52,-8.21527794e+05,8.39672600e+05,3.31209627e+06,9.97216815e+05,-3.15680013e+05,6.76369479e+05,0.00000000e+00,2.78300462e+09
1.98000000e+04,3.73450893e+01,2.92064484e+33,2.91728785e+39,-9.33239421e+38,1.92727754e+39,5.03871739e+47,4.82762389e+47,4.71250064e+46,3.36045349e+48,2.80145931e+52,2.80201369e+52,-6.92359012e+51,2.45583418e+52,-7.99420552e+05,8.35901272e+05,3.33012370e+06,9.98850601e+05,-3.19531978e+05,6.59880830e+05,0.00000000e+00,2.82107900e+09
1.98100000e+04,3.73694537e+01,2.92064641e+33,2.92191092e+39,-9.44395451e+38,1.88076971e+39,5.04075384e+47,4.82679230e+47,4.69553201e+46,3.44122395e+48,2.80269480e+52,2.80325786e+52,-6.95759101e+51,2.45537830e+52,-7.78172975e+05,8.32386558e+05,3.34714306e+06,1.00043296e+06,-3.23351518e+05,6.43956660e+05,0.00000000e+00,2.86222213e+09
1.98200000e+04,3.73919579e+01,2.92064776e+33,2.92633897e+39,-9.54945862e+38,1.83781185e+39,5.04258318e+47,4.82599765e+47,4.68355122e+46,3.52074786e+48,2.80386715e+52,2.80443864e+52,-6.99170209e+51,2.45485353e+52,-7.58765722e+05,8.29445653e+05,3.36254909e+06,1.00194861e+06,-3.26963722e+05,6.29248029e+05,0.00000000e+00,2.90452808e+09
1.98300000e+04,3.74129128e+01,2.92064889e+33,2.93051830e+39,-9.64958435e+38,1.79788953e+39,5.04422197e+47,4.82536428e+47,4.67409472e+46,3.59838982e+48,2.80498761e+52,2.80556727e+52,-7.02575130e+51,2.45427970e+52,-7.41019886e+05,8.27180024e+05,3.37665134e+06,1.00337919e+06,-3.30391797e+05,6.15578799e+05,0.00000000e+00,2.94822149e+09
1.98400000e+04,3.74328405e+01,2.92064996e+33,2.93457938e+39,-9.74724951e+38,1.75986721e+39,5.04573420e+47,4.82479804e+47,4.66648878e+46,3.67098287e+48,2.80607839e+52,2.80666579e+52,-7.06013984e+51,2.45365880e+52,-7.24409768e+05,8.25355202e+05,3.38977953e+06,1.00476929e+06,-3.33735629e+05,6.02560127e+05,0.00000000e+00,2.99123495e+09
1.98500000e+04,3.74520555e+01,2.92065096e+33,2.93859599e+39,-9.84350657e+38,1.72325245e+39,5.04734092e+47,4.82419721e+47,4.66160299e+46,3.74096067e+48,2.80715463e+52,2.80774955e+52,-7.09503502e+51,2.45299780e+52,-7.08504265e+05,8.23796073e+05,3.40219295e+06,1.00614419e+06,-3.37031255e+05,5.90023416e+05,0.00000000e+00,3.03578450e+09
1.98600000e+04,3.74707860e+01,2.92065191e+33,2.94263330e+39,-9.94037895e+38,1.68762761e+39,5.04894723e+47,4.82350708e+47,4.65928828e+46,3.80866893e+48,2.80822659e+52,2.80882885e+52,-7.13057258e+51,2.45230022e+52,-6.93051671e+05,8.22415409e+05,3.41405314e+06,1.00752619e+06,-3.40347952e+05,5.77825657e+05,0.00000000e+00,3.08143530e+09
1.98700000e+04,3.74892538e+01,2.92065279e+33,2.94669716e+39,-1.00402639e+39,1.65236396e+39,5.05023209e+47,4.82281211e+47,4.65793067e+46,3.87523788e+48,2.80930518e+52,2.80991466e+52,-7.16697303e+51,2.45156601e+52,-6.77907160e+05,8.21283737e+05,3.42553676e+06,1.00891731e+06,-3.43767801e+05,5.65751590e+05,0.00000000e+00,3.12916491e+09
1.98800000e+04,3.75075238e+01,2.92065370e+33,2.95075953e+39,-1.01399842e+39,1.61752204e+39,5.05146490e+47,4.82204560e+47,4.65814852e+46,3.93798851e+48,2.81039218e+52,2.81100857e+52,-7.20421115e+51,2.45079802e+52,-6.62900786e+05,8.20217744e+05,3.43664401e+06,1.01030791e+06,-3.47182008e+05,5.53821921e+05,0.00000000e+00,3.17710970e+09
1.98900000e+04,3.75256225e+01,2.92065459e+33,2.95483155e+39,-1.02396165e+39,1.58276315e+39,5.05232644e+47,4.82112249e+47,4.66001954e+46,3.99806137e+48,2.81148938e+52,2.81211246e+52,-7.24217115e+51,2.45000391e+52,-6.47947554e+05,8.19214136e+05,3.44742620e+06,1.01170182e+06,-3.50593206e+05,5.41920690e+05,0.00000000e+00,3.22686210e+09
1.99000000e+04,3.75436368e+01,2.92065543e+33,2.95893872e+39,-1.03416659e+39,1.54793101e+39,5.05294560e+47,4.82018521e+47,4.66337582e+46,4.05614065e+48,2.81260177e+52,2.81323135e+52,-7.28090738e+51,2.44918598e+52,-6.33075419e+05,8.18421909e+05,3.45796372e+06,1.01310777e+06,-3.54087161e+05,5.29994396e+05,0.00000000e+00,3.27825680e+09
1.99100000e+04,3.75615957e+01,2.92065631e+33,2.96289551e+39,-1.04449096e+39,1.51304376e+39,5.05292328e+47,4.81897937e+47,4.66493475e+46,4.10965538e+48,2.81373069e+52,2.81436642e+52,-7.32035188e+51,2.44834882e+52,-6.18102695e+05,8.17602874e+05,3.46823065e+06,1.01446223e+06,-3.57622004e+05,5.18049233e+05,0.00000000e+00,3.33053729e+09
1.99200000e+04,3.75795949e+01,2.92065715e+33,2.96692044e+39,-1.05508914e+39,1.47790903e+39,5.05269128e+47,4.81770213e+47,4.66573748e+46,4.16057767e+48,2.81488181e+52,2.81552345e+52,-7.36059231e+51,2.44749384e+52,-6.03031020e+05,8.16946422e+05,3.47833091e+06,1.01584003e+06,-3.61250597e+05,5.06019350e+05,0.00000000e+00,3.38503882e+09
1.99300000e+04,3.75977167e+01,2.92065804e+33,2.97101934e+39,-1.06593325e+39,1.44239167e+39,5.05199462e+47,4.81639522e+47,4.66648167e+46,4.20645516e+48,2.81606324e+52,2.81671044e+52,-7.40168730e+51,2.44662607e+52,-5.87661433e+05,8.16223253e+05,3.48825600e+06,1.01724313e+06,-3.64963388e+05,4.93858456e+05,0.00000000e+00,3.44043409e+09
1.99400000e+04,3.76156225e+01,2.92065891e+33,2.97504188e+39,-1.07711371e+39,1.40711440e+39,5.05147014e+47,4.81515272e+47,4.66690669e+46,4.24805983e+48,2.81724561e+52,2.81789793e+52,-7.44269919e+51,2.44576297e+52,-5.72301308e+05,8.15532998e+05,3.49785690e+06,1.01862010e+06,-3.68791338e+05,4.81779778e+05,0.00000000e+00,3.49693739e+09
1.99500000e+04,3.76332370e+01,2.92065976e+33,2.97908740e+39,-1.08826895e+39,1.37217105e+39,5.05073530e+47,4.81373223e+47,4.66767917e+46,4.28515465e+48,2.81842501e+52,2.81908204e+52,-7.48328553e+51,2.44491776e+52,-5.57063778e+05,8.14951346e+05,3.50710208e+06,1.02000495e+06,-3.72610657e+05,4.69815439e+05,0.00000000e+00,3.55369102e+09
1.99600000e+04,3.76504901e+01,2.92066057e+33,2.98278073e+39,-1.09930823e+39,1.33791313e+39,5.05002552e+47,4.81225336e+47,4.66564049e+46,4.31744015e+48,2.81959569e+52,2.82025698e+52,-7.52311999e+51,2.44410098e+52,-5.42043173e+05,8.14535350e+05,3.51597250e+06,1.02126922e+06,-3.76390274e+05,4.58085797e+05,0.00000000e+00,3.61012062e+09
1.99700000e+04,3.76674292e+01,2.92066129e+33,2.98663451e+39,-1.11019522e+39,1.30414035e+39,5.04920060e+47,4.81068683e+47,4.66068223e+46,4.34694986e+48,2.82076371e+52,2.82142894e+52,-7.56217615e+51,2.44332013e+52,-5.27324352e+05,8.14583373e+05,3.52455166e+06,1.02258845e+06,-3.80117759e+05,4.46522283e+05,0.00000000e+00,3.66785466e+09
1.99800000e+04,3.76841426e+01,2.92066205e+33,2.99044329e+39,-1.12117769e+39,1.27082663e+39,5.04853641e+47,4.80889923e+47,4.65622183e+46,4.36885458e+48,2.82192621e+52,2.82259476e+52,-7.60049834e+51,2.44256985e+52,-5.12659234e+05,8.14622497e+05,3.53278971e+06,1.02389227e+06,-3.83877926e+05,4.35115945e+05,0.00000000e+00,3.72297352e+09
1.99900000e+04,3.77006837e+01,2.92066280e+33,2.99416535e+39,-1.13211259e+39,1.23763228e+39,5.04789609e+47,4.80718874e+47,4.64825605e+46,4.38675762e+48,2.82308900e+52,2.82376052e+52,-7.63799922e+51,2.44186056e+52,-4.97957892e+05,8.14706853e+05,3.54076504e+06,1.02516639e+06,-3.87621804e+05,4.23750484e+05,0.00000000e+00,3.77832928e+09
2.00000000e+04,3.77170636e+01,2.92066351e+33,2.99789101e+39,-1.14308306e+39,1.20481679e+39,5.04707348e+47,4.80551117e+47,4.63785283e+46,4.40261043e+48,2.82425177e+52,2.82492607e+52,-7.67452478e+51,2.44119984e+52,-4.83267738e+05,8.14967972e+05,3.54850743e+06,1.02644177e+06,-3.91377870e+05,4.12514756e+05,0.00000000e+00,3.83349891e+09
2.00100000e+04,3.77333030e+01,2.92066420e+33,3.00160482e+39,-1.15430888e+39,1.17221824e+39,5.04619318e+47,4.80398216e+47,4.62621540e+46,4.41562043e+48,2.82541168e+52,2.82608849e+52,-7.70995605e+51,2.44059069e+52,-4.68586343e+05,8.15327080e+05,3.55600307e+06,1.02771309e+06,-3.95221362e+05,4.01353310e+05,0.00000000e+00,3.88692222e+09
2.00200000e+04,3.77493951e+01,2.92066480e+33,3.00494435e+39,-1.16547440e+39,1.14007753e+39,5.04505808e+47,4.80230145e+47,4.60969807e+46,4.42968542e+48,2.82656716e+52,2.82724648e+52,-7.74411654e+51,2.44004066e+52,-4.53978936e+05,8.16070637e+05,3.56329960e+06,1.02885629e+06,-3.99044218e+05,3.90348638e+05,0.00000000e+00,3.93978661e+09
2.00300000e+04,3.77652969e+01,2.92066540e+33,3.00818946e+39,-1.17656507e+39,1.10839764e+39,5.04359244e+47,4.80072037e+47,4.59122026e+46,4.43634051e+48,2.82771683e+52,2.82839793e+52,-7.77686097e+51,2.43955488e+52,-4.39539198e+05,8.17197740e+05,3.57033083e+06,1.02996716e+06,-4.02841444e+05,3.79501753e+05,0.00000000e+00,3.99221093e+09
2.00400000e+04,3.77810769e+01,2.92066609e+33,3.01132552e+39,-1.18760646e+39,1.07694997e+39,5.04216334e+47,4.79917594e+47,4.57311868e+46,4.43843078e+48,2.82886014e+52,2.82954271e+52,-7.80810310e+51,2.43913756e+52,-4.25025825e+05,8.17964729e+05,3.57706009e+06,1.03104067e+06,-4.06621787e+05,3.68734372e+05,0.00000000e+00,4.03797206e+09
2.00500000e+04,3.77967752e+01,2.92066677e+33,3.01423137e+39,-1.19872246e+39,1.04562302e+39,5.04089151e+47,4.79753440e+47,4.55418046e+46,4.44029826e+48,2.83000202e+52,2.83068604e+52,-7.83771473e+51,2.43880031e+52,-4.10425276e+05,8.18505168e+05,3.58357352e+06,1.03203536e+06,-4.10427672e+05,3.58008327e+05,0.00000000e+00,4.08331763e+09
2.00600000e+04,3.78124008e+01,2.92066744e+33,3.01704851e+39,-1.20968345e+39,1.01448423e+39,5.03957417e+47,4.79637176e+47,4.53481489e+46,4.44273038e+48,2.83114049e+52,2.83182598e+52,-7.86557926e+51,2.43854702e+52,-3.95783925e+05,8.18881762e+05,3.58987446e+06,1.03299967e+06,-4.14180484e+05,3.47346711e+05,0.00000000e+00,4.12640760e+09
2.00700000e+04,3.78279554e+01,2.92066807e+33,3.01970964e+39,-1.22055449e+39,9.83398847e+38,5.03807038e+47,4.79539186e+47,4.51416118e+46,4.44685988e+48,2.83227365e+52,2.83296068e+52,-7.89160961e+51,2.43838019e+52,-3.81158061e+05,8.19389571e+05,3.59600288e+06,1.03391059e+06,-4.17902500e+05,3.36703393e+05,0.00000000e+00,4.16852804e+09
2.00800000e+04,3.78434678e+01,2.92066873e+33,3.02209348e+39,-1.23141123e+39,9.52439954e+38,5.03652391e+47,4.79448736e+47,4.49150329e+46,4.44870367e+48,2.83340184e+52,2.83409024e+52,-7.91578245e+51,2.43830112e+52,-3.66514576e+05,8.19845441e+05,3.60190929e+06,1.03472655e+06,-4.21619618e+05,3.26103383e+05,0.00000000e+00,4.20566899e+09
2.00900000e+04,3.78589467e+01,2.92066936e+33,3.02424845e+39,-1.24210294e+39,9.21439563e+38,5.03457866e+47,4.79362781e+47,4.46670334e+46,4.45146471e+48,2.83452609e+52,2.83521589e+52,-7.93798888e+51,2.43831644e+52,-3.51842674e+05,8.20440020e+05,3.60764650e+06,1.03546416e+06,-4.25280231e+05,3.15489174e+05,0.00000000e+00,4.24215399e+09
2.01000000e+04,3.78744326e+01,2.92067000e+33,3.02629072e+39,-1.25248692e+39,8.90386723e+38,5.03248525e+47,4.79293234e+47,4.44054465e+46,4.45382980e+48,2.83565045e+52,2.83634160e+52,-7.95819977e+51,2.43843161e+52,-3.37103883e+05,8.21120614e+05,3.61320385e+06,1.03616318e+06,-4.28835480e+05,3.04857010e+05,0.00000000e+00,4.27496507e+09
2.01100000e+04,3.78900154e+01,2.92067061e+33,3.02834536e+39,-1.26330951e+39,8.59119158e+38,5.03021744e+47,4.79255095e+47,4.41324653e+46,4.45739139e+48,2.83677538e+52,2.83746790e+52,-7.97638887e+51,2.43864846e+52,-3.22211710e+05,8.21907063e+05,3.61862845e+06,1.03686645e+06,-4.32540906e+05,2.94151335e+05,0.00000000e+00,4.30596384e+09
2.01200000e+04,3.79055716e+01,2.92067121e+33,3.03021336e+39,-1.27394153e+39,8.27939243e+38,5.02790701e+47,4.79222608e+47,4.38716862e+46,4.46106713e+48,2.83789183e+52,2.83858573e+52,-7.99230978e+51,2.43897024e+52,-3.07284487e+05,8.22741813e+05,3.62385553e+06,1.03750581e+06,-4.36181083e+05,2.83475675e+05,0.00000000e+00,4.33235699e+09
2.01300000e+04,3.79210512e+01,2.92067188e+33,3.03196453e+39,-1.28453706e+39,7.96698296e+38,5.02544776e+47,4.79215330e+47,4.36178947e+46,4.46433399e+48,2.83899671e+52,2.83969201e+52,-8.00578931e+51,2.43940255e+52,-2.92359631e+05,8.23192037e+05,3.62883922e+06,1.03810515e+06,-4.39808754e+05,2.72779117e+05,0.00000000e+00,4.35354413e+09
2.01400000e+04,3.79364246e+01,2.92067250e+33,3.03341844e+39,-1.29498728e+39,7.65625584e+38,5.02283947e+47,4.79208505e+47,4.33634583e+46,4.47175713e+48,2.84008653e+52,2.84078352e+52,-8.01671008e+51,2.43994801e+52,-2.77490760e+05,8.23463810e+05,3.63362667e+06,1.03860273e+06,-4.43386679e+05,2.62140169e+05,0.00000000e+00,4.37307309e+09
2.01500000e+04,3.79516232e+01,2.92067308e+33,3.03469538e+39,-1.30514278e+39,7.34866690e+38,5.02018129e+47,4.79197545e+47,4.31095288e+46,4.48247013e+48,2.84115535e+52,2.84185420e+52,-8.02505250e+51,2.44060158e+52,-2.62765522e+05,8.23759948e+05,3.63819803e+06,1.03903973e+06,-4.46863699e+05,2.51608677e+05,0.00000000e+00,4.38858651e+09
2.01600000e+04,3.79665989e+01,2.92067371e+33,3.03567868e+39,-1.31518709e+39,7.04481030e+38,5.01731303e+47,4.79179367e+47,4.28370529e+46,4.49226211e+48,2.84219625e+52,2.84289692e+52,-8.03085943e+51,2.44135395e+52,-2.48229604e+05,8.23861869e+05,3.64249879e+06,1.03937618e+06,-4.50302644e+05,2.41204976e+05,0.00000000e+00,4.39789976e+09
2.01700000e+04,3.79813146e+01,2.92067428e+33,3.03668782e+39,-1.32509698e+39,6.74546155e+38,5.01437515e+47,4.79165069e+47,4.25713912e+46,4.50522693e+48,2.84320637e+52,2.84390902e+52,-8.03415988e+51,2.44220102e+52,-2.33934058e+05,8.23957651e+05,3.64657786e+06,1.03972149e+06,-4.53695568e+05,2.30955626e+05,0.00000000e+00,4.40466297e+09
2.01800000e+04,3.79958144e+01,2.92067484e+33,3.03741776e+39,-1.33476559e+39,6.44861907e+38,5.01145824e+47,4.79149542e+47,4.23041401e+46,4.52024254e+48,2.84419044e+52,2.84489521e+52,-8.03506782e+51,2.44314182e+52,-2.19841917e+05,8.23944229e+05,3.65043988e+06,1.03997121e+06,-4.57005886e+05,2.20792092e+05,0.00000000e+00,4.40780118e+09
2.01900000e+04,3.80101309e+01,2.92067541e+33,3.03805821e+39,-1.34432533e+39,6.15530205e+38,5.00838418e+47,4.79147538e+47,4.20478832e+46,4.53605997e+48,2.84514819e+52,2.84585514e+52,-8.03368511e+51,2.44417088e+52,-2.05924829e+05,8.23716870e+05,3.65408224e+06,1.04019029e+06,-4.60278922e+05,2.10749268e+05,0.00000000e+00,4.40571864e+09
2.02000000e+04,3.80242563e+01,2.92067597e+33,3.03837705e+39,-1.35367778e+39,5.86392148e+38,5.00523664e+47,4.79154635e+47,4.18028500e+46,4.55386228e+48,2.84608239e+52,2.84679162e+52,-8.03009144e+51,2.44528705e+52,-1.92195803e+05,8.23276663e+05,3.65752533e+06,1.04029926e+06,-4.63480987e+05,2.00772751e+05,0.00000000e+00,4.40076808e+09
2.02100000e+04,3.80382490e+01,2.92067652e+33,3.03849763e+39,-1.36286055e+39,5.57419371e+38,5.00198257e+47,4.79159798e+47,4.15631281e+46,4.57350072e+48,2.84699407e+52,2.84770566e+52,-8.02437104e+51,2.44648711e+52,-1.78599449e+05,8.22619273e+05,3.66078965e+06,1.04034035e+06,-4.66624957e+05,1.90852827e+05,0.00000000e+00,4.39225845e+09
2.02200000e+04,3.80521674e+01,2.92067706e+33,3.03854700e+39,-1.37183236e+39,5.28523719e+38,4.99852978e+47,4.79169416e+47,4.13301533e+46,4.59469687e+48,2.84788531e+52,2.84859934e+52,-8.01658350e+51,2.44777016e+52,-1.65085190e+05,8.21736038e+05,3.66389516e+06,1.04035706e+06,-4.69696696e+05,1.80959315e+05,0.00000000e+00,4.38053759e+09
2.02300000e+04,3.80660024e+01,2.92067759e+33,3.03848385e+39,-1.38060746e+39,4.99753221e+38,4.99500513e+47,4.79186540e+47,4.10905896e+46,4.61712706e+48,2.84875552e+52,2.84947201e+52,-8.00681202e+51,2.44913141e+52,-1.51662919e+05,8.20622675e+05,3.66684398e+06,1.04033525e+06,-4.72701083e+05,1.71108657e+05,0.00000000e+00,4.36582196e+09
2.02400000e+04,3.80797557e+01,2.92067812e+33,3.03825573e+39,-1.38919025e+39,4.71067801e+38,4.99139409e+47,4.79206284e+47,4.08577672e+46,4.64049085e+48,2.84960809e+52,2.85032705e+52,-7.99513883e+51,2.45057011e+52,-1.38326763e+05,8.19266792e+05,3.66964028e+06,1.04025695e+06,-4.75639627e+05,1.61287133e+05,0.00000000e+00,4.34813690e+09
2.02500000e+04,3.80934525e+01,2.92067865e+33,3.03789680e+39,-1.39769433e+39,4.42447243e+38,4.98779666e+47,4.79224571e+47,4.06216146e+46,4.66439751e+48,2.85044123e+52,2.85116263e+52,-7.98162212e+51,2.45208152e+52,-1.25047706e+05,8.17656297e+05,3.67229122e+06,1.04013387e+06,-4.78551220e+05,1.51487821e+05,0.00000000e+00,4.32766234e+09
2.02600000e+04,3.81070773e+01,2.92067915e+33,3.03746979e+39,-1.40602883e+39,4.13918260e+38,4.98418167e+47,4.79250396e+47,4.04018204e+46,4.68929561e+48,2.85125589e+52,2.85197969e+52,-7.96634992e+51,2.45366219e+52,-1.11842639e+05,8.15851948e+05,3.67480902e+06,1.03998749e+06,-4.81404754e+05,1.41719867e+05,0.00000000e+00,4.30468458e+09
2.02700000e+04,3.81206333e+01,2.92067966e+33,3.03685330e+39,-1.41421571e+39,3.85399509e+38,4.98049340e+47,4.79275737e+47,4.01894065e+46,4.71295914e+48,2.85205270e+52,2.85277877e+52,-7.94943463e+51,2.45530704e+52,-9.87004013e+04,8.13805838e+05,3.67717136e+06,1.03977623e+06,-4.84207743e+05,1.31955419e+05,0.00000000e+00,4.27903713e+09
2.02800000e+04,3.81341304e+01,2.92068014e+33,3.03611633e+39,-1.42234053e+39,3.57034643e+38,4.97672124e+47,4.79284257e+47,3.99638293e+46,4.73696410e+48,2.85282999e+52,2.85355820e+52,-7.93092807e+51,2.45701179e+52,-8.56284086e+04,8.11605632e+05,3.67941563e+06,1.03952374e+06,-4.86989490e+05,1.22243665e+05,0.00000000e+00,4.25104759e+09
2.02900000e+04,3.81474680e+01,2.92068058e+33,3.03520706e+39,-1.43026070e+39,3.28961169e+38,4.97293719e+47,4.79286901e+47,3.97340540e+46,4.76171035e+48,2.85358220e+52,2.85431248e+52,-7.91109190e+51,2.45875789e+52,-7.27317904e+04,8.09334590e+05,3.68152154e+06,1.03921226e+06,-4.89701170e+05,1.12631683e+05,0.00000000e+00,4.22062684e+09
2.03000000e+04,3.81605005e+01,2.92068102e+33,3.03416588e+39,-1.43785726e+39,3.01483141e+38,4.96909199e+47,4.79285336e+47,3.95129116e+46,4.78315998e+48,2.85430362e+52,2.85503565e+52,-7.89032731e+51,2.46051928e+52,-6.01388432e+04,8.06907925e+05,3.68344621e+06,1.03885561e+06,-4.92302051e+05,1.03223577e+05,0.00000000e+00,4.18885450e+09
2.03100000e+04,3.81735327e+01,2.92068150e+33,3.03286747e+39,-1.44529026e+39,2.73981622e+38,4.96514459e+47,4.79276108e+47,3.92911152e+46,4.80061099e+48,2.85501250e+52,2.85574591e+52,-7.86827456e+51,2.46233218e+52,-4.75507140e+04,8.04199295e+05,3.68523519e+06,1.03841089e+06,-4.94846924e+05,9.38074287e+04,0.00000000e+00,4.15576611e+09
2.03200000e+04,3.81862799e+01,2.92068196e+33,3.03138362e+39,-1.45240592e+39,2.47068420e+38,4.96123200e+47,4.79261935e+47,3.90735735e+46,4.81791270e+48,2.85569127e+52,2.85642598e+52,-7.84548775e+51,2.46415159e+52,-3.52493927e+04,8.01201913e+05,3.68685722e+06,1.03790267e+06,-4.97283147e+05,8.45927160e+04,0.00000000e+00,4.12087387e+09
2.03300000e+04,3.81987387e+01,2.92068240e+33,3.02975214e+39,-1.45921040e+39,2.20773447e+38,4.95740738e+47,4.79257278e+47,3.88637459e+46,4.83362553e+48,2.85634282e+52,2.85707859e+52,-7.82213449e+51,2.46597187e+52,-2.32384233e+04,7.97952178e+05,3.68833083e+06,1.03734392e+06,-4.99612829e+05,7.55896796e+04,0.00000000e+00,4.08502800e+09
2.03400000e+04,3.82109720e+01,2.92068279e+33,3.02794145e+39,-1.46583269e+39,1.94964490e+38,4.95373005e+47,4.79256980e+47,3.86690614e+46,4.84934251e+48,2.85697026e+52,2.85770695e+52,-7.79822875e+51,2.46779551e+52,-1.14606973e+04,7.94541954e+05,3.68968475e+06,1.03672383e+06,-5.01880141e+05,6.67530520e+04,0.00000000e+00,4.04842721e+09
2.03500000e+04,3.82230791e+01,2.92068321e+33,3.02590030e+39,-1.47231315e+39,1.69335754e+38,4.95009562e+47,4.79228478e+47,3.84839403e+46,4.86055326e+48,2.85758250e+52,2.85831972e+52,-7.77375731e+51,2.46963185e+52,1.95218640e+02,7.91009629e+05,3.69090847e+06,1.03602482e+06,-5.04098885e+05,5.79781311e+04,0.00000000e+00,4.01146142e+09
2.03600000e+04,3.82350497e+01,2.92068362e+33,3.02377574e+39,-1.47859191e+39,1.44075544e+38,4.94649017e+47,4.79211348e+47,3.82983951e+46,4.87051768e+48,2.85817707e+52,2.85891464e+52,-7.74880963e+51,2.47147416e+52,1.17153485e+04,7.87360460e+05,3.69200343e+06,1.03529726e+06,-5.06248571e+05,4.93293908e+04,0.00000000e+00,3.97366743e+09
2.03700000e+04,3.82468887e+01,2.92068400e+33,3.02138828e+39,-1.48472184e+39,1.19049689e+38,4.94291324e+47,4.79184063e+47,3.81291105e+46,4.87840959e+48,2.85875483e+52,2.85949248e+52,-7.72347200e+51,2.47331888e+52,2.30975248e+04,7.83623706e+05,3.69298533e+06,1.03447969e+06,-5.08347303e+05,4.07608933e+04,0.00000000e+00,3.93572342e+09
2.03800000e+04,3.82586191e+01,2.92068439e+33,3.01890548e+39,-1.49058131e+39,9.41846194e+37,4.93939047e+47,4.79142806e+47,3.79495023e+46,4.88325406e+48,2.85931775e+52,2.86005516e+52,-7.69780955e+51,2.47516468e+52,3.43745211e+04,7.79792879e+05,3.69383984e+06,1.03362948e+06,-5.10353433e+05,3.22474484e+04,0.00000000e+00,3.89731699e+09
2.03900000e+04,3.82702408e+01,2.92068478e+33,3.01630485e+39,-1.49620956e+39,6.94936399e+37,4.93582429e+47,4.79095261e+47,3.77802318e+46,4.88572442e+48,2.85986635e+52,2.86060324e+52,-7.67189545e+51,2.47700847e+52,4.55396442e+04,7.75865748e+05,3.69457858e+06,1.03273892e+06,-5.12280396e+05,2.37936118e+04,0.00000000e+00,3.85872860e+09
2.04000000e+04,3.82817622e+01,2.92068515e+33,3.01358120e+39,-1.50158811e+39,4.49752004e+37,4.93228821e+47,4.79045197e+47,3.76215407e+46,4.88614782e+48,2.86040155e+52,2.86113765e+52,-7.64578386e+51,2.47884845e+52,5.65962522e+04,7.71858392e+05,3.69520881e+06,1.03180625e+06,-5.14121870e+05,1.53988527e+04,0.00000000e+00,3.82017493e+09
2.04100000e+04,3.82932132e+01,2.92068552e+33,3.01073724e+39,-1.50681123e+39,2.05453507e+37,4.92889126e+47,4.78994614e+47,3.74650105e+46,4.88285590e+48,2.86092537e+52,2.86166032e+52,-7.61950448e+51,2.48068510e+52,6.75814860e+04,7.67769558e+05,3.69572284e+06,1.03083239e+06,-5.15910125e+05,7.03442756e+03,0.00000000e+00,3.78163266e+09
2.04200000e+04,3.83045776e+01,2.92068589e+33,3.00778719e+39,-1.51187004e+39,-3.82466792e+36,4.92575545e+47,4.78946530e+47,3.73034541e+46,4.87731726e+48,2.86143859e+52,2.86217216e+52,-7.59314642e+51,2.48251483e+52,7.84769869e+04,7.63601757e+05,3.69612446e+06,1.02982220e+06,-5.17642119e+05,-1.30951018e+03,0.00000000e+00,3.74312563e+09
2.04300000e+04,3.83158656e+01,2.92068626e+33,3.00475828e+39,-1.51675808e+39,-2.81282999e+37,4.92284351e+47,4.78894629e+47,3.71438722e+46,4.86907063e+48,2.86194219e+52,2.86267407e+52,-7.56674881e+51,2.48433663e+52,8.92890133e+04,7.59359502e+05,3.69641894e+06,1.02878502e+06,-5.19315650e+05,-9.63071600e+03,0.00000000e+00,3.70488157e+09
2.04400000e+04,3.83271038e+01,2.92068662e+33,3.00163278e+39,-1.52154025e+39,-5.24230909e+37,4.92014146e+47,4.78836587e+47,3.69963293e+46,4.85812046e+48,2.86243720e+52,2.86316711e+52,-7.54030559e+51,2.48615183e+52,1.00039972e+05,7.55041632e+05,3.69661100e+06,1.02771477e+06,-5.20952928e+05,-1.79488927e+04,0.00000000e+00,3.66686576e+09
2.04500000e+04,3.83383108e+01,2.92068699e+33,2.99857719e+39,-1.52627025e+39,-7.67083224e+37,4.91759441e+47,4.78773722e+47,3.68809373e+46,4.84447042e+48,2.86292546e+52,2.86365314e+52,-7.51382452e+51,2.48796192e+52,1.10741699e+05,7.50651770e+05,3.69670564e+06,1.02666845e+06,-5.22572347e+05,-2.62637944e+04,0.00000000e+00,3.62906526e+09
2.04600000e+04,3.83495146e+01,2.92068735e+33,2.99521256e+39,-1.53087473e+39,-1.01065534e+38,4.91529391e+47,4.78693220e+47,3.67562289e+46,4.82799110e+48,2.86340756e+52,2.86413271e+52,-7.48728703e+51,2.48976836e+52,1.21417920e+05,7.46183260e+05,3.69670811e+06,1.02551633e+06,-5.24148786e+05,-3.46033390e+04,0.00000000e+00,3.59144003e+09
2.04700000e+04,3.83607417e+01,2.92068771e+33,2.99177805e+39,-1.53533412e+39,-1.25527199e+38,4.91323182e+47,4.78617166e+47,3.66475368e+46,4.80871783e+48,2.86388567e+52,2.86460801e+52,-7.46067543e+51,2.49157424e+52,1.32098435e+05,7.41630363e+05,3.69661967e+06,1.02434028e+06,-5.25675549e+05,-4.29786445e+04,0.00000000e+00,3.55393213e+09
2.04800000e+04,3.83719840e+01,2.92068807e+33,2.98822751e+39,-1.53965926e+39,-1.50050636e+38,4.91127019e+47,4.78534253e+47,3.65556026e+46,4.78661269e+48,2.86436003e+52,2.86507928e+52,-7.43405166e+51,2.49337670e+52,1.42778913e+05,7.37001117e+05,3.69644104e+06,1.02312450e+06,-5.27156349e+05,-5.13750980e+04,0.00000000e+00,3.51663591e+09
2.04900000e+04,3.83832520e+01,2.92068844e+33,2.98451442e+39,-1.54390752e+39,-1.74670949e+38,4.90946242e+47,4.78439685e+47,3.64667414e+46,4.76163412e+48,2.86483150e+52,2.86554736e+52,-7.40743330e+51,2.49517570e+52,1.53473396e+05,7.32295182e+05,3.69616866e+06,1.02185306e+06,-5.28610823e+05,-5.98047182e+04,0.00000000e+00,3.47955861e+09
2.05000000e+04,3.83946533e+01,2.92068881e+33,2.98058380e+39,-1.54811526e+39,-1.99630201e+38,4.90777342e+47,4.78338603e+47,3.63809758e+46,4.73350281e+48,2.86530440e+52,2.86601657e+52,-7.38061005e+51,2.49698607e+52,1.64283585e+05,7.27464743e+05,3.69579276e+06,1.02050714e+06,-5.30051423e+05,-6.83503835e+04,0.00000000e+00,3.44234681e+09
2.05100000e+04,3.84062246e+01,2.92068920e+33,2.97639147e+39,-1.55234425e+39,-2.25066171e+38,4.90614465e+47,4.78236931e+47,3.62937889e+46,4.70216271e+48,2.86577952e+52,2.86648767e+52,-7.35354107e+51,2.49881062e+52,1.75241535e+05,7.22494100e+05,3.69530909e+06,1.01907162e+06,-5.31499295e+05,-7.70592678e+04,0.00000000e+00,3.40499179e+09
2.05200000e+04,3.84179276e+01,2.92068959e+33,2.97198279e+39,-1.55650977e+39,-2.50898510e+38,4.90467607e+47,4.78149009e+47,3.62089058e+46,4.66779374e+48,2.86625513e+52,2.86695895e+52,-7.32636315e+51,2.50064079e+52,1.86304768e+05,7.17397394e+05,3.69471485e+06,1.01756202e+06,-5.32925435e+05,-8.59038601e+04,0.00000000e+00,3.36771223e+09
2.05300000e+04,3.84296924e+01,2.92068998e+33,2.96746583e+39,-1.56054168e+39,-2.76968782e+38,4.90329305e+47,4.78076145e+47,3.61383652e+46,4.63066116e+48,2.86672856e+52,2.86742777e+52,-7.29928565e+51,2.50246349e+52,1.97404218e+05,7.12206684e+05,3.69401214e+06,1.01601534e+06,-5.34305827e+05,-9.48299148e+04,0.00000000e+00,3.33078287e+09
2.05400000e+04,3.84414937e+01,2.92069038e+33,2.96282896e+39,-1.56445076e+39,-3.03200845e+38,4.90191104e+47,4.78021857e+47,3.60723956e+46,4.59096122e+48,2.86719902e+52,2.86789336e+52,-7.27241332e+51,2.50427270e+52,2.08516518e+05,7.06938571e+05,3.69320317e+06,1.01442761e+06,-5.35644164e+05,-1.03811361e+05,0.00000000e+00,3.29434010e+09
2.05500000e+04,3.84533386e+01,2.92069078e+33,2.95802352e+39,-1.56827030e+39,-3.29580888e+38,4.90050336e+47,4.77978793e+47,3.60017339e+46,4.54879997e+48,2.86766705e+52,2.86835628e+52,-7.24577621e+51,2.50606747e+52,2.19644251e+05,7.01597631e+05,3.69228830e+06,1.01278216e+06,-5.36951843e+05,-1.12843472e+05,0.00000000e+00,3.25841810e+09
2.05600000e+04,3.84651780e+01,2.92069118e+33,2.95308628e+39,-1.57195180e+39,-3.55999999e+38,4.89906736e+47,4.77943451e+47,3.59263556e+46,4.50451382e+48,2.86813114e+52,2.86881505e+52,-7.21952876e+51,2.50783861e+52,2.30741283e+05,6.96216968e+05,3.69127184e+06,1.01109158e+06,-5.38212258e+05,-1.21888956e+05,0.00000000e+00,3.22322353e+09
2.05700000e+04,3.84770227e+01,2.92069159e+33,2.94801751e+39,-1.57554123e+39,-3.82431847e+38,4.89774438e+47,4.77919306e+47,3.58515285e+46,4.45817802e+48,2.86859253e+52,2.86927092e+52,-7.19368907e+51,2.50958647e+52,2.41818230e+05,6.90800809e+05,3.69015602e+06,1.00935598e+06,-5.39441151e+05,-1.30938799e+05,0.00000000e+00,3.18878861e+09
2.05800000e+04,3.84888655e+01,2.92069199e+33,2.94284317e+39,-1.57902560e+39,-4.08871342e+38,4.89656484e+47,4.77910422e+47,3.57846025e+46,4.40999441e+48,2.86905059e+52,2.86972327e+52,-7.16831262e+51,2.51130764e+52,2.52870038e+05,6.85357363e+05,3.68894583e+06,1.00758422e+06,-5.40634072e+05,-1.39991257e+05,0.00000000e+00,3.15521440e+09
2.05900000e+04,3.85006770e+01,2.92069239e+33,2.93759070e+39,-1.58239857e+39,-4.35300548e+38,4.89544088e+47,4.77912794e+47,3.57158998e+46,4.36031923e+48,2.86950467e+52,2.87017150e+52,-7.14349670e+51,2.51299666e+52,2.63870353e+05,6.79906774e+05,3.68764314e+06,1.00578572e+06,-5.41788851e+05,-1.49040190e+05,0.00000000e+00,3.12251924e+09
2.06000000e+04,3.85124250e+01,2.92069278e+33,2.93231803e+39,-1.58567981e+39,-4.61622751e+38,4.89436407e+47,4.77922337e+47,3.56454942e+46,4.30954505e+48,2.86995374e+52,2.87061461e+52,-7.11933669e+51,2.51464778e+52,2.74788565e+05,6.74470704e+05,3.68625334e+06,1.00398030e+06,-5.42912223e+05,-1.58052485e+05,0.00000000e+00,3.09097255e+09
2.06100000e+04,3.85241446e+01,2.92069317e+33,2.92700724e+39,-1.58883363e+39,-4.87912615e+38,4.89333197e+47,4.77934082e+47,3.55806141e+46,4.25771297e+48,2.87039943e+52,2.87105425e+52,-7.09578573e+51,2.51626496e+52,2.85660151e+05,6.69037662e+05,3.68477539e+06,1.00216184e+06,-5.43991970e+05,-1.67053705e+05,0.00000000e+00,3.06044089e+09
2.06200000e+04,3.85358944e+01,2.92069357e+33,2.92164299e+39,-1.59191902e+39,-5.14287513e+38,4.89241706e+47,4.77942808e+47,3.55218621e+46,4.20471072e+48,2.87084506e+52,2.87149372e+52,-7.07275538e+51,2.51785595e+52,2.96540643e+05,6.63582417e+05,3.68320088e+06,1.00032507e+06,-5.45048285e+05,-1.76084037e+05,0.00000000e+00,3.03073959e+09
2.06300000e+04,3.85478037e+01,2.92069397e+33,2.91614882e+39,-1.59503554e+39,-5.40995554e+38,4.89155364e+47,4.77947680e+47,3.54611765e+46,4.15007441e+48,2.87129500e+52,2.87193734e+52,-7.05003342e+51,2.51943567e+52,3.07549200e+05,6.58041523e+05,3.68150584e+06,9.98443811e+05,-5.46115257e+05,-1.85228428e+05,0.00000000e+00,3.00154693e+09
2.06400000e+04,3.85601477e+01,2.92069441e+33,2.91034862e+39,-1.59827616e+39,-5.68646358e+38,4.89066415e+47,4.77942003e+47,3.54029440e+46,4.09267428e+48,2.87176031e+52,2.87239606e+52,-7.02716959e+51,2.52103758e+52,3.18938962e+05,6.52279994e+05,3.67964027e+06,9.96457764e+05,-5.47224712e+05,-1.94695603e+05,0.00000000e+00,2.97223502e+09
2.06500000e+04,3.85732422e+01,2.92069489e+33,2.90410507e+39,-1.60169836e+39,-5.97995702e+38,4.88974237e+47,4.77929004e+47,3.53322112e+46,4.03124071e+48,2.87225297e+52,2.87288175e+52,-7.00370588e+51,2.52269646e+52,3.30999294e+05,6.46134231e+05,3.67753548e+06,9.94319908e+05,-5.48396330e+05,-2.04744324e+05,0.00000000e+00,2.94219293e+09
2.06600000e+04,3.85872901e+01,2.92069544e+33,2.89732745e+39,-1.60531583e+39,-6.29529575e+38,4.88885732e+47,4.77915701e+47,3.52503006e+46,3.96504821e+48,2.87278040e+52,2.87340173e+52,-6.97946348e+51,2.52442856e+52,3.43913568e+05,6.39490135e+05,3.67512811e+06,9.91999169e+05,-5.49634791e+05,-2.15540986e+05,0.00000000e+00,2.91120557e+09
2.06700000e+04,3.86025285e+01,2.92069609e+33,2.88984221e+39,-1.60907465e+39,-6.63741004e+38,4.88791634e+47,4.77904195e+47,3.51656301e+46,3.89342881e+48,2.87335174e+52,2.87396508e+52,-6.95428227e+51,2.52625096e+52,3.57898092e+05,6.32213841e+05,3.67233961e+06,9.89436123e+05,-5.50921631e+05,-2.27254389e+05,0.00000000e+00,2.87906006e+09
2.06800000e+04,3.86192417e+01,2.92069685e+33,2.88143110e+39,-1.61308221e+39,-7.01222706e+38,4.88679803e+47,4.77873460e+47,3.50662641e+46,3.81569853e+48,2.87397819e+52,2.87458295e+52,-6.92803270e+51,2.52818131e+52,3.73211193e+05,6.24148405e+05,3.66906248e+06,9.86556031e+05,-5.52293611e+05,-2.40087466e+05,0.00000000e+00,2.84560612e+09
2.06900000e+04,3.86380317e+01,2.92069781e+33,2.87173090e+39,-1.61745959e+39,-7.43265690e+38,4.88551096e+47,4.77798252e+47,3.49636355e+46,3.72999442e+48,2.87468319e+52,2.87527862e+52,-6.90027635e+51,2.53026480e+52,3.90400258e+05,6.14980802e+05,3.66509842e+06,9.83234516e+05,-5.53792175e+05,-2.54482229e+05,0.00000000e+00,2.81017711e+09
2.07000000e+04,3.86596959e+01,2.92069901e+33,2.86050951e+39,-1.62228916e+39,-7.91656064e+38,4.88413820e+47,4.77686649e+47,3.48703575e+46,3.63448794e+48,2.87549870e+52,2.87608382e+52,-6.87063061e+51,2.53255229e+52,4.10177707e+05,6.04310203e+05,3.66017435e+06,9.79392089e+05,-5.55445514e+05,-2.71050204e+05,0.00000000e+00,2.77270262e+09
2.07100000e+04,3.86855046e+01,2.92070078e+33,2.84684545e+39,-1.62786093e+39,-8.49157084e+38,4.88255520e+47,4.77535322e+47,3.47563193e+46,3.52598903e+48,2.87647542e+52,2.87704930e+52,-6.83870186e+51,2.53511421e+52,4.33755797e+05,5.91396965e+05,3.65373976e+06,9.74713147e+05,-5.57352859e+05,-2.90737445e+05,0.00000000e+00,2.73173508e+09
2.07200000e+04,3.87158650e+01,2.92070319e+33,2.83066898e+39,-1.63417528e+39,-9.16679281e+38,4.88090305e+47,4.77356876e+47,3.46621153e+46,3.40953717e+48,2.87763053e+52,2.87819272e+52,-6.80586037e+51,2.53789970e+52,4.61469988e+05,5.75960730e+05,3.64542059e+06,9.69173790e+05,-5.59514326e+05,-3.13855678e+05,0.00000000e+00,2.68997608e+09
2.07300000e+04,3.87495384e+01,2.92070614e+33,2.81253107e+39,-1.64106593e+39,-9.91249604e+38,4.87952114e+47,4.77125100e+47,3.45626729e+46,3.29713625e+48,2.87892422e+52,2.87947546e+52,-6.77553842e+51,2.54069854e+52,4.92145442e+05,5.58751505e+05,3.63530103e+06,9.62962698e+05,-5.61873002e+05,-3.39386969e+05,0.00000000e+00,2.65189864e+09
2.07400000e+04,3.87866054e+01,2.92070970e+33,2.79230392e+39,-1.64843658e+39,-1.07303847e+39,4.87800336e+47,4.76844013e+47,3.44600051e+46,3.19634864e+48,2.88036838e+52,2.88091025e+52,-6.74979346e+51,2.54342057e+52,5.25858890e+05,5.39725447e+05,3.62308847e+06,9.56036104e+05,-5.64395901e+05,-3.67389635e+05,0.00000000e+00,2.61993200e+09
2.07500000e+04,3.88216877e+01,2.92071289e+33,2.77328975e+39,-1.65545015e+39,-1.15016476e+39,4.87785757e+47,4.76586332e+47,3.43080899e+46,3.12804857e+48,2.88175281e+52,2.88228820e+52,-6.73287466e+51,2.54564447e+52,5.57648397e+05,5.21789858e+05,3.61062688e+06,9.49524945e+05,-5.66796605e+05,-3.93795899e+05,0.00000000e+00,2.60048288e+09
2.07600000e+04,3.88508657e+01,2.92071513e+33,2.75751023e+39,-1.66134262e+39,-1.21394337e+39,4.87859546e+47,4.76417329e+47,3.41287658e+46,3.09184087e+48,2.88293008e+52,2.88346150e+52,-6.72446530e+51,2.54723823e+52,5.84073598e+05,5.07164711e+05,3.59969704e+06,9.44121596e+05,-5.68813647e+05,-4.15632240e+05,0.00000000e+00,2.59203739e+09
2.07700000e+04,3.88783788e+01,2.92071712e+33,2.74279220e+39,-1.66715254e+39,-1.27382549e+39,4.87961402e+47,4.76283931e+47,3.39287945e+46,3.07226114e+48,2.88406997e+52,2.88459896e+52,-6.72139118e+51,2.54852941e+52,6.09179828e+05,4.93618685e+05,3.58884465e+06,9.39081771e+05,-5.70802469e+05,-4.36134496e+05,0.00000000e+00,2.58900358e+09
2.07800000e+04,3.89099333e+01,2.92071959e+33,2.72596098e+39,-1.67389613e+39,-1.34206267e+39,4.88123738e+47,4.76133384e+47,3.37238315e+46,3.06728235e+48,2.88540978e+52,2.88593796e+52,-6.72359361e+51,2.54975827e+52,6.38077562e+05,4.77999230e+05,3.57563687e+06,9.33318278e+05,-5.73110866e+05,-4.59497266e+05,0.00000000e+00,2.59092061e+09
2.07900000e+04,3.89386726e+01,2.92072176e+33,2.71044186e+39,-1.67990950e+39,-1.40386410e+39,4.88347110e+47,4.76025400e+47,3.35358550e+46,3.08340299e+48,2.88665788e+52,2.88718720e+52,-6.73076526e+51,2.55064894e+52,6.64471165e+05,4.63791450e+05,3.56299821e+06,9.28004133e+05,-5.75169305e+05,-4.80656571e+05,0.00000000e+00,2.59809265e+09
2.08000000e+04,3.89620474e+01,2.92072307e+33,2.69786725e+39,-1.68490654e+39,-1.45398891e+39,4.88568904e+47,4.75996818e+47,3.33685245e+46,3.11282590e+48,2.88770021e+52,2.88823147e+52,-6.74024734e+51,2.55121910e+52,6.86477556e+05,4.52633566e+05,3.55247523e+06,9.23698410e+05,-5.76879938e+05,-4.97818135e+05,0.00000000e+00,2.60931626e+09
2.08100000e+04,3.89808460e+01,2.92072402e+33,2.68787795e+39,-1.68900166e+39,-1.49428470e+39,4.88758627e+47,4.76029018e+47,3.32180130e+46,3.14372802e+48,2.88856149e+52,2.88909497e+52,-6.75038487e+51,2.55157573e+52,7.04970818e+05,4.44003454e+05,3.54380075e+06,9.20277963e+05,-5.78281839e+05,-5.11614480e+05,0.00000000e+00,2.62133818e+09
2.08200000e+04,3.89990000e+01,2.92072492e+33,2.67822471e+39,-1.69297301e+39,-1.53316412e+39,4.88941100e+47,4.76104174e+47,3.30605040e+46,3.17854078e+48,2.88941112e+52,2.88994723e+52,-6.76233109e+51,2.55183067e+52,7.23477908e+05,4.35842722e+05,3.53522468e+06,9.16972597e+05,-5.79641375e+05,-5.24925888e+05,0.00000000e+00,2.63606175e+09
2.08300000e+04,3.90159334e+01,2.92072570e+33,2.66916140e+39,-1.69677647e+39,-1.56921496e+39,4.89132898e+47,4.76194165e+47,3.29010303e+46,3.21606583e+48,2.89022001e+52,2.89075900e+52,-6.77536692e+51,2.55199066e+52,7.41160271e+05,4.28330807e+05,3.52706031e+06,9.13869249e+05,-5.80943453e+05,-5.37268858e+05,0.00000000e+00,2.65188736e+09
2.08400000e+04,3.90310448e+01,2.92072633e+33,2.66109304e+39,-1.70020158e+39,-1.60126956e+39,4.89300344e+47,4.76289354e+47,3.27469318e+46,3.25412425e+48,2.89095566e+52,2.89149762e+52,-6.78853005e+51,2.55207112e+52,7.57270444e+05,4.21763619e+05,3.51965683e+06,9.11106601e+05,-5.82116019e+05,-5.48243616e+05,0.00000000e+00,2.66821340e+09
2.08500000e+04,3.90457465e+01,2.92072693e+33,2.65321672e+39,-1.70348605e+39,-1.63228403e+39,4.89445560e+47,4.76400170e+47,3.25650376e+46,3.29410608e+48,2.89168418e+52,2.89222932e+52,-6.80272410e+51,2.55209311e+52,7.73178894e+05,4.15514142e+05,3.51233189e+06,9.08409716e+05,-5.83240437e+05,-5.58862253e+05,0.00000000e+00,2.68508014e+09
2.08600000e+04,3.90611469e+01,2.92072759e+33,2.64508936e+39,-1.70699622e+39,-1.66462480e+39,4.89588969e+47,4.76529082e+47,3.23756633e+46,3.33844073e+48,2.89246055e+52,2.89300928e+52,-6.81905085e+51,2.55205674e+52,7.89924349e+05,4.09059529e+05,3.50451061e+06,9.05626862e+05,-5.84442120e+05,-5.69934975e+05,0.00000000e+00,2.70438277e+09
2.08700000e+04,3.90776653e+01,2.92072833e+33,2.63640438e+39,-1.71091633e+39,-1.69897610e+39,4.89741526e+47,4.76677765e+47,3.21673742e+46,3.38913841e+48,2.89330765e+52,2.89386061e+52,-6.83818402e+51,2.55195141e+52,8.07781052e+05,4.02129321e+05,3.49594032e+06,9.02653063e+05,-5.85784137e+05,-5.81696037e+05,0.00000000e+00,2.72689796e+09
2.08800000e+04,3.90950237e+01,2.92072916e+33,2.62729583e+39,-1.71526160e+39,-1.73482980e+39,4.89907196e+47,4.76828713e+47,3.19583128e+46,3.44683394e+48,2.89421382e+52,2.89477169e+52,-6.86004045e+51,2.55176967e+52,8.26358037e+05,3.94759524e+05,3.48673860e+06,8.99534221e+05,-5.87271708e+05,-5.93971475e+05,0.00000000e+00,2.75232819e+09
2.08900000e+04,3.91129025e+01,2.92072999e+33,2.61783924e+39,-1.71993239e+39,-1.77154906e+39,4.90080608e+47,4.77011702e+47,3.17182887e+46,3.51218165e+48,2.89516496e+52,2.89572850e+52,-6.88436834e+51,2.55151009e+52,8.45408339e+05,3.87096612e+05,3.47708019e+06,8.96296218e+05,-5.88870727e+05,-6.06543250e+05,0.00000000e+00,2.78066525e+09
2.09000000e+04,3.91312090e+01,2.92073089e+33,2.60829945e+39,-1.72501695e+39,-1.80881019e+39,4.90287913e+47,4.77184466e+47,3.14655532e+46,3.58134863e+48,2.89615891e+52,2.89672856e+52,-6.91117062e+51,2.55117003e+52,8.64923760e+05,3.79210887e+05,3.46696649e+06,8.93029706e+05,-5.90611397e+05,-6.19300531e+05,0.00000000e+00,2.81234939e+09
2.09100000e+04,3.91503829e+01,2.92073184e+33,2.59855514e+39,-1.73057254e+39,-1.84738690e+39,4.90513294e+47,4.77363000e+47,3.11702904e+46,3.65749221e+48,2.89722233e+52,2.89779879e+52,-6.94124047e+51,2.55073677e+52,8.85397313e+05,3.70929150e+05,3.45616176e+06,8.89693158e+05,-5.92513327e+05,-6.32508222e+05,0.00000000e+00,2.84918146e+09
2.09200000e+04,3.91709497e+01,2.92073298e+33,2.58806234e+39,-1.73685451e+39,-1.88837578e+39,4.90795453e+47,4.77582506e+47,3.08859359e+46,3.73989520e+48,2.89838911e+52,2.89897311e+52,-6.97569675e+51,2.55018828e+52,9.07134928e+05,3.61891836e+05,3.44426467e+06,8.86100290e+05,-5.94663915e+05,-6.46541740e+05,0.00000000e+00,2.89009440e+09
2.09300000e+04,3.91909759e+01,2.92073401e+33,2.57761172e+39,-1.74320603e+39,-1.92785681e+39,4.91071377e+47,4.77810319e+47,3.06024423e+46,3.82518077e+48,2.89955147e+52,2.90014326e+52,-7.01131706e+51,2.54957741e+52,9.28356869e+05,3.53024878e+05,3.43249310e+06,8.82521896e+05,-5.96838338e+05,-6.60059013e+05,0.00000000e+00,2.93408400e+09
2.09400000e+04,3.92094166e+01,2.92073493e+33,2.56777662e+39,-1.74927888e+39,-1.96390548e+39,4.91310976e+47,4.77996352e+47,3.03277745e+46,3.90515485e+48,2.90064623e+52,2.90124534e+52,-7.04588972e+51,2.54895085e+52,9.48103488e+05,3.44912793e+05,3.42147017e+06,8.79154280e+05,-5.98917367e+05,-6.72401133e+05,0.00000000e+00,2.97691004e+09
2.09500000e+04,3.92266473e+01,2.92073574e+33,2.55845544e+39,-1.75503083e+39,-1.99734878e+39,4.91557110e+47,4.78180359e+47,3.00549754e+46,3.98024543e+48,2.90169217e+52,2.90229811e+52,-7.07970334e+51,2.54831295e+52,9.66794724e+05,3.37460497e+05,3.41103179e+06,8.75962655e+05,-6.00886551e+05,-6.83851248e+05,0.00000000e+00,3.01992143e+09
2.09600000e+04,3.92431204e+01,2.92073645e+33,2.54942237e+39,-1.76061213e+39,-2.02888435e+39,4.91809480e+47,4.78357170e+47,2.97758012e+46,4.05198445e+48,2.90271156e+52,2.90332400e+52,-7.11336657e+51,2.54765568e+52,9.84914920e+05,3.30512022e+05,3.40094574e+06,8.72869706e+05,-6.02797328e+05,-6.94648211e+05,0.00000000e+00,3.06369855e+09
2.09700000e+04,3.92591467e+01,2.92073716e+33,2.54053776e+39,-1.76613263e+39,-2.05933859e+39,4.92062348e+47,4.78537344e+47,2.94763913e+46,4.11923969e+48,2.90372177e+52,2.90434035e+52,-7.14733292e+51,2.54697370e+52,1.00260151e+06,3.23859898e+05,3.39099051e+06,8.69827589e+05,-6.04687289e+05,-7.05074945e+05,0.00000000e+00,3.10726971e+09
2.09800000e+04,3.92748468e+01,2.92073784e+33,2.53175890e+39,-1.77181141e+39,-2.08903186e+39,4.92314088e+47,4.78744894e+47,2.91726361e+46,4.18372989e+48,2.90472916e+52,2.90535365e+52,-7.18169796e+51,2.54626875e+52,1.01997745e+06,3.17383531e+05,3.38112096e+06,8.66821686e+05,-6.06631443e+05,-7.15241141e+05,0.00000000e+00,3.15222428e+09
2.09900000e+04,3.92902360e+01,2.92073849e+33,2.52302752e+39,-1.77756443e+39,-2.11788719e+39,4.92565677e+47,4.78980218e+47,2.88710516e+46,4.24547116e+48,2.90573283e+52,2.90636300e+52,-7.21635799e+51,2.54554510e+52,1.03706252e+06,3.11043442e+05,3.37133345e+06,8.63832049e+05,-6.08601023e+05,-7.25120445e+05,0.00000000e+00,3.19781973e+09
2.10000000e+04,3.93052711e+01,2.92073909e+33,2.51440051e+39,-1.78329626e+39,-2.14575843e+39,4.92818799e+47,4.79206582e+47,2.85538235e+46,4.30460577e+48,2.90672987e+52,2.90736549e+52,-7.25109514e+51,2.54481074e+52,1.05391146e+06,3.04923822e+05,3.36168887e+06,8.60878165e+05,-6.10563357e+05,-7.34662824e+05,0.00000000e+00,3.24416275e+09
2.10100000e+04,3.93199155e+01,2.92073968e+33,2.50580463e+39,-1.78903008e+39,-2.17274620e+39,4.93051272e+47,4.79438180e+47,2.82295844e+46,4.35940767e+48,2.90771724e+52,2.90835796e+52,-7.28569293e+51,2.54407331e+52,1.07032853e+06,2.98962887e+05,3.35218480e+06,8.57934941e+05,-6.12526370e+05,-7.43902723e+05,0.00000000e+00,3.29032238e+09
2.10200000e+04,3.93341100e+01,2.92074025e+33,2.49733020e+39,-1.79477893e+39,-2.19885362e+39,4.93247867e+47,4.79668630e+47,2.79132218e+46,4.41047040e+48,2.90869102e+52,2.90933651e+52,-7.31987890e+51,2.54334257e+52,1.08631495e+06,2.93197891e+05,3.34289404e+06,8.55033311e+05,-6.14494540e+05,-7.52841211e+05,0.00000000e+00,3.33681109e+09
2.10300000e+04,3.93479659e+01,2.92074078e+33,2.48904712e+39,-1.80050552e+39,-2.22410601e+39,4.93426575e+47,4.79910889e+47,2.75876542e+46,4.45797651e+48,2.90965635e+52,2.91030630e+52,-7.35380316e+51,2.54261614e+52,1.10199550e+06,2.87584932e+05,3.33374656e+06,8.52197202e+05,-6.16455088e+05,-7.61486958e+05,0.00000000e+00,3.38333193e+09
2.10400000e+04,3.93616030e+01,2.92074130e+33,2.48079029e+39,-1.80617218e+39,-2.24888772e+39,4.93614624e+47,4.80146104e+47,2.72782841e+46,4.50218545e+48,2.91061956e+52,2.91127369e+52,-7.38765949e+51,2.54189072e+52,1.11749658e+06,2.82065774e+05,3.32466629e+06,8.49370084e+05,-6.18395123e+05,-7.69971554e+05,0.00000000e+00,3.43014313e+09
2.10500000e+04,3.93749392e+01,2.92074180e+33,2.47270514e+39,-1.81184209e+39,-2.27300992e+39,4.93797574e+47,4.80392383e+47,2.69881096e+46,4.54297120e+48,2.91157331e+52,2.91223133e+52,-7.42114824e+51,2.54117392e+52,1.13272764e+06,2.76668704e+05,3.31571999e+06,8.46601756e+05,-6.20336275e+05,-7.78230352e+05,0.00000000e+00,3.47694318e+09
2.10600000e+04,3.93878905e+01,2.92074228e+33,2.46478463e+39,-1.81729290e+39,-2.29641123e+39,4.93976223e+47,4.80649266e+47,2.66879787e+46,4.58025062e+48,2.91251152e+52,2.91317310e+52,-7.45396157e+51,2.54047503e+52,1.14759078e+06,2.71431072e+05,3.30697352e+06,8.43889804e+05,-6.22202414e+05,-7.86242336e+05,0.00000000e+00,3.52331916e+09
2.10700000e+04,3.94004026e+01,2.92074272e+33,2.45717849e+39,-1.82258211e+39,-2.31902761e+39,4.94149054e+47,4.80903310e+47,2.63866577e+46,4.61400848e+48,2.91342801e+52,2.91409284e+52,-7.48586835e+51,2.53979943e+52,1.16202317e+06,2.66378265e+05,3.29847440e+06,8.41285495e+05,-6.24013234e+05,-7.93985583e+05,0.00000000e+00,3.56893257e+09
2.10800000e+04,3.94124133e+01,2.92074313e+33,2.44977984e+39,-1.82771666e+39,-2.34071750e+39,4.94325709e+47,4.81162020e+47,2.60901504e+46,4.64430223e+48,2.91431683e+52,2.91498461e+52,-7.51662410e+51,2.53915340e+52,1.17595482e+06,2.61542714e+05,3.29027261e+06,8.38752238e+05,-6.25771107e+05,-8.01411626e+05,0.00000000e+00,3.61342410e+09
2.10900000e+04,3.94238875e+01,2.92074351e+33,2.44280203e+39,-1.83262718e+39,-2.36135080e+39,4.94493853e+47,4.81426844e+47,2.58094999e+46,4.67128773e+48,2.91518208e+52,2.91585248e+52,-7.54606493e+51,2.53854924e+52,1.18934551e+06,2.56944367e+05,3.28239869e+06,8.36363079e+05,-6.27452282e+05,-8.08475922e+05,0.00000000e+00,3.65650116e+09
2.11000000e+04,3.94348786e+01,2.92074386e+33,2.43595812e+39,-1.83736224e+39,-2.38104425e+39,4.94659291e+47,4.81688845e+47,2.55324365e+46,4.69532771e+48,2.91601064e+52,2.91668341e+52,-7.57426700e+51,2.53797006e+52,1.20224825e+06,2.52560423e+05,3.27482042e+06,8.34019770e+05,-6.29073392e+05,-8.15218441e+05,0.00000000e+00,3.69814763e+09
2.11100000e+04,3.94454758e+01,2.92074418e+33,2.42936792e+39,-1.84204967e+39,-2.40003377e+39,4.94820328e+47,4.81949325e+47,2.52627178e+46,4.71641106e+48,2.91681605e+52,2.91749089e+52,-7.60141054e+51,2.53742037e+52,1.21475409e+06,2.48344623e+05,3.26747913e+06,8.31763333e+05,-6.30678195e+05,-8.21719951e+05,0.00000000e+00,3.73849182e+09
2.11200000e+04,3.94557514e+01,2.92074449e+33,2.42292534e+39,-1.84661744e+39,-2.41852148e+39,4.94981139e+47,4.82206875e+47,2.50065201e+46,4.73519412e+48,2.91760501e+52,2.91828173e+52,-7.62763958e+51,2.53689975e+52,1.22693393e+06,2.44255274e+05,3.26032762e+06,8.29557447e+05,-6.32242036e+05,-8.28049659e+05,0.00000000e+00,3.77766639e+09
2.11300000e+04,3.94657255e+01,2.92074478e+33,2.41648689e+39,-1.85113897e+39,-2.43645534e+39,4.95128029e+47,4.82470125e+47,2.47459840e+46,4.75180409e+48,2.91837758e+52,2.91905596e+52,-7.65297219e+51,2.53640735e+52,1.23880324e+06,2.40275531e+05,3.25335657e+06,8.27352976e+05,-6.33790045e+05,-8.34189743e+05,0.00000000e+00,3.81567046e+09
2.11400000e+04,3.94754390e+01,2.92074506e+33,2.41028627e+39,-1.85544072e+39,-2.45386481e+39,4.95271237e+47,4.82733424e+47,2.44972362e+46,4.76645381e+48,2.91913573e+52,2.91981560e+52,-7.67748398e+51,2.53594140e+52,1.25040196e+06,2.36378900e+05,3.24654087e+06,8.25229939e+05,-6.35262811e+05,-8.40150290e+05,0.00000000e+00,3.85256559e+09
2.11500000e+04,3.94849253e+01,2.92074532e+33,2.40414248e+39,-1.85968699e+39,-2.47074796e+39,4.95405252e+47,4.82999717e+47,2.42575601e+46,4.77933769e+48,2.91988065e+52,2.92056184e+52,-7.70123527e+51,2.53550008e+52,1.26176354e+06,2.32546131e+05,3.23985942e+06,8.23126365e+05,-6.36716585e+05,-8.45930641e+05,0.00000000e+00,3.88839067e+09
2.11600000e+04,3.94942165e+01,2.92074557e+33,2.39813596e+39,-1.86389044e+39,-2.48730244e+39,4.95529736e+47,4.83268433e+47,2.40202996e+46,4.79098480e+48,2.92061425e+52,2.92129665e+52,-7.72428761e+51,2.53508227e+52,1.27296076e+06,2.28778248e+05,3.23330843e+06,8.21069791e+05,-6.38155702e+05,-8.51598464e+05,0.00000000e+00,3.92368409e+09
2.11700000e+04,3.95033247e+01,2.92074582e+33,2.39221289e+39,-1.86795342e+39,-2.50352824e+39,4.95645660e+47,4.83534724e+47,2.37855719e+46,4.80065146e+48,2.92133752e+52,2.92202095e+52,-7.74665016e+51,2.53468845e+52,1.28392978e+06,2.25037880e+05,3.22685485e+06,8.19041795e+05,-6.39546724e+05,-8.57153754e+05,0.00000000e+00,3.95767977e+09
2.11800000e+04,3.95122904e+01,2.92074606e+33,2.38637930e+39,-1.87198185e+39,-2.51941595e+39,4.95753873e+47,4.83797618e+47,2.35562520e+46,4.80902424e+48,2.92205371e+52,2.92273805e+52,-7.76840043e+51,2.53431803e+52,1.29475341e+06,2.21310618e+05,3.22048360e+06,8.17044430e+05,-6.40925920e+05,-8.62593290e+05,0.00000000e+00,3.99111758e+09
2.11900000e+04,3.95211480e+01,2.92074629e+33,2.38050864e+39,-1.87590360e+39,-2.53510541e+39,4.95856363e+47,4.84057097e+47,2.33117130e+46,4.81621737e+48,2.92276705e+52,2.92345219e+52,-7.78959853e+51,2.53397227e+52,1.30546856e+06,2.17575328e+05,3.21416980e+06,8.15034379e+05,-6.42268589e+05,-8.67964952e+05,0.00000000e+00,4.02405499e+09
2.12000000e+04,3.95299086e+01,2.92074652e+33,2.37464752e+39,-1.87984713e+39,-2.55055469e+39,4.95949380e+47,4.84315241e+47,2.30748748e+46,4.82232505e+48,2.92347622e+52,2.92416205e+52,-7.81024776e+51,2.53364967e+52,1.31608704e+06,2.13821722e+05,3.20790593e+06,8.13027596e+05,-6.43618719e+05,-8.73254379e+05,0.00000000e+00,4.05637966e+09
2.12100000e+04,3.95385876e+01,2.92074675e+33,2.36882557e+39,-1.88387563e+39,-2.56580423e+39,4.96044314e+47,4.84577462e+47,2.28393134e+46,4.82741632e+48,2.92418290e+52,2.92486935e+52,-7.83035987e+51,2.53335135e+52,1.32662389e+06,2.10042223e+05,3.20168136e+06,8.11034225e+05,-6.44997939e+05,-8.78475422e+05,0.00000000e+00,4.08804996e+09
2.12200000e+04,3.95472232e+01,2.92074696e+33,2.36299276e+39,-1.88789822e+39,-2.58093637e+39,4.96140474e+47,4.84847828e+47,2.26139955e+46,4.83213063e+48,2.92488813e+52,2.92557515e+52,-7.84999687e+51,2.53307530e+52,1.33715032e+06,2.06226935e+05,3.19548073e+06,8.09037138e+05,-6.46375139e+05,-8.83656271e+05,0.00000000e+00,4.11931088e+09
2.12300000e+04,3.95558534e+01,2.92074718e+33,2.35713513e+39,-1.89188340e+39,-2.59605358e+39,4.96235066e+47,4.85125302e+47,2.23931638e+46,4.83555118e+48,2.92559482e+52,2.92628229e+52,-7.86921998e+51,2.53282129e+52,1.34768772e+06,2.02362467e+05,3.18926773e+06,8.07031555e+05,-6.47739529e+05,-8.88832008e+05,0.00000000e+00,4.15018320e+09
2.12400000e+04,3.95644539e+01,2.92074739e+33,2.35122347e+39,-1.89590257e+39,-2.61106805e+39,4.96316277e+47,4.85403071e+47,2.21756938e+46,4.83815087e+48,2.92630160e+52,2.92698945e+52,-7.88794436e+51,2.53259223e+52,1.35819601e+06,1.98460158e+05,3.18305562e+06,8.05007470e+05,-6.49115558e+05,-8.93972571e+05,0.00000000e+00,4.18009557e+09
2.12500000e+04,3.95729812e+01,2.92074761e+33,2.34526125e+39,-1.89995445e+39,-2.62595036e+39,4.96394284e+47,4.85677894e+47,2.19722077e+46,4.83980544e+48,2.92700450e+52,2.92769266e+52,-7.90604819e+51,2.53239025e+52,1.36858877e+06,1.94522491e+05,3.17686335e+06,8.02966079e+05,-6.50502784e+05,-8.99067881e+05,0.00000000e+00,4.20869021e+09
2.12600000e+04,3.95813896e+01,2.92074782e+33,2.33928723e+39,-1.90406093e+39,-2.64059663e+39,4.96469262e+47,4.85965861e+47,2.17807378e+46,4.84106273e+48,2.92769919e+52,2.92838762e+52,-7.92341822e+51,2.53221671e+52,1.37884707e+06,1.90577931e+05,3.17074102e+06,8.00920645e+05,-6.51908706e+05,-9.04082375e+05,0.00000000e+00,4.23642828e+09
2.12700000e+04,3.95896460e+01,2.92074803e+33,2.33345479e+39,-1.90801721e+39,-2.65489265e+39,4.96539464e+47,4.86255313e+47,2.15996294e+46,4.84194600e+48,2.92838192e+52,2.92907060e+52,-7.93998363e+51,2.53207142e+52,1.38893004e+06,1.86647048e+05,3.16471409e+06,7.98923688e+05,-6.53263202e+05,-9.08976957e+05,0.00000000e+00,4.26311746e+09
2.12800000e+04,3.95977529e+01,2.92074823e+33,2.32761645e+39,-1.91183849e+39,-2.66890478e+39,4.96606592e+47,4.86532592e+47,2.14327069e+46,4.84250500e+48,2.92905262e+52,2.92974151e+52,-7.95575346e+51,2.53195384e+52,1.39883945e+06,1.82732388e+05,3.15878114e+06,7.96924715e+05,-6.54571481e+05,-9.13774338e+05,0.00000000e+00,4.28866755e+09
2.12900000e+04,3.96057223e+01,2.92074842e+33,2.32191153e+39,-1.91558831e+39,-2.68269180e+39,4.96668601e+47,4.86801924e+47,2.12701201e+46,4.84278552e+48,2.92971216e+52,2.93040123e+52,-7.97075755e+51,2.53186336e+52,1.40858966e+06,1.78833378e+05,3.15293461e+06,7.94971423e+05,-6.55855293e+05,-9.18494650e+05,0.00000000e+00,4.31307623e+09
2.13000000e+04,3.96135672e+01,2.92074861e+33,2.31627611e+39,-1.91932084e+39,-2.69622280e+39,4.96728629e+47,4.87074531e+47,2.11062642e+46,4.84283450e+48,2.93036128e+52,2.93105052e+52,-7.98502721e+51,2.53179916e+52,1.41819516e+06,1.74947973e+05,3.14716526e+06,7.93041929e+05,-6.57133186e+05,-9.23127307e+05,0.00000000e+00,4.33635540e+09
2.13100000e+04,3.96212913e+01,2.92074879e+33,2.31067829e+39,-1.92301461e+39,-2.70956544e+39,4.96795243e+47,4.87346584e+47,2.09570089e+46,4.84273563e+48,2.93100031e+52,2.93168970e+52,-7.99857602e+51,2.53176090e+52,1.42765790e+06,1.71077365e+05,3.14147121e+06,7.91125310e+05,-6.58397811e+05,-9.27695477e+05,0.00000000e+00,4.35851252e+09
2.13200000e+04,3.96288843e+01,2.92074897e+33,2.30517545e+39,-1.92665887e+39,-2.72270823e+39,4.96861542e+47,4.87612709e+47,2.08162637e+46,4.84257228e+48,2.93162814e+52,2.93231767e+52,-8.01139610e+51,2.53174787e+52,1.43696408e+06,1.67227203e+05,3.13586113e+06,7.89241211e+05,-6.59645485e+05,-9.32195222e+05,0.00000000e+00,4.37953716e+09
2.13300000e+04,3.96363358e+01,2.92074914e+33,2.29965574e+39,-1.93037072e+39,-2.73554081e+39,4.96921783e+47,4.87872287e+47,2.06635992e+46,4.84238800e+48,2.93224581e+52,2.93293548e+52,-8.02348335e+51,2.53176131e+52,1.44610183e+06,1.63403801e+05,3.13034327e+06,7.87351338e+05,-6.60916300e+05,-9.36588758e+05,0.00000000e+00,4.39944252e+09
2.13400000e+04,3.96436691e+01,2.92074931e+33,2.29426579e+39,-1.93395045e+39,-2.74817251e+39,4.96976741e+47,4.88126403e+47,2.05224832e+46,4.84217196e+48,2.93285213e+52,2.93354192e+52,-8.03488966e+51,2.53179744e+52,1.45509857e+06,1.59598333e+05,3.12490161e+06,7.85505891e+05,-6.62141885e+05,-9.40913518e+05,0.00000000e+00,4.41830847e+09
2.13500000e+04,3.96509372e+01,2.92074947e+33,2.28885487e+39,-1.93746414e+39,-2.76063617e+39,4.97026986e+47,4.88382681e+47,2.03801630e+46,4.84219126e+48,2.93345229e+52,2.93414223e+52,-8.04570601e+51,2.53185693e+52,1.46404071e+06,1.55789777e+05,3.11950806e+06,7.83653271e+05,-6.63344857e+05,-9.45180751e+05,0.00000000e+00,4.43651113e+09
2.13600000e+04,3.96581888e+01,2.92074963e+33,2.28341581e+39,-1.94095985e+39,-2.77307494e+39,4.97080836e+47,4.88638675e+47,2.02428563e+46,4.84180114e+48,2.93405015e+52,2.93474020e+52,-8.05600298e+51,2.53194005e+52,1.47292949e+06,1.51945809e+05,3.11410032e+06,7.81791013e+05,-6.64541676e+05,-9.49439458e+05,0.00000000e+00,4.45353307e+09
2.13700000e+04,3.96654609e+01,2.92074979e+33,2.27793499e+39,-1.94438342e+39,-2.78547471e+39,4.97124352e+47,4.88896592e+47,2.01131908e+46,4.84151747e+48,2.93464903e+52,2.93533921e+52,-8.06581933e+51,2.53204824e+52,1.48183500e+06,1.48046370e+05,3.10866149e+06,7.79914458e+05,-6.65713791e+05,-9.53684809e+05,0.00000000e+00,4.46980400e+09
2.13800000e+04,3.96727886e+01,2.92074995e+33,2.27209522e+39,-1.94801570e+39,-2.79803658e+39,4.97182348e+47,4.89162754e+47,1.99475800e+46,4.84159463e+48,2.93525233e+52,2.93594266e+52,-8.07518284e+51,2.53218352e+52,1.49082467e+06,1.44073259e+05,3.10317670e+06,7.77915005e+05,-6.66957367e+05,-9.57985664e+05,0.00000000e+00,4.48571474e+09
2.13900000e+04,3.96802630e+01,2.92075013e+33,2.26635163e+39,-1.95160728e+39,-2.81079079e+39,4.97237945e+47,4.89423101e+47,1.98267245e+46,4.84126736e+48,2.93586610e+52,2.93655656e+52,-8.08417675e+51,2.53234773e+52,1.49995008e+06,1.39967383e+05,3.09754829e+06,7.75948482e+05,-6.68187007e+05,-9.62352363e+05,0.00000000e+00,4.50073768e+09
2.14000000e+04,3.96879434e+01,2.92075031e+33,2.26037242e+39,-1.95528455e+39,-2.82385404e+39,4.97293513e+47,4.89694063e+47,1.97091226e+46,4.84117074e+48,2.93649494e+52,2.93718556e+52,-8.09281465e+51,2.53254483e+52,1.50930114e+06,1.35690854e+05,3.09173926e+06,7.73901288e+05,-6.69445979e+05,-9.66824871e+05,0.00000000e+00,4.51517778e+09
2.14100000e+04,3.96956974e+01,2.92075049e+33,2.25424063e+39,-1.95896614e+39,-2.83705927e+39,4.97351080e+47,4.89967757e+47,1.95964834e+46,4.84160505e+48,2.93712942e+52,2.93782026e+52,-8.10089723e+51,2.53277540e+52,1.51872281e+06,1.31318546e+05,3.08585204e+06,7.71801848e+05,-6.70706432e+05,-9.71345986e+05,0.00000000e+00,4.52883021e+09
2.14200000e+04,3.97033363e+01,2.92075067e+33,2.24811848e+39,-1.96256660e+39,-2.85002723e+39,4.97410409e+47,4.90244829e+47,1.94939910e+46,4.84268856e+48,2.93775230e+52,2.93844340e+52,-8.10821826e+51,2.53303249e+52,1.52800112e+06,1.26962590e+05,3.08003660e+06,7.69705714e+05,-6.71939107e+05,-9.75785868e+05,0.00000000e+00,4.54156557e+09
2.14300000e+04,3.97108852e+01,2.92075084e+33,2.24202731e+39,-1.96609910e+39,-2.86269792e+39,4.97471361e+47,4.90520335e+47,1.93997279e+46,4.84478896e+48,2.93836602e+52,2.93905748e+52,-8.11481467e+51,2.53331675e+52,1.53718987e+06,1.22614630e+05,3.07428447e+06,7.67620189e+05,-6.73148517e+05,-9.80123975e+05,0.00000000e+00,4.55349596e+09
2.14400000e+04,3.97183939e+01,2.92075101e+33,2.23590501e+39,-1.96958505e+39,-2.87540926e+39,4.97529401e+47,4.90794849e+47,1.93090132e+46,4.84655346e+48,2.93897462e+52,2.93966640e+52,-8.12074118e+51,2.53362934e+52,1.54630082e+06,1.18244392e+05,3.06853538e+06,7.65524002e+05,-6.74341991e+05,-9.84475996e+05,0.00000000e+00,4.56431066e+09
2.14500000e+04,3.97258576e+01,2.92075119e+33,2.22974882e+39,-1.97301768e+39,-2.88802354e+39,4.97588848e+47,4.91076278e+47,1.92223739e+46,4.84910886e+48,2.93957727e+52,2.94026944e+52,-8.12598844e+51,2.53397002e+52,1.55534133e+06,1.13858323e+05,3.06280040e+06,7.63416218e+05,-6.75517204e+05,-9.88794784e+05,0.00000000e+00,4.57376922e+09
2.14600000e+04,3.97333069e+01,2.92075136e+33,2.22356911e+39,-1.97641554e+39,-2.90060278e+39,4.97650922e+47,4.91364069e+47,1.91431638e+46,4.85222351e+48,2.94017591e+52,2.94086853e+52,-8.13057546e+51,2.53433976e+52,1.56435097e+06,1.09437799e+05,3.05705725e+06,7.61300376e+05,-6.76680518e+05,-9.93101577e+05,0.00000000e+00,4.58220241e+09
2.14700000e+04,3.97407531e+01,2.92075153e+33,2.21730905e+39,-1.97972627e+39,-2.91314743e+39,4.97716891e+47,4.91655243e+47,1.90640468e+46,4.85592376e+48,2.94077183e+52,2.94146495e+52,-8.13450132e+51,2.53473989e+52,1.57333976e+06,1.04977715e+05,3.05129498e+06,7.59157026e+05,-6.77813999e+05,-9.97396527e+05,0.00000000e+00,4.58955592e+09
2.14800000e+04,3.97481813e+01,2.92075170e+33,2.21101962e+39,-1.98302640e+39,-2.92565205e+39,4.97787414e+47,4.91949646e+47,1.89955651e+46,4.86024775e+48,2.94136362e+52,2.94205732e+52,-8.13775184e+51,2.53516972e+52,1.58228934e+06,1.00488058e+05,3.04552538e+06,7.57003622e+05,-6.78943848e+05,-1.00167777e+06,0.00000000e+00,4.59578578e+09
2.14900000e+04,3.97555752e+01,2.92075187e+33,2.20468621e+39,-1.98628549e+39,-2.93805361e+39,4.97862325e+47,4.92241310e+47,1.89348393e+46,4.86519836e+48,2.94195265e+52,2.94264696e+52,-8.14031931e+51,2.53563100e+52,1.59118063e+06,9.59802357e+04,3.03976188e+06,7.54835164e+05,-6.80059649e+05,-1.00592373e+06,0.00000000e+00,4.60087604e+09
2.15000000e+04,3.97629416e+01,2.92075204e+33,2.19798875e+39,-1.98932447e+39,-2.95046958e+39,4.97943349e+47,4.92554262e+47,1.89271713e+46,4.87086915e+48,2.94253763e+52,2.94323266e+52,-8.14220826e+51,2.53612225e+52,1.60002072e+06,9.14531173e+04,3.03399887e+06,7.52542057e+05,-6.81100089e+05,-1.01017462e+06,0.00000000e+00,4.60482645e+09
2.15100000e+04,3.97703180e+01,2.92075220e+33,2.19165708e+39,-1.99249656e+39,-2.96277697e+39,4.98031817e+47,4.92852338e+47,1.88723172e+46,4.87738422e+48,2.94311602e+52,2.94381179e+52,-8.14342451e+51,2.53664057e+52,1.60887484e+06,8.68868754e+04,3.02821683e+06,7.50374195e+05,-6.82186102e+05,-1.01438834e+06,0.00000000e+00,4.60779260e+09
2.15200000e+04,3.97778080e+01,2.92075237e+33,2.18517163e+39,-1.99567901e+39,-2.97531001e+39,4.98124614e+47,4.93153681e+47,1.88301305e+46,4.88394055e+48,2.94369930e+52,2.94439582e+52,-8.14397171e+51,2.53719724e+52,1.61784389e+06,8.22193110e+04,3.02232343e+06,7.48153681e+05,-6.83275664e+05,-1.01867931e+06,0.00000000e+00,4.60982813e+09
2.15300000e+04,3.97854391e+01,2.92075254e+33,2.17846761e+39,-1.99886976e+39,-2.98804708e+39,4.98222680e+47,4.93462793e+47,1.87934148e+46,4.89106266e+48,2.94429043e+52,2.94498779e+52,-8.14380838e+51,2.53779737e+52,1.62691075e+06,7.74302185e+04,3.01627092e+06,7.45858330e+05,-6.84368062e+05,-1.02304014e+06,0.00000000e+00,4.60989266e+09
2.15400000e+04,3.97932004e+01,2.92075273e+33,2.17164383e+39,-2.00208894e+39,-3.00101599e+39,4.98326666e+47,4.93777443e+47,1.87655974e+46,4.89905096e+48,2.94488828e+52,2.94558655e+52,-8.14288957e+51,2.53844207e+52,1.63609386e+06,7.25245499e+04,3.01008515e+06,7.43521973e+05,-6.85470193e+05,-1.02748033e+06,0.00000000e+00,4.60874275e+09
2.15500000e+04,3.98010987e+01,2.92075291e+33,2.16459490e+39,-2.00532611e+39,-3.01417837e+39,4.98438239e+47,4.94108059e+47,1.87417498e+46,4.90860518e+48,2.94549133e+52,2.94619064e+52,-8.14117074e+51,2.53913211e+52,1.64542115e+06,6.74967547e+04,3.00377081e+06,7.41108530e+05,-6.86578485e+05,-1.03198677e+06,0.00000000e+00,4.60634087e+09
2.15600000e+04,3.98094136e+01,2.92075312e+33,2.15711798e+39,-2.00869144e+39,-3.02801596e+39,4.98558374e+47,4.94461410e+47,1.87199043e+46,4.91757750e+48,2.94612070e+52,2.94682103e+52,-8.13852129e+51,2.53989496e+52,1.65516312e+06,6.21639298e+04,2.99707191e+06,7.38548551e+05,-6.87730649e+05,-1.03672438e+06,0.00000000e+00,4.60261782e+09
2.15700000e+04,3.98185295e+01,2.92075337e+33,2.14885061e+39,-2.01235092e+39,-3.04317800e+39,4.98693660e+47,4.94853452e+47,1.86981661e+46,4.92829793e+48,2.94680384e+52,2.94750538e+52,-8.13461658e+51,2.54077456e+52,1.66571475e+06,5.62714023e+04,2.98964787e+06,7.35717927e+05,-6.88983512e+05,-1.04191543e+06,0.00000000e+00,4.59571640e+09
2.15800000e+04,3.98287231e+01,2.92075367e+33,2.13955304e+39,-2.01639498e+39,-3.06013727e+39,4.98849531e+47,4.95286569e+47,1.86793947e+46,4.94097684e+48,2.94755901e+52,2.94826199e+52,-8.12901243e+51,2.54181137e+52,1.67734671e+06,4.96238569e+04,2.98124549e+06,7.32534572e+05,-6.90368037e+05,-1.04772179e+06,0.00000000e+00,4.58544800e+09
2.15900000e+04,3.98402561e+01,2.92075406e+33,2.12897367e+39,-2.02088081e+39,-3.07933257e+39,4.99032324e+47,4.95762234e+47,1.86614092e+46,4.95645516e+48,2.94840194e+52,2.94910672e+52,-8.12110003e+51,2.54305171e+52,1.69027469e+06,4.20323927e+04,2.97160404e+06,7.28912339e+05,-6.91903794e+05,-1.05429369e+06,0.00000000e+00,4.57082714e+09
2.16000000e+04,3.98533969e+01,2.92075452e+33,2.11679571e+39,-2.02586859e+39,-3.10120461e+39,4.99250593e+47,4.96284212e+47,1.86298221e+46,4.97601180e+48,2.94934773e+52,2.95005475e+52,-8.11007597e+51,2.54455095e+52,1.70476792e+06,3.33066889e+04,2.96047599e+06,7.24742767e+05,-6.93611386e+05,-1.06178201e+06,0.00000000e+00,4.55103407e+09
2.16100000e+04,3.98669700e+01,2.92075504e+33,2.10424113e+39,-2.03087176e+39,-3.12378250e+39,4.99501052e+47,4.96820470e+47,1.86228690e+46,4.99995271e+48,2.95030672e+52,2.95101643e+52,-8.09647611e+51,2.54619262e+52,1.71946572e+06,2.42280284e+04,2.94882008e+06,7.20444235e+05,-6.95324235e+05,-1.06951198e+06,0.00000000e+00,4.52690123e+09
2.16200000e+04,3.98804164e+01,2.92075555e+33,2.09174890e+39,-2.03571254e+39,-3.14614283e+39,4.99769432e+47,4.97347747e+47,1.86228236e+46,5.02560564e+48,2.95124071e+52,2.95195322e+52,-8.08087851e+51,2.54790929e+52,1.73392982e+06,1.51848601e+04,2.93719558e+06,7.16167056e+05,-6.96981483e+05,-1.07716746e+06,0.00000000e+00,4.50147399e+09
2.16300000e+04,3.98938033e+01,2.92075605e+33,2.07927040e+39,-2.04038516e+39,-3.16838801e+39,5.00044346e+47,4.97857178e+47,1.86322695e+46,5.05181707e+48,2.95215303e+52,2.95286834e+52,-8.06336808e+51,2.54969993e+52,1.74822265e+06,6.14058237e+03,2.92554066e+06,7.11894580e+05,-6.98581162e+05,-1.08478351e+06,0.00000000e+00,4.47334625e+09
2.16400000e+04,3.99071953e+01,2.92075656e+33,2.06674552e+39,-2.04492668e+39,-3.19060243e+39,5.00316817e+47,4.98352155e+47,1.86539970e+46,5.07787430e+48,2.95304799e+52,2.95376603e+52,-8.04398190e+51,2.55156694e+52,1.76240384e+06,-2.94909665e+03,2.91379396e+06,7.07606223e+05,-7.00135954e+05,-1.09238903e+06,0.00000000e+00,4.44232626e+09
2.16500000e+04,3.99207336e+01,2.92075707e+33,2.05399205e+39,-2.04936778e+39,-3.21304418e+39,5.00589770e+47,4.98834281e+47,1.86878447e+46,5.10339102e+48,2.95393470e+52,2.95465538e+52,-8.02258709e+51,2.55352603e+52,1.77660231e+06,-1.21778032e+04,2.90182047e+06,7.03239606e+05,-7.01656363e+05,-1.10007238e+06,0.00000000e+00,4.40804285e+09
2.16600000e+04,3.99346455e+01,2.92075762e+33,2.04083398e+39,-2.05380662e+39,-3.23608231e+39,5.00860548e+47,4.99309903e+47,1.87358030e+46,5.12836750e+48,2.95482998e+52,2.95555324e+52,-7.99882324e+51,2.55561208e+52,1.79101769e+06,-2.17050937e+04,2.88939818e+06,6.98734455e+05,-7.03175986e+05,-1.10795990e+06,0.00000000e+00,4.36974254e+09
2.16700000e+04,3.99483772e+01,2.92075814e+33,2.02776412e+39,-2.05803211e+39,-3.25878422e+39,5.01124955e+47,4.99773992e+47,1.88081956e+46,5.15246105e+48,2.95569526e+52,2.95642095e+52,-7.97369683e+51,2.55773611e+52,1.80512454e+06,-3.11527623e+04,2.87704787e+06,6.94259511e+05,-7.04622571e+05,-1.11573231e+06,0.00000000e+00,4.32979927e+09
2.16800000e+04,3.99618913e+01,2.92075866e+33,2.01480257e+39,-2.06203831e+39,-3.28112809e+39,5.01378909e+47,5.00229619e+47,1.88981671e+46,5.17415404e+48,2.95652986e+52,2.95725769e+52,-7.94747274e+51,2.55988405e+52,1.81890058e+06,-4.04935676e+04,2.86480958e+06,6.89821653e+05,-7.05994078e+05,-1.12338213e+06,0.00000000e+00,4.28867587e+09
2.16900000e+04,3.99755929e+01,2.92075918e+33,2.00154813e+39,-2.06592378e+39,-3.30376020e+39,5.01641050e+47,5.00685961e+47,1.89918150e+46,5.19333291e+48,2.95735859e+52,2.95808830e+52,-7.91949777e+51,2.56211341e+52,1.83270461e+06,-5.00090277e+04,2.85229005e+06,6.85283520e+05,-7.07324243e+05,-1.13113064e+06,0.00000000e+00,4.24469583e+09
2.17000000e+04,3.99900767e+01,2.92075977e+33,1.98735471e+39,-2.06981966e+39,-3.32763853e+39,5.01928595e+47,5.01148913e+47,1.90907433e+46,5.21006847e+48,2.95821584e+52,2.95894721e+52,-7.88853293e+51,2.56452057e+52,1.84704298e+06,-6.01112693e+04,2.83888781e+06,6.80423886e+05,-7.08657959e+05,-1.13930580e+06,0.00000000e+00,4.19557294e+09
2.17100000e+04,4.00054699e+01,2.92076042e+33,1.97204761e+39,-2.07373331e+39,-3.35297781e+39,5.02232907e+47,5.01607898e+47,1.91832329e+46,5.22501746e+48,2.95910655e+52,2.95983943e+52,-7.85417706e+51,2.56713057e+52,1.86196622e+06,-7.08896253e+04,2.82443498e+06,6.75182940e+05,-7.09997745e+05,-1.14798112e+06,0.00000000e+00,4.14085556e+09
2.17200000e+04,4.00203718e+01,2.92076104e+33,1.95696072e+39,-2.07728257e+39,-3.37745309e+39,5.02526741e+47,5.02037076e+47,1.92644892e+46,5.23696743e+48,2.95994900e+52,2.96068298e+52,-7.81963086e+51,2.56970144e+52,1.87626163e+06,-8.13551744e+04,2.81033023e+06,6.70017402e+05,-7.11212777e+05,-1.15636064e+06,0.00000000e+00,4.08783139e+09
2.17300000e+04,4.00348952e+01,2.92076163e+33,1.94202196e+39,-2.08061564e+39,-3.40122225e+39,5.02814848e+47,5.02439889e+47,1.93419011e+46,5.24418931e+48,2.96075238e+52,2.96148693e+52,-7.78492776e+51,2.57224055e+52,1.89005498e+06,-9.15723321e+04,2.79647575e+06,6.64902586e+05,-7.12353799e+05,-1.16449840e+06,0.00000000e+00,4.03522462e+09
2.17400000e+04,4.00489579e+01,2.92076218e+33,1.92734970e+39,-2.08362028e+39,-3.42412323e+39,5.03108503e+47,5.02807549e+47,1.94297192e+46,5.24667598e+48,2.96151388e+52,2.96224845e+52,-7.75050533e+51,2.57472318e+52,1.90328546e+06,-1.01470771e+05,2.78296267e+06,6.59879026e+05,-7.13382380e+05,-1.17233894e+06,0.00000000e+00,3.98347973e+09
2.17500000e+04,4.00621520e+01,2.92076265e+33,1.91339249e+39,-2.08627117e+39,-3.44557514e+39,5.03402953e+47,5.03135794e+47,1.95191324e+46,5.24500400e+48,2.96221367e+52,2.96294774e+52,-7.71759379e+51,2.57706805e+52,1.91568855e+06,-1.10755667e+05,2.77025934e+06,6.55100301e+05,-7.14289868e+05,-1.17968338e+06,0.00000000e+00,3.93568486e+09
2.17600000e+04,4.00744978e+01,2.92076308e+33,1.90019170e+39,-2.08852798e+39,-3.46560636e+39,5.03684070e+47,5.03425955e+47,1.96018315e+46,5.23856622e+48,2.96285669e+52,2.96358979e+52,-7.68638532e+51,2.57927052e+52,1.92717958e+06,-1.19437676e+05,2.75827909e+06,6.50580567e+05,-7.15062442e+05,-1.18654142e+06,0.00000000e+00,3.88958411e+09
2.17700000e+04,4.00860238e+01,2.92076346e+33,1.88782645e+39,-2.09049387e+39,-3.48431963e+39,5.03947067e+47,5.03702519e+47,1.96871904e+46,5.22896496e+48,2.96344699e+52,2.96417875e+52,-7.65695246e+51,2.58133113e+52,1.93785826e+06,-1.27532637e+05,2.74705130e+06,6.46346913e+05,-7.15735423e+05,-1.19294824e+06,0.00000000e+00,3.84676044e+09
2.17800000e+04,4.00968490e+01,2.92076380e+33,1.87615249e+39,-2.09226463e+39,-3.50183701e+39,5.04194442e+47,5.03971881e+47,1.97743476e+46,5.21649101e+48,2.96399414e+52,2.96472423e+52,-7.62910983e+51,2.58326874e+52,1.94784102e+06,-1.35124232e+05,2.73646069e+06,6.42349952e+05,-7.16341606e+05,-1.19894563e+06,0.00000000e+00,3.80656884e+09
2.17900000e+04,4.01071099e+01,2.92076411e+33,1.86503875e+39,-2.09383529e+39,-3.51837238e+39,5.04421382e+47,5.04222566e+47,1.98595477e+46,5.20153428e+48,2.96450685e+52,2.96523502e+52,-7.60259020e+51,2.58510551e+52,1.95725519e+06,-1.42308028e+05,2.72637576e+06,6.38544804e+05,-7.16879287e+05,-1.20460682e+06,0.00000000e+00,3.76842345e+09
2.18000000e+04,4.01169019e+01,2.92076439e+33,1.85436292e+39,-2.09520009e+39,-3.53409454e+39,5.04640650e+47,5.04450800e+47,1.99335573e+46,5.18444452e+48,2.96498948e+52,2.96571550e+52,-7.57720673e+51,2.58685516e+52,1.96619056e+06,-1.49152874e+05,2.71670619e+06,6.34889596e+05,-7.17346492e+05,-1.20998960e+06,0.00000000e+00,3.73203775e+09
2.18100000e+04,4.01263461e+01,2.92076466e+33,1.84395054e+39,-2.09639743e+39,-3.54920759e+39,5.04855257e+47,5.04661962e+47,1.99979605e+46,5.16535252e+48,2.96544901e+52,2.96617267e+52,-7.55268902e+51,2.58853822e+52,1.97475812e+06,-1.55747549e+05,2.70733302e+06,6.31324588e+05,-7.17756367e+05,-1.21516384e+06,0.00000000e+00,3.69700230e+09
2.18200000e+04,4.01357126e+01,2.92076492e+33,1.83353156e+39,-2.09748126e+39,-3.56414215e+39,5.05069594e+47,5.04864871e+47,2.00513389e+46,5.14386044e+48,2.96589925e+52,2.96662029e+52,-7.52836974e+51,2.59020180e+52,1.98319218e+06,-1.62282194e+05,2.69798092e+06,6.27757321e+05,-7.18127380e+05,-1.22027696e+06,0.00000000e+00,3.66224715e+09
2.18300000e+04,4.01454041e+01,2.92076519e+33,1.82268718e+39,-2.09849384e+39,-3.57961051e+39,5.05293525e+47,5.05065528e+47,2.00991241e+46,5.11900227e+48,2.96636028e+52,2.96707834e+52,-7.50323364e+51,2.59191666e+52,1.99182937e+06,-1.69039172e+05,2.68822753e+06,6.24044406e+05,-7.18473996e+05,-1.22557285e+06,0.00000000e+00,3.62615113e+09
2.18400000e+04,4.01555615e+01,2.92076549e+33,1.81122596e+39,-2.09939978e+39,-3.59582598e+39,5.05533350e+47,5.05264566e+47,2.01387550e+46,5.09066715e+48,2.96683822e+52,2.96755294e+52,-7.47694505e+51,2.59370569e+52,2.00077029e+06,-1.76117235e+05,2.67791192e+06,6.20120296e+05,-7.18784095e+05,-1.23112451e+06,0.00000000e+00,3.58819792e+09
2.18500000e+04,4.01661959e+01,2.92076582e+33,1.79910877e+39,-2.10015065e+39,-3.61279061e+39,5.05784816e+47,5.05455253e+47,2.01686603e+46,5.05848976e+48,2.96733258e+52,2.96804355e+52,-7.44951358e+51,2.59556787e+52,2.01000996e+06,-1.83524541e+05,2.66701413e+06,6.15971591e+05,-7.19041094e+05,-1.23693265e+06,0.00000000e+00,3.54879446e+09
2.18600000e+04,4.01780709e+01,2.92076623e+33,1.78548853e+39,-2.10077310e+39,-3.63173465e+39,5.06065359e+47,5.05648560e+47,2.01917140e+46,5.01936853e+48,2.96787782e+52,2.96858434e+52,-7.41903859e+51,2.59763241e+52,2.02013554e+06,-1.91793494e+05,2.65469313e+06,6.11308262e+05,-7.19254107e+05,-1.24341846e+06,0.00000000e+00,3.50476578e+09
2.18700000e+04,4.01908640e+01,2.92076669e+33,1.77069972e+39,-2.10125254e+39,-3.65211960e+39,5.06373429e+47,5.05838446e+47,2.02050099e+46,4.97521821e+48,2.96845672e+52,2.96915825e+52,-7.38642627e+51,2.59983694e+52,2.03083837e+06,-2.00695630e+05,2.64125891e+06,6.06244835e+05,-7.19418140e+05,-1.25039758e+06,0.00000000e+00,3.45771713e+09
2.18800000e+04,4.02030494e+01,2.92076711e+33,1.75651456e+39,-2.10151797e+39,-3.67141852e+39,5.06671560e+47,5.06018387e+47,2.02224503e+46,4.93109747e+48,2.96900108e+52,2.96969761e+52,-7.35562095e+51,2.60191656e+52,2.04095179e+06,-2.09161459e+05,2.62839230e+06,6.01388091e+05,-7.19508914e+05,-1.25700488e+06,0.00000000e+00,3.41491280e+09
2.18900000e+04,4.02146133e+01,2.92076750e+33,1.74300725e+39,-2.10158757e+39,-3.68966925e+39,5.06954006e+47,5.06186786e+47,2.02520242e+46,4.88677553e+48,2.96951185e+52,2.97020333e+52,-7.32668767e+51,2.60386895e+52,2.05048521e+06,-2.17183861e+05,2.61612534e+06,5.96763438e+05,-7.19532649e+05,-1.26325332e+06,0.00000000e+00,3.37536382e+09
2.19000000e+04,4.02256789e+01,2.92076785e+33,1.73000012e+39,-2.10154985e+39,-3.70709895e+39,5.07219614e+47,5.06337458e+47,2.02917131e+46,4.84195017e+48,2.96999541e+52,2.97068179e+52,-7.29933300e+51,2.60571514e+52,2.05955077e+06,-2.24851663e+05,2.60433428e+06,5.92310039e+05,-7.19519646e+05,-1.26922068e+06,0.00000000e+00,3.33827717e+09
2.19100000e+04,4.02363310e+01,2.92076818e+33,1.71738880e+39,-2.10139531e+39,-3.72382031e+39,5.07470670e+47,5.06476853e+47,2.03342153e+46,4.79666397e+48,2.97045649e+52,2.97113772e+52,-7.27335120e+51,2.60747016e+52,2.06821923e+06,-2.32227334e+05,2.59293306e+06,5.87992162e+05,-7.19466654e+05,-1.27494552e+06,0.00000000e+00,3.30322367e+09
2.19200000e+04,4.02466568e+01,2.92076849e+33,1.70511576e+39,-2.10111952e+39,-3.73995846e+39,5.07712730e+47,5.06614427e+47,2.03732737e+46,4.75087707e+48,2.97089970e+52,2.97157573e+52,-7.24852929e+51,2.60914927e+52,2.07656399e+06,-2.39373073e+05,2.58183045e+06,5.83790111e+05,-7.19372154e+05,-1.28047069e+06,0.00000000e+00,3.26987154e+09
2.19300000e+04,4.02567263e+01,2.92076879e+33,1.69311235e+39,-2.10075440e+39,-3.75565537e+39,5.07949550e+47,5.06749836e+47,2.04095139e+46,4.70463527e+48,2.97132849e+52,2.97199927e+52,-7.22469771e+51,2.61076439e+52,2.08464094e+06,-2.46338236e+05,2.57095160e+06,5.79680375e+05,-7.19247072e+05,-1.28584480e+06,0.00000000e+00,3.23797133e+09
2.19400000e+04,4.02666876e+01,2.92076908e+33,1.68119361e+39,-2.10028210e+39,-3.77115113e+39,5.08186239e+47,5.06884257e+47,2.04453950e+46,4.65744022e+48,2.97174987e+52,2.97241530e+52,-7.20151164e+51,2.61233971e+52,2.09256366e+06,-2.53226103e+05,2.56013340e+06,5.75599633e+05,-7.19085299e+05,-1.29115005e+06,0.00000000e+00,3.20702349e+09
2.19500000e+04,4.02766610e+01,2.92076937e+33,1.66924070e+39,-2.09968352e+39,-3.78660429e+39,5.08422679e+47,5.07011650e+47,2.04851495e+46,4.60890163e+48,2.97216907e+52,2.97282900e+52,-7.17870822e+51,2.61389359e+52,2.10042246e+06,-2.60122142e+05,2.54924062e+06,5.71507193e+05,-7.18880287e+05,-1.29644070e+06,0.00000000e+00,3.17663499e+09
2.19600000e+04,4.02868153e+01,2.92076967e+33,1.65706151e+39,-2.09895726e+39,-3.80230197e+39,5.08654787e+47,5.07135023e+47,2.05294925e+46,4.55828478e+48,2.97259351e+52,2.97324774e+52,-7.15593592e+51,2.61545094e+52,2.10833929e+06,-2.67143121e+05,2.53808156e+06,5.67337276e+05,-7.18631559e+05,-1.30181507e+06,0.00000000e+00,3.14632605e+09
2.19700000e+04,4.02971400e+01,2.92076998e+33,1.64464886e+39,-2.09810662e+39,-3.81822832e+39,5.08885585e+47,5.07263333e+47,2.05718502e+46,4.50594831e+48,2.97302286e+52,2.97367120e+52,-7.13326084e+51,2.61700816e+52,2.11629955e+06,-2.74281591e+05,2.52666266e+06,5.63087428e+05,-7.18340245e+05,-1.30726772e+06,0.00000000e+00,3.11617113e+09
2.19800000e+04,4.03069823e+01,2.92077027e+33,1.63274978e+39,-2.09721516e+39,-3.83339591e+39,5.09104453e+47,5.07390655e+47,2.06146057e+46,4.45559911e+48,2.97343009e+52,2.97407275e+52,-7.11211048e+51,2.61846723e+52,2.12383412e+06,-2.81083689e+05,2.51573446e+06,5.59013422e+05,-7.18034961e+05,-1.31246060e+06,0.00000000e+00,3.08844527e+09
2.19900000e+04,4.03162770e+01,2.92077052e+33,1.62147834e+39,-2.09630994e+39,-3.84769548e+39,5.09312185e+47,5.07517873e+47,2.06600636e+46,4.40749118e+48,2.97381315e+52,2.97445038e+52,-7.09257421e+51,2.61982167e+52,2.13091069e+06,-2.87502531e+05,2.50538356e+06,5.55154310e+05,-7.17724971e+05,-1.31735631e+06,0.00000000e+00,3.06319370e+09
2.20000000e+04,4.03251577e+01,2.92077076e+33,1.61069276e+39,-2.09537684e+39,-3.86132953e+39,5.09510885e+47,5.07643839e+47,2.07068895e+46,4.36099406e+48,2.97417788e+52,2.97480987e+52,-7.07432287e+51,2.62109373e+52,2.13763331e+06,-2.93631668e+05,2.49546406e+06,5.51461547e+05,-7.17405442e+05,-1.32202417e+06,0.00000000e+00,3.03974470e+09
2.20100000e+04,4.03338929e+01,2.92077099e+33,1.60004509e+39,-2.09438013e+39,-3.87470919e+39,5.09702767e+47,5.07770956e+47,2.07569470e+46,4.31475054e+48,2.97453573e+52,2.97516251e+52,-7.05678132e+51,2.62232345e+52,2.14419936e+06,-2.99657652e+05,2.48567134e+06,5.47816002e+05,-7.17064139e+05,-1.32660493e+06,0.00000000e+00,3.01723009e+09
2.20200000e+04,4.03427836e+01,2.92077122e+33,1.58915009e+39,-2.09329694e+39,-3.88828664e+39,5.09898477e+47,5.07899263e+47,2.08068920e+46,4.26726938e+48,2.97489910e+52,2.97552057e+52,-7.03935823e+51,2.62355266e+52,2.15082260e+06,-3.05788567e+05,2.47565720e+06,5.44085779e+05,-7.16693221e+05,-1.33125341e+06,0.00000000e+00,2.99480437e+09
2.20300000e+04,4.03520835e+01,2.92077148e+33,1.57768933e+39,-2.09208360e+39,-3.90247641e+39,5.10101262e+47,5.08033474e+47,2.08601820e+46,4.21734358e+48,2.97527839e+52,2.97589429e+52,-7.02160845e+51,2.62481387e+52,2.15767607e+06,-3.12197009e+05,2.46512194e+06,5.40161852e+05,-7.16277740e+05,-1.33611151e+06,0.00000000e+00,2.97187714e+09
2.20400000e+04,4.03620732e+01,2.92077177e+33,1.56531866e+39,-2.09071165e+39,-3.91770175e+39,5.10318244e+47,5.08182036e+47,2.09220070e+46,4.16359905e+48,2.97568516e+52,2.97629511e+52,-7.00309244e+51,2.62614048e+52,2.16494270e+06,-3.19071566e+05,2.45372594e+06,5.35926387e+05,-7.15807949e+05,-1.34132416e+06,0.00000000e+00,2.94790697e+09
2.20500000e+04,4.03742343e+01,2.92077220e+33,1.55019705e+39,-2.08899860e+39,-3.93618996e+39,5.10578608e+47,5.08359241e+47,2.09876298e+46,4.09762258e+48,2.97618032e+52,2.97678306e+52,-6.98133725e+51,2.62771620e+52,2.17359156e+06,-3.27431359e+05,2.43967931e+06,5.30749043e+05,-7.15221340e+05,-1.34765387e+06,0.00000000e+00,2.91929347e+09
2.20600000e+04,4.03892318e+01,2.92077282e+33,1.53149808e+39,-2.08671686e+39,-3.95882814e+39,5.10891773e+47,5.08569154e+47,2.10735039e+46,4.01822602e+48,2.97679039e+52,2.97738460e+52,-6.95567738e+51,2.62960073e+52,2.18393221e+06,-3.37727806e+05,2.42206617e+06,5.24346868e+05,-7.14439975e+05,-1.35540433e+06,0.00000000e+00,2.88467767e+09
2.20700000e+04,4.04042046e+01,2.92077344e+33,1.51273922e+39,-2.08430401e+39,-3.98119364e+39,5.11205987e+47,5.08778651e+47,2.11522021e+46,3.94143825e+48,2.97739963e+52,2.97798557e+52,-6.93133453e+51,2.63141885e+52,2.19410964e+06,-3.47975398e+05,2.40435455e+06,5.17924188e+05,-7.13613723e+05,-1.36306143e+06,0.00000000e+00,2.85390848e+09
2.20800000e+04,4.04199094e+01,2.92077413e+33,1.49295684e+39,-2.08164883e+39,-4.00440068e+39,5.11534616e+47,5.09003261e+47,2.12212092e+46,3.86280574e+48,2.97803918e+52,2.97861670e+52,-6.90721419e+51,2.63325599e+52,2.20458739e+06,-3.58696229e+05,2.38560604e+06,5.11151076e+05,-7.12704488e+05,-1.37100662e+06,0.00000000e+00,2.82364149e+09
2.20900000e+04,4.04369611e+01,2.92077492e+33,1.47138230e+39,-2.07858984e+39,-4.02933462e+39,5.11890116e+47,5.09257920e+47,2.12895791e+46,3.77996207e+48,2.97873517e+52,2.97930387e+52,-6.88269403e+51,2.63516917e+52,2.21570774e+06,-3.70309598e+05,2.36502727e+06,5.03764358e+05,-7.11656972e+05,-1.37954301e+06,0.00000000e+00,2.79287709e+09
2.21000000e+04,4.04562244e+01,2.92077593e+33,1.44687656e+39,-2.07492540e+39,-4.05719755e+39,5.12280804e+47,5.09536725e+47,2.13445427e+46,3.69029036e+48,2.97952489e+52,2.98008415e+52,-6.85709602e+51,2.63722935e+52,2.22791213e+06,-3.83403394e+05,2.34145812e+06,4.95374037e+05,-7.10402116e+05,-1.38908210e+06,0.00000000e+00,2.76042884e+09
2.21100000e+04,4.04769910e+01,2.92077709e+33,1.42042881e+39,-2.07081956e+39,-4.08691441e+39,5.12696049e+47,5.09829330e+47,2.13769204e+46,3.60031438e+48,2.98038019e+52,2.98093002e+52,-6.83198316e+51,2.63933086e+52,2.24071427e+06,-3.97481470e+05,2.31573298e+06,4.86318802e+05,-7.08996099e+05,-1.39925584e+06,0.00000000e+00,2.72897507e+09
2.21200000e+04,4.04989666e+01,2.92077838e+33,1.39227322e+39,-2.06617183e+39,-4.11798650e+39,5.13128191e+47,5.10136261e+47,2.14071892e+46,3.51283382e+48,2.98129108e+52,2.98183173e+52,-6.80824057e+51,2.64141970e+52,2.25390047e+06,-4.12334994e+05,2.28820130e+06,4.76678829e+05,-7.07404522e+05,-1.40989352e+06,0.00000000e+00,2.69938866e+09
2.21300000e+04,4.05204852e+01,2.92077962e+33,1.36450543e+39,-2.06144709e+39,-4.14799405e+39,5.13549237e+47,5.10434267e+47,2.14067959e+46,3.43615179e+48,2.98218841e+52,2.98272090e+52,-6.78784874e+51,2.64332846e+52,2.26656603e+06,-4.26818631e+05,2.26106115e+06,4.67171650e+05,-7.05786592e+05,-1.42016673e+06,0.00000000e+00,2.67488117e+09
2.21400000e+04,4.05410667e+01,2.92078076e+33,1.33778829e+39,-2.05682808e+39,-4.17631772e+39,5.13963906e+47,5.10715638e+47,2.13992860e+46,3.37117384e+48,2.98305463e+52,2.98358006e+52,-6.77105319e+51,2.64502740e+52,2.27848922e+06,-4.40601311e+05,2.23497507e+06,4.58024207e+05,-7.04204887e+05,-1.42986348e+06,0.00000000e+00,2.65509564e+09
2.21500000e+04,4.05607096e+01,2.92078180e+33,1.31221712e+39,-2.05231221e+39,-4.20299097e+39,5.14371852e+47,5.11000770e+47,2.13795603e+46,3.31711464e+48,2.98388941e+52,2.98440885e+52,-6.75754045e+51,2.64653183e+52,2.28970632e+06,-4.53683200e+05,2.20997358e+06,4.49269137e+05,-7.02658517e+05,-1.43899520e+06,0.00000000e+00,2.63933204e+09
2.21600000e+04,4.05794365e+01,2.92078275e+33,1.28774041e+39,-2.04793068e+39,-4.22798503e+39,5.14773982e+47,5.11286482e+47,2.13567893e+46,3.27321593e+48,2.98469390e+52,2.98520832e+52,-6.74697311e+51,2.64785967e+52,2.30025757e+06,-4.66087512e+05,2.18605567e+06,4.40888802e+05,-7.01158168e+05,-1.44755204e+06,0.00000000e+00,2.62709002e+09
2.21700000e+04,4.05973936e+01,2.92078363e+33,1.26419578e+39,-2.04364262e+39,-4.25159962e+39,5.15176742e+47,5.11572827e+47,2.13189532e+46,3.23844160e+48,2.98547417e+52,2.98598446e+52,-6.73897851e+51,2.64903553e+52,2.31024202e+06,-4.77920554e+05,2.16304573e+06,4.32827605e+05,-6.99689836e+05,-1.45563663e+06,0.00000000e+00,2.61782798e+09
2.21800000e+04,4.06148582e+01,2.92078442e+33,1.24115299e+39,-2.03934937e+39,-4.27422434e+39,5.15582845e+47,5.11870144e+47,2.12813632e+46,3.21182520e+48,2.98624285e+52,2.98674977e+52,-6.73322096e+51,2.65008872e+52,2.31986407e+06,-4.89366470e+05,2.14064728e+06,4.24938240e+05,-6.98219749e+05,-1.46338234e+06,0.00000000e+00,2.61154779e+09
2.21900000e+04,4.06318271e+01,2.92078521e+33,1.21867859e+39,-2.03517152e+39,-4.29596185e+39,5.15978497e+47,5.12150062e+47,2.12419400e+46,3.19272968e+48,2.98699960e+52,2.98750394e+52,-6.72954374e+51,2.65102676e+52,2.32903389e+06,-5.00448785e+05,2.11876240e+06,4.17243480e+05,-6.96789176e+05,-1.47082430e+06,0.00000000e+00,2.60672753e+09
2.22000000e+04,4.06483660e+01,2.92078596e+33,1.19670847e+39,-2.03107197e+39,-4.31681125e+39,5.16393546e+47,5.12431362e+47,2.12122591e+46,3.18086264e+48,2.98774695e+52,2.98824943e+52,-6.72776818e+51,2.65186102e+52,2.33784954e+06,-5.11210000e+05,2.09737392e+06,4.09721384e+05,-6.95385421e+05,-1.47796220e+06,0.00000000e+00,2.60450204e+09
2.22100000e+04,4.06646520e+01,2.92078669e+33,1.17495815e+39,-2.02696675e+39,-4.33699159e+39,5.16818181e+47,5.12710702e+47,2.11887669e+46,3.17568737e+48,2.98849324e+52,2.98899450e+52,-6.72776503e+51,2.65260625e+52,2.34640141e+06,-5.21775711e+05,2.07624413e+06,4.02274549e+05,-6.93979728e+05,-1.48487105e+06,0.00000000e+00,2.60427399e+09
2.22200000e+04,4.06810071e+01,2.92078742e+33,1.15308316e+39,-2.02262874e+39,-4.35701115e+39,5.17262338e+47,5.12998196e+47,2.11565525e+46,3.17699082e+48,2.98925421e+52,2.98975488e+52,-6.72950487e+51,2.65327964e+52,2.35484762e+06,-5.32360435e+05,2.05494068e+06,3.94785035e+05,-6.92494335e+05,-1.49172484e+06,0.00000000e+00,2.60592182e+09
2.22300000e+04,4.06977153e+01,2.92078819e+33,1.13082237e+39,-2.01811164e+39,-4.37722176e+39,5.17719684e+47,5.13290373e+47,2.11183598e+46,3.18500307e+48,2.99004501e+52,2.99054575e+52,-6.73308249e+51,2.65389162e+52,2.36332265e+06,-5.43149787e+05,2.03307539e+06,3.87163430e+05,-6.90947619e+05,-1.49864402e+06,0.00000000e+00,2.60953727e+09
2.22400000e+04,4.07152526e+01,2.92078903e+33,1.10759031e+39,-2.01318939e+39,-4.39807137e+39,5.18209980e+47,5.13614716e+47,2.10538520e+46,3.20051048e+48,2.99088972e+52,2.99139127e+52,-6.73878814e+51,2.65445186e+52,2.37203441e+06,-5.54452027e+05,2.00998617e+06,3.79209281e+05,-6.89262173e+05,-1.50578194e+06,0.00000000e+00,2.61531977e+09
2.22500000e+04,4.07338814e+01,2.92078997e+33,1.08299963e+39,-2.00784618e+39,-4.41987158e+39,5.18749932e+47,5.13962173e+47,2.09512371e+46,3.22489250e+48,2.99180436e+52,2.99230757e+52,-6.74702511e+51,2.65495632e+52,2.38107644e+06,-5.66433545e+05,1.98529189e+06,3.70789972e+05,-6.87432578e+05,-1.51324526e+06,0.00000000e+00,2.62378089e+09
2.22600000e+04,4.07538459e+01,2.92079104e+33,1.05660333e+39,-2.00199393e+39,-4.44293885e+39,5.19350703e+47,5.14338943e+47,2.08344097e+46,3.25979550e+48,2.99280549e+52,2.99331140e+52,-6.75832836e+51,2.65539498e+52,2.39051900e+06,-5.79249963e+05,1.95862468e+06,3.61752456e+05,-6.85428672e+05,-1.52114232e+06,0.00000000e+00,2.63559309e+09
2.22700000e+04,4.07754306e+01,2.92079229e+33,1.02804841e+39,-1.99548780e+39,-4.46744809e+39,5.20027970e+47,5.14725664e+47,2.07193753e+46,3.30717216e+48,2.99391427e+52,2.99442407e+52,-6.77341591e+51,2.65575327e+52,2.40043334e+06,-5.93088449e+05,1.92954632e+06,3.51975871e+05,-6.83200857e+05,-1.52953296e+06,0.00000000e+00,2.65166321e+09
2.22800000e+04,4.07993554e+01,2.92079381e+33,9.96335750e+38,-1.98807952e+39,-4.49425983e+39,5.20798035e+47,5.15140529e+47,2.05863144e+46,3.37017234e+48,2.99517737e+52,2.99569258e+52,-6.79359343e+51,2.65601290e+52,2.41103579e+06,-6.08407488e+05,1.89696639e+06,3.41118139e+05,-6.80664111e+05,-1.53871177e+06,0.00000000e+00,2.67346301e+09
2.22900000e+04,4.08274382e+01,2.92079589e+33,9.59155113e+38,-1.97930371e+39,-4.52490843e+39,5.21740750e+47,5.15580859e+47,2.04312883e+46,3.45540339e+48,2.99671092e+52,2.99723376e+52,-6.82183185e+51,2.65614217e+52,2.42286642e+06,-6.26375448e+05,1.85810049e+06,3.28388271e+05,-6.77659029e+05,-1.54920391e+06,0.00000000e+00,2.70409452e+09
2.23000000e+04,4.08600638e+01,2.92079866e+33,9.16174192e+38,-1.96908942e+39,-4.55957516e+39,5.22909922e+47,5.16111107e+47,2.02575583e+46,3.57062533e+48,2.99855623e+52,2.99908969e+52,-6.86054786e+51,2.65606230e+52,2.43581066e+06,-6.47201828e+05,1.81213198e+06,3.13672491e+05,-6.74161299e+05,-1.56107136e+06,0.00000000e+00,2.74698230e+09
2.23100000e+04,4.08864775e+01,2.92080019e+33,8.81635816e+38,-1.96094930e+39,-4.58680034e+39,5.23930300e+47,5.16570828e+47,2.01749693e+46,3.68533315e+48,3.00010175e+52,3.00064532e+52,-6.89643294e+51,2.65582367e+52,2.44670444e+06,-6.63866819e+05,1.77592736e+06,3.01847357e+05,-6.71373998e+05,-1.57039169e+06,0.00000000e+00,2.79669593e+09
2.23200000e+04,4.09110608e+01,2.92080179e+33,8.49465159e+38,-1.95343575e+39,-4.61149102e+39,5.24914690e+47,5.16989087e+47,2.00892230e+46,3.78975744e+48,3.00159083e+52,3.00214377e+52,-6.93361969e+51,2.65546279e+52,2.45639318e+06,-6.79435329e+05,1.74191232e+06,2.90832867e+05,-6.68801203e+05,-1.57884422e+06,0.00000000e+00,2.84028253e+09
2.23300000e+04,4.09362473e+01,2.92080347e+33,8.16432238e+38,-1.94590072e+39,-4.63617138e+39,5.25948856e+47,5.17428532e+47,1.99637951e+46,3.90266008e+48,3.00316357e+52,3.00372668e+52,-6.97509623e+51,2.65497187e+52,2.46604291e+06,-6.95303783e+05,1.70693953e+06,2.79523168e+05,-6.66221038e+05,-1.58729317e+06,0.00000000e+00,2.89082173e+09
2.23400000e+04,4.09622293e+01,2.92080525e+33,7.82182895e+38,-1.93845116e+39,-4.66083235e+39,5.27040221e+47,5.17860674e+47,1.98001710e+46,4.02275029e+48,3.00483894e+52,3.00541291e+52,-7.02117627e+51,2.65435410e+52,2.47570068e+06,-7.11593428e+05,1.67073744e+06,2.67797004e+05,-6.63670118e+05,-1.59573541e+06,0.00000000e+00,2.94733761e+09
2.23500000e+04,4.09885434e+01,2.92080707e+33,7.47390947e+38,-1.93092527e+39,-4.68490223e+39,5.28152365e+47,5.18303757e+47,1.95761653e+46,4.14648547e+48,3.00659270e+52,3.00717796e+52,-7.07102799e+51,2.65362656e+52,2.48521242e+06,-7.28034111e+05,1.63401305e+06,2.55885078e+05,-6.61093054e+05,-1.60397524e+06,0.00000000e+00,3.00935433e+09
2.23600000e+04,4.10147628e+01,2.92080889e+33,7.12631588e+38,-1.92360367e+39,-4.70806088e+39,5.29270778e+47,5.18776064e+47,1.92989740e+46,4.26989775e+48,3.00839798e+52,3.00899459e+52,-7.12367281e+51,2.65281095e+52,2.49444932e+06,-7.44380131e+05,1.59743225e+06,2.43984326e+05,-6.58585943e+05,-1.61190309e+06,0.00000000e+00,3.07610091e+09
2.23700000e+04,4.10409495e+01,2.92081069e+33,6.77871409e+38,-1.91654474e+39,-4.73041972e+39,5.30410602e+47,5.19251366e+47,1.89896718e+46,4.39057244e+48,3.01025936e+52,3.01086708e+52,-7.17897843e+51,2.65191815e+52,2.50344238e+06,-7.60684587e+05,1.56092505e+06,2.32083308e+05,-6.56168763e+05,-1.61955711e+06,0.00000000e+00,3.14732346e+09
2.23800000e+04,4.10674393e+01,2.92081254e+33,6.42479061e+38,-1.90948698e+39,-4.75211993e+39,5.31584747e+47,5.19744347e+47,1.86850208e+46,4.50762515e+48,3.01219928e+52,3.01281784e+52,-7.23739401e+51,2.65094814e+52,2.51227873e+06,-7.77167632e+05,1.52400587e+06,2.19965866e+05,-6.53751979e+05,-1.62698559e+06,0.00000000e+00,3.22359879e+09
2.23900000e+04,4.10947805e+01,2.92081451e+33,6.05946946e+38,-1.90264391e+39,-4.77361791e+39,5.32837188e+47,5.20242291e+47,1.83300998e+46,4.62081585e+48,3.01426085e+52,3.01488994e+52,-7.29989308e+51,2.64989529e+52,2.52108156e+06,-7.94187684e+05,1.48582108e+06,2.07458209e+05,-6.51408676e+05,-1.63434477e+06,0.00000000e+00,3.30618558e+09
2.24000000e+04,4.11231836e+01,2.92081662e+33,5.68154419e+38,-1.89558677e+39,-4.79505945e+39,5.34183854e+47,5.20747740e+47,1.79265733e+46,4.72914159e+48,3.01646681e+52,3.01710606e+52,-7.36664957e+51,2.64877358e+52,2.52987276e+06,-8.11846509e+05,1.44598124e+06,1.94519031e+05,-6.48992052e+05,-1.64168452e+06,0.00000000e+00,3.39615870e+09
2.24100000e+04,4.11519421e+01,2.92081859e+33,5.29371398e+38,-1.88878736e+39,-4.81587179e+39,5.35542719e+47,5.21248657e+47,1.75133270e+46,4.83153654e+48,3.01876347e+52,3.01941225e+52,-7.43553564e+51,2.64763546e+52,2.53874554e+06,-8.29666176e+05,1.40611519e+06,1.81240766e+05,-6.46663701e+05,-1.64880894e+06,0.00000000e+00,3.49469567e+09
2.24200000e+04,4.11803104e+01,2.92082070e+33,4.91140993e+38,-1.88199563e+39,-4.83592727e+39,5.36892363e+47,5.21714366e+47,1.70640882e+46,4.91812267e+48,3.02108707e+52,3.02174417e+52,-7.50400480e+51,2.64654393e+52,2.54700198e+06,-8.47167856e+05,1.36634274e+06,1.68151709e+05,-6.44337953e+05,-1.65567413e+06,0.00000000e+00,3.58885224e+09
2.24300000e+04,4.12082581e+01,2.92082265e+33,4.53152744e+38,-1.87532593e+39,-4.85509286e+39,5.38248342e+47,5.22168580e+47,1.66281907e+46,4.99540626e+48,3.02342984e+52,3.02409439e+52,-7.57104625e+51,2.64554208e+52,2.55506052e+06,-8.64269279e+05,1.32751955e+06,1.55145587e+05,-6.42054022e+05,-1.66223473e+06,0.00000000e+00,3.68697099e+09
2.24400000e+04,4.12359089e+01,2.92082466e+33,4.15340885e+38,-1.86860901e+39,-4.87351798e+39,5.39637309e+47,5.22645240e+47,1.62155493e+46,5.05975866e+48,3.02579551e+52,3.02646646e+52,-7.63612118e+51,2.64466040e+52,2.56269960e+06,-8.81049634e+05,1.28891010e+06,1.42199869e+05,-6.39753913e+05,-1.66854178e+06,0.00000000e+00,3.78149068e+09
2.24500000e+04,4.12635059e+01,2.92082657e+33,3.77187812e+38,-1.86195955e+39,-4.89129265e+39,5.41015779e+47,5.23139182e+47,1.58293408e+46,5.11557052e+48,3.02820529e+52,3.02888181e+52,-7.69896489e+51,2.64393357e+52,2.57024780e+06,-8.97641252e+05,1.25070102e+06,1.29137353e+05,-6.37476928e+05,-1.67462619e+06,0.00000000e+00,3.87567675e+09
2.24600000e+04,4.12910912e+01,2.92082857e+33,3.38964446e+38,-1.85497538e+39,-4.90860040e+39,5.42378875e+47,5.23666259e+47,1.53994061e+46,5.16229655e+48,3.03065976e+52,3.03134117e+52,-7.75872034e+51,2.64340515e+52,2.57739443e+06,-9.14057796e+05,1.21213380e+06,1.16050784e+05,-6.35085331e+05,-1.68055067e+06,0.00000000e+00,3.96555938e+09
2.24700000e+04,4.13187020e+01,2.92083048e+33,3.00731186e+38,-1.84787010e+39,-4.92551264e+39,5.43771505e+47,5.24210170e+47,1.49065760e+46,5.20481675e+48,3.03314629e+52,3.03383215e+52,-7.81459114e+51,2.64310259e+52,2.58441917e+06,-9.30373632e+05,1.17379502e+06,1.02960849e+05,-6.32652293e+05,-1.68633979e+06,0.00000000e+00,4.05240035e+09
2.24800000e+04,4.13465192e+01,2.92083251e+33,2.62335712e+38,-1.84045168e+39,-4.94197948e+39,5.45246770e+47,5.24820871e+47,1.43623894e+46,5.24090144e+48,3.03567365e+52,3.03636359e+52,-7.86593791e+51,2.64306669e+52,2.59104102e+06,-9.46696329e+05,1.13448000e+06,8.98153904e+04,-6.30112022e+05,-1.69197634e+06,0.00000000e+00,4.13167052e+09
2.24900000e+04,4.13746037e+01,2.92083458e+33,2.23492814e+38,-1.83257034e+39,-4.95816278e+39,5.46744163e+47,5.25457198e+47,1.37919970e+46,5.27737293e+48,3.03824614e+52,3.03894033e+52,-7.91171337e+51,2.64335466e+52,2.59738980e+06,-9.63069232e+05,1.09428389e+06,7.65167654e+04,-6.27413260e+05,-1.69751578e+06,0.00000000e+00,4.20395359e+09
2.25000000e+04,4.14030610e+01,2.92083670e+33,1.84011281e+38,-1.82453120e+39,-4.97411640e+39,5.48200272e+47,5.26146155e+47,1.31720005e+46,5.31577221e+48,3.04085877e+52,3.04155758e+52,-7.95093580e+51,2.64401079e+52,2.60347208e+06,-9.79554333e+05,1.05296976e+06,6.29995101e+04,-6.24660461e+05,-1.70297655e+06,0.00000000e+00,4.26729872e+09
2.25100000e+04,4.14319077e+01,2.92083888e+33,1.43738378e+38,-1.81619926e+39,-4.98951854e+39,5.49697363e+47,5.26862320e+47,1.25165837e+46,5.36000609e+48,3.04350118e+52,3.04420543e+52,-7.98237175e+51,2.64508684e+52,2.60925070e+06,-9.96146917e+05,1.01029083e+06,4.92113343e+04,-6.21807410e+05,-1.70824847e+06,0.00000000e+00,4.31866684e+09
2.25200000e+04,4.14611603e+01,2.92084112e+33,1.02541867e+38,-1.80752352e+39,-5.00443233e+39,5.51187721e+47,5.27561357e+47,1.18698758e+46,5.41342427e+48,3.04616515e+52,3.04687586e+52,-8.00484302e+51,2.64663371e+52,2.61466274e+06,-1.01287298e+06,9.66022662e+05,3.51069651e+04,-6.18836647e+05,-1.71335315e+06,0.00000000e+00,4.35572252e+09
2.25300000e+04,4.14908375e+01,2.92084342e+33,6.04049319e+37,-1.79842262e+39,-5.01874900e+39,5.52625188e+47,5.28200885e+47,1.12450914e+46,5.47887324e+48,3.04883479e+52,3.04955319e+52,-8.01736169e+51,2.64868511e+52,2.61966394e+06,-1.02972099e+06,9.19943234e+05,2.06806471e+04,-6.15720313e+05,-1.71825335e+06,0.00000000e+00,4.37638519e+09
2.25400000e+04,4.15210789e+01,2.92084569e+33,1.70062061e+37,-1.78886129e+39,-5.03252661e+39,5.54025084e+47,5.28765403e+47,1.06443624e+46,5.56089759e+48,3.05151398e+52,3.05224159e+52,-8.01914479e+51,2.65128435e+52,2.62440046e+06,-1.04670603e+06,8.71842150e+05,5.82235691e+03,-6.12446354e+05,-1.72296901e+06,0.00000000e+00,4.38282111e+09
2.25500000e+04,4.15520863e+01,2.92084820e+33,-2.78923525e+37,-1.77866156e+39,-5.04551973e+39,5.55347191e+47,5.29268342e+47,1.00125095e+46,5.64959815e+48,3.05420499e+52,3.05494289e+52,-8.00961568e+51,2.65446210e+52,2.62845483e+06,-1.06405147e+06,8.21398587e+05,-9.54940161e+03,-6.08953781e+05,-1.72741594e+06,0.00000000e+00,4.36650851e+09
2.25600000e+04,4.15842585e+01,2.92085089e+33,-7.47445582e+37,-1.76759600e+39,-5.05785401e+39,5.56604000e+47,5.29675628e+47,9.29702719e+45,5.75774146e+48,3.05693530e+52,3.05768553e+52,-7.98722338e+51,2.65832436e+52,2.63194122e+06,-1.08184212e+06,7.67371710e+05,-2.55899945e+04,-6.05164748e+05,-1.73163718e+06,0.00000000e+00,4.33156762e+09
2.25700000e+04,4.16167489e+01,2.92085364e+33,-1.22245418e+38,-1.75593493e+39,-5.06921960e+39,5.57760667e+47,5.29937363e+47,8.58522030e+45,5.87593674e+48,3.05962090e+52,3.06038429e+52,-7.95202643e+51,2.66278297e+52,2.63484312e+06,-1.09960388e+06,7.11868697e+05,-4.18526339e+04,-6.01171832e+05,-1.73552674e+06,0.00000000e+00,4.27810885e+09
2.25800000e+04,4.16514997e+01,2.92085677e+33,-1.72921580e+38,-1.74290872e+39,-5.08038510e+39,5.58837031e+47,5.30017514e+47,7.84487458e+45,6.00166063e+48,3.06239504e+52,3.06317244e+52,-7.90135255e+51,2.66810481e+52,2.63698290e+06,-1.11841778e+06,6.51720692e+05,-5.92023484e+04,-5.96711465e+05,-1.73934756e+06,0.00000000e+00,4.19856246e+09
2.25900000e+04,4.16856867e+01,2.92085980e+33,-2.22665355e+38,-1.72953939e+39,-5.09043637e+39,5.59770180e+47,5.29970777e+47,7.17201596e+45,6.12302277e+48,3.06500611e+52,3.06579653e+52,-7.83955445e+51,2.67381881e+52,2.63842660e+06,-1.13670169e+06,5.92012902e+05,-7.62328116e+04,-5.92133656e+05,-1.74278696e+06,0.00000000e+00,4.10370765e+09
2.26000000e+04,4.17180420e+01,2.92086241e+33,-2.70113596e+38,-1.71621829e+39,-5.09899595e+39,5.60532066e+47,5.29873623e+47,6.47201081e+45,6.21511721e+48,3.06739955e+52,3.06819916e+52,-7.77210015e+51,2.67959416e+52,2.63964752e+06,-1.15378578e+06,5.35295578e+05,-9.24773434e+04,-5.87572452e+05,-1.74571590e+06,0.00000000e+00,4.00634610e+09
2.26100000e+04,4.17565414e+01,2.92086623e+33,-3.26858316e+38,-1.69983120e+39,-5.10800450e+39,5.61160030e+47,5.29625978e+47,5.52099798e+45,6.29744537e+48,3.07012573e+52,3.07093442e+52,-7.68250412e+51,2.68680922e+52,2.63899885e+06,-1.17416766e+06,4.67435736e+05,-1.11904583e+05,-5.81961331e+05,-1.74879782e+06,0.00000000e+00,3.86623680e+09
2.26200000e+04,4.17932625e+01,2.92086972e+33,-3.80769646e+38,-1.68379617e+39,-5.11528743e+39,5.61643356e+47,5.29446189e+47,4.52434931e+45,6.34844867e+48,3.07259235e+52,3.07340601e+52,-7.58954565e+51,2.69392873e+52,2.63766743e+06,-1.19340213e+06,4.02534372e+05,-1.30361736e+05,-5.76470822e+05,-1.75128915e+06,0.00000000e+00,3.73243682e+09
2.26300000e+04,4.18280045e+01,2.92087284e+33,-4.31643572e+38,-1.66812994e+39,-5.12112837e+39,5.62015463e+47,5.29241277e+47,3.55316473e+45,6.35483336e+48,3.07482474e+52,3.07563821e+52,-7.49749485e+51,2.70076347e+52,2.63592549e+06,-1.21143312e+06,3.41078868e+05,-1.47778967e+05,-5.71106662e+05,-1.75328699e+06,0.00000000e+00,3.60258723e+09
2.26400000e+04,4.18613675e+01,2.92087573e+33,-4.80415117e+38,-1.65267983e+39,-5.12575163e+39,5.62313223e+47,5.28992330e+47,2.56368874e+45,6.32088824e+48,3.07688764e+52,3.07769649e+52,-7.40722054e+51,2.70733547e+52,2.63371715e+06,-1.22860585e+06,2.82033163e+05,-1.64476397e+05,-5.65816549e+05,-1.75486809e+06,0.00000000e+00,3.47705602e+09
2.26500000e+04,4.18949840e+01,2.92087866e+33,-5.29428911e+38,-1.63657003e+39,-5.12942543e+39,5.62546500e+47,5.28738295e+47,1.57766128e+45,6.24729477e+48,3.07889279e+52,3.07969308e+52,-7.31603812e+51,2.71389117e+52,2.63078264e+06,-1.24580416e+06,2.22579716e+05,-1.81256728e+05,-5.60300586e+05,-1.75612411e+06,0.00000000e+00,3.35186818e+09
2.26600000e+04,4.19315758e+01,2.92088213e+33,-5.82790008e+38,-1.61821282e+39,-5.13219238e+39,5.62812817e+47,5.28444939e+47,5.30779232e+44,6.12726355e+48,3.08100368e+52,3.08179118e+52,-7.21813978e+51,2.72088419e+52,2.62638592e+06,-1.26447198e+06,1.57961604e+05,-1.99525343e+05,-5.54015104e+05,-1.75706932e+06,0.00000000e+00,3.21846426e+09
2.26700000e+04,4.19702521e+01,2.92088598e+33,-6.39222132e+38,-1.59818961e+39,-5.13381286e+39,5.63164240e+47,5.28099734e+47,-6.07285618e+44,5.96692664e+48,3.08315443e+52,3.08392531e+52,-7.11765838e+51,2.72804239e+52,2.62038049e+06,-1.28410649e+06,8.97833133e+04,-2.18845287e+05,-5.47159191e+05,-1.75762179e+06,0.00000000e+00,3.08548668e+09
2.26800000e+04,4.20103581e+01,2.92089012e+33,-6.97632438e+38,-1.57644429e+39,-5.13393804e+39,5.63663232e+47,5.27638083e+47,-1.80074846e+45,5.76533658e+48,3.08531992e+52,3.08607014e+52,-7.01850549e+51,2.73514487e+52,2.61312300e+06,-1.30434942e+06,1.92110861e+04,-2.38842411e+05,-5.39713657e+05,-1.75766216e+06,0.00000000e+00,2.95814250e+09
2.26900000e+04,4.20557230e+01,2.92089540e+33,-7.63463253e+38,-1.55035124e+39,-5.13234043e+39,5.64230557e+47,5.27084767e+47,-3.16557203e+45,5.50717339e+48,3.08771637e+52,3.08844089e+52,-6.91427906e+51,2.74272694e+52,2.60317971e+06,-1.32722171e+06,-6.04416704e+04,-2.61379868e+05,-5.30779445e+05,-1.75711203e+06,0.00000000e+00,2.82544648e+09
2.27000000e+04,4.21033780e+01,2.92090120e+33,-8.32534241e+38,-1.52141614e+39,-5.12861121e+39,5.64843651e+47,5.26575525e+47,-4.69412617e+45,5.22303949e+48,3.09017552e+52,3.09087205e+52,-6.81522514e+51,2.75011079e+52,2.59114384e+06,-1.35107169e+06,-1.43935423e+05,-2.85026499e+05,-5.20872169e+05,-1.75583180e+06,0.00000000e+00,2.70488649e+09
2.27100000e+04,4.21513273e+01,2.92090707e+33,-9.01693254e+38,-1.49041204e+39,-5.12271438e+39,5.65471538e+47,5.26178780e+47,-6.27858467e+45,4.93611166e+48,3.09261929e+52,3.09328759e+52,-6.72795711e+51,2.75688974e+52,2.57784628e+06,-1.37478895e+06,-2.27771098e+05,-3.08703164e+05,-5.10256576e+05,-1.75380944e+06,0.00000000e+00,2.60162632e+09
2.27200000e+04,4.21995250e+01,2.92091299e+33,-9.71400510e+38,-1.45793603e+39,-5.11480324e+39,5.66047831e+47,5.25833347e+47,-7.93016837e+45,4.66315248e+48,3.09506232e+52,3.09570377e+52,-6.65388261e+51,2.76300964e+52,2.56330604e+06,-1.39828870e+06,-3.11878864e+05,-3.32567424e+05,-4.99137097e+05,-1.75109743e+06,0.00000000e+00,2.51569865e+09
2.27300000e+04,4.22479015e+01,2.92091868e+33,-1.04106534e+39,-1.42415426e+39,-5.10517997e+39,5.66597400e+47,5.25601236e+47,-9.57608198e+45,4.41940352e+48,3.09751727e+52,3.09813434e+52,-6.59406598e+51,2.76843104e+52,2.54783897e+06,-1.42143857e+06,-3.96148558e+05,-3.56417092e+05,-4.87570665e+05,-1.74779942e+06,0.00000000e+00,2.44758044e+09
2.27400000e+04,4.22938340e+01,2.92092360e+33,-1.10717039e+39,-1.39138011e+39,-5.09419541e+39,5.67110981e+47,5.25438081e+47,-1.10877454e+46,4.23560206e+48,3.09985700e+52,3.10045492e+52,-6.55104180e+51,2.77290283e+52,2.53227658e+06,-1.44301239e+06,-4.75975518e+05,-3.79048050e+05,-4.76349369e+05,-1.74403583e+06,0.00000000e+00,2.40307634e+09
2.27500000e+04,4.23398258e+01,2.92092902e+33,-1.17290445e+39,-1.35786602e+39,-5.08155426e+39,5.67498561e+47,5.25247101e+47,-1.25973760e+46,4.08881472e+48,3.10226794e+52,3.10285124e+52,-6.52221853e+51,2.77674032e+52,2.51570934e+06,-1.46441838e+06,-5.55799914e+05,-4.01551850e+05,-4.64874706e+05,-1.73970480e+06,0.00000000e+00,2.36663425e+09
2.27600000e+04,4.23884354e+01,2.92093505e+33,-1.24205780e+39,-1.32147482e+39,-5.06611149e+39,5.67910145e+47,5.25104728e+47,-1.41029047e+46,4.00238807e+48,3.10485769e+52,3.10543269e+52,-6.50684367e+51,2.78009051e+52,2.49663201e+06,-1.48652994e+06,-6.39963693e+05,-4.25226093e+05,-4.52414996e+05,-1.73441429e+06,0.00000000e+00,2.34850559e+09
2.27700000e+04,4.24369999e+01,2.92094106e+33,-1.31041545e+39,-1.28434566e+39,-5.04859194e+39,5.68346903e+47,5.24975864e+47,-1.54591367e+46,3.98314893e+48,3.10752344e+52,3.10809677e+52,-6.50715980e+51,2.78273878e+52,2.47645043e+06,-1.50817074e+06,-7.23853460e+05,-4.48627830e+05,-4.39702696e+05,-1.72841280e+06,0.00000000e+00,2.34784991e+09
2.27800000e+04,4.24854591e+01,2.92094705e+33,-1.37768460e+39,-1.24682816e+39,-5.02888097e+39,5.68792151e+47,5.24828700e+47,-1.66583172e+46,4.03071628e+48,3.11028202e+52,3.11086024e+52,-6.52302630e+51,2.78470893e+52,2.45516769e+06,-1.52931389e+06,-8.07327071e+05,-4.71656822e+05,-4.26857502e+05,-1.72166112e+06,0.00000000e+00,2.36454464e+09
2.27900000e+04,4.25337515e+01,2.92095300e+33,-1.44389767e+39,-1.20913290e+39,-5.00700898e+39,5.69210211e+47,5.24701356e+47,-1.77952245e+46,4.14193746e+48,3.11315102e+52,3.11374024e+52,-6.55409802e+51,2.78603534e+52,2.43285353e+06,-1.54996215e+06,-8.90246050e+05,-4.94324172e+05,-4.13951508e+05,-1.71416965e+06,0.00000000e+00,2.39711954e+09
2.28000000e+04,4.25807627e+01,2.92095864e+33,-1.50751209e+39,-1.17203030e+39,-4.98356847e+39,5.69738578e+47,5.24594562e+47,-1.88281670e+46,4.30595205e+48,3.11607680e+52,3.11668208e+52,-6.59892433e+51,2.78673586e+52,2.41021795e+06,-1.56969348e+06,-9.70696155e+05,-5.16101826e+05,-4.01248509e+05,-1.70614140e+06,0.00000000e+00,2.44568690e+09
2.28100000e+04,4.26263053e+01,2.92096394e+33,-1.56852294e+39,-1.13561639e+39,-4.95869107e+39,5.70324064e+47,5.24504825e+47,-1.98637901e+46,4.50713314e+48,3.11905667e+52,3.11968147e+52,-6.65601900e+51,2.78688052e+52,2.38756649e+06,-1.58852658e+06,-1.04842732e+06,-5.36988121e+05,-3.88781379e+05,-1.69762146e+06,0.00000000e+00,2.50954212e+09
2.28200000e+04,4.26723094e+01,2.92096935e+33,-1.62911529e+39,-1.09832264e+39,-4.93171037e+39,5.71016145e+47,5.24561128e+47,-2.09728661e+46,4.74097543e+48,3.12223178e+52,3.12287932e+52,-6.72698903e+51,2.78652987e+52,2.36384504e+06,-1.60713491e+06,-1.12664551e+06,-5.57731045e+05,-3.76013066e+05,-1.68838142e+06,0.00000000e+00,2.58970098e+09
2.28300000e+04,4.27171419e+01,2.92097417e+33,-1.68726526e+39,-1.06209044e+39,-4.90356297e+39,5.71798428e+47,5.24849286e+47,-2.19590824e+46,4.99384780e+48,3.12548496e+52,3.12615662e+52,-6.80838674e+51,2.78573728e+52,2.34028071e+06,-1.62514628e+06,-1.20272784e+06,-5.77637856e+05,-3.63608294e+05,-1.67874232e+06,0.00000000e+00,2.68594179e+09
2.28400000e+04,4.27577168e+01,2.92097808e+33,-1.73873215e+39,-1.02907282e+39,-4.87635458e+39,5.72606121e+47,5.25318811e+47,-2.28030722e+46,5.22496199e+48,3.12858410e+52,3.12927759e+52,-6.89227542e+51,2.78466382e+52,2.31890443e+06,-1.64184964e+06,-1.27185982e+06,-5.95256828e+05,-3.52304192e+05,-1.66942526e+06,0.00000000e+00,2.78963794e+09
2.28500000e+04,4.27963508e+01,2.92098193e+33,-1.78679856e+39,-9.97528369e+38,-4.84883930e+39,5.73550651e+47,5.25989713e+47,-2.36669353e+46,5.43988388e+48,3.13166231e+52,3.13237656e+52,-6.98037694e+51,2.78335771e+52,2.29794197e+06,-1.65739678e+06,-1.33747898e+06,-6.11711611e+05,-3.41504465e+05,-1.66000319e+06,0.00000000e+00,2.89317539e+09
2.28600000e+04,4.28307061e+01,2.92098484e+33,-1.82906077e+39,-9.69475476e+38,-4.82304077e+39,5.74481378e+47,5.26621262e+47,-2.44898130e+46,5.62843502e+48,3.13450887e+52,3.13524090e+52,-7.06460833e+51,2.78201048e+52,2.27951567e+06,-1.67166706e+06,-1.39619622e+06,-6.26179483e+05,-3.31900208e+05,-1.65116940e+06,0.00000000e+00,3.00258747e+09
2.28700000e+04,4.28653490e+01,2.92098780e+33,-1.87076294e+39,-9.41058680e+38,-4.79599483e+39,5.75527191e+47,5.27283685e+47,-2.53553018e+46,5.79024527e+48,3.13748623e+52,3.13823373e+52,-7.15478234e+51,2.78049461e+52,2.26065961e+06,-1.68642808e+06,-1.45585925e+06,-6.40455582e+05,-3.22171384e+05,-1.64190855e+06,0.00000000e+00,3.11704881e+09
2.28800000e+04,4.29012823e+01,2.92099113e+33,-1.91312286e+39,-9.11503776e+38,-4.76676647e+39,5.76758248e+47,5.28071940e+47,-2.62491047e+46,5.94466158e+48,3.14067953e+52,3.14144233e+52,-7.25229654e+51,2.77882750e+52,2.24048920e+06,-1.70064858e+06,-1.51670128e+06,-6.54956751e+05,-3.12052908e+05,-1.63190036e+06,0.00000000e+00,3.24232448e+09
2.28900000e+04,4.29324693e+01,2.92099344e+33,-1.94962666e+39,-8.86124996e+38,-4.74016620e+39,5.77907974e+47,5.28806690e+47,-2.69649628e+46,6.07414618e+48,3.14352575e+52,3.14430063e+52,-7.33925939e+51,2.77733766e+52,2.22348635e+06,-1.71374412e+06,-1.57016490e+06,-6.67453283e+05,-3.03364254e+05,-1.62279248e+06,0.00000000e+00,3.36397216e+09
2.29000000e+04,4.29636434e+01,2.92099600e+33,-1.98573174e+39,-8.60492294e+38,-4.71268234e+39,5.79186910e+47,5.29605739e+47,-2.76666278e+46,6.15197968e+48,3.14647255e+52,3.14725507e+52,-7.42805543e+51,2.77585229e+52,2.20611131e+06,-1.72721226e+06,-1.62404575e+06,-6.79813233e+05,-2.94588659e+05,-1.61338199e+06,0.00000000e+00,3.48680251e+09
2.29100000e+04,4.30022447e+01,2.92099984e+33,-2.02991109e+39,-8.28931281e+38,-4.67724522e+39,5.80924121e+47,5.30697324e+47,-2.85235867e+46,6.23838794e+48,3.15020113e+52,3.15099329e+52,-7.53751094e+51,2.77411774e+52,2.18329926e+06,-1.74120480e+06,-1.68808823e+06,-6.94937076e+05,-2.83783406e+05,-1.60124802e+06,0.00000000e+00,3.63208288e+09
2.29200000e+04,4.30422797e+01,2.92100396e+33,-2.07550238e+39,-7.96064798e+38,-4.63896652e+39,5.82858212e+47,5.31806952e+47,-2.94713032e+46,6.30278419e+48,3.15416963e+52,3.15496993e+52,-7.64777599e+51,2.77258114e+52,2.15902627e+06,-1.75511887e+06,-1.75393977e+06,-7.10544187e+05,-2.72531229e+05,-1.58814113e+06,0.00000000e+00,3.79187620e+09
2.29300000e+04,4.30837479e+01,2.92100794e+33,-2.12260128e+39,-7.61601124e+38,-4.59733174e+39,5.85087520e+47,5.32931198e+47,-3.06263843e+46,6.34615104e+48,3.15837701e+52,3.15918307e+52,-7.75570232e+51,2.77139795e+52,2.13392444e+06,-1.76959882e+06,-1.82220609e+06,-7.26667410e+05,-2.60732302e+05,-1.57388540e+06,0.00000000e+00,3.95846660e+09
2.29400000e+04,4.31227951e+01,2.92101187e+33,-2.16665784e+39,-7.28910569e+38,-4.55633016e+39,5.87362394e+47,5.34091446e+47,-3.18669051e+46,6.36813309e+48,3.16238794e+52,3.16319810e+52,-7.84832353e+51,2.77078192e+52,2.10942865e+06,-1.78231479e+06,-1.88562380e+06,-7.41749071e+05,-2.49540434e+05,-1.55984651e+06,0.00000000e+00,4.09448134e+09
2.29500000e+04,4.31607595e+01,2.92101540e+33,-2.20944119e+39,-6.97153534e+38,-4.51501687e+39,5.89651024e+47,5.35315636e+47,-3.32198130e+46,6.39104234e+48,3.16633291e+52,3.16714670e+52,-7.92648433e+51,2.77082249e+52,2.08593228e+06,-1.79470351e+06,-1.94747868e+06,-7.56394915e+05,-2.38668216e+05,-1.54570115e+06,0.00000000e+00,4.22721405e+09
2.29600000e+04,4.31977420e+01,2.92101878e+33,-2.25089237e+39,-6.65824151e+38,-4.47356295e+39,5.91888472e+47,5.36516131e+47,-3.46239937e+46,6.41723075e+48,3.17016171e+52,3.17097922e+52,-7.98888815e+51,2.77153481e+52,2.06257652e+06,-1.80618534e+06,-2.00728928e+06,-7.70584696e+05,-2.27942441e+05,-1.53150777e+06,0.00000000e+00,4.32770611e+09
2.29700000e+04,4.32313837e+01,2.92102150e+33,-2.28847857e+39,-6.36896344e+38,-4.43496605e+39,5.93812009e+47,5.37557041e+47,-3.59442961e+46,6.42677355e+48,3.17364617e+52,3.17446456e+52,-8.03233693e+51,2.77284772e+52,2.04229098e+06,-1.81771139e+06,-2.06302269e+06,-7.83451464e+05,-2.18038910e+05,-1.51829285e+06,0.00000000e+00,4.40172893e+09
2.29800000e+04,4.32666391e+01,2.92102471e+33,-2.32752840e+39,-6.06691857e+38,-4.39351366e+39,5.95563461e+47,5.38669521e+47,-3.73052645e+46,6.46046192e+48,3.17724163e+52,3.17806403e+52,-8.06199352e+51,2.77496435e+52,2.01918124e+06,-1.82763894e+06,-2.11944174e+06,-7.96819142e+05,-2.07698296e+05,-1.50410013e+06,0.00000000e+00,4.44524502e+09
2.29900000e+04,4.33004806e+01,2.92102768e+33,-2.36464106e+39,-5.77665305e+38,-4.35274610e+39,5.97089265e+47,5.39718325e+47,-3.85623305e+46,6.52250062e+48,3.18062518e+52,3.18145379e+52,-8.07347798e+51,2.77777989e+52,1.99676830e+06,-1.83670429e+06,-2.17337363e+06,-8.09523674e+05,-1.97760983e+05,-1.49014202e+06,0.00000000e+00,4.46723800e+09
2.30000000e+04,4.33342345e+01,2.92103049e+33,-2.40137857e+39,-5.48464073e+38,-4.31103849e+39,5.98585131e+47,5.40644560e+47,-3.97387373e+46,6.59186832e+48,3.18391480e+52,3.18474966e+52,-8.06878014e+51,2.78131065e+52,1.97429390e+06,-1.84557395e+06,-2.22716772e+06,-8.22099795e+05,-1.87763899e+05,-1.47586220e+06,0.00000000e+00,4.46417967e+09
2.30100000e+04,4.33661692e+01,2.92103314e+33,-2.43595844e+39,-5.20584293e+38,-4.27059615e+39,6.00014015e+47,5.41464421e+47,-4.07832978e+46,6.66857749e+48,3.18692644e+52,3.18776808e+52,-8.04972642e+51,2.78528176e+52,1.95239011e+06,-1.85336622e+06,-2.27753470e+06,-8.33937283e+05,-1.78219236e+05,-1.46201564e+06,0.00000000e+00,4.43495245e+09
2.30200000e+04,4.33972049e+01,2.92103565e+33,-2.46933631e+39,-4.93353834e+38,-4.23032332e+39,6.01321923e+47,5.42303203e+47,-4.19095839e+46,6.74951267e+48,3.18976243e+52,3.19061097e+52,-8.01811459e+51,2.78970524e+52,1.93070344e+06,-1.86048516e+06,-2.32616302e+06,-8.45363292e+05,-1.68896889e+05,-1.44822721e+06,0.00000000e+00,4.38559688e+09
2.30300000e+04,4.34283440e+01,2.92103817e+33,-2.50271866e+39,-4.65909949e+38,-4.18892143e+39,6.02456850e+47,5.43256485e+47,-4.31341066e+46,6.82794874e+48,3.19251492e+52,3.19337007e+52,-7.97445309e+51,2.79464741e+52,1.90830522e+06,-1.86709825e+06,-2.37444044e+06,-8.56790809e+05,-1.59501493e+05,-1.43405227e+06,0.00000000e+00,4.31774701e+09
2.30400000e+04,4.34572948e+01,2.92104029e+33,-2.53371818e+39,-4.40255312e+38,-4.14947198e+39,6.03371104e+47,5.44222602e+47,-4.43625440e+46,6.90133736e+48,3.19498204e+52,3.19584259e+52,-7.92397694e+51,2.79964374e+52,1.88730638e+06,-1.87291085e+06,-2.41916778e+06,-8.67402684e+05,-1.50718672e+05,-1.42054596e+06,0.00000000e+00,4.24471053e+09
2.30500000e+04,4.34907595e+01,2.92104319e+33,-2.56917579e+39,-4.10368431e+38,-4.10304317e+39,6.04305968e+47,5.45398788e+47,-4.57678398e+46,6.95956447e+48,3.19773341e+52,3.19859873e+52,-7.85566892e+51,2.80581528e+52,1.86122199e+06,-1.87869269e+06,-2.46941217e+06,-8.79540501e+05,-1.40486944e+05,-1.40464995e+06,0.00000000e+00,4.13184750e+09
2.30600000e+04,4.35224505e+01,2.92104580e+33,-2.60224893e+39,-3.82114148e+38,-4.05853619e+39,6.05034596e+47,5.46453281e+47,-4.70850660e+46,7.02226295e+48,3.20021404e+52,3.20108395e+52,-7.78185066e+51,2.81199142e+52,1.83547448e+06,-1.88331499e+06,-2.51628414e+06,-8.90862076e+05,-1.30814158e+05,-1.38941204e+06,0.00000000e+00,4.01836496e+09
2.30700000e+04,4.35545429e+01,2.92104848e+33,-2.63516164e+39,-3.53533771e+38,-4.01268194e+39,6.05638224e+47,5.47403216e+47,-4.83673938e+46,7.04845749e+48,3.20261816e+52,3.20348916e+52,-7.70046097e+51,2.81846611e+52,1.80887104e+06,-1.88768986e+06,-2.56337072e+06,-9.02128691e+05,-1.21029751e+05,-1.37371289e+06,0.00000000e+00,3.89781715e+09
2.30800000e+04,4.35943408e+01,2.92105257e+33,-2.67545014e+39,-3.17928169e+38,-3.95476298e+39,6.06161375e+47,5.48424121e+47,-4.97385895e+46,7.04207044e+48,3.20547300e+52,3.20634324e+52,-7.59232435e+51,2.82672702e+52,1.77320922e+06,-1.89181920e+06,-2.61969520e+06,-9.15919888e+05,-1.08840276e+05,-1.35388285e+06,0.00000000e+00,3.73014601e+09
2.30900000e+04,4.36377204e+01,2.92105715e+33,-2.71838485e+39,-2.78860236e+38,-3.89049207e+39,6.06626906e+47,5.49376225e+47,-5.10401460e+46,7.00480360e+48,3.20838489e+52,3.20925120e+52,-7.46771850e+51,2.83586527e+52,1.73250915e+06,-1.89516209e+06,-2.67951203e+06,-9.30616798e+05,-9.54655188e+04,-1.33187811e+06,0.00000000e+00,3.54962254e+09
2.31000000e+04,4.36824071e+01,2.92106226e+33,-2.76147693e+39,-2.38625198e+38,-3.82341047e+39,6.07125089e+47,5.50251808e+47,-5.22723314e+46,6.90179784e+48,3.21122615e+52,3.21208264e+52,-7.33692766e+51,2.84523626e+52,1.68936925e+06,-1.89781503e+06,-2.73979862e+06,-9.45367362e+05,-8.16912397e+04,-1.30891098e+06,0.00000000e+00,3.36749480e+09
2.31100000e+04,4.37283684e+01,2.92106766e+33,-2.80453097e+39,-1.97025935e+38,-3.75375897e+39,6.07686214e+47,5.51238664e+47,-5.33752760e+46,6.72890951e+48,3.21399761e+52,3.21483726e+52,-7.20371566e+51,2.85465148e+52,1.64404629e+06,-1.89980017e+06,-2.80067416e+06,-9.60104762e+05,-6.74499730e+04,-1.28506403e+06,0.00000000e+00,3.18851066e+09
2.31200000e+04,4.37747560e+01,2.92107316e+33,-2.84657969e+39,-1.54878002e+38,-3.68248342e+39,6.08257194e+47,5.52309641e+47,-5.44202511e+46,6.49222612e+48,3.21666649e+52,3.21748265e+52,-7.07449315e+51,2.86375799e+52,1.59747657e+06,-1.90113505e+06,-2.86098731e+06,-9.74497911e+05,-5.30209253e+04,-1.26066114e+06,0.00000000e+00,3.02047208e+09
2.31300000e+04,4.38210200e+01,2.92107863e+33,-2.88758708e+39,-1.12839983e+38,-3.61043189e+39,6.08777249e+47,5.53367868e+47,-5.53702363e+46,6.20417654e+48,3.21922613e+52,3.22001339e+52,-6.95395643e+51,2.87231556e+52,1.55030549e+06,-1.90188557e+06,-2.92008479e+06,-9.88534528e+05,-3.86295603e+04,-1.23599271e+06,0.00000000e+00,2.87029956e+09
2.31400000e+04,4.38678150e+01,2.92108422e+33,-2.92768439e+39,-7.01302221e+37,-3.53687408e+39,6.09298665e+47,5.54498269e+47,-5.62512336e+46,5.87594500e+48,3.22173793e+52,3.22249222e+52,-6.84256478e+51,2.88036398e+52,1.50194745e+06,-1.90208982e+06,-2.97872311e+06,-1.00225949e+06,-2.40082849e+04,-1.21080867e+06,0.00000000e+00,2.73586284e+09
2.31500000e+04,4.39149391e+01,2.92108988e+33,-2.96687734e+39,-2.68090094e+37,-3.46196446e+39,6.09889149e+47,5.55855632e+47,-5.70274589e+46,5.53110693e+48,3.22419752e+52,3.22491721e+52,-6.74235648e+51,2.88779939e+52,1.45263445e+06,-1.90167673e+06,-3.03654612e+06,-1.01567478e+06,-9.17774204e+03,-1.18516191e+06,0.00000000e+00,2.61767483e+09
2.31600000e+04,4.39605572e+01,2.92109520e+33,-3.00398017e+39,1.55836540e+37,-3.38851580e+39,6.10441450e+47,5.57201107e+47,-5.76367305e+46,5.20135198e+48,3.22653558e+52,3.22722190e+52,-6.65786987e+51,2.89432840e+52,1.40435264e+06,-1.90072552e+06,-3.09150814e+06,-1.02837462e+06,5.33486686e+03,-1.16001553e+06,0.00000000e+00,2.52134501e+09
2.31700000e+04,4.40056361e+01,2.92110040e+33,-3.03953226e+39,5.76858784e+37,-3.31514089e+39,6.11041252e+47,5.58408648e+47,-5.81807047e+46,4.89417195e+48,3.22882987e+52,3.22948500e+52,-6.58730236e+51,2.90011988e+52,1.35616891e+06,-1.89932684e+06,-3.14484113e+06,-1.04054358e+06,1.97479958e+04,-1.13489454e+06,0.00000000e+00,2.44216874e+09
2.31800000e+04,4.40534306e+01,2.92110622e+33,-3.07620752e+39,1.02311030e+38,-3.23638163e+39,6.11640298e+47,5.59580830e+47,-5.86813059e+46,4.60590954e+48,3.23126116e+52,3.23188751e+52,-6.52705002e+51,2.90553501e+52,1.30457227e+06,-1.89730172e+06,-3.20006898e+06,-1.05309677e+06,3.50247550e+04,-1.10793014e+06,0.00000000e+00,2.37343499e+09
2.31900000e+04,4.41001924e+01,2.92111181e+33,-3.11100088e+39,1.46240710e+38,-3.15847059e+39,6.12274535e+47,5.60664578e+47,-5.90696741e+46,4.37828216e+48,3.23365089e+52,3.23425431e+52,-6.48301384e+51,2.91010362e+52,1.25358282e+06,-1.89479218e+06,-3.25296097e+06,-1.06500575e+06,5.00633729e+04,-1.08125632e+06,0.00000000e+00,2.32531619e+09
2.32000000e+04,4.41454672e+01,2.92111704e+33,-3.14343418e+39,1.88961852e+38,-3.08225315e+39,6.12945024e+47,5.61684077e+47,-5.94406083e+46,4.21546526e+48,3.23599961e+52,3.23658648e+52,-6.45494384e+51,2.91383929e+52,1.20387813e+06,-1.89196482e+06,-3.30316584e+06,-1.07610689e+06,6.46882166e+04,-1.05516249e+06,0.00000000e+00,2.29480435e+09
2.32100000e+04,4.41908335e+01,2.92112230e+33,-3.17454627e+39,2.31872324e+38,-3.00503653e+39,6.13631069e+47,5.62704289e+47,-5.98208787e+46,4.11645533e+48,3.23840411e+52,3.23898085e+52,-6.44143087e+51,2.91690931e+52,1.15375115e+06,-1.88870107e+06,-3.35233971e+06,-1.08675568e+06,7.93778213e+04,-1.02872671e+06,0.00000000e+00,2.27896299e+09
2.32200000e+04,4.42365704e+01,2.92112765e+33,-3.20459180e+39,2.75195715e+38,-2.92613774e+39,6.14296215e+47,5.63715894e+47,-6.02574494e+46,4.08481999e+48,3.24089664e+52,3.24147000e+52,-6.44280275e+51,2.91932986e+52,1.10292870e+06,-1.88500162e+06,-3.40071754e+06,-1.09703929e+06,9.42087265e+04,-1.00171512e+06,0.00000000e+00,2.27927673e+09
2.32300000e+04,4.42826904e+01,2.92113308e+33,-3.23355206e+39,3.18656069e+38,-2.84577652e+39,6.14877340e+47,5.64697558e+47,-6.08043996e+46,4.12387112e+48,3.24349830e+52,3.24407529e+52,-6.45945731e+51,2.92110242e+52,1.05139249e+06,-1.88081743e+06,-3.44821291e+06,-1.10695130e+06,1.09086461e+05,-9.74202969e+05,0.00000000e+00,2.29637810e+09
2.32400000e+04,4.43289056e+01,2.92113853e+33,-3.26120503e+39,3.61818351e+38,-2.76445230e+39,6.15405803e+47,5.65593600e+47,-6.14041617e+46,4.23139290e+48,3.24621891e+52,3.24680605e+52,-6.49135507e+51,2.92223829e+52,9.99475443e+05,-1.87619909e+06,-3.49450137e+06,-1.11641574e+06,1.23862100e+05,-9.46361245e+05,0.00000000e+00,2.33005907e+09
2.32500000e+04,4.43747602e+01,2.92114390e+33,-3.28710278e+39,4.04363573e+38,-2.68266349e+39,6.15862627e+47,5.66421568e+47,-6.20123726e+46,4.40129048e+48,3.24905171e+52,3.24965494e+52,-6.53777062e+51,2.92276640e+52,9.47690430e+05,-1.87120351e+06,-3.53914099e+06,-1.12527931e+06,1.38426447e+05,-9.18360609e+05,0.00000000e+00,2.37965431e+09
2.32600000e+04,4.44203659e+01,2.92114921e+33,-3.31119554e+39,4.46891005e+38,-2.60026008e+39,6.16267343e+47,5.67143604e+47,-6.25531066e+46,4.62313439e+48,3.25202644e+52,3.25265075e+52,-6.59825915e+51,2.92273779e+52,8.95941273e+05,-1.86586098e+06,-3.58225339e+06,-1.13352496e+06,1.52984655e+05,-8.90149694e+05,0.00000000e+00,2.44567605e+09
2.32700000e+04,4.44668506e+01,2.92115473e+33,-3.33424804e+39,4.90032458e+38,-2.51522846e+39,6.16564931e+47,5.67899937e+47,-6.30255048e+46,4.89294945e+48,3.25523631e+52,3.25588644e+52,-6.67417242e+51,2.92217782e+52,8.42897249e+05,-1.85987195e+06,-3.62479014e+06,-1.14141439e+06,1.67752996e+05,-8.61039106e+05,0.00000000e+00,2.52954547e+09
2.32800000e+04,4.45132808e+01,2.92116023e+33,-3.35572766e+39,5.32576152e+38,-2.42939406e+39,6.16819696e+47,5.68653978e+47,-6.34151828e+46,5.19209134e+48,3.25863933e+52,3.25931804e+52,-6.76386344e+51,2.92112486e+52,7.89669199e+05,-1.85344560e+06,-3.66591557e+06,-1.14876535e+06,1.82316652e+05,-8.31653820e+05,0.00000000e+00,2.63117276e+09
2.32900000e+04,4.45596297e+01,2.92116571e+33,-3.37546867e+39,5.75036945e+38,-2.34259006e+39,6.16954589e+47,5.69405172e+47,-6.38148176e+46,5.50319936e+48,3.26224932e+52,3.26295779e+52,-6.86665214e+51,2.91962518e+52,7.36325844e+05,-1.84655733e+06,-3.70563529e+06,-1.15552112e+06,1.96851874e+05,-8.01936725e+05,0.00000000e+00,2.75097243e+09
2.33000000e+04,4.46055899e+01,2.92117111e+33,-3.39355988e+39,6.16741002e+38,-2.25527301e+39,6.16970105e+47,5.70138762e+47,-6.42691688e+46,5.80671568e+48,3.26604845e+52,3.26678615e+52,-6.98074710e+51,2.91774880e+52,6.83279426e+05,-1.83931231e+06,-3.74374067e+06,-1.16171212e+06,2.11127996e+05,-7.72044131e+05,0.00000000e+00,2.88889949e+09
2.33100000e+04,4.46511262e+01,2.92117640e+33,-3.41000515e+39,6.57950191e+38,-2.16784896e+39,6.16971818e+47,5.70954189e+47,-6.47833891e+46,6.08634357e+48,3.27003437e+52,3.27079918e+52,-7.10427565e+51,2.91558540e+52,6.30599091e+05,-1.83174603e+06,-3.78023126e+06,-1.16733969e+06,2.25234666e+05,-7.42115046e+05,0.00000000e+00,3.04338501e+09
2.33200000e+04,4.46962508e+01,2.92118161e+33,-3.42478418e+39,6.98539924e+38,-2.08069692e+39,6.17053427e+47,5.71911337e+47,-6.53745214e+46,6.32843491e+48,3.27419556e+52,3.27498408e+52,-7.23488894e+51,2.91323964e+52,5.78263555e+05,-1.82383596e+06,-3.81513282e+06,-1.17239687e+06,2.39129235e+05,-7.12279207e+05,0.00000000e+00,3.21294397e+09
2.33300000e+04,4.47409803e+01,2.92118672e+33,-3.43784522e+39,7.38476033e+38,-1.99323745e+39,6.17168499e+47,5.72992977e+47,-6.58570308e+46,6.52307987e+48,3.27852044e+52,3.27932833e+52,-7.36950653e+51,2.91085301e+52,5.26225776e+05,-1.81555147e+06,-3.84844877e+06,-1.17686596e+06,2.52800010e+05,-6.82338254e+05,0.00000000e+00,3.39469755e+09
2.33400000e+04,4.47853487e+01,2.92119175e+33,-3.44976159e+39,7.77823201e+38,-1.90586419e+39,6.17343264e+47,5.74295977e+47,-6.63204669e+46,6.66617404e+48,3.28299141e+52,3.28381404e+52,-7.50427075e+51,2.90860051e+52,4.74425430e+05,-1.80684881e+06,-3.88021803e+06,-1.18094322e+06,2.66269135e+05,-6.52426938e+05,0.00000000e+00,3.58334741e+09
2.33500000e+04,4.48293986e+01,2.92119671e+33,-3.45981840e+39,8.16555642e+38,-1.81869688e+39,6.17636969e+47,5.75730207e+47,-6.68581792e+46,6.76022828e+48,3.28758530e+52,3.28841839e+52,-7.63481155e+51,2.90667782e+52,4.22768485e+05,-1.79769123e+06,-3.91048004e+06,-1.18438391e+06,2.79527783e+05,-6.22586242e+05,0.00000000e+00,3.77199041e+09
2.33600000e+04,4.48730963e+01,2.92120160e+33,-3.46843552e+39,8.54631509e+38,-1.73135772e+39,6.18032776e+47,5.77180723e+47,-6.75438815e+46,6.81407464e+48,3.29227487e+52,3.29311477e+52,-7.75631002e+51,2.90529926e+52,3.71266555e+05,-1.78808917e+06,-3.93920831e+06,-1.18733179e+06,2.92561633e+05,-5.92686832e+05,0.00000000e+00,3.95339271e+09
2.33700000e+04,4.49164695e+01,2.92120641e+33,-3.47597839e+39,8.92115848e+38,-1.64383612e+39,6.18499459e+47,5.78585820e+47,-6.82560152e+46,6.84109549e+48,3.29702809e+52,3.29787236e+52,-7.86415376e+51,2.90466467e+52,3.19847817e+05,-1.77792374e+06,-3.96640991e+06,-1.18991194e+06,3.05392951e+05,-5.62725084e+05,0.00000000e+00,4.11879523e+09
2.33800000e+04,4.49595819e+01,2.92121117e+33,-3.48246111e+39,9.28796610e+38,-1.55624284e+39,6.18903003e+47,5.79946871e+47,-6.89755612e+46,6.85798122e+48,3.30181065e+52,3.30265839e+52,-7.95419715e+51,2.90494853e+52,2.68479732e+05,-1.76709939e+06,-3.99218950e+06,-1.19212919e+06,3.17949151e+05,-5.32738907e+05,0.00000000e+00,4.26062755e+09
2.33900000e+04,4.50025055e+01,2.92121589e+33,-3.48782139e+39,9.65433669e+38,-1.46824827e+39,6.19220874e+47,5.81312804e+47,-6.96618474e+46,6.88226216e+48,3.30660831e+52,3.30746033e+52,-8.02265173e+51,2.90632774e+52,2.17182804e+05,-1.75555601e+06,-4.01662983e+06,-1.19396221e+06,3.30490353e+05,-5.02615462e+05,0.00000000e+00,4.37227988e+09
2.34000000e+04,4.50453080e+01,2.92122058e+33,-3.49218195e+39,1.00180931e+39,-1.37976642e+39,6.19546181e+47,5.82674838e+47,-7.03824862e+46,6.93036475e+48,3.31136809e+52,3.31222657e+52,-8.06608470e+51,2.90892234e+52,1.65902790e+05,-1.74317206e+06,-4.03973933e+06,-1.19545302e+06,3.42942029e+05,-4.72325314e+05,0.00000000e+00,4.44609272e+09
2.34100000e+04,4.50880637e+01,2.92122526e+33,-3.49550302e+39,1.03783611e+39,-1.29080320e+39,6.19717163e+47,5.83934657e+47,-7.10797779e+46,7.01189172e+48,3.31602058e+52,3.31688843e+52,-8.08178940e+51,2.91279896e+52,1.14654999e+05,-1.72980544e+06,-4.06155793e+06,-1.19658798e+06,3.55274249e+05,-4.41870479e+05,0.00000000e+00,4.47597664e+09
2.34200000e+04,4.51308531e+01,2.92122994e+33,-3.49778976e+39,1.07364365e+39,-1.20119573e+39,6.19720902e+47,5.84979970e+47,-7.17711928e+46,7.12842412e+48,3.32053096e+52,3.32141096e+52,-8.06822839e+51,2.91799954e+52,6.34376971e+04,-1.71544024e+06,-4.08208206e+06,-1.19736886e+06,3.67531372e+05,-4.11195198e+05,0.00000000e+00,4.45743161e+09
2.34300000e+04,4.51737457e+01,2.92123465e+33,-3.49891198e+39,1.10925988e+39,-1.11094943e+39,6.19612430e+47,5.85782011e+47,-7.23748352e+46,7.27148848e+48,3.32485644e+52,3.32575058e+52,-8.02563935e+51,2.92446862e+52,1.22047515e+04,-1.70010600e+06,-4.10125200e+06,-1.19775108e+06,3.79722965e+05,-3.80301333e+05,0.00000000e+00,4.39140739e+09
2.34400000e+04,4.52168080e+01,2.92123940e+33,-3.49875721e+39,1.14448292e+39,-1.02008143e+39,6.19602692e+47,5.86391528e+47,-7.28061267e+46,7.42247029e+48,3.32896843e+52,3.32987671e+52,-7.95610275e+51,2.93207157e+52,-3.91337178e+04,-1.68384911e+06,-4.11904196e+06,-1.19769616e+06,3.91779914e+05,-3.49194738e+05,0.00000000e+00,4.28192921e+09
2.34500000e+04,4.52601013e+01,2.92124420e+33,-3.49732377e+39,1.17952636e+39,-9.28322234e+38,6.19471230e+47,5.86765713e+47,-7.30562487e+46,7.55928763e+48,3.33284985e+52,3.33377007e+52,-7.86327411e+51,2.94060636e+52,-9.06081944e+04,-1.66674314e+06,-4.13539699e+06,-1.19720350e+06,4.03775338e+05,-3.17783168e+05,0.00000000e+00,4.13778711e+09
2.34600000e+04,4.53036961e+01,2.92124906e+33,-3.49443747e+39,1.21434906e+39,-8.35552630e+38,6.19240428e+47,5.86635069e+47,-7.32965400e+46,7.65870853e+48,3.33649429e+52,3.33742223e+52,-7.75167817e+51,2.94983832e+52,-1.42306414e+05,-1.64882804e+06,-4.15027004e+06,-1.19621347e+06,4.15695148e+05,-2.86025810e+05,0.00000000e+00,3.96785354e+09
2.34700000e+04,4.53476637e+01,2.92125400e+33,-3.48994583e+39,1.24867571e+39,-7.41644354e+38,6.18931321e+47,5.86114192e+47,-7.36718043e+46,7.70038475e+48,3.33992536e+52,3.34085518e+52,-7.62607824e+51,2.95955127e+52,-1.94316442e+05,-1.63017530e+06,-4.16365119e+06,-1.19467387e+06,4.27445101e+05,-2.53878763e+05,0.00000000e+00,3.78220726e+09
2.34800000e+04,4.53920041e+01,2.92125903e+33,-3.48423892e+39,1.28318285e+39,-6.46638908e+38,6.18365741e+47,5.85412719e+47,-7.42362384e+46,7.66953198e+48,3.34314524e+52,3.34406949e+52,-7.49130067e+51,2.96950446e+52,-2.46607756e+05,-1.61081097e+06,-4.17553311e+06,-1.19271824e+06,4.39256784e+05,-2.21356237e+05,0.00000000e+00,3.58931678e+09
2.34900000e+04,4.54367354e+01,2.92126414e+33,-3.47708613e+39,1.31752829e+39,-5.50464860e+38,6.17721281e+47,5.84590970e+47,-7.48248612e+46,7.55951258e+48,3.34618264e+52,3.34709339e+52,-7.35182726e+51,2.97950203e+52,-2.99149594e+05,-1.59066069e+06,-4.18589581e+06,-1.19026762e+06,4.51013063e+05,-1.88433785e+05,0.00000000e+00,3.39585341e+09
2.35000000e+04,4.54818662e+01,2.92126935e+33,-3.46885656e+39,1.35166754e+39,-4.53448312e+38,6.17181495e+47,5.83879223e+47,-7.54403042e+46,7.37105217e+48,3.34904347e+52,3.34993276e+52,-7.21185999e+51,2.98933976e+52,-3.51881815e+05,-1.56971312e+06,-4.19474476e+06,-1.18744838e+06,4.62698704e+05,-1.55223041e+05,0.00000000e+00,3.20776676e+09
2.35100000e+04,4.55273254e+01,2.92127463e+33,-3.45959870e+39,1.38568186e+39,-3.55515954e+38,6.16547225e+47,5.83151892e+47,-7.61119953e+46,7.11142082e+48,3.35175161e+52,3.35261228e+52,-7.07547534e+51,2.99883851e+52,-4.04760903e+05,-1.54803709e+06,-4.20208229e+06,-1.18427712e+06,4.74341523e+05,-1.21698916e+05,0.00000000e+00,3.03051553e+09
2.35200000e+04,4.55729967e+01,2.92127995e+33,-3.44915761e+39,1.41947054e+39,-2.57283923e+38,6.15949519e+47,5.82475040e+47,-7.66235593e+46,6.79467452e+48,3.35432798e+52,3.35515433e+52,-6.94633655e+51,3.00783751e+52,-4.57672087e+05,-1.52575041e+06,-4.20786673e+06,-1.18070081e+06,4.85907055e+05,-8.80723267e+04,0.00000000e+00,2.86813286e+09
2.35300000e+04,4.56188977e+01,2.92128533e+33,-3.43756709e+39,1.45281938e+39,-1.58874814e+38,6.15454193e+47,5.81953334e+47,-7.69684876e+46,6.43923340e+48,3.35680077e+52,3.35758920e+52,-6.82705653e+51,3.01623637e+52,-5.10614698e+05,-1.50289512e+06,-4.21205753e+06,-1.17673103e+06,4.97321970e+05,-5.43852433e+04,0.00000000e+00,2.72293402e+09
2.35400000e+04,4.56650389e+01,2.92129077e+33,-3.42502883e+39,1.48572209e+39,-6.01010894e+37,6.14933218e+47,5.81503360e+47,-7.72083228e+46,6.06552738e+48,3.35920118e+52,3.35995015e+52,-6.71962390e+51,3.02396895e+52,-5.63584206e+05,-1.47946184e+06,-4.21464587e+06,-1.17243681e+06,5.08584119e+05,-2.05734705e+04,0.00000000e+00,2.59614142e+09
2.35500000e+04,4.57114140e+01,2.92129626e+33,-3.41149382e+39,1.51840223e+39,3.88911783e+37,6.14457611e+47,5.81165163e+47,-7.74373717e+46,5.69442708e+48,3.36155224e+52,3.36226232e+52,-6.62550416e+51,3.03098711e+52,-6.16567121e+05,-1.45546398e+06,-4.21562116e+06,-1.16780139e+06,5.19770025e+05,1.33129867e+04,0.00000000e+00,2.48828228e+09
2.35600000e+04,4.57580026e+01,2.92130179e+33,-3.39679526e+39,1.55061910e+39,1.38110110e+38,6.14026097e+47,5.80799694e+47,-7.77054064e+46,5.34505535e+48,3.36387343e+52,3.36454723e+52,-6.54570751e+51,3.03726185e+52,-6.69537961e+05,-1.43093915e+06,-4.21496327e+06,-1.16276766e+06,5.30797297e+05,4.72769059e+04,0.00000000e+00,2.39919820e+09
2.35700000e+04,4.58047800e+01,2.92130738e+33,-3.38101454e+39,1.58220807e+39,2.37408894e+38,6.13588616e+47,5.80450565e+47,-7.79314628e+46,5.03519046e+48,3.36618328e+52,3.36682513e+52,-6.48087727e+51,3.04278127e+52,-7.22496178e+05,-1.40591749e+06,-4.21265226e+06,-1.15736350e+06,5.41609584e+05,8.12680294e+04,0.00000000e+00,2.32823738e+09
2.35800000e+04,4.58517200e+01,2.92131300e+33,-3.36426394e+39,1.61330525e+39,3.36911200e+38,6.13056898e+47,5.80096404e+47,-7.80907296e+46,4.77997229e+48,3.36849915e+52,3.36911470e+52,-6.43140431e+51,3.04754448e+52,-7.75424850e+05,-1.38042123e+06,-4.20868379e+06,-1.15162735e+06,5.52253474e+05,1.15328690e+05,0.00000000e+00,2.27468805e+09
2.35900000e+04,4.58987847e+01,2.92131865e+33,-3.34647041e+39,1.64403885e+39,4.36474323e+38,6.12497372e+47,5.79778740e+47,-7.82813050e+46,4.59152431e+48,3.37083966e+52,3.37143586e+52,-6.39755337e+51,3.05155819e+52,-8.28267834e+05,-1.35450251e+06,-4.20306229e+06,-1.14553420e+06,5.62772861e+05,1.49410035e+05,0.00000000e+00,2.23790010e+09
2.36000000e+04,4.59459203e+01,2.92132431e+33,-3.32759616e+39,1.67418765e+39,5.36005450e+38,6.11938549e+47,5.79512654e+47,-7.84150037e+46,4.47863238e+48,3.37322122e+52,3.37380591e+52,-6.37953813e+51,3.05482900e+52,-8.80940096e+05,-1.32822090e+06,-4.19582559e+06,-1.13907112e+06,5.73092021e+05,1.83480296e+05,0.00000000e+00,2.21782173e+09
2.36100000e+04,4.59930741e+01,2.92132998e+33,-3.30774800e+39,1.70379293e+39,6.35388407e+38,6.11401910e+47,5.79267975e+47,-7.85164086e+46,4.44554243e+48,3.37566000e+52,3.37624140e+52,-6.37750812e+51,3.05736599e+52,-9.33386538e+05,-1.30161658e+06,-4.18699629e+06,-1.13227469e+06,5.83225084e+05,2.17499704e+05,0.00000000e+00,2.21427172e+09
2.36200000e+04,4.60401888e+01,2.92133565e+33,-3.28669090e+39,1.73282427e+39,7.34378451e+38,6.10840770e+47,5.79083495e+47,-7.86173491e+46,4.49272461e+48,3.37817495e+52,3.37876137e+52,-6.39155327e+51,3.05918370e+52,-9.85554516e+05,-1.27470810e+06,-4.17660597e+06,-1.12506446e+06,5.93161649e+05,2.51384483e+05,0.00000000e+00,2.22733149e+09
2.36300000e+04,4.60872011e+01,2.92134128e+33,-3.26441203e+39,1.76105715e+39,8.32762819e+38,6.10267089e+47,5.79000217e+47,-7.87117933e+46,4.61656128e+48,3.38078912e+52,3.38138824e+52,-6.42167344e+51,3.06030457e+52,-1.03736151e+06,-1.24753268e+06,-4.16468960e+06,-1.11743604e+06,6.02824859e+05,2.85061805e+05,0.00000000e+00,2.25752452e+09
2.36400000e+04,4.61340439e+01,2.92134688e+33,-3.24111581e+39,1.78822663e+39,9.30272995e+38,6.09720678e+47,5.79029153e+47,-7.87829465e+46,4.81000543e+48,3.38352425e+52,3.38414288e+52,-6.46770272e+51,3.06075774e+52,-1.08872862e+06,-1.22013230e+06,-4.15132163e+06,-1.10945942e+06,6.12124032e+05,3.18439759e+05,0.00000000e+00,2.30488587e+09
2.36500000e+04,4.61806514e+01,2.92135242e+33,-3.21669078e+39,1.81472756e+39,1.02698512e+39,6.09275798e+47,5.79184383e+47,-7.88718116e+46,5.06151756e+48,3.38639393e+52,3.38703784e+52,-6.52926458e+51,3.06057461e+52,-1.13959325e+06,-1.19257941e+06,-4.13655987e+06,-1.10109645e+06,6.21194329e+05,3.51544412e+05,0.00000000e+00,2.36994218e+09
2.36600000e+04,4.62269665e+01,2.92135789e+33,-3.19103796e+39,1.84054652e+39,1.12272342e+39,6.08941345e+47,5.79447551e+47,-7.90341742e+46,5.35692236e+48,3.38941657e+52,3.39009008e+52,-6.60570193e+51,3.05980498e+52,-1.18987885e+06,-1.16495550e+06,-4.12044849e+06,-1.09231326e+06,6.30031167e+05,3.84315603e+05,0.00000000e+00,2.45280437e+09
2.36700000e+04,4.62729482e+01,2.92136329e+33,-3.16413173e+39,1.86540189e+39,1.21704371e+39,6.08658148e+47,5.79874551e+47,-7.91201037e+46,5.68038716e+48,3.39260090e+52,3.39330663e+52,-6.69608755e+51,3.05850225e+52,-1.23954880e+06,-1.13727448e+06,-4.10305255e+06,-1.08310108e+06,6.38538143e+05,4.16601287e+05,0.00000000e+00,2.55358925e+09
2.36800000e+04,4.63185672e+01,2.92136860e+33,-3.13611090e+39,1.88902438e+39,1.31015689e+39,6.08321377e+47,5.80467264e+47,-7.90974550e+46,6.01510637e+48,3.39595120e+52,3.39669021e+52,-6.79921007e+51,3.05672970e+52,-1.28859732e+06,-1.10952841e+06,-4.08441636e+06,-1.07350743e+06,6.46623085e+05,4.48473668e+05,0.00000000e+00,2.67188072e+09
2.36900000e+04,4.63638028e+01,2.92137383e+33,-3.10704510e+39,1.91171686e+39,1.40194867e+39,6.07993293e+47,5.81266352e+47,-7.91831481e+46,6.34350227e+48,3.39946983e+52,3.40024155e+52,-6.91359314e+51,3.05456189e+52,-1.33701690e+06,-1.08171195e+06,-4.06460752e+06,-1.06355615e+06,6.54389672e+05,4.79893622e+05,0.00000000e+00,2.80681507e+09
2.37000000e+04,4.64086530e+01,2.92137897e+33,-3.07671596e+39,1.93339394e+39,1.49241319e+39,6.07683351e+47,5.82222454e+47,-7.93741018e+46,6.64871587e+48,3.40316156e+52,3.40396369e+52,-7.03754621e+51,3.05208637e+52,-1.38482618e+06,-1.05382506e+06,-4.04366529e+06,-1.05317249e+06,6.61808673e+05,5.10859156e+05,0.00000000e+00,2.95813239e+09
2.37100000e+04,4.64531340e+01,2.92138403e+33,-3.04566367e+39,1.95406167e+39,1.58177366e+39,6.07515529e+47,5.83216038e+47,-7.96476835e+46,6.91630518e+48,3.40702515e+52,3.40785398e+52,-7.16902050e+51,3.04940295e+52,-1.43198875e+06,-1.02584674e+06,-4.02166405e+06,-1.04254136e+06,6.68882166e+05,5.41446674e+05,0.00000000e+00,3.12465240e+09
2.37200000e+04,4.64972621e+01,2.92138900e+33,-3.01358557e+39,1.97381864e+39,1.66971701e+39,6.07503128e+47,5.84311168e+47,-7.99009488e+46,7.13523827e+48,3.41105186e+52,3.41190271e+52,-7.30545491e+51,3.04662996e+52,-1.47850337e+06,-9.97788486e+05,-3.99866772e+06,-1.03155915e+06,6.75643892e+05,5.71549018e+05,0.00000000e+00,3.30388410e+09
2.37300000e+04,4.65410493e+01,2.92139391e+33,-2.98080252e+39,1.99280007e+39,1.75663885e+39,6.07435980e+47,5.85544485e+47,-8.00186006e+46,7.29976890e+48,3.41522697e+52,3.41609491e+52,-7.44368612e+51,3.04391060e+52,-1.52431356e+06,-9.69674763e+05,-3.97471869e+06,-1.02033571e+06,6.82140148e+05,6.01301607e+05,0.00000000e+00,3.49282289e+09
2.37400000e+04,4.65845125e+01,2.92139874e+33,-2.94723726e+39,2.01108272e+39,1.84221334e+39,6.07199702e+47,5.86862449e+47,-7.99260596e+46,7.40937534e+48,3.41954058e+52,3.42042066e+52,-7.57982803e+51,3.04142925e+52,-1.56933498e+06,-9.41507565e+05,-3.94987623e+06,-1.00884457e+06,6.88397202e+05,6.30592912e+05,0.00000000e+00,3.68661947e+09
2.37500000e+04,4.66276892e+01,2.92140351e+33,-2.91283420e+39,2.02857107e+39,1.92673239e+39,6.06909542e+47,5.88343542e+47,-7.97004036e+46,7.46999851e+48,3.42396576e+52,3.42485352e+52,-7.70936551e+51,3.03938524e+52,-1.61350488e+06,-9.13234140e+05,-3.92416000e+06,-9.97066716e+05,6.94382361e+05,6.59522857e+05,0.00000000e+00,3.87750273e+09
2.37600000e+04,4.66706387e+01,2.92140823e+33,-2.87734178e+39,2.04533177e+39,2.00997407e+39,6.06452519e+47,5.89935034e+47,-7.92622314e+46,7.49487592e+48,3.42847400e+52,3.42936617e+52,-7.82741155e+51,3.03799559e+52,-1.65682245e+06,-8.84761279e+05,-3.89750185e+06,-9.84916025e+05,7.00118439e+05,6.88015475e+05,0.00000000e+00,4.05781734e+09
2.37700000e+04,4.67134104e+01,2.92141291e+33,-2.84101952e+39,2.06123058e+39,2.09218571e+39,6.05870655e+47,5.91504113e+47,-7.87065688e+46,7.50178107e+48,3.43304032e+52,3.43393516e+52,-7.92888206e+51,3.03749106e+52,-1.69925526e+06,-8.55974005e+05,-3.86984437e+06,-9.72481331e+05,7.05559484e+05,7.16155427e+05,0.00000000e+00,4.21714166e+09
2.37800000e+04,4.67560604e+01,2.92141757e+33,-2.80370262e+39,2.07626070e+39,2.17330742e+39,6.05124417e+47,5.93035901e+47,-7.81779125e+46,7.50827132e+48,3.43763833e+52,3.43853562e+52,-8.00909538e+51,3.03808085e+52,-1.74081148e+06,-8.26798825e+05,-3.84112466e+06,-9.59706223e+05,7.10703162e+05,7.43922212e+05,0.00000000e+00,4.34671215e+09
2.37900000e+04,4.67985528e+01,2.92142219e+33,-2.76531416e+39,2.09058296e+39,2.25341125e+39,6.04155361e+47,5.94530111e+47,-7.77731634e+46,7.53100961e+48,3.44219706e+52,3.44309820e+52,-8.06402519e+51,3.03989695e+52,-1.78142142e+06,-7.97251535e+05,-3.81132874e+06,-9.46564372e+05,7.15604532e+05,7.71340498e+05,0.00000000e+00,4.43759671e+09
2.38000000e+04,4.68408558e+01,2.92142677e+33,-2.72616507e+39,2.10413126e+39,2.33240318e+39,6.03037922e+47,5.95984754e+47,-7.73728214e+46,7.58192143e+48,3.44665411e+52,3.44756167e+52,-8.09103487e+51,3.04300992e+52,-1.82098679e+06,-7.67317608e+05,-3.78047080e+06,-9.33162213e+05,7.20240973e+05,7.98378108e+05,0.00000000e+00,4.48454711e+09
2.38100000e+04,4.68830370e+01,2.92143133e+33,-2.68623715e+39,2.11685942e+39,2.41051191e+39,6.01695250e+47,5.97282520e+47,-7.70324857e+46,7.66318360e+48,3.45095332e+52,3.45186963e+52,-8.08895863e+51,3.04742170e+52,-1.85957616e+06,-7.36992642e+05,-3.74854109e+06,-9.19493511e+05,7.24596671e+05,8.25113322e+05,0.00000000e+00,4.48430220e+09
2.38200000e+04,4.69251660e+01,2.92143588e+33,-2.64548752e+39,2.12890072e+39,2.48791401e+39,6.00180752e+47,5.98400157e+47,-7.66995497e+46,7.76914075e+48,3.45506413e+52,3.45599098e+52,-8.05791334e+51,3.05309531e+52,-1.89726920e+06,-7.06231471e+05,-3.71545505e+06,-9.05543585e+05,7.28717249e+05,8.51606580e+05,0.00000000e+00,4.43713303e+09
2.38300000e+04,4.69673140e+01,2.92144043e+33,-2.60394382e+39,2.14025079e+39,2.56464197e+39,5.98702930e+47,5.99313485e+47,-7.65290828e+46,7.88664573e+48,3.45897648e+52,3.45991430e+52,-7.99930501e+51,3.05994905e+52,-1.93412754e+06,-6.75062608e+05,-3.68114241e+06,-8.91321895e+05,7.32601208e+05,8.77868995e+05,0.00000000e+00,4.34529570e+09
2.38400000e+04,4.70095516e+01,2.92144500e+33,-2.56151801e+39,2.15090149e+39,2.64070915e+39,5.97271645e+47,6.00019434e+47,-7.67957952e+46,7.99858484e+48,3.46264891e+52,3.46359650e+52,-7.91593805e+51,3.06779959e+52,-1.97022372e+06,-6.43547374e+05,-3.64554198e+06,-8.76798301e+05,7.36245759e+05,9.03905140e+05,0.00000000e+00,4.21484849e+09
2.38500000e+04,4.70519395e+01,2.92144960e+33,-2.51795908e+39,2.16088104e+39,2.71625349e+39,5.95718680e+47,6.00576185e+47,-7.70772268e+46,8.08408437e+48,3.46608391e+52,3.46703825e+52,-7.81179565e+51,3.07644847e+52,-2.00557943e+06,-6.11691294e+05,-3.60858124e+06,-8.61886881e+05,7.39660557e+05,9.29762228e+05,0.00000000e+00,4.05438628e+09
2.38600000e+04,4.70945357e+01,2.92145424e+33,-2.47356536e+39,2.17005685e+39,2.79123772e+39,5.94098559e+47,6.01015278e+47,-7.73284080e+46,8.12334159e+48,3.46928062e+52,3.47023689e+52,-7.69157362e+51,3.08565821e+52,-2.04027235e+06,-5.79494055e+05,-3.57020677e+06,-8.46689748e+05,7.42800220e+05,9.55427499e+05,0.00000000e+00,3.87309979e+09
2.38700000e+04,4.71373814e+01,2.92145894e+33,-2.42816262e+39,2.17849683e+39,2.86564172e+39,5.92517939e+47,6.01385318e+47,-7.75888981e+46,8.09988768e+48,3.47225874e+52,3.47321047e+52,-7.56029675e+51,3.09519563e+52,-2.07447207e+06,-5.46986212e+05,-3.53032438e+06,-8.31147270e+05,7.45687985e+05,9.80894059e+05,0.00000000e+00,3.68081844e+09
2.38800000e+04,4.71805005e+01,2.92146370e+33,-2.38147620e+39,2.18635541e+39,2.93979854e+39,5.91141592e+47,6.01614504e+47,-7.80536589e+46,8.00553545e+48,3.47504688e+52,3.47598677e+52,-7.42284931e+51,3.10484430e+52,-2.10825546e+06,-5.14202122e+05,-3.48894198e+06,-8.15165425e+05,7.48376718e+05,1.00627591e+06,0.00000000e+00,3.48602239e+09
2.38900000e+04,4.72239122e+01,2.92146852e+33,-2.33388529e+39,2.19346340e+39,3.01350483e+39,5.89917791e+47,6.01705172e+47,-7.86610571e+46,7.83817729e+48,3.47766591e+52,3.47858655e+52,-7.28362544e+51,3.11440528e+52,-2.14163903e+06,-4.81138354e+05,-3.44604714e+06,-7.98874016e+05,7.50808501e+05,1.03150344e+06,0.00000000e+00,3.29518367e+09
2.39000000e+04,4.72676337e+01,2.92147341e+33,-2.28547122e+39,2.19983095e+39,3.08661345e+39,5.88798869e+47,6.01971284e+47,-7.91474825e+46,7.60180619e+48,3.48013147e+52,3.48102609e+52,-7.14644250e+51,3.12370396e+52,-2.17470230e+06,-4.47796983e+05,-3.40167484e+06,-7.82300880e+05,7.52986812e+05,1.05652629e+06,0.00000000e+00,3.11363101e+09
2.39100000e+04,4.73116716e+01,2.92147837e+33,-2.23598758e+39,2.20565207e+39,3.15953353e+39,5.87820068e+47,6.02157465e+47,-7.95052724e+46,7.30534689e+48,3.48247595e+52,3.48333871e+52,-7.01449908e+51,3.13261375e+52,-2.20749231e+06,-4.14227668e+05,-3.35585025e+06,-7.65361676e+05,7.54978061e+05,1.08148448e+06,0.00000000e+00,2.94521371e+09
2.39200000e+04,4.73560261e+01,2.92148340e+33,-2.18582942e+39,2.21082019e+39,3.23196408e+39,5.87050475e+47,6.02134607e+47,-7.98814082e+46,6.96240680e+48,3.48472170e+52,3.48554812e+52,-6.89035449e+51,3.14103039e+52,-2.24001208e+06,-3.80429724e+05,-3.30861820e+06,-7.48191630e+05,7.56745767e+05,1.10627501e+06,0.00000000e+00,2.79193864e+09
2.39300000e+04,4.74006954e+01,2.92148850e+33,-2.13497617e+39,2.21534028e+39,3.30391683e+39,5.86388217e+47,6.02123439e+47,-8.02765045e+46,6.59073757e+48,3.48689221e+52,3.48767982e+52,-6.77606110e+51,3.14887676e+52,-2.27222485e+06,-3.46425650e+05,-3.26000416e+06,-7.30783697e+05,7.58291633e+05,1.13090188e+06,0.00000000e+00,2.65501944e+09
2.39400000e+04,4.74456789e+01,2.92149367e+33,-2.08333676e+39,2.21926129e+39,3.37538649e+39,5.85849016e+47,6.02132020e+47,-8.06729740e+46,6.20857597e+48,3.48901576e+52,3.48976389e+52,-6.67330316e+51,3.15609874e+52,-2.30406541e+06,-3.12195671e+05,-3.21002047e+06,-7.13106717e+05,7.59632417e+05,1.15536328e+06,0.00000000e+00,2.53522301e+09
2.39500000e+04,4.74909650e+01,2.92149890e+33,-2.03085026e+39,2.22254716e+39,3.44636297e+39,5.85388542e+47,6.02048978e+47,-8.10498386e+46,5.83396202e+48,3.49110155e+52,3.49181129e+52,-6.58342957e+51,3.16263981e+52,-2.33550326e+06,-2.77748025e+05,-3.15869929e+06,-6.95139833e+05,7.60755775e+05,1.17965574e+06,0.00000000e+00,2.43350615e+09
2.39600000e+04,4.75365326e+01,2.92150421e+33,-1.97762976e+39,2.22514120e+39,3.51658021e+39,5.85011934e+47,6.02066961e+47,-8.14701523e+46,5.48482791e+48,3.49317035e+52,3.49384457e+52,-6.50743084e+51,3.16847303e+52,-2.36648889e+06,-2.43105319e+05,-3.10604229e+06,-6.76921758e+05,7.61642304e+05,1.20368822e+06,0.00000000e+00,2.34933283e+09
2.39700000e+04,4.75823503e+01,2.92150957e+33,-1.92371524e+39,2.22696642e+39,3.58581495e+39,5.84720069e+47,6.02180422e+47,-8.19070270e+46,5.17701201e+48,3.49523712e+52,3.49588030e+52,-6.44605134e+51,3.17357774e+52,-2.39695385e+06,-2.08289455e+05,-3.05209048e+06,-6.58466180e+05,7.62265662e+05,1.22738429e+06,0.00000000e+00,2.28245825e+09
2.39800000e+04,4.76283781e+01,2.92151497e+33,-1.86890663e+39,2.22806007e+39,3.65404111e+39,5.84474289e+47,6.02408096e+47,-8.23616303e+46,4.92431811e+48,3.49731657e+52,3.49793443e+52,-6.39983060e+51,3.17794290e+52,-2.42683418e+06,-1.73321792e+05,-2.99690018e+06,-6.39704621e+05,7.62638593e+05,1.25073503e+06,0.00000000e+00,2.23277823e+09
2.39900000e+04,4.76745695e+01,2.92152042e+33,-1.81315668e+39,2.22830603e+39,3.72122283e+39,5.84254688e+47,6.02661283e+47,-8.27485434e+46,4.73788450e+48,3.49942091e+52,3.50002022e+52,-6.36910976e+51,3.18156473e+52,-2.45609521e+06,-1.38197777e+05,-2.94057014e+06,-6.20620916e+05,7.62721360e+05,1.27372816e+06,0.00000000e+00,2.19998495e+09
2.40000000e+04,4.77208621e+01,2.92152589e+33,-1.75670321e+39,2.22771797e+39,3.78715677e+39,5.84081100e+47,6.02970185e+47,-8.30812102e+46,4.62579065e+48,3.50156853e+52,3.50215683e+52,-6.35408170e+51,3.18445274e+52,-2.48468253e+06,-1.02961873e+05,-2.88322844e+06,-6.01296473e+05,7.62518650e+05,1.29629410e+06,0.00000000e+00,2.18367885e+09
2.40100000e+04,4.77671938e+01,2.92153136e+33,-1.69950866e+39,2.22633043e+39,3.85185137e+39,5.83997586e+47,6.03342280e+47,-8.34302109e+46,4.59217789e+48,3.50377659e+52,3.50436189e+52,-6.35483924e+51,3.18661993e+52,-2.51253119e+06,-6.76548459e+04,-2.82497662e+06,-5.81718438e+05,7.62042282e+05,1.31843574e+06,0.00000000e+00,2.18362343e+09
2.40200000e+04,4.78135097e+01,2.92153684e+33,-1.64167084e+39,2.22411943e+39,3.91508481e+39,5.84007557e+47,6.03739234e+47,-8.38921685e+46,4.63745324e+48,3.50606446e+52,3.50665493e+52,-6.37139388e+51,3.18808524e+52,-2.53958514e+06,-3.23250990e+04,-2.76589576e+06,-5.61920294e+05,7.61284061e+05,1.34007717e+06,0.00000000e+00,2.19984194e+09
2.40300000e+04,4.78597512e+01,2.92154230e+33,-1.58344630e+39,2.22094866e+39,3.97664275e+39,5.84136989e+47,6.04236524e+47,-8.44793293e+46,4.75787924e+48,3.50845247e+52,3.50905577e+52,-6.40366344e+51,3.18887260e+52,-2.56582160e+06,2.98184908e+03,-2.70610754e+06,-5.41989860e+05,7.60197331e+05,1.36114502e+06,0.00000000e+00,2.23248946e+09
2.40400000e+04,4.79058602e+01,2.92154772e+33,-1.52508237e+39,2.21684252e+39,4.03635434e+39,5.84355426e+47,6.04817423e+47,-8.51621313e+46,4.94609998e+48,3.51095797e+52,3.51158084e+52,-6.45147900e+51,3.18900689e+52,-2.59123952e+06,3.82278548e+04,-2.64572136e+06,-5.22011796e+05,7.58790453e+05,1.38158084e+06,0.00000000e+00,2.28165670e+09
2.40500000e+04,4.79517836e+01,2.92155310e+33,-1.46621578e+39,2.21197002e+39,4.09457287e+39,5.84649301e+47,6.05560978e+47,-8.59458332e+46,5.19071470e+48,3.51359672e+52,3.51424476e+52,-6.51458258e+51,3.18851563e+52,-2.61579098e+06,7.34024671e+04,-2.58483448e+06,-5.01861759e+05,7.57121278e+05,1.40150554e+06,0.00000000e+00,2.34808665e+09
2.40600000e+04,4.79974803e+01,2.92155843e+33,-1.40689842e+39,2.20619692e+39,4.15121628e+39,5.85063337e+47,6.06438243e+47,-8.67425555e+46,5.47781975e+48,3.51638449e+52,3.51706168e+52,-6.59257176e+51,3.18743309e+52,-2.63947228e+06,1.08473044e+05,-2.52355059e+06,-4.81557516e+05,7.55143862e+05,1.42089107e+06,0.00000000e+00,2.43219750e+09
2.40700000e+04,4.80429099e+01,2.92156370e+33,-1.34755785e+39,2.19955313e+39,4.20585751e+39,5.85533368e+47,6.07343299e+47,-8.75981200e+46,5.79164939e+48,3.51932943e+52,3.52003827e+52,-6.68482586e+51,3.18579698e+52,-2.66228356e+06,1.43402839e+05,-2.46200036e+06,-4.61245411e+05,7.52868449e+05,1.43959124e+06,0.00000000e+00,2.53447100e+09
2.40800000e+04,4.80880392e+01,2.92156891e+33,-1.28827057e+39,2.19227009e+39,4.25839899e+39,5.86103539e+47,6.08261033e+47,-8.84666314e+46,6.11498214e+48,3.52243691e+52,3.52317826e+52,-6.79043013e+51,3.18365676e+52,-2.68419000e+06,1.78169739e+05,-2.40028592e+06,-4.40951629e+05,7.50374254e+05,1.45757267e+06,0.00000000e+00,2.65532780e+09
2.40900000e+04,4.81328446e+01,2.92157403e+33,-1.22865240e+39,2.18398291e+39,4.30908738e+39,5.86743796e+47,6.09229848e+47,-8.94489015e+46,6.42943608e+48,3.52570774e+52,3.52648081e+52,-6.90809480e+51,3.18107607e+52,-2.70520141e+06,2.12752143e+05,-2.33851928e+06,-4.20544673e+05,7.47536390e+05,1.47491980e+06,0.00000000e+00,2.79449288e+09
2.41000000e+04,4.81773092e+01,2.92157909e+33,-1.16881604e+39,2.17491939e+39,4.35803427e+39,5.87423127e+47,6.10160578e+47,-9.05275696e+46,6.71765648e+48,3.52914310e+52,3.52994549e+52,-7.03613268e+51,3.17813885e+52,-2.72532647e+06,2.47143829e+05,-2.27675481e+06,-4.00063120e+05,7.44432831e+05,1.49167082e+06,0.00000000e+00,2.95125753e+09
2.41100000e+04,4.82214221e+01,2.92158406e+33,-1.10907619e+39,2.16502898e+39,4.40462745e+39,5.88199278e+47,6.11103060e+47,-9.17319677e+46,6.96418828e+48,3.53273696e+52,3.53356496e+52,-7.17242173e+51,3.17494387e+52,-2.74458423e+06,2.81342853e+05,-2.21503390e+06,-3.79614677e+05,7.41046273e+05,1.50761620e+06,0.00000000e+00,3.12447176e+09
2.41200000e+04,4.82651732e+01,2.92158896e+33,-1.04941144e+39,2.15424152e+39,4.44916733e+39,5.89046851e+47,6.12182884e+47,-9.31384743e+46,7.15811397e+48,3.53648455e+52,3.53733350e+52,-7.31426446e+51,3.17162028e+52,-2.76300528e+06,3.15281486e+05,-2.15340550e+06,-3.59192019e+05,7.37352706e+05,1.52285876e+06,0.00000000e+00,3.31182057e+09
2.41300000e+04,4.83085584e+01,2.92159377e+33,-9.89249076e+38,2.14262205e+39,4.49212652e+39,5.89926271e+47,6.13362922e+47,-9.48193529e+46,7.29325010e+48,3.54037069e+52,3.54123534e+52,-7.45831789e+51,3.16831945e+52,-2.78055796e+06,3.48905588e+05,-2.09187635e+06,-3.38599119e+05,7.33374389e+05,1.53756028e+06,0.00000000e+00,3.50969257e+09
2.41400000e+04,4.83515972e+01,2.92159851e+33,-9.29548389e+38,2.13039127e+39,4.53294137e+39,5.90950391e+47,6.14719161e+47,-9.66260071e+46,7.36924419e+48,3.54437818e+52,3.54525323e+52,-7.60071858e+51,3.16521730e+52,-2.79726847e+06,3.82200000e+05,-2.03037813e+06,-3.18164315e+05,7.29186870e+05,1.55152782e+06,0.00000000e+00,3.71260501e+09
2.41500000e+04,4.83943192e+01,2.92160318e+33,-8.69769533e+38,2.11749733e+39,4.57213214e+39,5.92025364e+47,6.16184981e+47,-9.84588631e+46,7.39275634e+48,3.54849016e+52,3.54937093e+52,-7.73714930e+51,3.16251346e+52,-2.81318383e+06,4.15143762e+05,-1.96881914e+06,-2.97702829e+05,7.24772392e+05,1.56493947e+06,0.00000000e+00,3.91438338e+09
2.41600000e+04,4.84367571e+01,2.92160779e+33,-8.10169174e+38,2.10390816e+39,4.60971744e+39,5.93086490e+47,6.17693006e+47,-1.00435137e+47,7.37806412e+48,3.55268394e+52,3.55356712e+52,-7.86279792e+51,3.16042722e+52,-2.82828942e+06,4.47673243e+05,-1.90706984e+06,-2.77302510e+05,7.20119984e+05,1.57780160e+06,0.00000000e+00,4.10722449e+09
2.41700000e+04,4.84789643e+01,2.92161235e+33,-7.50583784e+38,2.08977123e+39,4.64563881e+39,5.94160629e+47,6.19114942e+47,-1.02474213e+47,7.34424167e+48,3.55693912e+52,3.55782333e+52,-7.97264412e+51,3.15919113e+52,-2.84258401e+06,4.79653468e+05,-1.84497145e+06,-2.56907383e+05,7.15280117e+05,1.59009418e+06,0.00000000e+00,4.28095516e+09
2.41800000e+04,4.85209908e+01,2.92161688e+33,-6.91153794e+38,2.07516047e+39,4.67981111e+39,5.95130063e+47,6.20421757e+47,-1.04502861e+47,7.31290511e+48,3.56119971e+52,3.56208551e+52,-8.06174830e+51,3.15899810e+52,-2.85602327e+06,5.11032191e+05,-1.78234370e+06,-2.36565513e+05,7.10278096e+05,1.60178809e+06,0.00000000e+00,4.42665162e+09
2.41900000e+04,4.85628859e+01,2.92162137e+33,-6.31614955e+38,2.05986027e+39,4.71229689e+39,5.95774358e+47,6.21671006e+47,-1.06536563e+47,7.30580702e+48,3.56544551e+52,3.56633516e+52,-8.12551202e+51,3.16005956e+52,-2.86852737e+06,5.41732800e+05,-1.71899844e+06,-2.16186451e+05,7.05040117e+05,1.61290471e+06,0.00000000e+00,4.53396233e+09
2.42000000e+04,4.86047127e+01,2.92162586e+33,-5.71912257e+38,2.04399573e+39,4.74326726e+39,5.96153057e+47,6.23073035e+47,-1.08630785e+47,7.33818235e+48,3.56962947e+52,3.57052681e+52,-8.16039915e+51,3.16250685e+52,-2.88008980e+06,5.71674172e+05,-1.65469439e+06,-1.95751368e+05,6.99608995e+05,1.62350263e+06,0.00000000e+00,4.59454633e+09
2.42100000e+04,4.86465387e+01,2.92163034e+33,-5.11988883e+38,2.02747560e+39,4.77266664e+39,5.96156631e+47,6.24366719e+47,-1.10553149e+47,7.41691814e+48,3.57370072e+52,3.57460976e+52,-8.16433059e+51,3.16639323e+52,-2.89072040e+06,6.00923155e+05,-1.58919481e+06,-1.75240816e+05,6.93953502e+05,1.63356280e+06,0.00000000e+00,4.60430987e+09
2.42200000e+04,4.86883945e+01,2.92163482e+33,-4.51685911e+38,2.01027801e+39,4.80051561e+39,5.95968834e+47,6.25437213e+47,-1.12553671e+47,7.53926287e+48,3.57763039e+52,3.57855457e+52,-8.13683116e+51,3.17171301e+52,-2.90037725e+06,6.29559995e+05,-1.52235648e+06,-1.54600399e+05,6.88066146e+05,1.64309227e+06,0.00000000e+00,4.56209360e+09
2.42300000e+04,4.87302695e+01,2.92163932e+33,-3.90943923e+38,1.99234544e+39,4.82672303e+39,5.95739340e+47,6.26249514e+47,-1.14767961e+47,7.69045931e+48,3.58137024e+52,3.58231136e+52,-8.07933192e+51,3.17834477e+52,-2.90902134e+06,6.57587052e+05,-1.45420980e+06,-1.33809783e+05,6.81927240e+05,1.65205985e+06,0.00000000e+00,4.47024976e+09
2.42400000e+04,4.87722431e+01,2.92164383e+33,-3.29670346e+38,1.97363198e+39,4.85157719e+39,5.95498200e+47,6.26702190e+47,-1.16947825e+47,7.85017568e+48,3.58488668e+52,3.58584471e+52,-7.99478056e+51,3.18610568e+52,-2.91662770e+06,6.85143912e+05,-1.38476489e+06,-1.12837281e+05,6.75521075e+05,1.66056421e+06,0.00000000e+00,4.33626632e+09
2.42500000e+04,4.88143920e+01,2.92164838e+33,-2.67953804e+38,1.95409155e+39,4.87505824e+39,5.95222901e+47,6.26897855e+47,-1.19269266e+47,7.99234119e+48,3.58818856e+52,3.58916124e+52,-7.88714423e+51,3.19480403e+52,-2.92313576e+06,7.12378134e+05,-1.31416294e+06,-9.17132281e+04,6.68831870e+05,1.66859855e+06,0.00000000e+00,4.16797717e+09
2.42600000e+04,4.88567896e+01,2.92165298e+33,-2.05881350e+38,1.93380571e+39,4.89700254e+39,5.95038375e+47,6.27103743e+47,-1.21849491e+47,8.09032211e+48,3.59125642e+52,3.59223878e+52,-7.76113637e+51,3.20418196e+52,-2.92856181e+06,7.39395360e+05,-1.24256724e+06,-7.04674209e+04,6.61887541e+05,1.67610684e+06,0.00000000e+00,3.97537261e+09
2.42700000e+04,4.88994975e+01,2.92165765e+33,-1.43382044e+38,1.91288158e+39,4.91746200e+39,5.94716741e+47,6.27177189e+47,-1.24460591e+47,8.12282960e+48,3.59408686e+52,3.59507183e+52,-7.62185010e+51,3.21397932e+52,-2.93283610e+06,7.66262122e+05,-1.17003109e+06,-4.90755799e+04,6.54724752e+05,1.68310685e+06,0.00000000e+00,3.76867228e+09
2.42800000e+04,4.89425712e+01,2.92166240e+33,-8.02338274e+37,1.89111855e+39,4.93668238e+39,5.94142904e+47,6.27241236e+47,-1.27078285e+47,8.07539335e+48,3.59671160e+52,3.59769091e+52,-7.47434865e+51,3.22397348e+52,-2.93594357e+06,7.93040701e+05,-1.09654316e+06,-2.74617038e+04,6.47274835e+05,1.68968269e+06,0.00000000e+00,3.55693344e+09
2.42900000e+04,4.89860617e+01,2.92166724e+33,-1.62384144e+37,1.86854607e+39,4.95457191e+39,5.93387739e+47,6.27129211e+47,-1.29540745e+47,7.94077897e+48,3.59915639e+52,3.60012125e+52,-7.32342167e+51,3.23395017e+52,-2.93790516e+06,8.19854223e+05,-1.02211198e+06,-5.55792740e+03,6.39547874e+05,1.69580294e+06,0.00000000e+00,3.34737334e+09
2.43000000e+04,4.90300082e+01,2.92167218e+33,4.79831335e+37,1.84527405e+39,4.97088422e+39,5.92516099e+47,6.26835839e+47,-1.31915356e+47,7.71732648e+48,3.60143531e+52,3.60237686e+52,-7.17349094e+51,3.24370232e+52,-2.93877308e+06,8.46701809e+05,-9.46731439e+05,1.64231750e+04,6.31581485e+05,1.70138329e+06,0.00000000e+00,3.14668799e+09
2.43100000e+04,4.90744407e+01,2.92167722e+33,1.13341047e+38,1.82107701e+39,4.98599371e+39,5.91664830e+47,6.26487505e+47,-1.34035122e+47,7.41252367e+48,3.60357016e+52,3.60448036e+52,-7.02839968e+51,3.25306038e+52,-2.93856684e+06,8.73582995e+05,-8.70381306e+05,3.87931445e+04,6.23298494e+05,1.70655186e+06,0.00000000e+00,2.96033598e+09
2.43200000e+04,4.91193794e+01,2.92168238e+33,1.79122423e+38,1.79603973e+39,4.99974524e+39,5.90804842e+47,6.26249956e+47,-1.35876052e+47,7.04112867e+48,3.60559916e+52,3.60647131e+52,-6.89117351e+51,3.26191264e+52,-2.93735626e+06,9.00536804e+05,-7.93081957e+05,6.13079726e+04,6.14727919e+05,1.71125557e+06,0.00000000e+00,2.79103209e+09
2.43300000e+04,4.91648371e+01,2.92168766e+33,2.45566106e+38,1.77017235e+39,5.01216737e+39,5.89859681e+47,6.26283991e+47,-1.37430829e+47,6.62349765e+48,3.60753740e+52,3.60836686e+52,-6.76418427e+51,3.27015765e+52,-2.93513829e+06,9.27623286e+05,-7.14852046e+05,8.40494037e+04,6.05873233e+05,1.71550417e+06,0.00000000e+00,2.63927571e+09
2.43400000e+04,4.92108176e+01,2.92169306e+33,3.12725571e+38,1.74332936e+39,5.02328971e+39,5.88971689e+47,6.26488100e+47,-1.38851388e+47,6.18082091e+48,3.60940778e+52,3.61019226e+52,-6.64946369e+51,3.27771908e+52,-2.93192400e+06,9.54815628e+05,-6.35709738e+05,1.07035737e+05,5.96684638e+05,1.71930782e+06,0.00000000e+00,2.50648922e+09
2.43500000e+04,4.92573173e+01,2.92169857e+33,3.80425791e+38,1.71560937e+39,5.03299338e+39,5.88188855e+47,6.26779042e+47,-1.40202293e+47,5.73653778e+48,3.61122591e+52,3.61196565e+52,-6.54862110e+51,3.28453460e+52,-2.92764742e+06,9.82118103e+05,-5.55707791e+05,1.30207063e+05,5.87195882e+05,1.72262581e+06,0.00000000e+00,2.39363367e+09
2.43600000e+04,4.93042917e+01,2.92170420e+33,4.48400055e+38,1.68716049e+39,5.04110999e+39,5.87495733e+47,6.27107315e+47,-1.41458708e+47,5.31377800e+48,3.61301127e+52,3.61370892e+52,-6.46286771e+51,3.29056554e+52,-2.92233093e+06,1.00948990e+06,-4.74965683e+05,1.53472092e+05,5.77457666e+05,1.72540053e+06,0.00000000e+00,2.30006724e+09
2.43700000e+04,4.93515148e+01,2.92170989e+33,5.16469216e+38,1.65799791e+39,5.04756748e+39,5.86954607e+47,6.27462983e+47,-1.42544716e+47,4.93542590e+48,3.61477584e+52,3.61543617e+52,-6.39336006e+51,3.29576817e+52,-2.91599261e+06,1.03679609e+06,-3.93865151e+05,1.76769507e+05,5.67475204e+05,1.72760735e+06,0.00000000e+00,2.22550587e+09
2.43800000e+04,4.93987959e+01,2.92171559e+33,5.84613734e+38,1.62811478e+39,5.05225236e+39,5.86579725e+47,6.27811617e+47,-1.43597843e+47,4.61996028e+48,3.61653134e+52,3.61716102e+52,-6.34080601e+51,3.30012072e+52,-2.90868047e+06,1.06402681e+06,-3.12748918e+05,2.00092622e+05,5.57246156e+05,1.72920745e+06,0.00000000e+00,2.16996438e+09
2.43900000e+04,4.94461019e+01,2.92172129e+33,6.52468177e+38,1.59781348e+39,5.05493267e+39,5.86305531e+47,6.28287702e+47,-1.44651906e+47,4.38126409e+48,3.61829929e+52,3.61890638e+52,-6.30540518e+51,3.30363612e+52,-2.90037108e+06,1.09122277e+06,-2.31671417e+05,2.23316364e+05,5.46874025e+05,1.73012145e+06,0.00000000e+00,2.13292310e+09
2.44000000e+04,4.94934210e+01,2.92172700e+33,7.19925552e+38,1.56685768e+39,5.05549176e+39,5.86097455e+47,6.28892930e+47,-1.45733499e+47,4.22904078e+48,3.62010045e+52,3.62069381e+52,-6.28723969e+51,3.30633183e+52,-2.89105988e+06,1.11833953e+06,-1.50642430e+05,2.46404114e+05,5.36277919e+05,1.73030942e+06,0.00000000e+00,2.11307451e+09
2.44100000e+04,4.95407291e+01,2.92173271e+33,7.87186593e+38,1.53525988e+39,5.05409758e+39,5.86021823e+47,6.29565650e+47,-1.46784316e+47,4.16871599e+48,3.62195536e+52,3.62254426e+52,-6.28641735e+51,3.30822340e+52,-2.88074428e+06,1.14536014e+06,-6.96985206e+04,2.69424575e+05,5.25462125e+05,1.72982887e+06,0.00000000e+00,2.11088876e+09
2.44200000e+04,4.95879957e+01,2.92173840e+33,8.54307337e+38,1.50309724e+39,5.05074877e+39,5.86047392e+47,6.30313902e+47,-1.47807925e+47,4.20150352e+48,3.62388239e+52,3.62447589e+52,-6.30298104e+51,3.30932683e+52,-2.86943685e+06,1.17224656e+06,1.11168223e+04,2.92396929e+05,5.14453052e+05,1.72867932e+06,0.00000000e+00,2.12639938e+09
2.44300000e+04,4.96351868e+01,2.92174408e+33,9.20952932e+38,1.47029428e+39,5.04531241e+39,5.86140695e+47,6.31172604e+47,-1.48833705e+47,4.32394345e+48,3.62590024e+52,3.62650699e+52,-6.33688823e+51,3.30966258e+52,-2.85718015e+06,1.19894288e+06,9.17443893e+04,3.15206570e+05,5.03224866e+05,1.72681531e+06,0.00000000e+00,2.15948808e+09
2.44400000e+04,4.96822632e+01,2.92174973e+33,9.86874210e+38,1.43675605e+39,5.03785995e+39,5.86346317e+47,6.32168610e+47,-1.49851727e+47,4.52794025e+48,3.62803012e+52,3.62865788e+52,-6.38804514e+51,3.30925562e+52,-2.84401919e+06,1.22540409e+06,1.72136709e+05,3.37768221e+05,4.91745080e+05,1.72426129e+06,0.00000000e+00,2.21088138e+09
2.44500000e+04,4.97291750e+01,2.92175534e+33,1.05215897e+39,1.40283580e+39,5.02846275e+39,5.86695558e+47,6.33275356e+47,-1.50953408e+47,4.80153076e+48,3.63028987e+52,3.63094525e+52,-6.45623986e+51,3.30813325e+52,-2.82997999e+06,1.25160894e+06,2.52277259e+05,3.60111935e+05,4.80134587e+05,1.72104169e+06,0.00000000e+00,2.28097575e+09
2.44600000e+04,4.97758647e+01,2.92176090e+33,1.11713245e+39,1.36815806e+39,5.01707248e+39,5.87222601e+47,6.34463634e+47,-1.52196960e+47,5.12955896e+48,3.63269237e+52,3.63338038e+52,-6.54107440e+51,3.30632666e+52,-2.81510808e+06,1.27752840e+06,3.32134557e+05,3.82349032e+05,4.68264895e+05,1.71713999e+06,0.00000000e+00,2.37032309e+09
2.44700000e+04,4.98222515e+01,2.92176639e+33,1.18151600e+39,1.33282691e+39,5.00366504e+39,5.87882317e+47,6.35671373e+47,-1.53435981e+47,5.49302638e+48,3.63524838e+52,3.63597216e+52,-6.64188706e+51,3.30387781e+52,-2.79946120e+06,1.30308291e+06,4.11594031e+05,4.04384143e+05,4.56171620e+05,1.71254795e+06,0.00000000e+00,2.47950769e+09
2.44800000e+04,4.98682733e+01,2.92177180e+33,1.24485591e+39,1.29711546e+39,4.98852517e+39,5.88779086e+47,6.36973982e+47,-1.54695993e+47,5.87015009e+48,3.63796609e+52,3.63872685e+52,-6.75776411e+51,3.30083864e+52,-2.78311141e+06,1.32821910e+06,4.90596111e+05,4.26061992e+05,4.43948244e+05,1.70736304e+06,0.00000000e+00,2.60937705e+09
2.44900000e+04,4.99138826e+01,2.92177711e+33,1.30723337e+39,1.26098951e+39,4.97163745e+39,5.89919955e+47,6.38451561e+47,-1.56022143e+47,6.23849648e+48,3.64085408e+52,3.64165090e+52,-6.88739757e+51,3.29728102e+52,-2.76616964e+06,1.35291695e+06,5.69053875e+05,4.47410367e+05,4.31583061e+05,1.70157999e+06,0.00000000e+00,2.76022765e+09
2.45000000e+04,4.99590469e+01,2.92178232e+33,1.36859509e+39,1.22454622e+39,4.95278111e+39,5.91220529e+47,6.40100345e+47,-1.57492032e+47,6.57695397e+48,3.64390567e+52,3.64473561e+52,-7.02900707e+51,3.29328526e+52,-2.74871243e+06,1.37718739e+06,6.46859004e+05,4.68411039e+05,4.19109325e+05,1.69512324e+06,0.00000000e+00,2.93135863e+09
2.45100000e+04,5.00037441e+01,2.92178742e+33,1.42891054e+39,1.18783187e+39,4.93205223e+39,5.92656905e+47,6.41964312e+47,-1.59079966e+47,6.86668675e+48,3.64711554e+52,3.64797383e+52,-7.18033207e+51,3.28895723e+52,-2.73074144e+06,1.40099381e+06,7.23943807e+05,4.89053559e+05,4.06542877e+05,1.68802569e+06,0.00000000e+00,3.12198802e+09
2.45200000e+04,5.00479589e+01,2.92179242e+33,1.48780541e+39,1.15106537e+39,4.90972081e+39,5.94262089e+47,6.44120825e+47,-1.60807961e+47,7.09387583e+48,3.65048054e+52,3.65136109e+52,-7.33844445e+51,3.28443886e+52,-2.71234854e+06,1.42431188e+06,8.00186365e+05,5.09209826e+05,3.93958642e+05,1.68037975e+06,0.00000000e+00,3.33004639e+09
2.45300000e+04,5.00916958e+01,2.92179731e+33,1.54598246e+39,1.11382586e+39,4.88548726e+39,5.96034149e+47,6.46575797e+47,-1.62581289e+47,7.25049678e+48,3.65397890e+52,3.65487521e+52,-7.49963830e+51,3.27989330e+52,-2.69355323e+06,1.44714655e+06,8.75520451e+05,5.29120367e+05,3.81212570e+05,1.67208288e+06,0.00000000e+00,3.55149990e+09
2.45400000e+04,5.01349864e+01,2.92180210e+33,1.60261806e+39,1.07683192e+39,4.85990249e+39,5.98024795e+47,6.49215905e+47,-1.64475941e+47,7.33730096e+48,3.65759625e+52,3.65850211e+52,-7.65946969e+51,3.27552863e+52,-2.67434165e+06,1.46947280e+06,9.49897028e+05,5.48503287e+05,3.68550602e+05,1.66332363e+06,0.00000000e+00,3.78060084e+09
2.45500000e+04,5.01778792e+01,2.92180681e+33,1.65849869e+39,1.03941072e+39,4.83251654e+39,6.00165156e+47,6.51853825e+47,-1.66434725e+47,7.36215149e+48,3.66131788e+52,3.66222747e+52,-7.81289358e+51,3.27158279e+52,-2.65474591e+06,1.49120371e+06,1.02325274e+06,5.67627771e+05,3.55742454e+05,1.65394800e+06,0.00000000e+00,4.00969918e+09
2.45600000e+04,5.02204503e+01,2.92181145e+33,1.71363240e+39,1.00170719e+39,4.80340922e+39,6.02321657e+47,6.54497077e+47,-1.68408850e+47,7.34336506e+48,3.66511720e+52,3.66602668e+52,-7.95436746e+51,3.26830831e+52,-2.63468478e+06,1.51223719e+06,1.09569761e+06,5.86496573e+05,3.42837726e+05,1.64398330e+06,0.00000000e+00,4.22948393e+09
2.45700000e+04,5.02627689e+01,2.92181603e+33,1.76782410e+39,9.63744340e+38,4.77291907e+39,6.04473189e+47,6.57267857e+47,-1.70192972e+47,7.30312446e+48,3.66896235e+52,3.66987027e+52,-8.07806737e+51,3.26596690e+52,-2.61405842e+06,1.53250730e+06,1.16725225e+06,6.05042920e+05,3.29844292e+05,1.63354538e+06,0.00000000e+00,4.42757962e+09
2.45800000e+04,5.03048792e+01,2.92182057e+33,1.82113669e+39,9.25459050e+38,4.74086740e+39,6.06649690e+47,6.60177976e+47,-1.71749083e+47,7.26867597e+48,3.67282524e+52,3.67373216e+52,-8.17820938e+51,3.26482170e+52,-2.59276777e+06,1.55192552e+06,1.23790062e+06,6.23288338e+05,3.16740548e+05,1.62257308e+06,0.00000000e+00,4.59415945e+09
2.45900000e+04,5.03468592e+01,2.92182509e+33,1.87395766e+39,8.86950801e+38,4.70712274e+39,6.08941483e+47,6.63173819e+47,-1.73066760e+47,7.26647388e+48,3.67666659e+52,3.67757544e+52,-8.24950739e+51,3.26510007e+52,-2.57062484e+06,1.57035153e+06,1.30765479e+06,6.41365449e+05,3.03560540e+05,1.61102140e+06,0.00000000e+00,4.71517231e+09
2.46000000e+04,5.03886688e+01,2.92182956e+33,1.92612961e+39,8.48012880e+38,4.67166787e+39,6.11470261e+47,6.66207185e+47,-1.74330186e+47,7.31640286e+48,3.68044802e+52,3.68136367e+52,-8.28789748e+51,3.26696880e+52,-2.54760138e+06,1.58761395e+06,1.37632203e+06,6.59220385e+05,2.90233520e+05,1.59888446e+06,0.00000000e+00,4.78394398e+09
2.46100000e+04,5.04303344e+01,2.92183401e+33,1.97738582e+39,8.08954153e+38,4.63464224e+39,6.14268117e+47,6.69274710e+47,-1.75416781e+47,7.42603737e+48,3.68410372e+52,3.68503147e+52,-8.29100648e+51,3.27048115e+52,-2.52363405e+06,1.60374401e+06,1.44392807e+06,6.76761860e+05,2.76865198e+05,1.58620997e+06,0.00000000e+00,4.79367229e+09
2.46200000e+04,5.04719641e+01,2.92183845e+33,2.02788609e+39,7.69677488e+38,4.59613690e+39,6.17197471e+47,6.72241598e+47,-1.76296386e+47,7.59103158e+48,3.68759558e+52,3.68854008e+52,-8.25841342e+51,3.27561941e+52,-2.49846584e+06,1.61858943e+06,1.51052913e+06,6.94044562e+05,2.63422328e+05,1.57302910e+06,0.00000000e+00,4.74167723e+09
2.46300000e+04,5.05136640e+01,2.92184291e+33,2.07771716e+39,7.30145692e+38,4.55620933e+39,6.20189873e+47,6.75087221e+47,-1.76846430e+47,7.79265463e+48,3.69087330e+52,3.69183722e+52,-8.19186789e+51,3.28224382e+52,-2.47190702e+06,1.63213849e+06,1.57631209e+06,7.11098175e+05,2.49892179e+05,1.55936150e+06,0.00000000e+00,4.63357331e+09
2.46400000e+04,5.05555427e+01,2.92184740e+33,2.12722946e+39,6.90079499e+38,4.51454563e+39,6.23236074e+47,6.77621022e+47,-1.77304782e+47,8.00356009e+48,3.69392335e+52,3.69490651e+52,-8.09480565e+51,3.29016622e+52,-2.44386046e+06,1.64444119e+06,1.64151852e+06,7.28042630e+05,2.36179172e+05,1.54509973e+06,0.00000000e+00,4.47667116e+09
2.46500000e+04,5.05977017e+01,2.92185195e+33,2.17665761e+39,6.49337648e+38,4.47092408e+39,6.26191450e+47,6.79517196e+47,-1.77808767e+47,8.19376531e+48,3.69674053e+52,3.69773991e+52,-7.97198355e+51,3.29914073e+52,-2.41426765e+06,1.65555980e+06,1.70635738e+06,7.44958212e+05,2.22234959e+05,1.53016790e+06,0.00000000e+00,4.28144955e+09
2.46600000e+04,5.06402407e+01,2.92185658e+33,2.22593806e+39,6.07868879e+38,4.42540280e+39,6.28876951e+47,6.80798984e+47,-1.78267008e+47,8.33082701e+48,3.69932364e+52,3.70033329e+52,-7.82901062e+51,3.30888276e+52,-2.38307789e+06,1.66559337e+06,1.77097260e+06,7.61823174e+05,2.08041997e+05,1.51458590e+06,0.00000000e+00,4.06036953e+09
2.46700000e+04,5.06832524e+01,2.92186132e+33,2.27500304e+39,5.65763658e+38,4.37808455e+39,6.31209218e+47,6.81735496e+47,-1.78743376e+47,8.38645835e+48,3.70167601e+52,3.70268721e+52,-7.67179798e+51,3.31909731e+52,-2.35031675e+06,1.67466024e+06,1.83542187e+06,7.78614311e+05,1.93631250e+05,1.49838889e+06,0.00000000e+00,3.82513281e+09
2.46800000e+04,5.07268284e+01,2.92186617e+33,2.32402630e+39,5.22964376e+38,4.32883123e+39,6.33289617e+47,6.82368522e+47,-1.79190223e+47,8.34255281e+48,3.70382916e+52,3.70483186e+52,-7.50608507e+51,3.32952761e+52,-2.31603246e+06,1.68287092e+06,1.89986037e+06,7.95391083e+05,1.78983001e+05,1.48152960e+06,0.00000000e+00,3.58660183e+09
2.46900000e+04,5.07710470e+01,2.92187117e+33,2.37314960e+39,4.79221731e+38,4.27732695e+39,6.35216515e+47,6.82757818e+47,-1.79553237e+47,8.19085333e+48,3.70580983e+52,3.70679344e+52,-7.33717069e+51,3.33993491e+52,-2.28028261e+06,1.69027088e+06,1.96437918e+06,8.12201996e+05,1.64011930e+05,1.46389991e+06,0.00000000e+00,3.35276163e+09
2.47000000e+04,5.08159749e+01,2.92187633e+33,2.42203137e+39,4.34925802e+38,4.22399303e+39,6.37080989e+47,6.83120768e+47,-1.79873598e+47,7.93218962e+48,3.70764501e+52,3.70859904e+52,-7.16987717e+51,3.35010518e+52,-2.24308221e+06,1.69694204e+06,2.02907627e+06,8.28930143e+05,1.48851544e+05,1.44564401e+06,0.00000000e+00,3.13008307e+09
2.47100000e+04,5.08615643e+01,2.92188164e+33,2.47099186e+39,3.89724773e+38,4.16842281e+39,6.38697856e+47,6.83459822e+47,-1.80308404e+47,7.57827177e+48,3.70937027e+52,3.71028568e+52,-7.00884272e+51,3.35984354e+52,-2.20451073e+06,1.70297052e+06,2.09392051e+06,8.45685132e+05,1.33381438e+05,1.42662275e+06,0.00000000e+00,2.92482607e+09
2.47200000e+04,5.09078184e+01,2.92188710e+33,2.51971811e+39,3.43965764e+38,4.11094934e+39,6.40288723e+47,6.83907551e+47,-1.80897883e+47,7.14914712e+48,3.71101571e+52,3.71188553e+52,-6.85762152e+51,3.36900445e+52,-2.16456367e+06,1.70837747e+06,2.15887762e+06,8.62359846e+05,1.17720416e+05,1.40695010e+06,0.00000000e+00,2.74068649e+09
2.47300000e+04,5.09547492e+01,2.92189271e+33,2.56820132e+39,2.97555719e+38,4.05154148e+39,6.41714267e+47,6.84416849e+47,-1.81502166e+47,6.66988823e+48,3.71259223e+52,3.71341201e+52,-6.71887882e+51,3.37746807e+52,-2.12325238e+06,1.71321087e+06,2.22397862e+06,8.78951274e+05,1.01836634e+05,1.38661542e+06,0.00000000e+00,2.57727476e+09
2.47400000e+04,5.10021741e+01,2.92189845e+33,2.61638951e+39,2.50496946e+38,3.99034249e+39,6.42897182e+47,6.84854855e+47,-1.81852628e+47,6.17065352e+48,3.71411849e+52,3.71488678e+52,-6.59529208e+51,3.38512218e+52,-2.08079119e+06,1.71753886e+06,2.28901836e+06,8.95441629e+05,8.57308871e+04,1.36566775e+06,0.00000000e+00,2.43670115e+09
2.47500000e+04,5.10499791e+01,2.92190427e+33,2.66387261e+39,2.03275299e+38,3.92762882e+39,6.43914333e+47,6.85403584e+47,-1.82003972e+47,5.68021595e+48,3.71561590e+52,3.71633404e+52,-6.48862233e+51,3.39190293e+52,-2.03735298e+06,1.72138033e+06,2.35387832e+06,9.11690582e+05,6.95694587e+04,1.34420174e+06,0.00000000e+00,2.31999685e+09
2.47600000e+04,5.10980983e+01,2.92191017e+33,2.71057778e+39,1.55838250e+38,3.86345715e+39,6.44787479e+47,6.86142781e+47,-1.82091673e+47,5.22638554e+48,3.71709823e+52,3.71777025e+52,-6.39984591e+51,3.39777795e+52,-1.99301874e+06,1.72468759e+06,2.41835960e+06,9.27673208e+05,5.33343739e+04,1.32223680e+06,0.00000000e+00,2.22503021e+09
2.47700000e+04,5.11463148e+01,2.92191610e+33,2.75649036e+39,1.08232290e+38,3.79768103e+39,6.45616965e+47,6.87108744e+47,-1.82121993e+47,4.83464367e+48,3.71857490e+52,3.71920713e+52,-6.32978418e+51,3.40271792e+52,-1.94805131e+06,1.72747141e+06,2.48212263e+06,9.43384503e+05,3.70415460e+04,1.29972282e+06,0.00000000e+00,2.15207327e+09
2.47800000e+04,5.11945928e+01,2.92192203e+33,2.80136946e+39,6.05157550e+37,3.73022470e+39,6.46495562e+47,6.88138858e+47,-1.82016638e+47,4.52381434e+48,3.72006519e+52,3.72066575e+52,-6.27862035e+51,3.40673473e+52,-1.90250364e+06,1.72968887e+06,2.54506602e+06,9.58742028e+05,2.07109410e+04,1.27663389e+06,0.00000000e+00,2.09953628e+09
2.47900000e+04,5.12428887e+01,2.92192798e+33,2.84499682e+39,1.29041012e+37,3.66132023e+39,6.47333802e+47,6.89313996e+47,-1.81862028e+47,4.30797605e+48,3.72158875e+52,3.72216720e+52,-6.24639718e+51,3.40984734e+52,-1.85641753e+06,1.73131873e+06,2.60707494e+06,9.73671099e+05,4.41629680e+03,1.25304945e+06,0.00000000e+00,2.06659943e+09
2.48000000e+04,5.12911432e+01,2.92193391e+33,2.88739453e+39,-3.45622545e+37,3.59096212e+39,6.48213096e+47,6.90617840e+47,-1.81575592e+47,4.19622128e+48,3.72316148e+52,3.72372814e+52,-6.23309195e+51,3.41207355e+52,-1.80988602e+06,1.73238055e+06,2.66802962e+06,9.88179274e+05,-1.18285545e+04,1.22896761e+06,0.00000000e+00,2.05239640e+09
2.48100000e+04,5.13392951e+01,2.92193981e+33,2.92855336e+39,-8.19656074e+37,3.51919350e+39,6.49130826e+47,6.92108418e+47,-1.81184217e+47,4.19197563e+48,3.72480087e+52,3.72536639e+52,-6.23865786e+51,3.41343350e+52,-1.76303011e+06,1.73288312e+06,2.72776687e+06,1.00226341e+06,-2.80517781e+04,1.20440315e+06,0.00000000e+00,2.05705743e+09
2.48200000e+04,5.13872858e+01,2.92194568e+33,2.96836484e+39,-1.29407996e+38,3.44611278e+39,6.50069882e+47,6.93776821e+47,-1.80760326e+47,4.29314971e+48,3.72652887e+52,3.72710359e+52,-6.26300814e+51,3.41395319e+52,-1.71596189e+06,1.73282408e+06,2.78615803e+06,1.01588639e+06,-4.42882964e+04,1.17938975e+06,0.00000000e+00,2.08016802e+09
2.48300000e+04,5.14350514e+01,2.92195150e+33,3.00684813e+39,-1.76560586e+38,3.37186405e+39,6.51142593e+47,6.95554333e+47,-1.80257167e+47,4.49263985e+48,3.72836753e+52,3.72896112e+52,-6.30601725e+51,3.41366025e+52,-1.66878131e+06,1.73222444e+06,2.84306123e+06,1.02905477e+06,-6.04255704e+04,1.15397674e+06,0.00000000e+00,2.12220138e+09
2.48400000e+04,5.14825295e+01,2.92195724e+33,3.04381542e+39,-2.23366269e+38,3.29690604e+39,6.52275590e+47,6.97368146e+47,-1.79722018e+47,4.77804649e+48,3.73033307e+52,3.73095388e+52,-6.36747363e+51,3.41258020e+52,-1.62152576e+06,1.73112484e+06,2.89839811e+06,1.04170430e+06,-7.64440582e+04,1.12832111e+06,0.00000000e+00,2.18369768e+09
2.48500000e+04,5.15296667e+01,2.92196291e+33,3.07924072e+39,-2.69620697e+38,3.22116274e+39,6.53543243e+47,6.99209887e+47,-1.79135648e+47,5.13279385e+48,3.73244308e+52,3.73309770e+52,-6.44702832e+51,3.41074628e+52,-1.57426708e+06,1.72955889e+06,2.95212113e+06,1.05382608e+06,-9.22738261e+04,1.10239686e+06,0.00000000e+00,2.26542355e+09
2.48600000e+04,5.15764360e+01,2.92196848e+33,3.11309106e+39,-3.15398553e+38,3.14454155e+39,6.54884131e+47,7.01118130e+47,-1.78504634e+47,5.53687012e+48,3.73471038e+52,3.73540358e+52,-6.54416960e+51,3.40819510e+52,-1.52707559e+06,1.72754856e+06,3.00421095e+06,1.06540884e+06,-1.07940436e+05,1.07617230e+06,0.00000000e+00,2.36807376e+09
2.48700000e+04,5.16228286e+01,2.92197397e+33,3.14582091e+39,-3.61078168e+38,3.06722470e+39,6.56334922e+47,7.03251605e+47,-1.77937034e+47,5.96733012e+48,3.73714139e+52,3.73787566e+52,-6.65819872e+51,3.40496573e+52,-1.47998880e+06,1.72510077e+06,3.05467852e+06,1.07660812e+06,-1.23573369e+05,1.04970979e+06,0.00000000e+00,2.49236191e+09
2.48800000e+04,5.16688510e+01,2.92197938e+33,3.17695008e+39,-4.06355826e+38,2.98932776e+39,6.57996676e+47,7.05547704e+47,-1.77499295e+47,6.39935924e+48,3.73974364e+52,3.74051892e+52,-6.78818792e+51,3.40110952e+52,-1.43299307e+06,1.72223237e+06,3.10354052e+06,1.08725958e+06,-1.39068684e+05,1.02304889e+06,0.00000000e+00,2.63930661e+09
2.48900000e+04,5.17145212e+01,2.92198470e+33,3.20647066e+39,-4.51228807e+38,2.91095022e+39,6.60009087e+47,7.07970941e+47,-1.77227846e+47,6.80791555e+48,3.74251779e+52,3.74333164e+52,-6.93286179e+51,3.39668855e+52,-1.38608095e+06,1.71899435e+06,3.15082974e+06,1.09736052e+06,-1.54425452e+05,9.96223636e+05,0.00000000e+00,2.80915273e+09
2.49000000e+04,5.17598191e+01,2.92198994e+33,3.23516483e+39,-4.95957553e+38,2.83183905e+39,6.62340376e+47,7.10547272e+47,-1.77097844e+47,7.16895188e+48,3.74545623e+52,3.74630432e+52,-7.09033784e+51,3.39178743e+52,-1.33926664e+06,1.71541317e+06,3.19657673e+06,1.10717863e+06,-1.69732806e+05,9.69147432e+05,0.00000000e+00,3.00176590e+09
2.49100000e+04,5.18045740e+01,2.92199506e+33,3.26183261e+39,-5.39772562e+38,2.75289672e+39,6.65053697e+47,7.13354644e+47,-1.77164825e+47,7.46038342e+48,3.74854737e+52,3.74942321e+52,-7.25745704e+51,3.38655036e+52,-1.29278173e+06,1.71155025e+06,3.24062790e+06,1.11630326e+06,-1.84727404e+05,9.42129151e+05,0.00000000e+00,3.21598497e+09
2.49200000e+04,5.18487921e+01,2.92200005e+33,3.28742089e+39,-5.83281283e+38,2.67339985e+39,6.68184687e+47,7.16279352e+47,-1.77315429e+47,7.66759573e+48,3.75177584e+52,3.75267188e+52,-7.43073693e+51,3.38113504e+52,-1.24664692e+06,1.70740769e+06,3.28299953e+06,1.12505846e+06,-1.99617136e+05,9.14921218e+05,0.00000000e+00,3.44816096e+09
2.49300000e+04,5.18925085e+01,2.92200494e+33,3.31131444e+39,-6.25791272e+38,2.59408847e+39,6.71729327e+47,7.19479945e+47,-1.77697680e+47,7.78470608e+48,3.75512569e+52,3.75603378e+52,-7.60591402e+51,3.37573808e+52,-1.20074289e+06,1.70296758e+06,3.32373224e+06,1.13323369e+06,-2.14165029e+05,8.87776894e+05,0.00000000e+00,3.69402188e+09
2.49400000e+04,5.19357727e+01,2.92200973e+33,3.33376470e+39,-6.67729563e+38,2.51452899e+39,6.75473973e+47,7.23050247e+47,-1.78190314e+47,7.81674222e+48,3.75857433e+52,3.75948658e+52,-7.77779595e+51,3.37059678e+52,-1.15491584e+06,1.69821967e+06,3.36283168e+06,1.14091499e+06,-2.28517228e+05,8.60547783e+05,0.00000000e+00,3.94665936e+09
2.49500000e+04,5.19786098e+01,2.92201442e+33,3.35502810e+39,-7.09189986e+38,2.43474778e+39,6.79394432e+47,7.26987360e+47,-1.78829132e+47,7.77922332e+48,3.76210019e+52,3.76301044e+52,-7.94021503e+51,3.36599968e+52,-1.10900482e+06,1.69309553e+06,3.40038697e+06,1.14819012e+06,-2.42705847e+05,8.33242904e+05,0.00000000e+00,4.19533394e+09
2.49600000e+04,5.20210439e+01,2.92201903e+33,3.37441346e+39,-7.49981526e+38,2.35497997e+39,6.83446568e+47,7.31107867e+47,-1.79487252e+47,7.69856848e+48,3.76567848e+52,3.76658316e+52,-8.08646454e+51,3.36225993e+52,-1.06283980e+06,1.68748397e+06,3.43647738e+06,1.15482255e+06,-2.56665517e+05,8.05942723e+05,0.00000000e+00,4.42874389e+09
2.49700000e+04,5.20631421e+01,2.92202357e+33,3.39260197e+39,-7.90172184e+38,2.27520212e+39,6.87537595e+47,7.35393175e+47,-1.80087393e+47,7.60798173e+48,3.76927518e+52,3.77017389e+52,-8.20981101e+51,3.35968334e+52,-1.01620200e+06,1.68123468e+06,3.47121071e+06,1.16104538e+06,-2.70419511e+05,7.78639208e+05,0.00000000e+00,4.63295765e+09
2.49800000e+04,5.21049883e+01,2.92202805e+33,3.40969527e+39,-8.30040961e+38,2.19475681e+39,6.91562721e+47,7.39809663e+47,-1.80666680e+47,7.54248094e+48,3.77285597e+52,3.77375156e+52,-8.30387914e+51,3.35855760e+52,-9.68880493e+05,1.67419902e+06,3.50464491e+06,1.16689341e+06,-2.84063310e+05,7.51107373e+05,0.00000000e+00,4.79376625e+09
2.49900000e+04,5.21466677e+01,2.92203250e+33,3.42543586e+39,-8.69816790e+38,2.11395468e+39,6.95275774e+47,7.44041622e+47,-1.81246073e+47,7.53079680e+48,3.77638019e+52,3.77727823e+52,-8.36349437e+51,3.35910351e+52,-9.20696330e+05,1.66619258e+06,3.53682949e+06,1.17227849e+06,-2.97675262e+05,7.23453512e+05,0.00000000e+00,4.89985926e+09
2.50000000e+04,5.21882735e+01,2.92203694e+33,3.43996302e+39,-9.09362889e+38,2.03257689e+39,6.98896306e+47,7.48026429e+47,-1.81845031e+47,7.59286371e+48,3.77978800e+52,3.78069562e+52,-8.38506265e+51,3.36144249e+52,-8.71690921e+05,1.65707565e+06,3.56780909e+06,1.17724830e+06,-3.11208553e+05,6.95602736e+05,0.00000000e+00,4.94216985e+09
2.50100000e+04,5.22299145e+01,2.92204138e+33,3.45328292e+39,-9.48793472e+38,1.95041657e+39,7.02273816e+47,7.51800239e+47,-1.82522684e+47,7.73025256e+48,3.78306969e+52,3.78399376e+52,-8.36693862e+51,3.36564683e+52,-8.21829567e+05,1.64667901e+06,3.59762705e+06,1.18180493e+06,-3.24702271e+05,6.67484239e+05,0.00000000e+00,4.91675609e+09
2.50200000e+04,5.22717013e+01,2.92204585e+33,3.46543924e+39,-9.87920574e+38,1.86728262e+39,7.05179442e+47,7.55306931e+47,-1.83449632e+47,7.93001185e+48,3.78618076e+52,3.78712683e+52,-8.30970359e+51,3.37164165e+52,-7.71072953e+05,1.63486477e+06,3.62629620e+06,1.18596333e+06,-3.38092085e+05,6.39032622e+05,0.00000000e+00,4.82353090e+09
2.50300000e+04,5.23137407e+01,2.92205038e+33,3.47639948e+39,-1.02678591e+39,1.78312305e+39,7.07559066e+47,7.58414827e+47,-1.84316568e+47,8.16298554e+48,3.78909859e+52,3.79006912e+52,-8.21618383e+51,3.37925993e+52,-7.19577014e+05,1.62163890e+06,3.65380023e+06,1.18971237e+06,-3.51392268e+05,6.10230085e+05,0.00000000e+00,4.67029139e+09
2.50400000e+04,5.23561387e+01,2.92205498e+33,3.48599930e+39,-1.06555943e+39,1.69774530e+39,7.09367917e+47,7.61333228e+47,-1.85046467e+47,8.39203752e+48,3.79182112e+52,3.79281502e+52,-8.09112345e+51,3.38825884e+52,-6.67322543e+05,1.60698374e+06,3.68014278e+06,1.19299579e+06,-3.64660979e+05,5.81010732e+05,0.00000000e+00,4.46738356e+09
2.50500000e+04,5.23989894e+01,2.92205968e+33,3.49451953e+39,-1.10441903e+39,1.61080701e+39,7.10706583e+47,7.63959861e+47,-1.85570633e+47,8.57546709e+48,3.79433759e+52,3.79535008e+52,-7.94075714e+51,3.39831222e+52,-6.14285677e+05,1.59101556e+06,3.70534278e+06,1.19590971e+06,-3.77959094e+05,5.51257397e+05,0.00000000e+00,4.22965851e+09
2.50600000e+04,5.24423748e+01,2.92206450e+33,3.50195769e+39,-1.14347449e+39,1.52225150e+39,7.11907539e+47,7.66606705e+47,-1.85953851e+47,8.67603090e+48,3.79665749e+52,3.79767967e+52,-7.77202763e+51,3.40907828e+52,-5.60450674e+05,1.57383151e+06,3.72936092e+06,1.19845325e+06,-3.91324180e+05,5.20950684e+05,0.00000000e+00,3.97146834e+09
2.50700000e+04,5.24863626e+01,2.92206944e+33,3.50819625e+39,-1.18234029e+39,1.43201470e+39,7.13002844e+47,7.69044538e+47,-1.85929725e+47,8.66539529e+48,3.79880715e+52,3.79982726e+52,-7.59197940e+51,3.42022829e+52,-5.05860195e+05,1.55547106e+06,3.75226343e+06,1.20058620e+06,-4.04624295e+05,4.90068675e+05,0.00000000e+00,3.70662366e+09
2.50800000e+04,5.25309994e+01,2.92207453e+33,3.51336996e+39,-1.22154192e+39,1.33996647e+39,7.13939024e+47,7.71313471e+47,-1.85701933e+47,8.52925486e+48,3.80080470e+52,3.80180982e+52,-7.40725965e+51,3.43144684e+52,-4.50516127e+05,1.53601055e+06,3.77405735e+06,1.20235467e+06,-4.18039274e+05,4.58566836e+05,0.00000000e+00,3.44632620e+09
2.50900000e+04,5.25763183e+01,2.92207978e+33,3.51736059e+39,-1.26070126e+39,1.24619687e+39,7.14763984e+47,7.73180090e+47,-1.85342933e+47,8.26799146e+48,3.80265576e+52,3.80363307e+52,-7.22380689e+51,3.44244273e+52,-3.94408801e+05,1.51554862e+06,3.79470067e+06,1.20371819e+06,-4.31439714e+05,4.26475991e+05,0.00000000e+00,3.19922308e+09
2.51000000e+04,5.26223009e+01,2.92208518e+33,3.52029987e+39,-1.30003101e+39,1.15070667e+39,7.15360467e+47,7.74636990e+47,-1.84976236e+47,7.89346929e+48,3.80438093e+52,3.80531857e+52,-7.04679474e+51,3.45297883e+52,-3.37597524e+05,1.49423598e+06,3.81409647e+06,1.20472185e+06,-4.44898398e+05,3.93796416e+05,0.00000000e+00,2.97166783e+09
2.51100000e+04,5.26688457e+01,2.92209070e+33,3.52219020e+39,-1.33933823e+39,1.05381947e+39,7.15880973e+47,7.75803104e+47,-1.84666240e+47,7.42836129e+48,3.80600747e+52,3.80689634e+52,-6.88060154e+51,3.46286626e+52,-2.80239321e+05,1.47215070e+06,3.83209523e+06,1.20536648e+06,-4.58349301e+05,3.60638864e+05,0.00000000e+00,2.76758860e+09
2.51200000e+04,5.27159042e+01,2.92209635e+33,3.52301207e+39,-1.37853447e+39,9.55682145e+38,7.16303229e+47,7.76661216e+47,-1.84400493e+47,6.90280193e+48,3.80755981e+52,3.80839409e+52,-6.72839151e+51,3.47197452e+52,-2.22431300e+05,1.44932244e+06,3.84859296e+06,1.20564542e+06,-4.71762156e+05,3.27053605e+05,0.00000000e+00,2.58870129e+09
2.51300000e+04,5.27634365e+01,2.92210211e+33,3.52279575e+39,-1.41772872e+39,8.56393839e+38,7.16695611e+47,7.77375343e+47,-1.84130371e+47,6.35007150e+48,3.80905920e+52,3.80983634e+52,-6.59243893e+51,3.48021440e+52,-1.64249948e+05,1.42584258e+06,3.86356950e+06,1.20556901e+06,-4.85174257e+05,2.93074577e+05,0.00000000e+00,2.43495646e+09
2.51400000e+04,5.28113804e+01,2.92210797e+33,3.52145149e+39,-1.45655509e+39,7.56120146e+38,7.17176971e+47,7.78020017e+47,-1.83886161e+47,5.80291694e+48,3.81052867e+52,3.81124965e+52,-6.47438925e+51,3.48753019e+52,-1.05685476e+05,1.40174744e+06,3.87696431e+06,1.20510656e+06,-4.98460394e+05,2.58758456e+05,0.00000000e+00,2.30631901e+09
2.51500000e+04,5.28596689e+01,2.92211391e+33,3.51896550e+39,-1.49507383e+39,6.55038916e+38,7.17613628e+47,7.78790063e+47,-1.83735134e+47,5.29153380e+48,3.81198691e+52,3.81265570e+52,-6.37531801e+51,3.49388980e+52,-4.67907531e+04,1.37708720e+06,3.88873011e+06,1.20425336e+06,-5.11641186e+05,2.24166113e+05,0.00000000e+00,2.20170428e+09
2.51600000e+04,5.29082302e+01,2.92211991e+33,3.51519941e+39,-1.53319288e+39,5.53215992e+38,7.18045947e+47,7.79749128e+47,-1.83480944e+47,4.84343205e+48,3.81344716e+52,3.81407047e+52,-6.29587260e+51,3.49927684e+52,1.23607351e+04,1.35191002e+06,3.89881931e+06,1.20296207e+06,-5.24685136e+05,1.89320086e+05,0.00000000e+00,2.11968938e+09
2.51700000e+04,5.29569785e+01,2.92212597e+33,3.51007381e+39,-1.57089954e+39,4.50801087e+38,7.18488318e+47,7.80677672e+47,-1.83202122e+47,4.48084318e+48,3.81492086e+52,3.81550745e+52,-6.23641577e+51,3.50368666e+52,7.17063929e+04,1.32626168e+06,3.90717134e+06,1.20120551e+06,-5.37587892e+05,1.54271613e+05,0.00000000e+00,2.05962833e+09
2.51800000e+04,5.30058317e+01,2.92213204e+33,3.50349631e+39,-1.60798607e+39,3.47926954e+38,7.19003343e+47,7.81624684e+47,-1.82985315e+47,4.22137930e+48,3.81642586e+52,3.81698617e+52,-6.19706178e+51,3.50713308e+52,1.31193126e+05,1.30019395e+06,3.91375372e+06,1.19895209e+06,-5.50278374e+05,1.19066130e+05,0.00000000e+00,2.02013322e+09
2.51900000e+04,5.30547073e+01,2.92213813e+33,3.49548343e+39,-1.64429393e+39,2.44834227e+38,7.19585242e+47,7.82707814e+47,-1.82915945e+47,4.07600431e+48,3.81797911e+52,3.81852472e+52,-6.17780358e+51,3.50963454e+52,1.90722223e+05,1.27378253e+06,3.91855838e+06,1.19620746e+06,-5.62702328e+05,8.37859869e+04,0.00000000e+00,2.00041875e+09
2.52000000e+04,5.31035163e+01,2.92214419e+33,3.48603362e+39,-1.67975132e+39,1.41908903e+38,7.20260409e+47,7.83999929e+47,-1.82985027e+47,4.04979944e+48,3.81959866e+52,3.82014150e+52,-6.17858026e+51,3.51121249e+52,2.50200696e+05,1.24709807e+06,3.92157434e+06,1.19297112e+06,-5.74835193e+05,4.85632788e+04,0.00000000e+00,2.00017551e+09
2.52100000e+04,5.31521786e+01,2.92215022e+33,3.47511207e+39,-1.71457744e+39,3.92157556e+37,7.21087419e+47,7.85506598e+47,-1.83133645e+47,4.14151209e+48,3.82130607e+52,3.82185778e+52,-6.19928276e+51,3.51189364e+52,3.09505939e+05,1.22018334e+06,3.92279390e+06,1.18923115e+06,-5.86751982e+05,1.34201710e+04,0.00000000e+00,2.01963051e+09
2.52200000e+04,5.32006107e+01,2.92215620e+33,3.46271645e+39,-1.74864818e+39,-6.28584094e+37,7.22073401e+47,7.87105901e+47,-1.83359340e+47,4.34385017e+48,3.82312617e+52,3.82369752e+52,-6.23976186e+51,3.51170942e+52,3.68502326e+05,1.19309471e+06,3.92222046e+06,1.18498677e+06,-5.98410236e+05,-2.15109683e+04,0.00000000e+00,2.05848475e+09
2.52300000e+04,5.32487360e+01,2.92216210e+33,3.44896337e+39,-1.78162667e+39,-1.64253424e+38,7.23149664e+47,7.88797169e+47,-1.83874041e+47,4.64397604e+48,3.82507550e+52,3.82567594e+52,-6.29981832e+51,3.51068502e+52,4.27091841e+05,1.16588142e+06,3.91988162e+06,1.18027791e+06,-6.09694674e+05,-5.62095526e+04,0.00000000e+00,2.11750304e+09
2.52400000e+04,5.32964696e+01,2.92216790e+33,3.43377333e+39,-1.81373217e+39,-2.64722373e+38,7.24365592e+47,7.90675375e+47,-1.84599668e+47,5.02366636e+48,3.82717174e+52,3.82780879e+52,-6.37911612e+51,3.50885299e+52,4.85172815e+05,1.13859255e+06,3.91584636e+06,1.17507735e+06,-6.20680342e+05,-9.05910893e+04,0.00000000e+00,2.19729541e+09
2.52500000e+04,5.33437545e+01,2.92217360e+33,3.41738317e+39,-1.84464390e+39,-3.64000776e+38,7.25734978e+47,7.92792821e+47,-1.85452318e+47,5.46031728e+48,3.82942510e+52,3.83010393e+52,-6.47717924e+51,3.50624496e+52,5.42698856e+05,1.11131748e+06,3.91018105e+06,1.16946617e+06,-6.31257465e+05,-1.24565076e+05,0.00000000e+00,2.29889340e+09
2.52600000e+04,5.33905486e+01,2.92217918e+33,3.39957436e+39,-1.87462652e+39,-4.62112866e+38,7.27216939e+47,7.95082304e+47,-1.86506902e+47,5.92898167e+48,3.83184564e+52,3.83256873e+52,-6.59330089e+51,3.50290368e+52,5.99654079e+05,1.08411449e+06,3.90292067e+06,1.16336957e+06,-6.41516623e+05,-1.58139812e+05,0.00000000e+00,2.42343607e+09
2.52700000e+04,5.34368298e+01,2.92218465e+33,3.38032964e+39,-1.90364356e+39,-5.58814007e+38,7.28807218e+47,7.97375814e+47,-1.87842059e+47,6.40305640e+48,3.83443649e+52,3.83520402e+52,-6.72647758e+51,3.49888014e+52,6.55974615e+05,1.05696343e+06,3.89412930e+06,1.15678167e+06,-6.51445335e+05,-1.91231587e+05,0.00000000e+00,2.57181074e+09
2.52800000e+04,5.34825849e+01,2.92218999e+33,3.36001388e+39,-1.93139087e+39,-6.54254512e+38,7.30660780e+47,7.99633438e+47,-1.89381825e+47,6.85411723e+48,3.83719389e+52,3.83800373e+52,-6.87531729e+51,3.49423787e+52,7.11602525e+05,1.02987944e+06,3.88390337e+06,1.14982732e+06,-6.60939525e+05,-2.23891846e+05,0.00000000e+00,2.74437469e+09
2.52900000e+04,5.35278144e+01,2.92219521e+33,3.33838522e+39,-1.95807131e+39,-7.48214972e+38,7.32846441e+47,8.01926006e+47,-1.91170923e+47,7.25511640e+48,3.84012140e+52,3.84096878e+52,-7.03800947e+51,3.48906830e+52,7.66535933e+05,1.00287412e+06,3.87231456e+06,1.14242375e+06,-6.70068619e+05,-2.56045513e+05,0.00000000e+00,2.94135661e+09
2.53000000e+04,5.35725251e+01,2.92220032e+33,3.31572247e+39,-1.98381032e+39,-8.40678223e+38,7.35404926e+47,8.04244941e+47,-1.93273554e+47,7.58255944e+48,3.84321072e+52,3.84408844e+52,-7.21213603e+51,3.48348164e+52,8.20789607e+05,9.75949335e+05,3.85942314e+06,1.13466638e+06,-6.78875540e+05,-2.87686719e+05,0.00000000e+00,3.16216613e+09
2.53100000e+04,5.36167369e+01,2.92220531e+33,3.29195753e+39,-2.00857911e+39,-9.31666605e+38,7.38212161e+47,8.06596747e+47,-1.95683972e+47,7.81886273e+48,3.84645024e+52,3.84734960e+52,-7.39448353e+51,3.47762542e+52,8.74405769e+05,9.49033930e+05,3.84529492e+06,1.12653191e+06,-6.87350442e+05,-3.18823116e+05,0.00000000e+00,3.40495855e+09
2.53200000e+04,5.36604699e+01,2.92221020e+33,3.26713966e+39,-2.03258419e+39,-1.02118419e+39,7.41294163e+47,8.08947890e+47,-1.98363784e+47,7.95505585e+48,3.84983070e+52,3.85074239e+52,-7.58079571e+51,3.47170260e+52,9.27294030e+05,9.22115824e+05,3.83002341e+06,1.11803718e+06,-6.95563992e+05,-3.49456105e+05,0.00000000e+00,3.66573317e+09
2.53300000e+04,5.37037583e+01,2.92221500e+33,3.24132958e+39,-2.05557468e+39,-1.10948716e+39,7.44631324e+47,8.11392714e+47,-2.01348431e+47,7.99387436e+48,3.85333819e+52,3.85425336e+52,-7.76574709e+51,3.46596601e+52,9.79414687e+05,8.95115744e+05,3.81365285e+06,1.10920298e+06,-7.03430338e+05,-3.79673352e+05,0.00000000e+00,3.93695116e+09
2.53400000e+04,5.37466315e+01,2.92221970e+33,3.21454522e+39,-2.07779393e+39,-1.19659170e+39,7.48087999e+47,8.13794773e+47,-2.04583309e+47,7.95013376e+48,3.85695114e+52,3.85786236e+52,-7.94301095e+51,3.46071181e+52,1.03070262e+06,8.67919600e+05,3.79624695e+06,1.10003543e+06,-7.11032756e+05,-4.09480405e+05,0.00000000e+00,4.20960005e+09
2.53500000e+04,5.37891034e+01,2.92222432e+33,3.18684828e+39,-2.09904454e+39,-1.28229061e+39,7.51559178e+47,8.16041609e+47,-2.08078996e+47,7.85149124e+48,3.86064889e+52,3.86155083e+52,-8.10533471e+51,3.45628409e+52,1.08101772e+06,8.40443838e+05,3.77786594e+06,1.09055566e+06,-7.18303701e+05,-4.38806360e+05,0.00000000e+00,4.46994889e+09
2.53600000e+04,5.38312433e+01,2.92222886e+33,3.15812987e+39,-2.11939064e+39,-1.36691928e+39,7.55042241e+47,8.18100392e+47,-2.11850827e+47,7.73473185e+48,3.86439652e+52,3.86528774e+52,-8.24526817e+51,3.45302434e+52,1.13017487e+06,8.12456594e+05,3.75858329e+06,1.08072640e+06,-7.25265112e+05,-4.67765993e+05,0.00000000e+00,4.70393543e+09
2.53700000e+04,5.38731224e+01,2.92223335e+33,3.12807966e+39,-2.13897867e+39,-1.45059317e+39,7.58446340e+47,8.19871218e+47,-2.15782004e+47,7.64125330e+48,3.86814626e+52,3.86902922e+52,-8.35539538e+51,3.45125945e+52,1.17809104e+06,7.83803618e+05,3.73843318e+06,1.07044143e+06,-7.31967099e+05,-4.96398814e+05,0.00000000e+00,4.89499900e+09
2.53800000e+04,5.39148161e+01,2.92223781e+33,3.09682614e+39,-2.15781211e+39,-1.53350224e+39,7.61893392e+47,8.21323571e+47,-2.19990073e+47,7.60866816e+48,3.87187292e+52,3.87275351e+52,-8.42928945e+51,3.45128904e+52,1.22467832e+06,7.54281850e+05,3.71740168e+06,1.05974474e+06,-7.38410854e+05,-5.24769831e+05,0.00000000e+00,5.02767916e+09
2.53900000e+04,5.39563854e+01,2.92224223e+33,3.06463866e+39,-2.17574897e+39,-1.61580415e+39,7.65097140e+47,8.22276670e+47,-2.24352265e+47,7.66274328e+48,3.87552772e+52,3.87641407e+52,-8.46231978e+51,3.45329808e+52,1.26993837e+06,7.23811767e+05,3.69549059e+06,1.04872848e+06,-7.44547780e+05,-5.52932995e+05,0.00000000e+00,5.09066828e+09
2.54000000e+04,5.39979272e+01,2.92224665e+33,3.03128565e+39,-2.19301450e+39,-1.69761741e+39,7.68210243e+47,8.22775089e+47,-2.28959511e+47,7.81056619e+48,3.87908156e+52,3.87998244e+52,-8.45227259e+51,3.45736881e+52,1.31387366e+06,6.92348977e+05,3.67265433e+06,1.03731341e+06,-7.50454962e+05,-5.80928858e+05,0.00000000e+00,5.07809953e+09
2.54100000e+04,5.40395317e+01,2.92225109e+33,2.99671243e+39,-2.20960482e+39,-1.77902362e+39,7.71174350e+47,8.22843474e+47,-2.33718742e+47,8.03847716e+48,3.88249001e+52,3.88341297e+52,-8.39958170e+51,3.46343389e+52,1.35655229e+06,6.60065362e+05,3.64885736e+06,1.02548082e+06,-7.56131062e+05,-6.08785341e+05,0.00000000e+00,4.99057366e+09
2.54200000e+04,5.40812796e+01,2.92225555e+33,2.96114735e+39,-2.22546799e+39,-1.86014123e+39,7.74037467e+47,8.22586638e+47,-2.37996600e+47,8.31435476e+48,3.88574561e+52,3.88669486e+52,-8.30729116e+51,3.47133031e+52,1.39811324e+06,6.27137390e+05,3.62401594e+06,1.01330883e+06,-7.61558308e+05,-6.36542969e+05,0.00000000e+00,4.83560018e+09
2.54300000e+04,5.41232604e+01,2.92226007e+33,2.92468326e+39,-2.24058805e+39,-1.94105880e+39,7.76772692e+47,8.21832418e+47,-2.41737888e+47,8.59415160e+48,3.88882269e+52,3.88979807e+52,-8.18066439e+51,3.48076485e+52,1.43875290e+06,5.93703916e+05,3.59798347e+06,1.00082922e+06,-7.66731227e+05,-6.64232050e+05,0.00000000e+00,4.62569086e+09
2.54400000e+04,5.41655483e+01,2.92226465e+33,2.88705402e+39,-2.25496159e+39,-2.02204975e+39,7.79221489e+47,8.20829049e+47,-2.45259742e+47,8.83135616e+48,3.89169896e+52,3.89269589e+52,-8.02658209e+51,3.49136678e+52,1.47876529e+06,5.59865095e+05,3.57064443e+06,9.87950910e+05,-7.71648655e+05,-6.91946141e+05,0.00000000e+00,4.37626667e+09
2.54500000e+04,5.42082069e+01,2.92226930e+33,2.84797527e+39,-2.26889609e+39,-2.10317658e+39,7.81266742e+47,8.19855977e+47,-2.48689988e+47,8.98472711e+48,3.89436474e+52,3.89537475e+52,-7.85274108e+51,3.50273770e+52,1.51839947e+06,5.25610511e+05,3.54184979e+06,9.74576597e+05,-7.76415810e+05,-7.19706626e+05,0.00000000e+00,4.10405343e+09
2.54600000e+04,5.42512820e+01,2.92227405e+33,2.80788246e+39,-2.28197754e+39,-2.18445811e+39,7.83093165e+47,8.19089242e+47,-2.51866066e+47,9.02321990e+48,3.89682612e+52,3.89783780e+52,-7.66689138e+51,3.51449323e+52,1.55779743e+06,4.90893671e+05,3.51148146e+06,9.60855282e+05,-7.80891013e+05,-7.47519935e+05,0.00000000e+00,3.82433367e+09
2.54700000e+04,5.42948151e+01,2.92227890e+33,2.76637006e+39,-2.29448043e+39,-2.26590392e+39,7.84647432e+47,8.18251799e+47,-2.54689965e+47,8.93034374e+48,3.89910035e+52,3.90010067e+52,-7.47613505e+51,3.52629392e+52,1.59704885e+06,4.55676063e+05,3.47946054e+06,9.46648199e+05,-7.85168189e+05,-7.75389344e+05,0.00000000e+00,3.54943419e+09
2.54800000e+04,5.43388239e+01,2.92228385e+33,2.72353814e+39,-2.30629827e+39,-2.34757382e+39,7.86189969e+47,8.17498092e+47,-2.57133087e+47,8.70308274e+48,3.90120574e+52,3.90218147e+52,-7.28670465e+51,3.53784624e+52,1.63622029e+06,4.19926335e+05,3.44573496e+06,9.31989595e+05,-7.89210903e+05,-8.03335316e+05,0.00000000e+00,3.28880312e+09
2.54900000e+04,5.43833156e+01,2.92228891e+33,2.67961390e+39,-2.31748855e+39,-2.42934258e+39,7.87809768e+47,8.16982891e+47,-2.59310890e+47,8.35322478e+48,3.90316500e+52,3.90410404e+52,-7.10372808e+51,3.54891764e+52,1.67547636e+06,3.83677653e+05,3.41033451e+06,9.16957216e+05,-7.93038821e+05,-8.31314992e+05,0.00000000e+00,3.04871157e+09
2.55000000e+04,5.44282944e+01,2.92229408e+33,2.63433761e+39,-2.32822274e+39,-2.51117864e+39,7.89284857e+47,8.16616977e+47,-2.61206589e+47,7.90198142e+48,3.90500605e+52,3.90589858e+52,-6.93116789e+51,3.55934018e+52,1.71483150e+06,3.46983084e+05,3.37329754e+06,9.01462186e+05,-7.96710625e+05,-8.59317569e+05,0.00000000e+00,2.83279015e+09
2.55100000e+04,5.44737595e+01,2.92229935e+33,2.58815074e+39,-2.33826482e+39,-2.59298675e+39,7.90474325e+47,8.16297784e+47,-2.62668752e+47,7.37696581e+48,3.90675932e+52,3.90759823e+52,-6.77202381e+51,3.56899704e+52,1.75423363e+06,3.09803152e+05,3.33456578e+06,8.85655584e+05,-8.00145548e+05,-8.87310448e+05,0.00000000e+00,2.64192864e+09
2.55200000e+04,5.45197009e+01,2.92230474e+33,2.54083285e+39,-2.34784810e+39,-2.67471463e+39,7.91491975e+47,8.16000745e+47,-2.63915957e+47,6.81068453e+48,3.90844956e+52,3.90923082e+52,-6.62854756e+51,3.57780345e+52,1.79365789e+06,2.72182867e+05,3.29412002e+06,8.69461975e+05,-8.03423432e+05,-9.15275739e+05,0.00000000e+00,2.47756355e+09
2.55300000e+04,5.45661031e+01,2.92231024e+33,2.49251566e+39,-2.35675923e+39,-2.75635488e+39,7.92457966e+47,8.15512789e+47,-2.65138051e+47,6.23650106e+48,3.91009143e+52,3.91081430e+52,-6.50226644e+51,3.58570098e+52,1.83304209e+06,2.34178529e+05,3.25199336e+06,8.52926438e+05,-8.06471265e+05,-9.43210903e+05,0.00000000e+00,2.33797130e+09
2.55400000e+04,5.46129404e+01,2.92231583e+33,2.44319575e+39,-2.36500430e+39,-2.83781684e+39,7.93505713e+47,8.14939630e+47,-2.66423378e+47,5.68499148e+48,3.91170563e+52,3.91237259e+52,-6.39424535e+51,3.59266032e+52,1.87236092e+06,1.95784249e+05,3.20819565e+06,8.36047811e+05,-8.09291136e+05,-9.71084920e+05,0.00000000e+00,2.22285960e+09
2.55500000e+04,5.46601702e+01,2.92232152e+33,2.39269788e+39,-2.37255573e+39,-2.91895468e+39,7.94621603e+47,8.14360078e+47,-2.67636389e+47,5.18385102e+48,3.91330927e+52,3.91392566e+52,-6.30520649e+51,3.59866534e+52,1.91156512e+06,1.57035586e+05,3.16274033e+06,8.18766129e+05,-8.11873612e+05,-9.98847888e+05,0.00000000e+00,2.13062355e+09
2.55600000e+04,5.47076978e+01,2.92232728e+33,2.34120624e+39,-2.37926562e+39,-2.99957390e+39,7.95792652e+47,8.13873370e+47,-2.68850355e+47,4.75922713e+48,3.91491310e+52,3.91548686e+52,-6.23565661e+51,3.60370403e+52,1.95048219e+06,1.18003151e+05,3.11571180e+06,8.01144436e+05,-8.14168091e+05,-1.02643325e+06,0.00000000e+00,2.06028452e+09
2.55700000e+04,5.47554543e+01,2.92233309e+33,2.28862209e+39,-2.38509845e+39,-3.07945578e+39,7.97026502e+47,8.13534663e+47,-2.70019921e+47,4.43145993e+48,3.91653181e+52,3.91707290e+52,-6.18581978e+51,3.60778191e+52,1.98901618e+06,7.87294696e+04,3.06711358e+06,7.83148952e+05,-8.16162423e+05,-1.05376618e+06,0.00000000e+00,2.01065470e+09
2.55800000e+04,5.48033763e+01,2.92233894e+33,2.23480922e+39,-2.38999399e+39,-3.15859530e+39,7.98313280e+47,8.13442729e+47,-2.71157688e+47,4.21548409e+48,3.91818491e+52,3.91870474e+52,-6.15579910e+51,3.61091478e+52,2.02705494e+06,3.92795251e+04,3.01699682e+06,7.64733067e+05,-8.17836001e+05,-1.08084495e+06,0.00000000e+00,1.98087418e+09
2.55900000e+04,5.48514023e+01,2.92234482e+33,2.18004143e+39,-2.39386865e+39,-3.23653046e+39,7.99772884e+47,8.13526103e+47,-2.72239571e+47,4.12024926e+48,3.91989555e+52,3.92040643e+52,-6.14565446e+51,3.61312371e+52,2.06452490e+06,-2.74121530e+02,2.96543515e+06,7.45990487e+05,-8.19160228e+05,-1.10751149e+06,0.00000000e+00,1.97042241e+09
2.56000000e+04,5.48994726e+01,2.92235070e+33,2.12432882e+39,-2.39675584e+39,-3.31324141e+39,8.01436279e+47,8.13746814e+47,-2.73405070e+47,4.14883026e+48,3.92168787e+52,3.92220226e+52,-6.15544125e+51,3.61443020e+52,2.10133221e+06,-3.98499712e+04,2.91252738e+06,7.26924670e+05,-8.20146546e+05,-1.13375900e+06,0.00000000e+00,1.97916027e+09
2.56100000e+04,5.49475202e+01,2.92235659e+33,2.06764828e+39,-2.39868063e+39,-3.38857614e+39,8.03329342e+47,8.14044354e+47,-2.74707927e+47,4.29874645e+48,3.92358462e+52,3.92411459e+52,-6.18521903e+51,3.61485364e+52,2.13736115e+06,-7.93963459e+04,2.85841324e+06,7.07527715e+05,-8.20803541e+05,-1.15953548e+06,0.00000000e+00,2.00713510e+09
2.56200000e+04,5.49954728e+01,2.92236244e+33,2.01033305e+39,-2.39948650e+39,-3.46234173e+39,8.05462482e+47,8.14338671e+47,-2.76058970e+47,4.56150783e+48,3.92560832e+52,3.92616489e+52,-6.23503960e+51,3.61441291e+52,2.17251483e+06,-1.18884203e+05,2.80319767e+06,6.87913662e+05,-8.21077654e+05,-1.18477492e+06,0.00000000e+00,2.05512539e+09
2.56300000e+04,5.50432535e+01,2.92236826e+33,1.95221234e+39,-2.39941880e+39,-3.53433892e+39,8.07889481e+47,8.14738282e+47,-2.77356381e+47,4.92303213e+48,3.92778065e+52,3.92837342e+52,-6.30489094e+51,3.61312888e+52,2.20671641e+06,-1.58268611e+05,2.74705525e+06,6.68024069e+05,-8.21052854e+05,-1.20940915e+06,0.00000000e+00,2.12398271e+09
2.56400000e+04,5.50907853e+01,2.92237402e+33,1.89364651e+39,-2.39838988e+39,-3.60432503e+39,8.10603565e+47,8.15212010e+47,-2.78714043e+47,5.36339633e+48,3.93012140e+52,3.93075786e+52,-6.39464718e+51,3.61102550e+52,2.23990919e+06,-1.97468009e+05,2.69013698e+06,6.47982255e+05,-8.20699151e+05,-1.23335514e+06,0.00000000e+00,2.21494159e+09
2.56500000e+04,5.51379956e+01,2.92237970e+33,1.83503653e+39,-2.39627150e+39,-3.67217404e+39,8.13643890e+47,8.15731663e+47,-2.80176386e+47,5.85777008e+48,3.93264176e+52,3.93332693e+52,-6.50397353e+51,3.60812825e+52,2.27205876e+06,-2.36402611e+05,2.63260676e+06,6.27925431e+05,-8.19972675e+05,-1.25656979e+06,0.00000000e+00,2.32964639e+09
2.56600000e+04,5.51848192e+01,2.92238529e+33,1.77575747e+39,-2.39321687e+39,-3.73800351e+39,8.17003477e+47,8.16297635e+47,-2.81719132e+47,6.37804342e+48,3.93535265e+52,3.93608890e+52,-6.63216154e+51,3.60448082e+52,2.30311331e+06,-2.75016479e+05,2.57460294e+06,6.07639752e+05,-8.18925854e+05,-1.27909332e+06,0.00000000e+00,2.46932283e+09
2.56700000e+04,5.52312003e+01,2.92239078e+33,1.71646035e+39,-2.38915741e+39,-3.80137252e+39,8.20683895e+47,8.16958359e+47,-2.83315808e+47,6.89312571e+48,3.93825632e+52,3.93904304e+52,-6.77804948e+51,3.60014056e+52,2.33300260e+06,-3.13283143e+05,2.51635342e+06,5.87347989e+05,-8.17535226e+05,-1.30077488e+06,0.00000000e+00,2.63469876e+09
2.56800000e+04,5.52770455e+01,2.92239614e+33,1.65730293e+39,-2.38409167e+39,-3.86235784e+39,8.24729274e+47,8.17743804e+47,-2.84948090e+47,7.37177813e+48,3.94134689e+52,3.94218048e+52,-6.93982224e+51,3.59518936e+52,2.36168334e+06,-3.51109826e+05,2.45809737e+06,5.67104133e+05,-8.15800307e+05,-1.32164075e+06,0.00000000e+00,2.82596992e+09
2.56900000e+04,5.53222414e+01,2.92240136e+33,1.59807129e+39,-2.37799672e+39,-3.92117361e+39,8.29218047e+47,8.18676479e+47,-2.86519251e+47,7.78381819e+48,3.94460823e+52,3.94548234e+52,-7.11492115e+51,3.58973629e+52,2.38920061e+06,-3.88409407e+05,2.40010975e+06,5.46834979e+05,-8.13713255e+05,-1.34176423e+06,0.00000000e+00,3.04285525e+09
2.57000000e+04,5.53667863e+01,2.92240643e+33,1.53933848e+39,-2.37112262e+39,-3.97746948e+39,8.34073122e+47,8.19692642e+47,-2.87950209e+47,8.10670150e+48,3.94803187e+52,3.94893799e+52,-7.30032641e+51,3.58392167e+52,2.41565026e+06,-4.25200865e+05,2.34251290e+06,5.26736618e+05,-8.11359638e+05,-1.36102544e+06,0.00000000e+00,3.28457470e+09
2.57100000e+04,5.54107062e+01,2.92241136e+33,1.48046668e+39,-2.36329556e+39,-4.03173203e+39,8.39464629e+47,8.20834858e+47,-2.89166449e+47,8.32494364e+48,3.95160997e+52,3.95253811e+52,-7.49210393e+51,3.57793291e+52,2.44112743e+06,-4.61474981e+05,2.28536750e+06,5.06590790e+05,-8.08679981e+05,-1.37959087e+06,0.00000000e+00,3.54738907e+09
2.57200000e+04,5.54540448e+01,2.92241616e+33,1.42203004e+39,-2.35480365e+39,-4.08365485e+39,8.45277983e+47,8.22128999e+47,-2.90219353e+47,8.43349572e+48,3.95533104e+52,3.95627068e+52,-7.68531654e+51,3.57200486e+52,2.46573476e+06,-4.97204330e+05,2.22870573e+06,4.86593957e+05,-8.05772868e+05,-1.39735569e+06,0.00000000e+00,3.82624685e+09
2.57300000e+04,5.54968585e+01,2.92242085e+33,1.36346537e+39,-2.34551961e+39,-4.13382013e+39,8.51503359e+47,8.23833371e+47,-2.91027712e+47,8.44219655e+48,3.95916661e+52,3.96010829e+52,-7.87397354e+51,3.56640961e+52,2.48948545e+06,-5.32327180e+05,2.17249899e+06,4.66553396e+05,-8.02594744e+05,-1.41451911e+06,0.00000000e+00,4.11181635e+09
2.57400000e+04,5.55392184e+01,2.92242544e+33,1.30497197e+39,-2.33559816e+39,-4.18204016e+39,8.58119114e+47,8.25966420e+47,-2.91505407e+47,8.37458764e+48,3.96308950e+52,3.96402617e+52,-8.05121829e+51,3.56146526e+52,2.51238793e+06,-5.66816837e+05,2.11668170e+06,4.46537300e+05,-7.99198542e+05,-1.43101689e+06,0.00000000e+00,4.39295331e+09
2.57500000e+04,5.55812070e+01,2.92242996e+33,1.24663928e+39,-2.32487365e+39,-4.22826967e+39,8.65134043e+47,8.28321291e+47,-2.91609600e+47,8.26579553e+48,3.96707379e+52,3.96800190e+52,-8.20949594e+51,3.55752710e+52,2.53440046e+06,-6.00632315e+05,2.06112023e+06,4.26576273e+05,-7.95527587e+05,-1.44683354e+06,0.00000000e+00,4.65531100e+09
2.57600000e+04,5.56229141e+01,2.92243441e+33,1.18782985e+39,-2.31342119e+39,-4.27320051e+39,8.72319304e+47,8.30900809e+47,-2.91428144e+47,8.15772445e+48,3.97110110e+52,3.97202097e+52,-8.34097759e+51,3.55497209e+52,2.55546112e+06,-6.33755892e+05,2.00555927e+06,4.06452182e+05,-7.91607566e+05,-1.46220579e+06,0.00000000e+00,4.88311471e+09
2.57700000e+04,5.56644408e+01,2.92243883e+33,1.12879964e+39,-2.30124853e+39,-4.31653826e+39,8.79529692e+47,8.33516244e+47,-2.90789505e+47,8.09315596e+48,3.97510320e+52,3.97601909e+52,-8.43816290e+51,3.55411094e+52,2.57559404e+06,-6.66192202e+05,1.94954441e+06,3.86252615e+05,-7.87441128e+05,-1.47703288e+06,0.00000000e+00,5.05817234e+09
2.57800000e+04,5.57058978e+01,2.92244324e+33,1.06930858e+39,-2.28832817e+39,-4.35857742e+39,8.86677147e+47,8.36082710e+47,-2.89703827e+47,8.10915085e+48,3.97905097e+52,3.97997061e+52,-8.49480736e+51,3.55523024e+52,2.59470865e+06,-6.97972455e+05,1.89254794e+06,3.65895416e+05,-7.83018858e+05,-1.49141560e+06,0.00000000e+00,5.16423624e+09
2.57900000e+04,5.57474066e+01,2.92244765e+33,1.00920681e+39,-2.27457952e+39,-4.39934550e+39,8.93775894e+47,8.38623107e+47,-2.88067279e+47,8.22725602e+48,3.98291216e+52,3.98384509e+52,-8.50674585e+51,3.55850780e+52,2.61265616e+06,-7.29237155e+05,1.83421481e+06,3.45329304e+05,-7.78313179e+05,-1.50536332e+06,0.00000000e+00,5.19145438e+09
2.58000000e+04,5.57890854e+01,2.92245210e+33,9.48294772e+38,-2.26000371e+39,-4.43906427e+39,9.00469093e+47,8.41077917e+47,-2.85961706e+47,8.44668925e+48,3.98663624e+52,3.98759161e+52,-8.47248753e+51,3.56396724e+52,2.62931238e+06,-7.60148785e+05,1.77403446e+06,3.24485993e+05,-7.73324465e+05,-1.51895193e+06,0.00000000e+00,5.13556556e+09
2.58100000e+04,5.58310445e+01,2.92245661e+33,8.86525016e+38,-2.24463212e+39,-4.47770032e+39,9.06697165e+47,8.43217770e+47,-2.83514121e+47,8.74657718e+48,3.99017454e+52,3.99115964e+52,-8.39336354e+51,3.57149146e+52,2.64465331e+06,-7.90876215e+05,1.71167241e+06,3.03349248e+05,-7.68063454e+05,-1.53216999e+06,0.00000000e+00,5.00063971e+09
2.58200000e+04,5.58733955e+01,2.92246120e+33,8.23940108e+38,-2.22845126e+39,-4.51505152e+39,9.12047539e+47,8.45036449e+47,-2.80766661e+47,9.08501996e+48,3.99349545e+52,3.99451321e+52,-8.27338981e+51,3.58084372e+52,2.65859670e+06,-8.21514109e+05,1.64687158e+06,2.81933634e+05,-7.62525525e+05,-1.54494832e+06,0.00000000e+00,4.79708799e+09
2.58300000e+04,5.59162105e+01,2.92246589e+33,7.60712479e+38,-2.21157493e+39,-4.55090670e+39,9.16529009e+47,8.46796358e+47,-2.77698060e+47,9.40670927e+48,3.99664721e+52,3.99769509e+52,-8.11908814e+51,3.59174068e+52,2.67120847e+06,-8.52160827e+05,1.57964799e+06,2.60298155e+05,-7.56749611e+05,-1.55721465e+06,0.00000000e+00,4.54054781e+09
2.58400000e+04,5.59594129e+01,2.92247067e+33,6.96370184e+38,-2.19372798e+39,-4.58555344e+39,9.20460362e+47,8.48545491e+47,-2.74537259e+47,9.65450688e+48,3.99957919e+52,4.00064927e+52,-7.93926499e+51,3.60368602e+52,2.68254019e+06,-8.82790776e+05,1.51058672e+06,2.38281325e+05,-7.50641573e+05,-1.56906740e+06,0.00000000e+00,4.25169432e+09
2.58500000e+04,5.60030708e+01,2.92247554e+33,6.31139641e+38,-2.17504275e+39,-4.61898260e+39,9.23688129e+47,8.50236741e+47,-2.71476138e+47,9.78118671e+48,4.00229642e+52,4.00337637e+52,-7.74273475e+51,3.61623964e+52,2.69285161e+06,-9.13479916e+05,1.43998069e+06,2.15960624e+05,-7.44246689e+05,-1.58050342e+06,0.00000000e+00,3.94831403e+09
2.58600000e+04,5.60471740e+01,2.92248051e+33,5.65289142e+38,-2.15558072e+39,-4.65079227e+39,9.26201219e+47,8.51762195e+47,-2.68445234e+47,9.75609506e+48,4.00480940e+52,4.00588416e+52,-7.53819630e+51,3.62897434e+52,2.70220426e+06,-9.44249355e+05,1.36802947e+06,1.93427857e+05,-7.37586001e+05,-1.59138521e+06,0.00000000e+00,3.64674892e+09
2.58700000e+04,5.60916713e+01,2.92248557e+33,4.98384060e+38,-2.13516200e+39,-4.68142966e+39,9.28010104e+47,8.53104876e+47,-2.65509245e+47,9.57202709e+48,4.00714151e+52,4.00819572e+52,-7.33348554e+51,3.64152145e+52,2.71054863e+06,-9.75083027e+05,1.29490756e+06,1.70534310e+05,-7.30597960e+05,-1.60186579e+06,0.00000000e+00,3.35972891e+09
2.58800000e+04,5.61366040e+01,2.92249073e+33,4.31018336e+38,-2.11399138e+39,-4.71053073e+39,9.29105835e+47,8.54317005e+47,-2.62686444e+47,9.23717561e+48,4.00930039e+52,4.01031936e+52,-7.13459157e+51,3.65358978e+52,2.71799515e+06,-1.00600491e+06,1.22070139e+06,1.47483217e+05,-7.23352637e+05,-1.61182059e+06,0.00000000e+00,3.09505892e+09
2.58900000e+04,5.61819964e+01,2.92249599e+33,3.62701591e+38,-2.09186206e+39,-4.73856666e+39,9.29717011e+47,8.55287607e+47,-2.59947490e+47,8.77231113e+48,4.01132179e+52,4.01229290e+52,-6.94612781e+51,3.66498651e+52,2.72458877e+06,-1.03702893e+06,1.14553202e+06,1.24106788e+05,-7.15779273e+05,-1.62141083e+06,0.00000000e+00,2.85664375e+09
2.59000000e+04,5.62278788e+01,2.92250137e+33,2.93801275e+38,-2.06907771e+39,-4.76523423e+39,9.29839675e+47,8.56331180e+47,-2.57270997e+47,8.20751791e+48,4.01323176e+52,4.01414540e+52,-6.77146804e+51,3.67557200e+52,2.73027291e+06,-1.06811194e+06,1.06934931e+06,1.00530757e+05,-7.07981778e+05,-1.63053276e+06,0.00000000e+00,2.64594134e+09
2.59100000e+04,5.62742776e+01,2.92250686e+33,2.24152220e+38,-2.04539372e+39,-4.79083000e+39,9.29833927e+47,8.57539062e+47,-2.54890850e+47,7.57941394e+48,4.01505186e+52,4.01590205e+52,-6.61306495e+51,3.68524880e+52,2.73496393e+06,-1.09924691e+06,9.92050822e+05,7.66986122e+04,-6.99876448e+05,-1.63928786e+06,0.00000000e+00,2.46390066e+09
2.59200000e+04,5.63211973e+01,2.92251247e+33,1.53763476e+38,-2.02104937e+39,-4.81522852e+39,9.29862265e+47,8.58794270e+47,-2.52536970e+47,6.92684413e+48,4.01680608e+52,4.01759080e+52,-6.47265381e+51,3.69395811e+52,2.73865853e+06,-1.13045784e+06,9.13667246e+05,5.26134540e+04,-6.91545166e+05,-1.64763318e+06,0.00000000e+00,2.30894219e+09
2.59300000e+04,5.63686440e+01,2.92251821e+33,8.27454991e+37,-1.99591082e+39,-4.83837050e+39,9.29929622e+47,8.60022740e+47,-2.50108625e+47,6.28629482e+48,4.01851695e+52,4.01923775e+52,-6.35137981e+51,3.70166876e+52,2.74125487e+06,-1.16175550e+06,8.34157320e+05,2.83130824e+04,-6.82942131e+05,-1.65554845e+06,0.00000000e+00,2.18034606e+09
2.59400000e+04,5.64166110e+01,2.92252408e+33,1.08683940e+37,-1.96989613e+39,-4.86028822e+39,9.29936108e+47,8.61192361e+47,-2.47830760e+47,5.69115773e+48,4.02020516e+52,4.02086697e+52,-6.25001404e+51,3.70836627e+52,2.74268325e+06,-1.19310136e+06,7.53541211e+05,3.71883813e+03,-6.74039318e+05,-1.66304472e+06,0.00000000e+00,2.07648008e+09
2.59500000e+04,5.64650904e+01,2.92253006e+33,-6.14249776e+37,-1.94308394e+39,-4.88063966e+39,9.29906044e+47,8.62288754e+47,-2.45746743e+47,5.17116417e+48,4.02188906e+52,4.02249982e+52,-6.16906948e+51,3.71404634e+52,2.74288871e+06,-1.22445746e+06,6.71874152e+05,-2.10177402e+04,-6.64863629e+05,-1.67000495e+06,0.00000000e+00,1.99572147e+09
2.59600000e+04,5.65138989e+01,2.92253613e+33,-1.34227685e+38,-1.91541882e+39,-4.89929226e+39,9.29815201e+47,8.63377741e+47,-2.43896375e+47,4.75403018e+48,4.02357489e+52,4.02414521e+52,-6.10909483e+51,3.71869047e+52,2.74182860e+06,-1.25569656e+06,5.89451965e+05,-4.59284945e+04,-6.55396114e+05,-1.67638381e+06,0.00000000e+00,1.93729571e+09
2.59700000e+04,5.65627587e+01,2.92254221e+33,-2.07263250e+38,-1.88684649e+39,-4.91622808e+39,9.29736045e+47,8.64535835e+47,-2.42297574e+47,4.46077764e+48,4.02527663e+52,4.02581918e+52,-6.07034715e+51,3.72230182e+52,2.73952241e+06,-1.28663161e+06,5.06764819e+05,-7.09188216e+04,-6.45618216e+05,-1.68217522e+06,0.00000000e+00,1.89982997e+09
2.59800000e+04,5.66116304e+01,2.92254829e+33,-2.80342831e+38,-1.85737629e+39,-4.93116405e+39,9.29715238e+47,8.65635330e+47,-2.40804381e+47,4.30194510e+48,4.02701802e+52,4.02754641e+52,-6.05265027e+51,3.72491389e+52,2.73596700e+06,-1.31725965e+06,4.23908567e+05,-9.59241055e+04,-6.35533138e+05,-1.68728232e+06,0.00000000e+00,1.88271385e+09
2.59900000e+04,5.66604714e+01,2.92255436e+33,-3.53159060e+38,-1.82717825e+39,-4.94390946e+39,9.29811776e+47,8.66749445e+47,-2.39348696e+47,4.28225463e+48,4.02883401e+52,4.02936215e+52,-6.05587677e+51,3.72656831e+52,2.73119583e+06,-1.34755364e+06,3.41009028e+05,-1.20839176e+05,-6.25199064e+05,-1.69163986e+06,0.00000000e+00,1.88502716e+09
2.60000000e+04,5.67091655e+01,2.92256040e+33,-4.25810792e+38,-1.79635980e+39,-4.95454200e+39,9.29997782e+47,8.67846513e+47,-2.37857199e+47,4.40018591e+48,4.03074935e+52,4.03129086e+52,-6.07993609e+51,3.72729405e+52,2.72525719e+06,-1.37745989e+06,2.58288926e+05,-1.45697859e+05,-6.14652753e+05,-1.69527446e+06,0.00000000e+00,1.90671438e+09
2.60100000e+04,5.67575672e+01,2.92256637e+33,-4.97659606e+38,-1.76505813e+39,-4.96300138e+39,9.30351392e+47,8.68929595e+47,-2.36352479e+47,4.64693513e+48,4.03278562e+52,4.03335306e+52,-6.12466368e+51,3.72711988e+52,2.71821832e+06,-1.40696130e+06,1.75956143e+05,-1.70281712e+05,-6.03941162e+05,-1.69816550e+06,0.00000000e+00,1.94823625e+09
2.60200000e+04,5.68056202e+01,2.92257225e+33,-5.68626160e+38,-1.73324692e+39,-4.96919072e+39,9.30925442e+47,8.70009276e+47,-2.34817640e+47,5.00709109e+48,4.03496758e+52,4.03557172e+52,-6.18990152e+51,3.72607664e+52,2.71015262e+06,-1.43604548e+06,9.40754551e+04,-1.94563594e+05,-5.93055286e+05,-1.70027985e+06,0.00000000e+00,2.01042887e+09
2.60300000e+04,5.68532837e+01,2.92257804e+33,-6.38887225e+38,-1.70080354e+39,-4.97318257e+39,9.31746162e+47,8.71030008e+47,-2.33339320e+47,5.46013496e+48,4.03731780e+52,4.03796733e+52,-6.27550375e+51,3.72419214e+52,2.70114352e+06,-1.46467399e+06,1.27165350e+04,-2.18603992e+05,-5.81953163e+05,-1.70164235e+06,0.00000000e+00,2.09415531e+09
2.60400000e+04,5.69005269e+01,2.92258373e+33,-7.08283588e+38,-1.66787223e+39,-4.97511991e+39,9.32659273e+47,8.72141825e+47,-2.31865376e+47,5.98100734e+48,4.03984598e+52,4.04054702e+52,-6.38127590e+51,3.72148322e+52,2.69126914e+06,-1.49281317e+06,-6.80407109e+04,-2.42348433e+05,-5.70684155e+05,-1.70230192e+06,0.00000000e+00,2.20130224e+09
2.60500000e+04,5.69473328e+01,2.92258932e+33,-7.76488503e+38,-1.63491436e+39,-4.97460252e+39,9.33725946e+47,8.73361490e+47,-2.30456269e+47,6.54166151e+48,4.04256734e+52,4.04332341e+52,-6.50682487e+51,3.71798217e+52,2.68061512e+06,-1.52042272e+06,-1.48162637e+05,-2.65685123e+05,-5.59406122e+05,-1.70212164e+06,0.00000000e+00,2.33339617e+09
2.60600000e+04,5.69936588e+01,2.92259479e+33,-8.44002879e+38,-1.60130835e+39,-4.97218740e+39,9.34939467e+47,8.74701872e+47,-2.29105195e+47,7.10980471e+48,4.04548738e+52,4.04629894e+52,-6.65130729e+51,3.71373357e+52,2.66917796e+06,-1.54745654e+06,-2.27553939e+05,-2.88785459e+05,-5.47906386e+05,-1.70129209e+06,0.00000000e+00,2.49177906e+09
2.60700000e+04,5.70394901e+01,2.92260015e+33,-9.10094130e+38,-1.56760988e+39,-4.96749137e+39,9.36319904e+47,8.76244644e+47,-2.27768399e+47,7.65120752e+48,4.04860876e+52,4.04947291e+52,-6.81351327e+51,3.70879724e+52,2.65701795e+06,-1.57386441e+06,-3.06183111e+05,-3.11398783e+05,-5.36375078e+05,-1.69968217e+06,0.00000000e+00,2.67742702e+09
2.60800000e+04,5.70848536e+01,2.92260540e+33,-9.75162105e+38,-1.53356814e+39,-4.96075843e+39,9.37914061e+47,8.77991627e+47,-2.26518582e+47,8.13208483e+48,4.05192660e+52,4.05283730e+52,-6.99190051e+51,3.70324227e+52,2.64421525e+06,-1.59962783e+06,-3.84112657e+05,-3.33661911e+05,-5.24726374e+05,-1.69737537e+06,0.00000000e+00,2.89117533e+09
2.60900000e+04,5.71297898e+01,2.92261056e+33,-1.03928638e+39,-1.49918267e+39,-4.95189639e+39,9.39698609e+47,8.79996453e+47,-2.25377581e+47,8.52098319e+48,4.05543969e+52,4.05638797e+52,-7.18433832e+51,3.69717106e+52,2.63079814e+06,-1.62480457e+06,-4.61452854e+05,-3.55602075e+05,-5.12960123e+05,-1.69434014e+06,0.00000000e+00,3.13439900e+09
2.61000000e+04,5.71742739e+01,2.92261562e+33,-1.10214394e+39,-1.46466233e+39,-4.94088832e+39,9.41547253e+47,8.82365649e+47,-2.24267407e+47,8.79367788e+48,4.05913176e+52,4.06010645e+52,-7.38730956e+51,3.69074097e+52,2.61685424e+06,-1.64939715e+06,-5.38149230e+05,-3.77108757e+05,-5.01147782e+05,-1.69057070e+06,0.00000000e+00,3.40541758e+09
2.61100000e+04,5.72180581e+01,2.92262052e+33,-1.16351462e+39,-1.43007060e+39,-4.92823453e+39,9.43454907e+47,8.85114425e+47,-2.23209226e+47,8.93642492e+48,4.06296385e+52,4.06395247e+52,-7.59491509e+51,3.68420672e+52,2.60251677e+06,-1.67329669e+06,-6.13772103e+05,-3.98106635e+05,-4.89311080e+05,-1.68623826e+06,0.00000000e+00,3.69793662e+09
2.61200000e+04,5.72611441e+01,2.92262527e+33,-1.22379565e+39,-1.39540150e+39,-4.91388237e+39,9.45398557e+47,8.88216805e+47,-2.22400254e+47,8.95210179e+48,4.06691936e+52,4.06790987e+52,-7.80106248e+51,3.67785674e+52,2.58782733e+06,-1.69640043e+06,-6.88182002e+05,-4.18731633e+05,-4.77447969e+05,-1.68132481e+06,0.00000000e+00,4.00473541e+09
2.61300000e+04,5.73036192e+01,2.92262988e+33,-1.28304807e+39,-1.36052526e+39,-4.89810113e+39,9.47313366e+47,8.91540503e+47,-2.21819484e+47,8.86059544e+48,4.07098313e+52,4.07196558e+52,-7.99887985e+51,3.67202159e+52,2.57272838e+06,-1.71864461e+06,-7.61367172e+05,-4.39004637e+05,-4.65514047e+05,-1.67592248e+06,0.00000000e+00,4.31387859e+09
2.61400000e+04,5.73455952e+01,2.92263439e+33,-1.34097328e+39,-1.32569326e+39,-4.88099613e+39,9.49076800e+47,8.95165966e+47,-2.21376575e+47,8.69615750e+48,4.07512908e+52,4.07609687e+52,-8.18073875e+51,3.66705993e+52,2.55723494e+06,-1.73998673e+06,-8.33424313e+05,-4.58823478e+05,-4.53595314e+05,-1.67006730e+06,0.00000000e+00,4.61292184e+09
2.61500000e+04,5.73871727e+01,2.92263882e+33,-1.39839626e+39,-1.29046955e+39,-4.86229810e+39,9.50703649e+47,8.98911309e+47,-2.21065497e+47,8.50454908e+48,4.07934181e+52,4.08029291e+52,-8.33821733e+51,3.66338204e+52,2.54134073e+06,-1.76035703e+06,-9.04372595e+05,-4.78470432e+05,-4.41542602e+05,-1.66366712e+06,0.00000000e+00,4.88329942e+09
2.61600000e+04,5.74284758e+01,2.92264319e+33,-1.45497924e+39,-1.25492493e+39,-4.84223838e+39,9.52332781e+47,9.02920501e+47,-2.20927117e+47,8.34028825e+48,4.08357742e+52,4.08451515e+52,-8.46283903e+51,3.66137320e+52,2.52498254e+06,-1.77968602e+06,-9.74300255e+05,-4.97829926e+05,-4.29380137e+05,-1.65680107e+06,0.00000000e+00,5.10599607e+09
2.61700000e+04,5.74696128e+01,2.92264753e+33,-1.51087430e+39,-1.21930950e+39,-4.82074226e+39,9.53950992e+47,9.06929627e+47,-2.20829571e+47,8.25034657e+48,4.08779211e+52,4.08872390e+52,-8.54697740e+51,3.66137503e+52,2.50805015e+06,-1.79793072e+06,-1.04329061e+06,-5.16953990e+05,-4.17193482e+05,-1.64944360e+06,0.00000000e+00,5.26220419e+09
2.61800000e+04,5.75107103e+01,2.92265186e+33,-1.56632918e+39,-1.18330418e+39,-4.79771185e+39,9.55329342e+47,9.10866902e+47,-2.20722062e+47,8.26976271e+48,4.09194092e+52,4.09287731e+52,-8.58492100e+51,3.66363126e+52,2.49016020e+06,-1.81507353e+06,-1.11144596e+06,-5.35927390e+05,-4.04873465e+05,-1.64156119e+06,0.00000000e+00,5.33659831e+09
2.61900000e+04,5.75518737e+01,2.92265620e+33,-1.62152684e+39,-1.14683380e+39,-4.77316580e+39,9.56789030e+47,9.14455094e+47,-2.20598913e+47,8.41029077e+48,4.09600317e+52,4.09695544e+52,-8.57379443e+51,3.66826572e+52,2.47098823e+06,-1.83102093e+06,-1.17887348e+06,-5.54812721e+05,-3.92394357e+05,-1.63316020e+06,0.00000000e+00,5.32203885e+09
2.62000000e+04,5.75931929e+01,2.92266058e+33,-1.67659989e+39,-1.10971142e+39,-4.74691733e+39,9.57996055e+47,9.17664768e+47,-2.20361827e+47,8.65916339e+48,4.09990896e+52,4.10088690e+52,-8.51384056e+51,3.67519487e+52,2.45026162e+06,-1.84580039e+06,-1.24568859e+06,-5.73655356e+05,-3.79692199e+05,-1.62417674e+06,0.00000000e+00,5.21975730e+09
2.62100000e+04,5.76347612e+01,2.92266501e+33,-1.73173511e+39,-1.07176863e+39,-4.71881946e+39,9.58632212e+47,9.20768826e+47,-2.20228977e+47,8.97953725e+48,4.10363592e+52,4.10464553e+52,-8.40835650e+51,3.68422771e+52,2.42781681e+06,-1.85956203e+06,-1.31213898e+06,-5.92519192e+05,-3.66709366e+05,-1.61456050e+06,0.00000000e+00,5.03692612e+09
2.62200000e+04,5.76765980e+01,2.92266949e+33,-1.78653699e+39,-1.03351275e+39,-4.68905330e+39,9.58760485e+47,9.23665266e+47,-2.20295814e+47,9.31562398e+48,4.10711516e+52,4.10815697e+52,-8.26382794e+51,3.69496557e+52,2.40362289e+06,-1.87240371e+06,-1.37827887e+06,-6.11268910e+05,-3.53619439e+05,-1.60437344e+06,0.00000000e+00,4.79072728e+09
2.62300000e+04,5.77187941e+01,2.92267405e+33,-1.84111009e+39,-9.94708519e+38,-4.65778907e+39,9.58732958e+47,9.26067318e+47,-2.20597423e+47,9.60565551e+48,4.11033593e+52,4.11140456e+52,-8.08854089e+51,3.70697751e+52,2.37755459e+06,-1.88459020e+06,-1.44424470e+06,-6.29940275e+05,-3.40341927e+05,-1.59367381e+06,0.00000000e+00,4.50017142e+09
2.62400000e+04,5.77614445e+01,2.92267870e+33,-1.89583621e+39,-9.55034047e+38,-4.62454373e+39,9.58294055e+47,9.28112111e+47,-2.21049584e+47,9.79481671e+48,4.11333230e+52,4.11441741e+52,-7.89154897e+51,3.71983996e+52,2.34960724e+06,-1.89626169e+06,-1.51031569e+06,-6.48663913e+05,-3.26766690e+05,-1.58229631e+06,0.00000000e+00,4.18609824e+09
2.62500000e+04,5.78046215e+01,2.92268347e+33,-1.95051046e+39,-9.14752411e+38,-4.58960598e+39,9.57785968e+47,9.29805823e+47,-2.21617061e+47,9.84245673e+48,4.11605725e+52,4.11714474e+52,-7.68186730e+51,3.73305137e+52,2.31984222e+06,-1.90755759e+06,-1.57663481e+06,-6.67369721e+05,-3.12983742e+05,-1.57033973e+06,0.00000000e+00,3.86677155e+09
2.62600000e+04,5.78483768e+01,2.92268837e+33,-2.00506122e+39,-8.73693560e+38,-4.55267189e+39,9.56824015e+47,9.31335038e+47,-2.22351747e+47,9.72635509e+48,4.11853989e+52,4.11961369e+52,-7.46776347e+51,3.74622552e+52,2.28842472e+06,-1.91856529e+06,-1.64324975e+06,-6.86033187e+05,-2.98934902e+05,-1.55770007e+06,0.00000000e+00,3.55651684e+09
2.62700000e+04,5.78927456e+01,2.92269340e+33,-2.05958425e+39,-8.31819439e+38,-4.51371339e+39,9.55526382e+47,9.32794223e+47,-2.22801296e+47,9.44418060e+48,4.12080600e+52,4.12184992e+52,-7.25633887e+51,3.75903298e+52,2.25551512e+06,-1.92926438e+06,-1.71018327e+06,-7.04687072e+05,-2.84607150e+05,-1.54436773e+06,0.00000000e+00,3.26572661e+09
2.62800000e+04,5.79377421e+01,2.92269857e+33,-2.11406705e+39,-7.89168760e+38,-4.47273452e+39,9.53981046e+47,9.34025386e+47,-2.23450514e+47,9.01016188e+48,4.12289857e+52,4.12389793e+52,-7.05323868e+51,3.77123600e+52,2.22125718e+06,-1.93962719e+06,-1.77750856e+06,-7.23327089e+05,-2.70013736e+05,-1.53034410e+06,0.00000000e+00,3.00124388e+09
2.62900000e+04,5.79833564e+01,2.92270389e+33,-2.16840561e+39,-7.45814159e+38,-4.42979323e+39,9.52338007e+47,9.34845318e+47,-2.24285651e+47,8.45028857e+48,4.12485251e+52,4.12579508e+52,-6.86277738e+51,3.78265622e+52,2.18575765e+06,-1.94967565e+06,-1.84523310e+06,-7.41917653e+05,-2.55179515e+05,-1.51564900e+06,0.00000000e+00,2.76449855e+09
2.63000000e+04,5.80295754e+01,2.92270934e+33,-2.22254237e+39,-7.01850994e+38,-4.38487758e+39,9.50760065e+47,9.35371500e+47,-2.25192705e+47,7.80039796e+48,4.12668424e+52,4.12756126e+52,-6.68824603e+51,3.79314896e+52,2.14910698e+06,-1.95935816e+06,-1.91335801e+06,-7.60439069e+05,-2.40137117e+05,-1.50027836e+06,0.00000000e+00,2.55815550e+09
2.63100000e+04,5.80763611e+01,2.92271492e+33,-2.27653456e+39,-6.57226529e+38,-4.33814230e+39,9.49259578e+47,9.35850796e+47,-2.26208515e+47,7.10226265e+48,4.12842582e+52,4.12923266e+52,-6.53201887e+51,3.80263171e+52,2.11135241e+06,-1.96860656e+06,-1.98184577e+06,-7.78910917e+05,-2.24868503e+05,-1.48428513e+06,0.00000000e+00,2.38208140e+09
2.63200000e+04,5.81236700e+01,2.92272063e+33,-2.33005436e+39,-6.12155830e+38,-4.28970237e+39,9.47813623e+47,9.36260412e+47,-2.27217896e+47,6.39603928e+48,4.13010330e+52,4.13083942e+52,-6.39562566e+51,3.81105814e+52,2.07259554e+06,-1.97739846e+06,-2.05059824e+06,-7.97221034e+05,-2.09447261e+05,-1.46770866e+06,0.00000000e+00,2.23416420e+09
2.63300000e+04,5.81714540e+01,2.92272645e+33,-2.38349819e+39,-5.66423299e+38,-4.23942045e+39,9.46505134e+47,9.36759389e+47,-2.28225238e+47,5.72173672e+48,4.13173062e+52,4.13239958e+52,-6.28005830e+51,3.81839667e+52,2.03287799e+06,-1.98573198e+06,-2.11954448e+06,-8.15505055e+05,-1.93799628e+05,-1.45050196e+06,0.00000000e+00,2.11350180e+09
2.63400000e+04,5.82196424e+01,2.92273236e+33,-2.43650040e+39,-5.20287675e+38,-4.18753587e+39,9.45255553e+47,9.37356662e+47,-2.29165948e+47,5.11461980e+48,4.13332241e+52,4.13393120e+52,-6.18591769e+51,3.82463531e+52,1.99227296e+06,-1.99365877e+06,-2.18855598e+06,-8.33637876e+05,-1.78014136e+05,-1.43274695e+06,0.00000000e+00,2.01773823e+09
2.63500000e+04,5.82681544e+01,2.92273836e+33,-2.48882012e+39,-4.73913792e+38,-4.13415130e+39,9.44052571e+47,9.38035660e+47,-2.30210210e+47,4.60429029e+48,4.13489539e+52,4.13545400e+52,-6.11352180e+51,3.82977791e+52,1.95084935e+06,-2.00115251e+06,-2.25750845e+06,-8.51537093e+05,-1.62147183e+05,-1.41447875e+06,0.00000000e+00,1.94589432e+09
2.63600000e+04,5.83168548e+01,2.92274440e+33,-2.54050317e+39,-4.27203797e+38,-4.07921222e+39,9.42928674e+47,9.38795824e+47,-2.31305116e+47,4.21504563e+48,4.13645685e+52,4.13697767e+52,-6.06302820e+51,3.83382626e+52,1.90873133e+06,-2.00817820e+06,-2.32624560e+06,-8.69218387e+05,-1.46165295e+05,-1.39567874e+06,0.00000000e+00,1.89649050e+09
2.63700000e+04,5.83655942e+01,2.92275045e+33,-2.59145822e+39,-3.80105188e+38,-4.02263971e+39,9.41903366e+47,9.39690138e+47,-2.32335303e+47,3.96377806e+48,4.13801820e+52,4.13851521e+52,-6.03441534e+51,3.83679444e+52,1.86604848e+06,-2.01465903e+06,-2.39451778e+06,-8.86650526e+05,-1.30050510e+05,-1.37631994e+06,0.00000000e+00,1.86813024e+09
2.63800000e+04,5.84142551e+01,2.92275648e+33,-2.64131865e+39,-3.32874813e+38,-3.96445461e+39,9.41070258e+47,9.40686513e+47,-2.33346838e+47,3.85924508e+48,4.13960652e+52,4.14009449e+52,-6.02753930e+51,3.83871752e+52,1.82290903e+06,-2.02059694e+06,-2.46216719e+06,-9.03708081e+05,-1.13890711e+05,-1.35640948e+06,0.00000000e+00,1.86024076e+09
2.63900000e+04,5.84627682e+01,2.92276247e+33,-2.68992738e+39,-2.85696054e+38,-3.90481629e+39,9.40468737e+47,9.41808720e+47,-2.34341938e+47,3.90332363e+48,4.14125292e+52,4.14174672e+52,-6.04223387e+51,3.83963503e+52,1.77939387e+06,-2.02601317e+06,-2.52906012e+06,-9.20337320e+05,-9.77486389e+04,-1.33600192e+06,0.00000000e+00,1.87222855e+09
2.64000000e+04,5.85110747e+01,2.92276842e+33,-2.73714486e+39,-2.38552068e+38,-3.84381735e+39,9.40122222e+47,9.43047457e+47,-2.35386314e+47,4.09037082e+48,4.14298449e+52,4.14349839e+52,-6.07841733e+51,3.83957753e+52,1.73561312e+06,-2.03091150e+06,-2.59501956e+06,-9.36490503e+05,-8.16185322e+04,-1.31512895e+06,0.00000000e+00,1.90455959e+09
2.64100000e+04,5.85591198e+01,2.92277430e+33,-2.78265045e+39,-1.91735321e+38,-3.78149667e+39,9.40131344e+47,9.44476653e+47,-2.36521135e+47,4.40800198e+48,4.14482841e+52,4.14537528e+52,-6.13606793e+51,3.83857189e+52,1.69165751e+06,-2.03529090e+06,-2.65988164e+06,-9.52057931e+05,-6.56004540e+04,-1.29380386e+06,0.00000000e+00,1.95772339e+09
2.64200000e+04,5.86068491e+01,2.92278010e+33,-2.82663757e+39,-1.45091278e+38,-3.71782869e+39,9.40367226e+47,9.46194352e+47,-2.37608219e+47,4.83793009e+48,4.14680508e+52,4.14739581e+52,-6.21518812e+51,3.83663641e+52,1.64762350e+06,-2.03918397e+06,-2.72351549e+06,-9.67105793e+05,-4.96415306e+04,-1.27201793e+06,0.00000000e+00,2.03256642e+09
2.64300000e+04,5.86542012e+01,2.92278582e+33,-2.86917623e+39,-9.87212443e+37,-3.65274420e+39,9.40754680e+47,9.48312458e+47,-2.38859998e+47,5.35662896e+48,4.14893559e+52,4.14957868e+52,-6.31578160e+51,3.83378960e+52,1.60364445e+06,-2.04259224e+06,-2.78580984e+06,-9.81658050e+05,-3.37764210e+04,-1.24974748e+06,0.00000000e+00,2.13090982e+09
2.64400000e+04,5.87011200e+01,2.92279143e+33,-2.90991829e+39,-5.28188442e+37,-3.58661192e+39,9.41331817e+47,9.50729628e+47,-2.40251279e+47,5.93432124e+48,4.15123138e+52,4.15193239e+52,-6.43774314e+51,3.83004523e+52,1.55981807e+06,-2.04551098e+06,-2.84669503e+06,-9.95595601e+05,-1.80713696e+04,-1.22711867e+06,0.00000000e+00,2.25486343e+09
2.64500000e+04,5.87475713e+01,2.92279693e+33,-2.94904331e+39,-7.42506356e+36,-3.51959638e+39,9.42121162e+47,9.53379861e+47,-2.41735024e+47,6.53781553e+48,4.15370280e+52,4.15446410e+52,-6.58070267e+51,3.82542897e+52,1.51623205e+06,-2.04796226e+06,-2.90614734e+06,-1.00897988e+06,-2.54039666e+03,-1.20418779e+06,0.00000000e+00,2.40661720e+09
2.64600000e+04,5.87935379e+01,2.92280232e+33,-2.98664184e+39,3.74470498e+37,-3.45149630e+39,9.43120103e+47,9.56413841e+47,-2.43450515e+47,7.13104848e+48,4.15635695e+52,4.15717737e+52,-6.74387059e+51,3.81998384e+52,1.47292800e+06,-2.04995184e+06,-2.96416578e+06,-1.02184189e+06,1.28120364e+04,-1.18088598e+06,0.00000000e+00,2.58795752e+09
2.64700000e+04,5.88390034e+01,2.92280760e+33,-3.02246033e+39,8.18229475e+37,-3.38285242e+39,9.44425432e+47,9.59949502e+47,-2.45457713e+47,7.67650197e+48,4.15919624e+52,4.16007095e+52,-6.92595925e+51,3.81377298e+52,1.42996670e+06,-2.05151673e+06,-3.02072712e+06,-1.03409486e+06,2.79946403e+04,-1.15739826e+06,0.00000000e+00,2.80000974e+09
2.64800000e+04,5.88839477e+01,2.92281276e+33,-3.05696116e+39,1.25840003e+38,-3.31298605e+39,9.46119746e+47,9.63666845e+47,-2.47669453e+47,8.13813890e+48,4.16221669e+52,4.16313738e+52,-7.12508730e+51,3.80688302e+52,1.38743189e+06,-2.05266527e+06,-3.07583105e+06,-1.04589702e+06,4.30544184e+04,-1.13349240e+06,0.00000000e+00,3.04460873e+09
2.64900000e+04,5.89283549e+01,2.92281780e+33,-3.08953729e+39,1.69051718e+38,-3.24298819e+39,9.48141172e+47,9.67576202e+47,-2.50058943e+47,8.48378056e+48,4.16540877e+52,4.16636403e+52,-7.33840242e+51,3.79944391e+52,1.34539809e+06,-2.05341828e+06,-3.12951640e+06,-1.05704067e+06,5.78386098e+04,-1.10954169e+06,0.00000000e+00,3.32221619e+09
2.65000000e+04,5.89722249e+01,2.92282272e+33,-3.12093603e+39,2.11962930e+38,-3.17200989e+39,9.50579489e+47,9.71740414e+47,-2.52568254e+47,8.69210272e+48,4.16875660e+52,4.16973320e+52,-7.56171977e+51,3.79164721e+52,1.30387064e+06,-2.05380932e+06,-3.18181331e+06,-1.06778150e+06,7.25199406e+04,-1.08525566e+06,0.00000000e+00,3.62993252e+09
2.65100000e+04,5.90155666e+01,2.92282752e+33,-3.15063174e+39,2.54096976e+38,-3.10083987e+39,9.53193771e+47,9.76159232e+47,-2.55187396e+47,8.75505422e+48,4.17224187e+52,4.17322606e+52,-7.78937992e+51,3.78375706e+52,1.26275519e+06,-2.05385386e+06,-3.23273655e+06,-1.07793967e+06,8.69353302e+04,-1.06090416e+06,0.00000000e+00,3.96262559e+09
2.65200000e+04,5.90583953e+01,2.92283221e+33,-3.17927084e+39,2.96012017e+38,-3.02921581e+39,9.55967204e+47,9.80752535e+47,-2.57784288e+47,8.68259247e+48,4.17583815e+52,4.17681716e+52,-8.01407395e+51,3.77611346e+52,1.22191131e+06,-2.05353784e+06,-3.28235267e+06,-1.08773635e+06,1.01275747e+05,-1.03639743e+06,0.00000000e+00,4.30997126e+09
2.65300000e+04,5.91007410e+01,2.92283680e+33,-3.20644970e+39,3.37456235e+38,-2.95749394e+39,9.58894204e+47,9.85779729e+47,-2.60315571e+47,8.50514278e+48,4.17953481e+52,4.18049893e+52,-8.22705429e+51,3.76914622e+52,1.18098532e+06,-2.05273430e+06,-3.33071352e+06,-1.09703343e+06,1.15455038e+05,-1.01185736e+06,0.00000000e+00,4.65738601e+09
2.65400000e+04,5.91426560e+01,2.92284130e+33,-3.23264351e+39,3.78596883e+38,-2.88500890e+39,9.61915569e+47,9.90847879e+47,-2.62976001e+47,8.27457499e+48,4.18327743e+52,4.18422226e+52,-8.41842614e+51,3.76330096e+52,1.13965826e+06,-2.05138152e+06,-3.37786458e+06,-1.10599351e+06,1.29530427e+05,-9.87056293e+05,0.00000000e+00,4.98615564e+09
2.65500000e+04,5.91842176e+01,2.92284573e+33,-3.25745536e+39,4.19336218e+38,-2.81224239e+39,9.64762172e+47,9.95985628e+47,-2.65492430e+47,8.05526205e+48,4.18701641e+52,4.18794387e+52,-8.57764929e+51,3.75906141e+52,1.09755907e+06,-2.04932525e+06,-3.42379803e+06,-1.11448077e+06,1.43468474e+05,-9.62159022e+05,0.00000000e+00,5.27275532e+09
2.65600000e+04,5.92255475e+01,2.92285011e+33,-3.28121687e+39,4.59778221e+38,-2.73895461e+39,9.67289630e+47,1.00089442e+48,-2.67776216e+47,7.91594610e+48,4.19072086e+52,4.19163943e+52,-8.69458575e+51,3.75691014e+52,1.05428418e+06,-2.04642725e+06,-3.46852689e+06,-1.12260867e+06,1.57304755e+05,-9.37083499e+05,0.00000000e+00,5.49260166e+09
2.65700000e+04,5.92667543e+01,2.92285446e+33,-3.30407374e+39,5.00152981e+38,-2.66482754e+39,9.69565788e+47,1.00552433e+48,-2.69677195e+47,7.91527463e+48,4.19434973e+52,4.19527296e+52,-8.76051793e+51,3.75724707e+52,1.00941077e+06,-2.04243403e+06,-3.51204343e+06,-1.13042705e+06,1.71117990e+05,-9.11720915e+05,0.00000000e+00,5.62206684e+09
2.65800000e+04,5.93079001e+01,2.92285880e+33,-3.32585487e+39,5.40282913e+38,-2.58987880e+39,9.71646423e+47,1.00975327e+48,-2.71254960e+47,8.08505421e+48,4.19782559e+52,4.19876959e+52,-8.77000731e+51,3.76026923e+52,9.62629264e+05,-2.03711508e+06,-3.55426261e+06,-1.13787737e+06,1.84847422e+05,-8.86077290e+05,0.00000000e+00,5.64743241e+09
2.65900000e+04,5.93490930e+01,2.92286315e+33,-3.34660920e+39,5.80363842e+38,-2.51414189e+39,9.73300166e+47,1.01361456e+48,-2.72886564e+47,8.41748847e+48,4.20108026e+52,4.20206024e+52,-8.72181943e+51,3.76596927e+52,9.13986015e+05,-2.03030558e+06,-3.59514826e+06,-1.14497636e+06,1.98560046e+05,-8.60164081e+05,0.00000000e+00,5.56539478e+09
2.66000000e+04,5.93904992e+01,2.92286754e+33,-3.36627850e+39,6.20418678e+38,-2.43709527e+39,9.74287174e+47,1.01706466e+48,-2.74445660e+47,8.87031786e+48,4.20409277e+52,4.20511952e+52,-8.61866128e+51,3.77418646e+52,8.63757673e+05,-2.02175948e+06,-3.63459775e+06,-1.15170409e+06,2.12263700e+05,-8.33802844e+05,0.00000000e+00,5.38239781e+09
2.66100000e+04,5.94322650e+01,2.92287201e+33,-3.38502573e+39,6.60817035e+38,-2.35808853e+39,9.74824168e+47,1.02004217e+48,-2.75652884e+47,9.37666673e+48,4.20688014e+52,4.20795796e+52,-8.46687914e+51,3.78461400e+52,8.12462843e+05,-2.01145639e+06,-3.67270203e+06,-1.15811630e+06,2.26084835e+05,-8.06771054e+05,0.00000000e+00,5.11603408e+09
2.66200000e+04,5.94745261e+01,2.92287658e+33,-3.40291094e+39,7.01506916e+38,-2.27724870e+39,9.74945395e+47,1.02238975e+48,-2.76568819e+47,9.85451645e+48,4.20941620e+52,4.21054106e+52,-8.27558696e+51,3.79676171e+52,7.60322950e+05,-1.99963508e+06,-3.70944656e+06,-1.16423354e+06,2.40005658e+05,-7.79112164e+05,0.00000000e+00,4.78831325e+09
2.66300000e+04,5.95173994e+01,2.92288129e+33,-3.41970477e+39,7.42510389e+38,-2.19452997e+39,9.74867508e+47,1.02422183e+48,-2.77485163e+47,1.02263710e+49,4.21171869e+52,4.21287905e+52,-8.05551377e+51,3.81010337e+52,7.07365974e+05,-1.98653891e+06,-3.74479191e+06,-1.16997731e+06,2.54033714e+05,-7.50810504e+05,0.00000000e+00,4.42637219e+09
2.66400000e+04,5.95609204e+01,2.92288613e+33,-3.43568405e+39,7.83902535e+38,-2.10956584e+39,9.74550689e+47,1.02570905e+48,-2.78259791e+47,1.04294413e+49,4.21376951e+52,4.21494749e+52,-7.81800418e+51,3.82404728e+52,6.53653561e+05,-1.97239179e+06,-3.77880068e+06,-1.17544232e+06,2.68194688e+05,-7.21740685e+05,0.00000000e+00,4.05474241e+09
2.66500000e+04,5.96049840e+01,2.92289109e+33,-3.45045008e+39,8.25348033e+38,-2.02279801e+39,9.74230973e+47,1.02695122e+48,-2.79257048e+47,1.04290617e+49,4.21557821e+52,4.21675290e+52,-7.57428789e+51,3.83803851e+52,5.99353360e+05,-1.95746126e+06,-3.81147559e+06,-1.18049218e+06,2.82373857e+05,-6.92053840e+05,0.00000000e+00,3.69336213e+09
2.66600000e+04,5.96496418e+01,2.92289619e+33,-3.46427924e+39,8.67108696e+38,-1.93403182e+39,9.73850188e+47,1.02804732e+48,-2.80180202e+47,1.02158079e+49,4.21721017e+52,4.21836012e+52,-7.33314228e+51,3.85170301e+52,5.44405418e+05,-1.94184746e+06,-3.84300073e+06,-1.18522144e+06,2.96660791e+05,-6.61683378e+05,0.00000000e+00,3.35533762e+09
2.66700000e+04,5.96949338e+01,2.92290143e+33,-3.47698361e+39,9.08899173e+38,-1.84353308e+39,9.73314924e+47,1.02882871e+48,-2.81328755e+47,9.80182328e+48,4.21869165e+52,4.21979677e+52,-7.10146836e+51,3.86472335e+52,4.88763577e+05,-1.92555357e+06,-3.87337355e+06,-1.18956581e+06,3.10957860e+05,-6.30720238e+05,0.00000000e+00,3.05012109e+09
2.66800000e+04,5.97408838e+01,2.92290682e+33,-3.48876325e+39,9.50886508e+38,-1.75115486e+39,9.72726450e+47,1.02919053e+48,-2.82604558e+47,9.21973672e+48,4.22005031e+52,4.22109412e+52,-6.88427369e+51,3.87688044e+52,4.32416251e+05,-1.90861105e+06,-3.90258749e+06,-1.19359373e+06,3.25322211e+05,-5.99114159e+05,0.00000000e+00,2.78001642e+09
2.66900000e+04,5.97875051e+01,2.92291236e+33,-3.49954824e+39,9.93069751e+38,-1.65688025e+39,9.72187651e+47,1.02939203e+48,-2.83699932e+47,8.51187588e+48,4.22132435e+52,4.22229491e+52,-6.68515558e+51,3.88803713e+52,3.75349180e+05,-1.89105472e+06,-3.93065794e+06,-1.19728128e+06,3.39753515e+05,-5.66859368e+05,0.00000000e+00,2.54581445e+09
2.67000000e+04,5.98347005e+01,2.92291804e+33,-3.50933439e+39,1.03529043e+39,-1.56108287e+39,9.71482660e+47,1.02959185e+48,-2.84551269e+47,7.72871990e+48,4.22253187e+52,4.22342233e+52,-6.50688453e+51,3.89807810e+52,3.17621499e+05,-1.87289541e+06,-3.95750312e+06,-1.20062703e+06,3.54197557e+05,-5.34083695e+05,0.00000000e+00,2.34736432e+09
2.67100000e+04,5.98823664e+01,2.92292383e+33,-3.51805703e+39,1.07735020e+39,-1.46405170e+39,9.70737228e+47,1.02972975e+48,-2.85171699e+47,6.92225255e+48,4.22368264e+52,4.22449133e+52,-6.35108558e+51,3.90693705e+52,2.59379571e+05,-1.85419399e+06,-3.98305527e+06,-1.20360886e+06,3.68586476e+05,-5.00886024e+05,0.00000000e+00,2.18188682e+09
2.67200000e+04,5.99304470e+01,2.92292972e+33,-3.52574276e+39,1.11920836e+39,-1.36592617e+39,9.70126153e+47,1.02994445e+48,-2.85634335e+47,6.14056779e+48,4.22479467e+52,4.22552464e+52,-6.21845267e+51,3.91460200e+52,2.00683259e+05,-1.83499388e+06,-4.00718566e+06,-1.20623590e+06,3.82906351e+05,-4.67314066e+05,0.00000000e+00,2.04715115e+09
2.67300000e+04,5.99788885e+01,2.92293570e+33,-3.53243282e+39,1.16101201e+39,-1.26690543e+39,9.69702624e+47,1.03017479e+48,-2.86043131e+47,5.42573738e+48,4.22588243e+52,4.22654075e+52,-6.10917155e+51,3.92108217e+52,1.41600738e+05,-1.81528717e+06,-4.02982508e+06,-1.20852225e+06,3.97207508e+05,-4.33435954e+05,0.00000000e+00,1.94000392e+09
2.67350000e+04,6.00000000e+01,2.92293819e+33,-3.53500915e+39,1.17913224e+39,-1.22364616e+39,9.69574442e+47,1.03029314e+48,-2.86184641e+47,5.14688927e+48,4.22634576e+52,4.22697610e+52,-6.06898909e+51,3.92352665e+52,1.15855988e+05,-1.80656819e+06,-4.03918323e+06,-1.20940264e+06,4.03406490e+05,-4.18635660e+05,0.00000000e+00,1.90156964e+09
