step,t,mass,xmom,ymom,zmom,Lx,Ly,Lz,E_kin,E_int,E_gas,E_grav,E_tot,com_x,com_y,com_z,vcom_x,vcom_y,vcom_z,T_max,rho_max
0.00000000e+00,0.00000000e+00,2.91777612e+33,0.00000000e+00,0.00000000e+00,0.00000000e+00,0.00000000e+00,0.00000000e+00,0.00000000e+00,0.00000000e+00,3.55418169e+51,3.58874787e+51,-6.85327804e+51,1.62108847e+50,-1.87385864e+05,-1.87385864e+05,-1.87385864e+05,0.00000000e+00,0.00000000e+00,0.00000000e+00,1.00000000e+05,3.00000005e+09
1.00000000e+01,7.72054717e-04,2.91777613e+33,2.37035131e+34,2.37035131e+34,2.27559164e+34,-8.56821437e+36,8.56751055e+36,1.12644249e+33,7.97136590e+43,3.55418715e+51,3.58875444e+51,-6.85320910e+51,1.62149891e+50,-1.87385862e+05,-1.87385862e+05,-1.87385862e+05,8.12382857e+00,8.12382857e+00,7.79906183e+00,0.00000000e+00,2.99836953e+09
2.00000000e+01,2.77456582e-03,2.91777615e+33,6.34042481e+34,6.34042481e+34,6.00860083e+34,-2.94555771e+37,3.05357804e+37,1.89484549e+34,9.34202475e+44,3.55420432e+51,3.58877591e+51,-6.85297545e+51,1.62288184e+50,-1.87385837e+05,-1.87385837e+05,-1.87385839e+05,2.17303333e+01,2.17303333e+01,2.05930837e+01,0.00000000e+00,2.99381496e+09
3.00000000e+01,7.96856389e-03,2.91777624e+33,1.56812337e+35,1.56812337e+35,1.47893700e+35,-7.29556353e+37,8.83800789e+37,1.12380415e+35,6.02655748e+45,3.55428851e+51,3.58887857e+51,-6.85203401e+51,1.62861565e+50,-1.87385653e+05,-1.87385653e+05,-1.87385665e+05,5.37437842e+01,5.37437842e+01,5.06871289e+01,0.00000000e+00,2.98055111e+09
4.00000000e+01,2.14404572e-02,2.91777677e+33,3.45178195e+35,3.45178195e+35,3.24836229e+35,-1.49556144e+38,2.15569955e+38,-1.66333030e+35,2.30937097e+46,3.55480181e+51,3.58945864e+51,-6.84788533e+51,1.65515973e+50,-1.87384493e+05,-1.87384493e+05,-1.87384575e+05,1.18301783e+02,1.18301783e+02,1.11330048e+02,0.00000000e+00,2.94314287e+09
5.00000000e+01,5.60870055e-02,2.91777983e+33,5.95880446e+35,5.95880446e+35,5.59513649e+35,-3.25082528e+38,3.14473166e+38,5.12444863e+36,4.04435198e+46,3.55798233e+51,3.59274565e+51,-6.83266319e+51,1.76414056e+50,-1.87378590e+05,-1.87378590e+05,-1.87379030e+05,2.04223924e+02,2.04223924e+02,1.91760065e+02,0.00000000e+00,2.89063227e+09
6.00000000e+01,1.04854971e-01,2.91778519e+33,7.28508550e+35,7.28508547e+35,6.84442412e+35,-2.76593523e+40,-3.06056254e+40,9.31271791e+38,3.74567419e+46,3.55913917e+51,3.59386769e+51,-6.81102748e+51,1.88353944e+50,-1.87367966e+05,-1.87367966e+05,-1.87368180e+05,2.49678609e+02,2.49678608e+02,2.34576011e+02,0.00000000e+00,2.87553783e+09
7.00000000e+01,1.53620393e-01,2.91779056e+33,7.65758122e+35,7.65758062e+35,7.19585875e+35,-2.54760179e+41,-2.29217885e+41,-4.47880004e+39,3.76351841e+46,3.56038624e+51,3.59502741e+51,-6.79105325e+51,1.99500787e+50,-1.87357228e+05,-1.87357227e+05,-1.87356149e+05,2.62444513e+02,2.62444492e+02,2.46620126e+02,0.00000000e+00,2.86324486e+09
8.00000000e+01,2.02182514e-01,2.91779589e+33,7.76340166e+35,7.76340023e+35,7.29522139e+35,-9.74304627e+41,-9.61158634e+41,-9.84255744e+40,4.82028044e+46,3.56179064e+51,3.59630101e+51,-6.77257718e+51,2.10012419e+50,-1.87348807e+05,-1.87348791e+05,-1.87343857e+05,2.66070759e+02,2.66070710e+02,2.50025076e+02,0.00000000e+00,2.85532787e+09
9.00000000e+01,2.50463976e-01,2.91780116e+33,7.79501725e+35,7.79500866e+35,7.32336979e+35,-4.16558889e+41,-3.15973815e+41,-4.59018490e+40,6.86407039e+46,3.56370830e+51,3.59802819e+51,-6.75542668e+51,2.20314846e+50,-1.87349160e+05,-1.87349152e+05,-1.87331626e+05,2.67153820e+02,2.67153526e+02,2.50989337e+02,0.00000000e+00,2.84967520e+09
1.00000000e+02,2.98425424e-01,2.91780636e+33,7.83785594e+35,7.83784917e+35,7.36122016e+35,8.92994424e+41,9.58345458e+41,1.65766974e+41,9.81880934e+46,3.56619699e+51,3.60026029e+51,-6.73940936e+51,2.30555610e+50,-1.87345826e+05,-1.87345684e+05,-1.87319108e+05,2.68621525e+02,2.68621293e+02,2.52286109e+02,0.00000000e+00,2.84553261e+09
1.10000000e+02,3.46027360e-01,2.91781168e+33,1.05138330e+36,1.05137703e+36,9.88367479e+35,-3.25210040e+41,-2.75966991e+41,-2.47383017e+41,2.16389593e+47,3.56946190e+51,3.60315761e+51,-6.72318125e+51,2.41566981e+50,-1.87336948e+05,-1.87336505e+05,-1.87305618e+05,3.60332817e+02,3.60330668e+02,3.38735871e+02,0.00000000e+00,2.84675605e+09
1.20000000e+02,3.93224577e-01,2.91781732e+33,1.90347354e+36,1.90346340e+36,1.78938332e+36,7.90436644e+42,8.39485139e+42,-3.36402079e+41,7.47108314e+47,3.57506385e+51,3.60833775e+51,-6.70007594e+51,2.58299782e+50,-1.87316176e+05,-1.87316181e+05,-1.87283632e+05,6.52362134e+02,6.52358662e+02,6.13260915e+02,0.00000000e+00,2.83443491e+09
1.30000000e+02,4.39535753e-01,2.91782283e+33,2.86407901e+36,2.86408057e+36,2.69184315e+36,3.69136756e+43,3.55449269e+43,1.20609045e+42,1.71112360e+48,3.58458283e+51,3.61730866e+51,-6.66621052e+51,2.84203399e+50,-1.87268378e+05,-1.87269531e+05,-1.87247411e+05,9.81580846e+02,9.81581382e+02,9.22551953e+02,0.00000000e+00,2.79130483e+09
1.40000000e+02,4.84695113e-01,2.91782808e+33,3.79972369e+36,3.79964831e+36,3.57072010e+36,4.05079993e+43,3.29369903e+43,3.21086548e+42,2.92063028e+48,3.59861286e+51,3.63057527e+51,-6.62421251e+51,3.18469015e+50,-1.87230358e+05,-1.87220257e+05,-1.87197559e+05,1.30224386e+03,1.30221802e+03,1.22375959e+03,0.00000000e+00,2.73771773e+09
1.50000000e+02,5.29267868e-01,2.91783319e+33,4.72225362e+36,4.72181811e+36,4.43689700e+36,5.32200358e+43,3.67178283e+43,7.75324326e+42,4.23934081e+48,3.61638480e+51,3.64745447e+51,-6.57575460e+51,3.59577171e+50,-1.87189543e+05,-1.87159965e+05,-1.87133967e+05,1.61841110e+03,1.61826184e+03,1.52061366e+03,0.00000000e+00,2.67361203e+09
1.60000000e+02,5.73321847e-01,2.91783819e+33,5.63371103e+36,5.63226304e+36,5.29152165e+36,5.40620217e+43,7.52634377e+43,7.13555327e+42,5.56371806e+48,3.63692862e+51,3.66704548e+51,-6.52205940e+51,4.06015776e+50,-1.87147471e+05,-1.87092371e+05,-1.87056886e+05,1.93078254e+03,1.93028628e+03,1.81350757e+03,0.00000000e+00,2.60083089e+09
1.70000000e+02,6.17357211e-01,2.91784318e+33,6.54294126e+36,6.54027821e+36,6.14433844e+36,5.89126065e+43,1.11434451e+44,4.74892228e+42,6.79393477e+48,3.66003155e+51,3.68916734e+51,-6.46375414e+51,4.57290267e+50,-1.87084350e+05,-1.87013294e+05,-1.86970442e+05,2.24238962e+03,2.24147694e+03,2.10578090e+03,0.00000000e+00,2.52204878e+09
1.80000000e+02,6.61689081e-01,2.91784824e+33,7.45672214e+36,7.45221410e+36,7.00122688e+36,4.16986509e+43,1.12765154e+44,-4.11255415e+42,7.86352583e+48,3.68511500e+51,3.71328484e+51,-6.40163202e+51,5.12468833e+50,-1.87054769e+05,-1.86945589e+05,-1.86870819e+05,2.55555516e+03,2.55401017e+03,2.39944860e+03,0.00000000e+00,2.44106459e+09
1.90000000e+02,7.06522407e-01,2.91785342e+33,8.38011148e+36,8.37304717e+36,7.86483672e+36,8.44965695e+43,1.40087342e+44,-6.06807678e+42,8.74258952e+48,3.71149683e+51,3.73875268e+51,-6.33622810e+51,5.70638629e+50,-1.87045544e+05,-1.86920533e+05,-1.86755361e+05,2.87201250e+03,2.86959143e+03,2.69541872e+03,0.00000000e+00,2.36072223e+09
2.00000000e+02,7.52046047e-01,2.91785875e+33,9.31661515e+36,9.30616155e+36,8.73879259e+36,1.47935692e+44,1.80296590e+44,-3.71872251e+42,9.43716752e+48,3.73859491e+51,3.76497014e+51,-6.26777820e+51,6.31081039e+50,-1.87065409e+05,-1.86926894e+05,-1.86625662e+05,3.19296304e+03,3.18938042e+03,2.99493339e+03,0.00000000e+00,2.27719883e+09
2.10000000e+02,7.98286641e-01,2.91786424e+33,1.02729326e+37,1.02569795e+37,9.62452778e+36,2.22682765e+44,2.72420514e+44,8.71079579e+42,9.95077228e+48,3.76613442e+51,3.79164678e+51,-6.19733571e+51,6.92978931e+50,-1.87102504e+05,-1.86962392e+05,-1.86478465e+05,3.52070272e+03,3.51523535e+03,3.29848375e+03,0.00000000e+00,2.19252875e+09
2.20000000e+02,8.45204315e-01,2.91786990e+33,1.12499518e+37,1.12265963e+37,1.05162477e+37,3.22738266e+44,3.46263052e+44,2.38592718e+43,1.02943411e+49,3.79391345e+51,3.81857041e+51,-6.12669192e+51,7.55224446e+50,-1.87134841e+05,-1.86987406e+05,-1.86313855e+05,3.85553580e+03,3.84753149e+03,3.60408384e+03,0.00000000e+00,2.11043622e+09
2.30000000e+02,8.92844696e-01,2.91787572e+33,1.22443180e+37,1.22145160e+37,1.14075676e+37,4.28367514e+44,4.11235090e+44,4.11089299e+43,1.04938947e+49,3.82207958e+51,3.84590964e+51,-6.05770978e+51,8.17054751e+50,-1.87138665e+05,-1.86926724e+05,-1.86136903e+05,4.19631237e+03,4.18609879e+03,3.90954538e+03,0.00000000e+00,2.03260335e+09
2.40000000e+02,9.41179944e-01,2.91788172e+33,1.32553949e+37,1.32200164e+37,1.23031735e+37,4.97097586e+44,4.91157113e+44,7.56806222e+43,1.05707970e+49,3.85117590e+51,3.87419944e+51,-5.99228797e+51,8.78055452e+50,-1.87095528e+05,-1.86812103e+05,-1.85937834e+05,4.54281434e+03,4.53068962e+03,4.21647440e+03,0.00000000e+00,1.96186166e+09
2.50000000e+02,9.90061453e-01,2.91788784e+33,1.42852980e+37,1.42454116e+37,1.32159907e+37,5.26208386e+44,5.46533020e+44,1.15952620e+44,1.05626510e+49,3.88111497e+51,3.90336466e+51,-5.93208944e+51,9.37319936e+50,-1.86943337e+05,-1.86574365e+05,-1.85712847e+05,4.89576664e+03,4.88209704e+03,4.52930045e+03,0.00000000e+00,1.90008392e+09
2.60000000e+02,1.03942432e+00,2.91789409e+33,1.53334338e+37,1.52868536e+37,1.41350597e+37,6.16415071e+44,5.64315826e+44,1.87815502e+44,1.04980636e+49,3.91239345e+51,3.93390918e+51,-5.87822821e+51,9.94795072e+50,-1.86608405e+05,-1.86117564e+05,-1.85469885e+05,5.25496587e+03,5.23900220e+03,4.84426757e+03,0.00000000e+00,1.84566515e+09
2.70000000e+02,1.08918602e+00,2.91790043e+33,1.63833973e+37,1.63160156e+37,1.50390138e+37,6.80808280e+44,6.13313411e+44,2.64058852e+44,1.04087998e+49,3.94506840e+51,3.96590472e+51,-5.83155034e+51,1.05012956e+51,-1.86160841e+05,-1.85540546e+05,-1.85205718e+05,5.61478971e+03,5.59169718e+03,5.15405312e+03,0.00000000e+00,1.79863427e+09
2.80000000e+02,1.13933118e+00,2.91790687e+33,1.74258321e+37,1.73371617e+37,1.59294384e+37,6.18978793e+44,7.17083298e+44,3.11883702e+44,1.03192324e+49,3.97946251e+51,3.99969010e+51,-5.79264011e+51,1.10337004e+51,-1.85719216e+05,-1.84979341e+05,-1.84922537e+05,5.97203163e+03,5.94164327e+03,5.45920041e+03,0.00000000e+00,1.75902022e+09
2.90000000e+02,1.18985628e+00,2.91791341e+33,1.84764978e+37,1.83722579e+37,1.68227032e+37,6.15031896e+44,7.30329178e+44,3.63176859e+44,1.02504314e+49,4.01623934e+51,4.03594767e+51,-5.76187448e+51,1.15501043e+51,-1.85299234e+05,-1.84460896e+05,-1.84622174e+05,6.33209255e+03,6.29636844e+03,5.76531954e+03,0.00000000e+00,1.72754358e+09
3.00000000e+02,1.24073407e+00,2.91792004e+33,1.95163754e+37,1.93975945e+37,1.77301520e+37,6.14231358e+44,9.05954262e+44,4.16064685e+44,1.02228432e+49,4.05551546e+51,4.07480588e+51,-5.73952230e+51,1.20504473e+51,-1.84823519e+05,-1.83993431e+05,-1.84311885e+05,6.68845450e+03,6.64774711e+03,6.07629809e+03,0.00000000e+00,1.70275997e+09
3.10000000e+02,1.29190178e+00,2.91792674e+33,2.05513502e+37,2.04271834e+37,1.86688755e+37,5.62654610e+44,1.01881934e+45,4.39441008e+44,1.02484299e+49,4.09753559e+51,4.11651739e+51,-5.72601685e+51,1.25350896e+51,-1.84238134e+05,-1.83510568e+05,-1.83981278e+05,7.04313441e+03,7.00058129e+03,6.39799323e+03,0.00000000e+00,1.68555091e+09
3.20000000e+02,1.34321253e+00,2.91793348e+33,2.15740521e+37,2.14478911e+37,1.96567958e+37,5.56175832e+44,1.04815507e+45,4.36430619e+44,1.03318225e+49,4.14248990e+51,4.16127108e+51,-5.72198167e+51,1.30028025e+51,-1.83603996e+05,-1.83040695e+05,-1.83633592e+05,7.39360655e+03,7.35037013e+03,6.73654694e+03,0.00000000e+00,1.67646062e+09
3.30000000e+02,1.39460238e+00,2.91794024e+33,2.25438516e+37,2.24075706e+37,2.06530957e+37,6.83236510e+44,1.07273039e+45,3.63656810e+44,1.04737739e+49,4.19065285e+51,4.20933073e+51,-5.72805429e+51,1.34530358e+51,-1.82889370e+05,-1.82537668e+05,-1.83272113e+05,7.72594699e+03,7.67924248e+03,7.07797078e+03,0.00000000e+00,1.67680783e+09
3.40000000e+02,1.44605036e+00,2.91794701e+33,2.34773516e+37,2.33043040e+37,2.16151653e+37,6.82848589e+44,1.11006405e+45,2.15122966e+44,1.06751117e+49,4.24223239e+51,4.26089601e+51,-5.74476190e+51,1.38851506e+51,-1.82098996e+05,-1.81932383e+05,-1.82899461e+05,8.04584576e+03,7.98654120e+03,7.40766204e+03,0.00000000e+00,1.68727892e+09
3.50000000e+02,1.49752954e+00,2.91795380e+33,2.44497915e+37,2.41848440e+37,2.25120555e+37,6.80643947e+44,1.25592539e+45,1.48824206e+43,1.09352664e+49,4.29729875e+51,4.31602801e+51,-5.77241511e+51,1.42982046e+51,-1.81168448e+05,-1.81259147e+05,-1.82513563e+05,8.37908794e+03,8.28828888e+03,7.71501438e+03,0.00000000e+00,1.70815027e+09
3.60000000e+02,1.54879150e+00,2.91796052e+33,2.53961907e+37,2.50409882e+37,2.33944341e+37,8.39189503e+44,1.46684570e+45,-1.48246217e+44,1.12447842e+49,4.35553999e+51,4.37439766e+51,-5.81079569e+51,1.46899982e+51,-1.80140440e+05,-1.80504592e+05,-1.82122001e+05,8.70340448e+03,8.58167477e+03,8.01739226e+03,0.00000000e+00,1.74018527e+09
3.70000000e+02,1.59971913e+00,2.91796716e+33,2.63260527e+37,2.59055860e+37,2.41967278e+37,1.19537498e+45,1.69591553e+45,-3.53474832e+44,1.15946863e+49,4.41669210e+51,4.43571762e+51,-5.85915015e+51,1.50614254e+51,-1.79055441e+05,-1.79618939e+05,-1.81723567e+05,9.02205242e+03,8.87795667e+03,8.29232354e+03,0.00000000e+00,1.78283161e+09
3.80000000e+02,1.65029072e+00,2.91797371e+33,2.71831488e+37,2.67599776e+37,2.49654416e+37,1.72185999e+45,1.94085349e+45,-5.62248343e+44,1.19587361e+49,4.48039894e+51,4.49959744e+51,-5.91625999e+51,1.54146745e+51,-1.77930427e+05,-1.78599064e+05,-1.81312327e+05,9.31576205e+03,9.17073976e+03,8.55574589e+03,0.00000000e+00,1.83518865e+09
3.90000000e+02,1.70050218e+00,2.91798017e+33,2.79850451e+37,2.75974494e+37,2.57281468e+37,2.26642609e+45,2.17268545e+45,-8.41334411e+44,1.23159134e+49,4.54614704e+51,4.56550106e+51,-5.98051560e+51,1.57524326e+51,-1.76787868e+05,-1.77488888e+05,-1.80885346e+05,9.59055354e+03,9.45772341e+03,8.81710815e+03,0.00000000e+00,1.89546538e+09
4.00000000e+02,1.75034498e+00,2.91798654e+33,2.87416700e+37,2.84329915e+37,2.64901076e+37,2.82489943e+45,2.48716939e+45,-1.21267613e+45,1.26373686e+49,4.61379956e+51,4.63326941e+51,-6.05022312e+51,1.60815785e+51,-1.75618090e+05,-1.76299637e+05,-1.80438166e+05,9.84982954e+03,9.74404479e+03,9.07821445e+03,0.00000000e+00,1.96109697e+09
4.10000000e+02,1.79908470e+00,2.91799263e+33,2.94305263e+37,2.92618233e+37,2.72640175e+37,3.39897683e+45,2.86478712e+45,-1.75586301e+45,1.28834020e+49,4.68241109e+51,4.70193927e+51,-6.12287086e+51,1.64050384e+51,-1.74387503e+05,-1.75066597e+05,-1.79968385e+05,1.00858809e+04,1.00280662e+04,9.34341546e+03,0.00000000e+00,2.02993729e+09
4.20000000e+02,1.84662962e+00,2.91799844e+33,3.00216481e+37,2.99752082e+37,2.80516220e+37,4.02915759e+45,3.37251527e+45,-2.28164187e+45,1.30373639e+49,4.75172413e+51,4.77123632e+51,-6.19723516e+51,1.67261874e+51,-1.73110239e+05,-1.73807856e+05,-1.79480661e+05,1.02884387e+04,1.02725237e+04,9.61330947e+03,0.00000000e+00,2.10116443e+09
4.30000000e+02,1.89343754e+00,2.91800406e+33,3.05203007e+37,3.06110658e+37,2.88229234e+37,4.49457951e+45,4.00766246e+45,-2.75649789e+45,1.30991963e+49,4.82221333e+51,4.84162926e+51,-6.27344613e+51,1.70490619e+51,-1.71819777e+05,-1.72540047e+05,-1.78974060e+05,1.04593071e+04,1.04904123e+04,9.87761593e+03,0.00000000e+00,2.17581344e+09
4.40000000e+02,1.93956002e+00,2.91800953e+33,3.09284270e+37,3.11449282e+37,2.95638692e+37,4.61202854e+45,4.84446776e+45,-3.40356252e+45,1.30707492e+49,4.89387417e+51,4.91311445e+51,-6.35129056e+51,1.73746917e+51,-1.70521412e+05,-1.71284102e+05,-1.78468638e+05,1.05991521e+04,1.06733470e+04,1.01315190e+04,0.00000000e+00,2.25424259e+09
4.50000000e+02,1.98538180e+00,2.91801493e+33,3.12954984e+37,3.15663833e+37,3.02784524e+37,4.58675977e+45,5.71613745e+45,-4.15173820e+45,1.29620060e+49,4.96725571e+51,4.98625254e+51,-6.43109147e+51,1.77070680e+51,-1.69248157e+05,-1.70061689e+05,-1.77939148e+05,1.07249274e+04,1.08177593e+04,1.03763870e+04,0.00000000e+00,2.33805977e+09
4.60000000e+02,2.03116997e+00,2.91802033e+33,3.15909812e+37,3.19206752e+37,3.10223214e+37,4.43112147e+45,6.67549249e+45,-4.86836583e+45,1.27871780e+49,5.04271439e+51,5.06140740e+51,-6.51259920e+51,1.80510780e+51,-1.67997403e+05,-1.68869850e+05,-1.77399893e+05,1.08261690e+04,1.09391545e+04,1.06312904e+04,0.00000000e+00,2.42810645e+09
4.70000000e+02,2.07691457e+00,2.91802571e+33,3.18003910e+37,3.22360959e+37,3.17572310e+37,3.83757964e+45,7.59861440e+45,-5.52339029e+45,1.25537204e+49,5.11998929e+51,5.13832314e+51,-6.59442113e+51,1.84111258e+51,-1.66729888e+05,-1.67694355e+05,-1.76839938e+05,1.08979132e+04,1.10472282e+04,1.08831224e+04,0.00000000e+00,2.52078663e+09
4.80000000e+02,2.12240781e+00,2.91803103e+33,3.19590378e+37,3.24914545e+37,3.24251066e+37,2.93125724e+45,8.58735333e+45,-6.17109363e+45,1.22702966e+49,5.19832719e+51,5.21625969e+51,-6.67428249e+51,1.87911844e+51,-1.65471914e+05,-1.66536944e+05,-1.76286317e+05,1.09522611e+04,1.11347186e+04,1.11119814e+04,0.00000000e+00,2.61397487e+09
4.90000000e+02,2.16786961e+00,2.91803635e+33,3.20585938e+37,3.26593690e+37,3.29835155e+37,1.88423859e+45,9.69810432e+45,-6.78285099e+45,1.19504628e+49,5.27747868e+51,5.29498045e+51,-6.75035087e+51,1.91980501e+51,-1.64266066e+05,-1.65397630e+05,-1.75756731e+05,1.09863586e+04,1.11922420e+04,1.13033258e+04,0.00000000e+00,2.70439727e+09
5.00000000e+02,2.21329538e+00,2.91804166e+33,3.21496531e+37,3.27974065e+37,3.34673115e+37,4.79114776e+44,1.09154163e+46,-7.47559773e+45,1.16172542e+49,5.35671339e+51,5.37378088e+51,-6.82034549e+51,1.96360813e+51,-1.63194823e+05,-1.64340114e+05,-1.75271806e+05,1.10175442e+04,1.12395265e+04,1.14691000e+04,0.00000000e+00,2.78713154e+09
5.10000000e+02,2.25871217e+00,2.91804696e+33,3.21585083e+37,3.28777113e+37,3.38915640e+37,-1.17155177e+45,1.22681984e+46,-8.24517913e+45,1.12808671e+49,5.43549228e+51,5.45213372e+51,-6.88260696e+51,2.01083024e+51,-1.62317835e+05,-1.63346300e+05,-1.74810996e+05,1.10205588e+04,1.12670261e+04,1.16144683e+04,0.00000000e+00,2.85995015e+09
5.20000000e+02,2.30424129e+00,2.91805230e+33,3.21596090e+37,3.30194990e+37,3.43194528e+37,-2.81487624e+45,1.36434955e+46,-9.03468077e+45,1.09450264e+49,5.51354375e+51,5.52976842e+51,-6.93640662e+51,2.06156512e+51,-1.61578232e+05,-1.62379078e+05,-1.74357105e+05,1.10209159e+04,1.13155953e+04,1.17610822e+04,0.00000000e+00,2.92123243e+09
5.30000000e+02,2.34987721e+00,2.91805765e+33,3.21653502e+37,3.31886243e+37,3.48511067e+37,-4.15547676e+45,1.50317659e+46,-9.75593830e+45,1.06116138e+49,5.59041435e+51,5.60623580e+51,-6.98146174e+51,2.11550493e+51,-1.60911308e+05,-1.61371487e+05,-1.73874738e+05,1.10228632e+04,1.13735327e+04,1.19432550e+04,0.00000000e+00,2.97279021e+09
5.40000000e+02,2.39557998e+00,2.91806303e+33,3.21301681e+37,3.33449482e+37,3.54066140e+37,-5.28271812e+45,1.61061943e+46,-1.02634516e+46,1.02846457e+49,5.66563910e+51,5.68107845e+51,-7.01764581e+51,2.17225554e+51,-1.60305496e+05,-1.60355030e+05,-1.73386737e+05,1.10107862e+04,1.14270829e+04,1.21336015e+04,0.00000000e+00,3.01409072e+09
5.50000000e+02,2.44120255e+00,2.91806838e+33,3.21070386e+37,3.34353741e+37,3.59959644e+37,-6.20616251e+45,1.66837486e+46,-1.05451452e+46,9.96721748e+48,5.73859865e+51,5.75368249e+51,-7.04470955e+51,2.23132771e+51,-1.59752093e+05,-1.59348238e+05,-1.72923807e+05,1.10028397e+04,1.14580502e+04,1.23355452e+04,0.00000000e+00,3.04689322e+09
5.60000000e+02,2.48680011e+00,2.91807373e+33,3.20626261e+37,3.33868312e+37,3.66759358e+37,-6.75283434e+45,1.71941610e+46,-1.08593631e+46,9.65973169e+48,5.80894742e+51,5.82370401e+51,-7.06205197e+51,2.29267803e+51,-1.59263027e+05,-1.58330295e+05,-1.72449867e+05,1.09875997e+04,1.14413940e+04,1.25685432e+04,0.00000000e+00,3.06983108e+09
5.70000000e+02,2.53238533e+00,2.91807907e+33,3.20305053e+37,3.32570155e+37,3.73514361e+37,-6.82646212e+45,1.77321491e+46,-1.13046112e+46,9.36395926e+48,5.87626436e+51,5.89071837e+51,-7.06867445e+51,2.35638114e+51,-1.58809519e+05,-1.57308715e+05,-1.71977315e+05,1.09765721e+04,1.13968863e+04,1.28000082e+04,0.00000000e+00,3.07883102e+09
5.80000000e+02,2.57801107e+00,2.91808443e+33,3.19572412e+37,3.30295599e+37,3.79648759e+37,-6.43974952e+45,1.80665800e+46,-1.17096166e+46,9.08342037e+48,5.94025325e+51,5.95442159e+51,-7.06393391e+51,2.42245463e+51,-1.58352022e+05,-1.56290948e+05,-1.71508877e+05,1.09514450e+04,1.13189185e+04,1.30102047e+04,0.00000000e+00,3.07311793e+09
5.90000000e+02,2.62374256e+00,2.91808981e+33,3.18555955e+37,3.27307196e+37,3.84964141e+37,-5.57335138e+45,1.81039809e+46,-1.20362547e+46,8.82415117e+48,6.00083443e+51,6.01473582e+51,-7.04791663e+51,2.49077750e+51,-1.57879292e+05,-1.55271947e+05,-1.71037450e+05,1.09165919e+04,1.12164881e+04,1.31923336e+04,0.00000000e+00,3.05054431e+09
6.00000000e+02,2.66964541e+00,2.91809523e+33,3.17518405e+37,3.23923727e+37,3.89708685e+37,-4.52617400e+45,1.77579800e+46,-1.22844133e+46,8.58368690e+48,6.05819291e+51,6.07183686e+51,-7.02188952e+51,2.56089210e+51,-1.57399974e+05,-1.54237774e+05,-1.70577479e+05,1.08810159e+04,1.11005194e+04,1.33548995e+04,0.00000000e+00,3.01394594e+09
6.10000000e+02,2.71578170e+00,2.91810070e+33,3.16875353e+37,3.20387976e+37,3.93873875e+37,-3.30261049e+45,1.70556782e+46,-1.25867483e+46,8.35660964e+48,6.11270821e+51,6.12609750e+51,-6.98802400e+51,2.63208550e+51,-1.56921013e+05,-1.53156773e+05,-1.70129467e+05,1.08589588e+04,1.09793324e+04,1.34976108e+04,0.00000000e+00,2.96780246e+09
6.20000000e+02,2.76218502e+00,2.91810624e+33,3.16834776e+37,3.16663160e+37,3.97464109e+37,-2.20822004e+45,1.60999634e+46,-1.29300817e+46,8.13827495e+48,6.16476187e+51,6.17789406e+51,-6.94866720e+51,2.70356045e+51,-1.56447276e+05,-1.52062277e+05,-1.69693075e+05,1.08575477e+04,1.08516666e+04,1.36206182e+04,0.00000000e+00,2.91631166e+09
6.30000000e+02,2.80888010e+00,2.91811184e+33,3.17258286e+37,3.13312874e+37,4.00732939e+37,-1.32979579e+45,1.51876739e+46,-1.31842004e+46,7.92435676e+48,6.21463727e+51,6.22751100e+51,-6.90570990e+51,2.77465605e+51,-1.55997941e+05,-1.50983052e+05,-1.69248132e+05,1.08720400e+04,1.07368357e+04,1.37326107e+04,0.00000000e+00,2.86318380e+09
6.40000000e+02,2.85588404e+00,2.91811752e+33,3.18006520e+37,3.10165688e+37,4.04498870e+37,-6.86228688e+44,1.43849352e+46,-1.34036578e+46,7.71080429e+48,6.26248526e+51,6.27509986e+51,-6.86030680e+51,2.84494646e+51,-1.55571862e+05,-1.49925488e+05,-1.68763045e+05,1.08976598e+04,1.06289650e+04,1.38616374e+04,0.00000000e+00,2.80880040e+09
6.50000000e+02,2.90321368e+00,2.91812327e+33,3.18576902e+37,3.06935072e+37,4.08884240e+37,-3.53645215e+44,1.36764638e+46,-1.33830004e+46,7.49549416e+48,6.30840080e+51,6.32075271e+51,-6.81318331e+51,2.91416106e+51,-1.55143334e+05,-1.48893335e+05,-1.68232570e+05,1.09171845e+04,1.05182353e+04,1.40118906e+04,0.00000000e+00,2.75301411e+09
6.60000000e+02,2.95089338e+00,2.91812911e+33,3.18949615e+37,3.03607056e+37,4.13682377e+37,-2.59067090e+44,1.29774119e+46,-1.31977526e+46,7.27980378e+48,6.35248426e+51,6.36457800e+51,-6.76506691e+51,2.98204454e+51,-1.54686329e+05,-1.47873273e+05,-1.67661125e+05,1.09299350e+04,1.04041681e+04,1.41762877e+04,0.00000000e+00,2.69628354e+09
6.70000000e+02,2.99894127e+00,2.91813503e+33,3.19304522e+37,2.99450585e+37,4.18360544e+37,-4.05928326e+44,1.23311966e+46,-1.29865124e+46,7.06769938e+48,6.39493748e+51,6.40678069e+51,-6.71700582e+51,3.04827778e+51,-1.54184889e+05,-1.46862285e+05,-1.67095038e+05,1.09420749e+04,1.02617110e+04,1.43365725e+04,0.00000000e+00,2.63921448e+09
6.80000000e+02,3.04720856e+00,2.91814101e+33,3.19412470e+37,2.94651308e+37,4.22639834e+37,-6.53203985e+44,1.18940516e+46,-1.27257275e+46,6.86347195e+48,6.43593907e+51,6.44754202e+51,-6.67067494e+51,3.11220455e+51,-1.53653080e+05,-1.45879700e+05,-1.66561148e+05,1.09457517e+04,1.00972265e+04,1.44831875e+04,0.00000000e+00,2.58375775e+09
6.90000000e+02,3.09563825e+00,2.91814703e+33,3.19332384e+37,2.89588451e+37,4.26684711e+37,-8.75411561e+44,1.15066232e+46,-1.23616786e+46,6.66998634e+48,6.47586575e+51,6.48724223e+51,-6.62798071e+51,3.17325188e+51,-1.53095516e+05,-1.44920498e+05,-1.66068850e+05,1.09429847e+04,9.92371008e+03,1.46217687e+04,0.00000000e+00,2.53287269e+09
7.00000000e+02,3.14421980e+00,2.91815309e+33,3.19169534e+37,2.84029769e+37,4.30647592e+37,-1.15774240e+45,1.11248543e+46,-1.18905733e+46,6.49154601e+48,6.51514716e+51,6.52631521e+51,-6.59070011e+51,3.23096516e+51,-1.52504628e+05,-1.43997900e+05,-1.65591239e+05,1.09373814e+04,9.73320316e+03,1.47575394e+04,0.00000000e+00,2.48935059e+09
7.10000000e+02,3.19291381e+00,2.91815917e+33,3.19081054e+37,2.78432455e+37,4.34253076e+37,-1.51389805e+45,1.07662675e+46,-1.13381022e+46,6.33513707e+48,6.55416681e+51,6.56514972e+51,-6.56019760e+51,3.28505092e+51,-1.51900362e+05,-1.43097533e+05,-1.65105866e+05,1.09343266e+04,9.54137314e+03,1.48810620e+04,0.00000000e+00,2.45443380e+09
7.20000000e+02,3.24163804e+00,2.91816526e+33,3.19105736e+37,2.73006441e+37,4.37313447e+37,-1.96893321e+45,1.04196427e+46,-1.07902939e+46,6.20447719e+48,6.59316013e+51,6.60398642e+51,-6.53733908e+51,3.33531688e+51,-1.51301728e+05,-1.42222062e+05,-1.64636573e+05,1.09351496e+04,9.35541399e+03,1.49859041e+04,0.00000000e+00,2.42929737e+09
7.30000000e+02,3.29035947e+00,2.91817135e+33,3.19246329e+37,2.68620070e+37,4.40111366e+37,-2.50366292e+45,1.00396454e+46,-1.03364069e+46,6.10069462e+48,6.63233126e+51,6.64302887e+51,-6.52230047e+51,3.38187863e+51,-1.50724120e+05,-1.41410871e+05,-1.64183487e+05,1.09399446e+04,9.20508213e+03,1.50817520e+04,0.00000000e+00,2.41441663e+09
7.40000000e+02,3.33894131e+00,2.91817741e+33,3.19470249e+37,2.63720410e+37,4.42536055e+37,-3.10896965e+45,9.65769050e+45,-9.70007211e+45,6.02506259e+48,6.67165518e+51,6.68225028e+51,-6.51470657e+51,3.42489700e+51,-1.50157971e+05,-1.40703058e+05,-1.63745176e+05,1.09475952e+04,9.03716165e+03,1.51648098e+04,0.00000000e+00,2.40724024e+09
7.50000000e+02,3.38735330e+00,2.91818343e+33,3.19925103e+37,2.59087222e+37,4.45369292e+37,-3.70664119e+45,9.38078669e+45,-8.86484073e+45,5.97885385e+48,6.71128152e+51,6.72180256e+51,-6.51408509e+51,3.46476002e+51,-1.49590295e+05,-1.40083183e+05,-1.63336943e+05,1.09631595e+04,8.87837345e+03,1.52618677e+04,0.00000000e+00,2.40680767e+09
7.60000000e+02,3.43555405e+00,2.91818939e+33,3.20306723e+37,2.54457921e+37,4.48734447e+37,-4.23705804e+45,9.17088155e+45,-8.02905973e+45,5.96206160e+48,6.75152147e+51,6.76199809e+51,-6.52019039e+51,3.50190289e+51,-1.49047902e+05,-1.39524400e+05,-1.62936991e+05,1.09762144e+04,8.71971923e+03,1.53771530e+04,0.00000000e+00,2.41259689e+09
7.70000000e+02,3.48354734e+00,2.91819530e+33,3.20330348e+37,2.50662395e+37,4.52860798e+37,-4.80194311e+45,9.14745613e+45,-7.43514575e+45,5.97196409e+48,6.79260724e+51,6.80306277e+51,-6.53313283e+51,3.53649635e+51,-1.48518563e+05,-1.39038565e+05,-1.62527999e+05,1.09770017e+04,8.58963738e+03,1.55185226e+04,0.00000000e+00,2.42475643e+09
7.80000000e+02,3.53130460e+00,2.91820116e+33,3.19560245e+37,2.46572127e+37,4.57645169e+37,-5.47221271e+45,9.29101199e+45,-7.07571861e+45,6.00423862e+48,6.83454684e+51,6.84499950e+51,-6.55326150e+51,3.56836875e+51,-1.47981223e+05,-1.38614149e+05,-1.62083345e+05,1.09505900e+04,8.44945613e+03,1.56824408e+04,0.00000000e+00,2.44432380e+09
7.90000000e+02,3.57876064e+00,2.91820694e+33,3.18324318e+37,2.41593668e+37,4.62775833e+37,-6.30739110e+45,9.59739201e+45,-6.78097077e+45,6.05425153e+48,6.87757090e+51,6.88803352e+51,-6.58082906e+51,3.59761899e+51,-1.47424448e+05,-1.38223759e+05,-1.61598737e+05,1.09082160e+04,8.27883946e+03,1.58582254e+04,0.00000000e+00,2.47242091e+09
8.00000000e+02,3.62593206e+00,2.91821266e+33,3.16703863e+37,2.35827381e+37,4.67737433e+37,-7.18004678e+45,9.93132735e+45,-6.44577968e+45,6.11855179e+48,6.92174680e+51,6.93222874e+51,-6.61575303e+51,3.62435222e+51,-1.46832864e+05,-1.37844190e+05,-1.61070936e+05,1.08526657e+04,8.08122672e+03,1.60282161e+04,0.00000000e+00,2.50921153e+09
8.10000000e+02,3.67283620e+00,2.91821831e+33,3.14799471e+37,2.30492307e+37,4.71451447e+37,-8.17459536e+45,1.01878205e+46,-5.97416550e+45,6.19384411e+48,6.96711736e+51,6.97762317e+51,-6.65744946e+51,3.64889844e+51,-1.46215545e+05,-1.37461342e+05,-1.60512508e+05,1.07873859e+04,7.89839148e+03,1.61554550e+04,0.00000000e+00,2.55531120e+09
8.20000000e+02,3.71949749e+00,2.91822391e+33,3.12747959e+37,2.24487173e+37,4.74429697e+37,-9.32776088e+45,1.03877477e+46,-5.42966959e+45,6.27520513e+48,7.01367039e+51,7.02420012e+51,-6.70490468e+51,3.67174778e+51,-1.45633273e+05,-1.37090170e+05,-1.59955785e+05,1.07170652e+04,7.69259592e+03,1.62574810e+04,0.00000000e+00,2.60967159e+09
8.30000000e+02,3.76593980e+00,2.91822946e+33,3.10773323e+37,2.19698984e+37,4.76746937e+37,-1.05858050e+46,1.06662440e+46,-4.74054738e+45,6.35698707e+48,7.06135160e+51,7.07189841e+51,-6.75674893e+51,3.69352395e+51,-1.45085373e+05,-1.36728246e+05,-1.59366901e+05,1.06493793e+04,7.52850270e+03,1.63368558e+04,0.00000000e+00,2.67007288e+09
8.40000000e+02,3.81210872e+00,2.91823494e+33,3.08538059e+37,2.13297141e+37,4.78038089e+37,-1.19058907e+46,1.11258690e+46,-3.78531280e+45,6.43554104e+48,7.11001359e+51,7.12056731e+51,-6.81144888e+51,3.71484287e+51,-1.44548202e+05,-1.36353470e+05,-1.58719532e+05,1.05727628e+04,7.30911476e+03,1.63810693e+04,0.00000000e+00,2.73368088e+09
8.50000000e+02,3.85800891e+00,2.91824036e+33,3.06203854e+37,2.09170685e+37,4.78716954e+37,-1.31805898e+46,1.16201127e+46,-2.69950899e+45,6.50575893e+48,7.15958976e+51,7.17013372e+51,-6.86779881e+51,3.73623432e+51,-1.44015646e+05,-1.35968226e+05,-1.57994592e+05,1.04927565e+04,7.16769899e+03,1.64043017e+04,0.00000000e+00,2.79955318e+09
8.60000000e+02,3.90366735e+00,2.91824572e+33,3.03965873e+37,2.05352460e+37,4.79358658e+37,-1.44216445e+46,1.23592350e+46,-1.42925965e+45,6.56297706e+48,7.20982947e+51,7.22034939e+51,-6.92488996e+51,3.75790441e+51,-1.43506643e+05,-1.35583240e+05,-1.57224107e+05,1.04160479e+04,7.03684608e+03,1.64262610e+04,0.00000000e+00,2.86715235e+09
8.70000000e+02,3.94911777e+00,2.91825104e+33,3.01101454e+37,2.01131629e+37,4.78911843e+37,-1.55410832e+46,1.33318789e+46,-2.65910963e+44,6.60546652e+48,7.26069721e+51,7.27118056e+51,-6.98198032e+51,3.78019040e+51,-1.43053953e+05,-1.35210024e+05,-1.56425385e+05,1.03178736e+04,6.89219762e+03,1.64109200e+04,0.00000000e+00,2.93563901e+09
8.80000000e+02,3.99437807e+00,2.91825631e+33,2.98591972e+37,1.97432865e+37,4.79538231e+37,-1.64152609e+46,1.44322814e+46,7.72701903e+44,6.63159012e+48,7.31215754e+51,7.32259112e+51,-7.03842751e+51,3.80337737e+51,-1.42663960e+05,-1.34862326e+05,-1.55585297e+05,1.02318625e+04,6.76543951e+03,1.64323548e+04,0.00000000e+00,3.00534479e+09
8.90000000e+02,4.03943849e+00,2.91826154e+33,2.95845366e+37,1.93444370e+37,4.80229306e+37,-1.69777846e+46,1.56680672e+46,1.79849364e+45,6.64313682e+48,7.36413846e+51,7.37451158e+51,-7.09332177e+51,3.82785070e+51,-1.42308389e+05,-1.34539712e+05,-1.54728192e+05,1.01377263e+04,6.62875370e+03,1.64560064e+04,0.00000000e+00,3.07565794e+09
9.00000000e+02,4.08433832e+00,2.91826673e+33,2.92747005e+37,1.88375884e+37,4.81156308e+37,-1.73004938e+46,1.71640018e+46,2.86136534e+45,6.64224036e+48,7.41652262e+51,7.42682759e+51,-7.14535902e+51,3.85414808e+51,-1.41984230e+05,-1.34263506e+05,-1.53842817e+05,1.00315369e+04,6.45506055e+03,1.64877426e+04,0.00000000e+00,3.14380475e+09
9.10000000e+02,4.12912051e+00,2.91827189e+33,2.88818269e+37,1.83898364e+37,4.81876122e+37,-1.72769053e+46,1.87835186e+46,3.86752948e+45,6.62951451e+48,7.46910357e+51,7.47933187e+51,-7.19284912e+51,3.88290731e+51,-1.41692908e+05,-1.34032333e+05,-1.52907641e+05,9.89689376e+03,6.30161857e+03,1.65123792e+04,0.00000000e+00,3.20841535e+09
9.20000000e+02,4.17383668e+00,2.91827704e+33,2.84672041e+37,1.79166949e+37,4.82091065e+37,-1.71976246e+46,2.05263581e+46,4.83731815e+45,6.60714561e+48,7.52159350e+51,7.53173731e+51,-7.23386130e+51,3.91480666e+51,-1.41435995e+05,-1.33845416e+05,-1.51884220e+05,9.75479835e+03,6.13947705e+03,1.65197155e+04,0.00000000e+00,3.26486442e+09
9.30000000e+02,4.21854531e+00,2.91828219e+33,2.80248647e+37,1.74702584e+37,4.80926280e+37,-1.71065084e+46,2.25017836e+46,5.74718059e+45,6.57976627e+48,7.57367390e+51,7.58373033e+51,-7.26663574e+51,3.95041245e+51,-1.41188506e+05,-1.33678473e+05,-1.50756233e+05,9.60320589e+03,5.98648699e+03,1.64797730e+04,0.00000000e+00,3.31032930e+09
9.40000000e+02,4.26329139e+00,2.91828735e+33,2.75847147e+37,1.70124112e+37,4.79219430e+37,-1.70484477e+46,2.47381381e+46,6.55099692e+45,6.54884494e+48,7.62523527e+51,7.63520388e+51,-7.29010470e+51,3.99015153e+51,-1.40948209e+05,-1.33516981e+05,-1.49543103e+05,9.45236416e+03,5.82958740e+03,1.64212558e+04,0.00000000e+00,3.34087194e+09
9.50000000e+02,4.30809722e+00,2.91829252e+33,2.71696866e+37,1.65736412e+37,4.76278027e+37,-1.70431420e+46,2.71715898e+46,7.26937094e+45,6.51456575e+48,7.67601872e+51,7.68589807e+51,-7.30411760e+51,4.03383927e+51,-1.40692587e+05,-1.33354227e+05,-1.48246954e+05,9.31013134e+03,5.67922546e+03,1.63204348e+04,0.00000000e+00,3.35843327e+09
9.60000000e+02,4.35295703e+00,2.91829770e+33,2.67949240e+37,1.61771797e+37,4.72396167e+37,-1.70465640e+46,2.97997066e+46,7.95271167e+45,6.47746314e+48,7.72597019e+51,7.73576022e+51,-7.30900667e+51,4.08125688e+51,-1.40394374e+05,-1.33183909e+05,-1.46886367e+05,9.18169657e+03,5.54336170e+03,1.61873878e+04,0.00000000e+00,3.36397165e+09
9.70000000e+02,4.39785342e+00,2.91830289e+33,2.64970577e+37,1.58587912e+37,4.68939918e+37,-1.71625823e+46,3.23700728e+46,8.76042862e+45,6.43762979e+48,7.77477358e+51,7.78447241e+51,-7.30520765e+51,4.13186858e+51,-1.40031265e+05,-1.33026719e+05,-1.45481917e+05,9.07961191e+03,5.43425127e+03,1.60689255e+04,0.00000000e+00,3.35890835e+09
9.80000000e+02,4.44285367e+00,2.91830811e+33,2.62161364e+37,1.55436180e+37,4.66015589e+37,-1.73471388e+46,3.47070367e+46,9.63166523e+45,6.39451814e+48,7.82240642e+51,7.83201149e+51,-7.29300939e+51,4.18550680e+51,-1.39623114e+05,-1.32869391e+05,-1.44041250e+05,8.98333399e+03,5.32624295e+03,1.59686905e+04,0.00000000e+00,3.34288549e+09
9.90000000e+02,4.48801483e+00,2.91831336e+33,2.59344125e+37,1.51960525e+37,4.63078553e+37,-1.74667384e+46,3.69762035e+46,1.04350525e+46,6.34563569e+48,7.86870507e+51,7.87821093e+51,-7.27258768e+51,4.24191709e+51,-1.39205366e+05,-1.32727158e+05,-1.42590860e+05,8.88678128e+03,5.20713529e+03,1.58680202e+04,0.00000000e+00,3.31649805e+09
1.00000000e+03,4.53333135e+00,2.91831864e+33,2.56427366e+37,1.48368326e+37,4.60340235e+37,-1.75671713e+46,3.91853412e+46,1.11478501e+46,6.29010006e+48,7.91385725e+51,7.92325574e+51,-7.24410199e+51,4.30120475e+51,-1.38764623e+05,-1.32632057e+05,-1.41146848e+05,8.78681863e+03,5.08403449e+03,1.57741594e+04,0.00000000e+00,3.27979020e+09
1.01000000e+03,4.57881225e+00,2.91832397e+33,2.53358081e+37,1.44887889e+37,4.57893954e+37,-1.76336493e+46,4.12848367e+46,1.18294256e+46,6.22766746e+48,7.95770095e+51,7.96698238e+51,-7.20808340e+51,4.36294068e+51,-1.38332223e+05,-1.32599399e+05,-1.39757732e+05,8.68162973e+03,4.96476371e+03,1.56903058e+04,0.00000000e+00,3.23155821e+09
1.02000000e+03,4.62447025e+00,2.91832933e+33,2.49844966e+37,1.41190967e+37,4.55000692e+37,-1.76764857e+46,4.33033280e+46,1.24124127e+46,6.15745736e+48,8.00016665e+51,8.00932080e+51,-7.16579111e+51,4.42642525e+51,-1.37930810e+05,-1.32631528e+05,-1.38414103e+05,8.56123275e+03,4.83807518e+03,1.55911359e+04,0.00000000e+00,3.17480651e+09
1.03000000e+03,4.67031667e+00,2.91833474e+33,2.46182654e+37,1.37430533e+37,4.51281420e+37,-1.75672351e+46,4.52020993e+46,1.27694483e+46,6.07748969e+48,8.04175321e+51,8.05076745e+51,-7.11899604e+51,4.49126943e+51,-1.37581009e+05,-1.32706334e+05,-1.37088151e+05,8.43572365e+03,4.70921074e+03,1.54636620e+04,0.00000000e+00,3.11173155e+09
1.04000000e+03,4.71635263e+00,2.91834019e+33,2.42291454e+37,1.33730483e+37,4.46777563e+37,-1.72265830e+46,4.69801806e+46,1.30612304e+46,5.98623040e+48,8.08239589e+51,8.09126036e+51,-7.06973905e+51,4.55639083e+51,-1.37298818e+05,-1.32770255e+05,-1.35776010e+05,8.30237182e+03,4.58241583e+03,1.53093037e+04,0.00000000e+00,3.04679418e+09
1.05000000e+03,4.76256637e+00,2.91834568e+33,2.38355434e+37,1.30053048e+37,4.41592546e+37,-1.67642368e+46,4.86114821e+46,1.32898636e+46,5.88345266e+48,8.12224076e+51,8.13094312e+51,-7.01988643e+51,4.62099990e+51,-1.37079072e+05,-1.32809796e+05,-1.34500299e+05,8.16748460e+03,4.45639626e+03,1.51316052e+04,0.00000000e+00,2.98259079e+09
1.06000000e+03,4.80894836e+00,2.91835122e+33,2.34488042e+37,1.26275566e+37,4.35796893e+37,-1.64337199e+46,5.01104986e+46,1.33377959e+46,5.77072137e+48,8.16152043e+51,8.17004975e+51,-6.97093533e+51,4.68458208e+51,-1.36883762e+05,-1.32844393e+05,-1.33269210e+05,8.03494935e+03,4.32694892e+03,1.49329831e+04,0.00000000e+00,2.92088199e+09
1.07000000e+03,4.85548577e+00,2.91835678e+33,2.31054054e+37,1.22819531e+37,4.30316703e+37,-1.62823634e+46,5.15295622e+46,1.32616055e+46,5.65086462e+48,8.20023237e+51,8.20858212e+51,-6.92401420e+51,4.74657502e+51,-1.36704651e+05,-1.32894371e+05,-1.32075287e+05,7.91726548e+03,4.20851663e+03,1.47451712e+04,0.00000000e+00,2.86306840e+09
1.08000000e+03,4.90216705e+00,2.91836239e+33,2.27869624e+37,1.19611019e+37,4.24961336e+37,-1.62047095e+46,5.27779406e+46,1.31229098e+46,5.52789256e+48,8.23857208e+51,8.24673799e+51,-6.87996706e+51,4.80675446e+51,-1.36548937e+05,-1.32961098e+05,-1.30945251e+05,7.80813325e+03,4.09856637e+03,1.45616370e+04,0.00000000e+00,2.80914380e+09
1.09000000e+03,4.94898834e+00,2.91836802e+33,2.24991018e+37,1.16595605e+37,4.20001587e+37,-1.60670809e+46,5.40359142e+46,1.30397980e+46,5.40656020e+48,8.27663106e+51,8.28461654e+51,-6.83959359e+51,4.86481975e+51,-1.36423957e+05,-1.33052665e+05,-1.29902592e+05,7.70948064e+03,3.99523308e+03,1.43916595e+04,0.00000000e+00,2.76012739e+09
1.10000000e+03,4.99593193e+00,2.91837369e+33,2.22250818e+37,1.13272421e+37,4.15215218e+37,-1.58126997e+46,5.53639493e+46,1.29686120e+46,5.29294906e+48,8.31447109e+51,8.32228454e+51,-6.80376416e+51,4.92040246e+51,-1.36322489e+05,-1.33192713e+05,-1.28958983e+05,7.61557091e+03,3.88135426e+03,1.42276234e+04,0.00000000e+00,2.71622762e+09
1.11000000e+03,5.04297949e+00,2.91837938e+33,2.19156188e+37,1.09883378e+37,4.10947317e+37,-1.54130370e+46,5.67114905e+46,1.29750613e+46,5.19208681e+48,8.35233491e+51,8.35999295e+51,-6.77347034e+51,4.97325778e+51,-1.36223270e+05,-1.33387474e+05,-1.28105782e+05,7.50951676e+03,3.76521913e+03,1.40813535e+04,0.00000000e+00,2.67884488e+09
1.12000000e+03,5.09010559e+00,2.91838508e+33,2.15824647e+37,1.06348756e+37,4.06304870e+37,-1.49378901e+46,5.79558456e+46,1.30837733e+46,5.10725249e+48,8.39047795e+51,8.39800102e+51,-6.74970759e+51,5.02314722e+51,-1.36128247e+05,-1.33616355e+05,-1.27320820e+05,7.39534506e+03,3.64409608e+03,1.39222501e+04,0.00000000e+00,2.64925282e+09
1.13000000e+03,5.13725808e+00,2.91839080e+33,2.12247187e+37,1.02606888e+37,4.01153214e+37,-1.44397473e+46,5.90423934e+46,1.32811294e+46,5.04094743e+48,8.42904776e+51,8.43645778e+51,-6.73330210e+51,5.06980673e+51,-1.36060999e+05,-1.33878324e+05,-1.26596805e+05,7.27274728e+03,3.51587212e+03,1.37456990e+04,0.00000000e+00,2.62917264e+09
1.14000000e+03,5.18427884e+00,2.91839648e+33,2.08402554e+37,9.87881996e+36,3.95435862e+37,-1.38274604e+46,6.00931710e+46,1.34368261e+46,4.99577658e+48,8.46807513e+51,8.47539687e+51,-6.72469771e+51,5.11304802e+51,-1.36036858e+05,-1.34163193e+05,-1.25929547e+05,7.14099525e+03,3.38501640e+03,1.35497649e+04,0.00000000e+00,2.61877170e+09
1.15000000e+03,5.23111223e+00,2.91840212e+33,2.04573549e+37,9.52802443e+36,3.89220524e+37,-1.30887522e+46,6.11438508e+46,1.34698491e+46,4.97295891e+48,8.50781185e+51,8.51507018e+51,-6.72395123e+51,5.15309457e+51,-1.36048338e+05,-1.34451560e+05,-1.25321186e+05,7.00977936e+03,3.26480863e+03,1.33367682e+04,0.00000000e+00,2.61742444e+09
1.16000000e+03,5.27773187e+00,2.91840771e+33,2.01002926e+37,9.21649224e+36,3.82817619e+37,-1.22380187e+46,6.22367117e+46,1.33476541e+46,4.97299231e+48,8.54834308e+51,8.55556406e+51,-6.73088400e+51,5.19012206e+51,-1.36088603e+05,-1.34727540e+05,-1.24771801e+05,6.88741759e+03,3.15805506e+03,1.31173454e+04,0.00000000e+00,2.62580979e+09
1.17000000e+03,5.32413496e+00,2.91841325e+33,1.97698429e+37,8.94064426e+36,3.76217768e+37,-1.13451772e+46,6.34194055e+46,1.30895676e+46,4.99526942e+48,8.58975083e+51,8.59696071e+51,-6.74502858e+51,5.22444642e+51,-1.36119603e+05,-1.34992746e+05,-1.24276187e+05,6.77417529e+03,3.06352922e+03,1.28911753e+04,0.00000000e+00,2.64238708e+09
1.18000000e+03,5.37029478e+00,2.91841873e+33,1.94772443e+37,8.68857508e+36,3.69771871e+37,-1.03998448e+46,6.46988304e+46,1.26739397e+46,5.03781586e+48,8.63206762e+51,8.63928984e+51,-6.76585394e+51,5.25636287e+51,-1.36126368e+05,-1.35266617e+05,-1.23823706e+05,6.67390326e+03,2.97715163e+03,1.26702816e+04,0.00000000e+00,2.66641519e+09
1.19000000e+03,5.41616933e+00,2.91842414e+33,1.92295128e+37,8.46818481e+36,3.63295948e+37,-9.41993634e+45,6.61025695e+46,1.20542028e+46,5.09763625e+48,8.67525556e+51,8.68250948e+51,-6.79293121e+51,5.28604388e+51,-1.36129048e+05,-1.35583049e+05,-1.23421640e+05,6.58900553e+03,2.90162924e+03,1.24483602e+04,0.00000000e+00,2.69751339e+09
1.20000000e+03,5.46175989e+00,2.91842949e+33,1.90437742e+37,8.30259572e+36,3.57622505e+37,-8.42018227e+45,6.76483399e+46,1.13365515e+46,5.17126576e+48,8.71938936e+51,8.72669188e+51,-6.82594849e+51,5.31371763e+51,-1.36138431e+05,-1.35962454e+05,-1.23091609e+05,6.52535011e+03,2.84488481e+03,1.22539368e+04,0.00000000e+00,2.73571682e+09
1.21000000e+03,5.50706846e+00,2.91843478e+33,1.88778231e+37,8.12200137e+36,3.52701436e+37,-7.45500902e+45,6.93210637e+46,1.04930241e+46,5.25533987e+48,8.76455808e+51,8.77191983e+51,-6.86455827e+51,5.33964070e+51,-1.36158568e+05,-1.36416285e+05,-1.22828490e+05,6.46847524e+03,2.78299911e+03,1.20852945e+04,0.00000000e+00,2.78120563e+09
1.22000000e+03,5.55210977e+00,2.91844000e+33,1.86674773e+37,7.92492085e+36,3.48068430e+37,-6.48947873e+45,7.11298083e+46,9.61153877e+45,5.34642133e+48,8.81090397e+51,8.81833544e+51,-6.90824512e+51,5.36421288e+51,-1.36184247e+05,-1.36925440e+05,-1.22606095e+05,6.39638893e+03,2.71546472e+03,1.19265234e+04,0.00000000e+00,2.83382077e+09
1.23000000e+03,5.59689948e+00,2.91844517e+33,1.84275816e+37,7.75862722e+36,3.43497153e+37,-5.42592752e+45,7.30771654e+46,8.68754993e+45,5.44094254e+48,8.85845980e+51,8.86596971e+51,-6.95624156e+51,5.38784892e+51,-1.36241120e+05,-1.37491984e+05,-1.22432814e+05,6.31417778e+03,2.65847970e+03,1.17698683e+04,0.00000000e+00,2.89285223e+09
1.24000000e+03,5.64145825e+00,2.91845028e+33,1.81542852e+37,7.49619277e+36,3.38799177e+37,-4.24940973e+45,7.50981579e+46,7.79466881e+45,5.53575933e+48,8.90711802e+51,8.91471067e+51,-7.00750405e+51,5.41095864e+51,-1.36324085e+05,-1.38114007e+05,-1.22312948e+05,6.22052234e+03,2.56855250e+03,1.16088726e+04,0.00000000e+00,2.95732983e+09
1.25000000e+03,5.68581259e+00,2.91845535e+33,1.78504885e+37,7.28495789e+36,3.34287888e+37,-2.94105983e+45,7.71403904e+46,7.06539284e+45,5.62759675e+48,8.95688532e+51,8.96456022e+51,-7.06072488e+51,5.43419778e+51,-1.36403931e+05,-1.38753344e+05,-1.22246987e+05,6.11641651e+03,2.49616904e+03,1.14542745e+04,0.00000000e+00,3.02566358e+09
1.26000000e+03,5.72999581e+00,2.91846039e+33,1.75353623e+37,7.11119858e+36,3.29005718e+37,-1.57859786e+45,7.91177567e+46,6.52481846e+45,5.71449567e+48,9.00779567e+51,9.01555039e+51,-7.11443638e+51,5.45833220e+51,-1.36465928e+05,-1.39411204e+05,-1.22233700e+05,6.00842908e+03,2.43662673e+03,1.12732631e+04,0.00000000e+00,3.09536988e+09
1.27000000e+03,5.77404330e+00,2.91846539e+33,1.71966454e+37,6.98935001e+36,3.23296741e+37,-1.65520325e+44,8.10425904e+46,6.01020227e+45,5.79525821e+48,9.05965710e+51,9.06748675e+51,-7.16718469e+51,5.48389441e+51,-1.36529442e+05,-1.40101037e+05,-1.22245484e+05,5.89235887e+03,2.39487165e+03,1.10776281e+04,0.00000000e+00,3.16467186e+09
1.28000000e+03,5.81798503e+00,2.91847037e+33,1.69169750e+37,6.83465853e+36,3.17788195e+37,1.25308865e+45,8.28348537e+46,5.57283581e+45,5.86854898e+48,9.11237495e+51,9.12027178e+51,-7.21771589e+51,5.51141383e+51,-1.36563969e+05,-1.40821058e+05,-1.22268706e+05,5.79652109e+03,2.34186326e+03,1.08888615e+04,0.00000000e+00,3.23160592e+09
1.29000000e+03,5.86184607e+00,2.91847533e+33,1.66460953e+37,6.76575682e+36,3.11347183e+37,2.69640695e+45,8.45827198e+46,5.16711998e+45,5.93380920e+48,9.16579624e+51,9.17375363e+51,-7.26488833e+51,5.54130946e+51,-1.36559200e+05,-1.41561098e+05,-1.22325800e+05,5.70369575e+03,2.31825048e+03,1.06681451e+04,0.00000000e+00,3.29608063e+09
1.30000000e+03,5.90565871e+00,2.91848027e+33,1.64122412e+37,6.71958405e+36,3.05757997e+37,4.09879450e+45,8.63291663e+46,4.75082154e+45,5.99171405e+48,9.21977424e+51,9.22778700e+51,-7.30752017e+51,5.57402692e+51,-1.36506273e+05,-1.42316499e+05,-1.22422857e+05,5.62355734e+03,2.30242572e+03,1.04766169e+04,0.00000000e+00,3.35439630e+09
1.31000000e+03,5.94944570e+00,2.91848522e+33,1.62506825e+37,6.64333924e+36,2.99948803e+37,5.37322939e+45,8.79356384e+46,4.39172009e+45,6.04159627e+48,9.27410675e+51,9.28216857e+51,-7.34456158e+51,5.60988777e+51,-1.36412571e+05,-1.43094808e+05,-1.22557588e+05,5.56819079e+03,2.27629703e+03,1.02775509e+04,0.00000000e+00,3.40703139e+09
1.32000000e+03,5.99322974e+00,2.91849016e+33,1.61038271e+37,6.52109498e+36,2.94689197e+37,6.49205525e+45,8.94342636e+46,4.30214993e+45,6.08410498e+48,9.32859078e+51,9.33669491e+51,-7.37481878e+51,5.64928552e+51,-1.36254396e+05,-1.43907694e+05,-1.22711500e+05,5.51786237e+03,2.23440705e+03,1.00973168e+04,0.00000000e+00,3.45128469e+09
1.33000000e+03,6.03703598e+00,2.91849511e+33,1.59154655e+37,6.43011308e+36,2.90061001e+37,7.51443097e+45,9.08458019e+46,4.47500195e+45,6.11939990e+48,9.38291895e+51,9.39105880e+51,-7.39710896e+51,5.69250432e+51,-1.36027271e+05,-1.44745173e+05,-1.22872249e+05,5.45331238e+03,2.20322901e+03,9.93871808e+03,0.00000000e+00,3.48525682e+09
1.34000000e+03,6.08089394e+00,2.91850007e+33,1.56828392e+37,6.33711409e+36,2.85239930e+37,8.44622271e+45,9.21668329e+46,4.83256281e+45,6.14766788e+48,9.43675147e+51,9.44492089e+51,-7.41029719e+51,5.73977230e+51,-1.35729610e+05,-1.45610952e+05,-1.23027585e+05,5.37359563e+03,2.17135992e+03,9.77351116e+03,0.00000000e+00,3.50664596e+09
1.35000000e+03,6.12483647e+00,2.91850505e+33,1.53878920e+37,6.23614922e+36,2.80069457e+37,9.36246076e+45,9.33618211e+46,5.28486247e+45,6.16996929e+48,9.48963082e+51,9.49782614e+51,-7.41358498e+51,5.79103365e+51,-1.35364266e+05,-1.46489306e+05,-1.23176409e+05,5.27252541e+03,2.13676150e+03,9.59633279e+03,0.00000000e+00,3.51309404e+09
1.36000000e+03,6.16890841e+00,2.91851006e+33,1.50459874e+37,6.15476775e+36,2.74325060e+37,1.01613909e+46,9.43977676e+46,5.70119529e+45,6.18543846e+48,9.54141100e+51,9.54962812e+51,-7.40676272e+51,5.84624676e+51,-1.34920469e+05,-1.47360415e+05,-1.23287937e+05,5.15536597e+03,2.10887324e+03,9.39948995e+03,0.00000000e+00,3.50510161e+09
1.37000000e+03,6.21314497e+00,2.91851510e+33,1.46997262e+37,6.10081377e+36,2.68021315e+37,1.09023270e+46,9.51806069e+46,5.96553465e+45,6.19265096e+48,9.59197995e+51,9.60020959e+51,-7.39010152e+51,5.90515882e+51,-1.34382935e+05,-1.48210470e+05,-1.23324543e+05,5.03671412e+03,2.09038280e+03,9.18348222e+03,0.00000000e+00,3.48283005e+09
1.38000000e+03,6.25756552e+00,2.91852019e+33,1.43680649e+37,6.06247717e+36,2.61407681e+37,1.16863480e+46,9.57267002e+46,6.28837507e+45,6.18990816e+48,9.64127131e+51,9.64950277e+51,-7.36434103e+51,5.96733226e+51,-1.33779290e+05,-1.49044184e+05,-1.23310564e+05,4.92306511e+03,2.07724353e+03,8.95685706e+03,0.00000000e+00,3.44738751e+09
1.39000000e+03,6.30214270e+00,2.91852531e+33,1.40260118e+37,6.02570660e+36,2.54542533e+37,1.26237151e+46,9.62003271e+46,6.64071590e+45,6.17543812e+48,9.68931196e+51,9.69753220e+51,-7.33064703e+51,6.03220868e+51,-1.33128978e+05,-1.49877874e+05,-1.23228174e+05,4.80585582e+03,2.06464086e+03,8.72161472e+03,0.00000000e+00,3.40146376e+09
1.40000000e+03,6.34680265e+00,2.91853044e+33,1.37201870e+37,6.03158906e+36,2.48185161e+37,1.37010588e+46,9.64488341e+46,7.03605908e+45,6.14718529e+48,9.73590361e+51,9.74409688e+51,-7.29032057e+51,6.09893660e+51,-1.32446882e+05,-1.50721176e+05,-1.23076393e+05,4.70106009e+03,2.06665278e+03,8.50377152e+03,0.00000000e+00,3.34744285e+09
1.41000000e+03,6.39156331e+00,2.91853561e+33,1.33918082e+37,6.06984030e+36,2.41969963e+37,1.47045202e+46,9.64877711e+46,7.44401132e+45,6.10499012e+48,9.78102991e+51,9.78917664e+51,-7.24449111e+51,6.16693108e+51,-1.31726645e+05,-1.51557979e+05,-1.22858210e+05,4.58853687e+03,2.07975544e+03,8.29080044e+03,0.00000000e+00,3.28654474e+09
1.42000000e+03,6.43644936e+00,2.91854080e+33,1.30538628e+37,6.14738746e+36,2.36152534e+37,1.56927295e+46,9.65670938e+46,7.83394763e+45,6.04886037e+48,9.82479221e+51,9.83287300e+51,-7.19429944e+51,6.23572328e+51,-1.30989742e+05,-1.52383046e+05,-1.22567103e+05,4.47273612e+03,2.10632226e+03,8.09145905e+03,0.00000000e+00,3.22013426e+09
1.43000000e+03,6.48148196e+00,2.91854602e+33,1.26852971e+37,6.26648232e+36,2.30197160e+37,1.66535119e+46,9.64322947e+46,8.23761985e+45,5.97856017e+48,9.86727005e+51,9.87526893e+51,-7.14102141e+51,6.30475823e+51,-1.30264277e+05,-1.53162440e+05,-1.22219468e+05,4.34644408e+03,2.14712473e+03,7.88739180e+03,0.00000000e+00,3.14990903e+09
1.44000000e+03,6.52667398e+00,2.91855128e+33,1.22518306e+37,6.41190320e+36,2.24430009e+37,1.74958355e+46,9.61398425e+46,8.60064547e+45,5.89443640e+48,9.90849926e+51,9.91640007e+51,-7.08610137e+51,6.37334938e+51,-1.29542077e+05,-1.53869966e+05,-1.21850807e+05,4.19791513e+03,2.19694725e+03,7.68977440e+03,0.00000000e+00,3.07791736e+09
1.45000000e+03,6.57202878e+00,2.91855658e+33,1.17729666e+37,6.54539423e+36,2.18390150e+37,1.82262709e+46,9.57640198e+46,8.97180798e+45,5.79830234e+48,9.94871611e+51,9.95650367e+51,-7.03113933e+51,6.44093400e+51,-1.28828489e+05,-1.54477723e+05,-1.21456148e+05,4.03383191e+03,2.24268198e+03,7.48281365e+03,0.00000000e+00,3.00614913e+09
1.46000000e+03,6.61754005e+00,2.91856191e+33,1.12130482e+37,6.68447957e+36,2.12314232e+37,1.87233510e+46,9.54502992e+46,9.39396345e+45,5.69250536e+48,9.98804788e+51,9.99571138e+51,-6.97777130e+51,6.50682573e+51,-1.28141980e+05,-1.54984919e+05,-1.21049411e+05,3.84197716e+03,2.29033332e+03,7.27461807e+03,0.00000000e+00,2.93750546e+09
1.47000000e+03,6.66319817e+00,2.91856727e+33,1.06339734e+37,6.84413215e+36,2.05869660e+37,1.90102555e+46,9.50405632e+46,9.82999712e+45,5.58164468e+48,1.00266753e+52,1.00342087e+52,-6.92741561e+51,6.57050094e+51,-1.27474490e+05,-1.55414889e+05,-1.20633431e+05,3.64355945e+03,2.34503149e+03,7.05379184e+03,0.00000000e+00,2.87387179e+09
1.48000000e+03,6.70898656e+00,2.91857267e+33,1.00722460e+37,7.01322544e+36,1.98728018e+37,1.91412925e+46,9.45229356e+46,1.02858767e+46,5.47031482e+48,1.00648047e+52,1.00722083e+52,-6.88123124e+51,6.63159266e+51,-1.26823625e+05,-1.55800073e+05,-1.20190462e+05,3.45108625e+03,2.40296413e+03,6.80908241e+03,0.00000000e+00,2.81626652e+09
1.49000000e+03,6.75488382e+00,2.91857809e+33,9.50395448e+36,7.19952973e+36,1.91314024e+37,1.90342161e+46,9.38061184e+46,1.08838087e+46,5.36310840e+48,1.01026987e+52,1.01099778e+52,-6.84016966e+51,6.68989297e+51,-1.26194137e+05,-1.56177842e+05,-1.19731757e+05,3.25636463e+03,2.46679359e+03,6.55504215e+03,0.00000000e+00,2.76571474e+09
1.50000000e+03,6.80087052e+00,2.91858353e+33,8.91164490e+36,7.41814888e+36,1.83718264e+37,1.87623478e+46,9.29859323e+46,1.16256330e+46,5.26448096e+48,1.01404971e+52,1.01476638e+52,-6.80496164e+51,6.74518302e+51,-1.25568049e+05,-1.56565062e+05,-1.19250198e+05,3.05341437e+03,2.54169490e+03,6.29477491e+03,0.00000000e+00,2.72268338e+09
1.51000000e+03,6.84692431e+00,2.91858899e+33,8.34766687e+36,7.67902303e+36,1.76575800e+37,1.83570191e+46,9.20082860e+46,1.25138154e+46,5.17888803e+48,1.01783883e+52,1.01854585e+52,-6.77617162e+51,6.79737266e+51,-1.24951308e+05,-1.56974364e+05,-1.18722279e+05,2.86017212e+03,2.63107380e+03,6.05003996e+03,0.00000000e+00,2.68788020e+09
1.52000000e+03,6.89303004e+00,2.91859446e+33,7.80120020e+36,7.90746477e+36,1.69139937e+37,1.78467594e+46,9.08531474e+46,1.34883376e+46,5.11035103e+48,1.02164889e+52,1.02234821e+52,-6.75420033e+51,6.84638192e+51,-1.24355484e+05,-1.57409407e+05,-1.18136486e+05,2.67293052e+03,2.70934002e+03,5.79525312e+03,0.00000000e+00,2.66093746e+09
1.53000000e+03,6.93916885e+00,2.91859994e+33,7.25157518e+36,8.11968929e+36,1.61592734e+37,1.72863821e+46,8.96178445e+46,1.45673228e+46,5.06102042e+48,1.02550035e+52,1.02619418e+52,-6.73938428e+51,6.89224971e+51,-1.23783277e+05,-1.57875198e+05,-1.17527224e+05,2.48460746e+03,2.78204943e+03,5.53665240e+03,0.00000000e+00,2.64266214e+09
1.54000000e+03,6.98529769e+00,2.91860542e+33,6.67874113e+36,8.34609056e+36,1.54126426e+37,1.65859651e+46,8.83289383e+46,1.56988130e+46,5.03326017e+48,1.02939555e+52,1.03008647e+52,-6.73194607e+51,6.93489163e+51,-1.23234706e+05,-1.58374863e+05,-1.16916296e+05,2.28833301e+03,2.85961594e+03,5.28082438e+03,0.00000000e+00,2.63302223e+09
1.55000000e+03,7.03137665e+00,2.91861088e+33,6.07088778e+36,8.58548058e+36,1.46532314e+37,1.58160624e+46,8.70676316e+46,1.68481128e+46,5.02831745e+48,1.03334493e+52,1.03403550e+52,-6.73205216e+51,6.97432892e+51,-1.22696497e+05,-1.58910298e+05,-1.16316539e+05,2.08006070e+03,2.94163249e+03,5.02061838e+03,0.00000000e+00,2.63157268e+09
1.56000000e+03,7.07738665e+00,2.91861633e+33,5.43845853e+36,8.84894405e+36,1.38826231e+37,1.49015689e+46,8.57127744e+46,1.80626406e+46,5.04609206e+48,1.03736825e+52,1.03806103e+52,-6.73987667e+51,7.01067196e+51,-1.22179430e+05,-1.59464234e+05,-1.15737603e+05,1.86336877e+03,3.03189699e+03,4.75657694e+03,0.00000000e+00,2.63954157e+09
1.57000000e+03,7.12331496e+00,2.91862176e+33,4.76205317e+36,9.15518234e+36,1.31050210e+37,1.37965269e+46,8.42949117e+46,1.94448290e+46,5.08511963e+48,1.04147973e+52,1.04217710e+52,-6.75536400e+51,7.04408898e+51,-1.21678840e+05,-1.60011256e+05,-1.15192278e+05,1.63161025e+03,3.13681700e+03,4.49014024e+03,0.00000000e+00,2.65711628e+09
1.58000000e+03,7.16915865e+00,2.91862717e+33,4.00094959e+36,9.48861738e+36,1.23371999e+37,1.25432488e+46,8.28653895e+46,2.09052030e+46,5.14331706e+48,1.04568514e+52,1.04638928e+52,-6.77813819e+51,7.07482371e+51,-1.21180882e+05,-1.60523988e+05,-1.14695259e+05,1.37083271e+03,3.25105498e+03,4.22705580e+03,0.00000000e+00,2.68344641e+09
1.59000000e+03,7.21491445e+00,2.91863255e+33,3.17433031e+36,9.81745876e+36,1.14401270e+37,1.11473363e+46,8.14465496e+46,2.24107177e+46,5.21832355e+48,1.04998944e+52,1.05070259e+52,-6.80765822e+51,7.10319682e+51,-1.20668038e+05,-1.61003085e+05,-1.14249085e+05,1.08760875e+03,3.36371865e+03,3.91968730e+03,0.00000000e+00,2.71791492e+09
1.60000000e+03,7.26056441e+00,2.91863792e+33,2.44913964e+36,1.02177746e+37,1.05601416e+37,9.66748055e+45,8.00072804e+46,2.39096795e+46,5.30698949e+48,1.05439511e+52,1.05511901e+52,-6.84329399e+51,7.12954313e+51,-1.20128072e+05,-1.61450179e+05,-1.13854535e+05,8.39137883e+02,3.50087091e+03,3.61817461e+03,0.00000000e+00,2.76009085e+09
1.61000000e+03,7.30608197e+00,2.91864325e+33,1.72993855e+36,1.05515575e+37,9.62478165e+36,8.17298046e+45,7.86415764e+46,2.53234537e+46,5.40484388e+48,1.05890884e+52,1.05964474e+52,-6.88429977e+51,7.15429751e+51,-1.19541377e+05,-1.61853519e+05,-1.13508532e+05,5.92720109e+02,3.61522688e+03,3.29769033e+03,0.00000000e+00,2.80929748e+09
1.62000000e+03,7.35146024e+00,2.91864856e+33,9.60837240e+35,1.09607344e+37,8.69020914e+36,6.70847287e+45,7.72539761e+46,2.66067087e+46,5.50757372e+48,1.06353656e+52,1.06428497e+52,-6.92982217e+51,7.17793866e+51,-1.18912951e+05,-1.62211001e+05,-1.13198027e+05,3.29206214e+02,3.75541427e+03,2.97747706e+03,0.00000000e+00,2.86458277e+09
1.63000000e+03,7.39665035e+00,2.91865382e+33,2.15455752e+35,1.14148468e+37,7.69458654e+36,5.23660508e+45,7.58784686e+46,2.78042855e+46,5.61041846e+48,1.06827333e+52,1.06903456e+52,-6.97888324e+51,7.20090393e+51,-1.18254568e+05,-1.62526408e+05,-1.12927589e+05,7.38202491e+01,3.91099715e+03,2.63634779e+03,0.00000000e+00,2.92498370e+09
1.64000000e+03,7.44166898e+00,2.91865904e+33,-5.46874798e+35,1.17704812e+37,6.60167431e+36,3.84686597e+45,7.44702140e+46,2.90310722e+46,5.70917729e+48,1.07311617e+52,1.07389010e+52,-7.03049221e+51,7.22365487e+51,-1.17609640e+05,-1.62780437e+05,-1.12699676e+05,-1.87371937e+02,4.03283873e+03,2.26188610e+03,0.00000000e+00,2.98967394e+09
1.65000000e+03,7.48652083e+00,2.91866422e+33,-1.33426544e+36,1.21525203e+37,5.63490284e+36,2.49119130e+45,7.30773316e+46,3.02779486e+46,5.79984520e+48,1.07806270e+52,1.07884863e+52,-7.08349202e+51,7.24674031e+51,-1.17000956e+05,-1.62959734e+05,-1.12522888e+05,-4.57149347e+02,4.16372677e+03,1.93064443e+03,0.00000000e+00,3.05730460e+09
1.66000000e+03,7.53119982e+00,2.91866937e+33,-2.11496805e+36,1.26027634e+37,4.72549887e+36,1.07462753e+45,7.16025192e+46,3.15551492e+46,5.88076843e+48,1.08310082e+52,1.08389779e+52,-7.13657552e+51,7.27069017e+51,-1.16428005e+05,-1.63073172e+05,-1.12384976e+05,-7.24634339e+02,4.31798257e+03,1.61905933e+03,0.00000000e+00,3.12643439e+09
1.67000000e+03,7.57573780e+00,2.91867448e+33,-2.87094682e+36,1.30377921e+37,3.85504124e+36,-3.99015676e+44,7.00318575e+46,3.26727657e+46,5.95080568e+48,1.08822064e+52,1.08902747e+52,-7.18837841e+51,7.29608551e+51,-1.15901696e+05,-1.63158504e+05,-1.12302966e+05,-9.83647488e+02,4.46702508e+03,1.32081918e+03,0.00000000e+00,3.19483204e+09
1.68000000e+03,7.62015882e+00,2.91867956e+33,-3.69602701e+36,1.34606328e+37,3.00401682e+36,-1.84097232e+45,6.84666097e+46,3.34561802e+46,6.00916410e+48,1.09340564e+52,1.09422101e+52,-7.23751035e+51,7.32345488e+51,-1.15433399e+05,-1.63197049e+05,-1.12279978e+05,-1.26633532e+03,4.61189127e+03,1.02923831e+03,0.00000000e+00,3.26128074e+09
1.69000000e+03,7.66448865e+00,2.91868463e+33,-4.54650547e+36,1.38568004e+37,2.02307254e+36,-3.25030625e+45,6.69975944e+46,3.39715657e+46,6.05685645e+48,1.09863342e+52,1.09945608e+52,-7.28241340e+51,7.35335409e+51,-1.15014742e+05,-1.63189289e+05,-1.12298965e+05,-1.55772413e+03,4.74761824e+03,6.93145303e+02,0.00000000e+00,3.32340307e+09
1.70000000e+03,7.70873757e+00,2.91868968e+33,-5.46729376e+36,1.43058411e+37,1.01371950e+36,-4.74455403e+45,6.55735224e+46,3.43205971e+46,6.09604580e+48,1.10388583e+52,1.10471470e+52,-7.32154073e+51,7.38637667e+51,-1.14662781e+05,-1.63135961e+05,-1.12353438e+05,-1.87320146e+03,4.90146015e+03,3.47320070e+02,0.00000000e+00,3.37717654e+09
1.71000000e+03,7.75280197e+00,2.91869469e+33,-6.41985397e+36,1.47150794e+37,-1.60044308e+35,-6.32362233e+45,6.43065052e+46,3.45755727e+46,6.12741836e+48,1.10912217e+52,1.10995629e+52,-7.35358036e+51,7.42277269e+51,-1.14384250e+05,-1.63020250e+05,-1.12396592e+05,-2.19956339e+03,5.04166452e+03,-5.48342067e+01,0.00000000e+00,3.42243557e+09
1.72000000e+03,7.79671462e+00,2.91869966e+33,-7.29059865e+36,1.50933096e+37,-1.38306257e+36,-7.94450763e+45,6.32701297e+46,3.45581194e+46,6.15189484e+48,1.11432768e+52,1.11516617e+52,-7.37762243e+51,7.46285053e+51,-1.14168775e+05,-1.62844640e+05,-1.12422248e+05,-2.49789273e+03,5.17124453e+03,-4.73862588e+02,0.00000000e+00,3.45579799e+09
1.73000000e+03,7.84052614e+00,2.91870461e+33,-8.20094207e+36,1.54948603e+37,-2.57418231e+36,-9.58208481e+45,6.25098918e+46,3.41524954e+46,6.16950192e+48,1.11947312e+52,1.12031494e+52,-7.39307103e+51,7.50661386e+51,-1.14013401e+05,-1.62634980e+05,-1.12458469e+05,-2.80978830e+03,5.30881414e+03,-8.81960544e+02,0.00000000e+00,3.47824540e+09
1.74000000e+03,7.88428811e+00,2.91870955e+33,-9.05331467e+36,1.59220181e+37,-3.73473522e+36,-1.12321571e+46,6.20072366e+46,3.35727933e+46,6.18104372e+48,1.12454813e+52,1.12539222e+52,-7.39947694e+51,7.55418377e+51,-1.13917975e+05,-1.62390537e+05,-1.12526682e+05,-3.10182103e+03,5.45515675e+03,-1.27958441e+03,0.00000000e+00,3.48791497e+09
1.75000000e+03,7.92802330e+00,2.91871448e+33,-9.91405155e+36,1.63177616e+37,-4.89834155e+36,-1.28360408e+46,6.16370254e+46,3.28534089e+46,6.18618412e+48,1.12952329e+52,1.13036879e+52,-7.39666353e+51,7.60535611e+51,-1.13875473e+05,-1.62122139e+05,-1.12626667e+05,-3.39671852e+03,5.59073582e+03,-1.67825307e+03,0.00000000e+00,3.48515664e+09
1.76000000e+03,7.97171631e+00,2.91871941e+33,-1.08068502e+37,1.66817742e+37,-6.06025089e+36,-1.43963321e+46,6.15010453e+46,3.19197655e+46,6.18495974e+48,1.13437944e+52,1.13522524e+52,-7.38464034e+51,7.65993220e+51,-1.13892355e+05,-1.61815502e+05,-1.12778101e+05,-3.70259992e+03,5.71544294e+03,-2.07633898e+03,0.00000000e+00,3.46930644e+09
1.77000000e+03,8.01539452e+00,2.91872433e+33,-1.17334302e+37,1.70182739e+37,-7.23585436e+36,-1.58046554e+46,6.18179715e+46,3.08033591e+46,6.17706755e+48,1.13910420e+52,1.13994909e+52,-7.36374597e+51,7.71761789e+51,-1.13953635e+05,-1.61479829e+05,-1.12985049e+05,-4.02005427e+03,5.83072328e+03,-2.47911537e+03,0.00000000e+00,3.44123897e+09
1.78000000e+03,8.05904938e+00,2.91872925e+33,-1.26657216e+37,1.74178625e+37,-8.34740660e+36,-1.72386030e+46,6.23578264e+46,2.95677056e+46,6.16124658e+48,1.14368792e+52,1.14453061e+52,-7.33468503e+51,7.77796363e+51,-1.14052010e+05,-1.61118515e+05,-1.13254818e+05,-4.33946439e+03,5.96761845e+03,-2.85994551e+03,0.00000000e+00,3.40144688e+09
1.79000000e+03,8.10274096e+00,2.91873417e+33,-1.35950785e+37,1.78533569e+37,-9.35490966e+36,-1.86106924e+46,6.31739034e+46,2.82692611e+46,6.13580483e+48,1.14812800e+52,1.14896714e+52,-7.29848753e+51,7.84042768e+51,-1.14203098e+05,-1.60742532e+05,-1.13587645e+05,-4.65786802e+03,6.11681497e+03,-3.20512562e+03,0.00000000e+00,3.35168315e+09
1.80000000e+03,8.14652443e+00,2.91873912e+33,-1.45252210e+37,1.82876500e+37,-1.03434002e+37,-1.99783430e+46,6.41198053e+46,2.67894472e+46,6.09855923e+48,1.15243611e+52,1.15327017e+52,-7.25641785e+51,7.90449274e+51,-1.14398197e+05,-1.60350717e+05,-1.13969568e+05,-4.97653968e+03,6.26559936e+03,-3.54379059e+03,0.00000000e+00,3.29447593e+09
1.81000000e+03,8.19045046e+00,2.91874409e+33,-1.54316825e+37,1.87851040e+37,-1.12648781e+37,-2.14273343e+46,6.51207081e+46,2.53360693e+46,6.04910724e+48,1.15662566e+52,1.15745315e+52,-7.20979023e+51,7.96963640e+51,-1.14645387e+05,-1.59944823e+05,-1.14390733e+05,-5.28709678e+03,6.43602295e+03,-3.85949495e+03,0.00000000e+00,3.23166293e+09
1.82000000e+03,8.23455457e+00,2.91874911e+33,-1.63504214e+37,1.92788424e+37,-1.22511195e+37,-2.28110612e+46,6.61552705e+46,2.40967934e+46,5.98645776e+48,1.16069676e+52,1.16151598e+52,-7.15997115e+51,8.03517419e+51,-1.14951261e+05,-1.59565454e+05,-1.14814620e+05,-5.60185916e+03,6.60517285e+03,-4.19738699e+03,0.00000000e+00,3.16539676e+09
1.83000000e+03,8.27885921e+00,2.91875417e+33,-1.72726727e+37,1.97740494e+37,-1.32784998e+37,-2.40030150e+46,6.72342208e+46,2.30248380e+46,5.90958834e+48,1.16466144e+52,1.16547076e+52,-7.10833398e+51,8.10054056e+51,-1.15325156e+05,-1.59246727e+05,-1.15220621e+05,-5.91782375e+03,6.77482524e+03,-4.54937244e+03,0.00000000e+00,3.09776126e+09
1.84000000e+03,8.32338615e+00,2.91875928e+33,-1.82015360e+37,2.02845409e+37,-1.42705756e+37,-2.49843217e+46,6.83353530e+46,2.19885787e+46,5.81953644e+48,1.16853919e+52,1.16933717e+52,-7.05618420e+51,8.16527959e+51,-1.15762613e+05,-1.58972072e+05,-1.15591023e+05,-6.23605245e+03,6.94971354e+03,-4.88926088e+03,0.00000000e+00,3.03038020e+09
1.85000000e+03,8.36814877e+00,2.91876444e+33,-1.91456722e+37,2.07422847e+37,-1.52376000e+37,-2.59848455e+46,6.93847798e+46,2.09836215e+46,5.71887097e+48,1.17233539e+52,1.17312099e+52,-7.00475614e+51,8.22883179e+51,-1.16248469e+05,-1.58741553e+05,-1.15913265e+05,-6.55951263e+03,7.10652917e+03,-5.22056518e+03,0.00000000e+00,2.96471370e+09
1.86000000e+03,8.41315995e+00,2.91876966e+33,-2.00483582e+37,2.12285983e+37,-1.60596447e+37,-2.68073055e+46,7.03870600e+46,2.01267723e+46,5.61117978e+48,1.17606467e+52,1.17683706e+52,-6.95520404e+51,8.29076859e+51,-1.16771980e+05,-1.58561931e+05,-1.16189257e+05,-6.86877023e+03,7.27313242e+03,-5.50219665e+03,0.00000000e+00,2.90234724e+09
1.87000000e+03,8.45842599e+00,2.91877494e+33,-2.09269081e+37,2.17115619e+37,-1.68593920e+37,-2.73410775e+46,7.13159762e+46,1.93549778e+46,5.50102082e+48,1.17974387e+52,1.18050292e+52,-6.90862683e+51,8.35071576e+51,-1.17329839e+05,-1.58444307e+05,-1.16421630e+05,-7.16975737e+03,7.43858721e+03,-5.77618774e+03,0.00000000e+00,2.84409645e+09
1.88000000e+03,8.50394118e+00,2.91878028e+33,-2.17950486e+37,2.21423485e+37,-1.76721919e+37,-2.76331757e+46,7.21688546e+46,1.84720526e+46,5.39280703e+48,1.18339126e+52,1.18413738e+52,-6.86608853e+51,8.40832956e+51,-1.17931510e+05,-1.58378189e+05,-1.16621875e+05,-7.46717688e+03,7.58616490e+03,-6.05464962e+03,0.00000000e+00,2.79129647e+09
1.89000000e+03,8.54969238e+00,2.91878567e+33,-2.26434794e+37,2.25059094e+37,-1.85377983e+37,-2.78338759e+46,7.29292287e+46,1.76008390e+46,5.29051166e+48,1.18702647e+52,1.18776055e+52,-6.82858683e+51,8.46331212e+51,-1.18576590e+05,-1.58362828e+05,-1.16798196e+05,-7.75784246e+03,7.71070985e+03,-6.35120234e+03,0.00000000e+00,2.74519217e+09
1.90000000e+03,8.59559183e+00,2.91879109e+33,-2.35086189e+37,2.28861657e+37,-1.94706264e+37,-2.80535055e+46,7.35527320e+46,1.68035121e+46,5.19926394e+48,1.19066256e+52,1.19138575e+52,-6.79704844e+51,8.51533330e+51,-1.19270502e+05,-1.58391928e+05,-1.16967926e+05,-8.05423143e+03,7.84097423e+03,-6.67078450e+03,0.00000000e+00,2.70662665e+09
1.91000000e+03,8.64157720e+00,2.91879653e+33,-2.43633984e+37,2.33410647e+37,-2.03819790e+37,-2.82756205e+46,7.40263238e+46,1.58676584e+46,5.12327648e+48,1.19431080e+52,1.19502483e+52,-6.77216971e+51,8.56416348e+51,-1.20011236e+05,-1.58450157e+05,-1.17151997e+05,-8.34706980e+03,7.99681115e+03,-6.98300780e+03,0.00000000e+00,2.67670457e+09
1.92000000e+03,8.68765571e+00,2.91880200e+33,-2.52292393e+37,2.37771827e+37,-2.13080756e+37,-2.85141649e+46,7.44989475e+46,1.48284518e+46,5.06534132e+48,1.19798463e+52,1.19869136e+52,-6.75437631e+51,8.60972541e+51,-1.20793071e+05,-1.58514777e+05,-1.17363466e+05,-8.64369675e+03,8.14621295e+03,-7.30028128e+03,0.00000000e+00,2.65520275e+09
1.93000000e+03,8.73382036e+00,2.91880748e+33,-2.60910797e+37,2.41933644e+37,-2.22648426e+37,-2.86633548e+46,7.50085754e+46,1.37733169e+46,5.02721225e+48,1.20169481e+52,1.20239641e+52,-6.74389669e+51,8.65201576e+51,-1.21599899e+05,-1.58554406e+05,-1.17577135e+05,-8.93895190e+03,8.28878389e+03,-7.62806137e+03,0.00000000e+00,2.64299183e+09
1.94000000e+03,8.78005594e+00,2.91881299e+33,-2.69258066e+37,2.45886398e+37,-2.32371322e+37,-2.88201298e+46,7.56523795e+46,1.27430732e+46,5.01053321e+48,1.20545455e+52,1.20615340e+52,-6.74076465e+51,8.69115163e+51,-1.22415244e+05,-1.58566568e+05,-1.17795839e+05,-9.22491669e+03,8.42419160e+03,-7.96115830e+03,0.00000000e+00,2.63872578e+09
1.95000000e+03,8.82632992e+00,2.91881850e+33,-2.77265348e+37,2.49615542e+37,-2.42023456e+37,-2.88741859e+46,7.63349946e+46,1.16552673e+46,5.01511947e+48,1.20927498e+52,1.20997349e+52,-6.74503884e+51,8.72721544e+51,-1.23251734e+05,-1.58564188e+05,-1.18026540e+05,-9.49923223e+03,8.55193779e+03,-8.29182959e+03,0.00000000e+00,2.64281832e+09
1.96000000e+03,8.87259770e+00,2.91882401e+33,-2.84591983e+37,2.53228550e+37,-2.51316739e+37,-2.89220004e+46,7.70026768e+46,1.03986321e+46,5.04027624e+48,1.21316444e+52,1.21386497e+52,-6.75674605e+51,8.76027663e+51,-1.24115043e+05,-1.58534590e+05,-1.18272639e+05,-9.75022756e+03,8.67570465e+03,-8.61020529e+03,0.00000000e+00,2.65612922e+09
1.97000000e+03,8.91881559e+00,2.91882950e+33,-2.91681277e+37,2.57111405e+37,-2.59760822e+37,-2.90579821e+46,7.76158184e+46,9.14231427e+45,5.08441001e+48,1.21713303e+52,1.21783758e+52,-6.77571177e+51,8.79051994e+51,-1.25001066e+05,-1.58480427e+05,-1.18566140e+05,-9.99309059e+03,8.80871611e+03,-8.89948596e+03,0.00000000e+00,2.67795068e+09
1.98000000e+03,8.96493816e+00,2.91883498e+33,-2.99110564e+37,2.60877933e+37,-2.69035606e+37,-2.92968144e+46,7.80651119e+46,7.94605187e+45,5.14546053e+48,1.22119259e+52,1.22190289e+52,-6.80161864e+51,8.81821955e+51,-1.25895824e+05,-1.58418965e+05,-1.18933966e+05,-1.02476011e+04,8.93774177e+03,-9.21722563e+03,0.00000000e+00,2.70809879e+09
1.99000000e+03,9.01092031e+00,2.91884042e+33,-3.05712243e+37,2.65153035e+37,-2.77728677e+37,-2.95320941e+46,7.84016735e+46,6.76681438e+45,5.22071147e+48,1.22534546e+52,1.22606275e+52,-6.83404812e+51,8.84360344e+51,-1.26795017e+05,-1.58343961e+05,-1.19372830e+05,-1.04737566e+04,9.08419087e+03,-9.51503463e+03,0.00000000e+00,2.74622303e+09
2.00000000e+03,9.05672984e+00,2.91884583e+33,-3.11942985e+37,2.70057345e+37,-2.85795911e+37,-2.98442544e+46,7.86928146e+46,5.59126540e+45,5.30669477e+48,1.22959438e+52,1.23031954e+52,-6.87245266e+51,8.86696911e+51,-1.27706641e+05,-1.58254596e+05,-1.19857971e+05,-1.06872032e+04,9.25219628e+03,-9.79140140e+03,0.00000000e+00,2.79209422e+09
2.01000000e+03,9.10234466e+00,2.91885118e+33,-3.18384250e+37,2.74451554e+37,-2.93973618e+37,-3.03276094e+46,7.90156433e+46,4.42377465e+45,5.39934669e+48,1.23394561e+52,1.23467938e+52,-6.91607801e+51,8.88875477e+51,-1.28649605e+05,-1.58185999e+05,-1.20367063e+05,-1.09078617e+04,9.40272512e+03,-1.00715521e+04,0.00000000e+00,2.84514563e+09
2.02000000e+03,9.14775052e+00,2.91885650e+33,-3.24785796e+37,2.77998671e+37,-3.02986081e+37,-3.08715013e+46,7.94983121e+46,3.32704334e+45,5.49425261e+48,1.23839987e+52,1.23914263e+52,-6.96394975e+51,8.90945141e+51,-1.29644357e+05,-1.58163690e+05,-1.20913925e+05,-1.11271588e+04,9.52423224e+03,-1.03803007e+04,0.00000000e+00,2.90415937e+09
2.03000000e+03,9.19294832e+00,2.91886176e+33,-3.30984881e+37,2.80836241e+37,-3.12772635e+37,-3.14061021e+46,8.01767457e+46,2.24761890e+45,5.58732066e+48,1.24295676e+52,1.24370831e+52,-7.01495717e+51,8.92960455e+51,-1.30674521e+05,-1.58167478e+05,-1.21504814e+05,-1.13395189e+04,9.62143002e+03,-1.07155686e+04,0.00000000e+00,2.96798118e+09
2.04000000e+03,9.23789860e+00,2.91886697e+33,-3.36486602e+37,2.83967424e+37,-3.22466836e+37,-3.18596520e+46,8.09144420e+46,1.12435140e+45,5.67570822e+48,1.24760497e+52,1.24836504e+52,-7.06784644e+51,8.94972718e+51,-1.31728723e+05,-1.58157153e+05,-1.22133905e+05,-1.15279869e+04,9.72868675e+03,-1.10476716e+04,0.00000000e+00,3.03499678e+09
2.05000000e+03,9.28259641e+00,2.91887212e+33,-3.41693080e+37,2.86544106e+37,-3.31930717e+37,-3.22652923e+46,8.16824845e+46,-6.83484222e+43,5.75681030e+48,1.25233393e+52,1.25310220e+52,-7.12133927e+51,8.97035236e+51,-1.32781246e+05,-1.58143624e+05,-1.22789156e+05,-1.17063395e+04,9.81694623e+03,-1.13718828e+04,0.00000000e+00,3.10372713e+09
2.06000000e+03,9.32706862e+00,2.91887721e+33,-3.46930960e+37,2.88807424e+37,-3.42210494e+37,-3.26395479e+46,8.25415739e+46,-1.25097466e+45,5.82932166e+48,1.25713534e+52,1.25791132e+52,-7.17419715e+51,8.99201460e+51,-1.33820503e+05,-1.58143155e+05,-1.23452567e+05,-1.18857675e+04,9.89446977e+03,-1.17240455e+04,0.00000000e+00,3.17222231e+09
2.07000000e+03,9.37134393e+00,2.91888227e+33,-3.50633912e+37,2.91866382e+37,-3.50665338e+37,-3.30298228e+46,8.34196984e+46,-2.40830723e+45,5.89197735e+48,1.26200141e+52,1.26278434e+52,-7.22525863e+51,9.01521413e+51,-1.34819437e+05,-1.58152748e+05,-1.24121351e+05,-1.20126089e+04,9.99925160e+03,-1.20136856e+04,0.00000000e+00,3.23951956e+09
2.08000000e+03,9.41545427e+00,2.91888729e+33,-3.54437884e+37,2.94672156e+37,-3.59851189e+37,-3.34239068e+46,8.43750566e+46,-3.65081550e+45,5.94450032e+48,1.26691526e+52,1.26770424e+52,-7.27325140e+51,9.04041667e+51,-1.35760797e+05,-1.58163935e+05,-1.24795921e+05,-1.21429110e+04,1.00953592e+04,-1.23283688e+04,0.00000000e+00,3.30455906e+09
2.09000000e+03,9.45943545e+00,2.91889228e+33,-3.57647625e+37,2.97076979e+37,-3.68743411e+37,-3.38213180e+46,8.53572708e+46,-4.95467139e+45,5.98812433e+48,1.27185762e+52,1.27265193e+52,-7.31674702e+51,9.06814583e+51,-1.36643015e+05,-1.58177144e+05,-1.25480887e+05,-1.22528545e+04,1.01777301e+04,-1.26329914e+04,0.00000000e+00,3.36382246e+09
2.10000000e+03,9.50331808e+00,2.91889725e+33,-3.61292929e+37,2.98878637e+37,-3.78209647e+37,-3.43733445e+46,8.63401415e+46,-6.32728305e+45,6.02406350e+48,1.27681318e+52,1.27761224e+52,-7.35440854e+51,9.09891815e+51,-1.37473760e+05,-1.58211031e+05,-1.26176861e+05,-1.23777200e+04,1.02394368e+04,-1.29572786e+04,0.00000000e+00,3.41649825e+09
2.11000000e+03,9.54714025e+00,2.91890220e+33,-3.64254078e+37,3.00047084e+37,-3.86924045e+37,-3.51678664e+46,8.73175630e+46,-7.66037518e+45,6.05415256e+48,1.28176796e+52,1.28257129e+52,-7.38495990e+51,9.13323293e+51,-1.38261696e+05,-1.58278688e+05,-1.26915239e+05,-1.24791464e+04,1.02794497e+04,-1.32558071e+04,0.00000000e+00,3.45913431e+09
2.12000000e+03,9.59093735e+00,2.91890715e+33,-3.66700658e+37,3.01493889e+37,-3.94547224e+37,-3.60505699e+46,8.83120183e+46,-9.02546397e+45,6.07918628e+48,1.28669769e+52,1.28750489e+52,-7.40736322e+51,9.17136731e+51,-1.39000290e+05,-1.58383522e+05,-1.27706842e+05,-1.25629436e+04,1.03289989e+04,-1.35169501e+04,0.00000000e+00,3.49136092e+09
2.13000000e+03,9.63475484e+00,2.91891210e+33,-3.68670176e+37,3.03010605e+37,-4.02057149e+37,-3.69024740e+46,8.94141433e+46,-1.04666699e+46,6.09933631e+48,1.29158180e+52,1.29239225e+52,-7.42081162e+51,9.21351669e+51,-1.39706013e+05,-1.58522208e+05,-1.28537519e+05,-1.26303966e+04,1.03809431e+04,-1.37742123e+04,0.00000000e+00,3.51072420e+09
2.14000000e+03,9.67863609e+00,2.91891707e+33,-3.70834301e+37,3.03839325e+37,-4.09820261e+37,-3.76685730e+46,9.05992380e+46,-1.17710892e+46,6.11465465e+48,1.29639179e+52,1.29720489e+52,-7.42486717e+51,9.25961534e+51,-1.40378041e+05,-1.58685950e+05,-1.29388470e+05,-1.27045165e+04,1.04093168e+04,-1.40401475e+04,0.00000000e+00,3.51703019e+09
2.15000000e+03,9.72262044e+00,2.91892206e+33,-3.72755894e+37,3.03610727e+37,-4.18117636e+37,-3.84114118e+46,9.18775970e+46,-1.30336185e+46,6.12515393e+48,1.30111042e+52,1.30192567e+52,-7.41939141e+51,9.30956098e+51,-1.41033498e+05,-1.58850189e+05,-1.30274576e+05,-1.27703271e+04,1.04014674e+04,-1.43243851e+04,0.00000000e+00,3.50987391e+09
2.16000000e+03,9.76674462e+00,2.91892708e+33,-3.74383386e+37,3.02764339e+37,-4.26638540e+37,-3.92557729e+46,9.32180627e+46,-1.42844316e+46,6.12957011e+48,1.30572564e+52,1.30654221e+52,-7.40453761e+51,9.36315325e+51,-1.41687015e+05,-1.59004088e+05,-1.31206792e+05,-1.28260616e+04,1.03724530e+04,-1.46162795e+04,0.00000000e+00,3.48976063e+09
2.17000000e+03,9.81104105e+00,2.91893214e+33,-3.75720136e+37,3.01846569e+37,-4.35187512e+37,-4.01002777e+46,9.46364386e+46,-1.55357541e+46,6.12721436e+48,1.31023273e+52,1.31104947e+52,-7.38074557e+51,9.42012194e+51,-1.42365793e+05,-1.59133333e+05,-1.32188361e+05,-1.28718352e+04,1.03409930e+04,-1.49091343e+04,0.00000000e+00,3.45699220e+09
2.18000000e+03,9.85549138e+00,2.91893724e+33,-3.76928586e+37,3.01567580e+37,-4.43172033e+37,-4.10506870e+46,9.60859771e+46,-1.67293891e+46,6.11671030e+48,1.31461928e+52,1.31543499e+52,-7.34880856e+51,9.47994558e+51,-1.43072069e+05,-1.59231786e+05,-1.33230579e+05,-1.29132131e+04,1.03314171e+04,-1.51826503e+04,0.00000000e+00,3.41326646e+09
2.19000000e+03,9.90011090e+00,2.91894237e+33,-3.77486016e+37,3.02369232e+37,-4.49647671e+37,-4.19632066e+46,9.75174051e+46,-1.77052978e+46,6.09494174e+48,1.31888117e+52,1.31969436e+52,-7.30973411e+51,9.54207657e+51,-1.43790621e+05,-1.59293214e+05,-1.34333585e+05,-1.29322874e+04,1.03588627e+04,-1.54044724e+04,0.00000000e+00,3.36030413e+09
2.20000000e+03,9.94490777e+00,2.91894754e+33,-3.77804597e+37,3.03702692e+37,-4.55077289e+37,-4.29385812e+46,9.89772031e+46,-1.84253798e+46,6.06014897e+48,1.32302008e+52,1.32382921e+52,-7.26466878e+51,9.60595775e+51,-1.44514551e+05,-1.59308974e+05,-1.35460234e+05,-1.29431787e+04,1.04045272e+04,-1.55904579e+04,0.00000000e+00,3.29958377e+09
2.21000000e+03,9.98990459e+00,2.91895276e+33,-3.77725724e+37,3.06184907e+37,-4.59144163e+37,-4.39575963e+46,1.00403494e+47,-1.90109206e+46,6.01061873e+48,1.32703653e+52,1.32783992e+52,-7.21494279e+51,9.67092784e+51,-1.45271460e+05,-1.59287247e+05,-1.36618536e+05,-1.29404535e+04,1.04895465e+04,-1.57297565e+04,0.00000000e+00,3.23300750e+09
2.22000000e+03,1.00350876e+01,2.91895802e+33,-3.77954027e+37,3.08655059e+37,-4.63554169e+37,-4.50632168e+46,1.01839991e+47,-1.95177755e+46,5.94646517e+48,1.33093158e+52,1.33172758e+52,-7.16209776e+51,9.73622688e+51,-1.46059522e+05,-1.59230813e+05,-1.37804556e+05,-1.29482515e+04,1.05741520e+04,-1.58808097e+04,0.00000000e+00,3.16301833e+09
2.23000000e+03,1.00804392e+01,2.91896332e+33,-3.78281378e+37,3.11024505e+37,-4.67218529e+37,-4.61827453e+46,1.03200010e+47,-1.98158768e+46,5.86817632e+48,1.33471708e+52,1.33550415e+52,-7.10773563e+51,9.80117369e+51,-1.46839265e+05,-1.59153100e+05,-1.39006519e+05,-1.29594427e+04,1.06553071e+04,-1.60063172e+04,0.00000000e+00,3.09190669e+09
2.24000000e+03,1.01258622e+01,2.91896864e+33,-3.78304412e+37,3.13679679e+37,-4.70482275e+37,-4.74186370e+46,1.04551919e+47,-1.99377854e+46,5.77745317e+48,1.33839801e+52,1.33917471e+52,-7.05351687e+51,9.86498867e+51,-1.47610532e+05,-1.59054092e+05,-1.40224601e+05,-1.29602082e+04,1.07462504e+04,-1.61180997e+04,0.00000000e+00,3.02163647e+09
2.25000000e+03,1.01713003e+01,2.91897396e+33,-3.78150189e+37,3.16045868e+37,-4.73407281e+37,-4.86676159e+46,1.05927941e+47,-1.99057910e+46,5.67648914e+48,1.34198497e+52,1.34275031e+52,-7.00093844e+51,9.92703386e+51,-1.48343991e+05,-1.58932798e+05,-1.41435001e+05,-1.29549011e+04,1.08272932e+04,-1.62182770e+04,0.00000000e+00,2.95462753e+09
2.26000000e+03,1.02167727e+01,2.91897928e+33,-3.77605708e+37,3.19051795e+37,-4.75381112e+37,-4.97449630e+46,1.07342026e+47,-1.97305418e+46,5.56804608e+48,1.34549126e+52,1.34624462e+52,-6.95115816e+51,9.98686710e+51,-1.49018010e+05,-1.58784598e+05,-1.42637879e+05,-1.29362243e+04,1.09302521e+04,-1.62858680e+04,0.00000000e+00,2.89217132e+09
2.27000000e+03,1.02623066e+01,2.91898462e+33,-3.76640883e+37,3.21952876e+37,-4.77194882e+37,-5.06656751e+46,1.08665153e+47,-1.95292703e+46,5.45638007e+48,1.34893191e+52,1.34967314e+52,-6.90512334e+51,1.00441697e+52,-1.49648005e+05,-1.58625648e+05,-1.43850164e+05,-1.29031472e+04,1.10296188e+04,-1.63479752e+04,0.00000000e+00,2.83482261e+09
2.28000000e+03,1.03078703e+01,2.91898997e+33,-3.75586455e+37,3.24466082e+37,-4.79026074e+37,-5.15506152e+46,1.09916626e+47,-1.92858686e+46,5.34692118e+48,1.35231838e+52,1.35304788e+52,-6.86375796e+51,1.00985998e+52,-1.50236050e+05,-1.58494397e+05,-1.45068436e+05,-1.28670005e+04,1.11156970e+04,-1.64106790e+04,0.00000000e+00,2.78377668e+09
2.29000000e+03,1.03534496e+01,2.91899532e+33,-3.74206151e+37,3.26523684e+37,-4.80990861e+37,-5.24042440e+46,1.11151457e+47,-1.89048050e+46,5.24462309e+48,1.35566516e+52,1.35638374e+52,-6.82788551e+51,1.01498946e+52,-1.50808761e+05,-1.58393532e+05,-1.46341848e+05,-1.28196900e+04,1.11861668e+04,-1.64779593e+04,0.00000000e+00,2.73972003e+09
2.30000000e+03,1.03990465e+01,2.91900068e+33,-3.72591033e+37,3.29553810e+37,-4.82325994e+37,-5.31389962e+46,1.12350208e+47,-1.84428334e+46,5.15457447e+48,1.35899058e+52,1.35969940e+52,-6.79821933e+51,1.01978843e+52,-1.51363727e+05,-1.58317701e+05,-1.47687745e+05,-1.27643353e+04,1.12899532e+04,-1.65236684e+04,0.00000000e+00,2.70349250e+09
2.31000000e+03,1.04446622e+01,2.91900604e+33,-3.70494124e+37,3.33373041e+37,-4.82875487e+37,-5.37122495e+46,1.13429166e+47,-1.79000419e+46,5.08101306e+48,1.36230892e+52,1.36300949e+52,-6.77532248e+51,1.02424336e+52,-1.51887942e+05,-1.58267028e+05,-1.49094507e+05,-1.26924754e+04,1.14207726e+04,-1.65424628e+04,0.00000000e+00,2.67584858e+09
2.32000000e+03,1.04902884e+01,2.91901140e+33,-3.68419091e+37,3.37157528e+37,-4.83082916e+37,-5.42783176e+46,1.14467726e+47,-1.74081181e+46,5.02648123e+48,1.36563049e+52,1.36632484e+52,-6.75959600e+51,1.02834504e+52,-1.52423243e+05,-1.58235625e+05,-1.50559143e+05,-1.26213653e+04,1.15504012e+04,-1.65495385e+04,0.00000000e+00,2.65658773e+09
2.33000000e+03,1.05359070e+01,2.91901676e+33,-3.66205974e+37,3.40211582e+37,-4.83184483e+37,-5.48453092e+46,1.15461754e+47,-1.69583453e+46,4.99200961e+48,1.36896911e+52,1.36965961e+52,-6.75126273e+51,1.03209648e+52,-1.53002648e+05,-1.58228466e+05,-1.52079417e+05,-1.25455249e+04,1.16550061e+04,-1.65529876e+04,0.00000000e+00,2.64652782e+09
2.34000000e+03,1.05815007e+01,2.91902212e+33,-3.63688541e+37,3.42566552e+37,-4.83716631e+37,-5.53321549e+46,1.16371561e+47,-1.66107058e+46,4.97855714e+48,1.37233171e+52,1.37302080e+52,-6.75034763e+51,1.03550342e+52,-1.53624567e+05,-1.58234941e+05,-1.53665344e+05,-1.24592595e+04,1.17356614e+04,-1.65711876e+04,0.00000000e+00,2.64464402e+09
2.35000000e+03,1.06270346e+01,2.91902746e+33,-3.60594172e+37,3.44477611e+37,-4.84494738e+37,-5.57821231e+46,1.17214449e+47,-1.63544045e+46,4.98611479e+48,1.37572322e+52,1.37641346e+52,-6.75686273e+51,1.03857032e+52,-1.54264222e+05,-1.58274522e+05,-1.55353499e+05,-1.23532299e+04,1.18011090e+04,-1.65978137e+04,0.00000000e+00,2.65123980e+09
2.36000000e+03,1.06724395e+01,2.91903277e+33,-3.57189728e+37,3.46275153e+37,-4.85043577e+37,-5.62177069e+46,1.18062536e+47,-1.61106472e+46,5.01413312e+48,1.37914774e+52,1.37984154e+52,-6.77072123e+51,1.04130547e+52,-1.54925286e+05,-1.58364935e+05,-1.57174992e+05,-1.22365782e+04,1.18626675e+04,-1.66165855e+04,0.00000000e+00,2.66700554e+09
2.37000000e+03,1.07176928e+01,2.91903805e+33,-3.53730547e+37,3.48297279e+37,-4.84587863e+37,-5.65541505e+46,1.18994631e+47,-1.58975575e+46,5.06083690e+48,1.38261154e+52,1.38331113e+52,-6.79160953e+51,1.04373066e+52,-1.55619484e+05,-1.58515303e+05,-1.59174875e+05,-1.21180519e+04,1.19319198e+04,-1.66009437e+04,0.00000000e+00,2.69107885e+09
2.38000000e+03,1.07627804e+01,2.91904328e+33,-3.50233688e+37,3.50313090e+37,-4.84728311e+37,-5.68004197e+46,1.19928114e+47,-1.56765843e+46,5.12468310e+48,1.38612042e+52,1.38682764e+52,-6.81908079e+51,1.04587360e+52,-1.56377946e+05,-1.58735807e+05,-1.61374507e+05,-1.19982355e+04,1.20009557e+04,-1.66057253e+04,0.00000000e+00,2.72295172e+09
2.39000000e+03,1.08076891e+01,2.91904848e+33,-3.45536852e+37,3.52883521e+37,-4.82883190e+37,-5.70584142e+46,1.20899049e+47,-1.54016958e+46,5.20227067e+48,1.38968076e+52,1.39039706e+52,-6.85262441e+51,1.04776584e+52,-1.57182244e+05,-1.59035259e+05,-1.63747335e+05,-1.18373112e+04,1.20889914e+04,-1.65424861e+04,0.00000000e+00,2.76230704e+09
2.40000000e+03,1.08524089e+01,2.91905364e+33,-3.39667206e+37,3.55579910e+37,-4.80259987e+37,-5.72821301e+46,1.22003359e+47,-1.51940159e+46,5.28951749e+48,1.39330145e+52,1.39402778e+52,-6.89166312e+51,1.04944462e+52,-1.58017800e+05,-1.59405862e+05,-1.66242056e+05,-1.16362098e+04,1.21813421e+04,-1.64525920e+04,0.00000000e+00,2.80863402e+09
2.41000000e+03,1.08969349e+01,2.91905875e+33,-3.34432306e+37,3.58977889e+37,-4.78185608e+37,-5.75497711e+46,1.23224741e+47,-1.50029129e+46,5.38241362e+48,1.39698536e+52,1.39772236e+52,-6.93550715e+51,1.05094700e+52,-1.58862022e+05,-1.59830824e+05,-1.68828135e+05,-1.14568542e+04,1.22977274e+04,-1.63815000e+04,0.00000000e+00,2.86158953e+09
2.42000000e+03,1.09412675e+01,2.91906382e+33,-3.28186616e+37,3.61804560e+37,-4.74894960e+37,-5.79687244e+46,1.24471965e+47,-1.47465042e+46,5.47745172e+48,1.40073361e+52,1.40148169e+52,-6.98329778e+51,1.05231680e+52,-1.59730989e+05,-1.60302930e+05,-1.71471845e+05,-1.12428722e+04,1.23945409e+04,-1.62687419e+04,0.00000000e+00,2.92030806e+09
2.43000000e+03,1.09854110e+01,2.91906885e+33,-3.23468640e+37,3.64152624e+37,-4.71693379e+37,-5.85584610e+46,1.25797591e+47,-1.44521036e+46,5.57147224e+48,1.40454393e+52,1.40530308e+52,-7.03400310e+51,1.05360293e+52,-1.60644914e+05,-1.60807528e+05,-1.74141393e+05,-1.10812268e+04,1.24749584e+04,-1.61590358e+04,0.00000000e+00,2.98353140e+09
2.44000000e+03,1.10293745e+01,2.91907384e+33,-3.18670974e+37,3.67022077e+37,-4.67010816e+37,-5.92482373e+46,1.27253226e+47,-1.40686095e+46,5.66147592e+48,1.40841403e+52,1.40918401e+52,-7.08645398e+51,1.05486131e+52,-1.61604460e+05,-1.61326661e+05,-1.76807059e+05,-1.09168521e+04,1.25732372e+04,-1.59985955e+04,0.00000000e+00,3.04999807e+09
2.45000000e+03,1.10731701e+01,2.91907879e+33,-3.12735453e+37,3.69775747e+37,-4.61871425e+37,-6.00074451e+46,1.28766208e+47,-1.36086502e+46,5.74494937e+48,1.41233419e+52,1.41311453e+52,-7.13936580e+51,1.05614624e+52,-1.62607029e+05,-1.61858776e+05,-1.79489064e+05,-1.07134982e+04,1.26675494e+04,-1.58225063e+04,0.00000000e+00,3.11808982e+09
2.46000000e+03,1.11168087e+01,2.91908370e+33,-3.06775776e+37,3.71905423e+37,-4.56920837e+37,-6.07525991e+46,1.30372708e+47,-1.32079849e+46,5.81992692e+48,1.41629726e+52,1.41708730e+52,-7.19141728e+51,1.05751644e+52,-1.63650513e+05,-1.62402296e+05,-1.82183598e+05,-1.05093175e+04,1.27404851e+04,-1.56528858e+04,0.00000000e+00,3.18554400e+09
2.47000000e+03,1.11602997e+01,2.91908858e+33,-3.00574133e+37,3.76082138e+37,-4.50260029e+37,-6.14102170e+46,1.32179800e+47,-1.28828577e+46,5.88488477e+48,1.42028899e+52,1.42108791e+52,-7.24135967e+51,1.05901993e+52,-1.64714370e+05,-1.62956322e+05,-1.84864807e+05,-1.02968486e+04,1.28835466e+04,-1.54246785e+04,0.00000000e+00,3.25139160e+09
2.48000000e+03,1.12036646e+01,2.91909344e+33,-2.94801210e+37,3.78937538e+37,-4.44481382e+37,-6.18092046e+46,1.34135093e+47,-1.26669857e+46,5.94022628e+48,1.42429774e+52,1.42510474e+52,-7.28788158e+51,1.06071066e+52,-1.65766505e+05,-1.63485595e+05,-1.87543775e+05,-1.00990673e+04,1.29813432e+04,-1.52266925e+04,0.00000000e+00,3.31406773e+09
2.49000000e+03,1.12469364e+01,2.91909827e+33,-2.88580097e+37,3.81797314e+37,-4.37772642e+37,-6.18742668e+46,1.36222672e+47,-1.25702944e+46,5.98679556e+48,1.42831682e+52,1.42913134e+52,-7.32963067e+51,1.06264981e+52,-1.66798026e+05,-1.63988446e+05,-1.90224666e+05,-9.88593290e+03,1.30792895e+04,-1.49968449e+04,0.00000000e+00,3.37066044e+09
2.50000000e+03,1.12901534e+01,2.91910310e+33,-2.82067296e+37,3.83240772e+37,-4.31891876e+37,-6.16865957e+46,1.38378398e+47,-1.24336434e+46,6.02637385e+48,1.43232905e+52,1.43315062e+52,-7.36533035e+51,1.06488410e+52,-1.67811405e+05,-1.64472248e+05,-1.92871897e+05,-9.66280692e+03,1.31287166e+04,-1.47953622e+04,0.00000000e+00,3.42016861e+09
2.51000000e+03,1.13333609e+01,2.91910792e+33,-2.74721826e+37,3.85054247e+37,-4.25419370e+37,-6.14211068e+46,1.40599449e+47,-1.24256227e+46,6.06107212e+48,1.43632569e+52,1.43715400e+52,-7.39380890e+51,1.06746356e+52,-1.68851133e+05,-1.64931595e+05,-1.95462323e+05,-9.41115688e+03,1.31908192e+04,-1.45736088e+04,0.00000000e+00,3.45954921e+09
2.52000000e+03,1.13765783e+01,2.91911274e+33,-2.66405701e+37,3.87567100e+37,-4.17109751e+37,-6.10105678e+46,1.42787752e+47,-1.24930780e+46,6.09172979e+48,1.44028668e+52,1.44112165e+52,-7.41409271e+51,1.07041701e+52,-1.69932158e+05,-1.65380238e+05,-1.97990936e+05,-9.12625598e+03,1.32768802e+04,-1.42889223e+04,0.00000000e+00,3.48867370e+09
2.53000000e+03,1.14197236e+01,2.91911755e+33,-2.57824422e+37,3.90207553e+37,-4.07594548e+37,-6.04344837e+46,1.44925806e+47,-1.26005089e+46,6.11859684e+48,1.44417763e+52,1.44501901e+52,-7.42534643e+51,1.07375169e+52,-1.71048537e+05,-1.65816799e+05,-2.00455615e+05,-8.83227270e+03,1.33673121e+04,-1.39629371e+04,0.00000000e+00,3.50487689e+09
2.54000000e+03,1.14628052e+01,2.91912234e+33,-2.49125099e+37,3.92297648e+37,-3.98225379e+37,-5.95906022e+46,1.46968057e+47,-1.27223185e+46,6.14135867e+48,1.44798281e+52,1.44883024e+52,-7.42714732e+51,1.07747288e+52,-1.72231327e+05,-1.66228355e+05,-2.02867097e+05,-8.53424657e+03,1.34388902e+04,-1.36419558e+04,0.00000000e+00,3.50817577e+09
2.55000000e+03,1.15058540e+01,2.91912713e+33,-2.40224759e+37,3.93495569e+37,-3.88958589e+37,-5.85837260e+46,1.49026266e+47,-1.29538366e+46,6.15880376e+48,1.45169305e+52,1.45254578e+52,-7.41937870e+51,1.08157685e+52,-1.73501763e+05,-1.66618791e+05,-2.05222502e+05,-8.22933530e+03,1.34799052e+04,-1.33244827e+04,0.00000000e+00,3.49756069e+09
2.56000000e+03,1.15488994e+01,2.91913192e+33,-2.31534818e+37,3.94470874e+37,-3.79420691e+37,-5.75625721e+46,1.51154779e+47,-1.32579771e+46,6.17026050e+48,1.45529139e+52,1.45614868e+52,-7.40225902e+51,1.08603573e+52,-1.74827744e+05,-1.67005933e+05,-2.07531929e+05,-7.93163257e+03,1.35132939e+04,-1.29977234e+04,0.00000000e+00,3.47425166e+09
2.57000000e+03,1.15919660e+01,2.91913671e+33,-2.23127381e+37,3.95630748e+37,-3.69317402e+37,-5.64845460e+46,1.53321750e+47,-1.35720495e+46,6.17434177e+48,1.45877278e+52,1.45963350e+52,-7.37634981e+51,1.09081601e+52,-1.76201835e+05,-1.67384713e+05,-2.09792540e+05,-7.64360847e+03,1.35530052e+04,-1.26515967e+04,0.00000000e+00,3.43811560e+09
2.58000000e+03,1.16350740e+01,2.91914151e+33,-2.14724972e+37,3.97682949e+37,-3.58470566e+37,-5.52811680e+46,1.55486326e+47,-1.38163377e+46,6.16822643e+48,1.46213493e+52,1.46299755e+52,-7.34256869e+51,1.09586912e+52,-1.77583140e+05,-1.67759559e+05,-2.12008765e+05,-7.35575755e+03,1.36232844e+04,-1.22799996e+04,0.00000000e+00,3.39152514e+09
2.59000000e+03,1.16782515e+01,2.91914632e+33,-2.05613635e+37,4.01074130e+37,-3.46664514e+37,-5.39823869e+46,1.57628516e+47,-1.40161290e+46,6.14909731e+48,1.46537905e+52,1.46624175e+52,-7.30200800e+51,1.10114135e+52,-1.78912931e+05,-1.68126521e+05,-2.14188149e+05,-7.04362207e+03,1.37394322e+04,-1.18755443e+04,0.00000000e+00,3.33629269e+09
2.60000000e+03,1.17215173e+01,2.91915115e+33,-1.96050031e+37,4.05447213e+37,-3.33863909e+37,-5.25424561e+46,1.59762142e+47,-1.42732019e+46,6.11520712e+48,1.46850379e+52,1.46936449e+52,-7.25584411e+51,1.10657229e+52,-1.80190045e+05,-1.68473926e+05,-2.16307946e+05,-6.71599449e+03,1.38892161e+04,-1.14370203e+04,0.00000000e+00,3.27399829e+09
2.61000000e+03,1.17648871e+01,2.91915601e+33,-1.86254475e+37,4.10690867e+37,-3.20109600e+37,-5.10112589e+46,1.61727212e+47,-1.46168629e+46,6.06506842e+48,1.47151070e+52,1.47236732e+52,-7.20535358e+51,1.11209964e+52,-1.81418053e+05,-1.68798052e+05,-2.18372306e+05,-6.38042209e+03,1.40688221e+04,-1.09658271e+04,0.00000000e+00,3.20659882e+09
2.62000000e+03,1.18083645e+01,2.91916089e+33,-1.76523866e+37,4.16238940e+37,-3.05205086e+37,-4.93324319e+46,1.63477530e+47,-1.49244437e+46,5.99813611e+48,1.47440323e+52,1.47525372e+52,-7.15190834e+51,1.11765830e+52,-1.82606391e+05,-1.69097909e+05,-2.20408462e+05,-6.04707559e+03,1.42588557e+04,-1.04552335e+04,0.00000000e+00,3.13605360e+09
2.63000000e+03,1.18519577e+01,2.91916580e+33,-1.66775912e+37,4.22677011e+37,-2.88656961e+37,-4.75170664e+46,1.65101034e+47,-1.51072437e+46,5.91432708e+48,1.47719177e+52,1.47803402e+52,-7.09691688e+51,1.12318817e+52,-1.83753223e+05,-1.69373199e+05,-2.22395134e+05,-5.71313598e+03,1.44793767e+04,-9.88833734e+03,0.00000000e+00,3.06439784e+09
2.64000000e+03,1.18956765e+01,2.91917073e+33,-1.56749429e+37,4.29743162e+37,-2.71151442e+37,-4.56290825e+46,1.66732126e+47,-1.51488960e+46,5.81539206e+48,1.47988473e+52,1.48071692e+52,-7.04178564e+51,1.12862764e+52,-1.84855178e+05,-1.69607827e+05,-2.24283450e+05,-5.36965610e+03,1.47214124e+04,-9.28864621e+03,0.00000000e+00,2.99348359e+09
2.65000000e+03,1.19395187e+01,2.91917569e+33,-1.46384368e+37,4.37474075e+37,-2.52548888e+37,-4.39128854e+46,1.68356854e+47,-1.51150985e+46,5.70441979e+48,1.48250146e+52,1.48332216e+52,-6.98788039e+51,1.13392814e+52,-1.85915950e+05,-1.69816034e+05,-2.26046133e+05,-5.01457889e+03,1.49862194e+04,-8.65137679e+03,0.00000000e+00,2.92518458e+09
2.66000000e+03,1.19834843e+01,2.91918068e+33,-1.35799616e+37,4.45750569e+37,-2.33341029e+37,-4.24531490e+46,1.69848637e+47,-1.50164123e+46,5.58477572e+48,1.48505710e+52,1.48586530e+52,-6.93640125e+51,1.13904523e+52,-1.86922868e+05,-1.70015880e+05,-2.27647290e+05,-4.65197709e+03,1.52697150e+04,-7.99337399e+03,0.00000000e+00,2.86117792e+09
2.67000000e+03,1.20275770e+01,2.91918570e+33,-1.25441790e+37,4.53990151e+37,-2.13449119e+37,-4.12276887e+46,1.71067133e+47,-1.48658941e+46,5.46117996e+48,1.48756044e+52,1.48835572e+52,-6.88836873e+51,1.14393728e+52,-1.87878392e+05,-1.70226739e+05,-2.29080284e+05,-4.29715007e+03,1.55519449e+04,-7.31194041e+03,0.00000000e+00,2.80192920e+09
2.68000000e+03,1.20717994e+01,2.91919074e+33,-1.15202389e+37,4.62208843e+37,-1.93974663e+37,-4.01877682e+46,1.72114469e+47,-1.47329125e+46,5.33844619e+48,1.49003017e+52,1.49081268e+52,-6.84472767e+51,1.14857630e+52,-1.88786916e+05,-1.70448088e+05,-2.30366372e+05,-3.94638100e+03,1.58334581e+04,-6.64480948e+03,0.00000000e+00,2.74868972e+09
2.69000000e+03,1.21161614e+01,2.91919582e+33,-1.05132911e+37,4.70708082e+37,-1.74736142e+37,-3.94241075e+46,1.72998658e+47,-1.46473329e+46,5.22133238e+48,1.49247943e+52,1.49324984e+52,-6.80631805e+51,1.15293394e+52,-1.89653000e+05,-1.70670341e+05,-2.31530977e+05,-3.60143400e+03,1.61245806e+04,-5.98576295e+03,0.00000000e+00,2.70215267e+09
2.70000000e+03,1.21606636e+01,2.91920093e+33,-9.46408420e+36,4.79786571e+37,-1.55009537e+37,-3.88837779e+46,1.73875150e+47,-1.46341746e+46,5.11440141e+48,1.49492052e+52,1.49567978e+52,-6.77387648e+51,1.15698595e+52,-1.90472711e+05,-1.70899737e+05,-2.32589762e+05,-3.24201192e+03,1.64355446e+04,-5.30999891e+03,0.00000000e+00,2.66308355e+09
2.71000000e+03,1.22053023e+01,2.91920607e+33,-8.37551950e+36,4.88699871e+37,-1.35015557e+37,-3.84582829e+46,1.74605984e+47,-1.46318947e+46,5.02197657e+48,1.49736589e+52,1.49811550e+52,-6.74799937e+51,1.16071553e+52,-1.91278523e+05,-1.71151659e+05,-2.33576876e+05,-2.86910869e+03,1.67408487e+04,-4.62507798e+03,0.00000000e+00,2.63219808e+09
2.72000000e+03,1.22500813e+01,2.91921124e+33,-7.23649600e+36,4.97846335e+37,-1.14619989e+37,-3.80691866e+46,1.75202774e+47,-1.45758800e+46,4.94802789e+48,1.49982833e+52,1.50057039e+52,-6.72911806e+51,1.16411448e+52,-1.92098412e+05,-1.71444320e+05,-2.34511550e+05,-2.47892167e+03,1.70541388e+04,-3.92640272e+03,0.00000000e+00,2.60953223e+09
2.73000000e+03,1.22950028e+01,2.91921644e+33,-6.05352052e+36,5.06874573e+37,-9.41013667e+36,-3.78566242e+46,1.75718533e+47,-1.43720455e+46,4.89478194e+48,1.50231819e+52,1.50305510e+52,-6.71749648e+51,1.16718027e+52,-1.92935672e+05,-1.71801042e+05,-2.35392851e+05,-2.07367992e+03,1.73633776e+04,-3.22351455e+03,0.00000000e+00,2.59572628e+09
2.74000000e+03,1.23400773e+01,2.91922168e+33,-4.83508848e+36,5.15283230e+37,-7.33846556e+36,-3.77636685e+46,1.76104234e+47,-1.39684358e+46,4.86390134e+48,1.50484746e+52,1.50558170e+52,-6.71328606e+51,1.16991739e+52,-1.93787051e+05,-1.72237581e+05,-2.36220300e+05,-1.65629370e+03,1.76513909e+04,-2.51384320e+03,0.00000000e+00,2.58985167e+09
2.75000000e+03,1.23853090e+01,2.91922695e+33,-3.57884725e+36,5.22931693e+37,-5.24825326e+36,-3.75951172e+46,1.76447338e+47,-1.33058111e+46,4.85681039e+48,1.50742770e+52,1.50816185e+52,-6.71670028e+51,1.17232683e+52,-1.94650995e+05,-1.72753843e+05,-2.37008319e+05,-1.22595718e+03,1.79133621e+04,-1.79782297e+03,0.00000000e+00,2.59274374e+09
2.76000000e+03,1.24306975e+01,2.91923226e+33,-2.28035227e+36,5.29966324e+37,-3.14465242e+36,-3.74677672e+46,1.76832339e+47,-1.24873873e+46,4.87400386e+48,1.51007066e+52,1.51080729e+52,-6.72788083e+51,1.17441325e+52,-1.95492691e+05,-1.73314957e+05,-2.37790916e+05,-7.81147941e+02,1.81543049e+04,-1.07721899e+03,0.00000000e+00,2.60505695e+09
2.77000000e+03,1.24762355e+01,2.91923760e+33,-9.35027612e+35,5.37336309e+37,-1.03135026e+36,-3.74619535e+46,1.77299653e+47,-1.16874055e+46,4.91451498e+48,1.51278694e+52,1.51352878e+52,-6.74673324e+51,1.17619212e+52,-1.96290995e+05,-1.73907797e+05,-2.38585304e+05,-3.20298564e+02,1.84067343e+04,-3.53294388e+02,0.00000000e+00,2.62635660e+09
2.78000000e+03,1.25219062e+01,2.91924298e+33,4.08404575e+35,5.46367813e+37,1.13966942e+36,-3.75245751e+46,1.77785647e+47,-1.09827976e+46,4.97649533e+48,1.51558453e+52,1.51633408e+52,-6.77300618e+51,1.17768377e+52,-1.97035276e+05,-1.74554598e+05,-2.39384439e+05,1.39900850e+02,1.87160787e+04,3.90398958e+02,0.00000000e+00,2.65625267e+09
2.79000000e+03,1.25676113e+01,2.91924836e+33,1.67344249e+36,5.56524701e+37,3.38365035e+36,-3.76163770e+46,1.78285303e+47,-1.03160925e+46,5.05706083e+48,1.51846450e+52,1.51922398e+52,-6.80630644e+51,1.17890866e+52,-1.97710499e+05,-1.75274687e+05,-2.40174948e+05,5.73244302e+02,1.90639724e+04,1.15908273e+03,0.00000000e+00,2.69464007e+09
2.80000000e+03,1.26131993e+01,2.91925371e+33,2.90849049e+36,5.67785048e+37,5.66248330e+36,-3.77423760e+46,1.78811242e+47,-9.65895392e+45,5.15198004e+48,1.52142694e+52,1.52219821e+52,-6.84599385e+51,1.17989852e+52,-1.98356599e+05,-1.76054611e+05,-2.40960349e+05,9.96313022e+02,1.94496643e+04,1.93970235e+03,0.00000000e+00,2.74129795e+09
2.81000000e+03,1.26586577e+01,2.91925904e+33,4.26890760e+36,5.77918202e+37,7.87823306e+36,-3.78676033e+46,1.79479411e+47,-9.00738785e+45,5.25614544e+48,1.52447716e+52,1.52526166e+52,-6.89130661e+51,1.18069633e+52,-1.98983154e+05,-1.76859911e+05,-2.41726515e+05,1.46232573e+03,1.97967427e+04,2.69870983e+03,0.00000000e+00,2.79530064e+09
2.82000000e+03,1.27039802e+01,2.91926433e+33,5.61296344e+36,5.89117101e+37,1.00332936e+37,-3.80586037e+46,1.80116776e+47,-8.48850120e+45,5.36483213e+48,1.52761577e+52,1.52841420e+52,-6.94132581e+51,1.18134791e+52,-1.99590755e+05,-1.77681018e+05,-2.42484569e+05,1.92273217e+03,2.01803274e+04,3.43692534e+03,0.00000000e+00,2.85573536e+09
2.83000000e+03,1.27491394e+01,2.91926959e+33,6.90568927e+36,6.01029822e+37,1.22210444e+37,-3.82707103e+46,1.80630244e+47,-8.10333581e+45,5.47344171e+48,1.53083846e+52,1.53165125e+52,-6.99496186e+51,1.18190316e+52,-2.00159108e+05,-1.78527576e+05,-2.43228562e+05,2.36555380e+03,2.05883630e+04,4.18633635e+03,0.00000000e+00,2.92155341e+09
2.84000000e+03,1.27940674e+01,2.91927480e+33,8.24676173e+36,6.12963792e+37,1.43631846e+37,-3.85597270e+46,1.81151650e+47,-7.67653294e+45,5.57834599e+48,1.53413678e+52,1.53496396e+52,-7.05091113e+51,1.18241840e+52,-2.00712664e+05,-1.79399443e+05,-2.43926414e+05,2.82493506e+03,2.09971255e+04,4.92012078e+03,0.00000000e+00,2.99142498e+09
2.85000000e+03,1.28387338e+01,2.91927994e+33,9.60956475e+36,6.24554389e+37,1.64493334e+37,-3.89867424e+46,1.81689210e+47,-7.16138648e+45,5.67571269e+48,1.53750138e+52,1.53834267e+52,-7.10776373e+51,1.18295449e+52,-2.01263627e+05,-1.80288762e+05,-2.44570491e+05,3.29175856e+03,2.13941246e+04,5.63472286e+03,0.00000000e+00,3.06348383e+09
2.86000000e+03,1.28831352e+01,2.91928503e+33,1.10566362e+37,6.35934074e+37,1.86579166e+37,-3.95940325e+46,1.82308637e+47,-6.59510028e+45,5.76309227e+48,1.54092377e+52,1.54177863e+52,-7.16407496e+51,1.18357488e+52,-2.01820322e+05,-1.81166102e+05,-2.45163648e+05,3.78744662e+03,2.17838980e+04,6.39126240e+03,0.00000000e+00,3.13615125e+09
2.87000000e+03,1.29272974e+01,2.91929006e+33,1.24580784e+37,6.47169083e+37,2.08005994e+37,-4.03056139e+46,1.83006380e+47,-5.99662783e+45,5.83814633e+48,1.54439428e+52,1.54526155e+52,-7.21842069e+51,1.18434052e+52,-2.02374571e+05,-1.82033430e+05,-2.45693589e+05,4.26750278e+03,2.21687146e+04,7.12522528e+03,0.00000000e+00,3.20723625e+09
2.88000000e+03,1.29712481e+01,2.91929505e+33,1.39200829e+37,6.57839990e+37,2.29939963e+37,-4.09984981e+46,1.83721042e+47,-5.49701056e+45,5.90109756e+48,1.54789937e+52,1.54877822e+52,-7.26939079e+51,1.18530868e+52,-2.02949610e+05,-1.82873899e+05,-2.46150185e+05,4.76830285e+03,2.25342070e+04,7.87655784e+03,0.00000000e+00,3.27562180e+09
2.89000000e+03,1.30150224e+01,2.91929999e+33,1.53679895e+37,6.68689479e+37,2.52061686e+37,-4.16533865e+46,1.84541642e+47,-5.12929955e+45,5.95348698e+48,1.55142704e+52,1.55231654e+52,-7.31540629e+51,1.18654623e+52,-2.03553699e+05,-1.83677694e+05,-2.46517540e+05,5.26427210e+03,2.29058158e+04,8.63431941e+03,0.00000000e+00,3.33896368e+09
2.90000000e+03,1.30586595e+01,2.91930491e+33,1.68873284e+37,6.79394306e+37,2.74219729e+37,-4.22526614e+46,1.85551370e+47,-4.85540974e+45,5.99702350e+48,1.55496012e+52,1.55585962e+52,-7.35490098e+51,1.18811457e+52,-2.04195907e+05,-1.84413757e+05,-2.46767696e+05,5.78470867e+03,2.32724682e+04,9.39332265e+03,0.00000000e+00,3.39345522e+09
2.91000000e+03,1.31021968e+01,2.91930980e+33,1.83856797e+37,6.89886181e+37,2.95248788e+37,-4.28779189e+46,1.86578160e+47,-4.57569793e+45,6.03399180e+48,1.55848341e+52,1.55939240e+52,-7.38657190e+51,1.19006381e+52,-2.04864882e+05,-1.85049419e+05,-2.46889331e+05,6.29795430e+03,2.36318249e+04,1.01136504e+04,0.00000000e+00,3.43787922e+09
2.92000000e+03,1.31456713e+01,2.91931469e+33,1.98326218e+37,7.00463371e+37,3.16403249e+37,-4.34702834e+46,1.87497277e+47,-4.33920620e+45,6.06710197e+48,1.56197772e+52,1.56289538e+52,-7.40933956e+51,1.19242840e+52,-2.05556836e+05,-1.85579297e+05,-2.46876291e+05,6.79358820e+03,2.39941030e+04,1.08382714e+04,0.00000000e+00,3.47033177e+09
2.93000000e+03,1.31891175e+01,2.91931956e+33,2.12859033e+37,7.11295898e+37,3.37196080e+37,-4.38952302e+46,1.88291610e+47,-4.20388899e+45,6.09754703e+48,1.56542916e+52,1.56635491e+52,-7.42235460e+51,1.19523718e+52,-2.06264641e+05,-1.86002534e+05,-2.46758719e+05,7.29139199e+03,2.43651263e+04,1.15505025e+04,0.00000000e+00,3.48945399e+09
2.94000000e+03,1.32325677e+01,2.91932444e+33,2.27731221e+37,7.21657078e+37,3.57026303e+37,-4.41083888e+46,1.88940283e+47,-4.10071564e+45,6.12637787e+48,1.56881954e+52,1.56975264e+52,-7.42510710e+51,1.19849728e+52,-2.06928413e+05,-1.86311340e+05,-2.46531838e+05,7.80081920e+03,2.47200027e+04,1.22297576e+04,0.00000000e+00,3.49368085e+09
2.95000000e+03,1.32760448e+01,2.91932932e+33,2.42876484e+37,7.31279377e+37,3.76113496e+37,-4.42261707e+46,1.89456601e+47,-3.82728056e+45,6.15397968e+48,1.57213729e+52,1.57307717e+52,-7.41744900e+51,1.20220472e+52,-2.07543013e+05,-1.86485689e+05,-2.46208589e+05,8.31959870e+03,2.50495678e+04,1.28835584e+04,0.00000000e+00,3.48401311e+09
2.96000000e+03,1.33195652e+01,2.91933421e+33,2.58342566e+37,7.40445659e+37,3.94823129e+37,-4.43935415e+46,1.89905071e+47,-3.58828851e+45,6.18017132e+48,1.57536554e+52,1.57631140e+52,-7.39950845e+51,1.20633598e+52,-2.08101840e+05,-1.86544048e+05,-2.45782473e+05,8.84936591e+03,2.53635112e+04,1.35244237e+04,0.00000000e+00,3.45980051e+09
2.97000000e+03,1.33631375e+01,2.91933911e+33,2.73958506e+37,7.49352309e+37,4.13659932e+37,-4.46155755e+46,1.90284614e+47,-3.42887536e+45,6.20320606e+48,1.57848763e+52,1.57943849e+52,-7.37177863e+51,1.21084955e+52,-2.08575873e+05,-1.86526026e+05,-2.45239844e+05,9.38426456e+03,2.56685599e+04,1.41696431e+04,0.00000000e+00,3.42206437e+09
2.98000000e+03,1.34067653e+01,2.91934403e+33,2.89664255e+37,7.58128251e+37,4.33146350e+37,-4.47575515e+46,1.90636708e+47,-3.30728753e+45,6.21934383e+48,1.58149767e+52,1.58245220e+52,-7.33516482e+51,1.21569396e+52,-2.08964105e+05,-1.86441894e+05,-2.44634000e+05,9.92223774e+03,2.59691302e+04,1.48371122e+04,0.00000000e+00,3.37200180e+09
2.99000000e+03,1.34504477e+01,2.91934895e+33,3.05401180e+37,7.67442164e+37,4.53734244e+37,-4.48595837e+46,1.90995842e+47,-3.22021043e+45,6.22586409e+48,1.58439913e+52,1.58535579e+52,-7.29091436e+51,1.22081007e+52,-2.09302652e+05,-1.86298078e+05,-2.44008521e+05,1.04612770e+04,2.62881271e+04,1.55423093e+04,0.00000000e+00,3.31234321e+09
3.00000000e+03,1.34941909e+01,2.91935389e+33,3.20855731e+37,7.77100781e+37,4.74863532e+37,-4.48622590e+46,1.91393030e+47,-3.15797944e+45,6.22045820e+48,1.58718748e+52,1.58814475e+52,-7.24038084e+51,1.22612571e+52,-2.09624341e+05,-1.86110952e+05,-2.43371166e+05,1.09906419e+04,2.66189304e+04,1.62660489e+04,0.00000000e+00,3.24484243e+09
3.01000000e+03,1.35380049e+01,2.91935885e+33,3.35848362e+37,7.86936855e+37,4.96170399e+37,-4.48235280e+46,1.91795633e+47,-3.21290752e+45,6.20025391e+48,1.58986278e+52,1.59081873e+52,-7.18501564e+51,1.23156795e+52,-2.09926164e+05,-1.85869291e+05,-2.42741359e+05,1.15041822e+04,2.69558110e+04,1.69958688e+04,0.00000000e+00,3.17156082e+09
3.02000000e+03,1.35819080e+01,2.91936382e+33,3.49983539e+37,7.97346910e+37,5.17734585e+37,-4.46344501e+46,1.92019379e+47,-3.38504597e+45,6.16381890e+48,1.59243296e+52,1.59338581e+52,-7.12636664e+51,1.23706748e+52,-2.10202469e+05,-1.85582338e+05,-2.42122304e+05,1.19883495e+04,2.73123515e+04,1.77345003e+04,0.00000000e+00,3.09487490e+09
3.03000000e+03,1.36259304e+01,2.91936883e+33,3.63756731e+37,8.08833831e+37,5.39987698e+37,-4.43811683e+46,1.92204425e+47,-3.61683216e+45,6.11008381e+48,1.59491927e+52,1.59586730e+52,-7.06598677e+51,1.24256796e+52,-2.10441215e+05,-1.85271545e+05,-2.41528283e+05,1.24601156e+04,2.77057775e+04,1.84967275e+04,0.00000000e+00,3.01716111e+09
3.04000000e+03,1.36701058e+01,2.91937386e+33,3.77317555e+37,8.20201586e+37,5.62536969e+37,-4.40343540e+46,1.92346855e+47,-3.87344974e+45,6.04022753e+48,1.59732958e+52,1.59827110e+52,-7.00536002e+51,1.24800310e+52,-2.10614370e+05,-1.84964672e+05,-2.40976700e+05,1.29246055e+04,2.80951199e+04,1.92690966e+04,0.00000000e+00,2.94041628e+09
3.05000000e+03,1.37144695e+01,2.91937894e+33,3.90856912e+37,8.31931901e+37,5.85875771e+37,-4.36952387e+46,1.92393175e+47,-4.16118619e+45,5.95666082e+48,1.59967327e+52,1.60060684e+52,-6.94584551e+51,1.25331456e+52,-2.10720181e+05,-1.84697029e+05,-2.40440977e+05,1.33883583e+04,2.84968796e+04,2.00685071e+04,0.00000000e+00,2.86644424e+09
3.06000000e+03,1.37590596e+01,2.91938407e+33,4.04543993e+37,8.43147102e+37,6.09252139e+37,-4.33121317e+46,1.92392421e+47,-4.46497998e+45,5.86325043e+48,1.60196519e+52,1.60289000e+52,-6.88860670e+51,1.25845966e+52,-2.10782637e+05,-1.84496931e+05,-2.39894763e+05,1.38571693e+04,2.88809928e+04,2.08692013e+04,0.00000000e+00,2.79654177e+09
3.07000000e+03,1.38039111e+01,2.91938926e+33,4.18203997e+37,8.53909055e+37,6.32787380e+37,-4.30923688e+46,1.92197050e+47,-4.73762358e+45,5.76523432e+48,1.60421966e+52,1.60513572e+52,-6.83466743e+51,1.26340235e+52,-2.10785727e+05,-1.84332952e+05,-2.39317309e+05,1.43250509e+04,2.92495786e+04,2.16753343e+04,0.00000000e+00,2.73123050e+09
3.08000000e+03,1.38490530e+01,2.91939451e+33,4.32463101e+37,8.64312644e+37,6.56248561e+37,-4.31086437e+46,1.91946504e+47,-5.00632431e+45,5.66824722e+48,1.60645509e+52,1.60736305e+52,-6.78502071e+51,1.26811201e+52,-2.10736260e+05,-1.84166454e+05,-2.38696341e+05,1.48134519e+04,2.96058871e+04,2.24789270e+04,0.00000000e+00,2.67189960e+09
3.09000000e+03,1.38945067e+01,2.91939984e+33,4.46661946e+37,8.74077042e+37,6.79119057e+37,-4.32589132e+46,1.91744359e+47,-5.26350636e+45,5.57717950e+48,1.60868694e+52,1.60958782e+52,-6.74061008e+51,1.27255732e+52,-2.10671577e+05,-1.83998379e+05,-2.38024274e+05,1.52997866e+04,2.99402991e+04,2.32622832e+04,0.00000000e+00,2.61932940e+09
3.10000000e+03,1.39402800e+01,2.91940524e+33,4.60694025e+37,8.83927821e+37,7.01847527e+37,-4.32673227e+46,1.91706674e+47,-5.57915538e+45,5.49647809e+48,1.61092329e+52,1.61181854e+52,-6.70230897e+51,1.27670309e+52,-2.10597240e+05,-1.83830044e+05,-2.37320833e+05,1.57804069e+04,3.02776678e+04,2.40407710e+04,0.00000000e+00,2.57459675e+09
3.11000000e+03,1.39863692e+01,2.91941071e+33,4.74956536e+37,8.94108233e+37,7.24864214e+37,-4.31107522e+46,1.91903461e+47,-5.93743928e+45,5.43016530e+48,1.61317642e+52,1.61406790e+52,-6.67084417e+51,1.28052569e+52,-2.10520315e+05,-1.83646772e+05,-2.36590911e+05,1.62689180e+04,3.06263257e+04,2.48291277e+04,0.00000000e+00,2.53817265e+09
3.12000000e+03,1.40325922e+01,2.91941621e+33,4.89641232e+37,9.03773258e+37,7.47606297e+37,-4.28303589e+46,1.92211838e+47,-6.24093959e+45,5.38215803e+48,1.61544695e+52,1.61633697e+52,-6.64679883e+51,1.28399702e+52,-2.10461513e+05,-1.83443873e+05,-2.35871793e+05,1.67718885e+04,3.09573282e+04,2.56080751e+04,0.00000000e+00,2.51099758e+09
3.13000000e+03,1.40787064e+01,2.91942169e+33,5.03975230e+37,9.12238269e+37,7.69655729e+37,-4.24820266e+46,1.92623874e+47,-6.48560249e+45,5.35603595e+48,1.61773571e+52,1.61862659e+52,-6.63042751e+51,1.28710522e+52,-2.10414505e+05,-1.83236998e+05,-2.35204652e+05,1.72628446e+04,3.12472252e+04,2.63632942e+04,0.00000000e+00,2.49226967e+09
3.14000000e+03,1.41247196e+01,2.91942715e+33,5.17943358e+37,9.19865234e+37,7.90684063e+37,-4.21294517e+46,1.93111924e+47,-6.68709052e+45,5.35422277e+48,1.62005543e+52,1.62094961e+52,-6.62181183e+51,1.28985902e+52,-2.10380301e+05,-1.83034723e+05,-2.34575332e+05,1.77412668e+04,3.15084155e+04,2.70835347e+04,0.00000000e+00,2.48180707e+09
3.15000000e+03,1.41706304e+01,2.91943258e+33,5.31563004e+37,9.26886957e+37,8.10855904e+37,-4.18047915e+46,1.93707256e+47,-6.82024651e+45,5.37796830e+48,1.62241560e+52,1.62331548e+52,-6.62103140e+51,1.29226391e+52,-2.10352392e+05,-1.82879068e+05,-2.33986921e+05,1.82077506e+04,3.17488735e+04,2.77744350e+04,0.00000000e+00,2.48096548e+09
3.16000000e+03,1.42164370e+01,2.91943798e+33,5.45385437e+37,9.33462882e+37,8.30267980e+37,-4.14509093e+46,1.94462875e+47,-6.91562197e+45,5.42722615e+48,1.62482549e+52,1.62573359e+52,-6.62793695e+51,1.29433675e+52,-2.10306005e+05,-1.82806333e+05,-2.33440990e+05,1.86811791e+04,3.19740610e+04,2.84393087e+04,0.00000000e+00,2.48838217e+09
3.17000000e+03,1.42621351e+01,2.91944336e+33,5.59276775e+37,9.39607432e+37,8.49427874e+37,-4.10282360e+46,1.95405284e+47,-6.98349036e+45,5.50072757e+48,1.62729529e+52,1.62821431e+52,-6.64228024e+51,1.29610029e+52,-2.10217547e+05,-1.82851904e+05,-2.32920995e+05,1.91569661e+04,3.21844720e+04,2.90955421e+04,0.00000000e+00,2.50408961e+09
3.18000000e+03,1.43077191e+01,2.91944872e+33,5.73160915e+37,9.45900519e+37,8.68149163e+37,-4.04008249e+46,1.96545916e+47,-6.84404431e+45,5.59642771e+48,1.62983270e+52,1.63076495e+52,-6.66374548e+51,1.29757767e+52,-2.10099887e+05,-1.83032492e+05,-2.32416254e+05,1.96325050e+04,3.23999703e+04,2.97367499e+04,0.00000000e+00,2.52807988e+09
3.19000000e+03,1.43531793e+01,2.91945405e+33,5.87071470e+37,9.51953371e+37,8.87167024e+37,-3.96799204e+46,1.97810674e+47,-6.46540062e+45,5.71187437e+48,1.63244290e+52,1.63339051e+52,-6.69188841e+51,1.29879609e+52,-2.09969073e+05,-1.83356939e+05,-2.31921819e+05,2.01089471e+04,3.26072394e+04,3.03881140e+04,0.00000000e+00,2.55989324e+09
3.20000000e+03,1.43985039e+01,2.91945934e+33,6.00503167e+37,9.56596354e+37,9.05707849e+37,-3.89556962e+46,1.99099303e+47,-5.90490790e+45,5.84367082e+48,1.63513210e+52,1.63609685e+52,-6.72615420e+51,1.29978914e+52,-2.09820033e+05,-1.83841146e+05,-2.31450845e+05,2.05689854e+04,3.27662160e+04,3.10231362e+04,0.00000000e+00,2.59892609e+09
3.21000000e+03,1.44436866e+01,2.91946461e+33,6.14479438e+37,9.61631986e+37,9.25536508e+37,-3.81278536e+46,2.00381444e+47,-5.17593771e+45,5.98731404e+48,1.63790303e+52,1.63888611e+52,-6.76588781e+51,1.30059172e+52,-2.09656379e+05,-1.84486763e+05,-2.31009292e+05,2.10476755e+04,3.29386417e+04,3.17022685e+04,0.00000000e+00,2.64476926e+09
3.22000000e+03,1.44887227e+01,2.91946984e+33,6.27369485e+37,9.65750737e+37,9.44428457e+37,-3.72991293e+46,2.01779558e+47,-4.26479135e+45,6.13693313e+48,1.64075533e+52,1.64175751e+52,-6.81028848e+51,1.30124309e+52,-2.09483292e+05,-1.85281918e+05,-2.30607834e+05,2.14891579e+04,3.30796614e+04,3.23493137e+04,0.00000000e+00,2.69684582e+09
3.23000000e+03,1.45336111e+01,2.91947504e+33,6.39830496e+37,9.70533604e+37,9.63278262e+37,-3.65349505e+46,2.03136668e+47,-3.09522889e+45,6.28776807e+48,1.64368627e+52,1.64470790e+52,-6.85838016e+51,1.30178889e+52,-2.09293752e+05,-1.86237633e+05,-2.30251495e+05,2.19159434e+04,3.32434288e+04,3.29949135e+04,0.00000000e+00,2.75410752e+09
3.24000000e+03,1.45783559e+01,2.91948020e+33,6.52569185e+37,9.74880395e+37,9.80741770e+37,-3.59067637e+46,2.04509567e+47,-1.63876392e+45,6.43469992e+48,1.64668925e+52,1.64773007e+52,-6.90903463e+51,1.30227834e+52,-2.09107889e+05,-1.87355949e+05,-2.29930977e+05,2.23522387e+04,3.33922592e+04,3.35930269e+04,0.00000000e+00,2.81530741e+09
3.25000000e+03,1.46229710e+01,2.91948534e+33,6.65586554e+37,9.78548565e+37,9.97512905e+37,-3.51669613e+46,2.05898066e+47,1.76582712e+43,6.57407799e+48,1.64975460e+52,1.65081394e+52,-6.96101820e+51,1.30276303e+52,-2.08962017e+05,-1.88597874e+05,-2.29656786e+05,2.27980783e+04,3.35178448e+04,3.41674230e+04,0.00000000e+00,2.87899703e+09
3.26000000e+03,1.46674791e+01,2.91949045e+33,6.77668626e+37,9.80700967e+37,1.01365181e+38,-3.41264249e+46,2.07242443e+47,1.71706122e+45,6.70349936e+48,1.65287663e+52,1.65395338e+52,-7.01306745e+51,1.30330001e+52,-2.08849624e+05,-1.89932116e+05,-2.29430165e+05,2.32118802e+04,3.35915114e+04,3.47201617e+04,0.00000000e+00,2.94349367e+09
3.27000000e+03,1.47118993e+01,2.91949554e+33,6.87978795e+37,9.83119650e+37,1.02905664e+38,-3.30705702e+46,2.08584170e+47,3.40924449e+45,6.82163531e+48,1.65604249e+52,1.65713526e+52,-7.06388501e+51,1.30394101e+52,-2.08763786e+05,-1.91334214e+05,-2.29263123e+05,2.35649888e+04,3.36742988e+04,3.52477550e+04,0.00000000e+00,3.00775321e+09
3.28000000e+03,1.47562234e+01,2.91950061e+33,6.98624619e+37,9.85123764e+37,1.04360815e+38,-3.20396246e+46,2.09927603e+47,5.02929128e+45,6.92805712e+48,1.65923960e+52,1.66034694e+52,-7.11206579e+51,1.30474365e+52,-2.08677776e+05,-1.92784847e+05,-2.29124027e+05,2.39295932e+04,3.37428860e+04,3.57461187e+04,0.00000000e+00,3.06974645e+09
3.29000000e+03,1.48004770e+01,2.91950566e+33,7.07751459e+37,9.85326685e+37,1.05663384e+38,-3.09687380e+46,2.11404480e+47,6.51751858e+45,7.02307547e+48,1.66245665e+52,1.66357696e+52,-7.15618282e+51,1.30576782e+52,-2.08591026e+05,-1.94289076e+05,-2.28958690e+05,2.42421677e+04,3.37497782e+04,3.61922176e+04,0.00000000e+00,3.12758533e+09
3.30000000e+03,1.48446889e+01,2.91951071e+33,7.17316790e+37,9.84423805e+37,1.06956676e+38,-2.96868050e+46,2.12881689e+47,7.96074085e+45,7.10718673e+48,1.66568110e+52,1.66681265e+52,-7.19486072e+51,1.30706962e+52,-2.08495434e+05,-1.95809893e+05,-2.28765388e+05,2.45697605e+04,3.37187941e+04,3.66351373e+04,0.00000000e+00,3.17887767e+09
3.31000000e+03,1.48888637e+01,2.91951575e+33,7.26887765e+37,9.83910417e+37,1.08254544e+38,-2.81750134e+46,2.14355362e+47,9.48786945e+45,7.18130532e+48,1.66889310e+52,1.67003403e+52,-7.22678305e+51,1.30869488e+52,-2.08364883e+05,-1.97319608e+05,-2.28532183e+05,2.48975456e+04,3.37011512e+04,3.70796231e+04,0.00000000e+00,3.22273031e+09
3.32000000e+03,1.49329551e+01,2.91952077e+33,7.36627491e+37,9.82607451e+37,1.09467835e+38,-2.63991607e+46,2.15826970e+47,1.11264531e+46,7.24646582e+48,1.67207421e+52,1.67322290e+52,-7.25071250e+51,1.31068728e+52,-2.08190815e+05,-1.98816119e+05,-2.28270929e+05,2.52311098e+04,3.36564638e+04,3.74951382e+04,0.00000000e+00,3.25547381e+09
3.33000000e+03,1.49769945e+01,2.91952577e+33,7.46217369e+37,9.80508646e+37,1.10656002e+38,-2.45771225e+46,2.17277272e+47,1.28532738e+46,7.30257852e+48,1.67521220e+52,1.67636692e+52,-7.26580289e+51,1.31307678e+52,-2.07985284e+05,-2.00318231e+05,-2.27961933e+05,2.55595404e+04,3.35845176e+04,3.79020467e+04,0.00000000e+00,3.27700701e+09
3.34000000e+03,1.50210289e+01,2.91953078e+33,7.55682338e+37,9.78035583e+37,1.11820237e+38,-2.28019123e+46,2.18672816e+47,1.48035378e+46,7.34880448e+48,1.67829358e+52,1.67945257e+52,-7.27151447e+51,1.31587685e+52,-2.07758900e+05,-2.01821745e+05,-2.27619271e+05,2.58836914e+04,3.34997524e+04,3.83007565e+04,0.00000000e+00,3.28552893e+09
3.35000000e+03,1.50650965e+01,2.91953579e+33,7.65172979e+37,9.75235079e+37,1.12947452e+38,-2.09105856e+46,2.19872614e+47,1.67643852e+46,7.38372481e+48,1.68132121e+52,1.68248273e+52,-7.26764159e+51,1.31910066e+52,-2.07501189e+05,-2.03307534e+05,-2.27298566e+05,2.62087206e+04,3.34037720e+04,3.86867845e+04,0.00000000e+00,3.28138238e+09
3.36000000e+03,1.51092367e+01,2.91954082e+33,7.74477415e+37,9.72846070e+37,1.14014607e+38,-1.90550261e+46,2.20897000e+47,1.87166643e+46,7.40631822e+48,1.68427510e+52,1.68543719e+52,-7.25425625e+51,1.32272438e+52,-2.07192982e+05,-2.04742399e+05,-2.26965419e+05,2.65273707e+04,3.33218862e+04,3.90522393e+04,0.00000000e+00,3.26408223e+09
3.37000000e+03,1.51534807e+01,2.91954587e+33,7.83664819e+37,9.71018527e+37,1.15045956e+38,-1.73467142e+46,2.21979583e+47,2.06325279e+46,7.41436497e+48,1.68714867e+52,1.68830959e+52,-7.23181299e+51,1.32671894e+52,-2.06833437e+05,-2.06095664e+05,-2.26596851e+05,2.68420108e+04,3.32592317e+04,3.94054284e+04,0.00000000e+00,3.23444196e+09
3.38000000e+03,1.51978622e+01,2.91955096e+33,7.92568779e+37,9.68163435e+37,1.16019014e+38,-1.57271087e+46,2.22962935e+47,2.25801556e+46,7.40610921e+48,1.68993824e+52,1.69109616e+52,-7.20108450e+51,1.33104193e+52,-2.06450850e+05,-2.07359143e+05,-2.26192005e+05,2.71469411e+04,3.31613816e+04,3.97386503e+04,0.00000000e+00,3.19422422e+09
3.39000000e+03,1.52424171e+01,2.91955608e+33,8.01064232e+37,9.64419604e+37,1.16956852e+38,-1.43160336e+46,2.23863844e+47,2.45769193e+46,7.37969394e+48,1.69263795e+52,1.69379092e+52,-7.16301986e+51,1.33563993e+52,-2.06100687e+05,-2.08520209e+05,-2.25739065e+05,2.74378779e+04,3.30330906e+04,4.00598067e+04,0.00000000e+00,3.14457436e+09
3.40000000e+03,1.52871745e+01,2.91956125e+33,8.10236822e+37,9.60823850e+37,1.18048588e+38,-1.30751958e+46,2.24660643e+47,2.66914462e+46,7.33400396e+48,1.69524688e+52,1.69639281e+52,-7.11875159e+51,1.34045523e+52,-2.05808676e+05,-2.09618604e+05,-2.25233393e+05,2.77520063e+04,3.29098713e+04,4.04336741e+04,0.00000000e+00,3.08741016e+09
3.41000000e+03,1.53321638e+01,2.91956647e+33,8.20094687e+37,9.58147033e+37,1.19242436e+38,-1.18249509e+46,2.25371498e+47,2.88570129e+46,7.26800697e+48,1.69777393e+52,1.69891075e+52,-7.06956428e+51,1.34543253e+52,-2.05578978e+05,-2.10716399e+05,-2.24666453e+05,2.80896049e+04,3.28181271e+04,4.08425146e+04,0.00000000e+00,3.02454480e+09
3.42000000e+03,1.53774078e+01,2.91957175e+33,8.30557307e+37,9.57077379e+37,1.20522148e+38,-1.05778451e+46,2.26043035e+47,3.09841785e+46,7.18253338e+48,1.70021005e+52,1.70133567e+52,-7.01685706e+51,1.35049281e+52,-2.05406601e+05,-2.11799573e+05,-2.24068667e+05,2.84479156e+04,3.27814304e+04,4.12807625e+04,0.00000000e+00,2.95774520e+09
3.43000000e+03,1.54229264e+01,2.91957709e+33,8.42011808e+37,9.59166925e+37,1.21966257e+38,-9.52467616e+45,2.26751444e+47,3.29529315e+46,7.07883133e+48,1.70256889e+52,1.70368138e+52,-6.96210626e+51,1.35557607e+52,-2.05291484e+05,-2.12862894e+05,-2.23414969e+05,2.88401978e+04,3.28529405e+04,4.17753165e+04,0.00000000e+00,2.88918205e+09
3.44000000e+03,1.54687423e+01,2.91958250e+33,8.53876250e+37,9.63798918e+37,1.23649022e+38,-8.39738746e+45,2.27564649e+47,3.47520811e+46,6.95936958e+48,1.70485216e+52,1.70595001e+52,-6.90680130e+51,1.36060994e+52,-2.05219775e+05,-2.13905032e+05,-2.22665476e+05,2.92465190e+04,3.30115322e+04,4.23516111e+04,0.00000000e+00,2.82091413e+09
3.45000000e+03,1.55148739e+01,2.91958798e+33,8.66333036e+37,9.69783084e+37,1.25488462e+38,-7.24468791e+45,2.28379636e+47,3.64132594e+46,6.82726111e+48,1.70707241e+52,1.70815449e+52,-6.85240326e+51,1.36553432e+52,-2.05190140e+05,-2.14947515e+05,-2.21838777e+05,2.96731265e+04,3.32164364e+04,4.29815655e+04,0.00000000e+00,2.75464883e+09
3.46000000e+03,1.55613360e+01,2.91959354e+33,8.80055251e+37,9.78277264e+37,1.27472000e+38,-6.06257204e+45,2.29225241e+47,3.79724080e+46,6.68667619e+48,1.70924369e+52,1.71030948e+52,-6.80028887e+51,1.37029504e+52,-2.05167886e+05,-2.16035247e+05,-2.20959049e+05,3.01430743e+04,3.35073102e+04,4.36608720e+04,0.00000000e+00,2.69220102e+09
3.47000000e+03,1.56081261e+01,2.91959918e+33,8.93498263e+37,9.86999440e+37,1.29535242e+38,-4.74740659e+45,2.30079376e+47,3.95289739e+46,6.54317108e+48,1.71137850e+52,1.71242809e+52,-6.75169268e+51,1.37484345e+52,-2.05145688e+05,-2.17181002e+05,-2.20041071e+05,3.06034564e+04,3.38059911e+04,4.43674744e+04,0.00000000e+00,2.63466388e+09
3.48000000e+03,1.56551719e+01,2.91960488e+33,9.07168627e+37,9.96583264e+37,1.31551765e+38,-3.40658099e+45,2.30907229e+47,4.10117803e+46,6.40211811e+48,1.71348434e+52,1.71451845e+52,-6.70776660e+51,1.37913012e+52,-2.05091937e+05,-2.18393960e+05,-2.19137536e+05,3.10716232e+04,3.41341827e+04,4.50580713e+04,0.00000000e+00,2.58333635e+09
3.49000000e+03,1.57024494e+01,2.91961063e+33,9.21317513e+37,1.00727252e+38,1.33639828e+38,-1.96910906e+45,2.31647719e+47,4.22502929e+46,6.26912891e+48,1.71557036e+52,1.71659015e+52,-6.66945202e+51,1.38311755e+52,-2.05036883e+05,-2.19678031e+05,-2.18270732e+05,3.15561775e+04,3.45002346e+04,4.57731681e+04,0.00000000e+00,2.53907746e+09
3.50000000e+03,1.57499533e+01,2.91961644e+33,9.35826484e+37,1.01717364e+38,1.35785379e+38,-4.75180335e+44,2.32385236e+47,4.31539481e+46,6.14997127e+48,1.71764872e+52,1.71865590e+52,-6.63750166e+51,1.38678082e+52,-2.05004066e+05,-2.21027299e+05,-2.17456035e+05,3.20530626e+04,3.48392900e+04,4.65079512e+04,0.00000000e+00,2.50258225e+09
3.51000000e+03,1.57976445e+01,2.91962229e+33,9.51006978e+37,1.02611006e+38,1.37978344e+38,9.95912973e+44,2.33161121e+47,4.38559945e+46,6.04928654e+48,1.71972903e+52,1.72072589e+52,-6.61254318e+51,1.39009873e+52,-2.05023473e+05,-2.22462206e+05,-2.16707826e+05,3.25729455e+04,3.51453015e+04,4.72589706e+04,0.00000000e+00,2.47392176e+09
3.52000000e+03,1.58454675e+01,2.91962818e+33,9.66426580e+37,1.03372525e+38,1.40201328e+38,2.41415031e+45,2.33829084e+47,4.44381139e+46,5.97081716e+48,1.72182188e+52,1.72281125e+52,-6.59513005e+51,1.39305475e+52,-2.05093658e+05,-2.24010688e+05,-2.16042985e+05,3.31010157e+04,3.54060581e+04,4.80202681e+04,0.00000000e+00,2.45377935e+09
3.53000000e+03,1.58933977e+01,2.91963409e+33,9.82408839e+37,1.04006348e+38,1.42542094e+38,3.83466451e+45,2.34321123e+47,4.48473608e+46,5.91721687e+48,1.72393761e+52,1.72492261e+52,-6.58564567e+51,1.39564033e+52,-2.05223637e+05,-2.25697124e+05,-2.15477615e+05,3.36483549e+04,3.56230764e+04,4.88219038e+04,0.00000000e+00,2.44273080e+09
3.54000000e+03,1.59413483e+01,2.91964000e+33,9.99258152e+37,1.04576748e+38,1.45008637e+38,5.34482001e+45,2.34758439e+47,4.51560013e+46,5.89036739e+48,1.72608598e+52,1.72706987e+52,-6.58427881e+51,1.39785593e+52,-2.05450868e+05,-2.27540606e+05,-2.14986014e+05,3.42253891e+04,3.58183708e+04,4.96666153e+04,0.00000000e+00,2.44046081e+09
3.55000000e+03,1.59892562e+01,2.91964591e+33,1.01684447e+38,1.05163440e+38,1.47568582e+38,6.93995830e+45,2.35220782e+47,4.53626596e+46,5.89019501e+48,1.72827724e+52,1.72926311e+52,-6.59109907e+51,1.39970816e+52,-2.05775748e+05,-2.29557706e+05,-2.14522293e+05,3.48276641e+04,3.60192447e+04,5.05433147e+04,0.00000000e+00,2.44718553e+09
3.56000000e+03,1.60370791e+01,2.91965179e+33,1.03547460e+38,1.05922248e+38,1.50249317e+38,8.70872213e+45,2.35725636e+47,4.54768617e+46,5.91582764e+48,1.73051843e+52,1.73150919e+52,-6.60602855e+51,1.40120776e+52,-2.06172653e+05,-2.31765067e+05,-2.14096832e+05,3.54656881e+04,3.62790687e+04,5.14613823e+04,0.00000000e+00,2.46333689e+09
3.57000000e+03,1.60847989e+01,2.91965765e+33,1.05511595e+38,1.06878906e+38,1.53082014e+38,1.06039513e+46,2.36261845e+47,4.54712170e+46,5.96611740e+48,1.73281704e+52,1.73381531e+52,-6.62880124e+51,1.40237525e+52,-2.06653199e+05,-2.34178099e+05,-2.13735171e+05,3.61383448e+04,3.66066570e+04,5.24314947e+04,0.00000000e+00,2.48831705e+09
3.58000000e+03,1.61324071e+01,2.91966348e+33,1.07614626e+38,1.07975044e+38,1.56032027e+38,1.27160319e+46,2.36928987e+47,4.52788572e+46,6.03729801e+48,1.73518329e+52,1.73619140e+52,-6.65898690e+51,1.40324205e+52,-2.07216162e+05,-2.36780593e+05,-2.13422070e+05,3.68585717e+04,3.69820168e+04,5.34417846e+04,0.00000000e+00,2.52189891e+09
3.59000000e+03,1.61799007e+01,2.91966929e+33,1.09896999e+38,1.09220404e+38,1.58960202e+38,1.48861689e+46,2.37511145e+47,4.49711555e+46,6.12520963e+48,1.73762479e+52,1.73864466e+52,-6.69601354e+51,1.40384398e+52,-2.07840034e+05,-2.39541336e+05,-2.13149365e+05,3.76402215e+04,3.74084849e+04,5.44445917e+04,0.00000000e+00,2.56351369e+09
3.60000000e+03,1.62272626e+01,2.91967506e+33,1.12233632e+38,1.10651741e+38,1.61873024e+38,1.71698721e+46,2.37978100e+47,4.46226238e+46,6.22543480e+48,1.74014420e+52,1.74117739e+52,-6.73916549e+51,1.40421911e+52,-2.08487695e+05,-2.42465792e+05,-2.12935967e+05,3.84404529e+04,3.78986494e+04,5.54421369e+04,0.00000000e+00,2.61267033e+09
3.61000000e+03,1.62743939e+01,2.91968078e+33,1.14780244e+38,1.12268778e+38,1.64833948e+38,1.96261920e+46,2.38291137e+47,4.40494637e+46,6.33162934e+48,1.74274150e+52,1.74378887e+52,-6.78749689e+51,1.40441402e+52,-2.09117650e+05,-2.45560952e+05,-2.12760106e+05,3.93126005e+04,3.84524154e+04,5.64561542e+04,0.00000000e+00,2.66855353e+09
3.62000000e+03,1.63212850e+01,2.91968644e+33,1.17448348e+38,1.13947892e+38,1.67629308e+38,2.23237509e+46,2.38577627e+47,4.33613395e+46,6.43779819e+48,1.74541152e+52,1.74647334e+52,-6.84000343e+51,1.40447316e+52,-2.09717741e+05,-2.48760475e+05,-2.12618570e+05,4.02263568e+04,3.90274416e+04,5.74134624e+04,0.00000000e+00,2.73034183e+09
3.63000000e+03,1.63679451e+01,2.91969205e+33,1.20173553e+38,1.15891313e+38,1.70393929e+38,2.50775856e+46,2.38793430e+47,4.27861992e+46,6.53822158e+48,1.74815116e+52,1.74922713e+52,-6.89557711e+51,1.40444828e+52,-2.10286930e+05,-2.52047512e+05,-2.12521861e+05,4.11596673e+04,3.96929921e+04,5.83602400e+04,0.00000000e+00,2.79695055e+09
3.64000000e+03,1.64143852e+01,2.91969761e+33,1.23214023e+38,1.18016765e+38,1.73299410e+38,2.77512899e+46,2.38927156e+47,4.23516639e+46,6.62640947e+48,1.75095108e+52,1.75204034e+52,-6.95297135e+51,1.40439177e+52,-2.10822378e+05,-2.55399898e+05,-2.12417519e+05,4.22009535e+04,4.04208862e+04,5.93552598e+04,0.00000000e+00,2.86689015e+09
3.65000000e+03,1.64606245e+01,2.91970312e+33,1.26196044e+38,1.20200143e+38,1.76347022e+38,3.03933193e+46,2.38831784e+47,4.20571653e+46,6.69946477e+48,1.75379896e+52,1.75490032e+52,-7.01080676e+51,1.40435998e+52,-2.11336106e+05,-2.58768184e+05,-2.12301610e+05,4.32222176e+04,4.11686184e+04,6.03989565e+04,0.00000000e+00,2.93891111e+09
3.66000000e+03,1.65066621e+01,2.91970858e+33,1.29541373e+38,1.22258937e+38,1.79306782e+38,3.27972008e+46,2.38602152e+47,4.19389149e+46,6.75544842e+48,1.75668197e+52,1.75779406e+52,-7.06755066e+51,1.40441652e+52,-2.11783314e+05,-2.62175241e+05,-2.12168060e+05,4.43679119e+04,4.18736780e+04,6.14125613e+04,0.00000000e+00,3.01064280e+09
3.67000000e+03,1.65524742e+01,2.91971399e+33,1.33109293e+38,1.24208872e+38,1.82399052e+38,3.49385298e+46,2.38337214e+47,4.17822549e+46,6.79506460e+48,1.75957982e+52,1.76070147e+52,-7.12156799e+51,1.40462307e+52,-2.12099819e+05,-2.65608812e+05,-2.12012825e+05,4.55898399e+04,4.25414517e+04,6.24715478e+04,0.00000000e+00,3.08034393e+09
3.68000000e+03,1.65980856e+01,2.91971935e+33,1.36880371e+38,1.25914248e+38,1.85434050e+38,3.69544586e+46,2.38030251e+47,4.16118544e+46,6.81867524e+48,1.76247562e+52,1.76360589e+52,-7.17125958e+51,1.40504291e+52,-2.12251060e+05,-2.69072645e+05,-2.11821859e+05,4.68813453e+04,4.31254628e+04,6.35109157e+04,0.00000000e+00,3.14531195e+09
3.69000000e+03,1.66435179e+01,2.91972468e+33,1.40834811e+38,1.27505364e+38,1.88243105e+38,3.85413427e+46,2.37680016e+47,4.13181662e+46,6.82676850e+48,1.76534555e+52,1.76648352e+52,-7.21511202e+51,1.40572792e+52,-2.12198578e+05,-2.72598042e+05,-2.11513916e+05,4.82356478e+04,4.36703381e+04,6.44728959e+04,0.00000000e+00,3.20338533e+09
3.70000000e+03,1.66888223e+01,2.91972997e+33,1.44784307e+38,1.29175178e+38,1.90919352e+38,3.96394379e+46,2.37298032e+47,4.10883522e+46,6.82143256e+48,1.76818065e+52,1.76932547e+52,-7.25178658e+51,1.40673615e+52,-2.11961575e+05,-2.76165075e+05,-2.11048841e+05,4.95882524e+04,4.42421659e+04,6.53893866e+04,0.00000000e+00,3.25279833e+09
3.71000000e+03,1.67340457e+01,2.91973524e+33,1.48731567e+38,1.30737266e+38,1.93340810e+38,4.03947660e+46,2.36830898e+47,4.08910113e+46,6.80485678e+48,1.77095343e+52,1.77210422e+52,-7.28007732e+51,1.40810036e+52,-2.11526933e+05,-2.79803716e+05,-2.10449127e+05,5.09400870e+04,4.47770961e+04,6.62186101e+04,0.00000000e+00,3.29144752e+09
3.72000000e+03,1.67792371e+01,2.91974051e+33,1.52758091e+38,1.32195598e+38,1.95524284e+38,4.06860571e+46,2.36246693e+47,4.08879481e+46,6.78039275e+48,1.77364596e+52,1.77480218e+52,-7.29907902e+51,1.40984823e+52,-2.10906115e+05,-2.83327300e+05,-2.09684097e+05,5.23190642e+04,4.52764887e+04,6.69663222e+04,0.00000000e+00,3.31809046e+09
3.73000000e+03,1.68243984e+01,2.91974577e+33,1.56759927e+38,1.33546790e+38,1.97497904e+38,4.06306823e+46,2.35666939e+47,4.09770771e+46,6.75050136e+48,1.77623551e+52,1.77739679e+52,-7.30818062e+51,1.41198776e+52,-2.10064392e+05,-2.86539041e+05,-2.08774220e+05,5.36895809e+04,4.57391842e+04,6.76421578e+04,0.00000000e+00,3.33158985e+09
3.74000000e+03,1.68695240e+01,2.91975103e+33,1.60738646e+38,1.34850811e+38,1.99293040e+38,4.02893552e+46,2.35079853e+47,4.11452769e+46,6.71625478e+48,1.77871170e+52,1.77987737e+52,-7.30707147e+51,1.41452379e+52,-2.09034359e+05,-2.89442643e+05,-2.07714369e+05,5.50521754e+04,4.61857226e+04,6.82568609e+04,0.00000000e+00,3.33155034e+09
3.75000000e+03,1.69146606e+01,2.91975628e+33,1.64645081e+38,1.36098027e+38,2.00887183e+38,3.99059823e+46,2.34389429e+47,4.14535792e+46,6.67562471e+48,1.78107007e+52,1.78223921e+52,-7.29576423e+51,1.41745100e+52,-2.07847854e+05,-2.91978932e+05,-2.06494682e+05,5.63900083e+04,4.66128038e+04,6.88027230e+04,0.00000000e+00,3.31774659e+09
3.76000000e+03,1.69598659e+01,2.91976155e+33,1.68475286e+38,1.37290050e+38,2.02319645e+38,3.95536461e+46,2.33451209e+47,4.20079814e+46,6.62803689e+48,1.78331253e+52,1.78448388e+52,-7.27460689e+51,1.42075354e+52,-2.06543033e+05,-2.94151147e+05,-2.05111385e+05,5.77017278e+04,4.70209800e+04,6.92932083e+04,0.00000000e+00,3.29033958e+09
3.77000000e+03,1.70051998e+01,2.91976685e+33,1.72160456e+38,1.38459622e+38,2.03548908e+38,3.88655577e+46,2.32247444e+47,4.27052183e+46,6.57498565e+48,1.78544922e+52,1.78662139e+52,-7.24430314e+51,1.42440623e+52,-2.05136049e+05,-2.95993636e+05,-2.03549882e+05,5.89637683e+04,4.74214651e+04,6.97140966e+04,0.00000000e+00,3.25078178e+09
3.78000000e+03,1.70505625e+01,2.91977216e+33,1.75480647e+38,1.39653034e+38,2.04765486e+38,3.78808853e+46,2.30865469e+47,4.34210094e+46,6.51586461e+48,1.78748097e+52,1.78865241e+52,-7.20598991e+51,1.42835291e+52,-2.03608755e+05,-2.97609909e+05,-2.01792433e+05,6.01008016e+04,4.78301137e+04,7.01306386e+04,0.00000000e+00,3.20066382e+09
3.79000000e+03,1.70958854e+01,2.91977746e+33,1.78419079e+38,1.40998093e+38,2.06037770e+38,3.66965435e+46,2.29585636e+47,4.41894158e+46,6.44995297e+48,1.78941172e+52,1.79058053e+52,-7.16112352e+51,1.43252436e+52,-2.01936413e+05,-2.99117169e+05,-1.99912685e+05,6.11070816e+04,4.82906986e+04,7.05662581e+04,0.00000000e+00,3.14213165e+09
3.80000000e+03,1.71412976e+01,2.91978252e+33,1.80909903e+38,1.42367721e+38,2.07223544e+38,3.51956295e+46,2.28520288e+47,4.49455858e+46,6.37615408e+48,1.79124681e+52,1.79240938e+52,-7.11106320e+51,1.43685622e+52,-2.00096534e+05,-3.00558906e+05,-1.97986227e+05,6.19600608e+04,4.87597003e+04,7.09722532e+04,0.00000000e+00,3.07802943e+09
3.81000000e+03,1.71867845e+01,2.91978760e+33,1.82862625e+38,1.43791457e+38,2.08350816e+38,3.34792632e+46,2.27237388e+47,4.56364494e+46,6.28995208e+48,1.79298860e+52,1.79414273e+52,-7.05753509e+51,1.44126598e+52,-1.98083582e+05,-3.01826743e+05,-1.96043337e+05,6.26287424e+04,4.92472317e+04,7.13582097e+04,0.00000000e+00,3.00942699e+09
3.82000000e+03,1.72324320e+01,2.91979297e+33,1.84416778e+38,1.45359527e+38,2.09479048e+38,3.16278733e+46,2.25713760e+47,4.64184955e+46,6.18860216e+48,1.79464894e+52,1.79579446e+52,-7.00202720e+51,1.44569310e+52,-1.95963950e+05,-3.02888475e+05,-1.94057820e+05,6.31609089e+04,4.97841895e+04,7.17444867e+04,0.00000000e+00,2.93901767e+09
3.83000000e+03,1.72783330e+01,2.91979841e+33,1.85619270e+38,1.46850758e+38,2.10765911e+38,2.95921969e+46,2.23904524e+47,4.74105112e+46,6.07824909e+48,1.79623844e+52,1.79737412e+52,-6.94574893e+51,1.45008667e+52,-1.93772713e+05,-3.03763526e+05,-1.92038438e+05,6.35726322e+04,5.02948278e+04,7.21850900e+04,0.00000000e+00,2.86885063e+09
3.84000000e+03,1.73245271e+01,2.91980364e+33,1.86302197e+38,1.48450727e+38,2.12140289e+38,2.76249135e+46,2.21963057e+47,4.85879921e+46,5.95995559e+48,1.79776549e+52,1.79888856e+52,-6.89006702e+51,1.45438521e+52,-1.91442192e+05,-3.04445484e+05,-1.89992042e+05,6.38064130e+04,5.08427092e+04,7.26556696e+04,0.00000000e+00,2.80066873e+09
3.85000000e+03,1.73710088e+01,2.91980921e+33,1.86699786e+38,1.49968865e+38,2.13322033e+38,2.56423895e+46,2.19848770e+47,4.98064250e+46,5.82963944e+48,1.79924253e+52,1.80035363e+52,-6.83658134e+51,1.45852457e+52,-1.88988016e+05,-3.04975770e+05,-1.87877782e+05,6.39424608e+04,5.13625562e+04,7.30602645e+04,0.00000000e+00,2.73597663e+09
3.86000000e+03,1.74177992e+01,2.91981485e+33,1.86732318e+38,1.51274412e+38,2.14304936e+38,2.36079792e+46,2.17674534e+47,5.09194861e+46,5.69825145e+48,1.80068556e+52,1.80178454e+52,-6.78627548e+51,1.46247077e+52,-1.86459588e+05,-3.05396772e+05,-1.85624622e+05,6.39534792e+04,5.18095907e+04,7.33967552e+04,0.00000000e+00,2.67571656e+09
3.87000000e+03,1.74649007e+01,2.91982056e+33,1.86228992e+38,1.52511684e+38,2.14687455e+38,2.16072930e+46,2.15573547e+47,5.21446143e+46,5.57040287e+48,1.80209881e+52,1.80318618e+52,-6.74028819e+51,1.46617177e+52,-1.83829667e+05,-3.05799466e+05,-1.83247756e+05,6.37809715e+04,5.22332387e+04,7.35276196e+04,0.00000000e+00,2.62123915e+09
3.88000000e+03,1.75120141e+01,2.91982628e+33,1.85626061e+38,1.53320825e+38,2.14372849e+38,1.97998308e+46,2.13538765e+47,5.34315596e+46,5.45126580e+48,1.80348185e+52,1.80455836e+52,-6.69987289e+51,1.46956472e+52,-1.81140142e+05,-3.06197160e+05,-1.80782583e+05,6.35743511e+04,5.25102558e+04,7.34197274e+04,0.00000000e+00,2.57400391e+09
3.89000000e+03,1.75595232e+01,2.91983209e+33,1.84961347e+38,1.53611329e+38,2.13650005e+38,1.80663085e+46,2.11628891e+47,5.47330202e+46,5.34301790e+48,1.80485787e+52,1.80592472e+52,-6.66551661e+51,1.47264889e+52,-1.78407858e+05,-3.06607606e+05,-1.78168375e+05,6.33465696e+04,5.26096449e+04,7.31720178e+04,0.00000000e+00,2.53410022e+09
3.90000000e+03,1.76071189e+01,2.91983792e+33,1.84252649e+38,1.53596209e+38,2.12418126e+38,1.63751824e+46,2.09788490e+47,5.60590192e+46,5.25153416e+48,1.80623130e+52,1.80729026e+52,-6.63810214e+51,1.47538516e+52,-1.75668888e+05,-3.07054170e+05,-1.75500807e+05,6.31037251e+04,5.26043615e+04,7.27499717e+04,0.00000000e+00,2.50231944e+09
3.91000000e+03,1.76547865e+01,2.91984377e+33,1.83335223e+38,1.53433809e+38,2.10778972e+38,1.49246016e+46,2.08044368e+47,5.73385272e+46,5.17936569e+48,1.80761435e+52,1.80866747e+52,-6.61812737e+51,1.47776110e+52,-1.72906494e+05,-3.07535626e+05,-1.72851266e+05,6.27893949e+04,5.25486367e+04,7.21884420e+04,0.00000000e+00,2.47924524e+09
3.92000000e+03,1.77025096e+01,2.91984963e+33,1.82270827e+38,1.53086666e+38,2.08603930e+38,1.37458681e+46,2.06337734e+47,5.85750644e+46,5.12953195e+48,1.80901953e+52,1.81006939e+52,-6.60590767e+51,1.47977401e+52,-1.70084301e+05,-3.08044485e+05,-1.70221201e+05,6.24247307e+04,5.24296404e+04,7.14433811e+04,0.00000000e+00,2.46501389e+09
3.93000000e+03,1.77502799e+01,2.91985550e+33,1.81328125e+38,1.52674765e+38,2.05870526e+38,1.26428992e+46,2.04752535e+47,5.98212810e+46,5.10311870e+48,1.81045767e+52,1.81150695e+52,-6.60161098e+51,1.48142641e+52,-1.67220640e+05,-3.08592777e+05,-1.67607234e+05,6.21017462e+04,5.22884658e+04,7.05070938e+04,0.00000000e+00,2.45926949e+09
3.94000000e+03,1.77980109e+01,2.91986137e+33,1.80328916e+38,1.52525276e+38,2.02847287e+38,1.14806810e+46,2.03346192e+47,6.11929974e+46,5.10048490e+48,1.81193844e+52,1.81298984e+52,-6.60530185e+51,1.48272475e+52,-1.64372916e+05,-3.09144745e+05,-1.65038640e+05,6.17594102e+04,5.22371636e+04,6.94715474e+04,0.00000000e+00,2.46229708e+09
3.95000000e+03,1.78455430e+01,2.91986718e+33,1.79320477e+38,1.53110817e+38,1.99913964e+38,1.03899348e+46,2.02032216e+47,6.26135654e+46,5.12071917e+48,1.81346591e+52,1.81452189e+52,-6.61685940e+51,1.48367892e+52,-1.61520923e+05,-3.09694861e+05,-1.62553878e+05,6.14139157e+04,5.24375963e+04,6.84668006e+04,0.00000000e+00,2.47363195e+09
3.96000000e+03,1.78894400e+01,2.91987169e+33,1.78484689e+38,1.54392166e+38,1.97254030e+38,9.56261877e+45,2.00924036e+47,6.41409142e+46,5.16442260e+48,1.81492891e+52,1.81598744e+52,-6.63439176e+51,1.48426786e+52,-1.58771105e+05,-3.10270265e+05,-1.60293739e+05,6.11275794e+04,5.28763529e+04,6.75557184e+04,0.00000000e+00,2.49445270e+09
3.97000000e+03,1.79320137e+01,2.91987638e+33,1.77706551e+38,1.56143594e+38,1.94780768e+38,8.85306766e+45,1.99692860e+47,6.57279721e+46,5.21387673e+48,1.81639675e+52,1.81746062e+52,-6.65776245e+51,1.48457250e+52,-1.56112549e+05,-3.10818811e+05,-1.58136905e+05,6.08609845e+04,5.34760974e+04,6.67085665e+04,0.00000000e+00,2.51593911e+09
3.98000000e+03,1.79735339e+01,2.91988085e+33,1.77081278e+38,1.58650052e+38,1.92290522e+38,8.31002449e+45,1.98486415e+47,6.73970496e+46,5.27274421e+48,1.81789530e+52,1.81896551e+52,-6.68611824e+51,1.48465960e+52,-1.53440958e+05,-3.11456124e+05,-1.56003505e+05,6.06467480e+04,5.43344268e+04,6.58556057e+04,0.00000000e+00,2.54807041e+09
3.99000000e+03,1.80176559e+01,2.91988588e+33,1.76521276e+38,1.62152748e+38,1.89865969e+38,7.72155341e+45,1.97076452e+47,6.90897657e+46,5.33918099e+48,1.81954447e+52,1.82062381e+52,-6.72196085e+51,1.48452576e+52,-1.50622923e+05,-3.12122023e+05,-1.53744926e+05,6.04548546e+04,5.55339335e+04,6.50251334e+04,0.00000000e+00,2.58685726e+09
4.00000000e+03,1.80625335e+01,2.91989108e+33,1.75898509e+38,1.66416380e+38,1.87642296e+38,7.16994436e+45,1.95409933e+47,7.07065212e+46,5.41257475e+48,1.82128015e+52,1.82237018e+52,-6.76385171e+51,1.48417760e+52,-1.47743886e+05,-3.12777839e+05,-1.51513024e+05,6.02414625e+04,5.69940371e+04,6.42634575e+04,0.00000000e+00,2.63347339e+09
4.01000000e+03,1.81070494e+01,2.91989619e+33,1.75333214e+38,1.71414999e+38,1.85571348e+38,6.76069792e+45,1.93659492e+47,7.23550809e+46,5.48951315e+48,1.82306682e+52,1.82416785e+52,-6.81022081e+51,1.48365681e+52,-1.44829998e+05,-3.13447794e+05,-1.49354033e+05,6.00477560e+04,5.87058538e+04,6.35540908e+04,0.00000000e+00,2.68617372e+09
4.02000000e+03,1.81471845e+01,2.91990017e+33,1.74980967e+38,1.76538465e+38,1.83940528e+38,6.35954967e+45,1.92029397e+47,7.39025778e+46,5.56664763e+48,1.82472134e+52,1.82583030e+52,-6.85548301e+51,1.48305615e+52,-1.42014938e+05,-3.14184257e+05,-1.47305577e+05,5.99270376e+04,6.04604456e+04,6.29954853e+04,0.00000000e+00,2.73756164e+09
4.03000000e+03,1.81825581e+01,2.91990344e+33,1.74734816e+38,1.81406568e+38,1.82831118e+38,6.05131080e+45,1.90586478e+47,7.53019820e+46,5.63146247e+48,1.82623834e+52,1.82735311e+52,-6.89775429e+51,1.48246540e+52,-1.39384459e+05,-3.14954364e+05,-1.45373869e+05,5.98426695e+04,6.21275917e+04,6.26154673e+04,0.00000000e+00,2.78836457e+09
4.04000000e+03,1.82192683e+01,2.91990695e+33,1.74413239e+38,1.87172978e+38,1.81871642e+38,5.83528374e+45,1.89008439e+47,7.66607120e+46,5.68786455e+48,1.82785454e+52,1.82897525e+52,-6.94340350e+51,1.48180507e+52,-1.36609371e+05,-3.15713244e+05,-1.43376966e+05,5.97324649e+04,6.41023776e+04,6.22867938e+04,0.00000000e+00,2.84277716e+09
4.05000000e+03,1.82561694e+01,2.91991009e+33,1.74239045e+38,1.93360025e+38,1.80779360e+38,5.63930237e+45,1.87480036e+47,7.79876337e+46,5.74059969e+48,1.82951865e+52,1.83064334e+52,-6.99041348e+51,1.48112267e+52,-1.33660595e+05,-3.16633703e+05,-1.41212583e+05,5.96727431e+04,6.62212258e+04,6.19126462e+04,0.00000000e+00,2.90352518e+09
4.06000000e+03,1.82942738e+01,2.91991369e+33,1.74066784e+38,1.99841767e+38,1.79830722e+38,5.42216018e+45,1.85882436e+47,7.91992597e+46,5.77765074e+48,1.83126793e+52,1.83239730e+52,-7.03949602e+51,1.48042250e+52,-1.30706562e+05,-3.17465890e+05,-1.39144085e+05,5.96136744e+04,6.84409844e+04,6.15876842e+04,0.00000000e+00,2.96089081e+09
4.07000000e+03,1.83326420e+01,2.91991715e+33,1.73778563e+38,2.07090433e+38,1.78795318e+38,5.16309562e+45,1.84462298e+47,8.04172263e+46,5.81210756e+48,1.83306057e+52,1.83419378e+52,-7.08838261e+51,1.47977465e+52,-1.27709177e+05,-3.18389317e+05,-1.37022751e+05,5.95148951e+04,7.09233934e+04,6.12330107e+04,0.00000000e+00,3.02205285e+09
4.08000000e+03,1.83660861e+01,2.91991978e+33,1.73629679e+38,2.13393449e+38,1.77790671e+38,5.00527916e+45,1.83327974e+47,8.14052889e+46,5.83883908e+48,1.83464530e+52,1.83577991e+52,-7.13015424e+51,1.47927220e+52,-1.24873038e+05,-3.19444950e+05,-1.34946424e+05,5.94638525e+04,7.30819560e+04,6.08888889e+04,0.00000000e+00,3.07478167e+09
4.09000000e+03,1.83985839e+01,2.91992229e+33,1.73561659e+38,2.19620519e+38,1.76876236e+38,4.93397921e+45,1.82150422e+47,8.23299043e+46,5.85424600e+48,1.83619596e+52,1.83733103e+52,-7.16945056e+51,1.47885850e+52,-1.22111820e+05,-3.20457540e+05,-1.32843557e+05,5.94405062e+04,7.52145082e+04,6.05756655e+04,0.00000000e+00,3.12148347e+09
4.10000000e+03,1.84289751e+01,2.91992473e+33,1.73775916e+38,2.25542645e+38,1.76090269e+38,4.87998658e+45,1.81029378e+47,8.31689729e+46,5.86050553e+48,1.83767357e+52,1.83880896e+52,-7.20450689e+51,1.47858362e+52,-1.19501410e+05,-3.21407758e+05,-1.30803483e+05,5.95138342e+04,7.72426230e+04,6.03064411e+04,0.00000000e+00,3.17138781e+09
4.11000000e+03,1.84576481e+01,2.91992680e+33,1.74052848e+38,2.31339295e+38,1.75328513e+38,4.88007475e+45,1.79942018e+47,8.39021239e+46,5.86476429e+48,1.83906490e+52,1.84019946e+52,-7.23553985e+51,1.47842246e+52,-1.16989303e+05,-3.22373850e+05,-1.28806984e+05,5.96086340e+04,7.92277721e+04,6.00455166e+04,0.00000000e+00,3.21213083e+09
4.12000000e+03,1.84856504e+01,2.91992888e+33,1.74448460e+38,2.37045446e+38,1.74557720e+38,4.83909845e+45,1.78987143e+47,8.45083551e+46,5.86075304e+48,1.84042397e+52,1.84155733e+52,-7.26365883e+51,1.47837439e+52,-1.14536957e+05,-3.23318754e+05,-1.26836778e+05,5.97440784e+04,8.11819244e+04,5.97814969e+04,0.00000000e+00,3.25078055e+09
4.13000000e+03,1.85126913e+01,2.91993083e+33,1.74777697e+38,2.42699515e+38,1.73809443e+38,4.83500114e+45,1.78194035e+47,8.49930946e+46,5.85439273e+48,1.84173072e+52,1.84286228e+52,-7.28835018e+51,1.47844477e+52,-1.12227244e+05,-3.24210838e+05,-1.24927525e+05,5.98567938e+04,8.31182413e+04,5.95251918e+04,0.00000000e+00,3.28334801e+09
4.14000000e+03,1.85373961e+01,2.91993238e+33,1.75077740e+38,2.47774609e+38,1.73041903e+38,4.85156416e+45,1.77596520e+47,8.52907571e+46,5.85117235e+48,1.84292373e+52,1.84405273e+52,-7.30853947e+51,1.47862575e+52,-1.10087152e+05,-3.25171040e+05,-1.23046296e+05,5.99595186e+04,8.48562830e+04,5.92622979e+04,0.00000000e+00,3.30935187e+09
4.15000000e+03,1.85617590e+01,2.91993397e+33,1.75319883e+38,2.52587779e+38,1.72179320e+38,4.87388701e+45,1.77017197e+47,8.54270694e+46,5.84127328e+48,1.84409839e+52,1.84522452e+52,-7.32622231e+51,1.47891341e+52,-1.07980431e+05,-3.26210922e+05,-1.21136396e+05,6.00424134e+04,8.65046200e+04,5.89668539e+04,0.00000000e+00,3.33803186e+09
4.16000000e+03,1.85868637e+01,2.91993566e+33,1.75638933e+38,2.57394890e+38,1.71207659e+38,4.98666431e+45,1.76456824e+47,8.54718014e+46,5.82667480e+48,1.84530401e+52,1.84642703e+52,-7.34192525e+51,1.47933077e+52,-1.05934331e+05,-3.27166718e+05,-1.19276252e+05,6.01516450e+04,8.81508773e+04,5.86340521e+04,0.00000000e+00,3.36007886e+09
4.17000000e+03,1.86135832e+01,2.91993738e+33,1.75879421e+38,2.62292495e+38,1.70202330e+38,5.18897820e+45,1.75832639e+47,8.54408550e+46,5.81077032e+48,1.84657163e+52,1.84769079e+52,-7.35558244e+51,1.47991167e+52,-1.03879974e+05,-3.28103003e+05,-1.17385295e+05,6.02339704e+04,8.98281235e+04,5.82897192e+04,0.00000000e+00,3.37770128e+09
4.18000000e+03,1.86416443e+01,2.91993936e+33,1.75982412e+38,2.67287497e+38,1.69266560e+38,5.44047994e+45,1.75162536e+47,8.53643240e+46,5.78938206e+48,1.84790338e+52,1.84901879e+52,-7.36648625e+51,1.48069447e+52,-1.01905460e+05,-3.28957781e+05,-1.15517523e+05,6.02692010e+04,9.15387151e+04,5.79692038e+04,0.00000000e+00,3.39558735e+09
4.19000000e+03,1.86709111e+01,2.91994162e+33,1.75953701e+38,2.72346688e+38,1.68294843e+38,5.70076990e+45,1.74534457e+47,8.52781659e+46,5.76373506e+48,1.84927179e+52,1.85038366e+52,-7.37388620e+51,1.48168935e+52,-1.00123492e+05,-3.29592493e+05,-1.13761800e+05,6.02593216e+04,9.32712784e+04,5.76363723e+04,0.00000000e+00,3.40861433e+09
4.20000000e+03,1.87015241e+01,2.91994409e+33,1.75861411e+38,2.77410383e+38,1.67318721e+38,5.89337231e+45,1.73903039e+47,8.52097209e+46,5.73868573e+48,1.85068408e+52,1.85179263e+52,-7.37702374e+51,1.48294144e+52,-9.85203039e+04,-3.29937006e+05,-1.12129768e+05,6.02276636e+04,9.50053747e+04,5.73020290e+04,0.00000000e+00,3.41367626e+09
4.21000000e+03,1.87337714e+01,2.91994682e+33,1.75687421e+38,2.82409920e+38,1.66305647e+38,6.08386828e+45,1.73261974e+47,8.52898245e+46,5.71454227e+48,1.85214313e+52,1.85324871e+52,-7.37518048e+51,1.48448969e+52,-9.69973655e+04,-3.29995487e+05,-1.10586905e+05,6.01680208e+04,9.67174872e+04,5.69550258e+04,0.00000000e+00,3.41260471e+09
4.22000000e+03,1.87680369e+01,2.91994990e+33,1.75440453e+38,2.87453893e+38,1.65233458e+38,6.31738907e+45,1.72634169e+47,8.55847204e+46,5.69125188e+48,1.85365883e+52,1.85476194e+52,-7.36751264e+51,1.48638630e+52,-9.54750137e+04,-3.29661318e+05,-1.09165616e+05,6.00833777e+04,9.84448032e+04,5.65877717e+04,0.00000000e+00,3.40285742e+09
4.23000000e+03,1.88008845e+01,2.91995273e+33,1.75178023e+38,2.92036890e+38,1.64371764e+38,6.50032455e+45,1.72099294e+47,8.60369447e+46,5.67439470e+48,1.85507756e+52,1.85617764e+52,-7.35477633e+51,1.48843883e+52,-9.41086021e+04,-3.29045946e+05,-1.07929069e+05,5.99934449e+04,1.00014253e+05,5.62926113e+04,0.00000000e+00,3.38555583e+09
4.24000000e+03,1.88323708e+01,2.91995533e+33,1.74822719e+38,2.96153056e+38,1.63759184e+38,6.57362696e+45,1.71639786e+47,8.65503650e+46,5.65928293e+48,1.85641155e+52,1.85750796e+52,-7.33803335e+51,1.49060629e+52,-9.28548761e+04,-3.28288031e+05,-1.06776765e+05,5.98717100e+04,1.01423831e+05,5.60827703e+04,0.00000000e+00,3.36428748e+09
4.25000000e+03,1.88630631e+01,2.91995781e+33,1.74431735e+38,3.00118016e+38,1.63332131e+38,6.53936612e+45,1.71204899e+47,8.70658294e+46,5.64247443e+48,1.85768247e+52,1.85877436e+52,-7.31781102e+51,1.49288381e+52,-9.16951258e+04,-3.27367892e+05,-1.05706768e+05,5.97377585e+04,1.02781627e+05,5.59364696e+04,0.00000000e+00,3.33823366e+09
4.26000000e+03,1.88924413e+01,2.91996000e+33,1.73871691e+38,3.03778720e+38,1.62861860e+38,6.45860403e+45,1.70790704e+47,8.75999923e+46,5.62503392e+48,1.85886229e+52,1.85994838e+52,-7.29510669e+51,1.49519305e+52,-9.06399250e+04,-3.26354569e+05,-1.04718652e+05,5.95459152e+04,1.04035233e+05,5.57753736e+04,0.00000000e+00,3.30680838e+09
4.27000000e+03,1.89186996e+01,2.91996184e+33,1.73291752e+38,3.06762707e+38,1.62506992e+38,6.42007385e+45,1.70483338e+47,8.80430046e+46,5.60656035e+48,1.85990983e+52,1.86098969e+52,-7.27240036e+51,1.49736967e+52,-8.97177746e+04,-3.25455715e+05,-1.03831795e+05,5.93472660e+04,1.05057095e+05,5.56538069e+04,0.00000000e+00,3.27935823e+09
4.28000000e+03,1.89420059e+01,2.91996330e+33,1.72694456e+38,3.09161885e+38,1.62218914e+38,6.39848316e+45,1.70241749e+47,8.84270286e+46,5.58758259e+48,1.86081724e+52,1.86189040e+52,-7.25054676e+51,1.49936306e+52,-8.89332944e+04,-3.24630499e+05,-1.03094938e+05,5.91426803e+04,1.05878689e+05,5.55551208e+04,0.00000000e+00,3.25075072e+09
4.29000000e+03,1.89627760e+01,2.91996447e+33,1.72156718e+38,3.11007626e+38,1.61925159e+38,6.41128181e+45,1.70092399e+47,8.87998192e+46,5.56774886e+48,1.86161524e+52,1.86268151e+52,-7.22990997e+51,1.50118601e+52,-8.82472160e+04,-3.23880151e+05,-1.02471151e+05,5.89584974e+04,1.06510757e+05,5.54544963e+04,0.00000000e+00,3.22411767e+09
4.30000000e+03,1.89815628e+01,2.91996543e+33,1.71627755e+38,3.12340485e+38,1.61556952e+38,6.42733272e+45,1.69936393e+47,8.91788816e+46,5.54656219e+48,1.86232828e+52,1.86338767e+52,-7.21045415e+51,1.50286496e+52,-8.76354267e+04,-3.23199252e+05,-1.01914579e+05,5.87773242e+04,1.06967186e+05,5.53283781e+04,0.00000000e+00,3.19914308e+09
4.31000000e+03,1.89991390e+01,2.91996629e+33,1.71105261e+38,3.13348222e+38,1.61211748e+38,6.41657151e+45,1.69816987e+47,8.95807871e+46,5.52378807e+48,1.86298902e+52,1.86404153e+52,-7.19169736e+51,1.50445666e+52,-8.70725277e+04,-3.22555149e+05,-1.01393491e+05,5.85983687e+04,1.07312274e+05,5.52101400e+04,0.00000000e+00,3.17510755e+09
4.32000000e+03,1.90164173e+01,2.91996711e+33,1.70602479e+38,3.14140236e+38,1.60927412e+38,6.40505360e+45,1.69733357e+47,9.00380358e+46,5.49826612e+48,1.86363137e+52,1.86467687e+52,-7.17284217e+51,1.50603476e+52,-8.65302450e+04,-3.21895908e+05,-1.00881818e+05,5.84261647e+04,1.07583484e+05,5.51127480e+04,0.00000000e+00,3.15130924e+09
4.33000000e+03,1.90342807e+01,2.91996799e+33,1.70000222e+38,3.14854864e+38,1.60704866e+38,6.40886445e+45,1.69655970e+47,9.05281849e+46,5.46834395e+48,1.86428854e+52,1.86532670e+52,-7.15301118e+51,1.50767614e+52,-8.59766007e+04,-3.21147784e+05,-1.00359563e+05,5.82198923e+04,1.07828190e+05,5.50365162e+04,0.00000000e+00,3.12629625e+09
4.34000000e+03,1.90536708e+01,2.91996902e+33,1.69321524e+38,3.15502132e+38,1.60605532e+38,6.46770282e+45,1.69585134e+47,9.10787122e+46,5.43203841e+48,1.86499612e+52,1.86602636e+52,-7.13119807e+51,1.50946646e+52,-8.53863858e+04,-3.20223666e+05,-9.98087343e+04,5.79874387e+04,1.08049822e+05,5.50024781e+04,0.00000000e+00,3.09862082e+09
4.35000000e+03,1.90756526e+01,2.91997032e+33,1.68517154e+38,3.16120329e+38,1.60516461e+38,6.55446500e+45,1.69566935e+47,9.17250617e+46,5.38674380e+48,1.86579151e+52,1.86681303e+52,-7.10623094e+51,1.51150148e+52,-8.47353797e+04,-3.18999512e+05,-9.92099356e+04,5.77119406e+04,1.08261487e+05,5.49719494e+04,0.00000000e+00,3.06669027e+09
4.36000000e+03,1.90980818e+01,2.91997168e+33,1.67576331e+38,3.16583391e+38,1.60439128e+38,6.61760566e+45,1.69588321e+47,9.24010329e+46,5.33822816e+48,1.86659039e+52,1.86760296e+52,-7.08058330e+51,1.51357380e+52,-8.41051225e+04,-3.17590975e+05,-9.86183321e+04,5.73897111e+04,1.08420021e+05,5.49454397e+04,0.00000000e+00,3.03302128e+09
4.37000000e+03,1.91184199e+01,2.91997280e+33,1.66628355e+38,3.16816987e+38,1.60388043e+38,6.65803209e+45,1.69628134e+47,9.30132954e+46,5.29288546e+48,1.86730699e+52,1.86831098e+52,-7.05729908e+51,1.51544602e+52,-8.35712343e+04,-3.16266305e+05,-9.80707429e+04,5.70650367e+04,1.08499979e+05,5.49279235e+04,0.00000000e+00,3.00317736e+09
4.38000000e+03,1.91371738e+01,2.91997377e+33,1.65640482e+38,3.16971561e+38,1.60372926e+38,6.70686325e+45,1.69687489e+47,9.35737680e+46,5.24928436e+48,1.86796220e+52,1.86895792e+52,-7.03595589e+51,1.51716013e+52,-8.31039794e+04,-3.15047837e+05,-9.75450431e+04,5.67267022e+04,1.08552880e+05,5.49227284e+04,0.00000000e+00,2.97658347e+09
4.39000000e+03,1.91549524e+01,2.91997464e+33,1.64697298e+38,3.17014769e+38,1.60463691e+38,6.76037855e+45,1.69747363e+47,9.40788364e+46,5.20613901e+48,1.86857840e+52,1.86956607e+52,-7.01594641e+51,1.51876875e+52,-8.26755953e+04,-3.13892525e+05,-9.70319547e+04,5.64036742e+04,1.08567645e+05,5.49537961e+04,0.00000000e+00,2.95186430e+09
4.40000000e+03,1.91728212e+01,2.91997552e+33,1.63674829e+38,3.17000605e+38,1.60545645e+38,6.81179134e+45,1.69831219e+47,9.45829618e+46,5.16075043e+48,1.86919399e+52,1.87017352e+52,-6.99615130e+51,1.52036595e+52,-8.22468510e+04,-3.12716979e+05,-9.65065500e+04,5.60534937e+04,1.08562761e+05,5.49818462e+04,0.00000000e+00,2.92758909e+09
4.41000000e+03,1.91937411e+01,2.91997671e+33,1.62515078e+38,3.16938469e+38,1.60667279e+38,6.92585111e+45,1.69939955e+47,9.51943562e+46,5.10428677e+48,1.86991402e+52,1.87088444e+52,-6.97351161e+51,1.52220886e+52,-8.17054738e+04,-3.11280885e+05,-9.58845951e+04,5.56562926e+04,1.08541437e+05,5.50234796e+04,0.00000000e+00,2.90035600e+09
4.42000000e+03,1.92230205e+01,2.91997901e+33,1.60969266e+38,3.16826316e+38,1.60916650e+38,7.23286757e+45,1.70037378e+47,9.60932657e+46,5.01948520e+48,1.87093143e+52,1.87189100e+52,-6.94298821e+51,1.52474159e+52,-8.08148963e+04,-3.09074090e+05,-9.50323181e+04,5.51268571e+04,1.08502943e+05,5.51088380e+04,0.00000000e+00,2.86212094e+09
4.43000000e+03,1.92663014e+01,2.91998386e+33,1.58417407e+38,3.16941465e+38,1.61246264e+38,7.84341778e+45,1.70084489e+47,9.73340414e+46,4.89113180e+48,1.87242677e+52,1.87337529e+52,-6.90057568e+51,1.52834650e+52,-7.93025060e+04,-3.05554954e+05,-9.38037717e+04,5.42528365e+04,1.08542198e+05,5.52216287e+04,0.00000000e+00,2.80668561e+09
4.44000000e+03,1.93128589e+01,2.91998944e+33,1.55320637e+38,3.17162028e+38,1.61631126e+38,8.44103911e+45,1.70261280e+47,9.86062305e+46,4.76451092e+48,1.87400335e+52,1.87494262e+52,-6.85897772e+51,1.53199373e+52,-7.76217102e+04,-3.01673641e+05,-9.24819063e+04,5.31921914e+04,1.08617526e+05,5.53533254e+04,0.00000000e+00,2.75438591e+09
4.45000000e+03,1.93596054e+01,2.91999507e+33,1.51854077e+38,3.17920666e+38,1.61998066e+38,8.89551828e+45,1.70515360e+47,9.98124659e+46,4.64945333e+48,1.87558869e+52,1.87652021e+52,-6.82253048e+51,1.53539368e+52,-7.59038799e+04,-2.97737208e+05,-9.11439531e+04,5.20049085e+04,1.08877124e+05,5.54788835e+04,0.00000000e+00,2.70981609e+09
4.46000000e+03,1.94065175e+01,2.92000074e+33,1.48245520e+38,3.18691544e+38,1.62022862e+38,9.32976832e+45,1.70759807e+47,1.00902050e+47,4.54691585e+48,1.87718981e+52,1.87811521e+52,-6.79214581e+51,1.53850792e+52,-7.41917255e+04,-2.93783487e+05,-8.97745351e+04,5.07690007e+04,1.09140912e+05,5.54872674e+04,0.00000000e+00,2.67316759e+09
4.47000000e+03,1.94535514e+01,2.92000644e+33,1.44660672e+38,3.19352178e+38,1.62245090e+38,9.80197198e+45,1.71032859e+47,1.01909635e+47,4.45876635e+48,1.87881740e+52,1.87973856e+52,-6.76838887e+51,1.54131912e+52,-7.25091933e+04,-2.89819247e+05,-8.83725755e+04,4.95412169e+04,1.09366943e+05,5.55632645e+04,0.00000000e+00,2.64475270e+09
4.48000000e+03,1.95006811e+01,2.92001216e+33,1.40798550e+38,3.20223519e+38,1.62923027e+38,1.02563549e+46,1.71158291e+47,1.02942250e+47,4.38805726e+48,1.88047900e+52,1.88139779e+52,-6.75155989e+51,1.54381980e+52,-7.09018740e+04,-2.85848999e+05,-8.69319538e+04,4.82184807e+04,1.09665132e+05,5.57953250e+04,0.00000000e+00,2.62411509e+09
4.49000000e+03,1.95478775e+01,2.92001762e+33,1.36943128e+38,3.21276831e+38,1.63689768e+38,1.07545203e+46,1.71165981e+47,1.04007409e+47,4.33812659e+48,1.88218253e+52,1.88310003e+52,-6.74186662e+51,1.54600670e+52,-6.93738888e+04,-2.81900527e+05,-8.54350611e+04,4.68980486e+04,1.10025648e+05,5.60578015e+04,0.00000000e+00,2.61153841e+09
4.50000000e+03,1.95951168e+01,2.92002310e+33,1.32528247e+38,3.22560812e+38,1.64581851e+38,1.13483729e+46,1.71230959e+47,1.05051323e+47,4.30735063e+48,1.88393396e+52,1.88485246e+52,-6.73969372e+51,1.54786778e+52,-6.78436825e+04,-2.77936796e+05,-8.38709966e+04,4.53860269e+04,1.10465158e+05,5.63632017e+04,0.00000000e+00,2.60728197e+09
4.51000000e+03,1.96423857e+01,2.92002885e+33,1.27835851e+38,3.24530032e+38,1.66047134e+38,1.20177727e+46,1.71374043e+47,1.05992255e+47,4.29548628e+48,1.88574497e+52,1.88666807e+52,-6.74512817e+51,1.54941166e+52,-6.62662585e+04,-2.73903502e+05,-8.22665846e+04,4.37789685e+04,1.11139324e+05,5.68648950e+04,0.00000000e+00,2.61169485e+09
4.52000000e+03,1.96896507e+01,2.92003460e+33,1.22928707e+38,3.27968763e+38,1.68496483e+38,1.28273696e+46,1.71414971e+47,1.06824318e+47,4.30492211e+48,1.88761832e+52,1.88854851e+52,-6.75789730e+51,1.55065364e+52,-6.46314599e+04,-2.69857853e+05,-8.06566591e+04,4.20983734e+04,1.12316739e+05,5.77035912e+04,0.00000000e+00,2.62482392e+09
4.53000000e+03,1.97368493e+01,2.92004007e+33,1.17952808e+38,3.33148859e+38,1.71081075e+38,1.36814004e+46,1.71372755e+47,1.07630353e+47,4.33333841e+48,1.88955114e+52,1.89048955e+52,-6.77774748e+51,1.55160217e+52,-6.29096177e+04,-2.65821706e+05,-7.90458724e+04,4.03942429e+04,1.14090510e+05,5.85886052e+04,0.00000000e+00,2.64630805e+09
4.54000000e+03,1.97839999e+01,2.92004579e+33,1.12862254e+38,3.39561971e+38,1.73620547e+38,1.46733897e+46,1.71364699e+47,1.08498884e+47,4.37718025e+48,1.89154886e+52,1.89249867e+52,-6.80426489e+51,1.55228542e+52,-6.10851860e+04,-2.61700573e+05,-7.74427932e+04,3.86508507e+04,1.16286523e+05,5.94581591e+04,0.00000000e+00,2.67522597e+09
4.55000000e+03,1.98310782e+01,2.92005150e+33,1.07757242e+38,3.47301770e+38,1.76650152e+38,1.58460932e+46,1.71355926e+47,1.09288186e+47,4.43504564e+48,1.89361527e+52,1.89457822e+52,-6.83683314e+51,1.55273656e+52,-5.91838581e+04,-2.57502165e+05,-7.58277113e+04,3.69025143e+04,1.18936865e+05,6.04955603e+04,0.00000000e+00,2.71106753e+09
4.56000000e+03,1.98770853e+01,2.92005642e+33,1.02900665e+38,3.56349242e+38,1.80069546e+38,1.70008386e+46,1.71425729e+47,1.10007549e+47,4.50410023e+48,1.89570652e+52,1.89668089e+52,-6.87407081e+51,1.55297734e+52,-5.71905255e+04,-2.53351503e+05,-7.41971471e+04,3.52392730e+04,1.22035054e+05,6.16664613e+04,0.00000000e+00,2.75420543e+09
4.57000000e+03,1.99223973e+01,2.92006171e+33,9.84895961e+37,3.66937727e+38,1.83802906e+38,1.82370688e+46,1.71523869e+47,1.10509786e+47,4.57339398e+48,1.89785038e+52,1.89883852e+52,-6.91547773e+51,1.55306463e+52,-5.53722495e+04,-2.49082098e+05,-7.25564055e+04,3.37286009e+04,1.25660949e+05,6.29448704e+04,0.00000000e+00,2.80084484e+09
4.58000000e+03,1.99691219e+01,2.92006707e+33,9.40076251e+37,3.79603258e+38,1.87959870e+38,1.94742523e+46,1.71542195e+47,1.10908873e+47,4.65105968e+48,1.90013973e+52,1.90114228e+52,-6.96204791e+51,1.55303989e+52,-5.35312186e+04,-2.44523727e+05,-7.08009498e+04,3.21936527e+04,1.29998130e+05,6.43683401e+04,0.00000000e+00,2.85422521e+09
4.59000000e+03,2.00121740e+01,2.92007146e+33,8.98934179e+37,3.93215889e+38,1.91721551e+38,2.04254163e+46,1.71480542e+47,1.11393625e+47,4.72756723e+48,1.90231331e+52,1.90332704e+52,-7.00757924e+51,1.55294808e+52,-5.17364747e+04,-2.40258083e+05,-6.91031220e+04,3.07846637e+04,1.34659680e+05,6.56564585e+04,0.00000000e+00,2.91051500e+09
4.60000000e+03,2.00566078e+01,2.92007656e+33,8.58862238e+37,4.08887888e+38,1.95522629e+38,2.12557756e+46,1.71222113e+47,1.11803576e+47,4.79244009e+48,1.90464943e+52,1.90567656e+52,-7.05638292e+51,1.55285742e+52,-5.01086252e+04,-2.35498731e+05,-6.72952271e+04,2.94123192e+04,1.40026427e+05,6.69580489e+04,0.00000000e+00,2.96960954e+09
4.61000000e+03,2.01021576e+01,2.92008165e+33,8.22720767e+37,4.25936509e+38,1.99501834e+38,2.17583163e+46,1.70751266e+47,1.12096320e+47,4.86071028e+48,1.90710047e+52,1.90814049e+52,-7.10655734e+51,1.55281263e+52,-4.85743814e+04,-2.30320143e+05,-6.53606223e+04,2.81745809e+04,1.45864589e+05,6.83206356e+04,0.00000000e+00,3.03141827e+09
4.62000000e+03,2.01411953e+01,2.92008543e+33,7.92776403e+37,4.41736053e+38,2.03216684e+38,2.20023777e+46,1.70413658e+47,1.12490602e+47,4.92355221e+48,1.90925252e+52,1.91030044e+52,-7.14876857e+51,1.55286201e+52,-4.72111371e+04,-2.25690232e+05,-6.36137401e+04,2.71490825e+04,1.51275044e+05,6.95927189e+04,0.00000000e+00,3.08506962e+09
4.63000000e+03,2.01791015e+01,2.92008917e+33,7.63390800e+37,4.58057219e+38,2.06727598e+38,2.20987829e+46,1.70004702e+47,1.12821527e+47,4.97286233e+48,1.91140145e+52,1.91245638e+52,-7.18852668e+51,1.55303005e+52,-4.59554555e+04,-2.20936152e+05,-6.18468480e+04,2.61427222e+04,1.56864120e+05,7.07949608e+04,0.00000000e+00,3.13656497e+09
4.64000000e+03,2.02182682e+01,2.92009315e+33,7.35056099e+37,4.76052938e+38,2.10062925e+38,2.20148470e+46,1.69473711e+47,1.12847052e+47,5.01810501e+48,1.91366073e+52,1.91472308e+52,-7.22719928e+51,1.55336311e+52,-4.48386006e+04,-2.15756098e+05,-6.00367708e+04,2.51723510e+04,1.63026627e+05,7.19370628e+04,0.00000000e+00,3.18737239e+09
4.65000000e+03,2.02582907e+01,2.92009731e+33,7.06137503e+37,4.95157331e+38,2.13210120e+38,2.16646889e+46,1.68890543e+47,1.12574184e+47,5.06258903e+48,1.91600764e+52,1.91707791e+52,-7.26317072e+51,1.55391938e+52,-4.38388311e+04,-2.10191289e+05,-5.82597808e+04,2.41819853e+04,1.69568778e+05,7.30147311e+04,0.00000000e+00,3.23529029e+09
4.66000000e+03,2.02981787e+01,2.92010144e+33,6.76165570e+37,5.14919450e+38,2.16272655e+38,2.11846180e+46,1.68167291e+47,1.12181541e+47,5.10860139e+48,1.91835636e+52,1.91943439e+52,-7.29447972e+51,1.55471041e+52,-4.29598619e+04,-2.04426930e+05,-5.65992121e+04,2.31555507e+04,1.76336151e+05,7.40634046e+04,0.00000000e+00,3.27615182e+09
4.67000000e+03,2.03336685e+01,2.92010443e+33,6.48642859e+37,5.32836817e+38,2.18591197e+38,2.06328511e+46,1.67422216e+47,1.12011236e+47,5.15641447e+48,1.92046431e+52,1.92154512e+52,-7.31775021e+51,1.55565761e+52,-4.21490909e+04,-1.99070832e+05,-5.51635359e+04,2.22130021e+04,1.82471836e+05,7.48573217e+04,0.00000000e+00,3.30860164e+09
4.68000000e+03,2.03686792e+01,2.92010749e+33,6.22883593e+37,5.50139669e+38,2.20230238e+38,2.00013131e+46,1.66559241e+47,1.11876766e+47,5.19335314e+48,1.92256412e+52,1.92364737e+52,-7.33641840e+51,1.55682645e+52,-4.14631016e+04,-1.93530701e+05,-5.37480091e+04,2.13308447e+04,1.88397061e+05,7.54185381e+04,0.00000000e+00,3.33739611e+09
4.69000000e+03,2.04051434e+01,2.92011096e+33,5.96603247e+37,5.68053091e+38,2.21335148e+38,1.92493005e+46,1.65569250e+47,1.11676764e+47,5.23022418e+48,1.92475633e+52,1.92584321e+52,-7.35060259e+51,1.55831308e+52,-4.09680194e+04,-1.87591738e+05,-5.23023126e+04,2.04308417e+04,1.94531338e+05,7.57968282e+04,0.00000000e+00,3.35603341e+09
4.70000000e+03,2.04415591e+01,2.92011425e+33,5.71053254e+37,5.86044903e+38,2.21855828e+38,1.83330289e+46,1.64451457e+47,1.11408701e+47,5.27082361e+48,1.92693936e+52,1.92802857e+52,-7.35884367e+51,1.56008639e+52,-4.05173023e+04,-1.81457453e+05,-5.08651133e+04,1.95558531e+04,2.00692457e+05,7.59750507e+04,0.00000000e+00,3.36772016e+09
4.71000000e+03,2.04793186e+01,2.92011796e+33,5.45626062e+37,6.04585633e+38,2.21964748e+38,1.72514615e+46,1.63174892e+47,1.11104923e+47,5.30825330e+48,1.92919134e+52,1.93028402e+52,-7.36113032e+51,1.56222751e+52,-4.01102325e+04,-1.74881683e+05,-4.92868505e+04,1.86850692e+04,2.07041510e+05,7.60122539e+04,0.00000000e+00,3.37231699e+09
4.72000000e+03,2.05150895e+01,2.92012101e+33,5.23072468e+37,6.21910656e+38,2.21871903e+38,1.60432573e+46,1.61870925e+47,1.10839744e+47,5.34936930e+48,1.93128648e+52,1.93237954e+52,-7.35698405e+51,1.56453034e+52,-3.97948961e+04,-1.68419078e+05,-4.77669070e+04,1.79126983e+04,2.12974275e+05,7.59803795e+04,0.00000000e+00,3.36600095e+09
4.73000000e+03,2.05488275e+01,2.92012385e+33,5.04181753e+37,6.37944410e+38,2.21376628e+38,1.48598230e+46,1.60471772e+47,1.10544077e+47,5.37901953e+48,1.93324058e+52,1.93433311e+52,-7.34793049e+51,1.56693658e+52,-3.95399693e+04,-1.62013360e+05,-4.62202465e+04,1.72657661e+04,2.18464847e+05,7.58106981e+04,0.00000000e+00,3.35727108e+09
4.74000000e+03,2.05798298e+01,2.92012602e+33,4.87883853e+37,6.52365277e+38,2.20560030e+38,1.37593789e+46,1.59152166e+47,1.10481142e+47,5.40307693e+48,1.93500842e+52,1.93609737e+52,-7.33515805e+51,1.56933947e+52,-3.93695567e+04,-1.55967750e+05,-4.48000863e+04,1.67076301e+04,2.23403125e+05,7.55309971e+04,0.00000000e+00,3.34152646e+09
4.75000000e+03,2.06084939e+01,2.92012819e+33,4.73087599e+37,6.65519057e+38,2.19529618e+38,1.28394826e+46,1.57840867e+47,1.10367378e+47,5.41505042e+48,1.93661617e+52,1.93770215e+52,-7.31996440e+51,1.57170393e+52,-3.92343079e+04,-1.50277092e+05,-4.34395834e+04,1.62009189e+04,2.27907480e+05,7.51780754e+04,0.00000000e+00,3.32208356e+09
4.76000000e+03,2.06354524e+01,2.92013012e+33,4.60686373e+37,6.77707972e+38,2.18350263e+38,1.20431293e+46,1.56602730e+47,1.10248741e+47,5.42090288e+48,1.93810360e+52,1.93918562e+52,-7.30277046e+51,1.57404710e+52,-3.91486766e+04,-1.44871769e+05,-4.21779573e+04,1.57762275e+04,2.32081429e+05,7.47741552e+04,0.00000000e+00,3.29991479e+09
4.77000000e+03,2.06620173e+01,2.92013200e+33,4.51625678e+37,6.89286393e+38,2.16902495e+38,1.13295687e+46,1.55300516e+47,1.10130346e+47,5.41934990e+48,1.93954542e+52,1.94062282e+52,-7.28336922e+51,1.57645436e+52,-3.91033310e+04,-1.39453369e+05,-4.09296997e+04,1.54659336e+04,2.36046313e+05,7.42783187e+04,0.00000000e+00,3.27543004e+09
4.78000000e+03,2.06904855e+01,2.92013415e+33,4.43411124e+37,7.01314469e+38,2.15305856e+38,1.06024683e+46,1.53827953e+47,1.09941321e+47,5.40867781e+48,1.94106354e+52,1.94213585e+52,-7.26019995e+51,1.57912586e+52,-3.90811818e+04,-1.33576783e+05,-3.96095027e+04,1.51846149e+04,2.40165155e+05,7.37314949e+04,0.00000000e+00,3.24548681e+09
4.79000000e+03,2.07172251e+01,2.92013605e+33,4.37150128e+37,7.12332103e+38,2.13493300e+38,9.99344476e+45,1.52396548e+47,1.09755871e+47,5.39297679e+48,1.94245425e+52,1.94352061e+52,-7.23635727e+51,1.58170275e+52,-3.90782861e+04,-1.27989040e+05,-3.84096554e+04,1.49701973e+04,2.43937985e+05,7.31107376e+04,0.00000000e+00,3.21438075e+09
4.80000000e+03,2.07423889e+01,2.92013774e+33,4.32534685e+37,7.22344342e+38,2.11473439e+38,9.45018886e+45,1.51043934e+47,1.09545610e+47,5.37155981e+48,1.94373797e+52,1.94479765e+52,-7.21237145e+51,1.58417908e+52,-3.90765317e+04,-1.22638234e+05,-3.72576606e+04,1.48121330e+04,2.47366531e+05,7.24189944e+04,0.00000000e+00,3.18398158e+09
4.81000000e+03,2.07667485e+01,2.92013933e+33,4.29170198e+37,7.31547802e+38,2.09230363e+38,8.88000909e+45,1.49782029e+47,1.09318617e+47,5.34387043e+48,1.94495373e+52,1.94600611e+52,-7.18799267e+51,1.58660648e+52,-3.90804528e+04,-1.17381882e+05,-3.61320429e+04,1.46969083e+04,2.50518116e+05,7.16508151e+04,0.00000000e+00,3.15305519e+09
4.82000000e+03,2.07911957e+01,2.92014093e+33,4.25471001e+37,7.40321941e+38,2.06723186e+38,8.27320687e+45,1.48568239e+47,1.09110850e+47,5.30922012e+48,1.94615078e+52,1.94719532e+52,-7.16263106e+51,1.58906377e+52,-3.91078089e+04,-1.12034437e+05,-3.50011753e+04,1.45702215e+04,2.53522675e+05,7.07921949e+04,0.00000000e+00,3.12105455e+09
4.83000000e+03,2.08167896e+01,2.92014268e+33,4.21388134e+37,7.49112376e+38,2.03820551e+38,7.71857336e+45,1.47296554e+47,1.08890592e+47,5.26616627e+48,1.94737835e+52,1.94841448e+52,-7.13538067e+51,1.59164544e+52,-3.91522222e+04,-1.06376374e+05,-3.38222894e+04,1.44303954e+04,2.56532799e+05,6.97981482e+04,0.00000000e+00,3.08675090e+09
4.84000000e+03,2.08460409e+01,2.92014494e+33,4.18404110e+37,7.58648809e+38,2.00295249e+38,7.20374161e+45,1.45810877e+47,1.08599577e+47,5.20985370e+48,1.94875841e+52,1.94978556e+52,-7.10370730e+51,1.59460019e+52,-3.91975732e+04,-9.98595982e+04,-3.25190909e+04,1.43281967e+04,2.59798340e+05,6.85908586e+04,0.00000000e+00,3.04700204e+09
4.85000000e+03,2.08821596e+01,2.92014835e+33,4.16114972e+37,7.69766743e+38,1.95637868e+38,6.67733149e+45,1.43923227e+47,1.08199779e+47,5.13410971e+48,1.95042000e+52,1.95143808e+52,-7.06426191e+51,1.59822498e+52,-3.92344910e+04,-9.17669520e+04,-3.09863388e+04,1.42497888e+04,2.63605355e+05,6.69958661e+04,0.00000000e+00,2.99617947e+09
4.86000000e+03,2.09204184e+01,2.92015216e+33,4.17793678e+37,7.80970357e+38,1.90319719e+38,6.27539110e+45,1.41999659e+47,1.07742098e+47,5.05297023e+48,1.95212237e+52,1.95313122e+52,-7.02249005e+51,1.60200672e+52,-3.92274252e+04,-8.30862048e+04,-2.93446351e+04,1.43072571e+04,2.67441665e+05,6.51745899e+04,0.00000000e+00,2.94317204e+09
4.87000000e+03,2.09597684e+01,2.92015618e+33,4.23621733e+37,7.92071550e+38,1.84601454e+38,6.03235866e+45,1.40140706e+47,1.07223443e+47,4.96861576e+48,1.95382793e+52,1.95482737e+52,-6.98039613e+51,1.60580756e+52,-3.91523592e+04,-7.40284656e+04,-2.75960980e+04,1.45068177e+04,2.71242872e+05,6.32162946e+04,0.00000000e+00,2.89040011e+09
4.88000000e+03,2.09986188e+01,2.92016010e+33,4.30263728e+37,8.02008227e+38,1.78898313e+38,5.87384975e+45,1.38450580e+47,1.06752796e+47,4.88469422e+48,1.95547845e+52,1.95646824e+52,-6.94052975e+51,1.60944175e+52,-3.90488123e+04,-6.49619874e+04,-2.57903687e+04,1.47342513e+04,2.74645293e+05,6.12631866e+04,0.00000000e+00,2.84153569e+09
4.89000000e+03,2.10384221e+01,2.92016422e+33,4.36520799e+37,8.11181118e+38,1.72917944e+38,5.85273237e+45,1.36841293e+47,1.06412507e+47,4.79726812e+48,1.95714224e+52,1.95812247e+52,-6.90224683e+51,1.61301013e+52,-3.88694095e+04,-5.55558339e+04,-2.38769518e+04,1.49485018e+04,2.77786130e+05,5.92151439e+04,0.00000000e+00,2.79471479e+09
4.90000000e+03,2.10763513e+01,2.92016796e+33,4.42826583e+37,8.19361827e+38,1.67099051e+38,5.88192275e+45,1.35360188e+47,1.06144128e+47,4.71657612e+48,1.95870137e+52,1.95967192e+52,-6.86864779e+51,1.61623953e+52,-3.86440566e+04,-4.65153849e+04,-2.19789949e+04,1.51644217e+04,2.80587225e+05,5.72224107e+04,0.00000000e+00,2.75385040e+09
4.91000000e+03,2.11078316e+01,2.92017031e+33,4.47655808e+37,8.25833486e+38,1.61970838e+38,5.89144457e+45,1.34172875e+47,1.05939633e+47,4.65438061e+48,1.95997723e+52,1.96093686e+52,-6.84313701e+51,1.61878001e+52,-3.84306508e+04,-3.89467676e+04,-2.01952380e+04,1.53297842e+04,2.82803192e+05,5.54662298e+04,0.00000000e+00,2.72374678e+09
4.92000000e+03,2.11376484e+01,2.92017255e+33,4.53646384e+37,8.31408449e+38,1.56725636e+38,5.85393784e+45,1.33096236e+47,1.05686626e+47,4.59305162e+48,1.96120619e+52,1.96215572e+52,-6.82148392e+51,1.62108152e+52,-3.81857583e+04,-3.16451718e+04,-1.83473684e+04,1.55349170e+04,2.84712096e+05,5.36699913e+04,0.00000000e+00,2.70014971e+09
4.93000000e+03,2.11710745e+01,2.92017534e+33,4.61324841e+37,8.36898946e+38,1.50770330e+38,5.87193671e+45,1.31908201e+47,1.05436715e+47,4.52622486e+48,1.96256811e+52,1.96350766e+52,-6.80025631e+51,1.62349485e+52,-3.78991120e+04,-2.34783133e+04,-1.63977946e+04,1.57978473e+04,2.86592019e+05,5.16305742e+04,0.00000000e+00,2.67226848e+09
4.94000000e+03,2.12038208e+01,2.92017804e+33,4.69582295e+37,8.41575025e+38,1.44657031e+38,5.83295325e+45,1.30798051e+47,1.05305178e+47,4.46748379e+48,1.96392209e+52,1.96485246e+52,-6.78262047e+51,1.62572144e+52,-3.75380996e+04,-1.54297740e+04,-1.44530517e+04,1.60806050e+04,2.88193053e+05,4.95370588e+04,0.00000000e+00,2.65295037e+09
4.95000000e+03,2.12339140e+01,2.92018043e+33,4.80039960e+37,8.45367295e+38,1.39128873e+38,5.81439109e+45,1.29799796e+47,1.05218291e+47,4.41976729e+48,1.96516741e+52,1.96608981e+52,-6.76936356e+51,1.62762163e+52,-3.71002172e+04,-7.94958326e+03,-1.25930235e+04,1.64387089e+04,2.89491460e+05,4.76439303e+04,0.00000000e+00,2.63746782e+09
4.96000000e+03,2.12625569e+01,2.92018260e+33,4.90680537e+37,8.48504609e+38,1.33883513e+38,5.77248654e+45,1.28852982e+47,1.05193025e+47,4.38091911e+48,1.96635898e+52,1.96727414e+52,-6.75947085e+51,1.62930060e+52,-3.66050708e+04,-7.74592412e+02,-1.08105182e+04,1.68030772e+04,2.90565600e+05,4.58476512e+04,0.00000000e+00,2.62529519e+09
4.97000000e+03,2.12890431e+01,2.92018447e+33,4.99885682e+37,8.50907637e+38,1.29095330e+38,5.72642732e+45,1.27959106e+47,1.05184695e+47,4.35095990e+48,1.96747376e+52,1.96838245e+52,-6.75275580e+51,1.63074466e+52,-3.60584305e+04,5.96825506e+03,-9.09758273e+03,1.71182912e+04,2.91388317e+05,4.42079367e+04,0.00000000e+00,2.61755028e+09
4.98000000e+03,2.13153302e+01,2.92018623e+33,5.09352092e+37,8.52602638e+38,1.24361295e+38,5.69540203e+45,1.27039877e+47,1.05141891e+47,4.32592428e+48,1.96859299e+52,1.96949560e+52,-6.74848991e+51,1.63207110e+52,-3.54282418e+04,1.27720089e+04,-7.32166633e+03,1.74424524e+04,2.91968584e+05,4.25867686e+04,0.00000000e+00,2.61281837e+09
4.99000000e+03,2.13420025e+01,2.92018812e+33,5.20414133e+37,8.53952826e+38,1.19485481e+38,5.62209637e+45,1.26119408e+47,1.05050374e+47,4.30447536e+48,1.96974100e+52,1.97063847e+52,-6.74667339e+51,1.63330480e+52,-3.47156447e+04,1.96814166e+04,-5.53759812e+03,1.78212537e+04,2.92430758e+05,4.09170494e+04,0.00000000e+00,2.61035651e+09
5.00000000e+03,2.13688470e+01,2.92018996e+33,5.33160700e+37,8.54974346e+38,1.14484933e+38,5.52283721e+45,1.25212291e+47,1.04976240e+47,4.28981303e+48,1.97090617e+52,1.97179913e+52,-6.74733624e+51,1.63443231e+52,-3.39007909e+04,2.66190258e+04,-3.73959624e+03,1.82577403e+04,2.92780387e+05,3.92046186e+04,0.00000000e+00,2.60945896e+09
5.01000000e+03,2.13874872e+01,2.92019080e+33,5.41899740e+37,8.55480501e+38,1.11118330e+38,5.39081420e+45,1.24612040e+47,1.04999458e+47,4.28688693e+48,1.97172873e+52,1.97261794e+52,-6.74921553e+51,1.63515716e+52,-3.32010444e+04,3.15935088e+04,-2.25064779e+03,1.85569977e+04,2.92953632e+05,3.80517363e+04,0.00000000e+00,2.61225827e+09
5.02000000e+03,2.14072789e+01,2.92019187e+33,5.51546599e+37,8.55748422e+38,1.07588158e+38,5.26436031e+45,1.23951562e+47,1.05037735e+47,4.28344990e+48,1.97261080e+52,1.97349681e+52,-6.75265620e+51,1.63586400e+52,-3.23412688e+04,3.69969588e+04,-5.62320574e+02,1.88873411e+04,2.93045272e+05,3.68428385e+04,0.00000000e+00,2.61693879e+09
5.03000000e+03,2.14268464e+01,2.92019293e+33,5.61812525e+37,8.55825581e+38,1.04167860e+38,5.15655467e+45,1.23269684e+47,1.05095939e+47,4.28232248e+48,1.97349523e+52,1.97437840e+52,-6.75747062e+51,1.63650486e+52,-3.14239781e+04,4.23576985e+04,1.14402897e+03,1.92388838e+04,2.93071589e+05,3.56715678e+04,0.00000000e+00,2.62329459e+09
5.04000000e+03,2.14517255e+01,2.92019458e+33,5.73275546e+37,8.55569113e+38,9.99504181e+37,5.14267666e+45,1.22364701e+47,1.05201030e+47,4.28236626e+48,1.97463336e+52,1.97551421e+52,-6.76560988e+51,1.63723371e+52,-3.02357004e+04,4.90201333e+04,3.08323195e+03,1.96314160e+04,2.92983597e+05,3.42273144e+04,0.00000000e+00,2.63240585e+09
5.05000000e+03,2.14798073e+01,2.92019667e+33,5.88799812e+37,8.55040953e+38,9.52600407e+37,5.17439140e+45,1.21378895e+47,1.05348109e+47,4.28891318e+48,1.97593807e+52,1.97681771e+52,-6.77734799e+51,1.63795031e+52,-2.88883439e+04,5.63403246e+04,4.98733662e+03,2.01630191e+04,2.92802523e+05,3.26211045e+04,0.00000000e+00,2.64445116e+09
5.06000000e+03,2.15090860e+01,2.92019894e+33,6.07640901e+37,8.54245684e+38,9.05533838e+37,5.20636022e+45,1.20397742e+47,1.05508272e+47,4.30413508e+48,1.97732121e+52,1.97820078e+52,-6.79240488e+51,1.63858053e+52,-2.74303267e+04,6.39062774e+04,6.87498683e+03,2.08082022e+04,2.92529962e+05,3.10093202e+04,0.00000000e+00,2.66046404e+09
5.07000000e+03,2.15396109e+01,2.92020139e+33,6.30141663e+37,8.53359794e+38,8.59557879e+37,5.20707255e+45,1.19392194e+47,1.05643976e+47,4.32674307e+48,1.97879087e+52,1.97967137e+52,-6.81118554e+51,1.63911209e+52,-2.58460163e+04,7.17774682e+04,8.79712934e+03,2.15787056e+04,2.92226350e+05,2.94348835e+04,0.00000000e+00,2.68100041e+09
5.08000000e+03,2.15681509e+01,2.92020357e+33,6.56636887e+37,8.52318480e+38,8.19422189e+37,5.14093183e+45,1.18437735e+47,1.05788418e+47,4.35513092e+48,1.98019499e+52,1.98107678e+52,-6.83151967e+51,1.63950079e+52,-2.42391052e+04,7.91876181e+04,1.06600553e+04,2.24859970e+04,2.91869543e+05,2.80604475e+04,0.00000000e+00,2.70469104e+09
5.09000000e+03,2.15976469e+01,2.92020588e+33,6.87405107e+37,8.51044729e+38,7.80763166e+37,5.04491899e+45,1.17429948e+47,1.05869928e+47,4.38853219e+48,1.98166921e+52,1.98255302e+52,-6.85529174e+51,1.63978844e+52,-2.24931164e+04,8.68293799e+04,1.25398796e+04,2.35396111e+04,2.91433126e+05,2.67365795e+04,0.00000000e+00,2.73117038e+09
5.10000000e+03,2.16292436e+01,2.92020838e+33,7.26939815e+37,8.49544320e+38,7.39902496e+37,4.96271508e+45,1.16247657e+47,1.05854807e+47,4.42799660e+48,1.98328727e+52,1.98417379e+52,-6.88367421e+51,1.63999008e+52,-2.04586751e+04,9.51039912e+04,1.46305526e+04,2.48934227e+04,2.90919075e+05,2.53373184e+04,0.00000000e+00,2.76533571e+09
5.11000000e+03,2.16610457e+01,2.92021104e+33,7.72017861e+37,8.47931775e+38,7.00475572e+37,4.91028406e+45,1.14972838e+47,1.05684247e+47,4.47094345e+48,1.98494906e+52,1.98583915e+52,-6.91504138e+51,1.64008708e+52,-1.83429430e+04,1.03340051e+05,1.65870660e+04,2.64370572e+04,2.90366609e+05,2.39871558e+04,0.00000000e+00,2.80185575e+09
5.12000000e+03,2.16863739e+01,2.92021239e+33,8.10384725e+37,8.46922906e+38,6.68394860e+37,4.74736293e+45,1.13901642e+47,1.05436672e+47,4.51767335e+48,1.98628967e+52,1.98718155e+52,-6.94169330e+51,1.64009689e+52,-1.63574459e+04,1.10225910e+05,1.85633808e+04,2.77508830e+04,2.90020996e+05,2.28885701e+04,0.00000000e+00,2.83144784e+09
5.13000000e+03,2.17114486e+01,2.92021408e+33,8.50633286e+37,8.46072592e+38,6.39547905e+37,4.62097878e+45,1.12792072e+47,1.05113495e+47,4.55332092e+48,1.98765711e+52,1.98855114e+52,-6.96977727e+51,1.64006228e+52,-1.40890225e+04,1.17464863e+05,2.08803661e+04,2.91291413e+04,2.89729646e+05,2.19007199e+04,0.00000000e+00,2.87022913e+09
5.14000000e+03,2.17391092e+01,2.92021601e+33,8.94634675e+37,8.45282905e+38,6.08089311e+37,4.56422835e+45,1.11563903e+47,1.04647386e+47,4.59218514e+48,1.98918406e+52,1.99008061e+52,-7.00229889e+51,1.63996567e+52,-1.16899916e+04,1.25043690e+05,2.30801542e+04,3.06359075e+04,2.89459034e+05,2.08234359e+04,0.00000000e+00,2.90999636e+09
5.15000000e+03,2.17664749e+01,2.92021800e+33,9.37927106e+37,8.44495656e+38,5.80362157e+37,4.55198134e+45,1.10414905e+47,1.04149911e+47,4.63078028e+48,1.99071865e+52,1.99161802e+52,-7.03567359e+51,1.63983434e+52,-9.23951549e+03,1.32423695e+05,2.51039041e+04,3.21183934e+04,2.89189251e+05,1.98739326e+04,0.00000000e+00,2.94951760e+09
5.16000000e+03,2.17943165e+01,2.92022006e+33,9.85715069e+37,8.43764473e+38,5.56461974e+37,4.68711871e+45,1.09244014e+47,1.03602135e+47,4.66872755e+48,1.99230852e+52,1.99321079e+52,-7.07065723e+51,1.63967793e+52,-6.62968141e+03,1.39964024e+05,2.71899517e+04,3.37548215e+04,2.88938661e+05,1.90554809e+04,0.00000000e+00,2.99299598e+09
5.17000000e+03,2.18227235e+01,2.92022219e+33,1.03779965e+38,8.43172924e+38,5.34142527e+37,4.93400874e+45,1.08100581e+47,1.02988089e+47,4.70496186e+48,1.99395574e+52,1.99486097e+52,-7.10722240e+51,1.63949985e+52,-3.88179906e+03,1.47662497e+05,2.92991677e+04,3.55383798e+04,2.88735880e+05,1.82911605e+04,0.00000000e+00,3.03862104e+09
5.18000000e+03,2.18515576e+01,2.92022439e+33,1.09267817e+38,8.42559209e+38,5.10540543e+37,5.21753217e+45,1.06931016e+47,1.02267305e+47,4.73892404e+48,1.99565091e+52,1.99655905e+52,-7.14494327e+51,1.63931188e+52,-1.00089228e+03,1.55491612e+05,3.14157807e+04,3.74176100e+04,2.88525502e+05,1.74829217e+04,0.00000000e+00,3.08625196e+09
5.19000000e+03,2.18795747e+01,2.92022647e+33,1.14831017e+38,8.42119318e+38,4.87573889e+37,5.54284701e+45,1.05817385e+47,1.01498459e+47,4.76955403e+48,1.99732077e+52,1.99823138e+52,-7.18183243e+51,1.63913976e+52,1.93465587e+03,1.63179946e+05,3.35573624e+04,3.93226409e+04,2.88374661e+05,1.66964410e+04,0.00000000e+00,3.13368681e+09
5.20000000e+03,2.19054602e+01,2.92022826e+33,1.20052248e+38,8.41867199e+38,4.67083066e+37,5.82191583e+45,1.04820996e+47,1.00639879e+47,4.79622719e+48,1.99888010e+52,1.99979249e+52,-7.21582051e+51,1.63900146e+52,4.81545377e+03,1.70477749e+05,3.57076085e+04,4.11105701e+04,2.88288149e+05,1.59947451e+04,0.00000000e+00,3.17755502e+09
5.21000000e+03,2.19306809e+01,2.92022996e+33,1.25280029e+38,8.41632958e+38,4.47255855e+37,6.13093432e+45,1.03902048e+47,9.96414821e+46,4.81804322e+48,2.00041727e+52,2.00133096e+52,-7.24862566e+51,1.63889968e+52,7.76926326e+03,1.77799007e+05,3.79509562e+04,4.29007410e+04,2.88207768e+05,1.53157752e+04,0.00000000e+00,3.22171037e+09
5.22000000e+03,2.19573689e+01,2.92023168e+33,1.30841407e+38,8.41420121e+38,4.28175400e+37,6.49982733e+45,1.02985885e+47,9.85109712e+46,4.83725369e+48,2.00205214e+52,2.00296671e+52,-7.28268359e+51,1.63883253e+52,1.09931374e+04,1.85657816e+05,4.03892644e+04,4.48051460e+04,2.88134714e+05,1.46623778e+04,0.00000000e+00,3.26542862e+09
5.23000000e+03,2.19831598e+01,2.92023345e+33,1.36027791e+38,8.41363779e+38,4.08931610e+37,6.90455041e+45,1.02066388e+47,9.73178961e+46,4.85049420e+48,2.00365968e+52,2.00457509e+52,-7.31464773e+51,1.63884270e+52,1.41305835e+04,1.93267970e+05,4.27154641e+04,4.65811358e+04,2.88115246e+05,1.40033876e+04,0.00000000e+00,3.31146129e+09
5.24000000e+03,2.20092663e+01,2.92023527e+33,1.41464604e+38,8.41373394e+38,3.86719387e+37,7.32125303e+45,1.01109602e+47,9.59904815e+46,4.86114062e+48,2.00528757e+52,2.00620374e+52,-7.34562717e+51,1.63892239e+52,1.72886210e+04,2.00905316e+05,4.49965097e+04,4.84428793e+04,2.88118359e+05,1.32427476e+04,0.00000000e+00,3.35337128e+09
5.25000000e+03,2.20347329e+01,2.92023700e+33,1.46898261e+38,8.41311754e+38,3.62829487e+37,7.73816372e+45,1.00136497e+47,9.46494730e+46,4.87056553e+48,2.00688408e+52,2.00780084e+52,-7.37417261e+51,1.63909221e+52,2.03898621e+04,2.08425581e+05,4.72369815e+04,5.03035408e+04,2.88097081e+05,1.24246589e+04,0.00000000e+00,3.39240781e+09
5.26000000e+03,2.20607264e+01,2.92023871e+33,1.52462349e+38,8.41334113e+38,3.38564784e+37,8.19024921e+45,9.91125410e+46,9.32655828e+46,4.87897454e+48,2.00851737e+52,2.00943462e+52,-7.40135640e+51,1.63936680e+52,2.35915494e+04,2.16177799e+05,4.95504107e+04,5.22088649e+04,2.88104568e+05,1.15937366e+04,0.00000000e+00,3.42945895e+09
5.27000000e+03,2.20866349e+01,2.92024050e+33,1.58135606e+38,8.41529285e+38,3.12586445e+37,8.69859677e+45,9.80722535e+46,9.18572074e+46,4.88365250e+48,2.01014303e+52,2.01106089e+52,-7.42629229e+51,1.63974627e+52,2.68030229e+04,2.23913410e+05,5.18125606e+04,5.41515692e+04,2.88171226e+05,1.07041336e+04,0.00000000e+00,3.46461306e+09
5.28000000e+03,2.21115985e+01,2.92024217e+33,1.63520219e+38,8.41823353e+38,2.86141345e+37,9.26088251e+45,9.70638837e+46,9.04601347e+46,4.88862105e+48,2.01170593e+52,2.01262440e+52,-7.44796061e+51,1.64022637e+52,2.98987992e+04,2.31358815e+05,5.39165872e+04,5.59954311e+04,2.88271761e+05,9.79854850e+03,0.00000000e+00,3.49532398e+09
5.29000000e+03,2.21365340e+01,2.92024383e+33,1.69094902e+38,8.41961616e+38,2.57471921e+37,9.83310859e+45,9.60232146e+46,8.90619766e+46,4.89252600e+48,2.01326166e+52,2.01418074e+52,-7.46706102e+51,1.64082769e+52,3.30211674e+04,2.38818431e+05,5.59721838e+04,5.79043777e+04,2.88318944e+05,8.81679529e+03,0.00000000e+00,3.52298738e+09
5.30000000e+03,2.21620245e+01,2.92024557e+33,1.74687480e+38,8.42081198e+38,2.28827274e+37,1.04605969e+46,9.49761033e+46,8.76270694e+46,4.89567846e+48,2.01484708e+52,2.01576694e+52,-7.48371576e+51,1.64158116e+52,3.62075798e+04,2.46395242e+05,5.79556255e+04,5.98194488e+04,2.88359722e+05,7.83589149e+03,0.00000000e+00,3.54756677e+09
5.31000000e+03,2.21889023e+01,2.92024749e+33,1.80635266e+38,8.42027721e+38,1.97376829e+37,1.12229534e+46,9.39400578e+46,8.60873037e+46,4.89842346e+48,2.01650443e+52,2.01742548e+52,-7.49786099e+51,1.64253243e+52,3.95173342e+04,2.54234662e+05,5.98372189e+04,6.18561498e+04,2.88341219e+05,6.75890760e+03,0.00000000e+00,3.56802900e+09
5.32000000e+03,2.22161256e+01,2.92024945e+33,1.86649051e+38,8.41572704e+38,1.62300342e+37,1.19919567e+46,9.29351409e+46,8.44952782e+46,4.90255545e+48,2.01816402e+52,2.01908658e+52,-7.50835442e+51,1.64366886e+52,4.28525138e+04,2.62068895e+05,6.15745886e+04,6.39154475e+04,2.88185211e+05,5.55775610e+03,0.00000000e+00,3.58327638e+09
5.33000000e+03,2.22446271e+01,2.92025140e+33,1.92937488e+38,8.40593314e+38,1.21640722e+37,1.27592915e+46,9.19315260e+46,8.28070444e+46,4.91024388e+48,2.01988768e+52,2.02081186e+52,-7.51501988e+51,1.64506086e+52,4.63511479e+04,2.70235944e+05,6.32764367e+04,6.60687941e+04,2.87849640e+05,4.16541952e+03,0.00000000e+00,3.59210946e+09
5.34000000e+03,2.22733243e+01,2.92025347e+33,1.99209335e+38,8.39165953e+38,8.01957705e+36,1.35371258e+46,9.09265391e+46,8.09528248e+46,4.91488334e+48,2.02159183e+52,2.02251811e+52,-7.51735912e+51,1.64665015e+52,4.99578065e+04,2.78498398e+05,6.48871028e+04,6.82164533e+04,2.87360656e+05,2.74619211e+03,0.00000000e+00,3.59838429e+09
5.35000000e+03,2.23012688e+01,2.92025554e+33,2.05504446e+38,8.37189450e+38,3.81840242e+36,1.43249176e+46,9.00025502e+46,7.90634649e+46,4.92072066e+48,2.02322158e+52,2.02415024e+52,-7.51527503e+51,1.64838649e+52,5.34659154e+04,2.86300911e+05,6.61829539e+04,7.03720762e+04,2.86683627e+05,1.30755763e+03,0.00000000e+00,3.59484971e+09
5.36000000e+03,2.23284689e+01,2.92025732e+33,2.11687966e+38,8.34966972e+38,-4.04705429e+35,1.50627318e+46,8.91676372e+46,7.71994885e+46,4.93014969e+48,2.02478223e+52,2.02571255e+52,-7.50906344e+51,1.65025938e+52,5.69777345e+04,2.93981199e+05,6.74072586e+04,7.24894906e+04,2.85922396e+05,-1.38585537e+02,0.00000000e+00,3.58698115e+09
5.37000000e+03,2.23561770e+01,2.92025927e+33,2.17810437e+38,8.32333022e+38,-4.92272520e+36,1.57866150e+46,8.84053190e+46,7.52660266e+46,4.93380637e+48,2.02634388e+52,2.02727595e+52,-7.49885934e+51,1.65233299e+52,6.06185374e+04,3.01869180e+05,6.85182935e+04,7.45859928e+04,2.85020248e+05,-1.68571512e+03,0.00000000e+00,3.57443780e+09
5.38000000e+03,2.23844103e+01,2.92026138e+33,2.23931695e+38,8.29100449e+38,-9.56730397e+36,1.65322663e+46,8.77536025e+46,7.32829437e+46,4.93500813e+48,2.02789531e+52,2.02882941e+52,-7.48442474e+51,1.65460817e+52,6.43096026e+04,3.09653905e+05,6.93134471e+04,7.66820726e+04,2.83913096e+05,-3.27618070e+03,0.00000000e+00,3.55352867e+09
5.39000000e+03,2.24122072e+01,2.92026343e+33,2.29951681e+38,8.25694985e+38,-1.40888187e+37,1.72207509e+46,8.72068390e+46,7.12641554e+46,4.93563236e+48,2.02938267e+52,2.03031848e+52,-7.46631027e+51,1.65700297e+52,6.80066328e+04,3.17261851e+05,6.99254847e+04,7.87434720e+04,2.82746747e+05,-4.82450267e+03,0.00000000e+00,3.52877694e+09
5.40000000e+03,2.24381810e+01,2.92026515e+33,2.35692350e+38,8.22086501e+38,-1.83296702e+37,1.78195337e+46,8.67652994e+46,6.93541554e+46,4.93594020e+48,2.03073454e+52,2.03167099e+52,-7.44608587e+51,1.65936669e+52,7.15438044e+04,3.24412279e+05,7.04211558e+04,8.07092295e+04,2.81510911e+05,-6.27671437e+03,0.00000000e+00,3.50149422e+09
5.41000000e+03,2.24652177e+01,2.92026700e+33,2.41789047e+38,8.17833121e+38,-2.28320940e+37,1.84631939e+46,8.63831665e+46,6.73715793e+46,4.92948643e+48,2.03211444e+52,2.03305124e+52,-7.42210021e+51,1.66194623e+52,7.52938537e+04,3.31895047e+05,7.08715617e+04,8.27968974e+04,2.80054228e+05,-7.81849536e+03,0.00000000e+00,3.47047086e+09
5.42000000e+03,2.24942411e+01,2.92026912e+33,2.48477465e+38,8.12704396e+38,-2.77747623e+37,1.92461349e+46,8.61215105e+46,6.52247626e+46,4.91738196e+48,2.03355846e+52,2.03449551e+52,-7.39324466e+51,1.66483328e+52,7.92941789e+04,3.39693593e+05,7.11000194e+04,8.50871802e+04,2.78297774e+05,-9.51102832e+03,0.00000000e+00,3.42918392e+09
5.43000000e+03,2.25238093e+01,2.92027143e+33,2.55330814e+38,8.07266140e+38,-3.27845893e+37,2.00681916e+46,8.59908271e+46,6.29708677e+46,4.89952185e+48,2.03499120e+52,2.03592842e+52,-7.36095913e+51,1.66788047e+52,8.34331743e+04,3.47523484e+05,7.11739522e+04,8.74339322e+04,2.76435310e+05,-1.12265555e+04,0.00000000e+00,3.38562628e+09
5.44000000e+03,2.25541430e+01,2.92027386e+33,2.61907699e+38,8.01907390e+38,-3.76278787e+37,2.09214011e+46,8.59865859e+46,6.05469190e+46,4.87566150e+48,2.03641635e+52,2.03735321e+52,-7.32529042e+51,1.67108869e+52,8.77337504e+04,3.55428377e+05,7.10796041e+04,8.96860060e+04,2.74600064e+05,-1.28850514e+04,0.00000000e+00,3.33657362e+09
5.45000000e+03,2.25847309e+01,2.92027632e+33,2.68078734e+38,7.96248584e+38,-4.23511489e+37,2.18082572e+46,8.60803397e+46,5.80308657e+46,4.84495381e+48,2.03781232e+52,2.03874803e+52,-7.28726978e+51,1.67438454e+52,9.21413314e+04,3.63346676e+05,7.08738487e+04,9.17990984e+04,2.72662069e+05,-1.45024457e+04,0.00000000e+00,3.28572974e+09
5.46000000e+03,2.26167531e+01,2.92027902e+33,2.74414973e+38,7.89588134e+38,-4.75245133e+37,2.27149629e+46,8.61174904e+46,5.54383551e+46,4.80432903e+48,2.03932139e+52,2.04025529e+52,-7.24588654e+51,1.67796096e+52,9.68026477e+04,3.71547234e+05,7.05319060e+04,9.39687512e+04,2.70381059e+05,-1.62739632e+04,0.00000000e+00,3.23005819e+09
5.47000000e+03,2.26473330e+01,2.92028137e+33,2.80438148e+38,7.82275991e+38,-5.23171118e+37,2.35178376e+46,8.61359899e+46,5.29980800e+46,4.76095271e+48,2.04063378e+52,2.04156422e+52,-7.20530515e+51,1.68129897e+52,1.01401740e+05,3.79378220e+05,7.01287929e+04,9.60312083e+04,2.67876924e+05,-1.79150929e+04,0.00000000e+00,3.17723084e+09
5.48000000e+03,2.26774278e+01,2.92028376e+33,2.85993823e+38,7.74659698e+38,-5.71705669e+37,2.43153178e+46,8.61563166e+46,5.05591124e+46,4.70940755e+48,2.04189208e+52,2.04281841e+52,-7.16502687e+51,1.68456707e+52,1.05987299e+05,3.87061171e+05,6.96376770e+04,9.79335732e+04,2.65268639e+05,-1.95770588e+04,0.00000000e+00,3.12409593e+09
5.49000000e+03,2.27082819e+01,2.92028626e+33,2.91614369e+38,7.66252660e+38,-6.23104205e+37,2.50891798e+46,8.61952192e+46,4.81040614e+46,4.64940108e+48,2.04315254e+52,2.04407391e+52,-7.12381192e+51,1.68788331e+52,1.10713172e+05,3.94894876e+05,6.90319929e+04,9.98581450e+04,2.62389571e+05,-2.13370933e+04,0.00000000e+00,3.07087148e+09
5.50000000e+03,2.27383982e+01,2.92028866e+33,2.96661891e+38,7.57714217e+38,-6.69914818e+37,2.57904950e+46,8.61946157e+46,4.57340372e+46,4.58621762e+48,2.04435180e+52,2.04526742e+52,-7.08407061e+51,1.69106389e+52,1.15348267e+05,4.02533249e+05,6.83566985e+04,1.01586496e+05,2.59465521e+05,-2.29400206e+04,0.00000000e+00,3.01960586e+09
5.51000000e+03,2.27674900e+01,2.92029089e+33,3.01422934e+38,7.48716303e+38,-7.15076398e+37,2.64404416e+46,8.61217314e+46,4.34809468e+46,4.52093891e+48,2.04548673e+52,2.04639588e+52,-7.04658531e+51,1.69406662e+52,1.19877605e+05,4.09948325e+05,6.76411393e+04,1.03216750e+05,2.56384151e+05,-2.44864784e+04,0.00000000e+00,2.97232690e+09
5.52000000e+03,2.27951936e+01,2.92029293e+33,3.05885602e+38,7.39427442e+38,-7.58609370e+37,2.70081059e+46,8.60113266e+46,4.14382948e+46,4.45532491e+48,2.04655202e+52,2.04745415e+52,-7.01208734e+51,1.69684978e+52,1.24241954e+05,4.17063120e+05,6.69048412e+04,1.04744835e+05,2.53203175e+05,-2.59771670e+04,0.00000000e+00,2.92920742e+09
5.53000000e+03,2.28229905e+01,2.92029498e+33,3.09810231e+38,7.29820196e+38,-8.01690127e+37,2.74583406e+46,8.59059386e+46,3.94940723e+46,4.38592056e+48,2.04761725e+52,2.04851198e+52,-6.97899037e+51,1.69956246e+52,1.28631128e+05,4.24240065e+05,6.61266160e+04,1.06088677e+05,2.49913177e+05,-2.74523681e+04,0.00000000e+00,2.88835187e+09
5.54000000e+03,2.28520776e+01,2.92029722e+33,3.13693965e+38,7.19545132e+38,-8.48465973e+37,2.78247151e+46,8.58071788e+46,3.75440762e+46,4.31086800e+48,2.04872042e+52,2.04960757e+52,-6.94623725e+51,1.70229571e+52,1.33192375e+05,4.31734998e+05,6.52514532e+04,1.07418506e+05,2.46394486e+05,-2.90540966e+04,0.00000000e+00,2.84771005e+09
5.55000000e+03,2.28801433e+01,2.92029930e+33,3.17218563e+38,7.09690254e+38,-8.94855965e+37,2.80516124e+46,8.56726937e+46,3.57272249e+46,4.23882310e+48,2.04977278e+52,2.05065237e+52,-6.91659825e+51,1.70482246e+52,1.37597427e+05,4.38994603e+05,6.43482539e+04,1.08625360e+05,2.43019698e+05,-3.06426113e+04,0.00000000e+00,2.81151795e+09
5.56000000e+03,2.29082180e+01,2.92030139e+33,3.20476157e+38,6.99705009e+38,-9.40417224e+37,2.81960289e+46,8.55955909e+46,3.39569932e+46,4.16718269e+48,2.05081888e+52,2.05169102e+52,-6.88911548e+51,1.70723525e+52,1.42005855e+05,4.46286428e+05,6.34001079e+04,1.09740781e+05,2.39600272e+05,-3.22027455e+04,0.00000000e+00,2.77818794e+09
5.57000000e+03,2.29374304e+01,2.92030344e+33,3.23400570e+38,6.88958972e+38,-9.89019864e+37,2.83113204e+46,8.55000873e+46,3.22387013e+46,4.09596985e+48,2.05189972e+52,2.05276402e+52,-6.86297495e+51,1.70961528e+52,1.46609950e+05,4.53879131e+05,6.23483354e+04,1.10742112e+05,2.35920337e+05,-3.38670239e+04,0.00000000e+00,2.74692189e+09
5.58000000e+03,2.29669499e+01,2.92030574e+33,3.25765043e+38,6.77842915e+38,-1.04013942e+38,2.83815729e+46,8.54225111e+46,3.05503622e+46,4.02503692e+48,2.05298961e+52,2.05384711e+52,-6.83943721e+51,1.71187525e+52,1.51282217e+05,4.61542682e+05,6.12672554e+04,1.11551691e+05,2.32113681e+05,-3.56174836e+04,0.00000000e+00,2.71797108e+09
5.59000000e+03,2.29976776e+01,2.92030811e+33,3.27934109e+38,6.65995742e+38,-1.09514944e+38,2.83645545e+46,8.53262307e+46,2.89216970e+46,3.95792573e+48,2.05412322e+52,2.05497426e+52,-6.81807342e+51,1.71407059e+52,1.56184978e+05,4.69371231e+05,6.00289338e+04,1.12294352e+05,2.28056670e+05,-3.75011607e+04,0.00000000e+00,2.69201273e+09
5.60000000e+03,2.30284822e+01,2.92031061e+33,3.29417249e+38,6.53884529e+38,-1.15222008e+38,2.83636079e+46,8.52009558e+46,2.72694182e+46,3.89812988e+48,2.05525736e+52,2.05610321e+52,-6.80004737e+51,1.71610084e+52,1.61132914e+05,4.77067067e+05,5.86812549e+04,1.12802127e+05,2.23909240e+05,-3.94553946e+04,0.00000000e+00,2.66993182e+09
5.61000000e+03,2.30578948e+01,2.92031290e+33,3.30311008e+38,6.42267541e+38,-1.20622320e+38,2.83492057e+46,8.51415413e+46,2.57158412e+46,3.85011597e+48,2.05634792e+52,2.05718945e+52,-6.78610354e+51,1.71788427e+52,1.65986497e+05,4.84461395e+05,5.73244196e+04,1.13108088e+05,2.19931070e+05,-4.13045875e+04,0.00000000e+00,2.65321537e+09
5.62000000e+03,2.30879089e+01,2.92031528e+33,3.30745938e+38,6.30492480e+38,-1.26087358e+38,2.83141968e+46,8.51371002e+46,2.41218884e+46,3.80887947e+48,2.05747292e+52,2.05831119e+52,-6.77535480e+51,1.71954345e+52,1.71062098e+05,4.91997062e+05,5.58773526e+04,1.13256928e+05,2.15898771e+05,-4.31759403e+04,0.00000000e+00,2.64056285e+09
5.63000000e+03,2.31197239e+01,2.92031794e+33,3.30680650e+38,6.18532330e+38,-1.31976480e+38,2.82679734e+46,8.51843480e+46,2.24085167e+46,3.77431795e+48,2.05867826e+52,2.05951464e+52,-6.76787155e+51,1.72112107e+52,1.76509646e+05,4.99802846e+05,5.42321482e+04,1.13234469e+05,2.11803079e+05,-4.51925040e+04,0.00000000e+00,2.63109122e+09
5.64000000e+03,2.31532695e+01,2.92032075e+33,3.29712853e+38,6.05813075e+38,-1.38121617e+38,2.82238504e+46,8.52643228e+46,2.06389045e+46,3.75107057e+48,2.05996493e+52,2.06080068e+52,-6.76431419e+51,1.72258497e+52,1.82361467e+05,5.07878990e+05,5.23615113e+04,1.12902959e+05,2.07447444e+05,-4.72967283e+04,0.00000000e+00,2.62621848e+09
5.65000000e+03,2.31860206e+01,2.92032342e+33,3.27948464e+38,5.93316949e+38,-1.44104823e+38,2.81242301e+46,8.53384829e+46,1.89439541e+46,3.74045408e+48,2.06123930e+52,2.06207548e+52,-6.76521515e+51,1.72381473e+52,1.88428547e+05,5.15940042e+05,5.04499011e+04,1.12298679e+05,2.03168233e+05,-4.93455013e+04,0.00000000e+00,2.62689501e+09
5.66000000e+03,2.32164986e+01,2.92032587e+33,3.25580449e+38,5.81545139e+38,-1.49650850e+38,2.79953624e+46,8.54492415e+46,1.73479111e+46,3.74238202e+48,2.06244373e+52,2.06328143e+52,-6.76989675e+51,1.72478659e+52,1.94184265e+05,5.23322287e+05,4.85671041e+04,1.11487712e+05,1.99137070e+05,-5.12445723e+04,0.00000000e+00,2.63183234e+09
5.67000000e+03,2.32447100e+01,2.92032798e+33,3.22578959e+38,5.70646765e+38,-1.54905385e+38,2.77839421e+46,8.55927499e+46,1.58439025e+46,3.75402375e+48,2.06358084e+52,2.06442045e+52,-6.77747761e+51,1.72554656e+52,1.99870925e+05,5.30397274e+05,4.67884273e+04,1.10459839e+05,1.95405026e+05,-5.30438313e+04,0.00000000e+00,2.64072945e+09
5.68000000e+03,2.32714237e+01,2.92032988e+33,3.18821181e+38,5.60334693e+38,-1.59847777e+38,2.75182302e+46,8.57277860e+46,1.44357801e+46,3.77209679e+48,2.06467680e+52,2.06551862e+52,-6.78755383e+51,1.72614093e+52,2.05582411e+05,5.37315629e+05,4.50730779e+04,1.09173003e+05,1.91873766e+05,-5.47362058e+04,0.00000000e+00,2.65266294e+09
5.69000000e+03,2.32970903e+01,2.92033164e+33,3.14655341e+38,5.50460388e+38,-1.64546315e+38,2.72206109e+46,8.58557352e+46,1.31204460e+46,3.79537894e+48,2.06574790e+52,2.06659233e+52,-6.79986803e+51,1.72659893e+52,2.11333874e+05,5.44099571e+05,4.34197470e+04,1.07746441e+05,1.88492423e+05,-5.63450784e+04,0.00000000e+00,2.66701188e+09
5.70000000e+03,2.33215419e+01,2.92033324e+33,3.10271477e+38,5.41298392e+38,-1.68848082e+38,2.69093723e+46,8.60053642e+46,1.18943834e+46,3.82283001e+48,2.06678680e+52,2.06763407e+52,-6.81396110e+51,1.72693601e+52,2.17065522e+05,5.50727808e+05,4.18769869e+04,1.06245230e+05,1.85355009e+05,-5.78180872e+04,0.00000000e+00,2.68362424e+09
5.71000000e+03,2.33454141e+01,2.92033463e+33,3.05733090e+38,5.32592309e+38,-1.72810857e+38,2.65565780e+46,8.61763104e+46,1.06966318e+46,3.85597112e+48,2.06781975e+52,2.06866990e+52,-6.82989525e+51,1.72717514e+52,2.23040930e+05,5.57537804e+05,4.04259029e+04,1.04691115e+05,1.82373727e+05,-5.91750189e+04,0.00000000e+00,2.70309168e+09
5.72000000e+03,2.33693318e+01,2.92033616e+33,3.00730443e+38,5.24061484e+38,-1.76662057e+38,2.62053685e+46,8.63429645e+46,9.49898366e+45,3.88824396e+48,2.06887345e+52,2.06972709e+52,-6.84806019e+51,1.72732408e+52,2.29165727e+05,5.64477328e+05,3.90372423e+04,1.02978023e+05,1.79452452e+05,-6.04937401e+04,0.00000000e+00,2.72515730e+09
5.73000000e+03,2.33938995e+01,2.92033778e+33,2.95232569e+38,5.15504512e+38,-1.80477211e+38,2.58039971e+46,8.64833321e+46,8.29608323e+45,3.92404867e+48,2.06997461e+52,2.07083236e+52,-6.86885123e+51,1.72738980e+52,2.35387810e+05,5.71410901e+05,3.76171240e+04,1.01095350e+05,1.76522222e+05,-6.18001151e+04,0.00000000e+00,2.74995432e+09
5.74000000e+03,2.34196438e+01,2.92033946e+33,2.88933386e+38,5.06810651e+38,-1.84324137e+38,2.53650177e+46,8.66154064e+46,7.05261831e+45,3.96508856e+48,2.07115047e+52,2.07201302e+52,-6.89280598e+51,1.72737272e+52,2.42001374e+05,5.78647927e+05,3.61612576e+04,9.89382877e+04,1.73545116e+05,-6.31173668e+04,0.00000000e+00,2.77831195e+09
5.75000000e+03,2.34468227e+01,2.92034143e+33,2.81662930e+38,4.97916420e+38,-1.88278375e+38,2.48750047e+46,8.67728474e+46,5.78227317e+45,4.00831741e+48,2.07241568e+52,2.07328410e+52,-6.92040319e+51,1.72726394e+52,2.48747429e+05,5.86029063e+05,3.46158605e+04,9.64486301e+04,1.70499386e+05,-6.44713570e+04,0.00000000e+00,2.81133177e+09
5.76000000e+03,2.34734779e+01,2.92034332e+33,2.73819125e+38,4.89491900e+38,-1.92003609e+38,2.43553846e+46,8.69578748e+46,4.56860903e+45,4.05519641e+48,2.07368058e+52,2.07455521e+52,-6.94955267e+51,1.72707758e+52,2.55364941e+05,5.93269093e+05,3.30930653e+04,9.37626490e+04,1.67614505e+05,-6.57469305e+04,0.00000000e+00,2.84569477e+09
5.77000000e+03,2.34992785e+01,2.92034509e+33,2.65462555e+38,4.81673665e+38,-1.95463689e+38,2.38224074e+46,8.71580113e+46,3.36811168e+45,4.10281000e+48,2.07492829e+52,2.07580913e+52,-6.97964025e+51,1.72682712e+52,2.62001876e+05,6.00500340e+05,3.16464510e+04,9.09010909e+04,1.64937242e+05,-6.69317094e+04,0.00000000e+00,2.88239186e+09
5.78000000e+03,2.35242139e+01,2.92034675e+33,2.56772015e+38,4.74355034e+38,-1.98770750e+38,2.32730722e+46,8.73924814e+46,2.18815764e+45,4.14923189e+48,2.07615693e+52,2.07704377e+52,-7.01037444e+51,1.72652505e+52,2.68661429e+05,6.07718412e+05,3.02671439e+04,8.79251805e+04,1.62431065e+05,-6.80640921e+04,0.00000000e+00,2.92037545e+09
5.79000000e+03,2.35484947e+01,2.92034833e+33,2.47697947e+38,4.67467607e+38,-2.01902795e+38,2.27080449e+46,8.76542827e+46,1.01801234e+45,4.19380037e+48,2.07737601e+52,2.07826863e+52,-7.04173137e+51,1.72618206e+52,2.75362808e+05,6.14946948e+05,2.89499436e+04,8.48179460e+04,1.60072551e+05,-6.91365454e+04,0.00000000e+00,2.95968227e+09
5.80000000e+03,2.35722250e+01,2.92034977e+33,2.38243571e+38,4.61026884e+38,-2.04854116e+38,2.21078678e+46,8.79237587e+46,-1.31199334e+44,4.23733232e+48,2.07858739e+52,2.07948543e+52,-7.07358520e+51,1.72580617e+52,2.82267299e+05,6.22354940e+05,2.77211725e+04,8.15804919e+04,1.57867009e+05,-7.01471165e+04,0.00000000e+00,3.00007535e+09
5.81000000e+03,2.35951636e+01,2.92035112e+33,2.28606159e+38,4.55017773e+38,-2.07461321e+38,2.14776730e+46,8.82140023e+46,-1.23846474e+45,4.27760254e+48,2.07977607e+52,2.08067913e+52,-7.10537077e+51,1.72541059e+52,2.89175402e+05,6.29745987e+05,2.65668292e+04,7.82803674e+04,1.55809269e+05,-7.10398552e+04,0.00000000e+00,3.04123528e+09
5.82000000e+03,2.36174952e+01,2.92035247e+33,2.18935790e+38,4.49062338e+38,-2.09793423e+38,2.08407621e+46,8.85387836e+46,-2.30847156e+45,4.31362707e+48,2.08095240e+52,2.08186026e+52,-7.13707075e+51,1.72500672e+52,2.95917804e+05,6.36925720e+05,2.54197934e+04,7.49689610e+04,1.53769911e+05,-7.18383912e+04,0.00000000e+00,3.08230331e+09
5.83000000e+03,2.36393831e+01,2.92035370e+33,2.09011709e+38,4.43208859e+38,-2.12068593e+38,2.01995309e+46,8.88981072e+46,-3.35718052e+45,4.34912817e+48,2.08212347e+52,2.08303577e+52,-7.16864344e+51,1.72460360e+52,3.02748827e+05,6.44144471e+05,2.42939239e+04,7.15706830e+04,1.51765472e+05,-7.26174342e+04,0.00000000e+00,3.12301557e+09
5.84000000e+03,2.36609500e+01,2.92035496e+33,1.98924540e+38,4.37556508e+38,-2.14313971e+38,1.95417689e+46,8.92716887e+46,-4.39790441e+45,4.37929636e+48,2.08329214e+52,2.08420860e+52,-7.20012061e+51,1.72420257e+52,3.09623469e+05,6.51377783e+05,2.31704410e+04,6.81165621e+04,1.49829905e+05,-7.33862747e+04,0.00000000e+00,3.16487273e+09
5.85000000e+03,2.36823001e+01,2.92035619e+33,1.88699000e+38,4.31966409e+38,-2.16315825e+38,1.88578338e+46,8.96837848e+46,-5.39484752e+45,4.40681917e+48,2.08446263e+52,2.08538294e+52,-7.23144155e+51,1.72381087e+52,3.16486476e+05,6.58570867e+05,2.20103899e+04,6.46150631e+04,1.47915658e+05,-7.40717263e+04,0.00000000e+00,3.20658245e+09
5.86000000e+03,2.37035330e+01,2.92035741e+33,1.78018673e+38,4.26369760e+38,-2.18063631e+38,1.81651591e+46,9.01170821e+46,-6.32901103e+45,4.43177276e+48,2.08563966e+52,2.08656358e+52,-7.26255786e+51,1.72343569e+52,3.23369666e+05,6.65762873e+05,2.08121038e+04,6.09578376e+04,1.45999171e+05,-7.46701860e+04,0.00000000e+00,3.24782827e+09
5.87000000e+03,2.37248164e+01,2.92035859e+33,1.67112215e+38,4.20876879e+38,-2.19734054e+38,1.74639033e+46,9.05484284e+46,-7.18302127e+45,4.45516777e+48,2.08683065e+52,2.08775781e+52,-7.29355237e+51,1.72308019e+52,3.30484380e+05,6.73218580e+05,1.95936171e+04,5.72231833e+04,1.44118219e+05,-7.52421483e+04,0.00000000e+00,3.28971670e+09
5.88000000e+03,2.37463287e+01,2.92035984e+33,1.56173582e+38,4.15579347e+38,-2.21433659e+38,1.67267246e+46,9.10077304e+46,-7.95669924e+45,4.47360238e+48,2.08804389e+52,2.08897407e+52,-7.32452451e+51,1.72274785e+52,3.37528618e+05,6.80662427e+05,1.82774515e+04,5.34775132e+04,1.42304158e+05,-7.58241009e+04,0.00000000e+00,3.33271078e+09
5.89000000e+03,2.37680617e+01,2.92036111e+33,1.45030184e+38,4.10411426e+38,-2.23118734e+38,1.59863458e+46,9.14750235e+46,-8.70958840e+45,4.48966030e+48,2.08927791e+52,2.09021096e+52,-7.35519101e+51,1.72245141e+52,3.44506956e+05,6.88103428e+05,1.68507509e+04,4.96617298e+04,1.40534478e+05,-7.64010769e+04,0.00000000e+00,3.37442385e+09
5.90000000e+03,2.37897604e+01,2.92036221e+33,1.33539679e+38,4.05212855e+38,-2.24745453e+38,1.52644369e+46,9.19025041e+46,-9.43698141e+45,4.50927274e+48,2.09051344e+52,2.09144891e+52,-7.38494177e+51,1.72220182e+52,3.51851085e+05,6.95965511e+05,1.54066457e+04,4.57270945e+04,1.38754314e+05,-7.69580748e+04,0.00000000e+00,3.41225465e+09
5.91000000e+03,2.38059525e+01,2.92036285e+33,1.24596584e+38,4.01347555e+38,-2.25961437e+38,1.47045739e+46,9.21566719e+46,-9.94217191e+45,4.52698783e+48,2.09144129e+52,2.09237814e+52,-7.40653401e+51,1.72205144e+52,3.58081278e+05,7.02639101e+05,1.43709618e+04,4.26647613e+04,1.37430715e+05,-7.73744387e+04,0.00000000e+00,3.44246279e+09
5.92000000e+03,2.38163490e+01,2.92036315e+33,1.18803966e+38,3.98637272e+38,-2.26744826e+38,1.43402165e+46,9.22761603e+46,-1.02643558e+46,4.54017775e+48,2.09204073e+52,2.09297815e+52,-7.42013765e+51,1.72197127e+52,3.62786465e+05,7.07601473e+05,1.37566627e+04,4.06812303e+04,1.36502637e+05,-7.76426816e+04,0.00000000e+00,3.46550187e+09
5.93000000e+03,2.38278954e+01,2.92036352e+33,1.12146920e+38,3.95835149e+38,-2.27642984e+38,1.39442957e+46,9.24024815e+46,-1.06011380e+46,4.54698745e+48,2.09270595e+52,2.09364349e+52,-7.43506480e+51,1.72189025e+52,3.68380692e+05,7.13336815e+05,1.31036290e+04,3.84016989e+04,1.35543108e+05,-7.79502218e+04,0.00000000e+00,3.49146834e+09
5.94000000e+03,2.38403882e+01,2.92036395e+33,1.04741687e+38,3.92659080e+38,-2.28417151e+38,1.35697791e+46,9.25010638e+46,-1.10015661e+46,4.54885807e+48,2.09343444e+52,2.09437171e+52,-7.45094938e+51,1.72182425e+52,3.74647993e+05,7.19581376e+05,1.24002973e+04,3.58659705e+04,1.34455529e+05,-7.82153028e+04,0.00000000e+00,3.51557019e+09
5.95000000e+03,2.38536042e+01,2.92036443e+33,9.68839528e+37,3.89196892e+38,-2.29481114e+38,1.31786070e+46,9.26780801e+46,-1.14037451e+46,4.54845694e+48,2.09419668e+52,2.09513355e+52,-7.46735250e+51,1.72176593e+52,3.81220238e+05,7.26048901e+05,1.16113482e+04,3.31752955e+04,1.33269974e+05,-7.85796157e+04,0.00000000e+00,3.53963506e+09
5.96000000e+03,2.38674856e+01,2.92036497e+33,8.85568419e+37,3.85404201e+38,-2.30517281e+38,1.27868912e+46,9.29195862e+46,-1.18307573e+46,4.54697646e+48,2.09499849e+52,2.09593504e+52,-7.48401336e+51,1.72173438e+52,3.87762215e+05,7.32564751e+05,1.07166054e+04,3.03238954e+04,1.31971245e+05,-7.89344083e+04,0.00000000e+00,3.56312912e+09
5.97000000e+03,2.38816670e+01,2.92036552e+33,7.99842967e+37,3.81457466e+38,-2.31550770e+38,1.24035113e+46,9.31855536e+46,-1.22912312e+46,4.54833483e+48,2.09581749e+52,2.09675393e+52,-7.50029907e+51,1.72173897e+52,3.94106747e+05,7.39125482e+05,9.76012395e+03,2.73884540e+04,1.30619768e+05,-7.92882840e+04,0.00000000e+00,3.58588924e+09
5.98000000e+03,2.38945544e+01,2.92036594e+33,7.20947553e+37,3.77775203e+38,-2.32494542e+38,1.20448868e+46,9.34207844e+46,-1.27191713e+46,4.55315353e+48,2.09656096e+52,2.09749732e+52,-7.51439615e+51,1.72177751e+52,3.99944279e+05,7.45333697e+05,8.89780353e+03,2.46868909e+04,1.29358858e+05,-7.96114415e+04,0.00000000e+00,3.60639857e+09
5.99000000e+03,2.39075033e+01,2.92036638e+33,6.41992110e+37,3.74166443e+38,-2.33427213e+38,1.16796502e+46,9.36557779e+46,-1.31910616e+46,4.55553714e+48,2.09730722e+52,2.09824332e+52,-7.52790428e+51,1.72184811e+52,4.05848018e+05,7.51666763e+05,8.04180136e+03,2.19832729e+04,1.28123117e+05,-7.99307975e+04,0.00000000e+00,3.62596096e+09
6.00000000e+03,2.39203867e+01,2.92036685e+33,5.64301110e+37,3.70614968e+38,-2.34293494e+38,1.13167608e+46,9.38910076e+46,-1.36563860e+46,4.55440432e+48,2.09805139e+52,2.09898706e+52,-7.54068576e+51,1.72195277e+52,4.11709808e+05,7.57944265e+05,7.18750910e+03,1.93229528e+04,1.26906990e+05,-8.02274188e+04,0.00000000e+00,3.64565457e+09
6.01000000e+03,2.39338010e+01,2.92036736e+33,4.84567320e+37,3.66938855e+38,-2.35212630e+38,1.09422295e+46,9.41503708e+46,-1.41494511e+46,4.55196255e+48,2.09882341e+52,2.09975858e+52,-7.55324763e+51,1.72209619e+52,4.17723802e+05,7.64389752e+05,6.28938596e+03,1.65926837e+04,1.25648184e+05,-8.05421375e+04,0.00000000e+00,3.66416509e+09
6.02000000e+03,2.39471786e+01,2.92036787e+33,4.05036409e+37,3.63125636e+38,-2.36117413e+38,1.05719614e+46,9.44050790e+46,-1.46374322e+46,4.54978077e+48,2.09959045e+52,2.10052511e+52,-7.56496519e+51,1.72227685e+52,4.23606279e+05,7.70764632e+05,5.38153904e+03,1.38693626e+04,1.24342429e+05,-8.08519416e+04,0.00000000e+00,3.68125470e+09
6.03000000e+03,2.39598472e+01,2.92036832e+33,3.30304963e+37,3.59510817e+38,-2.36923602e+38,1.02064887e+46,9.46366427e+46,-1.51246750e+46,4.54973221e+48,2.10031385e+52,2.10124802e+52,-7.57527544e+51,1.72248425e+52,4.29212270e+05,7.76915921e+05,4.51772756e+03,1.13103872e+04,1.23104615e+05,-8.11279867e+04,0.00000000e+00,3.69685854e+09
6.04000000e+03,2.39720438e+01,2.92036869e+33,2.58908244e+37,3.55986606e+38,-2.37690867e+38,9.84630343e+45,9.48370454e+46,-1.56054944e+46,4.55149469e+48,2.10100900e+52,2.10194262e+52,-7.58447159e+51,1.72271905e+52,4.34820307e+05,7.83073751e+05,3.69362798e+03,8.86560130e+03,1.21897830e+05,-8.13907054e+04,0.00000000e+00,3.71063009e+09
6.05000000e+03,2.39825156e+01,2.92036897e+33,1.97714340e+37,3.52912073e+38,-2.38336692e+38,9.52606987e+45,9.49885387e+46,-1.60183999e+46,4.55273689e+48,2.10160348e+52,2.10253647e+52,-7.59181739e+51,1.72294560e+52,4.39919463e+05,7.88601061e+05,3.00119780e+03,6.77018355e+03,1.20845029e+05,-8.16118424e+04,0.00000000e+00,3.72286398e+09
6.06000000e+03,2.39913380e+01,2.92036918e+33,1.46172652e+37,3.50254878e+38,-2.38848648e+38,9.23917231e+45,9.50981885e+46,-1.63531875e+46,4.55354180e+48,2.10210308e+52,2.10303538e+52,-7.59762323e+51,1.72315422e+52,4.44505422e+05,7.93472328e+05,2.43528203e+03,5.00527992e+03,1.19935137e+05,-8.17871420e+04,0.00000000e+00,3.73377466e+09
6.07000000e+03,2.40013112e+01,2.92036947e+33,8.88346752e+36,3.47286215e+38,-2.39446164e+38,8.90423829e+45,9.52376155e+46,-1.67303865e+46,4.54938107e+48,2.10266508e+52,2.10359639e+52,-7.60378454e+51,1.72340717e+52,4.49640246e+05,7.98848255e+05,1.79210780e+03,3.04189850e+03,1.18918588e+05,-8.19917363e+04,0.00000000e+00,3.74326541e+09
6.08000000e+03,2.40112978e+01,2.92036974e+33,3.19198981e+36,3.44244324e+38,-2.40035006e+38,8.56605033e+45,9.53704840e+46,-1.70958033e+46,4.54623944e+48,2.10322793e+52,2.10415825e+52,-7.60947980e+51,1.72368426e+52,4.54895680e+05,8.04314043e+05,1.15238317e+03,1.09300879e+03,1.17876966e+05,-8.21933615e+04,0.00000000e+00,3.75260266e+09
6.09000000e+03,2.40205921e+01,2.92036996e+33,-2.03936126e+36,3.41371330e+38,-2.40584402e+38,8.24653390e+45,9.54894491e+46,-1.74278151e+46,4.54422350e+48,2.10374951e+52,2.10467889e+52,-7.61434109e+51,1.72396183e+52,4.59888906e+05,8.09501705e+05,5.66189633e+02,-6.98322914e+02,1.16893180e+05,-8.23814808e+04,0.00000000e+00,3.76074808e+09
6.10000000e+03,2.40294402e+01,2.92037019e+33,-6.91627039e+36,3.38663952e+38,-2.41148425e+38,7.93100987e+45,9.56109003e+46,-1.77503172e+46,4.54059658e+48,2.10424472e+52,2.10517310e+52,-7.61857979e+51,1.72424411e+52,4.64624222e+05,8.14436237e+05,8.14270306e+00,-2.36828550e+03,1.15966104e+05,-8.25746084e+04,0.00000000e+00,3.76781944e+09
6.11000000e+03,2.40380243e+01,2.92037041e+33,-1.15854829e+37,3.36033775e+38,-2.41702087e+38,7.62473336e+45,9.57269722e+46,-1.80595462e+46,4.53710117e+48,2.10472310e+52,2.10565051e+52,-7.62231182e+51,1.72453492e+52,4.69231561e+05,8.19258043e+05,-5.36081074e+02,-3.96712790e+03,1.15065464e+05,-8.27641885e+04,0.00000000e+00,3.77400239e+09
6.12000000e+03,2.40462689e+01,2.92037062e+33,-1.60499138e+37,3.33479752e+38,-2.42240006e+38,7.33153876e+45,9.58368219e+46,-1.83528423e+46,4.53341726e+48,2.10518093e+52,2.10610740e+52,-7.62553784e+51,1.72483050e+52,4.73642931e+05,8.23901829e+05,-1.06453980e+03,-5.49584826e+03,1.14190901e+05,-8.29483780e+04,0.00000000e+00,3.77946458e+09
6.13000000e+03,2.40545677e+01,2.92037078e+33,-2.05587412e+37,3.30848352e+38,-2.42789775e+38,7.03946622e+45,9.59333661e+46,-1.86435275e+46,4.53250005e+48,2.10563951e+52,2.10656509e+52,-7.62840928e+51,1.72514462e+52,4.78225818e+05,8.28746000e+05,-1.59550658e+03,-7.03977087e+03,1.13289844e+05,-8.31366266e+04,0.00000000e+00,3.78465443e+09
6.14000000e+03,2.40637272e+01,2.92037104e+33,-2.55779511e+37,3.27900408e+38,-2.43393313e+38,6.71918533e+45,9.60564431e+46,-1.89671924e+46,4.52547531e+48,2.10614386e+52,2.10706823e+52,-7.63118578e+51,1.72550894e+52,4.83084887e+05,8.33920402e+05,-2.19740288e+03,-8.75845938e+03,1.12280393e+05,-8.33432840e+04,0.00000000e+00,3.79015663e+09
6.15000000e+03,2.40724763e+01,2.92037125e+33,-3.04692043e+37,3.25020720e+38,-2.43984297e+38,6.41833591e+45,9.61653531e+46,-1.92777609e+46,4.52211599e+48,2.10662253e+52,2.10754592e+52,-7.63339105e+51,1.72587636e+52,4.87745880e+05,8.38914836e+05,-2.78176528e+03,-1.04333325e+04,1.11294316e+05,-8.35456442e+04,0.00000000e+00,3.79271120e+09
6.16000000e+03,2.40812316e+01,2.92037147e+33,-3.54765034e+37,3.22001710e+38,-2.44588774e+38,6.11738126e+45,9.62760016e+46,-1.95879729e+46,4.51757111e+48,2.10709961e+52,2.10802198e+52,-7.63517771e+51,1.72626310e+52,4.92315287e+05,8.43858362e+05,-3.37829749e+03,-1.21479420e+04,1.10260531e+05,-8.37526241e+04,0.00000000e+00,3.79571122e+09
6.17000000e+03,2.40883176e+01,2.92037163e+33,-3.96290202e+37,3.19467021e+38,-2.45058960e+38,5.87581373e+45,9.63578478e+46,-1.98386498e+46,4.51574515e+48,2.10748373e+52,2.10840534e+52,-7.63629808e+51,1.72659043e+52,4.96075369e+05,8.47950645e+05,-3.86203500e+03,-1.35698552e+04,1.09392592e+05,-8.39136217e+04,0.00000000e+00,3.79813951e+09
6.18000000e+03,2.40963933e+01,2.92037181e+33,-4.44520620e+37,3.16466276e+38,-2.45578869e+38,5.59964154e+45,9.64523053e+46,-2.01199031e+46,4.51255798e+48,2.10791909e+52,2.10883974e+52,-7.63723945e+51,1.72697776e+52,5.00372754e+05,8.52647110e+05,-4.41690597e+03,-1.52213707e+04,1.08365063e+05,-8.40916448e+04,0.00000000e+00,3.80077287e+09
6.19000000e+03,2.41045097e+01,2.92037201e+33,-4.93376282e+37,3.13374387e+38,-2.46092527e+38,5.32501137e+45,9.65608757e+46,-2.04054176e+46,4.50795440e+48,2.10835390e+52,2.10927353e+52,-7.63782547e+51,1.72738226e+52,5.04609238e+05,8.57291020e+05,-4.98538218e+03,-1.68942957e+04,1.07306325e+05,-8.42675270e+04,0.00000000e+00,3.80172269e+09
6.20000000e+03,2.41129844e+01,2.92037222e+33,-5.44443330e+37,3.10019302e+38,-2.46632655e+38,5.04512735e+45,9.66871848e+46,-2.07022038e+46,4.50365400e+48,2.10880458e+52,2.10972320e+52,-7.63803924e+51,1.72782124e+52,5.08994010e+05,8.62114600e+05,-5.59129125e+03,-1.86429430e+04,1.06157462e+05,-8.44524725e+04,0.00000000e+00,3.80194055e+09
6.21000000e+03,2.41224114e+01,2.92037249e+33,-6.01024812e+37,3.06115106e+38,-2.47246689e+38,4.74289794e+45,9.68475575e+46,-2.10228025e+46,4.49707630e+48,2.10930230e+52,2.11021974e+52,-7.63781093e+51,1.72832919e+52,5.13727612e+05,8.67357417e+05,-6.28129872e+03,-2.05804161e+04,1.04820569e+05,-8.46627234e+04,0.00000000e+00,3.80181782e+09
6.22000000e+03,2.41322819e+01,2.92037278e+33,-6.58743559e+37,3.01882546e+38,-2.47908386e+38,4.43991530e+45,9.70297543e+46,-2.13607856e+46,4.49099161e+48,2.10981908e+52,2.11073537e+52,-7.63702279e+51,1.72888423e+52,5.18518770e+05,8.72728697e+05,-7.02093032e+03,-2.25568312e+04,1.03371237e+05,-8.48892947e+04,0.00000000e+00,3.79993736e+09
6.23000000e+03,2.41415650e+01,2.92037302e+33,-7.11823854e+37,2.97791185e+38,-2.48552323e+38,4.15989795e+45,9.72013014e+46,-2.16815090e+46,4.48838970e+48,2.11030041e+52,2.11121575e+52,-7.63575644e+51,1.72942792e+52,5.23031393e+05,8.77851971e+05,-7.72296310e+03,-2.43744155e+04,1.01970256e+05,-8.51097861e+04,0.00000000e+00,3.79792767e+09
6.24000000e+03,2.41497195e+01,2.92037322e+33,-7.57429302e+37,2.94131247e+38,-2.49126128e+38,3.92096509e+45,9.73545718e+46,-2.19603701e+46,4.48584572e+48,2.11072033e+52,2.11163479e+52,-7.63424993e+51,1.72992229e+52,5.26985362e+05,8.82374468e+05,-8.34448895e+03,-2.59360446e+04,1.00717006e+05,-8.53062637e+04,0.00000000e+00,3.79671166e+09
6.25000000e+03,2.41589459e+01,2.92037348e+33,-8.07568794e+37,2.89922921e+38,-2.49831353e+38,3.65650995e+45,9.75404963e+46,-2.22768678e+46,4.48155983e+48,2.11119146e+52,2.11210490e+52,-7.63211625e+51,1.73049908e+52,5.31353642e+05,8.87398547e+05,-9.06013670e+03,-2.76529286e+04,9.92759737e+04,-8.55477407e+04,0.00000000e+00,3.79322646e+09
6.26000000e+03,2.41683371e+01,2.92037375e+33,-8.57019326e+37,2.85372268e+38,-2.50528558e+38,3.40422830e+45,9.77349298e+46,-2.26141429e+46,4.47724737e+48,2.11166693e+52,2.11257933e+52,-7.62947618e+51,1.73110552e+52,5.35736249e+05,8.92470159e+05,-9.80200149e+03,-2.93462207e+04,9.77177214e+04,-8.57864712e+04,0.00000000e+00,3.78944003e+09
6.27000000e+03,2.41774468e+01,2.92037400e+33,-9.03823780e+37,2.81088568e+38,-2.51291571e+38,3.13904058e+45,9.79242686e+46,-2.29363891e+46,4.47369388e+48,2.11212391e+52,2.11303533e+52,-7.62646636e+51,1.73171202e+52,5.39935551e+05,8.97359925e+05,-1.05314689e+04,-3.09489052e+04,9.62508804e+04,-8.60477360e+04,0.00000000e+00,3.78482989e+09
6.28000000e+03,2.41852175e+01,2.92037417e+33,-9.42518692e+37,2.77394888e+38,-2.51943123e+38,2.91154521e+45,9.80774070e+46,-2.32098539e+46,4.47285705e+48,2.11251077e+52,2.11342140e+52,-7.62354932e+51,1.73224394e+52,5.43627223e+05,9.01660596e+05,-1.11546504e+04,-3.22739018e+04,9.49860779e+04,-8.62708366e+04,0.00000000e+00,3.78130559e+09
6.29000000e+03,2.41933325e+01,2.92037436e+33,-9.81967158e+37,2.73441165e+38,-2.52744188e+38,2.68038770e+45,9.82394436e+46,-2.34955451e+46,4.47008828e+48,2.11291205e+52,2.11382172e+52,-7.62019716e+51,1.73281186e+52,5.47464286e+05,9.06117020e+05,-1.18113454e+04,-3.36247013e+04,9.36322302e+04,-8.65451330e+04,0.00000000e+00,3.77719262e+09
6.30000000e+03,2.42008884e+01,2.92037454e+33,-1.01805083e+38,2.69724698e+38,-2.53478228e+38,2.46753101e+45,9.83844801e+46,-2.37624525e+46,4.46764568e+48,2.11328293e+52,2.11419168e+52,-7.61679206e+51,1.73335208e+52,5.51075381e+05,9.10291263e+05,-1.24276933e+04,-3.48602830e+04,9.23596253e+04,-8.67964793e+04,0.00000000e+00,3.77249084e+09
6.31000000e+03,2.42084519e+01,2.92037472e+33,-1.05365156e+38,2.65965588e+38,-2.54242629e+38,2.26005265e+45,9.85341033e+46,-2.40311680e+46,4.46434898e+48,2.11365118e+52,2.11455897e+52,-7.61312262e+51,1.73390284e+52,5.54674772e+05,9.14441650e+05,-1.30508866e+04,-3.60793275e+04,9.10724184e+04,-8.70582216e+04,0.00000000e+00,3.76728076e+09
6.32000000e+03,2.42149035e+01,2.92037485e+33,-1.08361407e+38,2.62717881e+38,-2.54940726e+38,2.09088370e+45,9.86613858e+46,-2.42662130e+46,4.46262552e+48,2.11396353e+52,2.11487050e+52,-7.60977975e+51,1.73438152e+52,5.57813882e+05,9.18047356e+05,-1.35845343e+04,-3.71053075e+04,8.99603288e+04,-8.72972612e+04,0.00000000e+00,3.76274654e+09
6.33000000e+03,2.42215894e+01,2.92037499e+33,-1.11457049e+38,2.59321309e+38,-2.55685106e+38,1.91798882e+45,9.87942140e+46,-2.45129970e+46,4.45960798e+48,2.11429024e+52,2.11519628e+52,-7.60612891e+51,1.73488983e+52,5.61074858e+05,9.21780794e+05,-1.41412383e+04,-3.81653210e+04,8.87972640e+04,-8.75521491e+04,0.00000000e+00,3.75849915e+09
6.34000000e+03,2.42284669e+01,2.92037513e+33,-1.14616084e+38,2.55796510e+38,-2.56498251e+38,1.74494997e+45,9.89367271e+46,-2.47730767e+46,4.45607183e+48,2.11461908e+52,2.11552412e+52,-7.60217352e+51,1.73541544e+52,5.64419546e+05,9.25596359e+05,-1.47187076e+04,-3.92470415e+04,8.75902919e+04,-8.78305831e+04,0.00000000e+00,3.75285798e+09
6.35000000e+03,2.42357673e+01,2.92037529e+33,-1.17996029e+38,2.51992052e+38,-2.57371666e+38,1.56198515e+45,9.90856803e+46,-2.50482681e+46,4.45179277e+48,2.11496578e+52,2.11586971e+52,-7.59775823e+51,1.73598180e+52,5.67971123e+05,9.29639522e+05,-1.53369566e+04,-4.04044060e+04,8.62875579e+04,-8.81296549e+04,0.00000000e+00,3.74692972e+09
6.36000000e+03,2.42432530e+01,2.92037544e+33,-1.21479956e+38,2.48025411e+38,-2.58306931e+38,1.36951681e+45,9.92409105e+46,-2.53233928e+46,4.44746292e+48,2.11531884e+52,2.11622162e+52,-7.59299918e+51,1.73657167e+52,5.71622778e+05,9.33790775e+05,-1.59762650e+04,-4.15973764e+04,8.49292894e+04,-8.84499052e+04,0.00000000e+00,3.74049899e+09
6.37000000e+03,2.42496810e+01,2.92037557e+33,-1.24517127e+38,2.44573257e+38,-2.59142980e+38,1.19932367e+45,9.93722050e+46,-2.55580181e+46,4.44377912e+48,2.11562006e+52,2.11652185e+52,-7.58872892e+51,1.73708540e+52,5.74762030e+05,9.37355156e+05,-1.65289333e+04,-4.26373677e+04,8.37471931e+04,-8.87361827e+04,0.00000000e+00,3.73447134e+09
6.38000000e+03,2.42573110e+01,2.92037574e+33,-1.28151291e+38,2.40498033e+38,-2.60159322e+38,1.01182585e+45,9.95297336e+46,-2.58369296e+46,4.43756402e+48,2.11597534e+52,2.11687585e+52,-7.58345498e+51,1.73770310e+52,5.78399162e+05,9.41497991e+05,-1.71914435e+04,-4.38817817e+04,8.23517431e+04,-8.90841950e+04,0.00000000e+00,3.72708374e+09
6.39000000e+03,2.42654526e+01,2.92037594e+33,-1.32084436e+38,2.36028876e+38,-2.61294732e+38,8.14932788e+44,9.97030787e+46,-2.61312636e+46,4.43080019e+48,2.11635064e+52,2.11724983e+52,-7.57756947e+51,1.73837136e+52,5.82168997e+05,9.45828830e+05,-1.79063353e+04,-4.52285728e+04,8.08214012e+04,-8.94729780e+04,0.00000000e+00,3.71775932e+09
6.40000000e+03,2.42734960e+01,2.92037614e+33,-1.35992425e+38,2.31582294e+38,-2.62472077e+38,6.20106352e+44,9.98761032e+46,-2.64226362e+46,4.42401352e+48,2.11671895e+52,2.11761683e+52,-7.57149632e+51,1.73904201e+52,5.85816750e+05,9.50067512e+05,-1.86195115e+04,-4.65667497e+04,7.92987898e+04,-8.98761200e+04,0.00000000e+00,3.70922220e+09
6.41000000e+03,2.42806444e+01,2.92037630e+33,-1.39487088e+38,2.27571327e+38,-2.63541115e+38,4.51532877e+44,1.00027668e+47,-2.66839503e+46,4.41955523e+48,2.11704392e+52,2.11794067e+52,-7.56587506e+51,1.73964692e+52,5.89071369e+05,9.53878657e+05,-1.92579365e+04,-4.77633955e+04,7.79253437e+04,-9.02421773e+04,0.00000000e+00,3.70127728e+09
6.42000000e+03,2.42886658e+01,2.92037649e+33,-1.43479446e+38,2.22956675e+38,-2.64809002e+38,2.62929699e+44,1.00199262e+47,-2.69668891e+46,4.41254712e+48,2.11740684e+52,2.11830223e+52,-7.55934921e+51,1.74033477e+52,5.92641580e+05,9.58085112e+05,-1.99818721e+04,-4.91304618e+04,7.63451820e+04,-9.06763230e+04,0.00000000e+00,3.69269728e+09
6.43000000e+03,2.42976694e+01,2.92037672e+33,-1.47884912e+38,2.17774785e+38,-2.66301716e+38,6.39753833e+43,1.00407303e+47,-2.72957141e+46,4.40516929e+48,2.11781034e+52,2.11870423e+52,-7.55173531e+51,1.74111747e+52,5.96548904e+05,9.62728893e+05,-2.08054050e+04,-5.06389849e+04,7.45707851e+04,-9.11874536e+04,0.00000000e+00,3.68088049e+09
6.44000000e+03,2.43066187e+01,2.92037696e+33,-1.52266710e+38,2.12521795e+38,-2.67756550e+38,-1.38821336e+44,1.00616320e+47,-2.76152957e+46,4.39679308e+48,2.11820769e+52,2.11910005e+52,-7.54388288e+51,1.74190590e+52,6.00311631e+05,9.67249296e+05,-2.16334572e+04,-5.21394027e+04,7.27720420e+04,-9.16856125e+04,0.00000000e+00,3.66957928e+09
6.45000000e+03,2.43151457e+01,2.92037716e+33,-1.56413012e+38,2.07402679e+38,-2.69200897e+38,-3.24119732e+44,1.00817060e+47,-2.79190161e+46,4.39082288e+48,2.11858234e+52,2.11947329e+52,-7.53612187e+51,1.74266720e+52,6.03892241e+05,9.71588408e+05,-2.24304006e+04,-5.35591822e+04,7.10191415e+04,-9.21801816e+04,0.00000000e+00,3.65844560e+09
6.46000000e+03,2.43238941e+01,2.92037738e+33,-1.60606790e+38,2.02054959e+38,-2.70715140e+38,-5.07478284e+44,1.01026743e+47,-2.82333465e+46,4.38296053e+48,2.11896376e+52,2.11985315e+52,-7.52791498e+51,1.74345740e+52,6.07506566e+05,9.75981084e+05,-2.32562194e+04,-5.49952177e+04,6.91879617e+04,-9.26986839e+04,0.00000000e+00,3.64756969e+09
6.47000000e+03,2.43325476e+01,2.92037759e+33,-1.64707839e+38,1.96686064e+38,-2.72249340e+38,-6.82483807e+44,1.01238071e+47,-2.85416820e+46,4.37566977e+48,2.11933789e+52,2.12022571e+52,-7.51954856e+51,1.74424828e+52,6.11072916e+05,9.80318880e+05,-2.40824048e+04,-5.63995010e+04,6.73495318e+04,-9.32240202e+04,0.00000000e+00,3.63581718e+09
6.48000000e+03,2.43420617e+01,2.92037787e+33,-1.69170291e+38,1.90691158e+38,-2.73997303e+38,-8.67980617e+44,1.01483261e+47,-2.88766523e+46,4.36551426e+48,2.11974507e+52,2.12063110e+52,-7.51009542e+51,1.74512633e+52,6.14813089e+05,9.84910538e+05,-2.50045031e+04,-5.79275350e+04,6.52967414e+04,-9.38225516e+04,0.00000000e+00,3.62152227e+09
6.49000000e+03,2.43493060e+01,2.92037800e+33,-1.72522884e+38,1.85990309e+38,-2.75383984e+38,-1.00286907e+45,1.01663038e+47,-2.91282961e+46,4.36137852e+48,2.12005244e+52,2.12093715e+52,-7.50268720e+51,1.74580279e+52,6.17776665e+05,9.88555773e+05,-2.57127465e+04,-5.90755320e+04,6.36870669e+04,-9.42973766e+04,0.00000000e+00,3.61112140e+09
6.50000000e+03,2.43575272e+01,2.92037821e+33,-1.76279272e+38,1.80590771e+38,-2.76969089e+38,-1.15240888e+45,1.01876671e+47,-2.94161697e+46,4.35220242e+48,2.12039951e+52,2.12128246e+52,-7.49413576e+51,1.74657567e+52,6.21059327e+05,9.92575433e+05,-2.65212691e+04,-6.03617954e+04,6.18381448e+04,-9.48401436e+04,0.00000000e+00,3.60077971e+09
6.51000000e+03,2.43668839e+01,2.92037848e+33,-1.80525422e+38,1.74378839e+38,-2.78802846e+38,-1.32033618e+45,1.02127510e+47,-2.97463837e+46,4.34090447e+48,2.12079080e+52,2.12167174e+52,-7.48419204e+51,1.74746214e+52,6.24660029e+05,9.96996138e+05,-2.74524978e+04,-6.18157625e+04,5.97110408e+04,-9.54680526e+04,0.00000000e+00,3.58561950e+09
6.52000000e+03,2.43766552e+01,2.92037875e+33,-1.84913910e+38,1.67864189e+38,-2.80753873e+38,-1.48962509e+45,1.02395782e+47,-3.00953781e+46,4.32957742e+48,2.12119478e+52,2.12207363e+52,-7.47356625e+51,1.74839531e+52,6.28281057e+05,1.00152204e+06,-2.84393571e+04,-6.33184683e+04,5.74802802e+04,-9.61361168e+04,0.00000000e+00,3.56943079e+09
6.53000000e+03,2.43854750e+01,2.92037899e+33,-1.88820246e+38,1.61948711e+38,-2.82559222e+38,-1.63584306e+45,1.02638526e+47,-3.04169469e+46,4.31962042e+48,2.12155683e+52,2.12243372e+52,-7.46377602e+51,1.74924492e+52,6.31498955e+05,1.00560327e+06,-2.93397593e+04,-6.46560760e+04,5.54546898e+04,-9.67542991e+04,0.00000000e+00,3.55618671e+09
6.54000000e+03,2.43942855e+01,2.92037922e+33,-1.92680137e+38,1.55949298e+38,-2.84404460e+38,-1.77796487e+45,1.02883295e+47,-3.07516300e+46,4.30982608e+48,2.12191599e+52,2.12279089e+52,-7.45382443e+51,1.75009967e+52,6.34675474e+05,1.00966572e+06,-3.02463301e+04,-6.59777799e+04,5.34003587e+04,-9.73861403e+04,0.00000000e+00,3.54211381e+09
6.55000000e+03,2.44022418e+01,2.92037938e+33,-1.96106578e+38,1.50510991e+38,-2.86108602e+38,-1.91016521e+45,1.03101268e+47,-3.10599393e+46,4.30214879e+48,2.12223756e+52,2.12311060e+52,-7.44469778e+51,1.75087572e+52,6.37625476e+05,1.01343184e+06,-3.10683421e+04,-6.71510622e+04,5.15381637e+04,-9.79696692e+04,0.00000000e+00,3.52980660e+09
6.56000000e+03,2.44097281e+01,2.92037954e+33,-1.99274760e+38,1.45381779e+38,-2.87747879e+38,-2.04143230e+45,1.03310453e+47,-3.13521794e+46,4.29374827e+48,2.12253802e+52,2.12340919e+52,-7.43602367e+51,1.75160801e+52,6.40437301e+05,1.01698111e+06,-3.18425815e+04,-6.82359115e+04,4.97818099e+04,-9.85309872e+04,0.00000000e+00,3.51816044e+09
6.57000000e+03,2.44175027e+01,2.92037973e+33,-2.02520364e+38,1.40053681e+38,-2.89467795e+38,-2.17997869e+45,1.03540116e+47,-3.16625622e+46,4.28268494e+48,2.12284835e+52,2.12371742e+52,-7.42695052e+51,1.75236989e+52,6.43334980e+05,1.02059630e+06,-3.26497638e+04,-6.93472708e+04,4.79573529e+04,-9.91199166e+04,0.00000000e+00,3.50580139e+09
6.58000000e+03,2.44252910e+01,2.92037991e+33,-2.05744741e+38,1.34674439e+38,-2.91202675e+38,-2.31780243e+45,1.03775994e+47,-3.19769920e+46,4.27227890e+48,2.12315643e+52,2.12402340e+52,-7.41778201e+51,1.75313430e+52,6.46236500e+05,1.02418836e+06,-3.34645768e+04,-7.04513616e+04,4.61153832e+04,-9.97139702e+04,0.00000000e+00,3.49166186e+09
6.59000000e+03,2.44322696e+01,2.92038006e+33,-2.08615597e+38,1.29811102e+38,-2.92796068e+38,-2.44180393e+45,1.03986978e+47,-3.22589235e+46,4.26226035e+48,2.12343122e+52,2.12429621e+52,-7.40951713e+51,1.75382035e+52,6.48877320e+05,1.02743841e+06,-3.41987139e+04,-7.14344001e+04,4.44500715e+04,-1.00259577e+05,0.00000000e+00,3.48116599e+09
6.60000000e+03,2.44410787e+01,2.92038029e+33,-2.12204881e+38,1.23585495e+38,-2.94868587e+38,-2.59475226e+45,1.04261813e+47,-3.26115260e+46,4.24692211e+48,2.12377606e+52,2.12463844e+52,-7.39904330e+51,1.75468627e+52,6.52070924e+05,1.03135860e+06,-3.51332387e+04,-7.26634410e+04,4.23182883e+04,-1.00969243e+05,0.00000000e+00,3.46621892e+09
6.61000000e+03,2.44503030e+01,2.92038055e+33,-2.15915984e+38,1.17021167e+38,-2.97134773e+38,-2.74276892e+45,1.04549471e+47,-3.29810968e+46,4.23074155e+48,2.12413446e+52,2.12499412e+52,-7.38801023e+51,1.75559361e+52,6.55287332e+05,1.03535218e+06,-3.61251729e+04,-7.39341947e+04,4.00705200e+04,-1.01745224e+05,0.00000000e+00,3.45000927e+09
6.62000000e+03,2.44599509e+01,2.92038082e+33,-2.19814504e+38,1.10101660e+38,-2.99595087e+38,-2.88833441e+45,1.04844399e+47,-3.33638215e+46,4.21386229e+48,2.12450660e+52,2.12536341e+52,-7.37640485e+51,1.75654317e+52,6.58530375e+05,1.03946237e+06,-3.71778465e+04,-7.52691234e+04,3.77011310e+04,-1.02587678e+05,0.00000000e+00,3.43386594e+09
6.63000000e+03,2.44708363e+01,2.92038115e+33,-2.24232110e+38,1.02226889e+38,-3.02404826e+38,-3.04867769e+45,1.05170973e+47,-3.37993619e+46,4.19350858e+48,2.12492391e+52,2.12577747e+52,-7.36325418e+51,1.75761476e+52,6.61959562e+05,1.04393792e+06,-3.83837246e+04,-7.67817959e+04,3.50046392e+04,-1.03549780e+05,0.00000000e+00,3.41540061e+09
6.64000000e+03,2.44819868e+01,2.92038150e+33,-2.28784735e+38,9.40715765e+37,-3.05325039e+38,-3.20732569e+45,1.05507614e+47,-3.42466026e+46,4.17296936e+48,2.12534814e+52,2.12619839e+52,-7.34971743e+51,1.75871252e+52,6.65231015e+05,1.04840572e+06,-3.96395434e+04,-7.83407014e+04,3.22120848e+04,-1.04549710e+05,0.00000000e+00,3.39617581e+09
6.65000000e+03,2.44920802e+01,2.92038180e+33,-2.32924491e+38,8.65843817e+37,-3.08011847e+38,-3.35036349e+45,1.05817577e+47,-3.46640378e+46,4.15501593e+48,2.12572906e+52,2.12657632e+52,-7.33741390e+51,1.75970563e+52,6.68029831e+05,1.05240946e+06,-4.07926865e+04,-7.97582326e+04,2.96483089e+04,-1.05469719e+05,0.00000000e+00,3.37916515e+09
6.66000000e+03,2.45017337e+01,2.92038208e+33,-2.36842078e+38,7.94055980e+37,-3.10626683e+38,-3.48503824e+45,1.06127267e+47,-3.50555750e+46,4.13778591e+48,2.12609167e+52,2.12693600e+52,-7.32562180e+51,1.76065491e+52,6.70639821e+05,1.05624190e+06,-4.19083024e+04,-8.10996887e+04,2.71901401e+04,-1.06365083e+05,0.00000000e+00,3.36357140e+09
6.67000000e+03,2.45110441e+01,2.92038235e+33,-2.40594356e+38,7.24328671e+37,-3.13174315e+38,-3.60750226e+45,1.06431550e+47,-3.54264088e+46,4.12103469e+48,2.12643909e+52,2.12728052e+52,-7.31424280e+51,1.76156838e+52,6.73132207e+05,1.05992977e+06,-4.29969513e+04,-8.23845398e+04,2.48025287e+04,-1.07237436e+05,0.00000000e+00,3.34831416e+09
6.68000000e+03,2.45200855e+01,2.92038259e+33,-2.44226300e+38,6.56508320e+37,-3.15679827e+38,-3.72570474e+45,1.06728148e+47,-3.57681717e+46,4.10434785e+48,2.12677439e+52,2.12761296e+52,-7.30320392e+51,1.76245276e+52,6.75561313e+05,1.06350370e+06,-4.40674591e+04,-8.36281864e+04,2.24802162e+04,-1.08095367e+05,0.00000000e+00,3.33367539e+09
6.69000000e+03,2.45289917e+01,2.92038283e+33,-2.47793545e+38,5.89203857e+37,-3.18166278e+38,-3.84321245e+45,1.07017464e+47,-3.60961285e+46,4.08729910e+48,2.12710285e+52,2.12793851e+52,-7.29235622e+51,1.76332070e+52,6.77975751e+05,1.06700502e+06,-4.51357906e+04,-8.48496787e+04,2.01755691e+04,-1.08946770e+05,0.00000000e+00,3.31931909e+09
6.70000000e+03,2.45377902e+01,2.92038307e+33,-2.51283977e+38,5.22370499e+37,-3.20596561e+38,-3.95776059e+45,1.07302115e+47,-3.64063442e+46,4.06982407e+48,2.12742587e+52,2.12825859e+52,-7.28167758e+51,1.76417471e+52,6.80386114e+05,1.07043554e+06,-4.62034506e+04,-8.60448682e+04,1.78870541e+04,-1.09778941e+05,0.00000000e+00,3.30517993e+09
6.71000000e+03,2.45463855e+01,2.92038330e+33,-2.54677997e+38,4.57051547e+37,-3.22920815e+38,-4.05894611e+45,1.07581139e+47,-3.66939330e+46,4.05223766e+48,2.12773982e+52,2.12856960e+52,-7.27129206e+51,1.76500500e+52,6.82769303e+05,1.07376088e+06,-4.72583021e+04,-8.72070449e+04,1.56503959e+04,-1.10574806e+05,0.00000000e+00,3.29143285e+09
6.72000000e+03,2.45544182e+01,2.92038350e+33,-2.57788893e+38,3.94829448e+37,-3.25151945e+38,-4.15200628e+45,1.07841470e+47,-3.69529955e+46,4.03563257e+48,2.12803177e+52,2.12885875e+52,-7.26163509e+51,1.76577699e+52,6.85037720e+05,1.07686443e+06,-4.82536596e+04,-8.82722743e+04,1.35197808e+04,-1.11338783e+05,0.00000000e+00,3.27860552e+09
6.73000000e+03,2.45615767e+01,2.92038365e+33,-2.60502159e+38,3.39191495e+37,-3.27184354e+38,-4.23222510e+45,1.08068324e+47,-3.71726458e+46,4.02127074e+48,2.12829067e+52,2.12911512e+52,-7.25307192e+51,1.76646152e+52,6.87136661e+05,1.07967001e+06,-4.91474174e+04,-8.92013482e+04,1.16146211e+04,-1.12034716e+05,0.00000000e+00,3.26714168e+09
6.74000000e+03,2.45694154e+01,2.92038384e+33,-2.63428871e+38,2.78286982e+37,-3.29432428e+38,-4.32130031e+45,1.08312684e+47,-3.74086260e+46,4.00324894e+48,2.12857399e+52,2.12939552e+52,-7.24377458e+51,1.76720679e+52,6.89456738e+05,1.08269454e+06,-5.01302697e+04,-9.02035092e+04,9.52912347e+03,-1.12804496e+05,0.00000000e+00,3.25582500e+09
6.75000000e+03,2.45781420e+01,2.92038408e+33,-2.66651579e+38,2.10199593e+37,-3.31933466e+38,-4.42015544e+45,1.08586099e+47,-3.76653872e+46,3.98264026e+48,2.12888772e+52,2.12970600e+52,-7.23351432e+51,1.76803029e+52,6.92003195e+05,1.08595221e+06,-5.12317854e+04,-9.13070240e+04,7.19766948e+03,-1.13660894e+05,0.00000000e+00,3.24147142e+09
6.76000000e+03,2.45869403e+01,2.92038431e+33,-2.69875055e+38,1.41296338e+37,-3.34458541e+38,-4.52145399e+45,1.08858601e+47,-3.79159247e+46,3.96153582e+48,2.12920282e+52,2.13001780e+52,-7.22326976e+51,1.76885431e+52,6.94541366e+05,1.08918402e+06,-5.23508907e+04,-9.24108015e+04,4.83827891e+03,-1.14525523e+05,0.00000000e+00,3.22757576e+09
6.77000000e+03,2.45968868e+01,2.92038461e+33,-2.73497889e+38,6.27586962e+36,-3.37307393e+38,-4.63416255e+45,1.09166117e+47,-3.81936650e+46,3.93649603e+48,2.12955789e+52,2.13036912e+52,-7.21182512e+51,1.76977786e+52,6.97287981e+05,1.09270525e+06,-5.36250704e+04,-9.36513254e+04,2.14898736e+03,-1.15501017e+05,0.00000000e+00,3.21211266e+09
6.78000000e+03,2.46085302e+01,2.92038500e+33,-2.77709154e+38,-3.03133279e+36,-3.40617983e+38,-4.76301626e+45,1.09536155e+47,-3.85075368e+46,3.90621525e+48,2.12997417e+52,2.13078104e+52,-7.19861830e+51,1.77085012e+52,7.00220625e+05,1.09659443e+06,-5.51319271e+04,-9.50933366e+04,-1.03799081e+03,-1.16634616e+05,0.00000000e+00,3.19365749e+09
6.79000000e+03,2.46218587e+01,2.92038551e+33,-2.82492153e+38,-1.36857847e+37,-3.44454078e+38,-4.90882775e+45,1.09975176e+47,-3.88461217e+46,3.87163305e+48,2.13044875e+52,2.13125081e+52,-7.18375022e+51,1.77206330e+52,7.03096709e+05,1.10074206e+06,-5.68793808e+04,-9.67311171e+04,-4.68629387e+03,-1.17948153e+05,0.00000000e+00,3.17258027e+09
6.80000000e+03,2.46353767e+01,2.92038603e+33,-2.87425716e+38,-2.48821525e+37,-3.48374382e+38,-5.04877816e+45,1.10425830e+47,-3.91655622e+46,3.83902131e+48,2.13092818e+52,2.13172564e+52,-7.16893631e+51,1.77327883e+52,7.05542183e+05,1.10475886e+06,-5.86765762e+04,-9.84204529e+04,-8.52015871e+03,-1.19290525e+05,0.00000000e+00,3.15198782e+09
6.81000000e+03,2.46488129e+01,2.92038654e+33,-2.92247275e+38,-3.56687633e+37,-3.52161023e+38,-5.18906119e+45,1.10889395e+47,-3.94964339e+46,3.80710928e+48,2.13140308e+52,2.13219597e+52,-7.15451035e+51,1.77447046e+52,7.07666557e+05,1.10866014e+06,-6.04808950e+04,-1.00071436e+05,-1.22137131e+04,-1.20587127e+05,0.00000000e+00,3.13255304e+09
6.82000000e+03,2.46625146e+01,2.92038708e+33,-2.97193272e+38,-4.67487610e+37,-3.56045073e+38,-5.33619183e+45,1.11350232e+47,-3.98032896e+46,3.77531484e+48,2.13188615e+52,2.13267452e+52,-7.14015769e+51,1.77566664e+52,7.09664085e+05,1.11254289e+06,-6.23364890e+04,-1.01765028e+05,-1.60077277e+04,-1.21917083e+05,0.00000000e+00,3.11323210e+09
6.83000000e+03,2.46765351e+01,2.92038763e+33,-3.02261672e+38,-5.81979063e+37,-3.60052110e+38,-5.48252325e+45,1.11815813e+47,-4.01062637e+46,3.74275309e+48,2.13237935e+52,2.13316313e+52,-7.12589609e+51,1.77686832e+52,7.11634675e+05,1.11640690e+06,-6.42529711e+04,-1.03500531e+05,-1.99281444e+04,-1.23289150e+05,0.00000000e+00,3.09418593e+09
6.84000000e+03,2.46908035e+01,2.92038821e+33,-3.07505214e+38,-6.99909151e+37,-3.64112487e+38,-5.64531979e+45,1.12281566e+47,-4.04088249e+46,3.70948111e+48,2.13288021e+52,2.13365933e+52,-7.11186827e+51,1.77806592e+52,7.13624167e+05,1.12022412e+06,-6.62245161e+04,-1.05296006e+05,-2.39663052e+04,-1.24679481e+05,0.00000000e+00,3.07570792e+09
6.85000000e+03,2.47053218e+01,2.92038880e+33,-3.12762245e+38,-8.20502666e+37,-3.68269610e+38,-5.82208965e+45,1.12754947e+47,-4.07128738e+46,3.67558899e+48,2.13338944e+52,2.13416388e+52,-7.09813598e+51,1.77925708e+52,7.15646769e+05,1.12398745e+06,-6.82535363e+04,-1.07096098e+05,-2.80956654e+04,-1.26102938e+05,0.00000000e+00,3.05782392e+09
6.86000000e+03,2.47200743e+01,2.92038942e+33,-3.18064571e+38,-9.43637875e+37,-3.72444004e+38,-6.00207561e+45,1.13227666e+47,-4.10213946e+46,3.64127765e+48,2.13390630e+52,2.13467603e+52,-7.08477072e+51,1.78043750e+52,7.17687848e+05,1.12769475e+06,-7.03426359e+04,-1.08911698e+05,-3.23120564e+04,-1.27532308e+05,0.00000000e+00,3.04060611e+09
6.87000000e+03,2.47350767e+01,2.92039005e+33,-3.23402532e+38,-1.07001713e+38,-3.76585245e+38,-6.18496755e+45,1.13691428e+47,-4.13297588e+46,3.60673258e+48,2.13443151e+52,2.13519656e+52,-7.07180930e+51,1.78160610e+52,7.19728501e+05,1.13134711e+06,-7.24984695e+04,-1.10739499e+05,-3.66395281e+04,-1.28950325e+05,0.00000000e+00,3.02404162e+09
6.88000000e+03,2.47503881e+01,2.92039068e+33,-3.28855995e+38,-1.19946502e+38,-3.80606346e+38,-6.38095744e+45,1.14168264e+47,-4.16457240e+46,3.57301967e+48,2.13496625e+52,2.13572665e+52,-7.05924346e+51,1.78276448e+52,7.21782999e+05,1.13499279e+06,-7.47313390e+04,-1.12606850e+05,-4.10720739e+04,-1.30327202e+05,0.00000000e+00,3.00735024e+09
6.89000000e+03,2.47660912e+01,2.92039133e+33,-3.34446043e+38,-1.33113942e+38,-3.84590400e+38,-6.60951953e+45,1.14648077e+47,-4.19858134e+46,3.53828585e+48,2.13551769e+52,2.13627338e+52,-7.04708829e+51,1.78391896e+52,7.23900511e+05,1.13866711e+06,-7.70474815e+04,-1.14520968e+05,-4.55808576e+04,-1.31691392e+05,0.00000000e+00,2.99303410e+09
6.90000000e+03,2.47814894e+01,2.92039200e+33,-3.39801138e+38,-1.45869256e+38,-3.88336488e+38,-6.82222067e+45,1.15121755e+47,-4.23315496e+46,3.50513684e+48,2.13605850e+52,2.13680974e+52,-7.03590419e+51,1.78501453e+52,7.25951663e+05,1.14212710e+06,-7.93406245e+04,-1.16354632e+05,-4.99485194e+04,-1.32974097e+05,0.00000000e+00,2.97843520e+09
6.91000000e+03,2.47960942e+01,2.92039260e+33,-3.44866025e+38,-1.57958083e+38,-3.91821565e+38,-7.01918697e+45,1.15573203e+47,-4.26356519e+46,3.47557867e+48,2.13657364e+52,2.13732079e+52,-7.02597157e+51,1.78602221e+52,7.27931373e+05,1.14537352e+06,-8.15374063e+04,-1.18088926e+05,-5.40879618e+04,-1.34167429e+05,0.00000000e+00,2.96599466e+09
6.92000000e+03,2.48099734e+01,2.92039314e+33,-3.49677049e+38,-1.69405662e+38,-3.95121015e+38,-7.20044794e+45,1.16021803e+47,-4.29109205e+46,3.44884022e+48,2.13706416e+52,2.13780755e+52,-7.01716508e+51,1.78694929e+52,7.29913409e+05,1.14845833e+06,-8.36423556e+04,-1.19736293e+05,-5.80078278e+04,-1.35297200e+05,0.00000000e+00,2.95508150e+09
6.93000000e+03,2.48232076e+01,2.92039364e+33,-3.54282681e+38,-1.80518341e+38,-3.98250376e+38,-7.39035045e+45,1.16442019e+47,-4.31713785e+46,3.42410582e+48,2.13753264e+52,2.13827245e+52,-7.00936674e+51,1.78780411e+52,7.31939046e+05,1.15140627e+06,-8.56650562e+04,-1.21313331e+05,-6.18130167e+04,-1.36368731e+05,0.00000000e+00,2.94534793e+09
6.94000000e+03,2.48358804e+01,2.92039411e+33,-3.58873714e+38,-1.91119531e+38,-4.01174611e+38,-7.56611994e+45,1.16837101e+47,-4.34263741e+46,3.40123170e+48,2.13798209e+52,2.13871854e+52,-7.00246921e+51,1.78859508e+52,7.34025278e+05,1.15422789e+06,-8.76155524e+04,-1.22885371e+05,-6.54430616e+04,-1.37370025e+05,0.00000000e+00,2.93676598e+09
6.95000000e+03,2.48480602e+01,2.92039453e+33,-3.63465704e+38,-2.01185496e+38,-4.03941776e+38,-7.75684609e+45,1.17204457e+47,-4.36901954e+46,3.37994221e+48,2.13841519e+52,2.13914848e+52,-6.99638348e+51,1.78932930e+52,7.36173958e+05,1.15693446e+06,-8.95010697e+04,-1.24457740e+05,-6.88898345e+04,-1.38317536e+05,0.00000000e+00,2.92920569e+09
6.96000000e+03,2.48598029e+01,2.92039493e+33,-3.68095897e+38,-2.10961990e+38,-4.06547065e+38,-7.93332488e+45,1.17547275e+47,-4.39555897e+46,3.36009062e+48,2.13883383e+52,2.13956413e+52,-6.99103445e+51,1.79001240e+52,7.38372116e+05,1.15953664e+06,-9.13278984e+04,-1.26043191e+05,-7.22374865e+04,-1.39209619e+05,0.00000000e+00,2.92261213e+09
6.97000000e+03,2.48711796e+01,2.92039529e+33,-3.72677594e+38,-2.20496857e+38,-4.08991194e+38,-8.11307504e+45,1.17863868e+47,-4.42217241e+46,3.34175200e+48,2.13924051e+52,2.13996794e+52,-6.98634676e+51,1.79065061e+52,7.40658160e+05,1.16209122e+06,-9.31009537e+04,-1.27612037e+05,-7.55024010e+04,-1.40046519e+05,0.00000000e+00,2.91706364e+09
6.98000000e+03,2.48822390e+01,2.92039564e+33,-3.77169219e+38,-2.29762970e+38,-4.11324178e+38,-8.30006881e+45,1.18180688e+47,-4.45020248e+46,3.32455614e+48,2.13963692e+52,2.14036164e+52,-6.98226854e+51,1.79124821e+52,7.42983837e+05,1.16456311e+06,-9.48227189e+04,-1.29150042e+05,-7.86752886e+04,-1.40845361e+05,0.00000000e+00,2.91210129e+09
6.99000000e+03,2.48930054e+01,2.92039598e+33,-3.81599409e+38,-2.38774849e+38,-4.13533334e+38,-8.50059358e+45,1.18499619e+47,-4.48079002e+46,3.30819574e+48,2.14002404e+52,2.14074618e+52,-6.97876008e+51,1.79180817e+52,7.45297234e+05,1.16692224e+06,-9.64952634e+04,-1.30667010e+05,-8.17611209e+04,-1.41601802e+05,0.00000000e+00,2.90758616e+09
7.00000000e+03,2.49034496e+01,2.92039630e+33,-3.85976727e+38,-2.47599835e+38,-4.15649017e+38,-8.70389267e+45,1.18806579e+47,-4.51190518e+46,3.29328737e+48,2.14040079e+52,2.14112051e+52,-6.97579040e+51,1.79233099e+52,7.47591518e+05,1.16919494e+06,-9.81157849e+04,-1.32165873e+05,-8.47829574e+04,-1.42326237e+05,0.00000000e+00,2.90384848e+09
7.01000000e+03,2.49135965e+01,2.92039661e+33,-3.90199236e+38,-2.56083531e+38,-4.17653521e+38,-8.90544667e+45,1.19103980e+47,-4.54499992e+46,3.27974684e+48,2.14076806e+52,2.14148552e+52,-6.97331668e+51,1.79281969e+52,7.49864989e+05,1.17139021e+06,-9.96874200e+04,-1.33611728e+05,-8.76879291e+04,-1.43012603e+05,0.00000000e+00,2.90075497e+09
7.02000000e+03,2.49234869e+01,2.92039690e+33,-3.94302749e+38,-2.64329746e+38,-4.19601400e+38,-9.10404221e+45,1.19384602e+47,-4.57951403e+46,3.26745836e+48,2.14112720e+52,2.14184255e+52,-6.97129837e+51,1.79327763e+52,7.52124552e+05,1.17351890e+06,-1.01216726e+05,-1.35016836e+05,-9.05115828e+04,-1.43679580e+05,0.00000000e+00,2.89819714e+09
7.03000000e+03,2.49331791e+01,2.92039718e+33,-3.98284229e+38,-2.72437923e+38,-4.21479760e+38,-9.29416464e+45,1.19662347e+47,-4.61365088e+46,3.25626174e+48,2.14148051e+52,2.14219387e+52,-6.96969959e+51,1.79370889e+52,7.54382382e+05,1.17559184e+06,-1.02712926e+05,-1.36380158e+05,-9.32879696e+04,-1.44322753e+05,0.00000000e+00,2.89612457e+09
7.04000000e+03,2.49427581e+01,2.92039744e+33,-4.02245409e+38,-2.80353511e+38,-4.23287928e+38,-9.49385958e+45,1.19934264e+47,-4.64838128e+46,3.24630245e+48,2.14183172e+52,2.14254322e+52,-6.96848968e+51,1.79411874e+52,7.56705561e+05,1.17766813e+06,-1.04189284e+05,-1.37736530e+05,-9.59984100e+04,-1.44941891e+05,0.00000000e+00,2.89476554e+09
7.05000000e+03,2.49522913e+01,2.92039771e+33,-4.06257254e+38,-2.88113931e+38,-4.25054475e+38,-9.71247879e+45,1.20204649e+47,-4.68275871e+46,3.23667292e+48,2.14218278e+52,2.14289248e+52,-6.96765982e+51,1.79450949e+52,7.59022249e+05,1.17967281e+06,-1.05654566e+05,-1.39110249e+05,-9.86557174e+04,-1.45546777e+05,0.00000000e+00,2.89343791e+09
7.06000000e+03,2.49618332e+01,2.92039799e+33,-4.10302459e+38,-2.95728442e+38,-4.26747746e+38,-9.94650880e+45,1.20481894e+47,-4.71847780e+46,3.22786533e+48,2.14253546e+52,2.14324347e+52,-6.96720011e+51,1.79488346e+52,7.61361587e+05,1.18165246e+06,-1.07117335e+05,-1.40495392e+05,-1.01263062e+05,-1.46126572e+05,0.00000000e+00,2.89266822e+09
7.07000000e+03,2.49714429e+01,2.92039825e+33,-4.14385546e+38,-3.03270368e+38,-4.28392351e+38,-1.01880970e+46,1.20762567e+47,-4.75545848e+46,3.22021706e+48,2.14289215e+52,2.14359856e+52,-6.96711027e+51,1.79524305e+52,7.63750905e+05,1.18363814e+06,-1.08585443e+05,-1.41893506e+05,-1.03845552e+05,-1.46689703e+05,0.00000000e+00,2.89244005e+09
7.08000000e+03,2.49811929e+01,2.92039853e+33,-4.18647802e+38,-3.10847046e+38,-4.30083085e+38,-1.04372790e+46,1.21042785e+47,-4.79357921e+46,3.21279421e+48,2.14325588e+52,2.14396078e+52,-6.96740851e+51,1.79559035e+52,7.66161903e+05,1.18560311e+06,-1.10069433e+05,-1.43352969e+05,-1.06439941e+05,-1.47268628e+05,0.00000000e+00,2.89273166e+09
7.09000000e+03,2.49911453e+01,2.92039883e+33,-4.23143421e+38,-3.18647135e+38,-4.31871749e+38,-1.06994648e+46,1.21317644e+47,-4.82915945e+46,3.20629825e+48,2.14362889e+52,2.14433234e+52,-6.96811185e+51,1.79592675e+52,7.68603407e+05,1.18756248e+06,-1.11581222e+05,-1.44892340e+05,-1.09110828e+05,-1.47881085e+05,0.00000000e+00,2.89316709e+09
7.10000000e+03,2.50013565e+01,2.92039914e+33,-4.27742877e+38,-3.26518946e+38,-4.33633845e+38,-1.09640906e+46,1.21594306e+47,-4.86680646e+46,3.20073597e+48,2.14401349e+52,2.14471560e+52,-6.96925045e+51,1.79625307e+52,7.71082035e+05,1.18952646e+06,-1.13129341e+05,-1.46467266e+05,-1.11806274e+05,-1.48484445e+05,0.00000000e+00,2.89424169e+09
7.11000000e+03,2.50117935e+01,2.92039946e+33,-4.32554781e+38,-3.34471318e+38,-4.35396492e+38,-1.12458083e+46,1.21870319e+47,-4.90580310e+46,3.19627561e+48,2.14440928e+52,2.14511015e+52,-6.97084750e+51,1.79656777e+52,7.73586295e+05,1.19148468e+06,-1.14709228e+05,-1.48114937e+05,-1.14529304e+05,-1.49087992e+05,0.00000000e+00,2.89586043e+09
7.12000000e+03,2.50221246e+01,2.92039978e+33,-4.37444322e+38,-3.42137510e+38,-4.37072153e+38,-1.15316488e+46,1.22147064e+47,-4.94574639e+46,3.19346206e+48,2.14480315e+52,2.14550296e+52,-6.97285614e+51,1.79686015e+52,7.76058234e+05,1.19339550e+06,-1.16271777e+05,-1.49789192e+05,-1.17154340e+05,-1.49661754e+05,0.00000000e+00,2.89806681e+09
7.13000000e+03,2.50322251e+01,2.92040008e+33,-4.42274297e+38,-3.49712084e+38,-4.38777463e+38,-1.18165817e+46,1.22382940e+47,-4.98200597e+46,3.19177261e+48,2.14519035e+52,2.14588923e+52,-6.97523104e+51,1.79712768e+52,7.78490893e+05,1.19525060e+06,-1.17798507e+05,-1.51443050e+05,-1.19748005e+05,-1.50245669e+05,0.00000000e+00,2.90083726e+09
7.14000000e+03,2.50420902e+01,2.92040037e+33,-4.47148606e+38,-3.56961114e+38,-4.40333691e+38,-1.21112407e+46,1.22616615e+47,-5.01970079e+46,3.19139686e+48,2.14557058e+52,2.14626866e+52,-6.97794424e+51,1.79737144e+52,7.80899196e+05,1.19705544e+06,-1.19288634e+05,-1.53112091e+05,-1.22230197e+05,-1.50778535e+05,0.00000000e+00,2.90406091e+09
7.15000000e+03,2.50516956e+01,2.92040065e+33,-4.51969040e+38,-3.63925427e+38,-4.41772720e+38,-1.24136592e+46,1.22834448e+47,-5.05776731e+46,3.19200652e+48,2.14594354e+52,2.14664094e+52,-6.98096123e+51,1.79759288e+52,7.83282661e+05,1.19880992e+06,-1.20739525e+05,-1.54762683e+05,-1.24614897e+05,-1.51271272e+05,0.00000000e+00,2.90769346e+09
7.16000000e+03,2.50609957e+01,2.92040091e+33,-4.56753471e+38,-3.70592998e+38,-4.43304001e+38,-1.26968574e+46,1.23039354e+47,-5.09444328e+46,3.19349688e+48,2.14630585e+52,2.14700267e+52,-6.98423596e+51,1.79779087e+52,7.85630501e+05,1.20050926e+06,-1.22144085e+05,-1.56400948e+05,-1.26897987e+05,-1.51795597e+05,0.00000000e+00,2.91172940e+09
7.17000000e+03,2.50700205e+01,2.92040116e+33,-4.61465485e+38,-3.77009480e+38,-4.44802735e+38,-1.29785269e+46,1.23220004e+47,-5.13056154e+46,3.19570565e+48,2.14665922e+52,2.14735554e+52,-6.98774700e+51,1.79796819e+52,7.87943096e+05,1.20215915e+06,-1.23507111e+05,-1.58014417e+05,-1.29095100e+05,-1.52308779e+05,0.00000000e+00,2.91608759e+09
7.18000000e+03,2.50788052e+01,2.92040139e+33,-4.66114442e+38,-3.83232331e+38,-4.46259946e+38,-1.32446013e+46,1.23382328e+47,-5.16644151e+46,3.19857494e+48,2.14700488e+52,2.14770079e+52,-6.99147965e+51,1.79812680e+52,7.90218873e+05,1.20376599e+06,-1.24833637e+05,-1.59606294e+05,-1.31225910e+05,-1.52807743e+05,0.00000000e+00,2.92073301e+09
7.19000000e+03,2.50873679e+01,2.92040162e+33,-4.70680842e+38,-3.89238601e+38,-4.47684202e+38,-1.34969518e+46,1.23534677e+47,-5.20167309e+46,3.20207199e+48,2.14734352e+52,2.14803908e+52,-6.99541614e+51,1.79826827e+52,7.92456909e+05,1.20533339e+06,-1.26126358e+05,-1.61169902e+05,-1.33282559e+05,-1.53295423e+05,0.00000000e+00,2.92563486e+09
7.20000000e+03,2.50957049e+01,2.92040183e+33,-4.75172976e+38,-3.94952657e+38,-4.49053288e+38,-1.37428371e+46,1.23680799e+47,-5.23599179e+46,3.20613376e+48,2.14767483e+52,2.14837012e+52,-6.99953051e+51,1.79839359e+52,7.94654365e+05,1.20686193e+06,-1.27384761e+05,-1.62708080e+05,-1.35239148e+05,-1.53764213e+05,0.00000000e+00,2.93076772e+09
7.21000000e+03,2.51038220e+01,2.92040203e+33,-4.79582444e+38,-4.00482399e+38,-4.50327064e+38,-1.39869973e+46,1.23814444e+47,-5.26854314e+46,3.21069838e+48,2.14799896e+52,2.14869405e+52,-7.00380212e+51,1.79850394e+52,7.96811559e+05,1.20835276e+06,-1.28610067e+05,-1.64217953e+05,-1.37132626e+05,-1.54200366e+05,0.00000000e+00,2.93609816e+09
7.22000000e+03,2.51117310e+01,2.92040223e+33,-4.83927739e+38,-4.05839952e+38,-4.51522048e+38,-1.42271471e+46,1.23928541e+47,-5.30082467e+46,3.21572718e+48,2.14831634e+52,2.14901129e+52,-7.00821515e+51,1.79860053e+52,7.98931474e+05,1.20980777e+06,-1.29804720e+05,-1.65705852e+05,-1.38967142e+05,-1.54609541e+05,0.00000000e+00,2.94160215e+09
7.23000000e+03,2.51194510e+01,2.92040242e+33,-4.88203064e+38,-4.10978018e+38,-4.52649750e+38,-1.44599113e+46,1.24033239e+47,-5.33259298e+46,3.22116636e+48,2.14862817e+52,2.14932303e+52,-7.01276063e+51,1.79868500e+52,8.01018697e+05,1.21123029e+06,-1.30972612e+05,-1.67169792e+05,-1.40726503e+05,-1.54995677e+05,0.00000000e+00,2.94728326e+09
7.24000000e+03,2.51270106e+01,2.92040259e+33,-4.92433986e+38,-4.15961611e+38,-4.53708175e+38,-1.46881631e+46,1.24131084e+47,-5.36412454e+46,3.22696484e+48,2.14893517e+52,2.14963000e+52,-7.01743820e+51,1.79875809e+52,8.03076834e+05,1.21262542e+06,-1.32117972e+05,-1.68618528e+05,-1.42432968e+05,-1.55358092e+05,0.00000000e+00,2.95313718e+09
7.25000000e+03,2.51344299e+01,2.92040277e+33,-4.96674066e+38,-4.20837963e+38,-4.54703718e+38,-1.49172368e+46,1.24222366e+47,-5.39545642e+46,3.23309293e+48,2.14923819e+52,2.14993303e+52,-7.02224576e+51,1.79882074e+52,8.05108544e+05,1.21399670e+06,-1.33244699e+05,-1.70070400e+05,-1.44102714e+05,-1.55698975e+05,0.00000000e+00,2.95912468e+09
7.26000000e+03,2.51417284e+01,2.92040294e+33,-5.00891735e+38,-4.25605110e+38,-4.55639711e+38,-1.51463852e+46,1.24305951e+47,-5.42595783e+46,3.23953073e+48,2.14953773e+52,2.15023263e+52,-7.02718336e+51,1.79887346e+52,8.07117273e+05,1.21534772e+06,-1.34356654e+05,-1.71514598e+05,-1.45735064e+05,-1.56019468e+05,0.00000000e+00,2.96525330e+09
7.27000000e+03,2.51489227e+01,2.92040310e+33,-5.05048277e+38,-4.30262523e+38,-4.56567719e+38,-1.53656660e+46,1.24385376e+47,-5.45571265e+46,3.24627751e+48,2.14983436e+52,2.15052936e+52,-7.03225134e+51,1.79891679e+52,8.09106613e+05,1.21668134e+06,-1.35455573e+05,-1.72937865e+05,-1.47329841e+05,-1.56337226e+05,0.00000000e+00,2.97154206e+09
7.28000000e+03,2.51560240e+01,2.92040326e+33,-5.09161925e+38,-4.34825712e+38,-4.57476733e+38,-1.55828164e+46,1.24461359e+47,-5.48496319e+46,3.25332146e+48,2.15012866e+52,2.15082380e+52,-7.03744804e+51,1.79895140e+52,8.11078852e+05,1.21799910e+06,-1.36542554e+05,-1.74346444e+05,-1.48892352e+05,-1.56648480e+05,0.00000000e+00,2.97799540e+09
7.29000000e+03,2.51630377e+01,2.92040342e+33,-5.13252530e+38,-4.39292839e+38,-4.58361063e+38,-1.57999692e+46,1.24529398e+47,-5.51425704e+46,3.26063489e+48,2.15042069e+52,2.15111601e+52,-7.04276895e+51,1.79897756e+52,8.13034792e+05,1.21930203e+06,-1.37617753e+05,-1.75747134e+05,-1.50421971e+05,-1.56951283e+05,0.00000000e+00,2.98461199e+09
7.30000000e+03,2.51699776e+01,2.92040357e+33,-5.17330185e+38,-4.43678615e+38,-4.59184807e+38,-1.60238879e+46,1.24590072e+47,-5.54264245e+46,3.26833895e+48,2.15071099e+52,2.15140651e+52,-7.04821657e+51,1.79899568e+52,8.14995729e+05,1.22060849e+06,-1.38682787e+05,-1.77143389e+05,-1.51923734e+05,-1.57233340e+05,0.00000000e+00,2.99151012e+09
7.31000000e+03,2.51768533e+01,2.92040372e+33,-5.21394033e+38,-4.47978705e+38,-4.59933293e+38,-1.62565204e+46,1.24643567e+47,-5.57083845e+46,3.27606557e+48,2.15099996e+52,2.15169572e+52,-7.05379330e+51,1.79900606e+52,8.16928615e+05,1.22188973e+06,-1.39739425e+05,-1.78534916e+05,-1.53396156e+05,-1.57489627e+05,0.00000000e+00,2.99843218e+09
7.32000000e+03,2.51835863e+01,2.92040387e+33,-5.25357555e+38,-4.52177328e+38,-4.60627139e+38,-1.64929238e+46,1.24690991e+47,-5.59737928e+46,3.28401121e+48,2.15128434e+52,2.15198037e+52,-7.05942487e+51,1.79900913e+52,8.18829463e+05,1.22314837e+06,-1.40775232e+05,-1.79892090e+05,-1.54833834e+05,-1.57727205e+05,0.00000000e+00,3.00540583e+09
7.33000000e+03,2.51901433e+01,2.92040401e+33,-5.29248529e+38,-4.56263221e+38,-4.61337264e+38,-1.67145960e+46,1.24733352e+47,-5.62307663e+46,3.29209306e+48,2.15156268e+52,2.15225901e+52,-7.06507037e+51,1.79900549e+52,8.20691572e+05,1.22438123e+06,-1.41784678e+05,-1.81224423e+05,-1.56232912e+05,-1.57970357e+05,0.00000000e+00,3.01247671e+09
7.34000000e+03,2.51965415e+01,2.92040414e+33,-5.33032854e+38,-4.60225660e+38,-4.62018651e+38,-1.69333869e+46,1.24770353e+47,-5.64731523e+46,3.30024930e+48,2.15183558e+52,2.15253222e+52,-7.07073155e+51,1.79899565e+52,8.22518976e+05,1.22559115e+06,-1.42770372e+05,-1.82520237e+05,-1.57589717e+05,-1.58203670e+05,0.00000000e+00,3.01961674e+09
7.35000000e+03,2.52027970e+01,2.92040427e+33,-5.36761747e+38,-4.64087610e+38,-4.62668697e+38,-1.71487364e+46,1.24802411e+47,-5.67114840e+46,3.30846758e+48,2.15210372e+52,2.15280070e+52,-7.07641108e+51,1.79898015e+52,8.24315107e+05,1.22678056e+06,-1.43735066e+05,-1.83797070e+05,-1.58912112e+05,-1.58426250e+05,0.00000000e+00,3.02679455e+09
7.36000000e+03,2.52089217e+01,2.92040439e+33,-5.40424043e+38,-4.67841835e+38,-4.63283852e+38,-1.73591177e+46,1.24826713e+47,-5.69456808e+46,3.31673224e+48,2.15236748e+52,2.15306481e+52,-7.08210944e+51,1.79895934e+52,8.26082498e+05,1.22795012e+06,-1.44680792e+05,-1.85051099e+05,-1.60197621e+05,-1.58636884e+05,0.00000000e+00,3.03400092e+09
7.37000000e+03,2.52149282e+01,2.92040451e+33,-5.44040257e+38,-4.71493027e+38,-4.63846563e+38,-1.75660687e+46,1.24843174e+47,-5.71785786e+46,3.32502797e+48,2.15262717e+52,2.15332487e+52,-7.08782924e+51,1.79893341e+52,8.27824028e+05,1.22910228e+06,-1.45609095e+05,-1.86289350e+05,-1.61447849e+05,-1.58829560e+05,0.00000000e+00,3.04124458e+09
7.38000000e+03,2.52208279e+01,2.92040463e+33,-5.47595977e+38,-4.75067834e+38,-4.64363827e+38,-1.77731384e+46,1.24852672e+47,-5.74135980e+46,3.33334456e+48,2.15288333e+52,2.15358141e+52,-7.09357298e+51,1.79890276e+52,8.29542541e+05,1.23023917e+06,-1.46521412e+05,-1.87506886e+05,-1.62671922e+05,-1.59006674e+05,0.00000000e+00,3.04853113e+09
7.39000000e+03,2.52266264e+01,2.92040474e+33,-5.51086747e+38,-4.78556615e+38,-4.64869115e+38,-1.79731262e+46,1.24854835e+47,-5.76454643e+46,3.34167988e+48,2.15313610e+52,2.15383456e+52,-7.09933858e+51,1.79886763e+52,8.31238548e+05,1.23136153e+06,-1.47418710e+05,-1.88702182e+05,-1.63866538e+05,-1.59179688e+05,0.00000000e+00,3.05586154e+09
7.40000000e+03,2.52323366e+01,2.92040485e+33,-5.54525662e+38,-4.81948227e+38,-4.65337952e+38,-1.81687119e+46,1.24852077e+47,-5.78759064e+46,3.35002300e+48,2.15338601e+52,2.15408489e+52,-7.10513190e+51,1.79882829e+52,8.32914717e+05,1.23247085e+06,-1.48303499e+05,-1.89879723e+05,-1.65027882e+05,-1.59340220e+05,0.00000000e+00,3.06325521e+09
7.41000000e+03,2.52379743e+01,2.92040496e+33,-5.57907983e+38,-4.85267867e+38,-4.65759418e+38,-1.83620140e+46,1.24844108e+47,-5.81077706e+46,3.35837215e+48,2.15363376e+52,2.15433305e+52,-7.11096313e+51,1.79878489e+52,8.34574778e+05,1.23356964e+06,-1.49177811e+05,-1.91037884e+05,-1.66164582e+05,-1.59484532e+05,0.00000000e+00,3.07072245e+09
7.42000000e+03,2.52435554e+01,2.92040506e+33,-5.61236857e+38,-4.88524417e+38,-4.66157425e+38,-1.85518277e+46,1.24832920e+47,-5.83394571e+46,3.36673046e+48,2.15388004e+52,2.15457975e+52,-7.11684351e+51,1.79873757e+52,8.36223009e+05,1.23466068e+06,-1.50044204e+05,-1.92177744e+05,-1.67279677e+05,-1.59620811e+05,0.00000000e+00,3.07827021e+09
7.43000000e+03,2.52490829e+01,2.92040516e+33,-5.64546385e+38,-4.91725793e+38,-4.66537973e+38,-1.87420718e+46,1.24819702e+47,-5.85727935e+46,3.37509325e+48,2.15412487e+52,2.15482501e+52,-7.12277171e+51,1.79868643e+52,8.37860411e+05,1.23574485e+06,-1.50903108e+05,-1.93310980e+05,-1.68375881e+05,-1.59751112e+05,0.00000000e+00,3.08589298e+09
7.44000000e+03,2.52545621e+01,2.92040527e+33,-5.67804352e+38,-4.94883190e+38,-4.66916174e+38,-1.89305369e+46,1.24803963e+47,-5.88046160e+46,3.38345958e+48,2.15436858e+52,2.15506916e+52,-7.12874928e+51,1.79863169e+52,8.39488362e+05,1.23682303e+06,-1.51755264e+05,-1.94426561e+05,-1.69457026e+05,-1.59880609e+05,0.00000000e+00,3.09359804e+09
7.45000000e+03,2.52600004e+01,2.92040537e+33,-5.71054367e+38,-4.97982088e+38,-4.67244072e+38,-1.91148783e+46,1.24787765e+47,-5.90350421e+46,3.39181334e+48,2.15461147e+52,2.15531249e+52,-7.13478024e+51,1.79857347e+52,8.41107712e+05,1.23789646e+06,-1.52601666e+05,-1.95539418e+05,-1.70518139e+05,-1.59992882e+05,0.00000000e+00,3.10139968e+09
7.46000000e+03,2.52654018e+01,2.92040547e+33,-5.74272640e+38,-5.01069190e+38,-4.67569055e+38,-1.92924427e+46,1.24762646e+47,-5.92657890e+46,3.40016670e+48,2.15485374e+52,2.15555521e+52,-7.14086550e+51,1.79851193e+52,8.42719441e+05,1.23896585e+06,-1.53442256e+05,-1.96641407e+05,-1.71575213e+05,-1.60104157e+05,0.00000000e+00,3.10929449e+09
7.47000000e+03,2.52707795e+01,2.92040557e+33,-5.77478594e+38,-5.04118897e+38,-4.67874638e+38,-1.94641136e+46,1.24733835e+47,-5.94958567e+46,3.40852722e+48,2.15509602e+52,2.15579794e+52,-7.14701663e+51,1.79844711e+52,8.44326685e+05,1.24003346e+06,-1.54278875e+05,-1.97739177e+05,-1.72619482e+05,-1.60208789e+05,0.00000000e+00,3.11728862e+09
7.48000000e+03,2.52761390e+01,2.92040566e+33,-5.80638805e+38,-5.07122098e+38,-4.68172806e+38,-1.96379479e+46,1.24706267e+47,-5.97260504e+46,3.41689497e+48,2.15533830e+52,2.15604069e+52,-7.15323725e+51,1.79837883e+52,8.45929854e+05,1.24110031e+06,-1.55112313e+05,-1.98821284e+05,-1.73647827e+05,-1.60310881e+05,0.00000000e+00,3.12537968e+09
7.49000000e+03,2.52814798e+01,2.92040576e+33,-5.83784152e+38,-5.10093864e+38,-4.68474124e+38,-1.98055892e+46,1.24677911e+47,-5.99531765e+46,3.42527169e+48,2.15558063e+52,2.15628348e+52,-7.15952405e+51,1.79830728e+52,8.47528879e+05,1.24216650e+06,-1.55942469e+05,-1.99898302e+05,-1.74665408e+05,-1.60414053e+05,0.00000000e+00,3.13356681e+09
7.50000000e+03,2.52867998e+01,2.92040586e+33,-5.86916240e+38,-5.13035412e+38,-4.68721017e+38,-1.99738612e+46,1.24646060e+47,-6.01769808e+46,3.43382428e+48,2.15582297e+52,2.15652632e+52,-7.16587146e+51,1.79823275e+52,8.49132495e+05,1.24323883e+06,-1.56768882e+05,-2.00970779e+05,-1.75672642e+05,-1.60498588e+05,0.00000000e+00,3.14179310e+09
7.51000000e+03,2.52920998e+01,2.92040595e+33,-5.90041745e+38,-5.15914151e+38,-4.68988820e+38,-2.01382850e+46,1.24614348e+47,-6.04043153e+46,3.44212481e+48,2.15606513e+52,2.15676894e+52,-7.17227911e+51,1.79815499e+52,8.50726761e+05,1.24430580e+06,-1.57591472e+05,-2.02041002e+05,-1.76658368e+05,-1.60590283e+05,0.00000000e+00,3.15029663e+09
7.52000000e+03,2.52973838e+01,2.92040605e+33,-5.93145469e+38,-5.18746030e+38,-4.69265177e+38,-2.02972819e+46,1.24579628e+47,-6.06335211e+46,3.45045065e+48,2.15630742e+52,2.15701171e+52,-7.17874826e+51,1.79807429e+52,8.52315790e+05,1.24537028e+06,-1.58411158e+05,-2.03103767e+05,-1.77628049e+05,-1.60684908e+05,0.00000000e+00,3.15876467e+09
7.53000000e+03,2.53026332e+01,2.92040614e+33,-5.96229947e+38,-5.21517315e+38,-4.69521048e+38,-2.04503518e+46,1.24540459e+47,-6.08624004e+46,3.45876005e+48,2.15654890e+52,2.15725367e+52,-7.18525315e+51,1.79799101e+52,8.53896513e+05,1.24643072e+06,-1.59224930e+05,-2.04159941e+05,-1.78576982e+05,-1.60772518e+05,0.00000000e+00,3.16727685e+09
7.54000000e+03,2.53078126e+01,2.92040623e+33,-5.99266135e+38,-5.24185252e+38,-4.69726394e+38,-2.05995295e+46,1.24497134e+47,-6.10868276e+46,3.46699846e+48,2.15678799e+52,2.15749323e+52,-7.19174565e+51,1.79790595e+52,8.55460063e+05,1.24748163e+06,-1.60027161e+05,-2.05199581e+05,-1.79490526e+05,-1.60842827e+05,0.00000000e+00,3.17580597e+09
7.55000000e+03,2.53129311e+01,2.92040633e+33,-6.02266930e+38,-5.26792017e+38,-4.69927854e+38,-2.07445101e+46,1.24449615e+47,-6.13078891e+46,3.47515909e+48,2.15702507e+52,2.15773079e+52,-7.19823299e+51,1.79781914e+52,8.57009508e+05,1.24852479e+06,-1.60819451e+05,-2.06227101e+05,-1.80383124e+05,-1.60911805e+05,0.00000000e+00,3.18436757e+09
7.56000000e+03,2.53179942e+01,2.92040641e+33,-6.05227801e+38,-5.29367878e+38,-4.70115065e+38,-2.08813182e+46,1.24404614e+47,-6.15286402e+46,3.48323183e+48,2.15726039e+52,2.15796658e+52,-7.20471773e+51,1.79773069e+52,8.58545671e+05,1.24956108e+06,-1.61602612e+05,-2.07240950e+05,-1.81265140e+05,-1.60975905e+05,0.00000000e+00,3.19295297e+09
7.57000000e+03,2.53230064e+01,2.92040650e+33,-6.08150097e+38,-5.31914492e+38,-4.70307589e+38,-2.10108215e+46,1.24361471e+47,-6.17478304e+46,3.49121725e+48,2.15749404e+52,2.15820070e+52,-7.21120229e+51,1.79764059e+52,8.60069669e+05,1.25059128e+06,-1.62377240e+05,-2.08241591e+05,-1.82137141e+05,-1.61041824e+05,0.00000000e+00,3.20155681e+09
7.58000000e+03,2.53279733e+01,2.92040659e+33,-6.11051631e+38,-5.34413889e+38,-4.70489399e+38,-2.11335380e+46,1.24318056e+47,-6.19646316e+46,3.49911676e+48,2.15772625e+52,2.15843338e+52,-7.21769019e+51,1.79754887e+52,8.61582977e+05,1.25161623e+06,-1.63144885e+05,-2.09235123e+05,-1.82992975e+05,-1.61104074e+05,0.00000000e+00,3.21017735e+09
7.59000000e+03,2.53328995e+01,2.92040667e+33,-6.13929119e+38,-5.36860842e+38,-4.70658573e+38,-2.12509241e+46,1.24273586e+47,-6.21798998e+46,3.50692840e+48,2.15795725e+52,2.15866485e+52,-7.22418434e+51,1.79745563e+52,8.63086490e+05,1.25263685e+06,-1.63906547e+05,-2.10220420e+05,-1.83830850e+05,-1.61161997e+05,0.00000000e+00,3.21881359e+09
7.60000000e+03,2.53377894e+01,2.92040676e+33,-6.16771374e+38,-5.39260598e+38,-4.70828155e+38,-2.13629696e+46,1.24228486e+47,-6.23890776e+46,3.51464159e+48,2.15818733e+52,2.15889540e+52,-7.23068763e+51,1.79736102e+52,8.64581225e+05,1.25365439e+06,-1.64662237e+05,-2.11193654e+05,-1.84652565e+05,-1.61220061e+05,0.00000000e+00,3.22746864e+09
7.61000000e+03,2.53426473e+01,2.92040684e+33,-6.19584099e+38,-5.41628516e+38,-4.70988598e+38,-2.14688673e+46,1.24182096e+47,-6.25952179e+46,3.52226026e+48,2.15841658e+52,2.15912510e+52,-7.23720296e+51,1.79726496e+52,8.66068245e+05,1.25466963e+06,-1.65412869e+05,-2.12156776e+05,-1.85463377e+05,-1.61274995e+05,0.00000000e+00,3.23614708e+09
7.62000000e+03,2.53474738e+01,2.92040692e+33,-6.22370229e+38,-5.43978898e+38,-4.71120447e+38,-2.15685751e+46,1.24127928e+47,-6.27993458e+46,3.52992421e+48,2.15864500e+52,2.15935398e+52,-7.24372822e+51,1.79716757e+52,8.67555157e+05,1.25568907e+06,-1.66158707e+05,-2.13110791e+05,-1.86268186e+05,-1.61320138e+05,0.00000000e+00,3.24481504e+09
7.63000000e+03,2.53522724e+01,2.92040700e+33,-6.25125764e+38,-5.46298768e+38,-4.71243925e+38,-2.16651326e+46,1.24072218e+47,-6.30041331e+46,3.53729501e+48,2.15887280e+52,2.15958223e+52,-7.25026696e+51,1.79706888e+52,8.69029794e+05,1.25670209e+06,-1.66900298e+05,-2.14054330e+05,-1.87062546e+05,-1.61362414e+05,0.00000000e+00,3.25363702e+09
7.64000000e+03,2.53570538e+01,2.92040708e+33,-6.27867363e+38,-5.48580340e+38,-4.71351802e+38,-2.17587151e+46,1.24015497e+47,-6.32073994e+46,3.54460352e+48,2.15910056e+52,2.15981043e+52,-7.25683064e+51,1.79696890e+52,8.70498352e+05,1.25771360e+06,-1.67639702e+05,-2.14993097e+05,-1.87843792e+05,-1.61399349e+05,0.00000000e+00,3.26240539e+09
7.65000000e+03,2.53618247e+01,2.92040716e+33,-6.30633544e+38,-5.50824122e+38,-4.71448910e+38,-2.18486452e+46,1.23955848e+47,-6.34118473e+46,3.55184390e+48,2.15932847e+52,2.16003877e+52,-7.26342653e+51,1.79686745e+52,8.71964213e+05,1.25872583e+06,-1.68378266e+05,-2.15940281e+05,-1.88612098e+05,-1.61432596e+05,0.00000000e+00,3.27120966e+09
7.66000000e+03,2.53665908e+01,2.92040724e+33,-6.33430626e+38,-5.53058648e+38,-4.71545857e+38,-2.19368614e+46,1.23893469e+47,-6.36181410e+46,3.55901353e+48,2.15955688e+52,2.16026762e+52,-7.27006063e+51,1.79676459e+52,8.73429465e+05,1.25973969e+06,-1.69116986e+05,-2.16898047e+05,-1.89377235e+05,-1.61465788e+05,0.00000000e+00,3.28008074e+09
7.67000000e+03,2.53713610e+01,2.92040732e+33,-6.36228961e+38,-5.55274142e+38,-4.71637611e+38,-2.20234179e+46,1.23831222e+47,-6.38246364e+46,3.56610921e+48,2.15978618e+52,2.16049735e+52,-7.27674398e+51,1.79666015e+52,8.74896292e+05,1.26075685e+06,-1.69857333e+05,-2.17856241e+05,-1.90135855e+05,-1.61497202e+05,0.00000000e+00,3.28904085e+09
7.68000000e+03,2.53761390e+01,2.92040740e+33,-6.39058367e+38,-5.57471599e+38,-4.71715705e+38,-2.21092347e+46,1.23768402e+47,-6.40315779e+46,3.57313148e+48,2.16001648e+52,2.16072808e+52,-7.28348021e+51,1.79655407e+52,8.76365219e+05,1.26177771e+06,-1.70599662e+05,-2.18825074e+05,-1.90888298e+05,-1.61523938e+05,0.00000000e+00,3.29809046e+09
7.69000000e+03,2.53809190e+01,2.92040748e+33,-6.41880321e+38,-5.59653147e+38,-4.71802641e+38,-2.21912477e+46,1.23708097e+47,-6.42413532e+46,3.58006806e+48,2.16024765e+52,2.16095967e+52,-7.29025944e+51,1.79644670e+52,8.77834748e+05,1.26280121e+06,-1.71343260e+05,-2.19791356e+05,-1.91635294e+05,-1.61553702e+05,0.00000000e+00,3.30721489e+09
7.70000000e+03,2.53856937e+01,2.92040756e+33,-6.44722361e+38,-5.61816470e+38,-4.71888036e+38,-2.22699797e+46,1.23649105e+47,-6.44506764e+46,3.58690601e+48,2.16047922e+52,2.16119167e+52,-7.29706974e+51,1.79633818e+52,8.79303096e+05,1.26382603e+06,-1.72087135e+05,-2.20764515e+05,-1.92376049e+05,-1.61582938e+05,0.00000000e+00,3.31640065e+09
7.71000000e+03,2.53904537e+01,2.92040764e+33,-6.47577794e+38,-5.63953580e+38,-4.71964530e+38,-2.23472559e+46,1.23586824e+47,-6.46579082e+46,3.59363325e+48,2.16071064e+52,2.16142350e+52,-7.30389579e+51,1.79622871e+52,8.80767885e+05,1.26485042e+06,-1.72829796e+05,-2.21742261e+05,-1.93107829e+05,-1.61609127e+05,0.00000000e+00,3.32562880e+09
7.72000000e+03,2.53951909e+01,2.92040772e+33,-6.50316503e+38,-5.66322673e+38,-4.72008593e+38,-2.24097094e+46,1.23522197e+47,-6.48812567e+46,3.60033546e+48,2.16094183e+52,2.16165510e+52,-7.31072374e+51,1.79611891e+52,8.82227212e+05,1.26587301e+06,-1.73570065e+05,-2.22680038e+05,-1.93919044e+05,-1.61624211e+05,0.00000000e+00,3.33488198e+09
7.73000000e+03,2.53999062e+01,2.92040780e+33,-6.53152898e+38,-5.68386424e+38,-4.72068269e+38,-2.24819678e+46,1.23455360e+47,-6.50854776e+46,3.60672007e+48,2.16117238e+52,2.16188603e+52,-7.31755296e+51,1.79600838e+52,8.83681167e+05,1.26689394e+06,-1.74308404e+05,-2.23651264e+05,-1.94625704e+05,-1.61644640e+05,0.00000000e+00,3.34415783e+09
7.74000000e+03,2.54045964e+01,2.92040788e+33,-6.56025552e+38,-5.70424920e+38,-4.72155509e+38,-2.25450014e+46,1.23384172e+47,-6.52888754e+46,3.61304485e+48,2.16140234e+52,2.16211637e+52,-7.32437642e+51,1.79589755e+52,8.85128234e+05,1.26791302e+06,-1.75044062e+05,-2.24634907e+05,-1.95323716e+05,-1.61674509e+05,0.00000000e+00,3.35344304e+09
7.75000000e+03,2.54092536e+01,2.92040796e+33,-6.58869111e+38,-5.72442378e+38,-4.72243827e+38,-2.26052833e+46,1.23313482e+47,-6.54943169e+46,3.61923343e+48,2.16163167e+52,2.16234607e+52,-7.33118079e+51,1.79578703e+52,8.86566419e+05,1.26892861e+06,-1.75775803e+05,-2.25608586e+05,-1.96014525e+05,-1.61704746e+05,0.00000000e+00,3.36271886e+09
7.76000000e+03,2.54138775e+01,2.92040804e+33,-6.61689073e+38,-5.74434042e+38,-4.72321953e+38,-2.26642405e+46,1.23242716e+47,-6.56991929e+46,3.62527265e+48,2.16186021e+52,2.16257497e+52,-7.33796312e+51,1.79567681e+52,8.87995892e+05,1.26994046e+06,-1.76503409e+05,-2.26574186e+05,-1.96696501e+05,-1.61731494e+05,0.00000000e+00,3.37198388e+09
7.77000000e+03,2.54184661e+01,2.92040811e+33,-6.64471983e+38,-5.76404875e+38,-4.72406920e+38,-2.27208612e+46,1.23171921e+47,-6.59017781e+46,3.63116088e+48,2.16208774e+52,2.16280285e+52,-7.34471856e+51,1.79556692e+52,8.89416398e+05,1.27094827e+06,-1.77226648e+05,-2.27527098e+05,-1.97371345e+05,-1.61760584e+05,0.00000000e+00,3.38123069e+09
7.78000000e+03,2.54230197e+01,2.92040818e+33,-6.67227444e+38,-5.78341047e+38,-4.72508035e+38,-2.27744422e+46,1.23099237e+47,-6.61052203e+46,3.63689962e+48,2.16231411e+52,2.16302955e+52,-7.35144521e+51,1.79545729e+52,8.90828115e+05,1.27195234e+06,-1.77945627e+05,-2.28470612e+05,-1.98034319e+05,-1.61795203e+05,0.00000000e+00,3.39045614e+09
7.79000000e+03,2.54275389e+01,2.92040826e+33,-6.69977041e+38,-5.80236290e+38,-4.72609355e+38,-2.28263620e+46,1.23027515e+47,-6.63094219e+46,3.64249021e+48,2.16253931e+52,2.16325508e+52,-7.35814210e+51,1.79534797e+52,8.92231467e+05,1.27295263e+06,-1.78660610e+05,-2.29412117e+05,-1.98683279e+05,-1.61829893e+05,0.00000000e+00,3.39965738e+09
7.80000000e+03,2.54320244e+01,2.92040833e+33,-6.72722274e+38,-5.82120224e+38,-4.72713443e+38,-2.28755962e+46,1.22956589e+47,-6.65129397e+46,3.64792420e+48,2.16276334e+52,2.16347942e+52,-7.36480820e+51,1.79523901e+52,8.93626771e+05,1.27394907e+06,-1.79371721e+05,-2.30352128e+05,-1.99328367e+05,-1.61865530e+05,0.00000000e+00,3.40883153e+09
7.81000000e+03,2.54364768e+01,2.92040840e+33,-6.75453881e+38,-5.83999514e+38,-4.72814303e+38,-2.29191166e+46,1.22883712e+47,-6.67130941e+46,3.65320142e+48,2.16298621e+52,2.16370259e+52,-7.37144262e+51,1.79513046e+52,8.95014305e+05,1.27494195e+06,-1.80079008e+05,-2.31287474e+05,-1.99971865e+05,-1.61900063e+05,0.00000000e+00,3.41797681e+09
7.82000000e+03,2.54409004e+01,2.92040847e+33,-6.78184586e+38,-5.85870190e+38,-4.72929036e+38,-2.29588501e+46,1.22810867e+47,-6.69098953e+46,3.65832491e+48,2.16320808e+52,2.16392476e+52,-7.37804986e+51,1.79502226e+52,8.96395269e+05,1.27593224e+06,-1.80783028e+05,-2.32222510e+05,-2.00612413e+05,-1.61939345e+05,0.00000000e+00,3.42709956e+09
7.83000000e+03,2.54452974e+01,2.92040854e+33,-6.80911356e+38,-5.87735791e+38,-4.73049942e+38,-2.29951809e+46,1.22737788e+47,-6.71046062e+46,3.66329462e+48,2.16342942e+52,2.16414638e+52,-7.38463155e+51,1.79491480e+52,8.97770584e+05,1.27692037e+06,-1.81484107e+05,-2.33156199e+05,-2.01251223e+05,-1.61980742e+05,0.00000000e+00,3.43620168e+09
7.84000000e+03,2.54496698e+01,2.92040861e+33,-6.83620402e+38,-5.89586889e+38,-4.73167100e+38,-2.30278424e+46,1.22663524e+47,-6.72972398e+46,3.66811362e+48,2.16365006e+52,2.16436729e+52,-7.39118888e+51,1.79480784e+52,8.99141029e+05,1.27790666e+06,-1.82182660e+05,-2.34083819e+05,-2.01885067e+05,-1.62020855e+05,0.00000000e+00,3.44528603e+09
7.85000000e+03,2.54540183e+01,2.92040868e+33,-6.86315693e+38,-5.91419698e+38,-4.73276305e+38,-2.30567965e+46,1.22588095e+47,-6.74895992e+46,3.67278037e+48,2.16386988e+52,2.16458736e+52,-7.39772131e+51,1.79470130e+52,9.00506697e+05,1.27889128e+06,-1.82879209e+05,-2.35006729e+05,-2.02512649e+05,-1.62058245e+05,0.00000000e+00,3.45435272e+09
7.86000000e+03,2.54583419e+01,2.92040875e+33,-6.88995172e+38,-5.93237427e+38,-4.73394272e+38,-2.30794956e+46,1.22511780e+47,-6.76781730e+46,3.67729023e+48,2.16408880e+52,2.16480653e+52,-7.40422580e+51,1.79459524e+52,9.01867256e+05,1.27987410e+06,-1.83573816e+05,-2.35924225e+05,-2.03135067e+05,-1.62098635e+05,0.00000000e+00,3.46339846e+09
7.87000000e+03,2.54626415e+01,2.92040882e+33,-6.91664155e+38,-5.95049512e+38,-4.73533956e+38,-2.30976066e+46,1.22436181e+47,-6.78606697e+46,3.68164326e+48,2.16430691e+52,2.16502488e+52,-7.41070197e+51,1.79448978e+52,9.03222839e+05,1.28085534e+06,-1.84266717e+05,-2.36838127e+05,-2.03755552e+05,-1.62146462e+05,0.00000000e+00,3.47242424e+09
7.88000000e+03,2.54669184e+01,2.92040888e+33,-6.94319534e+38,-5.96830706e+38,-4.73681499e+38,-2.31153050e+46,1.22362410e+47,-6.80401106e+46,3.68584528e+48,2.16452432e+52,2.16524252e+52,-7.41715052e+51,1.79438499e+52,9.04573417e+05,1.28183559e+06,-1.84958317e+05,-2.37747371e+05,-2.04365460e+05,-1.62196979e+05,0.00000000e+00,3.48143096e+09
7.89000000e+03,2.54711762e+01,2.92040895e+33,-6.96948860e+38,-5.98607015e+38,-4.73838845e+38,-2.31263383e+46,1.22289917e+47,-6.82166096e+46,3.68989259e+48,2.16474106e+52,2.16545947e+52,-7.42357525e+51,1.79428070e+52,9.05919829e+05,1.28281599e+06,-1.85649574e+05,-2.38647693e+05,-2.04973696e+05,-1.62250854e+05,0.00000000e+00,3.49042319e+09
7.90000000e+03,2.54754162e+01,2.92040902e+33,-6.99560821e+38,-6.00362642e+38,-4.73995089e+38,-2.31331418e+46,1.22219303e+47,-6.83909042e+46,3.69380098e+48,2.16495742e+52,2.16567602e+52,-7.42997666e+51,1.79417719e+52,9.07262441e+05,1.28379661e+06,-1.86340671e+05,-2.39542070e+05,-2.05574849e+05,-1.62304351e+05,0.00000000e+00,3.49940015e+09
7.91000000e+03,2.54796415e+01,2.92040908e+33,-7.02186783e+38,-6.02100249e+38,-4.74151605e+38,-2.31385700e+46,1.22150267e+47,-6.85663136e+46,3.69757026e+48,2.16517340e+52,2.16589220e+52,-7.43635793e+51,1.79407430e+52,9.08601886e+05,1.28477785e+06,-1.87031788e+05,-2.40441241e+05,-2.06169832e+05,-1.62357941e+05,0.00000000e+00,3.50836616e+09
7.92000000e+03,2.54838580e+01,2.92040915e+33,-7.04815771e+38,-6.03819323e+38,-4.74330013e+38,-2.31415260e+46,1.22082533e+47,-6.87415280e+46,3.70120656e+48,2.16538929e+52,2.16610826e+52,-7.44272674e+51,1.79397193e+52,9.09939826e+05,1.28576097e+06,-1.87723920e+05,-2.41341448e+05,-2.06758468e+05,-1.62419027e+05,0.00000000e+00,3.51732992e+09
7.93000000e+03,2.54880678e+01,2.92040921e+33,-7.07429743e+38,-6.05534478e+38,-4.74525934e+38,-2.31407290e+46,1.22012367e+47,-6.89141079e+46,3.70471100e+48,2.16560524e+52,2.16632438e+52,-7.44908494e+51,1.79387013e+52,9.11276904e+05,1.28674628e+06,-1.88417654e+05,-2.42236513e+05,-2.07345764e+05,-1.62486111e+05,0.00000000e+00,3.52628969e+09
7.94000000e+03,2.54922715e+01,2.92040928e+33,-7.10038718e+38,-6.07265559e+38,-4.74733476e+38,-2.31363600e+46,1.21939987e+47,-6.90855527e+46,3.70808398e+48,2.16582117e+52,2.16654046e+52,-7.45543181e+51,1.79376887e+52,9.12613309e+05,1.28773346e+06,-1.89113192e+05,-2.43129866e+05,-2.07938512e+05,-1.62557173e+05,0.00000000e+00,3.53524101e+09
7.95000000e+03,2.54964701e+01,2.92040934e+33,-7.12663786e+38,-6.08978787e+38,-4.74954538e+38,-2.31286916e+46,1.21867747e+47,-6.92559317e+46,3.71132623e+48,2.16603712e+52,2.16675655e+52,-7.46176769e+51,1.79366817e+52,9.13949648e+05,1.28872280e+06,-1.89811048e+05,-2.44028731e+05,-2.08525147e+05,-1.62632865e+05,0.00000000e+00,3.54418273e+09
7.96000000e+03,2.55006615e+01,2.92040941e+33,-7.15279703e+38,-6.10656748e+38,-4.75189889e+38,-2.31174411e+46,1.21796652e+47,-6.94225797e+46,3.71443864e+48,2.16625344e+52,2.16697301e+52,-7.46808797e+51,1.79356861e+52,9.15285390e+05,1.28971358e+06,-1.90510978e+05,-2.44924462e+05,-2.09099706e+05,-1.62713450e+05,0.00000000e+00,3.55310695e+09
7.97000000e+03,2.55048458e+01,2.92040947e+33,-7.17877033e+38,-6.12318321e+38,-4.75437827e+38,-2.31030916e+46,1.21725757e+47,-6.95837184e+46,3.71742300e+48,2.16646979e+52,2.16718948e+52,-7.47439150e+51,1.79346990e+52,9.16620589e+05,1.29070573e+06,-1.91213144e+05,-2.45813828e+05,-2.09668653e+05,-1.62798345e+05,0.00000000e+00,3.56201297e+09
7.98000000e+03,2.55090257e+01,2.92040954e+33,-7.20473465e+38,-6.13973811e+38,-4.75695743e+38,-2.30844360e+46,1.21654969e+47,-6.97429813e+46,3.72028333e+48,2.16668617e+52,2.16740596e+52,-7.48068102e+51,1.79337191e+52,9.17956054e+05,1.29169974e+06,-1.91917915e+05,-2.46702887e+05,-2.10235518e+05,-1.62886656e+05,0.00000000e+00,3.57090628e+09
7.99000000e+03,2.55132036e+01,2.92040960e+33,-7.23072722e+38,-6.15623902e+38,-4.75963315e+38,-2.30626509e+46,1.21585512e+47,-6.99024113e+46,3.72317906e+48,2.16690284e+52,2.16762274e+52,-7.48695837e+51,1.79327482e+52,9.19298033e+05,1.29270085e+06,-1.92625922e+05,-2.47592914e+05,-2.10800534e+05,-1.62978274e+05,0.00000000e+00,3.57971558e+09
8.00000000e+03,2.55173753e+01,2.92040966e+33,-7.25670983e+38,-6.17255232e+38,-4.76243337e+38,-2.30383176e+46,1.21518671e+47,-7.00607423e+46,3.72573654e+48,2.16711949e+52,2.16783948e+52,-7.49321734e+51,1.79317861e+52,9.20636587e+05,1.29370087e+06,-1.93336330e+05,-2.48482599e+05,-2.11359125e+05,-1.63074155e+05,0.00000000e+00,3.58870253e+09
8.01000000e+03,2.55215474e+01,2.92040973e+33,-7.28273435e+38,-6.18874759e+38,-4.76534071e+38,-2.30101305e+46,1.21455155e+47,-7.02159166e+46,3.72820186e+48,2.16733647e+52,2.16805653e+52,-7.49946545e+51,1.79308326e+52,9.21975165e+05,1.29470183e+06,-1.94050223e+05,-2.49373719e+05,-2.11913675e+05,-1.63173703e+05,0.00000000e+00,3.59758474e+09
8.02000000e+03,2.55257188e+01,2.92040979e+33,-7.30876510e+38,-6.20493708e+38,-4.76847222e+38,-2.29783507e+46,1.21391636e+47,-7.03662439e+46,3.73056097e+48,2.16755370e+52,2.16827383e+52,-7.50569982e+51,1.79298884e+52,9.23314776e+05,1.29570480e+06,-1.94767334e+05,-2.50265053e+05,-2.12468028e+05,-1.63280929e+05,0.00000000e+00,3.60643444e+09
8.03000000e+03,2.55298889e+01,2.92040986e+33,-7.33464567e+38,-6.22101164e+38,-4.77164567e+38,-2.29433908e+46,1.21329215e+47,-7.05111562e+46,3.73281198e+48,2.16777122e+52,2.16849141e+52,-7.51191847e+51,1.79289548e+52,9.24655790e+05,1.29671022e+06,-1.95487696e+05,-2.51151244e+05,-2.13018444e+05,-1.63389589e+05,0.00000000e+00,3.61527679e+09
8.04000000e+03,2.55340585e+01,2.92040992e+33,-7.36032237e+38,-6.23684916e+38,-4.77480589e+38,-2.29061175e+46,1.21267770e+47,-7.06522114e+46,3.73495300e+48,2.16798889e+52,2.16870913e+52,-7.51812084e+51,1.79280309e+52,9.25998662e+05,1.29771847e+06,-1.96211357e+05,-2.52030454e+05,-2.13560744e+05,-1.63497797e+05,0.00000000e+00,3.62411977e+09
8.05000000e+03,2.55382277e+01,2.92040998e+33,-7.38650579e+38,-6.25259655e+38,-4.77835575e+38,-2.28666095e+46,1.21195235e+47,-7.07895230e+46,3.73697681e+48,2.16820884e+52,2.16892913e+52,-7.52430604e+51,1.79271383e+52,9.27343631e+05,1.29872985e+06,-1.96938318e+05,-2.52927015e+05,-2.14099958e+05,-1.63619347e+05,0.00000000e+00,3.63296312e+09
8.06000000e+03,2.55423922e+01,2.92041005e+33,-7.41195333e+38,-6.26819540e+38,-4.78149628e+38,-2.28227638e+46,1.21136857e+47,-7.09235405e+46,3.73900862e+48,2.16842668e+52,2.16914701e+52,-7.53046600e+51,1.79262371e+52,9.28696900e+05,1.29974986e+06,-1.97667995e+05,-2.53798378e+05,-2.14634086e+05,-1.63726881e+05,0.00000000e+00,3.64179807e+09
8.07000000e+03,2.55465543e+01,2.92041011e+33,-7.43729249e+38,-6.28365904e+38,-4.78494131e+38,-2.27778165e+46,1.21080733e+47,-7.10555424e+46,3.74075602e+48,2.16864456e+52,2.16936490e+52,-7.53660356e+51,1.79253473e+52,9.30046140e+05,1.30076729e+06,-1.98400446e+05,-2.54666030e+05,-2.15163583e+05,-1.63844841e+05,0.00000000e+00,3.65067443e+09
8.08000000e+03,2.55507167e+01,2.92041017e+33,-7.46254430e+38,-6.29902231e+38,-4.78857844e+38,-2.27298445e+46,1.21026662e+47,-7.11856486e+46,3.74241255e+48,2.16886261e+52,2.16958297e+52,-7.54272079e+51,1.79244693e+52,9.31397210e+05,1.30178697e+06,-1.99136181e+05,-2.55530691e+05,-2.15689644e+05,-1.63969380e+05,0.00000000e+00,3.65948654e+09
8.09000000e+03,2.55548772e+01,2.92041024e+33,-7.48769189e+38,-6.31428403e+38,-4.79231982e+38,-2.26769898e+46,1.20975383e+47,-7.13153069e+46,3.74396992e+48,2.16908079e+52,2.16980115e+52,-7.54881293e+51,1.79236050e+52,9.32750239e+05,1.30280916e+06,-1.99874663e+05,-2.56391783e+05,-2.16212228e+05,-1.64097487e+05,0.00000000e+00,3.66827109e+09
8.10000000e+03,2.55590324e+01,2.92041030e+33,-7.51268514e+38,-6.32914739e+38,-4.79619671e+38,-2.26231779e+46,1.20927396e+47,-7.14411570e+46,3.74542665e+48,2.16929890e+52,2.17001926e+52,-7.55487372e+51,1.79227557e+52,9.34104403e+05,1.30383329e+06,-2.00615218e+05,-2.57247591e+05,-2.16721170e+05,-1.64230235e+05,0.00000000e+00,3.67703253e+09
8.11000000e+03,2.55631773e+01,2.92041036e+33,-7.53744101e+38,-6.34433184e+38,-4.80014889e+38,-2.25656217e+46,1.20880794e+47,-7.15620636e+46,3.74680826e+48,2.16951667e+52,2.17023703e+52,-7.56089445e+51,1.79219230e+52,9.35458229e+05,1.30485835e+06,-2.01356900e+05,-2.58095270e+05,-2.17241108e+05,-1.64365561e+05,0.00000000e+00,3.68575897e+09
8.12000000e+03,2.55673123e+01,2.92041043e+33,-7.56152269e+38,-6.35932250e+38,-4.80441336e+38,-2.25004349e+46,1.20840739e+47,-7.16748988e+46,3.74804085e+48,2.16973401e+52,2.17045435e+52,-7.56687463e+51,1.79211061e+52,9.36811934e+05,1.30588443e+06,-2.02099864e+05,-2.58919863e+05,-2.17754410e+05,-1.64511581e+05,0.00000000e+00,3.69444885e+09
8.13000000e+03,2.55714441e+01,2.92041049e+33,-7.58584140e+38,-6.37444392e+38,-4.80889714e+38,-2.24289836e+46,1.20801867e+47,-7.17916851e+46,3.74919099e+48,2.16995130e+52,2.17067161e+52,-7.57282241e+51,1.79203049e+52,9.38167435e+05,1.30691336e+06,-2.02845492e+05,-2.59752573e+05,-2.18272189e+05,-1.64665110e+05,0.00000000e+00,3.70311175e+09
8.14000000e+03,2.55755717e+01,2.92041055e+33,-7.61017881e+38,-6.38952889e+38,-4.81358939e+38,-2.23540641e+46,1.20764264e+47,-7.19088677e+46,3.75023995e+48,2.17016855e+52,2.17088882e+52,-7.57873516e+51,1.79195207e+52,9.39524403e+05,1.30794499e+06,-2.03593901e+05,-2.60585923e+05,-2.18788721e+05,-1.64825777e+05,0.00000000e+00,3.71173852e+09
8.15000000e+03,2.55797042e+01,2.92041062e+33,-7.63454330e+38,-6.40444263e+38,-4.81840733e+38,-2.22786227e+46,1.20729321e+47,-7.20239595e+46,3.75118827e+48,2.17038613e+52,2.17110636e+52,-7.58462437e+51,1.79187514e+52,9.40885564e+05,1.30898112e+06,-2.04346601e+05,-2.61420201e+05,-2.19299389e+05,-1.64990748e+05,0.00000000e+00,3.72034967e+09
8.16000000e+03,2.55838462e+01,2.92041068e+33,-7.65887313e+38,-6.41934321e+38,-4.82341227e+38,-2.22000353e+46,1.20695576e+47,-7.21347080e+46,3.75203710e+48,2.17060429e+52,2.17132447e+52,-7.59049494e+51,1.79179972e+52,9.42252078e+05,1.31002247e+06,-2.05104361e+05,-2.62253291e+05,-2.19809606e+05,-1.65162123e+05,0.00000000e+00,3.72894568e+09
8.17000000e+03,2.55879742e+01,2.92041074e+33,-7.68338137e+38,-6.43415674e+38,-4.82848706e+38,-2.21204943e+46,1.20659570e+47,-7.22452898e+46,3.75280448e+48,2.17082185e+52,2.17154197e+52,-7.59631214e+51,1.79172637e+52,9.43617032e+05,1.31106370e+06,-2.05862877e+05,-2.63092491e+05,-2.20316843e+05,-1.65335889e+05,0.00000000e+00,3.73747147e+09
8.18000000e+03,2.55920781e+01,2.92041081e+33,-7.70788830e+38,-6.44884841e+38,-4.83352164e+38,-2.20405722e+46,1.20622264e+47,-7.23543313e+46,3.75349077e+48,2.17103821e+52,2.17175827e+52,-7.60206070e+51,1.79165524e+52,9.44977624e+05,1.31210271e+06,-2.06620387e+05,-2.63931646e+05,-2.20819906e+05,-1.65508278e+05,0.00000000e+00,3.74591337e+09
8.19000000e+03,2.55961528e+01,2.92041087e+33,-7.73217018e+38,-6.46340376e+38,-4.83855449e+38,-2.19599607e+46,1.20587405e+47,-7.24636521e+46,3.75409690e+48,2.17125311e+52,2.17197310e+52,-7.60773279e+51,1.79158646e+52,9.46332804e+05,1.31313845e+06,-2.07375967e+05,-2.64763094e+05,-2.21318302e+05,-1.65680608e+05,0.00000000e+00,3.75426361e+09
8.20000000e+03,2.56001979e+01,2.92041093e+33,-7.75621678e+38,-6.47794092e+38,-4.84371902e+38,-2.18760925e+46,1.20556764e+47,-7.25731765e+46,3.75462079e+48,2.17146668e+52,2.17218660e+52,-7.61332717e+51,1.79152024e+52,9.47682522e+05,1.31417086e+06,-2.08129466e+05,-2.65586487e+05,-2.21816076e+05,-1.65857447e+05,0.00000000e+00,3.76252118e+09
8.21000000e+03,2.56042107e+01,2.92041099e+33,-7.78008363e+38,-6.49224027e+38,-4.84897367e+38,-2.17908312e+46,1.20528008e+47,-7.26782839e+46,3.75507398e+48,2.17167855e+52,2.17239838e+52,-7.61883950e+51,1.79145641e+52,9.49025807e+05,1.31519923e+06,-2.08880338e+05,-2.66403724e+05,-2.22305706e+05,-1.66037372e+05,0.00000000e+00,3.77067675e+09
8.22000000e+03,2.56081882e+01,2.92041105e+33,-7.80377943e+38,-6.50631351e+38,-4.85423101e+38,-2.17031240e+46,1.20498726e+47,-7.27785210e+46,3.75545409e+48,2.17188856e+52,2.17260831e+52,-7.62426547e+51,1.79139504e+52,9.50361570e+05,1.31622306e+06,-2.09628029e+05,-2.67215104e+05,-2.22787594e+05,-1.66217390e+05,0.00000000e+00,3.77872278e+09
8.23000000e+03,2.56121258e+01,2.92041111e+33,-7.82705763e+38,-6.52078043e+38,-4.85991795e+38,-2.16021220e+46,1.20473736e+47,-7.28797326e+46,3.75575641e+48,2.17209645e+52,2.17281611e+52,-7.62959831e+51,1.79133619e+52,9.51688354e+05,1.31724130e+06,-2.10371496e+05,-2.68012185e+05,-2.23282962e+05,-1.66412117e+05,0.00000000e+00,3.78664850e+09
8.24000000e+03,2.56160187e+01,2.92041116e+33,-7.84982292e+38,-6.53473824e+38,-4.86536950e+38,-2.15102936e+46,1.20440650e+47,-7.29702828e+46,3.75633456e+48,2.17230361e+52,2.17302321e+52,-7.63483168e+51,1.79128163e+52,9.53004729e+05,1.31825289e+06,-2.11109720e+05,-2.68791704e+05,-2.23760898e+05,-1.66598784e+05,0.00000000e+00,3.79444664e+09
8.25000000e+03,2.56198674e+01,2.92041122e+33,-7.87161776e+38,-6.54923161e+38,-4.87104924e+38,-2.14176706e+46,1.20402081e+47,-7.30413983e+46,3.75618414e+48,2.17250685e+52,2.17322631e+52,-7.63996631e+51,1.79122799e+52,9.54310658e+05,1.31925762e+06,-2.11842684e+05,-2.69537992e+05,-2.24257172e+05,-1.66793266e+05,0.00000000e+00,3.80212012e+09
8.26000000e+03,2.56236730e+01,2.92041128e+33,-7.89434208e+38,-6.56273699e+38,-4.87666636e+38,-2.13251526e+46,1.20375652e+47,-7.31307863e+46,3.75628407e+48,2.17270777e+52,2.17342712e+52,-7.64500377e+51,1.79117693e+52,9.55605916e+05,1.32025581e+06,-2.12570283e+05,-2.70316107e+05,-2.24719616e+05,-1.66985602e+05,0.00000000e+00,3.80967009e+09
8.27000000e+03,2.56274345e+01,2.92041133e+33,-7.91664112e+38,-6.57606320e+38,-4.88248278e+38,-2.12321103e+46,1.20352170e+47,-7.32138950e+46,3.75633995e+48,2.17290663e+52,2.17362586e+52,-7.64994286e+51,1.79112872e+52,9.56890162e+05,1.32124712e+06,-2.13291952e+05,-2.71079661e+05,-2.25175924e+05,-1.67184764e+05,0.00000000e+00,3.81709258e+09
8.28000000e+03,2.56311527e+01,2.92041138e+33,-7.93859149e+38,-6.58917471e+38,-4.88847587e+38,-2.11383261e+46,1.20330910e+47,-7.32926427e+46,3.75633890e+48,2.17310329e+52,2.17382241e+52,-7.65478506e+51,1.79108315e+52,9.58163520e+05,1.32223178e+06,-2.14007684e+05,-2.71831275e+05,-2.25624881e+05,-1.67389975e+05,0.00000000e+00,3.82438844e+09
8.29000000e+03,2.56348304e+01,2.92041143e+33,-7.96014444e+38,-6.60199043e+38,-4.89462538e+38,-2.10434566e+46,1.20310564e+47,-7.33695621e+46,3.75628033e+48,2.17329778e+52,2.17401677e+52,-7.65953406e+51,1.79104006e+52,9.59426520e+05,1.32321030e+06,-2.14717911e+05,-2.72569281e+05,-2.26063710e+05,-1.67600542e+05,0.00000000e+00,3.83156090e+09
8.30000000e+03,2.56384695e+01,2.92041149e+33,-7.98138435e+38,-6.61456377e+38,-4.90076849e+38,-2.09480095e+46,1.20291669e+47,-7.34445858e+46,3.75616863e+48,2.17349018e+52,2.17420904e+52,-7.66419276e+51,1.79099940e+52,9.60679562e+05,1.32418307e+06,-2.15423009e+05,-2.73296567e+05,-2.26494239e+05,-1.67810889e+05,0.00000000e+00,3.83861159e+09
8.31000000e+03,2.56420713e+01,2.92041154e+33,-8.00251104e+38,-6.62692427e+38,-4.90679240e+38,-2.08515413e+46,1.20272113e+47,-7.35181334e+46,3.75600666e+48,2.17368062e+52,2.17439935e+52,-7.66876301e+51,1.79096120e+52,9.61922842e+05,1.32515033e+06,-2.16123128e+05,-2.74019978e+05,-2.26917480e+05,-1.68017156e+05,0.00000000e+00,3.84554248e+09
8.32000000e+03,2.56456415e+01,2.92041159e+33,-8.02333356e+38,-6.63916199e+38,-4.91290112e+38,-2.07548310e+46,1.20255797e+47,-7.35917069e+46,3.75579641e+48,2.17386944e+52,2.17458804e+52,-7.67325216e+51,1.79092543e+52,9.63157907e+05,1.32611333e+06,-2.16819345e+05,-2.74732972e+05,-2.27336517e+05,-1.68226326e+05,0.00000000e+00,3.85236361e+09
8.33000000e+03,2.56491896e+01,2.92041164e+33,-8.04406398e+38,-6.65139700e+38,-4.91909973e+38,-2.06572944e+46,1.20239932e+47,-7.36630021e+46,3.75553185e+48,2.17405732e+52,2.17477578e+52,-7.67767220e+51,1.79089217e+52,9.64387532e+05,1.32707426e+06,-2.17513417e+05,-2.75442814e+05,-2.27755462e+05,-1.68438575e+05,0.00000000e+00,3.85909003e+09
8.34000000e+03,2.56527224e+01,2.92041168e+33,-8.06474779e+38,-6.66361209e+38,-4.92542954e+38,-2.05588621e+46,1.20224490e+47,-7.37326089e+46,3.75521117e+48,2.17424431e+52,2.17496263e+52,-7.68203108e+51,1.79086107e+52,9.65613710e+05,1.32803433e+06,-2.18206492e+05,-2.76151059e+05,-2.28173724e+05,-1.68655316e+05,0.00000000e+00,3.86572959e+09
8.35000000e+03,2.56562444e+01,2.92041173e+33,-8.08546001e+38,-6.67573627e+38,-4.93191807e+38,-2.04612097e+46,1.20208779e+47,-7.38005904e+46,3.75483303e+48,2.17443065e+52,2.17514882e+52,-7.68633418e+51,1.79083211e+52,9.66837837e+05,1.32899473e+06,-2.18899347e+05,-2.76860277e+05,-2.28588873e+05,-1.68877491e+05,0.00000000e+00,3.87228709e+09
8.36000000e+03,2.56597619e+01,2.92041178e+33,-8.10601226e+38,-6.68780015e+38,-4.93857167e+38,-2.03637095e+46,1.20195929e+47,-7.38669936e+46,3.75439753e+48,2.17461671e+52,2.17533472e+52,-7.69058826e+51,1.79080531e+52,9.68061701e+05,1.32995709e+06,-2.19593045e+05,-2.77564017e+05,-2.29001958e+05,-1.69105319e+05,0.00000000e+00,3.87877098e+09
8.37000000e+03,2.56632788e+01,2.92041183e+33,-8.12642711e+38,-6.69985306e+38,-4.94528508e+38,-2.02650624e+46,1.20183786e+47,-7.39306215e+46,3.75390692e+48,2.17480286e+52,2.17552072e+52,-7.69479738e+51,1.79078085e+52,9.69286515e+05,1.33092235e+06,-2.20288362e+05,-2.78263053e+05,-2.29414667e+05,-1.69335196e+05,0.00000000e+00,3.88518610e+09
8.38000000e+03,2.56668005e+01,2.92041188e+33,-8.14696236e+38,-6.71186771e+38,-4.95190504e+38,-2.01663152e+46,1.20168786e+47,-7.39930627e+46,3.75336075e+48,2.17498928e+52,2.17570698e+52,-7.69896700e+51,1.79075863e+52,9.70514021e+05,1.33189193e+06,-2.20986232e+05,-2.78966211e+05,-2.29826065e+05,-1.69561872e+05,0.00000000e+00,3.89154115e+09
8.39000000e+03,2.56703351e+01,2.92041193e+33,-8.16751205e+38,-6.72397181e+38,-4.95862135e+38,-2.00669398e+46,1.20154948e+47,-7.40553463e+46,3.75275814e+48,2.17517634e+52,2.17589387e+52,-7.70310523e+51,1.79073861e+52,9.71746578e+05,1.33286781e+06,-2.21688091e+05,-2.79669864e+05,-2.30240527e+05,-1.69791847e+05,0.00000000e+00,3.89784836e+09
8.40000000e+03,2.56738928e+01,2.92041198e+33,-8.18818278e+38,-6.73613150e+38,-4.96544227e+38,-1.99660964e+46,1.20142484e+47,-7.41160296e+46,3.75209362e+48,2.17536449e+52,2.17608185e+52,-7.70722263e+51,1.79072071e+52,9.72987271e+05,1.33385256e+06,-2.22395911e+05,-2.80377661e+05,-2.30656892e+05,-1.70025404e+05,0.00000000e+00,3.90412347e+09
8.41000000e+03,2.56774803e+01,2.92041203e+33,-8.20905986e+38,-6.74829669e+38,-4.97238686e+38,-1.98637316e+46,1.20130475e+47,-7.41747013e+46,3.75136961e+48,2.17555405e+52,2.17627123e+52,-7.71132472e+51,1.79070499e+52,9.74237721e+05,1.33484777e+06,-2.23110918e+05,-2.81092524e+05,-2.31073445e+05,-1.70263196e+05,0.00000000e+00,3.91037271e+09
8.42000000e+03,2.56811014e+01,2.92041208e+33,-8.22965527e+38,-6.76046031e+38,-4.97999435e+38,-1.97567403e+46,1.20130003e+47,-7.42291432e+46,3.75060140e+48,2.17574526e+52,2.17646226e+52,-7.71541361e+51,1.79069158e+52,9.75499050e+05,1.33585435e+06,-2.23833966e+05,-2.81797741e+05,-2.31489945e+05,-1.70523687e+05,0.00000000e+00,3.91659883e+09
8.43000000e+03,2.56847547e+01,2.92041213e+33,-8.25094655e+38,-6.77264070e+38,-4.98708438e+38,-1.96520396e+46,1.20118539e+47,-7.42851586e+46,3.74975839e+48,2.17593816e+52,2.17665497e+52,-7.71948529e+51,1.79068071e+52,9.76770786e+05,1.33687183e+06,-2.24564948e+05,-2.82526787e+05,-2.31907019e+05,-1.70766459e+05,0.00000000e+00,3.92279677e+09
8.44000000e+03,2.56884400e+01,2.92041218e+33,-8.27250647e+38,-6.78490387e+38,-4.99429661e+38,-1.95458158e+46,1.20107501e+47,-7.43402511e+46,3.74887236e+48,2.17613257e+52,2.17684919e+52,-7.72353694e+51,1.79067234e+52,9.78052788e+05,1.33790015e+06,-2.25303936e+05,-2.83265031e+05,-2.32326927e+05,-1.71013415e+05,0.00000000e+00,3.92896521e+09
8.45000000e+03,2.56921709e+01,2.92041223e+33,-8.29473756e+38,-6.79735167e+38,-5.00159775e+38,-1.94368234e+46,1.20093595e+47,-7.43932193e+46,3.74792461e+48,2.17632920e+52,2.17704562e+52,-7.72758097e+51,1.79066657e+52,9.79349133e+05,1.33894279e+06,-2.26053561e+05,-2.84026257e+05,-2.32753157e+05,-1.71263416e+05,0.00000000e+00,3.93512828e+09
8.46000000e+03,2.56959500e+01,2.92041229e+33,-8.31718665e+38,-6.80987985e+38,-5.00903481e+38,-1.93275779e+46,1.20081633e+47,-7.44443288e+46,3.74692464e+48,2.17652816e+52,2.17724438e+52,-7.73161675e+51,1.79066354e+52,9.80660225e+05,1.34000020e+06,-2.26814169e+05,-2.84794948e+05,-2.33182139e+05,-1.71518070e+05,0.00000000e+00,3.94128075e+09
8.47000000e+03,2.56997806e+01,2.92041234e+33,-8.33997125e+38,-6.82265074e+38,-5.01677918e+38,-1.92167386e+46,1.20071198e+47,-7.44951792e+46,3.74587743e+48,2.17672958e+52,2.17744559e+52,-7.73564428e+51,1.79066338e+52,9.81986935e+05,1.34107311e+06,-2.27586575e+05,-2.85575127e+05,-2.33619432e+05,-1.71783248e+05,0.00000000e+00,3.94742361e+09
8.48000000e+03,2.57036672e+01,2.92041240e+33,-8.36304189e+38,-6.83553217e+38,-5.02473828e+38,-1.91046020e+46,1.20063041e+47,-7.45445148e+46,3.74478134e+48,2.17693370e+52,2.17764950e+52,-7.73966463e+51,1.79066627e+52,9.83330729e+05,1.34216268e+06,-2.28371811e+05,-2.86365100e+05,-2.34060510e+05,-1.72055778e+05,0.00000000e+00,3.95355916e+09
8.49000000e+03,2.57076178e+01,2.92041246e+33,-8.38629797e+38,-6.84851053e+38,-5.03301789e+38,-1.89891997e+46,1.20057543e+47,-7.45911875e+46,3.74363200e+48,2.17714103e+52,2.17785660e+52,-7.74368155e+51,1.79067252e+52,9.84693859e+05,1.34327075e+06,-2.29171497e+05,-2.87161423e+05,-2.34504907e+05,-1.72339283e+05,0.00000000e+00,3.95969324e+09
8.50000000e+03,2.57116445e+01,2.92041252e+33,-8.40985353e+38,-6.86163738e+38,-5.04164352e+38,-1.88697381e+46,1.20055119e+47,-7.46349831e+46,3.74242053e+48,2.17735205e+52,2.17806740e+52,-7.74770268e+51,1.79068226e+52,9.86079775e+05,1.34440032e+06,-2.29988041e+05,-2.87968000e+05,-2.34954389e+05,-1.72634636e+05,0.00000000e+00,3.96583628e+09
8.51000000e+03,2.57157588e+01,2.92041258e+33,-8.43383522e+38,-6.87492937e+38,-5.05059202e+38,-1.87468936e+46,1.20057256e+47,-7.46761894e+46,3.74114212e+48,2.17756740e+52,2.17828252e+52,-7.75173352e+51,1.79069584e+52,9.87491726e+05,1.34555408e+06,-2.30823651e+05,-2.88789169e+05,-2.35409524e+05,-1.72941044e+05,0.00000000e+00,3.97199337e+09
8.52000000e+03,2.57199128e+01,2.92041265e+33,-8.45887235e+38,-6.88821052e+38,-5.05952990e+38,-1.86208837e+46,1.20053405e+47,-7.47119214e+46,3.73986309e+48,2.17778444e+52,2.17849933e+52,-7.75572186e+51,1.79071324e+52,9.88914720e+05,1.34671981e+06,-2.31668491e+05,-2.89646477e+05,-2.35864289e+05,-1.73247089e+05,0.00000000e+00,3.97807123e+09
8.53000000e+03,2.57240775e+01,2.92041271e+33,-8.48298699e+38,-6.90192435e+38,-5.06904258e+38,-1.84877674e+46,1.20064058e+47,-7.47509771e+46,3.73858964e+48,2.17800169e+52,2.17871635e+52,-7.75963729e+51,1.79073449e+52,9.90340407e+05,1.34789097e+06,-2.32516950e+05,-2.90472198e+05,-2.36333869e+05,-1.73572816e+05,0.00000000e+00,3.98405470e+09
8.54000000e+03,2.57282518e+01,2.92041278e+33,-8.50758107e+38,-6.91528726e+38,-5.07823191e+38,-1.83579656e+46,1.20067480e+47,-7.47854054e+46,3.73732835e+48,2.17821911e+52,2.17893354e+52,-7.76347681e+51,1.79075970e+52,9.91768229e+05,1.34906740e+06,-2.33368900e+05,-2.91314336e+05,-2.36791433e+05,-1.73887471e+05,0.00000000e+00,3.98995241e+09
8.55000000e+03,2.57324274e+01,2.92041284e+33,-8.53195637e+38,-6.92863155e+38,-5.08755835e+38,-1.82265454e+46,1.20074268e+47,-7.48175164e+46,3.73608090e+48,2.17843616e+52,2.17915037e+52,-7.76723123e+51,1.79078881e+52,9.93195658e+05,1.35024703e+06,-2.34222600e+05,-2.92148982e+05,-2.37248359e+05,-1.74206820e+05,0.00000000e+00,3.99574698e+09
8.56000000e+03,2.57366007e+01,2.92041290e+33,-8.55613378e+38,-6.94201676e+38,-5.09697988e+38,-1.80926878e+46,1.20083887e+47,-7.48481065e+46,3.73484365e+48,2.17865273e+52,2.17936671e+52,-7.77089622e+51,1.79082190e+52,9.94621733e+05,1.35142913e+06,-2.35077384e+05,-2.92976851e+05,-2.37706687e+05,-1.74529426e+05,0.00000000e+00,4.00143152e+09
8.57000000e+03,2.57407713e+01,2.92041297e+33,-8.58012299e+38,-6.95554877e+38,-5.10662330e+38,-1.79551857e+46,1.20096976e+47,-7.48790785e+46,3.73361241e+48,2.17886912e+52,2.17958288e+52,-7.77447034e+51,1.79085936e+52,9.96046377e+05,1.35261346e+06,-2.35933209e+05,-2.93798277e+05,-2.38170041e+05,-1.74859630e+05,0.00000000e+00,4.00700157e+09
8.58000000e+03,2.57449393e+01,2.92041303e+33,-8.60281702e+38,-6.96918144e+38,-5.11770677e+38,-1.78052176e+46,1.20136547e+47,-7.49018684e+46,3.73239450e+48,2.17909104e+52,2.17980459e+52,-7.77795280e+51,1.79090695e+52,9.97469861e+05,1.35379956e+06,-2.36790090e+05,-2.94575354e+05,-2.38636842e+05,-1.75239143e+05,0.00000000e+00,4.01245254e+09
8.59000000e+03,2.57491075e+01,2.92041310e+33,-8.62676184e+38,-6.98271697e+38,-5.12704619e+38,-1.76672098e+46,1.20146822e+47,-7.49310975e+46,3.73114960e+48,2.17930695e+52,2.18002026e+52,-7.78134481e+51,1.79095302e+52,9.98892855e+05,1.35498796e+06,-2.37648499e+05,-2.95395259e+05,-2.39100317e+05,-1.75558937e+05,0.00000000e+00,4.01778374e+09
8.60000000e+03,2.57532825e+01,2.92041316e+33,-8.65170021e+38,-6.98802507e+38,-5.13615288e+38,-1.75811571e+46,1.20162451e+47,-7.49345436e+46,3.73027687e+48,2.17952835e+52,2.18024149e+52,-7.78464984e+51,1.79100900e+52,1.00032423e+06,1.35618684e+06,-2.38509636e+05,-2.96249186e+05,-2.39282070e+05,-1.75870762e+05,0.00000000e+00,4.02293339e+09
8.61000000e+03,2.57574706e+01,2.92041322e+33,-8.67531067e+38,-7.00184897e+38,-5.14669498e+38,-1.74317860e+46,1.20183607e+47,-7.49593571e+46,3.72884663e+48,2.17974500e+52,2.18045788e+52,-7.78787289e+51,1.79106424e+52,1.00175457e+06,1.35738782e+06,-2.39374069e+05,-2.97057643e+05,-2.39755419e+05,-1.76231738e+05,0.00000000e+00,4.02815904e+09
8.62000000e+03,2.57616786e+01,2.92041329e+33,-8.69892451e+38,-7.01511294e+38,-5.15732434e+38,-1.72864453e+46,1.20205544e+47,-7.49796435e+46,3.72749791e+48,2.17996220e+52,2.18067484e+52,-7.79101566e+51,1.79112406e+52,1.00318820e+06,1.35859439e+06,-2.40243605e+05,-2.97866215e+05,-2.40209595e+05,-1.76595702e+05,0.00000000e+00,4.03315035e+09
8.63000000e+03,2.57659074e+01,2.92041335e+33,-8.72258818e+38,-7.02893138e+38,-5.16818201e+38,-1.71420801e+46,1.20229632e+47,-7.49997756e+46,3.72619673e+48,2.18018029e+52,2.18089271e+52,-7.79407649e+51,1.79118888e+52,1.00462680e+06,1.35980836e+06,-2.41118434e+05,-2.98676493e+05,-2.40682757e+05,-1.76967483e+05,0.00000000e+00,4.03798969e+09
8.64000000e+03,2.57701590e+01,2.92041342e+33,-8.74700347e+38,-7.04239245e+38,-5.17893709e+38,-1.69945764e+46,1.20245834e+47,-7.50140082e+46,3.72490228e+48,2.18039916e+52,2.18111136e+52,-7.79705402e+51,1.79125865e+52,1.00607133e+06,1.36103063e+06,-2.41998766e+05,-2.99512508e+05,-2.41143682e+05,-1.77335752e+05,0.00000000e+00,4.04270182e+09
8.65000000e+03,2.57744353e+01,2.92041349e+33,-8.77076725e+38,-7.05580233e+38,-5.19027070e+38,-1.68438477e+46,1.20271082e+47,-7.50244438e+46,3.72361676e+48,2.18061875e+52,2.18133072e+52,-7.79994684e+51,1.79133337e+52,1.00752236e+06,1.36226142e+06,-2.42885068e+05,-3.00326214e+05,-2.41602854e+05,-1.77723830e+05,0.00000000e+00,4.04728810e+09
8.66000000e+03,2.57787373e+01,2.92041355e+33,-8.79482278e+38,-7.06927446e+38,-5.20170716e+38,-1.66920303e+46,1.20297875e+47,-7.50328361e+46,3.72234227e+48,2.18083907e+52,2.18155081e+52,-7.80275264e+51,1.79141318e+52,1.00897968e+06,1.36350084e+06,-2.43777689e+05,-3.01149910e+05,-2.42064157e+05,-1.78115430e+05,0.00000000e+00,4.05174143e+09
8.67000000e+03,2.57830644e+01,2.92041362e+33,-8.81904424e+38,-7.08294791e+38,-5.21335107e+38,-1.65376958e+46,1.20327300e+47,-7.50361940e+46,3.72107955e+48,2.18106006e+52,2.18177157e+52,-7.80546822e+51,1.79149816e+52,1.01044284e+06,1.36474866e+06,-2.44676417e+05,-3.01979287e+05,-2.42532354e+05,-1.78514133e+05,0.00000000e+00,4.05605215e+09
8.68000000e+03,2.57874160e+01,2.92041369e+33,-8.84343760e+38,-7.09697351e+38,-5.22517039e+38,-1.63808470e+46,1.20357430e+47,-7.50350216e+46,3.71983174e+48,2.18128174e+52,2.18199303e+52,-7.80809028e+51,1.79158852e+52,1.01191148e+06,1.36600450e+06,-2.45581159e+05,-3.02814551e+05,-2.43012609e+05,-1.78918843e+05,0.00000000e+00,4.06021227e+09
8.69000000e+03,2.57917913e+01,2.92041376e+33,-8.86789755e+38,-7.11112475e+38,-5.23718830e+38,-1.62243279e+46,1.20389539e+47,-7.50303752e+46,3.71860254e+48,2.18150416e+52,2.18221523e+52,-7.81061559e+51,1.79168445e+52,1.01338506e+06,1.36726760e+06,-2.46491927e+05,-3.03652094e+05,-2.43497166e+05,-1.79330353e+05,0.00000000e+00,4.06421520e+09
8.70000000e+03,2.57961893e+01,2.92041383e+33,-8.89235142e+38,-7.12532663e+38,-5.24944226e+38,-1.60679450e+46,1.20424017e+47,-7.50211344e+46,3.71739290e+48,2.18172706e+52,2.18243791e+52,-7.81304104e+51,1.79178586e+52,1.01486309e+06,1.36853750e+06,-2.47408609e+05,-3.04489430e+05,-2.43983457e+05,-1.79749945e+05,0.00000000e+00,4.06805528e+09
8.71000000e+03,2.58006086e+01,2.92041390e+33,-8.91682839e+38,-7.13967055e+38,-5.26189665e+38,-1.59108936e+46,1.20457302e+47,-7.50093357e+46,3.71620591e+48,2.18195044e+52,2.18266107e+52,-7.81536325e+51,1.79189291e+52,1.01634486e+06,1.36981348e+06,-2.48331061e+05,-3.05327556e+05,-2.44474612e+05,-1.80176400e+05,0.00000000e+00,4.07172658e+09
8.72000000e+03,2.58050448e+01,2.92041397e+33,-8.94134840e+38,-7.15399851e+38,-5.27462164e+38,-1.57532334e+46,1.20493728e+47,-7.49973204e+46,3.71505160e+48,2.18217386e+52,2.18288428e+52,-7.81757782e+51,1.79200539e+52,1.01782921e+06,1.37109420e+06,-2.49258582e+05,-3.06167156e+05,-2.44965220e+05,-1.80612122e+05,0.00000000e+00,4.07522201e+09
8.73000000e+03,2.58094872e+01,2.92041404e+33,-8.96572763e+38,-7.16806853e+38,-5.28752992e+38,-1.55974944e+46,1.20532431e+47,-7.49821907e+46,3.71410101e+48,2.18239684e+52,2.18310706e+52,-7.81967730e+51,1.79212320e+52,1.01932285e+06,1.37238559e+06,-2.50189434e+05,-3.07001935e+05,-2.45446996e+05,-1.81054119e+05,0.00000000e+00,4.07856787e+09
8.74000000e+03,2.58139271e+01,2.92041411e+33,-8.99008826e+38,-7.18241242e+38,-5.30068765e+38,-1.54399925e+46,1.20572047e+47,-7.49655680e+46,3.71296422e+48,2.18261894e+52,2.18332895e+52,-7.82165842e+51,1.79224603e+52,1.02080434e+06,1.37366871e+06,-2.51121396e+05,-3.07836078e+05,-2.45938149e+05,-1.81504658e+05,0.00000000e+00,4.08174730e+09
8.75000000e+03,2.58183556e+01,2.92041418e+33,-9.01429868e+38,-7.19675069e+38,-5.31393551e+38,-1.52849059e+46,1.20612081e+47,-7.49457995e+46,3.71190947e+48,2.18283982e+52,2.18354963e+52,-7.82351627e+51,1.79237381e+52,1.02227869e+06,1.37494826e+06,-2.52053012e+05,-3.08665077e+05,-2.46429110e+05,-1.81958283e+05,0.00000000e+00,4.08467336e+09
8.76000000e+03,2.58227692e+01,2.92041426e+33,-9.03831082e+38,-7.21096809e+38,-5.32727430e+38,-1.51313445e+46,1.20653255e+47,-7.49234529e+46,3.71091388e+48,2.18305921e+52,2.18376881e+52,-7.82525002e+51,1.79250631e+52,1.02374564e+06,1.37622419e+06,-2.52983656e+05,-3.09487286e+05,-2.46915932e+05,-1.82415022e+05,0.00000000e+00,4.08741226e+09
8.77000000e+03,2.58271640e+01,2.92041433e+33,-9.06229639e+38,-7.22505732e+38,-5.34072353e+38,-1.49772553e+46,1.20694967e+47,-7.48980339e+46,3.70997219e+48,2.18327691e+52,2.18398633e+52,-7.82685916e+51,1.79264337e+52,1.02520400e+06,1.37749557e+06,-2.53912783e+05,-3.10308586e+05,-2.47398366e+05,-1.82875542e+05,0.00000000e+00,4.08997878e+09
8.78000000e+03,2.58315360e+01,2.92041439e+33,-9.08473641e+38,-7.23912204e+38,-5.35432696e+38,-1.48217193e+46,1.20741060e+47,-7.48588420e+46,3.70933716e+48,2.18349267e+52,2.18420192e+52,-7.82834271e+51,1.79278478e+52,1.02665951e+06,1.37876764e+06,-2.54840235e+05,-3.11076963e+05,-2.47879960e+05,-1.83341343e+05,0.00000000e+00,4.09227468e+09
8.79000000e+03,2.58358819e+01,2.92041446e+33,-9.10843457e+38,-7.25277220e+38,-5.36810826e+38,-1.46683104e+46,1.20787228e+47,-7.48313529e+46,3.70837330e+48,2.18370639e+52,2.18441544e+52,-7.82970377e+51,1.79293025e+52,1.02809986e+06,1.38002995e+06,-2.55764895e+05,-3.11888422e+05,-2.48347359e+05,-1.83813234e+05,0.00000000e+00,4.09465926e+09
8.80000000e+03,2.58402026e+01,2.92041453e+33,-9.13214451e+38,-7.26616234e+38,-5.38210123e+38,-1.45197274e+46,1.20835980e+47,-7.48013121e+46,3.70752346e+48,2.18391805e+52,2.18462692e+52,-7.83094275e+51,1.79307978e+52,1.02952642e+06,1.38128375e+06,-2.56687308e+05,-3.12700283e+05,-2.48805855e+05,-1.84292373e+05,0.00000000e+00,4.09671675e+09
8.81000000e+03,2.58444966e+01,2.92041460e+33,-9.15565715e+38,-7.27960051e+38,-5.39614319e+38,-1.43687619e+46,1.20887244e+47,-7.47695189e+46,3.70674549e+48,2.18412786e+52,2.18483654e+52,-7.83206124e+51,1.79323348e+52,1.03094053e+06,1.38253090e+06,-2.57606799e+05,-3.13505389e+05,-2.49265995e+05,-1.84773189e+05,0.00000000e+00,4.09856427e+09
8.82000000e+03,2.58487624e+01,2.92041466e+33,-9.17912439e+38,-7.29296615e+38,-5.41033167e+38,-1.42187390e+46,1.20937410e+47,-7.47367237e+46,3.70602106e+48,2.18433612e+52,2.18504463e+52,-7.83306091e+51,1.79339158e+52,1.03234211e+06,1.38377122e+06,-2.58522988e+05,-3.14308941e+05,-2.49723652e+05,-1.85259023e+05,0.00000000e+00,4.10023791e+09
8.83000000e+03,2.58529975e+01,2.92041473e+33,-9.20246558e+38,-7.30616814e+38,-5.42454678e+38,-1.40706037e+46,1.20988427e+47,-7.47018993e+46,3.70534769e+48,2.18454211e+52,2.18525045e+52,-7.83394340e+51,1.79355328e+52,1.03373047e+06,1.38500409e+06,-2.59435638e+05,-3.15108176e+05,-2.50175705e+05,-1.85745768e+05,0.00000000e+00,4.10174529e+09
8.84000000e+03,2.58572009e+01,2.92041479e+33,-9.22543018e+38,-7.31914590e+38,-5.43891738e+38,-1.39239282e+46,1.21044586e+47,-7.46643575e+46,3.70472070e+48,2.18474603e+52,2.18545421e+52,-7.83471091e+51,1.79371866e+52,1.03510524e+06,1.38622955e+06,-2.60344410e+05,-3.15894516e+05,-2.50620080e+05,-1.86237838e+05,0.00000000e+00,4.10308601e+09
8.85000000e+03,2.58613711e+01,2.92041486e+33,-9.24914817e+38,-7.33220799e+38,-5.45330505e+38,-1.37778748e+46,1.21093003e+47,-7.46280491e+46,3.70411928e+48,2.18494756e+52,2.18565557e+52,-7.83536565e+51,1.79388729e+52,1.03646601e+06,1.38744744e+06,-2.61248889e+05,-3.16706654e+05,-2.51067343e+05,-1.86730493e+05,0.00000000e+00,4.10425498e+09
8.86000000e+03,2.58655065e+01,2.92041492e+33,-9.27159798e+38,-7.34496569e+38,-5.46788586e+38,-1.36338774e+46,1.21150020e+47,-7.45899861e+46,3.70354932e+48,2.18514654e+52,2.18585440e+52,-7.83591003e+51,1.79405890e+52,1.03781232e+06,1.38865731e+06,-2.62148827e+05,-3.17475367e+05,-2.51504183e+05,-1.87229760e+05,0.00000000e+00,4.10524972e+09
8.87000000e+03,2.58696050e+01,2.92041498e+33,-9.29390048e+38,-7.35787057e+38,-5.48252653e+38,-1.34891017e+46,1.21208550e+47,-7.45526429e+46,3.70301576e+48,2.18534310e+52,2.18605080e+52,-7.83634657e+51,1.79423347e+52,1.03914370e+06,1.38985841e+06,-2.63043764e+05,-3.18239036e+05,-2.51946063e+05,-1.87731078e+05,0.00000000e+00,4.10607452e+09
8.88000000e+03,2.58736636e+01,2.92041505e+33,-9.31595481e+38,-7.37071795e+38,-5.49717827e+38,-1.33455301e+46,1.21269059e+47,-7.45143861e+46,3.70251718e+48,2.18553712e+52,2.18624467e+52,-7.83667795e+51,1.79441077e+52,1.04045923e+06,1.39104980e+06,-2.63932961e+05,-3.18994207e+05,-2.52385974e+05,-1.88232775e+05,0.00000000e+00,4.10673355e+09
8.89000000e+03,2.58776821e+01,2.92041511e+33,-9.33781805e+38,-7.38347651e+38,-5.51183741e+38,-1.32020118e+46,1.21329457e+47,-7.44749520e+46,3.70205003e+48,2.18572847e+52,2.18643588e+52,-7.83690729e+51,1.79459051e+52,1.04175889e+06,1.39223101e+06,-2.64816319e+05,-3.19742835e+05,-2.52822844e+05,-1.88734725e+05,0.00000000e+00,4.10723404e+09
8.90000000e+03,2.58816621e+01,2.92041517e+33,-9.35943487e+38,-7.39614016e+38,-5.52657520e+38,-1.30576090e+46,1.21389351e+47,-7.44342332e+46,3.70161028e+48,2.18591727e+52,2.18662453e+52,-7.83703777e+51,1.79477264e+52,1.04304312e+06,1.39340224e+06,-2.65694226e+05,-3.20483025e+05,-2.53256463e+05,-1.89239368e+05,0.00000000e+00,4.10758018e+09
8.91000000e+03,2.58856020e+01,2.92041522e+33,-9.38078119e+38,-7.40866324e+38,-5.54128781e+38,-1.29134977e+46,1.21448076e+47,-7.43929637e+46,3.70119348e+48,2.18610388e+52,2.18681099e+52,-7.83707240e+51,1.79495737e+52,1.04431145e+06,1.39456296e+06,-2.66566419e+05,-3.21213953e+05,-2.53685270e+05,-1.89743149e+05,0.00000000e+00,4.10777501e+09
8.92000000e+03,2.58895019e+01,2.92041528e+33,-9.40194524e+38,-7.42101064e+38,-5.55598823e+38,-1.27698779e+46,1.21505802e+47,-7.43492629e+46,3.70079611e+48,2.18628810e+52,2.18699507e+52,-7.83701431e+51,1.79514435e+52,1.04556406e+06,1.39571291e+06,-2.67432970e+05,-3.21938640e+05,-2.54108061e+05,-1.90246513e+05,0.00000000e+00,4.10782155e+09
8.93000000e+03,2.58933623e+01,2.92041534e+33,-9.42283504e+38,-7.43253548e+38,-5.57051763e+38,-1.26325490e+46,1.21561638e+47,-7.42986936e+46,3.70041173e+48,2.18646974e+52,2.18717658e+52,-7.83686656e+51,1.79533325e+52,1.04680117e+06,1.39685152e+06,-2.68293860e+05,-3.22653936e+05,-2.54502686e+05,-1.90744021e+05,0.00000000e+00,4.10772380e+09
8.94000000e+03,2.58971834e+01,2.92041539e+33,-9.44361308e+38,-7.44468245e+38,-5.58537075e+38,-1.24908453e+46,1.21617989e+47,-7.42497048e+46,3.70016398e+48,2.18664908e+52,2.18735578e+52,-7.83663166e+51,1.79552420e+52,1.04802985e+06,1.39798471e+06,-2.69149157e+05,-3.23365406e+05,-2.54918615e+05,-1.91252613e+05,0.00000000e+00,4.10749342e+09
8.95000000e+03,2.59009668e+01,2.92041545e+33,-9.46403211e+38,-7.45687724e+38,-5.60006872e+38,-1.23504931e+46,1.21675139e+47,-7.42018524e+46,3.69974425e+48,2.18682609e+52,2.18753264e+52,-7.83631389e+51,1.79571695e+52,1.04923779e+06,1.39910132e+06,-2.69998462e+05,-3.24064582e+05,-2.55336180e+05,-1.91755893e+05,0.00000000e+00,4.10718212e+09
8.96000000e+03,2.59047135e+01,2.92041550e+33,-9.48425297e+38,-7.46902037e+38,-5.61491516e+38,-1.22123544e+46,1.21731777e+47,-7.41528962e+46,3.69936078e+48,2.18700069e+52,2.18770711e+52,-7.83591505e+51,1.79591136e+52,1.05043009e+06,1.40020577e+06,-2.70842319e+05,-3.24756973e+05,-2.55751977e+05,-1.92264257e+05,0.00000000e+00,4.10668363e+09
8.97000000e+03,2.59084261e+01,2.92041555e+33,-9.50416327e+38,-7.48118690e+38,-5.62963942e+38,-1.20744895e+46,1.21789908e+47,-7.41029844e+46,3.69899469e+48,2.18717297e+52,2.18787924e+52,-7.83543759e+51,1.79610736e+52,1.05160822e+06,1.40129922e+06,-2.71681423e+05,-3.25438730e+05,-2.56168575e+05,-1.92768437e+05,0.00000000e+00,4.10604697e+09
8.98000000e+03,2.59121078e+01,2.92041560e+33,-9.52394368e+38,-7.49329071e+38,-5.64434195e+38,-1.19383190e+46,1.21848106e+47,-7.40530191e+46,3.69863073e+48,2.18734311e+52,2.18804925e+52,-7.83488357e+51,1.79630507e+52,1.05277321e+06,1.40238281e+06,-2.72516468e+05,-3.26116039e+05,-2.56583025e+05,-1.93271873e+05,0.00000000e+00,4.10529102e+09
8.99000000e+03,2.59157622e+01,2.92041566e+33,-9.54363037e+38,-7.50534334e+38,-5.65906014e+38,-1.18036672e+46,1.21906728e+47,-7.40026946e+46,3.69826142e+48,2.18751129e+52,2.18821729e+52,-7.83425468e+51,1.79650455e+52,1.05392605e+06,1.40345741e+06,-2.73348331e+05,-3.26790139e+05,-2.56995723e+05,-1.93775846e+05,0.00000000e+00,4.10442314e+09
9.00000000e+03,2.59193932e+01,2.92041571e+33,-9.56328116e+38,-7.51731667e+38,-5.67391591e+38,-1.16705091e+46,1.21966798e+47,-7.39527054e+46,3.69788351e+48,2.18767771e+52,2.18838356e+52,-7.83355217e+51,1.79670595e+52,1.05506779e+06,1.40452404e+06,-2.74177968e+05,-3.27463009e+05,-2.57405706e+05,-1.94284529e+05,0.00000000e+00,4.10344662e+09
9.01000000e+03,2.59230039e+01,2.92041576e+33,-9.58292216e+38,-7.52934083e+38,-5.68881947e+38,-1.15379495e+46,1.22026311e+47,-7.39020534e+46,3.69761543e+48,2.18784248e+52,2.18854820e+52,-7.83277663e+51,1.79690936e+52,1.05620540e+06,1.40558896e+06,-2.75006347e+05,-3.28135545e+05,-2.57817429e+05,-1.94794849e+05,0.00000000e+00,4.10236529e+09
9.02000000e+03,2.59265987e+01,2.92041581e+33,-9.60229398e+38,-7.54142145e+38,-5.70379728e+38,-1.14048826e+46,1.22086843e+47,-7.38503200e+46,3.69716782e+48,2.18800609e+52,2.18871167e+52,-7.83192994e+51,1.79711517e+52,1.05732885e+06,1.40664304e+06,-2.75834174e+05,-3.28798863e+05,-2.58231086e+05,-1.95307711e+05,0.00000000e+00,4.10122914e+09
9.03000000e+03,2.59301815e+01,2.92041586e+33,-9.62201882e+38,-7.55339643e+38,-5.71900101e+38,-1.12726085e+46,1.22144924e+47,-7.37946967e+46,3.69671014e+48,2.18816824e+52,2.18887366e+52,-7.83101140e+51,1.79732309e+52,1.05844345e+06,1.40769098e+06,-2.76662187e+05,-3.29474270e+05,-2.58641125e+05,-1.95828310e+05,0.00000000e+00,4.09993583e+09
9.04000000e+03,2.59337567e+01,2.92041591e+33,-9.64144490e+38,-7.56538108e+38,-5.73420135e+38,-1.11404395e+46,1.22204032e+47,-7.37398216e+46,3.69625085e+48,2.18832931e+52,2.18903457e+52,-7.83002085e+51,1.79753353e+52,1.05955075e+06,1.40873430e+06,-2.77490772e+05,-3.30139446e+05,-2.59051495e+05,-1.96348792e+05,0.00000000e+00,4.09852313e+09
9.05000000e+03,2.59373283e+01,2.92041596e+33,-9.66077452e+38,-7.57739962e+38,-5.74948795e+38,-1.10090021e+46,1.22263817e+47,-7.36838027e+46,3.69577733e+48,2.18848983e+52,2.18919494e+52,-7.82895782e+51,1.79774705e+52,1.06065186e+06,1.40977408e+06,-2.78320839e+05,-3.30801320e+05,-2.59463026e+05,-1.96872228e+05,0.00000000e+00,4.09700346e+09
9.06000000e+03,2.59409000e+01,2.92041601e+33,-9.68008186e+38,-7.58953777e+38,-5.76490637e+38,-1.08776026e+46,1.22323766e+47,-7.36276487e+46,3.69528877e+48,2.18864969e+52,2.18935464e+52,-7.82782154e+51,1.79796356e+52,1.06174769e+06,1.41081098e+06,-2.79153303e+05,-3.31462430e+05,-2.59878653e+05,-1.97400177e+05,0.00000000e+00,4.09537814e+09
9.07000000e+03,2.59444759e+01,2.92041606e+33,-9.69933933e+38,-7.60184968e+38,-5.78042503e+38,-1.07451503e+46,1.22382655e+47,-7.35714329e+46,3.69478233e+48,2.18880907e+52,2.18951386e+52,-7.82661094e+51,1.79818331e+52,1.06283913e+06,1.41184582e+06,-2.79989039e+05,-3.32121833e+05,-2.60300229e+05,-1.97931559e+05,0.00000000e+00,4.09364337e+09
9.08000000e+03,2.59480594e+01,2.92041611e+33,-9.71846387e+38,-7.61436023e+38,-5.79608860e+38,-1.06112425e+46,1.22440842e+47,-7.35152999e+46,3.69425938e+48,2.18896809e+52,2.18967271e+52,-7.82532477e+51,1.79840647e+52,1.06392703e+06,1.41287939e+06,-2.80828808e+05,-3.32776684e+05,-2.60728607e+05,-1.98467903e+05,0.00000000e+00,4.09179357e+09
9.09000000e+03,2.59516538e+01,2.92041616e+33,-9.73781551e+38,-7.62825222e+38,-5.81218157e+38,-1.04904424e+46,1.22498646e+47,-7.34523433e+46,3.69372768e+48,2.18912720e+52,2.18983166e+52,-7.82396157e+51,1.79863358e+52,1.06501210e+06,1.41391242e+06,-2.81673527e+05,-3.33439311e+05,-2.61204288e+05,-1.99018950e+05,0.00000000e+00,4.08982306e+09
9.10000000e+03,2.59552630e+01,2.92041621e+33,-9.75696347e+38,-7.64071789e+38,-5.82807991e+38,-1.03565343e+46,1.22556815e+47,-7.33955967e+46,3.69316062e+48,2.18928599e+52,2.18999027e+52,-7.82251938e+51,1.79886430e+52,1.06609525e+06,1.41494601e+06,-2.82523943e+05,-3.34094964e+05,-2.61631129e+05,-1.99563333e+05,0.00000000e+00,4.08772604e+09
9.11000000e+03,2.59588915e+01,2.92041626e+33,-9.77607242e+38,-7.65331103e+38,-5.84406619e+38,-1.02219178e+46,1.22616213e+47,-7.33382430e+46,3.69257897e+48,2.18944495e+52,2.19014906e+52,-7.82099576e+51,1.79909927e+52,1.06717755e+06,1.41598102e+06,-2.83380979e+05,-3.34749281e+05,-2.62062335e+05,-2.00110727e+05,0.00000000e+00,4.08549627e+09
9.12000000e+03,2.59625410e+01,2.92041631e+33,-9.79558141e+38,-7.66606350e+38,-5.86012486e+38,-1.00850282e+46,1.22672014e+47,-7.32796779e+46,3.69216271e+48,2.18960428e+52,2.19030823e+52,-7.81938829e+51,1.79933882e+52,1.06826629e+06,1.41702390e+06,-2.84245547e+05,-3.35417296e+05,-2.62498996e+05,-2.00660599e+05,0.00000000e+00,4.08308574e+09
9.13000000e+03,2.59662043e+01,2.92041636e+33,-9.81476033e+38,-7.67888989e+38,-5.87645020e+38,-9.94771016e+45,1.22731307e+47,-7.32210044e+46,3.69147901e+48,2.18976412e+52,2.19046791e+52,-7.81770157e+51,1.79958283e+52,1.06934786e+06,1.41806185e+06,-2.85115187e+05,-3.36074009e+05,-2.62938189e+05,-2.01219603e+05,0.00000000e+00,4.08068316e+09
9.14000000e+03,2.59698746e+01,2.92041641e+33,-9.83368677e+38,-7.69183980e+38,-5.89296465e+38,-9.81028540e+45,1.22793869e+47,-7.31632751e+46,3.69100791e+48,2.18992365e+52,2.19062725e+52,-7.81593628e+51,1.79983043e+52,1.07042877e+06,1.41910032e+06,-2.85988645e+05,-3.36722076e+05,-2.63381611e+05,-2.01785082e+05,0.00000000e+00,4.07799148e+09
9.15000000e+03,2.59735531e+01,2.92041646e+33,-9.85286030e+38,-7.70507277e+38,-5.90969282e+38,-9.67292280e+45,1.22858144e+47,-7.31067811e+46,3.69027544e+48,2.19008265e+52,2.19078605e+52,-7.81409398e+51,1.80008136e+52,1.07150260e+06,1.42013392e+06,-2.86865468e+05,-3.37378604e+05,-2.63834726e+05,-2.02357879e+05,0.00000000e+00,4.07532763e+09
9.16000000e+03,2.59772380e+01,2.92041651e+33,-9.87195441e+38,-7.71833435e+38,-5.92645453e+38,-9.53557490e+45,1.22920900e+47,-7.30494540e+46,3.68960025e+48,2.19024119e+52,2.19094440e+52,-7.81217425e+51,1.80033568e+52,1.07257057e+06,1.42116332e+06,-2.87745462e+05,-3.38032413e+05,-2.64288820e+05,-2.02931825e+05,0.00000000e+00,4.07245071e+09
9.17000000e+03,2.59809308e+01,2.92041657e+33,-9.89088221e+38,-7.73180147e+38,-5.94334734e+38,-9.39806124e+45,1.22984923e+47,-7.29931783e+46,3.68894153e+48,2.19039934e+52,2.19110236e+52,-7.81017659e+51,1.80059353e+52,1.07363414e+06,1.42218979e+06,-2.88629031e+05,-3.38680527e+05,-2.64749953e+05,-2.03510260e+05,0.00000000e+00,4.06943230e+09
9.18000000e+03,2.59846327e+01,2.92041662e+33,-9.90975762e+38,-7.74537152e+38,-5.96038361e+38,-9.25998916e+45,1.23049258e+47,-7.29381919e+46,3.68828596e+48,2.19055741e+52,2.19126024e+52,-7.80810034e+51,1.80085522e+52,1.07469384e+06,1.42321381e+06,-2.89516486e+05,-3.39326847e+05,-2.65214609e+05,-2.04093607e+05,0.00000000e+00,4.06629656e+09
9.19000000e+03,2.59883452e+01,2.92041667e+33,-9.92882086e+38,-7.75911597e+38,-5.97745201e+38,-9.11998013e+45,1.23109724e+47,-7.28844901e+46,3.68762392e+48,2.19071559e+52,2.19141823e+52,-7.80594469e+51,1.80112099e+52,1.07575015e+06,1.42423568e+06,-2.90408244e+05,-3.39979598e+05,-2.65685238e+05,-2.04678054e+05,0.00000000e+00,4.06304893e+09
9.20000000e+03,2.59920700e+01,2.92041672e+33,-9.94767471e+38,-7.77293110e+38,-5.99480884e+38,-8.97946481e+45,1.23171598e+47,-7.28308941e+46,3.68695170e+48,2.19087362e+52,2.19157606e+52,-7.80370847e+51,1.80139063e+52,1.07680362e+06,1.42525573e+06,-2.91304761e+05,-3.40625180e+05,-2.66158286e+05,-2.05272377e+05,0.00000000e+00,4.05968635e+09
9.21000000e+03,2.59958095e+01,2.92041678e+33,-9.96647861e+38,-7.78685910e+38,-6.01227410e+38,-8.83764483e+45,1.23231979e+47,-7.27774482e+46,3.68626485e+48,2.19103149e+52,2.19173373e+52,-7.80139021e+51,1.80166422e+52,1.07785470e+06,1.42627450e+06,-2.92206432e+05,-3.41269050e+05,-2.66635200e+05,-2.05870414e+05,0.00000000e+00,4.05620344e+09
9.22000000e+03,2.59995661e+01,2.92041683e+33,-9.98520372e+38,-7.80091964e+38,-6.02992941e+38,-8.69553945e+45,1.23291510e+47,-7.27243447e+46,3.68555805e+48,2.19118934e+52,2.19189136e+52,-7.79898793e+51,1.80194197e+52,1.07890396e+06,1.42729240e+06,-2.93113870e+05,-3.41910224e+05,-2.67116651e+05,-2.06474958e+05,0.00000000e+00,4.05259491e+09
9.23000000e+03,2.60033428e+01,2.92041689e+33,-1.00038547e+39,-7.81513144e+38,-6.04781560e+38,-8.55301197e+45,1.23351390e+47,-7.26717837e+46,3.68482720e+48,2.19134724e+52,2.19204906e+52,-7.79649952e+51,1.80222408e+52,1.07995193e+06,1.42830981e+06,-2.94027745e+05,-3.42548859e+05,-2.67603282e+05,-2.07087407e+05,0.00000000e+00,4.04885557e+09
9.24000000e+03,2.60071412e+01,2.92041694e+33,-1.00226387e+39,-7.82952566e+38,-6.06581929e+38,-8.40980508e+45,1.23409569e+47,-7.26202435e+46,3.68407029e+48,2.19150529e+52,2.19220689e+52,-7.79392321e+51,1.80251073e+52,1.08099889e+06,1.42932698e+06,-2.94948198e+05,-3.43192048e+05,-2.68096160e+05,-2.07703880e+05,0.00000000e+00,4.04498159e+09
9.25000000e+03,2.60109626e+01,2.92041700e+33,-1.00411839e+39,-7.84412182e+38,-6.08402424e+38,-8.26628904e+45,1.23468677e+47,-7.25698883e+46,3.68328649e+48,2.19166355e+52,2.19236493e+52,-7.79125768e+51,1.80280204e+52,1.08204486e+06,1.43034391e+06,-2.95875260e+05,-3.43827060e+05,-2.68595952e+05,-2.08327244e+05,0.00000000e+00,4.04097060e+09
9.26000000e+03,2.60148059e+01,2.92041705e+33,-1.00600289e+39,-7.85891241e+38,-6.10234765e+38,-8.12244494e+45,1.23523692e+47,-7.25198717e+46,3.68259065e+48,2.19182198e+52,2.19252314e+52,-7.78850253e+51,1.80309802e+52,1.08309659e+06,1.43136671e+06,-2.96808977e+05,-3.44472339e+05,-2.69102401e+05,-2.08954664e+05,0.00000000e+00,4.03685077e+09
9.27000000e+03,2.60186707e+01,2.92041711e+33,-1.00785783e+39,-7.87386288e+38,-6.12094589e+38,-7.97897438e+45,1.23581488e+47,-7.24700316e+46,3.68170752e+48,2.19198066e+52,2.19268159e+52,-7.78565909e+51,1.80339863e+52,1.08414030e+06,1.43238302e+06,-2.97748769e+05,-3.45107496e+05,-2.69614325e+05,-2.09591496e+05,0.00000000e+00,4.03260275e+09
9.28000000e+03,2.60225563e+01,2.92041716e+33,-1.00970415e+39,-7.88897132e+38,-6.13978654e+38,-7.83513761e+45,1.23639729e+47,-7.24208100e+46,3.68082156e+48,2.19213938e+52,2.19284006e+52,-7.78272651e+51,1.80370374e+52,1.08518108e+06,1.43339761e+06,-2.98694992e+05,-3.45739698e+05,-2.70131658e+05,-2.10236627e+05,0.00000000e+00,4.02817363e+09
9.29000000e+03,2.60264632e+01,2.92041722e+33,-1.01155591e+39,-7.90427102e+38,-6.15896485e+38,-7.68998840e+45,1.23699179e+47,-7.23717514e+46,3.67991887e+48,2.19229814e+52,2.19299858e+52,-7.77970410e+51,1.80401338e+52,1.08621949e+06,1.43441126e+06,-2.99647888e+05,-3.46373765e+05,-2.70655541e+05,-2.10893320e+05,0.00000000e+00,4.02360071e+09
9.30000000e+03,2.60303880e+01,2.92041728e+33,-1.01339191e+39,-7.91975830e+38,-6.17825591e+38,-7.54362295e+45,1.23754470e+47,-7.23225678e+46,3.67899912e+48,2.19245722e+52,2.19315741e+52,-7.77659425e+51,1.80432770e+52,1.08725481e+06,1.43542311e+06,-3.00606455e+05,-3.47002435e+05,-2.71185846e+05,-2.11553875e+05,0.00000000e+00,4.01889928e+09
9.31000000e+03,2.60343244e+01,2.92041734e+33,-1.01523113e+39,-7.93539959e+38,-6.19776370e+38,-7.39622064e+45,1.23807541e+47,-7.22748498e+46,3.67806136e+48,2.19261603e+52,2.19331598e+52,-7.77340198e+51,1.80464588e+52,1.08828565e+06,1.43643146e+06,-3.01569383e+05,-3.47632208e+05,-2.71721425e+05,-2.12221850e+05,0.00000000e+00,4.01408130e+09
9.32000000e+03,2.60382733e+01,2.92041740e+33,-1.01706363e+39,-7.95119662e+38,-6.21749816e+38,-7.24825579e+45,1.23858410e+47,-7.22277058e+46,3.67709809e+48,2.19277452e+52,2.19347421e+52,-7.77012692e+51,1.80496786e+52,1.08931206e+06,1.43743643e+06,-3.02537028e+05,-3.48259679e+05,-2.72262336e+05,-2.12897587e+05,0.00000000e+00,4.00914781e+09
9.33000000e+03,2.60422353e+01,2.92041746e+33,-1.01890566e+39,-7.96713216e+38,-6.23737921e+38,-7.10034782e+45,1.23905336e+47,-7.21806838e+46,3.67610104e+48,2.19293269e+52,2.19363213e+52,-7.76676884e+51,1.80529368e+52,1.09033398e+06,1.43843792e+06,-3.03509756e+05,-3.48890416e+05,-2.72807990e+05,-2.13578343e+05,0.00000000e+00,4.00409664e+09
9.34000000e+03,2.60462117e+01,2.92041752e+33,-1.02073328e+39,-7.98323148e+38,-6.25749053e+38,-6.95248409e+45,1.23950759e+47,-7.21343814e+46,3.67506738e+48,2.19309067e+52,2.19378983e+52,-7.76332680e+51,1.80562349e+52,1.09135169e+06,1.43943633e+06,-3.04487898e+05,-3.49516215e+05,-2.73359252e+05,-2.14266984e+05,0.00000000e+00,3.99892392e+09
9.35000000e+03,2.60502041e+01,2.92041757e+33,-1.02254922e+39,-7.99948458e+38,-6.27782806e+38,-6.80403840e+45,1.23995203e+47,-7.20884380e+46,3.67399148e+48,2.19324845e+52,2.19394734e+52,-7.75979980e+51,1.80595735e+52,1.09236558e+06,1.44043195e+06,-3.05471848e+05,-3.50138018e+05,-2.73915780e+05,-2.14963371e+05,0.00000000e+00,3.99362596e+09
9.36000000e+03,2.60542126e+01,2.92041763e+33,-1.02435147e+39,-8.01585714e+38,-6.29841309e+38,-6.65611216e+45,1.24039660e+47,-7.20431445e+46,3.67286807e+48,2.19340607e+52,2.19410468e+52,-7.75618792e+51,1.80629529e+52,1.09337544e+06,1.44142479e+06,-3.06461828e+05,-3.50755131e+05,-2.74476398e+05,-2.15668232e+05,0.00000000e+00,3.98820088e+09
9.37000000e+03,2.60582362e+01,2.92041770e+33,-1.02613967e+39,-8.03233291e+38,-6.31919153e+38,-6.50865004e+45,1.24082235e+47,-7.19987189e+46,3.67169715e+48,2.19356358e+52,2.19426190e+52,-7.75249226e+51,1.80663729e+52,1.09438102e+06,1.44241425e+06,-3.07457665e+05,-3.51367432e+05,-2.75040551e+05,-2.16379716e+05,0.00000000e+00,3.98264904e+09
9.38000000e+03,2.60622756e+01,2.92041776e+33,-1.02793616e+39,-8.04896150e+38,-6.34016609e+38,-6.36175053e+45,1.24121893e+47,-7.19547130e+46,3.67047406e+48,2.19372100e+52,2.19441903e+52,-7.74871276e+51,1.80698340e+52,1.09538239e+06,1.44340026e+06,-3.08459333e+05,-3.51982574e+05,-2.75609936e+05,-2.17097916e+05,0.00000000e+00,3.97696922e+09
9.39000000e+03,2.60663317e+01,2.92041782e+33,-1.02972835e+39,-8.06576757e+38,-6.36134267e+38,-6.21508605e+45,1.24160698e+47,-7.19104757e+46,3.66919754e+48,2.19387832e+52,2.19457605e+52,-7.74484863e+51,1.80733362e+52,1.09637968e+06,1.44438303e+06,-3.09467124e+05,-3.52596242e+05,-2.76185398e+05,-2.17823033e+05,0.00000000e+00,3.97116218e+09
9.40000000e+03,2.60704191e+01,2.92041788e+33,-1.03152731e+39,-8.08286566e+38,-6.38273930e+38,-6.06852076e+45,1.24198186e+47,-7.18665203e+46,3.66785032e+48,2.19403607e+52,2.19473349e+52,-7.74088636e+51,1.80768917e+52,1.09737566e+06,1.44536539e+06,-3.10484691e+05,-3.53212229e+05,-2.76770859e+05,-2.18555685e+05,0.00000000e+00,3.96521044e+09
9.41000000e+03,2.60745469e+01,2.92041794e+33,-1.03331670e+39,-8.10028143e+38,-6.40453290e+38,-5.92247644e+45,1.24238006e+47,-7.18226462e+46,3.66642518e+48,2.19419458e+52,2.19489167e+52,-7.73681634e+51,1.80805086e+52,1.09837181e+06,1.44634882e+06,-3.11514411e+05,-3.53824939e+05,-2.77367198e+05,-2.19301929e+05,0.00000000e+00,3.95909304e+09
9.42000000e+03,2.60787227e+01,2.92041801e+33,-1.03510486e+39,-8.11805123e+38,-6.42664596e+38,-5.77608500e+45,1.24277858e+47,-7.17772061e+46,3.66491354e+48,2.19435416e+52,2.19505093e+52,-7.73263043e+51,1.80841941e+52,1.09936908e+06,1.44733452e+06,-3.12558191e+05,-3.54437226e+05,-2.77975660e+05,-2.20059113e+05,0.00000000e+00,3.95279268e+09
9.43000000e+03,2.60829186e+01,2.92041807e+33,-1.03688096e+39,-8.13601271e+38,-6.44897073e+38,-5.63041033e+45,1.24318234e+47,-7.17301005e+46,3.66335297e+48,2.19451363e+52,2.19521007e+52,-7.72835598e+51,1.80879227e+52,1.10036140e+06,1.44831641e+06,-3.13609068e+05,-3.55045384e+05,-2.78590685e+05,-2.20823545e+05,0.00000000e+00,3.94634112e+09
9.44000000e+03,2.60870928e+01,2.92041814e+33,-1.03862613e+39,-8.15396173e+38,-6.47130602e+38,-5.48637447e+45,1.24358366e+47,-7.16823860e+46,3.66177931e+48,2.19467146e+52,2.19536755e+52,-7.72403697e+51,1.80916570e+52,1.10134064e+06,1.44928660e+06,-3.14656685e+05,-3.55642952e+05,-2.79205283e+05,-2.21588338e+05,0.00000000e+00,3.93982486e+09
9.44500000e+03,2.60891724e+01,2.92041817e+33,-1.03948879e+39,-8.16293818e+38,-6.48247505e+38,-5.41479942e+45,1.24378122e+47,-7.16585393e+46,3.66098077e+48,2.19474977e+52,2.19544569e+52,-7.72186095e+51,1.80935264e+52,1.10182559e+06,1.44976755e+06,-3.15179291e+05,-3.55938337e+05,-2.79512649e+05,-2.21970782e+05,0.00000000e+00,3.93654978e+09
